module,game_version,rva,length,auto_name,function_name,namespace,content_hash,signature,signature_source,decompile_quality,edge_reason
WHGame.dll,release_1_5_1164953_841,0x170001c,33,FUN_18170001c,,,c657fc9d79984fa788143cf080c130dbff6286265fba067b9df9006f7f7c1978,undefined FUN_18170001c(),ghidra,clean,
WHGame.dll,release_1_5_1164953_841,0x1700048,137,FUN_181700048,,,23e7ad6bf93bbf4b1930aa2564b4ea62137a6753045233abf418b34d0ee6c800,undefined FUN_181700048(),ghidra,clean,
WHGame.dll,release_1_5_1164953_841,0x17000d4,33,FUN_1817000d4,,,c7eff1175904281520efef1d85a03cebb07686ad0bd3e562be5d3cbff95ffab0,undefined FUN_1817000d4(),ghidra,clean,
WHGame.dll,release_1_5_1164953_841,0x17000f8,196,FUN_1817000f8,,,096113500508816cf16630db525bbf7654934a3e1f398777fd393509037408b2,undefined FUN_1817000f8(),ghidra,clean,
WHGame.dll,release_1_5_1164953_841,0x17001b4,175,FUN_1817001b4,,,42ae17616b66d45accfe9f6b498f0d97125b60b92b384c9f8f4de7b9fc8b6f9b,undefined FUN_1817001b4(),ghidra,clean,
WHGame.dll,release_1_5_1164953_841,0x1700264,234,FUN_181700264,,,2a8f1d9035797e5c22656e72b59c2fc89c61c9582f3302a3374bbe7189c2c4bb,undefined FUN_181700264(),ghidra,clean,
WHGame.dll,release_1_5_1164953_841,0x1700350,207,FUN_181700350,,,29c15f6e0310b789f622a05fa5d86f0c9d95a2c33ac4c10e7bbee31a36b07159,undefined FUN_181700350(),ghidra,clean,
WHGame.dll,release_1_5_1164953_841,0x1700410,261,FUN_181700410,,,81f00e8a362b69cc222fa3157b060858a4dc72627926d841aada03bc0c76678e,undefined FUN_181700410(),ghidra,clean,
WHGame.dll,release_1_5_1164953_841,0x170050c,196,FUN_18170050c,,,4a7a4f082c99575367127a0ca1ac54300315cb5773f888b832d775f822f9dca1,undefined FUN_18170050c(),ghidra,clean,
WHGame.dll,release_1_5_1164953_841,0x17005d0,155,FUN_1817005d0,,,f1f8ece3660e593ac6cca41b0645fff92299166924d2e061c91915709fa56f37,undefined FUN_1817005d0(),ghidra,clean,
WHGame.dll,release_1_5_1164953_841,0x170066c,26,FUN_18170066c,,,819234953c91d716a341edb10dcca2267107efa13f78881bbca64f4a7a11eeca,undefined FUN_18170066c(),ghidra,clean,
WHGame.dll,release_1_5_1164953_841,0x1700688,155,FUN_181700688,,,a9421ea82573089f549368737857b95c254ebaf9142adb14e78e288e3b0f5649,undefined FUN_181700688(),ghidra,clean,
WHGame.dll,release_1_5_1164953_841,0x1700724,291,FUN_181700724,,,ba10b4ead0f1d638731ee2afc289021189e9fa163935ff2ae586bae557ee1a54,undefined FUN_181700724(),ghidra,clean,
WHGame.dll,release_1_5_1164953_841,0x1700848,291,FUN_181700848,,,b233dcc18f4e9005c0e37be4b9c19fea0a764f5c9d5ac379002c4e84f3d02535,undefined FUN_181700848(),ghidra,clean,
WHGame.dll,release_1_5_1164953_841,0x170096c,91,FUN_18170096c,,,5fb41d7a5b112e34294d4072a8912c597b3ac5936757d06987bf28ef6df2dd61,undefined FUN_18170096c(),ghidra,clean,
WHGame.dll,release_1_5_1164953_841,0x17009c8,73,FUN_1817009c8,,,4a06d16b0deab62ee7087dccce86b1e430ad28616c9467f5dc1b9be327376357,undefined FUN_1817009c8(),ghidra,clean,
WHGame.dll,release_1_5_1164953_841,0x1700a14,41,FUN_181700a14,,,3eec9f8830a0f9bf0771761b699f155f1dbf742534ddcbf1449b82c48929c918,undefined FUN_181700a14(),ghidra,clean,
WHGame.dll,release_1_5_1164953_841,0x1700a24,26,FUN_181700a24,,,819234953c91d716a341edb10dcca2267107efa13f78881bbca64f4a7a11eeca,undefined FUN_181700a24(),ghidra,clean,
WHGame.dll,release_1_5_1164953_841,0x1700a40,155,FUN_181700a40,,,b0366d8a4c3a207c7795e0be830cb9acf1ca70335703425c046c0d0102da3764,undefined FUN_181700a40(),ghidra,clean,
WHGame.dll,release_1_5_1164953_841,0x1700adc,298,FUN_181700adc,,,a694b99227f325efd579f53c49c2e4c86d4ba742e0bc61157fb49cb852edd7a2,undefined FUN_181700adc(),ghidra,clean,
WHGame.dll,release_1_5_1164953_841,0x1700c08,237,FUN_181700c08,,,4f76974a5aeef6ffa72c5ab80124ff6bef125784e9894509f76f3c8bdc4f0c29,undefined FUN_181700c08(),ghidra,clean,
WHGame.dll,release_1_5_1164953_841,0x1700cf8,180,FUN_181700cf8,,,03cd2753bde26429ea1f43631345aee07c5b24ae0f5cfbc1fcb74e83fd92d3f6,undefined FUN_181700cf8(),ghidra,clean,
WHGame.dll,release_1_5_1164953_841,0x1700dac,119,FUN_181700dac,,,967698aa47fe77270e688b2bb1aa9a1c1195a9f447e8f0a8f7aab1389ee1982a,undefined FUN_181700dac(),ghidra,clean,
WHGame.dll,release_1_5_1164953_841,0x1700e24,26,FUN_181700e24,,,dbe706ea18966e761b4585d48c4927503003b4d8977bc151ce787e860d7d899c,undefined FUN_181700e24(),ghidra,clean,
WHGame.dll,release_1_5_1164953_841,0x1700e40,77,FUN_181700e40,,,f90c00d6cc6b2218453fbc260144aac7e587e0e0200a14052dfbb71fcfbfe65a,undefined FUN_181700e40(),ghidra,clean,
WHGame.dll,release_1_5_1164953_841,0x1700e90,213,FUN_181700e90,,,c14d60605485d9b4faa2f262f24d3f4d0be63ed9123ee4438816f9dd922bf561,undefined FUN_181700e90(),ghidra,clean,
WHGame.dll,release_1_5_1164953_841,0x1700f58,26,FUN_181700f58,,,dbe706ea18966e761b4585d48c4927503003b4d8977bc151ce787e860d7d899c,undefined FUN_181700f58(),ghidra,clean,
WHGame.dll,release_1_5_1164953_841,0x1700f74,73,FUN_181700f74,,,d95c989fbb110e2f1eb0d14afc554a44b21ebe9db656fb8532edc1fe4877d557,undefined FUN_181700f74(),ghidra,clean,
WHGame.dll,release_1_5_1164953_841,0x1700fc0,70,FUN_181700fc0,,,df7ff7adb01ca9f340e534aa228b112ecd3ca40bc40300351886b1d6bbcb7ea9,undefined FUN_181700fc0(),ghidra,clean,
WHGame.dll,release_1_5_1164953_841,0x1700ff4,196,FUN_181700ff4,,,e74b067574c5425ffce327e1b4a45f7522c00d8531886fcd3543ec2928d66985,undefined FUN_181700ff4(),ghidra,clean,
WHGame.dll,release_1_5_1164953_841,0x17010b0,175,FUN_1817010b0,,,a796ad366d7a300474f568df0ff59d9a3a6a8a2a2162a194109eb14742cca729,undefined FUN_1817010b0(),ghidra,clean,
WHGame.dll,release_1_5_1164953_841,0x1701160,68,FUN_181701160,,,d6c5ff20f979df54aff17d2189719c93f5e5c92b03c9a3299d37a2e8322e7f5d,undefined FUN_181701160(),ghidra,clean,
WHGame.dll,release_1_5_1164953_841,0x17011a4,109,FUN_1817011a4,,,9c784b6f66d3930d7524059fe0eb9109c5153ac3f589a9aa85efefa752079c08,undefined FUN_1817011a4(),ghidra,clean,
WHGame.dll,release_1_5_1164953_841,0x1701214,155,FUN_181701214,,,23724cf826a8e3afea8d3c1b326a1c9f1471e2365fc58a8c56b6d79902fa4153,undefined FUN_181701214(),ghidra,clean,
WHGame.dll,release_1_5_1164953_841,0x17012b0,155,FUN_1817012b0,,,4085eeb69d592330279e23431ec88ee5d0efe9b31b2761acfa411eb509030963,undefined FUN_1817012b0(),ghidra,clean,
WHGame.dll,release_1_5_1164953_841,0x170134c,26,FUN_18170134c,,,819234953c91d716a341edb10dcca2267107efa13f78881bbca64f4a7a11eeca,undefined FUN_18170134c(),ghidra,clean,
WHGame.dll,release_1_5_1164953_841,0x1701368,155,FUN_181701368,,,46698942fbf75b2f01d84a9cdba8d507f9b9aec0a1ca9fe0cea5dff034a728ea,undefined FUN_181701368(),ghidra,clean,
WHGame.dll,release_1_5_1164953_841,0x1701404,311,FUN_181701404,,,adfd88d9ea57592d757cc6f87a6ea0c7593a9726702173b329f33072c83c06ff,undefined FUN_181701404(),ghidra,clean,
WHGame.dll,release_1_5_1164953_841,0x170153c,311,FUN_18170153c,,,a7c296b300c28378121de49ea506a04ff7e0acb80db95d29c7f15b8ebfff53b3,undefined FUN_18170153c(),ghidra,clean,
WHGame.dll,release_1_5_1164953_841,0x1701674,311,FUN_181701674,,,4e9f04de6f2512abdec448b8a0725a9ca39c27df42b4398137f94db16dd78567,undefined FUN_181701674(),ghidra,clean,
WHGame.dll,release_1_5_1164953_841,0x17017ac,68,FUN_1817017ac,,,a93438ea2a217e2dbc3e06bc42869c20d8f21ad5e419e0d65f2a1ddd1675f0c0,undefined FUN_1817017ac(),ghidra,clean,
WHGame.dll,release_1_5_1164953_841,0x17017f0,109,FUN_1817017f0,,,16d9ed7dc08a5d7f0bc541619f82d5098eb5c8cd5dcd9e619b858902f65ef4fa,undefined FUN_1817017f0(),ghidra,clean,
WHGame.dll,release_1_5_1164953_841,0x1701860,155,FUN_181701860,,,908375ed6729ccc987b83996557397d89f8213b824063d3204fcffd03f02dd96,undefined FUN_181701860(),ghidra,clean,
WHGame.dll,release_1_5_1164953_841,0x17018fc,155,FUN_1817018fc,,,06f63c8a408f9985b247b498007156c8ea8ba041eb4a07b371f659b115b1394b,undefined FUN_1817018fc(),ghidra,clean,
WHGame.dll,release_1_5_1164953_841,0x1701998,26,FUN_181701998,,,819234953c91d716a341edb10dcca2267107efa13f78881bbca64f4a7a11eeca,undefined FUN_181701998(),ghidra,clean,
WHGame.dll,release_1_5_1164953_841,0x17019b4,155,FUN_1817019b4,,,7aebe95f11802b9c4c7c6822643e218ddb36a7f69ed4a8bfe6fc1f93f2c66878,undefined FUN_1817019b4(),ghidra,clean,
WHGame.dll,release_1_5_1164953_841,0x1701a50,311,FUN_181701a50,,,b3bb5572babe173e73ee6b419b2982328eebe3c9645964a0e3ae55a41ab519cc,undefined FUN_181701a50(),ghidra,clean,
WHGame.dll,release_1_5_1164953_841,0x1701b88,311,FUN_181701b88,,,de08671119f67830ea53d8319bde18145de7fdc7b6e9d79d7d7312b18a3628c4,undefined FUN_181701b88(),ghidra,clean,
WHGame.dll,release_1_5_1164953_841,0x1701cc0,311,FUN_181701cc0,,,397b7bce784bb0adaa74c2e88734b7f1aef7b1822445e04f8083d785b2ccbe7c,undefined FUN_181701cc0(),ghidra,clean,
WHGame.dll,release_1_5_1164953_841,0x1701df8,229,FUN_181701df8,,,cb1b851b94a8ae3899cc063de50f6d23b7a01498de8cf6ae0a01f8e50a4e0e30,undefined FUN_181701df8(),ghidra,clean,
WHGame.dll,release_1_5_1164953_841,0x1701ee0,214,FUN_181701ee0,,,e9d8df1681e9c5103852d3a46134261879e604186fd4ad3af38d5e8edd228632,undefined FUN_181701ee0(),ghidra,clean,
WHGame.dll,release_1_5_1164953_841,0x1701fb8,140,FUN_181701fb8,,,5af2ad761a757708d3983bc9f0a85548fda5a18bb3e37cd9a1ee6572ac8bac41,undefined FUN_181701fb8(),ghidra,clean,
WHGame.dll,release_1_5_1164953_841,0x1702030,482,FUN_181702030,,,abd556f5ca96fd99b906f4c4bf5a792482c1f153c8ca0225bd918d78098146d3,undefined FUN_181702030(),ghidra,clean,
WHGame.dll,release_1_5_1164953_841,0x17021a0,155,FUN_1817021a0,,,a7b786e246a0144b9f11409e039588c96cf37e5d1052e839ab72aef3331c6a94,undefined FUN_1817021a0(),ghidra,clean,
WHGame.dll,release_1_5_1164953_841,0x170223c,311,FUN_18170223c,,,0f24d4377cf4e7e66e9a30e42a78d5942f72be0ad17268404a3ebfc485746d21,undefined FUN_18170223c(),ghidra,clean,
WHGame.dll,release_1_5_1164953_841,0x1702374,144,FUN_181702374,,,cc8881bd2ee4096eb3164ce1240d0a03d8a2bbfd4f6629af9f9762ceb670cbc9,undefined FUN_181702374(),ghidra,clean,
WHGame.dll,release_1_5_1164953_841,0x1702408,180,FUN_181702408,,,9a26f9bced07098ae5a33b9b067537ab2b1830d6282bc3048e8fb018e24a21bf,undefined FUN_181702408(),ghidra,clean,
WHGame.dll,release_1_5_1164953_841,0x17024bc,206,FUN_1817024bc,,,8d2543d7532be8ff081b7a0cd17af60f413cd7fb4d8b9b43aa80115517606d56,undefined FUN_1817024bc(),ghidra,clean,
WHGame.dll,release_1_5_1164953_841,0x170258c,113,FUN_18170258c,,,fa71c18c9c1a7c59f7c997a7f2f3ac3bc5cbe12a6b351c2ffa58889a452500b8,undefined FUN_18170258c(),ghidra,clean,
WHGame.dll,release_1_5_1164953_841,0x17025d8,158,FUN_1817025d8,,,f6d8205d7397f9946d313aa9470e0e723e2ddbe300f1818f7f99eef37a749c23,undefined FUN_1817025d8(),ghidra,clean,
WHGame.dll,release_1_5_1164953_841,0x1702638,316,FUN_181702638,,,e57c22c152b891fe6e1d76061c21af4c2342e18a0ad5e03c9e75eebc1bba109c,undefined FUN_181702638(),ghidra,clean,
WHGame.dll,release_1_5_1164953_841,0x1702774,433,FUN_181702774,,,86460407be6c01e00b28b9213884efb525e55949afa56cd2866fe03210f8d7d7,undefined FUN_181702774(),ghidra,clean,
WHGame.dll,release_1_5_1164953_841,0x1702928,376,FUN_181702928,,,9352a79aab8ff89ec9173ff93b7c61ad6bdd9a2bc84d305d46cf9d42c2d29f0f,undefined FUN_181702928(),ghidra,clean,
WHGame.dll,release_1_5_1164953_841,0x1702aa0,361,FUN_181702aa0,,,cfc74b77935b3c74e1c1a011a0c29497260fe480208e096173901972f2f38fab,undefined FUN_181702aa0(),ghidra,clean,
WHGame.dll,release_1_5_1164953_841,0x1702c0c,345,FUN_181702c0c,,,20707f87c53fc6fb139add6bcc5ecb6390f58bc180eba1507ff71e15e65aac76,undefined FUN_181702c0c(),ghidra,clean,
WHGame.dll,release_1_5_1164953_841,0x1702d68,329,FUN_181702d68,,,528d43488c9fe8be8fd35afcefc0c5f9471ee08940248f43d4907ee0ca29d1d2,undefined FUN_181702d68(),ghidra,clean,
WHGame.dll,release_1_5_1164953_841,0x1702eb4,313,FUN_181702eb4,,,54c8b473a2c16ec1afc8038dd70f0e4f3b7332ea3976e3e60ab650f5f84ec79a,undefined FUN_181702eb4(),ghidra,clean,
WHGame.dll,release_1_5_1164953_841,0x1702ff0,303,FUN_181702ff0,,,0c255fc30871a5c28681055c5cf2b2b54b8b00c5af15dd0a4ec661acb4b071d1,undefined FUN_181702ff0(),ghidra,clean,
WHGame.dll,release_1_5_1164953_841,0x1703120,290,FUN_181703120,,,950611e481873c74d7f5e3641cf4c789af6d3022b8507837eb8d596fd2479bcb,undefined FUN_181703120(),ghidra,clean,
WHGame.dll,release_1_5_1164953_841,0x1703244,295,FUN_181703244,,,f5f762a429a905ecbfd9ca1a1e3f47a2e74643f31adede2b77364cbfa112bdc7,undefined FUN_181703244(),ghidra,clean,
WHGame.dll,release_1_5_1164953_841,0x170336c,286,FUN_18170336c,,,834042d1fe0d0de7b7190b518d361c26e022042a1db37dc1778c94f41747df31,undefined FUN_18170336c(),ghidra,clean,
WHGame.dll,release_1_5_1164953_841,0x170348c,238,FUN_18170348c,,,c6d95971877c5bab768b7234c06b51c92e6ce23251998abb9daf75762ecc8456,undefined FUN_18170348c(),ghidra,clean,
WHGame.dll,release_1_5_1164953_841,0x170357c,276,FUN_18170357c,,,a959c07b4b8ff471bab152c19b58a2eec6e4969cfe9afba7f3b0b89a1f683d93,undefined FUN_18170357c(),ghidra,clean,
WHGame.dll,release_1_5_1164953_841,0x1703690,28,FUN_181703690,,,5ae018d67b4d27320a0504691c305ccca5fb8a72b87befbd2f930e6ee1d67282,undefined FUN_181703690(),ghidra,clean,
WHGame.dll,release_1_5_1164953_841,0x17036ac,75,FUN_1817036ac,,,e9ba7e9cc72ea21f6d85216dd0e200c880b7b1107ac9a4b3c68c4c420cef0827,undefined FUN_1817036ac(),ghidra,clean,
WHGame.dll,release_1_5_1164953_841,0x17036f8,40,FUN_1817036f8,,,ab267effa52cfc3f5628856afca8783414694dc687da0d59c328ea4d7d445fe0,undefined FUN_1817036f8(),ghidra,clean,
WHGame.dll,release_1_5_1164953_841,0x1703720,70,FUN_181703720,,,52041560ace56e99ffcd4e01b1164e88eb33a85f638a9c0eaa7b2903cc3cdf97,undefined FUN_181703720(),ghidra,clean,
WHGame.dll,release_1_5_1164953_841,0x1703768,30,FUN_181703768,,,49c1ee749ab615c2feb730dd4e47970be6e206b0b16787ebc1209d623c2de15b,undefined FUN_181703768(),ghidra,clean,
WHGame.dll,release_1_5_1164953_841,0x1703788,216,FUN_181703788,,,4590a87e6e88bcf5faad771fef29d2365fbd15b40490f1ecc0f94f9243ddc07c,undefined FUN_181703788(),ghidra,clean,
WHGame.dll,release_1_5_1164953_841,0x1703860,65,FUN_181703860,,,adb906b253acb641c3fa9883729fa1f478e2f4a98240c7aaee2bbfa24fa857fd,undefined FUN_181703860(),ghidra,clean,
WHGame.dll,release_1_5_1164953_841,0x17038a4,455,FUN_1817038a4,,,f96fccf995f8c593264418e9578a2d2094ead820aa6b883f1438d757ea3b2498,undefined FUN_1817038a4(),ghidra,clean,
WHGame.dll,release_1_5_1164953_841,0x1703a6c,30,FUN_181703a6c,,,4bfc8cf9fdcb28974aebd4f05b119a6fac37cfaa0548fc321d1234f8c98874d7,undefined FUN_181703a6c(),ghidra,clean,
WHGame.dll,release_1_5_1164953_841,0x1703a8c,155,FUN_181703a8c,,,d8dfe8134d34ca1a280af7d2aa763cf59109b1481a748b20f2fa981fa73ff428,undefined FUN_181703a8c(),ghidra,clean,
WHGame.dll,release_1_5_1164953_841,0x1703b28,291,FUN_181703b28,,,d51958b30c895d44a7b59ad0c8203e867420ffa11598ecb57029430336a08e52,undefined FUN_181703b28(),ghidra,clean,
WHGame.dll,release_1_5_1164953_841,0x1703c4c,45,FUN_181703c4c,,,74908e3e15924d4606cadd7a12df6d31add7179ca4ff2de34abdeb1feb6f750f,undefined FUN_181703c4c(),ghidra,clean,
WHGame.dll,release_1_5_1164953_841,0x1703c7c,77,FUN_181703c7c,,,0cef24dd8da8e60edc905f5e990eb4b47dac705a3e7d3ebf0851b71cd5224c2f,undefined FUN_181703c7c(),ghidra,clean,
WHGame.dll,release_1_5_1164953_841,0x1703ccc,34,FUN_181703ccc,,,3f897d89b4dd9e0e4fc3d00c485983a44c7c3cf2c86222ecc3b9334153aacf60,undefined FUN_181703ccc(),ghidra,clean,
WHGame.dll,release_1_5_1164953_841,0x1703cf0,58,FUN_181703cf0,,,6b4970329e50700b53b071bc686d1711a5e673475e9a530e330050b5b00290eb,undefined FUN_181703cf0(),ghidra,clean,
WHGame.dll,release_1_5_1164953_841,0x1703d2c,91,FUN_181703d2c,,,bd5b6233fe8798c40b44d6f28c584730b29e6ba3118fac80066e4b495cad65d5,undefined FUN_181703d2c(),ghidra,clean,
WHGame.dll,release_1_5_1164953_841,0x1703d88,91,FUN_181703d88,,,011d90cc40703d319dda22809a08a893a904141659c4bc88331eeb7387c80852,undefined FUN_181703d88(),ghidra,clean,
WHGame.dll,release_1_5_1164953_841,0x1703de4,91,FUN_181703de4,,,5ebebe561b3b8e843f3acda473658c9e536086c0867db00f206d404f17ce6760,undefined FUN_181703de4(),ghidra,clean,
WHGame.dll,release_1_5_1164953_841,0x1703e40,91,FUN_181703e40,,,8f4ec0387b84249f619a0c74aa5ecfaef23ca905d233fda269144a2f0e37e752,undefined FUN_181703e40(),ghidra,clean,
WHGame.dll,release_1_5_1164953_841,0x1703e9c,155,FUN_181703e9c,,,93078b0be85a26294d5fff522d692b11903ff35fa652b3129fbe91ff0487a08d,undefined FUN_181703e9c(),ghidra,clean,
WHGame.dll,release_1_5_1164953_841,0x1703f38,291,FUN_181703f38,,,bace7960a772cea7beb9b4ac8b913d739749dc55c0c5afebb70460bc70b4f807,undefined FUN_181703f38(),ghidra,clean,
WHGame.dll,release_1_5_1164953_841,0x170405c,32,FUN_18170405c,,,1213b8ac94b008047bc02e2e58d0ba915ff2d0465f260827856eb8d0844b20c7,undefined FUN_18170405c(),ghidra,clean,
WHGame.dll,release_1_5_1164953_841,0x170407c,328,FUN_18170407c,,,d25be271d6c3faa177b04f1d5b62ac2b3874ea736bc896002781cc048d747f14,undefined FUN_18170407c(),ghidra,clean,
WHGame.dll,release_1_5_1164953_841,0x17041c8,100,FUN_1817041c8,,,c87f5d7fffd102dfa1cf13392c0e43d3fe835399fc1d7243a32eed55e9a15e19,undefined FUN_1817041c8(),ghidra,clean,
WHGame.dll,release_1_5_1164953_841,0x170422c,299,FUN_18170422c,,,dc4545149488f38393115e8cc65bda071eadf16c48c4939d2960537eb298671e,undefined FUN_18170422c(),ghidra,clean,
WHGame.dll,release_1_5_1164953_841,0x1704358,297,FUN_181704358,,,92afa485c99dd226bc2ba5971c21b598fcdb7b0a7a4a71532a824dbc63ef42fa,undefined FUN_181704358(),ghidra,clean,
WHGame.dll,release_1_5_1164953_841,0x1704484,102,FUN_181704484,,,57db65053159637c319d8bf435a34aa9aacf42e4d03f59928eb39008eb4ef6c6,undefined FUN_181704484(),ghidra,clean,
WHGame.dll,release_1_5_1164953_841,0x17044dc,184,FUN_1817044dc,,,d5bca0eba727bec27c038f879b87cd7149abacedc1cf2cf2f60f43d8c0c45b85,undefined FUN_1817044dc(),ghidra,clean,
WHGame.dll,release_1_5_1164953_841,0x1704594,30,FUN_181704594,,,c72011972551740f5c4453a03b3605ace9494787e1b52169d4c7b25f306f5aab,undefined FUN_181704594(),ghidra,clean,
WHGame.dll,release_1_5_1164953_841,0x17045b4,114,FUN_1817045b4,,,ae324dfdad27ec604df379cab50e2cd52a337ff4f5de230b50240d85c6b6f55b,undefined FUN_1817045b4(),ghidra,clean,
WHGame.dll,release_1_5_1164953_841,0x1704628,1147,FUN_181704628,,,57598a0db9b4ee26f9fa70bc9892d2f743244452e142409c4cb99d378c19014a,undefined FUN_181704628(),ghidra,clean,
WHGame.dll,release_1_5_1164953_841,0x1704aa4,30,FUN_181704aa4,,,78b1dead433c370e1d4bb5ee9fac5af35c76268aaa7b415d3f5ac621cddba41d,undefined FUN_181704aa4(),ghidra,clean,
WHGame.dll,release_1_5_1164953_841,0x1704ae0,335,FUN_181704ae0,,,8b5db57098a32cc102a7e8daded8ff45e2cbcddb3ff368b37c1bdcb4b9ffebcc,undefined FUN_181704ae0(),ghidra,clean,
WHGame.dll,release_1_5_1164953_841,0x1704c30,188,FUN_181704c30,,,d552b9b19d6e6dfa3660827823fd2d35f141064a0719dcfdc4bf5e38dd8348e3,undefined FUN_181704c30(),ghidra,clean,
WHGame.dll,release_1_5_1164953_841,0x1704cec,14,FUN_181704cec,,,89b1632c2bf92c25d3ace1a8cb8b3ad9cb78514195cd06a821222c429584494b,undefined FUN_181704cec(),ghidra,clean,
WHGame.dll,release_1_5_1164953_841,0x1704d04,26,FUN_181704d04,,,29eed0b0166d3ff0921ac762aa77ef2f1c41cf8fd27f833e4de0707d91b1b099,undefined FUN_181704d04(),ghidra,clean,
WHGame.dll,release_1_5_1164953_841,0x1704d20,180,FUN_181704d20,,,e1341a1f6f7f4b317d14ad72f950a8801e791273f48ca376b3ac62818d886d1f,undefined FUN_181704d20(),ghidra,clean,
WHGame.dll,release_1_5_1164953_841,0x1704dd4,180,FUN_181704dd4,,,eaa3df6f9792af3b0d8c54aef396911872cd5f1ad2a37c55f20bfffeaf88f5a6,undefined FUN_181704dd4(),ghidra,clean,
WHGame.dll,release_1_5_1164953_841,0x1704e88,153,FUN_181704e88,,,7c856e4f0bf33eabc25f6b0dd078715f6fc07cd5c206de144509f8b83064177b,undefined FUN_181704e88(),ghidra,clean,
WHGame.dll,release_1_5_1164953_841,0x1704edb,54,FUN_181704edb,,,75963611cae98afab937c5b81b111bc1dbfcb785681bb4b776a3222805eca8d4,undefined FUN_181704edb(),ghidra,clean,
WHGame.dll,release_1_5_1164953_841,0x1704f14,38,FUN_181704f14,,,7b2a49449320d2cc39096688a3c8b53eb840d977bed6ffc2597137573969d053,undefined FUN_181704f14(),ghidra,clean,
WHGame.dll,release_1_5_1164953_841,0x1704f3c,37,FUN_181704f3c,,,1a6e0816e470940a063e877228fe7a67d56d5a20b580a2396da3b3d487b690fa,undefined FUN_181704f3c(),ghidra,clean,
WHGame.dll,release_1_5_1164953_841,0x1704f61,51,FUN_181704f61,,,c907d980df1143821ae6ae589d68d7a8d2adac1f0e8a4fddbbd0bf4ff3ec939a,undefined FUN_181704f61(),ghidra,clean,
WHGame.dll,release_1_5_1164953_841,0x1704f94,70,FUN_181704f94,,,2bbf9cc0332ae7f2a2df5682954c7bba3840c661efac1c12a204501db7771c48,undefined FUN_181704f94(),ghidra,clean,
WHGame.dll,release_1_5_1164953_841,0x1704fdc,206,FUN_181704fdc,,,50f4f2296e14155b9270be07f769f18e4b832417f20d35274485cc40c3ccd6f3,undefined FUN_181704fdc(),ghidra,clean,
WHGame.dll,release_1_5_1164953_841,0x1705078,231,FUN_181705078,,,b7f5e1e70c9cfa54763f73f8ca99b5c78df1acb58f9a06f337c0a111f0acefed,undefined FUN_181705078(),ghidra,clean,
WHGame.dll,release_1_5_1164953_841,0x1705160,109,FUN_181705160,,,d17e694e1e3d53f4220b011c52339ce2c339ba81571c498a8d9f46f7d1e1962d,undefined FUN_181705160(),ghidra,clean,
WHGame.dll,release_1_5_1164953_841,0x170519c,53,FUN_18170519c,,,05e3a4d1a1b08df75fcc0999e5b249ed427ae632380128b9e3d7e49b95eaff83,undefined FUN_18170519c(),ghidra,clean,
WHGame.dll,release_1_5_1164953_841,0x17051d4,39,FUN_1817051d4,,,4dfdea15187ba9f831e6618d43243dfa94c46149461f1b0806922932cc98d2a4,undefined FUN_1817051d4(),ghidra,clean,
WHGame.dll,release_1_5_1164953_841,0x17051fc,70,FUN_1817051fc,,,d719bc0f07636629ac91922dde639b5c1075545979b56e3dfe3be33e97107f90,undefined FUN_1817051fc(),ghidra,clean,
WHGame.dll,release_1_5_1164953_841,0x1705244,26,FUN_181705244,,,dc8c6ecafb72529c18a3a2b9a8dfd72be157b2b942871f05aa20199acb5a3657,undefined FUN_181705244(),ghidra,clean,
WHGame.dll,release_1_5_1164953_841,0x1705260,200,FUN_181705260,,,2c2eae26ed3957717ed9f56ec42564512d4f2ed343fbbb35f15f394412c8dba1,undefined FUN_181705260(),ghidra,clean,
WHGame.dll,release_1_5_1164953_841,0x1705308,149,FUN_181705308,,,49a57e086dd051a73ddb072c5ad77fe0b4d635cca6e0f26da16caa782fe4d627,undefined FUN_181705308(),ghidra,clean,
WHGame.dll,release_1_5_1164953_841,0x17053a0,155,FUN_1817053a0,,,28bad129acd9e97f5ef5628d54140607df684372764b6267cee8af74e86529aa,undefined FUN_1817053a0(),ghidra,clean,
WHGame.dll,release_1_5_1164953_841,0x170543c,149,FUN_18170543c,,,7741540a22b35a2c99ea68482f82c3e8dc103a85e8c3c84836f071df739d59cd,undefined FUN_18170543c(),ghidra,clean,
WHGame.dll,release_1_5_1164953_841,0x17054d4,314,FUN_1817054d4,,,6aa4e5a70cba213cbecbe250daead7ed431ba69745ef2475b891eb63ad9fccdc,undefined FUN_1817054d4(),ghidra,clean,
WHGame.dll,release_1_5_1164953_841,0x1705610,155,FUN_181705610,,,48b6b59609783fcd92666006a6e34f219f5a62aa9e797e5c138e549f714bb020,undefined FUN_181705610(),ghidra,clean,
WHGame.dll,release_1_5_1164953_841,0x17056ac,308,FUN_1817056ac,,,9f4b55755a10d0f3fa3e9d077d0b5edfd5f6a375d07d68939504b6b9a1ac4373,undefined FUN_1817056ac(),ghidra,clean,
WHGame.dll,release_1_5_1164953_841,0x17057e0,72,FUN_1817057e0,,,709b2f90e948a08ff78e0fa41816cd5549918ab9099209054fa5ec5663883799,undefined FUN_1817057e0(),ghidra,clean,
WHGame.dll,release_1_5_1164953_841,0x1705828,26,FUN_181705828,,,784f42d42467bdc72bf303619520ab86d009b3466c28ed890d4202f919d16798,undefined FUN_181705828(),ghidra,clean,
WHGame.dll,release_1_5_1164953_841,0x1705844,958,FUN_181705844,,,a02c15d075d78729d44b5769bd126393459a13d6c7413b70a6e0255fb65faeb6,undefined FUN_181705844(),ghidra,clean,
WHGame.dll,release_1_5_1164953_841,0x1705c04,23,FUN_181705c04,,,4a2215c3e820937481093c41c3a2c4fdd1b034767afb06c5e8afd475b2e2dc6a,undefined FUN_181705c04(),ghidra,clean,
WHGame.dll,release_1_5_1164953_841,0x1705c1c,155,FUN_181705c1c,,,804ab18661e2a33d22a6f750512bfc747f3aa1c25f0ddceea6c880c915c700ca,undefined FUN_181705c1c(),ghidra,clean,
WHGame.dll,release_1_5_1164953_841,0x1705cb8,304,FUN_181705cb8,,,17bb14f2f2bbc1914fd4ad4a20b080759fc7fb985300d001198dd5704e309c1d,undefined FUN_181705cb8(),ghidra,clean,
WHGame.dll,release_1_5_1164953_841,0x1705de8,155,FUN_181705de8,,,82062e83e5be58d2890a096113717bdbc1a614690d44d4d161597d0f39b2c33a,undefined FUN_181705de8(),ghidra,clean,
WHGame.dll,release_1_5_1164953_841,0x1705e84,298,FUN_181705e84,,,51b2a59239ec3e85b33381ff810885a1187163443e96710b2b5d25447bf98e2c,undefined FUN_181705e84(),ghidra,clean,
WHGame.dll,release_1_5_1164953_841,0x1705fb0,992,FUN_181705fb0,,,c98535d685f2cd0ae3d351a56abfac66727942c3fb9939b7fac603c01aa72e24,undefined FUN_181705fb0(),ghidra,clean,
WHGame.dll,release_1_5_1164953_841,0x1706056,5,FUN_181706056,,,fd726243e7bd27eb190716595fb542f90d4f237d2adaf86872fb93bce605bb39,undefined FUN_181706056(),ghidra,clean,
WHGame.dll,release_1_5_1164953_841,0x170605c,155,FUN_18170605c,,,791c586db63cebeeccde0106de4a2eb9e629b92b21721dff8ccc021ccbf8cec2,undefined FUN_18170605c(),ghidra,clean,
WHGame.dll,release_1_5_1164953_841,0x17060f8,311,FUN_1817060f8,,,bde0ca0753daab110506a5496139f73443d12c498f8ee129af080da6b603665c,undefined FUN_1817060f8(),ghidra,clean,
WHGame.dll,release_1_5_1164953_841,0x1706230,184,FUN_181706230,,,8132793b5e7392a3ea73664675da1eb73424da039328e07e93202bdfcd125296,undefined FUN_181706230(),ghidra,clean,
WHGame.dll,release_1_5_1164953_841,0x17062c8,184,FUN_1817062c8,,,c9e973af94acde1d1a6ab233856c7c3310ae24db2c296afb922e2aed8d2dcd54,undefined FUN_1817062c8(),ghidra,clean,
WHGame.dll,release_1_5_1164953_841,0x1706360,512,FUN_181706360,,,bdf1eb70880163c602fee6cad7fe5506b19d0c89e1241063350309eb6388f84e,undefined FUN_181706360(),ghidra,clean,
WHGame.dll,release_1_5_1164953_841,0x1706550,512,FUN_181706550,,,bc3c6f313b53561586582213e5e888443ab3c105737a2f36decd369e45996875,undefined FUN_181706550(),ghidra,clean,
WHGame.dll,release_1_5_1164953_841,0x1706740,358,FUN_181706740,,,e0d1ad8e4f79b800b9c4faf19a396f76c31eb1fc5eeef7cf1bb19c7642e28500,undefined FUN_181706740(),ghidra,clean,
WHGame.dll,release_1_5_1164953_841,0x170689c,358,FUN_18170689c,,,c8e718c7daebaa7a5e16db135814823f47d261331f228db96097cd4ce1838168,undefined FUN_18170689c(),ghidra,clean,
WHGame.dll,release_1_5_1164953_841,0x17069f8,409,FUN_1817069f8,,,dc8f1a1d577c7c7ced2b538607e7906c49853500bad1c3551ff0259f0cc003d8,undefined FUN_1817069f8(),ghidra,clean,
WHGame.dll,release_1_5_1164953_841,0x1706b94,409,FUN_181706b94,,,4fef4178343453dd0fe7ce192d9c07b0c3644a475ff243317d707d5ee9ec9e1d,undefined FUN_181706b94(),ghidra,clean,
WHGame.dll,release_1_5_1164953_841,0x1706d30,93,FUN_181706d30,,,11b238aafe1699bedba8086168e40b2f3b9c4307c162eae1c00138e7d5d88384,undefined FUN_181706d30(),ghidra,clean,
WHGame.dll,release_1_5_1164953_841,0x1706d90,34,FUN_181706d90,,,5236f6e8d58db8ca95530c16c775ba9f7652c18f0d3edacc13248d2591fbd16d,undefined FUN_181706d90(),ghidra,clean,
WHGame.dll,release_1_5_1164953_841,0x1706db4,103,FUN_181706db4,,,e02d679e3d710f9bf5747c64ad07f62d75c895c9d479a13948b97bfd31f614be,undefined FUN_181706db4(),ghidra,clean,
WHGame.dll,release_1_5_1164953_841,0x1706e1c,98,FUN_181706e1c,,,4e5dd27ec78ef97b626f79a33a88e745986693719c8c13037689a09decba2bda,undefined FUN_181706e1c(),ghidra,clean,
WHGame.dll,release_1_5_1164953_841,0x1706e80,57,FUN_181706e80,,,c4d4a4d3ca2f5664555945cecf8d3d8c6b2fc9fc87552e4d63816b5dd943a894,undefined FUN_181706e80(),ghidra,clean,
WHGame.dll,release_1_5_1164953_841,0x1706ebc,151,FUN_181706ebc,,,756e9c0f798b827e301a67e0139c01692307f0d88023f2be4473bdde2494757e,undefined FUN_181706ebc(),ghidra,clean,
WHGame.dll,release_1_5_1164953_841,0x1706f54,180,FUN_181706f54,,,44134dd1cbfe0b603738428932bf8136ac2e0571c62771ee84d7417879a48bfc,undefined FUN_181706f54(),ghidra,clean,
WHGame.dll,release_1_5_1164953_841,0x1707008,155,FUN_181707008,,,c51a974f592ce854f6ce7ef27d8cbcf16b97c3fe1ad855338d33e328c6bafe0a,undefined FUN_181707008(),ghidra,clean,
WHGame.dll,release_1_5_1164953_841,0x17070a4,291,FUN_1817070a4,,,755c3e3a227c94d3021b55b494a5bc5984d7f98bfc74781d75fe6c020495cf06,undefined FUN_1817070a4(),ghidra,clean,
WHGame.dll,release_1_5_1164953_841,0x17071c8,123,FUN_1817071c8,,,0f847517cb85a1c9c42ec2737270b2fe6e069aeddb3bb39bd2890732e27f3bcc,undefined FUN_1817071c8(),ghidra,clean,
WHGame.dll,release_1_5_1164953_841,0x1707244,146,FUN_181707244,,,350d040e30eb48ae7980a8b6f1aab3321efac98df3254d2a36028fbb224c8c82,undefined FUN_181707244(),ghidra,clean,
WHGame.dll,release_1_5_1164953_841,0x17072a4,145,FUN_1817072a4,,,36ea11bcfbad4a81b6457988f5db800c3db5c3e44a9179fc718907f510126ffa,undefined FUN_1817072a4(),ghidra,clean,
WHGame.dll,release_1_5_1164953_841,0x1707338,109,FUN_181707338,,,cf1c39f7c15e428306cc28636795316bf1dab922cfc4765e348d817bae8abb94,undefined FUN_181707338(),ghidra,clean,
WHGame.dll,release_1_5_1164953_841,0x1707370,77,FUN_181707370,,,34af3da09fad64279ecbb5524f045527fb278fc8197941a365f784f941b4cf00,undefined FUN_181707370(),ghidra,clean,
WHGame.dll,release_1_5_1164953_841,0x17073c0,80,FUN_1817073c0,,,f663a586697557070c96c8c5647d64ecde7c50880f2957cb9a558daa4deb63d2,undefined FUN_1817073c0(),ghidra,clean,
WHGame.dll,release_1_5_1164953_841,0x1707410,80,FUN_181707410,,,b228a8763b83235ec5129f1380ffe7e8fea3ecc1e6f11a0914785cc4dc26241c,undefined FUN_181707410(),ghidra,clean,
WHGame.dll,release_1_5_1164953_841,0x1707460,85,FUN_181707460,,,de789789e046ba3b9bcfab0e569b35e2b24952465688981eb497c5114bac3860,undefined FUN_181707460(),ghidra,clean,
WHGame.dll,release_1_5_1164953_841,0x1707494,5,thunk_FUN_18170761c,,,54a719e8ee01664b71e77f264689d226f2bc32ec74dc0246632b55da49fb9c87,undefined thunk_FUN_18170761c(),ghidra,clean,
WHGame.dll,release_1_5_1164953_841,0x170749c,5,thunk_FUN_1817074a4,,,b0d40b133b9394d93820ac0104b0065121d2d73df32c7bfb4e4cf5d805a8b103,undefined thunk_FUN_1817074a4(),ghidra,clean,
WHGame.dll,release_1_5_1164953_841,0x17074a4,103,FUN_1817074a4,,,70eb725a1154ef281068d30730998da21f057930b5306c1988d454699d97f579,undefined FUN_1817074a4(),ghidra,clean,
WHGame.dll,release_1_5_1164953_841,0x170750c,95,FUN_18170750c,,,615c7aa5864f97e107fea7797e391a01d8025b3a36eaf22a36136cebdde83e21,undefined FUN_18170750c(),ghidra,clean,
WHGame.dll,release_1_5_1164953_841,0x170756c,206,FUN_18170756c,,,e9467d8505f509610f69a450067d5ffa7f9e12cc5e52a524a4de762bc7420444,undefined FUN_18170756c(),ghidra,clean,
WHGame.dll,release_1_5_1164953_841,0x170761c,223,FUN_18170761c,,,b64e01533ac15e9d8d67377bb87a1ebfc16bbedf4fffc72f65ea696bfe950823,undefined FUN_18170761c(),ghidra,clean,
WHGame.dll,release_1_5_1164953_841,0x17076f4,53,FUN_1817076f4,,,21d58b884d3d39a7731925737e200a484bb760343f69bd12129eae1e9d3ff212,undefined FUN_1817076f4(),ghidra,clean,
WHGame.dll,release_1_5_1164953_841,0x170772c,142,FUN_18170772c,,,838d43b8be86f23cbca588cc991147b607ef564bce8a8e10c71699cadd91bf6e,undefined FUN_18170772c(),ghidra,clean,
WHGame.dll,release_1_5_1164953_841,0x17077bc,147,FUN_1817077bc,,,880bba7050ca2313fe44ab3224966b9d7c7fb1e1431d42fa63d2f316270dc311,undefined FUN_1817077bc(),ghidra,clean,
WHGame.dll,release_1_5_1164953_841,0x1707850,147,FUN_181707850,,,34a28e0fdb6a68000e671950315f57cfb755fc2ba932f9692768dfca9f614724,undefined FUN_181707850(),ghidra,clean,
WHGame.dll,release_1_5_1164953_841,0x17078e4,328,FUN_1817078e4,,,dc704c9674781b9c75d1338088fc3b2b9835d3a97ef42efabd9dc194f3422416,undefined FUN_1817078e4(),ghidra,clean,
WHGame.dll,release_1_5_1164953_841,0x1707a30,100,FUN_181707a30,,,9414cf05db01bac46068925c0b1df6a954fee2887f066f56dd3df38b11e5712b,undefined FUN_181707a30(),ghidra,clean,
WHGame.dll,release_1_5_1164953_841,0x1707a94,40,FUN_181707a94,,,83e0c92fe2ae15b1d63f120ae49ee0b1da4d05aece821646caf2e2d17df1fb96,undefined FUN_181707a94(),ghidra,clean,
WHGame.dll,release_1_5_1164953_841,0x1707abc,68,FUN_181707abc,,,b59851ef8bd5f55fa3b0f9541746644c98412c85997a8286b4bb491b617baa33,undefined FUN_181707abc(),ghidra,clean,
WHGame.dll,release_1_5_1164953_841,0x1707b00,417,FUN_181707b00,,,2a539c182c35d050540f1de6597c267fec1e38cd888c005bdd05539d45d46f73,undefined FUN_181707b00(),ghidra,clean,
WHGame.dll,release_1_5_1164953_841,0x1707c20,40,FUN_181707c20,,,19b19d8461e0b36976dfb6f5d33775cb575355a81630635b800cd3f0baa6bcc9,undefined FUN_181707c20(),ghidra,clean,
WHGame.dll,release_1_5_1164953_841,0x1707c48,42,FUN_181707c48,,,9e79edc72f563e4d3f166aaa6e53d22a0d67670b4013907326188ad4c4001065,undefined FUN_181707c48(),ghidra,clean,
WHGame.dll,release_1_5_1164953_841,0x1707c74,161,FUN_181707c74,,,5463f8e1564d5c4d800bb570c466f2dd2c1955a79dada303427c28b84a0f757e,undefined FUN_181707c74(),ghidra,clean,
WHGame.dll,release_1_5_1164953_841,0x1707d18,193,FUN_181707d18,,,2f157178c392ee84996ecaed3d3b0dfb412c7592cbe927c79511b98e90a0b888,undefined FUN_181707d18(),ghidra,clean,
WHGame.dll,release_1_5_1164953_841,0x1707dc4,327,FUN_181707dc4,,,1958b6f25fc5fb92894f308753b875cc2285dbd100501c2291c31518e05d9a2d,undefined FUN_181707dc4(),ghidra,clean,
WHGame.dll,release_1_5_1164953_841,0x1707f0c,202,FUN_181707f0c,,,80ab76d0546345b6bcb2e0fcb5d2d9b0a8d5fba58e1297ab42829016e0b90c87,undefined FUN_181707f0c(),ghidra,clean,
WHGame.dll,release_1_5_1164953_841,0x1707fd8,156,FUN_181707fd8,,,ac29769f03259ec1d494c56ec4521580ae2c30f04f0248c0ac2b23a9dc60623c,undefined FUN_181707fd8(),ghidra,clean,
WHGame.dll,release_1_5_1164953_841,0x1708074,43,FUN_181708074,,,d379cf347e605289a3349a652efc46de423cafc4f3613211fe3c62d08fd4246e,undefined FUN_181708074(),ghidra,clean,
WHGame.dll,release_1_5_1164953_841,0x17080a0,43,FUN_1817080a0,,,e2d00c68cd1a8dde31d4b38f2001a4fc788cda9be571098eabaa90e89330d6b3,undefined FUN_1817080a0(),ghidra,clean,
WHGame.dll,release_1_5_1164953_841,0x17080c0,70,FUN_1817080c0,,,2ad99e39a0c23de3f86ad643263ba06ebcdf1d8217ef4fcdc6fe2dd56d00c663,undefined FUN_1817080c0(),ghidra,clean,
WHGame.dll,release_1_5_1164953_841,0x1708108,76,FUN_181708108,,,0e1fc73448965421c4cacf99c069ade5af1eea1ab704431b47bffa917f7843d6,undefined FUN_181708108(),ghidra,clean,
WHGame.dll,release_1_5_1164953_841,0x1708154,5,thunk_FUN_1817081e0,,,59d61eb3038846958ace70ddddf42b2c88f3ebac23f1854d946a04d63d69b253,undefined thunk_FUN_1817081e0(),ghidra,clean,
WHGame.dll,release_1_5_1164953_841,0x170815c,130,FUN_18170815c,,,7192fd35a149e9633195a7ba1ece487759d7e77c8cbcd0ec5a2b09f812db8762,undefined FUN_18170815c(),ghidra,clean,
WHGame.dll,release_1_5_1164953_841,0x17081e0,103,FUN_1817081e0,,,022ade842f0cfa29593cfff1f5684cad87812580196f0855764f322a5d33f33d,undefined FUN_1817081e0(),ghidra,clean,
WHGame.dll,release_1_5_1164953_841,0x1708248,95,FUN_181708248,,,ab84699fe74bf5604e1c8f70c8eab5653f564f8f5479fc9b2f98053320398dcc,undefined FUN_181708248(),ghidra,clean,
WHGame.dll,release_1_5_1164953_841,0x17082a8,198,FUN_1817082a8,,,e6d2ce7503f0f32bccb11f72f51bf5474a79e4c54eb6efa34032f69b887a0975,undefined FUN_1817082a8(),ghidra,clean,
WHGame.dll,release_1_5_1164953_841,0x1708354,53,FUN_181708354,,,9b4cbb5f96a41a248d28648ecc79307cb1bc2fa68d2d77109ae2414d68c8c121,undefined FUN_181708354(),ghidra,clean,
WHGame.dll,release_1_5_1164953_841,0x170838c,147,FUN_18170838c,,,96ae71f4bff65769e7cfa2c822070680ef26abd24272ff45e13ef02e6327e584,undefined FUN_18170838c(),ghidra,clean,
WHGame.dll,release_1_5_1164953_841,0x1708420,147,FUN_181708420,,,2c36f3a139947ba4a7b105447e3566708de4faff9fd291974447f7fb523beb59,undefined FUN_181708420(),ghidra,clean,
WHGame.dll,release_1_5_1164953_841,0x17084b4,328,FUN_1817084b4,,,c20c4cd91f5f564e6e443d77f85ae1c376a66024df9fcf5bb4f8f5452df34d95,undefined FUN_1817084b4(),ghidra,clean,
WHGame.dll,release_1_5_1164953_841,0x1708600,100,FUN_181708600,,,f2077baeaac23b78fb5b1aad92fd69eecef0666d4e2e08ef651b264072c8ee39,undefined FUN_181708600(),ghidra,clean,
WHGame.dll,release_1_5_1164953_841,0x1708664,40,FUN_181708664,,,58dc51f51829c5124eb5a9c82903d975019e20a80a7c2a1eb4a9a9e144dd93bb,undefined FUN_181708664(),ghidra,clean,
WHGame.dll,release_1_5_1164953_841,0x170868c,68,FUN_18170868c,,,4bcb3c02ba8d2c28b01ddaa8faeb35d9b63d5d123825672da164eead681c09ed,undefined FUN_18170868c(),ghidra,clean,
WHGame.dll,release_1_5_1164953_841,0x17086d0,417,FUN_1817086d0,,,6d24f6c6fe7cfc11c8b3cf7a091674607febd13e0c52041a6a449a91d7a8d250,undefined FUN_1817086d0(),ghidra,clean,
WHGame.dll,release_1_5_1164953_841,0x17087f0,40,FUN_1817087f0,,,9d12a0729776f42c5efc56aedae3b414ec91f5c854ce63d5fa4e7067e6f26e17,undefined FUN_1817087f0(),ghidra,clean,
WHGame.dll,release_1_5_1164953_841,0x1708818,100,FUN_181708818,,,935a4d6da7ddbeaccd434edfdabdb88b376eb07a6d4dac6934f15f3f8d5a9d61,undefined FUN_181708818(),ghidra,clean,
WHGame.dll,release_1_5_1164953_841,0x170887c,42,FUN_18170887c,,,b84a94836787625a5c86fd37baf7ed05981e52c4483c51d45f67c03a18bbbd00,undefined FUN_18170887c(),ghidra,clean,
WHGame.dll,release_1_5_1164953_841,0x17088a8,76,FUN_1817088a8,,,56440e199518aec998af1b7bcbaba33ecc115f7a1d63e3a2ad5dae5d2d649a21,undefined FUN_1817088a8(),ghidra,clean,
WHGame.dll,release_1_5_1164953_841,0x17088f4,197,FUN_1817088f4,,,f33f2e638bd6af2f2fe7b7773dfadfa03746c5b88c56f924014d46fcf4097e60,undefined FUN_1817088f4(),ghidra,clean,
WHGame.dll,release_1_5_1164953_841,0x17089bc,197,FUN_1817089bc,,,00e1d6689e8487db3c7f01b53f9b03905c56e4d1a90762d6f858688b2202a916,undefined FUN_1817089bc(),ghidra,clean,
WHGame.dll,release_1_5_1164953_841,0x1708a84,374,FUN_181708a84,,,ef7900132a9b600abe924f9a72dc562010476323ace07bf5c4f9ff19b2d2fcaf,undefined FUN_181708a84(),ghidra,clean,
WHGame.dll,release_1_5_1164953_841,0x1708bfc,374,FUN_181708bfc,,,1b6afa0c7eafae7e1b2df6ffa4e5f963f4685d0db103dae45c01509d4f73c82f,undefined FUN_181708bfc(),ghidra,clean,
WHGame.dll,release_1_5_1164953_841,0x1708d74,25,FUN_181708d74,,,7cfd24c705505c534f60f59bca8212a0dca531a1f63d416fa0654156576c12de,undefined FUN_181708d74(),ghidra,clean,
WHGame.dll,release_1_5_1164953_841,0x1708d90,2537,FUN_181708d90,,,8508f27dac040dbb57e7bb6242c831229a7f1981c881d2220c8b687bb656241d,undefined FUN_181708d90(),ghidra,clean,
WHGame.dll,release_1_5_1164953_841,0x17097d0,18,FUN_1817097d0,,,704e6dbad027ea7ba8d4436ae13539d3bf2a63ae044c5c6ff2f7dc788a94b6d4,undefined FUN_1817097d0(),ghidra,clean,
WHGame.dll,release_1_5_1164953_841,0x1709800,634,FUN_181709800,,,b7c20433ca3efc23d8b6898ffb6462b77ffb4226b42a3ad68ca139125a33ea65,undefined FUN_181709800(),ghidra,clean,
WHGame.dll,release_1_5_1164953_841,0x1709a7c,17,FUN_181709a7c,,,9e82064c367c7cb35ab49e9236f23fcbb673b7fa0cd6f2999efb06febb0646c5,undefined FUN_181709a7c(),ghidra,clean,
WHGame.dll,release_1_5_1164953_841,0x1709a90,62,FUN_181709a90,,,8dc365149c03d0d2aac8e182f30269e4a5712d4e7ccba29bb495e84ae2fece59,undefined FUN_181709a90(),ghidra,clean,
WHGame.dll,release_1_5_1164953_841,0x1709ad0,145,FUN_181709ad0,,,b2d19042f90c0f0f8613e0977ccef27f7e2d2e799350c740ed23838007a96317,undefined FUN_181709ad0(),ghidra,clean,
WHGame.dll,release_1_5_1164953_841,0x1709b64,147,FUN_181709b64,,,58fbd1e57c8bfcb98feb1b0a416a13dcf3884b625cbd48979b485cc70deb1d1e,undefined FUN_181709b64(),ghidra,clean,
WHGame.dll,release_1_5_1164953_841,0x1709bf8,147,FUN_181709bf8,,,af80ba07501914c17d81722c3a82d11b7c3f64fb01687e4d121df6b1fc3a675e,undefined FUN_181709bf8(),ghidra,clean,
WHGame.dll,release_1_5_1164953_841,0x1709c8c,147,FUN_181709c8c,,,f7116decc697b48892359da9e3872fcbd4387db40d3b515cc1424b4830a1e295,undefined FUN_181709c8c(),ghidra,clean,
WHGame.dll,release_1_5_1164953_841,0x1709d20,147,FUN_181709d20,,,5e63d4820fe33bb67a617fce1b353a21a348124dc895d5f68416b7008b81d00e,undefined FUN_181709d20(),ghidra,clean,
WHGame.dll,release_1_5_1164953_841,0x1709db4,147,FUN_181709db4,,,b41f6123028fe1b3297df9795ddd3bb19d236c3cf8af259100403a57cc3821b7,undefined FUN_181709db4(),ghidra,clean,
WHGame.dll,release_1_5_1164953_841,0x1709e48,145,FUN_181709e48,,,4c0d8c7ac0516b9269a136f572a3f210fbb7c23c8999951c4cd3e530f866af56,undefined FUN_181709e48(),ghidra,clean,
WHGame.dll,release_1_5_1164953_841,0x1709edc,145,FUN_181709edc,,,2f1e92c64599a2f97d110d08405621d3cb9c972c4a00f40a3c7c8f507a297b08,undefined FUN_181709edc(),ghidra,clean,
WHGame.dll,release_1_5_1164953_841,0x1709f70,26,FUN_181709f70,,,d5ad8003bb03fbb8529876f0f1ad795b0e8e1fd218164086867a3b8e31847518,undefined FUN_181709f70(),ghidra,clean,
WHGame.dll,release_1_5_1164953_841,0x1709f8c,83,FUN_181709f8c,,,6200f1dd1d2c0db1abaff6907d3dc912da26612508fe41de9683bc185077afd8,undefined FUN_181709f8c(),ghidra,clean,
WHGame.dll,release_1_5_1164953_841,0x1709fe0,253,FUN_181709fe0,,,6785191b3bb03c5d08bcb47f9c190d40d43105981c90fcdae05ba159a6d7e551,undefined FUN_181709fe0(),ghidra,clean,
WHGame.dll,release_1_5_1164953_841,0x170a0e0,207,FUN_18170a0e0,,,d86e24a252eff0c55c59f350f0ed086c0ecc83b7c9978041da50f69a4e95d9e2,undefined FUN_18170a0e0(),ghidra,clean,
WHGame.dll,release_1_5_1164953_841,0x170a1a0,261,FUN_18170a1a0,,,f9b208cb8f1671d4dc03d0f0fb710277cb6e322b27aa723a80f680973954a28d,undefined FUN_18170a1a0(),ghidra,clean,
WHGame.dll,release_1_5_1164953_841,0x170a29c,109,FUN_18170a29c,,,0acd572c1a51e8b58c27ee0db03080c1487159abacfa688c5d9f5374a7d94bce,undefined FUN_18170a29c(),ghidra,clean,
WHGame.dll,release_1_5_1164953_841,0x170a2d4,196,FUN_18170a2d4,,,3bbb47a90ce0890c0a4c9afabb69827c5332d355fbad0be9ea2e5116537cfeb4,undefined FUN_18170a2d4(),ghidra,clean,
WHGame.dll,release_1_5_1164953_841,0x170a398,461,FUN_18170a398,,,e22057cd23c7bcde35d45ebc4656e63db7db32e0aee14e5594f6c77742e5f548,undefined FUN_18170a398(),ghidra,clean,
WHGame.dll,release_1_5_1164953_841,0x170a488,26,FUN_18170a488,,,819234953c91d716a341edb10dcca2267107efa13f78881bbca64f4a7a11eeca,undefined FUN_18170a488(),ghidra,clean,
WHGame.dll,release_1_5_1164953_841,0x170a4a4,155,FUN_18170a4a4,,,0ce8f96a34bba566c18f5f481329f72962d2433a341f918191e5c7307593847c,undefined FUN_18170a4a4(),ghidra,clean,
WHGame.dll,release_1_5_1164953_841,0x170a540,291,FUN_18170a540,,,2ed1aa1317de132da8a7582dbd80cf58be64afc36155c0f4db03b49b53447b73,undefined FUN_18170a540(),ghidra,clean,
WHGame.dll,release_1_5_1164953_841,0x170a664,121,FUN_18170a664,,,ac34587bdf6ac7c46ce16cff00ca7ddd1138065465c88483e2737743acb94f62,undefined FUN_18170a664(),ghidra,clean,
WHGame.dll,release_1_5_1164953_841,0x170a6e0,68,FUN_18170a6e0,,,9bc60e600536ba2c2488070240985bcafd9bd6dd2071a2d4fef7fb104fd0affc,undefined FUN_18170a6e0(),ghidra,clean,
WHGame.dll,release_1_5_1164953_841,0x170a724,117,FUN_18170a724,,,2cf5311dea9e52e27a41a7e59a504dcfdf766f053c3ffac233886382646eece3,undefined FUN_18170a724(),ghidra,clean,
WHGame.dll,release_1_5_1164953_841,0x170a79c,253,FUN_18170a79c,,,182e6cac8b56c0f10e7c56f6a4430266bbc4c72ee250a1fd03960f3a01d3226f,undefined FUN_18170a79c(),ghidra,clean,
WHGame.dll,release_1_5_1164953_841,0x170a89c,155,FUN_18170a89c,,,6897089e8f339b330d586b6401fd66c73cd341a769e251f10bfc9d9bb24777ea,undefined FUN_18170a89c(),ghidra,clean,
WHGame.dll,release_1_5_1164953_841,0x170a938,291,FUN_18170a938,,,d6f54d7c5fcb97d0d9def219f226ed86df4aa36f04ee977939e4a623bb6fa908,undefined FUN_18170a938(),ghidra,clean,
WHGame.dll,release_1_5_1164953_841,0x170aa5c,155,FUN_18170aa5c,,,25b603512d937e43bc95604773f9ebf6b31218898cb9a8ac81bc7e22bd23074d,undefined FUN_18170aa5c(),ghidra,clean,
WHGame.dll,release_1_5_1164953_841,0x170aaf8,291,FUN_18170aaf8,,,d41bcba449711894f41dcf704b53fd1315951820c9a789a351ae8f1cc11bfd86,undefined FUN_18170aaf8(),ghidra,clean,
WHGame.dll,release_1_5_1164953_841,0x170ac1c,92,FUN_18170ac1c,,,53a46250371f3f18bb3e14b79296eec25ddbec5c1454715f76f35b6b911a4f50,undefined FUN_18170ac1c(),ghidra,clean,
WHGame.dll,release_1_5_1164953_841,0x170ac78,51,FUN_18170ac78,,,ec97631b295edd4fdd74e1f3cf7cb454ad1c6ccbc208166f662896c9627e94a3,undefined FUN_18170ac78(),ghidra,clean,
WHGame.dll,release_1_5_1164953_841,0x170acac,62,FUN_18170acac,,,9ee826ba31d8885b9704e074e1faf811a7e5da2557d4f15bd452893314413362,undefined FUN_18170acac(),ghidra,clean,
WHGame.dll,release_1_5_1164953_841,0x170acd8,40,FUN_18170acd8,,,47197a4f345dbeafa9512b4c60668c04ffe79036946096335ae59ecba1ea7f56,undefined FUN_18170acd8(),ghidra,clean,
WHGame.dll,release_1_5_1164953_841,0x170ad00,180,FUN_18170ad00,,,d5912cbb259c01a833dc599c5f78ef095f42652a2c90e905a89a38b1608defac,undefined FUN_18170ad00(),ghidra,clean,
WHGame.dll,release_1_5_1164953_841,0x170adb4,284,FUN_18170adb4,,,3780c1ac3a4e6570564d1474e1fdfc09d7a3033a5801c0c7b0b935603d971066,undefined FUN_18170adb4(),ghidra,clean,
WHGame.dll,release_1_5_1164953_841,0x170aec4,251,FUN_18170aec4,,,755808210b43ce44126fb3e1d65a8e20142debde2ba4a86b267bfed6c0535e57,undefined FUN_18170aec4(),ghidra,clean,
WHGame.dll,release_1_5_1164953_841,0x170afc0,233,FUN_18170afc0,,,e5e3f6bae0212e404447da18f42c97cbd5b52b8fe19af13abfc644ffe20e0b70,undefined FUN_18170afc0(),ghidra,clean,
WHGame.dll,release_1_5_1164953_841,0x170b0ac,284,FUN_18170b0ac,,,042b6deca5efadaa57bea8f9649a48ecc64c87ced79a354829cc2949c5fef587,undefined FUN_18170b0ac(),ghidra,clean,
WHGame.dll,release_1_5_1164953_841,0x170b1bc,251,FUN_18170b1bc,,,4637cd7ba59a687d1a14eb82eca5765062c80f4aa260cc5e763235c5c5088434,undefined FUN_18170b1bc(),ghidra,clean,
WHGame.dll,release_1_5_1164953_841,0x170b2b8,233,FUN_18170b2b8,,,c13014020bf42a1858f3f6b2e56eca3506bc1ac0316d82dacf04a61414d4bad3,undefined FUN_18170b2b8(),ghidra,clean,
WHGame.dll,release_1_5_1164953_841,0x170b3a4,284,FUN_18170b3a4,,,e4892e20ded44e57846731c7f0bc30bc3ea990c87ac08abf364b69ab7a469544,undefined FUN_18170b3a4(),ghidra,clean,
WHGame.dll,release_1_5_1164953_841,0x170b4b4,251,FUN_18170b4b4,,,fe9bde2832f3869c12187f977142f66ebab4256f77125be900fdf6380aafe25e,undefined FUN_18170b4b4(),ghidra,clean,
WHGame.dll,release_1_5_1164953_841,0x170b5b0,233,FUN_18170b5b0,,,19cc050e5531491270a35867a1ff9839eb4aec07a3a923ef37607fd6cf2fcb96,undefined FUN_18170b5b0(),ghidra,clean,
WHGame.dll,release_1_5_1164953_841,0x170b69c,99,FUN_18170b69c,,,c1c4f47252c43d305b78388439f33d88688a91b578552ab760c1810f50677187,undefined FUN_18170b69c(),ghidra,clean,
WHGame.dll,release_1_5_1164953_841,0x170b700,67,FUN_18170b700,,,10b4b8e1f3f472288063e2495d4a9fe3df9cd89248a1ceb36cfab2b1ce302b71,undefined FUN_18170b700(),ghidra,clean,
WHGame.dll,release_1_5_1164953_841,0x170b744,5,thunk_FUN_18170b74c,,,b0d40b133b9394d93820ac0104b0065121d2d73df32c7bfb4e4cf5d805a8b103,undefined thunk_FUN_18170b74c(),ghidra,clean,
WHGame.dll,release_1_5_1164953_841,0x170b74c,103,FUN_18170b74c,,,f008a0285079e9e9e8eb97e285454f71e030e895b4c7450b22b3f87965bf4771,undefined FUN_18170b74c(),ghidra,clean,
WHGame.dll,release_1_5_1164953_841,0x170b7b4,232,FUN_18170b7b4,,,a0ddc51c08c1c3b2af8d024a40863b7e97c5e3c514a582a672f89bc9f8947992,undefined FUN_18170b7b4(),ghidra,clean,
WHGame.dll,release_1_5_1164953_841,0x170b874,53,FUN_18170b874,,,16d034c74a8a500ccbfd75e2711e7b791e23cbf1eabcc0127f7bc6e6b9cc48ad,undefined FUN_18170b874(),ghidra,clean,
WHGame.dll,release_1_5_1164953_841,0x170b8ac,422,FUN_18170b8ac,,,e19db8640b1bdb26af7015119171150371e9875b8fbc41b808dc68f9fbeb9d6b,undefined FUN_18170b8ac(),ghidra,clean,
WHGame.dll,release_1_5_1164953_841,0x170b944,181,FUN_18170b944,,,7621d194a759ca2807304006d39d14d0c090f2d7581126f62271af7f0773270b,undefined FUN_18170b944(),ghidra,clean,
WHGame.dll,release_1_5_1164953_841,0x170b9fc,62,FUN_18170b9fc,,,0ee94d8f682dafc15c82c0f3c2b5a2c7c801dc696c67e0e083548d33ea48d550,undefined FUN_18170b9fc(),ghidra,clean,
WHGame.dll,release_1_5_1164953_841,0x170ba3c,62,FUN_18170ba3c,,,a66b3fa296d8746dcac1ea397d2268bfa8f72d623ca08c0e327b4a7a4263bf07,undefined FUN_18170ba3c(),ghidra,clean,
WHGame.dll,release_1_5_1164953_841,0x170ba7c,63,FUN_18170ba7c,,,a9bf91129fe861dd96d0a9a3a21c8f20f7e19bd2203d38583d0556c3b58e0831,undefined FUN_18170ba7c(),ghidra,clean,
WHGame.dll,release_1_5_1164953_841,0x170babc,285,FUN_18170babc,,,ff24e87ccf32dbdffe9625016b93cc2321f14060f5893862bfa8c318db27c231,undefined FUN_18170babc(),ghidra,clean,
WHGame.dll,release_1_5_1164953_841,0x170bb5c,174,FUN_18170bb5c,,,9fc98ff27657c60b98ad79530f95a88b13d018cdb11b95d8301f9a5a0f60da92,undefined FUN_18170bb5c(),ghidra,clean,
WHGame.dll,release_1_5_1164953_841,0x170bc00,161,FUN_18170bc00,,,984ca389e4203803f4d8c3926aafee2e525cddb1033c937c4d399531878e0e64,undefined FUN_18170bc00(),ghidra,clean,
WHGame.dll,release_1_5_1164953_841,0x170bca4,139,FUN_18170bca4,,,4c863b184585af08893282d2440f12211e7576decad3c74acb04dd95fb288291,undefined FUN_18170bca4(),ghidra,clean,
WHGame.dll,release_1_5_1164953_841,0x170bd30,175,FUN_18170bd30,,,54c84477c899e0261e3b00f607d8c6fca0fafe8d1a7221b5b71afdc4d4952060,undefined FUN_18170bd30(),ghidra,clean,
WHGame.dll,release_1_5_1164953_841,0x170bde0,190,FUN_18170bde0,,,e99090ac33c8693bb28f84cae5c0fb3e5ac6528fba5d47e1be4b0a37d954b7e5,undefined FUN_18170bde0(),ghidra,clean,
WHGame.dll,release_1_5_1164953_841,0x170bea0,188,FUN_18170bea0,,,122d9c205ba845ff7aec84f48eec14cb53ef20446b91dfcd6968c85cb6058543,undefined FUN_18170bea0(),ghidra,clean,
WHGame.dll,release_1_5_1164953_841,0x170bf34,76,FUN_18170bf34,,,0f0a08441f1abcc5fe852d7b216a2336cb12e85d100abfa5b720396a221388b7,undefined FUN_18170bf34(),ghidra,clean,
WHGame.dll,release_1_5_1164953_841,0x170bf80,59,FUN_18170bf80,,,1fb98adef30704b4c4e40344bc56e787ffca325d2ea659b2637c25a13d959711,undefined FUN_18170bf80(),ghidra,clean,
WHGame.dll,release_1_5_1164953_841,0x170bfbc,56,FUN_18170bfbc,,,3de6e56c13fa4ca223f3dbcae79cce3281dfa3752683502c30358e066ed4d826,undefined FUN_18170bfbc(),ghidra,clean,
WHGame.dll,release_1_5_1164953_841,0x170bff4,68,FUN_18170bff4,,,5dc27b91acb560408a8ac051a409ba7f0518c45c63d0739b0a05b2bd6ac4bf99,undefined FUN_18170bff4(),ghidra,clean,
WHGame.dll,release_1_5_1164953_841,0x170c038,34,FUN_18170c038,,,58a3e02f5ba2707c38da7e6adfd12f869fd46224385366175f47307431c75f9b,undefined FUN_18170c038(),ghidra,clean,
WHGame.dll,release_1_5_1164953_841,0x170c05c,81,FUN_18170c05c,,,cd9e5e9bce2fd48c6d54466f3c6521c2f5dde23f0bbfe7a56a64dbe4640eb2f6,undefined FUN_18170c05c(),ghidra,clean,
WHGame.dll,release_1_5_1164953_841,0x170c0b0,89,FUN_18170c0b0,,,c33559c1a0fe66d4db84473be53e8c4b465132bb405466a018e2bcd7f2566380,undefined FUN_18170c0b0(),ghidra,clean,
WHGame.dll,release_1_5_1164953_841,0x170c10c,198,FUN_18170c10c,,,d9e05dfb0af0a0fb6498f0e1238be921cb8f4bc03df4b3959da3ddd69814c0ec,undefined FUN_18170c10c(),ghidra,clean,
WHGame.dll,release_1_5_1164953_841,0x170c1d4,229,FUN_18170c1d4,,,5abd17f5a0ca5d74bda995dfbc1e378e14424d3efaccdb377717aa0b70b04512,undefined FUN_18170c1d4(),ghidra,clean,
WHGame.dll,release_1_5_1164953_841,0x170c212,57,FUN_18170c212,,,f0fc7b88e1799aec5b7d8f4cf680ba024dbc6eb5685ef2a5f326786f98e028e5,undefined FUN_18170c212(),ghidra,clean,
WHGame.dll,release_1_5_1164953_841,0x170c24c,74,FUN_18170c24c,,,a64428066817b2bdcc87067219bed5f36adce3f41a16d6df0bd76aba8fd255f4,undefined FUN_18170c24c(),ghidra,clean,
WHGame.dll,release_1_5_1164953_841,0x170c298,155,FUN_18170c298,,,5bef4fa3e4aa3f90ea587e87a42a950a67f71c9ec1edbc27a62545a085d1b6ce,undefined FUN_18170c298(),ghidra,clean,
WHGame.dll,release_1_5_1164953_841,0x170c334,26,FUN_18170c334,,,819234953c91d716a341edb10dcca2267107efa13f78881bbca64f4a7a11eeca,undefined FUN_18170c334(),ghidra,clean,
WHGame.dll,release_1_5_1164953_841,0x170c350,155,FUN_18170c350,,,bc40bda5321ae2168c696212d79ce721ce12f004335578a1634042af95e933cc,undefined FUN_18170c350(),ghidra,clean,
WHGame.dll,release_1_5_1164953_841,0x170c3ec,291,FUN_18170c3ec,,,074ffd3c5e62292c0d18b0ab7c24b4109128dd1727a63503ee6ea903a01c2fef,undefined FUN_18170c3ec(),ghidra,clean,
WHGame.dll,release_1_5_1164953_841,0x170c510,291,FUN_18170c510,,,f77803bc78f3d5a1509802fdbee9adcae4da3d1efbd70728ce00118a0f2d5f12,undefined FUN_18170c510(),ghidra,clean,
WHGame.dll,release_1_5_1164953_841,0x170c634,349,FUN_18170c634,,,f8d841300cb522fff87956e3cb4f774bd49a740df73f93a6e14bd8525c4a9b15,undefined FUN_18170c634(),ghidra,clean,
WHGame.dll,release_1_5_1164953_841,0x170c784,5,thunk_FUN_18170c78c,,,b0d40b133b9394d93820ac0104b0065121d2d73df32c7bfb4e4cf5d805a8b103,undefined thunk_FUN_18170c78c(),ghidra,clean,
WHGame.dll,release_1_5_1164953_841,0x170c78c,103,FUN_18170c78c,,,71e1b7ce26d0e4a81e1e73153cb7e491e034721eaffb6b5387ba8d705662d143,undefined FUN_18170c78c(),ghidra,clean,
WHGame.dll,release_1_5_1164953_841,0x170c7f4,95,FUN_18170c7f4,,,213a67076f2209e81068a30bf527d17824a4f271355bf031e678422cd4c494de,undefined FUN_18170c7f4(),ghidra,clean,
WHGame.dll,release_1_5_1164953_841,0x170c854,201,FUN_18170c854,,,b3b3c0bbf28ec963d5e222f10a39004e9fdfc1390238bf3f7e84fa0d92dd5e36,undefined FUN_18170c854(),ghidra,clean,
WHGame.dll,release_1_5_1164953_841,0x170c900,53,FUN_18170c900,,,b0b688bec1732b2dde4da4f6a94cb897c73ed773fac61517352436dec962f33b,undefined FUN_18170c900(),ghidra,clean,
WHGame.dll,release_1_5_1164953_841,0x170c938,417,FUN_18170c938,,,b91ea1c920acfb04d63fa42ac38d302aa5386a5f589081347324ed6752e65b46,undefined FUN_18170c938(),ghidra,clean,
WHGame.dll,release_1_5_1164953_841,0x170ca58,40,FUN_18170ca58,,,31cc612c74869db8b915ff00147936bc6a07877f452d2e52f0a7a7425a7b4d78,undefined FUN_18170ca58(),ghidra,clean,
WHGame.dll,release_1_5_1164953_841,0x170ca80,42,FUN_18170ca80,,,4476867fe2ca4492638ef1b010f440dcbd89d58854ad4364eab4d98bdfb95c5e,undefined FUN_18170ca80(),ghidra,clean,
WHGame.dll,release_1_5_1164953_841,0x170caac,5,thunk_FUN_18170cab4,,,b0d40b133b9394d93820ac0104b0065121d2d73df32c7bfb4e4cf5d805a8b103,undefined thunk_FUN_18170cab4(),ghidra,clean,
WHGame.dll,release_1_5_1164953_841,0x170cab4,103,FUN_18170cab4,,,9753cb807f8ceea3bdebc13fa1554f7a0d973b991d4e45f632eab29f01a6ba8a,undefined FUN_18170cab4(),ghidra,clean,
WHGame.dll,release_1_5_1164953_841,0x170cb1c,95,FUN_18170cb1c,,,b11f75c36a90f7e0bf42eab342578c4d42660a0413eb9318fe66b5a4f989d21e,undefined FUN_18170cb1c(),ghidra,clean,
WHGame.dll,release_1_5_1164953_841,0x170cb7c,201,FUN_18170cb7c,,,a0b3eb904fbc80c1842baf068edd2cf4b613bd972d83ea48293ef3481a5849f0,undefined FUN_18170cb7c(),ghidra,clean,
WHGame.dll,release_1_5_1164953_841,0x170cc28,53,FUN_18170cc28,,,fe8a2f35e05a217acaf7fc13531211ab94725fee6a655ffda989a47a32c12fab,undefined FUN_18170cc28(),ghidra,clean,
WHGame.dll,release_1_5_1164953_841,0x170cc60,417,FUN_18170cc60,,,a77a39813552764acca25a691ec44236827db0faf546d90ccb94fc5e73b58d0c,undefined FUN_18170cc60(),ghidra,clean,
WHGame.dll,release_1_5_1164953_841,0x170cd80,40,FUN_18170cd80,,,a8bc2aa9308077f984a1d46687f6ce444d20cbeb5ee76789b36c72e57ea8978c,undefined FUN_18170cd80(),ghidra,clean,
WHGame.dll,release_1_5_1164953_841,0x170cda8,42,FUN_18170cda8,,,7a2db068649867ee7565c7526eee15de90c736dfc73121fa97b892e2bb3de408,undefined FUN_18170cda8(),ghidra,clean,
WHGame.dll,release_1_5_1164953_841,0x170cdd4,5,thunk_FUN_18170cddc,,,b0d40b133b9394d93820ac0104b0065121d2d73df32c7bfb4e4cf5d805a8b103,undefined thunk_FUN_18170cddc(),ghidra,clean,
WHGame.dll,release_1_5_1164953_841,0x170cddc,103,FUN_18170cddc,,,512ed84db64ad0c7915d9a733da012612c9f0502a127521dd0942acf898d6918,undefined FUN_18170cddc(),ghidra,clean,
WHGame.dll,release_1_5_1164953_841,0x170ce44,95,FUN_18170ce44,,,f6cc371a725e566e1e329cdfa3131b4866a55925fa024f36174c67085475aad8,undefined FUN_18170ce44(),ghidra,clean,
WHGame.dll,release_1_5_1164953_841,0x170cea4,201,FUN_18170cea4,,,1931fa094f524c78223ecadddc6ba1a6d8ed35d06e55a10c287c40f95cf3676a,undefined FUN_18170cea4(),ghidra,clean,
WHGame.dll,release_1_5_1164953_841,0x170cf50,53,FUN_18170cf50,,,1f8e27f715149df5396175c93950fa0deaf4bb06e7f3661e30df472b3daf5946,undefined FUN_18170cf50(),ghidra,clean,
WHGame.dll,release_1_5_1164953_841,0x170cf88,417,FUN_18170cf88,,,c2b930f7d2475f6f1bc1f0a488e06ed6294134525af96a85b2e6436738d697b6,undefined FUN_18170cf88(),ghidra,clean,
WHGame.dll,release_1_5_1164953_841,0x170d0a8,40,FUN_18170d0a8,,,aad4f7c3b19d009d0d307647472eac3653116b4c69dea96f0e1d558176ef0b59,undefined FUN_18170d0a8(),ghidra,clean,
WHGame.dll,release_1_5_1164953_841,0x170d0d0,42,FUN_18170d0d0,,,a731d4e51090e13c1846b416918f73699e57bfae9eacbc6bda7567ccc5e13a55,undefined FUN_18170d0d0(),ghidra,clean,
WHGame.dll,release_1_5_1164953_841,0x170d0fc,155,FUN_18170d0fc,,,10680239246b40e8884cb52ac1fb0e9291609c6316d20ff564961d2d2a83bb51,undefined FUN_18170d0fc(),ghidra,clean,
WHGame.dll,release_1_5_1164953_841,0x170d198,291,FUN_18170d198,,,1b103fce86aa4ced2fa712ba18c5f94b48647d633e56a89c3d3a5e37b40b7d82,undefined FUN_18170d198(),ghidra,clean,
WHGame.dll,release_1_5_1164953_841,0x170d2bc,155,FUN_18170d2bc,,,4d12b12d95dc2c256615e3fed062f468657e95150a9666fee05db7e954caf48c,undefined FUN_18170d2bc(),ghidra,clean,
WHGame.dll,release_1_5_1164953_841,0x170d358,291,FUN_18170d358,,,6576464133572d916c6273bf3b15f55ef9efdf0f710ebb2e105fb57507afcf4e,undefined FUN_18170d358(),ghidra,clean,
WHGame.dll,release_1_5_1164953_841,0x170d47c,180,FUN_18170d47c,,,49d88119c155516bb75d0608830fc595015c5cea06888f975bc0c5f9e7a153e4,undefined FUN_18170d47c(),ghidra,clean,
WHGame.dll,release_1_5_1164953_841,0x170d530,124,FUN_18170d530,,,0c0fbb2f4013b5ec6647186eec92349b542462115bb20e90f5e8fa44357886b2,undefined FUN_18170d530(),ghidra,clean,
WHGame.dll,release_1_5_1164953_841,0x170d5ac,229,FUN_18170d5ac,,,d8ff82ffa7ad97a46b45bd4da1f70a9eddfa20a904d4a52ac533ba77d04a80b2,undefined FUN_18170d5ac(),ghidra,clean,
WHGame.dll,release_1_5_1164953_841,0x170d694,234,FUN_18170d694,,,fae4b0e2410e33aaa5ef619d957364abb59fdd90cff6e590d5186bd611a07fc9,undefined FUN_18170d694(),ghidra,clean,
WHGame.dll,release_1_5_1164953_841,0x170d780,207,FUN_18170d780,,,14bd6d8271d95c7a276f443dd391d78e1fcad59ac2ae1a210659ae6b3a34e16c,undefined FUN_18170d780(),ghidra,clean,
WHGame.dll,release_1_5_1164953_841,0x170d840,251,FUN_18170d840,,,cced441b38a87716367667bac34609a644cc4c13e2216178aaa78bb4d82c4f70,undefined FUN_18170d840(),ghidra,clean,
WHGame.dll,release_1_5_1164953_841,0x170d93c,196,FUN_18170d93c,,,0560aecb3ab82b8b49e032dd7e7de858a8cd7d15ef20d41f2cf3339149e21bc6,undefined FUN_18170d93c(),ghidra,clean,
WHGame.dll,release_1_5_1164953_841,0x170da00,473,FUN_18170da00,,,c83ec6063c1110fe18e49c73d317641239ec3d07496f9d49d7dc774d84978ed1,undefined FUN_18170da00(),ghidra,clean,
WHGame.dll,release_1_5_1164953_841,0x170dbdc,473,FUN_18170dbdc,,,c9ffe392413f911a500900015751e31d8cf44582c9f24e61631843fcf37d3d8b,undefined FUN_18170dbdc(),ghidra,clean,
WHGame.dll,release_1_5_1164953_841,0x170ddb8,302,FUN_18170ddb8,,,e4920ab68b9f1b0114506ff720077f52b57128b1d00f11820576e900e917250a,undefined FUN_18170ddb8(),ghidra,clean,
WHGame.dll,release_1_5_1164953_841,0x170dedc,302,FUN_18170dedc,,,f00e8b35750a5903a81b15923dbf0e1f4931c9b45f31297314ebf6a9d5d0083f,undefined FUN_18170dedc(),ghidra,clean,
WHGame.dll,release_1_5_1164953_841,0x170e000,327,FUN_18170e000,,,ab870b07a09b982a339051e4b2268534ec1eee8bf85d488fba6384bc6716122f,undefined FUN_18170e000(),ghidra,clean,
WHGame.dll,release_1_5_1164953_841,0x170e148,327,FUN_18170e148,,,750b4bb71ff310d70307c281690eaa433ca0d73e3e0a1ebe520cbb73b4f26d7a,undefined FUN_18170e148(),ghidra,clean,
WHGame.dll,release_1_5_1164953_841,0x170e290,80,FUN_18170e290,,,28c16d9991e7285e75e3d49542d6e18a64967122622e8273ed735549cbeec990,undefined FUN_18170e290(),ghidra,clean,
WHGame.dll,release_1_5_1164953_841,0x170e2e0,80,FUN_18170e2e0,,,adec71cf1ad301f4c8a187c554b8fa6a112707618903f0e52ebb25e11e0e8934,undefined FUN_18170e2e0(),ghidra,clean,
WHGame.dll,release_1_5_1164953_841,0x170e330,85,FUN_18170e330,,,8400ccfc1bb83edc5f8c507560c005d042f59de2bbb0606ce56f20083d97f08c,undefined FUN_18170e330(),ghidra,clean,
WHGame.dll,release_1_5_1164953_841,0x170e364,80,FUN_18170e364,,,8e55dce082db235f239e34052585ede33908290b2d3c8c44ae9fbd9e471b251c,undefined FUN_18170e364(),ghidra,clean,
WHGame.dll,release_1_5_1164953_841,0x170e3b4,80,FUN_18170e3b4,,,5cc7750eadcae619991717c6587ffb36a852653c67889ebd35d244378661649b,undefined FUN_18170e3b4(),ghidra,clean,
WHGame.dll,release_1_5_1164953_841,0x170e404,85,FUN_18170e404,,,56ccfc6e8328bcd1d6f367b6a1c1e8374b340378edc26e9a957cfa423eb63071,undefined FUN_18170e404(),ghidra,clean,
WHGame.dll,release_1_5_1164953_841,0x170e438,80,FUN_18170e438,,,0a907104f16ed10ab8fcf7326514801c6caee9cabc532156d7b2acadccc69bfb,undefined FUN_18170e438(),ghidra,clean,
WHGame.dll,release_1_5_1164953_841,0x170e488,85,FUN_18170e488,,,21c99bb40a3fb508d7fe2ef43577e514529f2c140a6e8668fe7a80b9c6c8de81,undefined FUN_18170e488(),ghidra,clean,
WHGame.dll,release_1_5_1164953_841,0x170e4bc,57,FUN_18170e4bc,,,8ec6fc7c319d777a91f24521f15c6f24584f3e97918cce3a9319505b58c282f8,undefined FUN_18170e4bc(),ghidra,clean,
WHGame.dll,release_1_5_1164953_841,0x170e4f8,62,FUN_18170e4f8,,,98557aab82104c6ff7995e854004cd1234dae700be5814e6496476c68d3b2621,undefined FUN_18170e4f8(),ghidra,clean,
WHGame.dll,release_1_5_1164953_841,0x170e524,53,FUN_18170e524,,,a97fcc2d5b44ce3b3b9420c4f396deb7c3734e32b06a0a6621f0f61dc8956f5c,undefined FUN_18170e524(),ghidra,clean,
WHGame.dll,release_1_5_1164953_841,0x170e55c,30,FUN_18170e55c,,,a709d09128a2504291ee6647c3e3a3c669303964a8eb14c1d9f50ad1bb8eca06,undefined FUN_18170e55c(),ghidra,clean,
WHGame.dll,release_1_5_1164953_841,0x170e57c,155,FUN_18170e57c,,,3e9b281caf66892d884abef29f9651e044ccc1ea1f65ffb10e01424580d1e5ae,undefined FUN_18170e57c(),ghidra,clean,
WHGame.dll,release_1_5_1164953_841,0x170e618,291,FUN_18170e618,,,5d4dc501dde3284394a8e31c122838b1d3829df378a798e0a0e2e6ba53758523,undefined FUN_18170e618(),ghidra,clean,
WHGame.dll,release_1_5_1164953_841,0x170e73c,155,FUN_18170e73c,,,08fed0fd2b4385520b346594eadb740a0480d0aaa2a8fe43d5eb58d496ea3f0a,undefined FUN_18170e73c(),ghidra,clean,
WHGame.dll,release_1_5_1164953_841,0x170e7d8,291,FUN_18170e7d8,,,5d4a418501fa217f30472c6f6cf730c40f17e1545828091a048ea7e5cc10afd2,undefined FUN_18170e7d8(),ghidra,clean,
WHGame.dll,release_1_5_1164953_841,0x170e8fc,55,FUN_18170e8fc,,,3f5ee14262c454d86327ad33f44ba96e4ab5422168a046b2ebf00024c368e446,undefined FUN_18170e8fc(),ghidra,clean,
WHGame.dll,release_1_5_1164953_841,0x170e924,175,FUN_18170e924,,,82006af4c832209e4e8910e7731d90fc2fb6767982aab2701c08859056f9d802,undefined FUN_18170e924(),ghidra,clean,
WHGame.dll,release_1_5_1164953_841,0x170e9cc,145,FUN_18170e9cc,,,d489dd03a56fcf04f063a8e7427325508400ccec03d2eeb21fd2631a8050899b,undefined FUN_18170e9cc(),ghidra,clean,
WHGame.dll,release_1_5_1164953_841,0x170ea60,207,FUN_18170ea60,,,c24161fae97fc754c51096c8d644f34db924fd88ab7c19e0d0bd4a24c50d694f,undefined FUN_18170ea60(),ghidra,clean,
WHGame.dll,release_1_5_1164953_841,0x170eb30,396,FUN_18170eb30,,,fae657df496a79bf3bfe6b9c9329cbf6689d0906a5b63427e092ae4b0e421fcd,undefined FUN_18170eb30(),ghidra,clean,
WHGame.dll,release_1_5_1164953_841,0x170ecc0,59,FUN_18170ecc0,,,1bc2c7e4dcdb4bdb1ec977e2cf2345db6e112437a7cdfae3763ac23ff0e89d6d,undefined FUN_18170ecc0(),ghidra,clean,
WHGame.dll,release_1_5_1164953_841,0x170ecfc,151,FUN_18170ecfc,,,118a7e0f5f7fbb5ee6327da5d48e62872517bc54281e702098344a043b470ab9,undefined FUN_18170ecfc(),ghidra,clean,
WHGame.dll,release_1_5_1164953_841,0x170ed5c,196,FUN_18170ed5c,,,2a786c2b4f27d4b52b9b6603da62014cf9102360ee5540e273e24285e8eaf388,undefined FUN_18170ed5c(),ghidra,clean,
WHGame.dll,release_1_5_1164953_841,0x170ee18,175,FUN_18170ee18,,,7fb3e9b9e4a23936627729492eea9b5c8f5c109d919b0cdf22ba23e55cabc6a7,undefined FUN_18170ee18(),ghidra,clean,
WHGame.dll,release_1_5_1164953_841,0x170eec8,170,FUN_18170eec8,,,d455bfe097c7e9262d05bbdbaf7dac6f266129450de561fa24c736d2859004b2,undefined FUN_18170eec8(),ghidra,clean,
WHGame.dll,release_1_5_1164953_841,0x170ef74,388,FUN_18170ef74,,,4ec8ebac4be33c522510e24b93c46d40f022a08ca86403ec8b8c1a64e37fff11,undefined FUN_18170ef74(),ghidra,clean,
WHGame.dll,release_1_5_1164953_841,0x170f0fc,35,FUN_18170f0fc,,,6a59c02759c9c176f9083c4af25e7f54e56df9d1388098392cbecb25c985ef1c,undefined FUN_18170f0fc(),ghidra,clean,
WHGame.dll,release_1_5_1164953_841,0x170f120,56,FUN_18170f120,,,bc00ba4801c6bd9ef8d76f45665e220e640257b4fa609e76e8aae48aaef869e7,undefined FUN_18170f120(),ghidra,clean,
WHGame.dll,release_1_5_1164953_841,0x170f158,98,FUN_18170f158,,,2ad317c000a86b651ef9f7d4026a53f99a545274c097a65f3a80bd9d20f71b33,undefined FUN_18170f158(),ghidra,clean,
WHGame.dll,release_1_5_1164953_841,0x170f1a4,146,FUN_18170f1a4,,,5ed3bf6acb888e6908db8ced82ea36c271e16d3a5a717ece44885d2a4eefbf85,undefined FUN_18170f1a4(),ghidra,clean,
WHGame.dll,release_1_5_1164953_841,0x170f238,92,FUN_18170f238,,,abae1a17e109132bf0f9b1f5b904c0d03a3c5211089db3dfb832535a4adaef9e,undefined FUN_18170f238(),ghidra,clean,
WHGame.dll,release_1_5_1164953_841,0x170f274,196,FUN_18170f274,,,01cfeb91fd719613a3318a2bfb6f066d816de2ff59042464ffb38d47358258cd,undefined FUN_18170f274(),ghidra,clean,
WHGame.dll,release_1_5_1164953_841,0x170f330,175,FUN_18170f330,,,e6ff3e3318f2c215a0938f85f0cacfcaf7bb488955cd42c5a51f21fa8b8219ce,undefined FUN_18170f330(),ghidra,clean,
WHGame.dll,release_1_5_1164953_841,0x170f3e0,180,FUN_18170f3e0,,,a89b145aa6cb56dc5f3f625c11b920c7515e702e3a0df25450b7cef92b973adb,undefined FUN_18170f3e0(),ghidra,clean,
WHGame.dll,release_1_5_1164953_841,0x170f494,180,FUN_18170f494,,,925be7e522afddbbe6675e99d706b199f0ee0e6211a7be0ce18d0b9da6127280,undefined FUN_18170f494(),ghidra,clean,
WHGame.dll,release_1_5_1164953_841,0x170f548,68,FUN_18170f548,,,eacd30384223d4291f91da2e7eadf3c3615661204b9199baf6193c9f235d577b,undefined FUN_18170f548(),ghidra,clean,
WHGame.dll,release_1_5_1164953_841,0x170f58c,117,FUN_18170f58c,,,e38b2f2825fb168af6c5e7d236398e61647f6e86fb33774b13a5f4d0cfc556a4,undefined FUN_18170f58c(),ghidra,clean,
WHGame.dll,release_1_5_1164953_841,0x170f610,155,FUN_18170f610,,,8f987e12819ace0cb76e4220af482139c6fb4976bf90244a1d210face1c4ec4e,undefined FUN_18170f610(),ghidra,clean,
WHGame.dll,release_1_5_1164953_841,0x170f6ac,26,FUN_18170f6ac,,,819234953c91d716a341edb10dcca2267107efa13f78881bbca64f4a7a11eeca,undefined FUN_18170f6ac(),ghidra,clean,
WHGame.dll,release_1_5_1164953_841,0x170f6c8,155,FUN_18170f6c8,,,f54d7a4de57743354a8e0fbda2ec76579be64e6680781499723e1dd306d7050f,undefined FUN_18170f6c8(),ghidra,clean,
WHGame.dll,release_1_5_1164953_841,0x170f764,291,FUN_18170f764,,,03f8cd37ea203f60d61d15b67c7a9a20a8c155348ef3119ab9189826bfda8819,undefined FUN_18170f764(),ghidra,clean,
WHGame.dll,release_1_5_1164953_841,0x170f888,291,FUN_18170f888,,,784180d32e380bc8e04184d8686e6992711c958e4d7d62e6a2076a49b61813d2,undefined FUN_18170f888(),ghidra,clean,
WHGame.dll,release_1_5_1164953_841,0x170f9ac,91,FUN_18170f9ac,,,8607d7aa12a27e7184a2e298943f8855b0df9b7f77ea575cb8b81fbf2507ff13,undefined FUN_18170f9ac(),ghidra,clean,
WHGame.dll,release_1_5_1164953_841,0x170fa08,155,FUN_18170fa08,,,aaf86596ca77db1ce238a637cb52e077956d3109101eb5a1e30a70ff374d251a,undefined FUN_18170fa08(),ghidra,clean,
WHGame.dll,release_1_5_1164953_841,0x170faa4,26,FUN_18170faa4,,,819234953c91d716a341edb10dcca2267107efa13f78881bbca64f4a7a11eeca,undefined FUN_18170faa4(),ghidra,clean,
WHGame.dll,release_1_5_1164953_841,0x170fac0,155,FUN_18170fac0,,,71abe9b3f43bfa17ea54fa231a92b974aae4623cd817332c661f089c2a77d3b6,undefined FUN_18170fac0(),ghidra,clean,
WHGame.dll,release_1_5_1164953_841,0x170fb5c,291,FUN_18170fb5c,,,1f5aa8bb449c867c060324826c0004857818010435cd1f6af6d84c73ec3769c3,undefined FUN_18170fb5c(),ghidra,clean,
WHGame.dll,release_1_5_1164953_841,0x170fc80,291,FUN_18170fc80,,,72855ad54a9c9305bdac8ba77c6ce959414984aa0b83496404c85eb053ad1462,undefined FUN_18170fc80(),ghidra,clean,
WHGame.dll,release_1_5_1164953_841,0x170fda4,91,FUN_18170fda4,,,24181bd93cc9375492dda6f2cf3d5f728eced81a23630ec24c79d0246401ebcf,undefined FUN_18170fda4(),ghidra,clean,
WHGame.dll,release_1_5_1164953_841,0x170fe00,196,FUN_18170fe00,,,98c144a132105e61ea57d89fee29bee3db732fcccdcca413f189f22c942a551d,undefined FUN_18170fe00(),ghidra,clean,
WHGame.dll,release_1_5_1164953_841,0x170febc,175,FUN_18170febc,,,d8718f951b0474de897a6010f8185b177b71a36d8712b18407a759737b997ceb,undefined FUN_18170febc(),ghidra,clean,
WHGame.dll,release_1_5_1164953_841,0x170ff6c,155,FUN_18170ff6c,,,c59c1798041cb99453407772a5532bf04a334598f821af6ed3972f72a76fb1b6,undefined FUN_18170ff6c(),ghidra,clean,
WHGame.dll,release_1_5_1164953_841,0x1710008,291,FUN_181710008,,,944f04c6a4e36a8ceb7d25a6f9c7d55aa998d77f5ae8046909f335440c9d2e6a,undefined FUN_181710008(),ghidra,clean,
WHGame.dll,release_1_5_1164953_841,0x171012c,33,FUN_18171012c,,,ab531b8eee8c3659f8d4405121f3ccdf663db4a8f899f9aa8472cba74e39be3f,undefined FUN_18171012c(),ghidra,clean,
WHGame.dll,release_1_5_1164953_841,0x1710150,33,FUN_181710150,,,884ed86acdbc191f0ee16090cf4ad9598abb45894c2c7ca18acb00bab17c6450,undefined FUN_181710150(),ghidra,clean,
WHGame.dll,release_1_5_1164953_841,0x1710174,64,FUN_181710174,,,2d42415814a851c3f3079705b05bf80792140680a9b2fc213c8f4fd715cd75c7,undefined FUN_181710174(),ghidra,clean,
WHGame.dll,release_1_5_1164953_841,0x17101a4,39,FUN_1817101a4,,,d63382489afff7c44827589cfd65bd97eef9192cb4d1be10e7f2449595991f16,undefined FUN_1817101a4(),ghidra,clean,
WHGame.dll,release_1_5_1164953_841,0x17101cc,34,FUN_1817101cc,,,9a341ea794e82c05d82ab0e666002145a8a4462b172338b7b54e88c0470ada1a,undefined FUN_1817101cc(),ghidra,clean,
WHGame.dll,release_1_5_1164953_841,0x17101f0,550,FUN_1817101f0,,,e4e84af6a0bb6dd91482bf456443fae3c68f21021367995aba76ae755457af61,undefined FUN_1817101f0(),ghidra,clean,
WHGame.dll,release_1_5_1164953_841,0x1710418,234,FUN_181710418,,,0520f4b26923da9e2b9d1ff9721336d4da87de5ecf5e33ac5011a0f65367b66d,undefined FUN_181710418(),ghidra,clean,
WHGame.dll,release_1_5_1164953_841,0x1710504,126,FUN_181710504,,,cf16203fc0c24de93b49ed91eeefe85f113bd05c36450b7784866b6849367268,undefined FUN_181710504(),ghidra,clean,
WHGame.dll,release_1_5_1164953_841,0x1710584,311,FUN_181710584,,,334a7c7504e4e9007454cc45391648a32184792f9582e0ac141406e58444c4d3,undefined FUN_181710584(),ghidra,clean,
WHGame.dll,release_1_5_1164953_841,0x17106bc,155,FUN_1817106bc,,,083df1d863b5d56b7dfe9b30859154c88a3ee1d34ce794c730dd76a63d88de3d,undefined FUN_1817106bc(),ghidra,clean,
WHGame.dll,release_1_5_1164953_841,0x1710758,26,FUN_181710758,,,819234953c91d716a341edb10dcca2267107efa13f78881bbca64f4a7a11eeca,undefined FUN_181710758(),ghidra,clean,
WHGame.dll,release_1_5_1164953_841,0x1710774,155,FUN_181710774,,,f8e125631f6c7961a23d11001ed8b58045f5f1f6c6099aa07488c7ac95f72403,undefined FUN_181710774(),ghidra,clean,
WHGame.dll,release_1_5_1164953_841,0x1710810,291,FUN_181710810,,,8aa88bd2aba455b8d5e3f0c44f253dea9874408a675ac3e6b1839c9e85263011,undefined FUN_181710810(),ghidra,clean,
WHGame.dll,release_1_5_1164953_841,0x1710934,291,FUN_181710934,,,a0a4bf4e0550d1a6b3e388c759de0e96c831ed853758a98374e474468602c1b7,undefined FUN_181710934(),ghidra,clean,
WHGame.dll,release_1_5_1164953_841,0x1710a58,91,FUN_181710a58,,,7e290873cab5293ca538a0634428f586ccb9ac7045694751d4228837e6556249,undefined FUN_181710a58(),ghidra,clean,
WHGame.dll,release_1_5_1164953_841,0x1710ab4,176,FUN_181710ab4,,,af7943e72446b8bbf188dc40f132b4610f7093fef00bbacf02ec16de36d3beb7,undefined FUN_181710ab4(),ghidra,clean,
WHGame.dll,release_1_5_1164953_841,0x1710b64,160,FUN_181710b64,,,ac0c7f8997e7d7d58f27e29185a7424e654b988b797f679ccd47475c15b2c678,undefined FUN_181710b64(),ghidra,clean,
WHGame.dll,release_1_5_1164953_841,0x1710c04,109,FUN_181710c04,,,d1d2f61fc130bc9b9f8ced2d11298c560c85f159800751d31a5401a5dbd0c8d1,undefined FUN_181710c04(),ghidra,clean,
WHGame.dll,release_1_5_1164953_841,0x1710c74,18,FUN_181710c74,,,49fdfb49abf7cf317e94f3ef4b6f9abf211a3045595940387feb26f02035ba93,undefined FUN_181710c74(),ghidra,clean,
WHGame.dll,release_1_5_1164953_841,0x1710c88,55,FUN_181710c88,,,8655a346a77374dd4a515c5a33497dc85acfeeb96f53b4b93a680ba9b0229404,undefined FUN_181710c88(),ghidra,clean,
WHGame.dll,release_1_5_1164953_841,0x1710cb0,205,FUN_181710cb0,,,28590a29e5de0ebd40464c39327b080ad5ca3594d159e1c57c7df4ba23b9f07d,undefined FUN_181710cb0(),ghidra,clean,
WHGame.dll,release_1_5_1164953_841,0x1710d64,30,FUN_181710d64,,,e82dd42da3bc986daf6ded93064cc44fcb15f104d9a44707686261d9378a10e2,undefined FUN_181710d64(),ghidra,clean,
WHGame.dll,release_1_5_1164953_841,0x1710d84,155,FUN_181710d84,,,81c3860954e98575d3b67c2729dcdac9ddd830671a7ae7ef50e4be93dc29929c,undefined FUN_181710d84(),ghidra,clean,
WHGame.dll,release_1_5_1164953_841,0x1710e20,291,FUN_181710e20,,,e1f45438013e1a2cde572ba54ccefedbbc84eeae094b4ad120b8c11c8380413a,undefined FUN_181710e20(),ghidra,clean,
WHGame.dll,release_1_5_1164953_841,0x1710f44,155,FUN_181710f44,,,1d196b47607e41d7bd9a48e4b3ea1ae7b508c404aef68d60e6dde72198730c0a,undefined FUN_181710f44(),ghidra,clean,
WHGame.dll,release_1_5_1164953_841,0x1710fe0,291,FUN_181710fe0,,,90b3ca0118a614f4997f16e49ceb9935902c233d9f1a504d63667a54fe9ae0b0,undefined FUN_181710fe0(),ghidra,clean,
WHGame.dll,release_1_5_1164953_841,0x1711104,155,FUN_181711104,,,ab25e2450611ccb606fbe24e6635560bd684acc548cb0f71f9c5f84cdff193e5,undefined FUN_181711104(),ghidra,clean,
WHGame.dll,release_1_5_1164953_841,0x17111a0,291,FUN_1817111a0,,,aa6f9ea54f722885cba7a338e8e3709cf19272c707a0cd0e6f6bf20700899f98,undefined FUN_1817111a0(),ghidra,clean,
WHGame.dll,release_1_5_1164953_841,0x17112c4,155,FUN_1817112c4,,,e05d2e668052e9c7f6295336ae3886f1564d52071635e10c0fa9b4619f876b48,undefined FUN_1817112c4(),ghidra,clean,
WHGame.dll,release_1_5_1164953_841,0x1711360,291,FUN_181711360,,,21376e9c607584b5b59d986cc9b386bdaf108d1d7a9f7ee2bcb72558479e1b3d,undefined FUN_181711360(),ghidra,clean,
WHGame.dll,release_1_5_1164953_841,0x1711484,180,FUN_181711484,,,da676c6837f5d6f27ea47133ebefc140e937a9a42be0820c3e2c4ec9a5192278,undefined FUN_181711484(),ghidra,clean,
WHGame.dll,release_1_5_1164953_841,0x1711538,125,FUN_181711538,,,24f162fe74e89987fae06096e1357fa849d4804959d8016f2a11fa8b3029238b,undefined FUN_181711538(),ghidra,clean,
WHGame.dll,release_1_5_1164953_841,0x17115b8,43,FUN_1817115b8,,,ffd3c1f234dd9e1947b5eaf597d09a3945f61d70afd86d08ea859e91091163a1,undefined FUN_1817115b8(),ghidra,clean,
WHGame.dll,release_1_5_1164953_841,0x17115e4,65,FUN_1817115e4,,,cb873de6dec26f2d2ebf8d706e167ba5052e67eb709abfd90defc796da5633fa,undefined FUN_1817115e4(),ghidra,clean,
WHGame.dll,release_1_5_1164953_841,0x1711628,102,FUN_181711628,,,6f78806fd4c864fb6b4e08e019160365fae2837807bb3a6be225232c0e00214c,undefined FUN_181711628(),ghidra,clean,
WHGame.dll,release_1_5_1164953_841,0x1711690,62,FUN_181711690,,,b57fb3eaf36cf403ff3b824cb887fcbc6d9806dd4f90f419a672242ba8e9ecb3,undefined FUN_181711690(),ghidra,clean,
WHGame.dll,release_1_5_1164953_841,0x17116d0,196,FUN_1817116d0,,,f8a3a3247cd3c168a317e600faac9b0a5fb990639af60355a3c525f3c50a515e,undefined FUN_1817116d0(),ghidra,clean,
WHGame.dll,release_1_5_1164953_841,0x171178c,175,FUN_18171178c,,,9d8e105972abba7c51f683451c1d63cb059e8e21db4f6f09fe949e8aa02a34d5,undefined FUN_18171178c(),ghidra,clean,
WHGame.dll,release_1_5_1164953_841,0x171183c,108,FUN_18171183c,,,4d1bfefccfb19d135d035db068df43c442bbedd14429b044315ff2e1dde90b2b,undefined FUN_18171183c(),ghidra,clean,
WHGame.dll,release_1_5_1164953_841,0x17118b0,185,FUN_1817118b0,,,6ae2be0cd687afd6d0cc6fccd6cc0443727c3b283ef1a4fa4152540ce9ce7dd1,undefined FUN_1817118b0(),ghidra,clean,
WHGame.dll,release_1_5_1164953_841,0x171196c,73,FUN_18171196c,,,a1e1a7b0a2d5f2fef272f67cca359bb9699b4afb3618ea01e573495ca50732f8,undefined FUN_18171196c(),ghidra,clean,
WHGame.dll,release_1_5_1164953_841,0x17119b8,63,FUN_1817119b8,,,719a03a69e7c444f8a3dfedbb3a319326863b31dd296e70b3592cebdce917ea2,undefined FUN_1817119b8(),ghidra,clean,
WHGame.dll,release_1_5_1164953_841,0x17119f8,311,FUN_1817119f8,,,39e23d22099433f52c703a214042f5a216e0ff6074d2166d58b060c0931d33a7,undefined FUN_1817119f8(),ghidra,clean,
WHGame.dll,release_1_5_1164953_841,0x1711b00,26,FUN_181711b00,,,1081590d1f18557d12732b8feddb930698b7ddce06d3657f70905ff90e5a813b,undefined FUN_181711b00(),ghidra,clean,
WHGame.dll,release_1_5_1164953_841,0x1711b1c,26,FUN_181711b1c,,,819234953c91d716a341edb10dcca2267107efa13f78881bbca64f4a7a11eeca,undefined FUN_181711b1c(),ghidra,clean,
WHGame.dll,release_1_5_1164953_841,0x1711b38,155,FUN_181711b38,,,00a845ca03cd554040a3647cb9e45682240f5faea98c3c849f281c9541d4b561,undefined FUN_181711b38(),ghidra,clean,
WHGame.dll,release_1_5_1164953_841,0x1711bd4,304,FUN_181711bd4,,,0816e0e99392c3d0f090c4ea908e42f8fee80c4d05c5f8d9e08cd9efe0fda3ed,undefined FUN_181711bd4(),ghidra,clean,
WHGame.dll,release_1_5_1164953_841,0x1711d04,335,FUN_181711d04,,,6a43f83e1d1f2966fd57cf5eb6cc8d16473e34a588b576f7bb6ffd5ade252b9d,undefined FUN_181711d04(),ghidra,clean,
WHGame.dll,release_1_5_1164953_841,0x1711df2,8,FUN_181711df2,,,d584cb1a2afef309eb33a9b90753d6c9a99b0c481366318ccddcba175a3b8c54,undefined FUN_181711df2(),ghidra,clean,
WHGame.dll,release_1_5_1164953_841,0x1711e04,155,FUN_181711e04,,,a4b50740d97590edf64160b9bfcd9e4b31ca78c1d37da46765057952c6188df2,undefined FUN_181711e04(),ghidra,clean,
WHGame.dll,release_1_5_1164953_841,0x1711ea0,155,FUN_181711ea0,,,ad29e450b9586694f08d91c6e681a5be32680b8cc7d97afaeda82cf69220c811,undefined FUN_181711ea0(),ghidra,clean,
WHGame.dll,release_1_5_1164953_841,0x1711f3c,155,FUN_181711f3c,,,8aebb46ee389442074317e16f20369dd6ef9b0febef68be97b698d295ab8050b,undefined FUN_181711f3c(),ghidra,clean,
WHGame.dll,release_1_5_1164953_841,0x1711fd8,240,FUN_181711fd8,,,8c86959e547997a937c5f041267a3642590cd5adc907c1556b2af7c41cd70eca,undefined FUN_181711fd8(),ghidra,clean,
WHGame.dll,release_1_5_1164953_841,0x17120c8,18,FUN_1817120c8,,,d14c02125e53c7047c57650180b0eaa3cf06c18d4adf7736bce65e9bd390deb2,undefined FUN_1817120c8(),ghidra,clean,
WHGame.dll,release_1_5_1164953_841,0x17120dc,298,FUN_1817120dc,,,b4c5da0bed696cfcfc9e41ba5280f0bc462487ada30db5a480cfe71f35f92e66,undefined FUN_1817120dc(),ghidra,clean,
WHGame.dll,release_1_5_1164953_841,0x1712208,301,FUN_181712208,,,101948afbc5e37c6142037ec9dcb869b00c71feddc808f8586c589e20a9a66ec,undefined FUN_181712208(),ghidra,clean,
WHGame.dll,release_1_5_1164953_841,0x1712338,25,FUN_181712338,,,ae5ae5ed6c0d930668dcf5060d80a4a268c0af47afa9c0f35b80927b2a94eab5,undefined FUN_181712338(),ghidra,clean,
WHGame.dll,release_1_5_1164953_841,0x1712354,199,FUN_181712354,,,723b8ca1296d9c9cb118b11c758c75cbab653a88691e2c085e34acdd2cda389b,undefined FUN_181712354(),ghidra,clean,
WHGame.dll,release_1_5_1164953_841,0x171241c,18,FUN_18171241c,,,b6e1ac28dfd6bc1c79a22368ef23d2b14e72c84e0718cc9593abf62aa205f79d,undefined FUN_18171241c(),ghidra,clean,
WHGame.dll,release_1_5_1164953_841,0x1712430,85,FUN_181712430,,,69dd895404e9001db7f3e1c08a39393135b49da151dfabaa123c9c4dd8694c5f,undefined FUN_181712430(),ghidra,clean,
WHGame.dll,release_1_5_1164953_841,0x1712460,180,FUN_181712460,,,268bc49e002fe10dcdbdd6897ec46634deb1f5ce947e254d3f59d95a125e0212,undefined FUN_181712460(),ghidra,clean,
WHGame.dll,release_1_5_1164953_841,0x1712514,155,FUN_181712514,,,6bc58fa0335da5ebbfcc72fc4120ae63e8c576e3cfe60cf156cb0ade24db7b2b,undefined FUN_181712514(),ghidra,clean,
WHGame.dll,release_1_5_1164953_841,0x17125b0,291,FUN_1817125b0,,,56ca0aab74d68f6f6c13a2a6e0c7444266d8444965b2ca1e4bf0e4aafc2d8b93,undefined FUN_1817125b0(),ghidra,clean,
WHGame.dll,release_1_5_1164953_841,0x17126d4,745,FUN_1817126d4,,,82dacfea46432d9dbcc523bf222d219faeb9891ddee63c4813a282f7c1818fa2,undefined FUN_1817126d4(),ghidra,clean,
WHGame.dll,release_1_5_1164953_841,0x1712978,359,FUN_181712978,,,a370e3940ded973df723bbbeb88432af1614444adc4b2d50d52baa7141e7ed06,undefined FUN_181712978(),ghidra,clean,
WHGame.dll,release_1_5_1164953_841,0x1712a9c,135,FUN_181712a9c,,,7d1661d430fd36af6aa0758993fdc3f233ff110d6c7df496393ce079e5894ff6,undefined FUN_181712a9c(),ghidra,clean,
WHGame.dll,release_1_5_1164953_841,0x1712b10,100,FUN_181712b10,,,10ee81f2f490a6a2f36d8edb0c716e7a92f4f3bd9a4f9a0b0dd44d142a083eab,undefined FUN_181712b10(),ghidra,clean,
WHGame.dll,release_1_5_1164953_841,0x1712b74,84,FUN_181712b74,,,dbe159e420ee1c1fbe8761c04aa785174ed5b13a8c98e1713ae3f7ffc6e95d72,undefined FUN_181712b74(),ghidra,clean,
WHGame.dll,release_1_5_1164953_841,0x1712bc8,80,FUN_181712bc8,,,4c812d6d8d5a51571f737d3b8a5b24a98ccebcdbb310a4eacf14812ddf5eed16,undefined FUN_181712bc8(),ghidra,clean,
WHGame.dll,release_1_5_1164953_841,0x1712c18,85,FUN_181712c18,,,d539583159cd4aa8ea877afca17c68ef49acc14a1026abfd026f522b7ae84d40,undefined FUN_181712c18(),ghidra,clean,
WHGame.dll,release_1_5_1164953_841,0x1712c68,369,FUN_181712c68,,,b9a7ce4b910ecd8dd03546c7625bbb41f33e92523431e8d9101487c224a0b70d,undefined FUN_181712c68(),ghidra,clean,
WHGame.dll,release_1_5_1164953_841,0x1712ddc,521,FUN_181712ddc,,,df2f058252e640bcb94176adc07a0361c433cae88a31020df3299fae951750be,undefined FUN_181712ddc(),ghidra,clean,
WHGame.dll,release_1_5_1164953_841,0x1712fe8,129,FUN_181712fe8,,,b8adfd43482217f45430fc10dbfbb5887f20eb5d904f83a9fcfdca29c3b82fd0,undefined FUN_181712fe8(),ghidra,clean,
WHGame.dll,release_1_5_1164953_841,0x171306c,196,FUN_18171306c,,,16e6004e246d2f16d2dbc35c42dd424d3991ad3547763b1d43b751c77be28565,undefined FUN_18171306c(),ghidra,clean,
WHGame.dll,release_1_5_1164953_841,0x1713128,175,FUN_181713128,,,8ddbac3f7848e8bd77ca9f61fdf929f847055bddf38328e11e496081a74251fd,undefined FUN_181713128(),ghidra,clean,
WHGame.dll,release_1_5_1164953_841,0x17131d8,196,FUN_1817131d8,,,c77057c948aa30ea85ce65f3c47fe508d7a3e86be84b5a49b7294f93e9f23ed4,undefined FUN_1817131d8(),ghidra,clean,
WHGame.dll,release_1_5_1164953_841,0x1713294,175,FUN_181713294,,,500f2f9c005a6613661beba21298ac183a09d59b7c2bfc878a6d8a0eafb569dd,undefined FUN_181713294(),ghidra,clean,
WHGame.dll,release_1_5_1164953_841,0x1713344,196,FUN_181713344,,,4cf36d806444e9fc7270e3ff14f64ea5c30b5290882075af5e3d8f98011960f1,undefined FUN_181713344(),ghidra,clean,
WHGame.dll,release_1_5_1164953_841,0x1713400,175,FUN_181713400,,,16f321e6a8549367f6c28f5d856e4e70aa514f6d870f2d46bfb2875965b73362,undefined FUN_181713400(),ghidra,clean,
WHGame.dll,release_1_5_1164953_841,0x17134b0,65,FUN_1817134b0,,,166b2b6e76e6c51fc68bff0724c2e2245b35b6797b0993308d98195b41e2af90,undefined FUN_1817134b0(),ghidra,clean,
WHGame.dll,release_1_5_1164953_841,0x17134f4,155,FUN_1817134f4,,,bec6dd93c7692fef4df3cbe254dbb97a35a545bdbf93a193f046f761f84f8097,undefined FUN_1817134f4(),ghidra,clean,
WHGame.dll,release_1_5_1164953_841,0x1713560,93,FUN_181713560,,,7dddc44f1b9f548e33e02270f578431ae2eae250b9891a3a834df42d6a9bf288,undefined FUN_181713560(),ghidra,clean,
WHGame.dll,release_1_5_1164953_841,0x17135c0,535,FUN_1817135c0,,,50fa8688ccb0d8e1670546209d465390ee2ac97f3b19e90a734d9f516ce4fcac,undefined FUN_1817135c0(),ghidra,clean,
WHGame.dll,release_1_5_1164953_841,0x1713764,125,FUN_181713764,,,76a92b19ee0b2947370da2e5d66111e8337238791e1242af58a1b1e6adc4855d,undefined FUN_181713764(),ghidra,clean,
WHGame.dll,release_1_5_1164953_841,0x17137e4,178,FUN_1817137e4,,,51074d338f17a34528ef5a67c2ce275793284fd10804c08292873ee6c1d46c52,undefined FUN_1817137e4(),ghidra,clean,
WHGame.dll,release_1_5_1164953_841,0x1713898,178,FUN_181713898,,,890e9e960aa7123f7030840231b3117cf5c182dfe81f43631356bf31b2b693a1,undefined FUN_181713898(),ghidra,clean,
WHGame.dll,release_1_5_1164953_841,0x171394c,178,FUN_18171394c,,,550a49486d9dd58b63eaeaf99a7ab9cc66d775c84543a78dcb916055b2d21e51,undefined FUN_18171394c(),ghidra,clean,
WHGame.dll,release_1_5_1164953_841,0x1713a00,26,FUN_181713a00,,,784f42d42467bdc72bf303619520ab86d009b3466c28ed890d4202f919d16798,undefined FUN_181713a00(),ghidra,clean,
WHGame.dll,release_1_5_1164953_841,0x1713a1c,958,FUN_181713a1c,,,ad2f117282d3145dc664e56c897d98cdb158b92cca1556cfa5c677050bb6457d,undefined FUN_181713a1c(),ghidra,clean,
WHGame.dll,release_1_5_1164953_841,0x1713ddc,23,FUN_181713ddc,,,4a2215c3e820937481093c41c3a2c4fdd1b034767afb06c5e8afd475b2e2dc6a,undefined FUN_181713ddc(),ghidra,clean,
WHGame.dll,release_1_5_1164953_841,0x1713df4,155,FUN_181713df4,,,82ca4ba9e0360dccd8d5013288d418dbe91b1bbeba6f8df26ffc7dd904723770,undefined FUN_181713df4(),ghidra,clean,
WHGame.dll,release_1_5_1164953_841,0x1713e90,304,FUN_181713e90,,,19fb9554b72781424b2b0175a509ed28b7582200707501aee4712edb16ff6ac0,undefined FUN_181713e90(),ghidra,clean,
WHGame.dll,release_1_5_1164953_841,0x1713fc0,155,FUN_181713fc0,,,7a7ed044f8cc8f92b492c98e8007b913f811455372ac26d2a32935eb6a11dd1b,undefined FUN_181713fc0(),ghidra,clean,
WHGame.dll,release_1_5_1164953_841,0x171405c,298,FUN_18171405c,,,d10c8afbbf50801b923772e5c906eb71bc98f0cc6e8c697a30665d8fc55c8d1d,undefined FUN_18171405c(),ghidra,clean,
WHGame.dll,release_1_5_1164953_841,0x1714188,570,FUN_181714188,,,9bb55dbdd5648f74b974ae46a88dccc503ab49c0f42b2f17eb8a4fa850a17b57,undefined FUN_181714188(),ghidra,clean,
WHGame.dll,release_1_5_1164953_841,0x17143c4,850,FUN_1817143c4,,,4582053a053e2a9236ca23265f8e4320dfe6fe07c85bc8b52dca37f69fb6f831,undefined FUN_1817143c4(),ghidra,clean,
WHGame.dll,release_1_5_1164953_841,0x1714488,5,FUN_181714488,,,70bf2d6deedcf734920e571ef09558025e359e9a739e5789ffaf6c9299398808,undefined FUN_181714488(),ghidra,clean,
WHGame.dll,release_1_5_1164953_841,0x1714494,264,FUN_181714494,,,aa873511bc315f45a9bfcb6bcf5e546eeabec91441ba54f1ebe9f68b36863b1e,undefined FUN_181714494(),ghidra,clean,
WHGame.dll,release_1_5_1164953_841,0x171459c,155,FUN_18171459c,,,0c213018a353a4581b316fc10df1a98d9a5ecc5e7925839dbee029b9fd537753,undefined FUN_18171459c(),ghidra,clean,
WHGame.dll,release_1_5_1164953_841,0x1714638,291,FUN_181714638,,,bc8ed94fe4d583f34b5d19854c34d1a08e6d1734e567d096f581650b4202255b,undefined FUN_181714638(),ghidra,clean,
WHGame.dll,release_1_5_1164953_841,0x171475c,328,FUN_18171475c,,,c0160c86282441e408cac66838ee2092c1392bd0826bff875f22b9c33753b1b7,undefined FUN_18171475c(),ghidra,clean,
WHGame.dll,release_1_5_1164953_841,0x17148a8,100,FUN_1817148a8,,,0e345bf56b9548fb853fa4690754e21293cb3736e46195a1206732c28a5a375c,undefined FUN_1817148a8(),ghidra,clean,
WHGame.dll,release_1_5_1164953_841,0x171490c,328,FUN_18171490c,,,16029f48f7ead0ae33b9f42eb1591b22670839f810c43f4fc34e5f9f0c975fca,undefined FUN_18171490c(),ghidra,clean,
WHGame.dll,release_1_5_1164953_841,0x1714a58,100,FUN_181714a58,,,ea720593247975036a9e95ff23466830ae64aa4d8181c10ef3912bd31a6e9eb2,undefined FUN_181714a58(),ghidra,clean,
WHGame.dll,release_1_5_1164953_841,0x1714abc,328,FUN_181714abc,,,57b6e11df0048b56937ccdb3c577f8b143e30c62f9449d6d8a7a03537935354a,undefined FUN_181714abc(),ghidra,clean,
WHGame.dll,release_1_5_1164953_841,0x1714c08,100,FUN_181714c08,,,4fb38a65f3d69e3e9811278a5ec9f8efbff4d89b5bc6fd7e694ddce9e85303af,undefined FUN_181714c08(),ghidra,clean,
WHGame.dll,release_1_5_1164953_841,0x1714c6c,328,FUN_181714c6c,,,66438c2584e1b9a39a9ab09868d3e9755e8716a3283193279acedc660378cdbb,undefined FUN_181714c6c(),ghidra,clean,
WHGame.dll,release_1_5_1164953_841,0x1714db8,100,FUN_181714db8,,,12b2e7329159c0f4a686a1429bcfebca2223dab5bf29f76d4567fbd3043d7f67,undefined FUN_181714db8(),ghidra,clean,
WHGame.dll,release_1_5_1164953_841,0x1714e1c,1285,FUN_181714e1c,,,43946e329228c8127332b947bb59739c211568a846f3ee56145e94e5f42f188b,undefined FUN_181714e1c(),ghidra,clean,
WHGame.dll,release_1_5_1164953_841,0x1715340,30,FUN_181715340,,,8def71c138bdf8531278d0aa5d00aacdafaab6de27a65c950670769f981e36f5,undefined FUN_181715340(),ghidra,clean,
WHGame.dll,release_1_5_1164953_841,0x1715360,14,FUN_181715360,,,11dfe064072b63072060059f3b7764bccdefd5e7627bac87bc8a41d06e5012a6,undefined FUN_181715360(),ghidra,clean,
WHGame.dll,release_1_5_1164953_841,0x1715370,196,FUN_181715370,,,4fda96c9efc651e71f68e506028f8f8ee7ce40392c9af8dfd4686ec7279b2915,undefined FUN_181715370(),ghidra,clean,
WHGame.dll,release_1_5_1164953_841,0x171542c,175,FUN_18171542c,,,d3e0588b83d6d6068ba252f0e6079a3e06877011dded49bcf3ca1a52ebc9c9e2,undefined FUN_18171542c(),ghidra,clean,
WHGame.dll,release_1_5_1164953_841,0x17154dc,155,FUN_1817154dc,,,3f098b7c996660403f31f10a77f8dcccb212414e726915d749a49d6db903b739,undefined FUN_1817154dc(),ghidra,clean,
WHGame.dll,release_1_5_1164953_841,0x1715578,291,FUN_181715578,,,b37fefbd7454d2b4b0728e897b3d6578066b1b6fd893d55c7f0aeb81ea52f51e,undefined FUN_181715578(),ghidra,clean,
WHGame.dll,release_1_5_1164953_841,0x171569c,196,FUN_18171569c,,,3956510543e65e4960b73befffdb87b9d52824da840fae9eb6111eefb11c48f5,undefined FUN_18171569c(),ghidra,clean,
WHGame.dll,release_1_5_1164953_841,0x1715758,175,FUN_181715758,,,a79d75d3a1a1ab46c9320eaae6c67370ce7f353f0b266a5df42ee015af1d9667,undefined FUN_181715758(),ghidra,clean,
WHGame.dll,release_1_5_1164953_841,0x1715808,196,FUN_181715808,,,195b4e66a4947fbfc47bcbef8a674b5c4072636d4206b7b1348ca1d52499be79,undefined FUN_181715808(),ghidra,clean,
WHGame.dll,release_1_5_1164953_841,0x17158c4,175,FUN_1817158c4,,,6acd86baf8a244e8e19923798b67f486d26a385b661c58dd6bb32df237dca8c2,undefined FUN_1817158c4(),ghidra,clean,
WHGame.dll,release_1_5_1164953_841,0x1715974,196,FUN_181715974,,,3f493835a6dcef85b200ff025dde704508589636e63430ed7f46a8ad0939ebcc,undefined FUN_181715974(),ghidra,clean,
WHGame.dll,release_1_5_1164953_841,0x1715a30,175,FUN_181715a30,,,30627f9c8f0f05f8d1f574a48e20f35d8463ec120567fb635f092476144293c6,undefined FUN_181715a30(),ghidra,clean,
WHGame.dll,release_1_5_1164953_841,0x1715ae0,125,FUN_181715ae0,,,33ba4ed13dbc57814d15c4d04cb0931df944f9f38e1aeb3f599e492b5b736121,undefined FUN_181715ae0(),ghidra,clean,
WHGame.dll,release_1_5_1164953_841,0x1715b60,33,FUN_181715b60,,,edbbea83d05b3d8b39c7e39ae2f8433b6fc5be8e857bbfa2b1fdced9aacd8855,undefined FUN_181715b60(),ghidra,clean,
WHGame.dll,release_1_5_1164953_841,0x1715b84,53,FUN_181715b84,,,fe296a4063c2916b8d176a8fd6e22f06ab48709c448c7356c92fd31985f14e15,undefined FUN_181715b84(),ghidra,clean,
WHGame.dll,release_1_5_1164953_841,0x1715bd8,155,FUN_181715bd8,,,ef7096ffcf6f6bc203ebac756165c29537a6cf964a4bc2eaed61d8036db25e76,undefined FUN_181715bd8(),ghidra,clean,
WHGame.dll,release_1_5_1164953_841,0x1715c74,291,FUN_181715c74,,,e1ae46fed735082ddaa37def1e63cfa39371333135c42f1528b107c912d1a390,undefined FUN_181715c74(),ghidra,clean,
WHGame.dll,release_1_5_1164953_841,0x1715d98,77,FUN_181715d98,,,fc35f1803380ff381a7fd6ea810d0db531f429091cda9ce481a86b2786419295,undefined FUN_181715d98(),ghidra,clean,
WHGame.dll,release_1_5_1164953_841,0x1715dc8,370,FUN_181715dc8,,,a7e8443c2c417f4832fd34bc13e528269e770eb1659ef791849d3b546db43df0,undefined FUN_181715dc8(),ghidra,clean,
WHGame.dll,release_1_5_1164953_841,0x1715f3c,570,FUN_181715f3c,,,f2352b3243cb6aa305736d0f8660a772254b4e9df4a32094f6ade0bc73faf2a7,undefined FUN_181715f3c(),ghidra,clean,
WHGame.dll,release_1_5_1164953_841,0x1716178,850,FUN_181716178,,,54258ea6f5ac29386712d079dbbe4790b31604c92a344a4b9b4f9da3e5dcf6f0,undefined FUN_181716178(),ghidra,clean,
WHGame.dll,release_1_5_1164953_841,0x171623c,5,FUN_18171623c,,,70bf2d6deedcf734920e571ef09558025e359e9a739e5789ffaf6c9299398808,undefined FUN_18171623c(),ghidra,clean,
WHGame.dll,release_1_5_1164953_841,0x1716248,264,FUN_181716248,,,edb1b41730fc2c64b4e00418897d6b726b81ce8ad141037b978c29dc247f8d91,undefined FUN_181716248(),ghidra,clean,
WHGame.dll,release_1_5_1164953_841,0x1716350,155,FUN_181716350,,,dafbe4421d0587c8cd0c55613160e136b2423764a0e87c81c39315b27981d002,undefined FUN_181716350(),ghidra,clean,
WHGame.dll,release_1_5_1164953_841,0x17163ec,291,FUN_1817163ec,,,711065d54025904e5e3a7ba2a9fddca104af5226e2814544ec84b470ef48298a,undefined FUN_1817163ec(),ghidra,clean,
WHGame.dll,release_1_5_1164953_841,0x1716510,48,FUN_181716510,,,d031881720256d32e99a851d4ad9dc540890f2fed0cc5751e82f53a95616d7cf,undefined FUN_181716510(),ghidra,clean,
WHGame.dll,release_1_5_1164953_841,0x171652c,34,FUN_18171652c,,,b5d416094f00749f0242ef4de46a934746f4835ee06a56dfaa46d06bc0cf8845,undefined FUN_18171652c(),ghidra,clean,
WHGame.dll,release_1_5_1164953_841,0x1716550,111,FUN_181716550,,,d7cd6824449a0662b130709d8fbabe22a784a6cb1aa4554d650bd6e5b7054167,undefined FUN_181716550(),ghidra,clean,
WHGame.dll,release_1_5_1164953_841,0x17165c0,160,FUN_1817165c0,,,48711922b0cde21f49d4c537b57d01a504b01d218f62f73dcb986c1e896e3e5a,undefined FUN_1817165c0(),ghidra,clean,
WHGame.dll,release_1_5_1164953_841,0x1716660,203,FUN_181716660,,,bed36e3cea522ec55346afbd2cb2f45029825fad8d6aa5dd6c4b0046b53a35c1,undefined FUN_181716660(),ghidra,clean,
WHGame.dll,release_1_5_1164953_841,0x171672c,148,FUN_18171672c,,,44cb51b64970db38fbe1a25cc23d1d30e1aa060d84cc8e1302b9f4a3b68b1665,undefined FUN_18171672c(),ghidra,clean,
WHGame.dll,release_1_5_1164953_841,0x17167c0,43,FUN_1817167c0,,,e1dab87e6a290ac7f2484209e09812096afc8d81969088664ff9c549ca62919e,undefined FUN_1817167c0(),ghidra,clean,
WHGame.dll,release_1_5_1164953_841,0x17167ec,43,FUN_1817167ec,,,6826144c1dd3f6df5b7145e791aa9c8f56dd52d64e308f6ac2c1c9a52ab40dbb,undefined FUN_1817167ec(),ghidra,clean,
WHGame.dll,release_1_5_1164953_841,0x171680c,180,FUN_18171680c,,,9f4d7793dfd6fbd0caf0e95298f7660cf9be58be3f28045e68e35b2160d14d38,undefined FUN_18171680c(),ghidra,clean,
WHGame.dll,release_1_5_1164953_841,0x17168c0,328,FUN_1817168c0,,,692c00f1a7da565155edbb6efc2f8ce752e25a08780fa22b084d75e03e742953,undefined FUN_1817168c0(),ghidra,clean,
WHGame.dll,release_1_5_1164953_841,0x1716a0c,100,FUN_181716a0c,,,5c1af437ecf05d00ca89229b5733c9d9b25ec7546c9c2f5709e54efec4ea4af7,undefined FUN_181716a0c(),ghidra,clean,
WHGame.dll,release_1_5_1164953_841,0x1716a70,28,FUN_181716a70,,,0ada26fdc214d9fa935cf1938e2f1c2c7f6f0327830103c37ef16af5c3fcb0b4,undefined FUN_181716a70(),ghidra,clean,
WHGame.dll,release_1_5_1164953_841,0x1716a8c,167,FUN_181716a8c,,,b5fecd34bca61c44e53e10747b21cc004370c4c368b11b91fe8f400d6541ad94,undefined FUN_181716a8c(),ghidra,clean,
WHGame.dll,release_1_5_1164953_841,0x1716b34,62,FUN_181716b34,,,16c3a74ec01e352b2cad4ec087d517ec30779bf10c1dbc2b650828e331e31916,undefined FUN_181716b34(),ghidra,clean,
WHGame.dll,release_1_5_1164953_841,0x1716b74,222,FUN_181716b74,,,9105484cda20273ecbafbb2cd20dd5851a8313283af9b6af805ce2ff9f1f39b3,undefined FUN_181716b74(),ghidra,clean,
WHGame.dll,release_1_5_1164953_841,0x1716c54,81,FUN_181716c54,,,348c5f4d37018a73a6f36ca820ed8bc73d1f9df9910ddf6adcc6771cadd5e7e7,undefined FUN_181716c54(),ghidra,clean,
WHGame.dll,release_1_5_1164953_841,0x1716c88,108,FUN_181716c88,,,a37c21928918919c0a0508a3eaa06547c0a972f34600b1b8ca36b0f4225cdf53,undefined FUN_181716c88(),ghidra,clean,
WHGame.dll,release_1_5_1164953_841,0x1716cf4,177,FUN_181716cf4,,,13a6eebb6fa8f4688bc72e5b81d1c08700e2df742ff4daa3dbfae5a3f173c757,undefined FUN_181716cf4(),ghidra,clean,
WHGame.dll,release_1_5_1164953_841,0x1716d64,9,FUN_181716d64,,,72af3ae11b4d5b3111b618d9e17de51d83db3b47d3273c8af42c0542a6bd185c,undefined FUN_181716d64(),ghidra,clean,
WHGame.dll,release_1_5_1164953_841,0x1716d70,32,FUN_181716d70,,,e32a38c0f2a6f8e3f3f88220f7933f6d7b41f72611a7908307e6d31c2d2775d4,undefined FUN_181716d70(),ghidra,clean,
WHGame.dll,release_1_5_1164953_841,0x1716d90,155,FUN_181716d90,,,ae797627ff26ec6c3271096e1266c7c40fbfc8952a2a937170d3cca04dbfdd0a,undefined FUN_181716d90(),ghidra,clean,
WHGame.dll,release_1_5_1164953_841,0x1716e2c,291,FUN_181716e2c,,,35548752764519a609745a11b7433c16dc64dbaeb68fb9788fea9053e8a2e3a8,undefined FUN_181716e2c(),ghidra,clean,
WHGame.dll,release_1_5_1164953_841,0x1716f50,155,FUN_181716f50,,,5ff6f0454627b693057fbf3afca9c34994f1894ade68eefcc13bcd0796c71ac1,undefined FUN_181716f50(),ghidra,clean,
WHGame.dll,release_1_5_1164953_841,0x1716fec,311,FUN_181716fec,,,b86ed042c380246774d32a20fb0e6dd69ae58006c0dac4d102d89c321a635224,undefined FUN_181716fec(),ghidra,clean,
WHGame.dll,release_1_5_1164953_841,0x1717124,180,FUN_181717124,,,464b6ab930a7a1a216cf073ece08bbc114f4c0359b42e6f99698bb5442838e3e,undefined FUN_181717124(),ghidra,clean,
WHGame.dll,release_1_5_1164953_841,0x17171d8,159,FUN_1817171d8,,,09f5a4c5fa55630daa582c4bbc13f9f2531c171cec35df97ae1a0b9869703604,undefined FUN_1817171d8(),ghidra,clean,
WHGame.dll,release_1_5_1164953_841,0x1717278,80,FUN_181717278,,,e5e233368807f0c295b2dd81c8a930b01578e03774d8ac5fdfa3e0ed0181327d,undefined FUN_181717278(),ghidra,clean,
WHGame.dll,release_1_5_1164953_841,0x17172c8,80,FUN_1817172c8,,,455891ec34341be613e71dce0ee7fe9df250459ee608cbe9aa22d105781e2482,undefined FUN_1817172c8(),ghidra,clean,
WHGame.dll,release_1_5_1164953_841,0x1717318,85,FUN_181717318,,,e4c6d1751c7268d6a8f34d916e9355f3ec14a44916af3a768c478a6b9b4648c5,undefined FUN_181717318(),ghidra,clean,
WHGame.dll,release_1_5_1164953_841,0x171734c,80,FUN_18171734c,,,809c35e44eac15d626f3f8c90b491a30ef8ee4a33944c4652bd9b88722c5b9d9,undefined FUN_18171734c(),ghidra,clean,
WHGame.dll,release_1_5_1164953_841,0x171739c,80,FUN_18171739c,,,15336e51c73df1ebeb16d2447f07f6565e4e8f76baeceaa0936baea17fcd2f5f,undefined FUN_18171739c(),ghidra,clean,
WHGame.dll,release_1_5_1164953_841,0x17173ec,85,FUN_1817173ec,,,f0c973f08fa69552f6657adc75bd4426de964f9de040fb188a4f2b4f2855798a,undefined FUN_1817173ec(),ghidra,clean,
WHGame.dll,release_1_5_1164953_841,0x1717420,80,FUN_181717420,,,56fb6b58e26635c39e99bffaa5abb9922ac230260bb22167ee26597cba90142a,undefined FUN_181717420(),ghidra,clean,
WHGame.dll,release_1_5_1164953_841,0x1717470,85,FUN_181717470,,,5e612f83beb057502ea15adf90bbb42a38ff0464deb239988f3016190eedec13,undefined FUN_181717470(),ghidra,clean,
WHGame.dll,release_1_5_1164953_841,0x17174a4,80,FUN_1817174a4,,,68bc9bbe3c0864dff551371e272d704d60a92dc681e28ec06501badf50842b7f,undefined FUN_1817174a4(),ghidra,clean,
WHGame.dll,release_1_5_1164953_841,0x17174f4,80,FUN_1817174f4,,,d7e4bf1aadbf5a9d44d04fc59a7dfacc71e3306508a5c0bfa81e820715aeec60,undefined FUN_1817174f4(),ghidra,clean,
WHGame.dll,release_1_5_1164953_841,0x1717544,85,FUN_181717544,,,f92a671f4457914f87ac4e27ae22b58f19dddf3361d4bbb89dd987fae4866538,undefined FUN_181717544(),ghidra,clean,
WHGame.dll,release_1_5_1164953_841,0x1717578,52,FUN_181717578,,,30433ec805a6964d340b64b0767c69a2817db1b0bd26095bd2a0ba82339a00cf,undefined FUN_181717578(),ghidra,clean,
WHGame.dll,release_1_5_1164953_841,0x17175ac,58,FUN_1817175ac,,,21828babfd4b7a025ab9d7d0345e6be331c1257888b49e032ac1823c9a172fbc,undefined FUN_1817175ac(),ghidra,clean,
WHGame.dll,release_1_5_1164953_841,0x17175e8,347,FUN_1817175e8,,,3b1ed4bde0e43bb7d526a3abfe46b0b448db329624e8833a78deae4a1ee97f0c,undefined FUN_1817175e8(),ghidra,clean,
WHGame.dll,release_1_5_1164953_841,0x1717744,34,FUN_181717744,,,6c938e41ef977a23871f78c60c9a2922a7c00129f0a3fa9f7aef8047f0943888,undefined FUN_181717744(),ghidra,clean,
WHGame.dll,release_1_5_1164953_841,0x1717768,355,FUN_181717768,,,8d848b549a98a41859d5130888d4ca274d1a4a088a74dbb04e7ca5bc7b3d8377,undefined FUN_181717768(),ghidra,clean,
WHGame.dll,release_1_5_1164953_841,0x171783c,206,FUN_18171783c,,,25503c7b78475f46aef966646f182592e4580e16342c61838a6a3cc5a27c2d95,undefined FUN_18171783c(),ghidra,clean,
WHGame.dll,release_1_5_1164953_841,0x1717884,93,FUN_181717884,,,510d4cb6b61eccdcaaf59fcbf5657f285d65ed61196e9b0c08d51d9f63db0ced,undefined FUN_181717884(),ghidra,clean,
WHGame.dll,release_1_5_1164953_841,0x17178e4,192,FUN_1817178e4,,,f76b369227fbff7df3bef308b1cb52e60128f7c880f34f85f6fc9afb92435855,undefined FUN_1817178e4(),ghidra,clean,
WHGame.dll,release_1_5_1164953_841,0x17179a4,26,FUN_1817179a4,,,26ba696b6bebf89b373aba7f3f15686aefa99c2d0eabb59125feb6e81ad26bd5,undefined FUN_1817179a4(),ghidra,clean,
WHGame.dll,release_1_5_1164953_841,0x17179c0,116,FUN_1817179c0,,,efbdcc7d1e44e84f89fe30e347e5eac6569c9dcecd1a374ca5ec7c82651d5641,undefined FUN_1817179c0(),ghidra,clean,
WHGame.dll,release_1_5_1164953_841,0x1717a34,383,FUN_181717a34,,,61b5412923d4d451bd4d7f39dbdaae67fe01faf5f650e16b17c1e695941f8904,undefined FUN_181717a34(),ghidra,clean,
WHGame.dll,release_1_5_1164953_841,0x1717bb4,392,FUN_181717bb4,,,a8458bc6e56850b696a5dcea9e1818a448db45bc51e0e9e91ef972b2c28f3f45,undefined FUN_181717bb4(),ghidra,clean,
WHGame.dll,release_1_5_1164953_841,0x1717c74,67,FUN_181717c74,,,c9ae2d85bb5071ed98228592ac5503bd09fd4aaea2045894632aed9c7009d216,undefined FUN_181717c74(),ghidra,clean,
WHGame.dll,release_1_5_1164953_841,0x1717c9c,129,FUN_181717c9c,,,7ce50592768790a05eb5e43ea4e09f016131a8ef5d6eef0451c7d1593b7c6744,undefined FUN_181717c9c(),ghidra,clean,
WHGame.dll,release_1_5_1164953_841,0x1717d20,266,FUN_181717d20,,,c747437c7a59eae476e25968f1573a579a179a7fc76840a4b03d41ec481fa546,undefined FUN_181717d20(),ghidra,clean,
WHGame.dll,release_1_5_1164953_841,0x1717e2c,212,FUN_181717e2c,,,7905a6674d426a3ebf5de75490940de96c7fdec3d3ad67f5213e8501570defbf,undefined FUN_181717e2c(),ghidra,clean,
WHGame.dll,release_1_5_1164953_841,0x1717f00,155,FUN_181717f00,,,1a064ceef246a9a9bf316e83acf06d2850ecd3134e5fdb47e07b322a82efb6e5,undefined FUN_181717f00(),ghidra,clean,
WHGame.dll,release_1_5_1164953_841,0x1717f9c,291,FUN_181717f9c,,,987af3356d1c34b1d99bacd3b4418b48cca9dbcd2c64bdf1dbcdbfdcaaf8c9f1,undefined FUN_181717f9c(),ghidra,clean,
WHGame.dll,release_1_5_1164953_841,0x17180c0,155,FUN_1817180c0,,,49516af153782a3dea0e52387e95269e6b6ae8d18639737cd03462d0a8f917ba,undefined FUN_1817180c0(),ghidra,clean,
WHGame.dll,release_1_5_1164953_841,0x171815c,291,FUN_18171815c,,,411fc799cb5ce59d7b981d2bd0849856533146c9b8b72b553c65f86bbd8f63db,undefined FUN_18171815c(),ghidra,clean,
WHGame.dll,release_1_5_1164953_841,0x1718280,328,FUN_181718280,,,727bf885f85a64bf6d2109ee39df64ef6aa82b235ffa7a8db2f4d77935d2e917,undefined FUN_181718280(),ghidra,clean,
WHGame.dll,release_1_5_1164953_841,0x17183cc,100,FUN_1817183cc,,,4611ce14c68ad82cfe7a438fe23ada6f638d011eb76edac36583d671cd14a3c5,undefined FUN_1817183cc(),ghidra,clean,
WHGame.dll,release_1_5_1164953_841,0x1718430,328,FUN_181718430,,,2e108cce5def9edff45e27a3e0900d9fa1f414938785d12975965500bcfb8e13,undefined FUN_181718430(),ghidra,clean,
WHGame.dll,release_1_5_1164953_841,0x171857c,100,FUN_18171857c,,,56b38b3b629ae6686bd03dabca237fabe330f05c7b623490d31cd06fbc69533b,undefined FUN_18171857c(),ghidra,clean,
WHGame.dll,release_1_5_1164953_841,0x17185e0,8,FUN_1817185e0,,,fe2f763bc91eb010d7a7ff979f98bfc8979655d480a8d3173b04cc91a18963ff,undefined FUN_1817185e0(),ghidra,clean,
WHGame.dll,release_1_5_1164953_841,0x17185e8,128,FUN_1817185e8,,,b63be593dfe5c5ab746bc8d6f7b410346569ec125e5ebc64951636cf3f9f5acc,undefined FUN_1817185e8(),ghidra,clean,
WHGame.dll,release_1_5_1164953_841,0x1718668,511,FUN_181718668,,,c48c70f23b511cc3a576c3f043af9469d41cfcfee55623410ff3039f5444e5ba,undefined FUN_181718668(),ghidra,clean,
WHGame.dll,release_1_5_1164953_841,0x171885c,36,FUN_18171885c,,,f3bad91d73cb6fa532060ee13c6f31939586417521463b7bf051b41b6c468330,undefined FUN_18171885c(),ghidra,clean,
WHGame.dll,release_1_5_1164953_841,0x1718880,204,FUN_181718880,,,1ccadba24ba62244290585533799cbdb136098ec6ba4726eea945c36138805a2,undefined FUN_181718880(),ghidra,clean,
WHGame.dll,release_1_5_1164953_841,0x171892c,204,FUN_18171892c,,,733efd8a8e5307a23a9bb8ff1435fb4bdfd443b5b16616bc0ddb0804a5b57abf,undefined FUN_18171892c(),ghidra,clean,
WHGame.dll,release_1_5_1164953_841,0x17189d8,204,FUN_1817189d8,,,d7d2322b43a980a3f98c33cccb8c8616c164361ad58eaa519d04bdfe7166d499,undefined FUN_1817189d8(),ghidra,clean,
WHGame.dll,release_1_5_1164953_841,0x1718a84,200,FUN_181718a84,,,4eb17eefb46135336c328965e78fd960e052e6290dab66a870e23ac64af1579b,undefined FUN_181718a84(),ghidra,clean,
WHGame.dll,release_1_5_1164953_841,0x1718b2c,26,FUN_181718b2c,,,54c0330dfd6356566c61307a573fa69e569a8e2d129d7909424bb688865eb504,undefined FUN_181718b2c(),ghidra,clean,
WHGame.dll,release_1_5_1164953_841,0x1718b48,151,FUN_181718b48,,,136e61066dfa40586baa18029b15c9bac5e25cd9698322ffcdc21f93af868fa3,undefined FUN_181718b48(),ghidra,clean,
WHGame.dll,release_1_5_1164953_841,0x1718be0,151,FUN_181718be0,,,addcddf21a457b65b5aeeac07807434a964c17a3a07f65bb05df464263a80d62,undefined FUN_181718be0(),ghidra,clean,
WHGame.dll,release_1_5_1164953_841,0x1718c78,151,FUN_181718c78,,,7f59806aa00963f64f00898b101542b1efaaf60a2d6c52e3d0c900706c6c866e,undefined FUN_181718c78(),ghidra,clean,
WHGame.dll,release_1_5_1164953_841,0x1718d10,151,FUN_181718d10,,,4793a34351807614b2a45c5bd45d93d25fe428373f2c7fec300c34fe5f560500,undefined FUN_181718d10(),ghidra,clean,
WHGame.dll,release_1_5_1164953_841,0x1718da8,155,FUN_181718da8,,,4ddc6653bf3ffccd708ef827504b0fdf16b0ed48d5a2719b340aac702d283e20,undefined FUN_181718da8(),ghidra,clean,
WHGame.dll,release_1_5_1164953_841,0x1718e44,304,FUN_181718e44,,,8a27c6718c30906e32b43beca03f239ae8a3b59059225c59672959226c890096,undefined FUN_181718e44(),ghidra,clean,
WHGame.dll,release_1_5_1164953_841,0x1718f74,155,FUN_181718f74,,,a42c46c64a0efffb000af23b71e2fa7e0f255ffa4ccacfc065dc7c918924c252,undefined FUN_181718f74(),ghidra,clean,
WHGame.dll,release_1_5_1164953_841,0x1719010,298,FUN_181719010,,,2d46aab75abc5e0ddafce85efb6f2a1fc4d438185fa9f9095cf5c2453a5b0bb5,undefined FUN_181719010(),ghidra,clean,
WHGame.dll,release_1_5_1164953_841,0x171913c,151,FUN_18171913c,,,aa6430b65d668cd6cdaf335ddf109b1c4a4c226c93ce4858e7f2363de5d3f849,undefined FUN_18171913c(),ghidra,clean,
WHGame.dll,release_1_5_1164953_841,0x17191d4,151,FUN_1817191d4,,,999f26728bf6bc818b636275db19852fbeee10cbe4c15b2fc8e06a8bb9a2012a,undefined FUN_1817191d4(),ghidra,clean,
WHGame.dll,release_1_5_1164953_841,0x171926c,151,FUN_18171926c,,,3adf527c13a180a2051070e418f3d6a02d349211af82ab9d924c00086dcc451f,undefined FUN_18171926c(),ghidra,clean,
WHGame.dll,release_1_5_1164953_841,0x1719304,151,FUN_181719304,,,6d9ab89c1060f5a2da20d1514f73a7233804c312b15982970d1be2eb02ef4170,undefined FUN_181719304(),ghidra,clean,
WHGame.dll,release_1_5_1164953_841,0x171939c,204,FUN_18171939c,,,eda065779bc4e638d37aadd51b6657ff26cae083643529ce2063dd84912ec839,undefined FUN_18171939c(),ghidra,clean,
WHGame.dll,release_1_5_1164953_841,0x1719448,204,FUN_181719448,,,3df9aa26a0826afe2d2d01e4aa1944a03a9cf1f14f505dbbe6b152f4d53f1293,undefined FUN_181719448(),ghidra,clean,
WHGame.dll,release_1_5_1164953_841,0x17194f4,204,FUN_1817194f4,,,0db3be212e05c2d92c66ac1e426602036de96f4f2009bdcd587fe4af2538cb40,undefined FUN_1817194f4(),ghidra,clean,
WHGame.dll,release_1_5_1164953_841,0x17195a0,200,FUN_1817195a0,,,bf14d7a849ccd99dd3555a0f3759af755ce134258509d41641ac8516f7715f6d,undefined FUN_1817195a0(),ghidra,clean,
WHGame.dll,release_1_5_1164953_841,0x1719648,26,FUN_181719648,,,54c0330dfd6356566c61307a573fa69e569a8e2d129d7909424bb688865eb504,undefined FUN_181719648(),ghidra,clean,
WHGame.dll,release_1_5_1164953_841,0x1719664,151,FUN_181719664,,,1d23b5005459ba79100e30beec2f74dab2a0026bd5c7a995e02e6c980eef1157,undefined FUN_181719664(),ghidra,clean,
WHGame.dll,release_1_5_1164953_841,0x17196fc,151,FUN_1817196fc,,,31313813571d6093ccd387aa89f7dbacacd55ddf3f331940143a77ddee079b2f,undefined FUN_1817196fc(),ghidra,clean,
WHGame.dll,release_1_5_1164953_841,0x1719794,151,FUN_181719794,,,b167a5f0546e43bdfca1cd1a97e9da385fb48d47aaff55d14c589838d5801175,undefined FUN_181719794(),ghidra,clean,
WHGame.dll,release_1_5_1164953_841,0x171982c,151,FUN_18171982c,,,41f14591ebcd060cc4c8b9f376256fd856e4306c68e445e32cbc782597b241c2,undefined FUN_18171982c(),ghidra,clean,
WHGame.dll,release_1_5_1164953_841,0x17198c4,155,FUN_1817198c4,,,40241ad2d1c3e798fd43500e91251481c3adb6da055d9965e3269b4537f4ff25,undefined FUN_1817198c4(),ghidra,clean,
WHGame.dll,release_1_5_1164953_841,0x1719960,304,FUN_181719960,,,eb84fd310420ceb02858026e9652a1734521bc7c2601161f5b55145986a49ee1,undefined FUN_181719960(),ghidra,clean,
WHGame.dll,release_1_5_1164953_841,0x1719a90,155,FUN_181719a90,,,d15d88f606dd0e4044d437742df52966b210fe4e73738abfddabb61ababf37e8,undefined FUN_181719a90(),ghidra,clean,
WHGame.dll,release_1_5_1164953_841,0x1719b2c,298,FUN_181719b2c,,,fee6ee936fba92c754d99028c4378fce02a7dbbcf02b6a9ecda34c51c5b68156,undefined FUN_181719b2c(),ghidra,clean,
WHGame.dll,release_1_5_1164953_841,0x1719c58,151,FUN_181719c58,,,c5b08cc8e0893595577412123bcbffe25221778a6232fb50e2efa91e70e8d2be,undefined FUN_181719c58(),ghidra,clean,
WHGame.dll,release_1_5_1164953_841,0x1719cf0,151,FUN_181719cf0,,,41e6d1e5a1ef9b5dec73ee1cc11713049e5410ffb047a55c68c6ad1a8f83e685,undefined FUN_181719cf0(),ghidra,clean,
WHGame.dll,release_1_5_1164953_841,0x1719d88,151,FUN_181719d88,,,2b2504e58d6af0c09cdb864c4f53f1c7721b2d78ff622b2baad791ab3d50286d,undefined FUN_181719d88(),ghidra,clean,
WHGame.dll,release_1_5_1164953_841,0x1719e20,151,FUN_181719e20,,,e75c319e4cfffbf97d25c7c34b4f791abd2fc73b3b235129cc88dcb58c6a28d9,undefined FUN_181719e20(),ghidra,clean,
WHGame.dll,release_1_5_1164953_841,0x1719eb8,49,FUN_181719eb8,,,758e2bab17f2e29f1a59563c44c4be9271ae0123cd92ffd713831f58fdd93675,undefined FUN_181719eb8(),ghidra,clean,
WHGame.dll,release_1_5_1164953_841,0x1719eec,155,FUN_181719eec,,,c71da49160138a0b090069f33d667b034c807f08873fd3137d9cbac879b4c871,undefined FUN_181719eec(),ghidra,clean,
WHGame.dll,release_1_5_1164953_841,0x1719f88,291,FUN_181719f88,,,4d1ae91439e6c824dc656f0bf84e9d66dacb98cd33016eee685fb77eb3e5b657,undefined FUN_181719f88(),ghidra,clean,
WHGame.dll,release_1_5_1164953_841,0x171a0ac,160,FUN_18171a0ac,,,d0c76a2ef094428f0a011c6bba5be38f6c390c8230c588798b295aeee0e3c69c,undefined FUN_18171a0ac(),ghidra,clean,
WHGame.dll,release_1_5_1164953_841,0x171a14c,62,FUN_18171a14c,,,b046babfe3611d8e181affe1b3b5e8115dea217c336065efbb85864394876fce,undefined FUN_18171a14c(),ghidra,clean,
WHGame.dll,release_1_5_1164953_841,0x171a178,52,FUN_18171a178,,,7ee5fae44ac9accd5cfd7fbc4da674beb8a862834bfb43db9ef36fb70c2647ab,undefined FUN_18171a178(),ghidra,clean,
WHGame.dll,release_1_5_1164953_841,0x171a1ac,62,FUN_18171a1ac,,,f8c8023c2e7dd5aa8c9421b80b21dce6a5e9e95b96aa090c9239babc92660c02,undefined FUN_18171a1ac(),ghidra,clean,
WHGame.dll,release_1_5_1164953_841,0x171a1d8,52,FUN_18171a1d8,,,1fb98c79909ccea737059dd12499922737fe250a070be58ecd61dacbb62d7785,undefined FUN_18171a1d8(),ghidra,clean,
WHGame.dll,release_1_5_1164953_841,0x171a20c,33,FUN_18171a20c,,,b3a2a6889d57dd9c24afccb607830d3c9f9acbf06beeca57d2b12bee04bb80a9,undefined FUN_18171a20c(),ghidra,clean,
WHGame.dll,release_1_5_1164953_841,0x171a230,148,FUN_18171a230,,,4b0eca54e87a0997ca35b7a79fdf2fd6c675fe19967733c27721895879cce7ca,undefined FUN_18171a230(),ghidra,clean,
WHGame.dll,release_1_5_1164953_841,0x171a2ac,30,FUN_18171a2ac,,,d9d1cbbcda3865ed2c174e2d50f3d88e13759141087401f8b0cd48bc1c8fb136,undefined FUN_18171a2ac(),ghidra,clean,
WHGame.dll,release_1_5_1164953_841,0x171a2cc,30,FUN_18171a2cc,,,bae198c154f98e1878fb51f209ca976e53dff3dea8ca2afd00144aaea05e49c0,undefined FUN_18171a2cc(),ghidra,clean,
WHGame.dll,release_1_5_1164953_841,0x171a2ec,591,FUN_18171a2ec,,,662084a3f4436e35d6956b9ca4f1ee6323a342b86419d90989debaa81e32eac2,undefined FUN_18171a2ec(),ghidra,clean,
WHGame.dll,release_1_5_1164953_841,0x171a53c,95,FUN_18171a53c,,,36d3572b6ea2b9ce7e3b1ae0544eaf1fdc31aced4438cf634010e866e6dfadf7,undefined FUN_18171a53c(),ghidra,clean,
WHGame.dll,release_1_5_1164953_841,0x171a59c,166,FUN_18171a59c,,,f47b7ce0618e82f0f7b5e6415eb9461656687ae430363e223f839a6dca927570,undefined FUN_18171a59c(),ghidra,clean,
WHGame.dll,release_1_5_1164953_841,0x171a644,294,FUN_18171a644,,,72ed2c87193114dfa6bb308b6da621563ff60cdace36651edfe92e9c0c8735c2,undefined FUN_18171a644(),ghidra,clean,
WHGame.dll,release_1_5_1164953_841,0x171a76c,200,FUN_18171a76c,,,04affabcc27b07b213d0d7d2e1c40f872d3dff1c0ce68f590ce70691c331c436,undefined FUN_18171a76c(),ghidra,clean,
WHGame.dll,release_1_5_1164953_841,0x171a814,26,FUN_18171a814,,,c8f75b32a1905f6d8a8a224b1327440ffb6983f0e740c98d9782bf405f99c7b5,undefined FUN_18171a814(),ghidra,clean,
WHGame.dll,release_1_5_1164953_841,0x171a830,1137,FUN_18171a830,,,a2d10522c3e5900fef82d5067da9e5e2a0d8db56e3b2c867d9ce39428a95736e,undefined FUN_18171a830(),ghidra,clean,
WHGame.dll,release_1_5_1164953_841,0x171aca4,151,FUN_18171aca4,,,e489455c28ce25d10c51aad59f8d2ec059de9f4c296618ece830e97635316a9a,undefined FUN_18171aca4(),ghidra,clean,
WHGame.dll,release_1_5_1164953_841,0x171ad3c,155,FUN_18171ad3c,,,ad792c57858271aad4ea4afac0d97d2ad7cde0ec97e3ee3f70169e9a90a02e83,undefined FUN_18171ad3c(),ghidra,clean,
WHGame.dll,release_1_5_1164953_841,0x171add8,314,FUN_18171add8,,,8ac000538ae38060f0a156041b33a71b62bcb8d76db9104a3a1a8ad4471f7d27,undefined FUN_18171add8(),ghidra,clean,
WHGame.dll,release_1_5_1164953_841,0x171af14,155,FUN_18171af14,,,ea7e2bbdc985acd55c69e54b1209361bdeef82751c9112338d3db0d2260c4ad5,undefined FUN_18171af14(),ghidra,clean,
WHGame.dll,release_1_5_1164953_841,0x171afb0,308,FUN_18171afb0,,,961336e73cb7591beeb13305d2da93131ff090c2fb7568e39561ae38bd62cdbe,undefined FUN_18171afb0(),ghidra,clean,
WHGame.dll,release_1_5_1164953_841,0x171b0e4,151,FUN_18171b0e4,,,df6a2c6fe822b766506d4ced70d9a0f1e8504644c0e212e00995d9209c4c2e56,undefined FUN_18171b0e4(),ghidra,clean,
WHGame.dll,release_1_5_1164953_841,0x171b17c,155,FUN_18171b17c,,,ca2527a391f43332202f8f426d2814ac7828524521c17753cf8c31ab4e33515d,undefined FUN_18171b17c(),ghidra,clean,
WHGame.dll,release_1_5_1164953_841,0x171b218,311,FUN_18171b218,,,9fa2d58ec36cdd52bd9731124015c56284b1d7a6243f70da4ccc4b87fc4c134b,undefined FUN_18171b218(),ghidra,clean,
WHGame.dll,release_1_5_1164953_841,0x171b350,9,FUN_18171b350,,,e2ca3ece2a034b5f8ce4ca54fd0663f2e7d0a8667a8adb0a66d7e1a3d6cc7a65,undefined FUN_18171b350(),ghidra,clean,
WHGame.dll,release_1_5_1164953_841,0x171b35c,106,FUN_18171b35c,,,abd27a183704fd16f9a9481de27decdf184a36aca507208fa2590d3a8d65f24e,undefined FUN_18171b35c(),ghidra,clean,
WHGame.dll,release_1_5_1164953_841,0x171b3c8,180,FUN_18171b3c8,,,eac89dd3ec7a6be093fd587d73abf065a045ef15bd3cab1dd74e3dceb85a00bd,undefined FUN_18171b3c8(),ghidra,clean,
WHGame.dll,release_1_5_1164953_841,0x171b47c,5,thunk_FUN_18171b484,,,b0d40b133b9394d93820ac0104b0065121d2d73df32c7bfb4e4cf5d805a8b103,undefined thunk_FUN_18171b484(),ghidra,clean,
WHGame.dll,release_1_5_1164953_841,0x171b484,103,FUN_18171b484,,,5ed2325cf5a796c11a78182f58edc73c71d045430ebfddbcc6e4bda889ce4b2e,undefined FUN_18171b484(),ghidra,clean,
WHGame.dll,release_1_5_1164953_841,0x171b4ec,95,FUN_18171b4ec,,,c34d23fb0524c3702a6e3e9731bae701f8bcae5a04d2cc9386186c339616c1dc,undefined FUN_18171b4ec(),ghidra,clean,
WHGame.dll,release_1_5_1164953_841,0x171b54c,221,FUN_18171b54c,,,b0586cd61f14fa15bae7df41033930c6acf6294eff7bd0d21f31d579a218d6b1,undefined FUN_18171b54c(),ghidra,clean,
WHGame.dll,release_1_5_1164953_841,0x171b60c,53,FUN_18171b60c,,,a62f68fd4b242614685562236ee03c5925aef2454e564f7c9e593cd1dc99a054,undefined FUN_18171b60c(),ghidra,clean,
WHGame.dll,release_1_5_1164953_841,0x171b644,147,FUN_18171b644,,,6c43499efe183426f3f30dade4ec2d7023c1ba48a645e707fa86e52737126c52,undefined FUN_18171b644(),ghidra,clean,
WHGame.dll,release_1_5_1164953_841,0x171b6d8,147,FUN_18171b6d8,,,e230abd88f9ef3fc3f3456ff11aa9921b300636beb8cd28fb60388e505238c43,undefined FUN_18171b6d8(),ghidra,clean,
WHGame.dll,release_1_5_1164953_841,0x171b76c,328,FUN_18171b76c,,,247e8d70184fc803a74e8688796cf6597d9d900ea845a43267e2a582cd03c34c,undefined FUN_18171b76c(),ghidra,clean,
WHGame.dll,release_1_5_1164953_841,0x171b8b8,100,FUN_18171b8b8,,,e90fe1c094e87ffb826f207c38a219645eac6618acb09e6673dad67d87dc025a,undefined FUN_18171b8b8(),ghidra,clean,
WHGame.dll,release_1_5_1164953_841,0x171b91c,40,FUN_18171b91c,,,78e1c9466f68ac95cb50210468dc5708b8e3ec58be7a12e5dfa9ce20cbbfcd55,undefined FUN_18171b91c(),ghidra,clean,
WHGame.dll,release_1_5_1164953_841,0x171b944,68,FUN_18171b944,,,486be693f3ca7c504bfc225033c53c41fcb50432f18d6bb7df8683f084915f60,undefined FUN_18171b944(),ghidra,clean,
WHGame.dll,release_1_5_1164953_841,0x171b988,431,FUN_18171b988,,,34c8fc7924612ce576d7489bd2be2dab5ebcac890c3f295bbd88180d9b3e682e,undefined FUN_18171b988(),ghidra,clean,
WHGame.dll,release_1_5_1164953_841,0x171bae4,40,FUN_18171bae4,,,c61ce8a10a4a9c8b31d4870d2ed768d24fef51098de2cbb9e3577fa9b46d01e4,undefined FUN_18171bae4(),ghidra,clean,
WHGame.dll,release_1_5_1164953_841,0x171bb0c,42,FUN_18171bb0c,,,b52b220cb5821ffc20499b12e1b5466bb9553dba433776d4f880fdfcda84c049,undefined FUN_18171bb0c(),ghidra,clean,
WHGame.dll,release_1_5_1164953_841,0x171bb38,235,FUN_18171bb38,,,4fab6d2338693d357a24ea04c7f069860a40fdc3b64a6e7a088d5047ed70ce93,undefined FUN_18171bb38(),ghidra,clean,
WHGame.dll,release_1_5_1164953_841,0x171bc24,90,FUN_18171bc24,,,2f5a7db2faba0fa71601fe25e4dd9a43cafa7faf8f74f173b19cdd117a368c4c,undefined FUN_18171bc24(),ghidra,clean,
WHGame.dll,release_1_5_1164953_841,0x171bc80,122,FUN_18171bc80,,,267a9f16de607afec497d9a7c1891a8e2e90800ba0039cf9fda075d88099711f,undefined FUN_18171bc80(),ghidra,clean,
WHGame.dll,release_1_5_1164953_841,0x171bcb0,155,FUN_18171bcb0,,,08ef698cb598caed21a3093a5f25e8b64086cde0efc33f9768227f6a3ad038eb,undefined FUN_18171bcb0(),ghidra,clean,
WHGame.dll,release_1_5_1164953_841,0x171bd4c,291,FUN_18171bd4c,,,d813c82ec981e88969bf852138255f63bb127b6bc1a1807eb5a1f78271e5d76f,undefined FUN_18171bd4c(),ghidra,clean,
WHGame.dll,release_1_5_1164953_841,0x171be70,91,FUN_18171be70,,,7ead41d6499ea4702436afdae292807d0ee279d298166a397f28ea5cddf3abf1,undefined FUN_18171be70(),ghidra,clean,
WHGame.dll,release_1_5_1164953_841,0x171becc,376,FUN_18171becc,,,9014f5a160fe72eae0bb0f730d2687634536045319a59334852ed90ff5aaaf9e,undefined FUN_18171becc(),ghidra,clean,
WHGame.dll,release_1_5_1164953_841,0x171c044,361,FUN_18171c044,,,aedad693fad51148d88d52ebbde58838ed5b6dd4c6df57e9d8d523d05aa05bf2,undefined FUN_18171c044(),ghidra,clean,
WHGame.dll,release_1_5_1164953_841,0x171c1b0,345,FUN_18171c1b0,,,1d84e3fe3cf4e1faeb49223e0df076872db3cd38d0933fb7c699be5b846c6a95,undefined FUN_18171c1b0(),ghidra,clean,
WHGame.dll,release_1_5_1164953_841,0x171c30c,329,FUN_18171c30c,,,dc0063ac8f6545d07c9b7cc39e88090d0af2283f3db9025a57bc46db55c2977e,undefined FUN_18171c30c(),ghidra,clean,
WHGame.dll,release_1_5_1164953_841,0x171c458,313,FUN_18171c458,,,96f4eae9d690549ee5e23c3bb35080ee8857e9ef41b4273476c4e525ff8b549c,undefined FUN_18171c458(),ghidra,clean,
WHGame.dll,release_1_5_1164953_841,0x171c594,303,FUN_18171c594,,,66e85650fce69f8dbf5d94c11e9e2ebc2f8af8e86f247afad13e93500d844af8,undefined FUN_18171c594(),ghidra,clean,
WHGame.dll,release_1_5_1164953_841,0x171c6c4,290,FUN_18171c6c4,,,464f05bcbf0d93bc75bb6e60625a8fac32c39a318bf067b92addbf5b7b65980b,undefined FUN_18171c6c4(),ghidra,clean,
WHGame.dll,release_1_5_1164953_841,0x171c7e8,295,FUN_18171c7e8,,,4bf2456760bb21ffb06614a327356b6584854da9ef9e5c925d4d458326c8e7c8,undefined FUN_18171c7e8(),ghidra,clean,
WHGame.dll,release_1_5_1164953_841,0x171c910,286,FUN_18171c910,,,1e2aaac44cc64737fdbda36d3c4c18fa4f1015c3526b790039c79383d0c4ccd3,undefined FUN_18171c910(),ghidra,clean,
WHGame.dll,release_1_5_1164953_841,0x171ca30,238,FUN_18171ca30,,,0c6b3d01072c06ed76ae1933d8ce4557c7d98b6841b2c38e22062a0987b1560d,undefined FUN_18171ca30(),ghidra,clean,
WHGame.dll,release_1_5_1164953_841,0x171cb20,276,FUN_18171cb20,,,0417aa0bc984b7173c878511d8d13bac4fbe0acdc63fbf980ec9eac988ecbc23,undefined FUN_18171cb20(),ghidra,clean,
WHGame.dll,release_1_5_1164953_841,0x171cc34,68,FUN_18171cc34,,,ea8b8bcd921080eb3a2c49d2e265bbd842be7e483f3a3b101a447a0fa2b92561,undefined FUN_18171cc34(),ghidra,clean,
WHGame.dll,release_1_5_1164953_841,0x171cc78,36,FUN_18171cc78,,,8908e220eb6e9424c41e73c63711401cdb4dda1c1df0ff0767730e567aceca01,undefined FUN_18171cc78(),ghidra,clean,
WHGame.dll,release_1_5_1164953_841,0x171cc9c,155,FUN_18171cc9c,,,bf08db7281eee3d8b1002e358b997cc340e85e8b667083d2f64d7df8d99b6ff4,undefined FUN_18171cc9c(),ghidra,clean,
WHGame.dll,release_1_5_1164953_841,0x171cd38,291,FUN_18171cd38,,,9cce2dba0c6143875a1a7602cba44e8f3a75a3e387c1da4caacfed4d4dba96e4,undefined FUN_18171cd38(),ghidra,clean,
WHGame.dll,release_1_5_1164953_841,0x171ce5c,155,FUN_18171ce5c,,,00b391ed00eb9c3688ba6607e31b97ef0d10a95fbc6c1c6a671a1d93368d98d9,undefined FUN_18171ce5c(),ghidra,clean,
WHGame.dll,release_1_5_1164953_841,0x171cef8,291,FUN_18171cef8,,,3e92e54dd372fbfd83745caf0968ad9abdce374c35f7f8d3c3cb85ec47079b44,undefined FUN_18171cef8(),ghidra,clean,
WHGame.dll,release_1_5_1164953_841,0x171d01c,114,FUN_18171d01c,,,bbbc816ff51dd20323332c4f492a7e9a163850dea9b137a1c7e0897e30d38db4,undefined FUN_18171d01c(),ghidra,clean,
WHGame.dll,release_1_5_1164953_841,0x171d090,97,FUN_18171d090,,,5c6c0360a98e154971f3474ea914aa8cf3a96bdb9197c29da68ac6ab307d3c16,undefined FUN_18171d090(),ghidra,clean,
WHGame.dll,release_1_5_1164953_841,0x171d0f4,27,FUN_18171d0f4,,,f1aac6662d760b23ec66dbd2a59c25f15f7b1ca969b21f0d4720c42037535c02,undefined FUN_18171d0f4(),ghidra,clean,
WHGame.dll,release_1_5_1164953_841,0x171d110,204,FUN_18171d110,,,8a85be8a2cb4cffab45bb346e0a239866beef113ab822bba18e3eba940976fe4,undefined FUN_18171d110(),ghidra,clean,
WHGame.dll,release_1_5_1164953_841,0x171d1bc,204,FUN_18171d1bc,,,6fcc25d8032a7a9dde88ae8633a094288523071f979f9ac5e107cc29b092fa3e,undefined FUN_18171d1bc(),ghidra,clean,
WHGame.dll,release_1_5_1164953_841,0x171d268,204,FUN_18171d268,,,de65d1b459e52ddcb36cf4b442e942767ed863b6a2260f8014874111640ad402,undefined FUN_18171d268(),ghidra,clean,
WHGame.dll,release_1_5_1164953_841,0x171d314,376,FUN_18171d314,,,28032ff232f435541e410dfb584e70a9b08896ee4e62a2d6605ece20f632e4b9,undefined FUN_18171d314(),ghidra,clean,
WHGame.dll,release_1_5_1164953_841,0x171d448,26,FUN_18171d448,,,7e6e78fe6786f69dce224f50bbb63bb2239b938eb2842b4b01c868fa00a790fa,undefined FUN_18171d448(),ghidra,clean,
WHGame.dll,release_1_5_1164953_841,0x171d464,151,FUN_18171d464,,,03feaf7fffd3dbae43b3fda922fc196e85e90d391c84cc1d9cae7829c701f7de,undefined FUN_18171d464(),ghidra,clean,
WHGame.dll,release_1_5_1164953_841,0x171d4fc,151,FUN_18171d4fc,,,91ecb292ebcf0a1676de937ae781ab62dd9809110c3c25472bc84815905e1027,undefined FUN_18171d4fc(),ghidra,clean,
WHGame.dll,release_1_5_1164953_841,0x171d594,151,FUN_18171d594,,,188c9df322f61b3884e5eeabb35ae0dfd7ab2887c376e352142cf5fc1740a90a,undefined FUN_18171d594(),ghidra,clean,
WHGame.dll,release_1_5_1164953_841,0x171d62c,151,FUN_18171d62c,,,a85cda3d0dfe6ca6b060eb93085f94b1c4e6bcdd87485b7cc76aec3f1d11345c,undefined FUN_18171d62c(),ghidra,clean,
WHGame.dll,release_1_5_1164953_841,0x171d6c4,151,FUN_18171d6c4,,,3017935b8848ff1d94dfd92f014ba763b40797332dfdb0b1639e0e8518717c8e,undefined FUN_18171d6c4(),ghidra,clean,
WHGame.dll,release_1_5_1164953_841,0x171d75c,155,FUN_18171d75c,,,73e031e6ccf320441d417d1ca275134b50f676e01b875159c774d46b35e74674,undefined FUN_18171d75c(),ghidra,clean,
WHGame.dll,release_1_5_1164953_841,0x171d7f8,304,FUN_18171d7f8,,,4255f2a7f3668132eb9657238cf944a2432a7f28081692c9f79a710dd77bab24,undefined FUN_18171d7f8(),ghidra,clean,
WHGame.dll,release_1_5_1164953_841,0x171d928,155,FUN_18171d928,,,e0b557ca0274450e45dd26fbf4cba4beede652a483d1082444d68d38858c9cd3,undefined FUN_18171d928(),ghidra,clean,
WHGame.dll,release_1_5_1164953_841,0x171d9c4,298,FUN_18171d9c4,,,59a7a2fe77601f69df3e5c40ce89af24581dcb7f3cf7b30f8b7781406d10ae1a,undefined FUN_18171d9c4(),ghidra,clean,
WHGame.dll,release_1_5_1164953_841,0x171daf0,151,FUN_18171daf0,,,8139e1aad009613fc5c2c74fc167fe0f6810e570c35746dd3120282190a8f715,undefined FUN_18171daf0(),ghidra,clean,
WHGame.dll,release_1_5_1164953_841,0x171db88,151,FUN_18171db88,,,c64dac7036f382e8a007f442f95cf537ec0e28a6d3b3aa7ccb836594d41cdd2c,undefined FUN_18171db88(),ghidra,clean,
WHGame.dll,release_1_5_1164953_841,0x171dc20,103,FUN_18171dc20,,,8fcea89ea74f442e930a3a49965f949d2f50229b3c2442b963bab630085e6663,undefined FUN_18171dc20(),ghidra,clean,
WHGame.dll,release_1_5_1164953_841,0x171dc88,43,FUN_18171dc88,,,430b142be2fda1bbc106217b987e3f0b7fecb9e7d7b20dedfd41c67e238924ed,undefined FUN_18171dc88(),ghidra,clean,
WHGame.dll,release_1_5_1164953_841,0x171dcb4,295,FUN_18171dcb4,,,a0e435d8fae84b3b415e4b6e02b591c79b26b66b326f92c4490a4438afe4e8ea,undefined FUN_18171dcb4(),ghidra,clean,
WHGame.dll,release_1_5_1164953_841,0x171dde0,124,FUN_18171dde0,,,a78331260cf50e8db1d34f63e4dc0ae06d22f5bdadba6ca6f5dccdd8a49bc595,undefined FUN_18171dde0(),ghidra,clean,
WHGame.dll,release_1_5_1164953_841,0x171de5c,101,FUN_18171de5c,,,e10113e14fbc443466007398fe7d3727e1731ecd190d12fa3c2e7508c87e0b7f,undefined FUN_18171de5c(),ghidra,clean,
WHGame.dll,release_1_5_1164953_841,0x171dec4,233,FUN_18171dec4,,,b2b08d0abf9b43df5d42b23596d495cd5a02f0b4e42779045664e8be200aabcb,undefined FUN_18171dec4(),ghidra,clean,
WHGame.dll,release_1_5_1164953_841,0x171dfb0,84,FUN_18171dfb0,,,61d609f0bf7a7444dfe75b4e751cdf0c43466b2d9948339eb7352c98e02a6a34,undefined FUN_18171dfb0(),ghidra,clean,
WHGame.dll,release_1_5_1164953_841,0x171dfe4,73,FUN_18171dfe4,,,46f5a79ba4d309e4d74366b4547e353222fcb76dfaf4c0792365605b3c489b23,undefined FUN_18171dfe4(),ghidra,clean,
WHGame.dll,release_1_5_1164953_841,0x171e020,180,FUN_18171e020,,,2dbac07ccf8d15ff8fa5872f934602fc8e91af846f5d68bddfb4fcdbecf5a0f0,undefined FUN_18171e020(),ghidra,clean,
WHGame.dll,release_1_5_1164953_841,0x171e0c8,87,FUN_18171e0c8,,,31fb879f47f5b008da85e8be283a2c82535a0e10cc078540628690d43aa032c3,undefined FUN_18171e0c8(),ghidra,clean,
WHGame.dll,release_1_5_1164953_841,0x171e114,86,FUN_18171e114,,,ae0513441b23961e9dac1be89f0148733ccde740b7c71eb4f51a31a84d9594ae,undefined FUN_18171e114(),ghidra,clean,
WHGame.dll,release_1_5_1164953_841,0x171e16c,86,FUN_18171e16c,,,0796c69c390a19d1888dc250f3783858d1252e190e81bc1ab4f4f6ba2a3c4338,undefined FUN_18171e16c(),ghidra,clean,
WHGame.dll,release_1_5_1164953_841,0x171e1c4,87,FUN_18171e1c4,,,4af715a594ce39f44f37b4cb9b94e7c502210936dcb28855d4d032012a9ad9b0,undefined FUN_18171e1c4(),ghidra,clean,
WHGame.dll,release_1_5_1164953_841,0x171e21c,157,FUN_18171e21c,,,941cae38387dc9c9651c19155213caa3964f7ea4e286e20680af4c8233316d4b,undefined FUN_18171e21c(),ghidra,clean,
WHGame.dll,release_1_5_1164953_841,0x171e2bc,81,FUN_18171e2bc,,,82ebc0f21e0b5cd15fa26b8acd2ea8be1f4ef98547a7b44ffdfd9f90c2bacf92,undefined FUN_18171e2bc(),ghidra,clean,
WHGame.dll,release_1_5_1164953_841,0x171e2f0,168,FUN_18171e2f0,,,89629bf349ad8e990e1831aeff418911c4cda8999541e2dca4c07a87def3f164,undefined FUN_18171e2f0(),ghidra,clean,
WHGame.dll,release_1_5_1164953_841,0x171e358,111,FUN_18171e358,,,d87c59d2e6daea093bfaa8549fcd5dd176ebb1a08f5315edfd9e5774f8b7b1b7,undefined FUN_18171e358(),ghidra,clean,
WHGame.dll,release_1_5_1164953_841,0x171e3c8,73,FUN_18171e3c8,,,19921c8bb798b49e8f23fa9f64016f7669f8382a08415b095cb2a29ef0317926,undefined FUN_18171e3c8(),ghidra,clean,
WHGame.dll,release_1_5_1164953_841,0x171e414,77,FUN_18171e414,,,7dd97f724c5547decf8dc3173f137e5834026b1053e9d3e3c63913b733d2efe8,undefined FUN_18171e414(),ghidra,clean,
WHGame.dll,release_1_5_1164953_841,0x171e464,180,FUN_18171e464,,,e3e8b7d4d97a630d24804a67400b0cc69b7e030450360b07e620439a88a2e22c,undefined FUN_18171e464(),ghidra,clean,
WHGame.dll,release_1_5_1164953_841,0x171e518,5,thunk_FUN_18171e520,,,b0d40b133b9394d93820ac0104b0065121d2d73df32c7bfb4e4cf5d805a8b103,undefined thunk_FUN_18171e520(),ghidra,clean,
WHGame.dll,release_1_5_1164953_841,0x171e520,103,FUN_18171e520,,,7341b465fe8ca809d57f18d9a393d09c698c2dd2adf7bb34d9ea55068e142d0f,undefined FUN_18171e520(),ghidra,clean,
WHGame.dll,release_1_5_1164953_841,0x171e588,95,FUN_18171e588,,,eb6462cc6695736d8835985dcf3088ce63a3e5e48c633334d4738fa9e2aa0fd5,undefined FUN_18171e588(),ghidra,clean,
WHGame.dll,release_1_5_1164953_841,0x171e5e8,206,FUN_18171e5e8,,,2c9aa3fe05d2c8fdf8813879bc15cb81cbea649b9379bc3a6a3ce11e03fc416b,undefined FUN_18171e5e8(),ghidra,clean,
WHGame.dll,release_1_5_1164953_841,0x171e698,53,FUN_18171e698,,,05534375efb3c01081e62f10f75fd82c9a7fb5be428d8196fae6c5fe7a230cd1,undefined FUN_18171e698(),ghidra,clean,
WHGame.dll,release_1_5_1164953_841,0x171e6d0,147,FUN_18171e6d0,,,9c754c9349f01af514d55b660a48ea6fd31fb16e420686dedf7c4607001b80a9,undefined FUN_18171e6d0(),ghidra,clean,
WHGame.dll,release_1_5_1164953_841,0x171e764,147,FUN_18171e764,,,60634391d374a51d6930d8fffe4881cfd3be831c202b6e74c478bc48538964d9,undefined FUN_18171e764(),ghidra,clean,
WHGame.dll,release_1_5_1164953_841,0x171e7f8,328,FUN_18171e7f8,,,a4c440109802226d166aa4876b5eaf8f0b0dee76515ff7ccf49c460cdb746bb5,undefined FUN_18171e7f8(),ghidra,clean,
WHGame.dll,release_1_5_1164953_841,0x171e944,100,FUN_18171e944,,,1190e288aa62cb14f0e93102ef0c9ef28fb6d3fbf0116ac1701d8f0a677ea5bb,undefined FUN_18171e944(),ghidra,clean,
WHGame.dll,release_1_5_1164953_841,0x171e9a8,40,FUN_18171e9a8,,,26e12cd455077b4a14d92f6eb099fb83133c242e539ddd121d5f3baa36b581f3,undefined FUN_18171e9a8(),ghidra,clean,
WHGame.dll,release_1_5_1164953_841,0x171e9d0,68,FUN_18171e9d0,,,43915a13c6dc6b29f9643d5066a92982d5131b7623f6b739f7f488e711a5d7f3,undefined FUN_18171e9d0(),ghidra,clean,
WHGame.dll,release_1_5_1164953_841,0x171ea14,417,FUN_18171ea14,,,7fe945c8e601187266afd46d1a87cc8f4bbbc0743bab72ff9f0e83e7c08803e8,undefined FUN_18171ea14(),ghidra,clean,
WHGame.dll,release_1_5_1164953_841,0x171eb34,40,FUN_18171eb34,,,6e7944bcfea16141816debf122c130692236c75c89a4ed58b2fbf1035a098ea5,undefined FUN_18171eb34(),ghidra,clean,
WHGame.dll,release_1_5_1164953_841,0x171eb5c,42,FUN_18171eb5c,,,2eddc9b49d3ee9895c0a6446b970ec9499824f1a4f6a33227f215b20654580af,undefined FUN_18171eb5c(),ghidra,clean,
WHGame.dll,release_1_5_1164953_841,0x171eb88,5,thunk_FUN_18171eb90,,,b0d40b133b9394d93820ac0104b0065121d2d73df32c7bfb4e4cf5d805a8b103,undefined thunk_FUN_18171eb90(),ghidra,clean,
WHGame.dll,release_1_5_1164953_841,0x171eb90,103,FUN_18171eb90,,,3b1784bdf3c7d16b897c016856c4e53efdc13ddb0b1da0a499b049fe4c08daa2,undefined FUN_18171eb90(),ghidra,clean,
WHGame.dll,release_1_5_1164953_841,0x171ebf8,95,FUN_18171ebf8,,,c32f8eb6ec23cd02d4ea79810e557aa5847e28f7cbcefe423b2028dd9cfb2691,undefined FUN_18171ebf8(),ghidra,clean,
WHGame.dll,release_1_5_1164953_841,0x171ec58,222,FUN_18171ec58,,,ac0912f1f7e586e4da833e0ed51b355cc1a035f35d873075df64ece90bedca21,undefined FUN_18171ec58(),ghidra,clean,
WHGame.dll,release_1_5_1164953_841,0x171ed18,53,FUN_18171ed18,,,dd999f5144dcdfad66ce16cbe673f3bdb2aa4d97474cb35c8353086befe2e0c6,undefined FUN_18171ed18(),ghidra,clean,
WHGame.dll,release_1_5_1164953_841,0x171ed50,150,FUN_18171ed50,,,a10f657a0ad68c15c5258d7cc9fd7d89d3a83378a5010db14a945c321b33896e,undefined FUN_18171ed50(),ghidra,clean,
WHGame.dll,release_1_5_1164953_841,0x171ede8,150,FUN_18171ede8,,,39dd4169f85a739be8171d12add6e86007d96f76f713c98cc134460c1bec913f,undefined FUN_18171ede8(),ghidra,clean,
WHGame.dll,release_1_5_1164953_841,0x171ee80,328,FUN_18171ee80,,,48bb50fe787dd0e1e53d92b3965426f09383db4643bd888c488130b20bd48603,undefined FUN_18171ee80(),ghidra,clean,
WHGame.dll,release_1_5_1164953_841,0x171efcc,100,FUN_18171efcc,,,9b0ac039f60741cc674d393a4935f87e2d11f5c3f6631d82f89c979b62f71109,undefined FUN_18171efcc(),ghidra,clean,
WHGame.dll,release_1_5_1164953_841,0x171f030,40,FUN_18171f030,,,97bada9e4656fcccb7e6e069fd41d9450918184d7542490867b64f77d0be9ab5,undefined FUN_18171f030(),ghidra,clean,
WHGame.dll,release_1_5_1164953_841,0x171f058,68,FUN_18171f058,,,bda1df769dc693533548d81d5460f5bfaab0739c803fb9e8a2786779a2e827d8,undefined FUN_18171f058(),ghidra,clean,
WHGame.dll,release_1_5_1164953_841,0x171f09c,417,FUN_18171f09c,,,9901d54f37dd5822bcb7288f49a7c5910660a4b894bd17daf48ba99a62fe1193,undefined FUN_18171f09c(),ghidra,clean,
WHGame.dll,release_1_5_1164953_841,0x171f1bc,40,FUN_18171f1bc,,,65f58afbcfe5f69fc42c818f740659340cfd38929cd389ef308cdb5e757128e4,undefined FUN_18171f1bc(),ghidra,clean,
WHGame.dll,release_1_5_1164953_841,0x171f1e4,42,FUN_18171f1e4,,,8e72939672d906daa03800c31f9690a6b0e0de07e592605fb749b46efff7a7c2,undefined FUN_18171f1e4(),ghidra,clean,
WHGame.dll,release_1_5_1164953_841,0x171f210,5,thunk_FUN_18171f218,,,b0d40b133b9394d93820ac0104b0065121d2d73df32c7bfb4e4cf5d805a8b103,undefined thunk_FUN_18171f218(),ghidra,clean,
WHGame.dll,release_1_5_1164953_841,0x171f218,103,FUN_18171f218,,,7d556a2afd644f2cc1e8b59189581197710343d2ae9f4b7f69e841ba9afbbbb8,undefined FUN_18171f218(),ghidra,clean,
WHGame.dll,release_1_5_1164953_841,0x171f280,95,FUN_18171f280,,,daab5f607bbb842aa36e21ed52f9ee547e89b6578767d7379204e3840e8b7bae,undefined FUN_18171f280(),ghidra,clean,
WHGame.dll,release_1_5_1164953_841,0x171f2e0,198,FUN_18171f2e0,,,164ad6101b96de58b7615f32bac8d327956eb7bf8a423aaf346615c0c27cbbf0,undefined FUN_18171f2e0(),ghidra,clean,
WHGame.dll,release_1_5_1164953_841,0x171f38c,53,FUN_18171f38c,,,00b0cf637efe0718b6256e143f0939e643c6a8e850f6c955d59f6c5769738140,undefined FUN_18171f38c(),ghidra,clean,
WHGame.dll,release_1_5_1164953_841,0x171f3c4,147,FUN_18171f3c4,,,ea8fec7fff76652f74d18d00f817b4e813bf2606f93974fca69e665ba56c616d,undefined FUN_18171f3c4(),ghidra,clean,
WHGame.dll,release_1_5_1164953_841,0x171f458,147,FUN_18171f458,,,a1233b5a864b84795e442097c365f2146c7450115fbdcdce015c05ebcd3ad8d9,undefined FUN_18171f458(),ghidra,clean,
WHGame.dll,release_1_5_1164953_841,0x171f4ec,328,FUN_18171f4ec,,,12c3f164f359e7dcdfc272a9f35b0f627e2dcabb325220303208eca063dd2408,undefined FUN_18171f4ec(),ghidra,clean,
WHGame.dll,release_1_5_1164953_841,0x171f638,100,FUN_18171f638,,,8ccbd833cf6a5506af94b2cbd1c61084f69de1f9a97801303fbc975c23cac228,undefined FUN_18171f638(),ghidra,clean,
WHGame.dll,release_1_5_1164953_841,0x171f69c,40,FUN_18171f69c,,,bfbb53aee15b53bfe8b3a307cc4a23e23c0cb7595fbe236493faecb66591024e,undefined FUN_18171f69c(),ghidra,clean,
WHGame.dll,release_1_5_1164953_841,0x171f6c4,68,FUN_18171f6c4,,,d73dd148cc5433972201446b87e3aec325339ef3329ce49d0e949960eaf6f238,undefined FUN_18171f6c4(),ghidra,clean,
WHGame.dll,release_1_5_1164953_841,0x171f708,417,FUN_18171f708,,,94ec225841afcb0f6e3e4b7bf04f63767ca06a04f1445c2de574bcc40bf376cd,undefined FUN_18171f708(),ghidra,clean,
WHGame.dll,release_1_5_1164953_841,0x171f828,40,FUN_18171f828,,,2988b750685c6669c6db8246e7f5b986c8a4b9dc3e3709fe0de683dc95f938c9,undefined FUN_18171f828(),ghidra,clean,
WHGame.dll,release_1_5_1164953_841,0x171f850,42,FUN_18171f850,,,02a461db90fb235425b8b3526e3e07173ba082d69f5d703ec2a3da784855ff6b,undefined FUN_18171f850(),ghidra,clean,
WHGame.dll,release_1_5_1164953_841,0x171f87c,284,FUN_18171f87c,,,2e5d6ab10dce29b0d6d5e1b336d531e399987a8876ce162b9093396198bdab7d,undefined FUN_18171f87c(),ghidra,clean,
WHGame.dll,release_1_5_1164953_841,0x171f99c,53,FUN_18171f99c,,,3432a56e72b37503103491a13e647244c687f3f144fdc89391fe54abf84ed42f,undefined FUN_18171f99c(),ghidra,clean,
WHGame.dll,release_1_5_1164953_841,0x171f9d4,102,FUN_18171f9d4,,,4a14e3f92be90551b6e2eda888a4630abe3a96f931d50b06b1ecec9748025f35,undefined FUN_18171f9d4(),ghidra,clean,
WHGame.dll,release_1_5_1164953_841,0x171fa3c,163,FUN_18171fa3c,,,00aa2e49569708a557755359dc1bd24a9ac20c06bfbded756527965a84ef12eb,undefined FUN_18171fa3c(),ghidra,clean,
WHGame.dll,release_1_5_1164953_841,0x171faa4,30,FUN_18171faa4,,,4bfc8cf9fdcb28974aebd4f05b119a6fac37cfaa0548fc321d1234f8c98874d7,undefined FUN_18171faa4(),ghidra,clean,
WHGame.dll,release_1_5_1164953_841,0x171fac4,155,FUN_18171fac4,,,ee6ce96b0949b12e4d7111a45e6ff2ac9ab3e38d57a9701db7d8f7dfe6186274,undefined FUN_18171fac4(),ghidra,clean,
WHGame.dll,release_1_5_1164953_841,0x171fb60,291,FUN_18171fb60,,,367c5c184c1bd43a857af32235084ea5a9fa3b3e06d0e0665f7c75092e098006,undefined FUN_18171fb60(),ghidra,clean,
WHGame.dll,release_1_5_1164953_841,0x171fc84,75,FUN_18171fc84,,,6e64fb256894ab642e1c041ec735bec36620ac3a5a986196ccad7d1422e86328,undefined FUN_18171fc84(),ghidra,clean,
WHGame.dll,release_1_5_1164953_841,0x171fcd0,31,FUN_18171fcd0,,,dda39cda2a3771fd759067b584dfd4615a957666038e2df637c0ca88ad0e84d6,undefined FUN_18171fcd0(),ghidra,clean,
WHGame.dll,release_1_5_1164953_841,0x171fcf0,73,FUN_18171fcf0,,,c43fe326b6b5de82189b9ed6e6efc5cf185a3ef00853f3a81ab841874eaf7baa,undefined FUN_18171fcf0(),ghidra,clean,
WHGame.dll,release_1_5_1164953_841,0x171fd3c,55,FUN_18171fd3c,,,17ba33166563b2a4e217c896f26b23996e56adc41d435a07823d7b9e66234130,undefined FUN_18171fd3c(),ghidra,clean,
WHGame.dll,release_1_5_1164953_841,0x171fd64,181,FUN_18171fd64,,,dfed4c83a595e4202fb3413970e01030570515ae2eb89148f3413a6c52761570,undefined FUN_18171fd64(),ghidra,clean,
WHGame.dll,release_1_5_1164953_841,0x171fe1c,127,FUN_18171fe1c,,,087c83fa234a68d284e37290fa8d9206b80df55e4fec9793d803ae3a5ab3da7e,undefined FUN_18171fe1c(),ghidra,clean,
WHGame.dll,release_1_5_1164953_841,0x171febc,30,FUN_18171febc,,,0b8e4afa72ef52c141c8659610ecfadce8af7374f9f140d92eb5f1c1334e69d6,undefined FUN_18171febc(),ghidra,clean,
WHGame.dll,release_1_5_1164953_841,0x171fedc,218,FUN_18171fedc,,,eda5fa624a4654aa3f8411ca4c5c0feb6f6beaf88658b283bf17bf9c7010e16f,undefined FUN_18171fedc(),ghidra,clean,
WHGame.dll,release_1_5_1164953_841,0x171ffb8,81,FUN_18171ffb8,,,e3a8ac4ed4787ec11bf38250a91ccb42a9fea596f3f18cbc897e0a2e3886b0d8,undefined FUN_18171ffb8(),ghidra,clean,
WHGame.dll,release_1_5_1164953_841,0x171ffec,128,FUN_18171ffec,,,54fe7a1ed040f158a013322fb4fddcc279671c5f4b6f9439ce7a6da325570a70,undefined FUN_18171ffec(),ghidra,clean,
WHGame.dll,release_1_5_1164953_841,0x172006c,165,FUN_18172006c,,,2dc578a42975eb21ccb4d93c77ac2e8052c3d41c9fb739f0a063494d5f011705,undefined FUN_18172006c(),ghidra,clean,
WHGame.dll,release_1_5_1164953_841,0x17200d4,194,FUN_1817200d4,,,2677c7023219ed3ce43b363f4661cdbdbeb5cab696cff4a6b323fa9e532632f7,undefined FUN_1817200d4(),ghidra,clean,
WHGame.dll,release_1_5_1164953_841,0x1720198,155,FUN_181720198,,,8bcc3c3c9fc5ec79b4a58e1436469a07d199ed1cd28d73111f88f5497658ecb9,undefined FUN_181720198(),ghidra,clean,
WHGame.dll,release_1_5_1164953_841,0x1720234,190,FUN_181720234,,,47e28ce43533ec742ad9b6fc323c0b2b0c8f75dabd147d5f6264ae3444addbd2,undefined FUN_181720234(),ghidra,clean,
WHGame.dll,release_1_5_1164953_841,0x17202f4,155,FUN_1817202f4,,,59ff8aafb89fc8657420b433778cc0ad254e27e7f3756e36a58d0917cd913e22,undefined FUN_1817202f4(),ghidra,clean,
WHGame.dll,release_1_5_1164953_841,0x1720390,291,FUN_181720390,,,adcd1075a9a08f0f119f0f9633fd35058b7485abc84b6939946df9d111374aee,undefined FUN_181720390(),ghidra,clean,
WHGame.dll,release_1_5_1164953_841,0x17204b4,194,FUN_1817204b4,,,ffae2470e0d39daa0d5360a5444f58a840286049f10ac4b8756711c6537a47fc,undefined FUN_1817204b4(),ghidra,clean,
WHGame.dll,release_1_5_1164953_841,0x1720578,155,FUN_181720578,,,26cd063183fd42b0262561e8b0f75de32813adb404dd286e93c61324739caabe,undefined FUN_181720578(),ghidra,clean,
WHGame.dll,release_1_5_1164953_841,0x1720614,190,FUN_181720614,,,4582a0c0ca81a3547c7ea41df46ff36701304902d34803748ae3d8d8ec2c685a,undefined FUN_181720614(),ghidra,clean,
WHGame.dll,release_1_5_1164953_841,0x17206d4,155,FUN_1817206d4,,,08b6f410ddd6b458368bfe1c3dda38aecf2ee0b26291fc69e80fd209966fd800,undefined FUN_1817206d4(),ghidra,clean,
WHGame.dll,release_1_5_1164953_841,0x1720770,291,FUN_181720770,,,c18684f3a275bea1a9f10889983adc783891955746d08eeebaf062266a3a6928,undefined FUN_181720770(),ghidra,clean,
WHGame.dll,release_1_5_1164953_841,0x1720894,112,FUN_181720894,,,feeaf610434d0b8fe38c3963ada8f4c011845fdb2c31d8f0c74486330e815669,undefined FUN_181720894(),ghidra,clean,
WHGame.dll,release_1_5_1164953_841,0x1720904,164,FUN_181720904,,,479c51e9a83ea5e5d1dee338c91ec2f2b5be756ba535922faf54b24ef25b8b72,undefined FUN_181720904(),ghidra,clean,
WHGame.dll,release_1_5_1164953_841,0x172099c,161,FUN_18172099c,,,b73065383f1cc90e9d37997fdd1174a94ceedd09aff6f4cff01cc10ab5fda2cc,undefined FUN_18172099c(),ghidra,clean,
WHGame.dll,release_1_5_1164953_841,0x1720a40,139,FUN_181720a40,,,c29ff46f3d81ead371bccf7bd9b12f13cc47d9fd9356e622b12360042422f3d8,undefined FUN_181720a40(),ghidra,clean,
WHGame.dll,release_1_5_1164953_841,0x1720acc,175,FUN_181720acc,,,c380d964e871347a95d8c8e17219892e9b6718b6bd4de2a61d0c4c75b5308a50,undefined FUN_181720acc(),ghidra,clean,
WHGame.dll,release_1_5_1164953_841,0x1720b7c,285,FUN_181720b7c,,,7439f2cf990ecaf87cebb4f470a757fa8c93f1af7313b832ef0ff49908519c12,undefined FUN_181720b7c(),ghidra,clean,
WHGame.dll,release_1_5_1164953_841,0x1720c1c,90,FUN_181720c1c,,,7967b1b54e8bc229253e1d13f4991bac369ce70076d25cc6dff58211f637f9e3,undefined FUN_181720c1c(),ghidra,clean,
WHGame.dll,release_1_5_1164953_841,0x1720c80,12,FUN_181720c80,,,710de6883ab78b8fd6f319760d47c7c69b5ce6c2bb76e4663ed7204aeff71088,undefined FUN_181720c80(),ghidra,clean,
WHGame.dll,release_1_5_1164953_841,0x1720c8c,210,FUN_181720c8c,,,e4dac6d3bbf64bca4db7809d7b81cfc5c0847a119d3286524df12a238c70bd68,undefined FUN_181720c8c(),ghidra,clean,
WHGame.dll,release_1_5_1164953_841,0x1720d60,155,FUN_181720d60,,,ef5dd9aed4cde21f60db38554584ffc4b30122954e4e9bbacf7e4834a8e4b592,undefined FUN_181720d60(),ghidra,clean,
WHGame.dll,release_1_5_1164953_841,0x1720dfc,291,FUN_181720dfc,,,e54281546588e23ffa4f604d3d1ae1cce2676b8244d83c49963a90c85bd5e7b4,undefined FUN_181720dfc(),ghidra,clean,
WHGame.dll,release_1_5_1164953_841,0x1720f20,155,FUN_181720f20,,,5c3ce810e3fb8baa09830d1d6c518687894bbf6a1e3fb65b3b65d4ca4fe116aa,undefined FUN_181720f20(),ghidra,clean,
WHGame.dll,release_1_5_1164953_841,0x1720fbc,291,FUN_181720fbc,,,45f27f67f420b8b771015a9033f14e3b12651e540fa304c46b180a667cfe2bb3,undefined FUN_181720fbc(),ghidra,clean,
WHGame.dll,release_1_5_1164953_841,0x17210e0,155,FUN_1817210e0,,,83e5d880f9c73171fb520393e00cb2d27ea93955722d6794ddee892f2290b81b,undefined FUN_1817210e0(),ghidra,clean,
WHGame.dll,release_1_5_1164953_841,0x172117c,311,FUN_18172117c,,,362020f2f94e662ed8a29d83bc647c8cfa78f6b244fff02126bcc92552639532,undefined FUN_18172117c(),ghidra,clean,
WHGame.dll,release_1_5_1164953_841,0x17212b4,155,FUN_1817212b4,,,a5a83c61618e8a4ff61ed09576c8bc5bb14b4b60546829e7d3184017652ef5b9,undefined FUN_1817212b4(),ghidra,clean,
WHGame.dll,release_1_5_1164953_841,0x1721350,291,FUN_181721350,,,ab36292bbb531c1da5adf5904bd73a6a09250f9cea930833d386ba4d55fb8957,undefined FUN_181721350(),ghidra,clean,
WHGame.dll,release_1_5_1164953_841,0x1721474,155,FUN_181721474,,,ad1de9d2cc9979d926c192aa73adf9c79b15d064ceb1054cbc16bb184bb4f859,undefined FUN_181721474(),ghidra,clean,
WHGame.dll,release_1_5_1164953_841,0x1721510,311,FUN_181721510,,,82f455aad8975b95326e7710ae0dfdd28d1cb8858ff752e73ab979f6d17dec05,undefined FUN_181721510(),ghidra,clean,
WHGame.dll,release_1_5_1164953_841,0x1721648,155,FUN_181721648,,,bead87e138c09b6606e397f0983c0f03a5717305329b1a6b7ca963287bdb61d8,undefined FUN_181721648(),ghidra,clean,
WHGame.dll,release_1_5_1164953_841,0x17216e4,311,FUN_1817216e4,,,f479dc90ff24559249154ced40082a0cfe4e33cfb29acedcee13fadbea17f5b9,undefined FUN_1817216e4(),ghidra,clean,
WHGame.dll,release_1_5_1164953_841,0x172181c,155,FUN_18172181c,,,e2bd093f152b038c37f62d5b84b56133c369901624369630aa19559b49ddfb68,undefined FUN_18172181c(),ghidra,clean,
WHGame.dll,release_1_5_1164953_841,0x17218b8,291,FUN_1817218b8,,,b1a9ec925a926e12bfd741ffeb94efe081dc094dfb43d8991f5623cc2578dbb7,undefined FUN_1817218b8(),ghidra,clean,
WHGame.dll,release_1_5_1164953_841,0x17219dc,155,FUN_1817219dc,,,511554c3a444d6ace22de193211c163b27d5aacdc5259dc0442793938372f631,undefined FUN_1817219dc(),ghidra,clean,
WHGame.dll,release_1_5_1164953_841,0x1721a78,291,FUN_181721a78,,,e5f68eac7116dfd1792b69be181a36f8c806564404dd56947b99e22d0d215366,undefined FUN_181721a78(),ghidra,clean,
WHGame.dll,release_1_5_1164953_841,0x1721b9c,155,FUN_181721b9c,,,229a1d635a870285a241baa60271a2f0e554c8fe24c56b0ee0fb0ff38f90960f,undefined FUN_181721b9c(),ghidra,clean,
WHGame.dll,release_1_5_1164953_841,0x1721c38,291,FUN_181721c38,,,901df7732bbaa271f95c898c118516688cfe979516bf0c7ba6dab7c977ddfbd1,undefined FUN_181721c38(),ghidra,clean,
WHGame.dll,release_1_5_1164953_841,0x1721d5c,155,FUN_181721d5c,,,42d9bd16801fa149b38409abd2954efd707d4c7c88eab42ec26b03b3c5e2579d,undefined FUN_181721d5c(),ghidra,clean,
WHGame.dll,release_1_5_1164953_841,0x1721df8,291,FUN_181721df8,,,b9784aba0c423fd7ef75a77f988668b76624153cf05e81e8a15afebe46ed862f,undefined FUN_181721df8(),ghidra,clean,
WHGame.dll,release_1_5_1164953_841,0x1721f1c,155,FUN_181721f1c,,,5935c751f9cbd22dae0454d4fb5eb6ae6bced5c0c4040e7105645834fb06e275,undefined FUN_181721f1c(),ghidra,clean,
WHGame.dll,release_1_5_1164953_841,0x1721fb8,291,FUN_181721fb8,,,bb8e9c2320a23f6bcfa2f89f774a4ab430f6e89532f4f4e5ad0a74cc71c9d3e9,undefined FUN_181721fb8(),ghidra,clean,
WHGame.dll,release_1_5_1164953_841,0x17220dc,155,FUN_1817220dc,,,285dc9f897e84dcbf784dd646aae55718ddc7cc7fd177a4cd0fa675632fbfb5a,undefined FUN_1817220dc(),ghidra,clean,
WHGame.dll,release_1_5_1164953_841,0x1722178,291,FUN_181722178,,,5aa86caab09c919d668867891eb6c0513b1b08805013ff5d3af04d34b99cf86b,undefined FUN_181722178(),ghidra,clean,
WHGame.dll,release_1_5_1164953_841,0x172229c,155,FUN_18172229c,,,82aebf1c6d725665b2485b93ed8ea00d829d14092f99149dbf7130d87e450dbf,undefined FUN_18172229c(),ghidra,clean,
WHGame.dll,release_1_5_1164953_841,0x1722338,291,FUN_181722338,,,48dade70362ccecf4987afac6aa42009e8aa5f91e5b0c4768f7cff14a69cf23f,undefined FUN_181722338(),ghidra,clean,
WHGame.dll,release_1_5_1164953_841,0x172245c,155,FUN_18172245c,,,f936f8eeb7f715dbbfdf1fc6782e736a929c311e9881fcf15c574712365ec15a,undefined FUN_18172245c(),ghidra,clean,
WHGame.dll,release_1_5_1164953_841,0x17224f8,311,FUN_1817224f8,,,fee56eed62554532bafa8ae232ca50621b156e0e2a7346f56c01e5c09a27884f,undefined FUN_1817224f8(),ghidra,clean,
WHGame.dll,release_1_5_1164953_841,0x1722630,155,FUN_181722630,,,546e3e0ff0e6883760429884c4887565dc8e7296d03a889147e51889b9f5d697,undefined FUN_181722630(),ghidra,clean,
WHGame.dll,release_1_5_1164953_841,0x17226cc,311,FUN_1817226cc,,,402f11c9b02671f72814e53f3056b3e70fd077d9a6cd19dacc67de2fe5e44056,undefined FUN_1817226cc(),ghidra,clean,
WHGame.dll,release_1_5_1164953_841,0x1722804,155,FUN_181722804,,,e13ef15774503f5a47890b4f13110ca4b5ffe32052b9300a0ba4fd448f9d2e5d,undefined FUN_181722804(),ghidra,clean,
WHGame.dll,release_1_5_1164953_841,0x17228a0,291,FUN_1817228a0,,,7a45c98b97930882d1befa3a66af54195e2e570529c7aad0b5442e174b1fd82e,undefined FUN_1817228a0(),ghidra,clean,
WHGame.dll,release_1_5_1164953_841,0x17229c4,155,FUN_1817229c4,,,0caea9554f90a517a786b80c888bc45bc26f3470f11fea9740c450cc1cf011f5,undefined FUN_1817229c4(),ghidra,clean,
WHGame.dll,release_1_5_1164953_841,0x1722a60,291,FUN_181722a60,,,07b2a25d7d1d724813ba55ca07d2f62fde4267108b675a2f34b66ae6915e7f29,undefined FUN_181722a60(),ghidra,clean,
WHGame.dll,release_1_5_1164953_841,0x1722b84,155,FUN_181722b84,,,dfba745e4b2334b050fd272eb313f010c623ac133dde4a676f5f489d69dc2589,undefined FUN_181722b84(),ghidra,clean,
WHGame.dll,release_1_5_1164953_841,0x1722c20,291,FUN_181722c20,,,349515c63c2d527a6603a32cad1b630be410615d6464cc1eb8289beb0a4ffe05,undefined FUN_181722c20(),ghidra,clean,
WHGame.dll,release_1_5_1164953_841,0x1722d44,155,FUN_181722d44,,,125e2c79df44486cfe384a9d047a85979d7b881d70021a82d894a8cecd244b1b,undefined FUN_181722d44(),ghidra,clean,
WHGame.dll,release_1_5_1164953_841,0x1722de0,291,FUN_181722de0,,,4d0e17148a4fbe190dd7c308cc9e0b58e0d3876e880b478fb5b1758d2f3dab4c,undefined FUN_181722de0(),ghidra,clean,
WHGame.dll,release_1_5_1164953_841,0x1722f04,155,FUN_181722f04,,,dbb754a1fe2e0a802a140abdf55218215072e3fb3372bc4ce11755394c1bbbc0,undefined FUN_181722f04(),ghidra,clean,
WHGame.dll,release_1_5_1164953_841,0x1722fa0,291,FUN_181722fa0,,,5f65dfdc417f3f95d4f955656b5e2e8e578418f2a28455b89cfe91c11132251b,undefined FUN_181722fa0(),ghidra,clean,
WHGame.dll,release_1_5_1164953_841,0x17230c4,155,FUN_1817230c4,,,bcb5b0ebc36a62dc62de3b1dc79913ea5037ca76cbc8e3641a90e7ed8df13d88,undefined FUN_1817230c4(),ghidra,clean,
WHGame.dll,release_1_5_1164953_841,0x1723160,291,FUN_181723160,,,3c8a130367294a91af0023658550cc79ae7fbed2d135664cf149ca8bfc40e892,undefined FUN_181723160(),ghidra,clean,
WHGame.dll,release_1_5_1164953_841,0x1723284,155,FUN_181723284,,,d20a8b15e7e0f4b130d0e1616ec7040683962c2ecb2ab3a53f76975f00f471bc,undefined FUN_181723284(),ghidra,clean,
WHGame.dll,release_1_5_1164953_841,0x1723320,291,FUN_181723320,,,facb11c62058f4f10bdf19500c0da7a7de9375141a9e5761f456dd89ec7b0a73,undefined FUN_181723320(),ghidra,clean,
WHGame.dll,release_1_5_1164953_841,0x1723444,155,FUN_181723444,,,72c6a9f3c28c5d314d2cfe320387a6db47cf2888c152d064337531f6224772a5,undefined FUN_181723444(),ghidra,clean,
WHGame.dll,release_1_5_1164953_841,0x17234e0,291,FUN_1817234e0,,,86892f6251ef1090939c1c41ddce19b055889170618302babb81a9c7f5661235,undefined FUN_1817234e0(),ghidra,clean,
WHGame.dll,release_1_5_1164953_841,0x1723604,155,FUN_181723604,,,24e563ab09cfaf0d08bfa6968ff1f9b09fc309e1b67f16940c87352142a02d3b,undefined FUN_181723604(),ghidra,clean,
WHGame.dll,release_1_5_1164953_841,0x17236a0,291,FUN_1817236a0,,,3badac1dfb94a2be882048034dd6da81eddde01295c764065a4f468be7c913b5,undefined FUN_1817236a0(),ghidra,clean,
WHGame.dll,release_1_5_1164953_841,0x17237c4,155,FUN_1817237c4,,,bbae7260fa172d8c96503f10d755c0b4a2f557ab3b4b04fd9baf7dd454c929a3,undefined FUN_1817237c4(),ghidra,clean,
WHGame.dll,release_1_5_1164953_841,0x1723860,291,FUN_181723860,,,9a9565b3f3b6224e6b090f8aec57ed81da3db8fc5fbc41534e115ef3560adcb4,undefined FUN_181723860(),ghidra,clean,
WHGame.dll,release_1_5_1164953_841,0x1723984,155,FUN_181723984,,,da686d03c547ce7ebd783b30804dd2e835968fceb384373198e2c2e8c89d0718,undefined FUN_181723984(),ghidra,clean,
WHGame.dll,release_1_5_1164953_841,0x1723a20,291,FUN_181723a20,,,0562de29d48164d641a5072c95878614ce5f658f7e31f780d2a6163128f3431e,undefined FUN_181723a20(),ghidra,clean,
WHGame.dll,release_1_5_1164953_841,0x1723b44,155,FUN_181723b44,,,e123369dbe17a8cfcf49af3408b85f0f27525cc40530cba36e95df9979075a22,undefined FUN_181723b44(),ghidra,clean,
WHGame.dll,release_1_5_1164953_841,0x1723be0,291,FUN_181723be0,,,ddfd9d87ca553b35c331b2e1aa206cca23f261e209ac9a7393c33d121e0bcfb4,undefined FUN_181723be0(),ghidra,clean,
WHGame.dll,release_1_5_1164953_841,0x1723d04,155,FUN_181723d04,,,a6f761324ca56298f220bb520ab51bcb680fdb12216b65a0fb5f6b20a75a7fc8,undefined FUN_181723d04(),ghidra,clean,
WHGame.dll,release_1_5_1164953_841,0x1723da0,291,FUN_181723da0,,,4c152fdf494aa00d267b08058c2a08592b58fd1fffacc9cb32d0c0a376f6f596,undefined FUN_181723da0(),ghidra,clean,
WHGame.dll,release_1_5_1164953_841,0x1723ec4,155,FUN_181723ec4,,,5a69d7a68c251fd7339ac07ed4901429e88980b42aad3c592bde5ffcdc97279a,undefined FUN_181723ec4(),ghidra,clean,
WHGame.dll,release_1_5_1164953_841,0x1723f60,291,FUN_181723f60,,,c04ec9ec35b8e8c871894e257a6b530148aa5a6e32cbd46c38dc5397f52462b5,undefined FUN_181723f60(),ghidra,clean,
WHGame.dll,release_1_5_1164953_841,0x1724084,155,FUN_181724084,,,fad58e1169e91bfe737ab32ee247630c19903530d0596dc6c703260aee3552e6,undefined FUN_181724084(),ghidra,clean,
WHGame.dll,release_1_5_1164953_841,0x1724120,291,FUN_181724120,,,0522e0ede2099dfc4f0179e9f9b396ce5ec158b7c7c5e1a5e1246804bf0f07c6,undefined FUN_181724120(),ghidra,clean,
WHGame.dll,release_1_5_1164953_841,0x1724244,155,FUN_181724244,,,97e49542d6db4533754f694521f5c6cdfb5a9f32a16ce9087d11b70d33589151,undefined FUN_181724244(),ghidra,clean,
WHGame.dll,release_1_5_1164953_841,0x17242e0,291,FUN_1817242e0,,,66eb248fa0639e7fd033ebce7b42577e0a4b840a9e42f3a27f53098a8ab9dd90,undefined FUN_1817242e0(),ghidra,clean,
WHGame.dll,release_1_5_1164953_841,0x1724404,155,FUN_181724404,,,741f999a8899067aeee989ff381a4cede75139266e7be753918104c9db29246c,undefined FUN_181724404(),ghidra,clean,
WHGame.dll,release_1_5_1164953_841,0x17244a0,291,FUN_1817244a0,,,61d42fb71859e7b9d043b2ce7c1ce131bb9d97cbfbfc0cdff9a940a40cad083e,undefined FUN_1817244a0(),ghidra,clean,
WHGame.dll,release_1_5_1164953_841,0x17245c4,155,FUN_1817245c4,,,e1cd57cc99a135ffe39bb333917c56a72e4e9b71e3977cc7d93a07c61252bd2e,undefined FUN_1817245c4(),ghidra,clean,
WHGame.dll,release_1_5_1164953_841,0x1724660,291,FUN_181724660,,,8a6aed38e600ba51c7a89a802a30ad740550931ae498320f5e0752ab5d9391b4,undefined FUN_181724660(),ghidra,clean,
WHGame.dll,release_1_5_1164953_841,0x1724784,155,FUN_181724784,,,d652937d4b4ec5b7459022be1ea8caa7c2c68b6e121d496941d6aa231a5322e0,undefined FUN_181724784(),ghidra,clean,
WHGame.dll,release_1_5_1164953_841,0x1724820,291,FUN_181724820,,,880f51a1b618ac4e06e6f6cdda200919536f62f1aec76e9e841544109a9455b4,undefined FUN_181724820(),ghidra,clean,
WHGame.dll,release_1_5_1164953_841,0x1724944,155,FUN_181724944,,,78b2840e50f41d46c5fa372d30521d34312dfba324178ecab7202c098ee5adec,undefined FUN_181724944(),ghidra,clean,
WHGame.dll,release_1_5_1164953_841,0x17249e0,291,FUN_1817249e0,,,8439b5fec9161387c3b773f1bb5378e1f38258d7769383919be21c2b7a5430b2,undefined FUN_1817249e0(),ghidra,clean,
WHGame.dll,release_1_5_1164953_841,0x1724b04,155,FUN_181724b04,,,c0ad2defda1d8ac11ee2fcbc88d67470f51137d57de9549a66870a22f30f2b57,undefined FUN_181724b04(),ghidra,clean,
WHGame.dll,release_1_5_1164953_841,0x1724ba0,311,FUN_181724ba0,,,914eb06a9c586b4f41e9750b684eb4cfa7f25b00dc27df53355d45eebfe7ec26,undefined FUN_181724ba0(),ghidra,clean,
WHGame.dll,release_1_5_1164953_841,0x1724cd8,155,FUN_181724cd8,,,974148231ec13fc1e465ec9692699c009db5597d78dd599eeec0ce3735bd6f0f,undefined FUN_181724cd8(),ghidra,clean,
WHGame.dll,release_1_5_1164953_841,0x1724d74,311,FUN_181724d74,,,122a0e3df0d000ef9f8a90a02bf9f5811e944104c715aed5c965e0f8f45e6ce9,undefined FUN_181724d74(),ghidra,clean,
WHGame.dll,release_1_5_1164953_841,0x1724eac,155,FUN_181724eac,,,3798a91b59d6718d5962afac334ee7c42a79d986bd8c9f27ae35e13d24de132c,undefined FUN_181724eac(),ghidra,clean,
WHGame.dll,release_1_5_1164953_841,0x1724f48,291,FUN_181724f48,,,cf8d598ae499cd410ee95779fd5609831df964ca946a0a36df089a98d8b84499,undefined FUN_181724f48(),ghidra,clean,
WHGame.dll,release_1_5_1164953_841,0x172506c,155,FUN_18172506c,,,6beff08dac8e948c2136af46c153dcb5378d0a237ff8afd4dbe82fcaeae1307d,undefined FUN_18172506c(),ghidra,clean,
WHGame.dll,release_1_5_1164953_841,0x1725108,291,FUN_181725108,,,a5af23b44314308e0a94535106b4e53f4624498b2ff2320f9246d90907779bbe,undefined FUN_181725108(),ghidra,clean,
WHGame.dll,release_1_5_1164953_841,0x172522c,155,FUN_18172522c,,,ce6725dbf6e493381d2712c31262e715ea435a7b0151ca0ecee5bf46bbaefa32,undefined FUN_18172522c(),ghidra,clean,
WHGame.dll,release_1_5_1164953_841,0x17252c8,291,FUN_1817252c8,,,a9b80d9d93b326308ea99b58f55ee4f6b64e93eff529557158255d5109323c3c,undefined FUN_1817252c8(),ghidra,clean,
WHGame.dll,release_1_5_1164953_841,0x17253ec,155,FUN_1817253ec,,,e13c65310e2816b6da0413e06917ebfe39641f37a641db1a11eb3deaeeaf4741,undefined FUN_1817253ec(),ghidra,clean,
WHGame.dll,release_1_5_1164953_841,0x1725488,291,FUN_181725488,,,badb0f7fe1943caa8e79ff733ef3ba6c6a045af1c6f978199d3f4c42e6c5fe23,undefined FUN_181725488(),ghidra,clean,
WHGame.dll,release_1_5_1164953_841,0x17255ac,155,FUN_1817255ac,,,5c9cdd7b9fb30f5743fb01a86f2b0d326b4da40b2a28966a28efadd9917d110a,undefined FUN_1817255ac(),ghidra,clean,
WHGame.dll,release_1_5_1164953_841,0x1725648,291,FUN_181725648,,,d3229315853143e37e2bdbf294863ac892d06c07af18b42e418494d04dd607e3,undefined FUN_181725648(),ghidra,clean,
WHGame.dll,release_1_5_1164953_841,0x172576c,155,FUN_18172576c,,,4b6b62bd8d6c64a9e864cdcce35d68c6228c3f31af9b4a5500e390adc85b23cc,undefined FUN_18172576c(),ghidra,clean,
WHGame.dll,release_1_5_1164953_841,0x1725808,291,FUN_181725808,,,c19496cc957bc7aa7f6e84732d3377f6f7779a81e9608087086f7c3887b9e11f,undefined FUN_181725808(),ghidra,clean,
WHGame.dll,release_1_5_1164953_841,0x172592c,155,FUN_18172592c,,,12b586dd9905b04363cd751756ab0894d563b58ef377699e986acb3f4c5de1f9,undefined FUN_18172592c(),ghidra,clean,
WHGame.dll,release_1_5_1164953_841,0x17259c8,291,FUN_1817259c8,,,8fff26ea48633a5dde1b0560c66c33dcd0cd7837eaf7a84fec686ca4cdfe151a,undefined FUN_1817259c8(),ghidra,clean,
WHGame.dll,release_1_5_1164953_841,0x1725aec,155,FUN_181725aec,,,a98b80ba91ca90aad9e94fb2952fb9c1acc90baa49a42473d7a426bc3adbc5d7,undefined FUN_181725aec(),ghidra,clean,
WHGame.dll,release_1_5_1164953_841,0x1725b88,311,FUN_181725b88,,,80213415875d0be9518be130452924ab5fbb05ca90a89f15dbe4475c78e72db6,undefined FUN_181725b88(),ghidra,clean,
WHGame.dll,release_1_5_1164953_841,0x1725cc0,155,FUN_181725cc0,,,5a3db94f0d27ae4257cec79c51f577020981abe84e6550804458c9ad1503f961,undefined FUN_181725cc0(),ghidra,clean,
WHGame.dll,release_1_5_1164953_841,0x1725d5c,291,FUN_181725d5c,,,e001560be990b7fc857969a1a55ee026577cd0a0f27e742d7cda281242b8ad10,undefined FUN_181725d5c(),ghidra,clean,
WHGame.dll,release_1_5_1164953_841,0x1725e80,155,FUN_181725e80,,,c351e2f6abea53104888cc7759ece9f2aeb18639561d15d618539454feb491d0,undefined FUN_181725e80(),ghidra,clean,
WHGame.dll,release_1_5_1164953_841,0x1725f1c,291,FUN_181725f1c,,,d8c36bb5537ee6fbb760955d6efa6f621af6b0369da7b10f7050fb220bf28081,undefined FUN_181725f1c(),ghidra,clean,
WHGame.dll,release_1_5_1164953_841,0x1726040,155,FUN_181726040,,,4b75769860e0b6d0974c216c5dddd11ceb51580be61eb4db4be9b1f2c35e7d26,undefined FUN_181726040(),ghidra,clean,
WHGame.dll,release_1_5_1164953_841,0x17260dc,291,FUN_1817260dc,,,a47f286e9f1ae0f3016798c0c86673ecd4f0795d675d5b8a0785b26a1cfbcf6c,undefined FUN_1817260dc(),ghidra,clean,
WHGame.dll,release_1_5_1164953_841,0x1726200,155,FUN_181726200,,,f2f10c4c2b932b367ac3c7383ff18a3b257f2d5553c21374b6bf3759d0fa5ae3,undefined FUN_181726200(),ghidra,clean,
WHGame.dll,release_1_5_1164953_841,0x172629c,311,FUN_18172629c,,,ebb3ee45919678bb88bf5575025fef02b042716fdd5b7ce808e02a88acf1407d,undefined FUN_18172629c(),ghidra,clean,
WHGame.dll,release_1_5_1164953_841,0x17263d4,155,FUN_1817263d4,,,14d1450f0e65f54fd83d2fef2ba3853d5dcd9887bfe9f3870fa32e15c895b539,undefined FUN_1817263d4(),ghidra,clean,
WHGame.dll,release_1_5_1164953_841,0x1726470,291,FUN_181726470,,,47f08bc25bacbd21950ed38992d550d77ef5939a62163b3de84604d2589f1a2d,undefined FUN_181726470(),ghidra,clean,
WHGame.dll,release_1_5_1164953_841,0x1726594,155,FUN_181726594,,,8a90c337f6e51b415c567d11b887589dd5177d5827d3350a95d3e961bbb33bb9,undefined FUN_181726594(),ghidra,clean,
WHGame.dll,release_1_5_1164953_841,0x1726630,311,FUN_181726630,,,6f3c0f6a0fd10669662ba8f82e6ee6f6d8739d6c44d3ffbbb210c22fab5532d7,undefined FUN_181726630(),ghidra,clean,
WHGame.dll,release_1_5_1164953_841,0x1726768,155,FUN_181726768,,,bd85c6a37d4415f2c8cc6549af59f098dfcba8bd3b804131607f161109e1a105,undefined FUN_181726768(),ghidra,clean,
WHGame.dll,release_1_5_1164953_841,0x1726804,311,FUN_181726804,,,8c88e3639d31b6f78f369c1e9770cdf0f05ad7a762564756854b1b0e19c701c5,undefined FUN_181726804(),ghidra,clean,
WHGame.dll,release_1_5_1164953_841,0x172693c,155,FUN_18172693c,,,dba6154abede5eaf440d25760ae2738d09cd3c5161e57df5b2adf12cdadb6f33,undefined FUN_18172693c(),ghidra,clean,
WHGame.dll,release_1_5_1164953_841,0x17269d8,293,FUN_1817269d8,,,40fbae69740f6f24d129bdf46465414bde723819cbfa7d48139ff12f80335fd4,undefined FUN_1817269d8(),ghidra,clean,
WHGame.dll,release_1_5_1164953_841,0x1726b00,155,FUN_181726b00,,,3b93368fabe2c9b0801e423a9085b0ea260ffc46419e68fcff437af8243a42d0,undefined FUN_181726b00(),ghidra,clean,
WHGame.dll,release_1_5_1164953_841,0x1726b9c,291,FUN_181726b9c,,,2fc55b14153214c04a4b16f355b223c76558ed9ac574b3790f7cac2162f9ca5b,undefined FUN_181726b9c(),ghidra,clean,
WHGame.dll,release_1_5_1164953_841,0x1726cc0,155,FUN_181726cc0,,,e90508c85c5fc28c6e7f5b6b1dcb6ade3b56356706273998e762d453e8fe752e,undefined FUN_181726cc0(),ghidra,clean,
WHGame.dll,release_1_5_1164953_841,0x1726d5c,291,FUN_181726d5c,,,b47599f9f425ba1d5c2a4e870a13df922fde54517dcc35e88ede578af27a5a19,undefined FUN_181726d5c(),ghidra,clean,
WHGame.dll,release_1_5_1164953_841,0x1726e80,155,FUN_181726e80,,,86893b91c48205435b721fabcf185840c644040651b3ff82138c995bf5916c10,undefined FUN_181726e80(),ghidra,clean,
WHGame.dll,release_1_5_1164953_841,0x1726f1c,291,FUN_181726f1c,,,fa13ffc5ae0d3f79df5726b3a1ecd4b640bb77db7a99684ed54afc488c8c73e7,undefined FUN_181726f1c(),ghidra,clean,
WHGame.dll,release_1_5_1164953_841,0x1727040,155,FUN_181727040,,,b6ec2f54ebd612804fc523d43a0bce48c0e2b746325e90bc9080db31d6262beb,undefined FUN_181727040(),ghidra,clean,
WHGame.dll,release_1_5_1164953_841,0x17270dc,311,FUN_1817270dc,,,296ac2be2573ce199ec8c33a7f22b797f912a618b87f9927e767deacfb6e30bc,undefined FUN_1817270dc(),ghidra,clean,
WHGame.dll,release_1_5_1164953_841,0x1727214,155,FUN_181727214,,,a359da20386054d9bc2db47806be7f6d2c25c3ee14ba6f0db62c8787e316ea43,undefined FUN_181727214(),ghidra,clean,
WHGame.dll,release_1_5_1164953_841,0x17272b0,291,FUN_1817272b0,,,cc2349e5361b6683385ac4c6c06bf3148a63d742ce0e82c2825d4a9d6736de27,undefined FUN_1817272b0(),ghidra,clean,
WHGame.dll,release_1_5_1164953_841,0x17273d4,155,FUN_1817273d4,,,038db78f8039fcdaf69306cc98438b78c78cb581ef1a8a2a577df3d397e4685c,undefined FUN_1817273d4(),ghidra,clean,
WHGame.dll,release_1_5_1164953_841,0x1727470,291,FUN_181727470,,,b5ba8bb125556a6275b6e3040da310b1d6b9088b2511c9a554fae7bf7448d087,undefined FUN_181727470(),ghidra,clean,
WHGame.dll,release_1_5_1164953_841,0x1727594,155,FUN_181727594,,,d2f3acdcf6fe5d7a97a387e87eaf05e8b1728c905651aecbaa6ac943f250022c,undefined FUN_181727594(),ghidra,clean,
WHGame.dll,release_1_5_1164953_841,0x1727630,291,FUN_181727630,,,5adf8806253ac713c84a98eca3e931f0ae09eec4d73094bf71cb119b5c58cf1a,undefined FUN_181727630(),ghidra,clean,
WHGame.dll,release_1_5_1164953_841,0x1727754,155,FUN_181727754,,,7d87b363af6cbf6f90d5729384c45deb8699f0a12459824ecda87637a8cfcf18,undefined FUN_181727754(),ghidra,clean,
WHGame.dll,release_1_5_1164953_841,0x17277f0,291,FUN_1817277f0,,,a1b9d78e02e328ea9826ed295ef67553a02f0cec07573658097088ed55b92880,undefined FUN_1817277f0(),ghidra,clean,
WHGame.dll,release_1_5_1164953_841,0x1727914,155,FUN_181727914,,,96cfa7029434d41f68feb2cc64066e4df31ec03b38e420cce26f31ef3aa64ef1,undefined FUN_181727914(),ghidra,clean,
WHGame.dll,release_1_5_1164953_841,0x17279b0,291,FUN_1817279b0,,,03a952df57232f9a14705d3c7220d8d24823ec4a4aa1f950c08b9e6a7db803a6,undefined FUN_1817279b0(),ghidra,clean,
WHGame.dll,release_1_5_1164953_841,0x1727ad4,155,FUN_181727ad4,,,7209253efbd953ce1671f1c344e44d7f8d074c917746e3b094061dc4bdf95976,undefined FUN_181727ad4(),ghidra,clean,
WHGame.dll,release_1_5_1164953_841,0x1727b70,291,FUN_181727b70,,,b6e4287daae45ad984831cbad3889992b54f420679974c409ede2e9dfb54e06e,undefined FUN_181727b70(),ghidra,clean,
WHGame.dll,release_1_5_1164953_841,0x1727c94,155,FUN_181727c94,,,169f20ef9f053999dc195189889b483b478fa8c30d35c5f26645a066079bc680,undefined FUN_181727c94(),ghidra,clean,
WHGame.dll,release_1_5_1164953_841,0x1727d30,291,FUN_181727d30,,,5d9de3a3eb7fb739926dab31867b63ba1f53c44d6248be709fea60bdc6ab0f40,undefined FUN_181727d30(),ghidra,clean,
WHGame.dll,release_1_5_1164953_841,0x1727e54,155,FUN_181727e54,,,3d917920773ec94dcdbfd754d44f6676578aa821905c63dc8a0bc35d429fe202,undefined FUN_181727e54(),ghidra,clean,
WHGame.dll,release_1_5_1164953_841,0x1727ef0,291,FUN_181727ef0,,,dbbf5979124b26ea9eafce46305ccfb055b2c6c1c2ee797abe98a2b5ca18a7e4,undefined FUN_181727ef0(),ghidra,clean,
WHGame.dll,release_1_5_1164953_841,0x1728014,155,FUN_181728014,,,f123843bb8e3ac78fcc10748ff5139e63df842a88a33a86045ffa3d7c089742f,undefined FUN_181728014(),ghidra,clean,
WHGame.dll,release_1_5_1164953_841,0x17280b0,291,FUN_1817280b0,,,1ff860d9e0ae9a455c6335544985eb3d513a90cd12eca03352e96f8b6e517baf,undefined FUN_1817280b0(),ghidra,clean,
WHGame.dll,release_1_5_1164953_841,0x17281d4,155,FUN_1817281d4,,,4a4b7ba679b111c05ce5517b92d22769d017d4623d352e61a28e7dc64bcee5f0,undefined FUN_1817281d4(),ghidra,clean,
WHGame.dll,release_1_5_1164953_841,0x1728270,291,FUN_181728270,,,be0a456e1d0f3291bbaae14d1b7ef06e4581bb017b97820efed5a6edc6ae1ccd,undefined FUN_181728270(),ghidra,clean,
WHGame.dll,release_1_5_1164953_841,0x1728394,155,FUN_181728394,,,5297265343ffbc45f3a0e8e8238d9fa9ad6e42bcb70a2fe9a17fcb8e44a72ca5,undefined FUN_181728394(),ghidra,clean,
WHGame.dll,release_1_5_1164953_841,0x1728430,291,FUN_181728430,,,f2413d2fd19a39eb7c6f6ae63f30ee20145109511a5571084489aa8df284b5ca,undefined FUN_181728430(),ghidra,clean,
WHGame.dll,release_1_5_1164953_841,0x1728554,155,FUN_181728554,,,663692f63cb698b4db357f9a0be0fa1cabf5b184a925f9b939673f9fe163b011,undefined FUN_181728554(),ghidra,clean,
WHGame.dll,release_1_5_1164953_841,0x17285f0,291,FUN_1817285f0,,,74ead63727c8dc9ac1714706f0313e44980af120ad4a3ba50e19a7ae671e4995,undefined FUN_1817285f0(),ghidra,clean,
WHGame.dll,release_1_5_1164953_841,0x1728714,155,FUN_181728714,,,98d3c7136a8e381882f2b1b88436295c38a756d7ba87eeb5fc709a54ff44fff8,undefined FUN_181728714(),ghidra,clean,
WHGame.dll,release_1_5_1164953_841,0x17287b0,291,FUN_1817287b0,,,cca5566caff0d3dd7bbb876b2c2a9d2297f027ced65692664b3f02918ad2d3bb,undefined FUN_1817287b0(),ghidra,clean,
WHGame.dll,release_1_5_1164953_841,0x17288d4,155,FUN_1817288d4,,,5d7f24f33eefca8339bf6606e642fcbdd95c6977e63b31128b6c690060ac4cbd,undefined FUN_1817288d4(),ghidra,clean,
WHGame.dll,release_1_5_1164953_841,0x1728970,291,FUN_181728970,,,1a4c8fa56669d3ac7814f9384ac0791d9243439352eb6e66a0af32ab45e83334,undefined FUN_181728970(),ghidra,clean,
WHGame.dll,release_1_5_1164953_841,0x1728a94,155,FUN_181728a94,,,26ba7d6b7fff5edec819870d4864e918f9ebed4ca58faabe06489a7909d43560,undefined FUN_181728a94(),ghidra,clean,
WHGame.dll,release_1_5_1164953_841,0x1728b30,311,FUN_181728b30,,,7679f72a08c88e0c7ff08e1eec340519771282fbedd2fdef11fc54d79f4a9731,undefined FUN_181728b30(),ghidra,clean,
WHGame.dll,release_1_5_1164953_841,0x1728c68,155,FUN_181728c68,,,ac6fa197c390803f8e4ce9eeb6c18168f8772b7379cf169a6e50ddb5ff721475,undefined FUN_181728c68(),ghidra,clean,
WHGame.dll,release_1_5_1164953_841,0x1728d04,291,FUN_181728d04,,,733c93ba44c9d09d006c7bf848ac64fe47d292930d64d617c57f1b5f63accf69,undefined FUN_181728d04(),ghidra,clean,
WHGame.dll,release_1_5_1164953_841,0x1728e28,155,FUN_181728e28,,,75648f87982396bef9902506d11f52d1870db719c6eb98e8073227b1bfa36287,undefined FUN_181728e28(),ghidra,clean,
WHGame.dll,release_1_5_1164953_841,0x1728ec4,311,FUN_181728ec4,,,611223cf7abc88856deb1bd087b9d9e248ba7a491b3a9f2ae1afdce7f81cf934,undefined FUN_181728ec4(),ghidra,clean,
WHGame.dll,release_1_5_1164953_841,0x1728ffc,94,FUN_181728ffc,,,687d77de1a96a2ce65b74f425f49691c1b19817095d6f18aeb7871464ca154a4,undefined FUN_181728ffc(),ghidra,clean,
WHGame.dll,release_1_5_1164953_841,0x172905c,4802,FUN_18172905c,,,26242985b778709781ff3a2f01b36e729d3104bec12ee411db53f17e3877f58f,undefined FUN_18172905c(),ghidra,clean,
WHGame.dll,release_1_5_1164953_841,0x172a320,180,FUN_18172a320,,,34e6c5af62cb05f981089ed16cc7977e7be85147b67ef6bd8385cf33c2848d2b,undefined FUN_18172a320(),ghidra,clean,
WHGame.dll,release_1_5_1164953_841,0x172a3d4,155,FUN_18172a3d4,,,2e4c2233460889055519d7e565bc82c3d15c6ebe126a485d8a575f8e48adc24f,undefined FUN_18172a3d4(),ghidra,clean,
WHGame.dll,release_1_5_1164953_841,0x172a470,291,FUN_18172a470,,,17fae5efa4cbcbf7d580dd34ac156369e01808f4eeaf680ada7bccd0e0280edc,undefined FUN_18172a470(),ghidra,clean,
WHGame.dll,release_1_5_1164953_841,0x172a594,84,FUN_18172a594,,,a7aba13cd2f8aa2ee60d0d5a31c61ac72e74177e15d79b53da55c1595a1d316e,undefined FUN_18172a594(),ghidra,clean,
WHGame.dll,release_1_5_1164953_841,0x172a5e8,62,FUN_18172a5e8,,,168fac86447dbc5846db3954af5e565cb002ac7bc1d1570522e28567e6eaff6d,undefined FUN_18172a5e8(),ghidra,clean,
WHGame.dll,release_1_5_1164953_841,0x172a614,48,FUN_18172a614,,,fe225e03f0c38f32c010939c164517d2bdb8db34eec4755e7bd7b84d5a2d6ece,undefined FUN_18172a614(),ghidra,clean,
WHGame.dll,release_1_5_1164953_841,0x172a644,26,FUN_18172a644,,,784f42d42467bdc72bf303619520ab86d009b3466c28ed890d4202f919d16798,undefined FUN_18172a644(),ghidra,clean,
WHGame.dll,release_1_5_1164953_841,0x172a660,958,FUN_18172a660,,,52979baef3f23a9b71ff7d730358c0931f9f8267f1fc868887dbd16c09ec9e56,undefined FUN_18172a660(),ghidra,clean,
WHGame.dll,release_1_5_1164953_841,0x172aa20,23,FUN_18172aa20,,,4a2215c3e820937481093c41c3a2c4fdd1b034767afb06c5e8afd475b2e2dc6a,undefined FUN_18172aa20(),ghidra,clean,
WHGame.dll,release_1_5_1164953_841,0x172aa38,155,FUN_18172aa38,,,baa687eba1c8e701d362a4e50a4cc41f18042103e1a4fce45349a17117d2a81a,undefined FUN_18172aa38(),ghidra,clean,
WHGame.dll,release_1_5_1164953_841,0x172aad4,314,FUN_18172aad4,,,2f64d96454d0246b36a7a8f114583f4d6bb077fecde4c730f75031663117a2f4,undefined FUN_18172aad4(),ghidra,clean,
WHGame.dll,release_1_5_1164953_841,0x172ac10,155,FUN_18172ac10,,,4a3064a452aa6fcd3c322a532727b9cd00fcd5c15dd3598355210aeea4a505eb,undefined FUN_18172ac10(),ghidra,clean,
WHGame.dll,release_1_5_1164953_841,0x172acac,308,FUN_18172acac,,,ca5d18cb810e299bd9d2c70b964089a3f265cc50ea0dde1bb51d1a781c42e5d5,undefined FUN_18172acac(),ghidra,clean,
WHGame.dll,release_1_5_1164953_841,0x172ade0,26,FUN_18172ade0,,,784f42d42467bdc72bf303619520ab86d009b3466c28ed890d4202f919d16798,undefined FUN_18172ade0(),ghidra,clean,
WHGame.dll,release_1_5_1164953_841,0x172adfc,958,FUN_18172adfc,,,5d511ba88b8b55c6e7896e6261ac73f3565841cacdf44ccfa5f05aa81fe9ee1b,undefined FUN_18172adfc(),ghidra,clean,
WHGame.dll,release_1_5_1164953_841,0x172b1bc,23,FUN_18172b1bc,,,4a2215c3e820937481093c41c3a2c4fdd1b034767afb06c5e8afd475b2e2dc6a,undefined FUN_18172b1bc(),ghidra,clean,
WHGame.dll,release_1_5_1164953_841,0x172b1d4,155,FUN_18172b1d4,,,03d70e93bc2d36cbbc0f9078913c76a8495db8ea397dccc28bbbcd0ee7d30ba1,undefined FUN_18172b1d4(),ghidra,clean,
WHGame.dll,release_1_5_1164953_841,0x172b270,304,FUN_18172b270,,,4ba4fde6f2318d66bc26771d9af49347c6ba8852844a5a02d5e58c1f8b526685,undefined FUN_18172b270(),ghidra,clean,
WHGame.dll,release_1_5_1164953_841,0x172b3a0,155,FUN_18172b3a0,,,a3eb7fa4eb945ab57fdb6edb217845ce5af8b0d7fb6f258ba98f5d4be260270e,undefined FUN_18172b3a0(),ghidra,clean,
WHGame.dll,release_1_5_1164953_841,0x172b43c,298,FUN_18172b43c,,,b7f47c00225d678d5c21bd31f0fccd5c59815add5a5ef91173f79389d2bf8fc3,undefined FUN_18172b43c(),ghidra,clean,
WHGame.dll,release_1_5_1164953_841,0x172b568,74,FUN_18172b568,,,a1ffba3b540ca2eb6d1a5dc73859500d5083b700fdf4bab20ff32144e91947e2,undefined FUN_18172b568(),ghidra,clean,
WHGame.dll,release_1_5_1164953_841,0x172b5b4,129,FUN_18172b5b4,,,1b516c3648b7f146593f8b04cb9dc69a6ee2c7f6d66359407ffbe015f3c0a7ea,undefined FUN_18172b5b4(),ghidra,clean,
WHGame.dll,release_1_5_1164953_841,0x172b638,214,FUN_18172b638,,,620f0ef778f65913a109de368efa31979469baf6af4bad28f28eaab2de570bd2,undefined FUN_18172b638(),ghidra,clean,
WHGame.dll,release_1_5_1164953_841,0x172b710,245,FUN_18172b710,,,b146ba4aa067b9e7574cc3cf089529ea2c8f7a97453db65b3763dcc67b3856df,undefined FUN_18172b710(),ghidra,clean,
WHGame.dll,release_1_5_1164953_841,0x172b7ec,50,FUN_18172b7ec,,,af2f810cc34a621e02e71ae819315e79a418a096de7b28d5719f752435402020,undefined FUN_18172b7ec(),ghidra,clean,
WHGame.dll,release_1_5_1164953_841,0x172b820,49,FUN_18172b820,,,8031ae16646db175241a61c1274d6b9bb50435fed47611bf72190d105db826d1,undefined FUN_18172b820(),ghidra,clean,
WHGame.dll,release_1_5_1164953_841,0x172b854,16,FUN_18172b854,,,c2b7e088643f7f1f9499148d44ad2034f96b046041b123a6c70b45b6c1b048ea,undefined FUN_18172b854(),ghidra,clean,
WHGame.dll,release_1_5_1164953_841,0x172b864,26,FUN_18172b864,,,3b6790a87ce4a215c08cac15cea09ae7f29323e399c9f221af9e4050880e0d5a,undefined FUN_18172b864(),ghidra,clean,
WHGame.dll,release_1_5_1164953_841,0x172b880,39,FUN_18172b880,,,62ba6c1c784e69c1e3b3a85d81f4630d5718425abc9130ff5058e5df6cf2f87a,undefined FUN_18172b880(),ghidra,clean,
WHGame.dll,release_1_5_1164953_841,0x172b8a8,145,FUN_18172b8a8,,,c4db0961ccbf6f1324b1deb382a634e6e4d72bed905087688f1fcfd8968c186a,undefined FUN_18172b8a8(),ghidra,clean,
WHGame.dll,release_1_5_1164953_841,0x172b93c,145,FUN_18172b93c,,,cfb66638782b1a8e3cf4e50ed420c2dcafeacadff8d29880a24234016615cacd,undefined FUN_18172b93c(),ghidra,clean,
WHGame.dll,release_1_5_1164953_841,0x172b9d0,55,FUN_18172b9d0,,,ae458c045c4ad57102a06a5ff12a9daae75930de99fe655bddf8a0a5c897b5ff,undefined FUN_18172b9d0(),ghidra,clean,
WHGame.dll,release_1_5_1164953_841,0x172b9f8,181,FUN_18172b9f8,,,cc92aad684f4c7daa20aa2cd766b52cd3d7fc21a5359734f0b0ff99a11a02c4d,undefined FUN_18172b9f8(),ghidra,clean,
WHGame.dll,release_1_5_1164953_841,0x172bab0,120,FUN_18172bab0,,,67bc8cf4b9891b98e9786e44929cbcc9551bd8abea1b8ef32ff226420adc3a5d,undefined FUN_18172bab0(),ghidra,clean,
WHGame.dll,release_1_5_1164953_841,0x172bb28,42,FUN_18172bb28,,,95ac78be008a235db8fa161c550963fb52c345da13f717b6f4270be250df7748,undefined FUN_18172bb28(),ghidra,clean,
WHGame.dll,release_1_5_1164953_841,0x172bb54,155,FUN_18172bb54,,,6adc8a7a90f5f9e5619830952b88582427466242f9ff26ea6ea00db961d6a117,undefined FUN_18172bb54(),ghidra,clean,
WHGame.dll,release_1_5_1164953_841,0x172bbf0,26,FUN_18172bbf0,,,819234953c91d716a341edb10dcca2267107efa13f78881bbca64f4a7a11eeca,undefined FUN_18172bbf0(),ghidra,clean,
WHGame.dll,release_1_5_1164953_841,0x172bc0c,155,FUN_18172bc0c,,,de9afe2e0b165f8f2bf24dbd21fe7938d23bb4a3de90548da26a5633f0d6c29e,undefined FUN_18172bc0c(),ghidra,clean,
WHGame.dll,release_1_5_1164953_841,0x172bca8,291,FUN_18172bca8,,,717c0979dc0615a39647179b51abdbc4fb8ebb1b6110c05521895272fbc914fd,undefined FUN_18172bca8(),ghidra,clean,
WHGame.dll,release_1_5_1164953_841,0x172bdcc,291,FUN_18172bdcc,,,5e13641f91496949dfdfafe9cb33346fcb17c094932aee5d07cb93a3f9036d3c,undefined FUN_18172bdcc(),ghidra,clean,
WHGame.dll,release_1_5_1164953_841,0x172bef0,91,FUN_18172bef0,,,b0ea4e7d001c65935198ba7c90b5d61ce99049cc5dae38fb8592d6d58810335f,undefined FUN_18172bef0(),ghidra,clean,
WHGame.dll,release_1_5_1164953_841,0x172bf4c,155,FUN_18172bf4c,,,e3223450807c1b4591747df0bfdc5b492abf3656e081f66734709659fdd17c0b,undefined FUN_18172bf4c(),ghidra,clean,
WHGame.dll,release_1_5_1164953_841,0x172bfe8,26,FUN_18172bfe8,,,819234953c91d716a341edb10dcca2267107efa13f78881bbca64f4a7a11eeca,undefined FUN_18172bfe8(),ghidra,clean,
WHGame.dll,release_1_5_1164953_841,0x172c004,155,FUN_18172c004,,,79503af8c38162017647faf2cd915a5d53179ce3fcacd9c853f68b4f7479a43d,undefined FUN_18172c004(),ghidra,clean,
WHGame.dll,release_1_5_1164953_841,0x172c0a0,291,FUN_18172c0a0,,,746d1218533619a05642c6446f9c984be232005836daf317cc3f1aecc7fdb0f7,undefined FUN_18172c0a0(),ghidra,clean,
WHGame.dll,release_1_5_1164953_841,0x172c1c4,301,FUN_18172c1c4,,,d5704e8b70095bf23300bb4c92f1b9706dfc03e1cb267800afad7dc7a1af852c,undefined FUN_18172c1c4(),ghidra,clean,
WHGame.dll,release_1_5_1164953_841,0x172c2f4,155,FUN_18172c2f4,,,4852b68c0ab6c847523d10d2e6a12391ed04413270a138d4a915726b9193860d,undefined FUN_18172c2f4(),ghidra,clean,
WHGame.dll,release_1_5_1164953_841,0x172c390,26,FUN_18172c390,,,819234953c91d716a341edb10dcca2267107efa13f78881bbca64f4a7a11eeca,undefined FUN_18172c390(),ghidra,clean,
WHGame.dll,release_1_5_1164953_841,0x172c3ac,155,FUN_18172c3ac,,,64c3fa2e817b444bf5a49d6b9e8bebfc7815efab23004980ea2e2994086209e8,undefined FUN_18172c3ac(),ghidra,clean,
WHGame.dll,release_1_5_1164953_841,0x172c448,91,FUN_18172c448,,,0fb09f2a4550728668f35cebbe4261de6e35787cda5b816ce6fa7da005116d6e,undefined FUN_18172c448(),ghidra,clean,
WHGame.dll,release_1_5_1164953_841,0x172c4a4,311,FUN_18172c4a4,,,e209ba59ca6e3da68c30c6a8908249b36e121e30b130bb38776cb013d9dd25a2,undefined FUN_18172c4a4(),ghidra,clean,
WHGame.dll,release_1_5_1164953_841,0x172c5dc,311,FUN_18172c5dc,,,08bf4f1eeecbe2d079c69034cd35f81a0701fc0bf23fe21c83de531e9bc4257a,undefined FUN_18172c5dc(),ghidra,clean,
WHGame.dll,release_1_5_1164953_841,0x172c714,155,FUN_18172c714,,,2abd394a17dc6c10f9d1b302d47d38a9c55af08a324997ac69ef3083243fd817,undefined FUN_18172c714(),ghidra,clean,
WHGame.dll,release_1_5_1164953_841,0x172c7b0,26,FUN_18172c7b0,,,819234953c91d716a341edb10dcca2267107efa13f78881bbca64f4a7a11eeca,undefined FUN_18172c7b0(),ghidra,clean,
WHGame.dll,release_1_5_1164953_841,0x172c7cc,155,FUN_18172c7cc,,,5e9ac414f8e9c7e3a035c9bba8a40384ae5d76001e5e12ce67ad5b3b521bc6dd,undefined FUN_18172c7cc(),ghidra,clean,
WHGame.dll,release_1_5_1164953_841,0x172c868,291,FUN_18172c868,,,e4f28a10c8113dbda9fabae156902405bdddfc1ffb76207012fe97274737ac52,undefined FUN_18172c868(),ghidra,clean,
WHGame.dll,release_1_5_1164953_841,0x172c98c,301,FUN_18172c98c,,,315a1e11bab66e70130bea19f349efcf049986c019eadf6feb9e9eb96e2e1591,undefined FUN_18172c98c(),ghidra,clean,
WHGame.dll,release_1_5_1164953_841,0x172cabc,155,FUN_18172cabc,,,a4d79608362049616f38370aff7b2bdb34a9ba99ea9daffc9349a2493a04adc6,undefined FUN_18172cabc(),ghidra,clean,
WHGame.dll,release_1_5_1164953_841,0x172cb58,26,FUN_18172cb58,,,819234953c91d716a341edb10dcca2267107efa13f78881bbca64f4a7a11eeca,undefined FUN_18172cb58(),ghidra,clean,
WHGame.dll,release_1_5_1164953_841,0x172cb74,155,FUN_18172cb74,,,a7b4d0569c643901c2fa02c453dddfe445d56fd449883973dd81b374273bbf8c,undefined FUN_18172cb74(),ghidra,clean,
WHGame.dll,release_1_5_1164953_841,0x172cc10,291,FUN_18172cc10,,,314262661425b25284731742eb11645e6d879cf58528dc39acd0d1ff04df4dcd,undefined FUN_18172cc10(),ghidra,clean,
WHGame.dll,release_1_5_1164953_841,0x172cd34,301,FUN_18172cd34,,,9428b585e77384f2d357e2587fc7e84f990553019db41f972c40e5043399da3e,undefined FUN_18172cd34(),ghidra,clean,
WHGame.dll,release_1_5_1164953_841,0x172ce64,104,FUN_18172ce64,,,5de6992ed432ee4e38fda1dae2880d5f5526a18ebba54fc00b2dca0b373ba1ae,undefined FUN_18172ce64(),ghidra,clean,
WHGame.dll,release_1_5_1164953_841,0x172cec0,64,FUN_18172cec0,,,0ddaf9f477b8e84ef05960f8a1b192c33758450fed819e19d67e29e4056af919,undefined FUN_18172cec0(),ghidra,clean,
WHGame.dll,release_1_5_1164953_841,0x172cf00,93,FUN_18172cf00,,,d2cde23fc9c2f2bf14cea92d94ed5040b3aaeefd459f067c1d1fe052d3b04312,undefined FUN_18172cf00(),ghidra,clean,
WHGame.dll,release_1_5_1164953_841,0x172cf60,92,FUN_18172cf60,,,89db1e67ef60896037d012853a4b149a7d30b48bdee02a0c93372fecd4e9d30d,undefined FUN_18172cf60(),ghidra,clean,
WHGame.dll,release_1_5_1164953_841,0x172cfac,76,FUN_18172cfac,,,561159951c0297c3ad781193dbcd2edabf8a3f8bf3ca6485d42cfc26aee0de06,undefined FUN_18172cfac(),ghidra,clean,
WHGame.dll,release_1_5_1164953_841,0x172cff8,37,FUN_18172cff8,,,af20adc9603b001557d60d376effe4229f5697702356111b3b9605fdce02e066,undefined FUN_18172cff8(),ghidra,clean,
WHGame.dll,release_1_5_1164953_841,0x172d020,79,FUN_18172d020,,,0b4c23c766548e5e2511f62c862ab8ede44f51c7f0802f1dc09d664499d90a71,undefined FUN_18172d020(),ghidra,clean,
WHGame.dll,release_1_5_1164953_841,0x172d070,458,FUN_18172d070,,,5fa05ed894064754f3dbdb1a5419ec37902d07a33950ad603e3794aadff28880,undefined FUN_18172d070(),ghidra,clean,
WHGame.dll,release_1_5_1164953_841,0x172d23c,102,FUN_18172d23c,,,91d9849b0fd139f4a1021eec6d19fdfcbc1f2c8e9c6856899dbc11ecb2d5381c,undefined FUN_18172d23c(),ghidra,clean,
WHGame.dll,release_1_5_1164953_841,0x172d2a2,37,FUN_18172d2a2,,,6ab4b39d57e316d6b0d1ea7aa67e891a465326357823d6acf20c381c398a7b3a,undefined FUN_18172d2a2(),ghidra,clean,
WHGame.dll,release_1_5_1164953_841,0x172d2ac,47,FUN_18172d2ac,,,923bfe37b0645809ef51419769a29a09ae72411596563b5e2019e33918c792ee,undefined FUN_18172d2ac(),ghidra,clean,
WHGame.dll,release_1_5_1164953_841,0x172d2dc,69,FUN_18172d2dc,,,b073985b2385b918b2b87d7b701e68ad7f428f49343381ee1158e694970e5163,undefined FUN_18172d2dc(),ghidra,clean,
WHGame.dll,release_1_5_1164953_841,0x172d324,77,FUN_18172d324,,,b79f748fc65cd5ed5b65b6edaed84654f5280b3a37e8e5a113d6e90f806651ad,undefined FUN_18172d324(),ghidra,clean,
WHGame.dll,release_1_5_1164953_841,0x172d374,455,FUN_18172d374,,,7169bdfc90b6f07bf60fd8277624c2b4942b338909518cc7f2abacf2493b2f98,undefined FUN_18172d374(),ghidra,clean,
WHGame.dll,release_1_5_1164953_841,0x172d3e0,155,FUN_18172d3e0,,,885f66f45585fbf763c1d98e4b9f8b05859cf1dbfc8fb02a07a59b0fdacb0252,undefined FUN_18172d3e0(),ghidra,clean,
WHGame.dll,release_1_5_1164953_841,0x172d47c,26,FUN_18172d47c,,,819234953c91d716a341edb10dcca2267107efa13f78881bbca64f4a7a11eeca,undefined FUN_18172d47c(),ghidra,clean,
WHGame.dll,release_1_5_1164953_841,0x172d498,155,FUN_18172d498,,,900469648c280709a0f51f1339dd20c3b1258a43e3752b30931284a97c7d45c7,undefined FUN_18172d498(),ghidra,clean,
WHGame.dll,release_1_5_1164953_841,0x172d534,291,FUN_18172d534,,,337399993ae2a1b66e865903e478f6c152adf5eab61e953f638f180f2fa1b5bd,undefined FUN_18172d534(),ghidra,clean,
WHGame.dll,release_1_5_1164953_841,0x172d658,291,FUN_18172d658,,,7201036846a2feafcba82960109e2b5bf6a20c2f89ceb8f8b8a60f77ced9f192,undefined FUN_18172d658(),ghidra,clean,
WHGame.dll,release_1_5_1164953_841,0x172d77c,91,FUN_18172d77c,,,894d2517afa5fc3aab7e3340e82c5bcc89b2d8b5b9850de913c53e3d1d2abba8,undefined FUN_18172d77c(),ghidra,clean,
WHGame.dll,release_1_5_1164953_841,0x172d7d8,155,FUN_18172d7d8,,,06f262094d4d386e9fd6ea9f718ca6395b849769faea50abaae037aca773d6d3,undefined FUN_18172d7d8(),ghidra,clean,
WHGame.dll,release_1_5_1164953_841,0x172d874,26,FUN_18172d874,,,819234953c91d716a341edb10dcca2267107efa13f78881bbca64f4a7a11eeca,undefined FUN_18172d874(),ghidra,clean,
WHGame.dll,release_1_5_1164953_841,0x172d890,155,FUN_18172d890,,,eb70121aaf7223440b2d4bcd7d0fd57d54b02c0ee8cccf2cbc490e1f73e49e09,undefined FUN_18172d890(),ghidra,clean,
WHGame.dll,release_1_5_1164953_841,0x172d92c,291,FUN_18172d92c,,,c0485264be1f674a89fb738c21c3b751662ae51f3504fd9b60a89adc87fcb181,undefined FUN_18172d92c(),ghidra,clean,
WHGame.dll,release_1_5_1164953_841,0x172da50,291,FUN_18172da50,,,8b0bede4f4e8407f9c97ff165040906c9f85c811d2ddfc4699b320944ecd9d21,undefined FUN_18172da50(),ghidra,clean,
WHGame.dll,release_1_5_1164953_841,0x172db74,91,FUN_18172db74,,,d6bd04176e3d4f3944b7cbbf28f20284a7b232033daf3d78cefd2f33b69bd4f7,undefined FUN_18172db74(),ghidra,clean,
WHGame.dll,release_1_5_1164953_841,0x172dbd0,155,FUN_18172dbd0,,,90ed693fdc1b95aa32464b4b4626c643a04eafc6bfecef1a897e7ad74ca6d22e,undefined FUN_18172dbd0(),ghidra,clean,
WHGame.dll,release_1_5_1164953_841,0x172dc6c,26,FUN_18172dc6c,,,819234953c91d716a341edb10dcca2267107efa13f78881bbca64f4a7a11eeca,undefined FUN_18172dc6c(),ghidra,clean,
WHGame.dll,release_1_5_1164953_841,0x172dc88,155,FUN_18172dc88,,,96cedfa2eda34638454e57a3f2d88aaa92ed0ebd6f8053d55dc5e12181140e07,undefined FUN_18172dc88(),ghidra,clean,
WHGame.dll,release_1_5_1164953_841,0x172dd24,291,FUN_18172dd24,,,b63c64a6ac276f3a184d33e257e3737f8d61d55c0cccf6eb5a620e9dc5026f28,undefined FUN_18172dd24(),ghidra,clean,
WHGame.dll,release_1_5_1164953_841,0x172de48,291,FUN_18172de48,,,1b359cb11810ff961d171a11bcd4b4173d8bb6b0cbf83000a7b78d8534c9f5a0,undefined FUN_18172de48(),ghidra,clean,
WHGame.dll,release_1_5_1164953_841,0x172df6c,91,FUN_18172df6c,,,6d2be8a2b88287f0892035a5d93def82e42fbebb463cb2099c59643bc566c720,undefined FUN_18172df6c(),ghidra,clean,
WHGame.dll,release_1_5_1164953_841,0x172dfc8,180,FUN_18172dfc8,,,30c626d87782d02556ed5c014c6b97068aae353d398ca40f20658f7ea5696e69,undefined FUN_18172dfc8(),ghidra,clean,
WHGame.dll,release_1_5_1164953_841,0x172e07c,55,FUN_18172e07c,,,ac7c3e83c5eede8414ff1eeb2bbe948d74d63e1dcb9ae47dd1dae87ef0cf351e,undefined FUN_18172e07c(),ghidra,clean,
WHGame.dll,release_1_5_1164953_841,0x172e0a4,181,FUN_18172e0a4,,,35a24357c5f276f1e5d06cbd63e838fa6c353f9a7fae2cca3f41884afdc872cc,undefined FUN_18172e0a4(),ghidra,clean,
WHGame.dll,release_1_5_1164953_841,0x172e15c,92,FUN_18172e15c,,,5b2230c9abc079042d5d734c0764b251b610a4b726bbe60750b61d4c291bf54f,undefined FUN_18172e15c(),ghidra,clean,
WHGame.dll,release_1_5_1164953_841,0x172e1b8,30,FUN_18172e1b8,,,8c952fb5fed0256c7353ff9480497f2f3cbe725d3861f2e2cf7acbce358900ed,undefined FUN_18172e1b8(),ghidra,clean,
WHGame.dll,release_1_5_1164953_841,0x172e1d8,155,FUN_18172e1d8,,,07c361db6a019f8ba3294fd7ac19b455f22593089ed59e66caad23d27a51d407,undefined FUN_18172e1d8(),ghidra,clean,
WHGame.dll,release_1_5_1164953_841,0x172e274,291,FUN_18172e274,,,09407c97348434da6868ad640a19af5bb931dc326c15abc80b3fcf70ab0db725,undefined FUN_18172e274(),ghidra,clean,
WHGame.dll,release_1_5_1164953_841,0x172e398,43,FUN_18172e398,,,c133096afeca856ddf0ece2e3d1159c6d2d6614c0f2dd70cf898a38eecbea0c6,undefined FUN_18172e398(),ghidra,clean,
WHGame.dll,release_1_5_1164953_841,0x172e3c4,11,FUN_18172e3c4,,,b968a11530af82dbfbe72053f8db1640d96160723273fa7403c429709c52acc3,undefined FUN_18172e3c4(),ghidra,clean,
WHGame.dll,release_1_5_1164953_841,0x172e3d0,155,FUN_18172e3d0,,,fa2639bb073953ba0bb9d7d0f70d66e989a8edcf201ff353177cf6b27e3273cd,undefined FUN_18172e3d0(),ghidra,clean,
WHGame.dll,release_1_5_1164953_841,0x172e46c,291,FUN_18172e46c,,,e886363a3a1cf80203bd32cecdb3cdc055bfc7775beb961900c9bb32832f6f56,undefined FUN_18172e46c(),ghidra,clean,
WHGame.dll,release_1_5_1164953_841,0x172e590,155,FUN_18172e590,,,f2c0ce0ac737396f4a8f3c9d412d4c4236e53178f1c3b8a267247920c983d400,undefined FUN_18172e590(),ghidra,clean,
WHGame.dll,release_1_5_1164953_841,0x172e62c,291,FUN_18172e62c,,,45b01d0978f9043ca79217ccd0fae718cc8e1342779a97a8b6ff54152b6ac97d,undefined FUN_18172e62c(),ghidra,clean,
WHGame.dll,release_1_5_1164953_841,0x172e750,55,FUN_18172e750,,,504d6a1d2a2e3cb3378c2150d776627895642e70bec976077e22ee209a51f655,undefined FUN_18172e750(),ghidra,clean,
WHGame.dll,release_1_5_1164953_841,0x172e788,179,FUN_18172e788,,,3f481f95d8f13c89c5df3c4b25e26606bc0d30b6e0e8747d6d486765d983f1de,undefined FUN_18172e788(),ghidra,clean,
WHGame.dll,release_1_5_1164953_841,0x172e7bc,343,FUN_18172e7bc,,,a843fde3c9994d025843990e39bd0605279a7044dd3ceb6eb8a2a80dbfca4bbe,undefined FUN_18172e7bc(),ghidra,clean,
WHGame.dll,release_1_5_1164953_841,0x172e914,155,FUN_18172e914,,,1db779178963bc69f971f98baf345cd278babbc002cbea794f34df4085f6827d,undefined FUN_18172e914(),ghidra,clean,
WHGame.dll,release_1_5_1164953_841,0x172e9b0,291,FUN_18172e9b0,,,8ce3ff2e64dbcc65e47fbfc9a6d6f0f69c053f678f8daa3c69e0172da8fb1cf6,undefined FUN_18172e9b0(),ghidra,clean,
WHGame.dll,release_1_5_1164953_841,0x172ead4,123,FUN_18172ead4,,,cd8ab1fee1134fb707582cc85aeda618e27d9553d3ed6ec2110f733089b12a0f,undefined FUN_18172ead4(),ghidra,clean,
WHGame.dll,release_1_5_1164953_841,0x172eb30,247,FUN_18172eb30,,,4d099cd36351e9da9e59b5c470d791bf084cd0e455ff7ef3ff00f5cf0d2c49d1,undefined FUN_18172eb30(),ghidra,clean,
WHGame.dll,release_1_5_1164953_841,0x172ec2c,26,FUN_18172ec2c,,,fa0c02f718a944fd63a21e69be555873685cbe8fa85342923060eb9d21738158,undefined FUN_18172ec2c(),ghidra,clean,
WHGame.dll,release_1_5_1164953_841,0x172ec48,34,FUN_18172ec48,,,ee5b588f4741326bf3ddc753e20a00c742c2ac5bda4c9a24738824d07dd18a3a,undefined FUN_18172ec48(),ghidra,clean,
WHGame.dll,release_1_5_1164953_841,0x172ec6c,666,FUN_18172ec6c,,,b326370096cbc4a96299a04a7290a7eef36efeefab445e461e6a3262efe369bf,undefined FUN_18172ec6c(),ghidra,clean,
WHGame.dll,release_1_5_1164953_841,0x172ee38,120,FUN_18172ee38,,,2bf80902d81e7d179908e9c159e8ebe679cffcd5f3480c9ed281689c5b2ab8fb,undefined FUN_18172ee38(),ghidra,clean,
WHGame.dll,release_1_5_1164953_841,0x172eeb0,25,FUN_18172eeb0,,,500840d6d4e69c61c6c6299f2b1a831923525b136908128ae962ee3cd5c7f69f,undefined FUN_18172eeb0(),ghidra,clean,
WHGame.dll,release_1_5_1164953_841,0x172eecc,186,FUN_18172eecc,,,d5d41a17fc38e3857622649ecb7ca098f5727707449797539a639fd8e2770bf9,undefined FUN_18172eecc(),ghidra,clean,
WHGame.dll,release_1_5_1164953_841,0x172ef88,154,FUN_18172ef88,,,b5d1e9211241dc64d6e6eca2a97d232ac84cf49f4fdad24270096ed9becdc75a,undefined FUN_18172ef88(),ghidra,clean,
WHGame.dll,release_1_5_1164953_841,0x172f024,83,FUN_18172f024,,,d47dc38ae6ffd57a5957c17a88baaf3a4951663a602588bf9a7cab8df43b3890,undefined FUN_18172f024(),ghidra,clean,
WHGame.dll,release_1_5_1164953_841,0x172f078,109,FUN_18172f078,,,6a5d4e9af97f001b73f0761ec4a754cf1d34c2c605092da2a4733b7667153809,undefined FUN_18172f078(),ghidra,clean,
WHGame.dll,release_1_5_1164953_841,0x172f0b4,30,FUN_18172f0b4,,,f79c89cffe00e94ac53bed9a9d6ba3a5ab28994ec64d110739378e4878f8a467,undefined FUN_18172f0b4(),ghidra,clean,
WHGame.dll,release_1_5_1164953_841,0x172f0d4,296,FUN_18172f0d4,,,7fdc9d5589316bd6ca1d5b8d805761d822386c37d412790340e8fb2081fa67a9,undefined FUN_18172f0d4(),ghidra,clean,
WHGame.dll,release_1_5_1164953_841,0x172f1fc,234,FUN_18172f1fc,,,a07fc2ef5c7aaf4c85982378c09a8b646c6b3f7b01d2dcceb31a2e7a7fd8d55f,undefined FUN_18172f1fc(),ghidra,clean,
WHGame.dll,release_1_5_1164953_841,0x172f2e8,190,FUN_18172f2e8,,,6fbade8d64e12825aa168ef161e7e8720ea9f128333751f6371b85454219b9ec,undefined FUN_18172f2e8(),ghidra,clean,
WHGame.dll,release_1_5_1164953_841,0x172f394,251,FUN_18172f394,,,3e9a4049a9fe773e04edf8e736af4682802cdd0febfc9d7c256a5bb3b699a3e7,undefined FUN_18172f394(),ghidra,clean,
WHGame.dll,release_1_5_1164953_841,0x172f490,196,FUN_18172f490,,,dbe355a970649d7ff4cc4b6f187d09c1d7a25e743d662861d3d19bd829c77d61,undefined FUN_18172f490(),ghidra,clean,
WHGame.dll,release_1_5_1164953_841,0x172f554,155,FUN_18172f554,,,fddc5b34383e38518adeb17a864f574e202f2a122a814da398d526a888fa0f0e,undefined FUN_18172f554(),ghidra,clean,
WHGame.dll,release_1_5_1164953_841,0x172f5f0,26,FUN_18172f5f0,,,819234953c91d716a341edb10dcca2267107efa13f78881bbca64f4a7a11eeca,undefined FUN_18172f5f0(),ghidra,clean,
WHGame.dll,release_1_5_1164953_841,0x172f60c,155,FUN_18172f60c,,,71b05bb7678944c7e003ae23ab94ac38f1c0854554388ce789cdf8cb96f79c2e,undefined FUN_18172f60c(),ghidra,clean,
WHGame.dll,release_1_5_1164953_841,0x172f6a8,291,FUN_18172f6a8,,,a63c1823ddb716bff829a13b24a86ddc1dd3354ee94a791ff5dffb5f225ac929,undefined FUN_18172f6a8(),ghidra,clean,
WHGame.dll,release_1_5_1164953_841,0x172f7cc,291,FUN_18172f7cc,,,66c93399ab4d871489a8405b221e3ff4f0dfc6392be8f78b70993211c4be9ade,undefined FUN_18172f7cc(),ghidra,clean,
WHGame.dll,release_1_5_1164953_841,0x172f8f0,191,FUN_18172f8f0,,,96544ca816292d3493f40c963312c163b71a1db4b87b4f0282ffe33fc8dbd069,undefined FUN_18172f8f0(),ghidra,clean,
WHGame.dll,release_1_5_1164953_841,0x172f9b0,5,thunk_FUN_18172f9b8,,,b0d40b133b9394d93820ac0104b0065121d2d73df32c7bfb4e4cf5d805a8b103,undefined thunk_FUN_18172f9b8(),ghidra,clean,
WHGame.dll,release_1_5_1164953_841,0x172f9b8,103,FUN_18172f9b8,,,d533e65b18c0756bd4bc5bfc0e26aa927369af7fc72c2087fd91a2159dbf5bf0,undefined FUN_18172f9b8(),ghidra,clean,
WHGame.dll,release_1_5_1164953_841,0x172fa20,211,FUN_18172fa20,,,59ee370e249d1c7959a001d4a170f111d5bc682e6c13aa4786f2312c680b5fb8,undefined FUN_18172fa20(),ghidra,clean,
WHGame.dll,release_1_5_1164953_841,0x172facc,188,FUN_18172facc,,,32db456e639db53afbbc7dbdcdd8a2a6c9afcf269e5375b277c0ad50205955c4,undefined FUN_18172facc(),ghidra,clean,
WHGame.dll,release_1_5_1164953_841,0x172fb88,328,FUN_18172fb88,,,238dc27d91d0141e69747535e619c0c7c1359be1e445431e36dd42d6a7f1e27a,undefined FUN_18172fb88(),ghidra,clean,
WHGame.dll,release_1_5_1164953_841,0x172fcd4,100,FUN_18172fcd4,,,5c05a2d8290ccd33dd479a1fb63af5921a283406a08a893c3a7d1cfa7be33d20,undefined FUN_18172fcd4(),ghidra,clean,
WHGame.dll,release_1_5_1164953_841,0x172fd38,127,FUN_18172fd38,,,247d9b67d22ac0ea1b4a39549e8d4bb18ee2390150951d5bbaca5fa0faa6bcdc,undefined FUN_18172fd38(),ghidra,clean,
WHGame.dll,release_1_5_1164953_841,0x172fdb8,53,FUN_18172fdb8,,,d87792783836492b72afc8d8b25aceb41b092b17f960283439de7a7694421880,undefined FUN_18172fdb8(),ghidra,clean,
WHGame.dll,release_1_5_1164953_841,0x172fdf0,431,FUN_18172fdf0,,,4415f558fa92076db33fbbad3a303ecd47ca504232b47850f62fdbe17c8ff828,undefined FUN_18172fdf0(),ghidra,clean,
WHGame.dll,release_1_5_1164953_841,0x172ff4c,40,FUN_18172ff4c,,,efb7f6841fe05988fdb6af92c8b04f9fca9d9b688a396c4c5053a19bba4270fc,undefined FUN_18172ff4c(),ghidra,clean,
WHGame.dll,release_1_5_1164953_841,0x172ff74,42,FUN_18172ff74,,,53c8bfea9af21dcf2495f57cc7cb89a359651a2ee4d19cc41c3ce1134c524b53,undefined FUN_18172ff74(),ghidra,clean,
WHGame.dll,release_1_5_1164953_841,0x172ffa0,114,FUN_18172ffa0,,,64b74b226ef975ef29332ae36bfa1849201e0dd9a7289fcfe0cd6a08367bead1,undefined FUN_18172ffa0(),ghidra,clean,
WHGame.dll,release_1_5_1164953_841,0x1730014,62,FUN_181730014,,,bb422df5c19e0c6eb66c04df89bdfae0eaf4262a3f4ed200d41da7dea0245769,undefined FUN_181730014(),ghidra,clean,
WHGame.dll,release_1_5_1164953_841,0x1730040,52,FUN_181730040,,,170d8be70954200effd92a5eadb729f6f95155bcfab488e9619f7d07fc35ef31,undefined FUN_181730040(),ghidra,clean,
WHGame.dll,release_1_5_1164953_841,0x1730074,52,FUN_181730074,,,afae0ad0379c988aeb48fe3273dc98cdff842eb5acf7f1d86af60d6883b86461,undefined FUN_181730074(),ghidra,clean,
WHGame.dll,release_1_5_1164953_841,0x17300a8,34,FUN_1817300a8,,,18569a185b3b516fd1965c63b4cf16548e6ce78f2c0ac40bd0fa764bbac4373b,undefined FUN_1817300a8(),ghidra,clean,
WHGame.dll,release_1_5_1164953_841,0x17300cc,278,FUN_1817300cc,,,e6895a1501cca72c0b5bbb82acccb3d0352cbd2002fb1142550e1fca12b2e5a7,undefined FUN_1817300cc(),ghidra,clean,
WHGame.dll,release_1_5_1164953_841,0x1730180,111,FUN_181730180,,,e7d650cc3feca8c6618318b73833e62561c7e4496f73302234c8aa31360211db,undefined FUN_181730180(),ghidra,clean,
WHGame.dll,release_1_5_1164953_841,0x17301f0,380,FUN_1817301f0,,,ba8267923c3d0a88d3f3a0c7272145e4ad16dabd03b2fc8b0c60138881dfb2d8,undefined FUN_1817301f0(),ghidra,clean,
WHGame.dll,release_1_5_1164953_841,0x17302b4,70,FUN_1817302b4,,,28193655a447f02b9745e1e664a59832079ecd365c0cfcc37a5e04e73b9dd17d,undefined FUN_1817302b4(),ghidra,clean,
WHGame.dll,release_1_5_1164953_841,0x17302fc,73,FUN_1817302fc,,,5f9bf140950e625a30deeda081849add1f23d84a8aeca8cacf7f95b777d3132d,undefined FUN_1817302fc(),ghidra,clean,
WHGame.dll,release_1_5_1164953_841,0x1730348,891,FUN_181730348,,,05676b033e898b6a8241c86bbab9b045e441746d0e485820436cc2e3a6b8bfaf,undefined FUN_181730348(),ghidra,clean,
WHGame.dll,release_1_5_1164953_841,0x17303bc,54,FUN_1817303bc,,,7367e8b276712f1b15bba76be3ddc9b41976cd1514f0fccf7dcda8c3dd23cd32,undefined FUN_1817303bc(),ghidra,clean,
WHGame.dll,release_1_5_1164953_841,0x1730400,8,FUN_181730400,,,99abf9b41fa075d8081edb89ca056e084f2ba19a04b0e8081482bf54d2d59801,undefined FUN_181730400(),ghidra,clean,
WHGame.dll,release_1_5_1164953_841,0x1730408,64,FUN_181730408,,,a172e131e4d4750019f75459943f997d9ac4966deb3c00082acec6e0df74cb00,undefined FUN_181730408(),ghidra,clean,
WHGame.dll,release_1_5_1164953_841,0x1730448,236,FUN_181730448,,,d5a6d817173445e8aae626d52960c1b587bc7204fd21c3d6184e7d294b28192c,undefined FUN_181730448(),ghidra,clean,
WHGame.dll,release_1_5_1164953_841,0x1730538,87,FUN_181730538,,,eb00753f3deaf53eac60f8c3b63e3e2961afd56dfceba66c3c6b1c1129780a09,undefined FUN_181730538(),ghidra,clean,
WHGame.dll,release_1_5_1164953_841,0x173056c,72,FUN_18173056c,,,df9f6f557886f0105cf8af2926de5e3462c0eec302759ce0a04a890bec01bd5a,undefined FUN_18173056c(),ghidra,clean,
WHGame.dll,release_1_5_1164953_841,0x17305b4,190,FUN_1817305b4,,,5f9bc90a45021c9208637642d423c6ff6096d1a924c934a911c5f596c6fa97c1,undefined FUN_1817305b4(),ghidra,clean,
WHGame.dll,release_1_5_1164953_841,0x1730674,177,FUN_181730674,,,c177e687a91e8f839f200fd8731d5baa854e12378c2feb0ccaaee2af16398e28,undefined FUN_181730674(),ghidra,clean,
WHGame.dll,release_1_5_1164953_841,0x17306e4,52,FUN_1817306e4,,,c23808d6b2bb63150827e20ef2249ed282b8a908dca65b11e13be0f66281085b,undefined FUN_1817306e4(),ghidra,clean,
WHGame.dll,release_1_5_1164953_841,0x1730718,58,FUN_181730718,,,b6f6e292322d1cb766bb6f2172edd2a79f95806cfe1765c5deeea903f5598222,undefined FUN_181730718(),ghidra,clean,
WHGame.dll,release_1_5_1164953_841,0x1730754,26,FUN_181730754,,,189a212577fa5313ab835a072a781e6e3570e31ef3295d31c746a0f89a043318,undefined FUN_181730754(),ghidra,clean,
WHGame.dll,release_1_5_1164953_841,0x1730770,5,thunk_FUN_181730778,,,b0d40b133b9394d93820ac0104b0065121d2d73df32c7bfb4e4cf5d805a8b103,undefined thunk_FUN_181730778(),ghidra,clean,
WHGame.dll,release_1_5_1164953_841,0x1730778,103,FUN_181730778,,,e271f3deb17a0830923df6295cea7ca1901e8368e6dde7ac0b4ec196bba25406,undefined FUN_181730778(),ghidra,clean,
WHGame.dll,release_1_5_1164953_841,0x17307e0,95,FUN_1817307e0,,,6814454e0111640e1a173942ac437a9d952fe5f96798846270333f1a3fa5143d,undefined FUN_1817307e0(),ghidra,clean,
WHGame.dll,release_1_5_1164953_841,0x1730840,206,FUN_181730840,,,51f58cfed1a6829df11fe676db353582d12df79016721697f01a48a4f491941e,undefined FUN_181730840(),ghidra,clean,
WHGame.dll,release_1_5_1164953_841,0x17308f0,53,FUN_1817308f0,,,b65b54219aa793886ee2bfe64af570af90f96e4351e967fbf96b653c519e02e8,undefined FUN_1817308f0(),ghidra,clean,
WHGame.dll,release_1_5_1164953_841,0x1730928,147,FUN_181730928,,,79ea1ba446e5550be757ce0daa7d3fb0bb7c292c7e36634bb72c4e6c9993a183,undefined FUN_181730928(),ghidra,clean,
WHGame.dll,release_1_5_1164953_841,0x17309bc,147,FUN_1817309bc,,,ff95be607e445a87d83e04ca7ab3fe8601cc1135e1ca10eed5bb80911ea31cd0,undefined FUN_1817309bc(),ghidra,clean,
WHGame.dll,release_1_5_1164953_841,0x1730a50,328,FUN_181730a50,,,04d884c83e8a7fc2993d08f3fd818170bc7550abd916aba09b6389d633caadb4,undefined FUN_181730a50(),ghidra,clean,
WHGame.dll,release_1_5_1164953_841,0x1730b9c,100,FUN_181730b9c,,,c87733037398b2ebd4c4e5f808dd22cbf26d8ca3d2985641a48dd7ac73667793,undefined FUN_181730b9c(),ghidra,clean,
WHGame.dll,release_1_5_1164953_841,0x1730c00,40,FUN_181730c00,,,27068fb47691d76f397035e334a5d63ca25792836e544617315f808ab1ad1f71,undefined FUN_181730c00(),ghidra,clean,
WHGame.dll,release_1_5_1164953_841,0x1730c28,68,FUN_181730c28,,,0fb7ee05c0bdc4d9096dc13eac50f1c2ac93f5c906182de9f24b2023d122708d,undefined FUN_181730c28(),ghidra,clean,
WHGame.dll,release_1_5_1164953_841,0x1730c6c,431,FUN_181730c6c,,,fabaa7877dbc72eca8cc231c30cc5b4e00cd1ba41fe7c866fa7fd1dc567489b0,undefined FUN_181730c6c(),ghidra,clean,
WHGame.dll,release_1_5_1164953_841,0x1730dc8,40,FUN_181730dc8,,,0c894b2bbf4d0a01eb34ecf233445bbbedf19d12c995dc8bb193073f7774df9f,undefined FUN_181730dc8(),ghidra,clean,
WHGame.dll,release_1_5_1164953_841,0x1730df0,42,FUN_181730df0,,,3f3fd8b358e7e8ffe5ee01e91cac2433be60f52df88f2c2c8611be2db597d598,undefined FUN_181730df0(),ghidra,clean,
WHGame.dll,release_1_5_1164953_841,0x1730e1c,5,thunk_FUN_181730e24,,,b0d40b133b9394d93820ac0104b0065121d2d73df32c7bfb4e4cf5d805a8b103,undefined thunk_FUN_181730e24(),ghidra,clean,
WHGame.dll,release_1_5_1164953_841,0x1730e24,103,FUN_181730e24,,,29a7b2f2176688957ae424335bc8fd39f9adea102549e2a7a7d7ccaca220e07e,undefined FUN_181730e24(),ghidra,clean,
WHGame.dll,release_1_5_1164953_841,0x1730e8c,95,FUN_181730e8c,,,57f7c516b7d71360fb5636dceb74babd0140e7ec323e71a752f3c172c110b7cf,undefined FUN_181730e8c(),ghidra,clean,
WHGame.dll,release_1_5_1164953_841,0x1730eec,206,FUN_181730eec,,,2b5c7d9d4c15365ce59e9105141aed9496fd58f03a6dcff87ba0bf0920a74d50,undefined FUN_181730eec(),ghidra,clean,
WHGame.dll,release_1_5_1164953_841,0x1730f9c,53,FUN_181730f9c,,,8e3d5271abda2e994cdb80a3e640384c0716434a1b0ac3e50041f36c8722135f,undefined FUN_181730f9c(),ghidra,clean,
WHGame.dll,release_1_5_1164953_841,0x1730fd4,147,FUN_181730fd4,,,b72775d0da3a171a713b45c4b8042706f570e0787b3800a35e75ec2afbe37af1,undefined FUN_181730fd4(),ghidra,clean,
WHGame.dll,release_1_5_1164953_841,0x1731068,147,FUN_181731068,,,3200d9a2bd29568f8b4ec50e8001f3132e85a5ef3c350518e4f4561f173b1cdb,undefined FUN_181731068(),ghidra,clean,
WHGame.dll,release_1_5_1164953_841,0x17310fc,328,FUN_1817310fc,,,d5ab166cd4189ed96cc310ae4cbdd74e0217c8e1934bd505914ba9c9eac25f39,undefined FUN_1817310fc(),ghidra,clean,
WHGame.dll,release_1_5_1164953_841,0x1731248,100,FUN_181731248,,,62d1bf79772c6fa2874bb5e149c0e7e68da9f6b5f7901f9a7391541e6722e153,undefined FUN_181731248(),ghidra,clean,
WHGame.dll,release_1_5_1164953_841,0x17312ac,40,FUN_1817312ac,,,12cc958e9d680419209b789ad4d7c13591acd0b3ba4dab24751a6df147db0124,undefined FUN_1817312ac(),ghidra,clean,
WHGame.dll,release_1_5_1164953_841,0x17312d4,68,FUN_1817312d4,,,008d02fe42d595ea89f2cf7cb5568a76f7ac078c121c31b14575629a483ff18b,undefined FUN_1817312d4(),ghidra,clean,
WHGame.dll,release_1_5_1164953_841,0x1731318,431,FUN_181731318,,,6ebbbb8500de413b5681cd5627b76f94d8b762f5787eaaa3d36302018ead9e7e,undefined FUN_181731318(),ghidra,clean,
WHGame.dll,release_1_5_1164953_841,0x1731474,40,FUN_181731474,,,c1725e2b338297a43964ababb47bc4977f609987f7b81f7ac38c4da87503a34a,undefined FUN_181731474(),ghidra,clean,
WHGame.dll,release_1_5_1164953_841,0x173149c,42,FUN_18173149c,,,32e76b935992b11796b2b7fd45f6e7f5ba236081ee2a33572e66f7f9bca818c1,undefined FUN_18173149c(),ghidra,clean,
WHGame.dll,release_1_5_1164953_841,0x17314c8,5,thunk_FUN_1817314d0,,,b0d40b133b9394d93820ac0104b0065121d2d73df32c7bfb4e4cf5d805a8b103,undefined thunk_FUN_1817314d0(),ghidra,clean,
WHGame.dll,release_1_5_1164953_841,0x17314d0,103,FUN_1817314d0,,,1ee3594dfae2c024fbfc51d5e891cbcc8ea75c15fd5a19450f7da7a25441a20f,undefined FUN_1817314d0(),ghidra,clean,
WHGame.dll,release_1_5_1164953_841,0x1731538,95,FUN_181731538,,,122307c584aa6630a4bfc7aca021c70f9c663bf6e29b269ca7d23b56142f0a4f,undefined FUN_181731538(),ghidra,clean,
WHGame.dll,release_1_5_1164953_841,0x1731598,206,FUN_181731598,,,71f53a051558d974f8554b60d1f550f48f8c0e93299cf451a3cf6b6ac84f0400,undefined FUN_181731598(),ghidra,clean,
WHGame.dll,release_1_5_1164953_841,0x1731648,53,FUN_181731648,,,9465e0d30b2fb05d20776904b5cbde017b6d0e7402546104b8e9d2d90daf85a1,undefined FUN_181731648(),ghidra,clean,
WHGame.dll,release_1_5_1164953_841,0x1731680,147,FUN_181731680,,,f544403418cb1edc0c968d3696a3a0333b3587fd62733f6c4dcd606becfb8a71,undefined FUN_181731680(),ghidra,clean,
WHGame.dll,release_1_5_1164953_841,0x1731714,147,FUN_181731714,,,1c30e06f4832a1da8689d1fbf9b8fd3bf23940c03df95eff7b3f65aee9df1283,undefined FUN_181731714(),ghidra,clean,
WHGame.dll,release_1_5_1164953_841,0x17317a8,328,FUN_1817317a8,,,865dea1ca721425fdff715e5900ad37708dea97374e5e4b68bac4b63f386e2c4,undefined FUN_1817317a8(),ghidra,clean,
WHGame.dll,release_1_5_1164953_841,0x17318f4,100,FUN_1817318f4,,,dbe64e3f3fb21fc633db9b286223693d625544a37727d535a33ae4addf6f2ec6,undefined FUN_1817318f4(),ghidra,clean,
WHGame.dll,release_1_5_1164953_841,0x1731958,40,FUN_181731958,,,2d61252d9e5161a754d018a825ae1ce1237b4400b066d641c958e848881f5f95,undefined FUN_181731958(),ghidra,clean,
WHGame.dll,release_1_5_1164953_841,0x1731980,68,FUN_181731980,,,2417fe2abdde269c61ed609be985a11afda77d030d43336b7ef82d7597e3f094,undefined FUN_181731980(),ghidra,clean,
WHGame.dll,release_1_5_1164953_841,0x17319c4,431,FUN_1817319c4,,,cc13e540db0690535e01988722fd6c86902d7c176ef49ac72b226fc85f037a24,undefined FUN_1817319c4(),ghidra,clean,
WHGame.dll,release_1_5_1164953_841,0x1731b20,40,FUN_181731b20,,,a21564a441ad6490088971d1457cd359b16e8d2ba504b49446b45f16a80183aa,undefined FUN_181731b20(),ghidra,clean,
WHGame.dll,release_1_5_1164953_841,0x1731b48,42,FUN_181731b48,,,fe13a8a057bccde6568a0746f20a0f8a3d9aed9f919cbd2d1ff6ec5d913f364f,undefined FUN_181731b48(),ghidra,clean,
WHGame.dll,release_1_5_1164953_841,0x1731b74,5,thunk_FUN_181731b7c,,,b0d40b133b9394d93820ac0104b0065121d2d73df32c7bfb4e4cf5d805a8b103,undefined thunk_FUN_181731b7c(),ghidra,clean,
WHGame.dll,release_1_5_1164953_841,0x1731b7c,103,FUN_181731b7c,,,86a2e1d0bb046abb2ebb71f4c05e65bca13763e02c52c3b2d6481d8e4e57eb96,undefined FUN_181731b7c(),ghidra,clean,
WHGame.dll,release_1_5_1164953_841,0x1731be4,95,FUN_181731be4,,,7530300c772ce1ce42d822360e0da695dd173089b85988d11ba5d3f5cd2ff15d,undefined FUN_181731be4(),ghidra,clean,
WHGame.dll,release_1_5_1164953_841,0x1731c44,206,FUN_181731c44,,,10e5362b419bab2cad86ac9132bed36ff912f9fa30acbc09e293adaf3a9a91c9,undefined FUN_181731c44(),ghidra,clean,
WHGame.dll,release_1_5_1164953_841,0x1731cf4,53,FUN_181731cf4,,,3c9f654e49519a5b162c8301e352019fc604fc9ba48a51ba147b0f39d03e8302,undefined FUN_181731cf4(),ghidra,clean,
WHGame.dll,release_1_5_1164953_841,0x1731d2c,147,FUN_181731d2c,,,7de88be4c7dceebd8bf1ab750c50cd1c8dbf80b2976ea0336211f00c4fbf828f,undefined FUN_181731d2c(),ghidra,clean,
WHGame.dll,release_1_5_1164953_841,0x1731dc0,147,FUN_181731dc0,,,07d7af5144344b51ee21bf6ba2367a5ea8df6a3a3fc789c9405c739c60d1be00,undefined FUN_181731dc0(),ghidra,clean,
WHGame.dll,release_1_5_1164953_841,0x1731e54,328,FUN_181731e54,,,2017365429efd5a12f9e7af40ad16dd79e713c9434ef98d1a292b32eb71f3153,undefined FUN_181731e54(),ghidra,clean,
WHGame.dll,release_1_5_1164953_841,0x1731fa0,100,FUN_181731fa0,,,4ee3b2b982558f716d9ddf747af358471770bce9b3afebe84c2a66821f351d0f,undefined FUN_181731fa0(),ghidra,clean,
WHGame.dll,release_1_5_1164953_841,0x1732004,40,FUN_181732004,,,4857f9156e978424540dd2ddf0512fbae9594eab2aec207aa1e4102329719440,undefined FUN_181732004(),ghidra,clean,
WHGame.dll,release_1_5_1164953_841,0x173202c,68,FUN_18173202c,,,56ec9a56a9ac71c0cbebf4fade8b09464a5b264e95b9a563b94911db50c15a25,undefined FUN_18173202c(),ghidra,clean,
WHGame.dll,release_1_5_1164953_841,0x1732070,431,FUN_181732070,,,fef1218d469f1275e887cf5119e9efb87ddbf39e55075725bcbc00792d0a26ef,undefined FUN_181732070(),ghidra,clean,
WHGame.dll,release_1_5_1164953_841,0x17321cc,40,FUN_1817321cc,,,376e72d7a1c74c7d6936bd9a0a8ab6a15e64154f154c5898c40f9989e0a1ab36,undefined FUN_1817321cc(),ghidra,clean,
WHGame.dll,release_1_5_1164953_841,0x17321f4,42,FUN_1817321f4,,,72fe79a1eb2c9b56062ca0337d03a37bc485c3f3acda340689fc7a5ec652d31c,undefined FUN_1817321f4(),ghidra,clean,
WHGame.dll,release_1_5_1164953_841,0x1732220,142,FUN_181732220,,,b3771c0dec6eefbe48e1ec549d22bb47a33dd1fe7daba3bfcfff08a1e633ee69,undefined FUN_181732220(),ghidra,clean,
WHGame.dll,release_1_5_1164953_841,0x1732298,122,FUN_181732298,,,bc980f53992da855f71251efa8b07aa4c08a3ccf38fb76327e1d88cd223357be,undefined FUN_181732298(),ghidra,clean,
WHGame.dll,release_1_5_1164953_841,0x1732308,82,FUN_181732308,,,ede75c5be1f9f6e3de7b61e9161adabf80b58d0d6ce0ac026a011ee2c1e1aca5,undefined FUN_181732308(),ghidra,clean,
WHGame.dll,release_1_5_1164953_841,0x1732348,174,FUN_181732348,,,e7da984aa645e53254d6d34af45b925ca1ca169693b8ce47f4ca30c00f85a517,undefined FUN_181732348(),ghidra,clean,
WHGame.dll,release_1_5_1164953_841,0x17323ec,161,FUN_1817323ec,,,45b19d5c4c27062905b47b160b4418983c9abb8ea01aeed71662ec7d65e28403,undefined FUN_1817323ec(),ghidra,clean,
WHGame.dll,release_1_5_1164953_841,0x1732490,139,FUN_181732490,,,08e5f5d93d77a9eb2dfcb2fffc8246f1c9a51d6c65b0056d1bc7e8598a932c04,undefined FUN_181732490(),ghidra,clean,
WHGame.dll,release_1_5_1164953_841,0x173251c,175,FUN_18173251c,,,dea8fb911094f5d50929ace33de4864d151da2a482ec1733d0a0bad35cd1f963,undefined FUN_18173251c(),ghidra,clean,
WHGame.dll,release_1_5_1164953_841,0x17325cc,285,FUN_1817325cc,,,4d58250872f3794c13ac5bbd31cd5de6af906bc3a2f622bc24e139e64ae4037f,undefined FUN_1817325cc(),ghidra,clean,
WHGame.dll,release_1_5_1164953_841,0x173266c,170,FUN_18173266c,,,bb960806ff47665579566f1aeeee54c4a61ec6afa376b95afa8ff13f60e831e5,undefined FUN_18173266c(),ghidra,clean,
WHGame.dll,release_1_5_1164953_841,0x173270c,161,FUN_18173270c,,,cb83cc8f5115c8f93b599191c9498c382216c8fcf32d6dfc7092542c186a9fc3,undefined FUN_18173270c(),ghidra,clean,
WHGame.dll,release_1_5_1164953_841,0x17327b0,139,FUN_1817327b0,,,262a54be0d7ae3bfde239fbe97b63a406b942bdcb61c5851b1e7ff850316d8bc,undefined FUN_1817327b0(),ghidra,clean,
WHGame.dll,release_1_5_1164953_841,0x173283c,175,FUN_18173283c,,,6880b6521e68c61df045102163a7b3193f9f06a7867594c5df20d3afbf46b3d1,undefined FUN_18173283c(),ghidra,clean,
WHGame.dll,release_1_5_1164953_841,0x17328ec,285,FUN_1817328ec,,,1996e67fa17846ac5726278bc3f619d5d5497d01d5e48be17f39e1b6d411d2fb,undefined FUN_1817328ec(),ghidra,clean,
WHGame.dll,release_1_5_1164953_841,0x173298c,170,FUN_18173298c,,,b7979d7ec860d09337ec15137795a8fcde09bfb9dae10361e1e5e7dfd8d99e4f,undefined FUN_18173298c(),ghidra,clean,
WHGame.dll,release_1_5_1164953_841,0x1732a2c,161,FUN_181732a2c,,,becaed5869f633ca4636c4e4c2da0d9bb140c29ed3857f23f748e8892c6fbdbc,undefined FUN_181732a2c(),ghidra,clean,
WHGame.dll,release_1_5_1164953_841,0x1732ad0,139,FUN_181732ad0,,,5dc800356035d65bfec6cddcfddbd8a357bfb66e0bec81ee0831c64c003bf815,undefined FUN_181732ad0(),ghidra,clean,
WHGame.dll,release_1_5_1164953_841,0x1732b5c,175,FUN_181732b5c,,,5366ccd282a45e56962d1a82a2515c732bebc9dc26158cd9db3dc5647b6b611d,undefined FUN_181732b5c(),ghidra,clean,
WHGame.dll,release_1_5_1164953_841,0x1732c0c,285,FUN_181732c0c,,,56951226deb59d9aadd8dd6c8040b2e4ce477dad4efd86adbf032e7bf24f726c,undefined FUN_181732c0c(),ghidra,clean,
WHGame.dll,release_1_5_1164953_841,0x1732cac,170,FUN_181732cac,,,66683955f371f546ed5cc3b54cb4e37e396c3b8de71a9c5b192c434e10da4502,undefined FUN_181732cac(),ghidra,clean,
WHGame.dll,release_1_5_1164953_841,0x1732d4c,161,FUN_181732d4c,,,2e766438218de458e1caf15dc0dcbdb6be31b10868842fce170398f87b57083f,undefined FUN_181732d4c(),ghidra,clean,
WHGame.dll,release_1_5_1164953_841,0x1732df0,139,FUN_181732df0,,,bd131b39153a4ea97a1e9946038741fde08eac798b34f90ffc0e15336d509fed,undefined FUN_181732df0(),ghidra,clean,
WHGame.dll,release_1_5_1164953_841,0x1732e7c,175,FUN_181732e7c,,,7d2c70d345e652bc0a8cd5f015349cb57f11e850e21dc8669b383433932b3535,undefined FUN_181732e7c(),ghidra,clean,
WHGame.dll,release_1_5_1164953_841,0x1732f2c,285,FUN_181732f2c,,,2228b94d7ca2e90293bee23b97ff05389e4d766f10848bf5dd549b40cdd083c9,undefined FUN_181732f2c(),ghidra,clean,
WHGame.dll,release_1_5_1164953_841,0x1732fcc,161,FUN_181732fcc,,,9d8f222e537f031669cafbef59db2c245e1db779c13103c4fec697bde8a0ee9f,undefined FUN_181732fcc(),ghidra,clean,
WHGame.dll,release_1_5_1164953_841,0x1733070,129,FUN_181733070,,,ebf401a62530f3ad6f8295fe0b744a33d89130f6038122d85d3d47b02a039dd7,undefined FUN_181733070(),ghidra,clean,
WHGame.dll,release_1_5_1164953_841,0x17330f4,139,FUN_1817330f4,,,f973ee53b0bd5ab117023e48a066b8c3bd8b4b2be6a1d1c49d56ae8e0caf99dd,undefined FUN_1817330f4(),ghidra,clean,
WHGame.dll,release_1_5_1164953_841,0x1733180,175,FUN_181733180,,,07debb0fb4d761e0bc21b9634817775013d089e3119e1a6a876b7fe16e0aa327,undefined FUN_181733180(),ghidra,clean,
WHGame.dll,release_1_5_1164953_841,0x1733230,285,FUN_181733230,,,1c911b627f7de4628aa2b4f84aa31ddeb9735dde06940f3683c0f1ce21b4759f,undefined FUN_181733230(),ghidra,clean,
WHGame.dll,release_1_5_1164953_841,0x17332d0,155,FUN_1817332d0,,,b38d90482f456a5d8b844ca00c24b7329767e6b0c3070390f5b2f287ade1ac32,undefined FUN_1817332d0(),ghidra,clean,
WHGame.dll,release_1_5_1164953_841,0x173336c,293,FUN_18173336c,,,c1be04179d25dec8282e6c6157bc777c822ebb061f07258dbb9c5739d7b92922,undefined FUN_18173336c(),ghidra,clean,
WHGame.dll,release_1_5_1164953_841,0x1733494,155,FUN_181733494,,,2ad662b04fa3f4e434d2d1dfbfd9208e4665af94c8600f15c8233c69d98d064d,undefined FUN_181733494(),ghidra,clean,
WHGame.dll,release_1_5_1164953_841,0x1733530,291,FUN_181733530,,,f6c12c5fa0f71cd364a1fb581abda80d13060313174c43d345d3bf9e2c85207e,undefined FUN_181733530(),ghidra,clean,
WHGame.dll,release_1_5_1164953_841,0x1733654,55,FUN_181733654,,,60135bf626291fec9ea928b662e32404bc9237f26efd5a0bbfa5d20fee641e39,undefined FUN_181733654(),ghidra,clean,
WHGame.dll,release_1_5_1164953_841,0x173367c,200,FUN_18173367c,,,e14bb6a58c1a98bb9989af27d2bbd5171e98fc1c2b03abfbdc897d99a914e8f6,undefined FUN_18173367c(),ghidra,clean,
WHGame.dll,release_1_5_1164953_841,0x173373c,149,FUN_18173373c,,,ea26b706ddfd27e3e332a87fcc63308b5b3c515358ba45c1fa4259f5f9770e63,undefined FUN_18173373c(),ghidra,clean,
WHGame.dll,release_1_5_1164953_841,0x17337d4,145,FUN_1817337d4,,,70507bfb312fb54646539017ce2242b1aebe19337df52a07dd70164cb961ad48,undefined FUN_1817337d4(),ghidra,clean,
WHGame.dll,release_1_5_1164953_841,0x1733868,43,FUN_181733868,,,28db5f5dd0907ebd15735f61a5be34f876da84406fa8c032bf9af165412f5665,undefined FUN_181733868(),ghidra,clean,
WHGame.dll,release_1_5_1164953_841,0x1733894,86,FUN_181733894,,,acbc93591f4c9e7c53c3843c08a3622e97e74711b43a6dcf24a8bb80123d6476,undefined FUN_181733894(),ghidra,clean,
WHGame.dll,release_1_5_1164953_841,0x17338ec,19,FUN_1817338ec,,,c6090be97be4f28a31fd8b0a3c355f1f1e2488bd4e86cbb1e984853ab3def492,undefined FUN_1817338ec(),ghidra,clean,
WHGame.dll,release_1_5_1164953_841,0x1733900,117,FUN_181733900,,,b6ff01069a25fc69329500d5532afa7e82526549cfabd027028c6b5e7cac4a1a,undefined FUN_181733900(),ghidra,clean,
WHGame.dll,release_1_5_1164953_841,0x1733978,196,FUN_181733978,,,b59427ad7b4def2381f26f652f55d401133ce7f2adc2e5ac766de4a6da77c650,undefined FUN_181733978(),ghidra,clean,
WHGame.dll,release_1_5_1164953_841,0x1733a34,175,FUN_181733a34,,,ab69c1e2a60bea4d0ca9da714647d85c12602cbbdc9ac8f8773428752e593b6d,undefined FUN_181733a34(),ghidra,clean,
WHGame.dll,release_1_5_1164953_841,0x1733ae4,204,FUN_181733ae4,,,3ff9b6e7ca47ed0d0a09ed03b49d34accf1f5f2e28fe639d49ecda7f107ee7d1,undefined FUN_181733ae4(),ghidra,clean,
WHGame.dll,release_1_5_1164953_841,0x1733bb0,174,FUN_181733bb0,,,7d9342982aef770de5cc0b6a16ee574f8f7933753a5efb9cea13628ad630611e,undefined FUN_181733bb0(),ghidra,clean,
WHGame.dll,release_1_5_1164953_841,0x1733c54,161,FUN_181733c54,,,235a4ef3bf489a8c58ac495072672c5bdfa18048d34ad9fedeeb0d89c18ba522,undefined FUN_181733c54(),ghidra,clean,
WHGame.dll,release_1_5_1164953_841,0x1733cf8,139,FUN_181733cf8,,,d4777e83dc7962474428731d4bbcde6a1a354bffc0faa6bf973a11ad4ba1a9ae,undefined FUN_181733cf8(),ghidra,clean,
WHGame.dll,release_1_5_1164953_841,0x1733d84,175,FUN_181733d84,,,6d0319210aeea17139c056fcb93fa7381091e5d28c50b86db6d578efc2e0e68b,undefined FUN_181733d84(),ghidra,clean,
WHGame.dll,release_1_5_1164953_841,0x1733e34,285,FUN_181733e34,,,c2d52f2d328e4f3de873122d02040ecd30a3d46d4748844df956690e33684563,undefined FUN_181733e34(),ghidra,clean,
WHGame.dll,release_1_5_1164953_841,0x1733ed4,103,FUN_181733ed4,,,6981c675f19e91025a427a4c2135f6e6fdd14fad1aeefb354c995210b289be47,undefined FUN_181733ed4(),ghidra,clean,
WHGame.dll,release_1_5_1164953_841,0x1733f3c,125,FUN_181733f3c,,,d819dc8c4e09ebce1d12247f114dac4b1b14a365e0eb53f81a13e643d29ae279,undefined FUN_181733f3c(),ghidra,clean,
WHGame.dll,release_1_5_1164953_841,0x1733f9c,62,FUN_181733f9c,,,cb3bf6098cee203c3547b6c6d28699dfb4796d7d557f00daa96194b4b66d6343,undefined FUN_181733f9c(),ghidra,clean,
WHGame.dll,release_1_5_1164953_841,0x1733fc8,30,FUN_181733fc8,,,15881906a6451102e598b09d5bc9a056dac6e73df3cb4d7e52cfcbc0eb8bbef1,undefined FUN_181733fc8(),ghidra,clean,
WHGame.dll,release_1_5_1164953_841,0x1733fe8,30,FUN_181733fe8,,,7c1daa9e779dd882ca1a08e67667da29e2688f5acf48ea542008f7cefcc16ef4,undefined FUN_181733fe8(),ghidra,clean,
WHGame.dll,release_1_5_1164953_841,0x1734008,176,FUN_181734008,,,e6eac162988c2307f39dd91b153e629c281fa9461eb3f4e204a052635cfa65bb,undefined FUN_181734008(),ghidra,clean,
WHGame.dll,release_1_5_1164953_841,0x17340b8,155,FUN_1817340b8,,,24964274c9f251dba7586b38fc05eae15d98d8ec73109ed65193481a035f4c55,undefined FUN_1817340b8(),ghidra,clean,
WHGame.dll,release_1_5_1164953_841,0x1734154,291,FUN_181734154,,,1814e8f41afff43e5591c86140f0e491c65ec9db726bd6bcad759c84fae2959a,undefined FUN_181734154(),ghidra,clean,
WHGame.dll,release_1_5_1164953_841,0x1734278,98,FUN_181734278,,,dd719c5ed0fe2f2a3bb1e046c6265fdfabc30108629031c9e48d40f6c09e0fc1,undefined FUN_181734278(),ghidra,clean,
WHGame.dll,release_1_5_1164953_841,0x17342dc,155,FUN_1817342dc,,,d2fb76f0d3a152bbcf5bbfec33249a9ed5eca196990ed64af79d2716d34acfcf,undefined FUN_1817342dc(),ghidra,clean,
WHGame.dll,release_1_5_1164953_841,0x1734378,291,FUN_181734378,,,2782efd368de56e6aef791ead5a2b9c6744de76b38efb96e9f36e291ee8ec820,undefined FUN_181734378(),ghidra,clean,
WHGame.dll,release_1_5_1164953_841,0x173449c,98,FUN_18173449c,,,be69e3311bbe47d128ab31ab35354bcb00477d215f2886e53b8d7a08aa1acec2,undefined FUN_18173449c(),ghidra,clean,
WHGame.dll,release_1_5_1164953_841,0x1734500,29,FUN_181734500,,,c13809aec6995c93ab5044eb660138cdd00ab506eb62c8436635307a458183b2,undefined FUN_181734500(),ghidra,clean,
WHGame.dll,release_1_5_1164953_841,0x1734520,158,FUN_181734520,,,658043f5893ed84eddfec00db4b8cb263d4558530a63bd50c080d1e50c230e07,undefined FUN_181734520(),ghidra,clean,
WHGame.dll,release_1_5_1164953_841,0x17345c0,155,FUN_1817345c0,,,3be4695f4d887d9bba7414ccb9900accf0fcbfc262aac44c5f02f95db9eaac1a,undefined FUN_1817345c0(),ghidra,clean,
WHGame.dll,release_1_5_1164953_841,0x173465c,291,FUN_18173465c,,,1500b8abe30648748a122f7e11e009793454b9fc6f54eb68da287c7c87255823,undefined FUN_18173465c(),ghidra,clean,
WHGame.dll,release_1_5_1164953_841,0x1734780,234,FUN_181734780,,,6ccdfb3954b4a75f3bf61f3123f12f3e1ddf1fcabd866f744f98ef176cb58d45,undefined FUN_181734780(),ghidra,clean,
WHGame.dll,release_1_5_1164953_841,0x173486c,207,FUN_18173486c,,,72e0ee204b369cf6db802275304b8f51e03eab57e8bb3620d51f25d0126b58bf,undefined FUN_18173486c(),ghidra,clean,
WHGame.dll,release_1_5_1164953_841,0x173492c,261,FUN_18173492c,,,a6b0320d863d5bd4b6819751c839604e3adbc9a69b5ec8538646963ca298cde8,undefined FUN_18173492c(),ghidra,clean,
WHGame.dll,release_1_5_1164953_841,0x1734a28,196,FUN_181734a28,,,419f34ccfa0d92bb518b102b999f1d15ebe976355a9c4dc006bcb9fcfb5d86b6,undefined FUN_181734a28(),ghidra,clean,
WHGame.dll,release_1_5_1164953_841,0x1734aec,180,FUN_181734aec,,,9c4140ee777e0b335b8072823843a80fdfd53ead66f73c9df87ccef1e7c40237,undefined FUN_181734aec(),ghidra,clean,
WHGame.dll,release_1_5_1164953_841,0x1734ba0,180,FUN_181734ba0,,,fb36a3a3cea5f60620e93b6fe06b616359864785f48871360f29a74e36205ce5,undefined FUN_181734ba0(),ghidra,clean,
WHGame.dll,release_1_5_1164953_841,0x1734c54,180,FUN_181734c54,,,e2c6440a5516043476c4fbf7078a7566b3aed9906c1a9e4624d9ca66ecc30b20,undefined FUN_181734c54(),ghidra,clean,
WHGame.dll,release_1_5_1164953_841,0x1734d08,180,FUN_181734d08,,,bce483e28c8b91bdbe4a1ccae0bd2462a7a31bdd91cbf92984aa5c87395e4182,undefined FUN_181734d08(),ghidra,clean,
WHGame.dll,release_1_5_1164953_841,0x1734dbc,180,FUN_181734dbc,,,3c067ed9177692616a1e3a9d17794739ef154690e3aa8fe086f5f2049b3753cc,undefined FUN_181734dbc(),ghidra,clean,
WHGame.dll,release_1_5_1164953_841,0x1734e70,180,FUN_181734e70,,,bcbb6157991530540ea2ec41e006bc6e25699f828bf63a9f84075ceb8568f078,undefined FUN_181734e70(),ghidra,clean,
WHGame.dll,release_1_5_1164953_841,0x1734f24,204,FUN_181734f24,,,76dff54c33a318252cfabca2ef24f0056a22290f94d8081b71e285bb2d6426c9,undefined FUN_181734f24(),ghidra,clean,
WHGame.dll,release_1_5_1164953_841,0x1734fd0,200,FUN_181734fd0,,,5bee67488bcdb4968306f86ea21d7504d2e549ad8e5fcac1eb10783111ab7f66,undefined FUN_181734fd0(),ghidra,clean,
WHGame.dll,release_1_5_1164953_841,0x1735078,26,FUN_181735078,,,2b972060032e79d9466477e849baf84e378ee2fb255562e62ed41ed15a4c66cb,undefined FUN_181735078(),ghidra,clean,
WHGame.dll,release_1_5_1164953_841,0x1735094,151,FUN_181735094,,,4324488bd5b662b16ab7c26fd6c77b1bfa0edfb1491c3f4cb6a01348ea580259,undefined FUN_181735094(),ghidra,clean,
WHGame.dll,release_1_5_1164953_841,0x173512c,151,FUN_18173512c,,,2e166dfec62f6965c5377fadd39f776b8799cf159d9d880d4ae286d638fb76e6,undefined FUN_18173512c(),ghidra,clean,
WHGame.dll,release_1_5_1164953_841,0x17351c4,155,FUN_1817351c4,,,5ec1c9dd731b8b9a763d947a5407db2c2635865464c56bf1e72a1fe75c657716,undefined FUN_1817351c4(),ghidra,clean,
WHGame.dll,release_1_5_1164953_841,0x1735260,304,FUN_181735260,,,5a7c33cff4599ac46b87ddd01aa50238038f7be23a8dcafe0519ed12c7d45ea2,undefined FUN_181735260(),ghidra,clean,
WHGame.dll,release_1_5_1164953_841,0x1735390,155,FUN_181735390,,,75a52279d35c8a577a0eed92dc4e0468e42d73f12282ba290e429ee339235b8f,undefined FUN_181735390(),ghidra,clean,
WHGame.dll,release_1_5_1164953_841,0x173542c,298,FUN_18173542c,,,140a71c8dad1f51550b5ef90faad375bf05f10b9cc968e98f2942dee007d92de,undefined FUN_18173542c(),ghidra,clean,
WHGame.dll,release_1_5_1164953_841,0x1735558,151,FUN_181735558,,,7bdbab327b970140c435c726a2368dea9796516ba234de87f5540e936e1f79ff,undefined FUN_181735558(),ghidra,clean,
WHGame.dll,release_1_5_1164953_841,0x17355f0,346,FUN_1817355f0,,,8cd1345b16e8749c05fd6b4370a7db2de2e67a6a15b473016be2947c6618d89e,undefined FUN_1817355f0(),ghidra,clean,
WHGame.dll,release_1_5_1164953_841,0x173574c,204,FUN_18173574c,,,0fcc7f8b4acebbdcca82060944cc811535774c454e6d9905fc7976059d2465b1,undefined FUN_18173574c(),ghidra,clean,
WHGame.dll,release_1_5_1164953_841,0x17357f8,204,FUN_1817357f8,,,a33dbd0b216fdd224905dbbd68439c98894418cff7271619e5fcc4c441763a77,undefined FUN_1817357f8(),ghidra,clean,
WHGame.dll,release_1_5_1164953_841,0x17358a4,204,FUN_1817358a4,,,8188a6d7ebb8af7947fd24fa6fd01cad1b8da369eb3a75b9493acce3f33ba758,undefined FUN_1817358a4(),ghidra,clean,
WHGame.dll,release_1_5_1164953_841,0x1735950,204,FUN_181735950,,,116cea2c3c39055316940aa41c1724c9a6985b5432692450e04fa7e6886261cf,undefined FUN_181735950(),ghidra,clean,
WHGame.dll,release_1_5_1164953_841,0x17359fc,200,FUN_1817359fc,,,e710bfca2378a5a5fd02e7d00308b07426994459e3db12147370f287fb33e9a7,undefined FUN_1817359fc(),ghidra,clean,
WHGame.dll,release_1_5_1164953_841,0x1735aa4,26,FUN_181735aa4,,,7e6e78fe6786f69dce224f50bbb63bb2239b938eb2842b4b01c868fa00a790fa,undefined FUN_181735aa4(),ghidra,clean,
WHGame.dll,release_1_5_1164953_841,0x1735ac0,151,FUN_181735ac0,,,bbe7888e7e10f57db7a8506e9bd44fc2a134f471709def8ce06a061023305e29,undefined FUN_181735ac0(),ghidra,clean,
WHGame.dll,release_1_5_1164953_841,0x1735b58,151,FUN_181735b58,,,8ce5fe4f9c4d2a2bbc4cb3c780b5171735014af58b2845c1ba9402a0d7bf18ca,undefined FUN_181735b58(),ghidra,clean,
WHGame.dll,release_1_5_1164953_841,0x1735bf0,151,FUN_181735bf0,,,f633569ea0918434e7984cb95915549ef91bb3d668e9bb4c6ae7efb1059c62f5,undefined FUN_181735bf0(),ghidra,clean,
WHGame.dll,release_1_5_1164953_841,0x1735c88,151,FUN_181735c88,,,1d6f415af30f6a854ac888024e3d8de65970d72f5965f7e373535efb019f6a03,undefined FUN_181735c88(),ghidra,clean,
WHGame.dll,release_1_5_1164953_841,0x1735d20,151,FUN_181735d20,,,5c292843762fe3ec97e3e4665475920c87734d51891e5a3c94ae1273e0e5c016,undefined FUN_181735d20(),ghidra,clean,
WHGame.dll,release_1_5_1164953_841,0x1735db8,155,FUN_181735db8,,,42ab883c0909d4e39583d672ff3ab9dbb0594e956d95a56de635a77dddb145e1,undefined FUN_181735db8(),ghidra,clean,
WHGame.dll,release_1_5_1164953_841,0x1735e54,304,FUN_181735e54,,,7d9815eff0e87b4931fd4e93720e564d91b606dc1de8c13b8832b7cba6e3e1b1,undefined FUN_181735e54(),ghidra,clean,
WHGame.dll,release_1_5_1164953_841,0x1735f84,155,FUN_181735f84,,,ee2d470f7cbf410cde5ac5e8d26127bfc7d4f821abc96b2b248eab08e05e05c2,undefined FUN_181735f84(),ghidra,clean,
WHGame.dll,release_1_5_1164953_841,0x1736020,298,FUN_181736020,,,f5fd15ca6763a9eaf2244259bc9f581ae7e0afea2bbfbb4489607979e1ac6858,undefined FUN_181736020(),ghidra,clean,
WHGame.dll,release_1_5_1164953_841,0x173614c,151,FUN_18173614c,,,082d67104561f4c136236d7e92062ca729e872cd4c895e629df63d08beb06ea0,undefined FUN_18173614c(),ghidra,clean,
WHGame.dll,release_1_5_1164953_841,0x17361e4,89,FUN_1817361e4,,,7a8f1ab8047c1d2717563ad06922b75c887ee795e3bcee25186518bf956541d7,undefined FUN_1817361e4(),ghidra,clean,
WHGame.dll,release_1_5_1164953_841,0x1736240,518,FUN_181736240,,,114e6ef552ae2a69effc226c5a2d0bdeb8b6fd05150b76fa159bfbef310495e3,undefined FUN_181736240(),ghidra,clean,
WHGame.dll,release_1_5_1164953_841,0x1736448,21,FUN_181736448,,,26b9ecbcad226606512f012bee0ac4ec86deacec8b5f2fc47bf45f16420b48ad,undefined FUN_181736448(),ghidra,clean,
WHGame.dll,release_1_5_1164953_841,0x1736460,107,FUN_181736460,,,2ff400b905cf6ffefabf6bb0355e1c926074550bd2b67d2692854c9edce39e7f,undefined FUN_181736460(),ghidra,clean,
WHGame.dll,release_1_5_1164953_841,0x17364cc,311,FUN_1817364cc,,,d45004ff6fa18cbe23321ef0363a16bdb4396fbfb46c6c220736c44c3506c59a,undefined FUN_1817364cc(),ghidra,clean,
WHGame.dll,release_1_5_1164953_841,0x1736604,62,FUN_181736604,,,871e29984bec716a147878d9b3af77ee98cb2de0675169b556f768a09391ee58,undefined FUN_181736604(),ghidra,clean,
WHGame.dll,release_1_5_1164953_841,0x1736644,287,FUN_181736644,,,db07ec9be235d54af8321d46d87fa5a37c9ab0f9f0b97141c1dc702ee64188bf,undefined FUN_181736644(),ghidra,clean,
WHGame.dll,release_1_5_1164953_841,0x1736764,38,FUN_181736764,,,22872ca26cd6b01b95eab28e7aa80984b60540e0d00a18331c84bdca47d69baf,undefined FUN_181736764(),ghidra,clean,
WHGame.dll,release_1_5_1164953_841,0x173678c,375,FUN_18173678c,,,1bf78d8b883abcb116376357f4602906a3906ce1faf54ba72a82bf37c2f057fa,undefined FUN_18173678c(),ghidra,clean,
WHGame.dll,release_1_5_1164953_841,0x17367ec,257,FUN_1817367ec,,,da0c8dc1e9e8f59c156d0a32ce9943d43befcb01b741590b2b4fad4460e912ca,undefined FUN_1817367ec(),ghidra,clean,
WHGame.dll,release_1_5_1164953_841,0x17368f0,77,FUN_1817368f0,,,4e09bf85ee261db806c7485e1f42333a56ab18f16e181ec3edd8caa23e65603d,undefined FUN_1817368f0(),ghidra,clean,
WHGame.dll,release_1_5_1164953_841,0x1736920,99,FUN_181736920,,,4d10b0508e94d34cc1f291fa289c2ced44d0a9fe75d8ec1fda13a9ce69d35a1e,undefined FUN_181736920(),ghidra,clean,
WHGame.dll,release_1_5_1164953_841,0x1736984,370,FUN_181736984,,,b2bda2efa8315887de874d4d2c35c1dce4ea4f52b36c7211a59203938d3033c8,undefined FUN_181736984(),ghidra,clean,
WHGame.dll,release_1_5_1164953_841,0x1736af8,81,FUN_181736af8,,,058273c7d89aab381b07790ac58aa4fc166dadd26ca6ab17ecd99ac22a039806,undefined FUN_181736af8(),ghidra,clean,
WHGame.dll,release_1_5_1164953_841,0x1736b2c,373,FUN_181736b2c,,,2622954318a05d6c1e68113fe2058da319305ce2f44b9f9a828a020b8b9db488,undefined FUN_181736b2c(),ghidra,clean,
WHGame.dll,release_1_5_1164953_841,0x1736ca4,381,FUN_181736ca4,,,e3ce55ab216216c0d6d7f75ca123e7c33e62b80c23d8c021f4f6002959780cf1,undefined FUN_181736ca4(),ghidra,clean,
WHGame.dll,release_1_5_1164953_841,0x1736e24,43,FUN_181736e24,,,f658d589b3a36c98d11017be82af9a7ae6ce10cbed07c2928acc185dc92cd162,undefined FUN_181736e24(),ghidra,clean,
WHGame.dll,release_1_5_1164953_841,0x1736e40,185,FUN_181736e40,,,40f307b769da3d5d217ce79864b7ffe003a53eacacbe2ed520ac2f17fd1cf1bc,undefined FUN_181736e40(),ghidra,clean,
WHGame.dll,release_1_5_1164953_841,0x1736efc,148,FUN_181736efc,,,067f96e15759c2e2df0db2d10d226263bf72f1b34df911cefe7f8a660098947d,undefined FUN_181736efc(),ghidra,clean,
WHGame.dll,release_1_5_1164953_841,0x1736f90,84,FUN_181736f90,,,a2105436bb75f636a25891131a41efee2907304778a4ac944c87aaa1f6ebfdbc,undefined FUN_181736f90(),ghidra,clean,
WHGame.dll,release_1_5_1164953_841,0x1736fe4,155,FUN_181736fe4,,,2e83eb83cf5c828b343df09a240eefaacbd6bf2ebbb7f7b002f3d11ca77947fb,undefined FUN_181736fe4(),ghidra,clean,
WHGame.dll,release_1_5_1164953_841,0x1737080,291,FUN_181737080,,,741e920173b36c4ed942f3fdfe5717c5dc2c6e32a68fe23e565bd3e58a13b753,undefined FUN_181737080(),ghidra,clean,
WHGame.dll,release_1_5_1164953_841,0x17371a4,180,FUN_1817371a4,,,6213b21e2ee59436a85f1698f52ee53c13ef703238fe23039cb111f6d49f9175,undefined FUN_1817371a4(),ghidra,clean,
WHGame.dll,release_1_5_1164953_841,0x1737258,180,FUN_181737258,,,ade9bb7fe51f454c0d1df535df196c52166d6aac30a0f6d8ceef235effb7a84d,undefined FUN_181737258(),ghidra,clean,
WHGame.dll,release_1_5_1164953_841,0x173730c,52,FUN_18173730c,,,1b06314c4870dcc3ce201fa698c6dcc1595cb0a2ff9e81ff6903f61776ae297f,undefined FUN_18173730c(),ghidra,clean,
WHGame.dll,release_1_5_1164953_841,0x1737340,144,FUN_181737340,,,2d788a0205897f8dfc8d3c70837554934e7f917f9b21ab5662190d1df255fd03,undefined FUN_181737340(),ghidra,clean,
WHGame.dll,release_1_5_1164953_841,0x17373d0,64,FUN_1817373d0,,,0982c079a3c2d494c10a5f1aa14e7129bfe5e4e4a76826e2d374ddfae1293445,undefined FUN_1817373d0(),ghidra,clean,
WHGame.dll,release_1_5_1164953_841,0x1737410,65,FUN_181737410,,,9bcf3a1583bd58425cb8d6f6c0d946e1e55cd9745fad11dceb3b8c08ebabf884,undefined FUN_181737410(),ghidra,clean,
WHGame.dll,release_1_5_1164953_841,0x1737454,172,FUN_181737454,,,beeaea361c91d6c57b844716ac018009a3fb039e6564e3a6ddc7c0615fccfaad,undefined FUN_181737454(),ghidra,clean,
WHGame.dll,release_1_5_1164953_841,0x1737500,52,FUN_181737500,,,0ca21bb0bcb78e9b77afc594321415390c496aaa3b62c3fb52851106b7798c5f,undefined FUN_181737500(),ghidra,clean,
WHGame.dll,release_1_5_1164953_841,0x1737534,104,FUN_181737534,,,070b163b39f8f74d80407460d18e8573047140d15b80e664fb4182e5a597c108,undefined FUN_181737534(),ghidra,clean,
WHGame.dll,release_1_5_1164953_841,0x1737584,81,FUN_181737584,,,ee889383a1165cca43b30c42027344070ed7296c4933f826ea451df784cb9664,undefined FUN_181737584(),ghidra,clean,
WHGame.dll,release_1_5_1164953_841,0x17375e0,163,FUN_1817375e0,,,67d83386fd37cf0d3db58ed75fc49aee326e0e17244c1abbe957ba2bb43dc448,undefined FUN_1817375e0(),ghidra,clean,
WHGame.dll,release_1_5_1164953_841,0x1737684,120,FUN_181737684,,,f6edce4a31696872b015f411cbbbbe341e96075649a377d908ca8b5bd78ba0ff,undefined FUN_181737684(),ghidra,clean,
WHGame.dll,release_1_5_1164953_841,0x17376fc,181,FUN_1817376fc,,,f75996688dc4dd346b79c5d039d1804dc37b5f189e9a05756d354a4f46271e95,undefined FUN_1817376fc(),ghidra,clean,
WHGame.dll,release_1_5_1164953_841,0x1737788,161,FUN_181737788,,,78ed62ed5eb75536544f0b9c6cb870074750b355f21a381086b5bdd81feafbe3,undefined FUN_181737788(),ghidra,clean,
WHGame.dll,release_1_5_1164953_841,0x173782c,135,FUN_18173782c,,,cf4ed423696b601891b0a1c23892441acb840c1fc5464b356b182a3a5247e38e,undefined FUN_18173782c(),ghidra,clean,
WHGame.dll,release_1_5_1164953_841,0x17378b4,175,FUN_1817378b4,,,850e33310e72ed4f41829f211ce672b3b9bab0af73ce2a93082704dc196b7462,undefined FUN_1817378b4(),ghidra,clean,
WHGame.dll,release_1_5_1164953_841,0x1737964,307,FUN_181737964,,,72c6a078374b693c1272b02b42863dd28f490f3769df90e5cda114ea2a1ae1b4,undefined FUN_181737964(),ghidra,clean,
WHGame.dll,release_1_5_1164953_841,0x1737a04,65,FUN_181737a04,,,949d4b3a7b841448df0d233c6ee372800f1e9759e0a67a6ef5cb096b03805fdb,undefined FUN_181737a04(),ghidra,clean,
WHGame.dll,release_1_5_1164953_841,0x1737a48,108,FUN_181737a48,,,7317ca64919d2a9c1d65a6d1db06af1da655d5a2d308bea64e5d05633397cfa9,undefined FUN_181737a48(),ghidra,clean,
WHGame.dll,release_1_5_1164953_841,0x1737ab4,161,FUN_181737ab4,,,3de4c10d8fb2c8a496fed96477cc5af98d753b7e72c7bbb2e68f00982aaeb0f2,undefined FUN_181737ab4(),ghidra,clean,
WHGame.dll,release_1_5_1164953_841,0x1737b58,135,FUN_181737b58,,,5f3e15348e605d2bdf8c15156e2283fe57c0bef3be8149de06952bdc3c5e0d82,undefined FUN_181737b58(),ghidra,clean,
WHGame.dll,release_1_5_1164953_841,0x1737be0,175,FUN_181737be0,,,c878f1d83baa01579e6fa512695e4ba641125fa4c3972de66403ee0eb3288cba,undefined FUN_181737be0(),ghidra,clean,
WHGame.dll,release_1_5_1164953_841,0x1737c90,307,FUN_181737c90,,,f39857d535c87a0725fd5875483243ca7bb0132b5038fbe5f2103af3160adaf8,undefined FUN_181737c90(),ghidra,clean,
WHGame.dll,release_1_5_1164953_841,0x1737d30,55,FUN_181737d30,,,38a05b62f05aaf0b6bb3aca8bdbafc5e2249171ad2c7edae2e3a1c807bb2a93e,undefined FUN_181737d30(),ghidra,clean,
WHGame.dll,release_1_5_1164953_841,0x1737d58,206,FUN_181737d58,,,5444295639416c060758beb1848d1667f692f6072db7382902a90368a3281df8,undefined FUN_181737d58(),ghidra,clean,
WHGame.dll,release_1_5_1164953_841,0x1737e28,156,FUN_181737e28,,,2cc58bdfff1b35da76bd63fc1dd3ffa8b5901c0f05b5423aa81815a607acec33,undefined FUN_181737e28(),ghidra,clean,
WHGame.dll,release_1_5_1164953_841,0x1737ecc,141,FUN_181737ecc,,,6fbd104197747a68dacf179b7723457d9655c1f59c002d9b3ffb909cb9104703,undefined FUN_181737ecc(),ghidra,clean,
WHGame.dll,release_1_5_1164953_841,0x1737f5c,26,FUN_181737f5c,,,70509e233b81a4b980391cbde5d0f4e0f57007794a397523a1f478e8884bbf63,undefined FUN_181737f5c(),ghidra,clean,
WHGame.dll,release_1_5_1164953_841,0x1737f78,1137,FUN_181737f78,,,dec411ccc57dbe7ac362302b47bdf6b57cb29dc1089bedf92b7be753e4aced1f,undefined FUN_181737f78(),ghidra,clean,
WHGame.dll,release_1_5_1164953_841,0x17383ec,155,FUN_1817383ec,,,21fdfa649e6f85da991deb814bd3e32e2e9ddf0ceff0732844cb1d8425df54f6,undefined FUN_1817383ec(),ghidra,clean,
WHGame.dll,release_1_5_1164953_841,0x1738488,304,FUN_181738488,,,af8ef60b40df476bab5d0dd5485e2b069323aeb7a64ae249cfb5dcc124d9f0d2,undefined FUN_181738488(),ghidra,clean,
WHGame.dll,release_1_5_1164953_841,0x17385b8,155,FUN_1817385b8,,,4cf29af54b26aa679ea907c7fce962a4c7a0a42b1524c21307c0b0f41ac6a233,undefined FUN_1817385b8(),ghidra,clean,
WHGame.dll,release_1_5_1164953_841,0x1738654,298,FUN_181738654,,,33a0f52c8e7e6b90bd32ac681c87d837bb98298f236d71e3b7c04678e453f0d2,undefined FUN_181738654(),ghidra,clean,
WHGame.dll,release_1_5_1164953_841,0x1738780,155,FUN_181738780,,,064ed3e812d610f259bf23fbe4b83f29ffdffce9b6641be5511e9019c2b92a60,undefined FUN_181738780(),ghidra,clean,
WHGame.dll,release_1_5_1164953_841,0x173881c,291,FUN_18173881c,,,da50a74865c913046da0672957ee217103410fa4c909940640947d2798cba7aa,undefined FUN_18173881c(),ghidra,clean,
WHGame.dll,release_1_5_1164953_841,0x1738940,125,FUN_181738940,,,38f8b7a20baba9f82fc3cb98fb8172f306cbe4f2b6c8a2a712b1af2e6ced549c,undefined FUN_181738940(),ghidra,clean,
WHGame.dll,release_1_5_1164953_841,0x17389a4,138,FUN_1817389a4,,,b05ff5b8322b98da63f22ee56823ade4caa9618c03b0e96c79fa32408d4ec8e4,undefined FUN_1817389a4(),ghidra,clean,
WHGame.dll,release_1_5_1164953_841,0x1738a10,5161,FUN_181738a10,,,67814b0d6047d8685e58a3b88ee6f7e38019f6931efb4e4ebf787b66bc3e3de6,undefined FUN_181738a10(),ghidra,clean,
WHGame.dll,release_1_5_1164953_841,0x1739e3c,155,FUN_181739e3c,,,ee0f8b1fee92a0e63b240892756289a901ee1a98b0ba6051db142a12dda8a83b,undefined FUN_181739e3c(),ghidra,clean,
WHGame.dll,release_1_5_1164953_841,0x1739ed8,26,FUN_181739ed8,,,819234953c91d716a341edb10dcca2267107efa13f78881bbca64f4a7a11eeca,undefined FUN_181739ed8(),ghidra,clean,
WHGame.dll,release_1_5_1164953_841,0x1739ef4,155,FUN_181739ef4,,,f507ca152992cb8a697a3cd02b600dec886b43ec3023894f1a3f50ee22777faf,undefined FUN_181739ef4(),ghidra,clean,
WHGame.dll,release_1_5_1164953_841,0x1739f90,291,FUN_181739f90,,,723d5bf0ddcf6a81a4b55b384383fdb30907d2f70a967432037f684b35acec05,undefined FUN_181739f90(),ghidra,clean,
WHGame.dll,release_1_5_1164953_841,0x173a0b4,291,FUN_18173a0b4,,,c83f3acf222ebd163196ab5f1f936bd574659b3ad4b0f3b69f37e9a160ffd75d,undefined FUN_18173a0b4(),ghidra,clean,
WHGame.dll,release_1_5_1164953_841,0x173a1d8,62,FUN_18173a1d8,,,6e4ac1dd210d812ba256f889d471670bb767e3dcd00273982e5450e666855f62,undefined FUN_18173a1d8(),ghidra,clean,
WHGame.dll,release_1_5_1164953_841,0x173a218,52,FUN_18173a218,,,1156f5fbe0fbe1ebb87e43a1ba41c4673cfa9940918fbb3127f2f27ed92e218f,undefined FUN_18173a218(),ghidra,clean,
WHGame.dll,release_1_5_1164953_841,0x173a24c,101,FUN_18173a24c,,,5684bbc707eefe1396f2014f4fa868c065e7515e7ba6b929453fa956a228ff9c,undefined FUN_18173a24c(),ghidra,clean,
WHGame.dll,release_1_5_1164953_841,0x173a2b4,50,FUN_18173a2b4,,,c3797bb3b893e55eaca489aae6eb3e789a55ab1d679699c087f3e7a4ec05219d,undefined FUN_18173a2b4(),ghidra,clean,
WHGame.dll,release_1_5_1164953_841,0x173a2cc,52,FUN_18173a2cc,,,a9a2a4e811e8fc1c3dd402cbaf1c85908fc3a9ac1c9ba087328ed7ed480deee5,undefined FUN_18173a2cc(),ghidra,clean,
WHGame.dll,release_1_5_1164953_841,0x173a300,94,FUN_18173a300,,,001073de16a17dd0343d15bbce7d37b169f23899708d7fd4f1a3f4fb5474d9f2,undefined FUN_18173a300(),ghidra,clean,
WHGame.dll,release_1_5_1164953_841,0x173a360,48,FUN_18173a360,,,4c6821be9b9a4604ad89ac72f14f999e800a8c27cda17664910711d24367a788,undefined FUN_18173a360(),ghidra,clean,
WHGame.dll,release_1_5_1164953_841,0x173a390,8,FUN_18173a390,,,879aaf438862634ce6338dee2d74678a8781f76768c3c22c4df02a946aa7c543,undefined FUN_18173a390(),ghidra,clean,
WHGame.dll,release_1_5_1164953_841,0x173a398,14,FUN_18173a398,,,556b339aa90beecea21d8ae905c82a7e296c401a249f95d8c3e141006ce54c2d,undefined FUN_18173a398(),ghidra,clean,
WHGame.dll,release_1_5_1164953_841,0x173a3a8,47,FUN_18173a3a8,,,2416a2d86a210f1cc59716b981463b65099d484ff6367cf24d636454230122a8,undefined FUN_18173a3a8(),ghidra,clean,
WHGame.dll,release_1_5_1164953_841,0x173a3d8,136,FUN_18173a3d8,,,33cc7b2b8a8df57608a4c915e5391a54bfcada6c3b8f6afc0fef0c0559cf1009,undefined FUN_18173a3d8(),ghidra,clean,
WHGame.dll,release_1_5_1164953_841,0x173a460,34,FUN_18173a460,,,df1d684be605c2d078e30a6c9c3ada46841e1db2d5a82694dc3bee98e180c646,undefined FUN_18173a460(),ghidra,clean,
WHGame.dll,release_1_5_1164953_841,0x173a484,84,FUN_18173a484,,,f4a55c12c4daf1521d2bf2ad14ae25960ffd9bc31ce77c6a54906732a71fdcd8,undefined FUN_18173a484(),ghidra,clean,
WHGame.dll,release_1_5_1164953_841,0x173a4d8,50,FUN_18173a4d8,,,3aef3fbc38d81f2370326cda3d7644527b015a2bc759c788790c89fcfa6e835a,undefined FUN_18173a4d8(),ghidra,clean,
WHGame.dll,release_1_5_1164953_841,0x173a50c,217,FUN_18173a50c,,,a7a8cb8e9ab799509e1ba9a95168991b1518eaecf812a2f602b0da91a692a269,undefined FUN_18173a50c(),ghidra,clean,
WHGame.dll,release_1_5_1164953_841,0x173a5e8,140,FUN_18173a5e8,,,7552d380bbcaa54d7230361fd411027e006122abd747bec7608938546acb3ac2,undefined FUN_18173a5e8(),ghidra,clean,
WHGame.dll,release_1_5_1164953_841,0x173a674,180,FUN_18173a674,,,cb4b91d5db1f2b63f6c0ae13123e59720829187602678c57e7657c46a2f5471b,undefined FUN_18173a674(),ghidra,clean,
WHGame.dll,release_1_5_1164953_841,0x173a728,212,FUN_18173a728,,,c5d2b5da447811706648522a68f7adf8d821028ca8459c3eac4b796a840d0cf3,undefined FUN_18173a728(),ghidra,clean,
WHGame.dll,release_1_5_1164953_841,0x173a800,40,FUN_18173a800,,,2af1c737f6b229c2506277fc47e4c76aecbbdef107f07da90682ecb908995149,undefined FUN_18173a800(),ghidra,clean,
WHGame.dll,release_1_5_1164953_841,0x173a828,328,FUN_18173a828,,,432ccacdca2539d48ae62edb7178d5c59601613e09161be308fbb80ca831bd57,undefined FUN_18173a828(),ghidra,clean,
WHGame.dll,release_1_5_1164953_841,0x173a974,100,FUN_18173a974,,,5be3a4de3e03b0c6e2739f1c789fd4f496188810cff2fc36fdca717befe95be7,undefined FUN_18173a974(),ghidra,clean,
WHGame.dll,release_1_5_1164953_841,0x173a9d8,155,FUN_18173a9d8,,,a28793d3c5af8c5b77955e146c8240416e6f979c705141b32eebaf8040848d74,undefined FUN_18173a9d8(),ghidra,clean,
WHGame.dll,release_1_5_1164953_841,0x173aa74,26,FUN_18173aa74,,,819234953c91d716a341edb10dcca2267107efa13f78881bbca64f4a7a11eeca,undefined FUN_18173aa74(),ghidra,clean,
WHGame.dll,release_1_5_1164953_841,0x173aa90,155,FUN_18173aa90,,,a07f830f0fff52e17b18709368a516c123eb634b36225717666f5c42fa054517,undefined FUN_18173aa90(),ghidra,clean,
WHGame.dll,release_1_5_1164953_841,0x173ab2c,291,FUN_18173ab2c,,,ac67d244c47b1f33f0b5f01d2204970942d3a5452128115996308950da0e24bf,undefined FUN_18173ab2c(),ghidra,clean,
WHGame.dll,release_1_5_1164953_841,0x173ac50,291,FUN_18173ac50,,,2793f5a28b7bf832402fb8429c7992025c752038578192400b04f1444b54e00f,undefined FUN_18173ac50(),ghidra,clean,
WHGame.dll,release_1_5_1164953_841,0x173ad74,30,FUN_18173ad74,,,e43dfaae2d436c7a34e13156637e4da103522169fb6d028b203cf1a111e02619,undefined FUN_18173ad74(),ghidra,clean,
WHGame.dll,release_1_5_1164953_841,0x173ad94,173,FUN_18173ad94,,,8eb7cd1164511ca62a9e0d034bd1c53f3bffc8d8d26d41b8a4c76f06b387acc2,undefined FUN_18173ad94(),ghidra,clean,
WHGame.dll,release_1_5_1164953_841,0x173ae44,139,FUN_18173ae44,,,34dfdfbe5385a6a5ec7864aebe98dd4551d85ca796842d5e4d953da82091eb80,undefined FUN_18173ae44(),ghidra,clean,
WHGame.dll,release_1_5_1164953_841,0x173aec0,92,FUN_18173aec0,,,c32967b2e22176a48f4a6794b8e5c1b9391b6668c99f96bbce93f5015003fe20,undefined FUN_18173aec0(),ghidra,clean,
WHGame.dll,release_1_5_1164953_841,0x173af1c,197,FUN_18173af1c,,,bdef27cd09fa95ed54ff6cbb231bed25335fa1a8ee9821997879105709ac4013,undefined FUN_18173af1c(),ghidra,clean,
WHGame.dll,release_1_5_1164953_841,0x173afe4,118,FUN_18173afe4,,,358af63535cc248401b48ecac422326ac7f376b9868339f936032af99ff29690,undefined FUN_18173afe4(),ghidra,clean,
WHGame.dll,release_1_5_1164953_841,0x173b05c,98,FUN_18173b05c,,,97b626b5d99b46ab681c85b30e58d5e38e43696e6e6f41aa6813b4edded94e98,undefined FUN_18173b05c(),ghidra,clean,
WHGame.dll,release_1_5_1164953_841,0x173b09c,321,FUN_18173b09c,,,3b76b5ddaadd4268b75b22479d32de337cbbf4320b95d34845cb9b02b6f5cc23,undefined FUN_18173b09c(),ghidra,clean,
WHGame.dll,release_1_5_1164953_841,0x173b1e0,122,FUN_18173b1e0,,,91a3e1dc6a859519b889dad12a8db03dcc0fa89d4df0a58d02461b91ba2f50de,undefined FUN_18173b1e0(),ghidra,clean,
WHGame.dll,release_1_5_1164953_841,0x173b25c,48,FUN_18173b25c,,,a7530aa0831b99ed108a938341c918c4825ce24d4d13fe24db66be8dc5382575,undefined FUN_18173b25c(),ghidra,clean,
WHGame.dll,release_1_5_1164953_841,0x173b278,292,FUN_18173b278,,,989c65faa52742fb0cb00c322047056e4df2d8754666bd76b4807bb7b7d4f523,undefined FUN_18173b278(),ghidra,clean,
WHGame.dll,release_1_5_1164953_841,0x173b38c,246,FUN_18173b38c,,,007f83e2229f51c9ff827fc32ed2a6dd3a0102fa37a21b867a66b7b73bcd46eb,undefined FUN_18173b38c(),ghidra,clean,
WHGame.dll,release_1_5_1164953_841,0x173b480,38,FUN_18173b480,,,7eba3532db907ebbd6aa638d8f3e37fb3a1f7c1726daf65481b0319198b60f6e,undefined FUN_18173b480(),ghidra,clean,
WHGame.dll,release_1_5_1164953_841,0x173b4a8,52,FUN_18173b4a8,,,d87bddaa50682213980e63d2a0044dad4c6863d664ad06cfaa972454bb748ec7,undefined FUN_18173b4a8(),ghidra,clean,
WHGame.dll,release_1_5_1164953_841,0x173b4dc,53,FUN_18173b4dc,,,a00ed4b6f1d38d9476ddb7f11df3443faf08f3a7f5aa21d81889603e03430e7c,undefined FUN_18173b4dc(),ghidra,clean,
WHGame.dll,release_1_5_1164953_841,0x173b514,104,FUN_18173b514,,,79c1749261a5d3680276e2e10ccd8108c8f712766455c6336b47cd61afb4a5c9,undefined FUN_18173b514(),ghidra,clean,
WHGame.dll,release_1_5_1164953_841,0x173b580,180,FUN_18173b580,,,05161f67220e0fe69c222bd0702f6f5db5f2776802540ca96def4cc9d8e59797,undefined FUN_18173b580(),ghidra,clean,
WHGame.dll,release_1_5_1164953_841,0x173b634,216,FUN_18173b634,,,7df695410097651fea35b8e7ab8589500884ba0b6b0c5297aeb8ad40274a9fbe,undefined FUN_18173b634(),ghidra,clean,
WHGame.dll,release_1_5_1164953_841,0x173b6e8,146,FUN_18173b6e8,,,82a5ccee3cb29bf4db92009a32544c7930e3969f3e5d34b95f095554ccf42508,undefined FUN_18173b6e8(),ghidra,clean,
WHGame.dll,release_1_5_1164953_841,0x173b77c,52,FUN_18173b77c,,,ea064db21e5d34946735c7324a34fce6b36428398487ab05258704d4fd2d073d,undefined FUN_18173b77c(),ghidra,clean,
WHGame.dll,release_1_5_1164953_841,0x173b7b0,155,FUN_18173b7b0,,,edc63f52f14637527d81005e249cc7fb3bc933b771588335796dea55ab181201,undefined FUN_18173b7b0(),ghidra,clean,
WHGame.dll,release_1_5_1164953_841,0x173b84c,291,FUN_18173b84c,,,3079d0cafe8620cfc87a6e5cfb859830a4b70bcc5bc0464e8ba51528df8594ba,undefined FUN_18173b84c(),ghidra,clean,
WHGame.dll,release_1_5_1164953_841,0x173b970,91,FUN_18173b970,,,a67cc9c90b405ece727961de30ff09d0ed07d4714b51644d38c4918ab3685a09,undefined FUN_18173b970(),ghidra,clean,
WHGame.dll,release_1_5_1164953_841,0x173b9cc,155,FUN_18173b9cc,,,44dd5e86350ff5835ffa38396e93e1f8d37a2aedbdc976d0e234e770ebd806d7,undefined FUN_18173b9cc(),ghidra,clean,
WHGame.dll,release_1_5_1164953_841,0x173ba68,291,FUN_18173ba68,,,42c53334fd5edfba5e1c663ae143c3004676ac4cd75ccc1adcdd31ea0faa8142,undefined FUN_18173ba68(),ghidra,clean,
WHGame.dll,release_1_5_1164953_841,0x173bb8c,80,FUN_18173bb8c,,,ae9aff2dda8983fded6eaa6d4240b0649dd40563d04a6de5931804cb062de729,undefined FUN_18173bb8c(),ghidra,clean,
WHGame.dll,release_1_5_1164953_841,0x173bbdc,85,FUN_18173bbdc,,,3236717be8bd7360e7990ba8b7b7aa8ddde167eb9ba8540aeb89c5319d172024,undefined FUN_18173bbdc(),ghidra,clean,
WHGame.dll,release_1_5_1164953_841,0x173bc10,73,FUN_18173bc10,,,2dcc88b2e251d1ec5fb5a56dfa27678130e21f52a8219a56c989ac2fe7413992,undefined FUN_18173bc10(),ghidra,clean,
WHGame.dll,release_1_5_1164953_841,0x173bc5c,40,FUN_18173bc5c,,,de268b8b8233e35d41c025ecf4ee2a602bda49cd92dd8dc9f85b1acd348041d6,undefined FUN_18173bc5c(),ghidra,clean,
WHGame.dll,release_1_5_1164953_841,0x173bc84,88,FUN_18173bc84,,,b254e0e9b5170a5fb0a9d41fdc8eed3950db3ab01cc9aa989563535a2e477eb2,undefined FUN_18173bc84(),ghidra,clean,
WHGame.dll,release_1_5_1164953_841,0x173bcdc,40,FUN_18173bcdc,,,77800455f4af1656ca49c593a90b638b249dcd453d4117ce5c19dbbefe8a7e11,undefined FUN_18173bcdc(),ghidra,clean,
WHGame.dll,release_1_5_1164953_841,0x173bd04,88,FUN_18173bd04,,,a42613409583e291e9be579539f973ab89be91741106590684092b5d71cd61dc,undefined FUN_18173bd04(),ghidra,clean,
WHGame.dll,release_1_5_1164953_841,0x173bd5c,34,FUN_18173bd5c,,,21a8f0ec29b0d2b3260278b82c53aeaefb867c836de36666fa7856e776d203d7,undefined FUN_18173bd5c(),ghidra,clean,
WHGame.dll,release_1_5_1164953_841,0x173bd80,90,FUN_18173bd80,,,1db367a5add13b8df372b2efa51074d2b8215951fcd1ff8300a07c67fdd116fa,undefined FUN_18173bd80(),ghidra,clean,
WHGame.dll,release_1_5_1164953_841,0x173bddc,78,FUN_18173bddc,,,84d73dad016ae1e423d94f7b047ceafc94ba58832a3bd5973421e0e967e8bed6,undefined FUN_18173bddc(),ghidra,clean,
WHGame.dll,release_1_5_1164953_841,0x173be30,48,FUN_18173be30,,,e2246e46817c1935254703427586536448a8d2a505fa58a9e97310ece63ae234,undefined FUN_18173be30(),ghidra,clean,
WHGame.dll,release_1_5_1164953_841,0x173be60,30,FUN_18173be60,,,34fbc08b3bfeb4a6c22681d0290bf95f26bdfdae20cc5cce10b34de5f97585fe,undefined FUN_18173be60(),ghidra,clean,
WHGame.dll,release_1_5_1164953_841,0x173be80,118,FUN_18173be80,,,5468d56b508881afffcb6df40c0a6a62faff255a69160101711b04301bb3b7c0,undefined FUN_18173be80(),ghidra,clean,
WHGame.dll,release_1_5_1164953_841,0x173bef8,204,FUN_18173bef8,,,d68b0a9ef9e50affe7c3e7eaff8b7beee5e8b9509a0f3da011e9a68bb566f36c,undefined FUN_18173bef8(),ghidra,clean,
WHGame.dll,release_1_5_1164953_841,0x173bfb4,599,FUN_18173bfb4,,,a882aba30578ff54d83866d15fe77a5ef2bea7d3d3f5b008272c3f146e5965b9,undefined FUN_18173bfb4(),ghidra,clean,
WHGame.dll,release_1_5_1164953_841,0x173c20c,155,FUN_18173c20c,,,9db50a76f6127375fa2624192f613178ff411ca62594b1f90b4e1c7b718132ef,undefined FUN_18173c20c(),ghidra,clean,
WHGame.dll,release_1_5_1164953_841,0x173c2a8,291,FUN_18173c2a8,,,1a8802547af2c82d1c889a136438efc2412d2f13debac088717ee607caa0318d,undefined FUN_18173c2a8(),ghidra,clean,
WHGame.dll,release_1_5_1164953_841,0x173c3cc,83,FUN_18173c3cc,,,376e01e0986c5cfcfb26f8b9d8631c09ed67e49d7d064de6ad8a6f01c5c41289,undefined FUN_18173c3cc(),ghidra,clean,
WHGame.dll,release_1_5_1164953_841,0x173c420,230,FUN_18173c420,,,86bb51264f2fb7ac8a0fe8b80acfa457d697c3d454fdf92e53a5d7ca3f37c7da,undefined FUN_18173c420(),ghidra,clean,
WHGame.dll,release_1_5_1164953_841,0x173c508,52,FUN_18173c508,,,9b5c4d67e5b6ed761dacdb213156988323a1dba1314bf946f737640127b20a3e,undefined FUN_18173c508(),ghidra,clean,
WHGame.dll,release_1_5_1164953_841,0x173c53c,79,FUN_18173c53c,,,b9aa23d1e47b1483c2a88e6d5362983a261819925eb865fcfbbc3cff46684e8a,undefined FUN_18173c53c(),ghidra,clean,
WHGame.dll,release_1_5_1164953_841,0x173c58c,65,FUN_18173c58c,,,9c71a1710a1a89bf2166bbfd422fe64bbca44cf3b2a97a311ecf911949e347fd,undefined FUN_18173c58c(),ghidra,clean,
WHGame.dll,release_1_5_1164953_841,0x173c5d0,31,FUN_18173c5d0,,,5221345aed835f2942a5b9cbc83179f25edc36d3c99ac3e8c1eca3d304b24cc3,undefined FUN_18173c5d0(),ghidra,clean,
WHGame.dll,release_1_5_1164953_841,0x173c5f0,96,FUN_18173c5f0,,,20d8feda216fd8579015102a1baddea52c2d9579181ccda0537ce55eafc01e02,undefined FUN_18173c5f0(),ghidra,clean,
WHGame.dll,release_1_5_1164953_841,0x173c650,525,FUN_18173c650,,,1a3e733d85d6fb5fdfc75617a0dac2918db20ce5fc1aea0499c5168b15d2648d,undefined FUN_18173c650(),ghidra,clean,
WHGame.dll,release_1_5_1164953_841,0x173c860,191,FUN_18173c860,,,1760a3c473c813ed241f3b56a53a6621216e86289daa34e1e2cb2fc3dd1d6430,undefined FUN_18173c860(),ghidra,clean,
WHGame.dll,release_1_5_1164953_841,0x173c8f8,191,FUN_18173c8f8,,,ca0d2ec95ac8dd90ed972ac493e915304df7c68341708982aecec90a0377e0d2,undefined FUN_18173c8f8(),ghidra,clean,
WHGame.dll,release_1_5_1164953_841,0x173c990,43,FUN_18173c990,,,81d38cb36b1a0aa0f5f059bfd343dbc9c2c1dd36c7860961b4ae8ca836397015,undefined FUN_18173c990(),ghidra,clean,
WHGame.dll,release_1_5_1164953_841,0x173c9bc,185,FUN_18173c9bc,,,fd2ab38f70fe30c25c7f86a2c3cc670f8d71a4acbf784f30ce47d7c08bb85cfd,undefined FUN_18173c9bc(),ghidra,clean,
WHGame.dll,release_1_5_1164953_841,0x173ca50,185,FUN_18173ca50,,,f2407cd3be8989d3bdfc7684bd962249b0b833bb8e0bb9110599289ef92b4513,undefined FUN_18173ca50(),ghidra,clean,
WHGame.dll,release_1_5_1164953_841,0x173cae4,185,FUN_18173cae4,,,de46eb4c6af22dfc32a7ea6fa74c93be3d3343246b49fdf07e2f79f703d0b683,undefined FUN_18173cae4(),ghidra,clean,
WHGame.dll,release_1_5_1164953_841,0x173cb78,185,FUN_18173cb78,,,dc00feb4f1fdcee3e6a0d6ce0a7b4efe6467d2abd88429c3ea49d40de87212b4,undefined FUN_18173cb78(),ghidra,clean,
WHGame.dll,release_1_5_1164953_841,0x173cc0c,5,thunk_FUN_1804adc48,,,ff24addbc9eb1a9c0140537f6fce46bed33aada3928e297604d99b72c4dc08e1,undefined thunk_FUN_1804adc48(),ghidra,clean,
WHGame.dll,release_1_5_1164953_841,0x173cc14,180,FUN_18173cc14,,,857f472a84381a2da03aea6d9ab3cba5dbb072d37a85c0b29b4e254e9ae06bfa,undefined FUN_18173cc14(),ghidra,clean,
WHGame.dll,release_1_5_1164953_841,0x173ccc8,180,FUN_18173ccc8,,,c5425e7bf42e8563204ab11a3d5f9f3182c6630b90ef68b4f23c506359be3a66,undefined FUN_18173ccc8(),ghidra,clean,
WHGame.dll,release_1_5_1164953_841,0x173cd7c,385,FUN_18173cd7c,,,83541f0c9a570788c97b114a737ff064e0b999ed3196d89a0a9e528391d401ec,undefined FUN_18173cd7c(),ghidra,clean,
WHGame.dll,release_1_5_1164953_841,0x173cf00,326,FUN_18173cf00,,,4cdeebddc4a4a3264035edcaa5ba56633b619addca254ee0ec0733e28f3019a7,undefined FUN_18173cf00(),ghidra,clean,
WHGame.dll,release_1_5_1164953_841,0x173cff4,158,FUN_18173cff4,,,f7c20b8bdfba2861d22a8b6293a10d6a7db507e46139e90cbf4f674f2a5a7bd8,undefined FUN_18173cff4(),ghidra,clean,
WHGame.dll,release_1_5_1164953_841,0x173d094,109,FUN_18173d094,,,c97bc650e33b75018530cd0814723bdd2295c47270c7ebbee936aef920fa0928,undefined FUN_18173d094(),ghidra,clean,
WHGame.dll,release_1_5_1164953_841,0x173d104,171,FUN_18173d104,,,6500168c65067b821bf259033a791ff7a12eea39b2c456c0f1341cc7b4ecd587,undefined FUN_18173d104(),ghidra,clean,
WHGame.dll,release_1_5_1164953_841,0x173d1b0,183,FUN_18173d1b0,,,a493f85e80cdd80f4f134fb98f6ecd5af856e3cd9d4e1a71497da898139b6d3a,undefined FUN_18173d1b0(),ghidra,clean,
WHGame.dll,release_1_5_1164953_841,0x173d268,194,FUN_18173d268,,,c4fa71ce4e93ae8d351121844b54b14a1622d51f9ef464358b0915bc02cd4a19,undefined FUN_18173d268(),ghidra,clean,
WHGame.dll,release_1_5_1164953_841,0x173d32c,53,FUN_18173d32c,,,9a2777cc7d7088087d5aef674add67d61d96c686b58eacc4084ec893360a0f54,undefined FUN_18173d32c(),ghidra,clean,
WHGame.dll,release_1_5_1164953_841,0x173d364,55,FUN_18173d364,,,04efd9ed19abb1856623c91c3229ce5f8078e3053dadb2e66c6cb1cbea2f2fbf,undefined FUN_18173d364(),ghidra,clean,
WHGame.dll,release_1_5_1164953_841,0x173d38c,153,FUN_18173d38c,,,58c73e488842400896a47cd1ba5921fc40ddd10b6ac187a106841772e1f555c5,undefined FUN_18173d38c(),ghidra,clean,
WHGame.dll,release_1_5_1164953_841,0x173d428,202,FUN_18173d428,,,53b5701f4c79269668611cbd2e2371f14b91898d53f45cab90f4dbe5563a3d69,undefined FUN_18173d428(),ghidra,clean,
WHGame.dll,release_1_5_1164953_841,0x173d4f4,755,FUN_18173d4f4,,,668470fdfe3d0a99fcffce1e51fdaf873f3b0d7581e38d5abcca07d71b703c2d,undefined FUN_18173d4f4(),ghidra,clean,
WHGame.dll,release_1_5_1164953_841,0x173d664,463,FUN_18173d664,,,922557ea4754a46f39131ed9c4309a22ac00bd082f5cc662b0a1b10c6f6110b0,undefined FUN_18173d664(),ghidra,clean,
WHGame.dll,release_1_5_1164953_841,0x173d784,114,FUN_18173d784,,,1181e423bef5f9080886b7b7c24049f25dc44409753b607f5fdea2da1a554125,undefined FUN_18173d784(),ghidra,clean,
WHGame.dll,release_1_5_1164953_841,0x173d7d8,52,FUN_18173d7d8,,,b213c8a1dc7941849aa1fce640101f9bd71df9ccea5442bc2430c305ee3deb12,undefined FUN_18173d7d8(),ghidra,clean,
WHGame.dll,release_1_5_1164953_841,0x173d80c,37,FUN_18173d80c,,,2c12f25d3433c29b350315c4a23529dc32a7161a0450d7221395146f8f6791e8,undefined FUN_18173d80c(),ghidra,clean,
WHGame.dll,release_1_5_1164953_841,0x173d834,37,FUN_18173d834,,,ee391a73648b2367d12dcd99e1efd3e804c94f9b789a35f31258a2bc623d43c6,undefined FUN_18173d834(),ghidra,clean,
WHGame.dll,release_1_5_1164953_841,0x173d85c,37,FUN_18173d85c,,,a0aea043f6a9eb851f409e149a931743bebdf9494750daa90ee02a2c1a85ba41,undefined FUN_18173d85c(),ghidra,clean,
WHGame.dll,release_1_5_1164953_841,0x173d884,30,FUN_18173d884,,,ba6cfa341becdf836030e60f6da7b086a3a453e9bacbddc0a1d32c6158579a61,undefined FUN_18173d884(),ghidra,clean,
WHGame.dll,release_1_5_1164953_841,0x173d8b0,8,FUN_18173d8b0,,,98de44f8c68044eebdbb4578c5945a7308fa7ccc4911807d8e23b6cf32605e96,undefined FUN_18173d8b0(),ghidra,clean,
WHGame.dll,release_1_5_1164953_841,0x173d8b8,190,FUN_18173d8b8,,,0b43029a2442cb3aa233d18cad546c16c1067433056de779231b6dba6795c1ad,undefined FUN_18173d8b8(),ghidra,clean,
WHGame.dll,release_1_5_1164953_841,0x173d978,168,FUN_18173d978,,,390a525ea651936e552fc1a0bf0f8c01c4c4bfb5fc7c64c7dc2a55b1d653934e,undefined FUN_18173d978(),ghidra,clean,
WHGame.dll,release_1_5_1164953_841,0x173da20,196,FUN_18173da20,,,5caa2613d607d84e45a0d457e722c9a7c0847f7a8e8dee4a551be125eda97943,undefined FUN_18173da20(),ghidra,clean,
WHGame.dll,release_1_5_1164953_841,0x173dadc,175,FUN_18173dadc,,,c1c30ea4a7dbe739625f1aa229f116d36dd3179c5b39b671313c8ad84f202f28,undefined FUN_18173dadc(),ghidra,clean,
WHGame.dll,release_1_5_1164953_841,0x173db8c,5,thunk_FUN_18173db94,,,b0d40b133b9394d93820ac0104b0065121d2d73df32c7bfb4e4cf5d805a8b103,undefined thunk_FUN_18173db94(),ghidra,clean,
WHGame.dll,release_1_5_1164953_841,0x173db94,103,FUN_18173db94,,,5feaff8437d30bfa516b03061e8efdd7abede832546eaab2f4b3addf92509e22,undefined FUN_18173db94(),ghidra,clean,
WHGame.dll,release_1_5_1164953_841,0x173dbfc,95,FUN_18173dbfc,,,637c50abf36fc0ad1961d7e49ab158ef42d5aee3e670b858b4b7681144714d19,undefined FUN_18173dbfc(),ghidra,clean,
WHGame.dll,release_1_5_1164953_841,0x173dc5c,201,FUN_18173dc5c,,,b79b6d3ccec014aa0482f094ada91bbb43c4397a28d8673187b1f1acbe1308b2,undefined FUN_18173dc5c(),ghidra,clean,
WHGame.dll,release_1_5_1164953_841,0x173dd08,110,FUN_18173dd08,,,49a3c53fb45223810114403bdbf39284893c69364ebbc13299744ce84289e79c,undefined FUN_18173dd08(),ghidra,clean,
WHGame.dll,release_1_5_1164953_841,0x173dd78,212,FUN_18173dd78,,,3c7f5c349ed0f677db883353f29c5703e3579cb613d384f0a6155b74f9ff8f30,undefined FUN_18173dd78(),ghidra,clean,
WHGame.dll,release_1_5_1164953_841,0x173de30,53,FUN_18173de30,,,982c324ddf8e63dfc6e9ddb5ecc194fd3cffc647f3f0e712e5f72bf41821c091,undefined FUN_18173de30(),ghidra,clean,
WHGame.dll,release_1_5_1164953_841,0x173de68,417,FUN_18173de68,,,f26af132040bdf637b1fc5d8675bcb3e010f2fbcb0177903f3051ba191080177,undefined FUN_18173de68(),ghidra,clean,
WHGame.dll,release_1_5_1164953_841,0x173df88,40,FUN_18173df88,,,c91eab9c6c77ea1c2d774315dc32e6993805c2f27a23d2b320e4845e3e1de1e6,undefined FUN_18173df88(),ghidra,clean,
WHGame.dll,release_1_5_1164953_841,0x173dfb0,42,FUN_18173dfb0,,,659856372892c881b5b0452fba3ff958957ac8323eae8a8963fe6bb9901856ae,undefined FUN_18173dfb0(),ghidra,clean,
WHGame.dll,release_1_5_1164953_841,0x173dfdc,100,FUN_18173dfdc,,,1de479f9072daadd9648390dcf5fb5c3f16e822415fc1f22cf5206e720d79ce2,undefined FUN_18173dfdc(),ghidra,clean,
WHGame.dll,release_1_5_1164953_841,0x173e040,367,FUN_18173e040,,,df366e77650eae102561d49d6a30adf62d408464012b4cdd775bb5efbbde3418,undefined FUN_18173e040(),ghidra,clean,
WHGame.dll,release_1_5_1164953_841,0x173e1b0,28,FUN_18173e1b0,,,7ee54170ba2596e64393d3764c483b15d8fb6098b5613a71cd8f35b345799e49,undefined FUN_18173e1b0(),ghidra,clean,
WHGame.dll,release_1_5_1164953_841,0x173e1cc,578,FUN_18173e1cc,,,d7a1eb4114765c936b130a17e0099326c54815134bb6bd8dbf81416d7ade29f2,undefined FUN_18173e1cc(),ghidra,clean,
WHGame.dll,release_1_5_1164953_841,0x173e244,281,FUN_18173e244,,,49da64265f545e78504db516f04f94a87d781aecada2f83b3178a164b80ea259,undefined FUN_18173e244(),ghidra,clean,
WHGame.dll,release_1_5_1164953_841,0x173e360,327,FUN_18173e360,,,852a58c8f0de9246e087a16f381ee1b917a31d4d3cdd303e8a00a162a0600d06,undefined FUN_18173e360(),ghidra,clean,
WHGame.dll,release_1_5_1164953_841,0x173e4a8,537,FUN_18173e4a8,,,327a0b02009e60f7c1452bd28fd3599fd626fa61b00e23f070112e1345b55610,undefined FUN_18173e4a8(),ghidra,clean,
WHGame.dll,release_1_5_1164953_841,0x173e6c4,295,FUN_18173e6c4,,,e34ae6bc93f106b735622dc7bf08b6aef657bc9c114b7936d21302d0ea1b780e,undefined FUN_18173e6c4(),ghidra,clean,
WHGame.dll,release_1_5_1164953_841,0x173e7ec,50,FUN_18173e7ec,,,5872df7fe9c87802b9117fcaff27b5e6602aac50ae0a69c3eb1216e70996799c,undefined FUN_18173e7ec(),ghidra,clean,
WHGame.dll,release_1_5_1164953_841,0x173e820,148,FUN_18173e820,,,adf255b24d08168bd70dcd9dd723280b92e4000cdff1dd176f5c0425f62a9cd0,undefined FUN_18173e820(),ghidra,clean,
WHGame.dll,release_1_5_1164953_841,0x173e874,119,FUN_18173e874,,,254adeb64e9b97083d3b823c8fc0bb9d6e0f2bde6fdf93fa163888a20f33fb5f,undefined FUN_18173e874(),ghidra,clean,
WHGame.dll,release_1_5_1164953_841,0x173e8ec,117,FUN_18173e8ec,,,ab1472e4c3f5ea09653c9b0600a5a7cd685b7e5476788c697d8aaff9b0ad7b50,undefined FUN_18173e8ec(),ghidra,clean,
WHGame.dll,release_1_5_1164953_841,0x173e964,83,FUN_18173e964,,,ef82fc01104fd38b3f19699aa416b1c2193df3063cd457c9122eac9cf0157fa7,undefined FUN_18173e964(),ghidra,clean,
WHGame.dll,release_1_5_1164953_841,0x173e9b8,85,FUN_18173e9b8,,,290e35b3c90bd547773616cade49c71853c93fb30f4b59e317438da8efe13a69,undefined FUN_18173e9b8(),ghidra,clean,
WHGame.dll,release_1_5_1164953_841,0x173e9ec,30,FUN_18173e9ec,,,3b6c04ec05e021a4cea4d8cde12c9b77d73551719c7f9a8532e4c581d945cf77,undefined FUN_18173e9ec(),ghidra,clean,
WHGame.dll,release_1_5_1164953_841,0x173ea0c,16,FUN_18173ea0c,,,d939937877c068e46d5f79dd767f7812c497b22ca35c94162cbb87d1a91c7ad0,undefined FUN_18173ea0c(),ghidra,clean,
WHGame.dll,release_1_5_1164953_841,0x173ea1c,386,FUN_18173ea1c,,,302fc7c08296d96b995a3020279140afa4d935a080c18449952ca2f44d12362e,undefined FUN_18173ea1c(),ghidra,clean,
WHGame.dll,release_1_5_1164953_841,0x173eba0,30,FUN_18173eba0,,,4730f1b41d5d8a660c4ae4f3e5d01fc2252a8ff6508790c66c5e6860a612e035,undefined FUN_18173eba0(),ghidra,clean,
WHGame.dll,release_1_5_1164953_841,0x173ebc0,426,FUN_18173ebc0,,,4a2d7eae9cd4ad2fbe4b47e9cfff11a1b396c5258964a1efd426fd84705706d6,undefined FUN_18173ebc0(),ghidra,clean,
WHGame.dll,release_1_5_1164953_841,0x173ed6c,31,FUN_18173ed6c,,,f4f65373b68bba8255fe6f211fd31f460f608114247fcfa041b96526a3fe27b9,undefined FUN_18173ed6c(),ghidra,clean,
WHGame.dll,release_1_5_1164953_841,0x173ed8c,93,FUN_18173ed8c,,,0fae07f19cd3584252ae14a8326bb4fa5b53b0b233bd369247631e8f6d55a7de,undefined FUN_18173ed8c(),ghidra,clean,
WHGame.dll,release_1_5_1164953_841,0x173edec,29,FUN_18173edec,,,fd6a26aac2c3cafb1f2e684c117d0362605a112dd9cca36014b7e3be6c67fb54,undefined FUN_18173edec(),ghidra,clean,
WHGame.dll,release_1_5_1164953_841,0x173ee0c,222,FUN_18173ee0c,,,2c870d73ea9f77e4bd9692f27b0cff55f04b1abd04b721688d6f4e27b0905765,undefined FUN_18173ee0c(),ghidra,clean,
WHGame.dll,release_1_5_1164953_841,0x173eedc,111,FUN_18173eedc,,,b8ae6addcdb1ae9fd3b98fcb81772a87fa617675d3fc87d620db3b4466b3c379,undefined FUN_18173eedc(),ghidra,clean,
WHGame.dll,release_1_5_1164953_841,0x173ef4c,44,FUN_18173ef4c,,,6612b9279f6d36b815a244003eb36aae4ea2d9f28591f035f3f1e0c79b735df8,undefined FUN_18173ef4c(),ghidra,clean,
WHGame.dll,release_1_5_1164953_841,0x173ef78,69,FUN_18173ef78,,,42b3d73189cf11f774902b3b9bbc36a4a3df9cf688da00cecaffbf323a3ba553,undefined FUN_18173ef78(),ghidra,clean,
WHGame.dll,release_1_5_1164953_841,0x173efc0,170,FUN_18173efc0,,,5ce7758516abaad89bad5029548a96ea9f3edd297ede18e26376532a0ac74f9b,undefined FUN_18173efc0(),ghidra,clean,
WHGame.dll,release_1_5_1164953_841,0x173f024,190,FUN_18173f024,,,5ce024473cf1b3ff1d666fa921cf87a51a4f1096cddf792ba39a094de0d12022,undefined FUN_18173f024(),ghidra,clean,
WHGame.dll,release_1_5_1164953_841,0x173f0cc,155,FUN_18173f0cc,,,2f2e1b2560b69e2be6dfae15cc28e660f162a503e69ed08f2dcd63015c90b6d9,undefined FUN_18173f0cc(),ghidra,clean,
WHGame.dll,release_1_5_1164953_841,0x173f168,291,FUN_18173f168,,,489162164953d0d9d09e5331afb46fc88b81c36677aa2a70a14215a8b3acd52e,undefined FUN_18173f168(),ghidra,clean,
WHGame.dll,release_1_5_1164953_841,0x173f28c,78,FUN_18173f28c,,,ef0ef9ef71241275681af2a19252eda9900ea213f4d34fcbbfcf8939983def8c,undefined FUN_18173f28c(),ghidra,clean,
WHGame.dll,release_1_5_1164953_841,0x173f2dc,2782,FUN_18173f2dc,,,c1604926980008381d56df5e8e96f5229da602572feed424f8d754e0d1808613,undefined FUN_18173f2dc(),ghidra,clean,
WHGame.dll,release_1_5_1164953_841,0x173fe10,180,FUN_18173fe10,,,1ab29b83a8de73c7d42535eab363ca67e0e948e63163e40ed6694974130da2d4,undefined FUN_18173fe10(),ghidra,clean,
WHGame.dll,release_1_5_1164953_841,0x173fec4,180,FUN_18173fec4,,,0bb261deaee5b81e3d7412a8270d489bec3e6473c8a789f45eab098525c00b73,undefined FUN_18173fec4(),ghidra,clean,
WHGame.dll,release_1_5_1164953_841,0x173ff78,180,FUN_18173ff78,,,248c12eff258817ab49e53a5488edd0751ce7b4712fcb7a536b5698da52b4056,undefined FUN_18173ff78(),ghidra,clean,
WHGame.dll,release_1_5_1164953_841,0x174002c,177,FUN_18174002c,,,d58e5309a474385382610f80a10d46805836ee1ab42049de4ae75eed8faf21a9,undefined FUN_18174002c(),ghidra,clean,
WHGame.dll,release_1_5_1164953_841,0x17400e0,80,FUN_1817400e0,,,17d3f5744c80badabc04c31ac0651c0f1ddf111ef49b45360487865d3e224154,undefined FUN_1817400e0(),ghidra,clean,
WHGame.dll,release_1_5_1164953_841,0x1740130,26,FUN_181740130,,,819234953c91d716a341edb10dcca2267107efa13f78881bbca64f4a7a11eeca,undefined FUN_181740130(),ghidra,clean,
WHGame.dll,release_1_5_1164953_841,0x174014c,155,FUN_18174014c,,,02bde9969b67e602bef51227c3ba371e1d3f45cd30f855268fa61a96954ed991,undefined FUN_18174014c(),ghidra,clean,
WHGame.dll,release_1_5_1164953_841,0x17401e8,304,FUN_1817401e8,,,c34c12372dbcb5526cf220cf139d6b8edecd2a1ed6c26f22b7e8698fd7c9e0d7,undefined FUN_1817401e8(),ghidra,clean,
WHGame.dll,release_1_5_1164953_841,0x1740318,155,FUN_181740318,,,265a1e6601bdd62553f037000be15a0385e4b86a0c1f94a2e20d9ffd137620d1,undefined FUN_181740318(),ghidra,clean,
WHGame.dll,release_1_5_1164953_841,0x17403b4,298,FUN_1817403b4,,,5c3d0e20b5c54819b17cbf03655133efdbb1f28f637c338f8f5c261fcb475307,undefined FUN_1817403b4(),ghidra,clean,
WHGame.dll,release_1_5_1164953_841,0x17404e0,110,FUN_1817404e0,,,e530076ef6325dba0ee58123b1580fc61c0fbdace72988f90c58ad2a9f06fa9f,undefined FUN_1817404e0(),ghidra,clean,
WHGame.dll,release_1_5_1164953_841,0x1740550,180,FUN_181740550,,,d31cd65fa099f482e4fc3ab7ac199f28de282f83f952f24f1a5dcac06540ac82,undefined FUN_181740550(),ghidra,clean,
WHGame.dll,release_1_5_1164953_841,0x17405f0,137,FUN_1817405f0,,,121d05988305a7213483792d956f855e9e8eaa50f76cd563c01b9c09f28ff31e,undefined FUN_1817405f0(),ghidra,clean,
WHGame.dll,release_1_5_1164953_841,0x174067c,33,FUN_18174067c,,,457352a30a7d99c545be211f56490ca5a195401923f38c0d0db9edcd1ca8bc18,undefined FUN_18174067c(),ghidra,clean,
WHGame.dll,release_1_5_1164953_841,0x17406a8,191,FUN_1817406a8,,,7bbfb237a9079ed8b0751b15078290194d202fe1485efddfe2457f9f8f07fd3d,undefined FUN_1817406a8(),ghidra,clean,
WHGame.dll,release_1_5_1164953_841,0x1740768,102,FUN_181740768,,,1aee230d001ea6851e48165c8522fe214de0204d525717babd1eff9c7ba45fb8,undefined FUN_181740768(),ghidra,clean,
WHGame.dll,release_1_5_1164953_841,0x17407d0,174,FUN_1817407d0,,,8a5f828b2aee37b73cfa3c7baba2eba6f9a9673814d38e58ea944d2d6113a5ba,undefined FUN_1817407d0(),ghidra,clean,
WHGame.dll,release_1_5_1164953_841,0x1740880,20,FUN_181740880,,,bef9e2325fe48855fcf0a1b495b9559f19087e8002808efca93ca04eeee1ea56,undefined FUN_181740880(),ghidra,clean,
WHGame.dll,release_1_5_1164953_841,0x17408a0,20,FUN_1817408a0,,,e4e05da4b3c15a6d5d2e133c8baafe5a67c5fdf47f6ce104fd628dc09590455c,undefined FUN_1817408a0(),ghidra,clean,
WHGame.dll,release_1_5_1164953_841,0x17408c0,20,FUN_1817408c0,,,9e282550af4734c7c6a9707e7d0d8e9ac2e32cc22a3ff2c4b5a723fc5fc0ee1b,undefined FUN_1817408c0(),ghidra,clean,
WHGame.dll,release_1_5_1164953_841,0x17408d4,96,FUN_1817408d4,,,5e1dcb7e107f5e9831a8cab209a7f86d427c25bc0b00fd37beae9e0f83ae0f86,undefined FUN_1817408d4(),ghidra,clean,
WHGame.dll,release_1_5_1164953_841,0x1740934,165,FUN_181740934,,,6a9df60b9cc7f1fdd24b2371fc043df918f46032d337e86af97a4fb3daef987c,undefined FUN_181740934(),ghidra,clean,
WHGame.dll,release_1_5_1164953_841,0x17409dc,156,FUN_1817409dc,,,daddb33d45e873f3a8665e2fd833f5e4ac15ee210a5fa7d94bf90b85e8d0289c,undefined FUN_1817409dc(),ghidra,clean,
WHGame.dll,release_1_5_1164953_841,0x1740a78,361,FUN_181740a78,,,dd2f912bf38473238c66295e3292bd2564d99245552d658db1dbe9c881e2d578,undefined FUN_181740a78(),ghidra,clean,
WHGame.dll,release_1_5_1164953_841,0x1740be4,180,FUN_181740be4,,,c3fcafb388f8217cd225a3201f4cff9557711d9a8b79158628d8b76804d48639,undefined FUN_181740be4(),ghidra,clean,
WHGame.dll,release_1_5_1164953_841,0x1740c98,30,FUN_181740c98,,,4bfc8cf9fdcb28974aebd4f05b119a6fac37cfaa0548fc321d1234f8c98874d7,undefined FUN_181740c98(),ghidra,clean,
WHGame.dll,release_1_5_1164953_841,0x1740cb8,155,FUN_181740cb8,,,26472a5d485ff3825e3f1f602a0c0da909e8274942be38207811e4df75a318ce,undefined FUN_181740cb8(),ghidra,clean,
WHGame.dll,release_1_5_1164953_841,0x1740d54,291,FUN_181740d54,,,109f56a1e6dc150ed88f11bf51f99e242cebe18995b090f6d7caef76481d5975,undefined FUN_181740d54(),ghidra,clean,
WHGame.dll,release_1_5_1164953_841,0x1740e78,30,FUN_181740e78,,,4bfc8cf9fdcb28974aebd4f05b119a6fac37cfaa0548fc321d1234f8c98874d7,undefined FUN_181740e78(),ghidra,clean,
WHGame.dll,release_1_5_1164953_841,0x1740e98,155,FUN_181740e98,,,c00e4821e8b05e2f6076b9cb30dab87bce00d265e1a6096b2a3b9667f81d115a,undefined FUN_181740e98(),ghidra,clean,
WHGame.dll,release_1_5_1164953_841,0x1740f34,291,FUN_181740f34,,,d53de4a6a78f7c6413f719fdaa18308677afc6403602c5b0b1940c3679b26358,undefined FUN_181740f34(),ghidra,clean,
WHGame.dll,release_1_5_1164953_841,0x1741058,30,FUN_181741058,,,4bfc8cf9fdcb28974aebd4f05b119a6fac37cfaa0548fc321d1234f8c98874d7,undefined FUN_181741058(),ghidra,clean,
WHGame.dll,release_1_5_1164953_841,0x1741078,155,FUN_181741078,,,f0f9da6f257959cda340f42a12d22a9c672c41a171a227ffc12f6da78ccf4c6f,undefined FUN_181741078(),ghidra,clean,
WHGame.dll,release_1_5_1164953_841,0x1741114,291,FUN_181741114,,,e405c863d7171f5eed53afa78a7b9e82cca8f22dd296b59435b108f288f57128,undefined FUN_181741114(),ghidra,clean,
WHGame.dll,release_1_5_1164953_841,0x1741238,65,FUN_181741238,,,bdf35468275281ceeed36cba5130d2bcfaf53e05656357acb6af200dd2c43e1f,undefined FUN_181741238(),ghidra,clean,
WHGame.dll,release_1_5_1164953_841,0x174127c,355,FUN_18174127c,,,89835568251247fe5f6f9dddcf7b4f0ca2545c4f5c3f3fa99e3bbe4ad5d3416f,undefined FUN_18174127c(),ghidra,clean,
WHGame.dll,release_1_5_1164953_841,0x17413e0,707,FUN_1817413e0,,,52466500c7d4e80e6da4f52f3e3478ba55e3edc03228fc7db6bc1fe32a235f4a,undefined FUN_1817413e0(),ghidra,clean,
WHGame.dll,release_1_5_1164953_841,0x1741498,159,FUN_181741498,,,975d2f9b8e2c3d33d1207b85d8933549225846964c9db086ca0d060d1624ce6a,undefined FUN_181741498(),ghidra,clean,
WHGame.dll,release_1_5_1164953_841,0x1741538,83,FUN_181741538,,,ce21d8ff19e3695b4850a14479872f610225db5ccba49c54d7c5bacf4e03422b,undefined FUN_181741538(),ghidra,clean,
WHGame.dll,release_1_5_1164953_841,0x1741580,196,FUN_181741580,,,f421515e076bcd680fddeeb4f4164cbc304516ab887638fb32ee626e96b6eb43,undefined FUN_181741580(),ghidra,clean,
WHGame.dll,release_1_5_1164953_841,0x1741648,515,FUN_181741648,,,4a89d013fa8e8a66ca3ad41c95c2395341115d780b1d437088db716a72ea95ed,undefined FUN_181741648(),ghidra,clean,
WHGame.dll,release_1_5_1164953_841,0x17417e0,140,FUN_1817417e0,,,b4a857128bfe1da5cfb8289b77a004ee7cad54bcbc3a13fe41abdb6c0a36acfe,undefined FUN_1817417e0(),ghidra,clean,
WHGame.dll,release_1_5_1164953_841,0x1741870,26,FUN_181741870,,,819234953c91d716a341edb10dcca2267107efa13f78881bbca64f4a7a11eeca,undefined FUN_181741870(),ghidra,clean,
WHGame.dll,release_1_5_1164953_841,0x174188c,155,FUN_18174188c,,,228585a9127f6bef1c4eb7341deef2cf5741878e1f278cf5172020dd35b4e2ce,undefined FUN_18174188c(),ghidra,clean,
WHGame.dll,release_1_5_1164953_841,0x1741928,291,FUN_181741928,,,2e15888a4280eebd97bd697dd4c641735c796a43d9af1a9891e79c72a165dff2,undefined FUN_181741928(),ghidra,clean,
WHGame.dll,release_1_5_1164953_841,0x1741a4c,62,FUN_181741a4c,,,2c07ef3fa6a2247b77df9a6cda245b36432f03aba2b1201210ade3678a325003,undefined FUN_181741a4c(),ghidra,clean,
WHGame.dll,release_1_5_1164953_841,0x1741a78,46,FUN_181741a78,,,c64b1616d72d55a84d11b7d4bd95c2b6e2f435a2cb939ebf48315572fb88a56a,undefined FUN_181741a78(),ghidra,clean,
WHGame.dll,release_1_5_1164953_841,0x1741aa8,45,FUN_181741aa8,,,0fbad81b925a91aa943b75fd76ac99de304e0a620773753c23a1aa41c68b1f1c,undefined FUN_181741aa8(),ghidra,clean,
WHGame.dll,release_1_5_1164953_841,0x1741ad8,62,FUN_181741ad8,,,4f7c848b7c33d7612af74e1a06b2319c651c1c6c8d3ca18741d418228b2a3468,undefined FUN_181741ad8(),ghidra,clean,
WHGame.dll,release_1_5_1164953_841,0x1741b18,86,FUN_181741b18,,,4de7afcf925513da95fc9c641cbfdb02333b29b7ad3a45152e13021efd251acd,undefined FUN_181741b18(),ghidra,clean,
WHGame.dll,release_1_5_1164953_841,0x1741b70,90,FUN_181741b70,,,a152f1eb5ea6c34a7b1c96a4579b3b47cc551f2cc4c837ff9e8f4e2a28ee492f,undefined FUN_181741b70(),ghidra,clean,
WHGame.dll,release_1_5_1164953_841,0x1741bcc,447,FUN_181741bcc,,,eee8b863f54885f3f0285fcb5b57e356b741e16e8c8aceaffb9cf3c32e3d3edf,undefined FUN_181741bcc(),ghidra,clean,
WHGame.dll,release_1_5_1164953_841,0x1741d8c,258,FUN_181741d8c,,,10b6106adc4677625a109c030613721647e99cce3d7942f2acbeff2c99cbc036,undefined FUN_181741d8c(),ghidra,clean,
WHGame.dll,release_1_5_1164953_841,0x1741e90,51,FUN_181741e90,,,89c7ffef57a014f08939b8a54f47eccb77abd0dac676c5f0fc242c073a233d58,undefined FUN_181741e90(),ghidra,clean,
WHGame.dll,release_1_5_1164953_841,0x1741ec4,106,FUN_181741ec4,,,e58c41df0c8ef0843a17221d84b718ec08decdd0f41bdfedef0496561821e725,undefined FUN_181741ec4(),ghidra,clean,
WHGame.dll,release_1_5_1164953_841,0x1741f30,172,FUN_181741f30,,,44845b92a4bc90b396106b78cdc2f5e9f7fdbefa532df091d7f3f98ecff15ed3,undefined FUN_181741f30(),ghidra,clean,
WHGame.dll,release_1_5_1164953_841,0x1741fd0,78,FUN_181741fd0,,,c65bfbbb31c1ecef4a737b0cfc0ba00186bdcd7d7ca62aac10811e4c559f9ed6,undefined FUN_181741fd0(),ghidra,clean,
WHGame.dll,release_1_5_1164953_841,0x1742020,67,FUN_181742020,,,eee6f4862615f7600be5196693937e4b699b2baf6fa588e192fc8914344a752f,undefined FUN_181742020(),ghidra,clean,
WHGame.dll,release_1_5_1164953_841,0x174203c,180,FUN_18174203c,,,ea03287dbe1c2d09815adc67dba8206aa3fdac753ab9d7b0ba9be416ae90d86e,undefined FUN_18174203c(),ghidra,clean,
WHGame.dll,release_1_5_1164953_841,0x17420f0,180,FUN_1817420f0,,,9b4578299747072acb4f19861796d6a5c9055ded4541b722b8ee16d05bdc4e1e,undefined FUN_1817420f0(),ghidra,clean,
WHGame.dll,release_1_5_1164953_841,0x17421a4,180,FUN_1817421a4,,,847fc84628bfae313bf11a1d786dbbe73867ad30903558cf443e99959571382f,undefined FUN_1817421a4(),ghidra,clean,
WHGame.dll,release_1_5_1164953_841,0x1742258,180,FUN_181742258,,,55a2db1e100b615019c910217d9c6517d7ce407dcd310de18774216f47543b29,undefined FUN_181742258(),ghidra,clean,
WHGame.dll,release_1_5_1164953_841,0x174230c,180,FUN_18174230c,,,acda57159682347c0de5b2db46c8f21d39b6f877cf484536a44233e62aeebcd4,undefined FUN_18174230c(),ghidra,clean,
WHGame.dll,release_1_5_1164953_841,0x17423c0,65,FUN_1817423c0,,,52928d6b1d39a2dd144fbc0ad012104d7328a6e05709958b4b22b3d65f6445f4,undefined FUN_1817423c0(),ghidra,clean,
WHGame.dll,release_1_5_1164953_841,0x1742404,198,FUN_181742404,,,8175a39f6aa7b0b42b152b77029430dca1f7d2a8c3f689788dfa932516fb1942,undefined FUN_181742404(),ghidra,clean,
WHGame.dll,release_1_5_1164953_841,0x17424cc,55,FUN_1817424cc,,,bc96c062e78100c2e500196b94a262d724bf25fbb109f0a0dcadc43db3955d0c,undefined FUN_1817424cc(),ghidra,clean,
WHGame.dll,release_1_5_1164953_841,0x17424f4,168,FUN_1817424f4,,,8b088e134c9898c7eb33fe558ebc1d10c8b018a9c82aa1b9fcece4e0fe976023,undefined FUN_1817424f4(),ghidra,clean,
WHGame.dll,release_1_5_1164953_841,0x1742594,145,FUN_181742594,,,ce9f4ef0ef8bfd831ab9f96f12efc6a939174311b87fb841e066d09c838400ec,undefined FUN_181742594(),ghidra,clean,
WHGame.dll,release_1_5_1164953_841,0x1742628,155,FUN_181742628,,,d7cc26b1c8a76cd5e8bfc13cdcc492683986e868044cc438d2b8c6c19b791363,undefined FUN_181742628(),ghidra,clean,
WHGame.dll,release_1_5_1164953_841,0x17426c4,291,FUN_1817426c4,,,a82e6b389b098495754916ddefb768c9b6408b5e88708929571bccf8611e3c21,undefined FUN_1817426c4(),ghidra,clean,
WHGame.dll,release_1_5_1164953_841,0x17427e8,107,FUN_1817427e8,,,3f421ce1dd44d1262990a055819eb5dbb01adc337ae68d8efe1636e8fa8c45fc,undefined FUN_1817427e8(),ghidra,clean,
WHGame.dll,release_1_5_1164953_841,0x1742854,55,FUN_181742854,,,bdf4e10b20054cf65cc3eb6a2b22405b1d5048893c75818c079c4293eeaa30c1,undefined FUN_181742854(),ghidra,clean,
WHGame.dll,release_1_5_1164953_841,0x174287c,174,FUN_18174287c,,,f856f06e40cdcc03b6649ac79ab6fcfe965d5b89a33cfa2d07b422076c299d58,undefined FUN_18174287c(),ghidra,clean,
WHGame.dll,release_1_5_1164953_841,0x1742920,120,FUN_181742920,,,5c7f5c2c8afefade29b8b61a545868a9140d27057e6ad0309ef6a84ad131eda2,undefined FUN_181742920(),ghidra,clean,
WHGame.dll,release_1_5_1164953_841,0x174299c,145,FUN_18174299c,,,2b364134e98a0f884699170a762f3a9e07ff963a1da5167472a73abb3db89a92,undefined FUN_18174299c(),ghidra,clean,
WHGame.dll,release_1_5_1164953_841,0x1742a30,30,FUN_181742a30,,,86c1ae9524bd387e4c3f8ae9773d6907de851b564e3f915a30f2c002bd8b8b14,undefined FUN_181742a30(),ghidra,clean,
WHGame.dll,release_1_5_1164953_841,0x1742a50,30,FUN_181742a50,,,4894801bcae3e789ca4ba4a9c111bd9653a1685ba62b1132bd4495a398df820c,undefined FUN_181742a50(),ghidra,clean,
WHGame.dll,release_1_5_1164953_841,0x1742a70,78,FUN_181742a70,,,135899ebb41a5d4cc2b56b1b682feaf4fc6b881e7814a1a1c68c53d6ddc391e7,undefined FUN_181742a70(),ghidra,clean,
WHGame.dll,release_1_5_1164953_841,0x1742ac0,74,FUN_181742ac0,,,1e008403e2dc407f6fc7647b613506c1bc5edba299ff953f59660109e5dfbc45,undefined FUN_181742ac0(),ghidra,clean,
WHGame.dll,release_1_5_1164953_841,0x1742b10,9,FUN_181742b10,,,021895efe4fab391babb53d466b865d6c3387769098edf3193e13a9d3b2129dd,undefined FUN_181742b10(),ghidra,clean,
WHGame.dll,release_1_5_1164953_841,0x1742b1c,43,FUN_181742b1c,,,b5a2a4c1d773ea870ae9b9e9fe5af09a0fd529230b45ebf4d88c562d192e6e93,undefined FUN_181742b1c(),ghidra,clean,
WHGame.dll,release_1_5_1164953_841,0x1742b48,99,FUN_181742b48,,,3df50987cb89b1205495c79f5df812a2952af647b43a779ff275ee126067fc15,undefined FUN_181742b48(),ghidra,clean,
WHGame.dll,release_1_5_1164953_841,0x1742b9c,280,FUN_181742b9c,,,bd15d3669a3ec036bd6e21f0dc40978d4331b5b74796c0af4874d3f614b3c534,undefined FUN_181742b9c(),ghidra,clean,
WHGame.dll,release_1_5_1164953_841,0x1742c9c,704,FUN_181742c9c,,,bc258f26f181dada304619d2d13710b75b646f5f01e402c19b970341f87d893b,undefined FUN_181742c9c(),ghidra,clean,
WHGame.dll,release_1_5_1164953_841,0x1742f44,135,FUN_181742f44,,,6e0d25b0fb36ba13d2c5507bb9b60ac0e4cedb139647f15dc25c920da07cf7b1,undefined FUN_181742f44(),ghidra,clean,
WHGame.dll,release_1_5_1164953_841,0x1742fcc,165,FUN_181742fcc,,,c7e1fdb648b444c1b7479e281386929dc9e10a8c41cbe325e7e4777f87a3cdfe,undefined FUN_181742fcc(),ghidra,clean,
WHGame.dll,release_1_5_1164953_841,0x1743074,402,FUN_181743074,,,072b8f0f9cd02a987937d1f84bcfb43631b3eb8915583a4322ec3efc8f10dda6,undefined FUN_181743074(),ghidra,clean,
WHGame.dll,release_1_5_1164953_841,0x1743208,138,FUN_181743208,,,8f219f7c760691b1b6e360c84a9410869514c81458e79cdde45cf0fdcf3ed278,undefined FUN_181743208(),ghidra,clean,
WHGame.dll,release_1_5_1164953_841,0x1743294,234,FUN_181743294,,,3d1abe828a43619455d33a2ca5c300dd773553e858b4b0b2ef9e6c5bc85e2a1d,undefined FUN_181743294(),ghidra,clean,
WHGame.dll,release_1_5_1164953_841,0x1743380,221,FUN_181743380,,,2d88c7bbf3963f17baef0977a42882e4793099532ca71301a8cb18dfda6986c6,undefined FUN_181743380(),ghidra,clean,
WHGame.dll,release_1_5_1164953_841,0x1743460,361,FUN_181743460,,,a35f3d1336fb9bc0008014a47b5617313891c9bbfc3d501f6430f679e5274a0b,undefined FUN_181743460(),ghidra,clean,
WHGame.dll,release_1_5_1164953_841,0x17435cc,180,FUN_1817435cc,,,d9dd04f46387b95a8597cd718124c0088e1ebe175bf38fb2db04f2037c6daf50,undefined FUN_1817435cc(),ghidra,clean,
WHGame.dll,release_1_5_1164953_841,0x1743680,221,FUN_181743680,,,2373b693ddf137c1a416eb6408cfa814e22f277f1cc684dbbddcce80bac31f0b,undefined FUN_181743680(),ghidra,clean,
WHGame.dll,release_1_5_1164953_841,0x1743760,361,FUN_181743760,,,29dfb2ba25e1a37d161709b231d7ad8863aec37e6ad0a583c4a486c4764fbd7e,undefined FUN_181743760(),ghidra,clean,
WHGame.dll,release_1_5_1164953_841,0x17438cc,180,FUN_1817438cc,,,529fa600fb58bb0a8a9fa92d1555ed5850f4b52410b5d5b3507cbfcbf7089bee,undefined FUN_1817438cc(),ghidra,clean,
WHGame.dll,release_1_5_1164953_841,0x1743980,83,FUN_181743980,,,d5663de5e232b8a3ccc00fac511f5a97aca8fe0ef049fdc771c62cd6e3b8a79d,undefined FUN_181743980(),ghidra,clean,
WHGame.dll,release_1_5_1164953_841,0x17439d4,195,FUN_1817439d4,,,521215bc054509703c58f1c7b3a88ce5af8543d9571c3be0f9b361ffe976d09a,undefined FUN_1817439d4(),ghidra,clean,
WHGame.dll,release_1_5_1164953_841,0x1743a98,47,FUN_181743a98,,,2c40dd117bff66ad886e881191d28bb92e04fbabe6fa3a75c9157082b414f7f7,undefined FUN_181743a98(),ghidra,clean,
WHGame.dll,release_1_5_1164953_841,0x1743ac8,355,FUN_181743ac8,,,7f9766ce28e335304a12193f36962358ebfac0666abcf6e01054369063b9cb33,undefined FUN_181743ac8(),ghidra,clean,
WHGame.dll,release_1_5_1164953_841,0x1743c2c,96,FUN_181743c2c,,,e63cf61c8c05294f4050d5f2c1086d5e99f3d4ced6e323fe0ae620e64e513135,undefined FUN_181743c2c(),ghidra,clean,
WHGame.dll,release_1_5_1164953_841,0x1743c8c,47,FUN_181743c8c,,,2f24e58e74ceaefeb715e81f5682481d2a99c62506a6681c8d9cd35c9f773f70,undefined FUN_181743c8c(),ghidra,clean,
WHGame.dll,release_1_5_1164953_841,0x1743cbc,430,FUN_181743cbc,,,6c56e9b12e3fe186d9ad89ddeb7f845a342adbbe2f98599b1bd517bf21c63d78,undefined FUN_181743cbc(),ghidra,clean,
WHGame.dll,release_1_5_1164953_841,0x1743e6c,115,FUN_181743e6c,,,c90d2cf67cb773f861f4c181ee9f404f4b52471375b5305f8653f1dc21bde591,undefined FUN_181743e6c(),ghidra,clean,
WHGame.dll,release_1_5_1164953_841,0x1743ecc,82,FUN_181743ecc,,,471e5e596ed3ff939ae3c31e0061bceb4796f1db765cf2b3551d0213aa89dc81,undefined FUN_181743ecc(),ghidra,clean,
WHGame.dll,release_1_5_1164953_841,0x1743f20,30,FUN_181743f20,,,4882da02fe52dfa21e91423d9ecfac5f0242f756f94dca70682582fea0f8b826,undefined FUN_181743f20(),ghidra,clean,
WHGame.dll,release_1_5_1164953_841,0x1743f40,88,FUN_181743f40,,,4b2d721803bd819b19cb93a9796c0450593b2e0341def195bbbfd4ade923a011,undefined FUN_181743f40(),ghidra,clean,
WHGame.dll,release_1_5_1164953_841,0x1743f50,155,FUN_181743f50,,,d0e47b03144fd28f09de73c354ca5e372897042bd9442ba76771fa2b85f94b88,undefined FUN_181743f50(),ghidra,clean,
WHGame.dll,release_1_5_1164953_841,0x1743fec,291,FUN_181743fec,,,187dce2e603db3561691e7953b13765f8331398150bf3f2b85519dbf996e7916,undefined FUN_181743fec(),ghidra,clean,
WHGame.dll,release_1_5_1164953_841,0x1744110,125,FUN_181744110,,,431c1953072798a758ae4f9e4b7cd8633a9099cb3a63f1a073e51f576bbd688d,undefined FUN_181744110(),ghidra,clean,
WHGame.dll,release_1_5_1164953_841,0x1744190,107,FUN_181744190,,,91bc92a60923fcae85a1b2e00c71ee83b9f1d885912c3b4ee80234054419a164,undefined FUN_181744190(),ghidra,clean,
WHGame.dll,release_1_5_1164953_841,0x1744200,30,FUN_181744200,,,876bb0d76b1faf8b58003ff86a8d4a4b9316e2eb6c681fc05f1ddd3b0124665a,undefined FUN_181744200(),ghidra,clean,
WHGame.dll,release_1_5_1164953_841,0x1744220,30,FUN_181744220,,,ff64a71627bc751b89852f986051f0bbfe53928d9f5bb2fdc1a3392c5013491b,undefined FUN_181744220(),ghidra,clean,
WHGame.dll,release_1_5_1164953_841,0x1744240,30,FUN_181744240,,,9e968583dc7d99ef5a2ed42eaf02b774aeba2daf7f5c071d3d74ffc5a5c164c7,undefined FUN_181744240(),ghidra,clean,
WHGame.dll,release_1_5_1164953_841,0x1744260,30,FUN_181744260,,,61e79010adcf7d1851f6b714733027350123bce6b40a9eaa1dfdd9634b785b4e,undefined FUN_181744260(),ghidra,clean,
WHGame.dll,release_1_5_1164953_841,0x174429c,62,FUN_18174429c,,,8395481dbadfefe20fc75f014650aba06ebc77afea876695ba8bbcfe7e00f505,undefined FUN_18174429c(),ghidra,clean,
WHGame.dll,release_1_5_1164953_841,0x17442c8,40,FUN_1817442c8,,,41cd4caeb21775f11d89ee2e26ca0cfe1d98b050c36e4843c7c61b60ec42ebfe,undefined FUN_1817442c8(),ghidra,clean,
WHGame.dll,release_1_5_1164953_841,0x17442f0,26,FUN_1817442f0,,,784f42d42467bdc72bf303619520ab86d009b3466c28ed890d4202f919d16798,undefined FUN_1817442f0(),ghidra,clean,
WHGame.dll,release_1_5_1164953_841,0x174430c,958,FUN_18174430c,,,5224434daacaa40890056a166bbe1e2111ddfd96ff64ae18afc5d8fa92dbc41d,undefined FUN_18174430c(),ghidra,clean,
WHGame.dll,release_1_5_1164953_841,0x17446cc,23,FUN_1817446cc,,,4a2215c3e820937481093c41c3a2c4fdd1b034767afb06c5e8afd475b2e2dc6a,undefined FUN_1817446cc(),ghidra,clean,
WHGame.dll,release_1_5_1164953_841,0x17446e4,155,FUN_1817446e4,,,cf0f1c4fcf38f84495f2c61828542615d54b8a4d40b71a596b26add95c7da59c,undefined FUN_1817446e4(),ghidra,clean,
WHGame.dll,release_1_5_1164953_841,0x1744780,304,FUN_181744780,,,9c406906e75f809d086d491e92c8d6411278be0a55539685adf7bf3e2ba33e3c,undefined FUN_181744780(),ghidra,clean,
WHGame.dll,release_1_5_1164953_841,0x17448b0,155,FUN_1817448b0,,,2a28c0a8c067a6c1b8f04d41da7bf3eb70217f061773c77200be79aff49d9210,undefined FUN_1817448b0(),ghidra,clean,
WHGame.dll,release_1_5_1164953_841,0x174494c,298,FUN_18174494c,,,c3c5d49a32b6c73175e69f6b471d482e6cd6cb4638b9dadf80a9e74ee45fab58,undefined FUN_18174494c(),ghidra,clean,
WHGame.dll,release_1_5_1164953_841,0x1744a78,65,FUN_181744a78,,,aace6c82f54bce3dd1f2f952f05cb206f3cb483b199d741cb207dd159a3b751b,undefined FUN_181744a78(),ghidra,clean,
WHGame.dll,release_1_5_1164953_841,0x1744abc,428,FUN_181744abc,,,b5407e2bcaa09c88fb6ea88b56b2745a3f09d91a1f420a9f79638eea3742f2c8,undefined FUN_181744abc(),ghidra,clean,
WHGame.dll,release_1_5_1164953_841,0x1744c68,52,FUN_181744c68,,,f1ac6c503229d0cfcf220b0aacd9aaefca64008e018db160e7ad6b564bfd9bdd,undefined FUN_181744c68(),ghidra,clean,
WHGame.dll,release_1_5_1164953_841,0x1744c9c,5,thunk_FUN_1823db35c,,,267aceab26208a7072a89a61465e8c19c11a0d1891c4cc2d88040e9458339da0,undefined thunk_FUN_1823db35c(),ghidra,clean,
WHGame.dll,release_1_5_1164953_841,0x1744ca4,903,FUN_181744ca4,,,68289559cbc20f96141fb233f1a3d48610c8c811f6ce70435606f52717b9ccf3,undefined FUN_181744ca4(),ghidra,clean,
WHGame.dll,release_1_5_1164953_841,0x174502c,115,FUN_18174502c,,,ae7d4e002be12bfaf90c22ebe8e65c4e0191b4e1ca7746f9c09f6d0d0632740d,undefined FUN_18174502c(),ghidra,clean,
WHGame.dll,release_1_5_1164953_841,0x17450a0,70,FUN_1817450a0,,,f033814a6fec54a0b8ad4c31140ffdf1d0afbdbc3847b2b59a1085a36a8366bf,undefined FUN_1817450a0(),ghidra,clean,
WHGame.dll,release_1_5_1164953_841,0x17450e8,81,FUN_1817450e8,,,69dbc45e28da08b696734a33b6b7999bda81fe5c206abe53c1c02df8acb2ec54,undefined FUN_1817450e8(),ghidra,clean,
WHGame.dll,release_1_5_1164953_841,0x174513c,48,FUN_18174513c,,,13168be6152169b8210b4229dd6be155116e388a356c1e3ccb90a9d5db796640,undefined FUN_18174513c(),ghidra,clean,
WHGame.dll,release_1_5_1164953_841,0x174516c,208,FUN_18174516c,,,66ef75520801b29407ba890856a8703311e16dd5aee0eacfa659d9c98b0ed77d,undefined FUN_18174516c(),ghidra,clean,
WHGame.dll,release_1_5_1164953_841,0x174523c,525,FUN_18174523c,,,ed8345854e218ade38120a1050f9adc25f9315ed483bdd36107cee84acd8015f,undefined FUN_18174523c(),ghidra,clean,
WHGame.dll,release_1_5_1164953_841,0x174544c,175,FUN_18174544c,,,c18d75de154efde00f4d8d1dd13dc89c1fe2330bc8f11d240f437d9e617ca0d2,undefined FUN_18174544c(),ghidra,clean,
WHGame.dll,release_1_5_1164953_841,0x17454fc,190,FUN_1817454fc,,,7ab2d28f49f74a1b8a11475ecafa41b60aca28ed8022d68fda875578b78298f7,undefined FUN_1817454fc(),ghidra,clean,
WHGame.dll,release_1_5_1164953_841,0x17455bc,385,FUN_1817455bc,,,ea593cb4d127f1219d9cfbe13cd65e8a65dcae9719bc7e9ea8763c4ca15c820c,undefined FUN_1817455bc(),ghidra,clean,
WHGame.dll,release_1_5_1164953_841,0x1745740,123,FUN_181745740,,,69ea18f7d5da70ad83b4b87ee2873ff6bd315229582d827855a1e00a425fb2f4,undefined FUN_181745740(),ghidra,clean,
WHGame.dll,release_1_5_1164953_841,0x174579c,121,FUN_18174579c,,,7db4e8f25368f8af3c70ed8243703144b0d1bb9f9b17bb83f3aa032040d85437,undefined FUN_18174579c(),ghidra,clean,
WHGame.dll,release_1_5_1164953_841,0x1745818,171,FUN_181745818,,,732f21d5f8a15832cc77814671b53365f83fe3585e0588970a3f79d989fcc853,undefined FUN_181745818(),ghidra,clean,
WHGame.dll,release_1_5_1164953_841,0x17458b8,197,FUN_1817458b8,,,a2ea5dbcfe543a83fe9af814cef7cc2802b9890cc5fe85f5872e8ed4441dbadb,undefined FUN_1817458b8(),ghidra,clean,
WHGame.dll,release_1_5_1164953_841,0x1745980,38,FUN_181745980,,,1b090fd05fee08d2fc876b8a61ad17c690a1599f5fd0a99c5e85045e5320e9e7,undefined FUN_181745980(),ghidra,clean,
WHGame.dll,release_1_5_1164953_841,0x17459a8,281,FUN_1817459a8,,,d4145f884fe44143f501083cbd2ad1b24073d1b85a2795bedf74363952e0a153,undefined FUN_1817459a8(),ghidra,clean,
WHGame.dll,release_1_5_1164953_841,0x1745ac4,23,FUN_181745ac4,,,b6ff325027f3fe71f8c54ad6974c4d637fe2770710e9221b4f8fd95018aa9451,undefined FUN_181745ac4(),ghidra,clean,
WHGame.dll,release_1_5_1164953_841,0x1745adc,180,FUN_181745adc,,,b00a86fb57ad0e4578ef128c07280bd9f88c59270eb5beabb112944d80e487b1,undefined FUN_181745adc(),ghidra,clean,
WHGame.dll,release_1_5_1164953_841,0x1745b90,180,FUN_181745b90,,,1cb1ade8affc1ca27123012424a89f138c0b7342ca6134427f23934fe8f0b5dc,undefined FUN_181745b90(),ghidra,clean,
WHGame.dll,release_1_5_1164953_841,0x1745c44,180,FUN_181745c44,,,7c34394be93a83b7a6f70c5730c24202c5b4f9858982bcc9e8edead7607121b9,undefined FUN_181745c44(),ghidra,clean,
WHGame.dll,release_1_5_1164953_841,0x1745cf8,180,FUN_181745cf8,,,931f66f9b55c42b3505e0e01020738f7919496e21fd97a6727b01abbd06a7f8a,undefined FUN_181745cf8(),ghidra,clean,
WHGame.dll,release_1_5_1164953_841,0x1745dac,180,FUN_181745dac,,,c79c89a8f22d2676804b36ac8e0798887be710788fa1166b0bd6ed5fa9450096,undefined FUN_181745dac(),ghidra,clean,
WHGame.dll,release_1_5_1164953_841,0x1745e60,541,FUN_181745e60,,,29c25bbe12527ec2aec2e517acfd3f3ee90bbd85385cc96d1ee1c7e65116e04f,undefined FUN_181745e60(),ghidra,clean,
WHGame.dll,release_1_5_1164953_841,0x1746080,143,FUN_181746080,,,9dda90f6d9ae7f345a279f5c163b41fc05b10804cbfe467701e8c3f1140589cd,undefined FUN_181746080(),ghidra,clean,
WHGame.dll,release_1_5_1164953_841,0x1746110,441,FUN_181746110,,,b945355dd3ce428a0a1a05fcc96fdb5125bd325764430efbf4dbae1f3eb12a99,undefined FUN_181746110(),ghidra,clean,
WHGame.dll,release_1_5_1164953_841,0x17462cc,298,FUN_1817462cc,,,4a6a103cbbf0097bc92054a1bf8708e122632dea456ecfb733c017b57cf14473,undefined FUN_1817462cc(),ghidra,clean,
WHGame.dll,release_1_5_1164953_841,0x17463ec,327,FUN_1817463ec,,,b7314b0d5af7fee851d6ee048944cb1b38e5fe7eb85af3f7a9b8b6e5bf71bea9,undefined FUN_1817463ec(),ghidra,clean,
WHGame.dll,release_1_5_1164953_841,0x1746534,162,FUN_181746534,,,db58aa329db312da699b3301be6d87090ed71fe007be2af175a25d29f88db577,undefined FUN_181746534(),ghidra,clean,
WHGame.dll,release_1_5_1164953_841,0x17465cc,234,FUN_1817465cc,,,6f3736cf69dccbe5c9ddeb2e3da987c2cf84b01b8f58ad209be62ceb5856c5e1,undefined FUN_1817465cc(),ghidra,clean,
WHGame.dll,release_1_5_1164953_841,0x17466b8,392,FUN_1817466b8,,,298b8002bc25f356ddb223363533cc10ad34b4db0d603fabc471c376e4089d99,undefined FUN_1817466b8(),ghidra,clean,
WHGame.dll,release_1_5_1164953_841,0x1746844,175,FUN_181746844,,,9a7d1f591b4c1d8d32582cc45b198e923e00d9388fe77edd9ac8a86cd27ddb77,undefined FUN_181746844(),ghidra,clean,
WHGame.dll,release_1_5_1164953_841,0x17468f4,61,FUN_1817468f4,,,601de38c426be25cab5255373cc11aedf9043a156b72bb93f4b230eb101cdb3e,undefined FUN_1817468f4(),ghidra,clean,
WHGame.dll,release_1_5_1164953_841,0x1746934,78,FUN_181746934,,,cab4f6a04bcdf223d43c00f4f02d8832780414fd67cc7430b57dee1973b1787b,undefined FUN_181746934(),ghidra,clean,
WHGame.dll,release_1_5_1164953_841,0x1746984,66,FUN_181746984,,,8ce8c6bd7e76be0de5bead48c5852ff4111300ce9e070eef74f9562481f9ba6b,undefined FUN_181746984(),ghidra,clean,
WHGame.dll,release_1_5_1164953_841,0x17469c8,364,FUN_1817469c8,,,53c211d64f01b08fd582f6f67dc8fef21f8743b815ca9e00421bb847432f8e52,undefined FUN_1817469c8(),ghidra,clean,
WHGame.dll,release_1_5_1164953_841,0x1746b38,132,FUN_181746b38,,,f0c69a0f6ef877e73e9a7de2478424f3529c3d7b18716bdd9ba3a197ccfd739b,undefined FUN_181746b38(),ghidra,clean,
WHGame.dll,release_1_5_1164953_841,0x1746bbc,194,FUN_181746bbc,,,2e27c73f616931395d43b90553f51347606c9c99e6e34e0f997413968bbae741,undefined FUN_181746bbc(),ghidra,clean,
WHGame.dll,release_1_5_1164953_841,0x1746c80,155,FUN_181746c80,,,6375470e61479113c173a1401945f2c8c1a9c1915d334d0b38dd94b539a9c4b7,undefined FUN_181746c80(),ghidra,clean,
WHGame.dll,release_1_5_1164953_841,0x1746d1c,291,FUN_181746d1c,,,3d16e55ae8859e68a99f860d65c10d7a7352472c6c28dfc5b5bfa244eea95f0c,undefined FUN_181746d1c(),ghidra,clean,
WHGame.dll,release_1_5_1164953_841,0x1746e40,142,FUN_181746e40,,,b69db3bb554992d32ad34701a964d61508fa72f6f5d2e2484e5252a6e9f415a7,undefined FUN_181746e40(),ghidra,clean,
WHGame.dll,release_1_5_1164953_841,0x1746ed0,46,FUN_181746ed0,,,9d7bab16d7e2fd20652a06ab771a94db7c06a10444081acbad4cc91524405142,undefined FUN_181746ed0(),ghidra,clean,
WHGame.dll,release_1_5_1164953_841,0x1746f00,5,thunk_FUN_181747084,,,e2194f984440ef7dbf55c68b015770e51b69ae2a18ad06fe22be215bb3159855,undefined thunk_FUN_181747084(),ghidra,clean,
WHGame.dll,release_1_5_1164953_841,0x1746f08,5,thunk_FUN_181746f10,,,b0d40b133b9394d93820ac0104b0065121d2d73df32c7bfb4e4cf5d805a8b103,undefined thunk_FUN_181746f10(),ghidra,clean,
WHGame.dll,release_1_5_1164953_841,0x1746f10,103,FUN_181746f10,,,8b787f9c7b351c92a17b095d8079a57db97e21ab811fa145574f0498d4f2f8b9,undefined FUN_181746f10(),ghidra,clean,
WHGame.dll,release_1_5_1164953_841,0x1746f78,95,FUN_181746f78,,,e325bfbc3d6bf34b336a76aaf9f3bc525c456498bf1e9407188120cb0f7df4e2,undefined FUN_181746f78(),ghidra,clean,
WHGame.dll,release_1_5_1164953_841,0x1746fd8,201,FUN_181746fd8,,,c0753c719a30676a4ed9e6d066f12b542b2417e13ff6010a84066aca7ebd98da,undefined FUN_181746fd8(),ghidra,clean,
WHGame.dll,release_1_5_1164953_841,0x1747084,223,FUN_181747084,,,6d49f67f1bb6123297528f3adea964639bca8513795cae7a565b6887ce60f8c8,undefined FUN_181747084(),ghidra,clean,
WHGame.dll,release_1_5_1164953_841,0x174715c,53,FUN_18174715c,,,f46a3ea28aff073d98f7cd11fbe36dd9d16a28bb19c2d8dcc99f1751b4ea185e,undefined FUN_18174715c(),ghidra,clean,
WHGame.dll,release_1_5_1164953_841,0x1747194,142,FUN_181747194,,,ed9e4434616bd028c9290a42dae4b350e0869821827073a113fa83d79c0f9c3c,undefined FUN_181747194(),ghidra,clean,
WHGame.dll,release_1_5_1164953_841,0x1747224,431,FUN_181747224,,,20efdb75960d1cda656630421ead0b7e0e77fa7e24e2ddf7aa14db280a64bbba,undefined FUN_181747224(),ghidra,clean,
WHGame.dll,release_1_5_1164953_841,0x1747380,40,FUN_181747380,,,8d5cc91a89078b5b2189ca7c437b1c54b37d18cb776d62de068fa5d3991e09db,undefined FUN_181747380(),ghidra,clean,
WHGame.dll,release_1_5_1164953_841,0x17473a8,42,FUN_1817473a8,,,1308813dfffb3214f9e1a46c1397195e31953daf77b01646cdd63eab7cd91e5a,undefined FUN_1817473a8(),ghidra,clean,
WHGame.dll,release_1_5_1164953_841,0x17473d4,5,thunk_FUN_181747558,,,e2194f984440ef7dbf55c68b015770e51b69ae2a18ad06fe22be215bb3159855,undefined thunk_FUN_181747558(),ghidra,clean,
WHGame.dll,release_1_5_1164953_841,0x17473dc,5,thunk_FUN_1817473e4,,,b0d40b133b9394d93820ac0104b0065121d2d73df32c7bfb4e4cf5d805a8b103,undefined thunk_FUN_1817473e4(),ghidra,clean,
WHGame.dll,release_1_5_1164953_841,0x17473e4,103,FUN_1817473e4,,,7e57fe09c6171f0ee5816f384ea7c166aa66ccda707ad8c66eafa181573115dc,undefined FUN_1817473e4(),ghidra,clean,
WHGame.dll,release_1_5_1164953_841,0x174744c,95,FUN_18174744c,,,6817636d75cdd57453fd4e6c41908b9c5ef409cc9797445e2794080eae6acf53,undefined FUN_18174744c(),ghidra,clean,
WHGame.dll,release_1_5_1164953_841,0x17474ac,201,FUN_1817474ac,,,5f3321cacb594d58fe1f0fab93ef0adfc3167ef80bdcc7a769183c2bbbae53bd,undefined FUN_1817474ac(),ghidra,clean,
WHGame.dll,release_1_5_1164953_841,0x1747558,223,FUN_181747558,,,a5a19ba4d5b102ee0178903e5ce253ab2a2718eb841a8b8076041e48269249ef,undefined FUN_181747558(),ghidra,clean,
WHGame.dll,release_1_5_1164953_841,0x1747630,53,FUN_181747630,,,07a92f5664998154bca0fd420e6746e039a73d202d790990165aa2a49819bf1f,undefined FUN_181747630(),ghidra,clean,
WHGame.dll,release_1_5_1164953_841,0x1747668,142,FUN_181747668,,,cce1a34d87185478381dc3545fac26fa743ac51e4762f6df9c033587a36bc5fc,undefined FUN_181747668(),ghidra,clean,
WHGame.dll,release_1_5_1164953_841,0x17476f8,431,FUN_1817476f8,,,539dc5218153ef2d1955f7b087b5b7efb754877605fd111c59f761b10b5c6052,undefined FUN_1817476f8(),ghidra,clean,
WHGame.dll,release_1_5_1164953_841,0x1747854,40,FUN_181747854,,,ba1cdf1df0db588e728677d5d838fdbd0aca1db4f4f2f9c7f0527a2342025f27,undefined FUN_181747854(),ghidra,clean,
WHGame.dll,release_1_5_1164953_841,0x174787c,42,FUN_18174787c,,,0f21a556f4af4ec26b0f43d3b2ccc7ba26c880bd7451ddd2a620398c25706669,undefined FUN_18174787c(),ghidra,clean,
WHGame.dll,release_1_5_1164953_841,0x17478a8,155,FUN_1817478a8,,,ad953eef3461326c911169f9c9bcc30bc3a46fc29f26b9814d3063ccebd3cdb4,undefined FUN_1817478a8(),ghidra,clean,
WHGame.dll,release_1_5_1164953_841,0x1747944,26,FUN_181747944,,,819234953c91d716a341edb10dcca2267107efa13f78881bbca64f4a7a11eeca,undefined FUN_181747944(),ghidra,clean,
WHGame.dll,release_1_5_1164953_841,0x1747960,155,FUN_181747960,,,7165445e005a6c2f8a97aa2a3c2d8ec168943e161c8874bab3be5a79e3b45ef6,undefined FUN_181747960(),ghidra,clean,
WHGame.dll,release_1_5_1164953_841,0x17479fc,291,FUN_1817479fc,,,e93bac1e0baa8f42706657adef003ae189d7138401bd17467547582e285af18e,undefined FUN_1817479fc(),ghidra,clean,
WHGame.dll,release_1_5_1164953_841,0x1747b20,301,FUN_181747b20,,,a7610b2e9a205f812a575ba3d69334e88c8a885e351e7f7c84d3eb8d368ed150,undefined FUN_181747b20(),ghidra,clean,
WHGame.dll,release_1_5_1164953_841,0x1747c50,422,FUN_181747c50,,,36359dfbe5c0e038b6701a43d713df29dbbc5e94abc91b0817e1fe458a612bfd,undefined FUN_181747c50(),ghidra,clean,
WHGame.dll,release_1_5_1164953_841,0x1747dc4,26,FUN_181747dc4,,,819234953c91d716a341edb10dcca2267107efa13f78881bbca64f4a7a11eeca,undefined FUN_181747dc4(),ghidra,clean,
WHGame.dll,release_1_5_1164953_841,0x1747de0,155,FUN_181747de0,,,e5e1b90ccd5616a38d880ef3404a625c1285c7fe76fa3c17802144e4585d7cc8,undefined FUN_181747de0(),ghidra,clean,
WHGame.dll,release_1_5_1164953_841,0x1747e7c,91,FUN_181747e7c,,,9c3ceef28d9c5557a42e6072397acf80e217cb9f35b28c62e4ef46fbe07245f1,undefined FUN_181747e7c(),ghidra,clean,
WHGame.dll,release_1_5_1164953_841,0x1747ed8,311,FUN_181747ed8,,,7ecdbdcdf3603a62cf94bac14ca3c011e84305af61cd667a644525c2cf3e7405,undefined FUN_181747ed8(),ghidra,clean,
WHGame.dll,release_1_5_1164953_841,0x1748010,62,FUN_181748010,,,35e0d2f0a11319afdc51d78b15679b6e55e5372010dd50437c2fe15c01f7e73a,undefined FUN_181748010(),ghidra,clean,
WHGame.dll,release_1_5_1164953_841,0x1748050,34,FUN_181748050,,,6d7e9fe3a23a5844f7ab66ed2d2774863587a7196e4489c8c40680fbbf5623ac,undefined FUN_181748050(),ghidra,clean,
WHGame.dll,release_1_5_1164953_841,0x1748074,83,FUN_181748074,,,a29c324db04e69617eaa5e223973e69a559274b8bb8e8eb11baa6db4fc3ad15b,undefined FUN_181748074(),ghidra,clean,
WHGame.dll,release_1_5_1164953_841,0x17480c8,159,FUN_1817480c8,,,578e36fa53b16b0d30f689e69d117e8b70ed8981092377b275a014006a07245c,undefined FUN_1817480c8(),ghidra,clean,
WHGame.dll,release_1_5_1164953_841,0x1748170,8,FUN_181748170,,,e5f2067ebfb097a371cd5d4d182149e8df6ee5d57e4c45ddf0e0572b1ec1b41b,undefined FUN_181748170(),ghidra,clean,
WHGame.dll,release_1_5_1164953_841,0x1748178,208,FUN_181748178,,,782ae6dd47e4e2fa6dd551b9f56e73faceb206ccb879245c10e18832d81d6173,undefined FUN_181748178(),ghidra,clean,
WHGame.dll,release_1_5_1164953_841,0x1748200,159,FUN_181748200,,,cc36735a4036e4b40ee36f19c0bacb9566731e166a40cb5356375b372c0c93e1,undefined FUN_181748200(),ghidra,clean,
WHGame.dll,release_1_5_1164953_841,0x17482a4,63,FUN_1817482a4,,,79f5c8a6f135c9e16ce41d54a896b25be980951c6b81bd9390d681c7bf488ae3,undefined FUN_1817482a4(),ghidra,clean,
WHGame.dll,release_1_5_1164953_841,0x17482e4,105,FUN_1817482e4,,,89077d0cec05c2e0482a9c96b11a2e95c3bd45d9ce175fcdb72ff12c3e632103,undefined FUN_1817482e4(),ghidra,clean,
WHGame.dll,release_1_5_1164953_841,0x1748320,59,FUN_181748320,,,e4175f2f40dbd66abba04e62d2a275442318dd7c344b1f9cd24b6b262cdc808e,undefined FUN_181748320(),ghidra,clean,
WHGame.dll,release_1_5_1164953_841,0x174835c,53,FUN_18174835c,,,8ed795aa45913d4aa7040e6e75d109d6f858f1b13fdb08aa9654d456f3d7c98d,undefined FUN_18174835c(),ghidra,clean,
WHGame.dll,release_1_5_1164953_841,0x1748394,62,FUN_181748394,,,1e5d53b7ce7e92499c39d8c62a4ce0174f55a73908d9d24f60983599d86fe292,undefined FUN_181748394(),ghidra,clean,
WHGame.dll,release_1_5_1164953_841,0x17483c0,49,FUN_1817483c0,,,5050b40fae8264589195f9fbc1d9770c999ef92da84ac3c21114d88a0d65bda2,undefined FUN_1817483c0(),ghidra,clean,
WHGame.dll,release_1_5_1164953_841,0x17483f4,161,FUN_1817483f4,,,a6ac14684e13ddf6d2924650062484d5b873dfac4e85328bb1ce80d231cd6781,undefined FUN_1817483f4(),ghidra,clean,
WHGame.dll,release_1_5_1164953_841,0x1748498,135,FUN_181748498,,,9f71845bb4a18622ebce716f172ec12244df243dce38629a43e952eef36164f1,undefined FUN_181748498(),ghidra,clean,
WHGame.dll,release_1_5_1164953_841,0x1748520,175,FUN_181748520,,,57dee482a62e100bf59534c7bfee83daa059c4c7cc24b47e56d4d3f3fd1ec49e,undefined FUN_181748520(),ghidra,clean,
WHGame.dll,release_1_5_1164953_841,0x17485d0,62,FUN_1817485d0,,,9e89c1a3ff01ea72b927e9af898fae193ca9cb98b78ebba1e08bfe14c4a82659,undefined FUN_1817485d0(),ghidra,clean,
WHGame.dll,release_1_5_1164953_841,0x17485fc,51,FUN_1817485fc,,,88f8212a233e1c11e9d38d57a674d3ab3e40bb528773958931512c7f7307e464,undefined FUN_1817485fc(),ghidra,clean,
WHGame.dll,release_1_5_1164953_841,0x1748630,71,FUN_181748630,,,a6c87dde1a67a3c65bb39aa708adabbb358bc45a0ca4aeeaa5afff3fe6455c28,undefined FUN_181748630(),ghidra,clean,
WHGame.dll,release_1_5_1164953_841,0x1748680,1390,FUN_181748680,,,e5be265283988a1bc4d5a51d44850cbdae1cab9bb0e26c065dde05981549779e,undefined FUN_181748680(),ghidra,clean,
WHGame.dll,release_1_5_1164953_841,0x1748bf0,87,FUN_181748bf0,,,2079e60f84ce85f6560e9dd5e6b01758da567dfddf7e241c10a68b58d8fca968,undefined FUN_181748bf0(),ghidra,clean,
WHGame.dll,release_1_5_1164953_841,0x1748c48,155,FUN_181748c48,,,b7d537de79dfbe052f29ed5e8733f2f2ab8c39001ab04321b9ffe9c724112624,undefined FUN_181748c48(),ghidra,clean,
WHGame.dll,release_1_5_1164953_841,0x1748ce4,184,FUN_181748ce4,,,d0443e4d4906be7e2c3964a5c191883adaa5b9cdd291d4180afc728c20675af9,undefined FUN_181748ce4(),ghidra,clean,
WHGame.dll,release_1_5_1164953_841,0x1748d9c,155,FUN_181748d9c,,,479369559bc05ffda579d0491083e4b3c4039026847b6500f34fed2db6a58ce1,undefined FUN_181748d9c(),ghidra,clean,
WHGame.dll,release_1_5_1164953_841,0x1748e38,291,FUN_181748e38,,,c75e83ff23fc6a5fb43438bbbf3d05adbb5a44fd4c081814d4ffafb3fc690c08,undefined FUN_181748e38(),ghidra,clean,
WHGame.dll,release_1_5_1164953_841,0x1748f5c,291,FUN_181748f5c,,,dda2dbb77b20743473e962109ab7cacc2c5c64fcdf9e88da26ec78696ec3e8e2,undefined FUN_181748f5c(),ghidra,clean,
WHGame.dll,release_1_5_1164953_841,0x1749080,234,FUN_181749080,,,2eda8c45378d5131395cce9450e36c10c972454877078b7866ff65a379a6148a,undefined FUN_181749080(),ghidra,clean,
WHGame.dll,release_1_5_1164953_841,0x174916c,178,FUN_18174916c,,,55c43d06e3a3f7c643c48cac8c0442b900b51a2da67934c19f5a08e2de1fcb84,undefined FUN_18174916c(),ghidra,clean,
WHGame.dll,release_1_5_1164953_841,0x1749220,98,FUN_181749220,,,326c81a31cf3012dc7f8b80ab75f653bc981dcdae93c28efa14ced28968f1822,undefined FUN_181749220(),ghidra,clean,
WHGame.dll,release_1_5_1164953_841,0x1749284,70,FUN_181749284,,,00cf19213554d307a7573b50a3384eaed621ee4876723831a5ca69eb0d1ed1cf,undefined FUN_181749284(),ghidra,clean,
WHGame.dll,release_1_5_1164953_841,0x17492cc,508,FUN_1817492cc,,,f58027dc48b4aec55a5dea5508893fd7bf7439f295b2b42fa4c9a2b86b65e6a4,undefined FUN_1817492cc(),ghidra,clean,
WHGame.dll,release_1_5_1164953_841,0x17494c8,117,FUN_1817494c8,,,e3f331659e16b6628e2d4eb0d3f64679bccc31849c57643c4d556596f521476a,undefined FUN_1817494c8(),ghidra,clean,
WHGame.dll,release_1_5_1164953_841,0x1749540,174,FUN_181749540,,,e1c7be62dd95cbfd227f6e57b43889fe401c951fc9803ca7d77fe1eeb41e68e9,undefined FUN_181749540(),ghidra,clean,
WHGame.dll,release_1_5_1164953_841,0x17495f0,388,FUN_1817495f0,,,b50b0dc59402a833bdfd3c2bfedab4af6b69f24f2f021e0c46eafa707826769b,undefined FUN_1817495f0(),ghidra,clean,
WHGame.dll,release_1_5_1164953_841,0x1749774,129,FUN_181749774,,,2a7ccd3523e219d8f19fa930256c14733840478cd1ffbaa4b6c0a2b8cc8ac73b,undefined FUN_181749774(),ghidra,clean,
WHGame.dll,release_1_5_1164953_841,0x17497f8,328,FUN_1817497f8,,,52d2d90240e150ad2411020499cd1114e73908a1fb288d2572b6d1a6d83ec1e2,undefined FUN_1817497f8(),ghidra,clean,
WHGame.dll,release_1_5_1164953_841,0x1749944,100,FUN_181749944,,,38d1fc02a5454e34b75080a874dffae329a71c34b0b9d7d55496431ddaf701c9,undefined FUN_181749944(),ghidra,clean,
WHGame.dll,release_1_5_1164953_841,0x17499a8,328,FUN_1817499a8,,,d89c34bd65c27d59ea36dd84c03e295d357e5d90aed34ebd8d10e0af8bb18ae3,undefined FUN_1817499a8(),ghidra,clean,
WHGame.dll,release_1_5_1164953_841,0x1749af4,100,FUN_181749af4,,,5755fe28557defc3c483b57d6af3f0ac58bfa35309b98370c29a44708c894bad,undefined FUN_181749af4(),ghidra,clean,
WHGame.dll,release_1_5_1164953_841,0x1749b58,328,FUN_181749b58,,,df627dd1d18e1b96f11bc583be7799b0125efd3df6712d5ec7cb70011e8a3a37,undefined FUN_181749b58(),ghidra,clean,
WHGame.dll,release_1_5_1164953_841,0x1749ca4,100,FUN_181749ca4,,,eee2bf9bd12abc86d81521db5b1c8b4863d30b590e8e82d4f8fe245cfc18081d,undefined FUN_181749ca4(),ghidra,clean,
WHGame.dll,release_1_5_1164953_841,0x1749d08,328,FUN_181749d08,,,ddb35080a8e2e9d8954d2413df687a4c1c34f870430b2aab1982b3cbbad350a1,undefined FUN_181749d08(),ghidra,clean,
WHGame.dll,release_1_5_1164953_841,0x1749e54,100,FUN_181749e54,,,78f88916356062bfd0106966e09bf7bf720052e1e84dcca9e19373004bff446a,undefined FUN_181749e54(),ghidra,clean,
WHGame.dll,release_1_5_1164953_841,0x1749eb8,328,FUN_181749eb8,,,cfce9df3ce92bba779c7faf6dc29d2fff8d48bcedd9048a023a57f6a9052fd66,undefined FUN_181749eb8(),ghidra,clean,
WHGame.dll,release_1_5_1164953_841,0x174a004,100,FUN_18174a004,,,c698aad0b786c3b3e47407d97571fa17be3dba2159d57d1ad28776ce25563e57,undefined FUN_18174a004(),ghidra,clean,
WHGame.dll,release_1_5_1164953_841,0x174a068,34,FUN_18174a068,,,cecb87fe998e2045371ff743709b31b020d50947494d0524297aec4cd616ccee,undefined FUN_18174a068(),ghidra,clean,
WHGame.dll,release_1_5_1164953_841,0x174a08c,64,FUN_18174a08c,,,ab80fd6eed0ac6cb88483e200362ef896b1eb662adaf94379825ce4cb36a9c9b,undefined FUN_18174a08c(),ghidra,clean,
WHGame.dll,release_1_5_1164953_841,0x174a0cc,67,FUN_18174a0cc,,,dc4e15eabb23cd651cbc56690248c1241bb90e38adb6b9cc4c1e31bdeddd0a63,undefined FUN_18174a0cc(),ghidra,clean,
WHGame.dll,release_1_5_1164953_841,0x174a110,335,FUN_18174a110,,,fc6bc4c5ec064f9c2c56b08678abe37fdf93658bdbdf4f0a94fdb88ad8eca25d,undefined FUN_18174a110(),ghidra,clean,
WHGame.dll,release_1_5_1164953_841,0x174a1fe,8,FUN_18174a1fe,,,d584cb1a2afef309eb33a9b90753d6c9a99b0c481366318ccddcba175a3b8c54,undefined FUN_18174a1fe(),ghidra,clean,
WHGame.dll,release_1_5_1164953_841,0x174a210,155,FUN_18174a210,,,88b2099d31c17c5383f1ad7d8693a02e5a50657f07d7514cd9e22bc0c07caa27,undefined FUN_18174a210(),ghidra,clean,
WHGame.dll,release_1_5_1164953_841,0x174a2ac,155,FUN_18174a2ac,,,afd2a12005f3e8b125313f38ef438aaacb5978b3afb44d519ab9d19461e7ffae,undefined FUN_18174a2ac(),ghidra,clean,
WHGame.dll,release_1_5_1164953_841,0x174a348,155,FUN_18174a348,,,bb5d76557d50bf63cc61bf3df6dd37233a30a7fc22914d0bd724c7f1b6c7e8c2,undefined FUN_18174a348(),ghidra,clean,
WHGame.dll,release_1_5_1164953_841,0x174a3e4,240,FUN_18174a3e4,,,083072eb2ca8087951d052ec5d56adf94d99dd850b4851b9b124d4a72efda0f3,undefined FUN_18174a3e4(),ghidra,clean,
WHGame.dll,release_1_5_1164953_841,0x174a4d4,18,FUN_18174a4d4,,,8bcf70f9c6cc3d3b8f00a13e289215c0e3578f44b9f20323d63e628789565c12,undefined FUN_18174a4d4(),ghidra,clean,
WHGame.dll,release_1_5_1164953_841,0x174a4e8,298,FUN_18174a4e8,,,819246c03590f3b48e00ae7fbcf97ad636c8c1c752e7f6162dd76e4c780251f4,undefined FUN_18174a4e8(),ghidra,clean,
WHGame.dll,release_1_5_1164953_841,0x174a614,301,FUN_18174a614,,,52d72b3bc3e0f8a82e4575d49a47bce74b492a6f321701493261bbdf1bdbdfdd,undefined FUN_18174a614(),ghidra,clean,
WHGame.dll,release_1_5_1164953_841,0x174a744,155,FUN_18174a744,,,e6366a2d1918606a43181068d365b803e9688e5f5009a4020567cd12686b0d2f,undefined FUN_18174a744(),ghidra,clean,
WHGame.dll,release_1_5_1164953_841,0x174a7e0,291,FUN_18174a7e0,,,522d3eeed4c654bbe7c3b89bbe01d61b15559442e7d2c8e3d4ccd39b5d2a1bd6,undefined FUN_18174a7e0(),ghidra,clean,
WHGame.dll,release_1_5_1164953_841,0x174a904,155,FUN_18174a904,,,7d6a6ed19d777f0fab1d6d5dd5c421d0df2b1f40d1300b466199f4ad96f2b6d7,undefined FUN_18174a904(),ghidra,clean,
WHGame.dll,release_1_5_1164953_841,0x174a9a0,291,FUN_18174a9a0,,,38e2dfc0eaf5ee3b022667904f118661305a78a5cc18e964042b3ec163abc0f0,undefined FUN_18174a9a0(),ghidra,clean,
WHGame.dll,release_1_5_1164953_841,0x174aac4,225,FUN_18174aac4,,,2bc671ae3e059d8d5b64c399ca2ac09448c36c7d1f78b987bdb02be9e011c8d5,undefined FUN_18174aac4(),ghidra,clean,
WHGame.dll,release_1_5_1164953_841,0x174aba8,55,FUN_18174aba8,,,7d2a9978ae3e0ec86a30358f5aff4a8aea917d01aab039af94619f2cf4e1e965,undefined FUN_18174aba8(),ghidra,clean,
WHGame.dll,release_1_5_1164953_841,0x174abd0,134,FUN_18174abd0,,,a8bda2050a1083ea00886acb8e76ff0f5e20955556be3485db6d36e3414eb32e,undefined FUN_18174abd0(),ghidra,clean,
WHGame.dll,release_1_5_1164953_841,0x174ac58,145,FUN_18174ac58,,,22b51930e7f9c4d9f7e47986d1701ae294281b27492e0902e5d5d672b12da8e1,undefined FUN_18174ac58(),ghidra,clean,
WHGame.dll,release_1_5_1164953_841,0x174acec,266,FUN_18174acec,,,eff49e913cf5a1eca71a4a83b174f2d751c1aec1f3a3f02ee81eae7785ebd493,undefined FUN_18174acec(),ghidra,clean,
WHGame.dll,release_1_5_1164953_841,0x174ad58,43,FUN_18174ad58,,,1ad5eb302d73675e9934934a1a13fc5410bb2b25e3d76baa5eeefcd51d667e9a,undefined FUN_18174ad58(),ghidra,clean,
WHGame.dll,release_1_5_1164953_841,0x174ad84,1098,FUN_18174ad84,,,a6fd82724db4f61040e976487624918ce326018fc04b887528ce58b781400965,undefined FUN_18174ad84(),ghidra,clean,
WHGame.dll,release_1_5_1164953_841,0x174b1ec,41,FUN_18174b1ec,,,2d5b190fb48f264585ba3a13d09f44a16bf2a04be124af18a137b7e48478530d,undefined FUN_18174b1ec(),ghidra,clean,
WHGame.dll,release_1_5_1164953_841,0x174b218,27,FUN_18174b218,,,285eee2d43ed26d1fc720adb5ed49466e7a6f95a90a865476e93b86c66afc906,undefined FUN_18174b218(),ghidra,clean,
WHGame.dll,release_1_5_1164953_841,0x174b234,311,FUN_18174b234,,,b1c61b1fd0a4b02a85c24d59ab6d2aa814f985fc9155cb7bc5e772ebb1a38659,undefined FUN_18174b234(),ghidra,clean,
WHGame.dll,release_1_5_1164953_841,0x174b36c,488,FUN_18174b36c,,,60a7572a6121fada2b1ddcbd0af4624523717f441808256ad157ab96515eab19,undefined FUN_18174b36c(),ghidra,clean,
WHGame.dll,release_1_5_1164953_841,0x174b554,143,FUN_18174b554,,,7e9584122639e56ff4a291b96bdd5a8de97cf3d87afbb81965289ae689dc8cca,undefined FUN_18174b554(),ghidra,clean,
WHGame.dll,release_1_5_1164953_841,0x174b5e4,9,FUN_18174b5e4,,,02081f365def015f9fd651da223c32dceecb1559bc80d56ad6dca76d5a21b95d,undefined FUN_18174b5e4(),ghidra,clean,
WHGame.dll,release_1_5_1164953_841,0x174b5f0,167,FUN_18174b5f0,,,c889cb501096767037f287fab19bb0cdd699146893dd92b0663559cba2233748,undefined FUN_18174b5f0(),ghidra,clean,
WHGame.dll,release_1_5_1164953_841,0x174b690,43,FUN_18174b690,,,ecdb09daf03f0dd4ff2fbcd2d35be5b8d73ec92228902335f5b4118785277227,undefined FUN_18174b690(),ghidra,clean,
WHGame.dll,release_1_5_1164953_841,0x174b6bc,164,FUN_18174b6bc,,,e45a87af992e3c620c4cfa112a4fc5e94a5de759533aeb9a60b4c15908bf8b6f,undefined FUN_18174b6bc(),ghidra,clean,
WHGame.dll,release_1_5_1164953_841,0x174b760,173,FUN_18174b760,,,2a1dab7afea758cc2c1ae708d7e0438acb28d6cbfbf555fc50a6060f351ae3ef,undefined FUN_18174b760(),ghidra,clean,
WHGame.dll,release_1_5_1164953_841,0x174b810,43,FUN_18174b810,,,71690e2f94279162f8fc54e80afc1645f655b3b021399bfbccf3f5a74f327f3d,undefined FUN_18174b810(),ghidra,clean,
WHGame.dll,release_1_5_1164953_841,0x174b83c,207,FUN_18174b83c,,,0d0213a8c6a157c08e52aea20623dbbe3283ad08f7b71df88aae7f444c0bac88,undefined FUN_18174b83c(),ghidra,clean,
WHGame.dll,release_1_5_1164953_841,0x174b918,330,FUN_18174b918,,,0166328a69aa669c4b08c5c2d7be90df4c1c0b9d3f5bdc97b54c694d2431fbd0,undefined FUN_18174b918(),ghidra,clean,
WHGame.dll,release_1_5_1164953_841,0x174ba64,135,FUN_18174ba64,,,065bdb7ccefef84ab7bce9629cf0c7ecd954311dd04f2cd4bcf3e677143c74c8,undefined FUN_18174ba64(),ghidra,clean,
WHGame.dll,release_1_5_1164953_841,0x174baec,704,FUN_18174baec,,,b0e9f06a0ce3ff1df0ca87c5b990b6f033ee0410f8ceb4112c75db20e7fa8a55,undefined FUN_18174baec(),ghidra,clean,
WHGame.dll,release_1_5_1164953_841,0x174bbc0,108,FUN_18174bbc0,,,6af53392b5326444baf14c347bc6497bb9f4d2f5cfafb8da24873f7818855d7b,undefined FUN_18174bbc0(),ghidra,clean,
WHGame.dll,release_1_5_1164953_841,0x174bc2c,158,FUN_18174bc2c,,,a5a382188d94ddfcbaff6c17bd128d13d19522186b8cd4110a00785b35ba39a8,undefined FUN_18174bc2c(),ghidra,clean,
WHGame.dll,release_1_5_1164953_841,0x174bccc,187,FUN_18174bccc,,,8314e0a8bde2f7c9ab8fef94dbece78e331159f3ff33a6d6a9103959ec338786,undefined FUN_18174bccc(),ghidra,clean,
WHGame.dll,release_1_5_1164953_841,0x174bd88,377,FUN_18174bd88,,,969b4a00f3432aec198e689c233e67d874bb8ff1ef75f491121fe0cd25f5de48,undefined FUN_18174bd88(),ghidra,clean,
WHGame.dll,release_1_5_1164953_841,0x174bf04,64,FUN_18174bf04,,,c4d63b089fbbeb99ee6f1bf311e0a9a91224ed38394ec510a4832c4e3bb8a467,undefined FUN_18174bf04(),ghidra,clean,
WHGame.dll,release_1_5_1164953_841,0x174bf44,145,FUN_18174bf44,,,bf13e4a25eebd8719e9f1bf42d2d0dcfa5ef37d02977a3f9191c44b177e9362f,undefined FUN_18174bf44(),ghidra,clean,
WHGame.dll,release_1_5_1164953_841,0x174bfd8,49,FUN_18174bfd8,,,2a01b0dbe1738c831f9369dcc220e207575c0d157e5e953702d476683c6b694f,undefined FUN_18174bfd8(),ghidra,clean,
WHGame.dll,release_1_5_1164953_841,0x174c00c,155,FUN_18174c00c,,,a69b6b680f6bad74ee7866f8eacaa402cfe6df0c62f93bd4d07d787c1fa9f332,undefined FUN_18174c00c(),ghidra,clean,
WHGame.dll,release_1_5_1164953_841,0x174c0a8,26,FUN_18174c0a8,,,819234953c91d716a341edb10dcca2267107efa13f78881bbca64f4a7a11eeca,undefined FUN_18174c0a8(),ghidra,clean,
WHGame.dll,release_1_5_1164953_841,0x174c0c4,155,FUN_18174c0c4,,,3d4a0d79e2967618bf30f8bf3f40687782d225f10bb3e4306fb629dcd3fd7e2c,undefined FUN_18174c0c4(),ghidra,clean,
WHGame.dll,release_1_5_1164953_841,0x174c160,291,FUN_18174c160,,,dd8284a8a194ece9a0bb27c05572e8f166a70803820c368c75cc4923673ea14d,undefined FUN_18174c160(),ghidra,clean,
WHGame.dll,release_1_5_1164953_841,0x174c284,291,FUN_18174c284,,,4fd8d8f0a2ee67a66422ffe02c0ec82918dca180024364d12574d89d1d11c1d9,undefined FUN_18174c284(),ghidra,clean,
WHGame.dll,release_1_5_1164953_841,0x174c3a8,238,FUN_18174c3a8,,,8455c5c2fcf9733b274dc7e008ec7b752fae8b281d8d4795932a93f2b77b3204,undefined FUN_18174c3a8(),ghidra,clean,
WHGame.dll,release_1_5_1164953_841,0x174c498,214,FUN_18174c498,,,e12cd93325dcce92d6c6c6aae700fc8272adf1feea623f6e201dac4ba0eac89f,undefined FUN_18174c498(),ghidra,clean,
WHGame.dll,release_1_5_1164953_841,0x174c560,267,FUN_18174c560,,,5b0be650fcb5bedb9f3c6fb1f08b0de7e30e5f077732236dbd160e989e329fba,undefined FUN_18174c560(),ghidra,clean,
WHGame.dll,release_1_5_1164953_841,0x174c66c,209,FUN_18174c66c,,,3ad8bb13806217df1aa00f9817ad111af5df5cd367d54bb215d01b2aac34e1d5,undefined FUN_18174c66c(),ghidra,clean,
WHGame.dll,release_1_5_1164953_841,0x174c740,134,FUN_18174c740,,,237074d7fa03aed64a7202b73faa7166ee9018f9f027ea568499443ff7facacc,undefined FUN_18174c740(),ghidra,clean,
WHGame.dll,release_1_5_1164953_841,0x174c7c8,169,FUN_18174c7c8,,,9662267eab0a426a320ab955d0e85f8c1ab6ab5e861aa53ed888a2e54400068c,undefined FUN_18174c7c8(),ghidra,clean,
WHGame.dll,release_1_5_1164953_841,0x174c874,328,FUN_18174c874,,,fcb13a0762fdab1286e25c7610bdbda1cc0ca83daee19a7adb0a6172d17f87f9,undefined FUN_18174c874(),ghidra,clean,
WHGame.dll,release_1_5_1164953_841,0x174c9c0,100,FUN_18174c9c0,,,f52c4d9bffb1970228b7779f2b0522f66dd16cacc1eea106eca5156d63300a0e,undefined FUN_18174c9c0(),ghidra,clean,
WHGame.dll,release_1_5_1164953_841,0x174ca24,328,FUN_18174ca24,,,ea039dd32367e398b5599e13bcc0a12588de9f1b3a13e9b9c334f0b06b2e9be1,undefined FUN_18174ca24(),ghidra,clean,
WHGame.dll,release_1_5_1164953_841,0x174cb70,100,FUN_18174cb70,,,55ec0875937d9b16a954408d9916c3d2123ab741fe8132b56acb7dae3f270eae,undefined FUN_18174cb70(),ghidra,clean,
WHGame.dll,release_1_5_1164953_841,0x174cbd4,328,FUN_18174cbd4,,,15b1b1333e410c33ecf9b84671a8cfa7c9faaff49cfbe13f3d22eb14a36eb574,undefined FUN_18174cbd4(),ghidra,clean,
WHGame.dll,release_1_5_1164953_841,0x174cd20,100,FUN_18174cd20,,,9ac31cc6a9ff88cd0cb6b686345043f7d186526d6787d00c5e200def69fdd2d1,undefined FUN_18174cd20(),ghidra,clean,
WHGame.dll,release_1_5_1164953_841,0x174cd84,328,FUN_18174cd84,,,9c38e85640268b44c4f96ec8f7d88070d34a9f50a4469d20ed3494722bdfa0be,undefined FUN_18174cd84(),ghidra,clean,
WHGame.dll,release_1_5_1164953_841,0x174ced0,100,FUN_18174ced0,,,ed6f9ea55f1540a7c8733dadf4563e369b12849e35a46068b499427f3015dd8e,undefined FUN_18174ced0(),ghidra,clean,
WHGame.dll,release_1_5_1164953_841,0x174cf34,180,FUN_18174cf34,,,513527286e8dc401acd3eeb29a83f649aebbbe51afcea7e3b183115784e83f12,undefined FUN_18174cf34(),ghidra,clean,
WHGame.dll,release_1_5_1164953_841,0x174cfe8,180,FUN_18174cfe8,,,364df7d59dc9deee707cd36c761b3cafc864f159a7a92e061a70d9c840b842af,undefined FUN_18174cfe8(),ghidra,clean,
WHGame.dll,release_1_5_1164953_841,0x174d09c,180,FUN_18174d09c,,,ecb1265f466c007b97586d49436bb9139f66e59e0f97c6dc07f7d6961e600a15,undefined FUN_18174d09c(),ghidra,clean,
WHGame.dll,release_1_5_1164953_841,0x174d150,204,FUN_18174d150,,,e6771f8566ec23f04e4e9d29b244c33be45950b4b730c53abf0b9ee9443c54f0,undefined FUN_18174d150(),ghidra,clean,
WHGame.dll,release_1_5_1164953_841,0x174d1fc,204,FUN_18174d1fc,,,b25ccd0f0f7c94bece49642c121459ccf6dab5e5b60ab9d06231ea70f7e535fa,undefined FUN_18174d1fc(),ghidra,clean,
WHGame.dll,release_1_5_1164953_841,0x174d2a8,200,FUN_18174d2a8,,,ce956108f64d4b9f38bda2c31588dd03a634e27db7624f7a3710162032d3ffb5,undefined FUN_18174d2a8(),ghidra,clean,
WHGame.dll,release_1_5_1164953_841,0x174d350,26,FUN_18174d350,,,7b53f8e9c5eb9e1fed6cea432a000d993c2302c8df82a97464ce89d94a584515,undefined FUN_18174d350(),ghidra,clean,
WHGame.dll,release_1_5_1164953_841,0x174d36c,151,FUN_18174d36c,,,941b7af9e0691406a2e2b5abbc0e4f9688eba88e91ddc18784fc00a2bbf5186b,undefined FUN_18174d36c(),ghidra,clean,
WHGame.dll,release_1_5_1164953_841,0x174d404,151,FUN_18174d404,,,fcb616cba8476c6e98bdde495012e5ac694aa360e1b9a17f0fd3b924d746a556,undefined FUN_18174d404(),ghidra,clean,
WHGame.dll,release_1_5_1164953_841,0x174d49c,151,FUN_18174d49c,,,28032e9855f3bc3d57c58b4608dc9b8db47d65548498b824b6afc35fdfdffdd6,undefined FUN_18174d49c(),ghidra,clean,
WHGame.dll,release_1_5_1164953_841,0x174d534,155,FUN_18174d534,,,b4d026e209417db362faaf0305e30df51a53240594d5967fe708e507ffd3fe1b,undefined FUN_18174d534(),ghidra,clean,
WHGame.dll,release_1_5_1164953_841,0x174d5d0,304,FUN_18174d5d0,,,deb5fb87481bb6fd5978c574e8ac70bc87edff11dfeb7882bd5157faeb258909,undefined FUN_18174d5d0(),ghidra,clean,
WHGame.dll,release_1_5_1164953_841,0x174d700,155,FUN_18174d700,,,4f37170c86951d4306f0e7e56e4cb9810c59971a7be963b6c852764c4e1aa791,undefined FUN_18174d700(),ghidra,clean,
WHGame.dll,release_1_5_1164953_841,0x174d79c,298,FUN_18174d79c,,,b60ffb0951c97cd34c79afe10307fdf7534a3a4745b31cef957cc505ee31b317,undefined FUN_18174d79c(),ghidra,clean,
WHGame.dll,release_1_5_1164953_841,0x174d8c8,151,FUN_18174d8c8,,,19ea46b672e0a9c226332fff1084747bdcbbcc88b9fbd2edd7ed0ad59fb102f0,undefined FUN_18174d8c8(),ghidra,clean,
WHGame.dll,release_1_5_1164953_841,0x174d960,151,FUN_18174d960,,,1947832a182169941a59e29e9092b4dbc56d658a591d99d94b41aedbdde76298,undefined FUN_18174d960(),ghidra,clean,
WHGame.dll,release_1_5_1164953_841,0x174d9f8,155,FUN_18174d9f8,,,0ff23e7f30697126b43b94c4248e972cd5e02cdbd6389455962cfd61fc420523,undefined FUN_18174d9f8(),ghidra,clean,
WHGame.dll,release_1_5_1164953_841,0x174da94,291,FUN_18174da94,,,feaaccdb2392ef1880d509f73716f9ae8726e66a295a70abc3c5c0e8993480ea,undefined FUN_18174da94(),ghidra,clean,
WHGame.dll,release_1_5_1164953_841,0x174dbb8,62,FUN_18174dbb8,,,1c6e80f93e9166f18ed9187198c7ce1d147e19e74550485f1abcde88e5cdee4c,undefined FUN_18174dbb8(),ghidra,clean,
WHGame.dll,release_1_5_1164953_841,0x174dbe4,214,FUN_18174dbe4,,,11ba7e3ea758378d5372e40064d26ad5dfdbdd27c9c011272ced42ccf65c26dd,undefined FUN_18174dbe4(),ghidra,clean,
WHGame.dll,release_1_5_1164953_841,0x174dcbc,65,FUN_18174dcbc,,,6552754fc2633733c68d2875bdbef9c22373327c8188b11612caf8455588e56b,undefined FUN_18174dcbc(),ghidra,clean,
WHGame.dll,release_1_5_1164953_841,0x174dcf0,32,FUN_18174dcf0,,,6f1e5ca8fd07cc067889ec386538e774be8ca673a520a397ff1eb3909cc2a8e3,undefined FUN_18174dcf0(),ghidra,clean,
WHGame.dll,release_1_5_1164953_841,0x174dd10,68,FUN_18174dd10,,,00d1156f7a5caced1aabed781d630e2218f28b12fbe30a27aac947f31324b930,undefined FUN_18174dd10(),ghidra,clean,
WHGame.dll,release_1_5_1164953_841,0x174dd54,36,FUN_18174dd54,,,94ad53248ded76928b6e45bde1dd49e77fa73ae656172c0a4a9bac10f06d77c7,undefined FUN_18174dd54(),ghidra,clean,
WHGame.dll,release_1_5_1164953_841,0x174dd78,155,FUN_18174dd78,,,b93528d99d6f681f5a39326cb75d6d35857a9a76b1f5c7dc4c256a2c1165ba1b,undefined FUN_18174dd78(),ghidra,clean,
WHGame.dll,release_1_5_1164953_841,0x174de14,291,FUN_18174de14,,,728e9555856b7c43d6dcf76043c76da45857b1aa39a5b9af712ee690c2db0a2f,undefined FUN_18174de14(),ghidra,clean,
WHGame.dll,release_1_5_1164953_841,0x174df38,155,FUN_18174df38,,,c1b23e5e6941b2b92d7eab3dcb56b88ec8ca97a26b628d769b58f1aca7eb274e,undefined FUN_18174df38(),ghidra,clean,
WHGame.dll,release_1_5_1164953_841,0x174dfd4,291,FUN_18174dfd4,,,1e6e072fd082ec7069a8e4261f69aabb6d9be10a2367795107f88e99fc013a1e,undefined FUN_18174dfd4(),ghidra,clean,
WHGame.dll,release_1_5_1164953_841,0x174e100,8,FUN_18174e100,,,8be9b23fb0eabe897cbc5d19a22122cbc10b3b7d6fbf8446088336fb4ee317df,undefined FUN_18174e100(),ghidra,clean,
WHGame.dll,release_1_5_1164953_841,0x174e108,122,FUN_18174e108,,,abbc539ff3c3bd4e93f6d1699063760dcb21c1ec0a538b853ee0a07b3792ce69,undefined FUN_18174e108(),ghidra,clean,
WHGame.dll,release_1_5_1164953_841,0x174e1bc,30,FUN_18174e1bc,,,1cd17a2ebb9f3d50a30bca336b91fd3d3ae710485e4e5082fb1d0fc60a66cd1c,undefined FUN_18174e1bc(),ghidra,clean,
WHGame.dll,release_1_5_1164953_841,0x174e1dc,155,FUN_18174e1dc,,,c301ad15ac9a273c62794a239695616358a098ea82a07a0a4189e56b9f6cf79e,undefined FUN_18174e1dc(),ghidra,clean,
WHGame.dll,release_1_5_1164953_841,0x174e278,291,FUN_18174e278,,,82d3bd3e8abbc5aabd2c58c6017bf677e72e265d26574ab9670ca4e759775d08,undefined FUN_18174e278(),ghidra,clean,
WHGame.dll,release_1_5_1164953_841,0x174e39c,91,FUN_18174e39c,,,519f79cbae49d3c32767057c7bb44a1f8329a1b13d3ece2338d7c21581c1143c,undefined FUN_18174e39c(),ghidra,clean,
WHGame.dll,release_1_5_1164953_841,0x174e3f8,210,FUN_18174e3f8,,,a1be78f0934d4c489b8e4efd98840e3a5a707e7c3389505190ca8cbcb3342059,undefined FUN_18174e3f8(),ghidra,clean,
WHGame.dll,release_1_5_1164953_841,0x174e4bc,307,FUN_18174e4bc,,,a1d3e0069e4ea0d49eeecb0442212bd710c63cf28f8aa65734f06c0a2b3bf300,undefined FUN_18174e4bc(),ghidra,clean,
WHGame.dll,release_1_5_1164953_841,0x174e56c,135,FUN_18174e56c,,,755afe947acb2d830f6f9a2bc35c9ea566369657cd4fe3664fcfec54c1f00e72,undefined FUN_18174e56c(),ghidra,clean,
WHGame.dll,release_1_5_1164953_841,0x174e5f4,285,FUN_18174e5f4,,,955904fc1869526c02a0bfacfdd1b6090da1394ef5877c9c4c1a7970e0b084ae,undefined FUN_18174e5f4(),ghidra,clean,
WHGame.dll,release_1_5_1164953_841,0x174e700,219,FUN_18174e700,,,8504e252530d60aa9670f3357c9091ffb4d8c7c6403cff057a0c51b5104074db,undefined FUN_18174e700(),ghidra,clean,
WHGame.dll,release_1_5_1164953_841,0x174e7dc,161,FUN_18174e7dc,,,dfeb6f36a3493820364ab2c5d965ae825d0d4ff5f8fc77e7198a3ae5b60986c5,undefined FUN_18174e7dc(),ghidra,clean,
WHGame.dll,release_1_5_1164953_841,0x174e880,135,FUN_18174e880,,,7752ee699b3b0e81dd2992618487138a5cbbad56415fa54cb080031b7dc8393e,undefined FUN_18174e880(),ghidra,clean,
WHGame.dll,release_1_5_1164953_841,0x174e908,175,FUN_18174e908,,,076413a379dcd251c02f16e85b5d54a850d60401923ec2dd4617a692eb5eadd8,undefined FUN_18174e908(),ghidra,clean,
WHGame.dll,release_1_5_1164953_841,0x174e9b8,76,FUN_18174e9b8,,,08ab88c4dc71c8929992d3a078d8de0276e5e427a3ca5ed3f96756910b5777b2,undefined FUN_18174e9b8(),ghidra,clean,
WHGame.dll,release_1_5_1164953_841,0x174ea0c,201,FUN_18174ea0c,,,c8995724ec6edb2d308c7a55ffddce53899429758efd01a179ab830d9566e98c,undefined FUN_18174ea0c(),ghidra,clean,
WHGame.dll,release_1_5_1164953_841,0x174ead8,296,FUN_18174ead8,,,50bdcbaaf2b7c73051bc6c2b83a3712493013495cf42d0ded841aafe8b551ab9,undefined FUN_18174ead8(),ghidra,clean,
WHGame.dll,release_1_5_1164953_841,0x174ec00,296,FUN_18174ec00,,,0bcc64e951ac0ff205b05f36870c2747612839b49076d58a41dac360723d6f81,undefined FUN_18174ec00(),ghidra,clean,
WHGame.dll,release_1_5_1164953_841,0x174ed28,151,FUN_18174ed28,,,bf662e51d50afe3489c102f9c6e5635ae023e931fbcebb970cf43ea36305cd99,undefined FUN_18174ed28(),ghidra,clean,
WHGame.dll,release_1_5_1164953_841,0x174edc0,163,FUN_18174edc0,,,265a15957ea2c97a89ad74944c3e779faafeacc74b61251ea192cfcfb9058785,undefined FUN_18174edc0(),ghidra,clean,
WHGame.dll,release_1_5_1164953_841,0x174ee60,9,FUN_18174ee60,,,2c7665ff99efd269528c124681454473e14d2c07b6519e34bd1f0d4c85b5787f,undefined FUN_18174ee60(),ghidra,clean,
WHGame.dll,release_1_5_1164953_841,0x174ee6c,176,FUN_18174ee6c,,,e6800d97d69f3dc5af75e1bac8570ea9646ae834602ff680619478889efbf83e,undefined FUN_18174ee6c(),ghidra,clean,
WHGame.dll,release_1_5_1164953_841,0x174ef1c,119,FUN_18174ef1c,,,bd039c09eede9cce08d028ca7f7eedf641673e1f4b4464d3f2d06592e2daba36,undefined FUN_18174ef1c(),ghidra,clean,
WHGame.dll,release_1_5_1164953_841,0x174ef94,30,FUN_18174ef94,,,8eabffd5a238511a560e11fe6030e9b9724c016b0890d848665e8d864bfa6a53,undefined FUN_18174ef94(),ghidra,clean,
WHGame.dll,release_1_5_1164953_841,0x174efb4,26,FUN_18174efb4,,,819234953c91d716a341edb10dcca2267107efa13f78881bbca64f4a7a11eeca,undefined FUN_18174efb4(),ghidra,clean,
WHGame.dll,release_1_5_1164953_841,0x174efd0,155,FUN_18174efd0,,,5f4f4b7fe633077e0c8a88093af09b75f69057c67080107cff80503f49fa019f,undefined FUN_18174efd0(),ghidra,clean,
WHGame.dll,release_1_5_1164953_841,0x174f06c,291,FUN_18174f06c,,,feaa8f79dc20dd3fd7766a06ebf865d27d86c4eac75ec2303cc6f576f414d03e,undefined FUN_18174f06c(),ghidra,clean,
WHGame.dll,release_1_5_1164953_841,0x174f190,180,FUN_18174f190,,,3493b1f35bdf5aa4d6c9dab448583f1c04130ab2844f6fd113d4ef793944fc9a,undefined FUN_18174f190(),ghidra,clean,
WHGame.dll,release_1_5_1164953_841,0x174f244,105,FUN_18174f244,,,5925c2abd0d728934d1e114bb1c44a5d73826822b65aec345e7fe4ed23656c9f,undefined FUN_18174f244(),ghidra,clean,
WHGame.dll,release_1_5_1164953_841,0x174f2b0,119,FUN_18174f2b0,,,b4042e16198ea508b9c28b757fa8923393641cdc0ca0cd9fb9f66d5fc9baf25f,undefined FUN_18174f2b0(),ghidra,clean,
WHGame.dll,release_1_5_1164953_841,0x174f328,39,FUN_18174f328,,,2bbe3743b63b6e00eb2aa0372f0934e65b3a51256996cd6bc22b52883903d9bb,undefined FUN_18174f328(),ghidra,clean,
WHGame.dll,release_1_5_1164953_841,0x174f350,63,FUN_18174f350,,,2619abb45e1a8b60badb3bdc5485dc173620cb035089fc7cb4aa1a4654e47b3f,undefined FUN_18174f350(),ghidra,clean,
WHGame.dll,release_1_5_1164953_841,0x174f3b0,155,FUN_18174f3b0,,,1d19afcd51544e33f0d9f446833acb4f07fc493bc3253c45a3d7435e57749af9,undefined FUN_18174f3b0(),ghidra,clean,
WHGame.dll,release_1_5_1164953_841,0x174f44c,291,FUN_18174f44c,,,3970d4e75f93051eaa4663edd0884625856b3a152ba561c90f3a0d64f7df64c0,undefined FUN_18174f44c(),ghidra,clean,
WHGame.dll,release_1_5_1164953_841,0x174f570,55,FUN_18174f570,,,19c628121475258f4e82f889c4ebdba71296d909ab35535c867f05e74c401d06,undefined FUN_18174f570(),ghidra,clean,
WHGame.dll,release_1_5_1164953_841,0x174f598,190,FUN_18174f598,,,ed3df32753d4bdb8bfbf63b6a817e8cbd27620ec8d519536b30e1c78a816c99f,undefined FUN_18174f598(),ghidra,clean,
WHGame.dll,release_1_5_1164953_841,0x174f650,145,FUN_18174f650,,,ae52fa920a17e34defb5d592e08add3fca2542e7fc9b3765e3edfbd816681d53,undefined FUN_18174f650(),ghidra,clean,
WHGame.dll,release_1_5_1164953_841,0x174f6e4,529,FUN_18174f6e4,,,b2600c21e5a4a2705a69c4378bff71dcae82afeed42fb3d3669b8411ed95e80c,undefined FUN_18174f6e4(),ghidra,clean,
WHGame.dll,release_1_5_1164953_841,0x174f8f8,143,FUN_18174f8f8,,,b6c94d584d1c7825a58054b4ded3dbb7966ac7063e30805836beb73bf824ba48,undefined FUN_18174f8f8(),ghidra,clean,
WHGame.dll,release_1_5_1164953_841,0x174f988,441,FUN_18174f988,,,6cc310f3b4e1efc9b044651fa0e76e95443e6931d6c27fdf5022d8ed6ac385c7,undefined FUN_18174f988(),ghidra,clean,
WHGame.dll,release_1_5_1164953_841,0x174fb44,298,FUN_18174fb44,,,9ea4d4578ac9a1fd030a605b078ecde5c9dd1ed11097b3e49a7055bdf10de8ab,undefined FUN_18174fb44(),ghidra,clean,
WHGame.dll,release_1_5_1164953_841,0x174fc64,327,FUN_18174fc64,,,586ebc291735a700b337729d1bc74ce4be7dc6ba9659a76e4ecb6d634c393c55,undefined FUN_18174fc64(),ghidra,clean,
WHGame.dll,release_1_5_1164953_841,0x174fdac,234,FUN_18174fdac,,,0ceb8319b22972d33ebaff8a66de6b13bd0e4c93b52344b1a927cc3c034df509,undefined FUN_18174fdac(),ghidra,clean,
WHGame.dll,release_1_5_1164953_841,0x174fe98,194,FUN_18174fe98,,,44f8a2c16d7a1273ad69fd67b377e85d9fa53b47e6fba0c0eddef38c687d0c1a,undefined FUN_18174fe98(),ghidra,clean,
WHGame.dll,release_1_5_1164953_841,0x174ff5c,155,FUN_18174ff5c,,,67af9c2fc84f84439a9d7b3f685620c07769b449314d53816bf9ba3695f306d3,undefined FUN_18174ff5c(),ghidra,clean,
WHGame.dll,release_1_5_1164953_841,0x174fff8,291,FUN_18174fff8,,,e0aaa7edc560ab7595bfd4db56e3f7ba98b5116de7fa7f6fe6215d9e1a6d9e11,undefined FUN_18174fff8(),ghidra,clean,
WHGame.dll,release_1_5_1164953_841,0x175011c,80,FUN_18175011c,,,1a711aaca5b3d7e91e6b8f3d29fbda443edd759bd0c19ee6722a918532e25e8e,undefined FUN_18175011c(),ghidra,clean,
WHGame.dll,release_1_5_1164953_841,0x175016c,137,FUN_18175016c,,,c3051d6a705ac0eba7b6fdb35766653ffeb440ca61b592821ee5bcfde92f97c2,undefined FUN_18175016c(),ghidra,clean,
WHGame.dll,release_1_5_1164953_841,0x17501f8,155,FUN_1817501f8,,,736ce98c0ad435c6eba9f1c477ea8f026d1de4525c80249fe406eafc4c56bbc8,undefined FUN_1817501f8(),ghidra,clean,
WHGame.dll,release_1_5_1164953_841,0x1750294,26,FUN_181750294,,,819234953c91d716a341edb10dcca2267107efa13f78881bbca64f4a7a11eeca,undefined FUN_181750294(),ghidra,clean,
WHGame.dll,release_1_5_1164953_841,0x17502b0,155,FUN_1817502b0,,,d50f5928fcbb452ac6404a1687863fd46616c92166b5b984478e07725c83b16d,undefined FUN_1817502b0(),ghidra,clean,
WHGame.dll,release_1_5_1164953_841,0x175034c,311,FUN_18175034c,,,b05b738dae070101878fd7b1c62308b2106947afd1d292555ced3d792195cfb9,undefined FUN_18175034c(),ghidra,clean,
WHGame.dll,release_1_5_1164953_841,0x1750484,311,FUN_181750484,,,d48a3e8a9480e5b40c6d89d3295d451c85e5b0705107d5010d61dd318d28591a,undefined FUN_181750484(),ghidra,clean,
WHGame.dll,release_1_5_1164953_841,0x17505bc,91,FUN_1817505bc,,,27db86ab8b848c09638aa92dd936690f0ce0ef4b57477c9fdcbc6b435432fb76,undefined FUN_1817505bc(),ghidra,clean,
WHGame.dll,release_1_5_1164953_841,0x1750618,696,FUN_181750618,,,6c0ffc776a102474abe33555b42f1140c1bc5acdfbed145c5181b56ace8c178c,undefined FUN_181750618(),ghidra,clean,
WHGame.dll,release_1_5_1164953_841,0x17508d0,22,FUN_1817508d0,,,689acbba3eb34fb42972a4decf108b9ac640674609ca4f28b08b62fd327303b2,undefined FUN_1817508d0(),ghidra,clean,
WHGame.dll,release_1_5_1164953_841,0x17508e8,74,FUN_1817508e8,,,3988b34722d766b2e49f345a6e5bd362d3a53e4c013c0e96ec1e05704212edfa,undefined FUN_1817508e8(),ghidra,clean,
WHGame.dll,release_1_5_1164953_841,0x1750934,181,FUN_181750934,,,40c0be2df38c3352d32204a48945b1ac04e9affab0b65531b5a210a5b45ddb0e,undefined FUN_181750934(),ghidra,clean,
WHGame.dll,release_1_5_1164953_841,0x17509e0,245,FUN_1817509e0,,,535fd5ac6642d5c6a247461db8b508b5958b7bc092c1106d0fe29c5700a3ab27,undefined FUN_1817509e0(),ghidra,clean,
WHGame.dll,release_1_5_1164953_841,0x1750abc,55,FUN_181750abc,,,74a78526e869dbacc8040cc3574823de313e1fb7b50359c90ca33839f2bb206a,undefined FUN_181750abc(),ghidra,clean,
WHGame.dll,release_1_5_1164953_841,0x1750ae4,161,FUN_181750ae4,,,20354f7ca2e7547c0a07b473cb5d2a3ec393672ddb52352eb4a796a3fd9d6371,undefined FUN_181750ae4(),ghidra,clean,
WHGame.dll,release_1_5_1164953_841,0x1750b7c,145,FUN_181750b7c,,,3c8321b25a613a17762b5e0b70b8c375b4be391b74d4c8dfe98bf6150d2f912d,undefined FUN_181750b7c(),ghidra,clean,
WHGame.dll,release_1_5_1164953_841,0x1750c10,1610,FUN_181750c10,,,91b6f39039aa50d75eb02381fb06aeb857b2d4c75ac721f02626ef7a87aa413a,undefined FUN_181750c10(),ghidra,clean,
WHGame.dll,release_1_5_1164953_841,0x1751288,234,FUN_181751288,,,11dc6964f4247c823bf3e0e852e3a8e0406e22c009bf991ecb675a1d50cdfaa0,undefined FUN_181751288(),ghidra,clean,
WHGame.dll,release_1_5_1164953_841,0x1751374,207,FUN_181751374,,,298cbef477a1abfc8be2e919b3eef6eb08a94ab4b156693d1933c81729034eb4,undefined FUN_181751374(),ghidra,clean,
WHGame.dll,release_1_5_1164953_841,0x1751434,261,FUN_181751434,,,70ddf1a86e6d697d37ecb3398618c75865a3c72d7e2008dbfa80f705c2961502,undefined FUN_181751434(),ghidra,clean,
WHGame.dll,release_1_5_1164953_841,0x1751530,184,FUN_181751530,,,79da67c8eb08be38df4e387c2c4ec12bd26d2ba605abe7df2f0d089940aa3036,undefined FUN_181751530(),ghidra,clean,
WHGame.dll,release_1_5_1164953_841,0x17515e8,234,FUN_1817515e8,,,917335784bd05c42788d00f1d143b04603bc86dec75c876650d96f98108be59c,undefined FUN_1817515e8(),ghidra,clean,
WHGame.dll,release_1_5_1164953_841,0x17516d4,196,FUN_1817516d4,,,88631261982d3a827c5faffe538ef56210053f1e33388b4447165d3d923eb7b5,undefined FUN_1817516d4(),ghidra,clean,
WHGame.dll,release_1_5_1164953_841,0x1751798,26,FUN_181751798,,,819234953c91d716a341edb10dcca2267107efa13f78881bbca64f4a7a11eeca,undefined FUN_181751798(),ghidra,clean,
WHGame.dll,release_1_5_1164953_841,0x17517b4,155,FUN_1817517b4,,,a336d600d9baa9dfb95098f6bbcbbf164a03fdc5f79fdb2dae5d150765458568,undefined FUN_1817517b4(),ghidra,clean,
WHGame.dll,release_1_5_1164953_841,0x1751850,291,FUN_181751850,,,6a653abf079015490a92fb1c645196551b1554d9f6b8e98fda110576c85d6d49,undefined FUN_181751850(),ghidra,clean,
WHGame.dll,release_1_5_1164953_841,0x1751974,180,FUN_181751974,,,4dcaf98a48b1931ce5749db1c613eafd0a552774f04d0d5b6e052ca07e0256ed,undefined FUN_181751974(),ghidra,clean,
WHGame.dll,release_1_5_1164953_841,0x1751a28,180,FUN_181751a28,,,5950974bcea9f2df28db8f355372374725a1edefd23ba6f8ef885a8342a7e9a3,undefined FUN_181751a28(),ghidra,clean,
WHGame.dll,release_1_5_1164953_841,0x1751adc,180,FUN_181751adc,,,f3fc512ea424464703587cffa2830bcf1bf5db18f67aa8736f77fa823c643307,undefined FUN_181751adc(),ghidra,clean,
WHGame.dll,release_1_5_1164953_841,0x1751b90,180,FUN_181751b90,,,d78cdb9b89586342c9200838513c90c541c51ced4526caf07caee22567efb227,undefined FUN_181751b90(),ghidra,clean,
WHGame.dll,release_1_5_1164953_841,0x1751c44,5,thunk_FUN_181751c4c,,,b0d40b133b9394d93820ac0104b0065121d2d73df32c7bfb4e4cf5d805a8b103,undefined thunk_FUN_181751c4c(),ghidra,clean,
WHGame.dll,release_1_5_1164953_841,0x1751c4c,223,FUN_181751c4c,,,d7a682f423813061fc360db3420ba04d2d281b68614ecbf4cad9c3604a911702,undefined FUN_181751c4c(),ghidra,clean,
WHGame.dll,release_1_5_1164953_841,0x1751d24,5,thunk_FUN_181751d2c,,,b0d40b133b9394d93820ac0104b0065121d2d73df32c7bfb4e4cf5d805a8b103,undefined thunk_FUN_181751d2c(),ghidra,clean,
WHGame.dll,release_1_5_1164953_841,0x1751d2c,103,FUN_181751d2c,,,7dd5227ebec0e33eff30bc524bfe1736c7cc6710b5ce791f8c08757bdb427664,undefined FUN_181751d2c(),ghidra,clean,
WHGame.dll,release_1_5_1164953_841,0x1751d94,95,FUN_181751d94,,,90e2a0a5833508a395f04e361aed63b998a29ece7441f27a06c6975ac7fc0186,undefined FUN_181751d94(),ghidra,clean,
WHGame.dll,release_1_5_1164953_841,0x1751df4,201,FUN_181751df4,,,08eb38f7cd211bcfe2308e04cfd233f1089fdf3c2bbfb6f3597f5070521a1f37,undefined FUN_181751df4(),ghidra,clean,
WHGame.dll,release_1_5_1164953_841,0x1751ea0,53,FUN_181751ea0,,,62b836886f4525fb1d0ee15e60ab3596a31d324d81a3de7f677b5e202cfc6fff,undefined FUN_181751ea0(),ghidra,clean,
WHGame.dll,release_1_5_1164953_841,0x1751ed8,417,FUN_181751ed8,,,89f6aeb9d9340f16c5bc6f0a2a0562fc8a782f87ec267d618c8f2183f5d5b65f,undefined FUN_181751ed8(),ghidra,clean,
WHGame.dll,release_1_5_1164953_841,0x1751ff8,40,FUN_181751ff8,,,0a07df3b32fd1cefa2d9efe1842f91b5a7200ba68eedad99df182d18efd02471,undefined FUN_181751ff8(),ghidra,clean,
WHGame.dll,release_1_5_1164953_841,0x1752020,42,FUN_181752020,,,27b04d9387612b2d43c9ca55ce624729c7fd360660ab2626ac311da90f82235a,undefined FUN_181752020(),ghidra,clean,
WHGame.dll,release_1_5_1164953_841,0x175204c,142,FUN_18175204c,,,0613a54d1453472ad80cf1bc8196e00d4cdc330150541f4431d7f314e84f417d,undefined FUN_18175204c(),ghidra,clean,
WHGame.dll,release_1_5_1164953_841,0x17520dc,1204,FUN_1817520dc,,,03d7898640216dd1bd3e424f1eb9f03d333bdb2b02c34352c4496eb50031a7d6,undefined FUN_1817520dc(),ghidra,clean,
WHGame.dll,release_1_5_1164953_841,0x1752590,87,FUN_181752590,,,c23452607be79925494407fb1a7bed137a0cd19c3572e416aab16189c3b7abf6,undefined FUN_181752590(),ghidra,clean,
WHGame.dll,release_1_5_1164953_841,0x17525e8,155,FUN_1817525e8,,,19f102f227d406e749126624294538dca29f7712df697c8e144855093450d735,undefined FUN_1817525e8(),ghidra,clean,
WHGame.dll,release_1_5_1164953_841,0x1752684,184,FUN_181752684,,,e74222b94e540edf94746ecb2110098660c798c3b75bfb64be1fe5f2b52161e1,undefined FUN_181752684(),ghidra,clean,
WHGame.dll,release_1_5_1164953_841,0x175273c,155,FUN_18175273c,,,6cb7fca8f0d168c81866b2dbb105940a4c1c9041a55be6fc96ec0de06c4544a3,undefined FUN_18175273c(),ghidra,clean,
WHGame.dll,release_1_5_1164953_841,0x17527d8,291,FUN_1817527d8,,,604ee491c568b86f4baca941b99c987b51bff92d38abbc149588989ced536604,undefined FUN_1817527d8(),ghidra,clean,
WHGame.dll,release_1_5_1164953_841,0x17528fc,291,FUN_1817528fc,,,73cc3d5c036728d890cbcc174518d75109bb12e64fac3577b0bae8823c61af9d,undefined FUN_1817528fc(),ghidra,clean,
WHGame.dll,release_1_5_1164953_841,0x1752a20,234,FUN_181752a20,,,060d8709da8a8a2d3859831a69fdeada9467787504e8f5d9de31d09a895c4cb2,undefined FUN_181752a20(),ghidra,clean,
WHGame.dll,release_1_5_1164953_841,0x1752b0c,155,FUN_181752b0c,,,fd207437dc8854ff17415f154b8987da1b8b03fa2307ae99ab032697ac05cd9c,undefined FUN_181752b0c(),ghidra,clean,
WHGame.dll,release_1_5_1164953_841,0x1752ba8,26,FUN_181752ba8,,,819234953c91d716a341edb10dcca2267107efa13f78881bbca64f4a7a11eeca,undefined FUN_181752ba8(),ghidra,clean,
WHGame.dll,release_1_5_1164953_841,0x1752bc4,155,FUN_181752bc4,,,dce7ade41996d71ea10ac16b808745ea655bc3109baf5213c8f8b17917704e62,undefined FUN_181752bc4(),ghidra,clean,
WHGame.dll,release_1_5_1164953_841,0x1752c60,311,FUN_181752c60,,,980ba475dbda68f2fac271c1fc0c59996eee39241c6066f4bdff56387ed350cc,undefined FUN_181752c60(),ghidra,clean,
WHGame.dll,release_1_5_1164953_841,0x1752d98,311,FUN_181752d98,,,2b1074088e76597a33368c92aa2eeb1d097a26597a792cee5eefd1c7b98e7934,undefined FUN_181752d98(),ghidra,clean,
WHGame.dll,release_1_5_1164953_841,0x1752ed0,208,FUN_181752ed0,,,bdb7fc7198d4ee6b6d3b97d5be8737e2e102ca29c400b68c14da37cf6a293988,undefined FUN_181752ed0(),ghidra,clean,
WHGame.dll,release_1_5_1164953_841,0x1752f80,576,FUN_181752f80,,,e17572419ee48e502edb0a6b93ac4f54dec62d1d0111c44a434f9416f8910b1d,undefined FUN_181752f80(),ghidra,clean,
WHGame.dll,release_1_5_1164953_841,0x17531c0,170,FUN_1817531c0,,,ea43d5db8f91a4b920f15d7b3b7a2b394d39e694171a0e3265d766a135a6a606,undefined FUN_1817531c0(),ghidra,clean,
WHGame.dll,release_1_5_1164953_841,0x175326c,178,FUN_18175326c,,,ba903b55ef1174a2d07d3c4a23ba6c0621afa2e5b76857cebf02cd4c9340a519,undefined FUN_18175326c(),ghidra,clean,
WHGame.dll,release_1_5_1164953_841,0x1753320,415,FUN_181753320,,,ea6b7f330472ef5e1e3294cbcd3c340db3ebb12d296bfe411af18f97f25186bd,undefined FUN_181753320(),ghidra,clean,
WHGame.dll,release_1_5_1164953_841,0x17534b4,478,FUN_1817534b4,,,909ea3a54dcdc64c64bb16567649f9f9956cc7c4e372514c033f8526a4f9608e,undefined FUN_1817534b4(),ghidra,clean,
WHGame.dll,release_1_5_1164953_841,0x1753694,121,FUN_181753694,,,db0d589aa771f610f0eb0d28e434404fee4870b31712b95e3f40f447380c08d4,undefined FUN_181753694(),ghidra,clean,
WHGame.dll,release_1_5_1164953_841,0x1753710,146,FUN_181753710,,,7e65c1e8f95a4ca8420c84c1e55ce802213506388979aef5009c7fa845448936,undefined FUN_181753710(),ghidra,clean,
WHGame.dll,release_1_5_1164953_841,0x17537e0,92,FUN_1817537e0,,,3c078fedbff068227d59fc2a6b0392a87160426dc1da738d5b0dbf1590409722,undefined FUN_1817537e0(),ghidra,clean,
WHGame.dll,release_1_5_1164953_841,0x1753820,197,FUN_181753820,,,97ee753e84005b968c594805dc35a2f925c2d7cfd78ae884652a81c3955dc37d,undefined FUN_181753820(),ghidra,clean,
WHGame.dll,release_1_5_1164953_841,0x17538e8,374,FUN_1817538e8,,,cf9ad391fa972d47860ef5017d0cddd9ee89d9a8ae8d613dce8f0d5afc06c271,undefined FUN_1817538e8(),ghidra,clean,
WHGame.dll,release_1_5_1164953_841,0x1753a60,197,FUN_181753a60,,,236e7ca368fbe0bb25d6732ef075070b6f6a6261035bcf903cbae1256b5a7c50,undefined FUN_181753a60(),ghidra,clean,
WHGame.dll,release_1_5_1164953_841,0x1753b28,374,FUN_181753b28,,,90732b0a1d39681bb4d2818622920ce71a00f0c6884664a8af1d488369384776,undefined FUN_181753b28(),ghidra,clean,
WHGame.dll,release_1_5_1164953_841,0x1753ca0,13,FUN_181753ca0,,,c7b11e9a8a543cce9e699de567aacf37e8551bc5df85870014ac3f75dad78802,undefined FUN_181753ca0(),ghidra,clean,
WHGame.dll,release_1_5_1164953_841,0x1753cb0,78,FUN_181753cb0,,,f25dbf157fce66680de9344ce7e9b2b336e6a379a71d7e94b254b8886b29f49d,undefined FUN_181753cb0(),ghidra,clean,
WHGame.dll,release_1_5_1164953_841,0x1753cdc,60,FUN_181753cdc,,,3997c4e42e2cd9e04c32e6e76c4d171f09b66f180f434c6718abeb52a522f533,undefined FUN_181753cdc(),ghidra,clean,
WHGame.dll,release_1_5_1164953_841,0x1753d18,286,FUN_181753d18,,,7865f6c731af024a8b2886f64395060e5049bd3674d86de4d2949aea873c63ef,undefined FUN_181753d18(),ghidra,clean,
WHGame.dll,release_1_5_1164953_841,0x1753e28,16,FUN_181753e28,,,dd2d7ba9c668d1b3595a667ae528909b55b0e864c1144601c68a291637e715fb,undefined FUN_181753e28(),ghidra,clean,
WHGame.dll,release_1_5_1164953_841,0x1753e38,344,FUN_181753e38,,,25be23db497ae4e4dd25e02a9d452befad7ba14de9681f5296a2ec2d8344762d,undefined FUN_181753e38(),ghidra,clean,
WHGame.dll,release_1_5_1164953_841,0x1753f90,134,FUN_181753f90,,,20b6c6cb55cb4733fe2b3c643b672290fcb629b03392bba119ab262752df4484,undefined FUN_181753f90(),ghidra,clean,
WHGame.dll,release_1_5_1164953_841,0x1754018,126,FUN_181754018,,,19699235f4a6fdf52af2b9e2335a3084d3d54b795eba8530571d3d8c5de22976,undefined FUN_181754018(),ghidra,clean,
WHGame.dll,release_1_5_1164953_841,0x1754098,325,FUN_181754098,,,46490ed76467c38c58e22a4c7dcedc8d8ccfdac8524b4baaf8d3b09f74f23b50,undefined FUN_181754098(),ghidra,clean,
WHGame.dll,release_1_5_1164953_841,0x17541e0,68,FUN_1817541e0,,,840e6a05687c423f1a4aba4d2b337b3cf5da87d1f3be3a70ece823852bbd9c0f,undefined FUN_1817541e0(),ghidra,clean,
WHGame.dll,release_1_5_1164953_841,0x1754240,155,FUN_181754240,,,64bedb254c652dd8b64fd3160615a22b3bcf250d6bec192d4cbc406e4810df7b,undefined FUN_181754240(),ghidra,clean,
WHGame.dll,release_1_5_1164953_841,0x17542dc,26,FUN_1817542dc,,,819234953c91d716a341edb10dcca2267107efa13f78881bbca64f4a7a11eeca,undefined FUN_1817542dc(),ghidra,clean,
WHGame.dll,release_1_5_1164953_841,0x17542f8,155,FUN_1817542f8,,,58d05f0486ee43c75dfcd45042791866227204e9b876bfa93d3324f26cb5e723,undefined FUN_1817542f8(),ghidra,clean,
WHGame.dll,release_1_5_1164953_841,0x1754394,291,FUN_181754394,,,629391b17eda09db7517ba715525fea7b51e146c1fa109dc253d88110fd9f641,undefined FUN_181754394(),ghidra,clean,
WHGame.dll,release_1_5_1164953_841,0x17544b8,291,FUN_1817544b8,,,2112d1114295a77941f2c2fd73ffcdcb3fc812c818300d5ae474b090676eb981,undefined FUN_1817544b8(),ghidra,clean,
WHGame.dll,release_1_5_1164953_841,0x17545dc,249,FUN_1817545dc,,,9d0da8cf6380babaaa9f798953897f4950fcc1123e6ae1ef1851b2400b6bfa09,undefined FUN_1817545dc(),ghidra,clean,
WHGame.dll,release_1_5_1164953_841,0x17546d8,267,FUN_1817546d8,,,4290c8841c5f1ad6987a02ec4ff4f526b850d68e99082eba2b365e5033334947,undefined FUN_1817546d8(),ghidra,clean,
WHGame.dll,release_1_5_1164953_841,0x17547e4,376,FUN_1817547e4,,,db293ba1c7f600f8accb888d3e23ac768dbd08acc01790ece911330661a65094,undefined FUN_1817547e4(),ghidra,clean,
WHGame.dll,release_1_5_1164953_841,0x1754960,355,FUN_181754960,,,a31ae9c5462dd340feefb30fcbfada9a8d5802f4a4c2adc0fb15f402e38fa892,undefined FUN_181754960(),ghidra,clean,
WHGame.dll,release_1_5_1164953_841,0x1754ac4,149,FUN_181754ac4,,,4488809b041810950db9eab8e3fa6d111319137853f4a34da03594c8028abce3,undefined FUN_181754ac4(),ghidra,clean,
WHGame.dll,release_1_5_1164953_841,0x1754b5c,16,FUN_181754b5c,,,9740ee1a8034e2246bb2675b117d1386de4af7968e272794e0a6a6bcf1e428f6,undefined FUN_181754b5c(),ghidra,clean,
WHGame.dll,release_1_5_1164953_841,0x1754b6c,41,FUN_181754b6c,,,3c577c9f5066df2a7d1b37aae16dbb10d6cf7fab3bdf066e9681275b83ef1858,undefined FUN_181754b6c(),ghidra,clean,
WHGame.dll,release_1_5_1164953_841,0x1754b98,163,FUN_181754b98,,,7644458ea6f846745ce0f4498aa639dd2705799414313ab197ad36c245c50ee8,undefined FUN_181754b98(),ghidra,clean,
WHGame.dll,release_1_5_1164953_841,0x1754c00,220,FUN_181754c00,,,62921b8185fef2fd408a16cbebf7fc2bd97b844acf4d7be82d62272afc6b6782,undefined FUN_181754c00(),ghidra,clean,
WHGame.dll,release_1_5_1164953_841,0x1754cdc,137,FUN_181754cdc,,,d8ea3ff08592e76f3f87f9dc53c35f87ec693a82b2c2ca309c8a057a7980a485,undefined FUN_181754cdc(),ghidra,clean,
WHGame.dll,release_1_5_1164953_841,0x1754d68,564,FUN_181754d68,,,01d99d4252b6e6412f14114787953c9091d9742c300d669b441f68bfe67c888a,undefined FUN_181754d68(),ghidra,clean,
WHGame.dll,release_1_5_1164953_841,0x1754f9c,180,FUN_181754f9c,,,5db0ba02b88fedba31689b18426a63e8c027b8265523571cf47eff3b8ec9b4c7,undefined FUN_181754f9c(),ghidra,clean,
WHGame.dll,release_1_5_1164953_841,0x1755050,180,FUN_181755050,,,d57b84796a7adf58587962c925e47e973bbbb3ba6256eb98e5eb5ef4aba6c58f,undefined FUN_181755050(),ghidra,clean,
WHGame.dll,release_1_5_1164953_841,0x1755104,180,FUN_181755104,,,21f6a64406df485599e9a464a84155f0af20ca62e7640e551fb730c46938e0f5,undefined FUN_181755104(),ghidra,clean,
WHGame.dll,release_1_5_1164953_841,0x17551b8,180,FUN_1817551b8,,,05a9729ea93bd09604480ca8211c86a7641a410265d382bd09c7ec2269671262,undefined FUN_1817551b8(),ghidra,clean,
WHGame.dll,release_1_5_1164953_841,0x175526c,94,FUN_18175526c,,,f288ef7dcb9a3ad9b5b2a8122692cfc6c5220d0365a5b38211f5be784d5ab49f,undefined FUN_18175526c(),ghidra,clean,
WHGame.dll,release_1_5_1164953_841,0x17552cc,256,FUN_1817552cc,,,f2cad60fe00a9de8dfda73a08f1ad4f5d0eafbb1b873cfd65bb5f97dbcab4c96,undefined FUN_1817552cc(),ghidra,clean,
WHGame.dll,release_1_5_1164953_841,0x17553bc,155,FUN_1817553bc,,,ced1dda6c645200d923b0440a37a24abd18de921d3c772301760b12c3b8ae00c,undefined FUN_1817553bc(),ghidra,clean,
WHGame.dll,release_1_5_1164953_841,0x1755458,26,FUN_181755458,,,819234953c91d716a341edb10dcca2267107efa13f78881bbca64f4a7a11eeca,undefined FUN_181755458(),ghidra,clean,
WHGame.dll,release_1_5_1164953_841,0x1755474,155,FUN_181755474,,,e1ae9ec0ec8e9b7fde4c7e115890cb93fb492a4673f0a6d57ba8a182d7573713,undefined FUN_181755474(),ghidra,clean,
WHGame.dll,release_1_5_1164953_841,0x1755510,291,FUN_181755510,,,1bf6635e06840c604715e1bc03e30573a7597eaeb41e3ac1c518fbf1b8c83e8b,undefined FUN_181755510(),ghidra,clean,
WHGame.dll,release_1_5_1164953_841,0x1755634,301,FUN_181755634,,,d75a88965f231c20b8410cb4e33d578be8af52f62d167a1a684929df7dda52e7,undefined FUN_181755634(),ghidra,clean,
WHGame.dll,release_1_5_1164953_841,0x1755764,155,FUN_181755764,,,d3d10d9aea0eb868458a16659a2e9c9569fd1a48523fbf2db3b137d16216bd1e,undefined FUN_181755764(),ghidra,clean,
WHGame.dll,release_1_5_1164953_841,0x1755800,291,FUN_181755800,,,0d4549c3c95aa33f2aed0ecf22a7b930a3fa8c5468ce9a47184f9713ff9963c7,undefined FUN_181755800(),ghidra,clean,
WHGame.dll,release_1_5_1164953_841,0x1755924,30,FUN_181755924,,,2234fe251aac801caa3dfe28456863a8a5a7ee0baa48d5cbe0bf4bf82a418d81,undefined FUN_181755924(),ghidra,clean,
WHGame.dll,release_1_5_1164953_841,0x1755944,16,FUN_181755944,,,1be50493399b0cdf4200c449815cfdeca28bd495aec8605548386385dbe14092,undefined FUN_181755944(),ghidra,clean,
WHGame.dll,release_1_5_1164953_841,0x1755954,194,FUN_181755954,,,0535e80bc7fc893ad5a8cc292542c578bdbc3d1b4050d40b4dab3c33f53f79c9,undefined FUN_181755954(),ghidra,clean,
WHGame.dll,release_1_5_1164953_841,0x1755a18,155,FUN_181755a18,,,24219fcf5825645a24936c497f198d59d9f981af88b3f2a76645a396ca9a7fa4,undefined FUN_181755a18(),ghidra,clean,
WHGame.dll,release_1_5_1164953_841,0x1755ab4,291,FUN_181755ab4,,,55df6c502e40e3374326aa63851aa660ff900082d78659bbc69f75b78bf1112f,undefined FUN_181755ab4(),ghidra,clean,
WHGame.dll,release_1_5_1164953_841,0x1755bd8,26,FUN_181755bd8,,,784f42d42467bdc72bf303619520ab86d009b3466c28ed890d4202f919d16798,undefined FUN_181755bd8(),ghidra,clean,
WHGame.dll,release_1_5_1164953_841,0x1755bf4,958,FUN_181755bf4,,,2d9fadb79bf812cbeda6cb06601fd7a61fe145a78a93c9f6886aaaf71fe7e10f,undefined FUN_181755bf4(),ghidra,clean,
WHGame.dll,release_1_5_1164953_841,0x1755fb4,23,FUN_181755fb4,,,4a2215c3e820937481093c41c3a2c4fdd1b034767afb06c5e8afd475b2e2dc6a,undefined FUN_181755fb4(),ghidra,clean,
WHGame.dll,release_1_5_1164953_841,0x1755fcc,155,FUN_181755fcc,,,ae68849861b983336f8cd74abc35388978997f95aa43a4d79fc48a90d90a6d5b,undefined FUN_181755fcc(),ghidra,clean,
WHGame.dll,release_1_5_1164953_841,0x1756068,304,FUN_181756068,,,ab8a5e67b50c9741660d28da0ea3da4b9f7d920545a088941d0992a6b9bee8cf,undefined FUN_181756068(),ghidra,clean,
WHGame.dll,release_1_5_1164953_841,0x1756198,155,FUN_181756198,,,4f6028d21b9e80bd5f99cdb588e3eb5eb0cde48a07ddbd7cdf86e209875ceb95,undefined FUN_181756198(),ghidra,clean,
WHGame.dll,release_1_5_1164953_841,0x1756234,298,FUN_181756234,,,2aaef1907ac76d406b9e1115550347c98e9952e1259a92d71740d355de19ea26,undefined FUN_181756234(),ghidra,clean,
WHGame.dll,release_1_5_1164953_841,0x1756360,160,FUN_181756360,,,57c58e6bd743e20da4ad3f2dcb830e4659b6ffbd238c9c126386762834dc0f54,undefined FUN_181756360(),ghidra,clean,
WHGame.dll,release_1_5_1164953_841,0x1756400,360,FUN_181756400,,,a86e08f0de0b95280a021d1f1439872340af88dadb8b23c33dc0e31d5adf8a71,undefined FUN_181756400(),ghidra,clean,
WHGame.dll,release_1_5_1164953_841,0x175656c,2460,FUN_18175656c,,,a6d899366d7fc7ec5aaa79db0d0fc249648f3d4ed47f2cafa36acf7c53909f2c,undefined FUN_18175656c(),ghidra,clean,
WHGame.dll,release_1_5_1164953_841,0x1756f08,295,FUN_181756f08,,,784650b89d6bde6c651bd08687161c9f9b8250e1559f3028cb3b5f69fb0577c8,undefined FUN_181756f08(),ghidra,clean,
WHGame.dll,release_1_5_1164953_841,0x1756f90,79,FUN_181756f90,,,24b3ea095584a4ea71c2c48a734e5cccaf7b847736fe86f5602824bb564957d2,undefined FUN_181756f90(),ghidra,clean,
WHGame.dll,release_1_5_1164953_841,0x1756fe0,192,FUN_181756fe0,,,827951f32885018a26ea02913dcc05122cf710f6e118af285ee7c76cd8bfaced,undefined FUN_181756fe0(),ghidra,clean,
WHGame.dll,release_1_5_1164953_841,0x17570a0,137,FUN_1817570a0,,,b1a8c49df35c173e2a2a36b66f8dd73eb0d4292bf88e1d9adfd82ffed789e89b,undefined FUN_1817570a0(),ghidra,clean,
WHGame.dll,release_1_5_1164953_841,0x175712c,83,FUN_18175712c,,,0cb138cc5ec71bdf68e2a87375d28f7ca0f3d48d12341a647110040aea584d3c,undefined FUN_18175712c(),ghidra,clean,
WHGame.dll,release_1_5_1164953_841,0x1757180,85,FUN_181757180,,,f0da06f33121a4704642270f5816dad3067314e9b97a252c970cad38b986f4e2,undefined FUN_181757180(),ghidra,clean,
WHGame.dll,release_1_5_1164953_841,0x17571b4,80,FUN_1817571b4,,,9e1724ee0c07d41ac2460a83a4e5a19e1e33f805c7bcbefc4e25ab0f1ed4156d,undefined FUN_1817571b4(),ghidra,clean,
WHGame.dll,release_1_5_1164953_841,0x1757204,80,FUN_181757204,,,92d93bc4b548242f44750702480a0680b3c1fa634babf2ca7abdf37e037c44dc,undefined FUN_181757204(),ghidra,clean,
WHGame.dll,release_1_5_1164953_841,0x1757254,85,FUN_181757254,,,c1856c6fd700ff942912fa35d722a38043b762cdd30b929e79cd683c5160df8d,undefined FUN_181757254(),ghidra,clean,
WHGame.dll,release_1_5_1164953_841,0x1757288,53,FUN_181757288,,,2b99773b435b3f5dab7753096d76f1dffd97126491df8f262db59dc13658f687,undefined FUN_181757288(),ghidra,clean,
WHGame.dll,release_1_5_1164953_841,0x17572c0,59,FUN_1817572c0,,,f7412c72860bce73164322aa5871055e43724cdec39397a4ef92e51f867e5b17,undefined FUN_1817572c0(),ghidra,clean,
WHGame.dll,release_1_5_1164953_841,0x17572fc,39,FUN_1817572fc,,,2ca6d4aaeaf3a446791266522cc947625b7a47d1f8c772a97cd352860e4ec49f,undefined FUN_1817572fc(),ghidra,clean,
WHGame.dll,release_1_5_1164953_841,0x1757324,77,FUN_181757324,,,981425f90f6d455d66dd56160219b54f83e6a468868c91128bd772f54a9e79ba,undefined FUN_181757324(),ghidra,clean,
WHGame.dll,release_1_5_1164953_841,0x1757374,33,FUN_181757374,,,8acbda32d8c5053d615abd27310f702553bd245d358df45399b1d6eb3845047d,undefined FUN_181757374(),ghidra,clean,
WHGame.dll,release_1_5_1164953_841,0x1757398,224,FUN_181757398,,,761a2bd0a4dccb764c53292d2c9c5465393cc8656fb9c926a2eff152ccf04f69,undefined FUN_181757398(),ghidra,clean,
WHGame.dll,release_1_5_1164953_841,0x175747c,72,FUN_18175747c,,,908ef0f62a59bec3a0626a31dfc00480aeaabc9810cd5bd815ff66a55eff407e,undefined FUN_18175747c(),ghidra,clean,
WHGame.dll,release_1_5_1164953_841,0x17574c4,370,FUN_1817574c4,,,09f9b6bb8c7031ef68a8bfa5dad8d1e36ae28f5a723c3a2a8e444e1b9fc01bec,undefined FUN_1817574c4(),ghidra,clean,
WHGame.dll,release_1_5_1164953_841,0x1757638,116,FUN_181757638,,,7228ceeecfe16d0d413e9a67c9f0a54a299d0072c8a64c6bf5952d95a726c545,undefined FUN_181757638(),ghidra,clean,
WHGame.dll,release_1_5_1164953_841,0x1757684,177,FUN_181757684,,,59f10304f4ff12b78af69c7b32e5abfc8c886464f83544dccccd5091dce9aeb1,undefined FUN_181757684(),ghidra,clean,
WHGame.dll,release_1_5_1164953_841,0x17576f4,38,FUN_1817576f4,,,604f755963c3b1242968e20dae06967b7b23114e571668b2d5cd943f23455843,undefined FUN_1817576f4(),ghidra,clean,
WHGame.dll,release_1_5_1164953_841,0x175771c,174,FUN_18175771c,,,5c50a2191edbfc70bf413dd0ffccc0902b6e88d4229ec64959221b3722327803,undefined FUN_18175771c(),ghidra,clean,
WHGame.dll,release_1_5_1164953_841,0x17577cc,157,FUN_1817577cc,,,98cfd906e94bff5f359762f3e535d20d142235f598dccb1f81d5e32a32db7d1f,undefined FUN_1817577cc(),ghidra,clean,
WHGame.dll,release_1_5_1164953_841,0x1757860,192,FUN_181757860,,,e9b1e33248aa5c80e921f929c64573aa80592bdf14a3ebf0aca505eb21ebf77c,undefined FUN_181757860(),ghidra,clean,
WHGame.dll,release_1_5_1164953_841,0x1757918,234,FUN_181757918,,,d531fa6b5b17dc4f058f2033158524e2dbab3eb6191c59521b702e49e8b0a523,undefined FUN_181757918(),ghidra,clean,
WHGame.dll,release_1_5_1164953_841,0x1757a04,207,FUN_181757a04,,,98542ec303261f4f59eb1ad16ebc4d1bac2adc573ba1664c35038d2ec500eb34,undefined FUN_181757a04(),ghidra,clean,
WHGame.dll,release_1_5_1164953_841,0x1757ac4,251,FUN_181757ac4,,,bda5d723525f802be5a8f601cdc1f29294caed8d8699736d9e1bcbca2e98121e,undefined FUN_181757ac4(),ghidra,clean,
WHGame.dll,release_1_5_1164953_841,0x1757bc0,196,FUN_181757bc0,,,e5fd723b1fbbf093c9a70cb17129251539be7d11ccc06e1d4f9deba7e1c2017e,undefined FUN_181757bc0(),ghidra,clean,
WHGame.dll,release_1_5_1164953_841,0x1757c84,234,FUN_181757c84,,,413fe7001ed1b4fe372775c389909eb68ed643c8ce1a833403fc039b3482aed8,undefined FUN_181757c84(),ghidra,clean,
WHGame.dll,release_1_5_1164953_841,0x1757d70,207,FUN_181757d70,,,0d503fbfa591fa18950f5d9bdca5d9b8f89c0f115edb39a03c26886011e124a9,undefined FUN_181757d70(),ghidra,clean,
WHGame.dll,release_1_5_1164953_841,0x1757e30,261,FUN_181757e30,,,d36372afdf2a3b216cfb004f061d795743a8c024a8e5158da8e24df943b8b9cc,undefined FUN_181757e30(),ghidra,clean,
WHGame.dll,release_1_5_1164953_841,0x1757f2c,196,FUN_181757f2c,,,355d5de3a0c3fcfd25e3475a2f650dc831bb549b509e12400b35a0edc06154b2,undefined FUN_181757f2c(),ghidra,clean,
WHGame.dll,release_1_5_1164953_841,0x1757ff0,155,FUN_181757ff0,,,60215097e178ffd40130e209e7bb571c011954737661ef4cda37a2adec8a9664,undefined FUN_181757ff0(),ghidra,clean,
WHGame.dll,release_1_5_1164953_841,0x175808c,291,FUN_18175808c,,,b914c40f6d246b6de20cc85d5bd1dcb417c855ca3d76026d08e7cda690e11988,undefined FUN_18175808c(),ghidra,clean,
WHGame.dll,release_1_5_1164953_841,0x17581b0,1219,FUN_1817581b0,,,c451fdb56e07f33cc53a28f7df5e714e8a81c75d5f44f6c8be854a0b11e4af3f,undefined FUN_1817581b0(),ghidra,clean,
WHGame.dll,release_1_5_1164953_841,0x1758694,180,FUN_181758694,,,fd1d774730450597035e766ac7039ac72827fbbc7c8f84957ac35fc12915dd96,undefined FUN_181758694(),ghidra,clean,
WHGame.dll,release_1_5_1164953_841,0x1758748,30,FUN_181758748,,,56e9f174fc60094c25d0d81fdbe9d6069d90478020d29554ddc902273a2b924d,undefined FUN_181758748(),ghidra,clean,
WHGame.dll,release_1_5_1164953_841,0x1758768,30,FUN_181758768,,,d27ea22758aeb390a024ba3b9960e0f0ca19d1419f52b08c45f631d7c13ead77,undefined FUN_181758768(),ghidra,clean,
WHGame.dll,release_1_5_1164953_841,0x1758788,30,FUN_181758788,,,dd1a5ec22c61ad0d1e762c9eebe14f49552600189e51a8ac9235e14b3c507d15,undefined FUN_181758788(),ghidra,clean,
WHGame.dll,release_1_5_1164953_841,0x17587a8,155,FUN_1817587a8,,,1faafb4dd7b1aecbca0ca529aff32a55eb6c08873f292515b653ea9f7dbf9308,undefined FUN_1817587a8(),ghidra,clean,
WHGame.dll,release_1_5_1164953_841,0x1758844,291,FUN_181758844,,,bd4c3b35d064f1377302155181ba17afb91c23d474eccb65de3b390de6acdb89,undefined FUN_181758844(),ghidra,clean,
WHGame.dll,release_1_5_1164953_841,0x1758968,155,FUN_181758968,,,8543318b906c78a8353b39e50ea8a034fc39dc0893e423316f1c9a65b7f6c9c8,undefined FUN_181758968(),ghidra,clean,
WHGame.dll,release_1_5_1164953_841,0x1758a04,288,FUN_181758a04,,,b64ecbd6ae07989caad68d5172af12f2c37661209175f9139bb09644d309cc42,undefined FUN_181758a04(),ghidra,clean,
WHGame.dll,release_1_5_1164953_841,0x1758b24,479,FUN_181758b24,,,384886933a0d4c9cb2ee87dbfa93fa5ec9144e41f1c151bf1e7a0f65a941a2fb,undefined FUN_181758b24(),ghidra,clean,
WHGame.dll,release_1_5_1164953_841,0x1758bfc,137,FUN_181758bfc,,,2137d21e70d03efb7348410b8fd8c867f82b9ada52a48bb856911634f0ab3573,undefined FUN_181758bfc(),ghidra,clean,
WHGame.dll,release_1_5_1164953_841,0x1758c88,170,FUN_181758c88,,,7ac300b1007d9cbd057a2ce620056cc3dc3f8e5fabe2fc8311eeb2b5a3a71b94,undefined FUN_181758c88(),ghidra,clean,
WHGame.dll,release_1_5_1164953_841,0x1758ce0,52,FUN_181758ce0,,,2f9e0f0b6c5b533895209fff62195d66546cd97a3d7652b261d79ed15c180376,undefined FUN_181758ce0(),ghidra,clean,
WHGame.dll,release_1_5_1164953_841,0x1758d14,48,FUN_181758d14,,,9b14c835636c0ba727919b4d9329de7a1785e82f9507fbfe7976afd40aae2714,undefined FUN_181758d14(),ghidra,clean,
WHGame.dll,release_1_5_1164953_841,0x1758d2c,56,FUN_181758d2c,,,52c677d680b8b2d5aa844cc4331932d0058f9cf5e5ca7c07c8b6e95e1e13394e,undefined FUN_181758d2c(),ghidra,clean,
WHGame.dll,release_1_5_1164953_841,0x1758d64,279,FUN_181758d64,,,73bca24d8bab9e00054d611454900ab0fb0cc1edb70a5912d5817a7d76bdd39c,undefined FUN_181758d64(),ghidra,clean,
WHGame.dll,release_1_5_1164953_841,0x1758e7c,224,FUN_181758e7c,,,69ee907e2a479c71fe456f42e7c1ca0b42cd2d26e2c7bd86f2eea4c93d483af1,undefined FUN_181758e7c(),ghidra,clean,
WHGame.dll,release_1_5_1164953_841,0x1758f60,38,FUN_181758f60,,,651671f1724d51c285f0511792dba5a151aa3a64f85a82d3a224a7542e7a418a,undefined FUN_181758f60(),ghidra,clean,
WHGame.dll,release_1_5_1164953_841,0x1758f88,229,FUN_181758f88,,,65e314deabcef6524a8534db00f16cb60ff942448854130664fb953780685081,undefined FUN_181758f88(),ghidra,clean,
WHGame.dll,release_1_5_1164953_841,0x1759070,128,FUN_181759070,,,4e60f002d22ee1db322f47b21b8bdffd523597fa80771c063786d9a05b8ed64a,undefined FUN_181759070(),ghidra,clean,
WHGame.dll,release_1_5_1164953_841,0x17590f0,205,FUN_1817590f0,,,e41c794fd99847c8925498a947bc8e042e2bed6b21a1fbbbf4445d51d45ea98f,undefined FUN_1817590f0(),ghidra,clean,
WHGame.dll,release_1_5_1164953_841,0x17591c0,116,FUN_1817591c0,,,979f9116d20d1695affdf570bc7d2c6de186706c3a20e0579a7c9389013552af,undefined FUN_1817591c0(),ghidra,clean,
WHGame.dll,release_1_5_1164953_841,0x1759234,213,FUN_181759234,,,61d1aedde02ddc457246e0969f0221e0203270cb9894528206c8ea0245045b3c,undefined FUN_181759234(),ghidra,clean,
WHGame.dll,release_1_5_1164953_841,0x175930c,145,FUN_18175930c,,,c6f9af6c6030dec7d1a07f503f3c5415d50cab7da204f1be2fffcf3254c68267,undefined FUN_18175930c(),ghidra,clean,
WHGame.dll,release_1_5_1164953_841,0x175936c,53,FUN_18175936c,,,b05a2789cb8cae435a40a9ddf9b054489b306e15ddec947eb2d485a2cc856f21,undefined FUN_18175936c(),ghidra,clean,
WHGame.dll,release_1_5_1164953_841,0x17593a4,50,FUN_1817593a4,,,d6abc72e714bea8e3d402cdc4591a97d966f646e34634c84c6427f255f629da5,undefined FUN_1817593a4(),ghidra,clean,
WHGame.dll,release_1_5_1164953_841,0x17593d8,26,FUN_1817593d8,,,d8cf45b201875840bb126eb572d00c7a7c24f0bfa3dffd7fb59b3dc84f6f7543,undefined FUN_1817593d8(),ghidra,clean,
WHGame.dll,release_1_5_1164953_841,0x1759410,126,FUN_181759410,,,9ba0d108f383b385f6c501ac0a1f61b97f7d0c014a7b5d1dc8d2dd05b2d937f3,undefined FUN_181759410(),ghidra,clean,
WHGame.dll,release_1_5_1164953_841,0x1759490,52,FUN_181759490,,,f0d15dacb1053febffb36431a5fdd77ba58b844b2e1d26bded524f32adec59e4,undefined FUN_181759490(),ghidra,clean,
WHGame.dll,release_1_5_1164953_841,0x17594c4,116,FUN_1817594c4,,,54ec154e42203fed9463c7e9687094322e67f81c480274f557ee74014b3360a9,undefined FUN_1817594c4(),ghidra,clean,
WHGame.dll,release_1_5_1164953_841,0x1759528,180,FUN_181759528,,,eb85064818961e749e1401ad3e2b4d38f7833d8a303957dc642c6799dc8ef3fe,undefined FUN_181759528(),ghidra,clean,
WHGame.dll,release_1_5_1164953_841,0x17595dc,180,FUN_1817595dc,,,3b37f86195f636c9196abe5c21ed35c1ae277a0276374fa246a838d99ba74fcc,undefined FUN_1817595dc(),ghidra,clean,
WHGame.dll,release_1_5_1164953_841,0x1759690,32,FUN_181759690,,,0544f40619f4c60a1626efaa4771af107f21c7cffc266d746cfbe80f1895aa91,undefined FUN_181759690(),ghidra,clean,
WHGame.dll,release_1_5_1164953_841,0x17596b0,92,FUN_1817596b0,,,5f8674bed09bca40400746bf58892d37f39d9096507ed7cc48352bf9343beaab,undefined FUN_1817596b0(),ghidra,clean,
WHGame.dll,release_1_5_1164953_841,0x17596fc,55,FUN_1817596fc,,,21859997fa836e577697e1cdc1b25195a935c0b7bd68bed55e889d154ea02efa,undefined FUN_1817596fc(),ghidra,clean,
WHGame.dll,release_1_5_1164953_841,0x1759724,139,FUN_181759724,,,36a7943293e2044dd802ae6bc98561ecdfa44ce97e1d21f5e6811360f09255d9,undefined FUN_181759724(),ghidra,clean,
WHGame.dll,release_1_5_1164953_841,0x17597b0,145,FUN_1817597b0,,,99e624efb4ad020c1f317730046787dda25a5fedc3e6368ee59018433ac5c5c8,undefined FUN_1817597b0(),ghidra,clean,
WHGame.dll,release_1_5_1164953_841,0x1759844,151,FUN_181759844,,,459c72ff724c09ab1533fa650e82ac4bf6d59ac76e3d132756633f1eed3b7867,undefined FUN_181759844(),ghidra,clean,
WHGame.dll,release_1_5_1164953_841,0x17598dc,52,FUN_1817598dc,,,bb306715fbc2e5b6f93777f4aaf98c5c40a857f31d52f52538201a5d895d82b1,undefined FUN_1817598dc(),ghidra,clean,
WHGame.dll,release_1_5_1164953_841,0x1759910,123,FUN_181759910,,,4df490cf3c97d2dedf9c992f15a7671886c5875633f6c7b44e532d056611c03a,undefined FUN_181759910(),ghidra,clean,
WHGame.dll,release_1_5_1164953_841,0x175998c,44,FUN_18175998c,,,8bf98b1f8d7e66047a4d24b61b59e2536c56ed0c598f0f22697eb8f4df6a380e,undefined FUN_18175998c(),ghidra,clean,
WHGame.dll,release_1_5_1164953_841,0x17599b8,118,FUN_1817599b8,,,1f19f9d43087fb3607d45026892d3b2383533265a467ed7ad965e11d9f1e0c94,undefined FUN_1817599b8(),ghidra,clean,
WHGame.dll,release_1_5_1164953_841,0x1759a30,118,FUN_181759a30,,,268d188a0ae0b58273f2943f234ff9a6f0beb4eeac40f98c549577acdc259f03,undefined FUN_181759a30(),ghidra,clean,
WHGame.dll,release_1_5_1164953_841,0x1759aa8,255,FUN_181759aa8,,,ca0782036306dbd808d5467ad81f6e0c52f65a1d95dda61e6ed88f33f5a7abc6,undefined FUN_181759aa8(),ghidra,clean,
WHGame.dll,release_1_5_1164953_841,0x1759ba8,561,FUN_181759ba8,,,eef5ba17aa125e9310a73b8e00bfc7d0268a58f7c029edd41b730a11058266f9,undefined FUN_181759ba8(),ghidra,clean,
WHGame.dll,release_1_5_1164953_841,0x1759ddc,532,FUN_181759ddc,,,8963194d9b5ac845da28cd36d0bf2224eb107bf96b3a3115e254de77f627189d,undefined FUN_181759ddc(),ghidra,clean,
WHGame.dll,release_1_5_1164953_841,0x1759ff0,52,FUN_181759ff0,,,4b3466822eb17f1c138bef60991c0d3975480d4fb4c513ff324893c02e4c226c,undefined FUN_181759ff0(),ghidra,clean,
WHGame.dll,release_1_5_1164953_841,0x175a024,127,FUN_18175a024,,,1b59a1345ce340cb81afd483eef70cdea3e73d14ea0ec135ddd0328f4cccca05,undefined FUN_18175a024(),ghidra,clean,
WHGame.dll,release_1_5_1164953_841,0x175a0a4,155,FUN_18175a0a4,,,1aaf36aff7c17d97b10633601d7642ed2709792ca6e9d0e011cdeffd0a35bb6b,undefined FUN_18175a0a4(),ghidra,clean,
WHGame.dll,release_1_5_1164953_841,0x175a140,311,FUN_18175a140,,,33eeae2b01a40427468562cbce980fc4e2787820a44885a6e08dffeac24d4c0d,undefined FUN_18175a140(),ghidra,clean,
WHGame.dll,release_1_5_1164953_841,0x175a278,66,FUN_18175a278,,,fa9727b381300939ad50092f0759015cc69091ab4265fea33b319a0956247af4,undefined FUN_18175a278(),ghidra,clean,
WHGame.dll,release_1_5_1164953_841,0x175a2bc,155,FUN_18175a2bc,,,8df9cb704828c8007bb2092179b5a5b910c363666c941116b9613e7b6d5de218,undefined FUN_18175a2bc(),ghidra,clean,
WHGame.dll,release_1_5_1164953_841,0x175a358,291,FUN_18175a358,,,ae1972a92e296b990a7cf9b328d03cede000e3c5abc8bc56414d95bdf51ce2a7,undefined FUN_18175a358(),ghidra,clean,
WHGame.dll,release_1_5_1164953_841,0x175a49c,91,FUN_18175a49c,,,7c9a666883529348e7f3f3a07a9c469b0ca461aaebf74b87faf0b8c7789fd78e,undefined FUN_18175a49c(),ghidra,clean,
WHGame.dll,release_1_5_1164953_841,0x175a510,30,FUN_18175a510,,,94e27b53040a24c046e61603c8da3dd597f1ddafdc7da45d5f57f0b41782a851,undefined FUN_18175a510(),ghidra,clean,
WHGame.dll,release_1_5_1164953_841,0x175a530,274,FUN_18175a530,,,1f30139b3bb1babf3f50d28ee55c34f83bca7bdda2818e1e599bf3a56f41355d,undefined FUN_18175a530(),ghidra,clean,
WHGame.dll,release_1_5_1164953_841,0x175a644,368,FUN_18175a644,,,e40109cc8402a2b8ee731c703bd3b66ebc71f64a3cb8c1044647443144cc6aec,undefined FUN_18175a644(),ghidra,clean,
WHGame.dll,release_1_5_1164953_841,0x175a7b8,44,FUN_18175a7b8,,,7ad1b89c20ede569726fe78118916b47f5acd37212435300638319d9c07378b4,undefined FUN_18175a7b8(),ghidra,clean,
WHGame.dll,release_1_5_1164953_841,0x175a7e4,38,FUN_18175a7e4,,,2b2d14ded0461a34513fd3bc801841d0126df83d4362eff5f65103142bcbaa81,undefined FUN_18175a7e4(),ghidra,clean,
WHGame.dll,release_1_5_1164953_841,0x175a80c,100,FUN_18175a80c,,,4cac42994582b0816c808374693802cc6dfa97874eaeb7077f7a3023212dfa27,undefined FUN_18175a80c(),ghidra,clean,
WHGame.dll,release_1_5_1164953_841,0x175a870,287,FUN_18175a870,,,1b6dfc2ea0ed8a46a40234769b611e2cfc14e60b307ca94efbaa94c9e66ed223,undefined FUN_18175a870(),ghidra,clean,
WHGame.dll,release_1_5_1164953_841,0x175a990,136,FUN_18175a990,,,8928041cc8481ec1212420738f017db154473488e1f3c7f34a104f3a6929521a,undefined FUN_18175a990(),ghidra,clean,
WHGame.dll,release_1_5_1164953_841,0x175aa1c,30,FUN_18175aa1c,,,cb7be99a41e2c5387589d458963eb3b848b06ef030d9eb60f575c8946a9953f0,undefined FUN_18175aa1c(),ghidra,clean,
WHGame.dll,release_1_5_1164953_841,0x175aa3c,26,FUN_18175aa3c,,,819234953c91d716a341edb10dcca2267107efa13f78881bbca64f4a7a11eeca,undefined FUN_18175aa3c(),ghidra,clean,
WHGame.dll,release_1_5_1164953_841,0x175aa58,155,FUN_18175aa58,,,71165727cfd47e36be75f4fb32c03efeff4d18d8d8186165a811ff48ad2e8d6f,undefined FUN_18175aa58(),ghidra,clean,
WHGame.dll,release_1_5_1164953_841,0x175aaf4,291,FUN_18175aaf4,,,a290f665776c6fb2023f1be77609a9ee6b6d930ae9ecb35489dc16de8c9f3a0d,undefined FUN_18175aaf4(),ghidra,clean,
WHGame.dll,release_1_5_1164953_841,0x175ac18,26,FUN_18175ac18,,,819234953c91d716a341edb10dcca2267107efa13f78881bbca64f4a7a11eeca,undefined FUN_18175ac18(),ghidra,clean,
WHGame.dll,release_1_5_1164953_841,0x175ac34,155,FUN_18175ac34,,,fffe96b30a9b5080495e7f40a653ca3c98f4cd427b3ac1029442356a88b17338,undefined FUN_18175ac34(),ghidra,clean,
WHGame.dll,release_1_5_1164953_841,0x175acd0,291,FUN_18175acd0,,,c2f3fd5acd969f5102dcae242548778936233fe12a83e7d3930fa2337275bc0a,undefined FUN_18175acd0(),ghidra,clean,
WHGame.dll,release_1_5_1164953_841,0x175adf4,85,FUN_18175adf4,,,4b826b07a906c0abe137e3a5cfb7ebb9f81f328e88894f341964dcca7f90c8ca,undefined FUN_18175adf4(),ghidra,clean,
WHGame.dll,release_1_5_1164953_841,0x175ae4c,93,FUN_18175ae4c,,,6670c259edb48735c35c5dfd89c0e7a6d701a8dfc9d11910fc440416381d86af,undefined FUN_18175ae4c(),ghidra,clean,
WHGame.dll,release_1_5_1164953_841,0x175aeac,85,FUN_18175aeac,,,61fe1ae388a32a2f49670afcebee779f5fee7c3a4657d8ca2f404bb9a0f71718,undefined FUN_18175aeac(),ghidra,clean,
WHGame.dll,release_1_5_1164953_841,0x175af04,93,FUN_18175af04,,,d0f4ea68b61be931df276b038b51be08c501f3cb9728a0d86a8fca19020348a4,undefined FUN_18175af04(),ghidra,clean,
WHGame.dll,release_1_5_1164953_841,0x175af64,332,FUN_18175af64,,,07fa6099d0a2eca72e791fc9537b3f15f917b70d2e356600e0c0edf5033efe2f,undefined FUN_18175af64(),ghidra,clean,
WHGame.dll,release_1_5_1164953_841,0x175b0b0,70,FUN_18175b0b0,,,4d855ad98a264c69c87b5846733bc1b904a6ed412bfab149f5bbd1a717199ca1,undefined FUN_18175b0b0(),ghidra,clean,
WHGame.dll,release_1_5_1164953_841,0x175b0f8,433,FUN_18175b0f8,,,171ee278d790f2cd6f1687c17052da582229af6881669aaccc2eea85a90edc43,undefined FUN_18175b0f8(),ghidra,clean,
WHGame.dll,release_1_5_1164953_841,0x175b2ac,95,FUN_18175b2ac,,,3edaefba6b8d8918e18c109c61d9e3a135376dbaa23b8f27506e45bcb66b297f,undefined FUN_18175b2ac(),ghidra,clean,
WHGame.dll,release_1_5_1164953_841,0x175b30c,87,FUN_18175b30c,,,44c89e5ce2faf34c50dcbb83edc6de15d075d9ac7f20873fc1c8d69f45addb86,undefined FUN_18175b30c(),ghidra,clean,
WHGame.dll,release_1_5_1164953_841,0x175b364,53,FUN_18175b364,,,4b37fbe6da88d58fe70aea51f7b9d165f91132fa9caf06ccbadf4259c8be573a,undefined FUN_18175b364(),ghidra,clean,
WHGame.dll,release_1_5_1164953_841,0x175b39c,53,FUN_18175b39c,,,2a5758c228704c02f8bb30e389186b7c404bf690fa7f524bfbe171b7e2d1c727,undefined FUN_18175b39c(),ghidra,clean,
WHGame.dll,release_1_5_1164953_841,0x175b3d4,417,FUN_18175b3d4,,,3c33b723c5e7a8fbfdf16827fe16dacaf500d32d8c476a3b03fa23faaa8f77da,undefined FUN_18175b3d4(),ghidra,clean,
WHGame.dll,release_1_5_1164953_841,0x175b4f4,40,FUN_18175b4f4,,,00d68ce17b5bd6ae6556412bde07afa4fe2bbb464029d940d456356991f5b12c,undefined FUN_18175b4f4(),ghidra,clean,
WHGame.dll,release_1_5_1164953_841,0x175b51c,42,FUN_18175b51c,,,df022e148128d803cfeb7d9e0a650390c108d61028145365e640465cace70bdc,undefined FUN_18175b51c(),ghidra,clean,
WHGame.dll,release_1_5_1164953_841,0x175b548,422,FUN_18175b548,,,3553c67a68ca3bfb773baf5bedc4c6025726924d17ba597cceeb005a53da40aa,undefined FUN_18175b548(),ghidra,clean,
WHGame.dll,release_1_5_1164953_841,0x175b6f0,40,FUN_18175b6f0,,,2a09ce7a6074ce6ead26ac88158d5f8d2af550d344e0bebef635ad3a4687a102,undefined FUN_18175b6f0(),ghidra,clean,
WHGame.dll,release_1_5_1164953_841,0x175b718,42,FUN_18175b718,,,cdefe6426b31c9870ae29cad752e044aa61125b88f12104f1f13321619d67fec,undefined FUN_18175b718(),ghidra,clean,
WHGame.dll,release_1_5_1164953_841,0x175b744,42,FUN_18175b744,,,a1c08e7f0ef7803eb12593ff8c50f9fd2f6b9d3f1f21dc522cc691b71447d71e,undefined FUN_18175b744(),ghidra,clean,
WHGame.dll,release_1_5_1164953_841,0x175b770,197,FUN_18175b770,,,682af5d86cfb0206a52b5434c8f921e780956521eebb88c9a3de740c44548931,undefined FUN_18175b770(),ghidra,clean,
WHGame.dll,release_1_5_1164953_841,0x175b838,374,FUN_18175b838,,,8dd314c17e92eeda9aa03bf2d438fc9cbb12430cdc551af5c2b48db370bca04a,undefined FUN_18175b838(),ghidra,clean,
WHGame.dll,release_1_5_1164953_841,0x175b9b0,197,FUN_18175b9b0,,,57cf6a75fda4d0ab12498a97c9188acb5d431a3210ff2555c12705a9c12e1914,undefined FUN_18175b9b0(),ghidra,clean,
WHGame.dll,release_1_5_1164953_841,0x175ba58,240,FUN_18175ba58,,,e4998357e828b6eea5d37c9cee763f2c4882fdb601e1d5ee70535c2f8e3e06f0,undefined FUN_18175ba58(),ghidra,clean,
WHGame.dll,release_1_5_1164953_841,0x175bb48,242,FUN_18175bb48,,,c8753f5bbd9d438c28186bd9c11589c6d3309de71b667d26baa15cf9c6f994a3,undefined FUN_18175bb48(),ghidra,clean,
WHGame.dll,release_1_5_1164953_841,0x175bc30,267,FUN_18175bc30,,,935cd75558ab77950a11f36d2aa389a483956be3234b19da9e954f54b46b8b6d,undefined FUN_18175bc30(),ghidra,clean,
WHGame.dll,release_1_5_1164953_841,0x175bd3c,315,FUN_18175bd3c,,,c5b0488d08d063744219b13b03fb79d58ba8fd6a2a1bf67a10004bf8a5874a18,undefined FUN_18175bd3c(),ghidra,clean,
WHGame.dll,release_1_5_1164953_841,0x175be78,91,FUN_18175be78,,,23660c1a23d47be371cf135ee882624acbb62086ebe9854c30d0b4e0a1f58c6d,undefined FUN_18175be78(),ghidra,clean,
WHGame.dll,release_1_5_1164953_841,0x175bed4,197,FUN_18175bed4,,,c589db27bb48df5160316cb003a618faa3c65eb0a5eb0685f644f78ae3fe510d,undefined FUN_18175bed4(),ghidra,clean,
WHGame.dll,release_1_5_1164953_841,0x175bf7c,240,FUN_18175bf7c,,,24f0f3aacf646f165d238e0116f6e3f84e0e0e1d59f200ef6e7b869c026e4727,undefined FUN_18175bf7c(),ghidra,clean,
WHGame.dll,release_1_5_1164953_841,0x175c06c,242,FUN_18175c06c,,,12bf4c3006a0172e1157c62ec82430843c01195aee5dd22641731cf04cb891fa,undefined FUN_18175c06c(),ghidra,clean,
WHGame.dll,release_1_5_1164953_841,0x175c154,267,FUN_18175c154,,,aa4f3629cde2ea49fdcdaf43cc32329ec808aa6aa52aa881953bcac9be8de8b8,undefined FUN_18175c154(),ghidra,clean,
WHGame.dll,release_1_5_1164953_841,0x175c260,313,FUN_18175c260,,,5ad0c195bc0403d753be70ed580752deba7890741f4e8f34818939032bd952f5,undefined FUN_18175c260(),ghidra,clean,
WHGame.dll,release_1_5_1164953_841,0x175c39c,91,FUN_18175c39c,,,94067ffbc5c5af53d66e43a6ef2abbb48b647b9874455905149f11d4f7acb7ba,undefined FUN_18175c39c(),ghidra,clean,
WHGame.dll,release_1_5_1164953_841,0x175c3f8,55,FUN_18175c3f8,,,2dc62b616f225d03dbaa40c44c76ae074431a14a24ae34b96e7d8bb8b2a2fd87,undefined FUN_18175c3f8(),ghidra,clean,
WHGame.dll,release_1_5_1164953_841,0x175c40c,138,FUN_18175c40c,,,eb425725a2bbe69e83bf35a67bea938666a5924673b4fe7267e385e65cd742be,undefined FUN_18175c40c(),ghidra,clean,
WHGame.dll,release_1_5_1164953_841,0x175c496,67,FUN_18175c496,,,d0fde8056bb16746b7a3d1134ad2b6f3064ae2d17623bcc80c4fab625c716aec,undefined FUN_18175c496(),ghidra,clean,
WHGame.dll,release_1_5_1164953_841,0x175c4d9,67,FUN_18175c4d9,,,d04ddbdcd75a3ba2e4e86d429fc3ef2c972c3ea353a9b0253690fed7214beae5,undefined FUN_18175c4d9(),ghidra,clean,
WHGame.dll,release_1_5_1164953_841,0x175c51c,67,FUN_18175c51c,,,a6624f6c1d68f53a785b21bb9b8e2490667bbd0a913a179609812b945fb6f4e3,undefined FUN_18175c51c(),ghidra,clean,
WHGame.dll,release_1_5_1164953_841,0x175c55f,67,FUN_18175c55f,,,579b0878b0114dd098d50efc5c75f18294ea5a4f0b6111657f888c39dcab92ae,undefined FUN_18175c55f(),ghidra,clean,
WHGame.dll,release_1_5_1164953_841,0x175c5a2,67,FUN_18175c5a2,,,4ae27a95f3ad1b29b99e0ba8040af1460ede66d4df96d2a854733234803d658f,undefined FUN_18175c5a2(),ghidra,clean,
WHGame.dll,release_1_5_1164953_841,0x175c5e5,67,FUN_18175c5e5,,,ee1977e46b226d4a8a98444590f2023d7cd26b735d74e286c02cae2b58c8b8e4,undefined FUN_18175c5e5(),ghidra,clean,
WHGame.dll,release_1_5_1164953_841,0x175c628,67,FUN_18175c628,,,5fe44b067654af39f2df49a89a73793df5d17ff2a58c6e9add3c10b05ca38d0b,undefined FUN_18175c628(),ghidra,clean,
WHGame.dll,release_1_5_1164953_841,0x175c66b,67,FUN_18175c66b,,,9bc4c379970c47ee28b04f6586148c2a4009dcbdd9f11cf593831e8cd3707d1e,undefined FUN_18175c66b(),ghidra,clean,
WHGame.dll,release_1_5_1164953_841,0x175c6ae,67,FUN_18175c6ae,,,ef5a40300b62b9082e1b8466c94684af4cb1e631ab2db658dede8132edae4b22,undefined FUN_18175c6ae(),ghidra,clean,
WHGame.dll,release_1_5_1164953_841,0x175c6f1,67,FUN_18175c6f1,,,0b99e14eff6c30cf47e5df50222138897d245c439591ed6fc14d651520bf7b96,undefined FUN_18175c6f1(),ghidra,clean,
WHGame.dll,release_1_5_1164953_841,0x175c734,67,FUN_18175c734,,,2bebee6defd2b2e807f44e6d254fd13644d3c5b3681d3bc1cefe0403062b1933,undefined FUN_18175c734(),ghidra,clean,
WHGame.dll,release_1_5_1164953_841,0x175c777,67,FUN_18175c777,,,e73c967bed0a15b0b00b7168a7b0f8d804ff14de25595c6b4e643b38a8aae77a,undefined FUN_18175c777(),ghidra,clean,
WHGame.dll,release_1_5_1164953_841,0x175c7ba,67,FUN_18175c7ba,,,2464d43667077c2c3dbd07db150671003d50ab1e63d493c919737c2f3d3b61f5,undefined FUN_18175c7ba(),ghidra,clean,
WHGame.dll,release_1_5_1164953_841,0x175c7fd,67,FUN_18175c7fd,,,c2aeeef5667b61e51dd673a140764ae8c1572be65ce282f9e37d3fa11284d8b8,undefined FUN_18175c7fd(),ghidra,clean,
WHGame.dll,release_1_5_1164953_841,0x175c840,67,FUN_18175c840,,,c573635b700bff1c8faa613e6138ba9172901bd67bce1a01dacf241f2f7dfa5b,undefined FUN_18175c840(),ghidra,clean,
WHGame.dll,release_1_5_1164953_841,0x175c883,67,FUN_18175c883,,,ca6dca9fd9b49b5b2a98b883f7191d8fdf605ad110b2b5c8c6908eb345e217aa,undefined FUN_18175c883(),ghidra,clean,
WHGame.dll,release_1_5_1164953_841,0x175c8c6,67,FUN_18175c8c6,,,f38af311abc8753876ac73e9acf8bf1bc436e452b85c7e28a0f2cfba38c51536,undefined FUN_18175c8c6(),ghidra,clean,
WHGame.dll,release_1_5_1164953_841,0x175c909,67,FUN_18175c909,,,c86cbae28a28b5ba41f43f5d1c89c3fce88dc014136e45272a470a9bb23a1147,undefined FUN_18175c909(),ghidra,clean,
WHGame.dll,release_1_5_1164953_841,0x175c94c,67,FUN_18175c94c,,,6960afa1c5cd5b10aa69ed3d9a46885bd8dd21d721860278915f2ba0d507cfb6,undefined FUN_18175c94c(),ghidra,clean,
WHGame.dll,release_1_5_1164953_841,0x175c98f,67,FUN_18175c98f,,,ed34cc2f78db911e64858b907927186dfc3f46d4603edd1d7f87b05b108bd284,undefined FUN_18175c98f(),ghidra,clean,
WHGame.dll,release_1_5_1164953_841,0x175c9d2,67,FUN_18175c9d2,,,ac2c44fbc45c88984be1c19010bf1383a120a49d296082fe179501f5fe2122d8,undefined FUN_18175c9d2(),ghidra,clean,
WHGame.dll,release_1_5_1164953_841,0x175ca15,67,FUN_18175ca15,,,2a2d30af39ae7ffaff230d13e6308db077796bf0713aac08d59564d58b339836,undefined FUN_18175ca15(),ghidra,clean,
WHGame.dll,release_1_5_1164953_841,0x175ca58,67,FUN_18175ca58,,,e187ebe3989e223c49ddf09c652b84ac1be1b9bc583e22e24f53d9a6a7f1abea,undefined FUN_18175ca58(),ghidra,clean,
WHGame.dll,release_1_5_1164953_841,0x175ca9b,67,FUN_18175ca9b,,,8cb3399c71e537c16c2cf1f0ba3f117679b8cd8609b0cdc296b913d480db1e46,undefined FUN_18175ca9b(),ghidra,clean,
WHGame.dll,release_1_5_1164953_841,0x175cade,67,FUN_18175cade,,,a783ce0fc8fe0d8357a993149b5f9246f9c299e73d1282e80c4a2e7144f9db61,undefined FUN_18175cade(),ghidra,clean,
WHGame.dll,release_1_5_1164953_841,0x175cb21,67,FUN_18175cb21,,,61e226c7866161a1ff8f10f3cf195e18227ba7e4276165c26facce2c26fd3a38,undefined FUN_18175cb21(),ghidra,clean,
WHGame.dll,release_1_5_1164953_841,0x175cb64,67,FUN_18175cb64,,,1aa696d99f85e7caffd90f7ce4da27fc9b58194cbbca3a2f1312c1b49c2bfee3,undefined FUN_18175cb64(),ghidra,clean,
WHGame.dll,release_1_5_1164953_841,0x175cba7,107,FUN_18175cba7,,,91de03909a60ec58b48067d78d4e6dd7642de395586d7d069cf3d6a8af0d9561,undefined FUN_18175cba7(),ghidra,clean,
WHGame.dll,release_1_5_1164953_841,0x175cbea,71,FUN_18175cbea,,,77c1ee09e6080c9d284398036c2963024f24f93e58138e8513e5fc493ee3fe0c,undefined FUN_18175cbea(),ghidra,clean,
WHGame.dll,release_1_5_1164953_841,0x175cc29,97,FUN_18175cc29,,,e0ea45ba96352c9aa7dcb56f418b5163dd2903fbacc128996f808df09465c8c0,undefined FUN_18175cc29(),ghidra,clean,
WHGame.dll,release_1_5_1164953_841,0x175cc94,296,FUN_18175cc94,,,07dff2b96d9b7f84e15f44f4aa9d680def15fdbd9cf74fce50331d65fca1be6e,undefined FUN_18175cc94(),ghidra,clean,
WHGame.dll,release_1_5_1164953_841,0x175cdbc,503,FUN_18175cdbc,,,a91ab1f75a483cb89d2aa2ac4da874663ec8ecfebb844b56171f956fecdaf620,undefined FUN_18175cdbc(),ghidra,clean,
WHGame.dll,release_1_5_1164953_841,0x175cf94,273,FUN_18175cf94,,,b2bd3cf19c9b3d7f506ded2100c1e602917ade467f7e3a4537600df9ed55825f,undefined FUN_18175cf94(),ghidra,clean,
WHGame.dll,release_1_5_1164953_841,0x175d098,196,FUN_18175d098,,,d52b907ec0b651c08f6528ec870a7a48384e5459d3789c5b4511572128c012b8,undefined FUN_18175d098(),ghidra,clean,
WHGame.dll,release_1_5_1164953_841,0x175d154,175,FUN_18175d154,,,8e20b84eee20620c41326952fa5dbe94b13a10d700332084709ebabc9cf0b7f2,undefined FUN_18175d154(),ghidra,clean,
WHGame.dll,release_1_5_1164953_841,0x175d204,151,FUN_18175d204,,,92715a9e808ba32043013366ddbb68ddb1ee3139cb00db423f9b033345ae83e5,undefined FUN_18175d204(),ghidra,clean,
WHGame.dll,release_1_5_1164953_841,0x175d29c,151,FUN_18175d29c,,,8ee803a52c097906232df857fccaf27c6b671e4ac26d622cd4a69eda2d011a86,undefined FUN_18175d29c(),ghidra,clean,
WHGame.dll,release_1_5_1164953_841,0x175d334,155,FUN_18175d334,,,980336579f8a0fd0e02d0a06cbbbc556e77ed1c76f817c4d1d3861e64bdc9234,undefined FUN_18175d334(),ghidra,clean,
WHGame.dll,release_1_5_1164953_841,0x175d3d0,311,FUN_18175d3d0,,,21724dcbd8a66ae7dd439d1caad52925d7b37af9ba4e86e3bccfd071b55df416,undefined FUN_18175d3d0(),ghidra,clean,
WHGame.dll,release_1_5_1164953_841,0x175d508,170,FUN_18175d508,,,a5b7481cd1670868b0e4e5830e1d9f72005a679df94e56bdef8b556f2053f2a9,undefined FUN_18175d508(),ghidra,clean,
WHGame.dll,release_1_5_1164953_841,0x175d5b4,100,FUN_18175d5b4,,,0711d42138ff454e9ba8ae765217d76ca25c06010ed3f2f24754a527f9577ae7,undefined FUN_18175d5b4(),ghidra,clean,
WHGame.dll,release_1_5_1164953_841,0x175d5f4,55,FUN_18175d5f4,,,705857f18c77ebd5009094c4a5bda14ff5dfea49c7f91c66ceb74f5b743dde4d,undefined FUN_18175d5f4(),ghidra,clean,
WHGame.dll,release_1_5_1164953_841,0x175d62c,26,FUN_18175d62c,,,e0ee580476b443953cb157ab906d22f6f5b3bf729cd606556190fa303fb9d6a0,undefined FUN_18175d62c(),ghidra,clean,
WHGame.dll,release_1_5_1164953_841,0x175d648,26,FUN_18175d648,,,b993a10e8f38218db26c08991d8dca864c4f9b74c3d9e682f4c277ed504d032f,undefined FUN_18175d648(),ghidra,clean,
WHGame.dll,release_1_5_1164953_841,0x175d664,30,FUN_18175d664,,,a3ef4ed55edef6c448fec721d108c594a5dda8ec0fbf6535895f44fa3a08b911,undefined FUN_18175d664(),ghidra,clean,
WHGame.dll,release_1_5_1164953_841,0x175d684,91,FUN_18175d684,,,dc0f6a5aa9ed893cbaf1c05a616de55ca5bba5e245e093d1e2507d043493de96,undefined FUN_18175d684(),ghidra,clean,
WHGame.dll,release_1_5_1164953_841,0x175d6e0,190,FUN_18175d6e0,,,d7fd5ec65561ef9b8bd1fc11c3b0d8e6825d736ee65e0d435d9b0ddeab4b5e55,undefined FUN_18175d6e0(),ghidra,clean,
WHGame.dll,release_1_5_1164953_841,0x175d7a0,155,FUN_18175d7a0,,,940e99172fc9848c4749ec2a5d22bbfbdc4061c42a3dc15bd03f61d92b2b78ed,undefined FUN_18175d7a0(),ghidra,clean,
WHGame.dll,release_1_5_1164953_841,0x175d83c,291,FUN_18175d83c,,,bebec75e4aab8445f9a17694d1628adbf9227ad4464024f6a12eb325cedce34d,undefined FUN_18175d83c(),ghidra,clean,
WHGame.dll,release_1_5_1164953_841,0x175d960,155,FUN_18175d960,,,a1f12049a8df94beacf4ac0521a41eb36f6a3d2a8771e6715f7fe90ff8c6e719,undefined FUN_18175d960(),ghidra,clean,
WHGame.dll,release_1_5_1164953_841,0x175d9fc,291,FUN_18175d9fc,,,05f8e2b6a834e14f690708d1f5b99aa1d26e49915758328ddb9c5914ffc39196,undefined FUN_18175d9fc(),ghidra,clean,
WHGame.dll,release_1_5_1164953_841,0x175db20,208,FUN_18175db20,,,2b55a4998f3f765d5f5a44aa1eff180e672d9c97721599f65abb0665473654bd,undefined FUN_18175db20(),ghidra,clean,
WHGame.dll,release_1_5_1164953_841,0x175dbf0,35,FUN_18175dbf0,,,35e8a36d9798a00e588f0bbb00cda144c5d05a24dae9d91d8771799637dd8ef4,undefined FUN_18175dbf0(),ghidra,clean,
WHGame.dll,release_1_5_1164953_841,0x175dc14,120,FUN_18175dc14,,,0aa61275c0839c42cc8d6b2e453157f6d3d4832028bb331a3d302b58fada6a0c,undefined FUN_18175dc14(),ghidra,clean,
WHGame.dll,release_1_5_1164953_841,0x175dc90,9,FUN_18175dc90,,,ff7c3f7904c7c0798580a8f94ae11e9f9e371ff249b4aea96dec550175313ac4,undefined FUN_18175dc90(),ghidra,clean,
WHGame.dll,release_1_5_1164953_841,0x175dc9c,11,FUN_18175dc9c,,,8260635d3ac64879dfc8969995d94d4b3fe5296da3913046a0c71959fa71e96f,undefined FUN_18175dc9c(),ghidra,clean,
WHGame.dll,release_1_5_1164953_841,0x175dcb0,8,FUN_18175dcb0,,,a5fa37c0c2e88a89e0305a7e8331ef926f7df831e8cc430cf472b1a052e39de6,undefined FUN_18175dcb0(),ghidra,clean,
WHGame.dll,release_1_5_1164953_841,0x175dcb8,296,FUN_18175dcb8,,,147c6793d8c916d950bcfed8ba0bd43a60181473e81335df99527085af770517,undefined FUN_18175dcb8(),ghidra,clean,
WHGame.dll,release_1_5_1164953_841,0x175dde0,503,FUN_18175dde0,,,ac46be9c8f48abcd898c9b52ff9eb28122812b14708b337dca3d8737e7791fc0,undefined FUN_18175dde0(),ghidra,clean,
WHGame.dll,release_1_5_1164953_841,0x175dfb8,273,FUN_18175dfb8,,,8b93767cec285d90590f5d770febdd0cd0bc63dc122e6b48aa8ec509cf6b44a9,undefined FUN_18175dfb8(),ghidra,clean,
WHGame.dll,release_1_5_1164953_841,0x175e0bc,196,FUN_18175e0bc,,,5c25b6dcdf2b7388c815f5306db9b6d43acbaa93e5126d62ce7bf4df89d8fa6b,undefined FUN_18175e0bc(),ghidra,clean,
WHGame.dll,release_1_5_1164953_841,0x175e178,175,FUN_18175e178,,,49caefc2a3f9b9f25b0905a8fa19dd7785cff84743952486cbff409427f69976,undefined FUN_18175e178(),ghidra,clean,
WHGame.dll,release_1_5_1164953_841,0x175e228,151,FUN_18175e228,,,48508905e03559fa6e26fcab2b31a571c099a86e2336d44d37d79b0209f5b4e6,undefined FUN_18175e228(),ghidra,clean,
WHGame.dll,release_1_5_1164953_841,0x175e2c0,163,FUN_18175e2c0,,,71f32c398e299cea96e00020c0585914df651f1358df25bfcecf6d1d0d00138d,undefined FUN_18175e2c0(),ghidra,clean,
WHGame.dll,release_1_5_1164953_841,0x175e35c,26,FUN_18175e35c,,,ff419b3cb744d0f0debf5cc7b824585cde222e3fce115ecc84361fb36575d5bc,undefined FUN_18175e35c(),ghidra,clean,
WHGame.dll,release_1_5_1164953_841,0x175e378,30,FUN_18175e378,,,1c183f3c911871ae0c15846f81f627e59c28aeaed66b708c5aa420a431908815,undefined FUN_18175e378(),ghidra,clean,
WHGame.dll,release_1_5_1164953_841,0x175e398,30,FUN_18175e398,,,069ef60b3d5f30c47f98e02866031954ef2c6bb5f913e79289bcb92081cb51bc,undefined FUN_18175e398(),ghidra,clean,
WHGame.dll,release_1_5_1164953_841,0x175e3b8,163,FUN_18175e3b8,,,a3952733c24798e6c570a5735ce700221048add6efd1e6874a95110866a579cd,undefined FUN_18175e3b8(),ghidra,clean,
WHGame.dll,release_1_5_1164953_841,0x175e45c,228,FUN_18175e45c,,,8ae5f7e2d7e5d74c3a3b054aff0a1c26220b4d7e2d3eb52e00af13760f0bfbf2,undefined FUN_18175e45c(),ghidra,clean,
WHGame.dll,release_1_5_1164953_841,0x175e538,178,FUN_18175e538,,,faee90c6eab779ca3f70e71364a031372654b194962924cd8d6c0cfeba56c8da,undefined FUN_18175e538(),ghidra,clean,
WHGame.dll,release_1_5_1164953_841,0x175e5ec,44,FUN_18175e5ec,,,f371271240426c7503d1e960cda636c2294f22fe2b93aadaf50323b5a9b1cf3a,undefined FUN_18175e5ec(),ghidra,clean,
WHGame.dll,release_1_5_1164953_841,0x175e618,234,FUN_18175e618,,,fed7a519cdf81bd927317d8717f576e1d33ad9cdccde679262e8b6c462f837d6,undefined FUN_18175e618(),ghidra,clean,
WHGame.dll,release_1_5_1164953_841,0x175e704,207,FUN_18175e704,,,3039424dc90044109ebcd75184a1233dbbb3c68ae89bd50686277e3750e93490,undefined FUN_18175e704(),ghidra,clean,
WHGame.dll,release_1_5_1164953_841,0x175e7c4,261,FUN_18175e7c4,,,9a59262b1da164587959e05bf55317971c4dc2131ded670d124a2a6d0caa72ba,undefined FUN_18175e7c4(),ghidra,clean,
WHGame.dll,release_1_5_1164953_841,0x175e8c0,196,FUN_18175e8c0,,,6edea37e6f0f1ad774e9d17ce8b349b7166841e6682844d469508569eff6140c,undefined FUN_18175e8c0(),ghidra,clean,
WHGame.dll,release_1_5_1164953_841,0x175e984,234,FUN_18175e984,,,f93d8e7cfe9eb57c6183fff5e96f6e63ad4e19137735707586c4a10a81fc8a82,undefined FUN_18175e984(),ghidra,clean,
WHGame.dll,release_1_5_1164953_841,0x175ea70,207,FUN_18175ea70,,,4f5c33a6ca026ad613f0dfc12312f7d7b6b0004d08145ac5b9f9c4b245491b8e,undefined FUN_18175ea70(),ghidra,clean,
WHGame.dll,release_1_5_1164953_841,0x175eb30,261,FUN_18175eb30,,,8fe4089df392aff94ba3db0dd89711c78fd325288c652d75c38edfc29fe95aa6,undefined FUN_18175eb30(),ghidra,clean,
WHGame.dll,release_1_5_1164953_841,0x175ec2c,196,FUN_18175ec2c,,,55278d406190be339db4bed73b3b9fad3f8ab08def7640d7eef4572c4d7804b3,undefined FUN_18175ec2c(),ghidra,clean,
WHGame.dll,release_1_5_1164953_841,0x175ecf0,233,FUN_18175ecf0,,,e80d25326346f149e9c0f48752ece4338d9e5db70e3404cd1a6a562b00c290ad,undefined FUN_18175ecf0(),ghidra,clean,
WHGame.dll,release_1_5_1164953_841,0x175edbc,661,FUN_18175edbc,,,6041b7c90657c7b7ba06491b8330cf473e20bb45289fd2d9be27d6f051d51b7b,undefined FUN_18175edbc(),ghidra,clean,
WHGame.dll,release_1_5_1164953_841,0x175f054,196,FUN_18175f054,,,c3d3eb3c039af96829e09073daba31f4de2b80777d637d80d681c93a484af3c9,undefined FUN_18175f054(),ghidra,clean,
WHGame.dll,release_1_5_1164953_841,0x175f108,465,FUN_18175f108,,,490c7310a3b9e871fe4b9c5647091c1144deba60fec56ffee7803613f2ee0dd4,undefined FUN_18175f108(),ghidra,clean,
WHGame.dll,release_1_5_1164953_841,0x175f2d0,563,FUN_18175f2d0,,,dbc9983e12c565b4de11357bdd8990e6c4e3f59e0d2732e1dff7be46354396d5,undefined FUN_18175f2d0(),ghidra,clean,
WHGame.dll,release_1_5_1164953_841,0x175f504,180,FUN_18175f504,,,9b2c80ea4c1999b7b5573f6c52bb097b023a22c9ec3eff469b2d11df29a61406,undefined FUN_18175f504(),ghidra,clean,
WHGame.dll,release_1_5_1164953_841,0x175f5b8,180,FUN_18175f5b8,,,e5ebe2b48e6b28925a89c4202008e2d0fcaa13640404a331d70440aec608c269,undefined FUN_18175f5b8(),ghidra,clean,
WHGame.dll,release_1_5_1164953_841,0x175f66c,180,FUN_18175f66c,,,6e72fe4cf46dbe142ea31d96eb918b7a4b2fc352cd6d9058bc2073cc5ac851f2,undefined FUN_18175f66c(),ghidra,clean,
WHGame.dll,release_1_5_1164953_841,0x175f720,180,FUN_18175f720,,,03899a02cfab7d03e91d09f5c0c1cc7aca415fca9dba008aef11393885c06d0c,undefined FUN_18175f720(),ghidra,clean,
WHGame.dll,release_1_5_1164953_841,0x175f7d4,576,FUN_18175f7d4,,,a82271e414047f1d2849e30b335be8a0f327a9c7cedbda71f84181412609289b,undefined FUN_18175f7d4(),ghidra,clean,
WHGame.dll,release_1_5_1164953_841,0x175f810,55,FUN_18175f810,,,4322125205c090a6b71e87e2be98d2ca6fc29a49ab8f4b8d6c7341ecc3919cd1,undefined FUN_18175f810(),ghidra,clean,
WHGame.dll,release_1_5_1164953_841,0x175f838,169,FUN_18175f838,,,41c7694cc8643678419fc847b3a9c6bd3bf3949d4c6270eeeff5d5e3617b48f4,undefined FUN_18175f838(),ghidra,clean,
WHGame.dll,release_1_5_1164953_841,0x175f8d8,46,FUN_18175f8d8,,,83a28477d2e9d77aa46fbbdd390610d57ee58d3dd3e12565105282f3d530e3f6,undefined FUN_18175f8d8(),ghidra,clean,
WHGame.dll,release_1_5_1164953_841,0x175f908,145,FUN_18175f908,,,40f32b2b038e25492f7c7b978c6eb0b2320ab797ab6d2f220c525bcff35b3cc1,undefined FUN_18175f908(),ghidra,clean,
WHGame.dll,release_1_5_1164953_841,0x175f99c,297,FUN_18175f99c,,,6686b70dd52f8dd3e4a1fbb46f2e4ca86f615a82f830af5568bc4b44c5f51b52,undefined FUN_18175f99c(),ghidra,clean,
WHGame.dll,release_1_5_1164953_841,0x175fac8,150,FUN_18175fac8,,,b808e77ee81bfc56845e60dd74a662d6b1025a044a8c535a3da5c6028749ee28,undefined FUN_18175fac8(),ghidra,clean,
WHGame.dll,release_1_5_1164953_841,0x175fb60,30,FUN_18175fb60,,,7652ac9e9962db95c8b0ccba2eb59d340129c862b84d5288854375516321d3ab,undefined FUN_18175fb60(),ghidra,clean,
WHGame.dll,release_1_5_1164953_841,0x175fb80,30,FUN_18175fb80,,,1deecb9ad632e3151c9ea18d9c6f7b49ee4828eb6fc4d7a84dea457c1e1ecfc6,undefined FUN_18175fb80(),ghidra,clean,
WHGame.dll,release_1_5_1164953_841,0x175fba0,155,FUN_18175fba0,,,83cea25d4bd33ab5321b91a449978c9e83b2b232f20a25c752a8ea14d752641a,undefined FUN_18175fba0(),ghidra,clean,
WHGame.dll,release_1_5_1164953_841,0x175fc3c,291,FUN_18175fc3c,,,b44ac649aa2620ba7ea72fd7499a3766e7150be5ed532f0b2a367b24bbb0c949,undefined FUN_18175fc3c(),ghidra,clean,
WHGame.dll,release_1_5_1164953_841,0x175fd60,155,FUN_18175fd60,,,e071d282a527d174d1dae3b1a820154f7b742e39b20c3663a87d0e768e04e3c2,undefined FUN_18175fd60(),ghidra,clean,
WHGame.dll,release_1_5_1164953_841,0x175fdfc,291,FUN_18175fdfc,,,fd37bafbfd62f4fe5d9fdfdbd4721cd4a8185ef1003fba2f65f0dd0e1bc8833c,undefined FUN_18175fdfc(),ghidra,clean,
WHGame.dll,release_1_5_1164953_841,0x175ff20,155,FUN_18175ff20,,,d241dfeab4adfbeaf7a6941b03811c8dcd2a937c4295f6fe58b3e696a4725dd0,undefined FUN_18175ff20(),ghidra,clean,
WHGame.dll,release_1_5_1164953_841,0x175ffbc,291,FUN_18175ffbc,,,897619adace109189391ccbf34fb05e530a8e41d6ce7a6960dc27d7c0333a959,undefined FUN_18175ffbc(),ghidra,clean,
WHGame.dll,release_1_5_1164953_841,0x17600e0,2763,FUN_1817600e0,,,b07454e541c778b73688dc0af4c4bb1462dac7cc42e5c02412f914ac1dc4871f,undefined FUN_1817600e0(),ghidra,clean,
WHGame.dll,release_1_5_1164953_841,0x1760bac,94,FUN_181760bac,,,2d2a1b5bfd412265ca5556d5ef3a9ab70af5aca4fb850939bc72b50011cd850d,undefined FUN_181760bac(),ghidra,clean,
WHGame.dll,release_1_5_1164953_841,0x1760c0c,120,FUN_181760c0c,,,c511b4c77570ebe2c848744e6a80b95b98e3a66800c83db2564c8b3788ec8bd1,undefined FUN_181760c0c(),ghidra,clean,
WHGame.dll,release_1_5_1164953_841,0x1760c88,180,FUN_181760c88,,,816d6c04d8478b201fc791269fe307e64eaf0ba153731e03414fa796f790e237,undefined FUN_181760c88(),ghidra,clean,
WHGame.dll,release_1_5_1164953_841,0x1760d3c,180,FUN_181760d3c,,,75c2f7d36c785441e004ffe9be6f4da524e9dc9945f27bf41c2ef615032a4037,undefined FUN_181760d3c(),ghidra,clean,
WHGame.dll,release_1_5_1164953_841,0x1760df0,180,FUN_181760df0,,,60413d1eccec17c372e14b5894a750e3ecc31e23ac6f1fb56d3248883df3d870,undefined FUN_181760df0(),ghidra,clean,
WHGame.dll,release_1_5_1164953_841,0x1760ea4,180,FUN_181760ea4,,,05f5f3d1161a5be487b410c01dc2ff91eaea86a660d59dce835b65a5ed19fc7e,undefined FUN_181760ea4(),ghidra,clean,
WHGame.dll,release_1_5_1164953_841,0x1760f58,180,FUN_181760f58,,,40a2d304c0d76a6b6e2487ec689782d2e9f1a944b6e54e38b7cc50634aa3f854,undefined FUN_181760f58(),ghidra,clean,
WHGame.dll,release_1_5_1164953_841,0x176100c,180,FUN_18176100c,,,17d3bc457f9ee005480242a7656153c7e70e511b4c50989624cb81312e34dbdf,undefined FUN_18176100c(),ghidra,clean,
WHGame.dll,release_1_5_1164953_841,0x17610c0,180,FUN_1817610c0,,,74cd1c2c3472333a67e29e41a441e5e8e557215b09783217ff2cc0fb1a1a2b54,undefined FUN_1817610c0(),ghidra,clean,
WHGame.dll,release_1_5_1164953_841,0x1761174,180,FUN_181761174,,,4b1b9f61c1159a192982f3e4d9a3cec427c7cab598790be5b23856630962cd1f,undefined FUN_181761174(),ghidra,clean,
WHGame.dll,release_1_5_1164953_841,0x1761228,180,FUN_181761228,,,ccadf0bdc405aace15a98b17b253c0d739ab2d9bcab652d108eda9c20be3b065,undefined FUN_181761228(),ghidra,clean,
WHGame.dll,release_1_5_1164953_841,0x17612dc,180,FUN_1817612dc,,,9c1f4a756a0d28d265fd5998eb3f2d74897c360f513adf0c67fc1bbe56870357,undefined FUN_1817612dc(),ghidra,clean,
WHGame.dll,release_1_5_1164953_841,0x1761390,180,FUN_181761390,,,0b0ea2fbe173aa4bdff26a9e63e5e1e6cdc98086adcd3e3b757053f65881debc,undefined FUN_181761390(),ghidra,clean,
WHGame.dll,release_1_5_1164953_841,0x1761444,180,FUN_181761444,,,2242c166b4e3b5367150de5c46b8745f2c78cf1fa6a3015c6476bd3b78252628,undefined FUN_181761444(),ghidra,clean,
WHGame.dll,release_1_5_1164953_841,0x17614f8,180,FUN_1817614f8,,,f4e6e32ba3fd099d7525724f13cf3bdbc3ec1c3c79e9f58986d61894af436e49,undefined FUN_1817614f8(),ghidra,clean,
WHGame.dll,release_1_5_1164953_841,0x17615ac,180,FUN_1817615ac,,,18017ed6811218ff1cbb264296b9175003d991f99ed11a95775d3cc406990a6b,undefined FUN_1817615ac(),ghidra,clean,
WHGame.dll,release_1_5_1164953_841,0x1761660,180,FUN_181761660,,,7c9a88cb399a9eeee97b12f959e8a04f10f2902e47a78e878ee11f844e4abf2d,undefined FUN_181761660(),ghidra,clean,
WHGame.dll,release_1_5_1164953_841,0x1761714,180,FUN_181761714,,,21adc92892e31df543bba823db4243bc9b3bf9c6645b18d1b8b026b49e8dd3be,undefined FUN_181761714(),ghidra,clean,
WHGame.dll,release_1_5_1164953_841,0x17617c8,180,FUN_1817617c8,,,ab7bf9d24681d3a6a59b32cf4edd8e6e18f735a21f6e0aeca4c4363cf44214ec,undefined FUN_1817617c8(),ghidra,clean,
WHGame.dll,release_1_5_1164953_841,0x176187c,180,FUN_18176187c,,,e4744d82099031f8bbf8ff5fe1212a43df246253ffd4d164d326a04a40f73055,undefined FUN_18176187c(),ghidra,clean,
WHGame.dll,release_1_5_1164953_841,0x1761930,180,FUN_181761930,,,7197bff9181f48652994288b5974c41a14049d8f7ac92ab113bc92e9f9f41c53,undefined FUN_181761930(),ghidra,clean,
WHGame.dll,release_1_5_1164953_841,0x17619e4,180,FUN_1817619e4,,,6bf096fa20fc74908c1b2fb2479d72afc375bb9af9c9c9de25c3126462a03d42,undefined FUN_1817619e4(),ghidra,clean,
WHGame.dll,release_1_5_1164953_841,0x1761a98,180,FUN_181761a98,,,8c91a259403e0d1260eb9328c5ac29fd389a95cd56b475b2fa3af0e4430b64d6,undefined FUN_181761a98(),ghidra,clean,
WHGame.dll,release_1_5_1164953_841,0x1761b4c,180,FUN_181761b4c,,,5d9de491a241dcc4464650c85bfd707693db7ffbe35b7e7b35ef7d61cd010d94,undefined FUN_181761b4c(),ghidra,clean,
WHGame.dll,release_1_5_1164953_841,0x1761c00,180,FUN_181761c00,,,51411e627d0330c2a18adc5601ef5119c915c8ce7efcacc5b437a3958adbbece,undefined FUN_181761c00(),ghidra,clean,
WHGame.dll,release_1_5_1164953_841,0x1761cb4,180,FUN_181761cb4,,,bba60cc0eeda2e5250db096b52b37c94c8fca4027beaddc570cd7601d8983409,undefined FUN_181761cb4(),ghidra,clean,
WHGame.dll,release_1_5_1164953_841,0x1761d68,180,FUN_181761d68,,,3a513672e68f20384434e8bbf98c588ab0c365a0cfd077a4a25d951e768af127,undefined FUN_181761d68(),ghidra,clean,
WHGame.dll,release_1_5_1164953_841,0x1761e1c,180,FUN_181761e1c,,,a9ef91392a52e5a59653511ee9f1a0d75e147f6b552c89f17b6efb6e3872c0bb,undefined FUN_181761e1c(),ghidra,clean,
WHGame.dll,release_1_5_1164953_841,0x1761ed0,180,FUN_181761ed0,,,00d4d533b23e6bd51b7a3d09306d33cc8019dd233d0fb255a498c6ff0dae0120,undefined FUN_181761ed0(),ghidra,clean,
WHGame.dll,release_1_5_1164953_841,0x1761f84,180,FUN_181761f84,,,5012eff06687ecef788519624531013d80d4598a51e7e03c7201b4943583c594,undefined FUN_181761f84(),ghidra,clean,
WHGame.dll,release_1_5_1164953_841,0x1762038,180,FUN_181762038,,,4f84e2656c57581b86bcf604967f6703f7f43e5a425eb45fc1ef9fae5900092c,undefined FUN_181762038(),ghidra,clean,
WHGame.dll,release_1_5_1164953_841,0x17620ec,180,FUN_1817620ec,,,369f7f200fb814823bdaa15845829f64ec0641dbdd8ce7a8005fbd97594f7ba6,undefined FUN_1817620ec(),ghidra,clean,
WHGame.dll,release_1_5_1164953_841,0x17621a0,180,FUN_1817621a0,,,7ce5365efd554b472f0480c408b96de1ed8fb895cb3f0714721eecdc749039ca,undefined FUN_1817621a0(),ghidra,clean,
WHGame.dll,release_1_5_1164953_841,0x1762254,180,FUN_181762254,,,f0102ac1b4ba0ce652a5c81d3ec6b492f8e95e6f9cef5fdad9c997f23ac80e9a,undefined FUN_181762254(),ghidra,clean,
WHGame.dll,release_1_5_1164953_841,0x1762308,180,FUN_181762308,,,bd0ec02d853a8d5f3ce1765e667a79292058e1c30126fb3551d4111343087ecb,undefined FUN_181762308(),ghidra,clean,
WHGame.dll,release_1_5_1164953_841,0x17623bc,180,FUN_1817623bc,,,86c8ed82bc4f870b8871e5e383c889b732d468287d40f66915ccdacc0f3a6fde,undefined FUN_1817623bc(),ghidra,clean,
WHGame.dll,release_1_5_1164953_841,0x1762470,180,FUN_181762470,,,bade96095003e2c9ba0389e79bbac2e5f6b23bf506c2bc629a8c4c4a37506a02,undefined FUN_181762470(),ghidra,clean,
WHGame.dll,release_1_5_1164953_841,0x1762524,180,FUN_181762524,,,99a603dfb8baba4a759c4d487c0fac4d33784bbaff2d752fbcb797981e0b1fd1,undefined FUN_181762524(),ghidra,clean,
WHGame.dll,release_1_5_1164953_841,0x17625d8,180,FUN_1817625d8,,,77074c4bd76d517e5fa491f0e6fcbe878e23e7e806bdd00cc6c1f344b1da2592,undefined FUN_1817625d8(),ghidra,clean,
WHGame.dll,release_1_5_1164953_841,0x176268c,180,FUN_18176268c,,,a918d1c2ba9211081697b503f553239097320947207f530c5ac2a9b3a24f803e,undefined FUN_18176268c(),ghidra,clean,
WHGame.dll,release_1_5_1164953_841,0x1762740,180,FUN_181762740,,,801b173d3b75435e68d9f159e9cdd9ce632bd95d7082ce2d1d62716fce5f5cbd,undefined FUN_181762740(),ghidra,clean,
WHGame.dll,release_1_5_1164953_841,0x17627f4,180,FUN_1817627f4,,,5501ce99fac08a1b8e76ceb6594e00c01bc92ec9f32f9e6708d8e66925590482,undefined FUN_1817627f4(),ghidra,clean,
WHGame.dll,release_1_5_1164953_841,0x17628a8,180,FUN_1817628a8,,,9aca1a933aff6caa03903108ed4609bae877d4317d793598c3db0e1ce3f1b35d,undefined FUN_1817628a8(),ghidra,clean,
WHGame.dll,release_1_5_1164953_841,0x176295c,180,FUN_18176295c,,,4e8cebd12d516fbe258216fad378cffa2b86463bacb1a48de71e8a2f5b8b5975,undefined FUN_18176295c(),ghidra,clean,
WHGame.dll,release_1_5_1164953_841,0x1762a10,180,FUN_181762a10,,,0a517199fd8455ce78586ba752b16b6d336e068bade2936dc1e7338ef77da76b,undefined FUN_181762a10(),ghidra,clean,
WHGame.dll,release_1_5_1164953_841,0x1762ac4,180,FUN_181762ac4,,,daf9b48c22b2392b3e72daac564dc959d1a633178d9ba041c91a9c66eef77ed0,undefined FUN_181762ac4(),ghidra,clean,
WHGame.dll,release_1_5_1164953_841,0x1762b78,180,FUN_181762b78,,,b6d5d59875c491f40bd9817d2d07620aa8b3cca938a81f02ace313803b89daf9,undefined FUN_181762b78(),ghidra,clean,
WHGame.dll,release_1_5_1164953_841,0x1762c2c,180,FUN_181762c2c,,,af76d7fc8fd296e9385b73ad55e75aa70e2d74ae74b71eb21c6ab915a8ff7184,undefined FUN_181762c2c(),ghidra,clean,
WHGame.dll,release_1_5_1164953_841,0x1762ce0,180,FUN_181762ce0,,,ab66986c185368b6c42629a881de01e8b275cfe9c40e1d21c2d0cb1022d1d312,undefined FUN_181762ce0(),ghidra,clean,
WHGame.dll,release_1_5_1164953_841,0x1762d94,180,FUN_181762d94,,,921200933be611abf4bad875e8004aa48f91831353523cb742864409f4af1bbb,undefined FUN_181762d94(),ghidra,clean,
WHGame.dll,release_1_5_1164953_841,0x1762e48,180,FUN_181762e48,,,a41322f00b1582b1166cbcf5cd5e449cf4ab583ecd083696ebb524b683ba3773,undefined FUN_181762e48(),ghidra,clean,
WHGame.dll,release_1_5_1164953_841,0x1762efc,180,FUN_181762efc,,,0a548565d13f0e23755c5a0ff0ce3349eeaae5f6c52de6b612e2d78fd6a079db,undefined FUN_181762efc(),ghidra,clean,
WHGame.dll,release_1_5_1164953_841,0x1762fb0,180,FUN_181762fb0,,,d9b395d2a2c01f6a2d943c191ef2fdb6ed90fdef034dc8bb09d1a1a2f0390add,undefined FUN_181762fb0(),ghidra,clean,
WHGame.dll,release_1_5_1164953_841,0x1763064,180,FUN_181763064,,,7cfe0c3c302ce9ce877c01ba24462e67e241cab623ff281a4921e02810c34407,undefined FUN_181763064(),ghidra,clean,
WHGame.dll,release_1_5_1164953_841,0x1763118,180,FUN_181763118,,,923ef40b00e7405ea57e60e8c060e7105ab4c508bf818f5c4099eca722084bc1,undefined FUN_181763118(),ghidra,clean,
WHGame.dll,release_1_5_1164953_841,0x17631cc,180,FUN_1817631cc,,,de0ac8116329e068ee9dc7004946784cd6b022d3ff5f498bc6eb5100d0a1d29d,undefined FUN_1817631cc(),ghidra,clean,
WHGame.dll,release_1_5_1164953_841,0x1763280,180,FUN_181763280,,,945faef3103185f0bcd051b3a89df59cca05453d52b79d10dce06378d8c99738,undefined FUN_181763280(),ghidra,clean,
WHGame.dll,release_1_5_1164953_841,0x1763334,180,FUN_181763334,,,07cf4a3e04487180b06d4b17858de599d143ce4295858f6c21bef8d831e59aec,undefined FUN_181763334(),ghidra,clean,
WHGame.dll,release_1_5_1164953_841,0x17633e8,180,FUN_1817633e8,,,79a69512838de04e48cba5a72e571b3de65e6ec87489618c2615846390fa67af,undefined FUN_1817633e8(),ghidra,clean,
WHGame.dll,release_1_5_1164953_841,0x176349c,180,FUN_18176349c,,,a5a6ef04a6333109c3cd8ee63da9743574ca8cefae74045a00e04b076fbff3a6,undefined FUN_18176349c(),ghidra,clean,
WHGame.dll,release_1_5_1164953_841,0x1763550,180,FUN_181763550,,,94a6b07771bb7219c1a3521265c065134ecfd4c93dc4350588d6a91db2ef9bda,undefined FUN_181763550(),ghidra,clean,
WHGame.dll,release_1_5_1164953_841,0x1763604,180,FUN_181763604,,,3a7c4b46d62a6883684bb765c55f6644ca034b66d942697dbe5262112d3bc224,undefined FUN_181763604(),ghidra,clean,
WHGame.dll,release_1_5_1164953_841,0x17636b8,180,FUN_1817636b8,,,08b83139893021825e28a6bd38cdb024ec1a51260222fa6792c92cba360743dc,undefined FUN_1817636b8(),ghidra,clean,
WHGame.dll,release_1_5_1164953_841,0x176376c,180,FUN_18176376c,,,5365835d93b327cf7add9852a3f66cfed2569d71c8c9c0939ae8eb871e7c830d,undefined FUN_18176376c(),ghidra,clean,
WHGame.dll,release_1_5_1164953_841,0x1763820,180,FUN_181763820,,,a219ba59bef2a21bdfe7d9ef728be62443e6033fdb332a7a734cd70d0afe39dc,undefined FUN_181763820(),ghidra,clean,
WHGame.dll,release_1_5_1164953_841,0x17638d4,180,FUN_1817638d4,,,154332be73d22a2f458244675d1bbdbe31cb1f7e1015b66d3cfdd7654fc60c9b,undefined FUN_1817638d4(),ghidra,clean,
WHGame.dll,release_1_5_1164953_841,0x1763988,180,FUN_181763988,,,f5c44bca80694b68604307c111f960409a88a6acd4646d169da3685eb45dba78,undefined FUN_181763988(),ghidra,clean,
WHGame.dll,release_1_5_1164953_841,0x1763a3c,180,FUN_181763a3c,,,6b58c3655f7bc75a1f91da3c35f9e713f203c4443b0c630a9fa4bc08694b0e9a,undefined FUN_181763a3c(),ghidra,clean,
WHGame.dll,release_1_5_1164953_841,0x1763af0,180,FUN_181763af0,,,1f275e2c67396517ad287d23da05e8ae77cec740370ac81d0e87ce04baa795f5,undefined FUN_181763af0(),ghidra,clean,
WHGame.dll,release_1_5_1164953_841,0x1763ba4,180,FUN_181763ba4,,,e4e0a4eec16b3694770bcea7ee4190ca78bdbe83daab02c448f37b3114ccf7a4,undefined FUN_181763ba4(),ghidra,clean,
WHGame.dll,release_1_5_1164953_841,0x1763c58,180,FUN_181763c58,,,117a1b1f74c3338174b9633f6fa3be63d017c901bbe69ac2cccc696ba0b1dafe,undefined FUN_181763c58(),ghidra,clean,
WHGame.dll,release_1_5_1164953_841,0x1763d0c,180,FUN_181763d0c,,,8d08b3b0b3de2b5e83da7fe432cfb9ca3ce71aa3a94233dfddf6ac925079c605,undefined FUN_181763d0c(),ghidra,clean,
WHGame.dll,release_1_5_1164953_841,0x1763dc0,180,FUN_181763dc0,,,a0ca4aa461342fecb4e999b08f81b6fb2df29ac8750075251d9017ea32052a1b,undefined FUN_181763dc0(),ghidra,clean,
WHGame.dll,release_1_5_1164953_841,0x1763e74,180,FUN_181763e74,,,34aba0cda134e2cb4f65078bdd839c2b545c98eaee53ff859c071f828a4a4535,undefined FUN_181763e74(),ghidra,clean,
WHGame.dll,release_1_5_1164953_841,0x1763f28,180,FUN_181763f28,,,816ed0fa9f96e09feca30f38d0e6e514903a01152e3b59a6ebdd0d5c1eea15bc,undefined FUN_181763f28(),ghidra,clean,
WHGame.dll,release_1_5_1164953_841,0x1763fdc,180,FUN_181763fdc,,,e4b7d0708c5ad34e2c79704568c6c4c84e9f14910400297822ed4de912bc0d20,undefined FUN_181763fdc(),ghidra,clean,
WHGame.dll,release_1_5_1164953_841,0x1764090,180,FUN_181764090,,,555f787b75f6d33a7d2a2e0eb9325b378cd1ebba92468b2f688105c15b42060b,undefined FUN_181764090(),ghidra,clean,
WHGame.dll,release_1_5_1164953_841,0x1764144,180,FUN_181764144,,,01f734963680bbf070166ff09500e3824158aba6b0e87a92aaf1d49e9c35cddc,undefined FUN_181764144(),ghidra,clean,
WHGame.dll,release_1_5_1164953_841,0x17641f8,180,FUN_1817641f8,,,b282297703011898be01500c3236ce912e28daeeac1de062d1e1fd49019a2776,undefined FUN_1817641f8(),ghidra,clean,
WHGame.dll,release_1_5_1164953_841,0x17642ac,129,FUN_1817642ac,,,d12b150a8bec42307db15ec80f12c98de7ade7dd596daa4a1ed2299fd33bf725,undefined FUN_1817642ac(),ghidra,clean,
WHGame.dll,release_1_5_1164953_841,0x1764330,457,FUN_181764330,,,472cc00db050f52fa18128da3a4d08fa1f1de26827a05da3f66f1818fbe38c74,undefined FUN_181764330(),ghidra,clean,
WHGame.dll,release_1_5_1164953_841,0x1764414,129,FUN_181764414,,,fd22db5a789b09b8a6396e24f2a090f7010b8907074c8c327239acd52954fcff,undefined FUN_181764414(),ghidra,clean,
WHGame.dll,release_1_5_1164953_841,0x1764498,132,FUN_181764498,,,eee8ba91e617ea62bb923fb6710291192ebfdd875e8d9841e95722fc6e2125e4,undefined FUN_181764498(),ghidra,clean,
WHGame.dll,release_1_5_1164953_841,0x1764500,78,FUN_181764500,,,670888e77067aa5f0ca0834ac562634f6b08b7f0e09f0d76e41e929d5d09f4e6,undefined FUN_181764500(),ghidra,clean,
WHGame.dll,release_1_5_1164953_841,0x176453c,214,FUN_18176453c,,,5b417fab76c510658f3c76bfbb3df43733840f310e94a66f2ceb2fa12c4f6765,undefined FUN_18176453c(),ghidra,clean,
WHGame.dll,release_1_5_1164953_841,0x1764614,180,FUN_181764614,,,c0b96ce0ae585935311d1768fa4b9f19bbdcca1bce2e83b6dd4aba055af19cc1,undefined FUN_181764614(),ghidra,clean,
WHGame.dll,release_1_5_1164953_841,0x17646c8,115,FUN_1817646c8,,,df46adcd79ecb42de6a30e7ff0aac27f582b4eea0a702a4240cbd148175f008f,undefined FUN_1817646c8(),ghidra,clean,
WHGame.dll,release_1_5_1164953_841,0x176473c,30,FUN_18176473c,,,613a3e6d696a57a5e0af59a4e4d99fcd841290d02d323675c330b87be4d06e1c,undefined FUN_18176473c(),ghidra,clean,
WHGame.dll,release_1_5_1164953_841,0x176475c,30,FUN_18176475c,,,06555a71a3ea8bbcd41efd612e9301ed9a1bbb3a5d3d3700b67d4356e5e1d81a,undefined FUN_18176475c(),ghidra,clean,
WHGame.dll,release_1_5_1164953_841,0x1764784,163,FUN_181764784,,,c24e53ceefc1f3018cf42636b3410325381ebed05d542c8d459bdcd48e1a4368,undefined FUN_181764784(),ghidra,clean,
WHGame.dll,release_1_5_1164953_841,0x1764828,72,FUN_181764828,,,d29017dc13804d580586ac4393a0f1a516fe042fe4effc50d964583d402a7383,undefined FUN_181764828(),ghidra,clean,
WHGame.dll,release_1_5_1164953_841,0x1764890,68,FUN_181764890,,,cced9cb86c624cf9030357110e4ad413123ccfedf1a570447eb3b372a5b90fc8,undefined FUN_181764890(),ghidra,clean,
WHGame.dll,release_1_5_1164953_841,0x17648d4,109,FUN_1817648d4,,,3a8c3dadabe82491ef32600d10d198e4118598b1874c3a4399e3a5ee3d677b00,undefined FUN_1817648d4(),ghidra,clean,
WHGame.dll,release_1_5_1164953_841,0x1764944,26,FUN_181764944,,,819234953c91d716a341edb10dcca2267107efa13f78881bbca64f4a7a11eeca,undefined FUN_181764944(),ghidra,clean,
WHGame.dll,release_1_5_1164953_841,0x1764960,155,FUN_181764960,,,2f72d81f2000f73f0bb2319e4613949c0fa91bf7509a37414af5f4c3f8731269,undefined FUN_181764960(),ghidra,clean,
WHGame.dll,release_1_5_1164953_841,0x17649fc,301,FUN_1817649fc,,,7831709cc9de13cb4fcdb745fe8e2628865679a0d627141f5fa1a4a67b31e11e,undefined FUN_1817649fc(),ghidra,clean,
WHGame.dll,release_1_5_1164953_841,0x1764b2c,49,FUN_181764b2c,,,439b5914c147dd6c829ed0ff5c70cae65a6ac446140275ab3521418d821d2aac,undefined FUN_181764b2c(),ghidra,clean,
WHGame.dll,release_1_5_1164953_841,0x1764b60,54,FUN_181764b60,,,547e19d73f95e7729daa811afffe79f875a702747d9f344943e0911ac3bda4d0,undefined FUN_181764b60(),ghidra,clean,
WHGame.dll,release_1_5_1164953_841,0x1764b98,34,FUN_181764b98,,,93ecc6e4b25318072894292ea114d3f4a22f897d2d37175b236f02a2c70d380d,undefined FUN_181764b98(),ghidra,clean,
WHGame.dll,release_1_5_1164953_841,0x1764bbc,106,FUN_181764bbc,,,daee5fc34599c68fcde8a137856532bee03f27d1a6371be175aaebdf63fb3051,undefined FUN_181764bbc(),ghidra,clean,
WHGame.dll,release_1_5_1164953_841,0x1764c28,417,FUN_181764c28,,,54c2a69b872cd42e4f53f67fa8205c3ae1f52155e6d428aef197f78e8648b248,undefined FUN_181764c28(),ghidra,clean,
WHGame.dll,release_1_5_1164953_841,0x1764d8f,6,FUN_181764d8f,,,95fda06a7484d0c01b5a8d99d277f1d54e157c7b9c6471375f13b424fd48ccff,undefined FUN_181764d8f(),ghidra,clean,
WHGame.dll,release_1_5_1164953_841,0x1764d98,112,FUN_181764d98,,,743d83575d8a534352a6fc99592330b41063bbf4dc92a29c97aa948aa95ea9ff,undefined FUN_181764d98(),ghidra,clean,
WHGame.dll,release_1_5_1164953_841,0x1764dfc,55,FUN_181764dfc,,,67b9ad67d4aafa047c6df3d50a14be3b1287f48e9e3b01472c20c69f957d2521,undefined FUN_181764dfc(),ghidra,clean,
WHGame.dll,release_1_5_1164953_841,0x1764e34,102,FUN_181764e34,,,02e5aa8b7033f5ae1740cc47d07d89d1a1ac3ea15ee839ef4e0c7ef128878ca2,undefined FUN_181764e34(),ghidra,clean,
WHGame.dll,release_1_5_1164953_841,0x1764e9c,26,FUN_181764e9c,,,d74c371585ab97d44e3c8f62dc6ec50858a495b4fd40893935767fbdbf4b0fcf,undefined FUN_181764e9c(),ghidra,clean,
WHGame.dll,release_1_5_1164953_841,0x1764eb8,285,FUN_181764eb8,,,7fb86187da3645896b5ba52e98a09fe572a3efeaccac87564a14d693e1d87622,undefined FUN_181764eb8(),ghidra,clean,
WHGame.dll,release_1_5_1164953_841,0x1764f58,180,FUN_181764f58,,,017d55c97f9c5aca4edf610486e629318881b8670614ee6917463b7b6fe6f283,undefined FUN_181764f58(),ghidra,clean,
WHGame.dll,release_1_5_1164953_841,0x176500c,180,FUN_18176500c,,,defbb5743d5808299169abd9634402ab9781f784921cd585ab0709c9b3029e11,undefined FUN_18176500c(),ghidra,clean,
WHGame.dll,release_1_5_1164953_841,0x17650c0,180,FUN_1817650c0,,,fcf587ae807a8d4098a6a6deb61e92dccdc824ccc88c0cb44154cccd7c0b0839,undefined FUN_1817650c0(),ghidra,clean,
WHGame.dll,release_1_5_1164953_841,0x1765174,180,FUN_181765174,,,652131e24e8560bb06660f6686e71dbff4ed1f3d74770379112cdef0e7b1c04f,undefined FUN_181765174(),ghidra,clean,
WHGame.dll,release_1_5_1164953_841,0x1765228,183,FUN_181765228,,,2f9478dcc42c2bef41d28f20584b31544a8aef8bed5aec529a2621d1c7531da2,undefined FUN_181765228(),ghidra,clean,
WHGame.dll,release_1_5_1164953_841,0x17652e0,235,FUN_1817652e0,,,e9c3fbac564845b996a26704d0bf1f2970983e841c32cc69a736363a5aed6a30,undefined FUN_1817652e0(),ghidra,clean,
WHGame.dll,release_1_5_1164953_841,0x1765344,155,FUN_181765344,,,feb7abfa2b05bdc9f6f15c8a887897038a4b80f934b294d5b884dee8d1a2d35b,undefined FUN_181765344(),ghidra,clean,
WHGame.dll,release_1_5_1164953_841,0x17653e0,291,FUN_1817653e0,,,23bbe28902a5f8b4fdac4d4fea45ade85017b37e515efa4b12f6603cf58c6390,undefined FUN_1817653e0(),ghidra,clean,
WHGame.dll,release_1_5_1164953_841,0x1765504,155,FUN_181765504,,,3c4dca703f88d11c361e36b6345a329d9ab5f56ea39103776b331981c153ef7a,undefined FUN_181765504(),ghidra,clean,
WHGame.dll,release_1_5_1164953_841,0x17655a0,291,FUN_1817655a0,,,be573465fb1fa769bf0500ca1533f10d885f2b1c33e27e195aa60388e493b8d2,undefined FUN_1817655a0(),ghidra,clean,
WHGame.dll,release_1_5_1164953_841,0x17656c4,93,FUN_1817656c4,,,afa5f622fda30e1281372a967ecb11025913ef4806ec1beeef90bcd87842d790,undefined FUN_1817656c4(),ghidra,clean,
WHGame.dll,release_1_5_1164953_841,0x1765724,38,FUN_181765724,,,0b3b2d9f947a797951b03bc34edcf68efc73db652cc1f46cc4d576cec2c4f88a,undefined FUN_181765724(),ghidra,clean,
WHGame.dll,release_1_5_1164953_841,0x176574c,234,FUN_18176574c,,,4ccabccbb418afca1b2d3103c708a25577db052766b11e22bb6c01ec101dfc1c,undefined FUN_18176574c(),ghidra,clean,
WHGame.dll,release_1_5_1164953_841,0x1765838,133,FUN_181765838,,,594a8662c949f4c3722ef95085ab5204605f95df2caa3c785070837e046526fa,undefined FUN_181765838(),ghidra,clean,
WHGame.dll,release_1_5_1164953_841,0x17658c0,109,FUN_1817658c0,,,21d5f5b2d707d037be87f2c8f0b24c29f759e0d3ac35e9b1143b8b4d4129de0e,undefined FUN_1817658c0(),ghidra,clean,
WHGame.dll,release_1_5_1164953_841,0x1765908,196,FUN_181765908,,,289bb7467f9c042c515e1535a8119ebd949b35665525a97595587fad35d4824f,undefined FUN_181765908(),ghidra,clean,
WHGame.dll,release_1_5_1164953_841,0x17659c4,175,FUN_1817659c4,,,55eb1989f1afe0914db398e045fc7ad615f7f58afe350abfdce1a2abc435c9fb,undefined FUN_1817659c4(),ghidra,clean,
WHGame.dll,release_1_5_1164953_841,0x1765a74,190,FUN_181765a74,,,652ca63d54972c41e62344cdbc5fd471d309a05df0d71c111f84c38f26062119,undefined FUN_181765a74(),ghidra,clean,
WHGame.dll,release_1_5_1164953_841,0x1765b34,98,FUN_181765b34,,,4c6b20dc8bc6cd20fd558afc2d70167824b0661f428e53294bdc7f1abc687d58,undefined FUN_181765b34(),ghidra,clean,
WHGame.dll,release_1_5_1164953_841,0x1765b9c,34,FUN_181765b9c,,,d6c28c0c7b9d55de3246dda840e8ad2f8ee58972e8425f9065839cd420892fde,undefined FUN_181765b9c(),ghidra,clean,
WHGame.dll,release_1_5_1164953_841,0x1765bc0,90,FUN_181765bc0,,,8b4ef6d104a0ecc118a72607d3a31995e27783a18a0382f4869e4fc52f0dbd32,undefined FUN_181765bc0(),ghidra,clean,
WHGame.dll,release_1_5_1164953_841,0x1765c1c,155,FUN_181765c1c,,,f95596ca5ececc3cd5133ddc275154cc964fb88a2fd2218f555b3139d5400f32,undefined FUN_181765c1c(),ghidra,clean,
WHGame.dll,release_1_5_1164953_841,0x1765cb8,291,FUN_181765cb8,,,76777b3021d751f40d404d24b13363b9b4034b95cedd53b526d32187876b9bf6,undefined FUN_181765cb8(),ghidra,clean,
WHGame.dll,release_1_5_1164953_841,0x1765ddc,77,FUN_181765ddc,,,cc0ed8b03936748bcf8bd37d998c6e859601860cdae73eeb55b9cd7ee7c63d44,undefined FUN_181765ddc(),ghidra,clean,
WHGame.dll,release_1_5_1164953_841,0x1765e18,30,FUN_181765e18,,,6caeaff78386eec52f80cb8d6c1057c6e2b4637fadefb96e9cc34aa518f382c4,undefined FUN_181765e18(),ghidra,clean,
WHGame.dll,release_1_5_1164953_841,0x1765e54,165,FUN_181765e54,,,6b399fb764b1511eca508d21b332f04308a538a6de788a6186ff06f872a7d49d,undefined FUN_181765e54(),ghidra,clean,
WHGame.dll,release_1_5_1164953_841,0x1765efc,200,FUN_181765efc,,,6eb537dfedd47228242935e72871ea70f865cd41952809e54b7909e33985ee46,undefined FUN_181765efc(),ghidra,clean,
WHGame.dll,release_1_5_1164953_841,0x1765fc4,26,FUN_181765fc4,,,819234953c91d716a341edb10dcca2267107efa13f78881bbca64f4a7a11eeca,undefined FUN_181765fc4(),ghidra,clean,
WHGame.dll,release_1_5_1164953_841,0x1765fe0,155,FUN_181765fe0,,,be9af5ff88487789538d9d87371b13fe9405b6a8e3a292e334ab6f5b5cd47df9,undefined FUN_181765fe0(),ghidra,clean,
WHGame.dll,release_1_5_1164953_841,0x176607c,304,FUN_18176607c,,,b61764979e5b158770866ffbb3631581c27914ecad14d057395ab754aaf76fc3,undefined FUN_18176607c(),ghidra,clean,
WHGame.dll,release_1_5_1164953_841,0x17661ac,155,FUN_1817661ac,,,d519b85ebda0c33f7e61226c8d94cf4eba347c1cb4d56148f4e1ec3309a2679b,undefined FUN_1817661ac(),ghidra,clean,
WHGame.dll,release_1_5_1164953_841,0x1766248,26,FUN_181766248,,,819234953c91d716a341edb10dcca2267107efa13f78881bbca64f4a7a11eeca,undefined FUN_181766248(),ghidra,clean,
WHGame.dll,release_1_5_1164953_841,0x1766264,155,FUN_181766264,,,9e9ddcc88be1ef6601a0711b4f6d4d19b52730abcd8f0170159001844e08f4e0,undefined FUN_181766264(),ghidra,clean,
WHGame.dll,release_1_5_1164953_841,0x1766300,298,FUN_181766300,,,a3ddefd327d76477723846808b87a96510ce30a1ab60f3b676306f249e20ac8f,undefined FUN_181766300(),ghidra,clean,
WHGame.dll,release_1_5_1164953_841,0x176642c,74,FUN_18176642c,,,ac9e4d06f6bd37d286555e37ab756c30875a1c5115e8d5a7bade18ecb797c673,undefined FUN_18176642c(),ghidra,clean,
WHGame.dll,release_1_5_1164953_841,0x1766478,86,FUN_181766478,,,3a0620c63c603d834644568717f0bbf0814f2738e019546cb976d5f215ef1bb8,undefined FUN_181766478(),ghidra,clean,
WHGame.dll,release_1_5_1164953_841,0x17664d0,66,FUN_1817664d0,,,68281460cb25d1234b719ad4c99e764a009dba3f2836464834711a839aa709b0,undefined FUN_1817664d0(),ghidra,clean,
WHGame.dll,release_1_5_1164953_841,0x1766514,188,FUN_181766514,,,5629e4d9788076be24c69d8af6138a65b501c8f21883a96f318dacaebe56a5cc,undefined FUN_181766514(),ghidra,clean,
WHGame.dll,release_1_5_1164953_841,0x17665d0,284,FUN_1817665d0,,,c185f1c65f6f644f71b2f2839ffa7636ff7f21c7d95fc637b67444fba917127f,undefined FUN_1817665d0(),ghidra,clean,
WHGame.dll,release_1_5_1164953_841,0x17666e0,251,FUN_1817666e0,,,409900f0414c5c6bb8bfdd5c3a201c80f5ddefc97ff9082192b31fee9959b01a,undefined FUN_1817666e0(),ghidra,clean,
WHGame.dll,release_1_5_1164953_841,0x17667dc,233,FUN_1817667dc,,,0d544f968a106ba8cf463df2303aded10975703cfbd2b766b0dd94fa41947780,undefined FUN_1817667dc(),ghidra,clean,
WHGame.dll,release_1_5_1164953_841,0x17668c8,284,FUN_1817668c8,,,dde3389b0ddc693ab5f8234619346ba31e4f9918aa0fb2e3d3cd4e2a056da601,undefined FUN_1817668c8(),ghidra,clean,
WHGame.dll,release_1_5_1164953_841,0x17669d8,251,FUN_1817669d8,,,c54330aa35a77f7804654338af186d0ffea3eb0aee7688d4de70123f02c171e1,undefined FUN_1817669d8(),ghidra,clean,
WHGame.dll,release_1_5_1164953_841,0x1766ad4,233,FUN_181766ad4,,,f2aea9f3242ae130cc86f05512d7510f86c015cd9016e25aace47c5bb4eeef54,undefined FUN_181766ad4(),ghidra,clean,
WHGame.dll,release_1_5_1164953_841,0x1766bc0,180,FUN_181766bc0,,,4d0537a788187b2955aeaff1ece93fce594d57c292e02dc39156aba0574cdb6b,undefined FUN_181766bc0(),ghidra,clean,
WHGame.dll,release_1_5_1164953_841,0x1766c74,180,FUN_181766c74,,,cd22525dc74dcdab6403e2c9d6659ee8bb5b8ffa7be7245c791bc4055dbeb25b,undefined FUN_181766c74(),ghidra,clean,
WHGame.dll,release_1_5_1164953_841,0x1766d28,26,FUN_181766d28,,,784f42d42467bdc72bf303619520ab86d009b3466c28ed890d4202f919d16798,undefined FUN_181766d28(),ghidra,clean,
WHGame.dll,release_1_5_1164953_841,0x1766d44,958,FUN_181766d44,,,a0a1a56d2a9233e988ed107266e133230613cd81386842dba788b038d12e51c9,undefined FUN_181766d44(),ghidra,clean,
WHGame.dll,release_1_5_1164953_841,0x1767104,23,FUN_181767104,,,4a2215c3e820937481093c41c3a2c4fdd1b034767afb06c5e8afd475b2e2dc6a,undefined FUN_181767104(),ghidra,clean,
WHGame.dll,release_1_5_1164953_841,0x176711c,155,FUN_18176711c,,,d29c16e2de299d32e80bae39687d7ee1b75f4e9ed0b77a204082b610d1ffb4c3,undefined FUN_18176711c(),ghidra,clean,
WHGame.dll,release_1_5_1164953_841,0x17671b8,245,FUN_1817671b8,,,b94cdecbfd5b8ee6feb52739e80717c4032932a8e5a0c8ac33b8b384d2461a77,undefined FUN_1817671b8(),ghidra,clean,
WHGame.dll,release_1_5_1164953_841,0x17672b0,18,FUN_1817672b0,,,f3294a3d4a685e5c2e55018daadd0cca43935e2b524c2ddc218095d609e64132,undefined FUN_1817672b0(),ghidra,clean,
WHGame.dll,release_1_5_1164953_841,0x17672c4,927,FUN_1817672c4,,,b75f1a780ed4c4e1b55983c69c7e69fd46811e4460942445977e3d6f70a13cd5,undefined FUN_1817672c4(),ghidra,clean,
WHGame.dll,release_1_5_1164953_841,0x1767664,87,FUN_181767664,,,d8abc468812a1fff5c4594f2c9ea8edc8888dd8f0d20784a3682e3b55db248a5,undefined FUN_181767664(),ghidra,clean,
WHGame.dll,release_1_5_1164953_841,0x17676bc,155,FUN_1817676bc,,,6c60c4f86c332a7d69f15ed40dd88258d8b9702996cd07b7895d1d1c73049828,undefined FUN_1817676bc(),ghidra,clean,
WHGame.dll,release_1_5_1164953_841,0x1767758,184,FUN_181767758,,,0e828387c917dbf05e5315b85870574fc5f343f2f18dc32419fc51c6aefe8809,undefined FUN_181767758(),ghidra,clean,
WHGame.dll,release_1_5_1164953_841,0x1767810,155,FUN_181767810,,,2ffefcf25e81194ab4c4792459b590976897627571017128337c4800dc9f61e9,undefined FUN_181767810(),ghidra,clean,
WHGame.dll,release_1_5_1164953_841,0x17678ac,291,FUN_1817678ac,,,b0079263d48f0aa439a9edff38a7a646a7932dcf3990f2d0da7f28877ba0f9f8,undefined FUN_1817678ac(),ghidra,clean,
WHGame.dll,release_1_5_1164953_841,0x17679d0,291,FUN_1817679d0,,,7ff5d792859a40ad4a6412b31f1a5ff27ffd00f4584291d8f1080fbdbd99cf31,undefined FUN_1817679d0(),ghidra,clean,
WHGame.dll,release_1_5_1164953_841,0x1767af4,234,FUN_181767af4,,,a28f0b0bf7df7e7f1e85573b9a0cda33a3ed074e5c87fff67cc6385b19f7fbd3,undefined FUN_181767af4(),ghidra,clean,
WHGame.dll,release_1_5_1164953_841,0x1767be0,130,FUN_181767be0,,,5f8e267bafc8c615db7ce635563649c6aa799818444a7ad894fd05f198a28732,undefined FUN_181767be0(),ghidra,clean,
WHGame.dll,release_1_5_1164953_841,0x1767c64,5,thunk_FUN_181767c6c,,,b0d40b133b9394d93820ac0104b0065121d2d73df32c7bfb4e4cf5d805a8b103,undefined thunk_FUN_181767c6c(),ghidra,clean,
WHGame.dll,release_1_5_1164953_841,0x1767c6c,103,FUN_181767c6c,,,2db21406e2e5436cd40cf8cc7aeff70022771668463714124ccddf2c4e14d577,undefined FUN_181767c6c(),ghidra,clean,
WHGame.dll,release_1_5_1164953_841,0x1767cd4,95,FUN_181767cd4,,,6f987e9ef33085f9ff093b0dedbd01bef4780e9f645304af4300b1363f9091f6,undefined FUN_181767cd4(),ghidra,clean,
WHGame.dll,release_1_5_1164953_841,0x1767d34,193,FUN_181767d34,,,5d3c995bebc306c342a9fc60fec8b97c4252d538cc39565ae7b7225f28786f37,undefined FUN_181767d34(),ghidra,clean,
WHGame.dll,release_1_5_1164953_841,0x1767ddc,53,FUN_181767ddc,,,d24d8e38dfe0bdbc3d4a46010501f76b82abc8d9fd0d674ce905ff6ca48d9f11,undefined FUN_181767ddc(),ghidra,clean,
WHGame.dll,release_1_5_1164953_841,0x1767e14,417,FUN_181767e14,,,913adb124af8ff737665c02604e67ed11713983ded1ca8e7964f362580f564e9,undefined FUN_181767e14(),ghidra,clean,
WHGame.dll,release_1_5_1164953_841,0x1767f34,40,FUN_181767f34,,,bd0537e62e24145d83f84ea5617393fff47a565eb984d8efa21fb173e833ceee,undefined FUN_181767f34(),ghidra,clean,
WHGame.dll,release_1_5_1164953_841,0x1767f5c,42,FUN_181767f5c,,,6f2e496bdd3cdcd2fe85e5851f781b4144700291eb68a0eb013a2f01bf112cc4,undefined FUN_181767f5c(),ghidra,clean,
WHGame.dll,release_1_5_1164953_841,0x1767f88,78,FUN_181767f88,,,fafc36a34b7125e74b00f9ddde79d6f95353b69a6da217758b5a872e044c92c5,undefined FUN_181767f88(),ghidra,clean,
WHGame.dll,release_1_5_1164953_841,0x1767fdc,380,FUN_181767fdc,,,22828b89d42f2410318c82e1f3ec0bfecd856557beabc871f14571c3dd8bc8bb,undefined FUN_181767fdc(),ghidra,clean,
WHGame.dll,release_1_5_1164953_841,0x1768158,105,FUN_181768158,,,32b41ecc8e204a4a7e77f7e98e8dfd2bd90c004f56f5e75699cb6a13ba89a733,undefined FUN_181768158(),ghidra,clean,
WHGame.dll,release_1_5_1164953_841,0x17681ac,105,FUN_1817681ac,,,e96f8532a6fac52679af5d3ec876a8a205f5f7988dc951456c9ae5917a9e4ff3,undefined FUN_1817681ac(),ghidra,clean,
WHGame.dll,release_1_5_1164953_841,0x17681f8,285,FUN_1817681f8,,,4d1f28c41a208b7d24e5b062b5f73d0d14b05bacb5d5b49e7dd0b1d7777729c5,undefined FUN_1817681f8(),ghidra,clean,
WHGame.dll,release_1_5_1164953_841,0x1768318,50,FUN_181768318,,,ece251de7ecefa6b9529b7ffbf07c6c31662b49f6f0b1572bf100be9013f9956,undefined FUN_181768318(),ghidra,clean,
WHGame.dll,release_1_5_1164953_841,0x176834c,139,FUN_18176834c,,,11ad97828ec421df012cbcdfd20bfda5f87a115dac023636fc3273ceb19d3d07,undefined FUN_18176834c(),ghidra,clean,
WHGame.dll,release_1_5_1164953_841,0x17683ac,984,FUN_1817683ac,,,33a28e34979807c444b272152577027bfe15bb92bc13164e8460cb6f35865d48,undefined FUN_1817683ac(),ghidra,clean,
WHGame.dll,release_1_5_1164953_841,0x1768794,778,FUN_181768794,,,200fb79e4b8b59be05c6c6dd885ab7a8a57ce4da2b86bad10031df33ede9cf23,undefined FUN_181768794(),ghidra,clean,
WHGame.dll,release_1_5_1164953_841,0x1768aa0,155,FUN_181768aa0,,,7107a22a8b32930ef9362af4b506172943efac8d9c91123b12e7dbf65bf100d3,undefined FUN_181768aa0(),ghidra,clean,
WHGame.dll,release_1_5_1164953_841,0x1768b3c,291,FUN_181768b3c,,,9541043b4d6c92ea2c2212e3d8c214a86bdc5c5d4380f0cf5527da733d7f4a91,undefined FUN_181768b3c(),ghidra,clean,
WHGame.dll,release_1_5_1164953_841,0x1768c60,35,FUN_181768c60,,,a4dbda44d72864d92c7d4df8bcbd53cc1cb8172e920b00fbd4dc57259c3c7c2a,undefined FUN_181768c60(),ghidra,clean,
WHGame.dll,release_1_5_1164953_841,0x1768c84,180,FUN_181768c84,,,de5717511ae35916a1fae1cfb8e225c7df1f31a59ad3882bedeb985ec83251b9,undefined FUN_181768c84(),ghidra,clean,
WHGame.dll,release_1_5_1164953_841,0x1768d38,180,FUN_181768d38,,,d337155089fb5e636d32bbbec0588c3e706358c36a7a166d819e2b1e2d7a4a1a,undefined FUN_181768d38(),ghidra,clean,
WHGame.dll,release_1_5_1164953_841,0x1768dec,180,FUN_181768dec,,,f6f7e8f39992e1aa3d23a75e80387140bd29cb4c6aff66ea5d9336c76adcd3fe,undefined FUN_181768dec(),ghidra,clean,
WHGame.dll,release_1_5_1164953_841,0x1768ea0,7,FUN_181768ea0,,,e16687b359a14f9410b579fc7b862ece3f92d2835ac51b46cdcb96a04023258f,undefined FUN_181768ea0(),ghidra,clean,
WHGame.dll,release_1_5_1164953_841,0x1768ea8,234,FUN_181768ea8,,,3e3cef941f08dabe348863891bb04ccb225a475376a6f9ba346099a6db8f9d6e,undefined FUN_181768ea8(),ghidra,clean,
WHGame.dll,release_1_5_1164953_841,0x1768f94,207,FUN_181768f94,,,b839e14a815a097ad436b3eb820e2fee8c166cc58d6b18055f17bd29a70c308d,undefined FUN_181768f94(),ghidra,clean,
WHGame.dll,release_1_5_1164953_841,0x1769054,261,FUN_181769054,,,790f0644e4d8ad357ebd320df815759eb9afacf198946502e3532f1761f3729e,undefined FUN_181769054(),ghidra,clean,
WHGame.dll,release_1_5_1164953_841,0x1769150,196,FUN_181769150,,,8962d52c4c8ea7607ad5ca331a7a900c20ba97ed7b7692db74c8aaf38b7dd3f6,undefined FUN_181769150(),ghidra,clean,
WHGame.dll,release_1_5_1164953_841,0x1769214,26,FUN_181769214,,,819234953c91d716a341edb10dcca2267107efa13f78881bbca64f4a7a11eeca,undefined FUN_181769214(),ghidra,clean,
WHGame.dll,release_1_5_1164953_841,0x1769230,155,FUN_181769230,,,cb985877068a98a56c25524034be9c0717f3192a966a48f7e258a52c4a86e501,undefined FUN_181769230(),ghidra,clean,
WHGame.dll,release_1_5_1164953_841,0x17692cc,304,FUN_1817692cc,,,66c1c76f800819f9beed552df78fc78fe1a8f3589311955faba89654e6ff37b5,undefined FUN_1817692cc(),ghidra,clean,
WHGame.dll,release_1_5_1164953_841,0x17693fc,155,FUN_1817693fc,,,7060fbecfab0511af586be58e2582c8945d377ad7d9dddefa4447588ddde4008,undefined FUN_1817693fc(),ghidra,clean,
WHGame.dll,release_1_5_1164953_841,0x1769498,298,FUN_181769498,,,35ac32fa6af3671a3c5d78a2e884674aab07018f52f7005b2c8b5d58cd35420d,undefined FUN_181769498(),ghidra,clean,
WHGame.dll,release_1_5_1164953_841,0x17695c4,26,FUN_1817695c4,,,819234953c91d716a341edb10dcca2267107efa13f78881bbca64f4a7a11eeca,undefined FUN_1817695c4(),ghidra,clean,
WHGame.dll,release_1_5_1164953_841,0x17695e0,155,FUN_1817695e0,,,ac558ebc6cc45234af4bc24837c1ebe841aadb01133361bedb25abd3eb66b47e,undefined FUN_1817695e0(),ghidra,clean,
WHGame.dll,release_1_5_1164953_841,0x176967c,304,FUN_18176967c,,,eec782109f25416dd471b85db33898a4f49af00cccdedf765ccbb8a15ec9ff0d,undefined FUN_18176967c(),ghidra,clean,
WHGame.dll,release_1_5_1164953_841,0x17697ac,155,FUN_1817697ac,,,fa6bbc9cb53a514a98aec2f30873c5975351b5233f5b2a74c29ff1a8ed29b491,undefined FUN_1817697ac(),ghidra,clean,
WHGame.dll,release_1_5_1164953_841,0x1769848,298,FUN_181769848,,,4d5a16eb5e71cf6e23444d96f381c0903a17d871aaf65c692bc56ebc146cf03e,undefined FUN_181769848(),ghidra,clean,
WHGame.dll,release_1_5_1164953_841,0x1769974,52,FUN_181769974,,,2c0c069bf96b0470bf6525bc2c6c5defd193151b9c1c7715b06fe058d16b34bc,undefined FUN_181769974(),ghidra,clean,
WHGame.dll,release_1_5_1164953_841,0x17699a8,209,FUN_1817699a8,,,89dcbfbe88567457a36713dc27b730ad83bea68fe4bbf7a5aa4eeb6866c9ed20,undefined FUN_1817699a8(),ghidra,clean,
WHGame.dll,release_1_5_1164953_841,0x1769a34,67,FUN_181769a34,,,5ad07568794c5733625f9d436139ed2aed1a7826beb9221fe5152e4cec5aab6a,undefined FUN_181769a34(),ghidra,clean,
WHGame.dll,release_1_5_1164953_841,0x1769a58,25,FUN_181769a58,,,de0f66aa5e81f6fcf639dc107b2eae50aa823a2b0a89d334e35217ffc0826085,undefined FUN_181769a58(),ghidra,clean,
WHGame.dll,release_1_5_1164953_841,0x1769a84,281,FUN_181769a84,,,52357c4ad6a1df482e70bf9565e7e16f753f46e357a61e700896a728a56a4997,undefined FUN_181769a84(),ghidra,clean,
WHGame.dll,release_1_5_1164953_841,0x1769ba0,155,FUN_181769ba0,,,c74b10c357c11b19fc82dae42434816d9815b039ab522aaf7f52c908dcdb09f1,undefined FUN_181769ba0(),ghidra,clean,
WHGame.dll,release_1_5_1164953_841,0x1769c3c,291,FUN_181769c3c,,,fa1de2bb369db88028b35cd6312e3e189d8360c0f4c0bda8b9511d451ee90ef3,undefined FUN_181769c3c(),ghidra,clean,
WHGame.dll,release_1_5_1164953_841,0x1769d60,197,FUN_181769d60,,,22f1711d8a368f2fcaeeec10b4aab4725754ad3ccafda5274ad8ecb0e9337ac9,undefined FUN_181769d60(),ghidra,clean,
WHGame.dll,release_1_5_1164953_841,0x1769e28,374,FUN_181769e28,,,b88a1f3fa2f95e706ae02522e0b876b936103a70a2c7b338790fa03c8419a949,undefined FUN_181769e28(),ghidra,clean,
WHGame.dll,release_1_5_1164953_841,0x1769fa0,52,FUN_181769fa0,,,34c2557ef18a09fe94b40bb941fb723e3c5d77778a874fa9223daece0a271616,undefined FUN_181769fa0(),ghidra,clean,
WHGame.dll,release_1_5_1164953_841,0x1769fd4,92,FUN_181769fd4,,,9da54cd80521a2dbcf576d5bef4f7d199b3e0e33fd256f86fc9480637da35682,undefined FUN_181769fd4(),ghidra,clean,
WHGame.dll,release_1_5_1164953_841,0x176a030,346,FUN_18176a030,,,59c9d1ea305aeb6875155bae5415cd52d6eac179e45ae1307bd84c150e857e8b,undefined FUN_18176a030(),ghidra,clean,
WHGame.dll,release_1_5_1164953_841,0x176a18c,155,FUN_18176a18c,,,472390d9bfae72909f85daa52749f8f310a334d35566643416e3421e945e9fdd,undefined FUN_18176a18c(),ghidra,clean,
WHGame.dll,release_1_5_1164953_841,0x176a228,155,FUN_18176a228,,,78ba9141278259558927ba45617150be524dcb53f938bd009585a3a459d5e666,undefined FUN_18176a228(),ghidra,clean,
WHGame.dll,release_1_5_1164953_841,0x176a2c4,291,FUN_18176a2c4,,,69b8c147db5fc75166f9773dc86f974c862eefad73157b99e4ac56064e66c03e,undefined FUN_18176a2c4(),ghidra,clean,
WHGame.dll,release_1_5_1164953_841,0x176a3e8,291,FUN_18176a3e8,,,8658409da4f1f73469331d6bf755b7f3d88f405ab5e4fe6b7fc70c8acda7b356,undefined FUN_18176a3e8(),ghidra,clean,
WHGame.dll,release_1_5_1164953_841,0x176a50c,202,FUN_18176a50c,,,5bf6d30703dbdabe661d86614623aa58a24cea1cd4f17c0c50d335921345176d,undefined FUN_18176a50c(),ghidra,clean,
WHGame.dll,release_1_5_1164953_841,0x176a5d8,10,FUN_18176a5d8,,,d28b47fc5336e4e2393cfb3b97b19e4d2f12769a5e9ddceba1e2489b8a0fdb74,undefined FUN_18176a5d8(),ghidra,clean,
WHGame.dll,release_1_5_1164953_841,0x176a5f0,11,FUN_18176a5f0,,,1688bc7a8495caa3e8d35364748719069a2b8b844015abce183f02f13c3f4920,undefined FUN_18176a5f0(),ghidra,clean,
WHGame.dll,release_1_5_1164953_841,0x176a5fc,173,FUN_18176a5fc,,,51e79dc28640bfb3571e4929b17791eb1450de1076245b22721395b5a96b902f,undefined FUN_18176a5fc(),ghidra,clean,
WHGame.dll,release_1_5_1164953_841,0x176a6ac,83,FUN_18176a6ac,,,67e964441d89ce2149f4c83c81b3fa67396de39760227b81fd3bd15e8d6cba45,undefined FUN_18176a6ac(),ghidra,clean,
WHGame.dll,release_1_5_1164953_841,0x176a700,44,FUN_18176a700,,,56ca86644df974a22db8fd3a8a33d0cb10906ea72696309be882a1b06aef90a5,undefined FUN_18176a700(),ghidra,clean,
WHGame.dll,release_1_5_1164953_841,0x176a72c,44,FUN_18176a72c,,,736e01067a9342c229b066f7ec2164a924d9702d3b63743a052cdb2ba0d62b60,undefined FUN_18176a72c(),ghidra,clean,
WHGame.dll,release_1_5_1164953_841,0x176a758,44,FUN_18176a758,,,1d0f3311c276b9b3958f7bda9315f0419bfd095ef74f29e7ebba2af25857674b,undefined FUN_18176a758(),ghidra,clean,
WHGame.dll,release_1_5_1164953_841,0x176a784,180,FUN_18176a784,,,48a99fd70e1e3335196373e74e0e216ce2e25f7eeb12c1e9c906eccfa9ba675e,undefined FUN_18176a784(),ghidra,clean,
WHGame.dll,release_1_5_1164953_841,0x176a838,180,FUN_18176a838,,,0a0e675a4145fbe9fc6b26d2ab868597252b7b6f5f41d38729fc6758ac50e748,undefined FUN_18176a838(),ghidra,clean,
WHGame.dll,release_1_5_1164953_841,0x176a8ec,180,FUN_18176a8ec,,,c498ef471c908e4a1730510c21a157695a569c1f7b672aeac35e7b8fe0f32e44,undefined FUN_18176a8ec(),ghidra,clean,
WHGame.dll,release_1_5_1164953_841,0x176a9a0,180,FUN_18176a9a0,,,b9c528eb8686f2541316f0fe32b6a787892f2c16285dec880094e476cc07586a,undefined FUN_18176a9a0(),ghidra,clean,
WHGame.dll,release_1_5_1164953_841,0x176aa54,180,FUN_18176aa54,,,c7e7b06a83278fa687cbaa98c7858bd6cf2dddabb7ebb7ca11213f35d2f362c4,undefined FUN_18176aa54(),ghidra,clean,
WHGame.dll,release_1_5_1164953_841,0x176ab08,180,FUN_18176ab08,,,2666423e5e0a35b50f5ea1e1a1d54e0124bb622bbac942cd64a43de8c29924bd,undefined FUN_18176ab08(),ghidra,clean,
WHGame.dll,release_1_5_1164953_841,0x176abbc,62,FUN_18176abbc,,,08e5c10412eafc1df1254b2370aed5f1ae9f32be9b0287e2d9b6894cc539365f,undefined FUN_18176abbc(),ghidra,clean,
WHGame.dll,release_1_5_1164953_841,0x176abfc,34,FUN_18176abfc,,,8dc92ba1cc2ff273ad8d17e9194fbd6dfbe277871ffbdba0c6c98133bfad1db4,undefined FUN_18176abfc(),ghidra,clean,
WHGame.dll,release_1_5_1164953_841,0x176ac20,65,FUN_18176ac20,,,387f9b082608d2e28aa2eb378d1925c475192ab9d75b6371374434c654852e53,undefined FUN_18176ac20(),ghidra,clean,
WHGame.dll,release_1_5_1164953_841,0x176ac64,102,FUN_18176ac64,,,59a9756783b703673bf9572d93b808642785d743d1efeb8ef1036a169c77be60,undefined FUN_18176ac64(),ghidra,clean,
WHGame.dll,release_1_5_1164953_841,0x176accc,5745,FUN_18176accc,,,1d7c3255212dcb5b07a387476a2d7bba4895217df75e8b95f0b17c1f33d79c93,undefined FUN_18176accc(),ghidra,clean,
WHGame.dll,release_1_5_1164953_841,0x176c340,191,FUN_18176c340,,,2f0f0f372c38d8ff4b41c31c8bede2884cd3ff469855fc82f6c32fb7018a94d4,undefined FUN_18176c340(),ghidra,clean,
WHGame.dll,release_1_5_1164953_841,0x176c400,150,FUN_18176c400,,,5584b8afdad5d9fb6801f446b1b14f8e4b847d5c3f778d51a1ece67e1b9ae1c9,undefined FUN_18176c400(),ghidra,clean,
WHGame.dll,release_1_5_1164953_841,0x176c498,227,FUN_18176c498,,,b11be67ee5ba2a4452bdf9cadddb8a89af07e7f9fb655c1257d5e1ca9d9af537,undefined FUN_18176c498(),ghidra,clean,
WHGame.dll,release_1_5_1164953_841,0x176c57c,123,FUN_18176c57c,,,7e6ba1b4b3e12aba890f764bee6b652fb7c03bc9e0062e6877d0d79d430a2ad4,undefined FUN_18176c57c(),ghidra,clean,
WHGame.dll,release_1_5_1164953_841,0x176c5f8,123,FUN_18176c5f8,,,6e8b95739bffcd4c96c8e54df4f9f07b8bb8f85640860eb6b1201b849a6eed17,undefined FUN_18176c5f8(),ghidra,clean,
WHGame.dll,release_1_5_1164953_841,0x176c674,234,FUN_18176c674,,,6f5e0fc70ab5302cf62dd94f49d30e3c1ed64bdecafd6eadc2e7363d613fd752,undefined FUN_18176c674(),ghidra,clean,
WHGame.dll,release_1_5_1164953_841,0x176c760,232,FUN_18176c760,,,2e0313c7bdfd99f26950edeac71bc9277c44153fafd00e247e530878775075e7,undefined FUN_18176c760(),ghidra,clean,
WHGame.dll,release_1_5_1164953_841,0x176c848,196,FUN_18176c848,,,9656f7fc984d91a19c5c870b7b7e5a2a19d7632b7ba5f2b102c3f86cc2b0f997,undefined FUN_18176c848(),ghidra,clean,
WHGame.dll,release_1_5_1164953_841,0x176c904,175,FUN_18176c904,,,309341f231a336b7fb25b2265e053f71f349f568deaf71f2e6b088ec4496e245,undefined FUN_18176c904(),ghidra,clean,
WHGame.dll,release_1_5_1164953_841,0x176c9b4,98,FUN_18176c9b4,,,5c30f2ebe8b8edeab205adde1e2bc1e229db46986977d2a2f4c3cc36cf5bfdd2,undefined FUN_18176c9b4(),ghidra,clean,
WHGame.dll,release_1_5_1164953_841,0x176ca18,97,FUN_18176ca18,,,389978b06fb1aa197db328e6bf3d828d618b4d69a7e78ac9b5a7737f720207f5,undefined FUN_18176ca18(),ghidra,clean,
WHGame.dll,release_1_5_1164953_841,0x176ca6c,55,FUN_18176ca6c,,,ef9ac7904d0ca179959b9bd4f75917434d15096f78100bcc0ac7bbe21c41aba6,undefined FUN_18176ca6c(),ghidra,clean,
WHGame.dll,release_1_5_1164953_841,0x176caa4,62,FUN_18176caa4,,,9ff5c15c0c8a91aa251b0eecab776a1da19b285f421f412b6c875dc2430d021c,undefined FUN_18176caa4(),ghidra,clean,
WHGame.dll,release_1_5_1164953_841,0x176cae4,70,FUN_18176cae4,,,6bd1d29d9881f85cc5327a9f3a37bbc537ef3fce9408d4308fb018973813301c,undefined FUN_18176cae4(),ghidra,clean,
WHGame.dll,release_1_5_1164953_841,0x176cb30,30,FUN_18176cb30,,,a0775e6d89e6a1cffd12179dfaec4afaa4830f51a38d2c98d9cf8135457be5a1,undefined FUN_18176cb30(),ghidra,clean,
WHGame.dll,release_1_5_1164953_841,0x176cb50,11,FUN_18176cb50,,,3356cbe1cd3ede096fce2e4f42b2b3ecf97ab17cdfde7f303f1cee7ea6d3be32,undefined FUN_18176cb50(),ghidra,clean,
WHGame.dll,release_1_5_1164953_841,0x176cb5c,9,FUN_18176cb5c,,,c399212693e2a484712c38ac1f6a876796d2a1e877b5c61565c819d55ce41d9c,undefined FUN_18176cb5c(),ghidra,clean,
WHGame.dll,release_1_5_1164953_841,0x176cb68,26,FUN_18176cb68,,,819234953c91d716a341edb10dcca2267107efa13f78881bbca64f4a7a11eeca,undefined FUN_18176cb68(),ghidra,clean,
WHGame.dll,release_1_5_1164953_841,0x176cb84,155,FUN_18176cb84,,,64d748f92f96d5ff66f03a3c80e1bef46d440b22683a6ef24b030764401d75b4,undefined FUN_18176cb84(),ghidra,clean,
WHGame.dll,release_1_5_1164953_841,0x176cc20,291,FUN_18176cc20,,,dba5acf80f733a5114a0234e532050239efeaef2f8da78a4c6eafb189da2d30a,undefined FUN_18176cc20(),ghidra,clean,
WHGame.dll,release_1_5_1164953_841,0x176cd44,155,FUN_18176cd44,,,16ba61e61f4f8569c27006ef11c379ae9ffe2268d29895d8bbe5707406b5cd15,undefined FUN_18176cd44(),ghidra,clean,
WHGame.dll,release_1_5_1164953_841,0x176cde0,291,FUN_18176cde0,,,964a28ea1981ed5ae3e135b1e41490fe42d98e6006f8c7606b84b167a488f985,undefined FUN_18176cde0(),ghidra,clean,
WHGame.dll,release_1_5_1164953_841,0x176cf04,155,FUN_18176cf04,,,cc657948b5fe0e1729fa0628a8dde70027a2b1d917ee7e78d471a495a69b673c,undefined FUN_18176cf04(),ghidra,clean,
WHGame.dll,release_1_5_1164953_841,0x176cfa0,291,FUN_18176cfa0,,,2838f2a8f95377271c3e8481ddf3c9e0c68b1eb53cee75ebf79095e1f854e040,undefined FUN_18176cfa0(),ghidra,clean,
WHGame.dll,release_1_5_1164953_841,0x176d0c4,30,FUN_18176d0c4,,,442dc69cb4525c425003e4a9bf72033b19337754a9d6b5d326b5cbdb5b49239c,undefined FUN_18176d0c4(),ghidra,clean,
WHGame.dll,release_1_5_1164953_841,0x176d0e4,173,FUN_18176d0e4,,,d7535e1ed2dad0650fd15925225cc6a41b8bdf6e9ce7b710420de72b95169af6,undefined FUN_18176d0e4(),ghidra,clean,
WHGame.dll,release_1_5_1164953_841,0x176d194,129,FUN_18176d194,,,c05d9be21cdcfd11ccdf62412e056275f44c79e80f2ef2a635d2e2aa859b2766,undefined FUN_18176d194(),ghidra,clean,
WHGame.dll,release_1_5_1164953_841,0x176d218,136,FUN_18176d218,,,4ba4ced87e7c537c78c131d41be42ddd5e11c0f123e8d1548cb87c2aa3e08dd3,undefined FUN_18176d218(),ghidra,clean,
WHGame.dll,release_1_5_1164953_841,0x176d2a0,130,FUN_18176d2a0,,,99b82e83decb00f186d73c8d70c2d8b60e4ca668aa088398116b8cb4cbc05ac0,undefined FUN_18176d2a0(),ghidra,clean,
WHGame.dll,release_1_5_1164953_841,0x176d330,8,FUN_18176d330,,,d5f3162ce29ee7dd3de9c81bd2760cd7a5a80db4a9ad08eb3f4a34583ca7be14,undefined FUN_18176d330(),ghidra,clean,
WHGame.dll,release_1_5_1164953_841,0x176d338,102,FUN_18176d338,,,3c6cd3d5f80d4ba482c0e964417981dfc0646eb2074150c8d6c7f1801976ad7e,undefined FUN_18176d338(),ghidra,clean,
WHGame.dll,release_1_5_1164953_841,0x176d3a0,53,FUN_18176d3a0,,,9ff10b5b102b6cd79874f8217e59bb917e46b78396835bf27ce4d8f9ceda1404,undefined FUN_18176d3a0(),ghidra,clean,
WHGame.dll,release_1_5_1164953_841,0x176d3d8,431,FUN_18176d3d8,,,72b2017ffe60d6b22f794266d94e2c0d149073cf9af94237f4eed81008013801,undefined FUN_18176d3d8(),ghidra,clean,
WHGame.dll,release_1_5_1164953_841,0x176d534,40,FUN_18176d534,,,1a6486a962bc3907bb2e63d15089414667f9dd4e2bca93d5c6b641010ac1651f,undefined FUN_18176d534(),ghidra,clean,
WHGame.dll,release_1_5_1164953_841,0x176d55c,42,FUN_18176d55c,,,03fb1baf6217cc7690ffc1fb616ce48b7dfdf01b4552d4a5f9f898ce4f10ce65,undefined FUN_18176d55c(),ghidra,clean,
WHGame.dll,release_1_5_1164953_841,0x176d588,190,FUN_18176d588,,,0234aa04e814cc399b92211639ba91bc02b3de943190781a06a7f07c16a64797,undefined FUN_18176d588(),ghidra,clean,
WHGame.dll,release_1_5_1164953_841,0x176d6b8,145,FUN_18176d6b8,,,34dd72ecfc563ea515e2fe7a9334b983b86da6bc60e8c2f31c22bcd0d8adbc8b,undefined FUN_18176d6b8(),ghidra,clean,
WHGame.dll,release_1_5_1164953_841,0x176d74c,145,FUN_18176d74c,,,2228ca61cc43d2924dd80613e3ef3f8bf831e734f20250f43cec4538f779c513,undefined FUN_18176d74c(),ghidra,clean,
WHGame.dll,release_1_5_1164953_841,0x176d7e0,145,FUN_18176d7e0,,,29abea75a8fdfe2add9d7ec8da41343613e0ee9cb59cfb488cbdb16a8c51609f,undefined FUN_18176d7e0(),ghidra,clean,
WHGame.dll,release_1_5_1164953_841,0x176d874,26,FUN_18176d874,,,819234953c91d716a341edb10dcca2267107efa13f78881bbca64f4a7a11eeca,undefined FUN_18176d874(),ghidra,clean,
WHGame.dll,release_1_5_1164953_841,0x176d890,155,FUN_18176d890,,,5cbc4fc2f88486c50b4bc0f2d2ee677b3bb2463d5140f27785d64368ba32892c,undefined FUN_18176d890(),ghidra,clean,
WHGame.dll,release_1_5_1164953_841,0x176d92c,304,FUN_18176d92c,,,6753fecd76f5a24c128153b2cfe4b35e59c5b8546dbb9f29a82c6e49dcc1dfb2,undefined FUN_18176d92c(),ghidra,clean,
WHGame.dll,release_1_5_1164953_841,0x176da5c,155,FUN_18176da5c,,,b5aba6b6c872725a2ac587f347221c96452f46d0ff0b98e4810e29be950a0487,undefined FUN_18176da5c(),ghidra,clean,
WHGame.dll,release_1_5_1164953_841,0x176daf8,298,FUN_18176daf8,,,ccb907d8fb73b80af3acb169ae704a97fbd5a67db4c0c7025cda13134f1fcdbf,undefined FUN_18176daf8(),ghidra,clean,
WHGame.dll,release_1_5_1164953_841,0x176dc24,1015,FUN_18176dc24,,,8a3d86b3df626c32e0f0b7ef2a2a7fa42249126cdac8840e6b7f5bdf5ceb01c3,undefined FUN_18176dc24(),ghidra,clean,
WHGame.dll,release_1_5_1164953_841,0x176dd04,26,FUN_18176dd04,,,e1b2e5b9657e1f08d5c89e8dd0cb860242448433498857571512466bd0b4d43b,undefined FUN_18176dd04(),ghidra,clean,
WHGame.dll,release_1_5_1164953_841,0x176dd20,264,FUN_18176dd20,,,79cbca01438ec3c586f79bc2e9840537182a0b410891d82bf99758610cb6a889,undefined FUN_18176dd20(),ghidra,clean,
WHGame.dll,release_1_5_1164953_841,0x176de28,155,FUN_18176de28,,,f4c753fda400623011464d6444b82f8ad08a7703a262edda39cbb8ec6f7b963a,undefined FUN_18176de28(),ghidra,clean,
WHGame.dll,release_1_5_1164953_841,0x176dec4,291,FUN_18176dec4,,,444d6fba680593a5d20cccaff11b51c74265c5b0f8964b05bb0f5a55a9c870e9,undefined FUN_18176dec4(),ghidra,clean,
WHGame.dll,release_1_5_1164953_841,0x176dfe8,26,FUN_18176dfe8,,,819234953c91d716a341edb10dcca2267107efa13f78881bbca64f4a7a11eeca,undefined FUN_18176dfe8(),ghidra,clean,
WHGame.dll,release_1_5_1164953_841,0x176e004,155,FUN_18176e004,,,af1b9c13c186ed5c0fe43cb0fe67de6ac05b7f4ea256d497481074a7e006994d,undefined FUN_18176e004(),ghidra,clean,
WHGame.dll,release_1_5_1164953_841,0x176e0a0,304,FUN_18176e0a0,,,5859acc6de0957cfd1b1253f5f966507019188204baf992f03632ffb0d4601d3,undefined FUN_18176e0a0(),ghidra,clean,
WHGame.dll,release_1_5_1164953_841,0x176e1d0,155,FUN_18176e1d0,,,34621a58870f9d1b63f73d2bd8aba57644614c993c28e2b8b38b1832a2a1aa44,undefined FUN_18176e1d0(),ghidra,clean,
WHGame.dll,release_1_5_1164953_841,0x176e26c,298,FUN_18176e26c,,,576df1d6a72c739729f1c2ff9c1ed9006d917caaf1509d3fc624a8887929b104,undefined FUN_18176e26c(),ghidra,clean,
WHGame.dll,release_1_5_1164953_841,0x176e398,89,FUN_18176e398,,,0b5286682917a2e761c16caa614929357becb81d12d3d358f8a6d73931ea829f,undefined FUN_18176e398(),ghidra,clean,
WHGame.dll,release_1_5_1164953_841,0x176e3f4,93,FUN_18176e3f4,,,4e045e768cc9a0100bb8dac962e61b7e5037fed1666b00a3a5a6b8ef7eb218db,undefined FUN_18176e3f4(),ghidra,clean,
WHGame.dll,release_1_5_1164953_841,0x176e454,93,FUN_18176e454,,,fe9ed6d04ffb79c28c0bd0eeb0202088f70848f6ce416afaaf6f53f4b86b90d5,undefined FUN_18176e454(),ghidra,clean,
WHGame.dll,release_1_5_1164953_841,0x176e4b4,55,FUN_18176e4b4,,,3ab0ed43262ad1efa68cea8dfdb7aed4ae241f3f8dc0b790325bf4558f923820,undefined FUN_18176e4b4(),ghidra,clean,
WHGame.dll,release_1_5_1164953_841,0x176e4dc,186,FUN_18176e4dc,,,8a74a4b67b1fb7d97dfaa65cfd0df4a0e7880f7020c6031dd9b72a2e009cbead,undefined FUN_18176e4dc(),ghidra,clean,
WHGame.dll,release_1_5_1164953_841,0x176e598,155,FUN_18176e598,,,ece291e7c1df0275c8c57a08c355260739e85d92f766517f7e08affd7ed3f42b,undefined FUN_18176e598(),ghidra,clean,
WHGame.dll,release_1_5_1164953_841,0x176e634,291,FUN_18176e634,,,ca5f88a37f1e299274651791cac97062dd1ad328e0d70a74cb8bba084866096d,undefined FUN_18176e634(),ghidra,clean,
WHGame.dll,release_1_5_1164953_841,0x176e758,26,FUN_18176e758,,,89522301ec8f954468f30532cd416f55c1f9294c900e854a47e0dcb845cc3425,undefined FUN_18176e758(),ghidra,clean,
WHGame.dll,release_1_5_1164953_841,0x176e774,14,FUN_18176e774,,,1386c0633744ae66ba556de271ee636925bfea80e54e4dff8471b3e7ecdf7cb8,undefined FUN_18176e774(),ghidra,clean,
WHGame.dll,release_1_5_1164953_841,0x176e784,138,FUN_18176e784,,,38e7ef7b84cc6eaecec041bad529788b6bc4695109685a45db47bc62bbb4fd4b,undefined FUN_18176e784(),ghidra,clean,
WHGame.dll,release_1_5_1164953_841,0x176e810,19,FUN_18176e810,,,e8967ba89287ab00e1664b0157cd58648023d3e4b382e8cf4076c8031d32f2cc,undefined FUN_18176e810(),ghidra,clean,
WHGame.dll,release_1_5_1164953_841,0x176e824,149,FUN_18176e824,,,dfeb6a859b76b7576a68cd89f7bfeb784c7691d16665c2b1f4d064faa5e5e81c,undefined FUN_18176e824(),ghidra,clean,
WHGame.dll,release_1_5_1164953_841,0x176e8bc,112,FUN_18176e8bc,,,5974287378f4b79828f3df886594546b067594b101b38ea97e8a86bdb4f9c359,undefined FUN_18176e8bc(),ghidra,clean,
WHGame.dll,release_1_5_1164953_841,0x176e92c,35,FUN_18176e92c,,,f69f4696aee57d52597310d9926addf2764dd6512e6677b2b9d933436da62a78,undefined FUN_18176e92c(),ghidra,clean,
WHGame.dll,release_1_5_1164953_841,0x176e950,49,FUN_18176e950,,,007abde0aceb3cbdc101c1cc31463801d934d2102892780fd1f743c07d17ab12,undefined FUN_18176e950(),ghidra,clean,
WHGame.dll,release_1_5_1164953_841,0x176e984,158,FUN_18176e984,,,b28f4b0470a6a088b349ffcd6f2cee22cde04bc9edcb0331e269756bc7499baa,undefined FUN_18176e984(),ghidra,clean,
WHGame.dll,release_1_5_1164953_841,0x176ea30,9,FUN_18176ea30,,,62a0e64055dc289f6c5719ce486d3f2133a4dcbf77636e7210e2c79a8600d41b,undefined FUN_18176ea30(),ghidra,clean,
WHGame.dll,release_1_5_1164953_841,0x176ea3c,14,FUN_18176ea3c,,,591c4bb3ad2178fadcb252870fb73c33a53b3ec79e68dccc3a205b70b1e31e55,undefined FUN_18176ea3c(),ghidra,clean,
WHGame.dll,release_1_5_1164953_841,0x176ea4c,155,FUN_18176ea4c,,,98e5ba568e046d6147e0eec54ca90a21ee5a0e6b5cc7d693cbe35aa53e44145d,undefined FUN_18176ea4c(),ghidra,clean,
WHGame.dll,release_1_5_1164953_841,0x176eae8,291,FUN_18176eae8,,,747c7219a41d1cdeb0dcebbc39322a50478683101a7f195c4462bb39c831d323,undefined FUN_18176eae8(),ghidra,clean,
WHGame.dll,release_1_5_1164953_841,0x176ec0c,180,FUN_18176ec0c,,,94d9f7c80c741ee279575c93ffb861b4ad62c4b605fa999b821fc587a38bb572,undefined FUN_18176ec0c(),ghidra,clean,
WHGame.dll,release_1_5_1164953_841,0x176ecc0,180,FUN_18176ecc0,,,33353976c660001283da5650612edfe1fbc353b8c9eb28a9c5dcc76df3cdd16c,undefined FUN_18176ecc0(),ghidra,clean,
WHGame.dll,release_1_5_1164953_841,0x176ed74,180,FUN_18176ed74,,,79401fbe47d735d319c85bb8eb36c8c59642de0eb0301a9197da9f7d8c1caa72,undefined FUN_18176ed74(),ghidra,clean,
WHGame.dll,release_1_5_1164953_841,0x176ee28,155,FUN_18176ee28,,,e0220e1a5379754a52ac64a1df2c129714fabb37b2feff69c06ffb306c334b78,undefined FUN_18176ee28(),ghidra,clean,
WHGame.dll,release_1_5_1164953_841,0x176eec4,291,FUN_18176eec4,,,ae86f504ef3068b1320224d59b21329130015f6f745c4cc3c59e21b672e14935,undefined FUN_18176eec4(),ghidra,clean,
WHGame.dll,release_1_5_1164953_841,0x176efe8,155,FUN_18176efe8,,,e7eef4c04d7ac78011274fbcf9dc050b1e43865a8ccbecb707784b5fcb8c39fd,undefined FUN_18176efe8(),ghidra,clean,
WHGame.dll,release_1_5_1164953_841,0x176f084,291,FUN_18176f084,,,b210b00f7e7a0461c3f9693540676979b42423765d0470b5198d01da4853e3c6,undefined FUN_18176f084(),ghidra,clean,
WHGame.dll,release_1_5_1164953_841,0x176f1a8,155,FUN_18176f1a8,,,f85a2c0569a4e783eb86c3e3d6769ebd204ef762a8273004fc8f51e53060be33,undefined FUN_18176f1a8(),ghidra,clean,
WHGame.dll,release_1_5_1164953_841,0x176f244,291,FUN_18176f244,,,57ed47bc26a83377d74dbd08c723dbdfd5a7d07c675269ef50db00c6ae2411ec,undefined FUN_18176f244(),ghidra,clean,
WHGame.dll,release_1_5_1164953_841,0x176f368,118,FUN_18176f368,,,26a49bf94733c8f32888fac06edde9803e4957858a79d5312d5617e88ed913d5,undefined FUN_18176f368(),ghidra,clean,
WHGame.dll,release_1_5_1164953_841,0x176f3e0,1487,FUN_18176f3e0,,,28340e9daa6a29608fe96523ba2a774a41b8cbd31efc37b2e6784b3158fafd1c,undefined FUN_18176f3e0(),ghidra,clean,
WHGame.dll,release_1_5_1164953_841,0x176f9b0,65,FUN_18176f9b0,,,2ad4c3b3a4a09f44c51c2266431d0bb08b2fa6f17080170bb7161185809a5936,undefined FUN_18176f9b0(),ghidra,clean,
WHGame.dll,release_1_5_1164953_841,0x176f9f4,98,FUN_18176f9f4,,,3dc58a749945b750953ebd1acd0e23267325d200f085fe99088142deb761f3dc,undefined FUN_18176f9f4(),ghidra,clean,
WHGame.dll,release_1_5_1164953_841,0x176fa58,98,FUN_18176fa58,,,65e916a24937e5877ea096ac99b325ca10f8a6f641aa36f315dac77fbf6770ad,undefined FUN_18176fa58(),ghidra,clean,
WHGame.dll,release_1_5_1164953_841,0x176fabc,98,FUN_18176fabc,,,a401b181763ad26b19a4e958dedf98d059ca74df1d2479be45b251ab09d30b28,undefined FUN_18176fabc(),ghidra,clean,
WHGame.dll,release_1_5_1164953_841,0x176fb20,234,FUN_18176fb20,,,cc136c18b3c2ae418f2d45e4923680bb0f82de9afab0c64eb3071bf358bfe2db,undefined FUN_18176fb20(),ghidra,clean,
WHGame.dll,release_1_5_1164953_841,0x176fc0c,207,FUN_18176fc0c,,,3f54e96f6d1b8eb8c7653d46145bc7f9f7c2d6c721c99fa8cb3040fe9c096a6e,undefined FUN_18176fc0c(),ghidra,clean,
WHGame.dll,release_1_5_1164953_841,0x176fccc,251,FUN_18176fccc,,,40aeb87e0aac697bd61e8c2318aa68a66377d793264ba2bab1be2045c1b45e91,undefined FUN_18176fccc(),ghidra,clean,
WHGame.dll,release_1_5_1164953_841,0x176fdc8,196,FUN_18176fdc8,,,17332f8dd3ecc6c5e66e096b14487f663c4b888ad59e488baa93a972a0adfd3c,undefined FUN_18176fdc8(),ghidra,clean,
WHGame.dll,release_1_5_1164953_841,0x176fe8c,958,FUN_18176fe8c,,,52706bcc036caf0361d6d8217bb64b45cabcac8d9d9b5d41daa7c372bbe6df7f,undefined FUN_18176fe8c(),ghidra,clean,
WHGame.dll,release_1_5_1164953_841,0x177024c,23,FUN_18177024c,,,0c9851279c50048842f097073bc3dc49c43b467a042586d3f2b91d272b316ff7,undefined FUN_18177024c(),ghidra,clean,
WHGame.dll,release_1_5_1164953_841,0x1770264,26,FUN_181770264,,,819234953c91d716a341edb10dcca2267107efa13f78881bbca64f4a7a11eeca,undefined FUN_181770264(),ghidra,clean,
WHGame.dll,release_1_5_1164953_841,0x1770280,155,FUN_181770280,,,8ea995299385690bef935fba2cbbabbb123dbdca896be29725b8477a3107450d,undefined FUN_181770280(),ghidra,clean,
WHGame.dll,release_1_5_1164953_841,0x177031c,304,FUN_18177031c,,,16777f95d884c7b7d3f4074b189719d1cb1abd02ce2b67bc7671c456092c26e3,undefined FUN_18177031c(),ghidra,clean,
WHGame.dll,release_1_5_1164953_841,0x177044c,155,FUN_18177044c,,,5cfba0fb5bb9c175d686b8778dbaaad516f9a88cf9af69b54bac51f9f089f36e,undefined FUN_18177044c(),ghidra,clean,
WHGame.dll,release_1_5_1164953_841,0x17704e8,298,FUN_1817704e8,,,d49bfeab459903ce3a721a4176afedc1db728a257a84a180512c19d8ca2acaeb,undefined FUN_1817704e8(),ghidra,clean,
WHGame.dll,release_1_5_1164953_841,0x1770614,958,FUN_181770614,,,8626e99a0e40c85dea5053924a0f3726b80f29e078b5923b679e126a5a8dc86e,undefined FUN_181770614(),ghidra,clean,
WHGame.dll,release_1_5_1164953_841,0x17709d4,23,FUN_1817709d4,,,0c9851279c50048842f097073bc3dc49c43b467a042586d3f2b91d272b316ff7,undefined FUN_1817709d4(),ghidra,clean,
WHGame.dll,release_1_5_1164953_841,0x17709ec,26,FUN_1817709ec,,,819234953c91d716a341edb10dcca2267107efa13f78881bbca64f4a7a11eeca,undefined FUN_1817709ec(),ghidra,clean,
WHGame.dll,release_1_5_1164953_841,0x1770a08,155,FUN_181770a08,,,4cfd856b4956b57d3b701b0df461bee4b474878ff6acdbb198f9e0160a759db6,undefined FUN_181770a08(),ghidra,clean,
WHGame.dll,release_1_5_1164953_841,0x1770aa4,304,FUN_181770aa4,,,1515a7dd977b170b00b540feb42c9ede8fee06f969f89ee13e66f299db660255,undefined FUN_181770aa4(),ghidra,clean,
WHGame.dll,release_1_5_1164953_841,0x1770bd4,155,FUN_181770bd4,,,2a9754a5c13191441c707013416a5ed519f98eb89628a6d713fb5ef5fd6f188f,undefined FUN_181770bd4(),ghidra,clean,
WHGame.dll,release_1_5_1164953_841,0x1770c70,298,FUN_181770c70,,,da213218be3627d76efde4d563b1df2ca1b9f84817199cadfa33395f640e2707,undefined FUN_181770c70(),ghidra,clean,
WHGame.dll,release_1_5_1164953_841,0x1770d9c,958,FUN_181770d9c,,,012787fd618cc5dfaa5a7169a9a20b2fc6f2846504e9c588f5d49d863406d4d6,undefined FUN_181770d9c(),ghidra,clean,
WHGame.dll,release_1_5_1164953_841,0x177115c,23,FUN_18177115c,,,0c9851279c50048842f097073bc3dc49c43b467a042586d3f2b91d272b316ff7,undefined FUN_18177115c(),ghidra,clean,
WHGame.dll,release_1_5_1164953_841,0x1771174,26,FUN_181771174,,,819234953c91d716a341edb10dcca2267107efa13f78881bbca64f4a7a11eeca,undefined FUN_181771174(),ghidra,clean,
WHGame.dll,release_1_5_1164953_841,0x1771190,155,FUN_181771190,,,ecc9fa727dabc4d0261740e8cf8e10d72da1728599c4c376a78c2388519f634e,undefined FUN_181771190(),ghidra,clean,
WHGame.dll,release_1_5_1164953_841,0x177122c,304,FUN_18177122c,,,27c05a765d5f053aba06b2fe03aee8894dffaf693de28da9b6e336dd3dcefad1,undefined FUN_18177122c(),ghidra,clean,
WHGame.dll,release_1_5_1164953_841,0x177135c,155,FUN_18177135c,,,e9e984ac6218019a9871ebc7e9f98b767aa17294dd428fce3f5ac531a61cc50f,undefined FUN_18177135c(),ghidra,clean,
WHGame.dll,release_1_5_1164953_841,0x17713f8,298,FUN_1817713f8,,,03ad454bfb7ab70fcfbea067c3dd3df711bb0b3b971d91529854c51e814a1bea,undefined FUN_1817713f8(),ghidra,clean,
WHGame.dll,release_1_5_1164953_841,0x1771524,958,FUN_181771524,,,b4458d2caaad895090de6c255b6b83279d475c2c42eb809224622984c4092867,undefined FUN_181771524(),ghidra,clean,
WHGame.dll,release_1_5_1164953_841,0x17718e4,23,FUN_1817718e4,,,0c9851279c50048842f097073bc3dc49c43b467a042586d3f2b91d272b316ff7,undefined FUN_1817718e4(),ghidra,clean,
WHGame.dll,release_1_5_1164953_841,0x17718fc,26,FUN_1817718fc,,,819234953c91d716a341edb10dcca2267107efa13f78881bbca64f4a7a11eeca,undefined FUN_1817718fc(),ghidra,clean,
WHGame.dll,release_1_5_1164953_841,0x1771918,155,FUN_181771918,,,03895676c2ff3a1cf3b8cf315146aae02a80d6ac327c1d39aa759535ebd0b45e,undefined FUN_181771918(),ghidra,clean,
WHGame.dll,release_1_5_1164953_841,0x17719b4,304,FUN_1817719b4,,,be298b8e90bf8ab44d5550fc27ae1b25e4cf09bc6679a880a9f4fb333873e029,undefined FUN_1817719b4(),ghidra,clean,
WHGame.dll,release_1_5_1164953_841,0x1771ae4,155,FUN_181771ae4,,,a6136c9ce59525ae094cd6c34728c6663e85c6c6fc0821fcf740d567238cb069,undefined FUN_181771ae4(),ghidra,clean,
WHGame.dll,release_1_5_1164953_841,0x1771b80,298,FUN_181771b80,,,02d9183cf1399f2415821f02be1f8c1af599377e0a25407ee1d008a7513bc511,undefined FUN_181771b80(),ghidra,clean,
WHGame.dll,release_1_5_1164953_841,0x1771cac,958,FUN_181771cac,,,c9a17a8d85bb9f7833aed53470fd0c03516dd6f631457b8a5dfc7c40cb8b601b,undefined FUN_181771cac(),ghidra,clean,
WHGame.dll,release_1_5_1164953_841,0x177206c,23,FUN_18177206c,,,0c9851279c50048842f097073bc3dc49c43b467a042586d3f2b91d272b316ff7,undefined FUN_18177206c(),ghidra,clean,
WHGame.dll,release_1_5_1164953_841,0x1772084,26,FUN_181772084,,,819234953c91d716a341edb10dcca2267107efa13f78881bbca64f4a7a11eeca,undefined FUN_181772084(),ghidra,clean,
WHGame.dll,release_1_5_1164953_841,0x17720a0,155,FUN_1817720a0,,,2ee541b45fce0f63cd27bd9489ab1e8bff6130f3f8e623e3bc5a5a14786872c1,undefined FUN_1817720a0(),ghidra,clean,
WHGame.dll,release_1_5_1164953_841,0x177213c,304,FUN_18177213c,,,34800de65fddb20125359e634b7e59d9401163c0bbca498b97b101b01d00609b,undefined FUN_18177213c(),ghidra,clean,
WHGame.dll,release_1_5_1164953_841,0x177226c,155,FUN_18177226c,,,a828013e93ada1b1220b2706d3ab6df973155a3855ed9cf0b61475a7bfe02c64,undefined FUN_18177226c(),ghidra,clean,
WHGame.dll,release_1_5_1164953_841,0x1772308,298,FUN_181772308,,,457207d611ec80b437aaf51912e6cdebdfd091e9cd978acbcf73152c1c275eda,undefined FUN_181772308(),ghidra,clean,
WHGame.dll,release_1_5_1164953_841,0x1772434,331,FUN_181772434,,,19f87e15cd75347e328fbcdf82c420b1677b4e4aa0ab72d9fb0c5b006cfbcfe3,undefined FUN_181772434(),ghidra,clean,
WHGame.dll,release_1_5_1164953_841,0x1772580,363,FUN_181772580,,,52ec80fb53a76adcd96a94d705f0446fdf7fb8defb7671609abb4433e2856afd,undefined FUN_181772580(),ghidra,clean,
WHGame.dll,release_1_5_1164953_841,0x17726e0,385,FUN_1817726e0,,,1b9bb3bca3da9bc2055ef5ac922f63965fb542558a6328de211630db58c1ad50,undefined FUN_1817726e0(),ghidra,clean,
WHGame.dll,release_1_5_1164953_841,0x1772864,177,FUN_181772864,,,f7aaa1d2d19417377d0de2540b5001bc3ff9ab51056c66a4cc30b3cd18d90891,undefined FUN_181772864(),ghidra,clean,
WHGame.dll,release_1_5_1164953_841,0x1772918,80,FUN_181772918,,,828774aea5396c760de847418f7551fed4d0b27d3ca63f8dc526abc9ea8a4c51,undefined FUN_181772918(),ghidra,clean,
WHGame.dll,release_1_5_1164953_841,0x1772968,80,FUN_181772968,,,6f84527e9fdad0242ae3661e4611116236ccbb1d44a9d7ac2f67fc82a2d7445b,undefined FUN_181772968(),ghidra,clean,
WHGame.dll,release_1_5_1164953_841,0x17729b8,80,FUN_1817729b8,,,c3dbff84793f6d9144581efc058caf68b13b4dfede21b7ae7e583996d029aa1e,undefined FUN_1817729b8(),ghidra,clean,
WHGame.dll,release_1_5_1164953_841,0x1772a08,80,FUN_181772a08,,,19c8f9672b9cd702f85000dae80feffdd837f38bf5f389ad74a4e3345c076244,undefined FUN_181772a08(),ghidra,clean,
WHGame.dll,release_1_5_1164953_841,0x1772a58,80,FUN_181772a58,,,dc719ed57a01bd0791a4fbe964591baa66d2b061756166f84a1a325ef3c32bcd,undefined FUN_181772a58(),ghidra,clean,
WHGame.dll,release_1_5_1164953_841,0x1772aa8,85,FUN_181772aa8,,,7bda80c9a006d99e5a75ac6b6f14107ee846d8d70d110a690bb779e7cb5ab522,undefined FUN_181772aa8(),ghidra,clean,
WHGame.dll,release_1_5_1164953_841,0x1772adc,33,FUN_181772adc,,,544f8b8cb413060c9502f81c1716efeffb18a942a3999ab113d654f7e2584c99,undefined FUN_181772adc(),ghidra,clean,
WHGame.dll,release_1_5_1164953_841,0x1772b00,34,FUN_181772b00,,,8edcc047277a51a35c21885ebe6214e6542172ce97412c1486dbf9963addd5eb,undefined FUN_181772b00(),ghidra,clean,
WHGame.dll,release_1_5_1164953_841,0x1772b24,65,FUN_181772b24,,,fc175aac5284bb2cf7cdf5588f0022be6a7df37ea4c5ce75290448ede031df40,undefined FUN_181772b24(),ghidra,clean,
WHGame.dll,release_1_5_1164953_841,0x1772b68,63,FUN_181772b68,,,8ccc77675e7683f6635e7786bbb42302a922a303f1b1281f7de6471d0d5fbef2,undefined FUN_181772b68(),ghidra,clean,
WHGame.dll,release_1_5_1164953_841,0x1772bc0,68,FUN_181772bc0,,,337e7f162e256d7b71215de61dde50fb2e88abefe442d772600fba2b305e6a51,undefined FUN_181772bc0(),ghidra,clean,
WHGame.dll,release_1_5_1164953_841,0x1772c04,147,FUN_181772c04,,,2354cb7707a3eb9b1ae7b3bfdaf3dab8020ecde45f038a66ae3b8ac708ebb461,undefined FUN_181772c04(),ghidra,clean,
WHGame.dll,release_1_5_1164953_841,0x1772c98,196,FUN_181772c98,,,1d8b3df452b59e389807593bc6ff4a7073ccb40410cb658444ffe52d6f010751,undefined FUN_181772c98(),ghidra,clean,
WHGame.dll,release_1_5_1164953_841,0x1772d54,175,FUN_181772d54,,,ab2e8cdae5350b59a35e303dd67c9eac300eb70a6d32a2888751d2064839ecc0,undefined FUN_181772d54(),ghidra,clean,
WHGame.dll,release_1_5_1164953_841,0x1772e04,23,FUN_181772e04,,,e5a30e4fcd92f0baca4906100e5ccd7ca611d5b6683434d642f133096672b0be,undefined FUN_181772e04(),ghidra,clean,
WHGame.dll,release_1_5_1164953_841,0x1772e1c,30,FUN_181772e1c,,,d959b94b1be64021cd6b495b6ffc667fbbdde9319986b6da6e464988c1686d91,undefined FUN_181772e1c(),ghidra,clean,
WHGame.dll,release_1_5_1164953_841,0x1772e3c,157,FUN_181772e3c,,,52fc8e53d042b3f6e642dce2f97ea2303fac1d8c8738b2214c6e8da7890becda,undefined FUN_181772e3c(),ghidra,clean,
WHGame.dll,release_1_5_1164953_841,0x1772edc,122,FUN_181772edc,,,fc3dbadaf331b1c2dbe1f53fdb9896eb08b6a5d9fd13974eb3318528a90c5976,undefined FUN_181772edc(),ghidra,clean,
WHGame.dll,release_1_5_1164953_841,0x1772f58,261,FUN_181772f58,,,9ed0299d87ddb49dadcbb223ead110e605ec13858094bd0e839dca2ce2ee0a34,undefined FUN_181772f58(),ghidra,clean,
WHGame.dll,release_1_5_1164953_841,0x1773060,80,FUN_181773060,,,51157083ca83c61bbe1dd42db4e7eed89f2e3c2244d7820b4921d0316ead762c,undefined FUN_181773060(),ghidra,clean,
WHGame.dll,release_1_5_1164953_841,0x17730b0,95,FUN_1817730b0,,,5f0924d5536279224605b3050f5d70acec581e10fb6c0ddabe8545c0a13f25f5,undefined FUN_1817730b0(),ghidra,clean,
WHGame.dll,release_1_5_1164953_841,0x1773110,431,FUN_181773110,,,82cfbb1ec0a8a9d8ed23310f134172af41f1db8ce5ab554d15fca3b6f5889db0,undefined FUN_181773110(),ghidra,clean,
WHGame.dll,release_1_5_1164953_841,0x177326c,40,FUN_18177326c,,,d89204cfde98882fa10812ffafeabd1ad0987169c27a7de58df17347bb8aa0c5,undefined FUN_18177326c(),ghidra,clean,
WHGame.dll,release_1_5_1164953_841,0x1773294,42,FUN_181773294,,,5b7271211d8b64eb6f3a8726363d7bd06d6b3ed4f9b8315a837c7a0464349a3c,undefined FUN_181773294(),ghidra,clean,
WHGame.dll,release_1_5_1164953_841,0x17732c0,168,FUN_1817732c0,,,d92f69ad738240c51007b5e419dbe2ed3bad4b676cf0848a7a00260caa8145f9,undefined FUN_1817732c0(),ghidra,clean,
WHGame.dll,release_1_5_1164953_841,0x1773368,64,FUN_181773368,,,d1a89c75bcf3f141436d571670d5edbef6eb32e94ae18af01614018be48e446a,undefined FUN_181773368(),ghidra,clean,
WHGame.dll,release_1_5_1164953_841,0x17733a8,184,FUN_1817733a8,,,8310d05daa36d34ff1466a8b3a308c02de2028920bd751f1fa08e358ea4e972e,undefined FUN_1817733a8(),ghidra,clean,
WHGame.dll,release_1_5_1164953_841,0x1773460,158,FUN_181773460,,,8ac67ba0a4db3f0dc611a9460f03c607691c675bd851aa732b0e885ed596350e,undefined FUN_181773460(),ghidra,clean,
WHGame.dll,release_1_5_1164953_841,0x17734cc,137,FUN_1817734cc,,,232e3f7f163e1ee42ad142cce478489589b106c9279eb521a2fdd69ce022f7a2,undefined FUN_1817734cc(),ghidra,clean,
WHGame.dll,release_1_5_1164953_841,0x1773558,83,FUN_181773558,,,7955ef46297acc02eb270a9a66c927bf48480b2fd4fb911b0ca2eb5a07e42354,undefined FUN_181773558(),ghidra,clean,
WHGame.dll,release_1_5_1164953_841,0x17735ac,88,FUN_1817735ac,,,43aa3470561a59b85929706a1651760ded323214f90ad5e29c784075b71e164b,undefined FUN_1817735ac(),ghidra,clean,
WHGame.dll,release_1_5_1164953_841,0x1773604,45,FUN_181773604,,,fb92c4c5b8410ffdb945086f13c2e385eb6c953736e71f68fcc64aeeb19b08e7,undefined FUN_181773604(),ghidra,clean,
WHGame.dll,release_1_5_1164953_841,0x1773634,1342,FUN_181773634,,,cef5916ab6c8ba12be85a00df18dd7eea26ae0caf3734c988af608b7da736254,undefined FUN_181773634(),ghidra,clean,
WHGame.dll,release_1_5_1164953_841,0x1773b90,188,FUN_181773b90,,,a017fdc2eef698de6ffb1aba30b4aeecd95a6e53adb47d4b91fca8717ddb381d,undefined FUN_181773b90(),ghidra,clean,
WHGame.dll,release_1_5_1164953_841,0x1773c4c,51,FUN_181773c4c,,,020b81e3517dffddfa169b96fd39bc83cbf132314dee25138e66ed2344960b71,undefined FUN_181773c4c(),ghidra,clean,
WHGame.dll,release_1_5_1164953_841,0x1773c80,36,FUN_181773c80,,,8642b34fe9609211ee57f231b0a0cf8c45fc346fa20537d468e89efdc0831dac,undefined FUN_181773c80(),ghidra,clean,
WHGame.dll,release_1_5_1164953_841,0x1773ca4,30,FUN_181773ca4,,,4efcc8f3a609fb77db507735ad0f39c71c68af30d5f04e23bfd2bf48f749801e,undefined FUN_181773ca4(),ghidra,clean,
WHGame.dll,release_1_5_1164953_841,0x1773cd0,180,FUN_181773cd0,,,e7ed1b9c18ef79d62fe0b3d60d3502a38222c13c41b7b7247eadc17d48cc68ce,undefined FUN_181773cd0(),ghidra,clean,
WHGame.dll,release_1_5_1164953_841,0x1773d84,180,FUN_181773d84,,,5c8a5d8dbdecb14d8a82d979a4ba4dba690bed3f7256a6c763b1b53246b9c28d,undefined FUN_181773d84(),ghidra,clean,
WHGame.dll,release_1_5_1164953_841,0x1773e38,180,FUN_181773e38,,,f3d8ce2604bc0061c0118cc58caaf936e9fa2f92944cdc3b5ab18b53a27951f2,undefined FUN_181773e38(),ghidra,clean,
WHGame.dll,release_1_5_1164953_841,0x1773eec,295,FUN_181773eec,,,bc5b33dd0b359969ea5fc52128602fbb6afa0fb15affc1e8f9b27a3e2e520569,undefined FUN_181773eec(),ghidra,clean,
WHGame.dll,release_1_5_1164953_841,0x1774014,61,FUN_181774014,,,6354c1c84713eace101056be40d8b6c0830389af209d51095e0239d0b0005376,undefined FUN_181774014(),ghidra,clean,
WHGame.dll,release_1_5_1164953_841,0x1774054,108,FUN_181774054,,,d1d536542599e0203708709c87906305a15a2500e2d93131a27a2bc92d0cabc8,undefined FUN_181774054(),ghidra,clean,
WHGame.dll,release_1_5_1164953_841,0x17740c0,80,FUN_1817740c0,,,4ced874f8845c24c4422c8ecc89d45ef871a3a267462c920832a60251533cb35,undefined FUN_1817740c0(),ghidra,clean,
WHGame.dll,release_1_5_1164953_841,0x1774110,30,FUN_181774110,,,451b4823eef7304777cfe193fbc0285cf45c63b727e3b842eaf3488bb924dc82,undefined FUN_181774110(),ghidra,clean,
WHGame.dll,release_1_5_1164953_841,0x1774130,66,FUN_181774130,,,1b1591c52562a2376726d94949817aeef39b16e9670c33847473cee8360b868a,undefined FUN_181774130(),ghidra,clean,
WHGame.dll,release_1_5_1164953_841,0x1774174,106,FUN_181774174,,,7afe486128c7aaff69752569df9ec744fef6efac9a21eb9d7e1e7f6f3fc80744,undefined FUN_181774174(),ghidra,clean,
WHGame.dll,release_1_5_1164953_841,0x17741d0,84,FUN_1817741d0,,,9a58287b5bef2c6560e5a79782ed47f8187d155323d59e3a0ac527c828e81cf3,undefined FUN_1817741d0(),ghidra,clean,
WHGame.dll,release_1_5_1164953_841,0x1774224,56,FUN_181774224,,,9f5b24afaf4fc05ed27cc0fac90ce6136cb7cb24b986525614e6850b96655c5c,undefined FUN_181774224(),ghidra,clean,
WHGame.dll,release_1_5_1164953_841,0x177425c,35,FUN_18177425c,,,c5079176ead3cffe4891bdce6843af28a54baa26d7d5ecf0a67fe6febec05693,undefined FUN_18177425c(),ghidra,clean,
WHGame.dll,release_1_5_1164953_841,0x1774280,452,FUN_181774280,,,827aeb10ddc1351689ecb9df855c17a373a05d7da6cb7f034ec6c4fbbce04e95,undefined FUN_181774280(),ghidra,clean,
WHGame.dll,release_1_5_1164953_841,0x177433d,5,FUN_18177433d,,,e5b3b9f102fea0a09d9822d7b0c8e91718ed0263c4aa5c1095d072901b2261f4,undefined FUN_18177433d(),ghidra,clean,
WHGame.dll,release_1_5_1164953_841,0x1774348,11,FUN_181774348,,,acae2b56c5b6f1231a21fe6e3953cb5aee729de8ccb2e33e007602b45e1c9449,undefined FUN_181774348(),ghidra,clean,
WHGame.dll,release_1_5_1164953_841,0x1774354,1615,FUN_181774354,,,0aa49271188ed3e16f5457fcbb4074cc3088ca0009f669d0322aed32860c5a85,undefined FUN_181774354(),ghidra,clean,
WHGame.dll,release_1_5_1164953_841,0x17749d0,190,FUN_1817749d0,,,5e63602e3fb28a05424791b2daf39c75fa2582806be700380dcf6976702a7fa2,undefined FUN_1817749d0(),ghidra,clean,
WHGame.dll,release_1_5_1164953_841,0x1774a90,170,FUN_181774a90,,,e60465449b79015e7638008c850312885abbce6b5732d2466d0fd342b515f230,undefined FUN_181774a90(),ghidra,clean,
WHGame.dll,release_1_5_1164953_841,0x1774b3c,318,FUN_181774b3c,,,d406298d3197e29b406c22c97628787757f2048dd3849d3fad5760cc6f4cec42,undefined FUN_181774b3c(),ghidra,clean,
WHGame.dll,release_1_5_1164953_841,0x1774c7c,83,FUN_181774c7c,,,53c1939a803cfc21f1d60dc5110b49b460ad4f99c1f38eaf8a91002a7022faf0,undefined FUN_181774c7c(),ghidra,clean,
WHGame.dll,release_1_5_1164953_841,0x1774cd0,11,FUN_181774cd0,,,be7ab5da29d33b2a0e09f7c1bbced6107959494f507e7a346310b51ea3f4124d,undefined FUN_181774cd0(),ghidra,clean,
WHGame.dll,release_1_5_1164953_841,0x1774cdc,142,FUN_181774cdc,,,e924b372a24bf28467fa0bd6d71bd8f8aead606554af69cbe419d266145ff5df,undefined FUN_181774cdc(),ghidra,clean,
WHGame.dll,release_1_5_1164953_841,0x1774d38,465,FUN_181774d38,,,c0df4cb913b1985c01e6e0afe56a6ddb812933004dd3f1c4962354ce5f673a45,undefined FUN_181774d38(),ghidra,clean,
WHGame.dll,release_1_5_1164953_841,0x1774f0c,560,FUN_181774f0c,,,b845628bf568ec92589872b9a6eb4666b41ea440992be92d6182f38f786473a4,undefined FUN_181774f0c(),ghidra,clean,
WHGame.dll,release_1_5_1164953_841,0x177513c,178,FUN_18177513c,,,12a8c25ff9b8f5831030d346b77588ac2b72f2e4190eef1019a9be9f799df997,undefined FUN_18177513c(),ghidra,clean,
WHGame.dll,release_1_5_1164953_841,0x17751f0,398,FUN_1817751f0,,,50f6e0d1c4c96154f551cb5402f52cb8c65a93da9aa2ca3ffa8d783f40075862,undefined FUN_1817751f0(),ghidra,clean,
WHGame.dll,release_1_5_1164953_841,0x1775374,440,FUN_181775374,,,fd3522e0e34fe4bb5ac4ad14d79d284f62d109860c8b555ae4ccdb7fc2f79d54,undefined FUN_181775374(),ghidra,clean,
WHGame.dll,release_1_5_1164953_841,0x177552c,155,FUN_18177552c,,,3dadae5a17c7a85a3b17991cfab198cefa40ab841b04a230e6c377c39e538239,undefined FUN_18177552c(),ghidra,clean,
WHGame.dll,release_1_5_1164953_841,0x17755c8,291,FUN_1817755c8,,,fa7d1cf26adf054d2a3bb96f24404934aa03212a2f428f58de0d264feafc2e12,undefined FUN_1817755c8(),ghidra,clean,
WHGame.dll,release_1_5_1164953_841,0x17756ec,328,FUN_1817756ec,,,eb28294bc610e76a202aafffc781f02175ecfc74b9320b1a3620a18e3a38b6c2,undefined FUN_1817756ec(),ghidra,clean,
WHGame.dll,release_1_5_1164953_841,0x1775838,100,FUN_181775838,,,5cb74922a10c8ac8052127a3b9d539518c9a9adfa53310e0b882d442d7d4ae71,undefined FUN_181775838(),ghidra,clean,
WHGame.dll,release_1_5_1164953_841,0x177589c,328,FUN_18177589c,,,78d53f988a49afd02a6f54b1cac320ed5f05143ab07aa0978c27d3f397b649a3,undefined FUN_18177589c(),ghidra,clean,
WHGame.dll,release_1_5_1164953_841,0x17759e8,100,FUN_1817759e8,,,58d053e7813ad89ea7332a1adaced5115a8d0523e7cbd84915b7458a27d70093,undefined FUN_1817759e8(),ghidra,clean,
WHGame.dll,release_1_5_1164953_841,0x1775a4c,328,FUN_181775a4c,,,d643d5f688914946dafd805e231fafbcf4b47277dc165187f094c1ef123356f4,undefined FUN_181775a4c(),ghidra,clean,
WHGame.dll,release_1_5_1164953_841,0x1775b98,100,FUN_181775b98,,,1472e13a927779c942f271cd3148198c2c1d3bc008be278766eba5a228af5a38,undefined FUN_181775b98(),ghidra,clean,
WHGame.dll,release_1_5_1164953_841,0x1775bfc,328,FUN_181775bfc,,,591a8160950dfa8dfc307cc96a15d9f79d8bf125121d49ad2fbdadcc64bfd2d3,undefined FUN_181775bfc(),ghidra,clean,
WHGame.dll,release_1_5_1164953_841,0x1775d48,100,FUN_181775d48,,,5ea1fa29e6340475355af54d22e9140b34d5030a14839c7ee1baae6fd22e0cdf,undefined FUN_181775d48(),ghidra,clean,
WHGame.dll,release_1_5_1164953_841,0x1775dac,328,FUN_181775dac,,,d03634c30ab59407618ca4570dcdff4ccf3caec6d61062f39b837f2d41dad3b2,undefined FUN_181775dac(),ghidra,clean,
WHGame.dll,release_1_5_1164953_841,0x1775ef8,100,FUN_181775ef8,,,816a08f6d30b2960b1390ddf242b62b18989b9e45cb78da754c2dae6ffe0f7ce,undefined FUN_181775ef8(),ghidra,clean,
WHGame.dll,release_1_5_1164953_841,0x1775f5c,328,FUN_181775f5c,,,6241038180d8d9c3ae41a8b8586d0e582315ea2ba13ce8e283d58e26cd065b3d,undefined FUN_181775f5c(),ghidra,clean,
WHGame.dll,release_1_5_1164953_841,0x17760a8,100,FUN_1817760a8,,,012fb8f76b0b7b3d084156b87f3fb9d4789b7bb723f43a46693c4f1a08cc3118,undefined FUN_1817760a8(),ghidra,clean,
WHGame.dll,release_1_5_1164953_841,0x177610c,26,FUN_18177610c,,,779dcb7c497100023e3b18f3e99fbd8a18fa8b40b04243a4f563c034d011eb98,undefined FUN_18177610c(),ghidra,clean,
WHGame.dll,release_1_5_1164953_841,0x1776128,30,FUN_181776128,,,aef18bce237d8e26ab2efb69d0ff7d60d3c594ec10395ad7ba3b748bf0fd7ef5,undefined FUN_181776128(),ghidra,clean,
WHGame.dll,release_1_5_1164953_841,0x1776164,467,FUN_181776164,,,1ebfc50beb1426e2aa6debb21bd2169a4c5a289b575a4796fa084355779fb7f6,undefined FUN_181776164(),ghidra,clean,
WHGame.dll,release_1_5_1164953_841,0x1776338,475,FUN_181776338,,,f2c46fdb6931524c99091da31db35b3b4749af79e24dcbbee556d1c0d67e1a74,undefined FUN_181776338(),ghidra,clean,
WHGame.dll,release_1_5_1164953_841,0x1776380,53,FUN_181776380,,,96775d9635d963a3050c28436d5d3bec61d8be386cd13cc8b0de43d301dba3ec,undefined FUN_181776380(),ghidra,clean,
WHGame.dll,release_1_5_1164953_841,0x17763b8,244,FUN_1817763b8,,,0bd3c3098edaa7208515b04fef4a3d050d911ccb6940fd8302201985c2a3739e,undefined FUN_1817763b8(),ghidra,clean,
WHGame.dll,release_1_5_1164953_841,0x17764ac,124,FUN_1817764ac,,,a439c231b6631e256ecebd8563258d50c34ed83ad96b4a99f2909a6bd62c3e51,undefined FUN_1817764ac(),ghidra,clean,
WHGame.dll,release_1_5_1164953_841,0x1776528,23,FUN_181776528,,,4a2215c3e820937481093c41c3a2c4fdd1b034767afb06c5e8afd475b2e2dc6a,undefined FUN_181776528(),ghidra,clean,
WHGame.dll,release_1_5_1164953_841,0x1776540,155,FUN_181776540,,,474b7a6e2b73112a59a0e7e3085f93b70cefc60cda68feec0f8189ee3cc048e1,undefined FUN_181776540(),ghidra,clean,
WHGame.dll,release_1_5_1164953_841,0x17765dc,240,FUN_1817765dc,,,eb8b13ddbd8b4f8e3484e3bc092457f07a209a38b101275a2c82fe7bfaf69019,undefined FUN_1817765dc(),ghidra,clean,
WHGame.dll,release_1_5_1164953_841,0x17766cc,18,FUN_1817766cc,,,62642f31bf56e1d1468c7c9663f1b054c388f6b755ba1c215d983a3fa7e15ce6,undefined FUN_1817766cc(),ghidra,clean,
WHGame.dll,release_1_5_1164953_841,0x17766e0,155,FUN_1817766e0,,,3ff7d63cb1da5a6ca42a4da71798f978511b4c189f1fb9d48b66e9bb33d24b95,undefined FUN_1817766e0(),ghidra,clean,
WHGame.dll,release_1_5_1164953_841,0x177677c,291,FUN_18177677c,,,813f17a6218230237a5a3be13e11808f8a061f4deec7d8d11ee0fc808fde43c5,undefined FUN_18177677c(),ghidra,clean,
WHGame.dll,release_1_5_1164953_841,0x17768a0,790,FUN_1817768a0,,,60f79742de322e2e0bd063f957b549b7c6112190126a2c916d35cb5394f9d164,undefined FUN_1817768a0(),ghidra,clean,
WHGame.dll,release_1_5_1164953_841,0x1776bb8,53,FUN_181776bb8,,,7db328710c2207092bcf7d4ccc4f1009c732301784857f1366a23d5304cd84b2,undefined FUN_181776bb8(),ghidra,clean,
WHGame.dll,release_1_5_1164953_841,0x1776bf0,575,FUN_181776bf0,,,5725469651938ef34bf087185ae7efd21b011fd42227a29455b88da2ca0b259e,undefined FUN_181776bf0(),ghidra,clean,
WHGame.dll,release_1_5_1164953_841,0x1776e30,342,FUN_181776e30,,,d71e131d10c8a9172325d51592c0db7a4597ca00427f4f0f7156faa612f66621,undefined FUN_181776e30(),ghidra,clean,
WHGame.dll,release_1_5_1164953_841,0x1776f14,196,FUN_181776f14,,,be37cb5122c94da23c31a9347effc5512cef6fe53e5ef63554f553f939e275b9,undefined FUN_181776f14(),ghidra,clean,
WHGame.dll,release_1_5_1164953_841,0x1776fd8,107,FUN_181776fd8,,,ecf85843d3319ce2a4daacb54cdd545df5a9a33b9f41db843a93e241fcbd404f,undefined FUN_181776fd8(),ghidra,clean,
WHGame.dll,release_1_5_1164953_841,0x1777044,62,FUN_181777044,,,082fce59b68f201e41ab5d5fd494b770b60fcf71803ec7a1579960e1ceb80e97,undefined FUN_181777044(),ghidra,clean,
WHGame.dll,release_1_5_1164953_841,0x1777084,26,FUN_181777084,,,3f827785ea87f2f8ee71a30f6b9afc6f8416342a48e241713446bc319ff96224,undefined FUN_181777084(),ghidra,clean,
WHGame.dll,release_1_5_1164953_841,0x17770a0,30,FUN_1817770a0,,,5868d5b59cabe6c1225d5ade6a0210ff8e11ceccad2e47dee73a50b4b95d2498,undefined FUN_1817770a0(),ghidra,clean,
WHGame.dll,release_1_5_1164953_841,0x17770c0,30,FUN_1817770c0,,,deb938fe23f730cd2a39f98623c89ac9eafb4ed4fd24dc64f0ae9edeba8c5492,undefined FUN_1817770c0(),ghidra,clean,
WHGame.dll,release_1_5_1164953_841,0x17770e0,30,FUN_1817770e0,,,ac2c6f31d4312642b42e64d995a66bb4e3e36e512349493fcae387ee2576caa6,undefined FUN_1817770e0(),ghidra,clean,
WHGame.dll,release_1_5_1164953_841,0x1777100,110,FUN_181777100,,,ea461695ebce6bb2a8b23908ffb8c03a0688e9d71574d755865e415cfd0864cd,undefined FUN_181777100(),ghidra,clean,
WHGame.dll,release_1_5_1164953_841,0x1777174,1416,FUN_181777174,,,f59a5b5a8305f7fe26d46033707f84cd3485a04e13df8507d3bb49b3c6c278e0,undefined FUN_181777174(),ghidra,clean,
WHGame.dll,release_1_5_1164953_841,0x17776fc,251,FUN_1817776fc,,,28c53e7aebcf44cc13f882920c7a61878f174c772adc80cec2e91d8f0eee69a5,undefined FUN_1817776fc(),ghidra,clean,
WHGame.dll,release_1_5_1164953_841,0x17777dc,251,FUN_1817777dc,,,84b1865b25c5b5e094d3c0f3fbc067d0f8b58bc8c5103b4c7afa6eeac0e4f5d4,undefined FUN_1817777dc(),ghidra,clean,
WHGame.dll,release_1_5_1164953_841,0x17778bc,170,FUN_1817778bc,,,4084609b0108f42076ae068e25ee2d6e8184a824660f94815e6d0d933a387448,undefined FUN_1817778bc(),ghidra,clean,
WHGame.dll,release_1_5_1164953_841,0x1777968,303,FUN_181777968,,,30f15a30e578208080257a4d2c8e14d09c82cbb701160b2352c2556b6bd7061b,undefined FUN_181777968(),ghidra,clean,
WHGame.dll,release_1_5_1164953_841,0x1777a98,50,FUN_181777a98,,,6a951978f63cbeb6d32ae867d75d42d59a8d4851aae5bac7c318d85c3b290eeb,undefined FUN_181777a98(),ghidra,clean,
WHGame.dll,release_1_5_1164953_841,0x1777acc,173,FUN_181777acc,,,4c10b35e76499f1873f3a2c18e778ee47ababfee6c7b9165767ea73e9a736a19,undefined FUN_181777acc(),ghidra,clean,
WHGame.dll,release_1_5_1164953_841,0x1777b38,92,FUN_181777b38,,,4d96e2276c7b78e23ca544d405981e4dae62996ce088e3b58157bf2baae7ff61,undefined FUN_181777b38(),ghidra,clean,
WHGame.dll,release_1_5_1164953_841,0x1777b94,81,FUN_181777b94,,,24724d544cf1b36013153de4291ea1e5298311f499c63a3efaebea99edd17089,undefined FUN_181777b94(),ghidra,clean,
WHGame.dll,release_1_5_1164953_841,0x1777bc8,49,FUN_181777bc8,,,b81678a69462211067f20668cda5e0bcf8fe8af56162984f3d4f86dcd13b20e7,undefined FUN_181777bc8(),ghidra,clean,
WHGame.dll,release_1_5_1164953_841,0x1777bfc,84,FUN_181777bfc,,,5775ce6848b50d7f5b1e356cb0fbcaa8b03a0892a09c1672d511986a0dc30e6c,undefined FUN_181777bfc(),ghidra,clean,
WHGame.dll,release_1_5_1164953_841,0x1777c50,85,FUN_181777c50,,,ed3eda513d9548560351e32e0c4f6786d27640dd7c5b75d57ad4462b47ace12e,undefined FUN_181777c50(),ghidra,clean,
WHGame.dll,release_1_5_1164953_841,0x1777c74,196,FUN_181777c74,,,247d57c0ac6f32fb1f9fa1e954f2e3329f09f0a8a5356f9e84e868349f19ac54,undefined FUN_181777c74(),ghidra,clean,
WHGame.dll,release_1_5_1164953_841,0x1777d18,525,FUN_181777d18,,,52ff3bb5edadfcf4eb83ac78b235fe94d0c3b0a593cd256c400ad96b99399101,undefined FUN_181777d18(),ghidra,clean,
WHGame.dll,release_1_5_1164953_841,0x1777f28,338,FUN_181777f28,,,58ae545b3e1b7fe08f12a11ec575a317ff2ff888295dda0a5ad17accfb7b0c3b,undefined FUN_181777f28(),ghidra,clean,
WHGame.dll,release_1_5_1164953_841,0x1778070,368,FUN_181778070,,,43bd0f07b5cfb14a47038aadd5c3df22bf799337bc8ca6bcc59439dcb2792aa2,undefined FUN_181778070(),ghidra,clean,
WHGame.dll,release_1_5_1164953_841,0x17781e0,420,FUN_1817781e0,,,8df5bae64f2266fcf8c854b1c0fb256071d9250cdea170c74a0a2897f5c4ecab,undefined FUN_1817781e0(),ghidra,clean,
WHGame.dll,release_1_5_1164953_841,0x1778384,150,FUN_181778384,,,d6ae9ddc1d6a20b8415630e438435efb065590eb5fae93dacc7bc55d7829321d,undefined FUN_181778384(),ghidra,clean,
WHGame.dll,release_1_5_1164953_841,0x177841c,456,FUN_18177841c,,,dd3b3b710260722a8b10e1cd21fbb80b3b86ca86545815e74e9027582338e06a,undefined FUN_18177841c(),ghidra,clean,
WHGame.dll,release_1_5_1164953_841,0x17785dc,378,FUN_1817785dc,,,39633694ac070734cd02603cd024ee9523ddc6288145094ce395d50e0bfd6fe7,undefined FUN_1817785dc(),ghidra,clean,
WHGame.dll,release_1_5_1164953_841,0x1778758,253,FUN_181778758,,,630382be8d9e2aca75a9283674ed9a1688d9b1755f64aec6a85981c3ab665b01,undefined FUN_181778758(),ghidra,clean,
WHGame.dll,release_1_5_1164953_841,0x1778858,207,FUN_181778858,,,b7cfb5736bc869d9fe6efc276082db0c93cf0badbacfcc6e17d00b68b424f900,undefined FUN_181778858(),ghidra,clean,
WHGame.dll,release_1_5_1164953_841,0x1778918,251,FUN_181778918,,,0fa70131d71b2faade39e0d08decdd04cb0c3bc46253f4c711f68de9bfb90242,undefined FUN_181778918(),ghidra,clean,
WHGame.dll,release_1_5_1164953_841,0x1778a14,196,FUN_181778a14,,,c89a8741a3dabccd425a46b28cae49e68ad122cbbc835a32e9160843984f5c73,undefined FUN_181778a14(),ghidra,clean,
WHGame.dll,release_1_5_1164953_841,0x1778ad8,251,FUN_181778ad8,,,570890bf2114ee26cab0ce79f1c02c47a50bb890d3129e28cb57f1fdaff20f3d,undefined FUN_181778ad8(),ghidra,clean,
WHGame.dll,release_1_5_1164953_841,0x1778bd4,224,FUN_181778bd4,,,2379f946d085c61f3cfbc8cd2ecc68710a10c6b703fad4779e2b347dca82cb2c,undefined FUN_181778bd4(),ghidra,clean,
WHGame.dll,release_1_5_1164953_841,0x1778cb4,251,FUN_181778cb4,,,b87e0527c0ca0e4269323c3b971276c58221bb65cf671e4b8be2e1d0aba8dad3,undefined FUN_181778cb4(),ghidra,clean,
WHGame.dll,release_1_5_1164953_841,0x1778db0,224,FUN_181778db0,,,1f00a8ac368c7f70a139491f1174cd5d413c48a51898d987ddfa354e45b94e7d,undefined FUN_181778db0(),ghidra,clean,
WHGame.dll,release_1_5_1164953_841,0x1778e90,197,FUN_181778e90,,,7839ce03e1039af4957ad032cd21c181c17d8de39ac494147c0f666b62d9a251,undefined FUN_181778e90(),ghidra,clean,
WHGame.dll,release_1_5_1164953_841,0x1778f58,374,FUN_181778f58,,,01a6e3b5b7cddb7d620bc57166478f2d1f12f84b82653000999222f7e452d502,undefined FUN_181778f58(),ghidra,clean,
WHGame.dll,release_1_5_1164953_841,0x17790d0,197,FUN_1817790d0,,,7dd728e38013dc8f40f25112ef6b19f443d0c494febd4aa60701646675de1af2,undefined FUN_1817790d0(),ghidra,clean,
WHGame.dll,release_1_5_1164953_841,0x1779198,374,FUN_181779198,,,f41b65698afb99c35712f0fb89ab9f8926bb19aad2a97ad24795ebb486718c98,undefined FUN_181779198(),ghidra,clean,
WHGame.dll,release_1_5_1164953_841,0x1779310,36,FUN_181779310,,,50c253d9a62eac38d5942dfa8a8667378193ac7c08d59cd56c1baf1ca0080732,undefined FUN_181779310(),ghidra,clean,
WHGame.dll,release_1_5_1164953_841,0x1779334,155,FUN_181779334,,,b5dfd03f3519c9cdf4378b1e412d8e5855f56dcfc8f4aa9ee7d1f8262e4ba7f2,undefined FUN_181779334(),ghidra,clean,
WHGame.dll,release_1_5_1164953_841,0x17793d0,171,FUN_1817793d0,,,f57d0735b69480c78b2307ebf602125fccdcd576134b17779268acc84b226406,undefined FUN_1817793d0(),ghidra,clean,
WHGame.dll,release_1_5_1164953_841,0x177947c,34,FUN_18177947c,,,c67e5666a8e698cec13d0d716b62f076b2484b0bf130750e1801fe089ed18bb0,undefined FUN_18177947c(),ghidra,clean,
WHGame.dll,release_1_5_1164953_841,0x17794a0,90,FUN_1817794a0,,,4ca619fad57a7eece513bc725b4c82a432fb6ca881a29ef2d99b6c454234ed2b,undefined FUN_1817794a0(),ghidra,clean,
WHGame.dll,release_1_5_1164953_841,0x17794fc,101,FUN_1817794fc,,,f7582430fa581c5983afb53d6754d5a54c801502836d8d4cb7427f9f7b859d35,undefined FUN_1817794fc(),ghidra,clean,
WHGame.dll,release_1_5_1164953_841,0x1779564,352,FUN_181779564,,,c4211546d732338bd8aee37199803b9d54bcf157e4407c91966b1496e0c8e15f,undefined FUN_181779564(),ghidra,clean,
WHGame.dll,release_1_5_1164953_841,0x17796c4,157,FUN_1817796c4,,,e9efb4b7b1bd8d8a95975fab09077a5bbfaf2b7b88b4bf9b059b29df064695ba,undefined FUN_1817796c4(),ghidra,clean,
WHGame.dll,release_1_5_1164953_841,0x1779764,196,FUN_181779764,,,b35c98dee647d92192b59bf7758054e5ea60ec838ee57f94aa001f6e274182e4,undefined FUN_181779764(),ghidra,clean,
WHGame.dll,release_1_5_1164953_841,0x1779820,175,FUN_181779820,,,207199c1fe1b12faa7335e62c9cc23a9d48e9d6c2b2695b454071327f40d49a7,undefined FUN_181779820(),ghidra,clean,
WHGame.dll,release_1_5_1164953_841,0x17798d0,284,FUN_1817798d0,,,b7195a3dfe92fc24a4d3c7fe1f2dfa60cdda239e30a4820e80437add94eae31c,undefined FUN_1817798d0(),ghidra,clean,
WHGame.dll,release_1_5_1164953_841,0x17799ec,78,FUN_1817799ec,,,799f288aa932dc68652c6f59386a8c760f6ca5ca4b44bce3e56300cc8501c954,undefined FUN_1817799ec(),ghidra,clean,
WHGame.dll,release_1_5_1164953_841,0x1779a3c,180,FUN_181779a3c,,,df4dc3796c382a3a71b6e0ff61a1944df417d0d1a917ba3a9fef2961b1be9f33,undefined FUN_181779a3c(),ghidra,clean,
WHGame.dll,release_1_5_1164953_841,0x1779af0,124,FUN_181779af0,,,974508b656782f7aa699016c22eea0b74e64202a0daae21ef2a4d286ae2e268e,undefined FUN_181779af0(),ghidra,clean,
WHGame.dll,release_1_5_1164953_841,0x1779b6c,5,thunk_FUN_181779b74,,,b0d40b133b9394d93820ac0104b0065121d2d73df32c7bfb4e4cf5d805a8b103,undefined thunk_FUN_181779b74(),ghidra,clean,
WHGame.dll,release_1_5_1164953_841,0x1779b74,103,FUN_181779b74,,,bac5b859aaf9b62fc3384b51f0b01d3e7fd6bd783ee9d228a6c0f9fd0e801727,undefined FUN_181779b74(),ghidra,clean,
WHGame.dll,release_1_5_1164953_841,0x1779bdc,95,FUN_181779bdc,,,12b2ad0d2a26406b657b9149179c38f5823247f5a314632a34ae12d6c2d585cf,undefined FUN_181779bdc(),ghidra,clean,
WHGame.dll,release_1_5_1164953_841,0x1779c3c,155,FUN_181779c3c,,,7b5fd1fdf147702b064b085f87ebca53d5a598cb1053ddb3150878ba2447c207,undefined FUN_181779c3c(),ghidra,clean,
WHGame.dll,release_1_5_1164953_841,0x1779cbc,53,FUN_181779cbc,,,89c927c37393994b9d6d9ddbc24a1d137f51e7e665a0674b88234d2ee5a870e1,undefined FUN_181779cbc(),ghidra,clean,
WHGame.dll,release_1_5_1164953_841,0x1779cf4,422,FUN_181779cf4,,,dc07cc2936759b496e6aa72bbfb661ffa731b21383f2f740a10e5481367990a9,undefined FUN_181779cf4(),ghidra,clean,
WHGame.dll,release_1_5_1164953_841,0x1779d8c,154,FUN_181779d8c,,,de9d7c7076c31c41e87bcec8af9d8a1ef4cbe490be8e1ec608abd14bf2732459,undefined FUN_181779d8c(),ghidra,clean,
WHGame.dll,release_1_5_1164953_841,0x1779e28,80,FUN_181779e28,,,e51214eba0731d431219cfa537cf1814fcdf2f7223e5b8ed084b6b66f9d8190d,undefined FUN_181779e28(),ghidra,clean,
WHGame.dll,release_1_5_1164953_841,0x1779e78,85,FUN_181779e78,,,b6a60acba1906ec7db968ee3d21fd6c49646229fa338884b8f7a75a246b05e58,undefined FUN_181779e78(),ghidra,clean,
WHGame.dll,release_1_5_1164953_841,0x1779eac,30,FUN_181779eac,,,0f8aff0068c71b38c59b8f74acacbb6d52e5f7d5528f5d2b33291ad823f2aea4,undefined FUN_181779eac(),ghidra,clean,
WHGame.dll,release_1_5_1164953_841,0x1779ed0,8,FUN_181779ed0,,,fe183bfface4c4001cfb0141f8c96385176f8cb35bef9ef26499a2fe9080d9eb,undefined FUN_181779ed0(),ghidra,clean,
WHGame.dll,release_1_5_1164953_841,0x1779ed8,381,FUN_181779ed8,,,55d39ebe24c519612780671f6044ec122b81fcac1e30eae23236d6ddda4163c2,undefined FUN_181779ed8(),ghidra,clean,
WHGame.dll,release_1_5_1164953_841,0x177a058,106,FUN_18177a058,,,e7be1841aeea1d20f2fbcc2f59ba48a81e664047b1ecd1966b434f5bf8e4419d,undefined FUN_18177a058(),ghidra,clean,
WHGame.dll,release_1_5_1164953_841,0x177a098,150,FUN_18177a098,,,793c1f5960ba111a5be9dbad35b9c137cff8a9f40d699a3743bcd589c6515231,undefined FUN_18177a098(),ghidra,clean,
WHGame.dll,release_1_5_1164953_841,0x177a0f8,105,FUN_18177a0f8,,,a57ffba34641914986a4b8c0e4b43a5cdd8dfef41aa435e2eb68ad89c0d6651b,undefined FUN_18177a0f8(),ghidra,clean,
WHGame.dll,release_1_5_1164953_841,0x177a164,160,FUN_18177a164,,,7c2f609ee458ede2d0b0c52087924cf5d531045060525197c7619311460f1aed,undefined FUN_18177a164(),ghidra,clean,
WHGame.dll,release_1_5_1164953_841,0x177a204,105,FUN_18177a204,,,efe2a704b2f0165ce648ddc63929b632d036c3c2852974f638c8963ef3f870b2,undefined FUN_18177a204(),ghidra,clean,
WHGame.dll,release_1_5_1164953_841,0x177a244,30,FUN_18177a244,,,1de31c1a86a79ae986cfe5aab899c4481cecb6c1f3492725d223ce21254e78d6,undefined FUN_18177a244(),ghidra,clean,
WHGame.dll,release_1_5_1164953_841,0x177a264,30,FUN_18177a264,,,f5f5df95f25d77b87131842bcfa624c3a311a537f6776d7569e9967e196c6010,undefined FUN_18177a264(),ghidra,clean,
WHGame.dll,release_1_5_1164953_841,0x177a284,1261,FUN_18177a284,,,4f60866738c92b1778495a3fc11b73c1fb112f202b9f73428eaa09ea7310af07,undefined FUN_18177a284(),ghidra,clean,
WHGame.dll,release_1_5_1164953_841,0x177a774,155,FUN_18177a774,,,92c112aa57d749f4506108aef0aca15b7b82a0b7fd88c5d0849c023b90f05334,undefined FUN_18177a774(),ghidra,clean,
WHGame.dll,release_1_5_1164953_841,0x177a810,291,FUN_18177a810,,,8b97721286c466e09fd5fee750c31f790d66007836e77ebe91092c8a9cbef717,undefined FUN_18177a810(),ghidra,clean,
WHGame.dll,release_1_5_1164953_841,0x177a934,426,FUN_18177a934,,,40040b2b1beda514c36c2a0cc1a9e3a79f45b57caf097e53fb6c4601ec3ee766,undefined FUN_18177a934(),ghidra,clean,
WHGame.dll,release_1_5_1164953_841,0x177aae0,144,FUN_18177aae0,,,f24268f08933df45bfd3aefe0910904ce7759f4693fe83378e485c7db4440b4e,undefined FUN_18177aae0(),ghidra,clean,
WHGame.dll,release_1_5_1164953_841,0x177ab70,224,FUN_18177ab70,,,a77b7facdaa09a52ffdb142628c1dfdc30232d9d549c9d536f110bb3e7d31219,undefined FUN_18177ab70(),ghidra,clean,
WHGame.dll,release_1_5_1164953_841,0x177ac50,157,FUN_18177ac50,,,1d7ba3f633f3f3fcb1cc3b4fa136a2668db8693e9ed1e8f3c4390005c3830b67,undefined FUN_18177ac50(),ghidra,clean,
WHGame.dll,release_1_5_1164953_841,0x177acf0,87,FUN_18177acf0,,,9cfd02b4548ad5f51299634c6d459d68f09806ed47f04e410df8a90bd53f3822,undefined FUN_18177acf0(),ghidra,clean,
WHGame.dll,release_1_5_1164953_841,0x177ad24,175,FUN_18177ad24,,,d1b55d8b4bfbc8f643359c4d13878802dcef5a802a84f26532f42979d7ed8933,undefined FUN_18177ad24(),ghidra,clean,
WHGame.dll,release_1_5_1164953_841,0x177ad94,190,FUN_18177ad94,,,dd454d8f4802f4a7768610e1143ec4520b6cefd5fbe4c05bbd3ab8bd7d51adbf,undefined FUN_18177ad94(),ghidra,clean,
WHGame.dll,release_1_5_1164953_841,0x177ae54,48,FUN_18177ae54,,,c023b692088d3858459a858c5ddb4e468e29c0ccfd73a7db25f8cc4340a08191,undefined FUN_18177ae54(),ghidra,clean,
WHGame.dll,release_1_5_1164953_841,0x177ae70,178,FUN_18177ae70,,,1d861f1392be49be400b1a17bf60bd897e0b9653e4cd8efbc0a92a22164fffd4,undefined FUN_18177ae70(),ghidra,clean,
WHGame.dll,release_1_5_1164953_841,0x177af24,186,FUN_18177af24,,,1896c0ef8c143374dc38d53197d59efeb28b6ccac58c0493d93396fc226acee8,undefined FUN_18177af24(),ghidra,clean,
WHGame.dll,release_1_5_1164953_841,0x177afc8,155,FUN_18177afc8,,,f1e3f805ede865d34608de42e0f9c41aadb83ecfac8fe6b983e7eb089312de30,undefined FUN_18177afc8(),ghidra,clean,
WHGame.dll,release_1_5_1164953_841,0x177b064,291,FUN_18177b064,,,d6b26e9c4bed5fae23a3f0d252dc53c51b4c501589c3983d706249da76e0f955,undefined FUN_18177b064(),ghidra,clean,
WHGame.dll,release_1_5_1164953_841,0x177b188,155,FUN_18177b188,,,b9253e331c1faa79dbc11a31ff2f7ad8b4497c582f82488a47c7ee81bee48255,undefined FUN_18177b188(),ghidra,clean,
WHGame.dll,release_1_5_1164953_841,0x177b224,291,FUN_18177b224,,,f688e829a128d19f059194985eadf3d12b8e88c3aab0c114bb8bace72b3cf41f,undefined FUN_18177b224(),ghidra,clean,
WHGame.dll,release_1_5_1164953_841,0x177b348,155,FUN_18177b348,,,342be6c4ff433520c6bd124d8802b7a60e51dec892aaf362607c45c65c3010b1,undefined FUN_18177b348(),ghidra,clean,
WHGame.dll,release_1_5_1164953_841,0x177b3e4,291,FUN_18177b3e4,,,53619e4e8163eef67343476a16af58984a0118256e806741f0028c502fde3ef6,undefined FUN_18177b3e4(),ghidra,clean,
WHGame.dll,release_1_5_1164953_841,0x177b508,52,FUN_18177b508,,,519ba732ae5eae96152de341ec8af7cf47fa3d7ea03275495c5ae261b81cf118,undefined FUN_18177b508(),ghidra,clean,
WHGame.dll,release_1_5_1164953_841,0x177b53c,70,FUN_18177b53c,,,89b118117391c1c42dd85587e2754db1e5d40e3ba16c2455ae1178f4e5d16803,undefined FUN_18177b53c(),ghidra,clean,
WHGame.dll,release_1_5_1164953_841,0x177b584,155,FUN_18177b584,,,61bea31ef03b89f2f373e288729db61ea56107bfc24486e4201e6d093df669d5,undefined FUN_18177b584(),ghidra,clean,
WHGame.dll,release_1_5_1164953_841,0x177b620,291,FUN_18177b620,,,20ec09010b36c5a784c541c907b7b6a0140b39b35b9c9ab4c0b8fd47b8dec897,undefined FUN_18177b620(),ghidra,clean,
WHGame.dll,release_1_5_1164953_841,0x177b744,155,FUN_18177b744,,,4677a9788d88d273fcd958f0a9b5dde7824990233c57418fd7ad6e4841446145,undefined FUN_18177b744(),ghidra,clean,
WHGame.dll,release_1_5_1164953_841,0x177b7e0,291,FUN_18177b7e0,,,78974172721616c692d1b2e4ac4961422866a7c91d92fe7967888a566eeb12f0,undefined FUN_18177b7e0(),ghidra,clean,
WHGame.dll,release_1_5_1164953_841,0x177b904,26,FUN_18177b904,,,819234953c91d716a341edb10dcca2267107efa13f78881bbca64f4a7a11eeca,undefined FUN_18177b904(),ghidra,clean,
WHGame.dll,release_1_5_1164953_841,0x177b920,155,FUN_18177b920,,,31850d7c1b20a06f584927db07cead8f801501570fb4c6e427673f5fb91e4c8f,undefined FUN_18177b920(),ghidra,clean,
WHGame.dll,release_1_5_1164953_841,0x177b9bc,311,FUN_18177b9bc,,,d6d0ce5d528fb3784ad8fbf1593fe64bffda8a0dc249999a6719980e9e834093,undefined FUN_18177b9bc(),ghidra,clean,
WHGame.dll,release_1_5_1164953_841,0x177baf4,118,FUN_18177baf4,,,b27d5af73c6e389f4f9f815905e7c1c66d94f1c86fc027b53df3578b2d1faee7,undefined FUN_18177baf4(),ghidra,clean,
WHGame.dll,release_1_5_1164953_841,0x177bb6c,47,FUN_18177bb6c,,,7ed5c980caa3ea1823cbbfb45957415874e36e0834e40d35ee2fe2d8b2bb4936,undefined FUN_18177bb6c(),ghidra,clean,
WHGame.dll,release_1_5_1164953_841,0x177bb9c,54,FUN_18177bb9c,,,065ce17c0d7036c60b6ec37d1fc26df891bb17b4671fc8fc785bfd8f1dee2d14,undefined FUN_18177bb9c(),ghidra,clean,
WHGame.dll,release_1_5_1164953_841,0x177bbd4,30,FUN_18177bbd4,,,2ec9158352df748e54fe28d2b84cc94ca2e94ca39cba9baa8c923947b131a106,undefined FUN_18177bbd4(),ghidra,clean,
WHGame.dll,release_1_5_1164953_841,0x177bbf4,180,FUN_18177bbf4,,,d0ff4df0177fc530abe5b232075aaca775375beb9c16c5a2fe2084909c0a2e1f,undefined FUN_18177bbf4(),ghidra,clean,
WHGame.dll,release_1_5_1164953_841,0x177bca8,180,FUN_18177bca8,,,bd512b8c81352f223fa568d3e6eaaa1d6f60b0f6f96563cba0812bd895be7e8d,undefined FUN_18177bca8(),ghidra,clean,
WHGame.dll,release_1_5_1164953_841,0x177bd5c,180,FUN_18177bd5c,,,f4a5df698223132d49cd1893222d07e4090682a468704950ae955e03eb8f3930,undefined FUN_18177bd5c(),ghidra,clean,
WHGame.dll,release_1_5_1164953_841,0x177be10,180,FUN_18177be10,,,a09aa526ba4d101469d20b684cfec5353ddc44d05eb4da0b28668572fbece04c,undefined FUN_18177be10(),ghidra,clean,
WHGame.dll,release_1_5_1164953_841,0x177bec4,180,FUN_18177bec4,,,d37af5cd783a6c3f38c61c8d04def7ef41b61ae486e1fff499d2ffe6748bf211,undefined FUN_18177bec4(),ghidra,clean,
WHGame.dll,release_1_5_1164953_841,0x177bf78,180,FUN_18177bf78,,,26c75b80c4f5db5f6fad72e0405d69a730bc1892c8ea2787558584aa306dbdf7,undefined FUN_18177bf78(),ghidra,clean,
WHGame.dll,release_1_5_1164953_841,0x177c02c,180,FUN_18177c02c,,,53c12085373cc6a7d854bf345c9d714e6aa25d2b246e4d36df233d818f95215f,undefined FUN_18177c02c(),ghidra,clean,
WHGame.dll,release_1_5_1164953_841,0x177c0e0,180,FUN_18177c0e0,,,8ff9b7e1cb609ac2d95d4c6d3a62f09d7b04117d77da0557b2389ad1ffcf9b0a,undefined FUN_18177c0e0(),ghidra,clean,
WHGame.dll,release_1_5_1164953_841,0x177c194,75,FUN_18177c194,,,266f2099b2160416c20f1124d8b77589ccf0b677d8cbf6e62bd826320370c86b,undefined FUN_18177c194(),ghidra,clean,
WHGame.dll,release_1_5_1164953_841,0x177c1e0,403,FUN_18177c1e0,,,4cb0d94bb8c894e2f2a3c99b36f2bc1015a7e9077367c47b4a151575fc47e010,undefined FUN_18177c1e0(),ghidra,clean,
WHGame.dll,release_1_5_1164953_841,0x177c368,52,FUN_18177c368,,,f241c975971dd4038d9ad3858ad7694dd07658353493c4939611f3b9fe55a489,undefined FUN_18177c368(),ghidra,clean,
WHGame.dll,release_1_5_1164953_841,0x177c39c,183,FUN_18177c39c,,,c8db9d1619a4c961d10757c683afa58f0d3d6bf7aa0176280a4d861e557e3ef1,undefined FUN_18177c39c(),ghidra,clean,
WHGame.dll,release_1_5_1164953_841,0x177c454,69,FUN_18177c454,,,38f5955299f13d2c2dbb2f47f581db81d1f7d701aa850ea377340fe3974fc0e2,undefined FUN_18177c454(),ghidra,clean,
WHGame.dll,release_1_5_1164953_841,0x177c49c,75,FUN_18177c49c,,,753935e805231906538514e97c5a8101e64018cf8f647c690811d3f5c04f8be3,undefined FUN_18177c49c(),ghidra,clean,
WHGame.dll,release_1_5_1164953_841,0x177c4e8,5,thunk_FUN_18177c4f0,,,b0d40b133b9394d93820ac0104b0065121d2d73df32c7bfb4e4cf5d805a8b103,undefined thunk_FUN_18177c4f0(),ghidra,clean,
WHGame.dll,release_1_5_1164953_841,0x177c4f0,103,FUN_18177c4f0,,,cdaac6854061f1ab179ae67cff7c942f961ddd2a0911bc929b85f57f0c78c1a6,undefined FUN_18177c4f0(),ghidra,clean,
WHGame.dll,release_1_5_1164953_841,0x177c558,232,FUN_18177c558,,,366c6c0764ca781e036109918cb6af7e12904feac98de7fc5e45ce6c59ebcfe2,undefined FUN_18177c558(),ghidra,clean,
WHGame.dll,release_1_5_1164953_841,0x177c618,53,FUN_18177c618,,,98b83ff9dace6116253bb3c66ca844b2041d68fc207a49f7b953bf0cd50ab453,undefined FUN_18177c618(),ghidra,clean,
WHGame.dll,release_1_5_1164953_841,0x177c650,436,FUN_18177c650,,,fa11a4491fe8e9b740f78fa3afdf15d0e4f955b4b3f757fed684b94b0d642e34,undefined FUN_18177c650(),ghidra,clean,
WHGame.dll,release_1_5_1164953_841,0x177c730,34,FUN_18177c730,,,2a89519ac71aba9649830025f3b4f237d208a45ed64252f99a8ef09458d10e5a,undefined FUN_18177c730(),ghidra,clean,
WHGame.dll,release_1_5_1164953_841,0x177c754,90,FUN_18177c754,,,107d3be80387616d4e99afdf8352fddf5ffc2d7c041c026f6a2dbd18e693e7f7,undefined FUN_18177c754(),ghidra,clean,
WHGame.dll,release_1_5_1164953_841,0x177c7b0,70,FUN_18177c7b0,,,86dabb222ed0009edc73fba7f4fdc30e07f3c50b2448c393e705cc2367d0a298,undefined FUN_18177c7b0(),ghidra,clean,
WHGame.dll,release_1_5_1164953_841,0x177c7f8,30,FUN_18177c7f8,,,b11d23867b9833c0a11394c602abdbc0eaded7601fabac3f1310fa931274336f,undefined FUN_18177c7f8(),ghidra,clean,
WHGame.dll,release_1_5_1164953_841,0x177c834,30,FUN_18177c834,,,0f889ab6ef64d5b415cfa5b61c84776d28bbaa7bed809ed26899ce219faf6452,undefined FUN_18177c834(),ghidra,clean,
WHGame.dll,release_1_5_1164953_841,0x177c854,367,FUN_18177c854,,,7322e0931de07d68059dc90c7f6266442c3c66e490b0624f4cf2eb0642e7ba27,undefined FUN_18177c854(),ghidra,clean,
WHGame.dll,release_1_5_1164953_841,0x177c9c4,355,FUN_18177c9c4,,,608540212262df779013d1c87f9578d8cd7c15ab11ca2e78cd7e39699b217617,undefined FUN_18177c9c4(),ghidra,clean,
WHGame.dll,release_1_5_1164953_841,0x177cb28,341,FUN_18177cb28,,,621a52003899a6c94950e7580fe97fdc96faa08565e356e51a7391d4e51aed76,undefined FUN_18177cb28(),ghidra,clean,
WHGame.dll,release_1_5_1164953_841,0x177cc80,338,FUN_18177cc80,,,e1af472a8dcd25486e43c02f1b85d9874eb6ceb11a68037146f1ec2552df78af,undefined FUN_18177cc80(),ghidra,clean,
WHGame.dll,release_1_5_1164953_841,0x177cdd4,312,FUN_18177cdd4,,,3482d4f1259025918aef7a363979bd784480768ed73276268d9e0319bd6e7366,undefined FUN_18177cdd4(),ghidra,clean,
WHGame.dll,release_1_5_1164953_841,0x177cf0c,303,FUN_18177cf0c,,,24e787574dee20e7cfb5c033b57eb742a45b89df9f0a44a57eda73e91135e100,undefined FUN_18177cf0c(),ghidra,clean,
WHGame.dll,release_1_5_1164953_841,0x177d03c,233,FUN_18177d03c,,,bf99cbd8ebe32601f79c7890073471bfc2a2149d604683e390bfc476c49d2511,undefined FUN_18177d03c(),ghidra,clean,
WHGame.dll,release_1_5_1164953_841,0x177d128,196,FUN_18177d128,,,527d90b466ba810e6bfa65e7fa473c7f5b700388b19b61e49b6e7c639b5d8bf0,undefined FUN_18177d128(),ghidra,clean,
WHGame.dll,release_1_5_1164953_841,0x177d1cc,547,FUN_18177d1cc,,,54181db4fa9e4defa2650d0e56e568c94a54b4df62c26bbd1bb195d0f605b53c,undefined FUN_18177d1cc(),ghidra,clean,
WHGame.dll,release_1_5_1164953_841,0x177d3e0,365,FUN_18177d3e0,,,05a16a5b949aa8d366fca6f334116464c9e6440793f49c5cc998fd7584e80248,undefined FUN_18177d3e0(),ghidra,clean,
WHGame.dll,release_1_5_1164953_841,0x177d544,402,FUN_18177d544,,,1c8fcb9e697003fed199cc65de959bde459576733b6e7f9f6ce670dc42decda5,undefined FUN_18177d544(),ghidra,clean,
WHGame.dll,release_1_5_1164953_841,0x177d6d8,155,FUN_18177d6d8,,,d43c2786641136ef8c858ace26e6f1343082a5e9bdf4d48638be825f0df1bcce,undefined FUN_18177d6d8(),ghidra,clean,
WHGame.dll,release_1_5_1164953_841,0x177d774,291,FUN_18177d774,,,1158da1f812c4b5d5bac38b3ee6a5436616a8866d682f284af75c3d8b6774f26,undefined FUN_18177d774(),ghidra,clean,
WHGame.dll,release_1_5_1164953_841,0x177d898,958,FUN_18177d898,,,8ddad6dac8073ce6bb132078945e819246e4ac21dd2d23690ca403033eecc1e7,undefined FUN_18177d898(),ghidra,clean,
WHGame.dll,release_1_5_1164953_841,0x177dc58,958,FUN_18177dc58,,,e82eb83f751321c725a86413e08bb064129abe6409b87d7144a67d4c25a0a9fd,undefined FUN_18177dc58(),ghidra,clean,
WHGame.dll,release_1_5_1164953_841,0x177e018,958,FUN_18177e018,,,9214be37ed77471ec8346ba7da958b1a3650109f969b9f60b1fe45b244aa8d6c,undefined FUN_18177e018(),ghidra,clean,
WHGame.dll,release_1_5_1164953_841,0x177e3d8,958,FUN_18177e3d8,,,8e1740c85e2ea9410f181e1499ce015ca1af6d8b9f6655bcc87670f80dd98dcc,undefined FUN_18177e3d8(),ghidra,clean,
WHGame.dll,release_1_5_1164953_841,0x177e798,958,FUN_18177e798,,,b12b65a9189529bd9d733f76bf4f9b01d11ea5e9510da345556feff3800d53d9,undefined FUN_18177e798(),ghidra,clean,
WHGame.dll,release_1_5_1164953_841,0x177eb58,958,FUN_18177eb58,,,454a44456cf2fd82751b6a37e31dba26cf4ee1f3ca4269a5b82e7b57779813a4,undefined FUN_18177eb58(),ghidra,clean,
WHGame.dll,release_1_5_1164953_841,0x177ef18,958,FUN_18177ef18,,,6c760c53cccf6bb1269ba8d620ba131abe9021a83a0f3e2d29538c522ec743c7,undefined FUN_18177ef18(),ghidra,clean,
WHGame.dll,release_1_5_1164953_841,0x177f2d8,958,FUN_18177f2d8,,,d11d18abe12b02bf290562afaf390f587bcf4dba7386672ec7de076851cae72a,undefined FUN_18177f2d8(),ghidra,clean,
WHGame.dll,release_1_5_1164953_841,0x177f698,958,FUN_18177f698,,,83dd81d3c2be3409944ef7d01d7ca96e9f0a604a64c2b8018eef0d9fad25204c,undefined FUN_18177f698(),ghidra,clean,
WHGame.dll,release_1_5_1164953_841,0x177fa58,958,FUN_18177fa58,,,2d4f6bab99707bc3aa754dddcb0b18e9146440c8ac0bc472cc07819fe1b0cb94,undefined FUN_18177fa58(),ghidra,clean,
WHGame.dll,release_1_5_1164953_841,0x177fe18,958,FUN_18177fe18,,,31e05cd819f0683469590e04d8e811770f39131a81321feb9bdfd6ca8169d545,undefined FUN_18177fe18(),ghidra,clean,
WHGame.dll,release_1_5_1164953_841,0x17801d8,958,FUN_1817801d8,,,8b2c9d6fec955e48f5df2c82fdae58c6b2073dd99df571d7e2815b9a7c8d55f7,undefined FUN_1817801d8(),ghidra,clean,
WHGame.dll,release_1_5_1164953_841,0x1780598,958,FUN_181780598,,,fc6434af3701cbf2593d3f707df6afd8b92ab127043ad13a4002e0e6654d6e7b,undefined FUN_181780598(),ghidra,clean,
WHGame.dll,release_1_5_1164953_841,0x1780958,958,FUN_181780958,,,2804a105cf3853c6fa51fc3a3cfddae454ba1cf64536227d452a40ca3902d04d,undefined FUN_181780958(),ghidra,clean,
WHGame.dll,release_1_5_1164953_841,0x1780d18,958,FUN_181780d18,,,343e383f74ac401c332644513c4585b825f9f1d5c44a254c7b510dd1e8a860c9,undefined FUN_181780d18(),ghidra,clean,
WHGame.dll,release_1_5_1164953_841,0x17810d8,958,FUN_1817810d8,,,c552001d078cd95afb5a611263ae296bf8ce0af7f310b8fca209aa7a56aec8b1,undefined FUN_1817810d8(),ghidra,clean,
WHGame.dll,release_1_5_1164953_841,0x1781498,958,FUN_181781498,,,4472ed507cec4262a3609849a179def5fa5ab82bcf6138be26699f79cb6dd81c,undefined FUN_181781498(),ghidra,clean,
WHGame.dll,release_1_5_1164953_841,0x1781858,325,FUN_181781858,,,7cef83978192c8970be919e04ade0c6056077132124f1ad8e061946d613f5013,undefined FUN_181781858(),ghidra,clean,
WHGame.dll,release_1_5_1164953_841,0x17819a0,55,FUN_1817819a0,,,0b34fa06388cdb464502b869f63dc4ceee2b3eb4ff2d54e65434fe5cf4a97f96,undefined FUN_1817819a0(),ghidra,clean,
WHGame.dll,release_1_5_1164953_841,0x17819d8,180,FUN_1817819d8,,,735cca64f8c69614384463401ece490dc01b1baa95c14e1a7cf0983b84444083,undefined FUN_1817819d8(),ghidra,clean,
WHGame.dll,release_1_5_1164953_841,0x1781a8c,180,FUN_181781a8c,,,394f8cc8284864f0bbbd78cee1d155064da635a7290af2a4e339ba0bbf4afdd2,undefined FUN_181781a8c(),ghidra,clean,
WHGame.dll,release_1_5_1164953_841,0x1781b40,180,FUN_181781b40,,,f72f6a37bd21906793db2943452c8245feee352e1ab4c33900aa9c8e5fcc7a9d,undefined FUN_181781b40(),ghidra,clean,
WHGame.dll,release_1_5_1164953_841,0x1781bf4,151,FUN_181781bf4,,,dea0cc05fe13e5eb423093f10efeea249b8accdd42c96fabfe92441387421bd9,undefined FUN_181781bf4(),ghidra,clean,
WHGame.dll,release_1_5_1164953_841,0x1781c8c,328,FUN_181781c8c,,,5a05b7a26437105e058d931f13fa1b13dc7ede36d8fad35f389168843350d283,undefined FUN_181781c8c(),ghidra,clean,
WHGame.dll,release_1_5_1164953_841,0x1781dd4,80,FUN_181781dd4,,,4d6e99e7e00b80f508b4816e771329cbccfe49c791bfe1249049d8786ed660f2,undefined FUN_181781dd4(),ghidra,clean,
WHGame.dll,release_1_5_1164953_841,0x1781e24,52,FUN_181781e24,,,7b373ff77922602849a1827012a08ad79ca1645bea58b763114cbba08ffd8fa7,undefined FUN_181781e24(),ghidra,clean,
WHGame.dll,release_1_5_1164953_841,0x1781e58,120,FUN_181781e58,,,27d416d22ea2d68e4a67d2acfd091e278e855dcfb66fc174fb9f74a683de65e6,undefined FUN_181781e58(),ghidra,clean,
WHGame.dll,release_1_5_1164953_841,0x1781ed0,197,FUN_181781ed0,,,16e45192662de29b15477604de56fd72cf1dcb70bfc1d931a5a72b7d9ed7e138,undefined FUN_181781ed0(),ghidra,clean,
WHGame.dll,release_1_5_1164953_841,0x1781f98,374,FUN_181781f98,,,e2dd5212f2e59431b18a493917a520e5837577211dbd9af49d96ea999a562306,undefined FUN_181781f98(),ghidra,clean,
WHGame.dll,release_1_5_1164953_841,0x1782110,130,FUN_181782110,,,d244c742f5f875215345b3750ca166616544d04177e39e94253e73eb9354a0b4,undefined FUN_181782110(),ghidra,clean,
WHGame.dll,release_1_5_1164953_841,0x1782194,257,FUN_181782194,,,138793edd43b098b0d2006be2906e8ed6309d89f859e765336897f44b7139572,undefined FUN_181782194(),ghidra,clean,
WHGame.dll,release_1_5_1164953_841,0x1782298,84,FUN_181782298,,,561fd186840e25bdf656e4fde7296f7d9e5e6d5d11f91679ee50673df7f09a11,undefined FUN_181782298(),ghidra,clean,
WHGame.dll,release_1_5_1164953_841,0x17822ec,85,FUN_1817822ec,,,275d9ec82ad2453c0f94814b01bb9ede6fc01aabbeca24c851245c0a30791b1f,undefined FUN_1817822ec(),ghidra,clean,
WHGame.dll,release_1_5_1164953_841,0x1782320,65,FUN_181782320,,,c65aaa5e26c66d8fda0ab1b75f02125f2921454a45985bf8ed925c701ef7e314,undefined FUN_181782320(),ghidra,clean,
WHGame.dll,release_1_5_1164953_841,0x1782364,65,FUN_181782364,,,dcd22cff602dc8a497d7bab04578cc0d6b7c281d599508a061a1891fd1f13757,undefined FUN_181782364(),ghidra,clean,
WHGame.dll,release_1_5_1164953_841,0x17823a8,352,FUN_1817823a8,,,4f3136c5a3e95b98a2fe500a89ab89bf3670e995dea8bc27d55b9429d1c33853,undefined FUN_1817823a8(),ghidra,clean,
WHGame.dll,release_1_5_1164953_841,0x178250c,55,FUN_18178250c,,,ae092cb12e7cf53ca6317275f559e2a2be224d9f88c1ba6b3182d79698994e74,undefined FUN_18178250c(),ghidra,clean,
WHGame.dll,release_1_5_1164953_841,0x1782544,76,FUN_181782544,,,45aedf32eeeb1f992d6a86e09e0d53c84c0068f671da0a6b1168ca3953325b92,undefined FUN_181782544(),ghidra,clean,
WHGame.dll,release_1_5_1164953_841,0x1782580,76,FUN_181782580,,,268e197a97f518112510cbdcd40ea2645d61e89e5be38184f0d07e5801204b0e,undefined FUN_181782580(),ghidra,clean,
WHGame.dll,release_1_5_1164953_841,0x17825c0,8,FUN_1817825c0,,,10e80f15330a3dcc743c45cbf14a19267efaabc9b8a970663cb31f1a539ba455,undefined FUN_1817825c0(),ghidra,clean,
WHGame.dll,release_1_5_1164953_841,0x17825c8,102,FUN_1817825c8,,,0eb5f51c0a92c7655864dfa99f085102ffd01e89122f417987ad0140dcd71eee,undefined FUN_1817825c8(),ghidra,clean,
WHGame.dll,release_1_5_1164953_841,0x1782630,109,FUN_181782630,,,046840dfd28a15d49d944f45738c2967730d157c935781c4d1d6b6f91f87f7db,undefined FUN_181782630(),ghidra,clean,
WHGame.dll,release_1_5_1164953_841,0x17826a0,68,FUN_1817826a0,,,4ddd80e00104d53e1157ce63672b674fa5145b0a28692881e71c305895e4ed28,undefined FUN_1817826a0(),ghidra,clean,
WHGame.dll,release_1_5_1164953_841,0x17826e4,148,FUN_1817826e4,,,50a1263e65c6a488e31f2fcd897fed0cd6c4aa13609248a61f23ec07fd811280,undefined FUN_1817826e4(),ghidra,clean,
WHGame.dll,release_1_5_1164953_841,0x1782778,68,FUN_181782778,,,ed08dbe537543f77114648238ca178b41935f8664952fc484e5692c1dfcfe1d7,undefined FUN_181782778(),ghidra,clean,
WHGame.dll,release_1_5_1164953_841,0x17827bc,149,FUN_1817827bc,,,d76a8f61c25c21e570db86103b785197b4ed07c9fe16f34a838e9af1439ce73f,undefined FUN_1817827bc(),ghidra,clean,
WHGame.dll,release_1_5_1164953_841,0x1782854,157,FUN_181782854,,,0724b51302944c1485c2be57e4eae16af984b4d4c1ee8047599fc9d441368482,undefined FUN_181782854(),ghidra,clean,
WHGame.dll,release_1_5_1164953_841,0x17828f4,228,FUN_1817828f4,,,975dda28169337959cfa1c5b61100ef76d94cd1fce0964a808204bb2e419cf8e,undefined FUN_1817828f4(),ghidra,clean,
WHGame.dll,release_1_5_1164953_841,0x17829d8,49,FUN_1817829d8,,,c7542f96b026b9fe9d5946265ac2b5c83811bdfe6dbfaec663afe0df1f85dee9,undefined FUN_1817829d8(),ghidra,clean,
WHGame.dll,release_1_5_1164953_841,0x1782a0c,637,FUN_181782a0c,,,034c50aadab8a177b4c169d67285a3fda2879f8d46cfa8b4278858ae9e3fb159,undefined FUN_181782a0c(),ghidra,clean,
WHGame.dll,release_1_5_1164953_841,0x1782c8c,180,FUN_181782c8c,,,c97692af762305f3425fdfd1e59c802ff4ba474c826f3291517ac491a30fb278,undefined FUN_181782c8c(),ghidra,clean,
WHGame.dll,release_1_5_1164953_841,0x1782d40,180,FUN_181782d40,,,6b6417b50a90fe0b716130dd0860c37525463d193294b697e633a9c722248a3d,undefined FUN_181782d40(),ghidra,clean,
WHGame.dll,release_1_5_1164953_841,0x1782df4,180,FUN_181782df4,,,e1cc67cda12e1387e9093cd2acf9bedae2455b949cf0cea4c71c6baffa4d1f19,undefined FUN_181782df4(),ghidra,clean,
WHGame.dll,release_1_5_1164953_841,0x1782ea8,505,FUN_181782ea8,,,650213f1972185366f12dd6230cf589c4256cfe7f67b0b44d76d2b208a4883ab,undefined FUN_181782ea8(),ghidra,clean,
WHGame.dll,release_1_5_1164953_841,0x17830a4,187,FUN_1817830a4,,,699bc399a3186e00280dfff14d8d34be7dea86fcdd2a5df57eb4e4e2d8713fe5,undefined FUN_1817830a4(),ghidra,clean,
WHGame.dll,release_1_5_1164953_841,0x1783154,185,FUN_181783154,,,13f750e3c91b705f64ff9846fec44886203b35545327b16218aeb16e8b282e58,undefined FUN_181783154(),ghidra,clean,
WHGame.dll,release_1_5_1164953_841,0x1783210,43,FUN_181783210,,,bab55f5f0417aca2c6c5e5d5d5dd29647fc16dc9b63a9ec572a8bd848572f9c8,undefined FUN_181783210(),ghidra,clean,
WHGame.dll,release_1_5_1164953_841,0x178323c,1080,FUN_18178323c,,,d85e999d8ada73d062942dc32aa673ef01c4ccfe67aec48cd555fa8afd848b06,undefined FUN_18178323c(),ghidra,clean,
WHGame.dll,release_1_5_1164953_841,0x1783674,87,FUN_181783674,,,3ab90a1f89ef457e5adc6ceac1fabbcbb5b4419c37451eeefd9eaf33bc41314a,undefined FUN_181783674(),ghidra,clean,
WHGame.dll,release_1_5_1164953_841,0x17836cc,155,FUN_1817836cc,,,9bc287e64c86de7481c25d834a6f9a983dcfd8e82b1d7dc84bb3ae32f4b0e664,undefined FUN_1817836cc(),ghidra,clean,
WHGame.dll,release_1_5_1164953_841,0x1783768,184,FUN_181783768,,,b8fa2614c6f1cf956cea0e22e2d2a84d007886a01d52a50f361ec2179cbda00f,undefined FUN_181783768(),ghidra,clean,
WHGame.dll,release_1_5_1164953_841,0x1783820,291,FUN_181783820,,,789a23ef5a420693f9e44484b7e0e45c25a1f744b4a43b29de940ba60d463181,undefined FUN_181783820(),ghidra,clean,
WHGame.dll,release_1_5_1164953_841,0x1783944,234,FUN_181783944,,,2784ec85461aa8f48ae9d68e96ce43c7c7ec0f6d5229546f9ff3ee15c1b44244,undefined FUN_181783944(),ghidra,clean,
WHGame.dll,release_1_5_1164953_841,0x1783a30,26,FUN_181783a30,,,819234953c91d716a341edb10dcca2267107efa13f78881bbca64f4a7a11eeca,undefined FUN_181783a30(),ghidra,clean,
WHGame.dll,release_1_5_1164953_841,0x1783a4c,155,FUN_181783a4c,,,c2ddfd57ee96f57adfa98334bf0908731ecc408748aa693001b127d4e50c011a,undefined FUN_181783a4c(),ghidra,clean,
WHGame.dll,release_1_5_1164953_841,0x1783ae8,291,FUN_181783ae8,,,87c2da1eb7515972a316851537d6eecb6e6b6fc36f9cf376d2bde8ff77e03f7f,undefined FUN_181783ae8(),ghidra,clean,
WHGame.dll,release_1_5_1164953_841,0x1783c0c,26,FUN_181783c0c,,,819234953c91d716a341edb10dcca2267107efa13f78881bbca64f4a7a11eeca,undefined FUN_181783c0c(),ghidra,clean,
WHGame.dll,release_1_5_1164953_841,0x1783c28,155,FUN_181783c28,,,273fed0a95dfdd45dcaf12f431d2e5d0ca30a27f18b04c77da57c49443445eb8,undefined FUN_181783c28(),ghidra,clean,
WHGame.dll,release_1_5_1164953_841,0x1783cc4,291,FUN_181783cc4,,,cc1b1db01d3d1ab493c14524871f653a3368c3cdecb7f947a1546f5c5b0b3ffb,undefined FUN_181783cc4(),ghidra,clean,
WHGame.dll,release_1_5_1164953_841,0x1783de8,26,FUN_181783de8,,,819234953c91d716a341edb10dcca2267107efa13f78881bbca64f4a7a11eeca,undefined FUN_181783de8(),ghidra,clean,
WHGame.dll,release_1_5_1164953_841,0x1783e04,155,FUN_181783e04,,,566755f423af06432df3b1cb5499a51d0d2e5a66f0aee109448eeda73a0f0390,undefined FUN_181783e04(),ghidra,clean,
WHGame.dll,release_1_5_1164953_841,0x1783ea0,291,FUN_181783ea0,,,de5399333c8816a31472365122e61854f3b98f8e0b55da47229db81e5cceaf5f,undefined FUN_181783ea0(),ghidra,clean,
WHGame.dll,release_1_5_1164953_841,0x1783fc4,196,FUN_181783fc4,,,aa7ec93372ed3985f59f00f5c568a118f3428e359e52affc9f93837be0fcd736,undefined FUN_181783fc4(),ghidra,clean,
WHGame.dll,release_1_5_1164953_841,0x1784068,602,FUN_181784068,,,e2e2758bb7d0c25d513c3cfc0c1dc981929eec48bfe2d014453d97fc8ba18dcd,undefined FUN_181784068(),ghidra,clean,
WHGame.dll,release_1_5_1164953_841,0x17842b4,392,FUN_1817842b4,,,8c641abc6cfc4d85489bd1b2a17cade895e9f7198805409585d818c264b27185,undefined FUN_1817842b4(),ghidra,clean,
WHGame.dll,release_1_5_1164953_841,0x1784434,440,FUN_181784434,,,330eb27c8f8e2259f0257f0c91ddd25aa9e550a41ca743c35faa272464f70c81,undefined FUN_181784434(),ghidra,clean,
WHGame.dll,release_1_5_1164953_841,0x17845ec,46,FUN_1817845ec,,,9f1afdb28db05b6b03c9d247e285fc65dfe688d77aa210f81179a33b69455743,undefined FUN_1817845ec(),ghidra,clean,
WHGame.dll,release_1_5_1164953_841,0x178461c,190,FUN_18178461c,,,7ce0c802c5ae639fda0906b814f635b76bd37055a5ed7c4dd143c427ff9687d2,undefined FUN_18178461c(),ghidra,clean,
WHGame.dll,release_1_5_1164953_841,0x17846dc,33,FUN_1817846dc,,,d8ff8317831178f0ab3378a01f9635777239e431b03e47002bde9cd200af3e62,undefined FUN_1817846dc(),ghidra,clean,
WHGame.dll,release_1_5_1164953_841,0x1784700,37,FUN_181784700,,,c3a4f0a34bf10d868e4bc2c0c2089f3b1bc094fd153c015694427ecd96f255ae,undefined FUN_181784700(),ghidra,clean,
WHGame.dll,release_1_5_1164953_841,0x1784728,11,FUN_181784728,,,36587dbe2a2a43e44b96fc64ea3dcea741e0893afcb4160be937cade915a5c4a,undefined FUN_181784728(),ghidra,clean,
WHGame.dll,release_1_5_1164953_841,0x1784734,118,FUN_181784734,,,ddad7335b63c4d6e9ec71daf1bf66ef1781bf6ec8698bd4745d525152f0843e4,undefined FUN_181784734(),ghidra,clean,
WHGame.dll,release_1_5_1164953_841,0x17847ac,81,FUN_1817847ac,,,80e16100da31f6db83ea55b0585ad28a5362c6847e651092f72143de3b86f9d9,undefined FUN_1817847ac(),ghidra,clean,
WHGame.dll,release_1_5_1164953_841,0x1784800,73,FUN_181784800,,,2efe166ed1e63bfe03c4aabc970788783f9644adf91a9205ab6e264c6e86b846,undefined FUN_181784800(),ghidra,clean,
WHGame.dll,release_1_5_1164953_841,0x178484c,74,FUN_18178484c,,,9d0e08fa25162e86fe865b6e70b5c127dc608492766543613ebf603edaacbd28,undefined FUN_18178484c(),ghidra,clean,
WHGame.dll,release_1_5_1164953_841,0x1784898,11,FUN_181784898,,,b3544fbddfdebd857eaf6dd03de77a2960988d207861e7974fbb7e69cfccd996,undefined FUN_181784898(),ghidra,clean,
WHGame.dll,release_1_5_1164953_841,0x17848a4,180,FUN_1817848a4,,,e4ac269ef69057af822438e220a0c88c7ed52f199f4e5e80fa5d6d712e4ebe0a,undefined FUN_1817848a4(),ghidra,clean,
WHGame.dll,release_1_5_1164953_841,0x1784958,180,FUN_181784958,,,e4fc1831ed14fc61968cb99b7aabae04a3745ae7d04dc27574a14c0417be93b5,undefined FUN_181784958(),ghidra,clean,
WHGame.dll,release_1_5_1164953_841,0x1784a0c,180,FUN_181784a0c,,,17ab12c62b1d252c853f4aa1ce2c963f0f2f62e18b124932ff3bde8fb4c166cf,undefined FUN_181784a0c(),ghidra,clean,
WHGame.dll,release_1_5_1164953_841,0x1784ac0,180,FUN_181784ac0,,,73febc1c8decb204b72dc327ac8b583365009e522b5750dfe5f27527c46e1f5f,undefined FUN_181784ac0(),ghidra,clean,
WHGame.dll,release_1_5_1164953_841,0x1784b74,155,FUN_181784b74,,,1f4245c199f01d752fa4a0ba194c05099f3cb9981e841fd5f8e8e28fecc651bd,undefined FUN_181784b74(),ghidra,clean,
WHGame.dll,release_1_5_1164953_841,0x1784c10,291,FUN_181784c10,,,7779e4ac97d05bc81d21dca1b87dab75610fc97ac7888649e4157296e849e0dd,undefined FUN_181784c10(),ghidra,clean,
WHGame.dll,release_1_5_1164953_841,0x1784d34,155,FUN_181784d34,,,0ee1815d84f6d0b97c859265aaff3e102e1f004441d2c2c5e9660c20f3e4e979,undefined FUN_181784d34(),ghidra,clean,
WHGame.dll,release_1_5_1164953_841,0x1784dd0,291,FUN_181784dd0,,,f7aec021b9c6cb5bd3ecae93cc9d13d2c5f52329b80df868e992e4b9b76640de,undefined FUN_181784dd0(),ghidra,clean,
WHGame.dll,release_1_5_1164953_841,0x1784ef4,413,FUN_181784ef4,,,f7a8adcb8a0ae3d3adf3ba893893a08611e5eb76d232919c73470938e804c3ad,undefined FUN_181784ef4(),ghidra,clean,
WHGame.dll,release_1_5_1164953_841,0x1785091,31,FUN_181785091,,,8c099094788b2e3588d7abd86b420f14237f1257b629f05ac4f40cdba9bf7136,undefined FUN_181785091(),ghidra,clean,
WHGame.dll,release_1_5_1164953_841,0x17850b0,37,FUN_1817850b0,,,951a8da8671d21bfac7c98ad4405fce97d18097b4ad8277aafc4f181100f96e8,undefined FUN_1817850b0(),ghidra,clean,
WHGame.dll,release_1_5_1164953_841,0x17850d5,35,FUN_1817850d5,,,f8d588631d958b96bbe1b72c60159e3bea2574599ca27c8df7ee1e89c5809df8,undefined FUN_1817850d5(),ghidra,clean,
WHGame.dll,release_1_5_1164953_841,0x17850f8,27,FUN_1817850f8,,,ae78b9162c2cc6240f8606fe4c4d54613325331803aa19cab2c808612a30bdc8,undefined FUN_1817850f8(),ghidra,clean,
WHGame.dll,release_1_5_1164953_841,0x1785113,583,FUN_181785113,,,fc18f77806e811b09d678712ecc0002685529196698f18c553a4810dccdb35cb,undefined FUN_181785113(),ghidra,clean,
WHGame.dll,release_1_5_1164953_841,0x178535c,103,FUN_18178535c,,,75e4f4b512c67a867123aa8d31996931dfa3ec4db72e7b583d2fc7e7961c7461,undefined FUN_18178535c(),ghidra,clean,
WHGame.dll,release_1_5_1164953_841,0x17853c4,26,FUN_1817853c4,,,3772b504ba64544cb0fa6958bfe92870ed8a9693a0756a611dea517d514e893b,undefined FUN_1817853c4(),ghidra,clean,
WHGame.dll,release_1_5_1164953_841,0x17853e0,649,FUN_1817853e0,,,5294e3f63592647b1c7a3a4fe4b8af2be0b43f083e26195b71bc092ec9e7a6e5,undefined FUN_1817853e0(),ghidra,clean,
WHGame.dll,release_1_5_1164953_841,0x178566c,43,FUN_18178566c,,,7e37e775019aa217969ea54dbf570127152e4c547a370897a1ef70bc2294cf8b,undefined FUN_18178566c(),ghidra,clean,
WHGame.dll,release_1_5_1164953_841,0x1785698,43,FUN_181785698,,,98340a476aa964cf1fe2780c64ebc67a57daf5e670572519508fad641ae7800a,undefined FUN_181785698(),ghidra,clean,
WHGame.dll,release_1_5_1164953_841,0x17856c4,152,FUN_1817856c4,,,3d38b6abd5bd560a6f0af02148a80f2d9c800b5ed8d5e079fd2239af13cbde48,undefined FUN_1817856c4(),ghidra,clean,
WHGame.dll,release_1_5_1164953_841,0x178575c,143,FUN_18178575c,,,4ecce5e188c94bad93b41a0371ac8d9f2ba09ffa488797d4ab71f913bb7de4a8,undefined FUN_18178575c(),ghidra,clean,
WHGame.dll,release_1_5_1164953_841,0x17857ec,162,FUN_1817857ec,,,4be41f87c04a29dfa5eac74e1b1a969b69205c7eb3a40c8d06a49dfa20fa2b91,undefined FUN_1817857ec(),ghidra,clean,
WHGame.dll,release_1_5_1164953_841,0x1785884,234,FUN_181785884,,,e7028dcca6445b1f371d479559fa315b61182190de0a523cf46c083fc61103a8,undefined FUN_181785884(),ghidra,clean,
WHGame.dll,release_1_5_1164953_841,0x1785970,204,FUN_181785970,,,8a30c0dc93e21988cd39f271428a383fc70ec35b75717016281b38595641bd43,undefined FUN_181785970(),ghidra,clean,
WHGame.dll,release_1_5_1164953_841,0x1785a34,207,FUN_181785a34,,,aa935ca16fbef9095111b390e8d0dba0e519dfb33ac1953e058d77c7432343ab,undefined FUN_181785a34(),ghidra,clean,
WHGame.dll,release_1_5_1164953_841,0x1785b08,155,FUN_181785b08,,,c7bb908315d31cb4cfe19f8cfc596ee5a25ecbad83863b7e1499de208af49451,undefined FUN_181785b08(),ghidra,clean,
WHGame.dll,release_1_5_1164953_841,0x1785ba4,311,FUN_181785ba4,,,747cadd1a7a5d2f1e7cda7bd82d08bc25ccd69c8338a98d8412562ffba0c7a81,undefined FUN_181785ba4(),ghidra,clean,
WHGame.dll,release_1_5_1164953_841,0x1785cdc,5,thunk_FUN_180a31878,,,02e6b1237d9acf43f97682d2e662b7684614a28ce6c39456943396124a1f9525,undefined thunk_FUN_180a31878(),ghidra,clean,
WHGame.dll,release_1_5_1164953_841,0x1785ce4,272,FUN_181785ce4,,,d18feefe07439badf9c0dc7171719b254ca414a199820eab35aebee23a68a312,undefined FUN_181785ce4(),ghidra,clean,
WHGame.dll,release_1_5_1164953_841,0x1785df4,131,FUN_181785df4,,,41acacdeb1a9d2c0ec0bb34ece3c497202bd8e3c557d2f0d654d2edd38235df6,undefined FUN_181785df4(),ghidra,clean,
WHGame.dll,release_1_5_1164953_841,0x1785e78,131,FUN_181785e78,,,f71d02550568a02a24a86863347de6d32bdeab95fcc2e389ff240d0f20b781df,undefined FUN_181785e78(),ghidra,clean,
WHGame.dll,release_1_5_1164953_841,0x1785efc,94,FUN_181785efc,,,7ca84f508af37c51e20c4f8c607625dbaae7a0a55763300dfa063f2d0df6cd60,undefined FUN_181785efc(),ghidra,clean,
WHGame.dll,release_1_5_1164953_841,0x1785f5c,52,FUN_181785f5c,,,bb77eb9f00f0556a11e9baa38e1f182b4c65cd1de08c6293257037767674493a,undefined FUN_181785f5c(),ghidra,clean,
WHGame.dll,release_1_5_1164953_841,0x1785f90,75,FUN_181785f90,,,5c93f125e7266ec452a332ea8fa62b44ed466c3da32d52a0f105b8daedb2de06,undefined FUN_181785f90(),ghidra,clean,
WHGame.dll,release_1_5_1164953_841,0x1785fcc,342,FUN_181785fcc,,,fdfc3a65332c65048a07cf379ed04e60d87a593b7fd2b1c1e9301122799e803e,undefined FUN_181785fcc(),ghidra,clean,
WHGame.dll,release_1_5_1164953_841,0x1786124,276,FUN_181786124,,,6d8e0c3c7cebe4534fa0cdeac077e2b0b8be64c2327b3501a00752a14d9c9f53,undefined FUN_181786124(),ghidra,clean,
WHGame.dll,release_1_5_1164953_841,0x1786238,73,FUN_181786238,,,be6db7520bf4e59be363228e7925f925a006f513b79af370f3bf336c52bdc1c9,undefined FUN_181786238(),ghidra,clean,
WHGame.dll,release_1_5_1164953_841,0x1786284,305,FUN_181786284,,,22eb5aeac2da41c0d453b80b6fc05b4a1872e25e4fe03ab512320012b025fd7c,undefined FUN_181786284(),ghidra,clean,
WHGame.dll,release_1_5_1164953_841,0x17862d4,188,FUN_1817862d4,,,a40e0cc02823e462219c6d347069799f1b09860fb4756c3a4599dba4178ede20,undefined FUN_1817862d4(),ghidra,clean,
WHGame.dll,release_1_5_1164953_841,0x1786390,38,FUN_181786390,,,86254d8d7cd408862c134a500ff7d9c92e21da030c172a35cdf4c238026d03ee,undefined FUN_181786390(),ghidra,clean,
WHGame.dll,release_1_5_1164953_841,0x17863b8,30,FUN_1817863b8,,,e9b285bc0d78924ab808e81ab23c4cf7df7600986d0d1bf234f25660a88bfaae,undefined FUN_1817863b8(),ghidra,clean,
WHGame.dll,release_1_5_1164953_841,0x17863d8,386,FUN_1817863d8,,,703c9e34daa5a9c31e2c7a3f13032030b38caf276f1c9fdd7b2edf106416122e,undefined FUN_1817863d8(),ghidra,clean,
WHGame.dll,release_1_5_1164953_841,0x178655c,80,FUN_18178655c,,,72d2892f2e45a50b96b8c3aa7b0ea58004a64ec010d3ed9965b045b744b879b0,undefined FUN_18178655c(),ghidra,clean,
WHGame.dll,release_1_5_1164953_841,0x17865ac,373,FUN_1817865ac,,,95f2d3f39a80f0482d81997dddf9256799b18074d599ed3dca4e2eaf1989e640,undefined FUN_1817865ac(),ghidra,clean,
WHGame.dll,release_1_5_1164953_841,0x1786724,30,FUN_181786724,,,b57e8afceeec20093c03aaaf095d12b9be964cb0b8fccd029e760ad3fe7cad56,undefined FUN_181786724(),ghidra,clean,
WHGame.dll,release_1_5_1164953_841,0x1786744,1201,FUN_181786744,,,e6860032f598660e1563de0d04ab9149c76d55daff43b3e3d2f8bdeab0db7aee,undefined FUN_181786744(),ghidra,clean,
WHGame.dll,release_1_5_1164953_841,0x1786bf8,180,FUN_181786bf8,,,f5f4757cdf14642ad4963026e742c8c97b5932d2c08fa56c586372443a1a0f54,undefined FUN_181786bf8(),ghidra,clean,
WHGame.dll,release_1_5_1164953_841,0x1786cac,180,FUN_181786cac,,,5ff5ba3321abb9413a5385803087f4ca565827436c70f15d3492ed996851ed2c,undefined FUN_181786cac(),ghidra,clean,
WHGame.dll,release_1_5_1164953_841,0x1786d60,180,FUN_181786d60,,,f4bfc8954cf2ebf69e20b7299b55c887d4dd9130f5d6107167cace9dc31052f8,undefined FUN_181786d60(),ghidra,clean,
WHGame.dll,release_1_5_1164953_841,0x1786e14,190,FUN_181786e14,,,ac2e7ba72b32f732554ecf1b9e79017027efcd5545ac23abeadc4ca6cfe59717,undefined FUN_181786e14(),ghidra,clean,
WHGame.dll,release_1_5_1164953_841,0x1786ed4,155,FUN_181786ed4,,,0a1c3dc331abe6408a7131cf52888b1ec85f7b6a1413c010990023b00ec21e33,undefined FUN_181786ed4(),ghidra,clean,
WHGame.dll,release_1_5_1164953_841,0x1786f70,291,FUN_181786f70,,,b9c0c2c6bb10af249840b9ce3d5c72dd6ea7af18485666e35060e154d213a278,undefined FUN_181786f70(),ghidra,clean,
WHGame.dll,release_1_5_1164953_841,0x1787094,82,FUN_181787094,,,1e48b7cad0c77cfd4f4f8c45992fdfe7d071af36dc67d16ec9512669b43a7c64,undefined FUN_181787094(),ghidra,clean,
WHGame.dll,release_1_5_1164953_841,0x17870e8,55,FUN_1817870e8,,,37b7c79b56e8d6feb75aedcdf9334bc3e62a1c2fa45d66f91fe8662952b0c12d,undefined FUN_1817870e8(),ghidra,clean,
WHGame.dll,release_1_5_1164953_841,0x1787110,139,FUN_181787110,,,48d4e053f38b2d6170f583cb9353afe05539c71e7d326768ea612b5bfb0c67a9,undefined FUN_181787110(),ghidra,clean,
WHGame.dll,release_1_5_1164953_841,0x178719c,145,FUN_18178719c,,,678f70155c99162ef6a75ce5571a7c1a0875b0738e17e214abf296fed5e53360,undefined FUN_18178719c(),ghidra,clean,
WHGame.dll,release_1_5_1164953_841,0x1787230,276,FUN_181787230,,,6d4691fff3ac110a68a6ec04e61ed45f905ff2a842bbf0fe38e3b33ccff4ad76,undefined FUN_181787230(),ghidra,clean,
WHGame.dll,release_1_5_1164953_841,0x1787344,11,FUN_181787344,,,6dd57ae4d235454c894f1154f1dc6c2e708e61079b306f3204a6a1d1899a1ba8,undefined FUN_181787344(),ghidra,clean,
WHGame.dll,release_1_5_1164953_841,0x1787350,234,FUN_181787350,,,6605899fe81d63cf1132620704ff9b4de5f80569d90ed1d04522a2ddcca8b41a,undefined FUN_181787350(),ghidra,clean,
WHGame.dll,release_1_5_1164953_841,0x178743c,87,FUN_18178743c,,,d26c7bd8c92ef3158623783916d443d391284296f6512abba960939dda3bb522,undefined FUN_18178743c(),ghidra,clean,
WHGame.dll,release_1_5_1164953_841,0x1787494,207,FUN_181787494,,,227b1d5abc63edf62e142d5b0a8cd5f4fcf3c693cb4eb54fe5b566c94546ffd2,undefined FUN_181787494(),ghidra,clean,
WHGame.dll,release_1_5_1164953_841,0x1787554,155,FUN_181787554,,,9098dc2ff03f4058379d4805d19549b056c35b0d8c3eefe5136eba39f9b30cdb,undefined FUN_181787554(),ghidra,clean,
WHGame.dll,release_1_5_1164953_841,0x17875f0,261,FUN_1817875f0,,,b73a2365f7dee1e8076c397da5d97f41f8e6067b332fa25869fd60fda3095600,undefined FUN_1817875f0(),ghidra,clean,
WHGame.dll,release_1_5_1164953_841,0x17876ec,197,FUN_1817876ec,,,496a3f86c135e377e18325af37070d4c3984d40e53f13c40e687aa725b7b2bc0,undefined FUN_1817876ec(),ghidra,clean,
WHGame.dll,release_1_5_1164953_841,0x17877b4,291,FUN_1817877b4,,,fec32e75e094e573c73249051c573d8153f99c746d60c1871f8715bf776bdfe9,undefined FUN_1817877b4(),ghidra,clean,
WHGame.dll,release_1_5_1164953_841,0x17878d8,92,FUN_1817878d8,,,4728d91f35a0975d17c8865074c37f879a5fa1375f425e996ac6547cc7258c54,undefined FUN_1817878d8(),ghidra,clean,
WHGame.dll,release_1_5_1164953_841,0x1787934,54,FUN_181787934,,,c4e4d2a57c20b7bdb0ff9dfcbd999b67e36e6ef1760028c1d60e098e75cd3a54,undefined FUN_181787934(),ghidra,clean,
WHGame.dll,release_1_5_1164953_841,0x178796c,84,FUN_18178796c,,,137bce4b3810f16f2d2d66c8e905e4c5750ee35096a70998676645aa566e9777,undefined FUN_18178796c(),ghidra,clean,
WHGame.dll,release_1_5_1164953_841,0x17879b0,221,FUN_1817879b0,,,a883202eafeae91a791b83a98f84926527b4b13c4020b0e0d8db4f2456e2e479,undefined FUN_1817879b0(),ghidra,clean,
WHGame.dll,release_1_5_1164953_841,0x1787a90,52,FUN_181787a90,,,d06829ab69aa9c30ba0f6669e16e9214c79123faccd4534355aed80ce8a52419,undefined FUN_181787a90(),ghidra,clean,
WHGame.dll,release_1_5_1164953_841,0x1787ac4,155,FUN_181787ac4,,,3800f18be88f725e4e323357bb026bf79c233d273b28e484b21dbe3891b356f8,undefined FUN_181787ac4(),ghidra,clean,
WHGame.dll,release_1_5_1164953_841,0x1787b60,293,FUN_181787b60,,,0ac3cdd4e5ee981138775b2092bc24ca008d4fed190076067d25bd11e9358716,undefined FUN_181787b60(),ghidra,clean,
WHGame.dll,release_1_5_1164953_841,0x1787c88,24,FUN_181787c88,,,2320ae58557ffbfbd88ec0e40e261126b863735d85c83485ff07797515f6635a,undefined FUN_181787c88(),ghidra,clean,
WHGame.dll,release_1_5_1164953_841,0x1787cc0,196,FUN_181787cc0,,,d3ea2daf9f7516589d57db5d7196301d0c509c112ba4efe790472aaa791f65d1,undefined FUN_181787cc0(),ghidra,clean,
WHGame.dll,release_1_5_1164953_841,0x1787d7c,175,FUN_181787d7c,,,1e0cf953fa9ee8281622b78fe57b3e2b2c21798d35f60966a195b9e0af11df4d,undefined FUN_181787d7c(),ghidra,clean,
WHGame.dll,release_1_5_1164953_841,0x1787e2c,196,FUN_181787e2c,,,2def331fd61cb93413475dc8ad33570070fa8dff6f4723ce436769a150c43db0,undefined FUN_181787e2c(),ghidra,clean,
WHGame.dll,release_1_5_1164953_841,0x1787ee8,175,FUN_181787ee8,,,52ac144ad106e5a11a25fa5ad548445559d1e96c1a687e39b72f0906780c5f67,undefined FUN_181787ee8(),ghidra,clean,
WHGame.dll,release_1_5_1164953_841,0x1787f98,196,FUN_181787f98,,,547fc46206e9b055a84f81208febcc4fefb7c268b96fba36168931a80fe95fa2,undefined FUN_181787f98(),ghidra,clean,
WHGame.dll,release_1_5_1164953_841,0x1788054,175,FUN_181788054,,,193b7f857056390e8945bd86defec76b9ce9e0ba03ddfb32aac5aa2c624c5180,undefined FUN_181788054(),ghidra,clean,
WHGame.dll,release_1_5_1164953_841,0x1788104,196,FUN_181788104,,,482befe5afd5699ff6277537aeb4778c01e7e91d6029abf800e5ed0c347766ce,undefined FUN_181788104(),ghidra,clean,
WHGame.dll,release_1_5_1164953_841,0x17881c0,175,FUN_1817881c0,,,656e065b7c6bc9783146a18e9fe2450c26ce3ab092523e8b4f4f2ef70c550b4c,undefined FUN_1817881c0(),ghidra,clean,
WHGame.dll,release_1_5_1164953_841,0x1788270,196,FUN_181788270,,,d9390b25ffa7fb4add76de0122cc8a820a983d40598f10f7b3151a735c5edd52,undefined FUN_181788270(),ghidra,clean,
WHGame.dll,release_1_5_1164953_841,0x178832c,175,FUN_18178832c,,,9e1d832542eda4919073e1d0c1081040e8bb432f001d2a7b5265f3f81e5d32fb,undefined FUN_18178832c(),ghidra,clean,
WHGame.dll,release_1_5_1164953_841,0x17883dc,196,FUN_1817883dc,,,74838ca2107fecd03cd0e188bfa47f58c6a8e3988259a8f07925db502c0fedb2,undefined FUN_1817883dc(),ghidra,clean,
WHGame.dll,release_1_5_1164953_841,0x1788498,175,FUN_181788498,,,9c87144015cf1dba74f74d301944624c50c9ea685cce903f1bf2baa872b50212,undefined FUN_181788498(),ghidra,clean,
WHGame.dll,release_1_5_1164953_841,0x1788548,196,FUN_181788548,,,5292d18f29c091def27b2979d852d94c09616f6a97d054413705b7296f45cff6,undefined FUN_181788548(),ghidra,clean,
WHGame.dll,release_1_5_1164953_841,0x1788604,175,FUN_181788604,,,6b34e381c29e6a340fe5738dd06499cc7ee36abbcdaef11eae9f7dbd3e8be938,undefined FUN_181788604(),ghidra,clean,
WHGame.dll,release_1_5_1164953_841,0x17886b4,196,FUN_1817886b4,,,613d4c0514eb151b8e657ca52d8b56e2715c00868833ed383843052cb8f23796,undefined FUN_1817886b4(),ghidra,clean,
WHGame.dll,release_1_5_1164953_841,0x1788770,175,FUN_181788770,,,f811734d5690fd187e796f8feb2e4dfcd230e11e47bcdb52bb85cdab28bb4091,undefined FUN_181788770(),ghidra,clean,
WHGame.dll,release_1_5_1164953_841,0x1788820,196,FUN_181788820,,,a8a1f6173bd072a65acb83f3b4d83fec3d8b3dbc9e63678956aeeac404e91a93,undefined FUN_181788820(),ghidra,clean,
WHGame.dll,release_1_5_1164953_841,0x17888dc,175,FUN_1817888dc,,,304013338517549bac38b774675cf2d53770164437b15f4f1b4616e583599114,undefined FUN_1817888dc(),ghidra,clean,
WHGame.dll,release_1_5_1164953_841,0x178898c,196,FUN_18178898c,,,9a2311d37c8e55facb44e1ed2a4e7010e2eacddca4049737200a893932d5aaf8,undefined FUN_18178898c(),ghidra,clean,
WHGame.dll,release_1_5_1164953_841,0x1788a48,175,FUN_181788a48,,,cfcbb7fb3b9503dc99dedc63c2dff2a00c9623a893078d7099b70659d3ee7a2f,undefined FUN_181788a48(),ghidra,clean,
WHGame.dll,release_1_5_1164953_841,0x1788af8,196,FUN_181788af8,,,7af038437944babe34dd072bcabcd5f97b179d2e39117c3a8641c96c785aab7a,undefined FUN_181788af8(),ghidra,clean,
WHGame.dll,release_1_5_1164953_841,0x1788bb4,175,FUN_181788bb4,,,688e9c2b89fca802ce1da2f605a3a0854f1fe135a142f79947037457c0337834,undefined FUN_181788bb4(),ghidra,clean,
WHGame.dll,release_1_5_1164953_841,0x1788c64,196,FUN_181788c64,,,d11ecc502d88518b4fdd0d178e7a29dcbf03a331acac40d65c909039396b9363,undefined FUN_181788c64(),ghidra,clean,
WHGame.dll,release_1_5_1164953_841,0x1788d20,175,FUN_181788d20,,,77e6b497c6cec0390b781a9ceca90b1c640742e7ee70068dfda09d011f0659ef,undefined FUN_181788d20(),ghidra,clean,
WHGame.dll,release_1_5_1164953_841,0x1788dd0,196,FUN_181788dd0,,,ac5aab7896ba2d79a1eb0c6e1e3fb7b9049c671f62b003432ec89cdc9d4d0163,undefined FUN_181788dd0(),ghidra,clean,
WHGame.dll,release_1_5_1164953_841,0x1788e8c,175,FUN_181788e8c,,,adfbd8fa499549b8448236bd6ac34a01b9945fd7e267b733425ec0fb7485d85f,undefined FUN_181788e8c(),ghidra,clean,
WHGame.dll,release_1_5_1164953_841,0x1788f3c,155,FUN_181788f3c,,,0d8c08752cae99df456b23c61cd3c2f18402097364857f221c6e633e6766f41c,undefined FUN_181788f3c(),ghidra,clean,
WHGame.dll,release_1_5_1164953_841,0x1788fd8,291,FUN_181788fd8,,,5f1e8a7d8dad21da609cd81b000aaaa72721cfbe8e0324b10496c65984ebc448,undefined FUN_181788fd8(),ghidra,clean,
WHGame.dll,release_1_5_1164953_841,0x17890fc,35,FUN_1817890fc,,,0e12a2d28167f93be83682f8e1a3ca3fbee5ef31233419694bd6d6eb873c6236,undefined FUN_1817890fc(),ghidra,clean,
WHGame.dll,release_1_5_1164953_841,0x1789120,85,FUN_181789120,,,3d5b3c15cb4304d66fb4675c1f855bd47933fa39ce0c8bdaf4d70b79bdf968ad,undefined FUN_181789120(),ghidra,clean,
WHGame.dll,release_1_5_1164953_841,0x1789194,275,FUN_181789194,,,167a02f66ac699951a2f38e3f3b3efb51f5d6e694d7eab67db912907eb5d69cd,undefined FUN_181789194(),ghidra,clean,
WHGame.dll,release_1_5_1164953_841,0x17892a8,155,FUN_1817892a8,,,3ffaa466facc767013388f8a22ff05a57c495ece5a26473bdd401475ffe18d77,undefined FUN_1817892a8(),ghidra,clean,
WHGame.dll,release_1_5_1164953_841,0x1789344,293,FUN_181789344,,,6854a6cd81d3f1ab59d16e25ad3e67b2f826b1772c5bd4e4edb8f1cb0188ca9e,undefined FUN_181789344(),ghidra,clean,
WHGame.dll,release_1_5_1164953_841,0x178946c,184,FUN_18178946c,,,b04292bab11a3d33ec35503f6a9101e67f9468867936addad1a56d4b03034e3e,undefined FUN_18178946c(),ghidra,clean,
WHGame.dll,release_1_5_1164953_841,0x1789504,464,FUN_181789504,,,ba2395cf70d33f05dd5fa645dc0c4b15b8f1e26a36682e78fcf87fcd3fdddfbd,undefined FUN_181789504(),ghidra,clean,
WHGame.dll,release_1_5_1164953_841,0x17896d4,178,FUN_1817896d4,,,5d29ec8de6a582c5ca5dbe822eda7b59c5fe68fb6f9fc81c5f861481577f8fb6,undefined FUN_1817896d4(),ghidra,clean,
WHGame.dll,release_1_5_1164953_841,0x1789788,383,FUN_181789788,,,298f8f484b42677b8f1d1537bc7d46eed98b25167df3180215ee36a3f944f317,undefined FUN_181789788(),ghidra,clean,
WHGame.dll,release_1_5_1164953_841,0x17898fc,440,FUN_1817898fc,,,a2b818b128c281691572a724c596476efc9d316cfbe0629d368c4868aa853235,undefined FUN_1817898fc(),ghidra,clean,
WHGame.dll,release_1_5_1164953_841,0x1789ab4,75,FUN_181789ab4,,,a36cad438ab9cb39b2df2bf3c906c367b310af9ca2b758a4ac19598654458f84,undefined FUN_181789ab4(),ghidra,clean,
WHGame.dll,release_1_5_1164953_841,0x1789ae4,19,FUN_181789ae4,,,a1afbd45840ce51acb39a62d038e914570fa767545c0e66c5827341e10898674,undefined FUN_181789ae4(),ghidra,clean,
WHGame.dll,release_1_5_1164953_841,0x1789af8,591,FUN_181789af8,,,68dc0d198ea56741412fa0e9232361b5288db8e856bcc161294d4e518b1488e0,undefined FUN_181789af8(),ghidra,clean,
WHGame.dll,release_1_5_1164953_841,0x1789d48,140,FUN_181789d48,,,1fcbdc65b938755ccd4fee4a7174d047c34090bf311f0cdec0856bf4a093b1f1,undefined FUN_181789d48(),ghidra,clean,
WHGame.dll,release_1_5_1164953_841,0x1789dd4,152,FUN_181789dd4,,,21352e9658335ff6e341fe0ac8de8cde84f84084b1666cba7527d840e21037e9,undefined FUN_181789dd4(),ghidra,clean,
WHGame.dll,release_1_5_1164953_841,0x1789e64,168,FUN_181789e64,,,ad13ad77db368f99d7555077b6ce2ed248f2ee29afea71370bc2ef796d8b4fe0,undefined FUN_181789e64(),ghidra,clean,
WHGame.dll,release_1_5_1164953_841,0x1789f04,165,FUN_181789f04,,,cf65e7b4517526aed0f2729d6d15e99fe3b8d33865293ee078470cfdc7637c82,undefined FUN_181789f04(),ghidra,clean,
WHGame.dll,release_1_5_1164953_841,0x1789fa0,119,FUN_181789fa0,,,ad165f2d9c505df6b9b37d89b571319cce35b0927906edfe228460fc05bb1d5c,undefined FUN_181789fa0(),ghidra,clean,
WHGame.dll,release_1_5_1164953_841,0x178a018,115,FUN_18178a018,,,5bde51529742ff20a8f327e349f123aa273f8e644c28b5678d191cec69c584e2,undefined FUN_18178a018(),ghidra,clean,
WHGame.dll,release_1_5_1164953_841,0x178a08c,155,FUN_18178a08c,,,5b2a6c80d783f3c38c61224b1456960ff0499399d909567325d6aa71ca19f4de,undefined FUN_18178a08c(),ghidra,clean,
WHGame.dll,release_1_5_1164953_841,0x178a128,132,FUN_18178a128,,,0b1eb68871fe08ebf2b86873c9e33fbf6a667b624f818a211dddada3276c9fad,undefined FUN_18178a128(),ghidra,clean,
WHGame.dll,release_1_5_1164953_841,0x178a1ac,64,FUN_18178a1ac,,,e1291abfd96cc354668d006176bb1c34bbc9fe4686552f978b8ba6ac5892b842,undefined FUN_18178a1ac(),ghidra,clean,
WHGame.dll,release_1_5_1164953_841,0x178a1ec,14,FUN_18178a1ec,,,2e7db3342eef0fbf3a440a64dbb9b398db2d65439ad533639912a4f06cd0dab6,undefined FUN_18178a1ec(),ghidra,clean,
WHGame.dll,release_1_5_1164953_841,0x178a1fc,180,FUN_18178a1fc,,,9802c15684a9eb92fbdbcc3947b046f50328d0ac44de5cfd6f923bb2ad60a562,undefined FUN_18178a1fc(),ghidra,clean,
WHGame.dll,release_1_5_1164953_841,0x178a2b0,180,FUN_18178a2b0,,,c3bceb38251992e6b59fcf9be7c0e3291aef8687c3980cde0cad9eb9771d7ca3,undefined FUN_18178a2b0(),ghidra,clean,
WHGame.dll,release_1_5_1164953_841,0x178a364,180,FUN_18178a364,,,867d7093d4f29b89df278435b5705b84191231b7507588d4b0fc9fe211dd2e9a,undefined FUN_18178a364(),ghidra,clean,
WHGame.dll,release_1_5_1164953_841,0x178a418,180,FUN_18178a418,,,6288f6da4923c0b514c95b097c5d1c4c401453176a9f7d828bb06dfcdfd9b267,undefined FUN_18178a418(),ghidra,clean,
WHGame.dll,release_1_5_1164953_841,0x178a4cc,180,FUN_18178a4cc,,,2677afdbff41632f441484fdb75d5183f799bdef20327f40ce90489f8e105480,undefined FUN_18178a4cc(),ghidra,clean,
WHGame.dll,release_1_5_1164953_841,0x178a580,180,FUN_18178a580,,,8fcc655aa9bb1f3bfcb67228920c4786217e5e0ec9f17dab69a1ada53e850008,undefined FUN_18178a580(),ghidra,clean,
WHGame.dll,release_1_5_1164953_841,0x178a634,61,FUN_18178a634,,,cb522a6a7246a37354b84db09222c1a4014a983d6d90572a85b7a574fd8b1466,undefined FUN_18178a634(),ghidra,clean,
WHGame.dll,release_1_5_1164953_841,0x178a674,108,FUN_18178a674,,,5090868cd07ca8ab954919a291c4af0f2349963367232c775cc242fa6ee3072b,undefined FUN_18178a674(),ghidra,clean,
WHGame.dll,release_1_5_1164953_841,0x178a6e0,108,FUN_18178a6e0,,,bee73d16d5ede75d467f1947726b32c344cb203e961a0310171b45d7662e5e98,undefined FUN_18178a6e0(),ghidra,clean,
WHGame.dll,release_1_5_1164953_841,0x178a74c,108,FUN_18178a74c,,,b7d6f3319c5c0e249954d9af75fd4199e26c6a6555e71c84d97525d100b048be,undefined FUN_18178a74c(),ghidra,clean,
WHGame.dll,release_1_5_1164953_841,0x178a7b8,108,FUN_18178a7b8,,,5338ac14c979b45eefc19feb50ca1491a30755b848353a60b6043c9d406f3e76,undefined FUN_18178a7b8(),ghidra,clean,
WHGame.dll,release_1_5_1164953_841,0x178a824,83,FUN_18178a824,,,9bbd521aba0ecb70ad1c931949e258b260a7467932c43c3c44f9eadb1aa3e33b,undefined FUN_18178a824(),ghidra,clean,
WHGame.dll,release_1_5_1164953_841,0x178a878,85,FUN_18178a878,,,e57246d834b657c2186a6337adedb80ce0d26d3f208d35a61b32bcdfd8a41dbd,undefined FUN_18178a878(),ghidra,clean,
WHGame.dll,release_1_5_1164953_841,0x178a8ac,73,FUN_18178a8ac,,,52c9d286b6a690f49e21e1128de4c90c56b2ae5fac4928f300be7851a157cdde,undefined FUN_18178a8ac(),ghidra,clean,
WHGame.dll,release_1_5_1164953_841,0x178a8f8,73,FUN_18178a8f8,,,78e9d5be30eae334f4a04cbe96505c3d0a3b28f447e5481da134c1518117eb69,undefined FUN_18178a8f8(),ghidra,clean,
WHGame.dll,release_1_5_1164953_841,0x178a944,52,FUN_18178a944,,,63798c01fe02b155a2f262452eae741b55d6e7c696e076b9044b45e57b23fc3d,undefined FUN_18178a944(),ghidra,clean,
WHGame.dll,release_1_5_1164953_841,0x178a978,94,FUN_18178a978,,,9571ee83ee76a3ffd7c4d8abf2b3409ff5f30025865825f04d443c91a8225e4a,undefined FUN_18178a978(),ghidra,clean,
WHGame.dll,release_1_5_1164953_841,0x178a9d8,34,FUN_18178a9d8,,,0637a203de49d1eb6e82b38b136236a6e6bc8456e74451cd2cd11aaffa1ececf,undefined FUN_18178a9d8(),ghidra,clean,
WHGame.dll,release_1_5_1164953_841,0x178a9fc,90,FUN_18178a9fc,,,7c03400c37ea96cca8d0cef67dd42b55b5ba10141b1a5c1824b2d31b306fc1f1,undefined FUN_18178a9fc(),ghidra,clean,
WHGame.dll,release_1_5_1164953_841,0x178aa58,81,FUN_18178aa58,,,f7c35ae1b4fe3a6b7f53338336ec5c00852136cb14103daed607c8e7798a133e,undefined FUN_18178aa58(),ghidra,clean,
WHGame.dll,release_1_5_1164953_841,0x178aaac,30,FUN_18178aaac,,,72d42c716a5bbb4361dfe91f769856357d2d1f15d840bc11208de95780d0c491,undefined FUN_18178aaac(),ghidra,clean,
WHGame.dll,release_1_5_1164953_841,0x178aacc,190,FUN_18178aacc,,,f6db90cb6d0ff9e581a7934f0bb841b64afdebc05ddab3a6a8d45b049fef500a,undefined FUN_18178aacc(),ghidra,clean,
WHGame.dll,release_1_5_1164953_841,0x178ab8c,155,FUN_18178ab8c,,,1a71f87f6f9ff01529a0c5236000e6e961c329e50f8c9092941fa35f9fef8bb2,undefined FUN_18178ab8c(),ghidra,clean,
WHGame.dll,release_1_5_1164953_841,0x178ac28,291,FUN_18178ac28,,,924103596a35f9957d44fb25fbc7b0caddbd0f8f8d77c541c92d1f313c2b17dd,undefined FUN_18178ac28(),ghidra,clean,
WHGame.dll,release_1_5_1164953_841,0x178ad4c,197,FUN_18178ad4c,,,cf107c5286db7f287a885394d29b4c82c4381a97e8db5a650135008ff1a2e1ce,undefined FUN_18178ad4c(),ghidra,clean,
WHGame.dll,release_1_5_1164953_841,0x178ae14,374,FUN_18178ae14,,,541ec36bec82ab1ba29606a3ea3498681f54530aad36d71f2835ad50f4e0fa80,undefined FUN_18178ae14(),ghidra,clean,
WHGame.dll,release_1_5_1164953_841,0x178af8c,190,FUN_18178af8c,,,b1b9ce7e00133dd5542dadafcea8d9cffe705b8892a1513e2e99cadc3f0d6e0b,undefined FUN_18178af8c(),ghidra,clean,
WHGame.dll,release_1_5_1164953_841,0x178b04c,285,FUN_18178b04c,,,5f9f6e6a09943968b7c3914456a4dba548b91feabe05d6f783c05212638e924b,undefined FUN_18178b04c(),ghidra,clean,
WHGame.dll,release_1_5_1164953_841,0x178b158,33,FUN_18178b158,,,0354ab13bfc8e7a41c2e4c8a8c7a65ca4f71e83ab3acf70ed9232713d497d12b,undefined FUN_18178b158(),ghidra,clean,
WHGame.dll,release_1_5_1164953_841,0x178b17c,34,FUN_18178b17c,,,6fe2b08713d0232c98dc88a93cdd8db210d4b166bf9a9891085dcf20237adc65,undefined FUN_18178b17c(),ghidra,clean,
WHGame.dll,release_1_5_1164953_841,0x178b1a0,134,FUN_18178b1a0,,,e9ac018530382e5b3c4b790a9469be94e2b4c8b6b41bb3f70c615285b7692995,undefined FUN_18178b1a0(),ghidra,clean,
WHGame.dll,release_1_5_1164953_841,0x178b228,257,FUN_18178b228,,,ab2e9b2a8b0bf3bbee69d47e1cb886fa94991012373f16675a6b4ca452d03c0f,undefined FUN_18178b228(),ghidra,clean,
WHGame.dll,release_1_5_1164953_841,0x178b32c,155,FUN_18178b32c,,,5fc4274fe8542ff652894b3686da85ac0eae39060e13688d5ccc077adfdf9dc3,undefined FUN_18178b32c(),ghidra,clean,
WHGame.dll,release_1_5_1164953_841,0x178b3c8,291,FUN_18178b3c8,,,b0aa69a3e84446123afb4149bf1a278b5aa1f643c8b2cabf76fe31f08e0f8c39,undefined FUN_18178b3c8(),ghidra,clean,
WHGame.dll,release_1_5_1164953_841,0x178b4ec,155,FUN_18178b4ec,,,b52133b94873cdf9a0152bc57c4a04fffe534a7231c834e0e92f70b8a4b99adf,undefined FUN_18178b4ec(),ghidra,clean,
WHGame.dll,release_1_5_1164953_841,0x178b588,291,FUN_18178b588,,,e678424b651c440609c5450f267e18024b97876d51b8bbfe66ce77e8981f992b,undefined FUN_18178b588(),ghidra,clean,
WHGame.dll,release_1_5_1164953_841,0x178b6ac,155,FUN_18178b6ac,,,6c3b6558e3199e872b28cae34f0a2c0e00bb31a9457c8c074b7af702c385ad7c,undefined FUN_18178b6ac(),ghidra,clean,
WHGame.dll,release_1_5_1164953_841,0x178b748,291,FUN_18178b748,,,0e96042cdcfedb928ea2fcbe3f494bd6e8c521965181eb09c54fe870ca7a0df2,undefined FUN_18178b748(),ghidra,clean,
WHGame.dll,release_1_5_1164953_841,0x178b86c,180,FUN_18178b86c,,,1e8572afbad43117e96c757d6028a72d7344cb6933dde0bd5435221161e07d56,undefined FUN_18178b86c(),ghidra,clean,
WHGame.dll,release_1_5_1164953_841,0x178b920,180,FUN_18178b920,,,ab2369a26dce2cf602d50ce9a9adb28b59b3d51bb3f46df1129ec5ca497f2178,undefined FUN_18178b920(),ghidra,clean,
WHGame.dll,release_1_5_1164953_841,0x178b9d4,180,FUN_18178b9d4,,,d655349feee459246b91b8b6d5832ae2c0e61bb26d3bc99fed7af13ca239aef2,undefined FUN_18178b9d4(),ghidra,clean,
WHGame.dll,release_1_5_1164953_841,0x178ba88,1254,FUN_18178ba88,,,9d8d3d8a3c87d5c43991a49eaa6c148b739ad7eab6e29b6c6bddc371ee461295,undefined FUN_18178ba88(),ghidra,clean,
WHGame.dll,release_1_5_1164953_841,0x178bf70,96,FUN_18178bf70,,,7c1d7748c3b2c49d473865709e6982b6d72e5cabc10511e52d75c4e364eebcac,undefined FUN_18178bf70(),ghidra,clean,
WHGame.dll,release_1_5_1164953_841,0x178bfa4,224,FUN_18178bfa4,,,f73508a1ee69ac66b835bf7ebfff964ebfbcfd4d13eaf2cf88f677ee0c6d3dcf,undefined FUN_18178bfa4(),ghidra,clean,
WHGame.dll,release_1_5_1164953_841,0x178c084,121,FUN_18178c084,,,ab74d3a4e955b4a2cd0c587530ed5a09246198a6c76590de556ca3ad10c205fd,undefined FUN_18178c084(),ghidra,clean,
WHGame.dll,release_1_5_1164953_841,0x178c100,373,FUN_18178c100,,,daf1ba28af82aa80689c56fd98adedbcb0c9da24f5c04ace89c652f942579489,undefined FUN_18178c100(),ghidra,clean,
WHGame.dll,release_1_5_1164953_841,0x178c278,108,FUN_18178c278,,,8c3efa31b53c2043ed51d8878d0ffde6de68ab8681e272dfdff97b8187f4151c,undefined FUN_18178c278(),ghidra,clean,
WHGame.dll,release_1_5_1164953_841,0x178c2e4,85,FUN_18178c2e4,,,1b3f948f9fc2d3d2f46c75e1b163adde30c7f9a2fa58619dfbe20435f3129c9c,undefined FUN_18178c2e4(),ghidra,clean,
WHGame.dll,release_1_5_1164953_841,0x178c33c,176,FUN_18178c33c,,,486094cec7789930af997973865722ce2faf61dab0442c419780c1375f578918,undefined FUN_18178c33c(),ghidra,clean,
WHGame.dll,release_1_5_1164953_841,0x178c3ec,251,FUN_18178c3ec,,,161c816f0b112cd32406e6e869c6fb541407e85d2e3d15642e8fd9b730b07c6f,undefined FUN_18178c3ec(),ghidra,clean,
WHGame.dll,release_1_5_1164953_841,0x178c494,56,FUN_18178c494,`scalar_deleting_destructor',MRECmpImpl,7ec3efcb51f2270a56fd9179a79947a2a8d1a23531461ff6c01c33ba56817f72,"void * `scalar_deleting_destructor'(MRECmpImpl * this, uint param_1)",ghidra,clean,
WHGame.dll,release_1_5_1164953_841,0x178c4cc,155,FUN_18178c4cc,,,994362c59fa35cc5e93d68ecf16a1563719d64d79ef2d42bafb1309c99305d82,undefined FUN_18178c4cc(),ghidra,clean,
WHGame.dll,release_1_5_1164953_841,0x178c568,291,FUN_18178c568,,,e0c7d22940fe49e9ac091ca201b3b70faf744b99d36bcf6abdd94c7a6905909c,undefined FUN_18178c568(),ghidra,clean,
WHGame.dll,release_1_5_1164953_841,0x178c68c,153,FUN_18178c68c,,,55a1dcabd2085c137d22d2d072748cdb459b115eaadde1e2774292e4a37bf190,undefined FUN_18178c68c(),ghidra,clean,
WHGame.dll,release_1_5_1164953_841,0x178c700,234,FUN_18178c700,,,a6de6ea04eb3a153d7ae303a3ba530d14b0fe7ddd764da097f39f43057886eae,undefined FUN_18178c700(),ghidra,clean,
WHGame.dll,release_1_5_1164953_841,0x178c7ec,234,FUN_18178c7ec,,,38c6be5da85252c9f54cdf0f7ba1f6f12c94d176082d89b51278c12fad197db7,undefined FUN_18178c7ec(),ghidra,clean,
WHGame.dll,release_1_5_1164953_841,0x178c8d8,234,FUN_18178c8d8,,,56e4d6f3acd1d17af4f7ecf4ea39fccb86430b2c3bbed60b9f72359cabe39232,undefined FUN_18178c8d8(),ghidra,clean,
WHGame.dll,release_1_5_1164953_841,0x178c9c4,234,FUN_18178c9c4,,,743f6b3f0edfa9aaf66bdfd1c226071553f962774ab20833e27ad763f723a987,undefined FUN_18178c9c4(),ghidra,clean,
WHGame.dll,release_1_5_1164953_841,0x178cab0,44,FUN_18178cab0,,,22dd2493424b1b7285cb6ab50d1c743b446c6579c5eab11438149d78923c3c90,undefined FUN_18178cab0(),ghidra,clean,
WHGame.dll,release_1_5_1164953_841,0x178cadc,215,FUN_18178cadc,,,e45122317d26c94892cf6d4369e75884f4f3a8bd41b598479fac9ff7f44edcd7,undefined FUN_18178cadc(),ghidra,clean,
WHGame.dll,release_1_5_1164953_841,0x178cbb4,30,FUN_18178cbb4,,,6248397c606dff50d8c28fc97ffc689e1917ae39c2ddf25c11ba36f82f88fae8,undefined FUN_18178cbb4(),ghidra,clean,
WHGame.dll,release_1_5_1164953_841,0x178cbd4,30,FUN_18178cbd4,,,6866dcfdc09a8680b9543db23e1b0f2fece208b4ffcf27c3a0e62be2ad2fd8e9,undefined FUN_18178cbd4(),ghidra,clean,
WHGame.dll,release_1_5_1164953_841,0x178cbf4,161,FUN_18178cbf4,,,3d344d4b25158d4af53475317d3a89b39da434d596f4fbc3e2988b36df9bac33,undefined FUN_18178cbf4(),ghidra,clean,
WHGame.dll,release_1_5_1164953_841,0x178cc98,129,FUN_18178cc98,,,54b5c2828fb71349b737fed3f502d02caa58ee7db7d9c59f1f12325173c7dba8,undefined FUN_18178cc98(),ghidra,clean,
WHGame.dll,release_1_5_1164953_841,0x178cd1c,135,FUN_18178cd1c,,,c52ce4c0655acffa756e98c16fc022e7ef8e09df28dad860f0efe08a8bbbf3c2,undefined FUN_18178cd1c(),ghidra,clean,
WHGame.dll,release_1_5_1164953_841,0x178cda4,175,FUN_18178cda4,,,3953aa349faf48068be82677dccfbb508ca3536c656eff3681f650c1c2f6835e,undefined FUN_18178cda4(),ghidra,clean,
WHGame.dll,release_1_5_1164953_841,0x178ce54,307,FUN_18178ce54,,,0ae26fabba909050f5afb13cac8a792beed6d7e2f74797102994d399366c87eb,undefined FUN_18178ce54(),ghidra,clean,
WHGame.dll,release_1_5_1164953_841,0x178cef4,109,FUN_18178cef4,,,17b2bd7ffa87f33d94390afd226d4b5df419f6ec1ed77636af05ed17faf6b60e,undefined FUN_18178cef4(),ghidra,clean,
WHGame.dll,release_1_5_1164953_841,0x178cf64,113,FUN_18178cf64,,,4ed50726ab5b0ddee8e7804854b68605d304e8f235cf1ed1794c6886f6cfab71,undefined FUN_18178cf64(),ghidra,clean,
WHGame.dll,release_1_5_1164953_841,0x178cfc4,94,FUN_18178cfc4,,,52145df8acb9ee72c72974c20ebad682834501b74d0bd69126d1a286d8b7615c,undefined FUN_18178cfc4(),ghidra,clean,
WHGame.dll,release_1_5_1164953_841,0x178d018,325,FUN_18178d018,,,3ec91c1632fec0935512f5ea786747a86a1ce78082c81e3f54f5e3ca846a0d33,undefined FUN_18178d018(),ghidra,clean,
WHGame.dll,release_1_5_1164953_841,0x178d160,68,FUN_18178d160,,,0f50a4aa6ee5a6ac813e561609727080608f41afee1ed1a87ff453a2d1b8db0f,undefined FUN_18178d160(),ghidra,clean,
WHGame.dll,release_1_5_1164953_841,0x178d1a4,73,FUN_18178d1a4,,,f83a1e0a0cebe14ec2fd6fad239c6b215d51a07d510804148b846d0a95cf34c0,undefined FUN_18178d1a4(),ghidra,clean,
WHGame.dll,release_1_5_1164953_841,0x178d1f0,180,FUN_18178d1f0,,,6ccfbc207fb2ad93f54d3894c0c494698f601f2f599cebe4624e74263a535ded,undefined FUN_18178d1f0(),ghidra,clean,
WHGame.dll,release_1_5_1164953_841,0x178d2a4,180,FUN_18178d2a4,,,7516198768ae1a679d9c791c0720c6e8c23af8657aa49346d9d9b02b04a6b009,undefined FUN_18178d2a4(),ghidra,clean,
WHGame.dll,release_1_5_1164953_841,0x178d358,180,FUN_18178d358,,,76cf2b7e8ad615bd48e7e2fda4b49c7f9b94de817e4fd768bdaec392e1dfbecf,undefined FUN_18178d358(),ghidra,clean,
WHGame.dll,release_1_5_1164953_841,0x178d40c,180,FUN_18178d40c,,,bb024776b3a5e29a8d769da58594a58177b56279c3e8c88f018590219c9415f3,undefined FUN_18178d40c(),ghidra,clean,
WHGame.dll,release_1_5_1164953_841,0x178d4c0,180,FUN_18178d4c0,,,6fa9cf6254b6b260ecef0af51128e8cc7abb549b46b07afa999df523b37921db,undefined FUN_18178d4c0(),ghidra,clean,
WHGame.dll,release_1_5_1164953_841,0x178d574,5,thunk_FUN_18178d57c,,,b0d40b133b9394d93820ac0104b0065121d2d73df32c7bfb4e4cf5d805a8b103,undefined thunk_FUN_18178d57c(),ghidra,clean,
WHGame.dll,release_1_5_1164953_841,0x178d57c,252,FUN_18178d57c,,,7a5067296daad8778e4f0ed5fcc4b6ea5e5c3a7126aff5a1b181389f51c1c017,undefined FUN_18178d57c(),ghidra,clean,
WHGame.dll,release_1_5_1164953_841,0x178d678,109,FUN_18178d678,,,045eeaec09a3ee03a6f14436f86870c554c75dabd72e4516ec5e1854df669249,undefined FUN_18178d678(),ghidra,clean,
WHGame.dll,release_1_5_1164953_841,0x178d6e8,207,FUN_18178d6e8,,,50f49be633d54647f655f95cb910149281e24adbee70c13c84b6a28acfad4859,undefined FUN_18178d6e8(),ghidra,clean,
WHGame.dll,release_1_5_1164953_841,0x178d7b8,83,FUN_18178d7b8,,,203066e00def30c8b7119e481283e8e5335e697fb2e790c2e3ee7dc966143f58,undefined FUN_18178d7b8(),ghidra,clean,
WHGame.dll,release_1_5_1164953_841,0x178d7dc,380,FUN_18178d7dc,,,a358ca208576ddbb7f6c2b7fa09cfef00b6d2a97293064cc45311e79f7ccb909,undefined FUN_18178d7dc(),ghidra,clean,
WHGame.dll,release_1_5_1164953_841,0x178d958,26,FUN_18178d958,,,819234953c91d716a341edb10dcca2267107efa13f78881bbca64f4a7a11eeca,undefined FUN_18178d958(),ghidra,clean,
WHGame.dll,release_1_5_1164953_841,0x178d974,155,FUN_18178d974,,,b247736557838d3821bbb08ceb96975f2609d6f4e5d903cc5aca3a84dabca0a0,undefined FUN_18178d974(),ghidra,clean,
WHGame.dll,release_1_5_1164953_841,0x178da10,304,FUN_18178da10,,,4e754f4c2edbe31153efc748889ab75aa0d7f220b33eae52e82a3daae72ea95f,undefined FUN_18178da10(),ghidra,clean,
WHGame.dll,release_1_5_1164953_841,0x178db40,155,FUN_18178db40,,,2287b691e8b77cf5b1119b47f13b0b474b8a90d331e05ce8491cc878ada4df10,undefined FUN_18178db40(),ghidra,clean,
WHGame.dll,release_1_5_1164953_841,0x178dbdc,298,FUN_18178dbdc,,,b21c1aaddc3a18c7706351c160c4c167006956961ebc3c6cb6ddaef818ec3e23,undefined FUN_18178dbdc(),ghidra,clean,
WHGame.dll,release_1_5_1164953_841,0x178dd08,73,FUN_18178dd08,,,3dae697916c9c4680cd7243303d8a45f0453220fd32e029ae5d24f469a60241a,undefined FUN_18178dd08(),ghidra,clean,
WHGame.dll,release_1_5_1164953_841,0x178dd54,26,FUN_18178dd54,,,819234953c91d716a341edb10dcca2267107efa13f78881bbca64f4a7a11eeca,undefined FUN_18178dd54(),ghidra,clean,
WHGame.dll,release_1_5_1164953_841,0x178dd70,155,FUN_18178dd70,,,c68da05d799ae7b8f3198da8f47be0438eecf1d410bbb6304d52f9001fe9b610,undefined FUN_18178dd70(),ghidra,clean,
WHGame.dll,release_1_5_1164953_841,0x178de0c,311,FUN_18178de0c,,,08e75f7b3a11a6542a10a775239a120cbb40318d21c22246c43a5242d49c16b3,undefined FUN_18178de0c(),ghidra,clean,
WHGame.dll,release_1_5_1164953_841,0x178df44,52,FUN_18178df44,,,eba9de3f201b91344d144d9ba6c48fa873b69cee371f39af6c36c79762c4dd72,undefined FUN_18178df44(),ghidra,clean,
WHGame.dll,release_1_5_1164953_841,0x178df78,46,FUN_18178df78,,,79cc26857fc6e125a4b329b6c4e656fc946576541bf37e758a33bb11109f510e,undefined FUN_18178df78(),ghidra,clean,
WHGame.dll,release_1_5_1164953_841,0x178dfa8,77,FUN_18178dfa8,,,2a0b93070b62d4d8077b4b0110d23332092a4645190fa2cf447a9f1872d55b9c,undefined FUN_18178dfa8(),ghidra,clean,
WHGame.dll,release_1_5_1164953_841,0x178dfd8,364,FUN_18178dfd8,,,58f6b737c860ca2780d98a908087e365c906c10268d86ee8fed91a38c79ae7a7,undefined FUN_18178dfd8(),ghidra,clean,
WHGame.dll,release_1_5_1164953_841,0x178e144,373,FUN_18178e144,,,24a4e4e211790ef95810cbbb8b2858f8168fb01572a51b2d96514bd7c2e8ebeb,undefined FUN_18178e144(),ghidra,clean,
WHGame.dll,release_1_5_1164953_841,0x178e2bc,48,FUN_18178e2bc,,,3b587d2fc145e82fd6456ce6c3fde8b55f9bacc9ad7f5f61e5cbdc85833c7954,undefined FUN_18178e2bc(),ghidra,clean,
WHGame.dll,release_1_5_1164953_841,0x178e2f4,364,FUN_18178e2f4,,,ae4db5f4beadb715836c9ae079584286b083776976117e9fedc461ff5538993e,undefined FUN_18178e2f4(),ghidra,clean,
WHGame.dll,release_1_5_1164953_841,0x178e460,8,FUN_18178e460,,,24ff2a63c7ad40cfce33cc24a3cea26e3e4cb41fcdb0bb4d2e004e04b500897c,undefined FUN_18178e460(),ghidra,clean,
WHGame.dll,release_1_5_1164953_841,0x178e478,194,FUN_18178e478,,,6bbe1be69d0e1ffe60ebc94747a806634f31c23717207a1979b0da409fdd454d,undefined FUN_18178e478(),ghidra,clean,
WHGame.dll,release_1_5_1164953_841,0x178e53c,143,FUN_18178e53c,,,6ffb32a8ded6122ef22b2b51806b4be9cefe617c80a04399bd3de7efbb39fd83,undefined FUN_18178e53c(),ghidra,clean,
WHGame.dll,release_1_5_1164953_841,0x178e5c0,318,FUN_18178e5c0,,,face1c8842d1643d623bee838f76ef39cf65a2b5ae45917022eafb491a6923bf,undefined FUN_18178e5c0(),ghidra,clean,
WHGame.dll,release_1_5_1164953_841,0x178e700,14,FUN_18178e700,,,90db7221f8274a5b41b4c2dc3cc1a8a1b249139089cf46c16196d71cb49bc95f,undefined FUN_18178e700(),ghidra,clean,
WHGame.dll,release_1_5_1164953_841,0x178e710,31,FUN_18178e710,,,0e870499a3133c71e15d692d78afa49afa489b632d67e03c07425f37a3d1c328,undefined FUN_18178e710(),ghidra,clean,
WHGame.dll,release_1_5_1164953_841,0x178e730,36,FUN_18178e730,,,8a3a1cdfb378bd0cdfe7e2d7c03d11f48e4c0a0780925f3f95d7871e6f218b96,undefined FUN_18178e730(),ghidra,clean,
WHGame.dll,release_1_5_1164953_841,0x178e754,206,FUN_18178e754,,,59fb62a9d42aefe557a2be0b8146fcf39c71c1219ebfa3d356542ab43e7bdd4e,undefined FUN_18178e754(),ghidra,clean,
WHGame.dll,release_1_5_1164953_841,0x178e824,155,FUN_18178e824,,,f0d1556dd7a84cd94f5f85708484b1180e2c4b8d37797851bc3d5f3b12198a8d,undefined FUN_18178e824(),ghidra,clean,
WHGame.dll,release_1_5_1164953_841,0x178e8c0,291,FUN_18178e8c0,,,2190acb3ed8cb91714a725bdc75cb2e72322db81144328dfb62cc32b174a2a4b,undefined FUN_18178e8c0(),ghidra,clean,
WHGame.dll,release_1_5_1164953_841,0x178e9e4,155,FUN_18178e9e4,,,7aa095206ef36beb757145b8216c81cbede31c0a54423e9d8c62c110498fb306,undefined FUN_18178e9e4(),ghidra,clean,
WHGame.dll,release_1_5_1164953_841,0x178ea80,291,FUN_18178ea80,,,a4a78b02bd642f52d107e4fbd528526e4c2b469888d3ef752a0f16500d1b8a22,undefined FUN_18178ea80(),ghidra,clean,
WHGame.dll,release_1_5_1164953_841,0x178eba4,38,FUN_18178eba4,,,6fe76ccb324cdceeb3e57429c0360c99a11618cd1cb93965c0f6f577a7416f40,undefined FUN_18178eba4(),ghidra,clean,
WHGame.dll,release_1_5_1164953_841,0x178ebcc,155,FUN_18178ebcc,,,a75438c6a38dc661ee566b121185d7b3e0cda54460c0d5e96aba9ff29edad42c,undefined FUN_18178ebcc(),ghidra,clean,
WHGame.dll,release_1_5_1164953_841,0x178ec68,291,FUN_18178ec68,,,0f525b8bcdc7b97a6edf924e0326eff3cf768cac066381abfc7700eac90a08b7,undefined FUN_18178ec68(),ghidra,clean,
WHGame.dll,release_1_5_1164953_841,0x178ed8c,155,FUN_18178ed8c,,,b562ddbba696094135fbfdbeed1f2677fc9cc956dfec54aec3d6d8cc68918665,undefined FUN_18178ed8c(),ghidra,clean,
WHGame.dll,release_1_5_1164953_841,0x178ee28,291,FUN_18178ee28,,,75cdba6437e9356ffe80335d7b355c0b1b37f146101aedba8b125f12cf7cbe61,undefined FUN_18178ee28(),ghidra,clean,
WHGame.dll,release_1_5_1164953_841,0x178ef4c,34,FUN_18178ef4c,,,bb804c00a33489c9eb9727c87f2f34597571a93a4915b3a1957e57215fa28bb2,undefined FUN_18178ef4c(),ghidra,clean,
WHGame.dll,release_1_5_1164953_841,0x178ef70,90,FUN_18178ef70,,,16645f2f451a544a4160814250c08cd12acf903b2d06e3ec2653b7aa24ee9962,undefined FUN_18178ef70(),ghidra,clean,
WHGame.dll,release_1_5_1164953_841,0x178efcc,98,FUN_18178efcc,,,95a73f60693c6f50e386d7150ad178885e7bfce29e394eb5169998d25f465995,undefined FUN_18178efcc(),ghidra,clean,
WHGame.dll,release_1_5_1164953_841,0x178f034,180,FUN_18178f034,,,8d5b3bb86a34230c398bd3ef97ee4784310c27fa04aaea779a084aa8492350af,undefined FUN_18178f034(),ghidra,clean,
WHGame.dll,release_1_5_1164953_841,0x178f0e8,180,FUN_18178f0e8,,,34b1a7c973ce290e344ac11639700895d95a0255a76a701f571b9db68bceadd1,undefined FUN_18178f0e8(),ghidra,clean,
WHGame.dll,release_1_5_1164953_841,0x178f19c,180,FUN_18178f19c,,,603aabd562386ba2ccda4735ffc75e5dd9232d4c0c81c9cbcc1b8a75bd2e4ad6,undefined FUN_18178f19c(),ghidra,clean,
WHGame.dll,release_1_5_1164953_841,0x178f250,180,FUN_18178f250,,,6e89857ae1764b87f040af3248d6c33ca281f7937f0ff805ad66c0ec239e2b74,undefined FUN_18178f250(),ghidra,clean,
WHGame.dll,release_1_5_1164953_841,0x178f304,144,FUN_18178f304,,,fbe8f746b77a1d71aa013742c2e158a22c00684bcac9aa3672c778baef645164,undefined FUN_18178f304(),ghidra,clean,
WHGame.dll,release_1_5_1164953_841,0x178f394,36,FUN_18178f394,,,3310c51979681a332db916d6620b49ed569e8f60a4152e828ece4c9409cd0530,undefined FUN_18178f394(),ghidra,clean,
WHGame.dll,release_1_5_1164953_841,0x178f3b8,207,FUN_18178f3b8,,,f5edcdad62e1ec0313f33223aba0936981f0dc0ff1d435ecbab39d267af6cd37,undefined FUN_18178f3b8(),ghidra,clean,
WHGame.dll,release_1_5_1164953_841,0x178f474,56,FUN_18178f474,,,da4d33a27845b0adcc23e0c9305514e0badfd1e3452a3f5ede261129d392e513,undefined FUN_18178f474(),ghidra,clean,
WHGame.dll,release_1_5_1164953_841,0x178f4ac,43,FUN_18178f4ac,,,2d61140159a95205dd220c1db2fb98653bc386be4e0ea7c1dc091c052acd7a07,undefined FUN_18178f4ac(),ghidra,clean,
WHGame.dll,release_1_5_1164953_841,0x178f4d8,92,FUN_18178f4d8,,,f89d070499b254db06e0029839d788a9affa0adf543a444ad8066f2cb560b624,undefined FUN_18178f4d8(),ghidra,clean,
WHGame.dll,release_1_5_1164953_841,0x178f504,121,FUN_18178f504,,,388c483712b1a4c6a439f1b56f9b1192698e44d89d6efb79e8fd9eb64c8ee21f,undefined FUN_18178f504(),ghidra,clean,
WHGame.dll,release_1_5_1164953_841,0x178f580,125,FUN_18178f580,,,557d0610e79366147cae544fd2184e8bae1ae5a09a999927f1efdc5220e5e0db,undefined FUN_18178f580(),ghidra,clean,
WHGame.dll,release_1_5_1164953_841,0x178f600,83,FUN_18178f600,,,5561e0848c2d7abde61e94a17d48f10f740c32f11f3b0d6e4c05b3e990a29d60,undefined FUN_18178f600(),ghidra,clean,
WHGame.dll,release_1_5_1164953_841,0x178f654,78,FUN_18178f654,,,538cfcb4f2d2b474e0bf04fd2201fbfd9ab8a56d50656013264e110c8bfa915b,undefined FUN_18178f654(),ghidra,clean,
WHGame.dll,release_1_5_1164953_841,0x178f680,47,FUN_18178f680,,,72330228b25255de3c60178d6941e060c81adb090f934593d1bb61fae3ed265c,undefined FUN_18178f680(),ghidra,clean,
WHGame.dll,release_1_5_1164953_841,0x178f6b0,33,FUN_18178f6b0,,,1c361ca064685f3ba8e531f64e35de47e36e98ee267fa07ddf48dc587288b5b3,undefined FUN_18178f6b0(),ghidra,clean,
WHGame.dll,release_1_5_1164953_841,0x178f6d4,30,FUN_18178f6d4,,,858c11c20e8548372909d9b7fa17bf8cfd0eda0fdfc2133906b4a4ea9edc73e8,undefined FUN_18178f6d4(),ghidra,clean,
WHGame.dll,release_1_5_1164953_841,0x178f6f4,384,FUN_18178f6f4,,,8769c5b315bc77ab025c43691f6851bc7a1e6573d729048b52dac1b3bedc0cff,undefined FUN_18178f6f4(),ghidra,clean,
WHGame.dll,release_1_5_1164953_841,0x178f878,141,FUN_18178f878,,,5414f101a81ee0d5ddeb6e5a9afaf88348d59649cb3ff7f9b154b89e04ccaa04,undefined FUN_18178f878(),ghidra,clean,
WHGame.dll,release_1_5_1164953_841,0x178f908,121,FUN_18178f908,,,62f98e63a53c88c24f04e5f8ef14a32d93e2313b0897fd5c5f6ddce9804c5538,undefined FUN_18178f908(),ghidra,clean,
WHGame.dll,release_1_5_1164953_841,0x178f984,108,FUN_18178f984,,,654d6c2ce0d59024c4dde55075b968bb70922c0e765a06330a5f20af4c7760a1,undefined FUN_18178f984(),ghidra,clean,
WHGame.dll,release_1_5_1164953_841,0x178f9f4,52,FUN_18178f9f4,,,3d3c2e6e5f668610a9be79f4cd4fff6b7615cb9bce8cd78f91bb0e0171c7c81c,undefined FUN_18178f9f4(),ghidra,clean,
WHGame.dll,release_1_5_1164953_841,0x178fa28,52,FUN_18178fa28,,,3d060354f40edf351e46f76bdbfbc71116def241ebd341a181fa77c9d8a9600f,undefined FUN_18178fa28(),ghidra,clean,
WHGame.dll,release_1_5_1164953_841,0x178fa5c,106,FUN_18178fa5c,,,d4cbbf5d3d4ffed1ebe41c6edd01ee10a99c578231a7229f20f9cad3b6a61197,undefined FUN_18178fa5c(),ghidra,clean,
WHGame.dll,release_1_5_1164953_841,0x178fac8,154,FUN_18178fac8,,,803f6de4fc38b56cf3f30aeae7c0becf3dbf1cd9db1aa2a1749c7859b17a1cc2,undefined FUN_18178fac8(),ghidra,clean,
WHGame.dll,release_1_5_1164953_841,0x178fb64,64,FUN_18178fb64,,,a7ce8af239e486d4fd703557092c939b03c4e501e42b5db434a83d73c8613c2f,undefined FUN_18178fb64(),ghidra,clean,
WHGame.dll,release_1_5_1164953_841,0x178fba4,67,FUN_18178fba4,,,c98ec21645c277ae6c02dc42fcf9416f5abf72e2500dbf71379ddab9ecb2c4bd,undefined FUN_18178fba4(),ghidra,clean,
WHGame.dll,release_1_5_1164953_841,0x178fbe8,41,FUN_18178fbe8,,,33e03b77cda646db3cf8bbcf6bfbcd94fde21dd0506c8d0aea3cbf120337c672,undefined FUN_18178fbe8(),ghidra,clean,
WHGame.dll,release_1_5_1164953_841,0x178fc14,41,FUN_18178fc14,,,5bff08d563102807be2266e1c8ceb4d46faec859181552b56ec7ecdca5205eaf,undefined FUN_18178fc14(),ghidra,clean,
WHGame.dll,release_1_5_1164953_841,0x178fc40,61,FUN_18178fc40,,,fa8f8da90c4f49193be6013db2d87bd9c9126a9c9ca3199b8fd4261e47ef7846,undefined FUN_18178fc40(),ghidra,clean,
WHGame.dll,release_1_5_1164953_841,0x178fc80,14,FUN_18178fc80,,,65a6820fa75315a20bdcb7d273b9c8568bcbe2ba18d8954f374cb591eafa86c5,undefined FUN_18178fc80(),ghidra,clean,
WHGame.dll,release_1_5_1164953_841,0x178fc90,7,FUN_18178fc90,,,20ad9c753773fa3af6a878c07f18b222a2893aa1c587292ca14c81ae917f9a96,undefined FUN_18178fc90(),ghidra,clean,
WHGame.dll,release_1_5_1164953_841,0x178fc98,106,FUN_18178fc98,,,3574823cfefe6a20accbea4613a26583dc7ce18ea2c8a97d88c83e1d9126f6fd,undefined FUN_18178fc98(),ghidra,clean,
WHGame.dll,release_1_5_1164953_841,0x178fd08,9,FUN_18178fd08,,,944d51ad5893860a6f0adf735cc545cc33eae0613dbb1b788d01b8d419b71341,undefined FUN_18178fd08(),ghidra,clean,
WHGame.dll,release_1_5_1164953_841,0x178fd20,12,FUN_18178fd20,,,14bb5c306d8dfdcbcc2da810e63f5cc2a2d07815fb7cf3e5b54d1102636c05f3,undefined FUN_18178fd20(),ghidra,clean,
WHGame.dll,release_1_5_1164953_841,0x178fd2c,593,FUN_18178fd2c,,,f6656e5ca0817534b0b98f8aea534706b012ea3d4e3fc6fa0cbb42b79a9233f1,undefined FUN_18178fd2c(),ghidra,clean,
WHGame.dll,release_1_5_1164953_841,0x178fe74,130,FUN_18178fe74,,,38931871d7ae69a5d57b0f80bca41294797b7d8c6ef49ece66678cd799d1a85a,undefined FUN_18178fe74(),ghidra,clean,
WHGame.dll,release_1_5_1164953_841,0x178fef8,148,FUN_18178fef8,,,7dd4cbca8c301b196d1f5e05407eb6cfa3b86bc76e9000fd1edee77ae69b22ad,undefined FUN_18178fef8(),ghidra,clean,
WHGame.dll,release_1_5_1164953_841,0x178ff8c,282,FUN_18178ff8c,,,31767e0d3fed16ef36ba70a1be3f622c66a609dbd7f7975eb2701c2d05e422da,undefined FUN_18178ff8c(),ghidra,clean,
WHGame.dll,release_1_5_1164953_841,0x17900a8,125,FUN_1817900a8,,,30c3fdc0d0ba740ee3d44e613a4e0144aea5f45017224adb519b97d2a5f2ea0b,undefined FUN_1817900a8(),ghidra,clean,
WHGame.dll,release_1_5_1164953_841,0x1790128,222,FUN_181790128,,,ce1a96bf8fe686d9e5a14ec1bb2980f2df74871c63ddafb447f41d57ddb5100c,undefined FUN_181790128(),ghidra,clean,
WHGame.dll,release_1_5_1164953_841,0x1790208,117,FUN_181790208,,,574e3f4c995972c735564b9e726f5ad5fdaefbe6a030222b51480050d2e2e94f,undefined FUN_181790208(),ghidra,clean,
WHGame.dll,release_1_5_1164953_841,0x1790280,26,FUN_181790280,,,8b995ed9d37dcb6b219801d8d3d05ffb634867daf73d423edb6d7471e837db2c,undefined FUN_181790280(),ghidra,clean,
WHGame.dll,release_1_5_1164953_841,0x179029c,63,FUN_18179029c,,,8820a0ef7f998d293566d1714732466515b9aecc2ba837fc39c073da2dc0a242,undefined FUN_18179029c(),ghidra,clean,
WHGame.dll,release_1_5_1164953_841,0x17902dc,351,FUN_1817902dc,,,e82bec39053981eeacfb0c4bf8dbcba2404485d4681f5353d7381a1e838a8cb3,undefined FUN_1817902dc(),ghidra,clean,
WHGame.dll,release_1_5_1164953_841,0x179043c,66,FUN_18179043c,,,0885fb8211573b09c7da8b9435e8c7af84f41475a976acf88ef4cfb24faffd86,undefined FUN_18179043c(),ghidra,clean,
WHGame.dll,release_1_5_1164953_841,0x1790480,66,FUN_181790480,,,5e6a8b236e2984bad81658da5a3f1380c5dbe58bd29bb6737a4aede36cf2c143,undefined FUN_181790480(),ghidra,clean,
WHGame.dll,release_1_5_1164953_841,0x17904c4,26,FUN_1817904c4,,,819234953c91d716a341edb10dcca2267107efa13f78881bbca64f4a7a11eeca,undefined FUN_1817904c4(),ghidra,clean,
WHGame.dll,release_1_5_1164953_841,0x17904e0,155,FUN_1817904e0,,,3012a7b12b01025a73b2de13bae3d20771fc54f700fbd7290b72386ecd3640e6,undefined FUN_1817904e0(),ghidra,clean,
WHGame.dll,release_1_5_1164953_841,0x179057c,304,FUN_18179057c,,,c8c91fc4bb2904613ebcf4697b86c3512db752959ae12e0a595baa378a1d3774,undefined FUN_18179057c(),ghidra,clean,
WHGame.dll,release_1_5_1164953_841,0x17906ac,155,FUN_1817906ac,,,d37934adb45d4a4142499cd185afb88fe17b6f4aba80f7fc52c52d4e284272fd,undefined FUN_1817906ac(),ghidra,clean,
WHGame.dll,release_1_5_1164953_841,0x1790748,298,FUN_181790748,,,550b1f4467a20921961bc354997790d7b79ba866aa2a977363d559058a86aecf,undefined FUN_181790748(),ghidra,clean,
WHGame.dll,release_1_5_1164953_841,0x1790874,249,FUN_181790874,,,8c4aec3f0014691f9b27c75be534ad729649f8292b6268846969387b3da14615,undefined FUN_181790874(),ghidra,clean,
WHGame.dll,release_1_5_1164953_841,0x1790970,145,FUN_181790970,,,34cb1164ec9ef79cd33142e1467339f900b6d943fe5da3f3d39d31de808afa6d,undefined FUN_181790970(),ghidra,clean,
WHGame.dll,release_1_5_1164953_841,0x17909e4,365,FUN_1817909e4,,,5cc3da831de0bd1107c32381ac253675c61f0efb3e4a26ffbc9a0cbbb4b0d889,undefined FUN_1817909e4(),ghidra,clean,
WHGame.dll,release_1_5_1164953_841,0x1790b54,117,FUN_181790b54,,,a6884310d75f8db1562f8cb58dcfa96f4a09a940d69a77406611a414f440f3ef,undefined FUN_181790b54(),ghidra,clean,
WHGame.dll,release_1_5_1164953_841,0x1790bcc,262,FUN_181790bcc,,,3b7e9556c80055ef6f118e40483d2832d6fb57d343b6142576199f9d412f6893,undefined FUN_181790bcc(),ghidra,clean,
WHGame.dll,release_1_5_1164953_841,0x1790c20,580,FUN_181790c20,,,1d291bdc8615f994b40ef4ce8dc0277bb2880829080cdf989b87943526284b8b,undefined FUN_181790c20(),ghidra,clean,
WHGame.dll,release_1_5_1164953_841,0x1790dc8,118,FUN_181790dc8,,,687491ab6ebd79ac11c737645ab692259d427fd049dd72b07141cc888d760b07,undefined FUN_181790dc8(),ghidra,clean,
WHGame.dll,release_1_5_1164953_841,0x1790e08,206,FUN_181790e08,,,60e6e4855bd090a74b835d1fef76f47aeeb1eaf6489e10b6761a067a21356a1c,undefined FUN_181790e08(),ghidra,clean,
WHGame.dll,release_1_5_1164953_841,0x1790ed8,107,FUN_181790ed8,,,1b436dbc800e25729a71acbfa4be8f9807a5c89cad8ceb2214cf3a56bdf7ec91,undefined FUN_181790ed8(),ghidra,clean,
WHGame.dll,release_1_5_1164953_841,0x1790f44,522,FUN_181790f44,,,c1e281437f18fabc8a26e3c2e27e7ce8e9c895d4e0bdf4215a95c121d574bd2e,undefined FUN_181790f44(),ghidra,clean,
WHGame.dll,release_1_5_1164953_841,0x1791088,26,FUN_181791088,,,819234953c91d716a341edb10dcca2267107efa13f78881bbca64f4a7a11eeca,undefined FUN_181791088(),ghidra,clean,
WHGame.dll,release_1_5_1164953_841,0x17910a4,155,FUN_1817910a4,,,39f9aafc1668c454fb35971b1f2f4f71758553b61c80f62734526c45fbf0e053,undefined FUN_1817910a4(),ghidra,clean,
WHGame.dll,release_1_5_1164953_841,0x1791140,304,FUN_181791140,,,0742bcb42bec743674e9a4e2dfc03b36ba08d3b3eaa2107d3da30535fb30c6b0,undefined FUN_181791140(),ghidra,clean,
WHGame.dll,release_1_5_1164953_841,0x1791270,155,FUN_181791270,,,dd08e65390a95a5fb980f5292e534bd6a11debbe1063024041f73832b2d83f8a,undefined FUN_181791270(),ghidra,clean,
WHGame.dll,release_1_5_1164953_841,0x179130c,298,FUN_18179130c,,,3719d729207015c7be6010e2ab20f455c2246bf77ed3268898d3dfe0896c766c,undefined FUN_18179130c(),ghidra,clean,
WHGame.dll,release_1_5_1164953_841,0x1791438,160,FUN_181791438,,,a843840e2393dcde3a660fe9192a820ae097c42974bb56957ad4239b8fa0dd2f,undefined FUN_181791438(),ghidra,clean,
WHGame.dll,release_1_5_1164953_841,0x17914d8,35,FUN_1817914d8,,,7dd181b77f24207d522df07d9cad44e573d6feca799327b7d8c78a50fa7e679f,undefined FUN_1817914d8(),ghidra,clean,
WHGame.dll,release_1_5_1164953_841,0x17914fc,35,FUN_1817914fc,,,fb3859b2b19b7a0d4e27e5bd359dd4618a5b45882aeeb763b5c195a8b44989d9,undefined FUN_1817914fc(),ghidra,clean,
WHGame.dll,release_1_5_1164953_841,0x1791520,157,FUN_181791520,,,9226a88380b6887955c0622dbae25559c326f088391d99372f3075ddd4b19a53,undefined FUN_181791520(),ghidra,clean,
WHGame.dll,release_1_5_1164953_841,0x17915c0,145,FUN_1817915c0,,,475d29a503e0f6fa99316cf2a81b0d03d0c8ec180577e16a8472ae6550f5aed2,undefined FUN_1817915c0(),ghidra,clean,
WHGame.dll,release_1_5_1164953_841,0x1791654,186,FUN_181791654,,,bb039caebede2619dab215ce555bb0b5325da5262cc10c665ca0db48998782de,undefined FUN_181791654(),ghidra,clean,
WHGame.dll,release_1_5_1164953_841,0x1791710,186,FUN_181791710,,,82f0f15cb125e926b453ff24fa815c509401f93a2331a3a780f6fa9d272e2440,undefined FUN_181791710(),ghidra,clean,
WHGame.dll,release_1_5_1164953_841,0x17917cc,170,FUN_1817917cc,,,1810a804c0ae9acd50a4998481f09eba0cf12f4f0f70c5ae50062aff19276735,undefined FUN_1817917cc(),ghidra,clean,
WHGame.dll,release_1_5_1164953_841,0x1791878,173,FUN_181791878,,,ca14dbb54af4fab1c587cd22af5d083545ad51f72ab65538476ffa9db1a4a4cc,undefined FUN_181791878(),ghidra,clean,
WHGame.dll,release_1_5_1164953_841,0x1791928,129,FUN_181791928,,,46120ed0a152ade49e85cb9122776117d68af38b9d573ee90e63123412bb80ba,undefined FUN_181791928(),ghidra,clean,
WHGame.dll,release_1_5_1164953_841,0x17919ac,151,FUN_1817919ac,,,a1569d1cf4c71de27c6ae03333ddfcbfcfabdbc0d2ad651989581e32bb4b007b,undefined FUN_1817919ac(),ghidra,clean,
WHGame.dll,release_1_5_1164953_841,0x1791a44,129,FUN_181791a44,,,c50083e95794a6ff4c608649cd7f27bc432978fe63f1d127e2715dc257e33873,undefined FUN_181791a44(),ghidra,clean,
WHGame.dll,release_1_5_1164953_841,0x1791ae4,1034,FUN_181791ae4,,,939924a45018f271defc9a3583fc9e7ebe87a89a943ef09c8463bf80ea098700,undefined FUN_181791ae4(),ghidra,clean,
WHGame.dll,release_1_5_1164953_841,0x1791f00,30,FUN_181791f00,,,774963e2037e85a4d49f3f682117601740413ea7c16aca22a88126f8d0f9a627,undefined FUN_181791f00(),ghidra,clean,
WHGame.dll,release_1_5_1164953_841,0x1791f20,180,FUN_181791f20,,,5941f1573ff86abc31bfcfdfc910dc7738f0273a703cc8a444d122d813184c02,undefined FUN_181791f20(),ghidra,clean,
WHGame.dll,release_1_5_1164953_841,0x1791fd4,180,FUN_181791fd4,,,25235453ceaa2d4f257a81525f7457416e2e6c10891aa7ad8a97545066735a37,undefined FUN_181791fd4(),ghidra,clean,
WHGame.dll,release_1_5_1164953_841,0x1792088,180,FUN_181792088,,,4c7d44a2fe33e6fdfa41894b372d0d02d85cd2716c364c682d935d9363fd6af8,undefined FUN_181792088(),ghidra,clean,
WHGame.dll,release_1_5_1164953_841,0x179213c,180,FUN_18179213c,,,14ebeb7f59628275b260cbbdf67523f50da345d0603bea801b3e9aacc75d8d78,undefined FUN_18179213c(),ghidra,clean,
WHGame.dll,release_1_5_1164953_841,0x17921f0,180,FUN_1817921f0,,,7636b1a10a81e8365bff5366c2c0d3d7caa5b75e3e20b717fb3eefe114e4ae6f,undefined FUN_1817921f0(),ghidra,clean,
WHGame.dll,release_1_5_1164953_841,0x17922a4,180,FUN_1817922a4,,,3c31bdc349bae536fe5aa7edb8ba08a3b0e4db1a520a514c6c6d7c0ad94aec63,undefined FUN_1817922a4(),ghidra,clean,
WHGame.dll,release_1_5_1164953_841,0x1792358,180,FUN_181792358,,,7d84add9b0cca2d79d37c200eaa9e8cef176f67cf0d0eba01a27e0a264720750,undefined FUN_181792358(),ghidra,clean,
WHGame.dll,release_1_5_1164953_841,0x179240c,155,FUN_18179240c,,,7042134be3c5cf1b9642a6401b81a8c99d7e0cd0078dae35ce4edd921eaec5b0,undefined FUN_18179240c(),ghidra,clean,
WHGame.dll,release_1_5_1164953_841,0x17924a8,291,FUN_1817924a8,,,9233adbf64321324b7ecd64efad45d99fd668d81f22b6eec043f2b5289a025cc,undefined FUN_1817924a8(),ghidra,clean,
WHGame.dll,release_1_5_1164953_841,0x17925cc,155,FUN_1817925cc,,,1dcc7e4758e875ad7d74f2d36c188f4682f2a55bfe9fa624d944c2724d5c3aed,undefined FUN_1817925cc(),ghidra,clean,
WHGame.dll,release_1_5_1164953_841,0x1792668,291,FUN_181792668,,,7d68e5762e270cda11c2491f9fabd9f0ee38cc214b7911de4ca5601961d55a9d,undefined FUN_181792668(),ghidra,clean,
WHGame.dll,release_1_5_1164953_841,0x179278c,155,FUN_18179278c,,,173337947fb58dbb7d3837f83ded37698c11dde008ab500355a8cec54dc4a24a,undefined FUN_18179278c(),ghidra,clean,
WHGame.dll,release_1_5_1164953_841,0x1792828,291,FUN_181792828,,,6c4f116c94d87fb75127b4d14aa2385bb6f621c9d42a8a1e421fa13778f5870f,undefined FUN_181792828(),ghidra,clean,
WHGame.dll,release_1_5_1164953_841,0x179294c,62,FUN_18179294c,,,ea64fec47fd59885d799be946ab2f3bc7559ef0dff28718b4b3f8ce08872717b,undefined FUN_18179294c(),ghidra,clean,
WHGame.dll,release_1_5_1164953_841,0x1792978,43,FUN_181792978,,,f5eefb58f33788e13db2be8edd652e5fc0248ca9e67c7937e6b2896b84bfe2b5,undefined FUN_181792978(),ghidra,clean,
WHGame.dll,release_1_5_1164953_841,0x17929a4,176,FUN_1817929a4,,,29e2df9554d27d33193ab72b81ee30150b311d2a0e1c61762a86dddf164dd36e,undefined FUN_1817929a4(),ghidra,clean,
WHGame.dll,release_1_5_1164953_841,0x1792a54,168,FUN_181792a54,,,b50870963ef7719d9bba84fa95dc3cc10b371c1e1c5914d9bf5c3eaf60909f95,undefined FUN_181792a54(),ghidra,clean,
WHGame.dll,release_1_5_1164953_841,0x1792b00,98,FUN_181792b00,,,7e8f4f7aa8b706f929c9793e0ec4b040a71d0c03e00d42166cbf337bb2e75926,undefined FUN_181792b00(),ghidra,clean,
WHGame.dll,release_1_5_1164953_841,0x1792b64,155,FUN_181792b64,,,2c07cd6860f417ab739b41274038c4a3ff1650cf291e1b7b79b0a0a26f7d99b8,undefined FUN_181792b64(),ghidra,clean,
WHGame.dll,release_1_5_1164953_841,0x1792c00,291,FUN_181792c00,,,244869f300a17cac138e8394d63901d469f41e2d83300b80fd4dd8c397800dcc,undefined FUN_181792c00(),ghidra,clean,
WHGame.dll,release_1_5_1164953_841,0x1792d24,416,FUN_181792d24,,,fe39dce9a68d96a519651510bd990d0b3fc6c5fbc985aec6c1fdd1beecdbf9d7,undefined FUN_181792d24(),ghidra,clean,
WHGame.dll,release_1_5_1164953_841,0x1792ec4,168,FUN_181792ec4,,,95cf4a4da3b22f7206ec697f185e19ba7756113ed500bb383963ffb331eae490,undefined FUN_181792ec4(),ghidra,clean,
WHGame.dll,release_1_5_1164953_841,0x1792f6c,390,FUN_181792f6c,,,d744dbd0613bf5b7f2e9708428ba2c33edec1c1ed7369be1779ef82ca2201287,undefined FUN_181792f6c(),ghidra,clean,
WHGame.dll,release_1_5_1164953_841,0x17930e8,418,FUN_1817930e8,,,686b065b22f3b8ac21b131a00a8731388662bdbd143c7b84af5c980d807abf52,undefined FUN_1817930e8(),ghidra,clean,
WHGame.dll,release_1_5_1164953_841,0x179328c,88,FUN_18179328c,,,b65e017acb2d63ea0b39e160a7a878c9ed9615ab5c1a7e6a5da758b47f5c0d75,undefined FUN_18179328c(),ghidra,clean,
WHGame.dll,release_1_5_1164953_841,0x17932e4,201,FUN_1817932e4,,,b040be8da47e4c217540954f61612444c142dabb75c15c02ba8f56fb7ea6769e,undefined FUN_1817932e4(),ghidra,clean,
WHGame.dll,release_1_5_1164953_841,0x17933a0,26,FUN_1817933a0,,,4afddc99a1035c6bd7e516fbc0edaeadf322d171a7836ec49bce373203fc4cd5,undefined FUN_1817933a0(),ghidra,clean,
WHGame.dll,release_1_5_1164953_841,0x17933bc,155,FUN_1817933bc,,,8ca03af0428fca62c773406e01ece3bc5b28cf222d99a35aa795b757c5bfc615,undefined FUN_1817933bc(),ghidra,clean,
WHGame.dll,release_1_5_1164953_841,0x1793458,291,FUN_181793458,,,a411b8cb0f7b557c816b60fc64487d46d07323fec9ac528760a9fa08e035a10e,undefined FUN_181793458(),ghidra,clean,
WHGame.dll,release_1_5_1164953_841,0x179357c,37,FUN_18179357c,,,a588fe9277c0c2eb8be6d44dadd0ee833382daab3d76f54f474c7ebd061b3539,undefined FUN_18179357c(),ghidra,clean,
WHGame.dll,release_1_5_1164953_841,0x17935a4,16,FUN_1817935a4,,,164e8b3ebc493a21e4fe1b60a6c7f7d8baec44d1f5d7bed5b1fc510919735237,undefined FUN_1817935a4(),ghidra,clean,
WHGame.dll,release_1_5_1164953_841,0x17935b4,214,FUN_1817935b4,,,492818f4fb49758e19ef36c1baf9474216237e102d4084cb066b1ef27128af00,undefined FUN_1817935b4(),ghidra,clean,
WHGame.dll,release_1_5_1164953_841,0x179368c,558,FUN_18179368c,,,96a1f8d1dfa5253f22a421534e37862806c83116c147ca366e23ae4a4e3149e2,undefined FUN_18179368c(),ghidra,clean,
WHGame.dll,release_1_5_1164953_841,0x17938bc,197,FUN_1817938bc,,,f32b3a45066f7fc44b515ef82b8a0c58e4bdfcde7d12c0791f239effe0416896,undefined FUN_1817938bc(),ghidra,clean,
WHGame.dll,release_1_5_1164953_841,0x1793984,374,FUN_181793984,,,49ae6fa6acb0494cf31dcff13e8e54a438d24cbde8f60fe2a34d6c86a7d720fc,undefined FUN_181793984(),ghidra,clean,
WHGame.dll,release_1_5_1164953_841,0x1793afc,197,FUN_181793afc,,,fa45297fd4896c294853e7f509b4a348694d798602d583f93734b28607bd24b5,undefined FUN_181793afc(),ghidra,clean,
WHGame.dll,release_1_5_1164953_841,0x1793bc4,374,FUN_181793bc4,,,5781ad13c98de90f009322b3e7e85697f4a0c9dd9daca64ba0fd6ba40c0b3ddc,undefined FUN_181793bc4(),ghidra,clean,
WHGame.dll,release_1_5_1164953_841,0x1793d3c,224,FUN_181793d3c,,,df5f2d8afb740e4df1467bab799460aebb17cec7e1ba41cce341e37e9c29d9f6,undefined FUN_181793d3c(),ghidra,clean,
WHGame.dll,release_1_5_1164953_841,0x1793e20,81,FUN_181793e20,,,00c928aaae997af236ba68c63ac496c1ad39c4f40b96a0517c10f37809b8fc0a,undefined FUN_181793e20(),ghidra,clean,
WHGame.dll,release_1_5_1164953_841,0x1793e54,69,FUN_181793e54,,,849aeecfc39a3dfcaa9d3e0710ff9ecb7a5876ffaa1737014fde804283396652,undefined FUN_181793e54(),ghidra,clean,
WHGame.dll,release_1_5_1164953_841,0x1793e9c,173,FUN_181793e9c,,,d8907fe1a988df5d9e85598f50247bbdd852466c589cf7b9c24a9630f7e680ea,undefined FUN_181793e9c(),ghidra,clean,
WHGame.dll,release_1_5_1164953_841,0x1793f08,180,FUN_181793f08,,,2b35ee46c0f0aa06d948a80ff9f725e5bb6704583e2c6c3f784f25be05a1dd25,undefined FUN_181793f08(),ghidra,clean,
WHGame.dll,release_1_5_1164953_841,0x1793fbc,190,FUN_181793fbc,,,0dfc4254fc2033cbc644e22177077b601ce9e964076907f3f1c1c84727acb8cb,undefined FUN_181793fbc(),ghidra,clean,
WHGame.dll,release_1_5_1164953_841,0x179407c,190,FUN_18179407c,,,dbaa3381bcf30d4175ccd27a138b89e9ed5f2af3945ece7bf2c535e138db396c,undefined FUN_18179407c(),ghidra,clean,
WHGame.dll,release_1_5_1164953_841,0x179413c,356,FUN_18179413c,,,8d2eebc685039b03dc5881bbeedc674a1debafc9cd03b434ccbf0fd324c3cff6,undefined FUN_18179413c(),ghidra,clean,
WHGame.dll,release_1_5_1164953_841,0x17942a4,144,FUN_1817942a4,,,26941a9757e854ea5d8759a45eb21f73501802fe17b92621441240c594f278b2,undefined FUN_1817942a4(),ghidra,clean,
WHGame.dll,release_1_5_1164953_841,0x1794334,114,FUN_181794334,,,af2bfe40754b625d3b02650256a6f88d4bd1b00f0a2e68b89de51768557b6983,undefined FUN_181794334(),ghidra,clean,
WHGame.dll,release_1_5_1164953_841,0x17943a8,56,FUN_1817943a8,,,5ec1f31160d3efdc54dde967faed23c26e901577ef62b2c982f8ed8965ec7b54,undefined FUN_1817943a8(),ghidra,clean,
WHGame.dll,release_1_5_1164953_841,0x17943e0,55,FUN_1817943e0,,,7dc45b0e7b0ee6e551a0d1ffeaf619e9e7a1715cfd0b02df6e5366a587336601,undefined FUN_1817943e0(),ghidra,clean,
WHGame.dll,release_1_5_1164953_841,0x1794408,163,FUN_181794408,,,d950aa74c43aab07997cb31a8f802acee3b1a1d8ba63dc074fb71c8d7393ac73,undefined FUN_181794408(),ghidra,clean,
WHGame.dll,release_1_5_1164953_841,0x17944a4,145,FUN_1817944a4,,,7d3bc701f9660a05c3c497178892c5633465fd833520896052c277db7dbb5adc,undefined FUN_1817944a4(),ghidra,clean,
WHGame.dll,release_1_5_1164953_841,0x1794538,105,FUN_181794538,,,4f48b2c5e83ae47af6f172ba2514d8f13b533302227b2e24b4b9cb646643016c,undefined FUN_181794538(),ghidra,clean,
WHGame.dll,release_1_5_1164953_841,0x17945a4,43,FUN_1817945a4,,,6943ea9416ee8d63fcd956f062980664fcfc666b5b417ca518bf448f94ae9cb8,undefined FUN_1817945a4(),ghidra,clean,
WHGame.dll,release_1_5_1164953_841,0x17945d0,106,FUN_1817945d0,,,66abc117096cae028bbcbfd84e843a068ed6a4d603153bedbe4f7a6c64920da2,undefined FUN_1817945d0(),ghidra,clean,
WHGame.dll,release_1_5_1164953_841,0x179463c,30,FUN_18179463c,,,79f44b8e5fe8dacf772564b82f06a5d2d17f7af3345e7da2440e327a8269332c,undefined FUN_18179463c(),ghidra,clean,
WHGame.dll,release_1_5_1164953_841,0x179465c,85,FUN_18179465c,,,7ee6207d3f4ebd9efdc5df773ad713e4196610409e18362e1bc499c5d3486030,undefined FUN_18179465c(),ghidra,clean,
WHGame.dll,release_1_5_1164953_841,0x17946a4,65,FUN_1817946a4,,,7b40ace128bfeb5f1a5e51736a379367d71001b9bbe1728ad674b9a65e93336b,undefined FUN_1817946a4(),ghidra,clean,
WHGame.dll,release_1_5_1164953_841,0x17946e8,28,FUN_1817946e8,,,a6e63c12b1c8df3cdc9e9d30cdaf82fc89259497f5ec85219c1be569d6a75aae,undefined FUN_1817946e8(),ghidra,clean,
WHGame.dll,release_1_5_1164953_841,0x1794704,167,FUN_181794704,,,073cc72a1727c3bb0e31aa4a504e19fcd15fe293a0cac9d2c9eae135803b844e,undefined FUN_181794704(),ghidra,clean,
WHGame.dll,release_1_5_1164953_841,0x17947ac,28,FUN_1817947ac,,,13ee261291b462349a2142c0bce94b9e5619208e1358c60a7a1d0d2b1cdd1d26,undefined FUN_1817947ac(),ghidra,clean,
WHGame.dll,release_1_5_1164953_841,0x17947c8,347,FUN_1817947c8,,,27acd7e0df7182c728e7381f0f47c57e42ff25ac8708bc2db14689587a292a92,undefined FUN_1817947c8(),ghidra,clean,
WHGame.dll,release_1_5_1164953_841,0x1794904,67,FUN_181794904,,,70e4aac3b643aebe24f35a50cdf0bee7d2778bdb6803f2bf00f9a70e5437ebf7,undefined FUN_181794904(),ghidra,clean,
WHGame.dll,release_1_5_1164953_841,0x179494c,34,FUN_18179494c,,,5fbbce60b195a7fb920a9ed2d2c2c65ec08009859232d1723a6ce12f51f7236c,undefined FUN_18179494c(),ghidra,clean,
WHGame.dll,release_1_5_1164953_841,0x1794970,65,FUN_181794970,,,1985c5e7a638d0ceee234a3b0953896ad542609bd1c1e7a68da07f60c58ed4c7,undefined FUN_181794970(),ghidra,clean,
WHGame.dll,release_1_5_1164953_841,0x17949b4,5,thunk_FUN_1817949bc,,,b0d40b133b9394d93820ac0104b0065121d2d73df32c7bfb4e4cf5d805a8b103,undefined thunk_FUN_1817949bc(),ghidra,clean,
WHGame.dll,release_1_5_1164953_841,0x17949bc,103,FUN_1817949bc,,,2be256f4348af4b2aff56f6422bb3b4a41425fc12bc3dd89c39f8be80b7c9066,undefined FUN_1817949bc(),ghidra,clean,
WHGame.dll,release_1_5_1164953_841,0x1794a24,95,FUN_181794a24,,,0f6a22368356249941cdcc002cce636acd0c4b3b4f002a1edebc1ba0b197dab8,undefined FUN_181794a24(),ghidra,clean,
WHGame.dll,release_1_5_1164953_841,0x1794a84,189,FUN_181794a84,,,0a0af4062750f852df1169aa40f92ad082db29ffe12f072762e0b761e725d8b7,undefined FUN_181794a84(),ghidra,clean,
WHGame.dll,release_1_5_1164953_841,0x1794b44,78,FUN_181794b44,,,895d01f5d688b4e86abac07b65b17d31cbdf74a97c16bcc4a8ffae1dbe03f131,undefined FUN_181794b44(),ghidra,clean,
WHGame.dll,release_1_5_1164953_841,0x1794b94,417,FUN_181794b94,,,1f2ef32748969cba7ffb1d2fa837073a6734c84d016830b4905ee4ce31f73afe,undefined FUN_181794b94(),ghidra,clean,
WHGame.dll,release_1_5_1164953_841,0x1794cb4,40,FUN_181794cb4,,,d1c1ae187eb323710429631e5e042fa9087935d4206095c73a4c581241cd2662,undefined FUN_181794cb4(),ghidra,clean,
WHGame.dll,release_1_5_1164953_841,0x1794cdc,42,FUN_181794cdc,,,d5d9941e7ad01d2b1017eb97188fe20e12aef97cecc3e93df3fa938e220c5955,undefined FUN_181794cdc(),ghidra,clean,
WHGame.dll,release_1_5_1164953_841,0x1794d08,338,FUN_181794d08,,,faac745a915389561351a8c8d05627bad98e5a17ba0175c6fd44554c32a5f892,undefined FUN_181794d08(),ghidra,clean,
WHGame.dll,release_1_5_1164953_841,0x1794e42,79,FUN_181794e42,,,fd430a985fdecf89efedcaeba80e8a9830b7f9912afb47576c8d27253d5ac744,undefined FUN_181794e42(),ghidra,clean,
WHGame.dll,release_1_5_1164953_841,0x1794e94,284,FUN_181794e94,,,fdecb14f5f5adc5afba722236c1353adc01c1ef749890953d19f4241190a48ae,undefined FUN_181794e94(),ghidra,clean,
WHGame.dll,release_1_5_1164953_841,0x1794fb0,33,FUN_181794fb0,,,5e5e794cf2bcb6fd6dd27709d4d0f9d13ef122d49d3267538dcb329cd6318cf7,undefined FUN_181794fb0(),ghidra,clean,
WHGame.dll,release_1_5_1164953_841,0x1794fd4,55,FUN_181794fd4,,,81c3c1ae738fe9e8ef31532f7cc151d0c7eef721b90ccf05b746b352912cddc0,undefined FUN_181794fd4(),ghidra,clean,
WHGame.dll,release_1_5_1164953_841,0x1794ffc,139,FUN_181794ffc,,,bdbdc88c4b683b07e2893851ced24b3dc2b240a05399c23459206d467c6a8a3e,undefined FUN_181794ffc(),ghidra,clean,
WHGame.dll,release_1_5_1164953_841,0x1795088,145,FUN_181795088,,,990863887c0b238a124327f9859572f5214e8f3a093411ea5370f5342e44422a,undefined FUN_181795088(),ghidra,clean,
WHGame.dll,release_1_5_1164953_841,0x179511c,216,FUN_18179511c,,,e3d8ff7b31cf98d97feb9d597b72cef2347ae79b16ff41efc1b7c97400fe344b,undefined FUN_18179511c(),ghidra,clean,
WHGame.dll,release_1_5_1164953_841,0x17951e8,1383,FUN_1817951e8,,,26f93b1d8d3973ef6924cfa15843042e1231dc64841746a64bd185d3b09fd211,undefined FUN_1817951e8(),ghidra,clean,
WHGame.dll,release_1_5_1164953_841,0x1795750,414,FUN_181795750,,,8ef6f8fa9aa3ff0415c62f663035bc4f22bd4d21aa03aa2a23144d0ecd5a5699,undefined FUN_181795750(),ghidra,clean,
WHGame.dll,release_1_5_1164953_841,0x17958f0,246,FUN_1817958f0,,,131c9f77d5238196016f21c95773cea33d07ba19a7f97210a3f06a922cc6d9f9,undefined FUN_1817958f0(),ghidra,clean,
WHGame.dll,release_1_5_1164953_841,0x17959dc,170,FUN_1817959dc,,,3bc5bf2cf9b36a7faa25203a967195b5b7443b763a77f5ee51c4c482865ae294,undefined FUN_1817959dc(),ghidra,clean,
WHGame.dll,release_1_5_1164953_841,0x1795a88,127,FUN_181795a88,,,054092ac7c88f2321c756292ccd1b8becd693cd565c960f81c5ac7351d6e81aa,undefined FUN_181795a88(),ghidra,clean,
WHGame.dll,release_1_5_1164953_841,0x1795b08,62,FUN_181795b08,,,15efa69c94188b11a4d6cfdac7d6e68e1f0b75e9160abb9b0beea99ff0230474,undefined FUN_181795b08(),ghidra,clean,
WHGame.dll,release_1_5_1164953_841,0x1795b34,72,FUN_181795b34,,,f9b51742c9f88966560d3e9a75960d70ddbb580f915b00757ed13b030e218ca8,undefined FUN_181795b34(),ghidra,clean,
WHGame.dll,release_1_5_1164953_841,0x1795b7c,112,FUN_181795b7c,,,7d634113c10c010d7caed11b69ad89d33e65fdb97c3d71316b2a59de1f947112,undefined FUN_181795b7c(),ghidra,clean,
WHGame.dll,release_1_5_1164953_841,0x1795bec,113,FUN_181795bec,,,620aea49eb2a39e07d0562187e54a9deff3fba1ad8a6820c219e51cb7d671ea7,undefined FUN_181795bec(),ghidra,clean,
WHGame.dll,release_1_5_1164953_841,0x1795c60,95,FUN_181795c60,,,3f0e5ea88667873a9981155178c2c920928006c41ac56adde20010954b91f75c,undefined FUN_181795c60(),ghidra,clean,
WHGame.dll,release_1_5_1164953_841,0x1795cc4,61,FUN_181795cc4,,,90d30907df11c5d31aad3c124af891c3085ff683446cf1f222df29071e804ef9,undefined FUN_181795cc4(),ghidra,clean,
WHGame.dll,release_1_5_1164953_841,0x1795d04,55,FUN_181795d04,,,1b632f8b20959df1c25492bfb10c37e173de073a5fb15dc03a556998fbf2ca64,undefined FUN_181795d04(),ghidra,clean,
WHGame.dll,release_1_5_1164953_841,0x1795d2c,186,FUN_181795d2c,,,b1bbf7adf23cf52601afc0b7c0519fc9de0f24a63a48a23f364a66275728af5b,undefined FUN_181795d2c(),ghidra,clean,
WHGame.dll,release_1_5_1164953_841,0x1795de8,46,FUN_181795de8,,,f68c279d567d87ecc659b54b2a3e92f9fd7ffa2b81d20623993cfe5864b98a99,undefined FUN_181795de8(),ghidra,clean,
WHGame.dll,release_1_5_1164953_841,0x1795e18,19,FUN_181795e18,,,4fffc1f3c899bba58eb298e402f0fd91244184389e381d602f4426ec5f99992d,undefined FUN_181795e18(),ghidra,clean,
WHGame.dll,release_1_5_1164953_841,0x1795e2c,197,FUN_181795e2c,,,e76f606606ce11b9ae15f60f1bd185ba997c962f77e9a5b4a6a6d6f2ca806988,undefined FUN_181795e2c(),ghidra,clean,
WHGame.dll,release_1_5_1164953_841,0x1795ef4,374,FUN_181795ef4,,,de57b86c8d17320ebb6364e297b48c99ccfec0458fd09b091b0eb88dcb5d946e,undefined FUN_181795ef4(),ghidra,clean,
WHGame.dll,release_1_5_1164953_841,0x179606c,155,FUN_18179606c,,,1426c52c259db4542a4b5fc7fca998ac2e3bca035cd9629983f0d015ce178bc9,undefined FUN_18179606c(),ghidra,clean,
WHGame.dll,release_1_5_1164953_841,0x1796108,291,FUN_181796108,,,eaa6a641fcac78d3e4ead0305f3945bb0549fe2d856fc16a73c7e6200603b67f,undefined FUN_181796108(),ghidra,clean,
WHGame.dll,release_1_5_1164953_841,0x179622c,826,FUN_18179622c,,,325d3baafbf41420ae6eb20aaee21bc42be1e5d45fa4b4fc633fce44670671ef,undefined FUN_18179622c(),ghidra,clean,
WHGame.dll,release_1_5_1164953_841,0x17962b4,245,FUN_1817962b4,,,171be5a13a847e894d0a756769182d4c756f84b2862a609887827adf5e86646e,undefined FUN_1817962b4(),ghidra,clean,
WHGame.dll,release_1_5_1164953_841,0x17963ac,153,FUN_1817963ac,,,d37555adc2562063c63c6bcba14df89287efd5c8d0f416769923942615b4ff85,undefined FUN_1817963ac(),ghidra,clean,
WHGame.dll,release_1_5_1164953_841,0x1796410,35,FUN_181796410,,,838c0747875135cad8d042a065a37ebbb70ffc4c7ac54041d597d055b859da32,undefined FUN_181796410(),ghidra,clean,
WHGame.dll,release_1_5_1164953_841,0x1796440,8,FUN_181796440,,,3d9ae564e42a7b1bc70f15587648a1a82ba64cfeafbcafa5fcef331d921f036f,undefined FUN_181796440(),ghidra,clean,
WHGame.dll,release_1_5_1164953_841,0x1796448,838,FUN_181796448,,,ca28850477a23f78aa3ed44c91e1ec170f8c920a37a0e77ecdb47df4ed82b2e8,undefined FUN_181796448(),ghidra,clean,
WHGame.dll,release_1_5_1164953_841,0x1796790,167,FUN_181796790,,,4e6b07829a8575be16522e69095e45381ee98340c07ebf7316d85a0b6bc545d0,undefined FUN_181796790(),ghidra,clean,
WHGame.dll,release_1_5_1164953_841,0x1796838,155,FUN_181796838,,,223479ac7207bf805d9a864919c8b43b31626c78e6080566c2667e5a70e6a43f,undefined FUN_181796838(),ghidra,clean,
WHGame.dll,release_1_5_1164953_841,0x17968d4,311,FUN_1817968d4,,,57b551863eec5f730cd078314d174a9f71d02a38ad3d07b7f1d6863bc12e2cd1,undefined FUN_1817968d4(),ghidra,clean,
WHGame.dll,release_1_5_1164953_841,0x1796a0c,238,FUN_181796a0c,,,133ce95d3a4a10017bb4979c3a2b495475fb082324ffeaa38f2955c638da022e,undefined FUN_181796a0c(),ghidra,clean,
WHGame.dll,release_1_5_1164953_841,0x1796afc,214,FUN_181796afc,,,9c79ba0e5c44c89de57cba506c6d61c7fb5a05ef1f617b17e53e82ab7a6bd816,undefined FUN_181796afc(),ghidra,clean,
WHGame.dll,release_1_5_1164953_841,0x1796bc4,277,FUN_181796bc4,,,6e6fa827856ea1d4134165d46aeeba7baa467e65fef87c803886c2291d94a15f,undefined FUN_181796bc4(),ghidra,clean,
WHGame.dll,release_1_5_1164953_841,0x1796cd0,209,FUN_181796cd0,,,7295c32f1cae2a55dd47cbbce4faeff6a70c5043210e51d948018ca4551d45da,undefined FUN_181796cd0(),ghidra,clean,
WHGame.dll,release_1_5_1164953_841,0x1796da4,180,FUN_181796da4,,,5373a95690fb38295ed1378d3f1e1ed26a0d3e085bca1b3dc802da3698da0be8,undefined FUN_181796da4(),ghidra,clean,
WHGame.dll,release_1_5_1164953_841,0x1796e58,180,FUN_181796e58,,,377d2b79eb8558aa473f0ccdf183f5ef9d48f95145b4aa68a8106d0b7da6eb9e,undefined FUN_181796e58(),ghidra,clean,
WHGame.dll,release_1_5_1164953_841,0x1796f0c,180,FUN_181796f0c,,,e0766c2cc744deb9b28d431bd116518e7d8b0722197ab25982732dedd48e9da7,undefined FUN_181796f0c(),ghidra,clean,
WHGame.dll,release_1_5_1164953_841,0x1796fc0,180,FUN_181796fc0,,,679fc05dfb8aa8a3d8aa95b5bd703239912d62aedcb9973a4185aeb5974f2c17,undefined FUN_181796fc0(),ghidra,clean,
WHGame.dll,release_1_5_1164953_841,0x1797074,180,FUN_181797074,,,33e3306292396bd57beead400446f3550d642db4bb5475c449236188875c7a72,undefined FUN_181797074(),ghidra,clean,
WHGame.dll,release_1_5_1164953_841,0x1797128,180,FUN_181797128,,,8a6f7b8a1baf7a1710a6b4d5abff1bd3634e802f7b3135366730afc35ceea387,undefined FUN_181797128(),ghidra,clean,
WHGame.dll,release_1_5_1164953_841,0x17971dc,155,FUN_1817971dc,,,bef11e61a24c3ba3b46bf93d3d520d34860ca41b4dca152e136992c11cd72455,undefined FUN_1817971dc(),ghidra,clean,
WHGame.dll,release_1_5_1164953_841,0x1797278,291,FUN_181797278,,,6487b12286a8b984235d78a819e13b601ef823a05c363c86432d6179e635952b,undefined FUN_181797278(),ghidra,clean,
WHGame.dll,release_1_5_1164953_841,0x179739c,291,FUN_18179739c,,,0432dbbe0cd206ed2730714da6d83ce1370d21de143e00732f3a54dfd4266233,undefined FUN_18179739c(),ghidra,clean,
WHGame.dll,release_1_5_1164953_841,0x17973f4,473,FUN_1817973f4,,,c074972f8d5e8c70e5010de14923b42540a58c17f749c9c757f3d8cb3f517ee1,undefined FUN_1817973f4(),ghidra,clean,
WHGame.dll,release_1_5_1164953_841,0x17975d0,302,FUN_1817975d0,,,3d1023e971dea952ad63dcb12dca4a348ae115ce344bbda701d66064155db0d4,undefined FUN_1817975d0(),ghidra,clean,
WHGame.dll,release_1_5_1164953_841,0x17976f4,327,FUN_1817976f4,,,bd6b13a0fd944ef55b48aab6305bdf707610c3746b26f58f8d5a592069ce1b24,undefined FUN_1817976f4(),ghidra,clean,
WHGame.dll,release_1_5_1164953_841,0x179783c,473,FUN_18179783c,,,db147b1515df56d6ce76c7c7e37757b1e711774df0f55a7632c7f8ef97950dd7,undefined FUN_18179783c(),ghidra,clean,
WHGame.dll,release_1_5_1164953_841,0x1797a18,302,FUN_181797a18,,,0a233a8382e4a3f2010ee989d007557042290366a185f1567094f592acfc1f90,undefined FUN_181797a18(),ghidra,clean,
WHGame.dll,release_1_5_1164953_841,0x1797b3c,327,FUN_181797b3c,,,1e5864d53be0908e035d83b8955323b5a68118f83e6cca4be18dc71b015a6ffd,undefined FUN_181797b3c(),ghidra,clean,
WHGame.dll,release_1_5_1164953_841,0x1797c84,155,FUN_181797c84,,,2f9e109497980970ff5db50adaf4420769e79c42b261c10b97537a2a3b0d58a1,undefined FUN_181797c84(),ghidra,clean,
WHGame.dll,release_1_5_1164953_841,0x1797d20,291,FUN_181797d20,,,cb24e9b7e9f79152e696052b3f0f8fd245a4a8db83f20e38fc2f8cb2763629ef,undefined FUN_181797d20(),ghidra,clean,
WHGame.dll,release_1_5_1164953_841,0x1797e44,96,FUN_181797e44,,,448ad2e78cd0369f9fd5d387c5630c1691837de3a94c211fc789d0ea6a7a0018,undefined FUN_181797e44(),ghidra,clean,
WHGame.dll,release_1_5_1164953_841,0x1797ea4,60,FUN_181797ea4,,,d68f63725c4717cd8cfeb1a2e6688189c7f172a4b77fbb57f2f9b5a883b11651,undefined FUN_181797ea4(),ghidra,clean,
WHGame.dll,release_1_5_1164953_841,0x1797ee0,617,FUN_181797ee0,,,2315e618afa40c50c1c67f76944d1531c471adacf0594794aae8b66c07073418,undefined FUN_181797ee0(),ghidra,clean,
WHGame.dll,release_1_5_1164953_841,0x179814c,62,FUN_18179814c,,,a9e67302729299beb41220af5610d7982816ac93b009b7a764885d2c7f498b9e,undefined FUN_18179814c(),ghidra,clean,
WHGame.dll,release_1_5_1164953_841,0x179818c,23,FUN_18179818c,,,60581ecb024600d47807b1479118852b60b6700cc7b30081c28ddbdb114748ac,undefined FUN_18179818c(),ghidra,clean,
WHGame.dll,release_1_5_1164953_841,0x17981a4,56,FUN_1817981a4,,,d2d7b5571065e9ba0a0541551f43cc2357089fbd83110aeee9b88fb13fea7e13,undefined FUN_1817981a4(),ghidra,clean,
WHGame.dll,release_1_5_1164953_841,0x17981dc,149,FUN_1817981dc,,,03175c5a1deef0114cb6e3db4c9b0fb25665c3ff6a999d6a47a16201bc4e97c6,undefined FUN_1817981dc(),ghidra,clean,
WHGame.dll,release_1_5_1164953_841,0x1798264,121,FUN_181798264,,,e1444cb7155e42a71a88016dc8aadbcd6a31a11e2c27b53f95158ce9876bca7a,undefined FUN_181798264(),ghidra,clean,
WHGame.dll,release_1_5_1164953_841,0x17982e0,26,FUN_1817982e0,,,8f965e11d3bd7294eab5ee231e7e4a1d862ffd55e717bb6befad0c10d9c6c0e5,undefined FUN_1817982e0(),ghidra,clean,
WHGame.dll,release_1_5_1164953_841,0x17982fc,51,FUN_1817982fc,,,562d918f2646589a4de8020fd05ca134c88fee0d87d439295ff503fa4fcbe589,undefined FUN_1817982fc(),ghidra,clean,
WHGame.dll,release_1_5_1164953_841,0x1798314,83,FUN_181798314,,,340bbdf026ceb67b2c79ac896eec114a5afec9572e09b5397dcdc422b3e5e6ab,undefined FUN_181798314(),ghidra,clean,
WHGame.dll,release_1_5_1164953_841,0x1798330,234,FUN_181798330,,,8bf024654c1f5f108ef569b99d08374bce1086a6366161ad98e8d555f94a7915,undefined FUN_181798330(),ghidra,clean,
WHGame.dll,release_1_5_1164953_841,0x179841c,190,FUN_18179841c,,,f01571f41fdbf570b81844768bce8dbf18e2a2abfec0b722a0d7e686b51465ec,undefined FUN_18179841c(),ghidra,clean,
WHGame.dll,release_1_5_1164953_841,0x17984c8,261,FUN_1817984c8,,,e507da204a1e702f510815482e6ae6ebb98e765e2893896c39956dd1679aad50,undefined FUN_1817984c8(),ghidra,clean,
WHGame.dll,release_1_5_1164953_841,0x17985c4,196,FUN_1817985c4,,,2852d40e409f520b48e1f88b93be080942ed5fb2962c7892ac80363f6fb6ef78,undefined FUN_1817985c4(),ghidra,clean,
WHGame.dll,release_1_5_1164953_841,0x1798688,153,FUN_181798688,,,4737b8dd55cf51a362e28c214c6d3e9c26154e5d9853d9aa16aca06b0a50c5b7,undefined FUN_181798688(),ghidra,clean,
WHGame.dll,release_1_5_1164953_841,0x1798724,13,FUN_181798724,,,4cd1fe5d64cc9d64a32ee5cc3c4b6c1bba701f28d125f5b99fa2c304d90d6ab1,undefined FUN_181798724(),ghidra,clean,
WHGame.dll,release_1_5_1164953_841,0x1798734,89,FUN_181798734,,,b9c608baa5de54eaf4beac52aa9da69f75d3ec5638adcec0e0f8ac5f5cc300e6,undefined FUN_181798734(),ghidra,clean,
WHGame.dll,release_1_5_1164953_841,0x1798790,112,FUN_181798790,,,2ebe1c5fcc3441a0d302af35173ba4411385c3b420c878f3e4b6af49778a3c57,undefined FUN_181798790(),ghidra,clean,
WHGame.dll,release_1_5_1164953_841,0x1798800,113,FUN_181798800,,,6d7b8fae86fb5179b05b229ed19560f94db72bf9cfb9dac52c94b06bbf4b4681,undefined FUN_181798800(),ghidra,clean,
WHGame.dll,release_1_5_1164953_841,0x1798874,94,FUN_181798874,,,7467c381230fb013ff22c8323bdbfb0b498f1be153b9f2f45320b7403eeb8c58,undefined FUN_181798874(),ghidra,clean,
WHGame.dll,release_1_5_1164953_841,0x17988d4,139,FUN_1817988d4,,,eba13affbb3777bb49e920a62a882f694e4b0adced4d49cf5e678f3c1b085928,undefined FUN_1817988d4(),ghidra,clean,
WHGame.dll,release_1_5_1164953_841,0x1798960,104,FUN_181798960,,,9c2998800b58f46193a1e7d531067793db8d7b31c006c37a687b685c2758858e,undefined FUN_181798960(),ghidra,clean,
WHGame.dll,release_1_5_1164953_841,0x17989c8,135,FUN_1817989c8,,,4e7d592e6379cee243e6286f768531a47c789fa90e838165cdf1528437b23471,undefined FUN_1817989c8(),ghidra,clean,
WHGame.dll,release_1_5_1164953_841,0x1798a50,175,FUN_181798a50,,,3b6654a9635c9ed787e6ea7f14c554930c5f3c288ec6bcdc29eb8b1879cf1999,undefined FUN_181798a50(),ghidra,clean,
WHGame.dll,release_1_5_1164953_841,0x1798b00,26,FUN_181798b00,,,aeafc25de5f337e92b3e4040c4dd721b190864f334138f1bf66fca2a3d2f9e04,undefined FUN_181798b00(),ghidra,clean,
WHGame.dll,release_1_5_1164953_841,0x1798b1c,100,FUN_181798b1c,,,3f070d78709b90038d13dbf39b199367fe71f80343cdedbbe7d79d4a7019819b,undefined FUN_181798b1c(),ghidra,clean,
WHGame.dll,release_1_5_1164953_841,0x1798b80,55,FUN_181798b80,,,4a5f4c5e1ae3837e7e05e515306d7145c7865bf851986c6bffa4f86e1b70c0e2,undefined FUN_181798b80(),ghidra,clean,
WHGame.dll,release_1_5_1164953_841,0x1798ba8,183,FUN_181798ba8,,,fa5cdc0be9237716ed910ec6afeae1193c1ea5b1fe288d1a5042716c6401fecb,undefined FUN_181798ba8(),ghidra,clean,
WHGame.dll,release_1_5_1164953_841,0x1798c58,145,FUN_181798c58,,,3b7772f19f9b26c5644b5c4d17282bfb8a4c3436f9e8eb9d5ca3a212f30705d3,undefined FUN_181798c58(),ghidra,clean,
WHGame.dll,release_1_5_1164953_841,0x1798cec,200,FUN_181798cec,,,9ff58a18963cc82cdf8f38630e11d4972c37ed6895bc08f44d1c73f07987a417,undefined FUN_181798cec(),ghidra,clean,
WHGame.dll,release_1_5_1164953_841,0x1798d94,151,FUN_181798d94,,,6dac18551ee7a2f7fb9f2ceefe9b034ad2f5f07fe318075e5097a06e67522319,undefined FUN_181798d94(),ghidra,clean,
WHGame.dll,release_1_5_1164953_841,0x1798e2c,151,FUN_181798e2c,,,6348c7dec8c138af2c795ef6cae3e4da3eb4e3f101f2ddb6d80ac5b8b94a5591,undefined FUN_181798e2c(),ghidra,clean,
WHGame.dll,release_1_5_1164953_841,0x1798ec4,144,FUN_181798ec4,,,63eba55d56e28f01cedfc0e0495a86e4def366ae71da934f033e626271561352,undefined FUN_181798ec4(),ghidra,clean,
WHGame.dll,release_1_5_1164953_841,0x1798f54,266,FUN_181798f54,,,270d7fdd9a67eedca5370fcb0bc0e21e38954b99b9696f8b0e303bbae4aaa609,undefined FUN_181798f54(),ghidra,clean,
WHGame.dll,release_1_5_1164953_841,0x1799048,49,FUN_181799048,,,fcd5cf515355633406cca8238168ac1b6314bcb6fcdb9d054f6f0b997615d5b8,undefined FUN_181799048(),ghidra,clean,
WHGame.dll,release_1_5_1164953_841,0x179907c,62,FUN_18179907c,,,b0f07ea1515cbfdece3b2dab54b929e71ae4e0a81b6053f7536912ffc24c18f0,undefined FUN_18179907c(),ghidra,clean,
WHGame.dll,release_1_5_1164953_841,0x17990a8,34,FUN_1817990a8,,,428988d214b0640cf3fd6cf923c3d519fadf9249f70a58369b503e4dfdc1284b,undefined FUN_1817990a8(),ghidra,clean,
WHGame.dll,release_1_5_1164953_841,0x17990cc,5,thunk_FUN_180635134,,,f92c9b07c5a0e8f48ac291d349e915f86ea7078bc6d42c00d8e7be2484457606,undefined thunk_FUN_180635134(),ghidra,clean,
WHGame.dll,release_1_5_1164953_841,0x17990d4,23,FUN_1817990d4,,,8aac8db08715fc0c90c0b8ba465fb20a7ec8ed0819264b532ad6d9c4f86d6da2,undefined FUN_1817990d4(),ghidra,clean,
WHGame.dll,release_1_5_1164953_841,0x17990ec,304,FUN_1817990ec,,,74d396b6a9d1dc70012706535e43c2ae3237266084354d9c2e89885cba5b182a,undefined FUN_1817990ec(),ghidra,clean,
WHGame.dll,release_1_5_1164953_841,0x179921c,155,FUN_18179921c,,,776e579cef34337c7c3902ea9f3b9b473f7b236c856faa47edd92fba16770181,undefined FUN_18179921c(),ghidra,clean,
WHGame.dll,release_1_5_1164953_841,0x17992b8,298,FUN_1817992b8,,,ec7f6ed86c19a39132b5b0cd7a35836d9c4550ab95bf088e4dd284f71a2b03b3,undefined FUN_1817992b8(),ghidra,clean,
WHGame.dll,release_1_5_1164953_841,0x17993e4,270,FUN_1817993e4,,,f0452d3547a24d5317c123268fc866abcffd7fd77e0aa168a99801100df16914,undefined FUN_1817993e4(),ghidra,clean,
WHGame.dll,release_1_5_1164953_841,0x17994f4,151,FUN_1817994f4,,,811e354dde6ff586441057ae36a57e66f3038c429e902d3a4feb7fadb183ca49,undefined FUN_1817994f4(),ghidra,clean,
WHGame.dll,release_1_5_1164953_841,0x179958c,155,FUN_18179958c,,,b808e4b9fe80b53794bed974705ed4b6c63b902e289127799621febf0e7c4713,undefined FUN_18179958c(),ghidra,clean,
WHGame.dll,release_1_5_1164953_841,0x1799628,291,FUN_181799628,,,1f36279e3e5680c61b93b6e8efa00fae87c40c7ad07992d64362158c3e6cc605,undefined FUN_181799628(),ghidra,clean,
WHGame.dll,release_1_5_1164953_841,0x179974c,128,FUN_18179974c,,,39b9bde4d39683df2b962b278c20fc85d7f1ca1573facfaca10a2d9252b5021f,undefined FUN_18179974c(),ghidra,clean,
WHGame.dll,release_1_5_1164953_841,0x17997cc,87,FUN_1817997cc,,,51cf5e5d3820ec4e40474b8ae0cfe0eefc890e4eb48df7e5d9eb5526035479da,undefined FUN_1817997cc(),ghidra,clean,
WHGame.dll,release_1_5_1164953_841,0x1799824,217,FUN_181799824,,,8e3e79a7b7ad37195affba33428b2f76c3578a3b10bc8e9604bb5d12f4917be9,undefined FUN_181799824(),ghidra,clean,
WHGame.dll,release_1_5_1164953_841,0x1799900,43,FUN_181799900,,,6fecc3f8de75c88c19e53f20ebb7fb9afa8ed973bd49825c4eeeec761e49ed74,undefined FUN_181799900(),ghidra,clean,
WHGame.dll,release_1_5_1164953_841,0x179992c,315,FUN_18179992c,,,2c9eed79dbdac7a1c53dca296923a8ba5d3982ef99158d31a14c6f2b09255ef5,undefined FUN_18179992c(),ghidra,clean,
WHGame.dll,release_1_5_1164953_841,0x1799a68,149,FUN_181799a68,,,9003473a375cf9dabde5bf55d4d3acd8bcbbe6477ad21a8451253ba73c1888b9,undefined FUN_181799a68(),ghidra,clean,
WHGame.dll,release_1_5_1164953_841,0x1799ab0,44,FUN_181799ab0,,,db1444d040feec0ae4779f5248b207c28783a73fa3167fc087519268f7806103,undefined FUN_181799ab0(),ghidra,clean,
WHGame.dll,release_1_5_1164953_841,0x1799adc,58,FUN_181799adc,,,7b1820d50b12a8511e28ddf4f5d8642f6e0dbe30ea8723325a5a6a2d6b28f4b9,undefined FUN_181799adc(),ghidra,clean,
WHGame.dll,release_1_5_1164953_841,0x1799b18,124,FUN_181799b18,,,988e954baeec5418c10a9a19236fa36ff586de66c981651f64b9d3c4df04dea7,undefined FUN_181799b18(),ghidra,clean,
WHGame.dll,release_1_5_1164953_841,0x1799b74,73,FUN_181799b74,,,c3467033ab8efd8ae9a4600b00031f9e12d4ddb96d00248bf6614a34ca2d4ac9,undefined FUN_181799b74(),ghidra,clean,
WHGame.dll,release_1_5_1164953_841,0x1799bc0,218,FUN_181799bc0,,,59115c8db4f6ec7ebb8a6a7b87616cdde06e8287b66cb6cd0b36d8f0812e6c07,undefined FUN_181799bc0(),ghidra,clean,
WHGame.dll,release_1_5_1164953_841,0x1799c48,71,FUN_181799c48,,,6cf0223c431cc284648077b028dccff2084b874a96eb5510c47073eeeb24e1ee,undefined FUN_181799c48(),ghidra,clean,
WHGame.dll,release_1_5_1164953_841,0x1799c90,102,FUN_181799c90,,,54723f82e33c10c5badd620d825a39b91ed2ded0201803c0e3ac5ba471fd27b7,undefined FUN_181799c90(),ghidra,clean,
WHGame.dll,release_1_5_1164953_841,0x1799cd0,57,FUN_181799cd0,,,dfdbb8bd5342f6c87aaf325b7f22c73f43aad68695da61cc05c628c8c92a80d1,undefined FUN_181799cd0(),ghidra,clean,
WHGame.dll,release_1_5_1164953_841,0x1799d0c,60,FUN_181799d0c,,,2fb5b8f6badf52b1f1609e214520a3a2cb5c2af7d37e9d7085e8fe3fe953d92a,undefined FUN_181799d0c(),ghidra,clean,
WHGame.dll,release_1_5_1164953_841,0x1799d48,32,FUN_181799d48,,,02331abfcc4f9bb99faa79a18d386f6029e968f2804fdb3f79fcaa51cb90b763,undefined FUN_181799d48(),ghidra,clean,
WHGame.dll,release_1_5_1164953_841,0x1799d68,8,FUN_181799d68,,,2b393511ac156c48ec49ad57e0baececfac6fa0acd104c283eba8655f7c6755a,undefined FUN_181799d68(),ghidra,clean,
WHGame.dll,release_1_5_1164953_841,0x1799d70,180,FUN_181799d70,,,1431a155f39e550f583143b1c3c4a0ce2f6eb7b574240f4d953fcf592ae31686,undefined FUN_181799d70(),ghidra,clean,
WHGame.dll,release_1_5_1164953_841,0x1799e24,180,FUN_181799e24,,,fed5e741504f55f7b36c9d3d90f0178f4441def4e2d212383b46edddb3143a0f,undefined FUN_181799e24(),ghidra,clean,
WHGame.dll,release_1_5_1164953_841,0x1799ed8,278,FUN_181799ed8,,,e0e3fe1e2adca70083501daad4b9ae8449b2499555ce0d8f8ddedaee7de041b9,undefined FUN_181799ed8(),ghidra,clean,
WHGame.dll,release_1_5_1164953_841,0x1799ff0,26,FUN_181799ff0,,,ab65d70f09fb65a36bda9ba02566544daf4b439ef19ee4cdfc95292bddcc184a,undefined FUN_181799ff0(),ghidra,clean,
WHGame.dll,release_1_5_1164953_841,0x179a00c,151,FUN_18179a00c,,,afb60b9a8f3ed0899eaac3e987950ac9cfb487e6defceccc1a775f36c8538c52,undefined FUN_18179a00c(),ghidra,clean,
WHGame.dll,release_1_5_1164953_841,0x179a0a4,155,FUN_18179a0a4,,,4d560a03cf5d05d1773adafa9a90a18abf4afda47cbb0c1ce695d027f29833e1,undefined FUN_18179a0a4(),ghidra,clean,
WHGame.dll,release_1_5_1164953_841,0x179a140,304,FUN_18179a140,,,d46b80b8a2e0ad4ab2be2fb8b602edcc3158adfd1f88fdb497d3e434b7a3ba9c,undefined FUN_18179a140(),ghidra,clean,
WHGame.dll,release_1_5_1164953_841,0x179a270,26,FUN_18179a270,,,819234953c91d716a341edb10dcca2267107efa13f78881bbca64f4a7a11eeca,undefined FUN_18179a270(),ghidra,clean,
WHGame.dll,release_1_5_1164953_841,0x179a28c,155,FUN_18179a28c,,,a5ebda4c7eee8a37ce9dedf3a65a8d1f066cd49f7716007cdf7a13799f113b3e,undefined FUN_18179a28c(),ghidra,clean,
WHGame.dll,release_1_5_1164953_841,0x179a328,298,FUN_18179a328,,,52cf4ccfd6592e066254ecccdc3983009e75e2617fc0e1fa3838d47e3add119d,undefined FUN_18179a328(),ghidra,clean,
WHGame.dll,release_1_5_1164953_841,0x179a454,243,FUN_18179a454,,,0a1715ef43c446bea027102bdab647a34a23082c99973bfe1f129ac80ee1a296,undefined FUN_18179a454(),ghidra,clean,
WHGame.dll,release_1_5_1164953_841,0x179a538,50,FUN_18179a538,,,6b969f119b7a740445477ec0f56eb5570ca7acb185712bd635033c9368ec0658,undefined FUN_18179a538(),ghidra,clean,
WHGame.dll,release_1_5_1164953_841,0x179a56c,384,FUN_18179a56c,,,275ccc34cb1bc6a88e1fde15d7d31c90e668a2be35aeae441ae43500b3c5e455,undefined FUN_18179a56c(),ghidra,clean,
WHGame.dll,release_1_5_1164953_841,0x179a6ec,52,FUN_18179a6ec,,,210e98d8e17c493c0735cafb81f07094ccff67f76970eb1a0d10ffda84687327,undefined FUN_18179a6ec(),ghidra,clean,
WHGame.dll,release_1_5_1164953_841,0x179a720,155,FUN_18179a720,,,d8f9aed97c0cbe3e60ca713b00b6f13ddece627df683c0c30c664edfefc17ebe,undefined FUN_18179a720(),ghidra,clean,
WHGame.dll,release_1_5_1164953_841,0x179a7bc,311,FUN_18179a7bc,,,84fa8ea75f43b952d7fc9221b71c67661b6101c4e47e26e3920c050f9962f98d,undefined FUN_18179a7bc(),ghidra,clean,
WHGame.dll,release_1_5_1164953_841,0x179a8f4,184,FUN_18179a8f4,,,13d074f81064c8554ebee0a6e3edd96ad63efdb06b864cef26f0c915536ae225,undefined FUN_18179a8f4(),ghidra,clean,
WHGame.dll,release_1_5_1164953_841,0x179a98c,441,FUN_18179a98c,,,d5a7eb81daca4485238594aaa38b0fbf1fb2cbe6e84ad5b5fdbe333184703d66,undefined FUN_18179a98c(),ghidra,clean,
WHGame.dll,release_1_5_1164953_841,0x179ab48,298,FUN_18179ab48,,,a3e523b9006c250cde7a8dc1dc58eecfd91e6ba4dc9391f9fe43eaade0da885e,undefined FUN_18179ab48(),ghidra,clean,
WHGame.dll,release_1_5_1164953_841,0x179ac68,327,FUN_18179ac68,,,3c9190edd36b15952a206a8c5e3be1f24d012cc9cbe10e871085fc436db3a553,undefined FUN_18179ac68(),ghidra,clean,
WHGame.dll,release_1_5_1164953_841,0x179adb0,441,FUN_18179adb0,,,9126e0c1700c817cb23a2b2d1e52fe460126c8faa8f9999fdfaa44dfac067e5c,undefined FUN_18179adb0(),ghidra,clean,
WHGame.dll,release_1_5_1164953_841,0x179af6c,298,FUN_18179af6c,,,3ffcb1c4c331abff4e146c2b411e19e2b73bd0007cd28de3b4301127a7696114,undefined FUN_18179af6c(),ghidra,clean,
WHGame.dll,release_1_5_1164953_841,0x179b08c,327,FUN_18179b08c,,,a8c953f5615c03538355f136a5ba72291456759dd7efc45aa29f11b5946e9993,undefined FUN_18179b08c(),ghidra,clean,
WHGame.dll,release_1_5_1164953_841,0x179b1d4,441,FUN_18179b1d4,,,732e807771580f95938a078ee6bb98601e59ffacf778a5964c9fb7334eafc081,undefined FUN_18179b1d4(),ghidra,clean,
WHGame.dll,release_1_5_1164953_841,0x179b390,298,FUN_18179b390,,,46e33653253609b185a9e7ced7a8b954a42216c7aef7d48a0e00955b9d33c9ac,undefined FUN_18179b390(),ghidra,clean,
WHGame.dll,release_1_5_1164953_841,0x179b4b0,327,FUN_18179b4b0,,,3b895038247dc4cfe3e87a2899b1cc101b7bc246adeb6724f94de4f5e4b6ee1e,undefined FUN_18179b4b0(),ghidra,clean,
WHGame.dll,release_1_5_1164953_841,0x179b5f8,234,FUN_18179b5f8,,,0496d6a711ff4105d443c5009e3cbd546dcff12eb805a31272c3c239fd82b961,undefined FUN_18179b5f8(),ghidra,clean,
WHGame.dll,release_1_5_1164953_841,0x179b6e4,26,FUN_18179b6e4,,,e1b2e5b9657e1f08d5c89e8dd0cb860242448433498857571512466bd0b4d43b,undefined FUN_18179b6e4(),ghidra,clean,
WHGame.dll,release_1_5_1164953_841,0x179b700,799,FUN_18179b700,,,d519c7d2088a596be4e0c70859f8ac9474d4d39c8f4ba9065a92563f0d2d4679,undefined FUN_18179b700(),ghidra,clean,
WHGame.dll,release_1_5_1164953_841,0x179b808,155,FUN_18179b808,,,ffaecdf4d0e8182f3ce7f47cf14289791a8c3b824b1d37d76c4ec7b7cb54272b,undefined FUN_18179b808(),ghidra,clean,
WHGame.dll,release_1_5_1164953_841,0x179b8a4,298,FUN_18179b8a4,,,bc8b7c6c99c2342011ad576bd28e04df2bbfb39d391c676befa975eb4c0490ec,undefined FUN_18179b8a4(),ghidra,clean,
WHGame.dll,release_1_5_1164953_841,0x179b9d0,155,FUN_18179b9d0,,,ba67e48a8130c2233201ee5456e3144c8d9d9457f459b830af4983ed0b77785d,undefined FUN_18179b9d0(),ghidra,clean,
WHGame.dll,release_1_5_1164953_841,0x179ba6c,311,FUN_18179ba6c,,,fe0993c45485fb20ea08b8cc3b9e0c839f013a14db892d190701c5b8c8366f3c,undefined FUN_18179ba6c(),ghidra,clean,
WHGame.dll,release_1_5_1164953_841,0x179bba4,155,FUN_18179bba4,,,d680e8e0e7d978832656ade56769ea88813d6f9e9eb7189755917eb2d4ecb156,undefined FUN_18179bba4(),ghidra,clean,
WHGame.dll,release_1_5_1164953_841,0x179bc40,291,FUN_18179bc40,,,b34fa89f5fe3c764ccd5b4ff6fdd752c81bbbb6c83a32aad9519239beaf15b16,undefined FUN_18179bc40(),ghidra,clean,
WHGame.dll,release_1_5_1164953_841,0x179bd64,155,FUN_18179bd64,,,29304afc2b99114e1e8b2a13c98cd6ea20c83e9b52d5dd2316aae62eaff85a49,undefined FUN_18179bd64(),ghidra,clean,
WHGame.dll,release_1_5_1164953_841,0x179be00,291,FUN_18179be00,,,4a9c1e81bb8d006b3d22fe7b96c042eb7f0e0f3b46a5530d067073a75fabdc62,undefined FUN_18179be00(),ghidra,clean,
WHGame.dll,release_1_5_1164953_841,0x179bf24,145,FUN_18179bf24,,,832bb1625a6c3672e80e4ceee5bbda7f9616bd3e30cbfdb22715277e337ec680,undefined FUN_18179bf24(),ghidra,clean,
WHGame.dll,release_1_5_1164953_841,0x179bfb4,465,FUN_18179bfb4,,,549a5d23371ee2bdec24b80c1120a118b346883771b6543c3f4bcc20851dd18b,undefined FUN_18179bfb4(),ghidra,clean,
WHGame.dll,release_1_5_1164953_841,0x179c188,78,FUN_18179c188,,,3d7e9ab03a8cba5013398bbef91e586a6c03851dab78907b288639d53159057a,undefined FUN_18179c188(),ghidra,clean,
WHGame.dll,release_1_5_1164953_841,0x179c1c8,446,FUN_18179c1c8,,,b4e7a1ba4b54a2316b5b2ed45f57d1aff2d063673ac5073276f297fdbecb99a1,undefined FUN_18179c1c8(),ghidra,clean,
WHGame.dll,release_1_5_1164953_841,0x179c388,170,FUN_18179c388,,,40679a1f906e82bbaf4baf24ac79e0bc314cadc50e5e1b759f3bcffc1918afbe,undefined FUN_18179c388(),ghidra,clean,
WHGame.dll,release_1_5_1164953_841,0x179c434,278,FUN_18179c434,,,aecf71c38d3009c34081afd34d60ee01d8077978122dd3cfa80d4b0befefb641,undefined FUN_18179c434(),ghidra,clean,
WHGame.dll,release_1_5_1164953_841,0x179c54c,372,FUN_18179c54c,,,06e836a2446440b5350db10d2fd39d0ef0513fe9ececc617c84c16129e336790,undefined FUN_18179c54c(),ghidra,clean,
WHGame.dll,release_1_5_1164953_841,0x179c6c0,196,FUN_18179c6c0,,,8d524dfd97eaff229fe3a630938425d923436955358614c92a75c31cbb7e1e0c,undefined FUN_18179c6c0(),ghidra,clean,
WHGame.dll,release_1_5_1164953_841,0x179c764,525,FUN_18179c764,,,40e0324765e90a7650cf1d6edfcee5536c423730959f9ec87769c4f3bfc1f413,undefined FUN_18179c764(),ghidra,clean,
WHGame.dll,release_1_5_1164953_841,0x179c974,338,FUN_18179c974,,,2281511de0a965c33afccf4c1999bf1f863e302e7938db5f156a52ef8996a73e,undefined FUN_18179c974(),ghidra,clean,
WHGame.dll,release_1_5_1164953_841,0x179cabc,368,FUN_18179cabc,,,4b39251e63c30618480f69f19998c3ef27157f850e86d8965d4df59d7c1cc3fc,undefined FUN_18179cabc(),ghidra,clean,
WHGame.dll,release_1_5_1164953_841,0x179cc2c,276,FUN_18179cc2c,,,3ebc4994c0016b087428227a1d62f6ee3af625c83ca08146c8ddd3b761df06d8,undefined FUN_18179cc2c(),ghidra,clean,
WHGame.dll,release_1_5_1164953_841,0x179cd40,33,FUN_18179cd40,,,6cebe3cfced13f4ff63843051aa0df7df233b7128bb72eca310d9e00fff233b3,undefined FUN_18179cd40(),ghidra,clean,
WHGame.dll,release_1_5_1164953_841,0x179cd64,59,FUN_18179cd64,,,67080583a5c2721583911c1afa42390c3e7d82739efe8f158df8c1bd06b40e12,undefined FUN_18179cd64(),ghidra,clean,
WHGame.dll,release_1_5_1164953_841,0x179cd90,146,FUN_18179cd90,,,f0a7afa3abc75361728dfa7c0578b54dfc8a5bf56e381ad00c01024dccc36233,undefined FUN_18179cd90(),ghidra,clean,
WHGame.dll,release_1_5_1164953_841,0x179cdec,66,FUN_18179cdec,,,89ca564c81b205aeec51e55ecddeda138dfedb71109ad3b541b42517957cfae4,undefined FUN_18179cdec(),ghidra,clean,
WHGame.dll,release_1_5_1164953_841,0x179ce30,174,FUN_18179ce30,,,bfd2b6d4e00a7393da26799219b807c1150ef1aceb63b323df8df76ca8d61970,undefined FUN_18179ce30(),ghidra,clean,
WHGame.dll,release_1_5_1164953_841,0x179cee0,96,FUN_18179cee0,,,b481d9721d5629e8212d3750d57d0566ec87effa04a3a48abb3010c05e647028,undefined FUN_18179cee0(),ghidra,clean,
WHGame.dll,release_1_5_1164953_841,0x179cf40,2253,FUN_18179cf40,,,565b123abfeca83550d231cd08b496ef05ae402c60c41c85f41fd223e5bad4dd,undefined FUN_18179cf40(),ghidra,clean,
WHGame.dll,release_1_5_1164953_841,0x179d810,155,FUN_18179d810,,,4edf3cdf1a4dfc62f52514d7745b425a48e84cdc849fd218e2cf778fe083a755,undefined FUN_18179d810(),ghidra,clean,
WHGame.dll,release_1_5_1164953_841,0x179d8ac,291,FUN_18179d8ac,,,d827e3a787ac7a17afb75a174d0f96f2ae48673a8f36bfee6f8d0baf149cfb8b,undefined FUN_18179d8ac(),ghidra,clean,
WHGame.dll,release_1_5_1164953_841,0x179d9d0,155,FUN_18179d9d0,,,c5fdb6d8d6b7b319d94a24ed76fb1223bba66d36890872ec90719fd6687e7d0d,undefined FUN_18179d9d0(),ghidra,clean,
WHGame.dll,release_1_5_1164953_841,0x179da6c,291,FUN_18179da6c,,,c6c69b827a0c0d1efe5d1cc3ffad9ea351a9df2dfebce664caf4c29e10ab65e1,undefined FUN_18179da6c(),ghidra,clean,
WHGame.dll,release_1_5_1164953_841,0x179db90,106,FUN_18179db90,,,c9be7e64155a9a1b1f153156fc53a2d13fe8caa092b0d2569bd4da2aa16fb654,undefined FUN_18179db90(),ghidra,clean,
WHGame.dll,release_1_5_1164953_841,0x179dbfc,168,FUN_18179dbfc,,,067dc8d5ae73d78252cca85eb7208c68b03a3f29699f978319d8410d4a6859c4,undefined FUN_18179dbfc(),ghidra,clean,
WHGame.dll,release_1_5_1164953_841,0x179dca4,192,FUN_18179dca4,,,f4d2cc1c28b5433321acc41a6e09090cb15faac3746de1a67183079f60f0ca4f,undefined FUN_18179dca4(),ghidra,clean,
WHGame.dll,release_1_5_1164953_841,0x179dd64,294,FUN_18179dd64,,,fd609a7cdb71f1f1367513311f3271c98b94f1bf54f2b067473327475aeaed10,undefined FUN_18179dd64(),ghidra,clean,
WHGame.dll,release_1_5_1164953_841,0x179de8c,196,FUN_18179de8c,,,11f2910593048e43d891b6558aa689825abd8ec67b0d925ddec5c5a01f384b57,undefined FUN_18179de8c(),ghidra,clean,
WHGame.dll,release_1_5_1164953_841,0x179df48,175,FUN_18179df48,,,8d70b0d14d8c28231f807a3ddb9b88ed30359d47da39c84a6564f1f448f9350d,undefined FUN_18179df48(),ghidra,clean,
WHGame.dll,release_1_5_1164953_841,0x179dff8,196,FUN_18179dff8,,,1e34155969c9d5be7940e8710cb3cf232b3db7aef0a08b8a8f1db8fff1089d8d,undefined FUN_18179dff8(),ghidra,clean,
WHGame.dll,release_1_5_1164953_841,0x179e0b4,175,FUN_18179e0b4,,,828cf9ae21a81770c51a03f1060c96e771a6e9cca8f1f912ab169ecac1ee03a5,undefined FUN_18179e0b4(),ghidra,clean,
WHGame.dll,release_1_5_1164953_841,0x179e164,196,FUN_18179e164,,,963979a5ef6a11200b22fb6a23d623d5734be036da69a4de5db38be4ff887be4,undefined FUN_18179e164(),ghidra,clean,
WHGame.dll,release_1_5_1164953_841,0x179e220,175,FUN_18179e220,,,ada44445e6301d01a94409f9d7baf4efdc7ecb7f23cd36a724a772cca9e48542,undefined FUN_18179e220(),ghidra,clean,
WHGame.dll,release_1_5_1164953_841,0x179e2d0,196,FUN_18179e2d0,,,a86fcd1087430402922906016ce17028741b36a4ed17d3ad71aae91ea6c1283b,undefined FUN_18179e2d0(),ghidra,clean,
WHGame.dll,release_1_5_1164953_841,0x179e38c,175,FUN_18179e38c,,,418becfa053a3bc3ac478fd7b6716bdaa095dd86f3facfb1f4346eb9df1c2dc5,undefined FUN_18179e38c(),ghidra,clean,
WHGame.dll,release_1_5_1164953_841,0x179e43c,196,FUN_18179e43c,,,ec336e18b3c9f739683da23a9b5407d2ef85ab893faabc95b15078a1a3e66d9d,undefined FUN_18179e43c(),ghidra,clean,
WHGame.dll,release_1_5_1164953_841,0x179e4f8,175,FUN_18179e4f8,,,9b67f96e6d8ed5d63cf16bdc73251c93942e5d32136e48175c68814836ddeeb8,undefined FUN_18179e4f8(),ghidra,clean,
WHGame.dll,release_1_5_1164953_841,0x179e5a8,196,FUN_18179e5a8,,,cd711c32cb25f53e14398fa663927fcec3d16788fb1051f0c852ccdc2fa8636e,undefined FUN_18179e5a8(),ghidra,clean,
WHGame.dll,release_1_5_1164953_841,0x179e664,175,FUN_18179e664,,,96ed6a3aca015624ecd668b59f91bb9449a7a8e6f0bcbd824f7de20681d05b0a,undefined FUN_18179e664(),ghidra,clean,
WHGame.dll,release_1_5_1164953_841,0x179e714,227,FUN_18179e714,,,87f1e7051fc57d61dff66f5e58b1a209d214757bdd63720d37d65b01fe11ff29,undefined FUN_18179e714(),ghidra,clean,
WHGame.dll,release_1_5_1164953_841,0x179e7f8,53,FUN_18179e7f8,,,024cfec2aae4b71d61adb9644e60508ec2e6ef5a6726684a6d00574895f02445,undefined FUN_18179e7f8(),ghidra,clean,
WHGame.dll,release_1_5_1164953_841,0x179e830,58,FUN_18179e830,,,86fcae33e94d76c999f9127ec098ab5d925299098f04a299702dc614929c6ce3,undefined FUN_18179e830(),ghidra,clean,
WHGame.dll,release_1_5_1164953_841,0x179e86c,81,FUN_18179e86c,,,944f3397f56b55d0972c5fa059440296f82d1cfaa002989c689b25dd8ad47ecd,undefined FUN_18179e86c(),ghidra,clean,
WHGame.dll,release_1_5_1164953_841,0x179e8a0,177,FUN_18179e8a0,,,3cbe054ef6fc1283bed756c9a4db88cf8cf51a33521a23e1ac8f354699006215,undefined FUN_18179e8a0(),ghidra,clean,
WHGame.dll,release_1_5_1164953_841,0x179e910,57,FUN_18179e910,,,c4047e5c7a39b56b24f5c4635608d3e41535e6d20c1a5d2b283fec55e1e958c3,undefined FUN_18179e910(),ghidra,clean,
WHGame.dll,release_1_5_1164953_841,0x179e94c,34,FUN_18179e94c,,,65a566e5f9aec768c12d4f2038b0d60e0f1f60f9bd1f50396920c3ab888da0d1,undefined FUN_18179e94c(),ghidra,clean,
WHGame.dll,release_1_5_1164953_841,0x179e970,113,FUN_18179e970,,,a50b24f1ce50fb6f296f0f5b0bb84d9d082a0a1fbb908c6857e8e69b81db35d6,undefined FUN_18179e970(),ghidra,clean,
WHGame.dll,release_1_5_1164953_841,0x179e9e4,180,FUN_18179e9e4,,,1827c1ecb5919340b699a8dd9bc2cef572699960b1cb0eb012ab6f5ff46bc532,undefined FUN_18179e9e4(),ghidra,clean,
WHGame.dll,release_1_5_1164953_841,0x179ea98,180,FUN_18179ea98,,,f3d123b9ec6cfa680e874c0969a4a85a61fe69d8686aef82ee3d50c2d92028de,undefined FUN_18179ea98(),ghidra,clean,
WHGame.dll,release_1_5_1164953_841,0x179eb4c,180,FUN_18179eb4c,,,b5edd1240aa98db9e3ac48f8dfd22248b3ea6c91d136bd8845fe935a8d5e36dd,undefined FUN_18179eb4c(),ghidra,clean,
WHGame.dll,release_1_5_1164953_841,0x179ec00,190,FUN_18179ec00,,,17c44e218716913f61d7e38fe8d188469cfa2e413fb8fde9a9e1d8dbd3f627fc,undefined FUN_18179ec00(),ghidra,clean,
WHGame.dll,release_1_5_1164953_841,0x179ecc0,180,FUN_18179ecc0,,,ea276efe7d66321ee27866bd6b5d3d329875afb94f9220052ba2bde2e06859c9,undefined FUN_18179ecc0(),ghidra,clean,
WHGame.dll,release_1_5_1164953_841,0x179ed74,180,FUN_18179ed74,,,c9baa272d2a67ce487c931955c8a43cb2c3703c955918c34ac72c40edad14cf9,undefined FUN_18179ed74(),ghidra,clean,
WHGame.dll,release_1_5_1164953_841,0x179ee28,180,FUN_18179ee28,,,8be600c6697582890d4a07e378391f79161c13d1c0139e12514cbed691d849d5,undefined FUN_18179ee28(),ghidra,clean,
WHGame.dll,release_1_5_1164953_841,0x179eedc,62,FUN_18179eedc,,,f68d02acd38e59a32e1cece2d5b62039cd7b94c54d6dd4583484a50a2e4fbb02,undefined FUN_18179eedc(),ghidra,clean,
WHGame.dll,release_1_5_1164953_841,0x179ef08,70,FUN_18179ef08,,,d6d747e2b27dfe1f74eb8727e951db2e39019dd9a4f597be6c878a266d7b6920,undefined FUN_18179ef08(),ghidra,clean,
WHGame.dll,release_1_5_1164953_841,0x179ef50,23,FUN_18179ef50,,,034f8c0a99029a1c6ca561fe76e0febacb55ee02225bbdf4afac75111ca13436,undefined FUN_18179ef50(),ghidra,clean,
WHGame.dll,release_1_5_1164953_841,0x179ef68,687,FUN_18179ef68,,,08eb294aa795a0d01d2b6416556696df6922da0fbfb5b0e438fdfbad768911a4,undefined FUN_18179ef68(),ghidra,clean,
WHGame.dll,release_1_5_1164953_841,0x179f02c,62,FUN_18179f02c,,,b2fa3ae0ca1ca0e7d0c5b06dbdc23788efe6f570a7e0417f7a32e50f9ab47fc7,undefined FUN_18179f02c(),ghidra,clean,
WHGame.dll,release_1_5_1164953_841,0x179f058,34,FUN_18179f058,,,4a28dba73c34628861e56b2e846228b4349fed53ef9a147c08a9dc71dfedecce,undefined FUN_18179f058(),ghidra,clean,
WHGame.dll,release_1_5_1164953_841,0x179f07c,196,FUN_18179f07c,,,f25172c24ab39590dd40919c5141efadcbdd7d2b8892ce621685696090a900c0,undefined FUN_18179f07c(),ghidra,clean,
WHGame.dll,release_1_5_1164953_841,0x179f138,175,FUN_18179f138,,,ff5d9aad3cb9c62acc0012300217aec037fb2e1221a785be4528d7e9509f02bd,undefined FUN_18179f138(),ghidra,clean,
WHGame.dll,release_1_5_1164953_841,0x179f1e8,409,FUN_18179f1e8,,,1efa025e16b404f20fa0b774164812c930053cb55ead1a5861bf0008ae77dbf3,undefined FUN_18179f1e8(),ghidra,clean,
WHGame.dll,release_1_5_1164953_841,0x179f310,80,FUN_18179f310,,,392be4f35379bcb122d26038b6c831ea2c8694801524da61f068ba52c27e7a15,undefined FUN_18179f310(),ghidra,clean,
WHGame.dll,release_1_5_1164953_841,0x179f360,296,FUN_18179f360,,,28eb93a347ef45357a47629f5ad936c54905d2f97741e9ae565cc52f53b27188,undefined FUN_18179f360(),ghidra,clean,
WHGame.dll,release_1_5_1164953_841,0x179f470,282,FUN_18179f470,,,5bcec01bafaba27f6e28932974d327cfece73f400330a6b00e80a7803003b49e,undefined FUN_18179f470(),ghidra,clean,
WHGame.dll,release_1_5_1164953_841,0x179f58c,227,FUN_18179f58c,,,78bc1ca9bd27c479765fc67bb12776caf3c2d2ebfcd110760c826340f4265087,undefined FUN_18179f58c(),ghidra,clean,
WHGame.dll,release_1_5_1164953_841,0x179f670,26,FUN_18179f670,,,819234953c91d716a341edb10dcca2267107efa13f78881bbca64f4a7a11eeca,undefined FUN_18179f670(),ghidra,clean,
WHGame.dll,release_1_5_1164953_841,0x179f68c,155,FUN_18179f68c,,,eb432f82ad44ec4991db1eed0339dca57577f3ff32321a5682bd94de3bea17fa,undefined FUN_18179f68c(),ghidra,clean,
WHGame.dll,release_1_5_1164953_841,0x179f728,291,FUN_18179f728,,,b187afef08de49613e4cd5a1bfe6d329798c595890fbf52973eb24e91397b53d,undefined FUN_18179f728(),ghidra,clean,
WHGame.dll,release_1_5_1164953_841,0x179f84c,26,FUN_18179f84c,,,819234953c91d716a341edb10dcca2267107efa13f78881bbca64f4a7a11eeca,undefined FUN_18179f84c(),ghidra,clean,
WHGame.dll,release_1_5_1164953_841,0x179f868,155,FUN_18179f868,,,7581b627c7aeac77c3b1ecbf34ff3dae2791c90ff4836b3ea21e9e077367502e,undefined FUN_18179f868(),ghidra,clean,
WHGame.dll,release_1_5_1164953_841,0x179f904,291,FUN_18179f904,,,3625be17853eaf533e65cf90e9719db6fae38ae259bac047e07218867855f178,undefined FUN_18179f904(),ghidra,clean,
WHGame.dll,release_1_5_1164953_841,0x179fa28,190,FUN_18179fa28,,,52debe275993f4dafccea155563d19e3fef673f5a5c1195d1ee25dd5fe0ec548,undefined FUN_18179fa28(),ghidra,clean,
WHGame.dll,release_1_5_1164953_841,0x179fae8,155,FUN_18179fae8,,,1fd7823efc8377fb0252d0061e4ea320460276ceb26d0e069c2b3c2f31d8a066,undefined FUN_18179fae8(),ghidra,clean,
WHGame.dll,release_1_5_1164953_841,0x179fb84,291,FUN_18179fb84,,,e7dd9687d0f3f6ada2b61199a8ac6820fb2a6b9d095133bfd616a840aea830a9,undefined FUN_18179fb84(),ghidra,clean,
WHGame.dll,release_1_5_1164953_841,0x179fca8,190,FUN_18179fca8,,,5d33d18abd829797213dd549f26d6907bd51ad6d46baeeb37baa4cef661461c8,undefined FUN_18179fca8(),ghidra,clean,
WHGame.dll,release_1_5_1164953_841,0x179fd68,155,FUN_18179fd68,,,8b1057f0caec8871d030903bc57e978152e3f132c6037f91e363ead3ecd12aa5,undefined FUN_18179fd68(),ghidra,clean,
WHGame.dll,release_1_5_1164953_841,0x179fe04,291,FUN_18179fe04,,,78fd5c23164b52b43457c58ba91f8c4134770bea956c8154692dbfb6066bdff0,undefined FUN_18179fe04(),ghidra,clean,
WHGame.dll,release_1_5_1164953_841,0x179ff28,144,FUN_18179ff28,,,995965a242c60bdd8b36ed80a319a11620a98f5c184d81974b3816d49cc4a972,undefined FUN_18179ff28(),ghidra,clean,
WHGame.dll,release_1_5_1164953_841,0x179ffbc,153,FUN_18179ffbc,,,97ab0d72db171ae6eaedc3d2e7f92545ce883586bdd1e1285a44d401c8e0dd5c,undefined FUN_18179ffbc(),ghidra,clean,
WHGame.dll,release_1_5_1164953_841,0x17a0044,514,FUN_1817a0044,,,7a1766bb7867d49b41e96aeddd102e5af9de3ced71ca5b919397ef357c7e2d2d,undefined FUN_1817a0044(),ghidra,clean,
WHGame.dll,release_1_5_1164953_841,0x17a0248,155,FUN_1817a0248,,,4273431006dc263194a38ebb7e60783816c9be28a6359cf97869f2390c79f8ff,undefined FUN_1817a0248(),ghidra,clean,
WHGame.dll,release_1_5_1164953_841,0x17a02e4,291,FUN_1817a02e4,,,5d3aee7dffd3a9904be5f3ec7dd3d6b14618662e1e55b103c5bde0264f475ad5,undefined FUN_1817a02e4(),ghidra,clean,
WHGame.dll,release_1_5_1164953_841,0x17a0408,383,FUN_1817a0408,,,27acb11d25471d4d618247f014108faa683efb3e7d8766d157bc467831403d8d,undefined FUN_1817a0408(),ghidra,clean,
WHGame.dll,release_1_5_1164953_841,0x17a0588,46,FUN_1817a0588,,,bc6b3d379345b1fc8de07281b425b6f53ff0995516a7e8220e4891dba8dab35e,undefined FUN_1817a0588(),ghidra,clean,
WHGame.dll,release_1_5_1164953_841,0x17a05b8,386,FUN_1817a05b8,,,0c0de34b71d7fc82b1a0893172ecf437c5c8e7e7ceecec313fb4e23fcd20c922,undefined FUN_1817a05b8(),ghidra,clean,
WHGame.dll,release_1_5_1164953_841,0x17a073c,192,FUN_1817a073c,,,75848a28e142aa65d9f2231c136209d3bd493fe7e8a6a2d84a405ca2f64c997c,undefined FUN_1817a073c(),ghidra,clean,
WHGame.dll,release_1_5_1164953_841,0x17a07f4,258,FUN_1817a07f4,,,ad17d75fc3ec479bfd82c237edc735537c53ba9673dbeef1a176d6e82dbfff0c,undefined FUN_1817a07f4(),ghidra,clean,
WHGame.dll,release_1_5_1164953_841,0x17a08f0,249,FUN_1817a08f0,,,30e391b18d5ac8285b3b3714468173bfb44906836ff2794ea0d66b7479c22202,undefined FUN_1817a08f0(),ghidra,clean,
WHGame.dll,release_1_5_1164953_841,0x17a09ec,202,FUN_1817a09ec,,,e65420db8fb372b9a920c830c689831c806c5715028a6d3e332853235a9c24cf,undefined FUN_1817a09ec(),ghidra,clean,
WHGame.dll,release_1_5_1164953_841,0x17a0ab8,234,FUN_1817a0ab8,,,46cfb16cff1480c9c3913623c0fa776961f20c0d5bbd8e3cb1ebe66c4bf3cf07,undefined FUN_1817a0ab8(),ghidra,clean,
WHGame.dll,release_1_5_1164953_841,0x17a0ba4,296,FUN_1817a0ba4,,,84cd0ff5a76d39ef45d07dd1a09d3e685f6f22251525e56b76d11340a4409be1,undefined FUN_1817a0ba4(),ghidra,clean,
WHGame.dll,release_1_5_1164953_841,0x17a0ccc,196,FUN_1817a0ccc,,,3bd0dd2983592dbdeb3f5c83d2bf4101a3dca9c946acda11975fbaa93a6b37e0,undefined FUN_1817a0ccc(),ghidra,clean,
WHGame.dll,release_1_5_1164953_841,0x17a0d88,175,FUN_1817a0d88,,,0949f9ce1b27c088edf33626a0527c2c58b05febb424184445cc85c723ce8de8,undefined FUN_1817a0d88(),ghidra,clean,
WHGame.dll,release_1_5_1164953_841,0x17a0e38,155,FUN_1817a0e38,,,b715de21d28507fbe9ae61e208e67405a3afbdd4d5107e972f0f2934e2a708e5,undefined FUN_1817a0e38(),ghidra,clean,
WHGame.dll,release_1_5_1164953_841,0x17a0ed4,293,FUN_1817a0ed4,,,7050b120a8dff954adba08d276aa2c18d097772d723865856057c2680ad13bde,undefined FUN_1817a0ed4(),ghidra,clean,
WHGame.dll,release_1_5_1164953_841,0x17a0ffc,155,FUN_1817a0ffc,,,4535e702615d54ebf01f04010fadc035e0f8f7ec0bc852f74c8006b33081968e,undefined FUN_1817a0ffc(),ghidra,clean,
WHGame.dll,release_1_5_1164953_841,0x17a1098,291,FUN_1817a1098,,,3b668695c5a8376af573fb8114e4e9cc84f1f1a06699e4b9c923508d822a99f5,undefined FUN_1817a1098(),ghidra,clean,
WHGame.dll,release_1_5_1164953_841,0x17a11bc,62,FUN_1817a11bc,,,6b9352dc0efb3fb0d277c09f79d6240d28d009485b0421148518b0090997059a,undefined FUN_1817a11bc(),ghidra,clean,
WHGame.dll,release_1_5_1164953_841,0x17a11e8,55,FUN_1817a11e8,,,db02ad5a8d21cf1b3fa7b88adc8b870ee3a8c7ec5da5eecc612b88a5509cfd78,undefined FUN_1817a11e8(),ghidra,clean,
WHGame.dll,release_1_5_1164953_841,0x17a1220,63,FUN_1817a1220,,,d0da0d55da17959fed45a737fd0fb6b96c7148437bbd6a49e399d2b0e9fd886f,undefined FUN_1817a1220(),ghidra,clean,
WHGame.dll,release_1_5_1164953_841,0x17a1240,206,FUN_1817a1240,,,3720b134738b1b33b5c84da4f9bd60bb25be5606cbd4996a6bfe183abae62dda,undefined FUN_1817a1240(),ghidra,clean,
WHGame.dll,release_1_5_1164953_841,0x17a1310,202,FUN_1817a1310,,,1de3cb889d9705890cd22b68422c49d48cc30674ae98258106e0984109b36f4c,undefined FUN_1817a1310(),ghidra,clean,
WHGame.dll,release_1_5_1164953_841,0x17a13dc,28,FUN_1817a13dc,,,e451a4aa652bb3865ddb52adf52819b9831e4a8716c7214e8499c0363c2e7e86,undefined FUN_1817a13dc(),ghidra,clean,
WHGame.dll,release_1_5_1164953_841,0x17a13f8,110,FUN_1817a13f8,,,a461fa2ff95c66c4d6f527c1bab669959d98388ecb81dbe9f5aff8f18d1ff3b6,undefined FUN_1817a13f8(),ghidra,clean,
WHGame.dll,release_1_5_1164953_841,0x17a1468,211,FUN_1817a1468,,,d03bbbc6629c457817db123343d7b2b2aa4530aa3bcd1c8a06b55076a5502873,undefined FUN_1817a1468(),ghidra,clean,
WHGame.dll,release_1_5_1164953_841,0x17a153c,103,FUN_1817a153c,,,a33dc4566f5a948d2550467a4aad912d5cf017f54b701afac1ec97c48a223a95,undefined FUN_1817a153c(),ghidra,clean,
WHGame.dll,release_1_5_1164953_841,0x17a15a4,112,FUN_1817a15a4,,,f1660dfae11459b2a7983d48becffa4208a5dbbd9e512ce3edb07564cc2f1b0b,undefined FUN_1817a15a4(),ghidra,clean,
WHGame.dll,release_1_5_1164953_841,0x17a1614,156,FUN_1817a1614,,,6aa812a181080dbca7a5a08682f2b37c259b5833119de734166bf3d63b00c432,undefined FUN_1817a1614(),ghidra,clean,
WHGame.dll,release_1_5_1164953_841,0x17a16b0,122,FUN_1817a16b0,,,dcf36579cca6dfac2c4fdf78303d0f76bf2e0225da86064789dcbf779bbbd997,undefined FUN_1817a16b0(),ghidra,clean,
WHGame.dll,release_1_5_1164953_841,0x17a16e0,141,FUN_1817a16e0,,,a656c3d31f3e023841058a8f2b12a82ebcc5473004174eca48d626ed61bef1bf,undefined FUN_1817a16e0(),ghidra,clean,
WHGame.dll,release_1_5_1164953_841,0x17a1770,263,FUN_1817a1770,,,365c55f8487b6d2b0517bcfdbff02b776205d8f7bd31c7f99a482b42c2712886,undefined FUN_1817a1770(),ghidra,clean,
WHGame.dll,release_1_5_1164953_841,0x17a1878,180,FUN_1817a1878,,,bf3079557e9378e414f3b72faa60b0a03d56e6b5de20e2d3ccc10cc7430a54a0,undefined FUN_1817a1878(),ghidra,clean,
WHGame.dll,release_1_5_1164953_841,0x17a192c,180,FUN_1817a192c,,,c328f4d446f6b5933a9ff10e6399de971d09c8612260c8217388406c750a2c6b,undefined FUN_1817a192c(),ghidra,clean,
WHGame.dll,release_1_5_1164953_841,0x17a19e0,180,FUN_1817a19e0,,,983909122bc22a877a19b629be8907c0a2e5fcd8a21f029324202ae29c2bf392,undefined FUN_1817a19e0(),ghidra,clean,
WHGame.dll,release_1_5_1164953_841,0x17a1a94,180,FUN_1817a1a94,,,ad71eb884fc6870bd97840ea79d2605abc026c3d153c0e4d62298174f54812aa,undefined FUN_1817a1a94(),ghidra,clean,
WHGame.dll,release_1_5_1164953_841,0x17a1b48,180,FUN_1817a1b48,,,2f6239fbe0f705d2e6150da035815bf296735dbcbda71d62e0cf5f67b2127da2,undefined FUN_1817a1b48(),ghidra,clean,
WHGame.dll,release_1_5_1164953_841,0x17a1bfc,180,FUN_1817a1bfc,,,36edf7f48f60262d7091b0c2724dcf3f1604e547affd64b324b67c524cd6c4e3,undefined FUN_1817a1bfc(),ghidra,clean,
WHGame.dll,release_1_5_1164953_841,0x17a1cb0,180,FUN_1817a1cb0,,,4e237ac46ac4d0afa2ffb02ae47b4c6874aa175e839e75ec30128b6a33159304,undefined FUN_1817a1cb0(),ghidra,clean,
WHGame.dll,release_1_5_1164953_841,0x17a1d64,180,FUN_1817a1d64,,,759f2dda38b61fb58423e4cc797d11c90aaf9db5993e9a3583b675533375f087,undefined FUN_1817a1d64(),ghidra,clean,
WHGame.dll,release_1_5_1164953_841,0x17a1e18,180,FUN_1817a1e18,,,be02b01a611ab9dbf097bfa873c8f7bad09c51d2241f80e8c9488025a183f588,undefined FUN_1817a1e18(),ghidra,clean,
WHGame.dll,release_1_5_1164953_841,0x17a1ecc,433,FUN_1817a1ecc,,,7cb494e75dab8027b89fb6598d9166b15b8937a39aad0abdf1e6536f16887eef,undefined FUN_1817a1ecc(),ghidra,clean,
WHGame.dll,release_1_5_1164953_841,0x17a2080,606,FUN_1817a2080,,,6ccf6d00a64be5092164bfc4bc604027035c7c6e6b3f128a4bbfa2913a702efa,undefined FUN_1817a2080(),ghidra,clean,
WHGame.dll,release_1_5_1164953_841,0x17a22e0,200,FUN_1817a22e0,,,e268be2b82d1a1105ce5e1bf00b5a48f57ae58668192e61488d7bd0867850030,undefined FUN_1817a22e0(),ghidra,clean,
WHGame.dll,release_1_5_1164953_841,0x17a23ac,113,FUN_1817a23ac,,,e63c14144800762e2efdd4c414e37bcae239dadadbf25fec2d4e1de5d4712598,undefined FUN_1817a23ac(),ghidra,clean,
WHGame.dll,release_1_5_1164953_841,0x17a2420,66,FUN_1817a2420,,,70ecd0f3dfb5cd4290cd6eb05e883adb399aa9c4c645daff908c09c0b7ab9181,undefined FUN_1817a2420(),ghidra,clean,
WHGame.dll,release_1_5_1164953_841,0x17a2464,50,FUN_1817a2464,,,9442a6cf5624ed047debb2aadcf2793499fa0ad161357077bfd5f5291a7e2179,undefined FUN_1817a2464(),ghidra,clean,
WHGame.dll,release_1_5_1164953_841,0x17a24b0,267,FUN_1817a24b0,,,49d60cc73298cb189baf71f12f9969e3e78fcec6eb728ed9c665664ec4d1b490,undefined FUN_1817a24b0(),ghidra,clean,
WHGame.dll,release_1_5_1164953_841,0x17a25a8,30,FUN_1817a25a8,,,556ba11a9da13d1ed56c1b1ca9a0c35c98a1599d1c55cafb8f36f44723fd8048,undefined FUN_1817a25a8(),ghidra,clean,
WHGame.dll,release_1_5_1164953_841,0x17a25c8,155,FUN_1817a25c8,,,f6c3474e1cdd59a69ddb34397cda28ed0f6d69162af46af0df79b982d83adb99,undefined FUN_1817a25c8(),ghidra,clean,
WHGame.dll,release_1_5_1164953_841,0x17a2664,291,FUN_1817a2664,,,ea6671328f9bec3ff3d554c46a73af28fefae662359215a611565664fd917cd6,undefined FUN_1817a2664(),ghidra,clean,
WHGame.dll,release_1_5_1164953_841,0x17a2788,434,FUN_1817a2788,,,f036c558cf27f4ab6b2c6efc873e67651fe3d28b328d0eb44bd8c509233a3d5c,undefined FUN_1817a2788(),ghidra,clean,
WHGame.dll,release_1_5_1164953_841,0x17a293c,284,FUN_1817a293c,,,9df917f181093759f9259611841ef6f1be3d75e8be49fc0db7d6597f52878a73,undefined FUN_1817a293c(),ghidra,clean,
WHGame.dll,release_1_5_1164953_841,0x17a2a4c,251,FUN_1817a2a4c,,,d4e08cd65e4accedfa5214bc20e6464bab7000983819c8e722356510a63d16e4,undefined FUN_1817a2a4c(),ghidra,clean,
WHGame.dll,release_1_5_1164953_841,0x17a2b48,233,FUN_1817a2b48,,,68d87f364986bb6edc5ec1e0cc534dbc288e2a906846d47b442dde472c9e83ff,undefined FUN_1817a2b48(),ghidra,clean,
WHGame.dll,release_1_5_1164953_841,0x17a2c34,52,FUN_1817a2c34,,,fa8b8b0ea85289180f3cd198b86ecb249124e3d1755ecd7735d22ff0a13da1d1,undefined FUN_1817a2c34(),ghidra,clean,
WHGame.dll,release_1_5_1164953_841,0x17a2c68,284,FUN_1817a2c68,,,ba6c1b7141b99c0502842d948365c5a61aafe9d52b2905537cbff7f6461b6f3b,undefined FUN_1817a2c68(),ghidra,clean,
WHGame.dll,release_1_5_1164953_841,0x17a2d74,104,FUN_1817a2d74,,,58404b1a68a52ddf15d145e546e2f82be08819c6088ecb8bf9fabb9237ae8b7b,undefined FUN_1817a2d74(),ghidra,clean,
WHGame.dll,release_1_5_1164953_841,0x17a2ddc,61,FUN_1817a2ddc,,,5c2426284404ab9235a09308887e2386b79cb16bead321c52ebfdc457d2a0f0c,undefined FUN_1817a2ddc(),ghidra,clean,
WHGame.dll,release_1_5_1164953_841,0x17a2e1c,135,FUN_1817a2e1c,,,1f71e52fa09dfde935eaa8adebe91d193b6f85b60c6a2da07725f4897d8ed2ee,undefined FUN_1817a2e1c(),ghidra,clean,
WHGame.dll,release_1_5_1164953_841,0x17a2ea4,175,FUN_1817a2ea4,,,6fe028efebd0cf8c8138b26cb90d86cf93fce65aa2d6c233cc89b3833b68acde,undefined FUN_1817a2ea4(),ghidra,clean,
WHGame.dll,release_1_5_1164953_841,0x17a2f54,91,FUN_1817a2f54,,,19c853770b04da849fb77055214fc7bcb287feafdb7ba6e0acbb38c4594f8463,undefined FUN_1817a2f54(),ghidra,clean,
WHGame.dll,release_1_5_1164953_841,0x17a2fb0,74,FUN_1817a2fb0,,,b967a1c9d6584886484402427788f2409f97f6e77d59b36ae41ae4d016212c71,undefined FUN_1817a2fb0(),ghidra,clean,
WHGame.dll,release_1_5_1164953_841,0x17a2ffc,161,FUN_1817a2ffc,,,7ca008204657f8b5b3aa0e047eee71a196722337ef62fc1d41d745e54f826f29,undefined FUN_1817a2ffc(),ghidra,clean,
WHGame.dll,release_1_5_1164953_841,0x17a30a0,135,FUN_1817a30a0,,,75818fc82a748fa494c9ac10e5ac62d391d665fc6d5002ebd12a1d05f1e3a5e2,undefined FUN_1817a30a0(),ghidra,clean,
WHGame.dll,release_1_5_1164953_841,0x17a3128,175,FUN_1817a3128,,,81560757d854f5c14940d5e248bcc4df51eda13f5415c4e3c67616791e81b096,undefined FUN_1817a3128(),ghidra,clean,
WHGame.dll,release_1_5_1164953_841,0x17a31d8,83,FUN_1817a31d8,,,4eedd510669cedefbefc05631daf5ef4975a4750c60249678ec21c0a8a1622f3,undefined FUN_1817a31d8(),ghidra,clean,
WHGame.dll,release_1_5_1164953_841,0x17a322c,104,FUN_1817a322c,,,58404b1a68a52ddf15d145e546e2f82be08819c6088ecb8bf9fabb9237ae8b7b,undefined FUN_1817a322c(),ghidra,clean,
WHGame.dll,release_1_5_1164953_841,0x17a3294,61,FUN_1817a3294,,,5c2426284404ab9235a09308887e2386b79cb16bead321c52ebfdc457d2a0f0c,undefined FUN_1817a3294(),ghidra,clean,
WHGame.dll,release_1_5_1164953_841,0x17a32d4,135,FUN_1817a32d4,,,841a53160414f3bd6b80f6bf34b305c60c8ecb8b8180b2a27d16977716352d90,undefined FUN_1817a32d4(),ghidra,clean,
WHGame.dll,release_1_5_1164953_841,0x17a335c,175,FUN_1817a335c,,,9a15c9b8375ea5e616794a941d6a50eb9b31a002ce91aa6444ca22254f710484,undefined FUN_1817a335c(),ghidra,clean,
WHGame.dll,release_1_5_1164953_841,0x17a340c,115,FUN_1817a340c,,,39900fa9665fc9679302f03954303801942d34d04a7b69f5e352727422de2152,undefined FUN_1817a340c(),ghidra,clean,
WHGame.dll,release_1_5_1164953_841,0x17a3480,213,FUN_1817a3480,,,986a4d68f22b7521b08dc6c51855cbd4980e1bcd31df08d3c201c2db7b6133b3,undefined FUN_1817a3480(),ghidra,clean,
WHGame.dll,release_1_5_1164953_841,0x17a3548,68,FUN_1817a3548,,,60acb6223fdcbdc119b574117a2d3e2b6d6c34d282590d2303022ec292d2df5e,undefined FUN_1817a3548(),ghidra,clean,
WHGame.dll,release_1_5_1164953_841,0x17a358c,130,FUN_1817a358c,,,d184fe6bb6391e3a60c08f0dd758ce0e7a07dbccd76a2916653600a253527492,undefined FUN_1817a358c(),ghidra,clean,
WHGame.dll,release_1_5_1164953_841,0x17a3610,114,FUN_1817a3610,,,cb854cc4d02a2d38149708029c5907d3237322d1a5053b739b844133095877a6,undefined FUN_1817a3610(),ghidra,clean,
WHGame.dll,release_1_5_1164953_841,0x17a3684,55,FUN_1817a3684,,,1e156318cdcbeb60c864dff7faa58505b3cb353085ebaa22e16c042b180809d4,undefined FUN_1817a3684(),ghidra,clean,
WHGame.dll,release_1_5_1164953_841,0x17a36bc,67,FUN_1817a36bc,,,61844ff474fbb674478657726b0ad5008d561d6774c76a2dc0a0e4422dd7352f,undefined FUN_1817a36bc(),ghidra,clean,
WHGame.dll,release_1_5_1164953_841,0x17a3700,67,FUN_1817a3700,,,df1c924f1a4d0e5c40aa19155d6824a847076cfd259149758bd1e0ec890cb1aa,undefined FUN_1817a3700(),ghidra,clean,
WHGame.dll,release_1_5_1164953_841,0x17a3744,67,FUN_1817a3744,,,2a9b1265f8adbf3ff3f8f63a53752068f46e34bd6c4122295ba80124d2cfffa7,undefined FUN_1817a3744(),ghidra,clean,
WHGame.dll,release_1_5_1164953_841,0x17a3788,67,FUN_1817a3788,,,01dc436e7b292d5f117cfcfb6d12f487951ce1a32a68451d2489600ebd87fa57,undefined FUN_1817a3788(),ghidra,clean,
WHGame.dll,release_1_5_1164953_841,0x17a37cc,62,FUN_1817a37cc,,,0ddd4c225f76ef2a8ebb409d3ca1537570919d2f67f07be3d9b5e60269c3ab71,undefined FUN_1817a37cc(),ghidra,clean,
WHGame.dll,release_1_5_1164953_841,0x17a380c,428,FUN_1817a380c,,,18eeb0890c459e6bf89cadacef2d5e2a6aaad58d4cc2e63c2c0219841df644be,undefined FUN_1817a380c(),ghidra,clean,
WHGame.dll,release_1_5_1164953_841,0x17a39b8,160,FUN_1817a39b8,,,e87f18419231569d9ab63c591872f85a1628b104300df9d0be128eef04456fcc,undefined FUN_1817a39b8(),ghidra,clean,
WHGame.dll,release_1_5_1164953_841,0x17a3a58,160,FUN_1817a3a58,,,476091d7cd58819dc7eff65964c138590e3b71dfd103806b08987919c5712deb,undefined FUN_1817a3a58(),ghidra,clean,
WHGame.dll,release_1_5_1164953_841,0x17a3af8,160,FUN_1817a3af8,,,5f25bb52ad6160c689336bba59dba7edf8e863e22c3e613a0e8d241f8ba25902,undefined FUN_1817a3af8(),ghidra,clean,
WHGame.dll,release_1_5_1164953_841,0x17a3b98,167,FUN_1817a3b98,,,7e2ef2f2cd4c50ec506db9c2ff7de6cecef6769fb668673f3694492757353e34,undefined FUN_1817a3b98(),ghidra,clean,
WHGame.dll,release_1_5_1164953_841,0x17a3c40,167,FUN_1817a3c40,,,b49f2800d75c5331ffd6c6f5193af3c82c3a126152f2511adae9fc6b16e74681,undefined FUN_1817a3c40(),ghidra,clean,
WHGame.dll,release_1_5_1164953_841,0x17a3ce8,304,FUN_1817a3ce8,,,104dac8b697d59bbd354815a8643425d53fb69e8947c3a9e4e659e3f9c5dff9c,undefined FUN_1817a3ce8(),ghidra,clean,
WHGame.dll,release_1_5_1164953_841,0x17a3e18,527,FUN_1817a3e18,,,61eb903c784fc70b8dc63c739df010fbc0e17a573b622fcb000589c512a68241,undefined FUN_1817a3e18(),ghidra,clean,
WHGame.dll,release_1_5_1164953_841,0x17a4028,341,FUN_1817a4028,,,1af6a3721497dd2a9f81c06bf056646f7cc55a156f24ebd3ecc17eab13fd4c3c,undefined FUN_1817a4028(),ghidra,clean,
WHGame.dll,release_1_5_1164953_841,0x17a4180,91,FUN_1817a4180,,,33dc38d9089e3d3a0239f7bb57c017858147f4796e2d750e9f49c0b1906f9f61,undefined FUN_1817a4180(),ghidra,clean,
WHGame.dll,release_1_5_1164953_841,0x17a41dc,91,FUN_1817a41dc,,,288547ddf1346fed53aa0faf0829e6ee2570ed6511ecc7f897b3e90157bd8663,undefined FUN_1817a41dc(),ghidra,clean,
WHGame.dll,release_1_5_1164953_841,0x17a4238,91,FUN_1817a4238,,,fe1ad3c7887c0877ea65cf5cf68399477a4fa1a157fe83e7a120d40bfdb6fa28,undefined FUN_1817a4238(),ghidra,clean,
WHGame.dll,release_1_5_1164953_841,0x17a4294,91,FUN_1817a4294,,,3cd32ff051ec264a1c618aef077b7a56e3e358568f0181fce2536c352c30b5e0,undefined FUN_1817a4294(),ghidra,clean,
WHGame.dll,release_1_5_1164953_841,0x17a42f0,65,FUN_1817a42f0,,,8ad76b2f849db18c3a30567635c7616dd0d13dc3c5d7aad627ec8c6b7138720e,undefined FUN_1817a42f0(),ghidra,clean,
WHGame.dll,release_1_5_1164953_841,0x17a4334,9,FUN_1817a4334,,,92cfad94c37995036c89129baf360aa215b66f9c0a2d5daf163eba78a5484f6d,undefined FUN_1817a4334(),ghidra,clean,
WHGame.dll,release_1_5_1164953_841,0x17a4340,180,FUN_1817a4340,,,be0e91e123868537cd3603c705737f865af2b4d4f5c705f5fddc021fca5f7eb1,undefined FUN_1817a4340(),ghidra,clean,
WHGame.dll,release_1_5_1164953_841,0x17a43f4,180,FUN_1817a43f4,,,d51b7f24cd65cc74087369a0fa37b886015adcf253bda92582f8a39d2e5bab31,undefined FUN_1817a43f4(),ghidra,clean,
WHGame.dll,release_1_5_1164953_841,0x17a44a8,152,FUN_1817a44a8,,,f51779bba5714af4896fff808afdd4b8658e9f3317f08af1c9fb27af1f28e7d0,undefined FUN_1817a44a8(),ghidra,clean,
WHGame.dll,release_1_5_1164953_841,0x17a4520,195,FUN_1817a4520,,,7618354e2b2c809136e68ab989f2413c1b77d0e6a2070c66dc8957289c2aaa0b,undefined FUN_1817a4520(),ghidra,clean,
WHGame.dll,release_1_5_1164953_841,0x17a45e4,242,FUN_1817a45e4,,,9a6e134b1d07a6afc6ab1c33db5ded53297a5e5bd8fc9d93f34adbf28de91951,undefined FUN_1817a45e4(),ghidra,clean,
WHGame.dll,release_1_5_1164953_841,0x17a46cc,306,FUN_1817a46cc,,,e9c9bc4c128f88c095cb5d3259b1a557fb3f7285faac4b7ed55e0c9537651e64,undefined FUN_1817a46cc(),ghidra,clean,
WHGame.dll,release_1_5_1164953_841,0x17a4800,91,FUN_1817a4800,,,8e617ba54d63d4952b9ff08b23c80b96a8fb70b29cd98704fb2fa77924b6e339,undefined FUN_1817a4800(),ghidra,clean,
WHGame.dll,release_1_5_1164953_841,0x17a485c,100,FUN_1817a485c,,,5e2329120b228d6cd6199b75ee22f4a20be50b2c8b0a29fb72d0ff9908bd04a5,undefined FUN_1817a485c(),ghidra,clean,
WHGame.dll,release_1_5_1164953_841,0x17a48c0,17,FUN_1817a48c0,,,746a0aba1a9f6597d7560251933ca629320e06e9beda625a0bcd913830942ab6,undefined FUN_1817a48c0(),ghidra,clean,
WHGame.dll,release_1_5_1164953_841,0x17a48d4,30,FUN_1817a48d4,,,c04096a1abcefdfcfec7ed3e2224980ea794a61d33e6f3974e894c07b67c5879,undefined FUN_1817a48d4(),ghidra,clean,
WHGame.dll,release_1_5_1164953_841,0x17a48f4,173,FUN_1817a48f4,,,d237ffe3e866ecb35973fee4ea2153a7a08611a7fa1da51380b7cea3969d7ee7,undefined FUN_1817a48f4(),ghidra,clean,
WHGame.dll,release_1_5_1164953_841,0x17a4984,173,FUN_1817a4984,,,4d44067feaaac84465167d291c8319072b0542026cd75b7a96322838383a7ba2,undefined FUN_1817a4984(),ghidra,clean,
WHGame.dll,release_1_5_1164953_841,0x17a4a14,51,FUN_1817a4a14,,,7fe4deed80f266afa83b48d788c4ab2fcf791750cd83dfaaf92a351c58bb6244,undefined FUN_1817a4a14(),ghidra,clean,
WHGame.dll,release_1_5_1164953_841,0x17a4a2c,192,FUN_1817a4a2c,,,4f36a5e4295699a804c3754bf2520f73a3962b149e499ad0ce78fa93abc862e3,undefined FUN_1817a4a2c(),ghidra,clean,
WHGame.dll,release_1_5_1164953_841,0x17a4ab4,385,FUN_1817a4ab4,,,f11ac8072f5ec8f43746d678028c62e91dd36429902c7e520b724941cddf7f52,undefined FUN_1817a4ab4(),ghidra,clean,
WHGame.dll,release_1_5_1164953_841,0x17a4c38,197,FUN_1817a4c38,,,d440136f08e83819fad113b62dd7aee8b5a14b9fc8263b80ae8308b42461e421,undefined FUN_1817a4c38(),ghidra,clean,
WHGame.dll,release_1_5_1164953_841,0x17a4d00,374,FUN_1817a4d00,,,4399d44d2c35a1ba83ba2ffb48bbd15aebf0183eee551dde3b88e18405d0b177,undefined FUN_1817a4d00(),ghidra,clean,
WHGame.dll,release_1_5_1164953_841,0x17a4e78,26,FUN_1817a4e78,,,819234953c91d716a341edb10dcca2267107efa13f78881bbca64f4a7a11eeca,undefined FUN_1817a4e78(),ghidra,clean,
WHGame.dll,release_1_5_1164953_841,0x17a4e94,155,FUN_1817a4e94,,,a6a8a6978bc17fc016d06a794fdab4b3356746b8b39a20e480a3c64785c3d004,undefined FUN_1817a4e94(),ghidra,clean,
WHGame.dll,release_1_5_1164953_841,0x17a4f30,304,FUN_1817a4f30,,,fe7f41e1853256017ac6399a1a9388220d6987132732b95c883ab9b619c9735e,undefined FUN_1817a4f30(),ghidra,clean,
WHGame.dll,release_1_5_1164953_841,0x17a5060,155,FUN_1817a5060,,,a4cd7523a5f69db0c74025ee4278871bcb0329c498037ae0933fa5da4daacec3,undefined FUN_1817a5060(),ghidra,clean,
WHGame.dll,release_1_5_1164953_841,0x17a50fc,298,FUN_1817a50fc,,,92fc25f243231cc720b957365c30cbb35d87506456c22b6475060a04485e719c,undefined FUN_1817a50fc(),ghidra,clean,
WHGame.dll,release_1_5_1164953_841,0x17a5228,26,FUN_1817a5228,,,819234953c91d716a341edb10dcca2267107efa13f78881bbca64f4a7a11eeca,undefined FUN_1817a5228(),ghidra,clean,
WHGame.dll,release_1_5_1164953_841,0x17a5244,155,FUN_1817a5244,,,2226eb179155b86ed362c44562ec133997b2dbce1c7c5f42dd7a7f0e5e3954eb,undefined FUN_1817a5244(),ghidra,clean,
WHGame.dll,release_1_5_1164953_841,0x17a52e0,304,FUN_1817a52e0,,,6ae19d6a63554a2546f4e8df903922dd29af6e90658ec5cfa579dfdb96c01dd0,undefined FUN_1817a52e0(),ghidra,clean,
WHGame.dll,release_1_5_1164953_841,0x17a5410,155,FUN_1817a5410,,,e081fcfb3d46512d84cee2d265277af6e07616804e16ad4bd9c427da22516afc,undefined FUN_1817a5410(),ghidra,clean,
WHGame.dll,release_1_5_1164953_841,0x17a54ac,298,FUN_1817a54ac,,,0afb8cf3222199cc09edbfdd5fa70ced7ba227647f48024d1e30a95ccc065b42,undefined FUN_1817a54ac(),ghidra,clean,
WHGame.dll,release_1_5_1164953_841,0x17a55d8,26,FUN_1817a55d8,,,819234953c91d716a341edb10dcca2267107efa13f78881bbca64f4a7a11eeca,undefined FUN_1817a55d8(),ghidra,clean,
WHGame.dll,release_1_5_1164953_841,0x17a55f4,155,FUN_1817a55f4,,,99fcb7e2088301afc1f4c48819d0f0156b2ea87e0ba0daed14bffb1c62c7b362,undefined FUN_1817a55f4(),ghidra,clean,
WHGame.dll,release_1_5_1164953_841,0x17a5690,304,FUN_1817a5690,,,22171c52746d58a767fea5a1d7d7b6c9fbfb3efb25e9a572f7efd61a42fb9dda,undefined FUN_1817a5690(),ghidra,clean,
WHGame.dll,release_1_5_1164953_841,0x17a57c0,155,FUN_1817a57c0,,,fe58d6b34e5b5ad258900745b6c884c310ba7a9c30df948f87f718ea8338eb01,undefined FUN_1817a57c0(),ghidra,clean,
WHGame.dll,release_1_5_1164953_841,0x17a585c,298,FUN_1817a585c,,,71a9251ebb500826d9dc619e0610a0a07048e8dfff49d8f48e088757ea7c756c,undefined FUN_1817a585c(),ghidra,clean,
WHGame.dll,release_1_5_1164953_841,0x17a5988,26,FUN_1817a5988,,,819234953c91d716a341edb10dcca2267107efa13f78881bbca64f4a7a11eeca,undefined FUN_1817a5988(),ghidra,clean,
WHGame.dll,release_1_5_1164953_841,0x17a59a4,155,FUN_1817a59a4,,,8a3683c6bab0b2a0ff227ac926cb59e192d81549ed850fb2f8dc13b18dc88fcb,undefined FUN_1817a59a4(),ghidra,clean,
WHGame.dll,release_1_5_1164953_841,0x17a5a40,304,FUN_1817a5a40,,,c152ae4d9767acb7c6383f6d642ba439b5420f4330623adffa8bb5757017e3a4,undefined FUN_1817a5a40(),ghidra,clean,
WHGame.dll,release_1_5_1164953_841,0x17a5b70,155,FUN_1817a5b70,,,1d5a28a29159948b66602c6946895b6a3ee8306abcd22aec360142030392e75b,undefined FUN_1817a5b70(),ghidra,clean,
WHGame.dll,release_1_5_1164953_841,0x17a5c0c,298,FUN_1817a5c0c,,,e68676c81843b42532dec7a2dca5544bc7ba631c926dca798b8868c11060a0f4,undefined FUN_1817a5c0c(),ghidra,clean,
WHGame.dll,release_1_5_1164953_841,0x17a5d38,26,FUN_1817a5d38,,,819234953c91d716a341edb10dcca2267107efa13f78881bbca64f4a7a11eeca,undefined FUN_1817a5d38(),ghidra,clean,
WHGame.dll,release_1_5_1164953_841,0x17a5d54,155,FUN_1817a5d54,,,ffeb6313dfa326b1807e6f1c5242f7c9f261cd0ad24681b9a0b95c597f2c3ac8,undefined FUN_1817a5d54(),ghidra,clean,
WHGame.dll,release_1_5_1164953_841,0x17a5df0,304,FUN_1817a5df0,,,8de61b1bc14ea1706f6bf09007e11b8921928b02dc6745175af33686cccd4c6a,undefined FUN_1817a5df0(),ghidra,clean,
WHGame.dll,release_1_5_1164953_841,0x17a5f20,155,FUN_1817a5f20,,,fe068f55dddfb0f0bf59ee393d3e4da34758e0cae904bdce40d0617554c58899,undefined FUN_1817a5f20(),ghidra,clean,
WHGame.dll,release_1_5_1164953_841,0x17a5fbc,298,FUN_1817a5fbc,,,920db5f945b3eea60d64a90f28ee70db82ba8d90c6ddddc67acbdd19c0f7770b,undefined FUN_1817a5fbc(),ghidra,clean,
WHGame.dll,release_1_5_1164953_841,0x17a60e8,26,FUN_1817a60e8,,,819234953c91d716a341edb10dcca2267107efa13f78881bbca64f4a7a11eeca,undefined FUN_1817a60e8(),ghidra,clean,
WHGame.dll,release_1_5_1164953_841,0x17a6104,155,FUN_1817a6104,,,3408ae37c1cc9b5508e088e1d30f0eb32f9072774d42acb89ffc717e230ce4e1,undefined FUN_1817a6104(),ghidra,clean,
WHGame.dll,release_1_5_1164953_841,0x17a61a0,304,FUN_1817a61a0,,,d82533d97281c588ef2d0f28fe87ef5cd6f8d3079af228e1b769961360799b3b,undefined FUN_1817a61a0(),ghidra,clean,
WHGame.dll,release_1_5_1164953_841,0x17a62d0,155,FUN_1817a62d0,,,82078a7fd3b41ebbced4be051bdd854c3bc8498e2fa995a56ebd47a2af8f5afa,undefined FUN_1817a62d0(),ghidra,clean,
WHGame.dll,release_1_5_1164953_841,0x17a636c,298,FUN_1817a636c,,,28bf61e2ee29407f7e7697513855bcee2884def27893d8553e866e534bb5bec0,undefined FUN_1817a636c(),ghidra,clean,
WHGame.dll,release_1_5_1164953_841,0x17a6498,26,FUN_1817a6498,,,819234953c91d716a341edb10dcca2267107efa13f78881bbca64f4a7a11eeca,undefined FUN_1817a6498(),ghidra,clean,
WHGame.dll,release_1_5_1164953_841,0x17a64b4,155,FUN_1817a64b4,,,8b98f6fa1dad5b3065eab476a2e40f81b0d3f1ce9ca2cff45b2a7ca6fa8715cc,undefined FUN_1817a64b4(),ghidra,clean,
WHGame.dll,release_1_5_1164953_841,0x17a6550,304,FUN_1817a6550,,,a87bd115b9d6a20a0667e47c4db3aaa85331dd6f9465eeb46b556074bf1ed810,undefined FUN_1817a6550(),ghidra,clean,
WHGame.dll,release_1_5_1164953_841,0x17a6680,155,FUN_1817a6680,,,1f0c43871257f42e42802ac482e6a09915e8eb3826bdce1086699acab90f89c6,undefined FUN_1817a6680(),ghidra,clean,
WHGame.dll,release_1_5_1164953_841,0x17a671c,298,FUN_1817a671c,,,74e66bcf3059a7cb96b321d9d34dcf6de635797b5a8b93a9e3662310c666281b,undefined FUN_1817a671c(),ghidra,clean,
WHGame.dll,release_1_5_1164953_841,0x17a6848,26,FUN_1817a6848,,,819234953c91d716a341edb10dcca2267107efa13f78881bbca64f4a7a11eeca,undefined FUN_1817a6848(),ghidra,clean,
WHGame.dll,release_1_5_1164953_841,0x17a6864,155,FUN_1817a6864,,,b2f3dfbea2c4e5a3af8eff0b61c4928ec17cd2267a4bd1a598708f37e853f0a6,undefined FUN_1817a6864(),ghidra,clean,
WHGame.dll,release_1_5_1164953_841,0x17a6900,304,FUN_1817a6900,,,f72c5db904bad7cb6ebc6d2655037e4ae8a8d2916c9e84f73fb918aea4f18014,undefined FUN_1817a6900(),ghidra,clean,
WHGame.dll,release_1_5_1164953_841,0x17a6a30,155,FUN_1817a6a30,,,15464cdf620abc11ae9edde5a7d2a64e35ec3d50d443507955a1b5bd8fae3085,undefined FUN_1817a6a30(),ghidra,clean,
WHGame.dll,release_1_5_1164953_841,0x17a6acc,298,FUN_1817a6acc,,,191a93097163c317c5b64386f5f456a56e2582d48ccf78e25204afce1fb4e578,undefined FUN_1817a6acc(),ghidra,clean,
WHGame.dll,release_1_5_1164953_841,0x17a6bf8,26,FUN_1817a6bf8,,,819234953c91d716a341edb10dcca2267107efa13f78881bbca64f4a7a11eeca,undefined FUN_1817a6bf8(),ghidra,clean,
WHGame.dll,release_1_5_1164953_841,0x17a6c14,155,FUN_1817a6c14,,,98217473acdb8b93d03aeff6f2663d90e0c81d5fe33b7b6f0ad9699b0b226583,undefined FUN_1817a6c14(),ghidra,clean,
WHGame.dll,release_1_5_1164953_841,0x17a6cb0,304,FUN_1817a6cb0,,,a9311481c4f4aeca5d684467b4d4fe1033613b3805cdc83a1a00117be1551249,undefined FUN_1817a6cb0(),ghidra,clean,
WHGame.dll,release_1_5_1164953_841,0x17a6de0,155,FUN_1817a6de0,,,b8a4cdf2a1742f633c1b25cecc119200e8b5366083013e6124a37ae102b10c26,undefined FUN_1817a6de0(),ghidra,clean,
WHGame.dll,release_1_5_1164953_841,0x17a6e7c,298,FUN_1817a6e7c,,,52cb4efa79c0ff6d815a31e435a3c8f8dd983c3ae8f9311f91738c90f75994e7,undefined FUN_1817a6e7c(),ghidra,clean,
WHGame.dll,release_1_5_1164953_841,0x17a6fa8,26,FUN_1817a6fa8,,,819234953c91d716a341edb10dcca2267107efa13f78881bbca64f4a7a11eeca,undefined FUN_1817a6fa8(),ghidra,clean,
WHGame.dll,release_1_5_1164953_841,0x17a6fc4,155,FUN_1817a6fc4,,,1564408c33235de99db9f640796bbe5f7ba25a10203b4d39049ed91095131116,undefined FUN_1817a6fc4(),ghidra,clean,
WHGame.dll,release_1_5_1164953_841,0x17a7060,304,FUN_1817a7060,,,3c09c46821893505bf4763e3cebaec2689f2541c24f0219f74537296ec17934c,undefined FUN_1817a7060(),ghidra,clean,
WHGame.dll,release_1_5_1164953_841,0x17a7190,155,FUN_1817a7190,,,40f1f03ea4e237f4fb64b69b9a893de74df65261393f6edcdb472314238e876a,undefined FUN_1817a7190(),ghidra,clean,
WHGame.dll,release_1_5_1164953_841,0x17a722c,298,FUN_1817a722c,,,1f9c20158238ba5fce21475d7f22de072374dab4d4fc5043aa4e17174144f20d,undefined FUN_1817a722c(),ghidra,clean,
WHGame.dll,release_1_5_1164953_841,0x17a7358,26,FUN_1817a7358,,,819234953c91d716a341edb10dcca2267107efa13f78881bbca64f4a7a11eeca,undefined FUN_1817a7358(),ghidra,clean,
WHGame.dll,release_1_5_1164953_841,0x17a7374,155,FUN_1817a7374,,,da84f89175f89576d60c1e86a2fda8bf16cad9f29a6255653765b5b01ba0807d,undefined FUN_1817a7374(),ghidra,clean,
WHGame.dll,release_1_5_1164953_841,0x17a7410,304,FUN_1817a7410,,,91e7d4d3d418242288aa2f85c4b9ec754768328a2643e49362bc6ad3937c1e42,undefined FUN_1817a7410(),ghidra,clean,
WHGame.dll,release_1_5_1164953_841,0x17a7540,155,FUN_1817a7540,,,2b88f5ff8039720d7b80562d18adb383a4aa5ca528e6f8aa38b7884431f101fc,undefined FUN_1817a7540(),ghidra,clean,
WHGame.dll,release_1_5_1164953_841,0x17a75dc,298,FUN_1817a75dc,,,f3b45495e07c548d710cd535841823aa39c97b3f2e234a4337991797c348f5fc,undefined FUN_1817a75dc(),ghidra,clean,
WHGame.dll,release_1_5_1164953_841,0x17a7708,26,FUN_1817a7708,,,819234953c91d716a341edb10dcca2267107efa13f78881bbca64f4a7a11eeca,undefined FUN_1817a7708(),ghidra,clean,
WHGame.dll,release_1_5_1164953_841,0x17a7724,155,FUN_1817a7724,,,08c519e13667d89a74b8acc5f9ad544de5cc8cfc62494778dd53809b1001261e,undefined FUN_1817a7724(),ghidra,clean,
WHGame.dll,release_1_5_1164953_841,0x17a77c0,304,FUN_1817a77c0,,,3ca84fbbe851037b75075ca82cd759f8180be274ddc0e519407ee8d90c23b1b8,undefined FUN_1817a77c0(),ghidra,clean,
WHGame.dll,release_1_5_1164953_841,0x17a78f0,155,FUN_1817a78f0,,,f26f6e0460cb5af1cd32066ae9c54564b2190d82aaefb8f827c8c15889302efe,undefined FUN_1817a78f0(),ghidra,clean,
WHGame.dll,release_1_5_1164953_841,0x17a798c,298,FUN_1817a798c,,,16c00aad3a497270ca8faec4613b443b96605e0a11398349db24840e895b8b7d,undefined FUN_1817a798c(),ghidra,clean,
WHGame.dll,release_1_5_1164953_841,0x17a7ab8,26,FUN_1817a7ab8,,,819234953c91d716a341edb10dcca2267107efa13f78881bbca64f4a7a11eeca,undefined FUN_1817a7ab8(),ghidra,clean,
WHGame.dll,release_1_5_1164953_841,0x17a7ad4,155,FUN_1817a7ad4,,,64edc216b984cb2e18d8c387addd2ecdc40dda1a5810e7e486e90f8eff7aae37,undefined FUN_1817a7ad4(),ghidra,clean,
WHGame.dll,release_1_5_1164953_841,0x17a7b70,304,FUN_1817a7b70,,,05d3d86219e961ee5e04b3c6b8dd6de0ca085d059bc9131a5951dd40dfa4595a,undefined FUN_1817a7b70(),ghidra,clean,
WHGame.dll,release_1_5_1164953_841,0x17a7ca0,155,FUN_1817a7ca0,,,15db3bc3b030bd30417ebe5a562384bc5a92d721718ec8611790b97195922ca6,undefined FUN_1817a7ca0(),ghidra,clean,
WHGame.dll,release_1_5_1164953_841,0x17a7d3c,298,FUN_1817a7d3c,,,0baa7bea324bcd784644dace3b61cc4c79eacdcfbc640bb2a62b7ac8fbab6aeb,undefined FUN_1817a7d3c(),ghidra,clean,
WHGame.dll,release_1_5_1164953_841,0x17a7e68,26,FUN_1817a7e68,,,819234953c91d716a341edb10dcca2267107efa13f78881bbca64f4a7a11eeca,undefined FUN_1817a7e68(),ghidra,clean,
WHGame.dll,release_1_5_1164953_841,0x17a7e84,155,FUN_1817a7e84,,,08c5c82868e0c044798b339e3d439c85be84a891ea6d5b17c941483dabcacb6b,undefined FUN_1817a7e84(),ghidra,clean,
WHGame.dll,release_1_5_1164953_841,0x17a7f20,304,FUN_1817a7f20,,,39f01119386200a0fb6e1c2e60a4980c5c1e0fcf6493a3337a9b87850b95d5c7,undefined FUN_1817a7f20(),ghidra,clean,
WHGame.dll,release_1_5_1164953_841,0x17a8050,155,FUN_1817a8050,,,6b6c3feec2955adbc856760eef1c7304ef72649236135cb012e825e6eb87a6b6,undefined FUN_1817a8050(),ghidra,clean,
WHGame.dll,release_1_5_1164953_841,0x17a80ec,298,FUN_1817a80ec,,,b70e9c8e06f3352f2331c210075006be12879a477b783b9c6b79cf58a5285584,undefined FUN_1817a80ec(),ghidra,clean,
WHGame.dll,release_1_5_1164953_841,0x17a8218,26,FUN_1817a8218,,,819234953c91d716a341edb10dcca2267107efa13f78881bbca64f4a7a11eeca,undefined FUN_1817a8218(),ghidra,clean,
WHGame.dll,release_1_5_1164953_841,0x17a8234,155,FUN_1817a8234,,,57ef6b3655affb97edf8364b994dc53e9c152d05714254cbfb1a04c0e04f60c7,undefined FUN_1817a8234(),ghidra,clean,
WHGame.dll,release_1_5_1164953_841,0x17a82d0,304,FUN_1817a82d0,,,b4770d69629966a4312b1b7ecef51c66166318d0e0365f3adcd22e8daceca362,undefined FUN_1817a82d0(),ghidra,clean,
WHGame.dll,release_1_5_1164953_841,0x17a8400,155,FUN_1817a8400,,,cb4a10abc4c289818c84b5d9a284df356da537a3802811f1f4f1d6d8534e6698,undefined FUN_1817a8400(),ghidra,clean,
WHGame.dll,release_1_5_1164953_841,0x17a849c,298,FUN_1817a849c,,,a60992adb8439c3e18c2fa4f0e7d2b3b51c1a235c5d49738a6aa066371414142,undefined FUN_1817a849c(),ghidra,clean,
WHGame.dll,release_1_5_1164953_841,0x17a85c8,26,FUN_1817a85c8,,,819234953c91d716a341edb10dcca2267107efa13f78881bbca64f4a7a11eeca,undefined FUN_1817a85c8(),ghidra,clean,
WHGame.dll,release_1_5_1164953_841,0x17a85e4,155,FUN_1817a85e4,,,b928a20e4653455831e580bcc380c9580149033473a9fe9e6ec38e31d1fa4cad,undefined FUN_1817a85e4(),ghidra,clean,
WHGame.dll,release_1_5_1164953_841,0x17a8680,304,FUN_1817a8680,,,3a0d05e171db7cfb4ec91fd544f6f9bbf496b9a46966c2d8fbae5c099ff048ff,undefined FUN_1817a8680(),ghidra,clean,
WHGame.dll,release_1_5_1164953_841,0x17a87b0,155,FUN_1817a87b0,,,844ace4979427ae0c077c897855c61fb00b5d9d87cda0a4d1929ac5f8775d23a,undefined FUN_1817a87b0(),ghidra,clean,
WHGame.dll,release_1_5_1164953_841,0x17a884c,298,FUN_1817a884c,,,82b45f62358ccc66de4b2cb41a890c76d8bc022bdfd56f46c110c4ce3091431d,undefined FUN_1817a884c(),ghidra,clean,
WHGame.dll,release_1_5_1164953_841,0x17a8978,26,FUN_1817a8978,,,819234953c91d716a341edb10dcca2267107efa13f78881bbca64f4a7a11eeca,undefined FUN_1817a8978(),ghidra,clean,
WHGame.dll,release_1_5_1164953_841,0x17a8994,155,FUN_1817a8994,,,b6a4f30b5c0f607bb704421806df1977256082a2e63071ab725eb864016f5437,undefined FUN_1817a8994(),ghidra,clean,
WHGame.dll,release_1_5_1164953_841,0x17a8a30,304,FUN_1817a8a30,,,f7cde5ca03d648f55f210834753fb9a92197db4650ae17f2b0b72b3a82d5b0ff,undefined FUN_1817a8a30(),ghidra,clean,
WHGame.dll,release_1_5_1164953_841,0x17a8b60,155,FUN_1817a8b60,,,a6dfb0cbf5ef3f001e86b39eb2c4c14a9df0ad4e5c2fa94792220b714c8f0df6,undefined FUN_1817a8b60(),ghidra,clean,
WHGame.dll,release_1_5_1164953_841,0x17a8bfc,298,FUN_1817a8bfc,,,eb2ed68b596ed3a9fb77a769124fc934ffd192b8d3ab371732e51a12a178986b,undefined FUN_1817a8bfc(),ghidra,clean,
WHGame.dll,release_1_5_1164953_841,0x17a8d28,26,FUN_1817a8d28,,,819234953c91d716a341edb10dcca2267107efa13f78881bbca64f4a7a11eeca,undefined FUN_1817a8d28(),ghidra,clean,
WHGame.dll,release_1_5_1164953_841,0x17a8d44,155,FUN_1817a8d44,,,a6167e621429ce547b7a04e04bc1290348c7b9d31be33d901932d76e7fb886a7,undefined FUN_1817a8d44(),ghidra,clean,
WHGame.dll,release_1_5_1164953_841,0x17a8de0,304,FUN_1817a8de0,,,da68d5e52b96d1ec58148745db33a87d25a97a58c4893b32f720cc51199ed859,undefined FUN_1817a8de0(),ghidra,clean,
WHGame.dll,release_1_5_1164953_841,0x17a8f10,155,FUN_1817a8f10,,,7454d2af4da8fc6ccb35af10291ffd02c65226624bf84f5568453e58c15b0309,undefined FUN_1817a8f10(),ghidra,clean,
WHGame.dll,release_1_5_1164953_841,0x17a8fac,298,FUN_1817a8fac,,,8a4f13650e5526ded4908293e7abe79187318bf51ef1317f834af8286535d7f0,undefined FUN_1817a8fac(),ghidra,clean,
WHGame.dll,release_1_5_1164953_841,0x17a90d8,328,FUN_1817a90d8,,,ee1b58d618cbb5bf0d47c514fc25bb89ba785966b8a37abd48341bf0e0a5fffb,undefined FUN_1817a90d8(),ghidra,clean,
WHGame.dll,release_1_5_1164953_841,0x17a9224,100,FUN_1817a9224,,,0df3656a28e20813c847c1df4b0055f81ae346eea3b0ecd0ba0316215ad3e8cb,undefined FUN_1817a9224(),ghidra,clean,
WHGame.dll,release_1_5_1164953_841,0x17a9288,328,FUN_1817a9288,,,0561f0c2f7fc5b98c261a9b84e32a7b1b62d2d46bb346c58a7089d6793fb77db,undefined FUN_1817a9288(),ghidra,clean,
WHGame.dll,release_1_5_1164953_841,0x17a93d4,100,FUN_1817a93d4,,,5d7a8a794bdb18ee9b2d61bd8b291eb0a8d16d5a0bc0a9d8f7d5b22010d821d6,undefined FUN_1817a93d4(),ghidra,clean,
WHGame.dll,release_1_5_1164953_841,0x17a9438,328,FUN_1817a9438,,,6119e01450f985262e375e58add587183a64707b16bdde82f2a8196429908fca,undefined FUN_1817a9438(),ghidra,clean,
WHGame.dll,release_1_5_1164953_841,0x17a9584,100,FUN_1817a9584,,,9f29ea2d85309b53795dccc1dd064190c7003ed957207a6ab322d5c0119b5759,undefined FUN_1817a9584(),ghidra,clean,
WHGame.dll,release_1_5_1164953_841,0x17a95e8,328,FUN_1817a95e8,,,ad358d0b17f9a4beb61ce0e9fe67866a11dce02131611214b24cbf697145693e,undefined FUN_1817a95e8(),ghidra,clean,
WHGame.dll,release_1_5_1164953_841,0x17a9734,100,FUN_1817a9734,,,d5513524e095823ce316e9725d53e24fba3535d971c6d879a1bc3cf3b145a0de,undefined FUN_1817a9734(),ghidra,clean,
WHGame.dll,release_1_5_1164953_841,0x17a9798,328,FUN_1817a9798,,,8fed5bf6ba287ba4ec8794bd3de8b2c6ac9f47d710cae3f97fdf084aa144c885,undefined FUN_1817a9798(),ghidra,clean,
WHGame.dll,release_1_5_1164953_841,0x17a98e4,100,FUN_1817a98e4,,,168c4b792285dbabb1bb4d6b910d142495ba2df440a2204465bf5ec4f69fc4da,undefined FUN_1817a98e4(),ghidra,clean,
WHGame.dll,release_1_5_1164953_841,0x17a9948,328,FUN_1817a9948,,,cc285f196c2caf35d6c9a4d633adb8bf10090f8a20a12e2d40053aa89ed4de9d,undefined FUN_1817a9948(),ghidra,clean,
WHGame.dll,release_1_5_1164953_841,0x17a9a94,100,FUN_1817a9a94,,,4db5c9f9d9668d6a2fc80e6e4d0f3b583720b044d8876fc14dfae066611a6224,undefined FUN_1817a9a94(),ghidra,clean,
WHGame.dll,release_1_5_1164953_841,0x17a9af8,328,FUN_1817a9af8,,,6d9fa0c63a1547430735bf928dd95c860bb37988a535c8a9a4726ef022fc47c9,undefined FUN_1817a9af8(),ghidra,clean,
WHGame.dll,release_1_5_1164953_841,0x17a9c44,100,FUN_1817a9c44,,,d332a27809a1b5d45a45f4ed64c7aea8994948d270c51ada7b0ef87595cecc7e,undefined FUN_1817a9c44(),ghidra,clean,
WHGame.dll,release_1_5_1164953_841,0x17a9ca8,328,FUN_1817a9ca8,,,65af71cce56f8d3d72ea21cddb71808605a40007da86aabd25a6bf8a2580c4e6,undefined FUN_1817a9ca8(),ghidra,clean,
WHGame.dll,release_1_5_1164953_841,0x17a9df4,100,FUN_1817a9df4,,,47806daacbcfa7931ecdeac79ae6463437a3739f9cc2efe0a9bab32553a9a256,undefined FUN_1817a9df4(),ghidra,clean,
WHGame.dll,release_1_5_1164953_841,0x17a9e58,328,FUN_1817a9e58,,,a53d1c8c559b97c7a6360286e6f7604ead0d714c5325dda6265d46da6eb86f87,undefined FUN_1817a9e58(),ghidra,clean,
WHGame.dll,release_1_5_1164953_841,0x17a9fa4,100,FUN_1817a9fa4,,,4f651b3a8a63d7ea77920e27c4d13e651dc6d6486715d318312cca1968b2c0d0,undefined FUN_1817a9fa4(),ghidra,clean,
WHGame.dll,release_1_5_1164953_841,0x17aa008,328,FUN_1817aa008,,,b3ab0c25fb96dfe8f0aec5e9e90709cfe55541e332b0c5952216bfaaa4441ad1,undefined FUN_1817aa008(),ghidra,clean,
WHGame.dll,release_1_5_1164953_841,0x17aa154,100,FUN_1817aa154,,,650f40f214e157ce838130b35b8fea16105b452c8d0264597b5a395507e41ede,undefined FUN_1817aa154(),ghidra,clean,
WHGame.dll,release_1_5_1164953_841,0x17aa1b8,328,FUN_1817aa1b8,,,e3badfb1de262e9522198ee92b1f8e5a53c5c6027f31cab9cd43bf6bb0661e7b,undefined FUN_1817aa1b8(),ghidra,clean,
WHGame.dll,release_1_5_1164953_841,0x17aa304,100,FUN_1817aa304,,,ab72eefbd3a1ebff8bbb1ef84dd422f5af437b146e54b931d1d8bef74d6f0642,undefined FUN_1817aa304(),ghidra,clean,
WHGame.dll,release_1_5_1164953_841,0x17aa368,284,FUN_1817aa368,,,a1d67467506bf8d608cd7aa21592c221f20bb129a4a8497ee4a824f344774914,undefined FUN_1817aa368(),ghidra,clean,
WHGame.dll,release_1_5_1164953_841,0x17aa488,298,FUN_1817aa488,,,6924a86e6502f755cd66854d77d7203cee7eed751fcbae6e0a56c3b39707d1da,undefined FUN_1817aa488(),ghidra,clean,
WHGame.dll,release_1_5_1164953_841,0x17aa5b4,131,FUN_1817aa5b4,,,5590e041bbe4de659b11ca8fefce40b81be5a4690905f30407ed9bdda005c793,undefined FUN_1817aa5b4(),ghidra,clean,
WHGame.dll,release_1_5_1164953_841,0x17aa638,117,FUN_1817aa638,,,65f71d65762a81ee045d6d0bb0d8651ed3cf7070f37a6fd7806fa83f1f08febe,undefined FUN_1817aa638(),ghidra,clean,
WHGame.dll,release_1_5_1164953_841,0x17aa6b0,99,FUN_1817aa6b0,,,45bb9ababd9830c61b66372d7552632c21f8c890df9193e0369c0e40e6fa150e,undefined FUN_1817aa6b0(),ghidra,clean,
WHGame.dll,release_1_5_1164953_841,0x17aa714,63,FUN_1817aa714,,,bf42e164dfa3bd99499ed51afcce4bdf55d91762ab5c986df709886f48a5523a,undefined FUN_1817aa714(),ghidra,clean,
WHGame.dll,release_1_5_1164953_841,0x17aa754,59,FUN_1817aa754,,,0d27f0ac24ea41bc37ada3b978069ff4b8ce1fda475d029d11c2b87f8ee00957,undefined FUN_1817aa754(),ghidra,clean,
WHGame.dll,release_1_5_1164953_841,0x17aa790,63,FUN_1817aa790,,,ad3df26871955d9f473509825274a038d468e0cc59b64fda6cbb63e8b8a5a9f5,undefined FUN_1817aa790(),ghidra,clean,
WHGame.dll,release_1_5_1164953_841,0x17aa7d0,55,FUN_1817aa7d0,,,74c711e816481088348336ad98e28c14d91f14fce3344e2ea8e024e1ffecbcaf,undefined FUN_1817aa7d0(),ghidra,clean,
WHGame.dll,release_1_5_1164953_841,0x17aa808,33,FUN_1817aa808,,,884ed86acdbc191f0ee16090cf4ad9598abb45894c2c7ca18acb00bab17c6450,undefined FUN_1817aa808(),ghidra,clean,
WHGame.dll,release_1_5_1164953_841,0x17aa82c,59,FUN_1817aa82c,,,81b96f03798d7d61e08fb98a30e0e96e6edce7db7659a6465d08b904a8aea8cf,undefined FUN_1817aa82c(),ghidra,clean,
WHGame.dll,release_1_5_1164953_841,0x17aa858,91,FUN_1817aa858,,,ac748e9a431016da104e6aff4bd8f12b85260ab97458c7a22fde6165ec4d527e,undefined FUN_1817aa858(),ghidra,clean,
WHGame.dll,release_1_5_1164953_841,0x17aa8b4,99,FUN_1817aa8b4,,,2f8eb235ad5adfab7e7ab5c41a8b9b3dbcc340e8d6180ddae5e077246ff3b6ec,undefined FUN_1817aa8b4(),ghidra,clean,
WHGame.dll,release_1_5_1164953_841,0x17aa918,55,FUN_1817aa918,,,fa629fbdd76c453015dbf2ecb50900218195309c8d347bdd0a128b04545b531d,undefined FUN_1817aa918(),ghidra,clean,
WHGame.dll,release_1_5_1164953_841,0x17aa940,140,FUN_1817aa940,,,99cfa517a6688787fba55c97cf1f4adf807add97ba96c0d7e487ec118cba78b2,undefined FUN_1817aa940(),ghidra,clean,
WHGame.dll,release_1_5_1164953_841,0x17aa9cc,145,FUN_1817aa9cc,,,b6a653223c52e5d5f62ec9c409fece17fa37014d666ed22e5061ff3e4ebc60b3,undefined FUN_1817aa9cc(),ghidra,clean,
WHGame.dll,release_1_5_1164953_841,0x17aaa60,34,FUN_1817aaa60,,,bb83796fb9b4fd7f3415185575fc787a07e3bcb1bf807ac7182c51fa68c07460,undefined FUN_1817aaa60(),ghidra,clean,
WHGame.dll,release_1_5_1164953_841,0x17aaa84,109,FUN_1817aaa84,,,e29030eea4644adc10d89a2eaf012b089583030dead6737979252f0aa9ede15d,undefined FUN_1817aaa84(),ghidra,clean,
WHGame.dll,release_1_5_1164953_841,0x17aaaf4,33,FUN_1817aaaf4,,,ae3929f1bc56485f6cd94ccd44a8ac63ee3489e91b58343e7dc3dd8e8d783aab,undefined FUN_1817aaaf4(),ghidra,clean,
WHGame.dll,release_1_5_1164953_841,0x17aab18,40,FUN_1817aab18,,,f0ffef203a5a867469c1f5b5ccdd27f11536a8ea3f8622d7d4d9365fe3461043,undefined FUN_1817aab18(),ghidra,clean,
WHGame.dll,release_1_5_1164953_841,0x17aab40,161,FUN_1817aab40,,,221828ffb34abf1167d6f3d9d498f5ca74c8a4a16ff63f168572a71618943b66,undefined FUN_1817aab40(),ghidra,clean,
WHGame.dll,release_1_5_1164953_841,0x17aabe4,135,FUN_1817aabe4,,,2fef991e353c7ab3554c2aed7f9c83009ced11a109ad7b69bc1d69e245981d5e,undefined FUN_1817aabe4(),ghidra,clean,
WHGame.dll,release_1_5_1164953_841,0x17aac6c,175,FUN_1817aac6c,,,f63b551bd4335959ece1d017f0fe0aeb4cee64b46fed6e1f4243e313a8128133,undefined FUN_1817aac6c(),ghidra,clean,
WHGame.dll,release_1_5_1164953_841,0x17aad1c,148,FUN_1817aad1c,,,a363a90d9e5b04359b5a9d78dfc77ffc13e3104cdc6bfc486615f410e9a57b84,undefined FUN_1817aad1c(),ghidra,clean,
WHGame.dll,release_1_5_1164953_841,0x17aadb0,155,FUN_1817aadb0,,,2214e5d0739d1dd3ff42e20ba2e1074b4c261e6500cfd2aee88144ff228edf86,undefined FUN_1817aadb0(),ghidra,clean,
WHGame.dll,release_1_5_1164953_841,0x17aae4c,311,FUN_1817aae4c,,,555c8c09093b0f216e29b1abfe0bb26853cc50b523f481320b66f3ca721a1459,undefined FUN_1817aae4c(),ghidra,clean,
WHGame.dll,release_1_5_1164953_841,0x17aaf84,155,FUN_1817aaf84,,,e85850ff323a9b8c1b4294c5119e8881e97ab6fff029604060f27823ea3ea1b3,undefined FUN_1817aaf84(),ghidra,clean,
WHGame.dll,release_1_5_1164953_841,0x17ab020,291,FUN_1817ab020,,,70e9fa9e421f7e24735cecd8733ade767ff928d436588d2442764c21e46cce01,undefined FUN_1817ab020(),ghidra,clean,
WHGame.dll,release_1_5_1164953_841,0x17ab144,87,FUN_1817ab144,,,bb6a09e713af36fc2e0fe9699751cba6d0ee0b8ee0bb9a9c7f562214b80a7424,undefined FUN_1817ab144(),ghidra,clean,
WHGame.dll,release_1_5_1164953_841,0x17ab19c,41,FUN_1817ab19c,,,09829cd14fe60fc52edeebc912d3dadee22d48fb8cc355c15f60980ec2e7a37d,undefined FUN_1817ab19c(),ghidra,clean,
WHGame.dll,release_1_5_1164953_841,0x17ab1c8,36,FUN_1817ab1c8,,,6484098668c240a4ee2376ca0da00ae55b6a6c2e1f2316873b53adc9dc912aae,undefined FUN_1817ab1c8(),ghidra,clean,
WHGame.dll,release_1_5_1164953_841,0x17ab1ec,161,FUN_1817ab1ec,,,adbc73c72acd4290f0ce555023d98df66e58e8cfc86cecdb6fb9570458cc738a,undefined FUN_1817ab1ec(),ghidra,clean,
WHGame.dll,release_1_5_1164953_841,0x17ab290,135,FUN_1817ab290,,,4f080ce5c220d32132e913b6a7195a2e3bc097c95b219b5d1872791a7ff7c596,undefined FUN_1817ab290(),ghidra,clean,
WHGame.dll,release_1_5_1164953_841,0x17ab318,175,FUN_1817ab318,,,9231e37721f803ffd347fb1e09becfc1dabdbb777648548e2270855dffed7608,undefined FUN_1817ab318(),ghidra,clean,
WHGame.dll,release_1_5_1164953_841,0x17ab3c8,26,FUN_1817ab3c8,,,28949e9c37787a679a4757701b28f6f558408f1ccc29f4ae41976940484417f0,undefined FUN_1817ab3c8(),ghidra,clean,
WHGame.dll,release_1_5_1164953_841,0x17ab3e4,26,FUN_1817ab3e4,,,819234953c91d716a341edb10dcca2267107efa13f78881bbca64f4a7a11eeca,undefined FUN_1817ab3e4(),ghidra,clean,
WHGame.dll,release_1_5_1164953_841,0x17ab400,155,FUN_1817ab400,,,c238bc6d9b5f1504f965a20945a37a100cb05ecb0112fc101da3309046c613fe,undefined FUN_1817ab400(),ghidra,clean,
WHGame.dll,release_1_5_1164953_841,0x17ab49c,291,FUN_1817ab49c,,,1b106c7205455db14e2eb825eed595b42b57eb22f02abd62d0f1fe5e289f5353,undefined FUN_1817ab49c(),ghidra,clean,
WHGame.dll,release_1_5_1164953_841,0x17ab5c0,26,FUN_1817ab5c0,,,819234953c91d716a341edb10dcca2267107efa13f78881bbca64f4a7a11eeca,undefined FUN_1817ab5c0(),ghidra,clean,
WHGame.dll,release_1_5_1164953_841,0x17ab5dc,155,FUN_1817ab5dc,,,e91e470fcc6e4f1f895513b3bf26eccad542f69587752c4e9adc7557286908a9,undefined FUN_1817ab5dc(),ghidra,clean,
WHGame.dll,release_1_5_1164953_841,0x17ab678,291,FUN_1817ab678,,,24b8097c3539d2c2ba3d0dab0219d53e7d23347c09a7d40ff159a42a6faf3c0d,undefined FUN_1817ab678(),ghidra,clean,
WHGame.dll,release_1_5_1164953_841,0x17ab79c,180,FUN_1817ab79c,,,fe6b2d45bf5bf41ac5c04359a5518b34c3fd1d400576628725841706db55e18c,undefined FUN_1817ab79c(),ghidra,clean,
WHGame.dll,release_1_5_1164953_841,0x17ab850,180,FUN_1817ab850,,,92683911da50c748977da1abab77a83b6fce5c097644059ef5e8759ba01ab44f,undefined FUN_1817ab850(),ghidra,clean,
WHGame.dll,release_1_5_1164953_841,0x17ab904,52,FUN_1817ab904,,,1191fdd477df525bbc05fbbbc62d57dab9fdf7b50cf6d951aef2ad2037c254d4,undefined FUN_1817ab904(),ghidra,clean,
WHGame.dll,release_1_5_1164953_841,0x17ab938,253,FUN_1817ab938,,,01e081c6992153526ff7879cd1aa24278f936328f5a2005720ce4bb8ef7142ae,undefined FUN_1817ab938(),ghidra,clean,
WHGame.dll,release_1_5_1164953_841,0x17aba38,43,FUN_1817aba38,,,324d3bafb542f4c6125f06e69e7231e3caaeb11c0b11982c65febbbb10e91567,undefined FUN_1817aba38(),ghidra,clean,
WHGame.dll,release_1_5_1164953_841,0x17aba64,152,FUN_1817aba64,,,9e8ac3334be6e15dccfc2d9cf757c8890b06c2478b06b75a5146a4dcbcd9d157,undefined FUN_1817aba64(),ghidra,clean,
WHGame.dll,release_1_5_1164953_841,0x17abafc,149,FUN_1817abafc,,,ea04de085d167c4b9c71766c7371a4a9b431730adf38070ce60d8171775d1c8c,undefined FUN_1817abafc(),ghidra,clean,
WHGame.dll,release_1_5_1164953_841,0x17abb94,315,FUN_1817abb94,,,74cbab3fb754ed0489967315e12b20aee3a17ea433e922a949ec643b1069d784,undefined FUN_1817abb94(),ghidra,clean,
WHGame.dll,release_1_5_1164953_841,0x17abcd4,214,FUN_1817abcd4,,,7de380e348aaf9242111ad720c3fb07c6af6a8aabb918965d97814df69984eb1,undefined FUN_1817abcd4(),ghidra,clean,
WHGame.dll,release_1_5_1164953_841,0x17abdac,74,FUN_1817abdac,,,cfe01dee7c8f5346232073b88b741fe1b7bf06c73bc39034dba87accc66a09bd,undefined FUN_1817abdac(),ghidra,clean,
WHGame.dll,release_1_5_1164953_841,0x17abdf8,78,FUN_1817abdf8,,,9ce5bb13fb537d6c6abd7258631333aeb643af79ba3e90e5da5e7c802d34493c,undefined FUN_1817abdf8(),ghidra,clean,
WHGame.dll,release_1_5_1164953_841,0x17abe48,109,FUN_1817abe48,,,7b9a36f022dd09356625e03a07165cc0606c33b0304e579297aa5c1678454ba4,undefined FUN_1817abe48(),ghidra,clean,
WHGame.dll,release_1_5_1164953_841,0x17abe84,570,FUN_1817abe84,,,1eeb71c1b2b9cf6f612368e5dc9762454262b656005a5fdf9d38144b54038672,undefined FUN_1817abe84(),ghidra,clean,
WHGame.dll,release_1_5_1164953_841,0x17ac0c0,850,FUN_1817ac0c0,,,35431d563e3988fdda3e3ab500d45003a835643ded9069310e23f459e9d2c25f,undefined FUN_1817ac0c0(),ghidra,clean,
WHGame.dll,release_1_5_1164953_841,0x17ac184,5,FUN_1817ac184,,,70bf2d6deedcf734920e571ef09558025e359e9a739e5789ffaf6c9299398808,undefined FUN_1817ac184(),ghidra,clean,
WHGame.dll,release_1_5_1164953_841,0x17ac190,264,FUN_1817ac190,,,30ee95497141d01bca2b03dbdd2c1a44f29e75212d680708568367de69314e12,undefined FUN_1817ac190(),ghidra,clean,
WHGame.dll,release_1_5_1164953_841,0x17ac298,155,FUN_1817ac298,,,f01c9ae6cb237c0ec2c7c9e25130c45f5b03e7e5862726284534b1c27b462408,undefined FUN_1817ac298(),ghidra,clean,
WHGame.dll,release_1_5_1164953_841,0x17ac334,291,FUN_1817ac334,,,33ed72e1b454f6681ed5fa5b45379fc2f2dad17e1be507e03c23e4743fb1740c,undefined FUN_1817ac334(),ghidra,clean,
WHGame.dll,release_1_5_1164953_841,0x17ac458,155,FUN_1817ac458,,,01e555614a593f81976fe94e1633bf8487627337d8ec1cb0d557c27dbac207b6,undefined FUN_1817ac458(),ghidra,clean,
WHGame.dll,release_1_5_1164953_841,0x17ac4f4,291,FUN_1817ac4f4,,,a85f8f2da5e07e1f36127ac0002822d3a7d1e6d6b173dd7f459064d9e8d6a440,undefined FUN_1817ac4f4(),ghidra,clean,
WHGame.dll,release_1_5_1164953_841,0x17ac618,50,FUN_1817ac618,,,4f7757892d840e0fd78ef2002e257c3a82b56e3ecb8524d0ea6f65ca157ddf94,undefined FUN_1817ac618(),ghidra,clean,
WHGame.dll,release_1_5_1164953_841,0x17ac63d,51,FUN_1817ac63d,,,6e7c2bc6c13658b39fba16a74f77f26c8f04d901428810c0c4c0e335407a4dea,undefined FUN_1817ac63d(),ghidra,clean,
WHGame.dll,release_1_5_1164953_841,0x17ac670,105,FUN_1817ac670,,,fd9624c389a307136ca96345d5efd2044ecd9ee3fde2bcc3905d97dd61b12531,undefined FUN_1817ac670(),ghidra,clean,
WHGame.dll,release_1_5_1164953_841,0x17ac6dc,308,FUN_1817ac6dc,,,212fa1feae3cf20f38a946d717e6791bc1620a9682e290c3508a4983a4e9491c,undefined FUN_1817ac6dc(),ghidra,clean,
WHGame.dll,release_1_5_1164953_841,0x17ac810,356,FUN_1817ac810,,,baafc30bc7457b9782366092ae95cbbf7c986a3e613c51932b36aa331fecbb6a,undefined FUN_1817ac810(),ghidra,clean,
WHGame.dll,release_1_5_1164953_841,0x17ac978,56,FUN_1817ac978,,,4c85a230762d94589dedffbdd669b024629747d7f2d93a1e801bdf547793f06d,undefined FUN_1817ac978(),ghidra,clean,
WHGame.dll,release_1_5_1164953_841,0x17ac9b0,190,FUN_1817ac9b0,,,3d85be9d62f3b751ba23df5057b959259d614fcca312cca5653ae50b6f985c35,undefined FUN_1817ac9b0(),ghidra,clean,
WHGame.dll,release_1_5_1164953_841,0x17aca70,129,FUN_1817aca70,,,97ebff13e02444fb7ca01afdeeed24003c8b9432c8507f3adbc5d82c76bfaa57,undefined FUN_1817aca70(),ghidra,clean,
WHGame.dll,release_1_5_1164953_841,0x17acaf4,414,FUN_1817acaf4,,,2401b13098fd36955c7e1a433fcf352e6e8180142d8d5e599d5d650fe5e40fe9,undefined FUN_1817acaf4(),ghidra,clean,
WHGame.dll,release_1_5_1164953_841,0x17acc94,54,FUN_1817acc94,,,d9e090e07349d024d1b6a2fc19edd0e6f8ae1932e01829790111a9ab3d836d8a,undefined FUN_1817acc94(),ghidra,clean,
WHGame.dll,release_1_5_1164953_841,0x17acccc,234,FUN_1817acccc,,,5d89894798bc6f203393c13c3b7b4dd6d695e2dc55c66d6ffdd0744d0d8ade88,undefined FUN_1817acccc(),ghidra,clean,
WHGame.dll,release_1_5_1164953_841,0x17acdb8,207,FUN_1817acdb8,,,776dc07db16f75fc590ce46a5f2ff08e340c909a97711b8ca4a4c3cfd6d3e058,undefined FUN_1817acdb8(),ghidra,clean,
WHGame.dll,release_1_5_1164953_841,0x17ace78,261,FUN_1817ace78,,,3c70210c15e4ea86ba3874f52d4b7faf23ab76747d6115fa1f868a438ae9518c,undefined FUN_1817ace78(),ghidra,clean,
WHGame.dll,release_1_5_1164953_841,0x17acf74,196,FUN_1817acf74,,,b713bea20f99a03544fe3166bdce2790079b97751c427be056ec4f63f3cea007,undefined FUN_1817acf74(),ghidra,clean,
WHGame.dll,release_1_5_1164953_841,0x17ad038,373,FUN_1817ad038,,,5350c468a6bcced91b45151a74fe3ce73e24bb194f1a341104e2c44eb500529a,undefined FUN_1817ad038(),ghidra,clean,
WHGame.dll,release_1_5_1164953_841,0x17ad1a0,329,FUN_1817ad1a0,,,85b2b2a6ab22a28e87632ddb0ece340cdc6a477536bb8da7749672d049642d85,undefined FUN_1817ad1a0(),ghidra,clean,
WHGame.dll,release_1_5_1164953_841,0x17ad2e0,337,FUN_1817ad2e0,,,97de1a7c7b4772a7351425b78f20bcca633b10ebb90d22a8247fa649f5a6bed2,undefined FUN_1817ad2e0(),ghidra,clean,
WHGame.dll,release_1_5_1164953_841,0x17ad434,139,FUN_1817ad434,,,e4a81d1e60e053e5cdd34ff45585d882b2aa4468a13651415bf7acd208cc23c8,undefined FUN_1817ad434(),ghidra,clean,
WHGame.dll,release_1_5_1164953_841,0x17ad4c0,192,FUN_1817ad4c0,,,6f3fceef8e66e470f9829e4b9587ff97f458e747efdbab15e9854543be969d67,undefined FUN_1817ad4c0(),ghidra,clean,
WHGame.dll,release_1_5_1164953_841,0x17ad580,1034,FUN_1817ad580,,,1783bc2b98684745e3d429f468b3a86386b3376c1ebe61b698eb673c39a8ed2f,undefined FUN_1817ad580(),ghidra,clean,
WHGame.dll,release_1_5_1164953_841,0x17ad99c,30,FUN_1817ad99c,,,7ae4de84b93ec2435e95784ba8553ee7bfe117834be3c350914f32a58cd17336,undefined FUN_1817ad99c(),ghidra,clean,
WHGame.dll,release_1_5_1164953_841,0x17ad9bc,76,FUN_1817ad9bc,,,9a450301ea2120f6f3895d846ce16ea33e0fd73fb03f2a9ef1c2b4ccc614642c,undefined FUN_1817ad9bc(),ghidra,clean,
WHGame.dll,release_1_5_1164953_841,0x17ad9f8,34,FUN_1817ad9f8,,,f5c68cb88d5a37d94a55528501585f9e7f9c4abb1776755d5a93859de845c7ca,undefined FUN_1817ad9f8(),ghidra,clean,
WHGame.dll,release_1_5_1164953_841,0x17ada1c,90,FUN_1817ada1c,,,eba7ab3a027da2b3b3ca6798e2b927ae3508ed1ad2f13a63bf594d2cf7288301,undefined FUN_1817ada1c(),ghidra,clean,
WHGame.dll,release_1_5_1164953_841,0x17ada78,98,FUN_1817ada78,,,f6959db28b7b2533ec17d9619368fe1160c10dd6e158ff2cb2fc75a31174995f,undefined FUN_1817ada78(),ghidra,clean,
WHGame.dll,release_1_5_1164953_841,0x17adae0,180,FUN_1817adae0,,,d6e3f4f660f8a350cfe27507c8e8171a28576c870e7f20d81d6242735269cacf,undefined FUN_1817adae0(),ghidra,clean,
WHGame.dll,release_1_5_1164953_841,0x17adb94,180,FUN_1817adb94,,,91f60e4f7be393511bda7e3d76d6fd5e31037b6d85f2d10d53a4ccf908e94076,undefined FUN_1817adb94(),ghidra,clean,
WHGame.dll,release_1_5_1164953_841,0x17adc48,180,FUN_1817adc48,,,fd0a512ba1cafc8c78b6cd834d252e79a6c9a73b2595a50b516b1fddd7ad8857,undefined FUN_1817adc48(),ghidra,clean,
WHGame.dll,release_1_5_1164953_841,0x17adcfc,180,FUN_1817adcfc,,,e0552a2951c91ac677c64dea9aac3fe56a221d132fd4310c27a220f1d49280db,undefined FUN_1817adcfc(),ghidra,clean,
WHGame.dll,release_1_5_1164953_841,0x17addb0,180,FUN_1817addb0,,,8f7a37df3523b15b54b21af0daaeaae520c67b43e3ed7615bf0a2b3a30b5a1f3,undefined FUN_1817addb0(),ghidra,clean,
WHGame.dll,release_1_5_1164953_841,0x17ade64,180,FUN_1817ade64,,,e8e7a7645b86c341c730fc3fa736c6c940786dbe57c3de794b766a898a9cbde4,undefined FUN_1817ade64(),ghidra,clean,
WHGame.dll,release_1_5_1164953_841,0x17adf18,180,FUN_1817adf18,,,2b79bd9f71cf156e1b7b97c59434398c8157b2435922c5dced58da6d323855e2,undefined FUN_1817adf18(),ghidra,clean,
WHGame.dll,release_1_5_1164953_841,0x17adfcc,180,FUN_1817adfcc,,,98339b7f458c90ac9d54366c729c25b478a13bb8159dab8179b0824bd2255f64,undefined FUN_1817adfcc(),ghidra,clean,
WHGame.dll,release_1_5_1164953_841,0x17ae080,155,FUN_1817ae080,,,e0226c73a4f7ab1e2f4778f326427c757f4235a5606a23b164b461f63250de3d,undefined FUN_1817ae080(),ghidra,clean,
WHGame.dll,release_1_5_1164953_841,0x17ae11c,291,FUN_1817ae11c,,,f5212f2add98c765a686b07070626eccc1ba9ab555af4b35ad6a94dbaf31ff5d,undefined FUN_1817ae11c(),ghidra,clean,
WHGame.dll,release_1_5_1164953_841,0x17ae240,435,FUN_1817ae240,,,1a8b249753cf62c2d56a2fbbd80c6b0cb6a6259647c3a78128a1abbadc96de31,undefined FUN_1817ae240(),ghidra,clean,
WHGame.dll,release_1_5_1164953_841,0x17ae3ec,48,FUN_1817ae3ec,,,fd1f55a3dde94ffa7328852166cbbe0b44e62f1ae9f6a84a96d2ac81fc547c19,undefined FUN_1817ae3ec(),ghidra,clean,
WHGame.dll,release_1_5_1164953_841,0x17ae41c,220,FUN_1817ae41c,,,bb63a4145da09f67485f121bf1a81719806cd0d85e49b7f015b01a8208109d91,undefined FUN_1817ae41c(),ghidra,clean,
WHGame.dll,release_1_5_1164953_841,0x17ae4dc,975,FUN_1817ae4dc,,,b80206320cca155c9bfed825b0b4f9172fdc54ce0ea4d60618938b876ac300ac,undefined FUN_1817ae4dc(),ghidra,clean,
WHGame.dll,release_1_5_1164953_841,0x17ae8ac,155,FUN_1817ae8ac,,,a1c55993e5039ea38bb70575ac69f2083a06053e7ec975d215f19d628625e6b1,undefined FUN_1817ae8ac(),ghidra,clean,
WHGame.dll,release_1_5_1164953_841,0x17ae948,313,FUN_1817ae948,,,fbfeb5077b53c4af9dc7690759943c00f5b7619f36732b4e2f7e910260f5ce0d,undefined FUN_1817ae948(),ghidra,clean,
WHGame.dll,release_1_5_1164953_841,0x17aea84,89,FUN_1817aea84,,,1c2b529477f77b59220212921dc4815acc1ae495dcc290332d5f159adf036a85,undefined FUN_1817aea84(),ghidra,clean,
WHGame.dll,release_1_5_1164953_841,0x17aeae0,41,FUN_1817aeae0,,,4cc99b8f99126dd4d08f94af1830e5144dac41870625763ac153084e9c2ecc58,undefined FUN_1817aeae0(),ghidra,clean,
WHGame.dll,release_1_5_1164953_841,0x17aeb0c,52,FUN_1817aeb0c,,,f4e66d413b0019a9619252a2d7e76413dbc293d273d7744300a5889fd3604c39,undefined FUN_1817aeb0c(),ghidra,clean,
WHGame.dll,release_1_5_1164953_841,0x17aeb40,30,FUN_1817aeb40,,,9039ff0e25d3e1d8457337323fde30819b76d46482e2b1c58b1469198ecd6329,undefined FUN_1817aeb40(),ghidra,clean,
WHGame.dll,release_1_5_1164953_841,0x17aeb60,155,FUN_1817aeb60,,,6c685ebab00a1b19febd1a62e2eed9c278339b906448451d88626d0bc0d3a82b,undefined FUN_1817aeb60(),ghidra,clean,
WHGame.dll,release_1_5_1164953_841,0x17aebfc,291,FUN_1817aebfc,,,202985d16cb0415c709444d2c467acc32126a3bc5d7deb1074d5b065c50b055e,undefined FUN_1817aebfc(),ghidra,clean,
WHGame.dll,release_1_5_1164953_841,0x17aed20,54,FUN_1817aed20,,,e99b0c792671371fdd38d729ed67dce516880b3d09ff4b86523ac880a82d0b4f,undefined FUN_1817aed20(),ghidra,clean,
WHGame.dll,release_1_5_1164953_841,0x17aed58,34,FUN_1817aed58,,,4087228a51a82afd9db119d2b2907be1a32470af623387911e3c4920d362eb42,undefined FUN_1817aed58(),ghidra,clean,
WHGame.dll,release_1_5_1164953_841,0x17aed7c,69,FUN_1817aed7c,,,186d36b200be5293423c285fa634426c7ac04ffc237fc52f823e30e0ed75e03b,undefined FUN_1817aed7c(),ghidra,clean,
WHGame.dll,release_1_5_1164953_841,0x17aee70,109,FUN_1817aee70,,,6b29db144413919854a188b607d4b101ffb172b517e6c852452fbf7abef2d2ee,undefined FUN_1817aee70(),ghidra,clean,
WHGame.dll,release_1_5_1164953_841,0x17aeee0,284,FUN_1817aeee0,,,17e433df5af33162069bcc87182258e5ab391da4d793cfed520c2d33159831f1,undefined FUN_1817aeee0(),ghidra,clean,
WHGame.dll,release_1_5_1164953_841,0x17aeff0,251,FUN_1817aeff0,,,120894a346626e1101f732babae72ee56e4cd9407b10e678b8369ab678739868,undefined FUN_1817aeff0(),ghidra,clean,
WHGame.dll,release_1_5_1164953_841,0x17af0ec,233,FUN_1817af0ec,,,409d8474ad3db08cb2cb55978ac44f1ac03e1fae2c4724ca224380204aa0d0e3,undefined FUN_1817af0ec(),ghidra,clean,
WHGame.dll,release_1_5_1164953_841,0x17af1d8,284,FUN_1817af1d8,,,cf851febc5e85d70dc2720e8511120f927592c6535a52e67bc19455a1fcbf7b3,undefined FUN_1817af1d8(),ghidra,clean,
WHGame.dll,release_1_5_1164953_841,0x17af2e8,251,FUN_1817af2e8,,,bd0c2aae0a3a42c26fc5f1fa527b7f3cff8d154fa16f7dcf98bb72ac9b6db99b,undefined FUN_1817af2e8(),ghidra,clean,
WHGame.dll,release_1_5_1164953_841,0x17af3e4,233,FUN_1817af3e4,,,02a56f94cdf52247173eec250cc0ee29da89b28acbb0903feecac5b4ee475e1e,undefined FUN_1817af3e4(),ghidra,clean,
WHGame.dll,release_1_5_1164953_841,0x17af4d0,155,FUN_1817af4d0,,,ffc95dea1fd74f8850cdc520c55ac19526a8545fc58b0e33f29c782c505a329c,undefined FUN_1817af4d0(),ghidra,clean,
WHGame.dll,release_1_5_1164953_841,0x17af56c,291,FUN_1817af56c,,,8c484666021114e23567b2db0710902b38dbb4141e077df246eac6cb394cf7c6,undefined FUN_1817af56c(),ghidra,clean,
WHGame.dll,release_1_5_1164953_841,0x17af690,129,FUN_1817af690,,,3ab1be607b6e5c291b1fe322f1f100277406bf53b83c52a744e125b9519aea31,undefined FUN_1817af690(),ghidra,clean,
WHGame.dll,release_1_5_1164953_841,0x17af6e8,65,FUN_1817af6e8,,,e0274f686dd1d03136692d9aca03f93e682f3208d029e7c56a57e3129557fd8b,undefined FUN_1817af6e8(),ghidra,clean,
WHGame.dll,release_1_5_1164953_841,0x17af730,35,FUN_1817af730,,,954f849d97ffc6aea9663182fac790a421c35c1e1bae20c974524239a197e20d,undefined FUN_1817af730(),ghidra,clean,
WHGame.dll,release_1_5_1164953_841,0x17af754,30,FUN_1817af754,,,48d62f1ce3831460876ea8ae4938c9de7a30cd9540b016326214de742011250e,undefined FUN_1817af754(),ghidra,clean,
WHGame.dll,release_1_5_1164953_841,0x17af774,236,FUN_1817af774,,,33f0ce484189013b718d875c6db362cf7393bc766b402ac7b324985aa6a25728,undefined FUN_1817af774(),ghidra,clean,
WHGame.dll,release_1_5_1164953_841,0x17af860,188,FUN_1817af860,,,62b461a6bd4d10a570ea2c718ceaab615004527452e6e32553d0d177434a94bb,undefined FUN_1817af860(),ghidra,clean,
WHGame.dll,release_1_5_1164953_841,0x17af91c,203,FUN_1817af91c,,,f86773cce3292799c2500defc9779f5f26078bc53bd6e49c2d9b74e8610b0209,undefined FUN_1817af91c(),ghidra,clean,
WHGame.dll,release_1_5_1164953_841,0x17af9e8,161,FUN_1817af9e8,,,69a0c42a09103d7594ca62fa8eae80995a92afebcca2c796f9d04d0b5c79d50d,undefined FUN_1817af9e8(),ghidra,clean,
WHGame.dll,release_1_5_1164953_841,0x17afa8c,135,FUN_1817afa8c,,,00ea693d43c529a0661105ee1f97fbe7409813636917bafedabba74879c4451d,undefined FUN_1817afa8c(),ghidra,clean,
WHGame.dll,release_1_5_1164953_841,0x17afb14,175,FUN_1817afb14,,,562fb8b581069660b12a6dd3565645e7ce37b25688024f181ce4032f77b7af3f,undefined FUN_1817afb14(),ghidra,clean,
WHGame.dll,release_1_5_1164953_841,0x17afbc4,155,FUN_1817afbc4,,,b66891d946d1f59f9507a40129838d63c2b1ed676935b346be6e54ca688b8a2e,undefined FUN_1817afbc4(),ghidra,clean,
WHGame.dll,release_1_5_1164953_841,0x17afc60,291,FUN_1817afc60,,,152cacab92638b5e2ab2d868c2d556560b18ab085e9850ce5ef6d24ab02b4f5f,undefined FUN_1817afc60(),ghidra,clean,
WHGame.dll,release_1_5_1164953_841,0x17afd84,155,FUN_1817afd84,,,a4de3a70b518cae20bd91b051002a23ef96553c29245183bfb046f85902bd99f,undefined FUN_1817afd84(),ghidra,clean,
WHGame.dll,release_1_5_1164953_841,0x17afe20,291,FUN_1817afe20,,,38b6f6ce6c246f2c9b06dec364a34f51bd3089ba97bba6fb316ff7d3c21fa3e8,undefined FUN_1817afe20(),ghidra,clean,
WHGame.dll,release_1_5_1164953_841,0x17aff44,69,FUN_1817aff44,,,12b5c477d7c55930ac062a0679e7963909ff5347586a52b1a789a09f0580f049,undefined FUN_1817aff44(),ghidra,clean,
WHGame.dll,release_1_5_1164953_841,0x17aff8c,43,FUN_1817aff8c,,,151fcf7c59c367424ac2b97e5d89337a8016ee74c1bf38d0e11b9c2e7e615936,undefined FUN_1817aff8c(),ghidra,clean,
WHGame.dll,release_1_5_1164953_841,0x17affa0,194,FUN_1817affa0,,,4a7f7136691b4b625ba65565967eb49ec75151e65cd7d4792116a708f8f53ce3,undefined FUN_1817affa0(),ghidra,clean,
WHGame.dll,release_1_5_1164953_841,0x17b0064,155,FUN_1817b0064,,,86e79e6791a77f014b1e2ce3913f98558afd608fff6dca0abc33b283c54d06f2,undefined FUN_1817b0064(),ghidra,clean,
WHGame.dll,release_1_5_1164953_841,0x17b0100,291,FUN_1817b0100,,,a8926dc571ca0e97b7b98903f4f767d6269646e875f8ad7910cec21369bbbbe6,undefined FUN_1817b0100(),ghidra,clean,
WHGame.dll,release_1_5_1164953_841,0x17b0224,180,FUN_1817b0224,,,79787a4bf2bf14d445cd9226b82fc81b88159127d48db585e2bdc622adaa02f4,undefined FUN_1817b0224(),ghidra,clean,
WHGame.dll,release_1_5_1164953_841,0x17b02d8,180,FUN_1817b02d8,,,e9d26b73ffe4d5f2e93c63a45fb6de86743fcdbd614fefe900e1f8f3de4275dd,undefined FUN_1817b02d8(),ghidra,clean,
WHGame.dll,release_1_5_1164953_841,0x17b038c,180,FUN_1817b038c,,,18fe5962447c98c78d398006f3fc2378810be3e67976eb9fe1d509fbdbe87640,undefined FUN_1817b038c(),ghidra,clean,
WHGame.dll,release_1_5_1164953_841,0x17b0440,180,FUN_1817b0440,,,3e03e62be43f115fd0936bffc45547438f4c459cb1d3efa0314b0849e4ad3700,undefined FUN_1817b0440(),ghidra,clean,
WHGame.dll,release_1_5_1164953_841,0x17b04f4,180,FUN_1817b04f4,,,4ef707a5ffd4e5e85a66c813ff0d67cddb55e399afbd017cb68dd5fd7000f49a,undefined FUN_1817b04f4(),ghidra,clean,
WHGame.dll,release_1_5_1164953_841,0x17b05a8,180,FUN_1817b05a8,,,5ee43ff5c6358804c749ce67e2ba1bcb294f2a064dfdb772364b2d61f62956e6,undefined FUN_1817b05a8(),ghidra,clean,
WHGame.dll,release_1_5_1164953_841,0x17b065c,180,FUN_1817b065c,,,d7d0d06ba0996b3fee3de1365d561bf1abf6b4112218f5ec4a27ac310349be6a,undefined FUN_1817b065c(),ghidra,clean,
WHGame.dll,release_1_5_1164953_841,0x17b0710,180,FUN_1817b0710,,,11098e14a53abae6206d88934281bc6b624ad81c3cd5a7df587b5e1d20e21ab0,undefined FUN_1817b0710(),ghidra,clean,
WHGame.dll,release_1_5_1164953_841,0x17b07c4,180,FUN_1817b07c4,,,18db9bec5d3af193b472eb3ae3231c9886f3e5f4b910274a6e9dadb31cf269e9,undefined FUN_1817b07c4(),ghidra,clean,
WHGame.dll,release_1_5_1164953_841,0x17b0878,180,FUN_1817b0878,,,39c7e49435e684aefd3acf7d4254ab1680990e46137ad3482765c7f6081ba1ae,undefined FUN_1817b0878(),ghidra,clean,
WHGame.dll,release_1_5_1164953_841,0x17b092c,180,FUN_1817b092c,,,e273495dcda3fd38215eea2ec9f482c73b5317c6f7e76ab0aba396e42821cb34,undefined FUN_1817b092c(),ghidra,clean,
WHGame.dll,release_1_5_1164953_841,0x17b09e0,180,FUN_1817b09e0,,,7a4b5493a6970765775f231d12e0044e304be65dde93c32c158d439520e2183e,undefined FUN_1817b09e0(),ghidra,clean,
WHGame.dll,release_1_5_1164953_841,0x17b0a94,180,FUN_1817b0a94,,,5a0367c7187d884c7f5636ba0d735013cd6fc71b125c84d29b9ba8524eb9a5fe,undefined FUN_1817b0a94(),ghidra,clean,
WHGame.dll,release_1_5_1164953_841,0x17b0b48,180,FUN_1817b0b48,,,d24970b9ebbca0e3512cc02fa94ab30f2076290f83a776fdd1c843d2e2c3f159,undefined FUN_1817b0b48(),ghidra,clean,
WHGame.dll,release_1_5_1164953_841,0x17b0bfc,473,FUN_1817b0bfc,,,32c88e703372fd07e5b2afb00764993e16a9fb669733b19b1623c6c7c16ffc63,undefined FUN_1817b0bfc(),ghidra,clean,
WHGame.dll,release_1_5_1164953_841,0x17b0dd8,302,FUN_1817b0dd8,,,d517ffb1dc325ef8ff51fe55e5b33be0ef9209f1a25cc8c2dc1252ff40a8fb8c,undefined FUN_1817b0dd8(),ghidra,clean,
WHGame.dll,release_1_5_1164953_841,0x17b0efc,327,FUN_1817b0efc,,,5348aae408a8e9f76c153e95074be6ee0d9e14c4a584c775deed51855087c8d3,undefined FUN_1817b0efc(),ghidra,clean,
WHGame.dll,release_1_5_1164953_841,0x17b1044,473,FUN_1817b1044,,,e292d72ac7423d677e515b78d3f030f46a6a6431fbb76f82cbf37e59226b2e79,undefined FUN_1817b1044(),ghidra,clean,
WHGame.dll,release_1_5_1164953_841,0x17b1220,302,FUN_1817b1220,,,15f06e21f9bc410acf1df8a943e3d86af7843d333a83d89d9647b8113bef7952,undefined FUN_1817b1220(),ghidra,clean,
WHGame.dll,release_1_5_1164953_841,0x17b1344,327,FUN_1817b1344,,,8b033dea15fc679be6707ff8bc67e82fe63773e5fb687cd376debd4d2223dc92,undefined FUN_1817b1344(),ghidra,clean,
WHGame.dll,release_1_5_1164953_841,0x17b148c,473,FUN_1817b148c,,,942f3c2b136c85d1ea3ee34cd5045b9b5ac2631e229e57274a4067198334e694,undefined FUN_1817b148c(),ghidra,clean,
WHGame.dll,release_1_5_1164953_841,0x17b1668,302,FUN_1817b1668,,,bc795e909135d45230925d6fa8074be406b4a0f3689d3b993b63d8e694a5711f,undefined FUN_1817b1668(),ghidra,clean,
WHGame.dll,release_1_5_1164953_841,0x17b178c,327,FUN_1817b178c,,,04ed43111edd5b37e617955b9aaa689d456b02434005b38237e831e1dffa6b87,undefined FUN_1817b178c(),ghidra,clean,
WHGame.dll,release_1_5_1164953_841,0x17b18d4,473,FUN_1817b18d4,,,389d64b0b6bfbd0be879282191cc9fdaf5e78d8b7bcdbc490a1102d633d478f7,undefined FUN_1817b18d4(),ghidra,clean,
WHGame.dll,release_1_5_1164953_841,0x17b1ab0,302,FUN_1817b1ab0,,,05ab02a8f382ce05308af4e984e38150f2116a0e0df75b54eeffca5d93065c63,undefined FUN_1817b1ab0(),ghidra,clean,
WHGame.dll,release_1_5_1164953_841,0x17b1bd4,327,FUN_1817b1bd4,,,f8ab2bd93153986c001e895818e8ef5e531c86f28f917ad858a378a13f66126e,undefined FUN_1817b1bd4(),ghidra,clean,
WHGame.dll,release_1_5_1164953_841,0x17b1d1c,473,FUN_1817b1d1c,,,7a0d03c9d3023bd3a327ba225c428b506c52e63e3e6f0b96b2fc474a5782d5fa,undefined FUN_1817b1d1c(),ghidra,clean,
WHGame.dll,release_1_5_1164953_841,0x17b1ef8,302,FUN_1817b1ef8,,,f16098d9eb3d9ccdba62bd3b96c5aee65b89a7c47073d983ff9b7304226c261c,undefined FUN_1817b1ef8(),ghidra,clean,
WHGame.dll,release_1_5_1164953_841,0x17b201c,327,FUN_1817b201c,,,cf336d4cb0e8439322333440e240b7bf8b9d2b2b1e550bddc03ae393bcdc0db0,undefined FUN_1817b201c(),ghidra,clean,
WHGame.dll,release_1_5_1164953_841,0x17b2164,52,FUN_1817b2164,,,f3c24c36e65199b900ec57779515c3475e2a0c476edb600374335039bbdda528,undefined FUN_1817b2164(),ghidra,clean,
WHGame.dll,release_1_5_1164953_841,0x17b2198,116,FUN_1817b2198,,,01eedaed592159f9f16e4d4464130c7286d5215cf8d14410309603898cb44942,undefined FUN_1817b2198(),ghidra,clean,
WHGame.dll,release_1_5_1164953_841,0x17b21fc,574,FUN_1817b21fc,,,d316a9a2fa5f96b9a73740222e93483a772a8fb5406fbf34cc03f064449ddf5d,undefined FUN_1817b21fc(),ghidra,clean,
WHGame.dll,release_1_5_1164953_841,0x17b243c,477,FUN_1817b243c,,,df346ca098963e88317f6994a379976712d7a935e7630e94a5316117126fa900,undefined FUN_1817b243c(),ghidra,clean,
WHGame.dll,release_1_5_1164953_841,0x17b261c,861,FUN_1817b261c,,,4141316fb219f9166d1453a144a6df1a358f8fe2a1194cdc5f73fa7fe26f1b79,undefined FUN_1817b261c(),ghidra,clean,
WHGame.dll,release_1_5_1164953_841,0x17b2728,174,FUN_1817b2728,,,807255ceb7219b519bbb4f513e37a3df3863e90f5afff8a24ff0d09372fb5834,undefined FUN_1817b2728(),ghidra,clean,
WHGame.dll,release_1_5_1164953_841,0x17b27d8,172,FUN_1817b27d8,,,a4cb0b0690fbd18952e8f45ecf3dbde232d5249bc9c48da6dee35e0dbb1ced48,undefined FUN_1817b27d8(),ghidra,clean,
WHGame.dll,release_1_5_1164953_841,0x17b2884,95,FUN_1817b2884,,,b083aeb8d7f8a41aae41f2b8158b33bb8712a8c87413bbd5ac4695204fbfbbd2,undefined FUN_1817b2884(),ghidra,clean,
WHGame.dll,release_1_5_1164953_841,0x17b28c4,331,FUN_1817b28c4,,,3c73893430d65d6ef60b78d48a340194612d0480419e5b83fb6194a4f16c2b86,undefined FUN_1817b28c4(),ghidra,clean,
WHGame.dll,release_1_5_1164953_841,0x17b2a10,117,FUN_1817b2a10,,,3bbeb6cd718559876cb40743e069bb120db2f1ea7e8b310e44a72880349cd19c,undefined FUN_1817b2a10(),ghidra,clean,
WHGame.dll,release_1_5_1164953_841,0x17b2a4c,84,FUN_1817b2a4c,,,5caa7ea7ca55fb4e398a32f9ed04fabeffb46f35eeb4e1b35546638425ea1433,undefined FUN_1817b2a4c(),ghidra,clean,
WHGame.dll,release_1_5_1164953_841,0x17b2a80,176,FUN_1817b2a80,,,40db76c3564c5edcc867696aa096220db4b04c3c25f3ce60f296cff125ef4c9a,undefined FUN_1817b2a80(),ghidra,clean,
WHGame.dll,release_1_5_1164953_841,0x17b2aec,99,FUN_1817b2aec,,,6858025697d0f8df084fd9df578aca4dc3b9163304db893853620dc359f643a6,undefined FUN_1817b2aec(),ghidra,clean,
WHGame.dll,release_1_5_1164953_841,0x17b2b50,128,FUN_1817b2b50,,,c248d1c184eecb70af081fa27af08b8385e9257d47c6d3ebc23c2b4020cc728c,undefined FUN_1817b2b50(),ghidra,clean,
WHGame.dll,release_1_5_1164953_841,0x17b2ba4,86,FUN_1817b2ba4,,,db949e6d92fda0ddb4ac77a0500eeae3ea9d8d25fb6949c0a736187e875ec2d8,undefined FUN_1817b2ba4(),ghidra,clean,
WHGame.dll,release_1_5_1164953_841,0x17b2bfc,63,FUN_1817b2bfc,,,36a307f3c3c3090ef98fa6fbbfda5250e00e6ff3ebe512068d9b87c3e738e986,undefined FUN_1817b2bfc(),ghidra,clean,
WHGame.dll,release_1_5_1164953_841,0x17b2c40,285,FUN_1817b2c40,,,34ece2eccaf9afe19c4a853c95baf5f5bc48634d9e8e0164657ba0fa4100b797,undefined FUN_1817b2c40(),ghidra,clean,
WHGame.dll,release_1_5_1164953_841,0x17b2ce0,30,FUN_1817b2ce0,,,24934e852cc2ca6a08368bfc1397ba658a87db4d58a4740057e94a5d8810386b,undefined FUN_1817b2ce0(),ghidra,clean,
WHGame.dll,release_1_5_1164953_841,0x17b2d00,104,FUN_1817b2d00,,,85e4bdb31978d1abe5734ca44d08ebc92323b7794d121522128910018d44b78a,undefined FUN_1817b2d00(),ghidra,clean,
WHGame.dll,release_1_5_1164953_841,0x17b2d1c,31,FUN_1817b2d1c,,,050124abeddfcf0119fd4c3d8f3cf6764a9dcd62d1941ebca90842d100c92992,undefined FUN_1817b2d1c(),ghidra,clean,
WHGame.dll,release_1_5_1164953_841,0x17b2d3c,25,FUN_1817b2d3c,,,9d9c2db40972f2087e96ba465f6333c319345c3d8745502f68ec08de4589c026,undefined FUN_1817b2d3c(),ghidra,clean,
WHGame.dll,release_1_5_1164953_841,0x17b2d58,471,FUN_1817b2d58,,,335a2d2fe375057a9c86a499cea89569b9a353ba583b60f9bf0e9518ac38459e,undefined FUN_1817b2d58(),ghidra,clean,
WHGame.dll,release_1_5_1164953_841,0x17b2e2c,206,FUN_1817b2e2c,,,e72d550aa5e5b2b87238615da6dfed46a81e36139afda6201f9be6498afe5472,undefined FUN_1817b2e2c(),ghidra,clean,
WHGame.dll,release_1_5_1164953_841,0x17b2ebc,891,FUN_1817b2ebc,,,7139e8b23c50dfcc4f9631d804da15b261af574fc8995aee95e6582f27903c88,undefined FUN_1817b2ebc(),ghidra,clean,
WHGame.dll,release_1_5_1164953_841,0x17b2f80,5,FUN_1817b2f80,,,6f18598b04ecccf18cabc9b8cfb84ad5811a216884b53165c22fc09631568610,undefined FUN_1817b2f80(),ghidra,clean,
WHGame.dll,release_1_5_1164953_841,0x17b2f85,4,FUN_1817b2f85,,,2ffb5d7bbb9118b00324ef7ceb3fc19a0242cb1db13dcad10f5bef77fd1e45d7,undefined FUN_1817b2f85(),ghidra,clean,
WHGame.dll,release_1_5_1164953_841,0x17b2f8c,264,FUN_1817b2f8c,,,15fbc7af4218d6adbd36d8224f8f95db80bc553e7c81fb51e4bae119347593a5,undefined FUN_1817b2f8c(),ghidra,clean,
WHGame.dll,release_1_5_1164953_841,0x17b3094,155,FUN_1817b3094,,,994f47964100d1b116982fdd143cf1d9c72454396f2adbb9f80c59ae9fa99cdc,undefined FUN_1817b3094(),ghidra,clean,
WHGame.dll,release_1_5_1164953_841,0x17b3130,261,FUN_1817b3130,,,3d4f349eae6c7d5c12975052f174751f0191982dac56b785d174424916221b0f,undefined FUN_1817b3130(),ghidra,clean,
WHGame.dll,release_1_5_1164953_841,0x17b322c,196,FUN_1817b322c,,,2fa35797b4cdbce5bf3784fca5dfd6b1e7e0329436f540ba637b84c8d6a6693b,undefined FUN_1817b322c(),ghidra,clean,
WHGame.dll,release_1_5_1164953_841,0x17b32f0,291,FUN_1817b32f0,,,bde3997083916a42d7131287f6a490e622ea8a82ca06012b2208de8c210d73f1,undefined FUN_1817b32f0(),ghidra,clean,
WHGame.dll,release_1_5_1164953_841,0x17b3414,146,FUN_1817b3414,,,603f7152786731ede68b1ea46b15f4bff892798dc779ced6c65f418458891965,undefined FUN_1817b3414(),ghidra,clean,
WHGame.dll,release_1_5_1164953_841,0x17b3464,65,FUN_1817b3464,,,870f97ba28569da7459cc7e401499c4494ab95df2d051b3d5201257615782e89,undefined FUN_1817b3464(),ghidra,clean,
WHGame.dll,release_1_5_1164953_841,0x17b34a8,95,FUN_1817b34a8,,,cbecab2504701d69deb373c1d375d93bd9405d69572fc6d53c062fcd11b1b841,undefined FUN_1817b34a8(),ghidra,clean,
WHGame.dll,release_1_5_1164953_841,0x17b3508,162,FUN_1817b3508,,,832aa623e60a8a620ffd1a38ff7caf3d8a179e561eed5e36452b9eed0b9f62e9,undefined FUN_1817b3508(),ghidra,clean,
WHGame.dll,release_1_5_1164953_841,0x17b35ac,328,FUN_1817b35ac,,,a06c5c03a6c5b601aadc201830eb552cf48e9faafdc0a7fb9776cae0e8b30576,undefined FUN_1817b35ac(),ghidra,clean,
WHGame.dll,release_1_5_1164953_841,0x17b36f8,100,FUN_1817b36f8,,,13fa2f6f32c323dda67948a28a711eb249a17ad2ab635ca0e00bb17a584c39e2,undefined FUN_1817b36f8(),ghidra,clean,
WHGame.dll,release_1_5_1164953_841,0x17b375c,95,FUN_1817b375c,,,3e381089ff7ab8dc4a9c11856e7c071ec80d25ed071a25f4eb83808695de55ac,undefined FUN_1817b375c(),ghidra,clean,
WHGame.dll,release_1_5_1164953_841,0x17b37bc,56,FUN_1817b37bc,,,81d6d22887bc0a600ab3911e772628ae8830d02633e9f3f106345e65d45ed132,undefined FUN_1817b37bc(),ghidra,clean,
WHGame.dll,release_1_5_1164953_841,0x17b37f4,73,FUN_1817b37f4,,,12ba08ef67bee2541757b4dae84f6907975e883363ff95e6ffbd30f94a557f3d,undefined FUN_1817b37f4(),ghidra,clean,
WHGame.dll,release_1_5_1164953_841,0x17b3830,197,FUN_1817b3830,,,5641b582f534a99e9a143fe84e1bbde61949fc19520f2fa312fae95746179258,undefined FUN_1817b3830(),ghidra,clean,
WHGame.dll,release_1_5_1164953_841,0x17b38f8,464,FUN_1817b38f8,,,1c854a4cf53e207dc18edc0f3faf0a02ce26adbd3f46532a3a2bf48ebd90830c,undefined FUN_1817b38f8(),ghidra,clean,
WHGame.dll,release_1_5_1164953_841,0x17b39b0,155,FUN_1817b39b0,,,5d924dd3b7f48cb88062dacf29d5c0ef9679a8f4d57a523d972e0afcdb9b7f0a,undefined FUN_1817b39b0(),ghidra,clean,
WHGame.dll,release_1_5_1164953_841,0x17b3a4c,291,FUN_1817b3a4c,,,e0411d498b2cef451d7b13890d52167a67b83d0f1f241450b34897472c33f432,undefined FUN_1817b3a4c(),ghidra,clean,
WHGame.dll,release_1_5_1164953_841,0x17b3b70,106,FUN_1817b3b70,,,7befe3ebe39f77c72514d8c59a3332af1c52ced7b69ac9d329aa72c3a43bcb84,undefined FUN_1817b3b70(),ghidra,clean,
WHGame.dll,release_1_5_1164953_841,0x17b3c18,115,FUN_1817b3c18,,,11a95798b58ccbb22524feefd15dd8a3495b5868bcdacbc5e4aa12bd7917a6b3,undefined FUN_1817b3c18(),ghidra,clean,
WHGame.dll,release_1_5_1164953_841,0x17b3c90,25,FUN_1817b3c90,,,de3b875ff54ff6e9e82aea3bfaa5a243c1a8cd828fc890656d490136f5e126e0,undefined FUN_1817b3c90(),ghidra,clean,
WHGame.dll,release_1_5_1164953_841,0x17b3cac,91,FUN_1817b3cac,,,2944ea0790aa683ea9deae424df3cfca45ce82bfeccb82171cb62d5974078e93,undefined FUN_1817b3cac(),ghidra,clean,
WHGame.dll,release_1_5_1164953_841,0x17b3d08,24,FUN_1817b3d08,,,84cf3774759ea2b806bbd382da309cdd841bc31d9b15b80aab091be181791815,undefined FUN_1817b3d08(),ghidra,clean,
WHGame.dll,release_1_5_1164953_841,0x17b3d20,609,FUN_1817b3d20,,,d1c20d8bebc2ebefb512ade4792b5a40fd93700f80030f9277523f267136efe6,undefined FUN_1817b3d20(),ghidra,clean,
WHGame.dll,release_1_5_1164953_841,0x17b3f84,167,FUN_1817b3f84,,,ecfd41fdddd423619fc3b76640e970faae9706efa965686179fe0f0fc7040563,undefined FUN_1817b3f84(),ghidra,clean,
WHGame.dll,release_1_5_1164953_841,0x17b402c,69,FUN_1817b402c,,,fb94d9440c507a976f99b07c7a902ffea7d97e6c5424c5dac6a7ca98e65bb4ad,undefined FUN_1817b402c(),ghidra,clean,
WHGame.dll,release_1_5_1164953_841,0x17b4074,180,FUN_1817b4074,,,671ac6c329fbc468642d883ed1a1f8e45af39226d9db392d445c109edd7c7152,undefined FUN_1817b4074(),ghidra,clean,
WHGame.dll,release_1_5_1164953_841,0x17b4128,180,FUN_1817b4128,,,4cb7b37331f54cda79015f4e5ee1a571a01ebbcf2e8104f7ec8c1b81efe6d208,undefined FUN_1817b4128(),ghidra,clean,
WHGame.dll,release_1_5_1164953_841,0x17b41dc,190,FUN_1817b41dc,,,f0d2f2c96fc8ebc333ee25a391a47eee4a68020548a049a674211753e3482da3,undefined FUN_1817b41dc(),ghidra,clean,
WHGame.dll,release_1_5_1164953_841,0x17b429c,155,FUN_1817b429c,,,562fad9358a1b008051030d8b58163668a1a9997a42e255ea2de0f321a81ca55,undefined FUN_1817b429c(),ghidra,clean,
WHGame.dll,release_1_5_1164953_841,0x17b4338,291,FUN_1817b4338,,,ac1c5ba7eaa0401b85a51aec5010e6e3db90e041509944ee61580c2b048cd02f,undefined FUN_1817b4338(),ghidra,clean,
WHGame.dll,release_1_5_1164953_841,0x17b445c,155,FUN_1817b445c,,,883db25d152ccddfdfda9bcd22186f7c8c05bcb1f7c3a38f1f9561379402180a,undefined FUN_1817b445c(),ghidra,clean,
WHGame.dll,release_1_5_1164953_841,0x17b44f8,291,FUN_1817b44f8,,,e08e9a29299e74d88e11fb9ab0279bf25ecbef0705e1fc6d51426c85f182301c,undefined FUN_1817b44f8(),ghidra,clean,
WHGame.dll,release_1_5_1164953_841,0x17b461c,141,FUN_1817b461c,,,8f97bca2b1ca9684f018cb8c25817401dae5b8d033bdd376fc10395045ced131,undefined FUN_1817b461c(),ghidra,clean,
WHGame.dll,release_1_5_1164953_841,0x17b46b0,8,FUN_1817b46b0,,,c25f2c1124748ca9e77e50be8e31b94e9f111f841280f2a9c472f4ddc0d07646,undefined FUN_1817b46b0(),ghidra,clean,
WHGame.dll,release_1_5_1164953_841,0x17b46b8,246,FUN_1817b46b8,,,a385754d2a77403d5d74d731fc26b6a7566befbdfd7426dc5e08067ffd5bfc22,undefined FUN_1817b46b8(),ghidra,clean,
WHGame.dll,release_1_5_1164953_841,0x17b47b0,374,FUN_1817b47b0,,,866574d747a726869a8a38f7670714474a36c7fd9e92c23da557b793e47c03fd,undefined FUN_1817b47b0(),ghidra,clean,
WHGame.dll,release_1_5_1164953_841,0x17b4928,157,FUN_1817b4928,,,78b61bdf699476ffc480219df7d50e7069b4a8d8bbe2716106bd2d63ffead5a3,undefined FUN_1817b4928(),ghidra,clean,
WHGame.dll,release_1_5_1164953_841,0x17b49c8,417,FUN_1817b49c8,,,078b39d84a4114b68bc08b6694c38cb2659319eab9164a0e09dbe101e47286d3,undefined FUN_1817b49c8(),ghidra,clean,
WHGame.dll,release_1_5_1164953_841,0x17b4b6c,179,FUN_1817b4b6c,,,3df3a8334a39a64c0b772094e70b9e079e1f8a6e919cf88ee1d48d4049aea0e6,undefined FUN_1817b4b6c(),ghidra,clean,
WHGame.dll,release_1_5_1164953_841,0x17b4bdc,84,FUN_1817b4bdc,,,0b9b2b1f974bcfc21fd31e822a2b66dc84e4f784bf315fffb066daaa3565f23c,undefined FUN_1817b4bdc(),ghidra,clean,
WHGame.dll,release_1_5_1164953_841,0x17b4c19,5,FUN_1817b4c19,,,fbf9f207b51c435f1e1ea2ad19396f51dade00de2adc1ac65f6020ae4833182d,undefined FUN_1817b4c19(),ghidra,clean,
WHGame.dll,release_1_5_1164953_841,0x17b4c20,10,FUN_1817b4c20,,,724a2b1377dfb8b44e77e05aea962ee668d149a8380db0f41cc623b6634365d6,undefined FUN_1817b4c20(),ghidra,clean,
WHGame.dll,release_1_5_1164953_841,0x17b4c2c,155,FUN_1817b4c2c,,,1104d3010032fa55e0a82e2dd0b72c40a122b1647d9b95c32ff4ca333980d84c,undefined FUN_1817b4c2c(),ghidra,clean,
WHGame.dll,release_1_5_1164953_841,0x17b4cc8,293,FUN_1817b4cc8,,,ca11f2d1f7d63a00cc9fb913fc97a7b8e87cd516459b1287442ebc50ee708ac0,undefined FUN_1817b4cc8(),ghidra,clean,
WHGame.dll,release_1_5_1164953_841,0x17b4df0,155,FUN_1817b4df0,,,8f7cae5c222144270141e7b5ee7b84d0f24c8be1fba997c38ae67c34c2a40fd8,undefined FUN_1817b4df0(),ghidra,clean,
WHGame.dll,release_1_5_1164953_841,0x17b4e8c,291,FUN_1817b4e8c,,,bdbf497aab76d604bdb5da001324f82fdeac1808021f8672efe621d1bbed5c7d,undefined FUN_1817b4e8c(),ghidra,clean,
WHGame.dll,release_1_5_1164953_841,0x17b4fb0,89,FUN_1817b4fb0,,,6030bd8864b1d71abc9c7bca358a48680baa0dbf0683fb7514f0e065b2d333a0,undefined FUN_1817b4fb0(),ghidra,clean,
WHGame.dll,release_1_5_1164953_841,0x17b500c,297,FUN_1817b500c,,,eead4b062bca70f65784d538a7699b6ce1a52174a82f50ef6987de7c51e563be,undefined FUN_1817b500c(),ghidra,clean,
WHGame.dll,release_1_5_1164953_841,0x17b5138,91,FUN_1817b5138,,,552c7911faf1adfbdceb403d8369ef671fea348a75d7ac036b8e65cde1895ce3,undefined FUN_1817b5138(),ghidra,clean,
WHGame.dll,release_1_5_1164953_841,0x17b5194,117,FUN_1817b5194,,,945e2f7ddcbb51b95fab55dc1c2fa8955d8cdc39fcb4c68fe9708d3a1bec357e,undefined FUN_1817b5194(),ghidra,clean,
WHGame.dll,release_1_5_1164953_841,0x17b520c,55,FUN_1817b520c,,,3a8fd557eda6454582acc8bad7d5cbbe179c32f52d93df4df0a0e21267f2ca47,undefined FUN_1817b520c(),ghidra,clean,
WHGame.dll,release_1_5_1164953_841,0x17b5244,109,FUN_1817b5244,,,713d382c4202e11d7ee7ec2c8a70e1e5157535aaa86fb6a2078e1ea882c9ced3,undefined FUN_1817b5244(),ghidra,clean,
WHGame.dll,release_1_5_1164953_841,0x17b52b4,52,FUN_1817b52b4,,,e18ad0d12629e836103c71d813e1c01b4cd2701efa6a93678a673072b429590d,undefined FUN_1817b52b4(),ghidra,clean,
WHGame.dll,release_1_5_1164953_841,0x17b52e8,37,FUN_1817b52e8,,,0ace078e7e0891301b603e7787fe0005f8b22343f86bc9aa5c2b2c44a4d9ac8d,undefined FUN_1817b52e8(),ghidra,clean,
WHGame.dll,release_1_5_1164953_841,0x17b5310,37,FUN_1817b5310,,,bcc67433c5cfa11e82573bf468304148ad25e41459db88c994cfe8af6ee92297,undefined FUN_1817b5310(),ghidra,clean,
WHGame.dll,release_1_5_1164953_841,0x17b5340,30,FUN_1817b5340,,,cdfb481b634a69f7a57de962e32573b81635d659fb00ea4730bcda3db78a4de1,undefined FUN_1817b5340(),ghidra,clean,
WHGame.dll,release_1_5_1164953_841,0x17b5360,666,FUN_1817b5360,,,984718fd3106eee86b2765a3cec6fd2ebf9f9a295026230c0dc842dde879ce50,undefined FUN_1817b5360(),ghidra,clean,
WHGame.dll,release_1_5_1164953_841,0x17b55fc,155,FUN_1817b55fc,,,3b2873f591782b2f5d48ccf71cb8a906341534d5159d24a013e7387d5d95b012,undefined FUN_1817b55fc(),ghidra,clean,
WHGame.dll,release_1_5_1164953_841,0x17b5698,291,FUN_1817b5698,,,aa03da622312be008997e75a22f2e4d0a2952a7de004ce9adf2fc98ab8288269,undefined FUN_1817b5698(),ghidra,clean,
WHGame.dll,release_1_5_1164953_841,0x17b57bc,254,FUN_1817b57bc,,,2058eeaa630877912220383d5e06699bba265f8383bf470191ff650a1d11998b,undefined FUN_1817b57bc(),ghidra,clean,
WHGame.dll,release_1_5_1164953_841,0x17b58bc,207,FUN_1817b58bc,,,527ef6deafe4cdf8dff30060e7ed2d84df8b2daf76014392e25966934d0783fb,undefined FUN_1817b58bc(),ghidra,clean,
WHGame.dll,release_1_5_1164953_841,0x17b598c,72,FUN_1817b598c,,,b2cb56f2963ebe9a8484ae6b3a68b87160b6bb3cf208d7768bb7a9c9b6b45fc1,undefined FUN_1817b598c(),ghidra,clean,
WHGame.dll,release_1_5_1164953_841,0x17b59d4,63,FUN_1817b59d4,,,d10d8bb931e498eda778cd18522e5541481157d04f42b8d17daea0631dc9e1e1,undefined FUN_1817b59d4(),ghidra,clean,
WHGame.dll,release_1_5_1164953_841,0x17b5a14,54,FUN_1817b5a14,,,d1a311066748cc8a5671c8b4c48eb6f0129549fa81eb0145d0f029a8005c1983,undefined FUN_1817b5a14(),ghidra,clean,
WHGame.dll,release_1_5_1164953_841,0x17b5a4c,81,FUN_1817b5a4c,,,ef62e814c10a3ff8d30bc5ec475fafb8fac7a6fc835924482e17a8b64d9fd528,undefined FUN_1817b5a4c(),ghidra,clean,
WHGame.dll,release_1_5_1164953_841,0x17b5a80,147,FUN_1817b5a80,,,af09fea55c8695c7317ef28d253b5a43055ef352b673358111321dbd006b8054,undefined FUN_1817b5a80(),ghidra,clean,
WHGame.dll,release_1_5_1164953_841,0x17b5ae8,170,FUN_1817b5ae8,,,388d5f1abeeee172cca001a4e339a945f0fe7b7b686cec87b28e4f970bb70f78,undefined FUN_1817b5ae8(),ghidra,clean,
WHGame.dll,release_1_5_1164953_841,0x17b5b94,59,FUN_1817b5b94,,,3a0acfe2ab9822c534702771d8bd0417c535cf11d7f10a186f48e9b078fa6dc6,undefined FUN_1817b5b94(),ghidra,clean,
WHGame.dll,release_1_5_1164953_841,0x17b5bd0,180,FUN_1817b5bd0,,,9578aa93d775c5f8869b9c86dd7660153bbbe1ad54baa2af35010c7ea468608c,undefined FUN_1817b5bd0(),ghidra,clean,
WHGame.dll,release_1_5_1164953_841,0x17b5c84,180,FUN_1817b5c84,,,618e34c8835f5b9ef07d9735ac5c65d574f618e846c3203f43613aaba10e5ab9,undefined FUN_1817b5c84(),ghidra,clean,
WHGame.dll,release_1_5_1164953_841,0x17b5d38,180,FUN_1817b5d38,,,deeb98441ebe04f255781ce4f8ca9b954185499990ee8ea500fa19e4e4f3850b,undefined FUN_1817b5d38(),ghidra,clean,
WHGame.dll,release_1_5_1164953_841,0x17b5dec,180,FUN_1817b5dec,,,e8fa70abedb5c7ae272bf45854001fe6f3e8e057c0eff16623c063fdcca3ccb9,undefined FUN_1817b5dec(),ghidra,clean,
WHGame.dll,release_1_5_1164953_841,0x17b5ea0,41,FUN_1817b5ea0,,,602a2cf34e52d8eaa77e19f3c831742dbd16715a2c3426640107fd7026dc967e,undefined FUN_1817b5ea0(),ghidra,clean,
WHGame.dll,release_1_5_1164953_841,0x17b5ee8,496,FUN_1817b5ee8,,,10394cfa0a2facf1997fb2689033665fe421996621f1f558c68b70a9cb71abe7,undefined FUN_1817b5ee8(),ghidra,clean,
WHGame.dll,release_1_5_1164953_841,0x17b60d8,167,FUN_1817b60d8,,,deb911f9e5e1fc25ef3f8328ea03a1b621befc97abe78e7a242cec74bf9f45fd,undefined FUN_1817b60d8(),ghidra,clean,
WHGame.dll,release_1_5_1164953_841,0x17b6180,167,FUN_1817b6180,,,79ec20a71f6565229b4b75ba002a5dafe92f96cd388a4abb273a1519121b13b0,undefined FUN_1817b6180(),ghidra,clean,
WHGame.dll,release_1_5_1164953_841,0x17b6228,167,FUN_1817b6228,,,064f9094a152953e35cadcc58999cf8c9d587680ca6fef6ed2daf7eb2d5df61f,undefined FUN_1817b6228(),ghidra,clean,
WHGame.dll,release_1_5_1164953_841,0x17b62d0,167,FUN_1817b62d0,,,858011be78eb33566b869cd6a226a7577ce0b94b5d7cd8944efa99654dc32229,undefined FUN_1817b62d0(),ghidra,clean,
WHGame.dll,release_1_5_1164953_841,0x17b6378,167,FUN_1817b6378,,,476ba16cdf72afb755fca6e7a2413020cdafcca9d119ae5e3722d40dd0c49cd6,undefined FUN_1817b6378(),ghidra,clean,
WHGame.dll,release_1_5_1164953_841,0x17b6420,167,FUN_1817b6420,,,2c2d04d74a9c0141b2fcddeed2e8a73740670d84424842be33df5173c75de50a,undefined FUN_1817b6420(),ghidra,clean,
WHGame.dll,release_1_5_1164953_841,0x17b64c8,126,FUN_1817b64c8,,,7b12cd79a1a14e8166b90e2a1253eff7988759498b11766bf807d0c951f3cad9,undefined FUN_1817b64c8(),ghidra,clean,
WHGame.dll,release_1_5_1164953_841,0x17b6548,97,FUN_1817b6548,,,94b39dc92e4871b5f0333748fc5095004ee3b16fd3ee4e72deb3e61e8f4c2339,undefined FUN_1817b6548(),ghidra,clean,
WHGame.dll,release_1_5_1164953_841,0x17b65ac,80,FUN_1817b65ac,,,ea20407d1d05020a74f4f45832bda15b140c5cad4ca8fc4aae09b37126eea3ce,undefined FUN_1817b65ac(),ghidra,clean,
WHGame.dll,release_1_5_1164953_841,0x17b65fc,85,FUN_1817b65fc,,,28a700d9efe38f5540da5ce81c37ec8045597a339602b307ff50c9a7011f2a23,undefined FUN_1817b65fc(),ghidra,clean,
WHGame.dll,release_1_5_1164953_841,0x17b6630,65,FUN_1817b6630,,,821c8fe19a4736328f243e2d947aef96be3cfbe79f7b3f689da7d667ecdbe1ed,undefined FUN_1817b6630(),ghidra,clean,
WHGame.dll,release_1_5_1164953_841,0x17b6674,29,FUN_1817b6674,,,02d640d6bedb3a7a47f747bd408bcb1209bdef4cb7230df277da6a663bf07f7b,undefined FUN_1817b6674(),ghidra,clean,
WHGame.dll,release_1_5_1164953_841,0x17b6694,64,FUN_1817b6694,,,2a3ec283f90fcdfda17785c9cf2f3fff09da266e4620c165e9fc78c79f687f42,undefined FUN_1817b6694(),ghidra,clean,
WHGame.dll,release_1_5_1164953_841,0x17b66d4,64,FUN_1817b66d4,,,8aede55d14c9105f815488c53c4c4917ed3ab29086e4edabebecaa74feb258d1,undefined FUN_1817b66d4(),ghidra,clean,
WHGame.dll,release_1_5_1164953_841,0x17b6714,64,FUN_1817b6714,,,59075e19826b579f47ddfb76b75f6566b3e3bf92239519b217ef685a029b9784,undefined FUN_1817b6714(),ghidra,clean,
WHGame.dll,release_1_5_1164953_841,0x17b6754,64,FUN_1817b6754,,,122117c234c35fbc54711223a96c0c10f7014da80a62262b8fa844fee0a4175b,undefined FUN_1817b6754(),ghidra,clean,
WHGame.dll,release_1_5_1164953_841,0x17b6794,64,FUN_1817b6794,,,780448d72b3c359f9a0a2a9b263c8dbdafd80490ba4b9051915cb9780e27527b,undefined FUN_1817b6794(),ghidra,clean,
WHGame.dll,release_1_5_1164953_841,0x17b67d4,64,FUN_1817b67d4,,,178ad24418c6961d3be67153d1c222f141009e277d027cf7b253f6e45d265c0b,undefined FUN_1817b67d4(),ghidra,clean,
WHGame.dll,release_1_5_1164953_841,0x17b6814,134,FUN_1817b6814,,,4b25b861df8dd3af6eb5833cdbcb0a1ee27ac61320945eb2efaf50a7fef5aa75,undefined FUN_1817b6814(),ghidra,clean,
WHGame.dll,release_1_5_1164953_841,0x17b689c,30,FUN_1817b689c,,,d7a34b09e3cb4887063a57d832cca892478db58d95741a61ca486d0b8a887823,undefined FUN_1817b689c(),ghidra,clean,
WHGame.dll,release_1_5_1164953_841,0x17b68d4,14,FUN_1817b68d4,,,d8d9d6d63e826e7f047770e9fb02a27182f68bb2e8418ba356afd3c7da897c1b,undefined FUN_1817b68d4(),ghidra,clean,
WHGame.dll,release_1_5_1164953_841,0x17b68e4,15,FUN_1817b68e4,,,776c0c74464d7de0d3a1c7cb108ec39ddcb05b6958341c0f2a6197e2cf185ac3,undefined FUN_1817b68e4(),ghidra,clean,
WHGame.dll,release_1_5_1164953_841,0x17b68f4,106,FUN_1817b68f4,,,177ab2995e6878a4cfa57908d174ed91cd561b7d9f224d15f961b07ba9f6d880,undefined FUN_1817b68f4(),ghidra,clean,
WHGame.dll,release_1_5_1164953_841,0x17b6964,34,FUN_1817b6964,,,8bc5ea1beb50081f644805869205392878339ad775c6f149efef42057c36bce3,undefined FUN_1817b6964(),ghidra,clean,
WHGame.dll,release_1_5_1164953_841,0x17b6988,103,FUN_1817b6988,,,fadffb923361251a23ac4ee319c1e2de04840bd626828d5f76818e0f1317e949,undefined FUN_1817b6988(),ghidra,clean,
WHGame.dll,release_1_5_1164953_841,0x17b69f0,26,FUN_1817b69f0,,,819234953c91d716a341edb10dcca2267107efa13f78881bbca64f4a7a11eeca,undefined FUN_1817b69f0(),ghidra,clean,
WHGame.dll,release_1_5_1164953_841,0x17b6a0c,155,FUN_1817b6a0c,,,728c47655990ea8e4cb7ba8f90ffb3642cf12b7488a7a50483f5e6e83c50a172,undefined FUN_1817b6a0c(),ghidra,clean,
WHGame.dll,release_1_5_1164953_841,0x17b6aa8,291,FUN_1817b6aa8,,,e2f18b361f6d9d58c60b7081cd44ff9267c84146533f04eaaac3ae214d46830a,undefined FUN_1817b6aa8(),ghidra,clean,
WHGame.dll,release_1_5_1164953_841,0x17b6bcc,155,FUN_1817b6bcc,,,a567094b1a56ebd361a683035987db491ba38d2d5ddf86912832e04ba9a2b644,undefined FUN_1817b6bcc(),ghidra,clean,
WHGame.dll,release_1_5_1164953_841,0x17b6c68,291,FUN_1817b6c68,,,2401ee5342886410567debf852836d1053c138cb74d1323be4e80b50dcb26e04,undefined FUN_1817b6c68(),ghidra,clean,
WHGame.dll,release_1_5_1164953_841,0x17b6d8c,69,FUN_1817b6d8c,,,c435543e5e96fc62e166e1175abbee4fc4da23d58ff65da37ee0e8e99d539f63,undefined FUN_1817b6d8c(),ghidra,clean,
WHGame.dll,release_1_5_1164953_841,0x17b6dd4,77,FUN_1817b6dd4,,,fa371defba30fac1eb8a76c1f96e947ed2135f38bb289a0ef2f797eb14a8b2f2,undefined FUN_1817b6dd4(),ghidra,clean,
WHGame.dll,release_1_5_1164953_841,0x17b6e04,370,FUN_1817b6e04,,,2c34ad6f27c95221bb1d7073430cf2ac12f75f8049d2267158c9d5d0ca3713de,undefined FUN_1817b6e04(),ghidra,clean,
WHGame.dll,release_1_5_1164953_841,0x17b6f78,373,FUN_1817b6f78,,,187725446c24bdb519ec534d96d303b9dda1dd442e7adf5074ded6c713915c21,undefined FUN_1817b6f78(),ghidra,clean,
WHGame.dll,release_1_5_1164953_841,0x17b70f0,48,FUN_1817b70f0,,,2c035292c3f2eff43dbf64485c8f913c3127908ef556b5c76021a5f9ea635759,undefined FUN_1817b70f0(),ghidra,clean,
WHGame.dll,release_1_5_1164953_841,0x17b710c,77,FUN_1817b710c,,,f5c07668386605c06ff3d67a8b813fa8bf520313e416cc9fdc9b6a13c1996509,undefined FUN_1817b710c(),ghidra,clean,
WHGame.dll,release_1_5_1164953_841,0x17b713c,370,FUN_1817b713c,,,af1810faa51158a196ad3c56521fdd228a0aa9cf802fda8b6ab454f016d92e26,undefined FUN_1817b713c(),ghidra,clean,
WHGame.dll,release_1_5_1164953_841,0x17b72b0,373,FUN_1817b72b0,,,38475ebabf0b6e69e5fe9d8d6f50d615d4c0c93b7f508d6d811c8771f509e002,undefined FUN_1817b72b0(),ghidra,clean,
WHGame.dll,release_1_5_1164953_841,0x17b7428,48,FUN_1817b7428,,,eb2490727739086a5a71cdb985504ed58c62b9fcdddfc983f6dd79df63556062,undefined FUN_1817b7428(),ghidra,clean,
WHGame.dll,release_1_5_1164953_841,0x17b7444,73,FUN_1817b7444,,,1ad38391141b4ac9d0309bc88c54c7ebff796a4256912e604e1cc598757faa58,undefined FUN_1817b7444(),ghidra,clean,
WHGame.dll,release_1_5_1164953_841,0x17b7490,52,FUN_1817b7490,,,5da2b869ce28acb71a76f61646789855d96b2a8fdcb4af21636659bc22d458e9,undefined FUN_1817b7490(),ghidra,clean,
WHGame.dll,release_1_5_1164953_841,0x17b74c8,34,FUN_1817b74c8,,,f1f43f55b5981ecbec5d61eaeeffcbd43eec158bb0d4d9353ae9410d7b1b7bb3,undefined FUN_1817b74c8(),ghidra,clean,
WHGame.dll,release_1_5_1164953_841,0x17b74ec,99,FUN_1817b74ec,,,fd4fdc836dab9b48e14d9c1549ea3ecdd8f2a9d62c74b7533a660da0ec23d967,undefined FUN_1817b74ec(),ghidra,clean,
WHGame.dll,release_1_5_1164953_841,0x17b7550,155,FUN_1817b7550,,,189c8a04369d820c8cdd305540cf64bb1d8d3a955ec13ef4a9bc9d3b2da00932,undefined FUN_1817b7550(),ghidra,clean,
WHGame.dll,release_1_5_1164953_841,0x17b75ec,291,FUN_1817b75ec,,,e834d9c746717ac2f29271ed8fd8161c58542792a69b45700a18f4892e951a4f,undefined FUN_1817b75ec(),ghidra,clean,
WHGame.dll,release_1_5_1164953_841,0x17b7710,93,FUN_1817b7710,,,b873ffdecaab207830edaa3491f946435451971dc9913dfb57759b46481617cf,undefined FUN_1817b7710(),ghidra,clean,
WHGame.dll,release_1_5_1164953_841,0x17b7770,398,FUN_1817b7770,,,4d630431fe45acbfe9f4000931ce4aae25fd264b8a4db58df6bb50406a366b6a,undefined FUN_1817b7770(),ghidra,clean,
WHGame.dll,release_1_5_1164953_841,0x17b7900,219,FUN_1817b7900,,,22ceb8af47cb4dd9d9709685d1671caf54ddee93a5468041471f9e690006acb6,undefined FUN_1817b7900(),ghidra,clean,
WHGame.dll,release_1_5_1164953_841,0x17b79dc,252,FUN_1817b79dc,,,1fec77195d30e64f7d302fa50718682704e16aa19c69fb8d731460ed5ac5a946,undefined FUN_1817b79dc(),ghidra,clean,
WHGame.dll,release_1_5_1164953_841,0x17b7ad8,212,FUN_1817b7ad8,,,707603d8338db06f9de0fb80cb705c93318f358da7f47e508ab16a6a30447a07,undefined FUN_1817b7ad8(),ghidra,clean,
WHGame.dll,release_1_5_1164953_841,0x17b7ba4,217,FUN_1817b7ba4,,,89bab2cccbd6f83c4a97f0c2d635c17977a54aff49b579fd1ce7bb71e5cc4f9b,undefined FUN_1817b7ba4(),ghidra,clean,
WHGame.dll,release_1_5_1164953_841,0x17b7c74,155,FUN_1817b7c74,,,654e4e16e04296994fc3b9e399ee9d244bfda21ba0ca2912247f4ee9099a0e1c,undefined FUN_1817b7c74(),ghidra,clean,
WHGame.dll,release_1_5_1164953_841,0x17b7d10,291,FUN_1817b7d10,,,0f48152acecc0d235fdd6707ff07b1a50945db480d40395c78ea8b58397c0056,undefined FUN_1817b7d10(),ghidra,clean,
WHGame.dll,release_1_5_1164953_841,0x17b7e34,103,FUN_1817b7e34,,,baddfd4b98706560f839b62f834610a513fac09a2f9c7ad719abfdbf034f53f5,undefined FUN_1817b7e34(),ghidra,clean,
WHGame.dll,release_1_5_1164953_841,0x17b7e9c,86,FUN_1817b7e9c,,,b17314b33de606b10ee87c41bfc2890c7b823d6bafcd684e87a6ecd69268ecc5,undefined FUN_1817b7e9c(),ghidra,clean,
WHGame.dll,release_1_5_1164953_841,0x17b7ef4,86,FUN_1817b7ef4,,,a07ce2d7119465e402c9bb9d0780921c1e125350d82be83103021f134a635ca6,undefined FUN_1817b7ef4(),ghidra,clean,
WHGame.dll,release_1_5_1164953_841,0x17b7f4c,60,FUN_1817b7f4c,,,08ea3c462aab5c349b3f206be611cc89d60ac01bc47b3f62265267ba6869fc85,undefined FUN_1817b7f4c(),ghidra,clean,
WHGame.dll,release_1_5_1164953_841,0x17b7f74,55,FUN_1817b7f74,,,cf61e3d35ad0b66bef7dc0e7e208ba86297135b90bf2970b047968fb6b068225,undefined FUN_1817b7f74(),ghidra,clean,
WHGame.dll,release_1_5_1164953_841,0x17b7f9c,153,FUN_1817b7f9c,,,1c4ae1f2064c404f96347b50acb1d96b17d3507215e894dd8aee589cc3ee15e1,undefined FUN_1817b7f9c(),ghidra,clean,
WHGame.dll,release_1_5_1164953_841,0x17b8038,202,FUN_1817b8038,,,b14bdd47d51358b80e69823c17c89a3d5125ecf90ee463793effb15da59b1ff7,undefined FUN_1817b8038(),ghidra,clean,
WHGame.dll,release_1_5_1164953_841,0x17b8104,327,FUN_1817b8104,,,979c4e46f9d5c00113109e1f2cae2c23d097d76a7add9ff7f66348d7a31511d0,undefined FUN_1817b8104(),ghidra,clean,
WHGame.dll,release_1_5_1164953_841,0x17b824c,70,FUN_1817b824c,,,6aabc040ae6d72cb7341c2ef517f78b1a158e5c5cfbedbf1ebe4499c82482129,undefined FUN_1817b824c(),ghidra,clean,
WHGame.dll,release_1_5_1164953_841,0x17b8294,155,FUN_1817b8294,,,eb42ea2e51aebd655b8b5d841435ea7e6a5e8c0b193784d3e89846e6e85dd92c,undefined FUN_1817b8294(),ghidra,clean,
WHGame.dll,release_1_5_1164953_841,0x17b8330,291,FUN_1817b8330,,,596f6653bf7ac55e64e9a1ccdcd84cf1a9df7e178514abc2ea25dc37dd926b09,undefined FUN_1817b8330(),ghidra,clean,
WHGame.dll,release_1_5_1164953_841,0x17b8464,284,FUN_1817b8464,,,7aeb646e2932ba7c36c6af214badc5064350cf4c2e483d34a9f61514f8bcc941,undefined FUN_1817b8464(),ghidra,clean,
WHGame.dll,release_1_5_1164953_841,0x17b8574,261,FUN_1817b8574,,,64ae21a051a91fe477eb9b4f17d13242644cb46523e472e4b8d9124e9ba6038d,undefined FUN_1817b8574(),ghidra,clean,
WHGame.dll,release_1_5_1164953_841,0x17b8670,233,FUN_1817b8670,,,13c5ac3eee135706eb21fdc60ad38e2f574dd5614e8544369d76cf8e2d24345f,undefined FUN_1817b8670(),ghidra,clean,
WHGame.dll,release_1_5_1164953_841,0x17b875c,26,FUN_1817b875c,,,819234953c91d716a341edb10dcca2267107efa13f78881bbca64f4a7a11eeca,undefined FUN_1817b875c(),ghidra,clean,
WHGame.dll,release_1_5_1164953_841,0x17b8778,155,FUN_1817b8778,,,2a8a44a8fbac6eab7d454e4bb3309fce90645545ad10fa1062efbc76cf8c6019,undefined FUN_1817b8778(),ghidra,clean,
WHGame.dll,release_1_5_1164953_841,0x17b8814,291,FUN_1817b8814,,,cea15e71cdf92a5b8c11bd6cab6def1d98de63d3b872e866e06af87723c65d1f,undefined FUN_1817b8814(),ghidra,clean,
WHGame.dll,release_1_5_1164953_841,0x17b8938,197,FUN_1817b8938,,,84965849cfeb8f05f416391f6660ec8af7082906d494ae47145b1f43925c9d48,undefined FUN_1817b8938(),ghidra,clean,
WHGame.dll,release_1_5_1164953_841,0x17b8a00,374,FUN_1817b8a00,,,ad66872245dbedbb8596ce6fe07b0ba6b4fc5b611bf7a4471106c0fc6137e043,undefined FUN_1817b8a00(),ghidra,clean,
WHGame.dll,release_1_5_1164953_841,0x17b8b78,66,FUN_1817b8b78,,,353cee345752d07a561dada49f36dc51f85463bb70bae51c0d2a926b1625b8ea,undefined FUN_1817b8b78(),ghidra,clean,
WHGame.dll,release_1_5_1164953_841,0x17b8bbc,52,FUN_1817b8bbc,,,75467576c38bc77f3943b72e2781cfd0266a34f09f01c3cb4cf8ed568d6c63d6,undefined FUN_1817b8bbc(),ghidra,clean,
WHGame.dll,release_1_5_1164953_841,0x17b8bf0,84,FUN_1817b8bf0,,,69eab282ac5c252703e2431d01a72c76fc4ddf8abdf11f4813902873d617bfd9,undefined FUN_1817b8bf0(),ghidra,clean,
WHGame.dll,release_1_5_1164953_841,0x17b8c44,9,FUN_1817b8c44,,,5457a0cd7034319e651d06c46367996b3d63e27f63f76021e3262a878c055256,undefined FUN_1817b8c44(),ghidra,clean,
WHGame.dll,release_1_5_1164953_841,0x17b8c50,13,FUN_1817b8c50,,,9066f4120e4e06516c2a6f23ba6fb84d243bce5c84a5b0e4411d56cc31db8b0b,undefined FUN_1817b8c50(),ghidra,clean,
WHGame.dll,release_1_5_1164953_841,0x17b8c60,665,FUN_1817b8c60,,,aa08c772d5a9d64c4d99b57b523fd7b0c116cafad209c90d4a13734890674e2d,undefined FUN_1817b8c60(),ghidra,clean,
WHGame.dll,release_1_5_1164953_841,0x17b8efc,180,FUN_1817b8efc,,,5cd37c1ad36b001041dae648e9983bf9d7863029078088146091015756fd5c6a,undefined FUN_1817b8efc(),ghidra,clean,
WHGame.dll,release_1_5_1164953_841,0x17b8fb0,180,FUN_1817b8fb0,,,1fc7bbdfbb73fda1a0ec4825aec8acdea8374a2abbce4421633c3f056f98e4f2,undefined FUN_1817b8fb0(),ghidra,clean,
WHGame.dll,release_1_5_1164953_841,0x17b9064,180,FUN_1817b9064,,,c77a6723b8c1b87efebfa31efcc2753f3520b85bdc74a5e6ac2bf450120782fc,undefined FUN_1817b9064(),ghidra,clean,
WHGame.dll,release_1_5_1164953_841,0x17b9118,180,FUN_1817b9118,,,e9defbf996411728e21ee3c0605c0ac62beb21d5800e115dee3aff6aa99065a0,undefined FUN_1817b9118(),ghidra,clean,
WHGame.dll,release_1_5_1164953_841,0x17b91cc,180,FUN_1817b91cc,,,12a02f48404b83b3ad257ed29d2040dc0982d93c5a868174aad4c169f688e2a9,undefined FUN_1817b91cc(),ghidra,clean,
WHGame.dll,release_1_5_1164953_841,0x17b9280,180,FUN_1817b9280,,,0f74bbeea016f47ae20e933ecafb42c940472af4963fde54f9fa1ad3319f15a7,undefined FUN_1817b9280(),ghidra,clean,
WHGame.dll,release_1_5_1164953_841,0x17b9334,180,FUN_1817b9334,,,87e627809b52fba5e65cb602a37b5d656fcfc09ec165387e409e87825400d6cd,undefined FUN_1817b9334(),ghidra,clean,
WHGame.dll,release_1_5_1164953_841,0x17b93e8,180,FUN_1817b93e8,,,7bdd396c74176f4d053407a228554f0c7ace1088376d66c8cfc6bd7b71d8e1e0,undefined FUN_1817b93e8(),ghidra,clean,
WHGame.dll,release_1_5_1164953_841,0x17b949c,180,FUN_1817b949c,,,18df4a5acfb8081e1c28eb8a8e47d04db8ed361e3df658ffd56527873f9ea48f,undefined FUN_1817b949c(),ghidra,clean,
WHGame.dll,release_1_5_1164953_841,0x17b9550,180,FUN_1817b9550,,,63faa2537eaa53d843b266eab0afbeadde4c050feff7ed42841ade1ca2b2acb0,undefined FUN_1817b9550(),ghidra,clean,
WHGame.dll,release_1_5_1164953_841,0x17b9604,180,FUN_1817b9604,,,201e104b4246a44a1d8eacca7d1bf83a1765a9562970eb2d892cd83a3c65b31d,undefined FUN_1817b9604(),ghidra,clean,
WHGame.dll,release_1_5_1164953_841,0x17b96b8,180,FUN_1817b96b8,,,74ed8d1bdcc0aa4a0992e3ae4a20bc411446407f69fa22bd840690ed326014d1,undefined FUN_1817b96b8(),ghidra,clean,
WHGame.dll,release_1_5_1164953_841,0x17b976c,180,FUN_1817b976c,,,88820a715bde37aca138a7b273be9aef7a2a8e572fb38fc58f623c8481adf332,undefined FUN_1817b976c(),ghidra,clean,
WHGame.dll,release_1_5_1164953_841,0x17b9820,135,FUN_1817b9820,,,7c35a9a3747981acbc964fcfa9d874e9713d91a1fd73cc4d325e9aee30dc8007,undefined FUN_1817b9820(),ghidra,clean,
WHGame.dll,release_1_5_1164953_841,0x17b98a8,44,FUN_1817b98a8,,,c82034e8c148ad3c3e154d0287ac71842071f348a4067f78f545c77d2da045c3,undefined FUN_1817b98a8(),ghidra,clean,
WHGame.dll,release_1_5_1164953_841,0x17b98d4,77,FUN_1817b98d4,,,5af3ef6a888d6b7d0a82439ad66157d531fc5b27c7b078b513c2fba3ed4fbff4,undefined FUN_1817b98d4(),ghidra,clean,
WHGame.dll,release_1_5_1164953_841,0x17b9924,133,FUN_1817b9924,,,1d2ca259d0e61953de2521d2a332e343e4710f8f51c0485d142b01d169c41a22,undefined FUN_1817b9924(),ghidra,clean,
WHGame.dll,release_1_5_1164953_841,0x17b99ac,208,FUN_1817b99ac,,,df3d5b9118d7f453c953526f84dada5db30a8ee9890798190336a53f2cf7a427,undefined FUN_1817b99ac(),ghidra,clean,
WHGame.dll,release_1_5_1164953_841,0x17b9a74,29,FUN_1817b9a74,,,8e1fe64afe03f80bb1e7c8e12c1877460dfe9356e664b88cb2c090480eebbb40,undefined FUN_1817b9a74(),ghidra,clean,
WHGame.dll,release_1_5_1164953_841,0x17b9a94,57,FUN_1817b9a94,,,8eae904542f289c4f225780da40ebe1ce7c7dc6b177710076ee2154756b15233,undefined FUN_1817b9a94(),ghidra,clean,
WHGame.dll,release_1_5_1164953_841,0x17b9ad0,81,FUN_1817b9ad0,,,81137601b67d3e18783e21f8d14041ee275c5c5b06c1dfe23cf65cdb2eb22a41,undefined FUN_1817b9ad0(),ghidra,clean,
WHGame.dll,release_1_5_1164953_841,0x17b9b24,475,FUN_1817b9b24,,,f38d7991cf5787230518b2f3fc030d7a93654954def9a2f54ec8cb9819b736df,undefined FUN_1817b9b24(),ghidra,clean,
WHGame.dll,release_1_5_1164953_841,0x17b9bf0,130,FUN_1817b9bf0,,,511eac0b32a7f27c5213cf10efa9905b1fd2423d3eeeafb2cd15d8114fd7aa5d,undefined FUN_1817b9bf0(),ghidra,clean,
WHGame.dll,release_1_5_1164953_841,0x17b9c74,73,FUN_1817b9c74,,,6dc3ed60a1c5aa9c03bf874429027c64bba4ec20cf68fd1fcdcdecb534021e5d,undefined FUN_1817b9c74(),ghidra,clean,
WHGame.dll,release_1_5_1164953_841,0x17b9cc0,88,FUN_1817b9cc0,,,50aca46190e269b8e215e820a846f4da4bf28216ddd95481cd3aa9dcc7ccf122,undefined FUN_1817b9cc0(),ghidra,clean,
WHGame.dll,release_1_5_1164953_841,0x17b9d18,72,FUN_1817b9d18,,,41b9dd54f7a57ee35c4dbded9583beb17e75ddc2148d74b87d6dd1dce6fa5502,undefined FUN_1817b9d18(),ghidra,clean,
WHGame.dll,release_1_5_1164953_841,0x17b9d60,179,FUN_1817b9d60,,,b26e22d22de068198caf919e17fef02bd71d598833228d1d750feb78165590c5,undefined FUN_1817b9d60(),ghidra,clean,
WHGame.dll,release_1_5_1164953_841,0x17b9e14,48,FUN_1817b9e14,,,28e7825ebdc81d55ffa3218a327752ab1a21f84f90d1300c14166f87fd1a5a19,undefined FUN_1817b9e14(),ghidra,clean,
WHGame.dll,release_1_5_1164953_841,0x17b9e44,43,FUN_1817b9e44,,,a12bce78e8b4fff35206f0a01370108e82968b49853b80940cc99dc0e3095aff,undefined FUN_1817b9e44(),ghidra,clean,
WHGame.dll,release_1_5_1164953_841,0x17b9e70,526,FUN_1817b9e70,,,4ee9d9031470df36c5eb0b27c927a88ab0874dde4ab2d49be4fefda3521cb574,undefined FUN_1817b9e70(),ghidra,clean,
WHGame.dll,release_1_5_1164953_841,0x17ba080,27,FUN_1817ba080,,,6edd78863a882bf1b6a5cf284d25dddb76c216c292abf369b32ce8626a2a737b,undefined FUN_1817ba080(),ghidra,clean,
WHGame.dll,release_1_5_1164953_841,0x17ba09c,73,FUN_1817ba09c,,,62edce51bfaa54ad6e3555a6ce063b5cc7086b1167d3fb5885ed711abaf765a2,undefined FUN_1817ba09c(),ghidra,clean,
WHGame.dll,release_1_5_1164953_841,0x17ba0e8,201,FUN_1817ba0e8,,,0a63ffa6de9dc652b2332bd3082d7fc83bafe9c1a5a447cc622836eebdc14083,undefined FUN_1817ba0e8(),ghidra,clean,
WHGame.dll,release_1_5_1164953_841,0x17ba1b4,134,FUN_1817ba1b4,,,a8183e47907110ad29a12fa083d25f557ecb137eda020a70f2649fd046acf629,undefined FUN_1817ba1b4(),ghidra,clean,
WHGame.dll,release_1_5_1164953_841,0x17ba23c,131,FUN_1817ba23c,,,a720ae8a387cd12d839070d38731c437c1cd64ff386fd3fc359fc8842a12f735,undefined FUN_1817ba23c(),ghidra,clean,
WHGame.dll,release_1_5_1164953_841,0x17ba2c0,198,FUN_1817ba2c0,,,61b353134c1a73a3389177954fbfeb84b440260075e830027f2b3973f0b927e8,undefined FUN_1817ba2c0(),ghidra,clean,
WHGame.dll,release_1_5_1164953_841,0x17ba388,62,FUN_1817ba388,,,dc8e68bfd370bb56e02e8232871d559ec3e39c060f574a29e3c98df7db2e23bf,undefined FUN_1817ba388(),ghidra,clean,
WHGame.dll,release_1_5_1164953_841,0x17ba3b4,58,FUN_1817ba3b4,,,80113375f54aa6f96a28502e4dd4afed85b42797ee03617f4967210e4f03337c,undefined FUN_1817ba3b4(),ghidra,clean,
WHGame.dll,release_1_5_1164953_841,0x17ba3f0,2515,FUN_1817ba3f0,,,df73ab0ac05061aee43265ce1e491828fee6f188185778fc4dfe7c9e3ea9bcf9,undefined FUN_1817ba3f0(),ghidra,clean,
WHGame.dll,release_1_5_1164953_841,0x17badc4,155,FUN_1817badc4,,,c363f5a3a46661e1fbe579be5e74a5b59953246f6a9bb860726cd1cf472d6776,undefined FUN_1817badc4(),ghidra,clean,
WHGame.dll,release_1_5_1164953_841,0x17bae60,311,FUN_1817bae60,,,38f91d840e798697d95affc99f2acc0038d7f66c365b9d991ace1126d607339c,undefined FUN_1817bae60(),ghidra,clean,
WHGame.dll,release_1_5_1164953_841,0x17baf98,155,FUN_1817baf98,,,00b5b2ef9003b83c6d92edfbcab45abe4683ddfebe37d461ad828cdee871e27b,undefined FUN_1817baf98(),ghidra,clean,
WHGame.dll,release_1_5_1164953_841,0x17bb034,291,FUN_1817bb034,,,898d31259eff25b9714a777db649d34d0a379d07072ef37630e2531f3509199f,undefined FUN_1817bb034(),ghidra,clean,
WHGame.dll,release_1_5_1164953_841,0x17bb158,130,FUN_1817bb158,,,73d221ea6ca1986ab21cff298bab4117ad57cbe074df109336524338aec2e054,undefined FUN_1817bb158(),ghidra,clean,
WHGame.dll,release_1_5_1164953_841,0x17bb1dc,5,thunk_FUN_1817bb1e4,,,b0d40b133b9394d93820ac0104b0065121d2d73df32c7bfb4e4cf5d805a8b103,undefined thunk_FUN_1817bb1e4(),ghidra,clean,
WHGame.dll,release_1_5_1164953_841,0x17bb1e4,103,FUN_1817bb1e4,,,3d137bebfcace6ee24ad294b616623e400cc4f72ead7b3314a28f713caedfe17,undefined FUN_1817bb1e4(),ghidra,clean,
WHGame.dll,release_1_5_1164953_841,0x17bb24c,232,FUN_1817bb24c,,,fb25a88b18ba71952d386a65d22a967d0004c072b749e08d2888adb199cdae12,undefined FUN_1817bb24c(),ghidra,clean,
WHGame.dll,release_1_5_1164953_841,0x17bb30c,53,FUN_1817bb30c,,,5f097ed93884586746096b29bf8aabc2631e12184a5a15170964b3a546b1d9fd,undefined FUN_1817bb30c(),ghidra,clean,
WHGame.dll,release_1_5_1164953_841,0x17bb344,422,FUN_1817bb344,,,e9491c7f9cd569295fd1582d68f83ef48a886e7ce301a21504a59525aa59256d,undefined FUN_1817bb344(),ghidra,clean,
WHGame.dll,release_1_5_1164953_841,0x17bb3dc,49,FUN_1817bb3dc,,,35581efeaee2d1febff4f8a5007bb15998c362258fb57cd4e72c3ad2d2cd3454,undefined FUN_1817bb3dc(),ghidra,clean,
WHGame.dll,release_1_5_1164953_841,0x17bb410,384,FUN_1817bb410,,,c85f38fb6a16d253f5c56d02fac066f30b2d4c12eaee846fc303b50846a1475a,undefined FUN_1817bb410(),ghidra,clean,
WHGame.dll,release_1_5_1164953_841,0x17bb5a4,9,FUN_1817bb5a4,,,65a8b13d174349e28eb734fdd0662746f660f71561e1fa6e79b3462471c51e68,undefined FUN_1817bb5a4(),ghidra,clean,
WHGame.dll,release_1_5_1164953_841,0x17bb5b0,385,FUN_1817bb5b0,,,94c78234e3ce6b8dc64e3ee4b8f9252f4c4f06db551295c4551f29f043d6011b,undefined FUN_1817bb5b0(),ghidra,clean,
WHGame.dll,release_1_5_1164953_841,0x17bb724,302,FUN_1817bb724,,,3c9b710a64e7853d5816cf9b521754b66a96f567f7bdffe57a4fe767a267da30,undefined FUN_1817bb724(),ghidra,clean,
WHGame.dll,release_1_5_1164953_841,0x17bb848,293,FUN_1817bb848,,,03693fa5f8d2bffef655597dc0246ea8d2fbfd2105050b9fa4284b997b85e840,undefined FUN_1817bb848(),ghidra,clean,
WHGame.dll,release_1_5_1164953_841,0x17bb970,385,FUN_1817bb970,,,cd8f5cbf44320b14f22a21caecb38b8340fb2083047af230f780dac029bdddbe,undefined FUN_1817bb970(),ghidra,clean,
WHGame.dll,release_1_5_1164953_841,0x17bbae4,302,FUN_1817bbae4,,,2dc7d35c8e99610dc8bfdc9cfe6c6d4184c3666c02ba72f857387e05ed3b9687,undefined FUN_1817bbae4(),ghidra,clean,
WHGame.dll,release_1_5_1164953_841,0x17bbc08,293,FUN_1817bbc08,,,f7f52e6f777bd27ca05d8552d780b94c7333d2f10089b84321419c4918933cd4,undefined FUN_1817bbc08(),ghidra,clean,
WHGame.dll,release_1_5_1164953_841,0x17bbd30,385,FUN_1817bbd30,,,4cdcee1b0d453f091fa76ccdef75e66bff1cbef0bedabf47001b71b04d0060c9,undefined FUN_1817bbd30(),ghidra,clean,
WHGame.dll,release_1_5_1164953_841,0x17bbea4,302,FUN_1817bbea4,,,cfcc174d183eca283a1fb2eda3e689b10932c0b8d9b47d0b7bfe61e02e4dbe4a,undefined FUN_1817bbea4(),ghidra,clean,
WHGame.dll,release_1_5_1164953_841,0x17bbfc8,293,FUN_1817bbfc8,,,e4e3228498227f292ed306679fe19e645d581592f851b79833e201cc74531bdb,undefined FUN_1817bbfc8(),ghidra,clean,
WHGame.dll,release_1_5_1164953_841,0x17bc0f0,473,FUN_1817bc0f0,,,880f9260f5b3b5baba5b77d5ba22d9ab6ebdb35186867f9b3eab0c297bc03be4,undefined FUN_1817bc0f0(),ghidra,clean,
WHGame.dll,release_1_5_1164953_841,0x17bc2cc,302,FUN_1817bc2cc,,,a71c82232d4e2f56db29f06217aad970f6a5286104143c21b7a8b9b9d2ceee41,undefined FUN_1817bc2cc(),ghidra,clean,
WHGame.dll,release_1_5_1164953_841,0x17bc3f0,327,FUN_1817bc3f0,,,c984d7f0382160d9de7c6b34f1cb3a1fbb6cdddc8abb18acfcef58367a8bca60,undefined FUN_1817bc3f0(),ghidra,clean,
WHGame.dll,release_1_5_1164953_841,0x17bc538,473,FUN_1817bc538,,,b37f2650762ae590f204ab590e59ed076a71eb74702721d6b761f23597774549,undefined FUN_1817bc538(),ghidra,clean,
WHGame.dll,release_1_5_1164953_841,0x17bc714,302,FUN_1817bc714,,,d09da89d73b4e6046628400ed30d62765c9b73bde4f629d93f15b17b9746de78,undefined FUN_1817bc714(),ghidra,clean,
WHGame.dll,release_1_5_1164953_841,0x17bc838,327,FUN_1817bc838,,,63aac7521350fb9ae7d609aaea7f3bdc44ba2e3efb1c4edce5071d1ef6ad22f4,undefined FUN_1817bc838(),ghidra,clean,
WHGame.dll,release_1_5_1164953_841,0x17bc980,473,FUN_1817bc980,,,6aa6ce760685a07251ba4118ba21c325ac1822127e58270a38cc224eab0c9967,undefined FUN_1817bc980(),ghidra,clean,
WHGame.dll,release_1_5_1164953_841,0x17bcb5c,302,FUN_1817bcb5c,,,3e21f8b89a5ffa8ab72a130f18e784538fff1930fc70eca73c92486e32c01b0c,undefined FUN_1817bcb5c(),ghidra,clean,
WHGame.dll,release_1_5_1164953_841,0x17bcc80,327,FUN_1817bcc80,,,d6cf3a4345c3928c120707a416b5d64f2b6a22aa9aab69cdbbf47bed735a0e8d,undefined FUN_1817bcc80(),ghidra,clean,
WHGame.dll,release_1_5_1164953_841,0x17bcdc8,473,FUN_1817bcdc8,,,102ead78bc6fac47d8e57f90ad510afeb9a1dafe7c60687538dabcdb631bdc07,undefined FUN_1817bcdc8(),ghidra,clean,
WHGame.dll,release_1_5_1164953_841,0x17bcfa4,302,FUN_1817bcfa4,,,5e83bef9f0ac8996a218e09e0aa36c5548484662f867182be4392bd6012d27d7,undefined FUN_1817bcfa4(),ghidra,clean,
WHGame.dll,release_1_5_1164953_841,0x17bd0c8,327,FUN_1817bd0c8,,,1fdebba2174fa6adee711111b5d58b764e8fba2a2502f206c2ba225897d01675,undefined FUN_1817bd0c8(),ghidra,clean,
WHGame.dll,release_1_5_1164953_841,0x17bd210,62,FUN_1817bd210,,,8a9fd475af36d968fa8848c0eb4ae9280ddc08471d0775eb5fd931a35288947a,undefined FUN_1817bd210(),ghidra,clean,
WHGame.dll,release_1_5_1164953_841,0x17bd23c,43,FUN_1817bd23c,,,0a0c02ded672a4b9e01d7df0572c82beee54dd2b20fd3357d5625d977a8e603f,undefined FUN_1817bd23c(),ghidra,clean,
WHGame.dll,release_1_5_1164953_841,0x17bd268,52,FUN_1817bd268,,,3268a33f372760bbbf3d95f14e8b0d87a82b69dbf4da99cd423ec6b9ec10b52b,undefined FUN_1817bd268(),ghidra,clean,
WHGame.dll,release_1_5_1164953_841,0x17bd29c,34,FUN_1817bd29c,,,f7fcdd8799d05dfa5550a7aaed196039570ff457917eba0f8b046cd532c056b3,undefined FUN_1817bd29c(),ghidra,clean,
WHGame.dll,release_1_5_1164953_841,0x17bd2c0,249,FUN_1817bd2c0,,,010f3378c4a1dcd242c3b02adc42277cf971e1b429bcc5dd11303b7daf04df6e,undefined FUN_1817bd2c0(),ghidra,clean,
WHGame.dll,release_1_5_1164953_841,0x17bd358,101,FUN_1817bd358,,,e8e04597c89c0da4f6b0ea87075f509f921697038b9ed1fb58263e73796fef33,undefined FUN_1817bd358(),ghidra,clean,
WHGame.dll,release_1_5_1164953_841,0x17bd3c0,40,FUN_1817bd3c0,,,619cd9219eb5f279a4989b5e5023a8d39a3e0818718c5eb435187431a5a53d0a,undefined FUN_1817bd3c0(),ghidra,clean,
WHGame.dll,release_1_5_1164953_841,0x17bd3e8,167,FUN_1817bd3e8,,,1fcdcb9c6ff00fe1ec357af4ccff5ce8b4cf9930379296117a69a8a06082267c,undefined FUN_1817bd3e8(),ghidra,clean,
WHGame.dll,release_1_5_1164953_841,0x17bd490,118,FUN_1817bd490,,,bf4ca832bdeaafa25ba40292894eab343f5559ea070bcf6854654950c8077fe1,undefined FUN_1817bd490(),ghidra,clean,
WHGame.dll,release_1_5_1164953_841,0x17bd508,250,FUN_1817bd508,,,5b6bae6c5ef9364188df483d48052b588bea66612e3fc961fe3c068f5f43a89d,undefined FUN_1817bd508(),ghidra,clean,
WHGame.dll,release_1_5_1164953_841,0x17bd604,234,FUN_1817bd604,,,a6b624c7679f14f75902dc6d63413eb9e3995ec8694c346b63990a32d8a1bfbf,undefined FUN_1817bd604(),ghidra,clean,
WHGame.dll,release_1_5_1164953_841,0x17bd6f0,234,FUN_1817bd6f0,,,7660cc89152db01df3c503657cbf2537abeb479cdf96c7b69c585de76c7832a0,undefined FUN_1817bd6f0(),ghidra,clean,
WHGame.dll,release_1_5_1164953_841,0x17bd7dc,234,FUN_1817bd7dc,,,89ebaf9d9b05e0852cae87583624d209923f7d734119a273405dd0429686f73b,undefined FUN_1817bd7dc(),ghidra,clean,
WHGame.dll,release_1_5_1164953_841,0x17bd8c8,234,FUN_1817bd8c8,,,aef39ded7444dd05101790e7451e31cf87eb2891fdf0b8b65058dcdbec256f7a,undefined FUN_1817bd8c8(),ghidra,clean,
WHGame.dll,release_1_5_1164953_841,0x17bd9b4,180,FUN_1817bd9b4,,,1e81504e0fa099d7f2a3bfc1bd14e892742e87d2ce3fd40fca6376577c5de4f7,undefined FUN_1817bd9b4(),ghidra,clean,
WHGame.dll,release_1_5_1164953_841,0x17bda68,180,FUN_1817bda68,,,d0a50f054e31bfdbb8890f4127eba91be2e29173620e789551934065f5e0158c,undefined FUN_1817bda68(),ghidra,clean,
WHGame.dll,release_1_5_1164953_841,0x17bdb1c,180,FUN_1817bdb1c,,,e8113cf32642c924060e7fcb32f19f3919cf89856eec3c0e28b60416a9ee212c,undefined FUN_1817bdb1c(),ghidra,clean,
WHGame.dll,release_1_5_1164953_841,0x17bdbd0,26,FUN_1817bdbd0,,,819234953c91d716a341edb10dcca2267107efa13f78881bbca64f4a7a11eeca,undefined FUN_1817bdbd0(),ghidra,clean,
WHGame.dll,release_1_5_1164953_841,0x17bdbec,155,FUN_1817bdbec,,,e3077544bc8977bc449e5dd3e0cc5b4b6eb062ed3e5b16ff46e213a14ff355b4,undefined FUN_1817bdbec(),ghidra,clean,
WHGame.dll,release_1_5_1164953_841,0x17bdc88,314,FUN_1817bdc88,,,aebc6521e23e114c1c84fa8f2ca630996d20e347c903d457322e79d95e3e7a2e,undefined FUN_1817bdc88(),ghidra,clean,
WHGame.dll,release_1_5_1164953_841,0x17bddc4,155,FUN_1817bddc4,,,970d5db105216ae040683b30d70aadaf709ae686971e0c678fa5d4cf478ff7dc,undefined FUN_1817bddc4(),ghidra,clean,
WHGame.dll,release_1_5_1164953_841,0x17bde60,308,FUN_1817bde60,,,1676414bb7a04d095a0350df80e72c142c97de9ea64a4ff31a0767135edbbef3,undefined FUN_1817bde60(),ghidra,clean,
WHGame.dll,release_1_5_1164953_841,0x17bdf94,26,FUN_1817bdf94,,,819234953c91d716a341edb10dcca2267107efa13f78881bbca64f4a7a11eeca,undefined FUN_1817bdf94(),ghidra,clean,
WHGame.dll,release_1_5_1164953_841,0x17bdfb0,155,FUN_1817bdfb0,,,c59db7a4693561021624960e9b359756713667923d429dc4680cac0802c6cac6,undefined FUN_1817bdfb0(),ghidra,clean,
WHGame.dll,release_1_5_1164953_841,0x17be04c,304,FUN_1817be04c,,,90d2a41bd64d58d689af8a5b4689f2e4372a343cb7ed4d1c41cd44a21bc39ee8,undefined FUN_1817be04c(),ghidra,clean,
WHGame.dll,release_1_5_1164953_841,0x17be17c,155,FUN_1817be17c,,,124ccac5e51636f331598b90aeb07c412c3f40e9b7710fb603cf130742aef7df,undefined FUN_1817be17c(),ghidra,clean,
WHGame.dll,release_1_5_1164953_841,0x17be218,298,FUN_1817be218,,,0e30e607853115e80419b2686f20eb47e1d7bfd5bc14494faf941632b6359ffb,undefined FUN_1817be218(),ghidra,clean,
WHGame.dll,release_1_5_1164953_841,0x17be344,26,FUN_1817be344,,,819234953c91d716a341edb10dcca2267107efa13f78881bbca64f4a7a11eeca,undefined FUN_1817be344(),ghidra,clean,
WHGame.dll,release_1_5_1164953_841,0x17be360,155,FUN_1817be360,,,fddeca1fc836ae7e84d9c592af6c8f1ed153092a673eedb2117774fc9f99db4b,undefined FUN_1817be360(),ghidra,clean,
WHGame.dll,release_1_5_1164953_841,0x17be3fc,304,FUN_1817be3fc,,,af2bb3dbc3b5ceddd529e38ca5b5bc5df22ba710e19b779e4c8bec06e3129e5e,undefined FUN_1817be3fc(),ghidra,clean,
WHGame.dll,release_1_5_1164953_841,0x17be52c,155,FUN_1817be52c,,,d9017099c3eb67818b3c55441d80153ee0aac0889b565aa61b6d2799fe6a5684,undefined FUN_1817be52c(),ghidra,clean,
WHGame.dll,release_1_5_1164953_841,0x17be5c8,298,FUN_1817be5c8,,,b6b534d5e1fa0ffd4361a06373d7183be8c7851ec6fead34a3fd9f2a5d1b793a,undefined FUN_1817be5c8(),ghidra,clean,
WHGame.dll,release_1_5_1164953_841,0x17be6f4,26,FUN_1817be6f4,,,819234953c91d716a341edb10dcca2267107efa13f78881bbca64f4a7a11eeca,undefined FUN_1817be6f4(),ghidra,clean,
WHGame.dll,release_1_5_1164953_841,0x17be710,155,FUN_1817be710,,,5ae0e1ec187d06911a97d864b7b5cf065a2fa9438d07f401fb0f60e1f7c5dda2,undefined FUN_1817be710(),ghidra,clean,
WHGame.dll,release_1_5_1164953_841,0x17be7ac,304,FUN_1817be7ac,,,9a84c42067664db8fd1471722b88d9c52e5aa553a4459c9097adc96e8a24388e,undefined FUN_1817be7ac(),ghidra,clean,
WHGame.dll,release_1_5_1164953_841,0x17be8dc,155,FUN_1817be8dc,,,544c7d4257208d25ad305dae1df15cb31b7ce1537e1161f67f35acf4b760522f,undefined FUN_1817be8dc(),ghidra,clean,
WHGame.dll,release_1_5_1164953_841,0x17be978,298,FUN_1817be978,,,3dac825abdf19bebb98c63d5507c608d8252d40c4331aec0c1ccfebc83612ebc,undefined FUN_1817be978(),ghidra,clean,
WHGame.dll,release_1_5_1164953_841,0x17beaa4,26,FUN_1817beaa4,,,ab65d70f09fb65a36bda9ba02566544daf4b439ef19ee4cdfc95292bddcc184a,undefined FUN_1817beaa4(),ghidra,clean,
WHGame.dll,release_1_5_1164953_841,0x17beac0,151,FUN_1817beac0,,,e96e8e41356b0facfce43db1c47906f05fbe493315c6edcd65bc4239550c6d17,undefined FUN_1817beac0(),ghidra,clean,
WHGame.dll,release_1_5_1164953_841,0x17beb58,155,FUN_1817beb58,,,85fe382c574532ef002be029a0c404224abed4029b856fe67ff88166da0c5c33,undefined FUN_1817beb58(),ghidra,clean,
WHGame.dll,release_1_5_1164953_841,0x17bebf4,304,FUN_1817bebf4,,,5bf4688a2723ec0d0f918581fc618169ca020d7c31487c753b2ab491647eefc2,undefined FUN_1817bebf4(),ghidra,clean,
WHGame.dll,release_1_5_1164953_841,0x17bed24,155,FUN_1817bed24,,,55d8815299ede76d6b54ac16e0799544a93b0a9f292881e75d9623dfd3987b23,undefined FUN_1817bed24(),ghidra,clean,
WHGame.dll,release_1_5_1164953_841,0x17bedc0,298,FUN_1817bedc0,,,e55f3ff82dd0459dc786d66fd84a55047427ca2c6efac24ae8a205e3c2f14689,undefined FUN_1817bedc0(),ghidra,clean,
WHGame.dll,release_1_5_1164953_841,0x17beeec,26,FUN_1817beeec,,,819234953c91d716a341edb10dcca2267107efa13f78881bbca64f4a7a11eeca,undefined FUN_1817beeec(),ghidra,clean,
WHGame.dll,release_1_5_1164953_841,0x17bef08,155,FUN_1817bef08,,,a38224b2115dac80c411e68e17476fafd2fbb03b6e876a4ff3c353c47173b6a6,undefined FUN_1817bef08(),ghidra,clean,
WHGame.dll,release_1_5_1164953_841,0x17befa4,304,FUN_1817befa4,,,2992e0578c0f7e64730953e7247ba6b89c4b4b75c3ccff9e5e26e8d0b3489d5d,undefined FUN_1817befa4(),ghidra,clean,
WHGame.dll,release_1_5_1164953_841,0x17bf0d4,155,FUN_1817bf0d4,,,4d3bbbadb14d9ba9d6d5de900b49a65d3a98765417e8e3cc12e4d852cdef2558,undefined FUN_1817bf0d4(),ghidra,clean,
WHGame.dll,release_1_5_1164953_841,0x17bf170,298,FUN_1817bf170,,,a41f6040e5b3d688ec9881593fc9463ebf4f5a577f5d6b314a380c34ae60b16b,undefined FUN_1817bf170(),ghidra,clean,
WHGame.dll,release_1_5_1164953_841,0x17bf29c,155,FUN_1817bf29c,,,87d9a306eccca40f1e01254b614b04d64169a081e6a414d985d4c9f811240220,undefined FUN_1817bf29c(),ghidra,clean,
WHGame.dll,release_1_5_1164953_841,0x17bf338,291,FUN_1817bf338,,,9df7f8258e9aabf0a6138d07b1a19ccdb87d78223957b31cf25cb1a9eca60943,undefined FUN_1817bf338(),ghidra,clean,
WHGame.dll,release_1_5_1164953_841,0x17bf45c,155,FUN_1817bf45c,,,df255c53d5a61a19345c0be66de75e977fdbe600857c00ab3b2f9c3c5fe8bd41,undefined FUN_1817bf45c(),ghidra,clean,
WHGame.dll,release_1_5_1164953_841,0x17bf4f8,313,FUN_1817bf4f8,,,50ce044ea28a7a5ace34858559297231601ef37665e26abd2c0e7b2f13db20bc,undefined FUN_1817bf4f8(),ghidra,clean,
WHGame.dll,release_1_5_1164953_841,0x17bf634,599,FUN_1817bf634,,,fb71cce8c7553140eceb98d6c50daba89392161c0389ed67079e11dd66709493,undefined FUN_1817bf634(),ghidra,clean,
WHGame.dll,release_1_5_1164953_841,0x17bf88c,160,FUN_1817bf88c,,,0add499e8322a94eebbee5ecb879bc3747576639b3e125668d60daa9c0c89378,undefined FUN_1817bf88c(),ghidra,clean,
WHGame.dll,release_1_5_1164953_841,0x17bf92c,155,FUN_1817bf92c,,,bb116c7762e53158225abe82426dd0a0818136a529db6a41391a759a1dff1282,undefined FUN_1817bf92c(),ghidra,clean,
WHGame.dll,release_1_5_1164953_841,0x17bf9c8,291,FUN_1817bf9c8,,,c609931f1381027f45af49d42eae9e8008c9c65e5cf4e20f6cb6d080971dd773,undefined FUN_1817bf9c8(),ghidra,clean,
WHGame.dll,release_1_5_1164953_841,0x17bfaec,155,FUN_1817bfaec,,,e882eb6e07510e5e2a94feb6b0a720f24898321c8474f998ff49f95bbe384234,undefined FUN_1817bfaec(),ghidra,clean,
WHGame.dll,release_1_5_1164953_841,0x17bfb88,291,FUN_1817bfb88,,,55a5d6ffaae0f7ca56b7b25e151885cbf444fc31046dc443cf75712c880ac4a0,undefined FUN_1817bfb88(),ghidra,clean,
WHGame.dll,release_1_5_1164953_841,0x17bfcac,155,FUN_1817bfcac,,,b5865896d5396036cb60c4263141e0a83151fbba6a5e576ce5cc7728ae0cc5ae,undefined FUN_1817bfcac(),ghidra,clean,
WHGame.dll,release_1_5_1164953_841,0x17bfd48,291,FUN_1817bfd48,,,f17114ac1d4e1a8c122191d7d02e42a88d0d79c1876068d5fbf863a0da490728,undefined FUN_1817bfd48(),ghidra,clean,
WHGame.dll,release_1_5_1164953_841,0x17bfe6c,125,FUN_1817bfe6c,,,1280b4e54bbd7e7b85d11c9cb97f66eb844a77545594b68c980ddfc6c08ea20b,undefined FUN_1817bfe6c(),ghidra,clean,
WHGame.dll,release_1_5_1164953_841,0x17bfecc,67,FUN_1817bfecc,,,962af556243b2bbd9ed354c01413ac3ef6003b70eb4b55be8ea97d93af0b4513,undefined FUN_1817bfecc(),ghidra,clean,
WHGame.dll,release_1_5_1164953_841,0x17bff10,74,FUN_1817bff10,,,b1db7c0af2b43e038fa0200e0e88ed7815405b57720af163a837b43793d25fd0,undefined FUN_1817bff10(),ghidra,clean,
WHGame.dll,release_1_5_1164953_841,0x17bff5c,25,FUN_1817bff5c,,,3ffeb84c1a902bc02beca27e3876d2eccf73cdd0f3e8b4ee6b54289c5423bccf,undefined FUN_1817bff5c(),ghidra,clean,
WHGame.dll,release_1_5_1164953_841,0x17bff78,163,FUN_1817bff78,,,9c3bbfb973bd2993260393503f4c06514d9047e7ae646909d2d1ee1992363f32,undefined FUN_1817bff78(),ghidra,clean,
WHGame.dll,release_1_5_1164953_841,0x17c0000,24,FUN_1817c0000,,,4f2674a7f5a97cf959db7cc58620a7cf60f663167aaad9076b6f47f4a2526ccc,undefined FUN_1817c0000(),ghidra,clean,
WHGame.dll,release_1_5_1164953_841,0x17c0018,263,FUN_1817c0018,,,423be549e7d23aaed595ce043560a7c874290dc48d52e656c897e24a18b305ab,undefined FUN_1817c0018(),ghidra,clean,
WHGame.dll,release_1_5_1164953_841,0x17c0120,98,FUN_1817c0120,,,1a3812a4e4bbb8318a7dc2ffa97b3cafa24234a19119aaf9f2fb9d4d7748a927,undefined FUN_1817c0120(),ghidra,clean,
WHGame.dll,release_1_5_1164953_841,0x17c0184,23,FUN_1817c0184,,,4b353159495dca77a96b66d6c4f158ec13791891d36e367b8699dd48af60bf1c,undefined FUN_1817c0184(),ghidra,clean,
WHGame.dll,release_1_5_1164953_841,0x17c019c,41,FUN_1817c019c,,,194c8ca9aa5cd8fc5762d75321d9ec17b51fdd211e3be4cd94f6be9d135c93f9,undefined FUN_1817c019c(),ghidra,clean,
WHGame.dll,release_1_5_1164953_841,0x17c01c8,17,FUN_1817c01c8,,,190a255c5f7d77aed7ec6f35ae83d3a58dd7966edde9481b96bfbf6a4c279fa0,undefined FUN_1817c01c8(),ghidra,clean,
WHGame.dll,release_1_5_1164953_841,0x17c01dc,156,FUN_1817c01dc,,,5e36682070a3cf15b988c3efb73c7a431b381d5f257851cf398f62be7aff4b99,undefined FUN_1817c01dc(),ghidra,clean,
WHGame.dll,release_1_5_1164953_841,0x17c0258,181,FUN_1817c0258,,,04f84256968dd2752a3425b1bde41d61c66bd04c03c20f59bd5c99ac616938b3,undefined FUN_1817c0258(),ghidra,clean,
WHGame.dll,release_1_5_1164953_841,0x17c0288,56,FUN_1817c0288,,,f5f8ba36e62dd38cb98bb5cd2b00e3e00086e8e7569b3d28fc86fe99996c96cb,undefined FUN_1817c0288(),ghidra,clean,
WHGame.dll,release_1_5_1164953_841,0x17c02c0,43,FUN_1817c02c0,,,a2d70487a12b6c3d4c7738f1968aa286c29bcfb84ec1f8a866eea40dce8e5332,undefined FUN_1817c02c0(),ghidra,clean,
WHGame.dll,release_1_5_1164953_841,0x17c02ec,81,FUN_1817c02ec,,,706678115eacd58ef0fa8b84d2df06a211353176edca260116a03ab7bba91bfa,undefined FUN_1817c02ec(),ghidra,clean,
WHGame.dll,release_1_5_1164953_841,0x17c0328,5,thunk_FUN_1817c0330,,,b0d40b133b9394d93820ac0104b0065121d2d73df32c7bfb4e4cf5d805a8b103,undefined thunk_FUN_1817c0330(),ghidra,clean,
WHGame.dll,release_1_5_1164953_841,0x17c0330,103,FUN_1817c0330,,,a5dcf57ede0df3a6f788715d4190aa5b19c695ee9b6e8e99a110f35d49dc4da3,undefined FUN_1817c0330(),ghidra,clean,
WHGame.dll,release_1_5_1164953_841,0x17c0398,232,FUN_1817c0398,,,9956feff573d5c2d48020f76266490ad4244c1127355f578b84b74ff5e5f96eb,undefined FUN_1817c0398(),ghidra,clean,
WHGame.dll,release_1_5_1164953_841,0x17c0458,53,FUN_1817c0458,,,399dfdc6cf8bb900173020bda69fa8ba6e85090ca38f6a4461fd7bf26804fb48,undefined FUN_1817c0458(),ghidra,clean,
WHGame.dll,release_1_5_1164953_841,0x17c0490,436,FUN_1817c0490,,,7a2bc18bd39a3f2a0c9a3becb493129837b258a1a10d91e13c2df14d04ccfe10,undefined FUN_1817c0490(),ghidra,clean,
WHGame.dll,release_1_5_1164953_841,0x17c0570,155,FUN_1817c0570,,,ccecf8a591f84988a3ae881a6fb1256748789b4e37f7081b6d9d74621e158432,undefined FUN_1817c0570(),ghidra,clean,
WHGame.dll,release_1_5_1164953_841,0x17c060c,291,FUN_1817c060c,,,9980c7ea64c47ed66acaf58d2f89365f7d780807d8a11bceddbee0cdca5e560d,undefined FUN_1817c060c(),ghidra,clean,
WHGame.dll,release_1_5_1164953_841,0x17c0730,155,FUN_1817c0730,,,3ff8ca4f025454c45b19efa9116887b5fa09d3c29f9d5c81426034097c234dcc,undefined FUN_1817c0730(),ghidra,clean,
WHGame.dll,release_1_5_1164953_841,0x17c07cc,291,FUN_1817c07cc,,,55632e8eaf0b4b3bf71c80ee15922bb8dcb295fd3fe65d1aed67c072024d7e5f,undefined FUN_1817c07cc(),ghidra,clean,
WHGame.dll,release_1_5_1164953_841,0x17c08f0,155,FUN_1817c08f0,,,23f889bb79a1ab7903b71027c6ad699f4cbbfdf87bbfba460610daaf1ab05ae2,undefined FUN_1817c08f0(),ghidra,clean,
WHGame.dll,release_1_5_1164953_841,0x17c098c,291,FUN_1817c098c,,,e43f8ed9bb71e7599d2aba16f1a31e4595bc1b1ba72eb8bdca20182629d01513,undefined FUN_1817c098c(),ghidra,clean,
WHGame.dll,release_1_5_1164953_841,0x17c0ab0,95,FUN_1817c0ab0,,,63517780d5c240cca7adf1172e11b229d256458b311032994c5ae879a24177f2,undefined FUN_1817c0ab0(),ghidra,clean,
WHGame.dll,release_1_5_1164953_841,0x17c0b10,27,FUN_1817c0b10,,,cf9aa0e1eb9d758b17f318e91d9bf1747b2074c31addccef3037ef76f0c528c0,undefined FUN_1817c0b10(),ghidra,clean,
WHGame.dll,release_1_5_1164953_841,0x17c0b2c,70,FUN_1817c0b2c,,,a8c68c7a4808592e4224e9b69c711b5cdfb53c464ed6fefd2c160d737e8fe7a6,undefined FUN_1817c0b2c(),ghidra,clean,
WHGame.dll,release_1_5_1164953_841,0x17c0b90,96,FUN_1817c0b90,,,97a29c00033628bb83da2ea15ec51f6cf6842feb83238ba1f8489b9b9e9f31aa,undefined FUN_1817c0b90(),ghidra,clean,
WHGame.dll,release_1_5_1164953_841,0x17c0bf0,124,FUN_1817c0bf0,,,004ac3c14d81cbf80bc8601740360e0f6fb103d7255ac1792fc037bddd25fe87,undefined FUN_1817c0bf0(),ghidra,clean,
WHGame.dll,release_1_5_1164953_841,0x17c0c6c,85,FUN_1817c0c6c,,,432a89fe6d2131d01d5985f61fb3bb17ec399e931d5096404ad1c540ec24d3b9,undefined FUN_1817c0c6c(),ghidra,clean,
WHGame.dll,release_1_5_1164953_841,0x17c0cc4,85,FUN_1817c0cc4,,,406ee3be56c37154054a54853a32f01463d5222a8f611aaa0ce5432abd1fa7d9,undefined FUN_1817c0cc4(),ghidra,clean,
WHGame.dll,release_1_5_1164953_841,0x17c0d1c,85,FUN_1817c0d1c,,,ef81326c61a4244417d38f009139d6a9420e68ce74ac298473684901f7bef87f,undefined FUN_1817c0d1c(),ghidra,clean,
WHGame.dll,release_1_5_1164953_841,0x17c0d50,83,FUN_1817c0d50,,,9ff5b518b96a4820f224754e5195944ebb76e46520fdbd6e371385542653d3b1,undefined FUN_1817c0d50(),ghidra,clean,
WHGame.dll,release_1_5_1164953_841,0x17c0da4,85,FUN_1817c0da4,,,4483b212c6b3a5e8dae9a3f34484a75eda3e64b423c9e481ee4873edc29b30b7,undefined FUN_1817c0da4(),ghidra,clean,
WHGame.dll,release_1_5_1164953_841,0x17c0dd8,117,FUN_1817c0dd8,,,1852f9e537c4dd420927c58435c0ec9ae91682dfa14dcd094c5696b008cd0f6f,undefined FUN_1817c0dd8(),ghidra,clean,
WHGame.dll,release_1_5_1164953_841,0x17c0e50,26,FUN_1817c0e50,,,819234953c91d716a341edb10dcca2267107efa13f78881bbca64f4a7a11eeca,undefined FUN_1817c0e50(),ghidra,clean,
WHGame.dll,release_1_5_1164953_841,0x17c0e6c,155,FUN_1817c0e6c,,,f249f87437ff5b2fa84308e9412efe04b60cceb84fc5abc1a8e593fd89255d82,undefined FUN_1817c0e6c(),ghidra,clean,
WHGame.dll,release_1_5_1164953_841,0x17c0f08,304,FUN_1817c0f08,,,e82911eaa11c4f36d2057d63a5addd49f5bcdc110dc78bec6ca5c16bf548ce8f,undefined FUN_1817c0f08(),ghidra,clean,
WHGame.dll,release_1_5_1164953_841,0x17c1038,155,FUN_1817c1038,,,91fb495cfee22795403465e51c56f088957f84446f4c7016baac3c5e69d28ac8,undefined FUN_1817c1038(),ghidra,clean,
WHGame.dll,release_1_5_1164953_841,0x17c10d4,298,FUN_1817c10d4,,,38324689864ef99d1225a9de1b1d427727816e1b8221f6b7e383064c9b0096f4,undefined FUN_1817c10d4(),ghidra,clean,
WHGame.dll,release_1_5_1164953_841,0x17c1200,45,FUN_1817c1200,,,d18d621bfd42e893621d5d058e035f8870d756587e68d535e7e91e114b50aab7,undefined FUN_1817c1200(),ghidra,clean,
WHGame.dll,release_1_5_1164953_841,0x17c1230,383,FUN_1817c1230,,,5c5925e1d6b19f4e4cacba5ea7491af7b551287fd718c8a665c8d0f2c55147e7,undefined FUN_1817c1230(),ghidra,clean,
WHGame.dll,release_1_5_1164953_841,0x17c13b0,160,FUN_1817c13b0,,,226e03af917a69a48ce9e072cf705c8e7c81e15917ed19efe5d9ce637f9fb447,undefined FUN_1817c13b0(),ghidra,clean,
WHGame.dll,release_1_5_1164953_841,0x17c1450,167,FUN_1817c1450,,,93d64a5d600d743d8ec6b861137cba2131a88c9059682785168af4e7edd62994,undefined FUN_1817c1450(),ghidra,clean,
WHGame.dll,release_1_5_1164953_841,0x17c14f8,167,FUN_1817c14f8,,,958724d9112162dd4ea9c236f21f187abed058e122f1b72a17841b6fcbc970fb,undefined FUN_1817c14f8(),ghidra,clean,
WHGame.dll,release_1_5_1164953_841,0x17c15a0,303,FUN_1817c15a0,,,5920bf5125cc64f58f4e3615ab141fe9da50f1cc2ab9cf598520a0936d7fe6bf,undefined FUN_1817c15a0(),ghidra,clean,
WHGame.dll,release_1_5_1164953_841,0x17c16ac,290,FUN_1817c16ac,,,15107f382dca3e1e4b116eb35c608e2111340b52e16e5317e0d5cdb2743e0e99,undefined FUN_1817c16ac(),ghidra,clean,
WHGame.dll,release_1_5_1164953_841,0x17c17ac,53,FUN_1817c17ac,,,2f618c6531e880f0ecab5d71e32bd40eef0e8fb3754b414761347ac3b3d094d0,undefined FUN_1817c17ac(),ghidra,clean,
WHGame.dll,release_1_5_1164953_841,0x17c17e4,28,FUN_1817c17e4,,,5d1e1f69e8799419f8894498fa51c648f5c6cfe3ae6fa8afb2ea02eb52872e03,undefined FUN_1817c17e4(),ghidra,clean,
WHGame.dll,release_1_5_1164953_841,0x17c1800,81,FUN_1817c1800,,,e2bff3a8b8c246f17131070a482704999c889960ba735583be9a1e24c7e088d4,undefined FUN_1817c1800(),ghidra,clean,
WHGame.dll,release_1_5_1164953_841,0x17c1854,171,FUN_1817c1854,,,643b37eb0315c9970f8aee55941b3f0279050569c8dcb0a297257834974e12ee,undefined FUN_1817c1854(),ghidra,clean,
WHGame.dll,release_1_5_1164953_841,0x17c1900,5,thunk_FUN_1817c1908,,,b0d40b133b9394d93820ac0104b0065121d2d73df32c7bfb4e4cf5d805a8b103,undefined thunk_FUN_1817c1908(),ghidra,clean,
WHGame.dll,release_1_5_1164953_841,0x17c1908,103,FUN_1817c1908,,,db9d283f8fe543193b0903ff8ee80d749c8de67d04e081a4efa47fb9b28be195,undefined FUN_1817c1908(),ghidra,clean,
WHGame.dll,release_1_5_1164953_841,0x17c1970,95,FUN_1817c1970,,,cc37fbd902d3a9cd6eb216ac4814b95b8fc24e7ee5cf98b4e21a20bf2904004f,undefined FUN_1817c1970(),ghidra,clean,
WHGame.dll,release_1_5_1164953_841,0x17c19d0,155,FUN_1817c19d0,,,19b2ef5d792c7da5fb4f677f9d53e742e2fd625ccdc105494a76f87fdf947cae,undefined FUN_1817c19d0(),ghidra,clean,
WHGame.dll,release_1_5_1164953_841,0x17c1a50,53,FUN_1817c1a50,,,6388a93514c0aa9d6d5d7d761221ad8887c2f79111b97716889f5e753ea5a3fb,undefined FUN_1817c1a50(),ghidra,clean,
WHGame.dll,release_1_5_1164953_841,0x17c1a88,436,FUN_1817c1a88,,,198939d5c938986bd602e9ce4656c3cd12e2d47cec35d8ab1ee4dc49c4b1b1e0,undefined FUN_1817c1a88(),ghidra,clean,
WHGame.dll,release_1_5_1164953_841,0x17c1b68,52,FUN_1817c1b68,,,7796913d35685441fb27d90f8720c8cb65337c002fc58415996fc86db8b6f47a,undefined FUN_1817c1b68(),ghidra,clean,
WHGame.dll,release_1_5_1164953_841,0x17c1b9c,386,FUN_1817c1b9c,,,c6f1737400e469caf287af2b1407fcb67260d5929d2759740356a8fea34cc854,undefined FUN_1817c1b9c(),ghidra,clean,
WHGame.dll,release_1_5_1164953_841,0x17c1c2c,233,FUN_1817c1c2c,,,7ec56df440dc38c0763d692a9daf48f0203fa816ad36865b732e94c5d0804d8e,undefined FUN_1817c1c2c(),ghidra,clean,
WHGame.dll,release_1_5_1164953_841,0x17c1d18,230,FUN_1817c1d18,,,c25ab6c4bf68380619ed0573ac014c897ab5850d71af9f611defcd7e0525e1bc,undefined FUN_1817c1d18(),ghidra,clean,
WHGame.dll,release_1_5_1164953_841,0x17c1de4,90,FUN_1817c1de4,,,f138450386d59fac7794ca080c8b5fc7171e6a354288392334ed932e6de59f72,undefined FUN_1817c1de4(),ghidra,clean,
WHGame.dll,release_1_5_1164953_841,0x17c1e40,356,FUN_1817c1e40,,,755b469906480e3e7313f71b2740a4612db2ae0c0fb7a709ffaed1d9c7ea6213,undefined FUN_1817c1e40(),ghidra,clean,
WHGame.dll,release_1_5_1164953_841,0x17c1fa4,149,FUN_1817c1fa4,,,af82f0dddb7682283f6df5477c46fecf8e3aab7b6febe8faa09cfc0a5b8a9a58,undefined FUN_1817c1fa4(),ghidra,clean,
WHGame.dll,release_1_5_1164953_841,0x17c203c,331,FUN_1817c203c,,,66a49aa060133e2e932160d6ca782e7ccf24617eeb0daa1200a77305bc1057db,undefined FUN_1817c203c(),ghidra,clean,
WHGame.dll,release_1_5_1164953_841,0x17c2188,106,FUN_1817c2188,,,51379bf1c90bd0ff7b825de4613d050311310015251244a6ef3f83f628948ea4,undefined FUN_1817c2188(),ghidra,clean,
WHGame.dll,release_1_5_1164953_841,0x17c21f4,335,FUN_1817c21f4,,,31c1a3bb51be8b1e78511b2b7723d27dbbcc60be0bd9424b5fab98ca01eb3608,undefined FUN_1817c21f4(),ghidra,clean,
WHGame.dll,release_1_5_1164953_841,0x17c22e2,8,FUN_1817c22e2,,,d584cb1a2afef309eb33a9b90753d6c9a99b0c481366318ccddcba175a3b8c54,undefined FUN_1817c22e2(),ghidra,clean,
WHGame.dll,release_1_5_1164953_841,0x17c22f4,155,FUN_1817c22f4,,,c6338871d19a4b372ca273167da2feda08b1e5e9c7ddf0fd28ac37decbffe0aa,undefined FUN_1817c22f4(),ghidra,clean,
WHGame.dll,release_1_5_1164953_841,0x17c2390,155,FUN_1817c2390,,,568626063c916d2d4166d67612f2314ec46e3782b111644db2d337cd08c46d4e,undefined FUN_1817c2390(),ghidra,clean,
WHGame.dll,release_1_5_1164953_841,0x17c242c,155,FUN_1817c242c,,,4aa0b54da92d91b4fa8d1cb5db6d3fd96ec6dc6c3f91eaf88b3155a4c4deb74a,undefined FUN_1817c242c(),ghidra,clean,
WHGame.dll,release_1_5_1164953_841,0x17c24c8,301,FUN_1817c24c8,,,e2fbcc819900dcfa34ea0dbe0da458350ef05d40d5fa67ebe589cdd7aa9fd663,undefined FUN_1817c24c8(),ghidra,clean,
WHGame.dll,release_1_5_1164953_841,0x17c25f8,180,FUN_1817c25f8,,,c266fe9f8d2cfc3be79be226f88537d4732e483190c99da8abdb24ca48c2844e,undefined FUN_1817c25f8(),ghidra,clean,
WHGame.dll,release_1_5_1164953_841,0x17c26ac,180,FUN_1817c26ac,,,40bde9eb7f9c7eaa3be642d533788d702916584ecce83094fb5ea5c317448a55,undefined FUN_1817c26ac(),ghidra,clean,
WHGame.dll,release_1_5_1164953_841,0x17c2760,180,FUN_1817c2760,,,d4406bfcf806caf7744ea64a6aa4a114111d009163a7fc03e97cf98e26d4d8b2,undefined FUN_1817c2760(),ghidra,clean,
WHGame.dll,release_1_5_1164953_841,0x17c2814,180,FUN_1817c2814,,,b8c14da74a2fe94a500cda423ade00fb22e954b42954a972dcd1be8f20564a2b,undefined FUN_1817c2814(),ghidra,clean,
WHGame.dll,release_1_5_1164953_841,0x17c28c8,180,FUN_1817c28c8,,,5892ab039afd6d4ec895bbb0c0769978a9364ec19581c1eb29108c7a559b35b5,undefined FUN_1817c28c8(),ghidra,clean,
WHGame.dll,release_1_5_1164953_841,0x17c297c,180,FUN_1817c297c,,,8c287bc88d231fa335a579c7e281cb0d00a06dba2fedb258b6c115c4d9ab37f3,undefined FUN_1817c297c(),ghidra,clean,
WHGame.dll,release_1_5_1164953_841,0x17c2a30,180,FUN_1817c2a30,,,f6702b11c481eed7e29e7598cb13f8e85a0900dee78dbababcf6b96de25440d7,undefined FUN_1817c2a30(),ghidra,clean,
WHGame.dll,release_1_5_1164953_841,0x17c2ae4,180,FUN_1817c2ae4,,,fc541de6de0c17c9e3196159c3dac5557e93d8d5454cdd4726213a55776cc741,undefined FUN_1817c2ae4(),ghidra,clean,
WHGame.dll,release_1_5_1164953_841,0x17c2b98,135,FUN_1817c2b98,,,c43defffdb77c704d24026be2663d8d7a89abc916272199b4f14b1b9e6324018,undefined FUN_1817c2b98(),ghidra,clean,
WHGame.dll,release_1_5_1164953_841,0x17c2c20,333,FUN_1817c2c20,,,f9889922dbd37e60415e4b697df940fe5bb04981fccd8f4e3a47acbcbd39eb54,undefined FUN_1817c2c20(),ghidra,clean,
WHGame.dll,release_1_5_1164953_841,0x17c2d70,61,FUN_1817c2d70,,,05a95dd2195aa893b8ddb3d279cef577781e01b2664ad498bd1ab17cc8e3e667,undefined FUN_1817c2d70(),ghidra,clean,
WHGame.dll,release_1_5_1164953_841,0x17c2db0,42,FUN_1817c2db0,,,a83e44dee777b02f9e9eaf33ea42152e14913c9b863ec197bc944f7243982548,undefined FUN_1817c2db0(),ghidra,clean,
WHGame.dll,release_1_5_1164953_841,0x17c2ddc,103,FUN_1817c2ddc,,,a7c7b5d2172548a16babf696ccc6e4f3ad2a59f7a269ca95292dda2757926720,undefined FUN_1817c2ddc(),ghidra,clean,
WHGame.dll,release_1_5_1164953_841,0x17c2e44,80,FUN_1817c2e44,,,69b8dd3ac513f69b0b632ebe58da8a491a093f2819300ba88c5b5f810d25ce83,undefined FUN_1817c2e44(),ghidra,clean,
WHGame.dll,release_1_5_1164953_841,0x17c2e94,80,FUN_1817c2e94,,,42f822447b322d1df940dc3a08a7996cfcac5af999cc10190b2c06267c1c8e1a,undefined FUN_1817c2e94(),ghidra,clean,
WHGame.dll,release_1_5_1164953_841,0x17c2ee4,85,FUN_1817c2ee4,,,9fd9849a8389caecbb9c8d501055b80bccd02f25a8273567353896e99e5dc633,undefined FUN_1817c2ee4(),ghidra,clean,
WHGame.dll,release_1_5_1164953_841,0x17c2f18,80,FUN_1817c2f18,,,6c05635841c7cde822155c731ee7a7c496d17e05e7aa22f415693a646f7133ab,undefined FUN_1817c2f18(),ghidra,clean,
WHGame.dll,release_1_5_1164953_841,0x17c2f68,80,FUN_1817c2f68,,,65213a42c211eb4badbd39b66d8288e6d4722a4076ed401509ee272199a6955e,undefined FUN_1817c2f68(),ghidra,clean,
WHGame.dll,release_1_5_1164953_841,0x17c2fb8,85,FUN_1817c2fb8,,,fc74022bec33f9ea9ae9057b4325179f502df00bdc9e7ec2d6e138f2f5e87b91,undefined FUN_1817c2fb8(),ghidra,clean,
WHGame.dll,release_1_5_1164953_841,0x17c2fec,53,FUN_1817c2fec,,,7fa2dd13f36966b3d871a0d53735345b726e40aaa2c863295a9e8e6553534fcd,undefined FUN_1817c2fec(),ghidra,clean,
WHGame.dll,release_1_5_1164953_841,0x17c3024,62,FUN_1817c3024,,,e6edc20e513531a75ac5c58be1cbbc6427677c8975a05db44e46f7f30e7ea3d5,undefined FUN_1817c3024(),ghidra,clean,
WHGame.dll,release_1_5_1164953_841,0x17c3050,49,FUN_1817c3050,,,635a629e6d97a51099f745d5558cf6fcb0e7b283e8636ddf1e75351ed51e1784,undefined FUN_1817c3050(),ghidra,clean,
WHGame.dll,release_1_5_1164953_841,0x17c3084,62,FUN_1817c3084,,,59c557b9098f1b59d987fb356d5c9efe435e7a6303ba5a1b419d11c91f9f4730,undefined FUN_1817c3084(),ghidra,clean,
WHGame.dll,release_1_5_1164953_841,0x17c30b0,52,FUN_1817c30b0,,,a604632e26caf3fa5dcd818941345387e2d84ef8f3ae3810318e6beb9cd71327,undefined FUN_1817c30b0(),ghidra,clean,
WHGame.dll,release_1_5_1164953_841,0x17c30e4,62,FUN_1817c30e4,,,b74a9b1fff7cba7e07d0dfc1fe779f8d47022bbedd5b2b85ad70019d3e03118a,undefined FUN_1817c30e4(),ghidra,clean,
WHGame.dll,release_1_5_1164953_841,0x17c3110,49,FUN_1817c3110,,,b92b1162997e618b15e69d32aa8c77ad6a6d89d058ce8066da0e94ebb3b071c6,undefined FUN_1817c3110(),ghidra,clean,
WHGame.dll,release_1_5_1164953_841,0x17c3144,27,FUN_1817c3144,,,2aff1e47f06424cc5ec0ec4e984843862900940769cbca5d341bff4e4066776d,undefined FUN_1817c3144(),ghidra,clean,
WHGame.dll,release_1_5_1164953_841,0x17c3160,30,FUN_1817c3160,,,43ac844221a4cfea2382ee8ed4a24077bae1c07b042789cb692b518348ae17db,undefined FUN_1817c3160(),ghidra,clean,
WHGame.dll,release_1_5_1164953_841,0x17c3180,30,FUN_1817c3180,,,9d5b7a04371385b782674a515ff581bdb4c9f723dfa779ddcb10b235cd7ec268,undefined FUN_1817c3180(),ghidra,clean,
WHGame.dll,release_1_5_1164953_841,0x17c31a0,36,FUN_1817c31a0,,,23b86ded20c702d99df7d1e7ab15d950eb4a3298f214dd2f30cee8ace6fef245,undefined FUN_1817c31a0(),ghidra,clean,
WHGame.dll,release_1_5_1164953_841,0x17c31c8,185,FUN_1817c31c8,,,1ee5f6bfe77eb539098ed6a9062a0b817a93fcdae0adee2bc3cb0d9fef94348b,undefined FUN_1817c31c8(),ghidra,clean,
WHGame.dll,release_1_5_1164953_841,0x17c3270,91,FUN_1817c3270,,,d5a021579612c12f1a896cf01e38b97a2159d1d49f90296a8c3c6e9359e4966e,undefined FUN_1817c3270(),ghidra,clean,
WHGame.dll,release_1_5_1164953_841,0x17c32cc,91,FUN_1817c32cc,,,192ecef9689e8c6543f5e4bde844c46b427a2137fceec7786016e3b9c971feb8,undefined FUN_1817c32cc(),ghidra,clean,
WHGame.dll,release_1_5_1164953_841,0x17c3328,91,FUN_1817c3328,,,7c6a9c490a5eaac14c504b7aba4a174a83a52b850e52b602730ff436b9d630d0,undefined FUN_1817c3328(),ghidra,clean,
WHGame.dll,release_1_5_1164953_841,0x17c3384,91,FUN_1817c3384,,,1f197b84aa798c9c4c82ecfcd40c9e2a9aec8754b63451b661bdb07aa3c5114e,undefined FUN_1817c3384(),ghidra,clean,
WHGame.dll,release_1_5_1164953_841,0x17c33e0,91,FUN_1817c33e0,,,b763ceced6c6b88d2b67f21b09fd3e3fd7836adab09cd0f6ffa4634742ad7506,undefined FUN_1817c33e0(),ghidra,clean,
WHGame.dll,release_1_5_1164953_841,0x17c343c,91,FUN_1817c343c,,,854566146d4bd09bf051488d0bdab65b3424f5712396962e3469ed96bd36fbc3,undefined FUN_1817c343c(),ghidra,clean,
WHGame.dll,release_1_5_1164953_841,0x17c3498,91,FUN_1817c3498,,,0e590e09e6dd7a2141a74a5161f63f6b84d322ea4399f9d1fab8318ed9a22a8c,undefined FUN_1817c3498(),ghidra,clean,
WHGame.dll,release_1_5_1164953_841,0x17c34f4,380,FUN_1817c34f4,,,09b4443befd32f9b4ad2a714abc5599c7fcd13000bac85128d47b430239ceefb,undefined FUN_1817c34f4(),ghidra,clean,
WHGame.dll,release_1_5_1164953_841,0x17c3674,55,FUN_1817c3674,,,b6eb6c672bc00dcf467929f6668e5ade9fb153600b07dbe484524551a422f46f,undefined FUN_1817c3674(),ghidra,clean,
WHGame.dll,release_1_5_1164953_841,0x17c36ac,5,thunk_FUN_1817c36b4,,,b0d40b133b9394d93820ac0104b0065121d2d73df32c7bfb4e4cf5d805a8b103,undefined thunk_FUN_1817c36b4(),ghidra,clean,
WHGame.dll,release_1_5_1164953_841,0x17c36b4,103,FUN_1817c36b4,,,cfa42258036be4594a553bf7be7f6e68bb478ecc68ab1f50f60b76376c85b742,undefined FUN_1817c36b4(),ghidra,clean,
WHGame.dll,release_1_5_1164953_841,0x17c371c,95,FUN_1817c371c,,,d00e0ac599914f54b075a955dc218a92ab20afce5d7c027169063f4fec537266,undefined FUN_1817c371c(),ghidra,clean,
WHGame.dll,release_1_5_1164953_841,0x17c377c,201,FUN_1817c377c,,,c50d1ff993ab7f2b7e3820cbc2ec2f4f1c0a55d8a8096b731ffe980843fd57a9,undefined FUN_1817c377c(),ghidra,clean,
WHGame.dll,release_1_5_1164953_841,0x17c3828,53,FUN_1817c3828,,,a458e8a9e0cc04a66689af3f9f247e0a2d1697b940218f60379ee42871d3bc24,undefined FUN_1817c3828(),ghidra,clean,
WHGame.dll,release_1_5_1164953_841,0x17c3860,417,FUN_1817c3860,,,92d58c9bb25e9cad82de0097e86fc620581a31558cb3ee22a8df7c450e9e808f,undefined FUN_1817c3860(),ghidra,clean,
WHGame.dll,release_1_5_1164953_841,0x17c3980,40,FUN_1817c3980,,,9e54eb81eeab76bee89eca3aec7b13960146da4d46e37415f802a4533445c939,undefined FUN_1817c3980(),ghidra,clean,
WHGame.dll,release_1_5_1164953_841,0x17c39a8,42,FUN_1817c39a8,,,b475fb990c405673a794e4b8ef02f000a31f747f6e0ce577aadfd846fa454d12,undefined FUN_1817c39a8(),ghidra,clean,
WHGame.dll,release_1_5_1164953_841,0x17c39d4,155,FUN_1817c39d4,,,3f39cb889cd181337f0bae3310afb0af1d44ab912285becaa3d6c90de015b822,undefined FUN_1817c39d4(),ghidra,clean,
WHGame.dll,release_1_5_1164953_841,0x17c3a70,293,FUN_1817c3a70,,,05289e7fe6d66de1cb4948a99863cdcd93d659cb28a81359d6212f82e5b23c12,undefined FUN_1817c3a70(),ghidra,clean,
WHGame.dll,release_1_5_1164953_841,0x17c3b98,142,FUN_1817c3b98,,,ee61f25684d4e4a8f42a378fd5835a51299e019218d2485f746327a450d3a494,undefined FUN_1817c3b98(),ghidra,clean,
WHGame.dll,release_1_5_1164953_841,0x17c3c08,237,FUN_1817c3c08,,,ec7836bc39219aceba734ee9c6716ad08d4a9e08df49fa3b003aa2661029aec3,undefined FUN_1817c3c08(),ghidra,clean,
WHGame.dll,release_1_5_1164953_841,0x17c3cf8,242,FUN_1817c3cf8,,,9cf6e78871d1f869107fda79fedfc6a4d75177f1e235339df7f5f42a8cf3f360,undefined FUN_1817c3cf8(),ghidra,clean,
WHGame.dll,release_1_5_1164953_841,0x17c3de0,303,FUN_1817c3de0,,,3bf9c23bcc4439c07d18c79c62f251f28276c382c75e5803f01ec3e52ffd64ae,undefined FUN_1817c3de0(),ghidra,clean,
WHGame.dll,release_1_5_1164953_841,0x17c3f10,91,FUN_1817c3f10,,,1d8972dc7ac347c99d6e1f02e40cf3c0ab0b594d2d7284839569da9c7f1117b3,undefined FUN_1817c3f10(),ghidra,clean,
WHGame.dll,release_1_5_1164953_841,0x17c3f6c,142,FUN_1817c3f6c,,,761e45ca5246647518da7c8b90230c24c30adb7184df2319ac7d5f4dc43f13dc,undefined FUN_1817c3f6c(),ghidra,clean,
WHGame.dll,release_1_5_1164953_841,0x17c3fdc,237,FUN_1817c3fdc,,,383ea5e3867fd976242181d3b9aea6369972674b0eab8ac33e8419bde7804612,undefined FUN_1817c3fdc(),ghidra,clean,
WHGame.dll,release_1_5_1164953_841,0x17c40cc,242,FUN_1817c40cc,,,9d09c121f59a6a507ef5c0170693dcd7501232ed30f2fe92cb6ef7aea9a7c178,undefined FUN_1817c40cc(),ghidra,clean,
WHGame.dll,release_1_5_1164953_841,0x17c41b4,303,FUN_1817c41b4,,,52f5f50b3a569d7c7b1c1e17b112914d11e80032b29d7277fff98bd3960edf47,undefined FUN_1817c41b4(),ghidra,clean,
WHGame.dll,release_1_5_1164953_841,0x17c42e4,91,FUN_1817c42e4,,,01b12504c1d2dd8a754d3479fb8e45af2f1701313727c1f9168ccd18afa0462d,undefined FUN_1817c42e4(),ghidra,clean,
WHGame.dll,release_1_5_1164953_841,0x17c4340,142,FUN_1817c4340,,,7f3cbd9d93b4efc282daf2d2e9ae2b3ce258e881ec468e5f91678b0698b70eb4,undefined FUN_1817c4340(),ghidra,clean,
WHGame.dll,release_1_5_1164953_841,0x17c43b0,237,FUN_1817c43b0,,,d21d078babbe5d0e5ba5ac2cfd266e7fd3ce477d74463950e12245d2d5e3a836,undefined FUN_1817c43b0(),ghidra,clean,
WHGame.dll,release_1_5_1164953_841,0x17c44a0,242,FUN_1817c44a0,,,6fcef579889058c247f9a7acaad0d3fb69be4c18050b835933a0b4c8954fa499,undefined FUN_1817c44a0(),ghidra,clean,
WHGame.dll,release_1_5_1164953_841,0x17c4588,304,FUN_1817c4588,,,2d2dac1b21dd0375e21922ea0308c2ea51fa50d21b9e8f3152f2c6611a49eeac,undefined FUN_1817c4588(),ghidra,clean,
WHGame.dll,release_1_5_1164953_841,0x17c46b8,91,FUN_1817c46b8,,,e7e0ce8153df2587f31bb29b015f705d53530e78fd2189b09fbc82b309b9852b,undefined FUN_1817c46b8(),ghidra,clean,
WHGame.dll,release_1_5_1164953_841,0x17c4714,85,FUN_1817c4714,,,c52648be5791b7d08e4d68b9f0d1edb995a66516db51595cc5934f33a4d13d9c,undefined FUN_1817c4714(),ghidra,clean,
WHGame.dll,release_1_5_1164953_841,0x17c476c,55,FUN_1817c476c,,,8e8885789d6edc3be16c1b2e3d88085f8050914dc082b4561a5352065f676951,undefined FUN_1817c476c(),ghidra,clean,
WHGame.dll,release_1_5_1164953_841,0x17c4794,157,FUN_1817c4794,,,903cf891415fdcc01442ab809d9c05e98c44aabb8d5f3716c7aa776f06002962,undefined FUN_1817c4794(),ghidra,clean,
WHGame.dll,release_1_5_1164953_841,0x17c4828,111,FUN_1817c4828,,,e1902b667e99fed83e465f849f82071761f3bb77c9fc2058f4254908709e1d86,undefined FUN_1817c4828(),ghidra,clean,
WHGame.dll,release_1_5_1164953_841,0x17c489c,145,FUN_1817c489c,,,a3c3881aff518d133d8989826de98ccd422a10ab47cf989e35356f43a75c7102,undefined FUN_1817c489c(),ghidra,clean,
WHGame.dll,release_1_5_1164953_841,0x17c4930,26,FUN_1817c4930,,,a87fdcfdae8a8b9323af762c08e29af3a30072c8e35df295cb123b0dc806f332,undefined FUN_1817c4930(),ghidra,clean,
WHGame.dll,release_1_5_1164953_841,0x17c494c,174,FUN_1817c494c,,,09c9e49e40ea1111fbbe462527816c406c3122956d35da0389b740cfbe4b58d6,undefined FUN_1817c494c(),ghidra,clean,
WHGame.dll,release_1_5_1164953_841,0x17c49fc,25,FUN_1817c49fc,,,e39b2b134911806d4c0d10dee7b129188d64a1f7a51186a41c80901ce09d3d58,undefined FUN_1817c49fc(),ghidra,clean,
WHGame.dll,release_1_5_1164953_841,0x17c4a18,19,FUN_1817c4a18,,,25893125206cca6b112fa5130f4907d64702f35250da590ea6d003beede39604,undefined FUN_1817c4a18(),ghidra,clean,
WHGame.dll,release_1_5_1164953_841,0x17c4a2c,680,FUN_1817c4a2c,,,2e6905a62b45fac9e2f19d6c53d7e02a0a7462d28670d1813a654974b3aea0dd,undefined FUN_1817c4a2c(),ghidra,clean,
WHGame.dll,release_1_5_1164953_841,0x17c4cd4,26,FUN_1817c4cd4,,,819234953c91d716a341edb10dcca2267107efa13f78881bbca64f4a7a11eeca,undefined FUN_1817c4cd4(),ghidra,clean,
WHGame.dll,release_1_5_1164953_841,0x17c4cf0,155,FUN_1817c4cf0,,,95548737eb5fbfa10e6a44a499203c06095292680ad29ec43bab5b079b1a734b,undefined FUN_1817c4cf0(),ghidra,clean,
WHGame.dll,release_1_5_1164953_841,0x17c4d8c,301,FUN_1817c4d8c,,,fe95f74c04c18d994f1a45631a0453fbe44ccd52fea910950fa5a3977ffc3658,undefined FUN_1817c4d8c(),ghidra,clean,
WHGame.dll,release_1_5_1164953_841,0x17c4ebc,162,FUN_1817c4ebc,,,81eaf6df55890804decc0202f3236cc560450aa433b43926a2430c0366158303,undefined FUN_1817c4ebc(),ghidra,clean,
WHGame.dll,release_1_5_1164953_841,0x17c4f60,36,FUN_1817c4f60,,,40fa7c4710ec300b13f83a4fa46f28a2dc99d58031ed01dc73774b526e843e63,undefined FUN_1817c4f60(),ghidra,clean,
WHGame.dll,release_1_5_1164953_841,0x17c4f84,157,FUN_1817c4f84,,,0b5d2d11be4edc8992386bf99270c7167e6660d2cadc00cdd6626438845b2781,undefined FUN_1817c4f84(),ghidra,clean,
WHGame.dll,release_1_5_1164953_841,0x17c5024,155,FUN_1817c5024,,,65f301bc82280a8bc7c9255f50dd859a7a061b2ea8747491b94529ac8db4ef64,undefined FUN_1817c5024(),ghidra,clean,
WHGame.dll,release_1_5_1164953_841,0x17c50c0,291,FUN_1817c50c0,,,e395ea67dd00c35c3276c62233f3257dc51805f9f8d9de2cd25217cc777f7925,undefined FUN_1817c50c0(),ghidra,clean,
WHGame.dll,release_1_5_1164953_841,0x17c51e4,110,FUN_1817c51e4,,,e30ed1289a1b6743913b1f6dcfe941a554f2a8d24f354afbde82aacc2ffa7201,undefined FUN_1817c51e4(),ghidra,clean,
WHGame.dll,release_1_5_1164953_841,0x17c5244,110,FUN_1817c5244,,,806bab0e54acb3cce1dba606dbbf41fc1f060d47cfb3b91ee788140b7654e43a,undefined FUN_1817c5244(),ghidra,clean,
WHGame.dll,release_1_5_1164953_841,0x17c52a4,26,FUN_1817c52a4,,,2b972060032e79d9466477e849baf84e378ee2fb255562e62ed41ed15a4c66cb,undefined FUN_1817c52a4(),ghidra,clean,
WHGame.dll,release_1_5_1164953_841,0x17c52c0,151,FUN_1817c52c0,,,6607c0f2a352b54c4a7c8153ad3f3bbad83eb8d7e6ee08c69160e4edb991ccc5,undefined FUN_1817c52c0(),ghidra,clean,
WHGame.dll,release_1_5_1164953_841,0x17c5358,151,FUN_1817c5358,,,67f960bf1460a9892014c3f6cfecb66f2414739cfd8009967a6d62116fc201d2,undefined FUN_1817c5358(),ghidra,clean,
WHGame.dll,release_1_5_1164953_841,0x17c53f0,155,FUN_1817c53f0,,,75419fbd7dc6ab48bcd4d35ef73caf8adaa85ff4230ae33e35f3c6da18578786,undefined FUN_1817c53f0(),ghidra,clean,
WHGame.dll,release_1_5_1164953_841,0x17c548c,311,FUN_1817c548c,,,ecaa430a3baa8a54524a9883ae12a7c5a882c9269ccc792efa3a6d1336d5f782,undefined FUN_1817c548c(),ghidra,clean,
WHGame.dll,release_1_5_1164953_841,0x17c55c4,332,FUN_1817c55c4,,,f0361ec3d215cf6543f858d102c8867e37cbe2950f61e7f1edff74878dd29455,undefined FUN_1817c55c4(),ghidra,clean,
WHGame.dll,release_1_5_1164953_841,0x17c5714,81,FUN_1817c5714,,,87d5c68ce4e66d4059a3de250d167d5dcaa425c65307e7fb36017f43892266fe,undefined FUN_1817c5714(),ghidra,clean,
WHGame.dll,release_1_5_1164953_841,0x17c5748,11,FUN_1817c5748,,,17ed17aa348b5ef4bdaf1b1809526520518965348dd1223defd422a8ad419793,undefined FUN_1817c5748(),ghidra,clean,
WHGame.dll,release_1_5_1164953_841,0x17c5754,188,FUN_1817c5754,,,04f85d2d9eb5a43cc41194b8ba218009566b8118501fef72e66cdadb007c9977,undefined FUN_1817c5754(),ghidra,clean,
WHGame.dll,release_1_5_1164953_841,0x17c57c0,286,FUN_1817c57c0,,,e60c7d908c0e82919c8df9c39476d7161a8a1f0e87c80a258c9f565a2aab4fcf,undefined FUN_1817c57c0(),ghidra,clean,
WHGame.dll,release_1_5_1164953_841,0x17c58d0,261,FUN_1817c58d0,,,dcaef684135b691f44780901c4b4e5f366c273283df3a29c5f0686c3911205bc,undefined FUN_1817c58d0(),ghidra,clean,
WHGame.dll,release_1_5_1164953_841,0x17c59cc,196,FUN_1817c59cc,,,1a527972f3e03ed6033fa11be02209eb5f1e538460418823cdc4dbdcd59c1a4f,undefined FUN_1817c59cc(),ghidra,clean,
WHGame.dll,release_1_5_1164953_841,0x17c5a90,26,FUN_1817c5a90,,,819234953c91d716a341edb10dcca2267107efa13f78881bbca64f4a7a11eeca,undefined FUN_1817c5a90(),ghidra,clean,
WHGame.dll,release_1_5_1164953_841,0x17c5aac,155,FUN_1817c5aac,,,23c6e8b74d4f59736af9cf7dac13eeff9cc728081130c3f7f267853f5d65b0b4,undefined FUN_1817c5aac(),ghidra,clean,
WHGame.dll,release_1_5_1164953_841,0x17c5b48,301,FUN_1817c5b48,,,2371986cbe0c791651873959031599160f106d637f502e050b914699a8642833,undefined FUN_1817c5b48(),ghidra,clean,
WHGame.dll,release_1_5_1164953_841,0x17c5c78,194,FUN_1817c5c78,,,315ae38b0ad3788ebed931d428af0a5a14d6aa6e340ea98f958690fbfc76a87d,undefined FUN_1817c5c78(),ghidra,clean,
WHGame.dll,release_1_5_1164953_841,0x17c5d3c,155,FUN_1817c5d3c,,,0f8a054d0822b7b3b619afcaa71fe0f4d828433c53637561a60ae6acbbe5bf10,undefined FUN_1817c5d3c(),ghidra,clean,
WHGame.dll,release_1_5_1164953_841,0x17c5dd8,311,FUN_1817c5dd8,,,d16c8190ec62e2f3b74a5592d215011d20ef5f2ebd3bc0d91cda122e03e2a161,undefined FUN_1817c5dd8(),ghidra,clean,
WHGame.dll,release_1_5_1164953_841,0x17c5f10,180,FUN_1817c5f10,,,2b869807744c11b31143bc20548919f85b792499d0f44c2023d000167df038ac,undefined FUN_1817c5f10(),ghidra,clean,
WHGame.dll,release_1_5_1164953_841,0x17c5fc4,180,FUN_1817c5fc4,,,e06e101d768ecf94d74c44071bb74e27f8c0f00171dbd4061dfcdd180dc7e6b2,undefined FUN_1817c5fc4(),ghidra,clean,
WHGame.dll,release_1_5_1164953_841,0x17c6078,180,FUN_1817c6078,,,a45d19aeed43fef3a3d795b7e92b89934489b2213a8659e6b8679c229c6181f6,undefined FUN_1817c6078(),ghidra,clean,
WHGame.dll,release_1_5_1164953_841,0x17c612c,180,FUN_1817c612c,,,4f6a9548c86a85cd1daf6702e7c25e79e0832d71ccdf1d2002c7c26a35c63a74,undefined FUN_1817c612c(),ghidra,clean,
WHGame.dll,release_1_5_1164953_841,0x17c61e0,180,FUN_1817c61e0,,,30c676e806c27689a708bfbb161ae0f828e297c17e49aa261a69751d97dcc4d8,undefined FUN_1817c61e0(),ghidra,clean,
WHGame.dll,release_1_5_1164953_841,0x17c6294,180,FUN_1817c6294,,,f951413169ca5f3b099ea5759c7532f530ad4d17791b1cad9e37b2d63a3a89c4,undefined FUN_1817c6294(),ghidra,clean,
WHGame.dll,release_1_5_1164953_841,0x17c6348,180,FUN_1817c6348,,,eba364a646792fd492f000e050405cec10fe582e82eee906e70a6570d686c23f,undefined FUN_1817c6348(),ghidra,clean,
WHGame.dll,release_1_5_1164953_841,0x17c63fc,180,FUN_1817c63fc,,,93c1d7604648eb515a5660cc03c017782302992f3c96383df95e8a6dbb1c607f,undefined FUN_1817c63fc(),ghidra,clean,
WHGame.dll,release_1_5_1164953_841,0x17c64b0,184,FUN_1817c64b0,,,de9e86dbd70c12ab579ec6edd9804f880055cf9768bbff18a81354398d301e0f,undefined FUN_1817c64b0(),ghidra,clean,
WHGame.dll,release_1_5_1164953_841,0x17c6568,340,FUN_1817c6568,,,0db92149807855eb4df3a241b8ae3b580fc3e622f759b782c0b5f617824a8334,undefined FUN_1817c6568(),ghidra,clean,
WHGame.dll,release_1_5_1164953_841,0x17c66bc,409,FUN_1817c66bc,,,b487aa312a2821878b8204167a866d55f7bf258586224967e98da25db75e07fb,undefined FUN_1817c66bc(),ghidra,clean,
WHGame.dll,release_1_5_1164953_841,0x17c6858,155,FUN_1817c6858,,,ced1ba767a31762d9ad9a3d6d97d332da84d0a036d9edeab347b15571318f3a7,undefined FUN_1817c6858(),ghidra,clean,
WHGame.dll,release_1_5_1164953_841,0x17c68f4,291,FUN_1817c68f4,,,6defdc0a9a0ea46202b83433595858d81ca131d6668eccc8f20a8b04b6b5e762,undefined FUN_1817c68f4(),ghidra,clean,
WHGame.dll,release_1_5_1164953_841,0x17c6a18,214,FUN_1817c6a18,,,678b44f035073d2749b7bdf8e92a0601722bfa4939234aea9411272d187cc29e,undefined FUN_1817c6a18(),ghidra,clean,
WHGame.dll,release_1_5_1164953_841,0x17c6af0,155,FUN_1817c6af0,,,aaad8f7ddefe6580c4f9ec67dc5c1d1d0c986362e286ada1aeded7bd240e91fc,undefined FUN_1817c6af0(),ghidra,clean,
WHGame.dll,release_1_5_1164953_841,0x17c6b8c,311,FUN_1817c6b8c,,,b0c3ac7d7edda650d8b4774dc2d3f60094d15e2e8ce9b29de176d1f3cfce6805,undefined FUN_1817c6b8c(),ghidra,clean,
WHGame.dll,release_1_5_1164953_841,0x17c6cc4,155,FUN_1817c6cc4,,,f3fc04335664e5fe25b6d9e3cb1371f73c717458b056e5080c96e99ee8a18b52,undefined FUN_1817c6cc4(),ghidra,clean,
WHGame.dll,release_1_5_1164953_841,0x17c6d60,308,FUN_1817c6d60,,,e706850c85857efac3d4c990898f4d759bdb38965266c0dc3c8204128aa48b14,undefined FUN_1817c6d60(),ghidra,clean,
WHGame.dll,release_1_5_1164953_841,0x17c6e94,155,FUN_1817c6e94,,,8265b9b9c5e3376d6b6f350bb675a8c321c1c9e9a945fd610530d625c4f04484,undefined FUN_1817c6e94(),ghidra,clean,
WHGame.dll,release_1_5_1164953_841,0x17c6f30,291,FUN_1817c6f30,,,ab35c1b137dabc6ef4c2ff0b8a60307e74bc3f1782f949c8bf849b8eca124c21,undefined FUN_1817c6f30(),ghidra,clean,
WHGame.dll,release_1_5_1164953_841,0x17c7054,155,FUN_1817c7054,,,1e308ea281f4c6f59e9091aed4d1f2b3d402a911e67cdef3dc942dbbbb074135,undefined FUN_1817c7054(),ghidra,clean,
WHGame.dll,release_1_5_1164953_841,0x17c70f0,291,FUN_1817c70f0,,,6df2a35f2fd7c39994011dde839782bb87b65310ba00e33603449a9f15e23e28,undefined FUN_1817c70f0(),ghidra,clean,
WHGame.dll,release_1_5_1164953_841,0x17c7214,76,FUN_1817c7214,,,5bc284a6d0bae5bd43818c8e94556bfee0f513c465033986a6c7e82aab134daf,undefined FUN_1817c7214(),ghidra,clean,
WHGame.dll,release_1_5_1164953_841,0x17c7250,62,FUN_1817c7250,,,76d130ae6e8e204cf24544ba434d3417fc7244d20dbfbfdde1133f7666132205,undefined FUN_1817c7250(),ghidra,clean,
WHGame.dll,release_1_5_1164953_841,0x17c727c,39,FUN_1817c727c,,,9c18c43a24484037bcdb57d817196f8c33dffcb3cd5d8c80943eafe47f3d73e3,undefined FUN_1817c727c(),ghidra,clean,
WHGame.dll,release_1_5_1164953_841,0x17c72a4,34,FUN_1817c72a4,,,05903d7a3f5542bc370c24989efb4016ee27192c2735515f3b3dec653d46130e,undefined FUN_1817c72a4(),ghidra,clean,
WHGame.dll,release_1_5_1164953_841,0x17c72c8,199,FUN_1817c72c8,,,0a06dc75166c18709352e8ebd73ead6662da84983e6be264606c320a5fa8dc8a,undefined FUN_1817c72c8(),ghidra,clean,
WHGame.dll,release_1_5_1164953_841,0x17c7390,34,FUN_1817c7390,,,db174e7b0902f6dca0d2a67ebf109fd136af2b75d8e6b22ca948f7f77791c218,undefined FUN_1817c7390(),ghidra,clean,
WHGame.dll,release_1_5_1164953_841,0x17c73b4,132,FUN_1817c73b4,,,de6d92af45d24b2f026cb376d7536870c2a11b3e1a70aacbab2f31e32f22e4dd,undefined FUN_1817c73b4(),ghidra,clean,
WHGame.dll,release_1_5_1164953_841,0x17c7438,127,FUN_1817c7438,,,f20eca57c845c2a143adca9671c6a8e77f293cecea39c58b6f8421c87e311aa1,undefined FUN_1817c7438(),ghidra,clean,
WHGame.dll,release_1_5_1164953_841,0x17c74b8,296,FUN_1817c74b8,,,924ee61b400f62737023b2aea00c5b77a455ab933d6071788e176eb794e8f1a9,undefined FUN_1817c74b8(),ghidra,clean,
WHGame.dll,release_1_5_1164953_841,0x17c75e4,98,FUN_1817c75e4,,,e08def670ba40f663eb186a9b8cbdbf8bd963cb88bf3260df7ef8036e675db22,undefined FUN_1817c75e4(),ghidra,clean,
WHGame.dll,release_1_5_1164953_841,0x17c7624,11,FUN_1817c7624,,,256dc4f3325842ee5efaf0f4dd5925bcaa5c2db53f8f69342ca30cf96395b1f8,undefined FUN_1817c7624(),ghidra,clean,
WHGame.dll,release_1_5_1164953_841,0x17c7630,54,FUN_1817c7630,,,0ba5b8bcd466ad64d28e5228f1549d3b40a61761894ea158b6728455738223ec,undefined FUN_1817c7630(),ghidra,clean,
WHGame.dll,release_1_5_1164953_841,0x17c7668,117,FUN_1817c7668,,,becbdedd341fe8418f7d679b32fffee37023aead5fd3ccebc2f759cd6a5f388c,undefined FUN_1817c7668(),ghidra,clean,
WHGame.dll,release_1_5_1164953_841,0x17c76e0,8,FUN_1817c76e0,,,cc0128472b900711c8ecdd2a05d8992bf59dddaf96fdb523483d54ad770808ea,undefined FUN_1817c76e0(),ghidra,clean,
WHGame.dll,release_1_5_1164953_841,0x17c76e8,26,FUN_1817c76e8,,,819234953c91d716a341edb10dcca2267107efa13f78881bbca64f4a7a11eeca,undefined FUN_1817c76e8(),ghidra,clean,
WHGame.dll,release_1_5_1164953_841,0x17c7704,155,FUN_1817c7704,,,b66618a559dafa0d96b9193524905dba7a467db4ccbe7190ff8063c87ba36ee6,undefined FUN_1817c7704(),ghidra,clean,
WHGame.dll,release_1_5_1164953_841,0x17c77a0,301,FUN_1817c77a0,,,80b012dea25588f6b5b190031e1842c442e42b17455d9e96afe0c3654d4f612d,undefined FUN_1817c77a0(),ghidra,clean,
WHGame.dll,release_1_5_1164953_841,0x17c78d0,26,FUN_1817c78d0,,,e1b2e5b9657e1f08d5c89e8dd0cb860242448433498857571512466bd0b4d43b,undefined FUN_1817c78d0(),ghidra,clean,
WHGame.dll,release_1_5_1164953_841,0x17c78ec,799,FUN_1817c78ec,,,71e46d533252aaecd868c4af2f5c644119b51c824857f740fede3921f325530f,undefined FUN_1817c78ec(),ghidra,clean,
WHGame.dll,release_1_5_1164953_841,0x17c79f4,155,FUN_1817c79f4,,,53a14ef700e55ddb97893b13f2ac7d0c463a08d5d5c8f0462e351769c2868c3d,undefined FUN_1817c79f4(),ghidra,clean,
WHGame.dll,release_1_5_1164953_841,0x17c7a90,298,FUN_1817c7a90,,,48f0ba1eded130ea3ea9117d8a7f57ca70240431fcc75c2100ab1da72131182a,undefined FUN_1817c7a90(),ghidra,clean,
WHGame.dll,release_1_5_1164953_841,0x17c7bbc,26,FUN_1817c7bbc,,,e1b2e5b9657e1f08d5c89e8dd0cb860242448433498857571512466bd0b4d43b,undefined FUN_1817c7bbc(),ghidra,clean,
WHGame.dll,release_1_5_1164953_841,0x17c7bd8,799,FUN_1817c7bd8,,,bdb7b1d2bd252f0faaf6fde88944a11fe954113dceeb954cfc50fb2c713cc04e,undefined FUN_1817c7bd8(),ghidra,clean,
WHGame.dll,release_1_5_1164953_841,0x17c7ce0,155,FUN_1817c7ce0,,,ef0ff14c19b6c5dccc17c73d72b9688bc17749ac064e83cc4feeb12e4763b8c0,undefined FUN_1817c7ce0(),ghidra,clean,
WHGame.dll,release_1_5_1164953_841,0x17c7d7c,298,FUN_1817c7d7c,,,d322799a250d51d14ad79c7fb19737e3d34162367ef2a532deb37d3acc1e104b,undefined FUN_1817c7d7c(),ghidra,clean,
WHGame.dll,release_1_5_1164953_841,0x17c7ea8,145,FUN_1817c7ea8,,,4e8bec107738068d6c6215ee7d176dc782ba6e58e2a1c2586371b7493b10caaa,undefined FUN_1817c7ea8(),ghidra,clean,
WHGame.dll,release_1_5_1164953_841,0x17c7f58,284,FUN_1817c7f58,,,c720c238851e4e60c4bde1b0d6d05b6d9c6cd2c4afc26fe8b454ba3afe9a0ffe,undefined FUN_1817c7f58(),ghidra,clean,
WHGame.dll,release_1_5_1164953_841,0x17c8068,261,FUN_1817c8068,,,65df9b2bedb302b24ac41a4b6004030700cfbfda44a37c2efe5144897d3d4e1d,undefined FUN_1817c8068(),ghidra,clean,
WHGame.dll,release_1_5_1164953_841,0x17c8164,233,FUN_1817c8164,,,35d0abbbc2f64ee64f29fa34b84f4e021cd54f6adc655385ab8fa8c88f11f516,undefined FUN_1817c8164(),ghidra,clean,
WHGame.dll,release_1_5_1164953_841,0x17c8250,26,FUN_1817c8250,,,819234953c91d716a341edb10dcca2267107efa13f78881bbca64f4a7a11eeca,undefined FUN_1817c8250(),ghidra,clean,
WHGame.dll,release_1_5_1164953_841,0x17c826c,155,FUN_1817c826c,,,bb9e5814cb685c277c43b22f42642aad8f9e33729969ceab484c582e02b74f61,undefined FUN_1817c826c(),ghidra,clean,
WHGame.dll,release_1_5_1164953_841,0x17c8308,301,FUN_1817c8308,,,84d4c20d94db8f9c469ab194d8c892e4a351b1a62055a27ae76a269815446cea,undefined FUN_1817c8308(),ghidra,clean,
WHGame.dll,release_1_5_1164953_841,0x17c8438,188,FUN_1817c8438,,,5b413622e5f1564403545b6030e835ba6e74413d6c3ae911e88cbaf432059626,undefined FUN_1817c8438(),ghidra,clean,
WHGame.dll,release_1_5_1164953_841,0x17c84f4,174,FUN_1817c84f4,,,7b56fe942cba92852b5020b9c1cda381296bbb39191d2711cc8311778df76ca8,undefined FUN_1817c84f4(),ghidra,clean,
WHGame.dll,release_1_5_1164953_841,0x17c85a4,313,FUN_1817c85a4,,,295a55d8edd8b09a357136b176561d095a6273a2d7ddb62e3501eeb3b6a1fe50,undefined FUN_1817c85a4(),ghidra,clean,
WHGame.dll,release_1_5_1164953_841,0x17c86e0,101,FUN_1817c86e0,,,9d668a5c8f8be194699a8e6d2eeb9a7fcf79707d93725847d996308d4a8a55fe,undefined FUN_1817c86e0(),ghidra,clean,
WHGame.dll,release_1_5_1164953_841,0x17c8748,147,FUN_1817c8748,,,9d135d3b4288878176c862aabee3a2c35495704b7dbef7cb7af1ee5d630598b1,undefined FUN_1817c8748(),ghidra,clean,
WHGame.dll,release_1_5_1164953_841,0x17c87b0,74,FUN_1817c87b0,,,84be17fd3824976362e1596d33973d10103bdfe540e899392672d51324b628c1,undefined FUN_1817c87b0(),ghidra,clean,
WHGame.dll,release_1_5_1164953_841,0x17c87fc,177,FUN_1817c87fc,,,e4feb0700ddf6447655c3cbc0d35ba9520476b4f12de7420b2e90196e0ba4cdc,undefined FUN_1817c87fc(),ghidra,clean,
WHGame.dll,release_1_5_1164953_841,0x17c88b0,235,FUN_1817c88b0,,,91441a392a8f2715c743316d394c4fb9356c9a0fbaa2f7f3aa3d105dafdc1ec6,undefined FUN_1817c88b0(),ghidra,clean,
WHGame.dll,release_1_5_1164953_841,0x17c8990,285,FUN_1817c8990,,,fd68b685818d1c63f8c89502351e4350ea8c26669afc94044a977d2dc44af8d2,undefined FUN_1817c8990(),ghidra,clean,
WHGame.dll,release_1_5_1164953_841,0x17c8a30,285,FUN_1817c8a30,,,9f6fae4c65505a1296d799fe5661247ec4f3ae21f200a3ba58725285e99f71a0,undefined FUN_1817c8a30(),ghidra,clean,
WHGame.dll,release_1_5_1164953_841,0x17c8ad0,285,FUN_1817c8ad0,,,8e19bac34d96cedccb72eee3970a4b76d7821f3402c5fe4c7d2db82c81ee8c65,undefined FUN_1817c8ad0(),ghidra,clean,
WHGame.dll,release_1_5_1164953_841,0x17c8b70,285,FUN_1817c8b70,,,f943addc6278b5e552c6f9e3e6a1439ec895c9f8df8c007719c6e56c82b31db2,undefined FUN_1817c8b70(),ghidra,clean,
WHGame.dll,release_1_5_1164953_841,0x17c8c10,285,FUN_1817c8c10,,,75852655d274d47a9d2cad2b3d9ed664ef54f4a444968e70764ed729558a5bac,undefined FUN_1817c8c10(),ghidra,clean,
WHGame.dll,release_1_5_1164953_841,0x17c8cb0,41,FUN_1817c8cb0,,,463c7614147f771cff736ffeeb59f37df120b99891a2ada272fb9bafa8eee8a7,undefined FUN_1817c8cb0(),ghidra,clean,
WHGame.dll,release_1_5_1164953_841,0x17c8cdc,36,FUN_1817c8cdc,,,b89ee19194fd611bb06ad538cafc8fc4218bbad0c40aa3ecb8ccccd1ba339cb4,undefined FUN_1817c8cdc(),ghidra,clean,
WHGame.dll,release_1_5_1164953_841,0x17c8d00,30,FUN_1817c8d00,,,9969d12d0f13d38c24d5a21083dbc1af0c7e6f3f75023b68bedf11339432f43b,undefined FUN_1817c8d00(),ghidra,clean,
WHGame.dll,release_1_5_1164953_841,0x17c8d20,30,FUN_1817c8d20,,,b84f6333fe6ee26ce773a1f3c5035c22a7cbf7cfb379c191b1de4c3d135d6f4c,undefined FUN_1817c8d20(),ghidra,clean,
WHGame.dll,release_1_5_1164953_841,0x17c8d40,8,FUN_1817c8d40,,,95854d4d2c6c239c559035c69cfed80536b1de13682e08e83eb5a79735e73d84,undefined FUN_1817c8d40(),ghidra,clean,
WHGame.dll,release_1_5_1164953_841,0x17c8d48,16,FUN_1817c8d48,,,f016cf71fff4a4b2086fde121dceacc7899b2be0c7dea7d164ac3f65764754a1,undefined FUN_1817c8d48(),ghidra,clean,
WHGame.dll,release_1_5_1164953_841,0x17c8d58,350,FUN_1817c8d58,,,4e1b4711df378d6b0478b450deb2b735cd95008ded404c799bc8352d5caa01dc,undefined FUN_1817c8d58(),ghidra,clean,
WHGame.dll,release_1_5_1164953_841,0x17c8eb8,384,FUN_1817c8eb8,,,2175d99556f4b455df994386bfcb0b5456a2589426fc159b0bd526cacfcc7408,undefined FUN_1817c8eb8(),ghidra,clean,
WHGame.dll,release_1_5_1164953_841,0x17c9038,117,FUN_1817c9038,,,f43ee655c7666c0eaaa4ebddc0a7a429bae4d8b6743c1fa7b6ef5a0d337296a9,undefined FUN_1817c9038(),ghidra,clean,
WHGame.dll,release_1_5_1164953_841,0x17c90b0,91,FUN_1817c90b0,,,3bea59e871e522b7269ebfa2749dbcb3f8e2d4caee6eb42d164e1c2ee1b2d3ff,undefined FUN_1817c90b0(),ghidra,clean,
WHGame.dll,release_1_5_1164953_841,0x17c910c,91,FUN_1817c910c,,,3cee328644ae1901719991f6f7b18ac7ca9603adf39f0d9582c2f75c55811106,undefined FUN_1817c910c(),ghidra,clean,
WHGame.dll,release_1_5_1164953_841,0x17c9168,91,FUN_1817c9168,,,a8a4ed743485d3e7a316132b4c6cde9db16247e49ea8696dffff8aa09e3577f3,undefined FUN_1817c9168(),ghidra,clean,
WHGame.dll,release_1_5_1164953_841,0x17c91c4,155,FUN_1817c91c4,,,81d3ff40b162cf1cab7b5d435d5fcd9049e00ce300a20dd2e7a1b2858bc36af6,undefined FUN_1817c91c4(),ghidra,clean,
WHGame.dll,release_1_5_1164953_841,0x17c9260,291,FUN_1817c9260,,,3852bbf2834702ab6ce6a5dc13b62baf3757b0080fbf46c958eee961d8038eb3,undefined FUN_1817c9260(),ghidra,clean,
WHGame.dll,release_1_5_1164953_841,0x17c9384,290,FUN_1817c9384,,,7adbaf2e1a32709f88e722a4e069a0b56a68d07d7fbf91ec05ccf011799352ad,undefined FUN_1817c9384(),ghidra,clean,
WHGame.dll,release_1_5_1164953_841,0x17c94a8,972,FUN_1817c94a8,,,96733ed2cfaceabda737eaff96f1664fd67228309015144f971fc5870a3cb8f2,undefined FUN_1817c94a8(),ghidra,clean,
WHGame.dll,release_1_5_1164953_841,0x17c9874,106,FUN_1817c9874,,,78b8662f63ac27702df403fc9051a22f5239a91a632d9ef903e2ee326a375b5e,undefined FUN_1817c9874(),ghidra,clean,
WHGame.dll,release_1_5_1164953_841,0x17c98e0,545,FUN_1817c98e0,,,f462e355356191c8337887e04ce1c16f55b464912b2c03f3c80f94ec6b261dc2,undefined FUN_1817c98e0(),ghidra,clean,
WHGame.dll,release_1_5_1164953_841,0x17c9ae0,30,FUN_1817c9ae0,,,e19c29a5abcb82d3ef1076c02e978e7ff9dfd1de0a093e9d214923f9046aba33,undefined FUN_1817c9ae0(),ghidra,clean,
WHGame.dll,release_1_5_1164953_841,0x17c9afe,33,FUN_1817c9afe,,,afbb28ef9ce54f7ea26fe5611d83f2111abe5f8d5bc57dd7d5b3339acbdf8621,undefined FUN_1817c9afe(),ghidra,clean,
WHGame.dll,release_1_5_1164953_841,0x17c9b20,141,FUN_1817c9b20,,,6ee7111b61f176cf73025dd3b6eadfbf303bd011b169005ce523bca084f04d76,undefined FUN_1817c9b20(),ghidra,clean,
WHGame.dll,release_1_5_1164953_841,0x17c9bb0,400,FUN_1817c9bb0,,,26e797c9299946feea8097ab524b238d840a13e3c0633ff0054b9e026e716be2,undefined FUN_1817c9bb0(),ghidra,clean,
WHGame.dll,release_1_5_1164953_841,0x17c9d40,180,FUN_1817c9d40,,,c0cbc8ba82827d6fc8b4b31b2b21f38f09e0b7465cef0b501642f4655fffd991,undefined FUN_1817c9d40(),ghidra,clean,
WHGame.dll,release_1_5_1164953_841,0x17c9df4,180,FUN_1817c9df4,,,586b520a09611fdd3e0df741f5c50a9c1670ac4496a370ac11594f76a01ec9a6,undefined FUN_1817c9df4(),ghidra,clean,
WHGame.dll,release_1_5_1164953_841,0x17c9ea8,180,FUN_1817c9ea8,,,7aed44f66f1126cb4ef7ca63c8096504bb5975854b1241bffde446cfd6e3640e,undefined FUN_1817c9ea8(),ghidra,clean,
WHGame.dll,release_1_5_1164953_841,0x17c9f5c,180,FUN_1817c9f5c,,,037993f9fbc722046c2a9a42c9f051ac10b31998cd488d49f62020fb9f5393e1,undefined FUN_1817c9f5c(),ghidra,clean,
WHGame.dll,release_1_5_1164953_841,0x17ca010,180,FUN_1817ca010,,,b4f3bc7c26e45170f148e1f26958c66ab9696bb7eb3806e296eba64c1edb2910,undefined FUN_1817ca010(),ghidra,clean,
WHGame.dll,release_1_5_1164953_841,0x17ca0c4,180,FUN_1817ca0c4,,,9b1d4e42dd4c7284016d74c67b51a556f076699da6491c0cfe7d65e8c27ef667,undefined FUN_1817ca0c4(),ghidra,clean,
WHGame.dll,release_1_5_1164953_841,0x17ca178,180,FUN_1817ca178,,,3f604676a559af5f0cb681c99a6a2f0429282a580d34ad9cb37551de6d81b3a5,undefined FUN_1817ca178(),ghidra,clean,
WHGame.dll,release_1_5_1164953_841,0x17ca22c,180,FUN_1817ca22c,,,bb8fb5ad9b2e460d7a4d585b2570c58efc5f871f7662f1cd9dcff66855c4d114,undefined FUN_1817ca22c(),ghidra,clean,
WHGame.dll,release_1_5_1164953_841,0x17ca2e0,204,FUN_1817ca2e0,,,ba5e67cd5c8226550236060f2db49b269b80bb33e2c67e5fca4b26b423894d0d,undefined FUN_1817ca2e0(),ghidra,clean,
WHGame.dll,release_1_5_1164953_841,0x17ca38c,151,FUN_1817ca38c,,,ecc0ba2c3b07183ce70d7df724069f64881a39589f0518b9bcd8614abbb53180,undefined FUN_1817ca38c(),ghidra,clean,
WHGame.dll,release_1_5_1164953_841,0x17ca424,151,FUN_1817ca424,,,f40532f3e33e012168dd5eeddcb8a74701320b073eabd1709d2a1adb95a78a69,undefined FUN_1817ca424(),ghidra,clean,
WHGame.dll,release_1_5_1164953_841,0x17ca4bc,204,FUN_1817ca4bc,,,3f0c3c3158db77ad12337e0773f0fd4330a0b28e61c7dfd79c4922f20374c2e4,undefined FUN_1817ca4bc(),ghidra,clean,
WHGame.dll,release_1_5_1164953_841,0x17ca568,151,FUN_1817ca568,,,c50151041599a25f114e3d8205a4cf31a22183e6ddcdfeff94c551e1f59b1af9,undefined FUN_1817ca568(),ghidra,clean,
WHGame.dll,release_1_5_1164953_841,0x17ca600,204,FUN_1817ca600,,,daa320b9622e07034248d4baabd621c4120a895cba6800a2ed2d32d170a479eb,undefined FUN_1817ca600(),ghidra,clean,
WHGame.dll,release_1_5_1164953_841,0x17ca6ac,151,FUN_1817ca6ac,,,1c841142fc491376481e76ccf41e32ece2287b46c1cabc35031306b2febab0e1,undefined FUN_1817ca6ac(),ghidra,clean,
WHGame.dll,release_1_5_1164953_841,0x17ca744,151,FUN_1817ca744,,,66d589c9d3d309cb2906f0781cdcc13eaec4e5ec9bfd250e72fa849244e3a679,undefined FUN_1817ca744(),ghidra,clean,
WHGame.dll,release_1_5_1164953_841,0x17ca7dc,200,FUN_1817ca7dc,,,f948a1bb65e6183e8529e35de80367b4ff24d4a1deaeb058e76284cc47aa2026,undefined FUN_1817ca7dc(),ghidra,clean,
WHGame.dll,release_1_5_1164953_841,0x17ca884,151,FUN_1817ca884,,,2d0c29725199004062f53d4635f66b6bc59fd11029d7366d2d6582923b032294,undefined FUN_1817ca884(),ghidra,clean,
WHGame.dll,release_1_5_1164953_841,0x17ca91c,97,FUN_1817ca91c,,,52fdbe4ef93fe8911262e67978390701a8569cda8e4f0a63f7fd4c5058bb754f,undefined FUN_1817ca91c(),ghidra,clean,
WHGame.dll,release_1_5_1164953_841,0x17ca980,205,FUN_1817ca980,,,a68e7f486090f95ebf74933d150c78f152f44488f48df377688de5bcc25abb47,undefined FUN_1817ca980(),ghidra,clean,
WHGame.dll,release_1_5_1164953_841,0x17caa50,155,FUN_1817caa50,,,5220f1ac84002ff7f858356f7d472454e0d6558f2acb80664a2240a9dfcea074,undefined FUN_1817caa50(),ghidra,clean,
WHGame.dll,release_1_5_1164953_841,0x17caaec,291,FUN_1817caaec,,,f6e5ba5cc007906e7162efe82cc1489cfbac3b0fe25f2da410e85876872dc6d9,undefined FUN_1817caaec(),ghidra,clean,
WHGame.dll,release_1_5_1164953_841,0x17cac10,122,FUN_1817cac10,,,cefe86cefab9e1cb20a41bcba21b5f7988a28fd64dad1f03f2813e396f500827,undefined FUN_1817cac10(),ghidra,clean,
WHGame.dll,release_1_5_1164953_841,0x17cac8c,62,FUN_1817cac8c,,,d368dcc5feb37b3658b0f2f3d3cb7f627b5ada395f5d00d2913ab5e75c71f523,undefined FUN_1817cac8c(),ghidra,clean,
WHGame.dll,release_1_5_1164953_841,0x17cacb8,43,FUN_1817cacb8,,,2d277ae1845297bf46217f5b39325fae70a174a55a0b82a778736788320a637b,undefined FUN_1817cacb8(),ghidra,clean,
WHGame.dll,release_1_5_1164953_841,0x17cacf0,281,FUN_1817cacf0,,,c374514215ca1d5391d644c562ea33ce1f0a6c45e19b271bf26b4553a4e4e3f1,undefined FUN_1817cacf0(),ghidra,clean,
WHGame.dll,release_1_5_1164953_841,0x17cae0c,155,FUN_1817cae0c,,,778fdced5e5ff8c9b8adff44348fc8f3e09dc13b30e3e7dbcc4d3f8aaec725c8,undefined FUN_1817cae0c(),ghidra,clean,
WHGame.dll,release_1_5_1164953_841,0x17caea8,291,FUN_1817caea8,,,4bae7cc320876f5ef755f67f8566a4243dd2811c0ac907efc8acbf162da1854c,undefined FUN_1817caea8(),ghidra,clean,
WHGame.dll,release_1_5_1164953_841,0x17cafcc,155,FUN_1817cafcc,,,9fbd565cac42b91c585b4ce1a7cb184dd6ac3247f7d5338cf5d0ebad54373ea0,undefined FUN_1817cafcc(),ghidra,clean,
WHGame.dll,release_1_5_1164953_841,0x17cb068,291,FUN_1817cb068,,,c47721a86db8b6bfad39fb9a22413531fb97830f78dcba55939537eb6d6fc29d,undefined FUN_1817cb068(),ghidra,clean,
WHGame.dll,release_1_5_1164953_841,0x17cb18c,173,FUN_1817cb18c,,,872b7ebc45b3df24f70a9f4804321501938141f33d5dbf07adc862fe310900cc,undefined FUN_1817cb18c(),ghidra,clean,
WHGame.dll,release_1_5_1164953_841,0x17cb1e4,85,FUN_1817cb1e4,,,2e17106bd0ff3ef621b4f308c1f9cd88ca7149fc77e810838d8b2dc3c4239028,undefined FUN_1817cb1e4(),ghidra,clean,
WHGame.dll,release_1_5_1164953_841,0x17cb23c,60,FUN_1817cb23c,,,8874a410e4b4a16b50012f3e7d4e7897209219cf2c7e2ed89221d1b2bc539786,undefined FUN_1817cb23c(),ghidra,clean,
WHGame.dll,release_1_5_1164953_841,0x17cb278,220,FUN_1817cb278,,,68bc85146755d9a6332a1e6dee30e985186af0158642dcdcdd03817c2e55b549,undefined FUN_1817cb278(),ghidra,clean,
WHGame.dll,release_1_5_1164953_841,0x17cb354,27,FUN_1817cb354,,,6ba7b20440c5a0759ec41aa2423e4256a1e04b0b4c7fe3717388dabe42f603e5,undefined FUN_1817cb354(),ghidra,clean,
WHGame.dll,release_1_5_1164953_841,0x17cb370,676,FUN_1817cb370,,,873c4143c02f351cc1240ff21182e3a23b5b1256e278fe5fda94d2ebf7fe68cd,undefined FUN_1817cb370(),ghidra,clean,
WHGame.dll,release_1_5_1164953_841,0x17cb614,155,FUN_1817cb614,,,995d4357814f3bc517e45c713a31f752bbcaf845006e29f89c95ef6cd7744634,undefined FUN_1817cb614(),ghidra,clean,
WHGame.dll,release_1_5_1164953_841,0x17cb6b0,291,FUN_1817cb6b0,,,32b4f24d34c2c120bb5f2249c882318c829098286604f2e684158b088892d56b,undefined FUN_1817cb6b0(),ghidra,clean,
WHGame.dll,release_1_5_1164953_841,0x17cb7d4,78,FUN_1817cb7d4,,,c7cd711854454cae115f328a8b5e7e86fd3006ebffe18a32ccfeef203b2adfd2,undefined FUN_1817cb7d4(),ghidra,clean,
WHGame.dll,release_1_5_1164953_841,0x17cb824,150,FUN_1817cb824,,,7d5db2f67fcaf4596533ce540321c8664121b422181cd8b0b0b9e1a91d234305,undefined FUN_1817cb824(),ghidra,clean,
WHGame.dll,release_1_5_1164953_841,0x17cb8bc,183,FUN_1817cb8bc,,,4f8b69cc195ddd365887604f2dacde21996a00d77da3d7076eaaea7e59a0e608,undefined FUN_1817cb8bc(),ghidra,clean,
WHGame.dll,release_1_5_1164953_841,0x17cb974,186,FUN_1817cb974,,,b1eb03480f0b0698b00ed5c45b390d2475cc8e16ffa78c5e6c6015f0dc36bbed,undefined FUN_1817cb974(),ghidra,clean,
WHGame.dll,release_1_5_1164953_841,0x17cba04,132,FUN_1817cba04,,,f47ae0743bf6d70b3c77312e01584f511033f5fbecb490f9991ac812fba982ee,undefined FUN_1817cba04(),ghidra,clean,
WHGame.dll,release_1_5_1164953_841,0x17cba4c,66,FUN_1817cba4c,,,55a00562294aba10f0b42a0c3e224487965808b9fa1fbfac34048aebda5d5e33,undefined FUN_1817cba4c(),ghidra,clean,
WHGame.dll,release_1_5_1164953_841,0x17cba80,71,FUN_1817cba80,,,da68a0992798dfccf996ed87b260547804dc14030df18a53105849c465366b62,undefined FUN_1817cba80(),ghidra,clean,
WHGame.dll,release_1_5_1164953_841,0x17cba98,958,FUN_1817cba98,,,8dfb5dc6cb3bfe4ec7ce7d4f2d1e1dc2421b408c61b8331e1cc03b08cc346fbc,undefined FUN_1817cba98(),ghidra,clean,
WHGame.dll,release_1_5_1164953_841,0x17cbe58,23,FUN_1817cbe58,,,0c9851279c50048842f097073bc3dc49c43b467a042586d3f2b91d272b316ff7,undefined FUN_1817cbe58(),ghidra,clean,
WHGame.dll,release_1_5_1164953_841,0x17cbe70,26,FUN_1817cbe70,,,819234953c91d716a341edb10dcca2267107efa13f78881bbca64f4a7a11eeca,undefined FUN_1817cbe70(),ghidra,clean,
WHGame.dll,release_1_5_1164953_841,0x17cbe8c,155,FUN_1817cbe8c,,,3e756c784b7777f4e2f7dbf9c44175698ee54838d8aac2c94804bdad8cf7482e,undefined FUN_1817cbe8c(),ghidra,clean,
WHGame.dll,release_1_5_1164953_841,0x17cbf28,304,FUN_1817cbf28,,,aba7ff6d076a911385ba53c18d46fcb684c9cadaa86d955852b3c877172dae5c,undefined FUN_1817cbf28(),ghidra,clean,
WHGame.dll,release_1_5_1164953_841,0x17cc058,155,FUN_1817cc058,,,847f8bcb9d70f6a1ff09557311b04682b17398a24119d420f630567e85bb6ef8,undefined FUN_1817cc058(),ghidra,clean,
WHGame.dll,release_1_5_1164953_841,0x17cc0f4,298,FUN_1817cc0f4,,,0f06b23137cdbb45094e56100e605c29319ff54e27353a09e7c7dbef07ae7caf,undefined FUN_1817cc0f4(),ghidra,clean,
WHGame.dll,release_1_5_1164953_841,0x17cc220,155,FUN_1817cc220,,,afadb87959496b9767b4001bfe4db4953de481114dc919801d6c697adbeb68ce,undefined FUN_1817cc220(),ghidra,clean,
WHGame.dll,release_1_5_1164953_841,0x17cc2bc,291,FUN_1817cc2bc,,,2ee16ff5e19420ca9046bbde6dbeb7d9b99031fb7fe55dd31b704f2dc1c32bec,undefined FUN_1817cc2bc(),ghidra,clean,
WHGame.dll,release_1_5_1164953_841,0x17cc3e0,26,FUN_1817cc3e0,,,819234953c91d716a341edb10dcca2267107efa13f78881bbca64f4a7a11eeca,undefined FUN_1817cc3e0(),ghidra,clean,
WHGame.dll,release_1_5_1164953_841,0x17cc3fc,155,FUN_1817cc3fc,,,208325ddbd33e43f5b0ad7fb318b90467dc3dbbd86f8a2191f6b23fc7709c93a,undefined FUN_1817cc3fc(),ghidra,clean,
WHGame.dll,release_1_5_1164953_841,0x17cc498,291,FUN_1817cc498,,,8284ae9f618716a1e12b546ff0c6f77f2801ed30abd2a77c02ede1878ad6384d,undefined FUN_1817cc498(),ghidra,clean,
WHGame.dll,release_1_5_1164953_841,0x17cc5bc,26,FUN_1817cc5bc,,,819234953c91d716a341edb10dcca2267107efa13f78881bbca64f4a7a11eeca,undefined FUN_1817cc5bc(),ghidra,clean,
WHGame.dll,release_1_5_1164953_841,0x17cc5d8,155,FUN_1817cc5d8,,,6f52d6a4f26bb47e5509462f9d0c7f92ce4f4b4efbf35407193f707a735796e3,undefined FUN_1817cc5d8(),ghidra,clean,
WHGame.dll,release_1_5_1164953_841,0x17cc674,291,FUN_1817cc674,,,b76b1f0248517664719ee59eae831e1bfe47a1bb75cedb7afd7695ddc01e0876,undefined FUN_1817cc674(),ghidra,clean,
WHGame.dll,release_1_5_1164953_841,0x17cc798,26,FUN_1817cc798,,,819234953c91d716a341edb10dcca2267107efa13f78881bbca64f4a7a11eeca,undefined FUN_1817cc798(),ghidra,clean,
WHGame.dll,release_1_5_1164953_841,0x17cc7b4,155,FUN_1817cc7b4,,,2c1cafcdbded53eaeb7f9882d0b72e9f01d73ad07ac864356ff0d620dd6eb0af,undefined FUN_1817cc7b4(),ghidra,clean,
WHGame.dll,release_1_5_1164953_841,0x17cc850,291,FUN_1817cc850,,,144c068cdaf0a69d02cf60a62a47c661effd33f9791b3badbdf1461b86c3dbbc,undefined FUN_1817cc850(),ghidra,clean,
WHGame.dll,release_1_5_1164953_841,0x17cc974,26,FUN_1817cc974,,,819234953c91d716a341edb10dcca2267107efa13f78881bbca64f4a7a11eeca,undefined FUN_1817cc974(),ghidra,clean,
WHGame.dll,release_1_5_1164953_841,0x17cc990,155,FUN_1817cc990,,,030f24eb1891c2238a87fdc5d9754b8c82ba1a70a300b8716a7540e2fdd12034,undefined FUN_1817cc990(),ghidra,clean,
WHGame.dll,release_1_5_1164953_841,0x17cca2c,291,FUN_1817cca2c,,,53b6eb579892a3a3e23c57954ae22d32fadd0e340d473f1c8e4eaa2775a839a6,undefined FUN_1817cca2c(),ghidra,clean,
WHGame.dll,release_1_5_1164953_841,0x17ccb50,26,FUN_1817ccb50,,,819234953c91d716a341edb10dcca2267107efa13f78881bbca64f4a7a11eeca,undefined FUN_1817ccb50(),ghidra,clean,
WHGame.dll,release_1_5_1164953_841,0x17ccb6c,155,FUN_1817ccb6c,,,e3d7f0f8552739e96ccf3d7cb4f59c9c1599cf4590268d44926747d3287084b2,undefined FUN_1817ccb6c(),ghidra,clean,
WHGame.dll,release_1_5_1164953_841,0x17ccc08,291,FUN_1817ccc08,,,b1ed8a6ba46279fdd79cdff0251feaa56a084d819568feb3e2521c6183ad4242,undefined FUN_1817ccc08(),ghidra,clean,
WHGame.dll,release_1_5_1164953_841,0x17ccd2c,26,FUN_1817ccd2c,,,819234953c91d716a341edb10dcca2267107efa13f78881bbca64f4a7a11eeca,undefined FUN_1817ccd2c(),ghidra,clean,
WHGame.dll,release_1_5_1164953_841,0x17ccd48,155,FUN_1817ccd48,,,1ebb5a455d255593b62731556b05c09cc2e6e8a68459e6292bcdb115e2a18ac0,undefined FUN_1817ccd48(),ghidra,clean,
WHGame.dll,release_1_5_1164953_841,0x17ccde4,291,FUN_1817ccde4,,,cabff90d9918f207dbdedb763021252d22b5c163a5993f6712d2f722ba6cfe84,undefined FUN_1817ccde4(),ghidra,clean,
WHGame.dll,release_1_5_1164953_841,0x17ccf08,26,FUN_1817ccf08,,,819234953c91d716a341edb10dcca2267107efa13f78881bbca64f4a7a11eeca,undefined FUN_1817ccf08(),ghidra,clean,
WHGame.dll,release_1_5_1164953_841,0x17ccf24,155,FUN_1817ccf24,,,896f448b81940e7de8037eb508a678bad3387e5cbc372e19c82c2ec076caae0b,undefined FUN_1817ccf24(),ghidra,clean,
WHGame.dll,release_1_5_1164953_841,0x17ccfc0,291,FUN_1817ccfc0,,,a05ea30f2e5dc96146bbef32949ffc815b1c2e393af3e661dcf8d0cd068df66a,undefined FUN_1817ccfc0(),ghidra,clean,
WHGame.dll,release_1_5_1164953_841,0x17cd0e4,26,FUN_1817cd0e4,,,819234953c91d716a341edb10dcca2267107efa13f78881bbca64f4a7a11eeca,undefined FUN_1817cd0e4(),ghidra,clean,
WHGame.dll,release_1_5_1164953_841,0x17cd100,155,FUN_1817cd100,,,08b564e3e3f552d4f36f49b03136c64a8779758d9eb3412a58d32d1005c18e19,undefined FUN_1817cd100(),ghidra,clean,
WHGame.dll,release_1_5_1164953_841,0x17cd19c,291,FUN_1817cd19c,,,f7fa6e6e1c8e0eaf8989ac17bf369c74280c0b4f4a6adeef5217a9bd303e3e8c,undefined FUN_1817cd19c(),ghidra,clean,
WHGame.dll,release_1_5_1164953_841,0x17cd2c0,184,FUN_1817cd2c0,,,7bc5bd98d7ed8242243240c2c14a0ba4397817ffba16dd79b7bc2d49a67dc9fb,undefined FUN_1817cd2c0(),ghidra,clean,
WHGame.dll,release_1_5_1164953_841,0x17cd378,234,FUN_1817cd378,,,e7f077e387163ca62088060e0c85e9d6c75c9ee3043b9830467fa7d1a2932ef1,undefined FUN_1817cd378(),ghidra,clean,
WHGame.dll,release_1_5_1164953_841,0x17cd464,26,FUN_1817cd464,,,819234953c91d716a341edb10dcca2267107efa13f78881bbca64f4a7a11eeca,undefined FUN_1817cd464(),ghidra,clean,
WHGame.dll,release_1_5_1164953_841,0x17cd480,155,FUN_1817cd480,,,3bbad21d4b1bd87866ac9304c7ff8326b8602263d71d3b1a110322384acb906b,undefined FUN_1817cd480(),ghidra,clean,
WHGame.dll,release_1_5_1164953_841,0x17cd51c,291,FUN_1817cd51c,,,28665d345931fe1ce6003f3c59042d2e5e69adf2b9561bcece12f123028ce372,undefined FUN_1817cd51c(),ghidra,clean,
WHGame.dll,release_1_5_1164953_841,0x17cd640,204,FUN_1817cd640,,,d35dc8d5e3f349dcec6621a67af0e7a74325262045599d481f49d11eb9c5b73c,undefined FUN_1817cd640(),ghidra,clean,
WHGame.dll,release_1_5_1164953_841,0x17cd6ec,151,FUN_1817cd6ec,,,cdbcde085f0c2750034ffffc38b823ae3117ee3b0b4b8dba1bd43673053d5ba0,undefined FUN_1817cd6ec(),ghidra,clean,
WHGame.dll,release_1_5_1164953_841,0x17cd784,151,FUN_1817cd784,,,7f4d4709fb09e21d754a512ab4257c4492be18fc40ab21f4dbb3aa5201402bd1,undefined FUN_1817cd784(),ghidra,clean,
WHGame.dll,release_1_5_1164953_841,0x17cd81c,204,FUN_1817cd81c,,,5bde7f27d9fbef4c931abd6c03bcc9a03f2d54f5c8813e25e017c6c1b5777eb8,undefined FUN_1817cd81c(),ghidra,clean,
WHGame.dll,release_1_5_1164953_841,0x17cd8c8,151,FUN_1817cd8c8,,,d7bc46cacc2782f219ff790a86d13db89e4cab7f92b12d6bd6cbd295dc768a4c,undefined FUN_1817cd8c8(),ghidra,clean,
WHGame.dll,release_1_5_1164953_841,0x17cd960,151,FUN_1817cd960,,,29f5df9f54c2f52e0238eb784ab8f6eac5527fd4ee63562988adc41ea1658229,undefined FUN_1817cd960(),ghidra,clean,
WHGame.dll,release_1_5_1164953_841,0x17cd9f8,200,FUN_1817cd9f8,,,d7a69f0c27e7f1cbfdce3752c5d3f5019ec3b7f3d86393c8bddf6214f960dcbc,undefined FUN_1817cd9f8(),ghidra,clean,
WHGame.dll,release_1_5_1164953_841,0x17cdaa0,151,FUN_1817cdaa0,,,3233664aa6694540e7a5f5bb369b843b11981687b3239081c217496d50985849,undefined FUN_1817cdaa0(),ghidra,clean,
WHGame.dll,release_1_5_1164953_841,0x17cdb38,151,FUN_1817cdb38,,,19d56606273aad1faf1b632d86ab2fde922506eee7463126932b9069bca2c444,undefined FUN_1817cdb38(),ghidra,clean,
WHGame.dll,release_1_5_1164953_841,0x17cdbd0,300,FUN_1817cdbd0,,,d6b6d589cd1c70644720aef8b5308a8b58f74542d68c42eb5ea4b0977e58ada0,undefined FUN_1817cdbd0(),ghidra,clean,
WHGame.dll,release_1_5_1164953_841,0x17cdc68,153,FUN_1817cdc68,,,798e979dca78081ec0debdc1166ea5776b9e895f51c8f4cb37ae1e1ef3809712,undefined FUN_1817cdc68(),ghidra,clean,
WHGame.dll,release_1_5_1164953_841,0x17cdd04,13,FUN_1817cdd04,,,2ded187e02b968f83652cff1747c1afb43e39b35bee48233814e3220ae56148a,undefined FUN_1817cdd04(),ghidra,clean,
WHGame.dll,release_1_5_1164953_841,0x17cdd14,250,FUN_1817cdd14,,,b0acb0675313f53968e25a268e7e75b33757efdc69a3e7b0ffd8401d51da5429,undefined FUN_1817cdd14(),ghidra,clean,
WHGame.dll,release_1_5_1164953_841,0x17cde10,226,FUN_1817cde10,,,8c5ce1327a5d4c7d55308375fa0176a14a4bc047edabc4fe7983516c01f2ec57,undefined FUN_1817cde10(),ghidra,clean,
WHGame.dll,release_1_5_1164953_841,0x17cdef4,105,FUN_1817cdef4,,,6462407fab8e702ae17bd4c7de8a5cc66dd316d52e51e9c865485810372ecd08,undefined FUN_1817cdef4(),ghidra,clean,
WHGame.dll,release_1_5_1164953_841,0x17cdf60,212,FUN_1817cdf60,,,4352ba8162523f9b59bcc8ba5202daa60e921993f2e6999083eecce9ee255daf,undefined FUN_1817cdf60(),ghidra,clean,
WHGame.dll,release_1_5_1164953_841,0x17ce038,519,FUN_1817ce038,,,fe707304837afa70c19f6f1921509061980475ce46ed50ad28f004194781dd55,undefined FUN_1817ce038(),ghidra,clean,
WHGame.dll,release_1_5_1164953_841,0x17ce1c4,79,FUN_1817ce1c4,,,8b9fc7c9f6599292d1c2d131ca363ffa7e27bba188bfca0c29992443e98bd530,undefined FUN_1817ce1c4(),ghidra,clean,
WHGame.dll,release_1_5_1164953_841,0x17ce214,180,FUN_1817ce214,,,51ffe9377744856cc6b7f874601bcabbab7b66e11a9624fb5e9a634ad57f9123,undefined FUN_1817ce214(),ghidra,clean,
WHGame.dll,release_1_5_1164953_841,0x17ce2c8,180,FUN_1817ce2c8,,,703e7efcb771f7b5728965f94c0a8210c9bdbf4a84de33c221266924d854a578,undefined FUN_1817ce2c8(),ghidra,clean,
WHGame.dll,release_1_5_1164953_841,0x17ce37c,190,FUN_1817ce37c,,,d8a29c942ffa7b9869a56c1707a2272d0d27d90205ace5c6b4c01c8fe0dbd074,undefined FUN_1817ce37c(),ghidra,clean,
WHGame.dll,release_1_5_1164953_841,0x17ce43c,190,FUN_1817ce43c,,,ed0764182a6c707d9cdcd798bed0326291f12582fb1d2e2197b925b0dbc5fc1a,undefined FUN_1817ce43c(),ghidra,clean,
WHGame.dll,release_1_5_1164953_841,0x17ce4fc,77,FUN_1817ce4fc,,,f1c5eb67e93ffbc742ea4fec6790e620559bcf5e345f96975cd5291274cd1472,undefined FUN_1817ce4fc(),ghidra,clean,
WHGame.dll,release_1_5_1164953_841,0x17ce52c,364,FUN_1817ce52c,,,5cce0f67bcb4ffb78f5ffe59aad22b277844746284eb8058afa34a78e80004b1,undefined FUN_1817ce52c(),ghidra,clean,
WHGame.dll,release_1_5_1164953_841,0x17ce698,373,FUN_1817ce698,,,d439636b8f14f5a4b13fc7fe9d1e33d6a4aec0ee20fa16283355d57391ff94de,undefined FUN_1817ce698(),ghidra,clean,
WHGame.dll,release_1_5_1164953_841,0x17ce810,81,FUN_1817ce810,,,4f512420e3f67c94a8f8789aa5fb783a35a1a3a6a5b47dfbcd1f6430764eeb6b,undefined FUN_1817ce810(),ghidra,clean,
WHGame.dll,release_1_5_1164953_841,0x17ce844,5,thunk_FUN_1817ce84c,,,b0d40b133b9394d93820ac0104b0065121d2d73df32c7bfb4e4cf5d805a8b103,undefined thunk_FUN_1817ce84c(),ghidra,clean,
WHGame.dll,release_1_5_1164953_841,0x17ce84c,103,FUN_1817ce84c,,,af8be9e8acbe7513bddedd7797ac8ecf503d155f8cab2230b39c8f7c1bf5106a,undefined FUN_1817ce84c(),ghidra,clean,
WHGame.dll,release_1_5_1164953_841,0x17ce8b4,95,FUN_1817ce8b4,,,39eee60bc13deb80f5206b7defcf16740505079c3ba15470e185dd942e6d0132,undefined FUN_1817ce8b4(),ghidra,clean,
WHGame.dll,release_1_5_1164953_841,0x17ce914,201,FUN_1817ce914,,,bd85a492ff6d6cb3996f956022324b37b7c6b0ecdaf6df5a575cb401f1628f00,undefined FUN_1817ce914(),ghidra,clean,
WHGame.dll,release_1_5_1164953_841,0x17ce9c0,53,FUN_1817ce9c0,,,afe439956b0272d677df629711eb288e9d7f6a42614ae6cd45eab6b62ed6c05a,undefined FUN_1817ce9c0(),ghidra,clean,
WHGame.dll,release_1_5_1164953_841,0x17ce9f8,417,FUN_1817ce9f8,,,d1105cc963d2185d48f770bcb00d9db44a3da977bb93127e768d11f4d83325d2,undefined FUN_1817ce9f8(),ghidra,clean,
WHGame.dll,release_1_5_1164953_841,0x17ceb18,40,FUN_1817ceb18,,,34d947dd5e81b2cc7a7ab092e201f67396c4e8e0e7d4f70d9ddff53bf11a4398,undefined FUN_1817ceb18(),ghidra,clean,
WHGame.dll,release_1_5_1164953_841,0x17ceb40,42,FUN_1817ceb40,,,4259391812aeff6b7172e939ecb17c05f831a761d7c7aee707c4537e78f23177,undefined FUN_1817ceb40(),ghidra,clean,
WHGame.dll,release_1_5_1164953_841,0x17ceb6c,83,FUN_1817ceb6c,,,0114142d1d60dcd7bab62bc36d56ed13d9d74d59a13b2ca60447c3ad749a7af1,undefined FUN_1817ceb6c(),ghidra,clean,
WHGame.dll,release_1_5_1164953_841,0x17cebc0,86,FUN_1817cebc0,,,e62bdb910554367f653407e5389b3205ca9da35dd967e66a52a5ba22b0981910,undefined FUN_1817cebc0(),ghidra,clean,
WHGame.dll,release_1_5_1164953_841,0x17cec18,85,FUN_1817cec18,,,2dc662efe82d176e1a8655fe58441d12fcc5b719f9ef4150eca767f325ef03be,undefined FUN_1817cec18(),ghidra,clean,
WHGame.dll,release_1_5_1164953_841,0x17cec4c,86,FUN_1817cec4c,,,b6742ccdfb9ca1fab198595919b6fa3214ec1c91abeeb0108e492cdd4b487b6a,undefined FUN_1817cec4c(),ghidra,clean,
WHGame.dll,release_1_5_1164953_841,0x17ceca4,86,FUN_1817ceca4,,,ee7da1fe6e23eecf04caf11e40dbca8c0b4c2bf8790946ffb7ccfaf99e8af6fe,undefined FUN_1817ceca4(),ghidra,clean,
WHGame.dll,release_1_5_1164953_841,0x17cecfc,85,FUN_1817cecfc,,,a5cb822ba1bbcdd1c928e709533cad81ad4fa43f0369496ed510bf262e93e218,undefined FUN_1817cecfc(),ghidra,clean,
WHGame.dll,release_1_5_1164953_841,0x17ced30,86,FUN_1817ced30,,,ae67cb32549aa2d037f336776812dca026121b8c239a802ca7102e32c47720a1,undefined FUN_1817ced30(),ghidra,clean,
WHGame.dll,release_1_5_1164953_841,0x17ced88,86,FUN_1817ced88,,,7f9030839d76f7c51e3626d679e7b4c6074e2d455b48f2c8e570e906fa7b9bca,undefined FUN_1817ced88(),ghidra,clean,
WHGame.dll,release_1_5_1164953_841,0x17cede0,85,FUN_1817cede0,,,e16144108eb579cb04cf0825798328ffc189b30a193e16873fd4dab9bb270539,undefined FUN_1817cede0(),ghidra,clean,
WHGame.dll,release_1_5_1164953_841,0x17cee14,80,FUN_1817cee14,,,279ffa969ba532522bf0c27c1cf7982aef6929cb6158a5bfd5ed3d4b84fef48e,undefined FUN_1817cee14(),ghidra,clean,
WHGame.dll,release_1_5_1164953_841,0x17cee64,80,FUN_1817cee64,,,4fca9848b0606659ab97a6610fee54168e3c3275afdd0c437921ea678b7919e6,undefined FUN_1817cee64(),ghidra,clean,
WHGame.dll,release_1_5_1164953_841,0x17ceeb4,80,FUN_1817ceeb4,,,12d9e9cfca14856557a17e0afd7865d5b3561f0358d62b4968334cf328b42ed4,undefined FUN_1817ceeb4(),ghidra,clean,
WHGame.dll,release_1_5_1164953_841,0x17cef04,80,FUN_1817cef04,,,c471225536a6ce0f3d422c89cc169b22d56b954365e24d775f2385f6bbc20647,undefined FUN_1817cef04(),ghidra,clean,
WHGame.dll,release_1_5_1164953_841,0x17cef54,80,FUN_1817cef54,,,eb248ba152421af2405a1313eadcaeece37c07dc4018c8ffc3ac6dd78a3255b1,undefined FUN_1817cef54(),ghidra,clean,
WHGame.dll,release_1_5_1164953_841,0x17cefa4,80,FUN_1817cefa4,,,2c311ad472400bf8ac48460697bdbc911418353e5560f96397044a1cd3edbcb8,undefined FUN_1817cefa4(),ghidra,clean,
WHGame.dll,release_1_5_1164953_841,0x17ceff4,85,FUN_1817ceff4,,,981f96cd23b6d65af45d4ed8b553d7640c2abec2de9bfa11dbd22b21ecfa24f0,undefined FUN_1817ceff4(),ghidra,clean,
WHGame.dll,release_1_5_1164953_841,0x17cf028,80,FUN_1817cf028,,,6e63f9a635c90cedf99ed431300f7b211a3302c87777d115539efcaff46a030a,undefined FUN_1817cf028(),ghidra,clean,
WHGame.dll,release_1_5_1164953_841,0x17cf078,80,FUN_1817cf078,,,4a6db5f2141a1d87333a811481383711632c59238a7e393d8f0a8e77aac33836,undefined FUN_1817cf078(),ghidra,clean,
WHGame.dll,release_1_5_1164953_841,0x17cf0c8,80,FUN_1817cf0c8,,,54ed70cbdb9e0ed93903154ad32430c53d7cbe2c33f8a6a2aca041fb95472f1b,undefined FUN_1817cf0c8(),ghidra,clean,
WHGame.dll,release_1_5_1164953_841,0x17cf118,80,FUN_1817cf118,,,7e140ef518117c478d88ae6506dedbd029b8c26574bd9f02ade29d2b658c24b5,undefined FUN_1817cf118(),ghidra,clean,
WHGame.dll,release_1_5_1164953_841,0x17cf168,85,FUN_1817cf168,,,2360a97cde720eb3e1cbce05768141144a5f33eb1cad2f7744a57b269bea9ff8,undefined FUN_1817cf168(),ghidra,clean,
WHGame.dll,release_1_5_1164953_841,0x17cf19c,213,FUN_1817cf19c,,,86d3577a17d4b62d53127d2f8b6b9dc20a955a06b422db4b74f35b866b26efd1,undefined FUN_1817cf19c(),ghidra,clean,
WHGame.dll,release_1_5_1164953_841,0x17cf274,30,FUN_1817cf274,,,1a16cb36e21de5d974e4c585994685bc8a23675217201890b26a7d42d56fd44e,undefined FUN_1817cf274(),ghidra,clean,
WHGame.dll,release_1_5_1164953_841,0x17cf294,30,FUN_1817cf294,,,5b68174c3e2400a3efc7f672bcc23ac582105abc8a22f272e2afbe53952371ac,undefined FUN_1817cf294(),ghidra,clean,
WHGame.dll,release_1_5_1164953_841,0x17cf2d4,155,FUN_1817cf2d4,,,08e84e0882797bb73d2ba8cbdac1fe1fdaafa79db969b82e0624c3e66c40172e,undefined FUN_1817cf2d4(),ghidra,clean,
WHGame.dll,release_1_5_1164953_841,0x17cf370,291,FUN_1817cf370,,,d8b7fa4a63a68ddbb8b12f97fe89f98c5999d24af21f3e582239d589dd09bffa,undefined FUN_1817cf370(),ghidra,clean,
WHGame.dll,release_1_5_1164953_841,0x17cf494,65,FUN_1817cf494,,,c4cfd786b9623dec4dc144110c1d5bb12fb57354595018c01cecc75c7e15ab54,undefined FUN_1817cf494(),ghidra,clean,
WHGame.dll,release_1_5_1164953_841,0x17cf4d8,77,FUN_1817cf4d8,,,f3b4c9cd5738bd501c35f7c65a1d45db2eb4132381ceaef517413b9b678649dd,undefined FUN_1817cf4d8(),ghidra,clean,
WHGame.dll,release_1_5_1164953_841,0x17cf528,30,FUN_1817cf528,,,4bfc8cf9fdcb28974aebd4f05b119a6fac37cfaa0548fc321d1234f8c98874d7,undefined FUN_1817cf528(),ghidra,clean,
WHGame.dll,release_1_5_1164953_841,0x17cf548,155,FUN_1817cf548,,,b31ed3f4d8c705b9f6fe106ce1eeeaf96358337b61eccfb18f1ff206d617b35a,undefined FUN_1817cf548(),ghidra,clean,
WHGame.dll,release_1_5_1164953_841,0x17cf5e4,291,FUN_1817cf5e4,,,be41f211e518b33f6e9d395f2d9e79efa773bb376b87ada674baeace59b1324f,undefined FUN_1817cf5e4(),ghidra,clean,
WHGame.dll,release_1_5_1164953_841,0x17cf708,366,FUN_1817cf708,,,11b9bc0b87829603dbf084767ca7ae8b89b7db17489abd6067708e6c6fa0ee36,undefined FUN_1817cf708(),ghidra,clean,
WHGame.dll,release_1_5_1164953_841,0x17cf864,234,FUN_1817cf864,,,1c01c4008884764121d99da0c1b9f0f00db04e3e046482c86534e6eb142ae927,undefined FUN_1817cf864(),ghidra,clean,
WHGame.dll,release_1_5_1164953_841,0x17cf950,207,FUN_1817cf950,,,8ab3be69969f1fc49bd8ec18cec858ed77f71b7e6cfafa6450e51ae36480a1b7,undefined FUN_1817cf950(),ghidra,clean,
WHGame.dll,release_1_5_1164953_841,0x17cfa10,261,FUN_1817cfa10,,,be4b1f5bce82a8eafe55d8dde9700163433abafe7bd9536332674b0430406614,undefined FUN_1817cfa10(),ghidra,clean,
WHGame.dll,release_1_5_1164953_841,0x17cfb0c,197,FUN_1817cfb0c,,,4883359b5fdf65577b8debcb1ad289d8e013802a8fa431f39e9af1966332b48c,undefined FUN_1817cfb0c(),ghidra,clean,
WHGame.dll,release_1_5_1164953_841,0x17cfbd4,26,FUN_1817cfbd4,,,59a5ba75bf3548dd92d18387c677f940dd7423fd07b37dd56ecf7d54bac85edc,undefined FUN_1817cfbd4(),ghidra,clean,
WHGame.dll,release_1_5_1164953_841,0x17cfbf0,234,FUN_1817cfbf0,,,7a1fbc57a7d3ce1b0a654baf2fdb3f23434b22e5f3f5837ddd587ed6d811a72b,undefined FUN_1817cfbf0(),ghidra,clean,
WHGame.dll,release_1_5_1164953_841,0x17cfcdc,207,FUN_1817cfcdc,,,b73e045baf42d94ad20974d5570889fa8a3fa4a9a2724d0d413ccd9d62867fd5,undefined FUN_1817cfcdc(),ghidra,clean,
WHGame.dll,release_1_5_1164953_841,0x17cfd9c,261,FUN_1817cfd9c,,,0346cd035f497aa55065d5420522fe4cf194deca9396e0d45dfebe59789dbef2,undefined FUN_1817cfd9c(),ghidra,clean,
WHGame.dll,release_1_5_1164953_841,0x17cfe98,196,FUN_1817cfe98,,,c6647cd7fc29c1029368db1871b5143a569697d1e74e4ead42418c248f7397bc,undefined FUN_1817cfe98(),ghidra,clean,
WHGame.dll,release_1_5_1164953_841,0x17cff5c,197,FUN_1817cff5c,,,5b5bf370aa65e9bdb91da20f14eb5e61ad5304c696f5745c1584b851da0fb343,undefined FUN_1817cff5c(),ghidra,clean,
WHGame.dll,release_1_5_1164953_841,0x17d0024,374,FUN_1817d0024,,,726281ada93e61dcc1578f7b2fe2f04a5aaabb05c1a589c03113eca00ff626c0,undefined FUN_1817d0024(),ghidra,clean,
WHGame.dll,release_1_5_1164953_841,0x17d019c,197,FUN_1817d019c,,,f51a6aff42036dee8522bd2d10e8227728329785c31aac1e1dcfcae182ee0441,undefined FUN_1817d019c(),ghidra,clean,
WHGame.dll,release_1_5_1164953_841,0x17d0264,374,FUN_1817d0264,,,378c975120b4fe65c0b68ec23e71afc763462d960f915da805a94cece416eb05,undefined FUN_1817d0264(),ghidra,clean,
WHGame.dll,release_1_5_1164953_841,0x17d03dc,197,FUN_1817d03dc,,,94ef2196f7f461c3a6509db0ce5f0ba8cbe3def7faf8279a838c3761ccfc21ba,undefined FUN_1817d03dc(),ghidra,clean,
WHGame.dll,release_1_5_1164953_841,0x17d04a4,374,FUN_1817d04a4,,,cdf9002650a949b13ce2da92e3f06b04db4a1cc760a930a2260ef49e3f0ca552,undefined FUN_1817d04a4(),ghidra,clean,
WHGame.dll,release_1_5_1164953_841,0x17d061c,197,FUN_1817d061c,,,a8095f3c04a509603d81d1e739e6646ff0e04d008decb1f41db3a6842bd22f30,undefined FUN_1817d061c(),ghidra,clean,
WHGame.dll,release_1_5_1164953_841,0x17d06e4,374,FUN_1817d06e4,,,08d278f062f6bfc9ac96ea4efb270fd76dc10b908e535487d5d59dc08dbd3a21,undefined FUN_1817d06e4(),ghidra,clean,
WHGame.dll,release_1_5_1164953_841,0x17d085c,181,FUN_1817d085c,,,1df9bdc0aadd57e8d94f1edc3b0682e445b5f11e7ee8eb6945fb12c25a20a5ee,undefined FUN_1817d085c(),ghidra,clean,
WHGame.dll,release_1_5_1164953_841,0x17d0914,230,FUN_1817d0914,,,65868650a710c52c8615d0c977e7d7a34e734c5461134185f419d7912f165219,undefined FUN_1817d0914(),ghidra,clean,
WHGame.dll,release_1_5_1164953_841,0x17d09fc,201,FUN_1817d09fc,,,949bd7028574f4f4d7637fb0027716e17313e933d2a694dec6668e9a54c863d6,undefined FUN_1817d09fc(),ghidra,clean,
WHGame.dll,release_1_5_1164953_841,0x17d0ac8,126,FUN_1817d0ac8,,,d1a64ad52487ea1c86cba5724e5416df25a42420ceb28a3dd577fa27f9288dfe,undefined FUN_1817d0ac8(),ghidra,clean,
WHGame.dll,release_1_5_1164953_841,0x17d0b48,830,FUN_1817d0b48,,,7ed91c16d27999c2ef6506c3b30220263c7bb77465759609940a4cfa52409cb7,undefined FUN_1817d0b48(),ghidra,clean,
WHGame.dll,release_1_5_1164953_841,0x17d0bde,5,FUN_1817d0bde,,,4f1950b303bbf7c0176dd6da099441a7b9bf79d8f05e165440ed6c434333c982,undefined FUN_1817d0bde(),ghidra,clean,
WHGame.dll,release_1_5_1164953_841,0x17d0bf8,161,FUN_1817d0bf8,,,8406197d1afdebd6e94674258e1b3e3c143f9bf2048d8352b82bc83be9e6f7a0,undefined FUN_1817d0bf8(),ghidra,clean,
WHGame.dll,release_1_5_1164953_841,0x17d0c9c,251,FUN_1817d0c9c,,,0df4b11d857536e5c24b1758d203a7c371a9142a6b53cb66414fc065b79c5f28,undefined FUN_1817d0c9c(),ghidra,clean,
WHGame.dll,release_1_5_1164953_841,0x17d0d98,26,FUN_1817d0d98,,,819234953c91d716a341edb10dcca2267107efa13f78881bbca64f4a7a11eeca,undefined FUN_1817d0d98(),ghidra,clean,
WHGame.dll,release_1_5_1164953_841,0x17d0db4,155,FUN_1817d0db4,,,c3aa32958718a371d0ba22ec9c9dc6f09e54ae0be31225a6092196580e66426c,undefined FUN_1817d0db4(),ghidra,clean,
WHGame.dll,release_1_5_1164953_841,0x17d0e50,301,FUN_1817d0e50,,,d1b0570e048b03868b7e55da4daa99b5cf093609eef61a934c09fad8afdabded,undefined FUN_1817d0e50(),ghidra,clean,
WHGame.dll,release_1_5_1164953_841,0x17d0f80,26,FUN_1817d0f80,,,819234953c91d716a341edb10dcca2267107efa13f78881bbca64f4a7a11eeca,undefined FUN_1817d0f80(),ghidra,clean,
WHGame.dll,release_1_5_1164953_841,0x17d0f9c,155,FUN_1817d0f9c,,,e95136caa2112af8cfbb6e57e4f395454c216052b0e5d56aae2353f91673320b,undefined FUN_1817d0f9c(),ghidra,clean,
WHGame.dll,release_1_5_1164953_841,0x17d1038,301,FUN_1817d1038,,,9699ed255a7b2d4d11f6fca87e0d30afa01e854edcf0c17bc6049f049466ab1f,undefined FUN_1817d1038(),ghidra,clean,
WHGame.dll,release_1_5_1164953_841,0x17d1168,26,FUN_1817d1168,,,819234953c91d716a341edb10dcca2267107efa13f78881bbca64f4a7a11eeca,undefined FUN_1817d1168(),ghidra,clean,
WHGame.dll,release_1_5_1164953_841,0x17d1184,155,FUN_1817d1184,,,c38849cbe745af6abb0813653b81467552abcd168ad6b20077edbd7394bd21f1,undefined FUN_1817d1184(),ghidra,clean,
WHGame.dll,release_1_5_1164953_841,0x17d1220,301,FUN_1817d1220,,,70c0750ca9560b4bc03c5941a01e2a06646ec4327daaf5cbf1591dc885703450,undefined FUN_1817d1220(),ghidra,clean,
WHGame.dll,release_1_5_1164953_841,0x17d1350,26,FUN_1817d1350,,,819234953c91d716a341edb10dcca2267107efa13f78881bbca64f4a7a11eeca,undefined FUN_1817d1350(),ghidra,clean,
WHGame.dll,release_1_5_1164953_841,0x17d136c,155,FUN_1817d136c,,,2adaafe58295626f2023eb2b411ce732a29cdf62afa5ac85c09b0cc12db71587,undefined FUN_1817d136c(),ghidra,clean,
WHGame.dll,release_1_5_1164953_841,0x17d1408,301,FUN_1817d1408,,,e5684eac1e3c534a9cb5201198da8882031ffde28d9eaccb5e7ae5fc4b024c15,undefined FUN_1817d1408(),ghidra,clean,
WHGame.dll,release_1_5_1164953_841,0x17d1538,26,FUN_1817d1538,,,819234953c91d716a341edb10dcca2267107efa13f78881bbca64f4a7a11eeca,undefined FUN_1817d1538(),ghidra,clean,
WHGame.dll,release_1_5_1164953_841,0x17d1554,155,FUN_1817d1554,,,15e57416a48e55f50cf4d71fce7deeeee830a58dd9b91409d3088a711957c911,undefined FUN_1817d1554(),ghidra,clean,
WHGame.dll,release_1_5_1164953_841,0x17d15f0,301,FUN_1817d15f0,,,c3d57516184e9d21b38cc92b53c1782fe611333d3df728044f89ceda4acc945d,undefined FUN_1817d15f0(),ghidra,clean,
WHGame.dll,release_1_5_1164953_841,0x17d1720,26,FUN_1817d1720,,,819234953c91d716a341edb10dcca2267107efa13f78881bbca64f4a7a11eeca,undefined FUN_1817d1720(),ghidra,clean,
WHGame.dll,release_1_5_1164953_841,0x17d173c,155,FUN_1817d173c,,,ab4e345f7512788fe4e1bcd204fc857dd3e97ca246073bbc743a747450fc00f7,undefined FUN_1817d173c(),ghidra,clean,
WHGame.dll,release_1_5_1164953_841,0x17d17d8,301,FUN_1817d17d8,,,7687107e0cd9edc7cc5e8c86a7576cdb2c1aae2d27d098f819e70beb4eb276ef,undefined FUN_1817d17d8(),ghidra,clean,
WHGame.dll,release_1_5_1164953_841,0x17d1908,26,FUN_1817d1908,,,819234953c91d716a341edb10dcca2267107efa13f78881bbca64f4a7a11eeca,undefined FUN_1817d1908(),ghidra,clean,
WHGame.dll,release_1_5_1164953_841,0x17d1924,155,FUN_1817d1924,,,b1a4899e63e96f4f6afe516f788d4f69811d91bd451fb455cf7f672a1b985597,undefined FUN_1817d1924(),ghidra,clean,
WHGame.dll,release_1_5_1164953_841,0x17d19c0,301,FUN_1817d19c0,,,7df3771817a7fd2ac83e3ab07dd76f565342c815a95e7b67dd96b9e357c51518,undefined FUN_1817d19c0(),ghidra,clean,
WHGame.dll,release_1_5_1164953_841,0x17d1af0,26,FUN_1817d1af0,,,819234953c91d716a341edb10dcca2267107efa13f78881bbca64f4a7a11eeca,undefined FUN_1817d1af0(),ghidra,clean,
WHGame.dll,release_1_5_1164953_841,0x17d1b0c,155,FUN_1817d1b0c,,,1d26f9c605d288d2ee474d883f8a2d9a1fbd268679b5ad7d080ecb9bbce360b5,undefined FUN_1817d1b0c(),ghidra,clean,
WHGame.dll,release_1_5_1164953_841,0x17d1ba8,301,FUN_1817d1ba8,,,29257c772cddb71bc5e02d740d6c861705ae86c092c71b24df6730b25e8a3529,undefined FUN_1817d1ba8(),ghidra,clean,
WHGame.dll,release_1_5_1164953_841,0x17d1cd8,26,FUN_1817d1cd8,,,819234953c91d716a341edb10dcca2267107efa13f78881bbca64f4a7a11eeca,undefined FUN_1817d1cd8(),ghidra,clean,
WHGame.dll,release_1_5_1164953_841,0x17d1cf4,155,FUN_1817d1cf4,,,1cd26dd09e1f316835fb2ed16c4eb4bfbc2af998368b36359c4f4ce55956c557,undefined FUN_1817d1cf4(),ghidra,clean,
WHGame.dll,release_1_5_1164953_841,0x17d1d90,301,FUN_1817d1d90,,,b34d9ee2cb1dd99886c43ecbcc74d419e7cea03167219986d9c7d532760274f6,undefined FUN_1817d1d90(),ghidra,clean,
WHGame.dll,release_1_5_1164953_841,0x17d1ec0,26,FUN_1817d1ec0,,,819234953c91d716a341edb10dcca2267107efa13f78881bbca64f4a7a11eeca,undefined FUN_1817d1ec0(),ghidra,clean,
WHGame.dll,release_1_5_1164953_841,0x17d1edc,155,FUN_1817d1edc,,,4ba250f21edb22503baf07310facde3ccf57b59880a4ee86466f7bb7ca0e7fdd,undefined FUN_1817d1edc(),ghidra,clean,
WHGame.dll,release_1_5_1164953_841,0x17d1f78,301,FUN_1817d1f78,,,e26530d7803a9e2d8680026ee992f27a8964f00cc121023dfb0a0eeaaa328782,undefined FUN_1817d1f78(),ghidra,clean,
WHGame.dll,release_1_5_1164953_841,0x17d20a8,26,FUN_1817d20a8,,,819234953c91d716a341edb10dcca2267107efa13f78881bbca64f4a7a11eeca,undefined FUN_1817d20a8(),ghidra,clean,
WHGame.dll,release_1_5_1164953_841,0x17d20c4,155,FUN_1817d20c4,,,41ce93d004be5605f5bcebd57e710ca0e3cbc20b0a477b371f8feb817e019cda,undefined FUN_1817d20c4(),ghidra,clean,
WHGame.dll,release_1_5_1164953_841,0x17d2160,301,FUN_1817d2160,,,3a7a3a451dfecae3ff7fb7efc4dee92ae53c0220d9721881fbfdacfad1e616af,undefined FUN_1817d2160(),ghidra,clean,
WHGame.dll,release_1_5_1164953_841,0x17d2290,26,FUN_1817d2290,,,819234953c91d716a341edb10dcca2267107efa13f78881bbca64f4a7a11eeca,undefined FUN_1817d2290(),ghidra,clean,
WHGame.dll,release_1_5_1164953_841,0x17d22ac,155,FUN_1817d22ac,,,a2a442b7a7605680d92d4a8b1aa48139c9b466511e040fd96682cdcbcf2200ce,undefined FUN_1817d22ac(),ghidra,clean,
WHGame.dll,release_1_5_1164953_841,0x17d2348,301,FUN_1817d2348,,,52aae7d9058dbe33fc72f5b0123382f52b01f470d004086c07c904961950c0a5,undefined FUN_1817d2348(),ghidra,clean,
WHGame.dll,release_1_5_1164953_841,0x17d2478,26,FUN_1817d2478,,,819234953c91d716a341edb10dcca2267107efa13f78881bbca64f4a7a11eeca,undefined FUN_1817d2478(),ghidra,clean,
WHGame.dll,release_1_5_1164953_841,0x17d2494,155,FUN_1817d2494,,,aea6127dd48561ae81a72a2c23ef4822ff0aa0c3fc8c3e0bf687499623053d3f,undefined FUN_1817d2494(),ghidra,clean,
WHGame.dll,release_1_5_1164953_841,0x17d2530,301,FUN_1817d2530,,,5d1a8d7952951636897f33b4620b1dc16d6d98e439555bb4a8e727cd034bdc05,undefined FUN_1817d2530(),ghidra,clean,
WHGame.dll,release_1_5_1164953_841,0x17d2660,26,FUN_1817d2660,,,819234953c91d716a341edb10dcca2267107efa13f78881bbca64f4a7a11eeca,undefined FUN_1817d2660(),ghidra,clean,
WHGame.dll,release_1_5_1164953_841,0x17d267c,155,FUN_1817d267c,,,4b7f45ffc04c374bbbd07e5d84d118d1588df784a794aae06533ab42aa0aa025,undefined FUN_1817d267c(),ghidra,clean,
WHGame.dll,release_1_5_1164953_841,0x17d2718,301,FUN_1817d2718,,,466ca415bed0677050a7b72f17f6a7c26e1e8114aaf1b0123c0716d729a2fce9,undefined FUN_1817d2718(),ghidra,clean,
WHGame.dll,release_1_5_1164953_841,0x17d2848,26,FUN_1817d2848,,,819234953c91d716a341edb10dcca2267107efa13f78881bbca64f4a7a11eeca,undefined FUN_1817d2848(),ghidra,clean,
WHGame.dll,release_1_5_1164953_841,0x17d2864,155,FUN_1817d2864,,,44c732ace865a1d390fa50bd58639d76133094a527d03edf5ac23f2229f0b5fe,undefined FUN_1817d2864(),ghidra,clean,
WHGame.dll,release_1_5_1164953_841,0x17d2900,301,FUN_1817d2900,,,e5134cf8582ceab9fc1875e7291f70955a030550f816bbe3fa7faf92a458e594,undefined FUN_1817d2900(),ghidra,clean,
WHGame.dll,release_1_5_1164953_841,0x17d2a30,26,FUN_1817d2a30,,,819234953c91d716a341edb10dcca2267107efa13f78881bbca64f4a7a11eeca,undefined FUN_1817d2a30(),ghidra,clean,
WHGame.dll,release_1_5_1164953_841,0x17d2a4c,155,FUN_1817d2a4c,,,54a781bc70454f466383e526b80de3b14bb23d0f4007e49a26d0a50934237e88,undefined FUN_1817d2a4c(),ghidra,clean,
WHGame.dll,release_1_5_1164953_841,0x17d2ae8,301,FUN_1817d2ae8,,,89d5b2cc01ebc50e4454e16ea97eb3a6b582870708615ecc0a1fd1d1d58a5e59,undefined FUN_1817d2ae8(),ghidra,clean,
WHGame.dll,release_1_5_1164953_841,0x17d2c18,26,FUN_1817d2c18,,,819234953c91d716a341edb10dcca2267107efa13f78881bbca64f4a7a11eeca,undefined FUN_1817d2c18(),ghidra,clean,
WHGame.dll,release_1_5_1164953_841,0x17d2c34,155,FUN_1817d2c34,,,27558532ff8e673cb9cb784cac7cd64af086257276ea36434e591462b3b8f962,undefined FUN_1817d2c34(),ghidra,clean,
WHGame.dll,release_1_5_1164953_841,0x17d2cd0,301,FUN_1817d2cd0,,,677d01be031c4880b13b9613bec0e778da53bcdd1df424d519478279203bb9eb,undefined FUN_1817d2cd0(),ghidra,clean,
WHGame.dll,release_1_5_1164953_841,0x17d2e00,26,FUN_1817d2e00,,,819234953c91d716a341edb10dcca2267107efa13f78881bbca64f4a7a11eeca,undefined FUN_1817d2e00(),ghidra,clean,
WHGame.dll,release_1_5_1164953_841,0x17d2e1c,155,FUN_1817d2e1c,,,4ff5076401d0195c071590c9c35c88319d484e8a80bb00f0f84115df31e54f8d,undefined FUN_1817d2e1c(),ghidra,clean,
WHGame.dll,release_1_5_1164953_841,0x17d2eb8,301,FUN_1817d2eb8,,,41a2dca715ce309b2375de30114022ad22c0dd831d02f94e7b8aa9b1f0038eea,undefined FUN_1817d2eb8(),ghidra,clean,
WHGame.dll,release_1_5_1164953_841,0x17d2fe8,26,FUN_1817d2fe8,,,819234953c91d716a341edb10dcca2267107efa13f78881bbca64f4a7a11eeca,undefined FUN_1817d2fe8(),ghidra,clean,
WHGame.dll,release_1_5_1164953_841,0x17d3004,155,FUN_1817d3004,,,75009368879b5e2e45b95d408922c667cc58a751e18a96098e66af970f372085,undefined FUN_1817d3004(),ghidra,clean,
WHGame.dll,release_1_5_1164953_841,0x17d30a0,301,FUN_1817d30a0,,,903c20e026ca29626ba0b71c99d596d237b5c3a4a95baa5d2dcb0db65feda391,undefined FUN_1817d30a0(),ghidra,clean,
WHGame.dll,release_1_5_1164953_841,0x17d31d0,26,FUN_1817d31d0,,,819234953c91d716a341edb10dcca2267107efa13f78881bbca64f4a7a11eeca,undefined FUN_1817d31d0(),ghidra,clean,
WHGame.dll,release_1_5_1164953_841,0x17d31ec,155,FUN_1817d31ec,,,7699ed951ecaefa58b244ca4f8d054b05368910ed9bca0e278afdfad7a028b72,undefined FUN_1817d31ec(),ghidra,clean,
WHGame.dll,release_1_5_1164953_841,0x17d3288,301,FUN_1817d3288,,,b6848e59fbc5f42be2b80ded300874788c28aaa31e13b575e26d914bce70a7b3,undefined FUN_1817d3288(),ghidra,clean,
WHGame.dll,release_1_5_1164953_841,0x17d33b8,26,FUN_1817d33b8,,,819234953c91d716a341edb10dcca2267107efa13f78881bbca64f4a7a11eeca,undefined FUN_1817d33b8(),ghidra,clean,
WHGame.dll,release_1_5_1164953_841,0x17d33d4,155,FUN_1817d33d4,,,b14bf5befd91e958b02f1ac18231b3b8404eae4cec89fe041d826de0f234158d,undefined FUN_1817d33d4(),ghidra,clean,
WHGame.dll,release_1_5_1164953_841,0x17d3470,301,FUN_1817d3470,,,4f56606e435f3dd5026ce5b1eb84c4ce07c8fd03fedea675e28ea35024db8717,undefined FUN_1817d3470(),ghidra,clean,
WHGame.dll,release_1_5_1164953_841,0x17d35a0,26,FUN_1817d35a0,,,819234953c91d716a341edb10dcca2267107efa13f78881bbca64f4a7a11eeca,undefined FUN_1817d35a0(),ghidra,clean,
WHGame.dll,release_1_5_1164953_841,0x17d35bc,155,FUN_1817d35bc,,,2513de6ebe3b9992d2b18c1e07a8e6e4e73d85fca391834dd6f3b1153cc86544,undefined FUN_1817d35bc(),ghidra,clean,
WHGame.dll,release_1_5_1164953_841,0x17d3658,301,FUN_1817d3658,,,c7d6cfdb9cf3bdb4d07a24fe8c9990c83d3ef4626422f8134ecf4312c0407430,undefined FUN_1817d3658(),ghidra,clean,
WHGame.dll,release_1_5_1164953_841,0x17d3788,26,FUN_1817d3788,,,819234953c91d716a341edb10dcca2267107efa13f78881bbca64f4a7a11eeca,undefined FUN_1817d3788(),ghidra,clean,
WHGame.dll,release_1_5_1164953_841,0x17d37a4,155,FUN_1817d37a4,,,f6b2c9404995d811fbd61508b5c60fdddaabeb6cea61038cf18ef1636fa9566d,undefined FUN_1817d37a4(),ghidra,clean,
WHGame.dll,release_1_5_1164953_841,0x17d3840,301,FUN_1817d3840,,,209aa1f26cd817cad681d821133a86b3bd545fce9288252b5937202096f9b5a8,undefined FUN_1817d3840(),ghidra,clean,
WHGame.dll,release_1_5_1164953_841,0x17d3970,26,FUN_1817d3970,,,819234953c91d716a341edb10dcca2267107efa13f78881bbca64f4a7a11eeca,undefined FUN_1817d3970(),ghidra,clean,
WHGame.dll,release_1_5_1164953_841,0x17d398c,155,FUN_1817d398c,,,5892a0c5462e719e7d026df82ba0085cf6920aabc96d49811593ea5677b634f8,undefined FUN_1817d398c(),ghidra,clean,
WHGame.dll,release_1_5_1164953_841,0x17d3a28,301,FUN_1817d3a28,,,53d3eaf7e1f34fefc06d6ca8d22f53b80bc9b9d4ba2feec556fbe4284e4e3e21,undefined FUN_1817d3a28(),ghidra,clean,
WHGame.dll,release_1_5_1164953_841,0x17d3b58,26,FUN_1817d3b58,,,819234953c91d716a341edb10dcca2267107efa13f78881bbca64f4a7a11eeca,undefined FUN_1817d3b58(),ghidra,clean,
WHGame.dll,release_1_5_1164953_841,0x17d3b74,155,FUN_1817d3b74,,,d71569df899d81ee2da4061d52b4c9f17e476db9c93a1609eab676e87689aa12,undefined FUN_1817d3b74(),ghidra,clean,
WHGame.dll,release_1_5_1164953_841,0x17d3c10,301,FUN_1817d3c10,,,726c2929c73d2864dba7eb2ec69eedd0f7543daa0af70f7f1939e4dd537a1b3b,undefined FUN_1817d3c10(),ghidra,clean,
WHGame.dll,release_1_5_1164953_841,0x17d3d40,26,FUN_1817d3d40,,,819234953c91d716a341edb10dcca2267107efa13f78881bbca64f4a7a11eeca,undefined FUN_1817d3d40(),ghidra,clean,
WHGame.dll,release_1_5_1164953_841,0x17d3d5c,155,FUN_1817d3d5c,,,7b52ade7f7937f96bd4a07a2ce0facea83fa4cefce3413eed8e12f251b5fb936,undefined FUN_1817d3d5c(),ghidra,clean,
WHGame.dll,release_1_5_1164953_841,0x17d3df8,301,FUN_1817d3df8,,,4872be3a69f88cf2cfb2edea2035fea699d4df7826111dd321a1bc0215a86c7e,undefined FUN_1817d3df8(),ghidra,clean,
WHGame.dll,release_1_5_1164953_841,0x17d3f28,26,FUN_1817d3f28,,,819234953c91d716a341edb10dcca2267107efa13f78881bbca64f4a7a11eeca,undefined FUN_1817d3f28(),ghidra,clean,
WHGame.dll,release_1_5_1164953_841,0x17d3f44,155,FUN_1817d3f44,,,df619df81a7d143d69538e655ad976a82977a254c5e7957ec053a43aab674baf,undefined FUN_1817d3f44(),ghidra,clean,
WHGame.dll,release_1_5_1164953_841,0x17d3fe0,301,FUN_1817d3fe0,,,c4d11cad2fd95c45eb86ef8a613e2da525e5589a3f653dd9803213090538726a,undefined FUN_1817d3fe0(),ghidra,clean,
WHGame.dll,release_1_5_1164953_841,0x17d4110,26,FUN_1817d4110,,,819234953c91d716a341edb10dcca2267107efa13f78881bbca64f4a7a11eeca,undefined FUN_1817d4110(),ghidra,clean,
WHGame.dll,release_1_5_1164953_841,0x17d412c,155,FUN_1817d412c,,,5916691208323375ef86449de78e3e44ef7379f71a9ea947a07515b5ef7a8648,undefined FUN_1817d412c(),ghidra,clean,
WHGame.dll,release_1_5_1164953_841,0x17d41c8,301,FUN_1817d41c8,,,016bdc66740d77db4c6c2c5abb50b40aaac6bb59ab1a56298637eacf9fdd1e5e,undefined FUN_1817d41c8(),ghidra,clean,
WHGame.dll,release_1_5_1164953_841,0x17d42f8,26,FUN_1817d42f8,,,819234953c91d716a341edb10dcca2267107efa13f78881bbca64f4a7a11eeca,undefined FUN_1817d42f8(),ghidra,clean,
WHGame.dll,release_1_5_1164953_841,0x17d4314,155,FUN_1817d4314,,,bf51560ab3521b55f043637e21ad5ef5e972f1771cd4e3b83c133ff55ae1feee,undefined FUN_1817d4314(),ghidra,clean,
WHGame.dll,release_1_5_1164953_841,0x17d43b0,301,FUN_1817d43b0,,,c3d69bebc61a3e769ada88c1b918846babbfb2873b0be94e323abea0eb3ee3a0,undefined FUN_1817d43b0(),ghidra,clean,
WHGame.dll,release_1_5_1164953_841,0x17d44e0,26,FUN_1817d44e0,,,819234953c91d716a341edb10dcca2267107efa13f78881bbca64f4a7a11eeca,undefined FUN_1817d44e0(),ghidra,clean,
WHGame.dll,release_1_5_1164953_841,0x17d44fc,155,FUN_1817d44fc,,,03164263b0373421f0216450fed46bec9320e8dedb77a4a3000451e0444571ca,undefined FUN_1817d44fc(),ghidra,clean,
WHGame.dll,release_1_5_1164953_841,0x17d4598,301,FUN_1817d4598,,,68012177d5cc433fcc81412ca537b7fac05b4ef3310ea9a695a4dbb4e512eb0d,undefined FUN_1817d4598(),ghidra,clean,
WHGame.dll,release_1_5_1164953_841,0x17d46c8,26,FUN_1817d46c8,,,819234953c91d716a341edb10dcca2267107efa13f78881bbca64f4a7a11eeca,undefined FUN_1817d46c8(),ghidra,clean,
WHGame.dll,release_1_5_1164953_841,0x17d46e4,155,FUN_1817d46e4,,,a884a86727ebfa750f63f7ebad22bb8641a9032c47dcf76ba8fa408690f9b320,undefined FUN_1817d46e4(),ghidra,clean,
WHGame.dll,release_1_5_1164953_841,0x17d4780,301,FUN_1817d4780,,,b93b9a20c8f6e1da10e5fce8d4e93627c61e63661bad8694165d3a4be33bea87,undefined FUN_1817d4780(),ghidra,clean,
WHGame.dll,release_1_5_1164953_841,0x17d48b0,26,FUN_1817d48b0,,,819234953c91d716a341edb10dcca2267107efa13f78881bbca64f4a7a11eeca,undefined FUN_1817d48b0(),ghidra,clean,
WHGame.dll,release_1_5_1164953_841,0x17d48cc,155,FUN_1817d48cc,,,5a0479fe8a8f714155ab69400f46d5ee082e66858c84c00dfe023f0aed81381f,undefined FUN_1817d48cc(),ghidra,clean,
WHGame.dll,release_1_5_1164953_841,0x17d4968,301,FUN_1817d4968,,,36cebe1b9231dd1e4a77a5d9c55694576cef6cd8587afe66e91c66d9762733da,undefined FUN_1817d4968(),ghidra,clean,
WHGame.dll,release_1_5_1164953_841,0x17d4a98,26,FUN_1817d4a98,,,819234953c91d716a341edb10dcca2267107efa13f78881bbca64f4a7a11eeca,undefined FUN_1817d4a98(),ghidra,clean,
WHGame.dll,release_1_5_1164953_841,0x17d4ab4,155,FUN_1817d4ab4,,,0caffbfd464b60a82ece5f23798cb194f420c1404b95a3e932d98668347492e0,undefined FUN_1817d4ab4(),ghidra,clean,
WHGame.dll,release_1_5_1164953_841,0x17d4b50,301,FUN_1817d4b50,,,146546bb7981f4ab91c971d8588158d35d5bb2d413718c077efbc6cf482ce6ec,undefined FUN_1817d4b50(),ghidra,clean,
WHGame.dll,release_1_5_1164953_841,0x17d4c80,26,FUN_1817d4c80,,,819234953c91d716a341edb10dcca2267107efa13f78881bbca64f4a7a11eeca,undefined FUN_1817d4c80(),ghidra,clean,
WHGame.dll,release_1_5_1164953_841,0x17d4c9c,155,FUN_1817d4c9c,,,6ad279624bff8d7a71640c08665c3794a9e4e547082a6385d6fce31de6fa6c93,undefined FUN_1817d4c9c(),ghidra,clean,
WHGame.dll,release_1_5_1164953_841,0x17d4d38,301,FUN_1817d4d38,,,798404b561924e5ed329c50ff0c14857e6f4cc1dc541e34c1e1092a119df0003,undefined FUN_1817d4d38(),ghidra,clean,
WHGame.dll,release_1_5_1164953_841,0x17d4e68,26,FUN_1817d4e68,,,819234953c91d716a341edb10dcca2267107efa13f78881bbca64f4a7a11eeca,undefined FUN_1817d4e68(),ghidra,clean,
WHGame.dll,release_1_5_1164953_841,0x17d4e84,155,FUN_1817d4e84,,,7d118d3ab79c8c87c89f2eeb496f27cb72404473ef307f5a140b6c5ba3b3fd97,undefined FUN_1817d4e84(),ghidra,clean,
WHGame.dll,release_1_5_1164953_841,0x17d4f20,301,FUN_1817d4f20,,,10fee121e0a5fbe8aeb4a5416b3232a0548e5f6d7c032fcb1dfb75930bfbf379,undefined FUN_1817d4f20(),ghidra,clean,
WHGame.dll,release_1_5_1164953_841,0x17d5050,26,FUN_1817d5050,,,819234953c91d716a341edb10dcca2267107efa13f78881bbca64f4a7a11eeca,undefined FUN_1817d5050(),ghidra,clean,
WHGame.dll,release_1_5_1164953_841,0x17d506c,155,FUN_1817d506c,,,49a9505cdc548843e399b308c3216c8b01f4d76037b864a6188fe51147540d18,undefined FUN_1817d506c(),ghidra,clean,
WHGame.dll,release_1_5_1164953_841,0x17d5108,301,FUN_1817d5108,,,bd1bd21ae78063b7596ccfd3a9a1b3915828af983eb14a71b21ccfba3fbe30f4,undefined FUN_1817d5108(),ghidra,clean,
WHGame.dll,release_1_5_1164953_841,0x17d5238,26,FUN_1817d5238,,,819234953c91d716a341edb10dcca2267107efa13f78881bbca64f4a7a11eeca,undefined FUN_1817d5238(),ghidra,clean,
WHGame.dll,release_1_5_1164953_841,0x17d5254,155,FUN_1817d5254,,,cbe037d5f9cba5cb010719056435c6e3b7da3fc61f0caa5f1a072fca521201c2,undefined FUN_1817d5254(),ghidra,clean,
WHGame.dll,release_1_5_1164953_841,0x17d52f0,301,FUN_1817d52f0,,,fcceaaa444771e1daca9f1d189a8e467b9b08d434a1e7ac00c9b92f4c7d1fdeb,undefined FUN_1817d52f0(),ghidra,clean,
WHGame.dll,release_1_5_1164953_841,0x17d5420,26,FUN_1817d5420,,,819234953c91d716a341edb10dcca2267107efa13f78881bbca64f4a7a11eeca,undefined FUN_1817d5420(),ghidra,clean,
WHGame.dll,release_1_5_1164953_841,0x17d543c,155,FUN_1817d543c,,,db2607a52f1712ee7e525a780e55db40d8e893cd52503ecaa9a0d5286f3b1c45,undefined FUN_1817d543c(),ghidra,clean,
WHGame.dll,release_1_5_1164953_841,0x17d54d8,301,FUN_1817d54d8,,,ade8e930f1e01d65d352a7387ab013dece43691c5ae275143b697d9132b1723f,undefined FUN_1817d54d8(),ghidra,clean,
WHGame.dll,release_1_5_1164953_841,0x17d5608,124,FUN_1817d5608,,,737a66aada42ca2e2f21cfa096bc16fecb583473777edad48e85c9333eebba41,undefined FUN_1817d5608(),ghidra,clean,
WHGame.dll,release_1_5_1164953_841,0x17d5684,9,FUN_1817d5684,,,59484c92b84e44ea1766934cda65b71cb0318bac4548556281b9e159c7a00a52,undefined FUN_1817d5684(),ghidra,clean,
WHGame.dll,release_1_5_1164953_841,0x17d5690,193,FUN_1817d5690,,,1c785e15a5eb4011b3cfd85678485f9f326721d3d63889e18a75b44ba5531f42,undefined FUN_1817d5690(),ghidra,clean,
WHGame.dll,release_1_5_1164953_841,0x17d5754,296,FUN_1817d5754,,,96470b9fbb4a4518004f3d33be7692f22884eea85ca3b018e0867337e0dbe972,undefined FUN_1817d5754(),ghidra,clean,
WHGame.dll,release_1_5_1164953_841,0x17d587c,257,FUN_1817d587c,,,177efffb054caec2c00985a0fa2fd08fb42fa9abd7db1b77f1eeaf4fb00acd29,undefined FUN_1817d587c(),ghidra,clean,
WHGame.dll,release_1_5_1164953_841,0x17d5980,156,FUN_1817d5980,,,40ecac372c1172cfd8b3f2985e724b156cc006bdf542bdfa0df0e03fefcc1cd0,undefined FUN_1817d5980(),ghidra,clean,
WHGame.dll,release_1_5_1164953_841,0x17d5a1c,230,FUN_1817d5a1c,,,d5c779660bda9b2d8800daab8f2481773b5776ef92c8fad72972bedee6d86822,undefined FUN_1817d5a1c(),ghidra,clean,
WHGame.dll,release_1_5_1164953_841,0x17d5b04,124,FUN_1817d5b04,,,a85439335917838b31b78e3b6020e05b643544120227fbcf8d7373224719d9e9,undefined FUN_1817d5b04(),ghidra,clean,
WHGame.dll,release_1_5_1164953_841,0x17d5b80,204,FUN_1817d5b80,,,942c50fe9cf19d5af5765a63f2f1994737c82722a75ab49480fb20b6240e7342,undefined FUN_1817d5b80(),ghidra,clean,
WHGame.dll,release_1_5_1164953_841,0x17d5c4c,185,FUN_1817d5c4c,,,9693e3fa212a0ee39c03141711e5532c33e5a76c9d6fdcd3562d69de7d8452ba,undefined FUN_1817d5c4c(),ghidra,clean,
WHGame.dll,release_1_5_1164953_841,0x17d5d08,84,FUN_1817d5d08,,,eae4d908693448baeaf9a9dd3ada19ad2d941d76d56d1401250ad45f4104d5c9,undefined FUN_1817d5d08(),ghidra,clean,
WHGame.dll,release_1_5_1164953_841,0x17d5d5c,158,FUN_1817d5d5c,,,06343acecd03b4d73e33f74d4ef5984cdd8f213713093f50de681ff55e2f50a5,undefined FUN_1817d5d5c(),ghidra,clean,
WHGame.dll,release_1_5_1164953_841,0x17d5dfc,69,FUN_1817d5dfc,,,f9caad8669d34d538854b8f2dbc7ee1e466516e5e1738d7265b2988c1c52a228,undefined FUN_1817d5dfc(),ghidra,clean,
WHGame.dll,release_1_5_1164953_841,0x17d5e44,201,FUN_1817d5e44,,,a9f9e94e5617fee3361fbfbaf8187a4841e2f0e58788f9ea0b5cbe773733b825,undefined FUN_1817d5e44(),ghidra,clean,
WHGame.dll,release_1_5_1164953_841,0x17d5f10,244,FUN_1817d5f10,,,b3f9d64cd7e9c8e9dd260756f885cba42664d8d75346a5ade3b5bf7b055a266c,undefined FUN_1817d5f10(),ghidra,clean,
WHGame.dll,release_1_5_1164953_841,0x17d6004,170,FUN_1817d6004,,,960538f44d0a0bb0e458fecc19cc5f093158c1c55faec905a2df693819c4a208,undefined FUN_1817d6004(),ghidra,clean,
WHGame.dll,release_1_5_1164953_841,0x17d60b0,155,FUN_1817d60b0,,,36d61af084a8e656ef12ecb285439ea0680d22e374f9dec06eb17d02c53f1e31,undefined FUN_1817d60b0(),ghidra,clean,
WHGame.dll,release_1_5_1164953_841,0x17d614c,291,FUN_1817d614c,,,53538523b95023565393c87b3657b71dcafed72c95e9f6ae049283c6019ed696,undefined FUN_1817d614c(),ghidra,clean,
WHGame.dll,release_1_5_1164953_841,0x17d6270,171,FUN_1817d6270,,,80cb74c782dece71effefd474d2f687e483f74f38fabc3f2fd2b702aac283f99,undefined FUN_1817d6270(),ghidra,clean,
WHGame.dll,release_1_5_1164953_841,0x17d6310,171,FUN_1817d6310,,,befca01c9a07ad85eddb2cb567bd2eea01243d492f01a60ba597f8794b00f940,undefined FUN_1817d6310(),ghidra,clean,
WHGame.dll,release_1_5_1164953_841,0x17d63b0,27,FUN_1817d63b0,,,25be48aa5cdaab05b4295598714ec6e3c4cb54b1442bd75ab11fd1a8c4e5f5ee,undefined FUN_1817d63b0(),ghidra,clean,
WHGame.dll,release_1_5_1164953_841,0x17d63c4,180,FUN_1817d63c4,,,b1ee34f58844c110ca64f795a7e9d65060bcda87d7d888cebb27aeda8ec6dd9b,undefined FUN_1817d63c4(),ghidra,clean,
WHGame.dll,release_1_5_1164953_841,0x17d6478,180,FUN_1817d6478,,,140a48a10416a9f3d9a52293c3fc6b38ba627e1d3fc869a8eb6dc1952e7d4356,undefined FUN_1817d6478(),ghidra,clean,
WHGame.dll,release_1_5_1164953_841,0x17d652c,180,FUN_1817d652c,,,c521422e10df8f46e1cdba0b8887ce1f2e48e86bed02f1b550c6a57b821b6c7f,undefined FUN_1817d652c(),ghidra,clean,
WHGame.dll,release_1_5_1164953_841,0x17d65e0,180,FUN_1817d65e0,,,c8ae7d12b3edee9cc10c1b650c9a61a49f7a1f98d809576ac46c0cafd6665cdf,undefined FUN_1817d65e0(),ghidra,clean,
WHGame.dll,release_1_5_1164953_841,0x17d6694,180,FUN_1817d6694,,,f47e6a01d6cab4a76f9af4e8d4e78a2d35763b56068bcde95c9e70d8cce8536b,undefined FUN_1817d6694(),ghidra,clean,
WHGame.dll,release_1_5_1164953_841,0x17d6748,180,FUN_1817d6748,,,5e9b5e8781025c0ff024f67e67ebb168084b270bac0e4f3e8440585462eb605f,undefined FUN_1817d6748(),ghidra,clean,
WHGame.dll,release_1_5_1164953_841,0x17d67fc,190,FUN_1817d67fc,,,ea93453a4e89fd2a305dc20ad10c95e00790d1bbf1a08e823e4d3b36d68cbf07,undefined FUN_1817d67fc(),ghidra,clean,
WHGame.dll,release_1_5_1164953_841,0x17d68bc,190,FUN_1817d68bc,,,58f37dfa23919edccde50c6a932180f2b48e43dcb8a641ced40a3c10c5d767ee,undefined FUN_1817d68bc(),ghidra,clean,
WHGame.dll,release_1_5_1164953_841,0x17d697c,26,FUN_1817d697c,,,819234953c91d716a341edb10dcca2267107efa13f78881bbca64f4a7a11eeca,undefined FUN_1817d697c(),ghidra,clean,
WHGame.dll,release_1_5_1164953_841,0x17d6998,155,FUN_1817d6998,,,fa902da6d7aa2627b6e3d83ff97624cd55c201c49c377ac0b6d79bd4d6494a25,undefined FUN_1817d6998(),ghidra,clean,
WHGame.dll,release_1_5_1164953_841,0x17d6a34,311,FUN_1817d6a34,,,eca2d9afda4da7e70a8ddd28a15848e9c61f9b0ece9bc481ab7e55c390b70e7a,undefined FUN_1817d6a34(),ghidra,clean,
WHGame.dll,release_1_5_1164953_841,0x17d6b6c,26,FUN_1817d6b6c,,,819234953c91d716a341edb10dcca2267107efa13f78881bbca64f4a7a11eeca,undefined FUN_1817d6b6c(),ghidra,clean,
WHGame.dll,release_1_5_1164953_841,0x17d6b88,155,FUN_1817d6b88,,,bfcc679d37ab4c88389a708aac1a220ed0e1404c6bdb7abfb42098653c432649,undefined FUN_1817d6b88(),ghidra,clean,
WHGame.dll,release_1_5_1164953_841,0x17d6c24,311,FUN_1817d6c24,,,3b8999b2b625c2f41c4a5c38517d6ed6611730a1b92d47d7a19d17fdf26f79e6,undefined FUN_1817d6c24(),ghidra,clean,
WHGame.dll,release_1_5_1164953_841,0x17d6d5c,34,FUN_1817d6d5c,,,bc477cdede8c4d93801d5a230eb6a17a0974bec201021b44672031b84d3882a5,undefined FUN_1817d6d5c(),ghidra,clean,
WHGame.dll,release_1_5_1164953_841,0x17d6d80,65,FUN_1817d6d80,,,a3fc4cf7a828c3346185125c3a8293be5d9e03954427e0c615bbad37ca1d68e8,undefined FUN_1817d6d80(),ghidra,clean,
WHGame.dll,release_1_5_1164953_841,0x17d6dc4,62,FUN_1817d6dc4,,,8d2257fb86b650301836a133b90170a31246a2293bfc8eb03cb6582ca01667d8,undefined FUN_1817d6dc4(),ghidra,clean,
WHGame.dll,release_1_5_1164953_841,0x17d6e04,25,FUN_1817d6e04,,,01691869f73877b8985d1d054ae3721c96de4601ffca915045d1cd3ae84b1e68,undefined FUN_1817d6e04(),ghidra,clean,
WHGame.dll,release_1_5_1164953_841,0x17d6e20,469,FUN_1817d6e20,,,46b52ac4edfc07b6bf5e437eb9a7c75b0ce639c20bbf592debb6d6dbd238a635,undefined FUN_1817d6e20(),ghidra,clean,
WHGame.dll,release_1_5_1164953_841,0x17d6f9c,155,FUN_1817d6f9c,,,9f7b722c1a8e2304256fff83f4aba513f9e975130026bec8e873dfbc57c7fe99,undefined FUN_1817d6f9c(),ghidra,clean,
WHGame.dll,release_1_5_1164953_841,0x17d7038,291,FUN_1817d7038,,,a91c183746d88a1a853414aec7cd706f9737ed9fe66c7aa1dee8ba0b5bf6cbf0,undefined FUN_1817d7038(),ghidra,clean,
WHGame.dll,release_1_5_1164953_841,0x17d715c,155,FUN_1817d715c,,,ebedd4d28581a42a8e0939f6390c9ff6e47275c5ec29f68f1f044f2df0d2ae46,undefined FUN_1817d715c(),ghidra,clean,
WHGame.dll,release_1_5_1164953_841,0x17d71f8,291,FUN_1817d71f8,,,b7f7567a635015ff3f11a412f66c0da4a52407f21a945a04793f2d3a577549f4,undefined FUN_1817d71f8(),ghidra,clean,
WHGame.dll,release_1_5_1164953_841,0x17d731c,534,FUN_1817d731c,,,27696148e0228cc8743781ea2bc466db37be29ba21ec92d543fed5b0e9b38b0d,undefined FUN_1817d731c(),ghidra,clean,
WHGame.dll,release_1_5_1164953_841,0x17d7534,189,FUN_1817d7534,,,3a294ae28ad37a2b32a564a1af3ef698f93ca939eed2262f6c9f24b9f4ecdaaf,undefined FUN_1817d7534(),ghidra,clean,
WHGame.dll,release_1_5_1164953_841,0x17d75f4,92,FUN_1817d75f4,,,26c15fae358cf70650fc7c996efd913274657c460a02727d4bf557a237d673a0,undefined FUN_1817d75f4(),ghidra,clean,
WHGame.dll,release_1_5_1164953_841,0x17d7650,947,FUN_1817d7650,,,3bb7ee3a0f81d82706a365618411cf22762a46eeee20e0bbe254848680e119c4,undefined FUN_1817d7650(),ghidra,clean,
WHGame.dll,release_1_5_1164953_841,0x17d7848,198,FUN_1817d7848,,,15cf1196a5ffaf90bfd34a6ea100252c6f7534e1f466c43aaaab16d96388b727,undefined FUN_1817d7848(),ghidra,clean,
WHGame.dll,release_1_5_1164953_841,0x17d7910,283,FUN_1817d7910,,,88fcab29dccc98f69b76a80c5025d8f180f2831b57a1ee2e7b2e9987ddcb96a4,undefined FUN_1817d7910(),ghidra,clean,
WHGame.dll,release_1_5_1164953_841,0x17d79c0,234,FUN_1817d79c0,,,42419feb22c567639300b9e85f0618eaeac7dced80c66b30e8fd782cf6016aa8,undefined FUN_1817d79c0(),ghidra,clean,
WHGame.dll,release_1_5_1164953_841,0x17d7aac,60,FUN_1817d7aac,,,ac90707164f286fd1cc3a97cc0fed72b71a73cb26a34e76d9bec8d2d7c2add6a,undefined FUN_1817d7aac(),ghidra,clean,
WHGame.dll,release_1_5_1164953_841,0x17d7ae8,55,FUN_1817d7ae8,,,a3683978a2864983c8389645abff8c0db2ec8de6bc7023d9f893ea6c1a638a40,undefined FUN_1817d7ae8(),ghidra,clean,
WHGame.dll,release_1_5_1164953_841,0x17d7b10,205,FUN_1817d7b10,,,d039bf415cc9f7f5ac6d4a764a28653f0d755b07b971e1f8ccf1b6db4eb90bf9,undefined FUN_1817d7b10(),ghidra,clean,
WHGame.dll,release_1_5_1164953_841,0x17d7bc4,44,FUN_1817d7bc4,,,8b04d5f57a8a012f305dff1b9f886b7a82bcf4a0249a37ce33f10ebdfd00c55e,undefined FUN_1817d7bc4(),ghidra,clean,
WHGame.dll,release_1_5_1164953_841,0x17d7bf0,36,FUN_1817d7bf0,,,d1fee7cc2d72108ba6ed7d0dd3ee73ef58b554d0103a74cacb2e3cb15a961c87,undefined FUN_1817d7bf0(),ghidra,clean,
WHGame.dll,release_1_5_1164953_841,0x17d7c18,25,FUN_1817d7c18,,,5b448dd04228fb0dcd2a75a3346db9b8fb958e4da67d114689bbac75b0afa74e,undefined FUN_1817d7c18(),ghidra,clean,
WHGame.dll,release_1_5_1164953_841,0x17d7c34,99,FUN_1817d7c34,,,80174c4f862582eb46c6b1623faeb8aaac5c42d0048fa69865779b4b9eeabafd,undefined FUN_1817d7c34(),ghidra,clean,
WHGame.dll,release_1_5_1164953_841,0x17d7c98,210,FUN_1817d7c98,,,2accb7340e8a541840c2a2d4754c1561798a9ac1b541dce599971a2703ebcf2d,undefined FUN_1817d7c98(),ghidra,clean,
WHGame.dll,release_1_5_1164953_841,0x17d7d8c,70,FUN_1817d7d8c,,,c63fa5f969269a6f4473c182e2d44e278e3ada75a536e33d0d24761ea1ae3414,undefined FUN_1817d7d8c(),ghidra,clean,
WHGame.dll,release_1_5_1164953_841,0x17d7dc4,70,FUN_1817d7dc4,,,c278b7e05438f6b7721a9a2648c2ba7ea8a0e750a5b37197389c485bae1f6e94,undefined FUN_1817d7dc4(),ghidra,clean,
WHGame.dll,release_1_5_1164953_841,0x17d7dfc,235,FUN_1817d7dfc,,,c0a7edb6c7e2dfefc87b8d813693e7b97e40da5c958ebcf3302d1a981c2f6cd2,undefined FUN_1817d7dfc(),ghidra,clean,
WHGame.dll,release_1_5_1164953_841,0x17d7ee8,121,FUN_1817d7ee8,,,317aa5cced6e03e514d8523d0bc23aac59c021f433377f5dc786bb8976fe39a9,undefined FUN_1817d7ee8(),ghidra,clean,
WHGame.dll,release_1_5_1164953_841,0x17d7f20,35,FUN_1817d7f20,,,469e5cfe0812b21d637212ca66a09b0fd72ba3ad7d31d477496d689eb36c81ae,undefined FUN_1817d7f20(),ghidra,clean,
WHGame.dll,release_1_5_1164953_841,0x17d7f44,212,FUN_1817d7f44,,,8dfd169474c4adfcfdc3b4ab2504c0638ee09b9531bbd956a79acd000a9cf943,undefined FUN_1817d7f44(),ghidra,clean,
WHGame.dll,release_1_5_1164953_841,0x17d801c,63,FUN_1817d801c,,,7be9518ed755e022f1679f002a1aadb588f3079d30b4292ba09aa69062aae082,undefined FUN_1817d801c(),ghidra,clean,
WHGame.dll,release_1_5_1164953_841,0x17d805c,147,FUN_1817d805c,,,8e2d14ac391183dde97f054b859247a496ba01666698656b385bf834ac6c1489,undefined FUN_1817d805c(),ghidra,clean,
WHGame.dll,release_1_5_1164953_841,0x17d80c4,81,FUN_1817d80c4,,,c53a9a8e908b803baf25711b14fd94a38b23d9dac33247850bb656fa2cd40f10,undefined FUN_1817d80c4(),ghidra,clean,
WHGame.dll,release_1_5_1164953_841,0x17d8118,278,FUN_1817d8118,,,f7e6b950d811665794eb7d479c1cbd4c92725d8f3ae419e56191bb0cab44e554,undefined FUN_1817d8118(),ghidra,clean,
WHGame.dll,release_1_5_1164953_841,0x17d8220,12,FUN_1817d8220,,,999e7c7b525a0371166b8daaff4e641f755729848a8ca54773b8271ca90ea0f0,undefined FUN_1817d8220(),ghidra,clean,
WHGame.dll,release_1_5_1164953_841,0x17d822c,180,FUN_1817d822c,,,839db2653d3f4789df03c45b21dc7f5fd3847ec34aae9360cfc64ba16beb157c,undefined FUN_1817d822c(),ghidra,clean,
WHGame.dll,release_1_5_1164953_841,0x17d82e0,180,FUN_1817d82e0,,,e17cab895ea8e261839f8a5c54cbb74e9d38055397e7b971fd8e51eac4e60699,undefined FUN_1817d82e0(),ghidra,clean,
WHGame.dll,release_1_5_1164953_841,0x17d8394,180,FUN_1817d8394,,,5633a2fd7f35eb624048d56e57e83b539b08ce1ee6a59c7b57cd709fa823a534,undefined FUN_1817d8394(),ghidra,clean,
WHGame.dll,release_1_5_1164953_841,0x17d8448,5,thunk_FUN_1817d8450,,,b0d40b133b9394d93820ac0104b0065121d2d73df32c7bfb4e4cf5d805a8b103,undefined thunk_FUN_1817d8450(),ghidra,clean,
WHGame.dll,release_1_5_1164953_841,0x17d8450,103,FUN_1817d8450,,,8418e170ba30a577515e643bdc2e464ed4cf2f824499a3850fae80ec707a2810,undefined FUN_1817d8450(),ghidra,clean,
WHGame.dll,release_1_5_1164953_841,0x17d84b8,95,FUN_1817d84b8,,,b9cfd953b6e1b99564855f60ad0656de81d1dfadf8f6020fc251b71ffb829233,undefined FUN_1817d84b8(),ghidra,clean,
WHGame.dll,release_1_5_1164953_841,0x17d8518,201,FUN_1817d8518,,,6dca003d52d67c88cd21ce8bd63f1e20eca60aa083658b2d9d8dd6d93d47f7d8,undefined FUN_1817d8518(),ghidra,clean,
WHGame.dll,release_1_5_1164953_841,0x17d85c4,53,FUN_1817d85c4,,,8b86d44fb7f6a986581b30c2da7eb7edc07fd8b601156a97eb96172f1c1d4d46,undefined FUN_1817d85c4(),ghidra,clean,
WHGame.dll,release_1_5_1164953_841,0x17d85fc,417,FUN_1817d85fc,,,d550ca2c1e9dc55093e4efc47b14f93da1a1d887f52f2b19ba9dde09b79d85e5,undefined FUN_1817d85fc(),ghidra,clean,
WHGame.dll,release_1_5_1164953_841,0x17d871c,40,FUN_1817d871c,,,0c79594b32e68bcf91056bb19a3b50471f1e45c3e57cb56d009c1a3a14ebfab0,undefined FUN_1817d871c(),ghidra,clean,
WHGame.dll,release_1_5_1164953_841,0x17d8744,42,FUN_1817d8744,,,937c07ea199a096d8951d4a35ad0dbbada07548797d1410b7191108b1dd7efa8,undefined FUN_1817d8744(),ghidra,clean,
WHGame.dll,release_1_5_1164953_841,0x17d8770,77,FUN_1817d8770,,,15e003275b4ec7416284797cb9e4510d2fbf442bce67edf0c7edeb1eea70c351,undefined FUN_1817d8770(),ghidra,clean,
WHGame.dll,release_1_5_1164953_841,0x17d87a0,370,FUN_1817d87a0,,,f6933d26f8016815bcfdc45acf3ab1b64157ca4eee2f7be56735964490391368,undefined FUN_1817d87a0(),ghidra,clean,
WHGame.dll,release_1_5_1164953_841,0x17d8914,81,FUN_1817d8914,,,87ffc01a79c20717b4dc3d899e3ee693fcff39c725ee7061fc23df81223ffd1f,undefined FUN_1817d8914(),ghidra,clean,
WHGame.dll,release_1_5_1164953_841,0x17d8948,570,FUN_1817d8948,,,f96083f22aab1b9c312771f490ece527c63c5aee6f29b5b5629d3e6951ee8a71,undefined FUN_1817d8948(),ghidra,clean,
WHGame.dll,release_1_5_1164953_841,0x17d8b84,850,FUN_1817d8b84,,,363e89a2ed1c3176be867f75508c1224968de093f9ae80fa25a7518c11ce5582,undefined FUN_1817d8b84(),ghidra,clean,
WHGame.dll,release_1_5_1164953_841,0x17d8c48,5,FUN_1817d8c48,,,70bf2d6deedcf734920e571ef09558025e359e9a739e5789ffaf6c9299398808,undefined FUN_1817d8c48(),ghidra,clean,
WHGame.dll,release_1_5_1164953_841,0x17d8c54,77,FUN_1817d8c54,,,278f52d34e2b2b21fa7fa7ba3004c55df9615dfd2240d9022f14c8d2aec979a0,undefined FUN_1817d8c54(),ghidra,clean,
WHGame.dll,release_1_5_1164953_841,0x17d8c84,370,FUN_1817d8c84,,,a760fa94ebf33c2e1fce1c7e7a90cce48425bacbe94fb7e748cd1805cfb8771b,undefined FUN_1817d8c84(),ghidra,clean,
WHGame.dll,release_1_5_1164953_841,0x17d8df8,48,FUN_1817d8df8,,,469f704c46f429f7b172b56431987c76a015e30c2f893c70a9e64dc3d2693197,undefined FUN_1817d8df8(),ghidra,clean,
WHGame.dll,release_1_5_1164953_841,0x17d8e14,570,FUN_1817d8e14,,,d2e48f8c6cac2e8bfcf86b5250182d56dd17058a2aff65882647384334f127a0,undefined FUN_1817d8e14(),ghidra,clean,
WHGame.dll,release_1_5_1164953_841,0x17d9050,850,FUN_1817d9050,,,b0d8487c6b5199485df27e628850acbe6180eb9f6753709b42be1ec0ca2f5e4c,undefined FUN_1817d9050(),ghidra,clean,
WHGame.dll,release_1_5_1164953_841,0x17d9114,5,FUN_1817d9114,,,70bf2d6deedcf734920e571ef09558025e359e9a739e5789ffaf6c9299398808,undefined FUN_1817d9114(),ghidra,clean,
WHGame.dll,release_1_5_1164953_841,0x17d9120,30,FUN_1817d9120,,,a4486105ad2c3b94b22dd98122e3c370276d8833a2de5b2e7fcc4b3756804488,undefined FUN_1817d9120(),ghidra,clean,
WHGame.dll,release_1_5_1164953_841,0x17d9140,519,FUN_1817d9140,,,9ba562d57164d37c278e1fd211e3dc70b2e0fb3c787973b6e4cd50ce5adb9c05,undefined FUN_1817d9140(),ghidra,clean,
WHGame.dll,release_1_5_1164953_841,0x17d9348,158,FUN_1817d9348,,,32bf3b8d70d0d02a07aa1c6adc090c59f7d15dacab68e43264f623ac63c37fce,undefined FUN_1817d9348(),ghidra,clean,
WHGame.dll,release_1_5_1164953_841,0x17d93e8,216,FUN_1817d93e8,,,7eaef4178ed5815fa82053facee4ca3095d879650e32daea95f2785c294c5498,undefined FUN_1817d93e8(),ghidra,clean,
WHGame.dll,release_1_5_1164953_841,0x17d94c0,214,FUN_1817d94c0,,,bf0d56267a6d208956327be2713eecd04faf810ff1872ad5ae2bbeb2b6d84ea9,undefined FUN_1817d94c0(),ghidra,clean,
WHGame.dll,release_1_5_1164953_841,0x17d9598,65,FUN_1817d9598,,,5f0c03f366e99b2053ee1231b0b85a4b4b0dc6f97504e0bf111ba55a5a959c16,undefined FUN_1817d9598(),ghidra,clean,
WHGame.dll,release_1_5_1164953_841,0x17d95dc,52,FUN_1817d95dc,,,2d2a9d7dea5b949f79bb78e257ba33db8b3c7769e0cb5a1fddfeba3e424491c0,undefined FUN_1817d95dc(),ghidra,clean,
WHGame.dll,release_1_5_1164953_841,0x17d9610,26,FUN_1817d9610,,,f91d4ddfd9a53facddfebf503003ccd05a7713f8d9cdc8f665d635749be5bd14,undefined FUN_1817d9610(),ghidra,clean,
WHGame.dll,release_1_5_1164953_841,0x17d962c,958,FUN_1817d962c,,,11911f316d7708cd8b78f679a54f17aa2e4bbdc473d703939d965a5cf5c889bf,undefined FUN_1817d962c(),ghidra,clean,
WHGame.dll,release_1_5_1164953_841,0x17d99ec,23,FUN_1817d99ec,,,0c9851279c50048842f097073bc3dc49c43b467a042586d3f2b91d272b316ff7,undefined FUN_1817d99ec(),ghidra,clean,
WHGame.dll,release_1_5_1164953_841,0x17d9a04,26,FUN_1817d9a04,,,819234953c91d716a341edb10dcca2267107efa13f78881bbca64f4a7a11eeca,undefined FUN_1817d9a04(),ghidra,clean,
WHGame.dll,release_1_5_1164953_841,0x17d9a20,155,FUN_1817d9a20,,,1781e2afce318490b42be01cc292b5f9013f9724025fc259f7f372b5440c3643,undefined FUN_1817d9a20(),ghidra,clean,
WHGame.dll,release_1_5_1164953_841,0x17d9abc,304,FUN_1817d9abc,,,a883343cea9b9d5ec6a7fde1fdc632f145ff28e2d519a812cc0ef715e3794d08,undefined FUN_1817d9abc(),ghidra,clean,
WHGame.dll,release_1_5_1164953_841,0x17d9bec,155,FUN_1817d9bec,,,7925aea5179228b37dad6de811a563653281bc64ddb371178a2e2bda4ac2da25,undefined FUN_1817d9bec(),ghidra,clean,
WHGame.dll,release_1_5_1164953_841,0x17d9c88,298,FUN_1817d9c88,,,d9e5b832d20d154a0426b8ef306179f507ca82cb0e361cda82ecf47356063646,undefined FUN_1817d9c88(),ghidra,clean,
WHGame.dll,release_1_5_1164953_841,0x17d9db4,958,FUN_1817d9db4,,,3fcb24ab1b69831a09678c2be975568c450a9b4d63c7d98ed6d507bec7afb7be,undefined FUN_1817d9db4(),ghidra,clean,
WHGame.dll,release_1_5_1164953_841,0x17da174,23,FUN_1817da174,,,0c9851279c50048842f097073bc3dc49c43b467a042586d3f2b91d272b316ff7,undefined FUN_1817da174(),ghidra,clean,
WHGame.dll,release_1_5_1164953_841,0x17da18c,26,FUN_1817da18c,,,819234953c91d716a341edb10dcca2267107efa13f78881bbca64f4a7a11eeca,undefined FUN_1817da18c(),ghidra,clean,
WHGame.dll,release_1_5_1164953_841,0x17da1a8,155,FUN_1817da1a8,,,0052a2f66eaec470f73bb7e959dba7a7535cf1ec2a90c609b1e386cb1b6b5e66,undefined FUN_1817da1a8(),ghidra,clean,
WHGame.dll,release_1_5_1164953_841,0x17da244,304,FUN_1817da244,,,95d50522f7eaefdc32b63c38b3afd20355d0bdf6fed7460d24275e1f114e2bd0,undefined FUN_1817da244(),ghidra,clean,
WHGame.dll,release_1_5_1164953_841,0x17da374,155,FUN_1817da374,,,cc72f48955088f8edd6b3fed3d3d9a7207042f851dc7e2b96b137919e1af7f11,undefined FUN_1817da374(),ghidra,clean,
WHGame.dll,release_1_5_1164953_841,0x17da410,298,FUN_1817da410,,,73130335bb520b5718c99871116b3d7109b24ec47bd7fbefdc9799867c3a9d03,undefined FUN_1817da410(),ghidra,clean,
WHGame.dll,release_1_5_1164953_841,0x17da53c,958,FUN_1817da53c,,,b2f520fc0df6fb2e5701d6dc3dc9b39767627b1781791f8161f04220a86839a0,undefined FUN_1817da53c(),ghidra,clean,
WHGame.dll,release_1_5_1164953_841,0x17da8fc,23,FUN_1817da8fc,,,0c9851279c50048842f097073bc3dc49c43b467a042586d3f2b91d272b316ff7,undefined FUN_1817da8fc(),ghidra,clean,
WHGame.dll,release_1_5_1164953_841,0x17da914,26,FUN_1817da914,,,819234953c91d716a341edb10dcca2267107efa13f78881bbca64f4a7a11eeca,undefined FUN_1817da914(),ghidra,clean,
WHGame.dll,release_1_5_1164953_841,0x17da930,155,FUN_1817da930,,,ce44c365fbf7ecbf206ed60648202604e738e12bd3e0f0a977b967ddb7315526,undefined FUN_1817da930(),ghidra,clean,
WHGame.dll,release_1_5_1164953_841,0x17da9cc,304,FUN_1817da9cc,,,f3b7895d7982523e4719708b5d6be256ba64da2a1d4de02d80bdcf9557492756,undefined FUN_1817da9cc(),ghidra,clean,
WHGame.dll,release_1_5_1164953_841,0x17daafc,155,FUN_1817daafc,,,5579ad3b8867ade398552d45ff313015212e65ea0bce57f71dc71fc5ce403b85,undefined FUN_1817daafc(),ghidra,clean,
WHGame.dll,release_1_5_1164953_841,0x17dab98,298,FUN_1817dab98,,,753040d8b0529175d180924c51e430580a47fef519fbebf21d16964d4602d9e6,undefined FUN_1817dab98(),ghidra,clean,
WHGame.dll,release_1_5_1164953_841,0x17dacc4,958,FUN_1817dacc4,,,5b74143a7e15fb0cdbac8589da33786e699abc4651068e11749c812cbcf0ab37,undefined FUN_1817dacc4(),ghidra,clean,
WHGame.dll,release_1_5_1164953_841,0x17db084,23,FUN_1817db084,,,0c9851279c50048842f097073bc3dc49c43b467a042586d3f2b91d272b316ff7,undefined FUN_1817db084(),ghidra,clean,
WHGame.dll,release_1_5_1164953_841,0x17db09c,26,FUN_1817db09c,,,819234953c91d716a341edb10dcca2267107efa13f78881bbca64f4a7a11eeca,undefined FUN_1817db09c(),ghidra,clean,
WHGame.dll,release_1_5_1164953_841,0x17db0b8,155,FUN_1817db0b8,,,e2b75ac1ce9f37ccd883456f6afbe10a573cfc7f519fac0bdb9f628d7e2faa74,undefined FUN_1817db0b8(),ghidra,clean,
WHGame.dll,release_1_5_1164953_841,0x17db154,304,FUN_1817db154,,,5524feaeb6da077c3352b3682045b1b8dbba29b15e778eabd4777a73c4468a21,undefined FUN_1817db154(),ghidra,clean,
WHGame.dll,release_1_5_1164953_841,0x17db284,155,FUN_1817db284,,,52540d0b7310fd62483e03eddd9d8cf59a499583d96f32adb789f407707c8fa9,undefined FUN_1817db284(),ghidra,clean,
WHGame.dll,release_1_5_1164953_841,0x17db320,298,FUN_1817db320,,,cba34ab32a5c0f6808904db29995750ac86d6592864e6ba066517a03e6d80ca4,undefined FUN_1817db320(),ghidra,clean,
WHGame.dll,release_1_5_1164953_841,0x17db44c,958,FUN_1817db44c,,,f130913c2a6925cffb70cdde23af13ac4e1bd5408b94a917f64154080baaf331,undefined FUN_1817db44c(),ghidra,clean,
WHGame.dll,release_1_5_1164953_841,0x17db80c,23,FUN_1817db80c,,,0c9851279c50048842f097073bc3dc49c43b467a042586d3f2b91d272b316ff7,undefined FUN_1817db80c(),ghidra,clean,
WHGame.dll,release_1_5_1164953_841,0x17db824,26,FUN_1817db824,,,819234953c91d716a341edb10dcca2267107efa13f78881bbca64f4a7a11eeca,undefined FUN_1817db824(),ghidra,clean,
WHGame.dll,release_1_5_1164953_841,0x17db840,155,FUN_1817db840,,,cb4eea49fdc2510d043c8ab50ab121c31974e88c3558786ebb8ff2a18cc9eae8,undefined FUN_1817db840(),ghidra,clean,
WHGame.dll,release_1_5_1164953_841,0x17db8dc,304,FUN_1817db8dc,,,2df065f1595c9639dc6d66f2dffe55159f56606b391b7b86677f833602a27042,undefined FUN_1817db8dc(),ghidra,clean,
WHGame.dll,release_1_5_1164953_841,0x17dba0c,155,FUN_1817dba0c,,,2aa2de6d4bd514d8c62e42c32a0ad0d22197cb9d988789edd16b26a37e67e6d7,undefined FUN_1817dba0c(),ghidra,clean,
WHGame.dll,release_1_5_1164953_841,0x17dbaa8,298,FUN_1817dbaa8,,,e05ce02d1c0f82af6b0a3746917d5f17092db1a327f9473fe0ccc2e057a50c94,undefined FUN_1817dbaa8(),ghidra,clean,
WHGame.dll,release_1_5_1164953_841,0x17dbbd4,64,FUN_1817dbbd4,,,a28bea84a410a208ec7f2ff6e681f35e7dbd96ab26caa97eade5c544bb97203e,undefined FUN_1817dbbd4(),ghidra,clean,
WHGame.dll,release_1_5_1164953_841,0x17dbc14,50,FUN_1817dbc14,,,3afbcceeb3c55d43fa204fc238e4499901107e59eaaa7780e1e73cc1aa848ae9,undefined FUN_1817dbc14(),ghidra,clean,
WHGame.dll,release_1_5_1164953_841,0x17dbc48,155,FUN_1817dbc48,,,432b7455392fbe522f4d2b8f2b6bcd1e343eb3ec869bdb08d6a38354a38100e0,undefined FUN_1817dbc48(),ghidra,clean,
WHGame.dll,release_1_5_1164953_841,0x17dbce4,291,FUN_1817dbce4,,,8955f9080ce523958c3b2b1fd748d8d068cf71dfd6971e43c199e92173f8ef7a,undefined FUN_1817dbce4(),ghidra,clean,
WHGame.dll,release_1_5_1164953_841,0x17dbe08,224,FUN_1817dbe08,,,29294060c3095404e9ee7da22fb48b5d500e97aa090168550413148823986a8a,undefined FUN_1817dbe08(),ghidra,clean,
WHGame.dll,release_1_5_1164953_841,0x17dbeec,81,FUN_1817dbeec,,,564803def2850e702917150b21d5cdc815fcb856f6bff819d0be1d99c3d28c16,undefined FUN_1817dbeec(),ghidra,clean,
WHGame.dll,release_1_5_1164953_841,0x17dbf20,59,FUN_1817dbf20,,,28bac5eaf614a15c00c5b5b42090acfd9ead7a426951d61b084bcf0f318b031d,undefined FUN_1817dbf20(),ghidra,clean,
WHGame.dll,release_1_5_1164953_841,0x17dbf5c,65,FUN_1817dbf5c,,,500c7171d7ce5d186b8cd38af78c0919bac623238898cc847e7c6416cd0022ea,undefined FUN_1817dbf5c(),ghidra,clean,
WHGame.dll,release_1_5_1164953_841,0x17dbfa0,41,FUN_1817dbfa0,,,386b9f65d046c01158f2dc62aea7b30a8f1aeceb09b346df8c059fc00481b269,undefined FUN_1817dbfa0(),ghidra,clean,
WHGame.dll,release_1_5_1164953_841,0x17dbfcc,173,FUN_1817dbfcc,,,132b471648a3a28b0d81f5ddb7ca9951f13dc2c483515db7d9a8453a12834b7a,undefined FUN_1817dbfcc(),ghidra,clean,
WHGame.dll,release_1_5_1164953_841,0x17dc038,55,FUN_1817dc038,,,3c4e524a0bc451ba38442e00a244726e6593e0f714987b96677357e351ff3ab3,undefined FUN_1817dc038(),ghidra,clean,
WHGame.dll,release_1_5_1164953_841,0x17dc060,181,FUN_1817dc060,,,93a260b061fd819b7625b71a8832b5ab02db1a735bf21caf052c1e84d041803c,undefined FUN_1817dc060(),ghidra,clean,
WHGame.dll,release_1_5_1164953_841,0x17dc118,102,FUN_1817dc118,,,d600e703b68878d171c82df6a1098fc95d3bb6416157570871295e9b61f9f0ec,undefined FUN_1817dc118(),ghidra,clean,
WHGame.dll,release_1_5_1164953_841,0x17dc180,463,FUN_1817dc180,,,d05d5e11baae7c0a671ebb7c772fc04cd39a46d23e4abeb4936ac6df2baa2c4d,undefined FUN_1817dc180(),ghidra,clean,
WHGame.dll,release_1_5_1164953_841,0x17dc350,67,FUN_1817dc350,,,cc235690aa7d92fc8b679629b26667c3a3b100e38d53e3903e2b1a0ff5fd5472,undefined FUN_1817dc350(),ghidra,clean,
WHGame.dll,release_1_5_1164953_841,0x17dc3cc,11,FUN_1817dc3cc,,,d5078eca4b5049240a1f9bb7324e8c49e5f8d94a883599afb7ba715ff07cb877,undefined FUN_1817dc3cc(),ghidra,clean,
WHGame.dll,release_1_5_1164953_841,0x17dc3d8,155,FUN_1817dc3d8,,,cf48d23def9d5696a1235d1093144a58c43aebc249ca1e2d8ab0ed971787c42c,undefined FUN_1817dc3d8(),ghidra,clean,
WHGame.dll,release_1_5_1164953_841,0x17dc474,291,FUN_1817dc474,,,2a8cb27fe3f7237fda4b20b7aa6ddbb93c410f4f333693196aa778f65d69f00c,undefined FUN_1817dc474(),ghidra,clean,
WHGame.dll,release_1_5_1164953_841,0x17dc598,122,FUN_1817dc598,,,0c2526dcb925818b5a8ef7c438ea22693da2be936cf9170a47fd7f50c5f7edcb,undefined FUN_1817dc598(),ghidra,clean,
WHGame.dll,release_1_5_1164953_841,0x17dc614,74,FUN_1817dc614,,,ac109746811946ff86f79321c85035cb0dee84ce0e34986b265a217694d9c327,undefined FUN_1817dc614(),ghidra,clean,
WHGame.dll,release_1_5_1164953_841,0x17dc660,280,FUN_1817dc660,,,6c2f07d55dd847d4f3f0b1944c337518153a129b924b01374b18155a7adb262b,undefined FUN_1817dc660(),ghidra,clean,
WHGame.dll,release_1_5_1164953_841,0x17dc750,845,FUN_1817dc750,,,bc11665ed1545e96396800ed659c25c6520b0d478d1b4eba1e50a2268affa876,undefined FUN_1817dc750(),ghidra,clean,
WHGame.dll,release_1_5_1164953_841,0x17dc89c,8,FUN_1817dc89c,,,4dbbc9364452ef82ccc4a21e14ac2e093e7d30902c803d1fabcab6a39b25c9fd,undefined FUN_1817dc89c(),ghidra,clean,
WHGame.dll,release_1_5_1164953_841,0x17dc8a4,155,FUN_1817dc8a4,,,6a872e4106e131c384979af7c41a4f7daa75bd08da48ea5074c101cd9af737dd,undefined FUN_1817dc8a4(),ghidra,clean,
WHGame.dll,release_1_5_1164953_841,0x17dc940,291,FUN_1817dc940,,,76b820f88539cd47ff1b2dffc640a41cf3dc50f135b5c7561ec87b9237ecee8f,undefined FUN_1817dc940(),ghidra,clean,
WHGame.dll,release_1_5_1164953_841,0x17dca64,272,FUN_1817dca64,,,348f5dad709a97894f50ac16dd8aba2d39bcdf5ad743c8678a2664392e4efd1b,undefined FUN_1817dca64(),ghidra,clean,
WHGame.dll,release_1_5_1164953_841,0x17dcb74,210,FUN_1817dcb74,,,b3a951586ffa8b90202a9ba4b5a1d6dec9b9dbaac8562eb3fa923d894fad0a7f,undefined FUN_1817dcb74(),ghidra,clean,
WHGame.dll,release_1_5_1164953_841,0x17dcc38,184,FUN_1817dcc38,,,e8a4a1a3a3c651cd83a9f408faf8845f4a6eff41a17c8ca73d5c09d926193a7d,undefined FUN_1817dcc38(),ghidra,clean,
WHGame.dll,release_1_5_1164953_841,0x17dcce4,155,FUN_1817dcce4,,,b3495342bc37ba3908550a7941f81d67cf7dcd656caa039d3d131ff6d0535821,undefined FUN_1817dcce4(),ghidra,clean,
WHGame.dll,release_1_5_1164953_841,0x17dcd80,291,FUN_1817dcd80,,,486d401cb01796e8ef4d65573ce9ba061da7d879480f97033578e15369655357,undefined FUN_1817dcd80(),ghidra,clean,
WHGame.dll,release_1_5_1164953_841,0x17dcea4,230,FUN_1817dcea4,,,7681e74f7bb289dd142763fba5834cb654eb7beebac59d16e9cc675e8e65d8e4,undefined FUN_1817dcea4(),ghidra,clean,
WHGame.dll,release_1_5_1164953_841,0x17dcf04,46,FUN_1817dcf04,,,0b3d44b252f7ca8903bf7d0c6f7e27b64ebea5481095d7dfeb5a79799b99090b,undefined FUN_1817dcf04(),ghidra,clean,
WHGame.dll,release_1_5_1164953_841,0x17dcf34,67,FUN_1817dcf34,,,b2f11b66e83f5ea1e73da36d0e4da7c10c45490dda7a418c3f0a77586d730c48,undefined FUN_1817dcf34(),ghidra,clean,
WHGame.dll,release_1_5_1164953_841,0x17dcf78,81,FUN_1817dcf78,,,4c0b12b4007180dca03e9ba6a0671123790278ae8faaf44e426cca1c087c8353,undefined FUN_1817dcf78(),ghidra,clean,
WHGame.dll,release_1_5_1164953_841,0x17dcfcc,65,FUN_1817dcfcc,,,49a8ee7a29677570a703a876626fbb671bd87c0016c219435400e60003bda599,undefined FUN_1817dcfcc(),ghidra,clean,
WHGame.dll,release_1_5_1164953_841,0x17dd010,62,FUN_1817dd010,,,aac01ed468b999603ed850107bc7e12e5c2fa41f1c056a9834cf7fdb44e9a26e,undefined FUN_1817dd010(),ghidra,clean,
WHGame.dll,release_1_5_1164953_841,0x17dd050,52,FUN_1817dd050,,,938c5e9dcf17dbaa4b2f5dd1e327a1ee406a8172c8c81ddcac722cafd3ad65ac,undefined FUN_1817dd050(),ghidra,clean,
WHGame.dll,release_1_5_1164953_841,0x17dd084,532,FUN_1817dd084,,,76d52f5c49a7275017c8fda418e4ffbdc5180b4121429494bc965e68f0884b63,undefined FUN_1817dd084(),ghidra,clean,
WHGame.dll,release_1_5_1164953_841,0x17dd1ec,76,FUN_1817dd1ec,,,f9cff833dc46008b56953819d2daf03e9ab37fce8f2ee30fe7cb16245d79f737,undefined FUN_1817dd1ec(),ghidra,clean,
WHGame.dll,release_1_5_1164953_841,0x17dd238,97,FUN_1817dd238,,,964836c2aa6c07460a40dc8900ec0e7138e9dfd743cf11205116a8286a091cda,undefined FUN_1817dd238(),ghidra,clean,
WHGame.dll,release_1_5_1164953_841,0x17dd26c,76,FUN_1817dd26c,,,d691428bfd0a9c5b9e89a2ac3afa0227061b8aab2632aef3d9ee75319589b83e,undefined FUN_1817dd26c(),ghidra,clean,
WHGame.dll,release_1_5_1164953_841,0x17dd2b8,33,FUN_1817dd2b8,,,6cebe3cfced13f4ff63843051aa0df7df233b7128bb72eca310d9e00fff233b3,undefined FUN_1817dd2b8(),ghidra,clean,
WHGame.dll,release_1_5_1164953_841,0x17dd2dc,74,FUN_1817dd2dc,,,09c49c2d624afa9d6455b981911f64f2acc71ddf22be8b6cc6aa89d46157ebde,undefined FUN_1817dd2dc(),ghidra,clean,
WHGame.dll,release_1_5_1164953_841,0x17dd318,144,FUN_1817dd318,,,6a0e2c3d89a34670a4906b14ea4b06d614bf87534cd5ab0657cd7877bddb7e76,undefined FUN_1817dd318(),ghidra,clean,
WHGame.dll,release_1_5_1164953_841,0x17dd3a8,34,FUN_1817dd3a8,,,f3a581b5aa83797b8ca012128f3d0f3e4c4f1c2a3b3e23bb0177a23451bf90e8,undefined FUN_1817dd3a8(),ghidra,clean,
WHGame.dll,release_1_5_1164953_841,0x17dd3cc,228,FUN_1817dd3cc,,,e22b885e5299391dca4a9cf353f9e7d5dc1967f3fc5f43791b9c9f3cc74f0fa0,undefined FUN_1817dd3cc(),ghidra,clean,
WHGame.dll,release_1_5_1164953_841,0x17dd4b0,76,FUN_1817dd4b0,,,6908a6c560602232b6934d88374b0dd03840b4859bf460ccdd747cebcec6e4c8,undefined FUN_1817dd4b0(),ghidra,clean,
WHGame.dll,release_1_5_1164953_841,0x17dd51c,314,FUN_1817dd51c,,,6d326f60c58c800df3ae524f622b3c4326cbbe72fb9e1ca58835a7f0e951018e,undefined FUN_1817dd51c(),ghidra,clean,
WHGame.dll,release_1_5_1164953_841,0x17dd658,153,FUN_1817dd658,,,b084312aea9af36f12ed156b61bb2e5977e2bb8fdfb33803c3083d1277517ab8,undefined FUN_1817dd658(),ghidra,clean,
WHGame.dll,release_1_5_1164953_841,0x17dd6f4,160,FUN_1817dd6f4,,,8829e8ff37e146602ca9b03c7425b078585c606c2c49744b1e093483ac3d58e5,undefined FUN_1817dd6f4(),ghidra,clean,
WHGame.dll,release_1_5_1164953_841,0x17dd794,167,FUN_1817dd794,,,a88b1791eacfb90e8119b904a250a1e0b09a052a25714b65e94abfe43d6022e3,undefined FUN_1817dd794(),ghidra,clean,
WHGame.dll,release_1_5_1164953_841,0x17dd83c,167,FUN_1817dd83c,,,7e8aa4d4b54fdef28afb2630b537b11d39019f794195cad0d755ecd9280f0b58,undefined FUN_1817dd83c(),ghidra,clean,
WHGame.dll,release_1_5_1164953_841,0x17dd8e4,167,FUN_1817dd8e4,,,c13b11b50932b7acfb92c028131dfed8a095ef1723e17770a5c2b351b4c2a466,undefined FUN_1817dd8e4(),ghidra,clean,
WHGame.dll,release_1_5_1164953_841,0x17dd98c,167,FUN_1817dd98c,,,a68ba4d749e2c6e067d346f5f40e5dea8eb41defb3c5dbb0a983560199e12d7f,undefined FUN_1817dd98c(),ghidra,clean,
WHGame.dll,release_1_5_1164953_841,0x17dda34,155,FUN_1817dda34,,,119012f34db7d6013f8a0111eff9c0841b023ed188421a60104855efbda4106c,undefined FUN_1817dda34(),ghidra,clean,
WHGame.dll,release_1_5_1164953_841,0x17ddad0,291,FUN_1817ddad0,,,2129604a47d8645f7c1e4570c6a329021c3a89778c989ceba8e40c936bae302c,undefined FUN_1817ddad0(),ghidra,clean,
WHGame.dll,release_1_5_1164953_841,0x17ddbf4,180,FUN_1817ddbf4,,,dd304a175e9e92c25887702d71706552b41c8d0635df238b1d6a7d57c7196f82,undefined FUN_1817ddbf4(),ghidra,clean,
WHGame.dll,release_1_5_1164953_841,0x17ddca8,180,FUN_1817ddca8,,,2fa7782c0b04c2cd2e9c1b1743043c807302d5dcd0786c861a3b0e35a59ca311,undefined FUN_1817ddca8(),ghidra,clean,
WHGame.dll,release_1_5_1164953_841,0x17ddd5c,180,FUN_1817ddd5c,,,12525e66878f83a0d0636dda51c456b89047b7279dc647c9519a54854a3bd03e,undefined FUN_1817ddd5c(),ghidra,clean,
WHGame.dll,release_1_5_1164953_841,0x17dde10,155,FUN_1817dde10,,,08eacd79c5324239260d80d78ab4eca78d2cd35953c18774862074163fed9cd1,undefined FUN_1817dde10(),ghidra,clean,
WHGame.dll,release_1_5_1164953_841,0x17ddeac,291,FUN_1817ddeac,,,3667a3c64d21e3efd08cb9505ddd088a522912f0c7b19852c24ba6ab18a2f7a7,undefined FUN_1817ddeac(),ghidra,clean,
WHGame.dll,release_1_5_1164953_841,0x17ddfd0,109,FUN_1817ddfd0,,,e12fe5ea6554cca1cffd34844d9db0b61188a998711a58a8c6c4837d1513f931,undefined FUN_1817ddfd0(),ghidra,clean,
WHGame.dll,release_1_5_1164953_841,0x17de040,99,FUN_1817de040,,,0562924057b123a3e4ba1baf84986a782c94162cb6254377d38fb4bd60a24bff,undefined FUN_1817de040(),ghidra,clean,
WHGame.dll,release_1_5_1164953_841,0x17de0a4,60,FUN_1817de0a4,,,282e44c0e3dbd277cada2fcf59b6a2ad645b617583806f7d2354d3ca32d6e335,undefined FUN_1817de0a4(),ghidra,clean,
WHGame.dll,release_1_5_1164953_841,0x17de0e0,891,FUN_1817de0e0,,,861a2d20da8c872cf56d67943dd8d323ce671a9d0fd7c45e12de3c7fc3c4e01f,undefined FUN_1817de0e0(),ghidra,clean,
WHGame.dll,release_1_5_1164953_841,0x17de1a4,5,FUN_1817de1a4,,,6f18598b04ecccf18cabc9b8cfb84ad5811a216884b53165c22fc09631568610,undefined FUN_1817de1a4(),ghidra,clean,
WHGame.dll,release_1_5_1164953_841,0x17de1a9,4,FUN_1817de1a9,,,2ffb5d7bbb9118b00324ef7ceb3fc19a0242cb1db13dcad10f5bef77fd1e45d7,undefined FUN_1817de1a9(),ghidra,clean,
WHGame.dll,release_1_5_1164953_841,0x17de1b0,264,FUN_1817de1b0,,,05d36e8810da52ec03a09694c451bfac6d020d3dd45163f5f3c909daad16223b,undefined FUN_1817de1b0(),ghidra,clean,
WHGame.dll,release_1_5_1164953_841,0x17de2b8,155,FUN_1817de2b8,,,fd161d31635bf4db5affb23941f8a5a9b2e97e434e013f68745eda936c7fb2f0,undefined FUN_1817de2b8(),ghidra,clean,
WHGame.dll,release_1_5_1164953_841,0x17de354,291,FUN_1817de354,,,8350fdeb2a99bb3ee631963c448a70ba6084ffb8bdebd139cf107b05e6bda5d7,undefined FUN_1817de354(),ghidra,clean,
WHGame.dll,release_1_5_1164953_841,0x17de478,152,FUN_1817de478,,,8b941e06f76a84e31ed206a11ea972c7a61edfce11f30ac271280ecf2e5b757e,undefined FUN_1817de478(),ghidra,clean,
WHGame.dll,release_1_5_1164953_841,0x17de510,91,FUN_1817de510,,,ead4630ee23e5c30c0e949f497ffa20d817917456d3a86835834eea4b7466dae,undefined FUN_1817de510(),ghidra,clean,
WHGame.dll,release_1_5_1164953_841,0x17de56c,91,FUN_1817de56c,,,63a60bd28cdf2bc163d5203066af94282ccf205852de9766aa586898ad2b1374,undefined FUN_1817de56c(),ghidra,clean,
WHGame.dll,release_1_5_1164953_841,0x17de5c8,72,FUN_1817de5c8,,,3807a6601084c132b8714eb5be72c92c4647984f86be9be7dd73132ed6615090,undefined FUN_1817de5c8(),ghidra,clean,
WHGame.dll,release_1_5_1164953_841,0x17de610,30,FUN_1817de610,,,92ebeb07f47c8d5df85fd12b5842d4181dc9f15830e5ad88f71e9b993472e258,undefined FUN_1817de610(),ghidra,clean,
WHGame.dll,release_1_5_1164953_841,0x17de630,30,FUN_1817de630,,,03717657af31348c66e64e10020b359327fbdefdb085c76a737462a9b6a719ab,undefined FUN_1817de630(),ghidra,clean,
WHGame.dll,release_1_5_1164953_841,0x17de650,107,FUN_1817de650,,,817e9896cb36e9f462021d020ca4037775e9b967157fe563dec3686ed31db1ed,undefined FUN_1817de650(),ghidra,clean,
WHGame.dll,release_1_5_1164953_841,0x17de6bc,8,FUN_1817de6bc,,,0e271f833a21629ecf5b06da869c0b4dd635a360e9a37373a3d9608a2772223c,undefined FUN_1817de6bc(),ghidra,clean,
WHGame.dll,release_1_5_1164953_841,0x17de6c4,429,FUN_1817de6c4,,,ac177da551fbf23cf9c2cee5b594996e231de92220cc2f7e3611ed3e73be2479,undefined FUN_1817de6c4(),ghidra,clean,
WHGame.dll,release_1_5_1164953_841,0x17de830,85,FUN_1817de830,,,9055c7f9b14bec3637dde77e884ad4cc4ad4912246d0bed933981cf4fab954e0,undefined FUN_1817de830(),ghidra,clean,
WHGame.dll,release_1_5_1164953_841,0x17de890,8,FUN_1817de890,,,8e519465c42fa66e3a3b5f0ea23a766d36551305f3f53bbc76cbeab0600015d2,undefined FUN_1817de890(),ghidra,clean,
WHGame.dll,release_1_5_1164953_841,0x17de898,431,FUN_1817de898,,,94995b3c89589e03ed40b0dd9b97a7a92757addd17009286268789347375b796,undefined FUN_1817de898(),ghidra,clean,
WHGame.dll,release_1_5_1164953_841,0x17dea48,123,FUN_1817dea48,,,f708b1f3a4cfa918832d5286cacfe30c9aba2ad80a08f7b8a52988109926cc3a,undefined FUN_1817dea48(),ghidra,clean,
WHGame.dll,release_1_5_1164953_841,0x17deac4,77,FUN_1817deac4,,,f5c3121ab17cab9ccab65b8b28c7479e72716271f6dc647b0da9215605a9873a,undefined FUN_1817deac4(),ghidra,clean,
WHGame.dll,release_1_5_1164953_841,0x17deaf4,370,FUN_1817deaf4,,,ecf7b0fb193198c47cb18396aa744e07a7f72d733e32aa900720f904be3b7ae6,undefined FUN_1817deaf4(),ghidra,clean,
WHGame.dll,release_1_5_1164953_841,0x17dec68,373,FUN_1817dec68,,,345332c61cf87cd4032f5e229a5fd2875ef606d2f94aa1b0e0c0026de87642a5,undefined FUN_1817dec68(),ghidra,clean,
WHGame.dll,release_1_5_1164953_841,0x17dede0,48,FUN_1817dede0,,,b22d12f894d93d3edb7510f5a76c16b3d48b6a9bdb2be78734cdbae2d9e899bb,undefined FUN_1817dede0(),ghidra,clean,
WHGame.dll,release_1_5_1164953_841,0x17dedfc,373,FUN_1817dedfc,,,a4e9e882d10eb3c57595bcf2d563108a17d1c558166db29d385c0f8339efb9dd,undefined FUN_1817dedfc(),ghidra,clean,
WHGame.dll,release_1_5_1164953_841,0x17def74,77,FUN_1817def74,,,a4896742b8a8dd9bac4443714b3f1ca56ff6ef649bf6291258a363629f780296,undefined FUN_1817def74(),ghidra,clean,
WHGame.dll,release_1_5_1164953_841,0x17defa4,373,FUN_1817defa4,,,646c535577a4ddcc830ea1872f0bbc1d4920986923334883c1228796979a9bdd,undefined FUN_1817defa4(),ghidra,clean,
WHGame.dll,release_1_5_1164953_841,0x17df11c,373,FUN_1817df11c,,,b7aad173492b7ed8fb00a4294cfcf15ad72345e251f7a2802999fc1fa769cb91,undefined FUN_1817df11c(),ghidra,clean,
WHGame.dll,release_1_5_1164953_841,0x17df294,77,FUN_1817df294,,,47afd42b7f8fa60f07dbb346a681a392ff4e76cdc2d54da740bb465781f7d301,undefined FUN_1817df294(),ghidra,clean,
WHGame.dll,release_1_5_1164953_841,0x17df2c4,370,FUN_1817df2c4,,,9fea310e74e0bd84cf0a9bb0d22558e43fca7f0413024fb08c769499715c26cd,undefined FUN_1817df2c4(),ghidra,clean,
WHGame.dll,release_1_5_1164953_841,0x17df438,373,FUN_1817df438,,,9684c92a2edb5ef8b609b18de290289cbcfb8ebdbb07950c81798494d65e9f57,undefined FUN_1817df438(),ghidra,clean,
WHGame.dll,release_1_5_1164953_841,0x17df5b0,142,FUN_1817df5b0,,,3983d111fdd58a546932404b07cb33e901415653370c4046cf95ba20c7a1910b,undefined FUN_1817df5b0(),ghidra,clean,
WHGame.dll,release_1_5_1164953_841,0x17df5d7,67,FUN_1817df5d7,,,d8f8c0fab4df0c2ba06ce62ee1ea6aeeecea1900a6c7fde2f3c85e84272b394b,undefined FUN_1817df5d7(),ghidra,clean,
WHGame.dll,release_1_5_1164953_841,0x17df61a,67,FUN_1817df61a,,,6d070bec67f453ebc2bef1a1719625400cf98607e8aebad021b0ab9757df5295,undefined FUN_1817df61a(),ghidra,clean,
WHGame.dll,release_1_5_1164953_841,0x17df65d,67,FUN_1817df65d,,,65b8348daeabc8bc12ea7798970be3c8f38f4ddfc1592faf865440fd4b4a7fb2,undefined FUN_1817df65d(),ghidra,clean,
WHGame.dll,release_1_5_1164953_841,0x17df6a0,67,FUN_1817df6a0,,,89e85fcb1c2c02dbf13cbee098d4afc6265b27661a415c1044dab05b38732138,undefined FUN_1817df6a0(),ghidra,clean,
WHGame.dll,release_1_5_1164953_841,0x17df6e3,67,FUN_1817df6e3,,,cc26d746c8450d4c04b1ceec1788bf2fb780defb262042ce5178d101a50f3c4c,undefined FUN_1817df6e3(),ghidra,clean,
WHGame.dll,release_1_5_1164953_841,0x17df726,67,FUN_1817df726,,,a0d298706b51543c503ab8fb90826fa3d07b1e4978087240a3b5cfda097fc45a,undefined FUN_1817df726(),ghidra,clean,
WHGame.dll,release_1_5_1164953_841,0x17df769,67,FUN_1817df769,,,b8a5bc113c414450d221bc71fdbe236c4fffcd8cbb25968749b146152967d5b3,undefined FUN_1817df769(),ghidra,clean,
WHGame.dll,release_1_5_1164953_841,0x17df7ac,87,FUN_1817df7ac,,,c1ccbe3533396e7aeaffc2d0a1b18083fe9647021d9d462e8ff9ac95bbaa0fa7,undefined FUN_1817df7ac(),ghidra,clean,
WHGame.dll,release_1_5_1164953_841,0x17df808,401,FUN_1817df808,,,ef2a7be26edc06f6eb0a2f31668798b869a24746e6f2510d418be5572e059d20,undefined FUN_1817df808(),ghidra,clean,
WHGame.dll,release_1_5_1164953_841,0x17df9a0,8,FUN_1817df9a0,,,fa130114758f7e28e1e10ef096b9ec77d2d4cd94b14899ae4f893f79f0c683d2,undefined FUN_1817df9a0(),ghidra,clean,
WHGame.dll,release_1_5_1164953_841,0x17df9a8,402,FUN_1817df9a8,,,8a5e0da80d621452984c2570a7fb2c2ef4c68ab8e171b6801c24b9cf98e5764e,undefined FUN_1817df9a8(),ghidra,clean,
WHGame.dll,release_1_5_1164953_841,0x17dfb3c,65,FUN_1817dfb3c,,,ae904eabf57b56091bfd823b9d378684cd32e85fb4edfc6fea3c5c0ae1140337,undefined FUN_1817dfb3c(),ghidra,clean,
WHGame.dll,release_1_5_1164953_841,0x17dfb80,157,FUN_1817dfb80,,,bfca3742c812575af3c7b62554ad90b184ea56dab06d717930dfce660985f58c,undefined FUN_1817dfb80(),ghidra,clean,
WHGame.dll,release_1_5_1164953_841,0x17dfc20,87,FUN_1817dfc20,,,fc939adcf39b458c60e06d4fd19e3af9e37b9e4fd99f5acaac09b8b87332143b,undefined FUN_1817dfc20(),ghidra,clean,
WHGame.dll,release_1_5_1164953_841,0x17dfc54,177,FUN_1817dfc54,,,946a1c58e8c6095e7da6666c7a7b37aa81c2e8c2de0a35c904fbc7eff1b3bc36,undefined FUN_1817dfc54(),ghidra,clean,
WHGame.dll,release_1_5_1164953_841,0x17dfcc4,175,FUN_1817dfcc4,,,9e30fbe23c1baafe5322cde9c254d0265c94918351e272aa62d0c1059a0f21a8,undefined FUN_1817dfcc4(),ghidra,clean,
WHGame.dll,release_1_5_1164953_841,0x17dfd74,102,FUN_1817dfd74,,,a13dd0e27c2f29fa3b0d5bca1b87c2eaa14944736f0279dc05f3a1c131911612,undefined FUN_1817dfd74(),ghidra,clean,
WHGame.dll,release_1_5_1164953_841,0x17dfde0,9,FUN_1817dfde0,,,34bb823b9733cb8a73d6afb0f1cd0caa447e28f7699f3518b68d5c37e1ca1398,undefined FUN_1817dfde0(),ghidra,clean,
WHGame.dll,release_1_5_1164953_841,0x17dfdec,97,FUN_1817dfdec,,,929140705edace428021440034c1c00d991cf8df3f05c3fa18fb6366bb23ef3a,undefined FUN_1817dfdec(),ghidra,clean,
WHGame.dll,release_1_5_1164953_841,0x17dfe50,75,FUN_1817dfe50,,,e95fd5013b11ed7304dd3769006c8d6f62d40f99cea8a15b0b5bdba7bed46b12,undefined FUN_1817dfe50(),ghidra,clean,
WHGame.dll,release_1_5_1164953_841,0x17dfe9c,117,FUN_1817dfe9c,,,3159f717a7f593ae8d536cf35b4c70fb15ef6cf2190405c2603b42fa16605a72,undefined FUN_1817dfe9c(),ghidra,clean,
WHGame.dll,release_1_5_1164953_841,0x17dfed0,71,FUN_1817dfed0,,,0d115478d9e1a529e06832e90770289688dc0b7a901cccb6f6abb50fcad80e61,undefined FUN_1817dfed0(),ghidra,clean,
WHGame.dll,release_1_5_1164953_841,0x17dff18,57,FUN_1817dff18,,,fed3597ed49492875266c010fa7a618b8a3b4b4ff169124957b8b976cd3265dd,undefined FUN_1817dff18(),ghidra,clean,
WHGame.dll,release_1_5_1164953_841,0x17dff54,57,FUN_1817dff54,,,0e66fe1772c18458f7ce8b7fab77397c2a6de81c4c774c932a4ebdeaad06ae9d,undefined FUN_1817dff54(),ghidra,clean,
WHGame.dll,release_1_5_1164953_841,0x17dff90,25,FUN_1817dff90,,,ab3d11ecfae78b9575acc997f47a9af522420cd08e065c17c13eb4ef1622f9b1,undefined FUN_1817dff90(),ghidra,clean,
WHGame.dll,release_1_5_1164953_841,0x17dffac,100,FUN_1817dffac,,,09773cc66ef95be8540dc57e1e27c0d6a9638be1e86d0eca25b45a5c02ebb0f6,undefined FUN_1817dffac(),ghidra,clean,
WHGame.dll,release_1_5_1164953_841,0x17e0010,234,FUN_1817e0010,,,813d328bbef3564dc3cbd29ec77277296014c829c8708f954e1119db2caecfcb,undefined FUN_1817e0010(),ghidra,clean,
WHGame.dll,release_1_5_1164953_841,0x17e00fc,207,FUN_1817e00fc,,,b7abf7fcda392ebc10d156dc934245264dfcba6243ecd6820b8021fb9c9a0821,undefined FUN_1817e00fc(),ghidra,clean,
WHGame.dll,release_1_5_1164953_841,0x17e01bc,261,FUN_1817e01bc,,,2c209daa375a54c093b51df05777ea77e5e3e291f922616ea6ec6374c0a83120,undefined FUN_1817e01bc(),ghidra,clean,
WHGame.dll,release_1_5_1164953_841,0x17e02b8,197,FUN_1817e02b8,,,5624e9a765521b1f20a87ba3b52aeaa564851b7f07e61fc6da3fb29a95e53a8f,undefined FUN_1817e02b8(),ghidra,clean,
WHGame.dll,release_1_5_1164953_841,0x17e0380,234,FUN_1817e0380,,,974109358452c84051939d646dd17ef21a1d77c78e1fd19fc09cc4aa63328a3c,undefined FUN_1817e0380(),ghidra,clean,
WHGame.dll,release_1_5_1164953_841,0x17e046c,207,FUN_1817e046c,,,32f65d9d3e9e90b34a7644d6783943ca042452e72df8db2c5e8700e76713ea4d,undefined FUN_1817e046c(),ghidra,clean,
WHGame.dll,release_1_5_1164953_841,0x17e052c,261,FUN_1817e052c,,,7b6525d35457affe17aff5dcaa0d94d3b626fcf7ced731ce2642b0dd2e532743,undefined FUN_1817e052c(),ghidra,clean,
WHGame.dll,release_1_5_1164953_841,0x17e0628,196,FUN_1817e0628,,,89e727a06b3ace25c322c0bd75ecf2028ab0b2d8dea0bca1a9a0c92bd0516667,undefined FUN_1817e0628(),ghidra,clean,
WHGame.dll,release_1_5_1164953_841,0x17e06ec,234,FUN_1817e06ec,,,5991deb405ed3328740e6dd53d83b4377c1fd4ec6a557e9267f1e2eddd65db5a,undefined FUN_1817e06ec(),ghidra,clean,
WHGame.dll,release_1_5_1164953_841,0x17e07d8,207,FUN_1817e07d8,,,a11649ef4baae622810d9facdab76e5930d55d158f355242ae6163d620e0a0a4,undefined FUN_1817e07d8(),ghidra,clean,
WHGame.dll,release_1_5_1164953_841,0x17e0898,261,FUN_1817e0898,,,912e1595151acf24a4fb1d3922058b20600252740668acff3ece95e5bd2dcf3c,undefined FUN_1817e0898(),ghidra,clean,
WHGame.dll,release_1_5_1164953_841,0x17e0994,196,FUN_1817e0994,,,78fa1e4fae793204feaee49098f3f46103c663203bd91c014b899042e7c3856c,undefined FUN_1817e0994(),ghidra,clean,
WHGame.dll,release_1_5_1164953_841,0x17e0a58,238,FUN_1817e0a58,,,c87309153628a55e8e4db05c9b01cd752caf3d984574c289ca0b12041ba497cd,undefined FUN_1817e0a58(),ghidra,clean,
WHGame.dll,release_1_5_1164953_841,0x17e0b48,214,FUN_1817e0b48,,,bdd945885ac90118c71984399a9a5d55b494279cfd97783d9da42b7485d1de92,undefined FUN_1817e0b48(),ghidra,clean,
WHGame.dll,release_1_5_1164953_841,0x17e0c10,277,FUN_1817e0c10,,,da3086dc129bf6f26071cc73cc4473e31461bf0f2737a35040aa781bdfc5f9eb,undefined FUN_1817e0c10(),ghidra,clean,
WHGame.dll,release_1_5_1164953_841,0x17e0d1c,209,FUN_1817e0d1c,,,ab59ada1acd001213a730a9e84c82b53943e5a2fab3f18b89691da0ffaeb9b18,undefined FUN_1817e0d1c(),ghidra,clean,
WHGame.dll,release_1_5_1164953_841,0x17e0df0,238,FUN_1817e0df0,,,58416c11cb1d3b78bdac89cb4ba1c6896f316acf99dccc751b64d8255a36a7f5,undefined FUN_1817e0df0(),ghidra,clean,
WHGame.dll,release_1_5_1164953_841,0x17e0ee0,214,FUN_1817e0ee0,,,83569ce0e8cc204f4cdd4d59106ca169b01b649d630276439febfafc992dc744,undefined FUN_1817e0ee0(),ghidra,clean,
WHGame.dll,release_1_5_1164953_841,0x17e0fa8,277,FUN_1817e0fa8,,,e2751239a2a3c26411e11d3b6d4a4eaddc83cc9877ec752bc4c6e5c1ae83a56c,undefined FUN_1817e0fa8(),ghidra,clean,
WHGame.dll,release_1_5_1164953_841,0x17e10b4,209,FUN_1817e10b4,,,5aaa949195f9f3d5481698cc739703d55be6db9208e213297526a980a53b8e7c,undefined FUN_1817e10b4(),ghidra,clean,
WHGame.dll,release_1_5_1164953_841,0x17e1188,217,FUN_1817e1188,,,742630c90421da85ba66744cf3a3ec9af2b190d3c5166ce054bb28e5853f0e71,undefined FUN_1817e1188(),ghidra,clean,
WHGame.dll,release_1_5_1164953_841,0x17e121c,185,FUN_1817e121c,,,bbd4be6a91c4e7525bb7cdf7dac96fbca581ca7879f092f8aa927fb9f605f1b5,undefined FUN_1817e121c(),ghidra,clean,
WHGame.dll,release_1_5_1164953_841,0x17e12d8,190,FUN_1817e12d8,,,92f5062b7abd6b7a92ed92e2bae579b51935585aa6236346b4b4447809cccaf8,undefined FUN_1817e12d8(),ghidra,clean,
WHGame.dll,release_1_5_1164953_841,0x17e1380,770,FUN_1817e1380,,,294f2e051d161a4f6046d53923e458acc8ba84529635565df3ba56c2b22418c7,undefined FUN_1817e1380(),ghidra,clean,
WHGame.dll,release_1_5_1164953_841,0x17e1684,172,FUN_1817e1684,,,28f2c9611d79e4a38c664e802eb4da7bd9a5f1724f6f597c4ec1aae7bc4cf11f,undefined FUN_1817e1684(),ghidra,clean,
WHGame.dll,release_1_5_1164953_841,0x17e16c0,4,FUN_1817e16c0,,,2b5a99c6af02a50ac6ac899af9364f8ee05527ae8458cfad23cd90638d552643,undefined FUN_1817e16c0(),ghidra,clean,
WHGame.dll,release_1_5_1164953_841,0x17e16d0,8,FUN_1817e16d0,,,a45d214f96b2c52a0b3a3bade48bfdcb8d45e37c815d63559d846c9ef4f6acb8,undefined FUN_1817e16d0(),ghidra,clean,
WHGame.dll,release_1_5_1164953_841,0x17e16d8,238,FUN_1817e16d8,,,f6ee4d7b07679d1a084af50bc63a577cbe262c29cf9eee45866fac79a3bdcfe0,undefined FUN_1817e16d8(),ghidra,clean,
WHGame.dll,release_1_5_1164953_841,0x17e17c8,214,FUN_1817e17c8,,,2e790b9a7768dfa3ffdf86d79b370d66f0878484e8ac59180a46b5b15c7cd9c5,undefined FUN_1817e17c8(),ghidra,clean,
WHGame.dll,release_1_5_1164953_841,0x17e1890,277,FUN_1817e1890,,,e07898165bec66f8070ebe16e4461c6f6516f5e6c777653fbb2d444cb5392b12,undefined FUN_1817e1890(),ghidra,clean,
WHGame.dll,release_1_5_1164953_841,0x17e199c,209,FUN_1817e199c,,,8df48936e5fe4f379583852b321e539566395e1106ff180ad23590cb937a6c07,undefined FUN_1817e199c(),ghidra,clean,
WHGame.dll,release_1_5_1164953_841,0x17e1a70,91,FUN_1817e1a70,,,1df331373e1fa816ec3f525d27dceaeae5014ed0a826bec42a49a44c1e4e4def,undefined FUN_1817e1a70(),ghidra,clean,
WHGame.dll,release_1_5_1164953_841,0x17e1acc,830,FUN_1817e1acc,,,51926129ed2d39387a103fa8d1564c299d10c846f7bf0861770c3f81b2e24040,undefined FUN_1817e1acc(),ghidra,clean,
WHGame.dll,release_1_5_1164953_841,0x17e1b62,5,FUN_1817e1b62,,,4f1950b303bbf7c0176dd6da099441a7b9bf79d8f05e165440ed6c434333c982,undefined FUN_1817e1b62(),ghidra,clean,
WHGame.dll,release_1_5_1164953_841,0x17e1b68,130,FUN_1817e1b68,,,4ffb2919954799b6049c2767bb309fb0e4beac29891acfafb026600e524cdca7,undefined FUN_1817e1b68(),ghidra,clean,
WHGame.dll,release_1_5_1164953_841,0x17e1bec,224,FUN_1817e1bec,,,69a477bdee2b1f480dcb9624e8accbb3247266a32c0b6c026ef8865ba223eb03,undefined FUN_1817e1bec(),ghidra,clean,
WHGame.dll,release_1_5_1164953_841,0x17e1cd0,81,FUN_1817e1cd0,,,72833b122a8010e3489a72e260b53112a9856d6fb754a59c75da02d2091bf752,undefined FUN_1817e1cd0(),ghidra,clean,
WHGame.dll,release_1_5_1164953_841,0x17e1d04,59,FUN_1817e1d04,,,50f73973fd162b795bb693b5c20856020b003fa4a33be920bece35d973b54624,undefined FUN_1817e1d04(),ghidra,clean,
WHGame.dll,release_1_5_1164953_841,0x17e1d40,65,FUN_1817e1d40,,,500c7171d7ce5d186b8cd38af78c0919bac623238898cc847e7c6416cd0022ea,undefined FUN_1817e1d40(),ghidra,clean,
WHGame.dll,release_1_5_1164953_841,0x17e1d84,51,FUN_1817e1d84,,,5e0980efaf4c9e91139ef4f6cfa430e7af84af39dd03572a959de9ac55f9726b,undefined FUN_1817e1d84(),ghidra,clean,
WHGame.dll,release_1_5_1164953_841,0x17e1db8,65,FUN_1817e1db8,,,fce7ced1e718319d534f7313160b79a730aedddfc72661216ea258e70574e652,undefined FUN_1817e1db8(),ghidra,clean,
WHGame.dll,release_1_5_1164953_841,0x17e1dfc,121,FUN_1817e1dfc,,,4ed6de4d01af5b39f86fc10b391effbc58775f65860101205a9886c858a2febe,undefined FUN_1817e1dfc(),ghidra,clean,
WHGame.dll,release_1_5_1164953_841,0x17e1e64,62,FUN_1817e1e64,,,08183e553d995759a7a46fe1d6b61ee1a3d558673dc8318b12c688a25c07e7c5,undefined FUN_1817e1e64(),ghidra,clean,
WHGame.dll,release_1_5_1164953_841,0x17e1ea4,266,FUN_1817e1ea4,,,39e0e16e6f42be4592aefa0b0ffdf722ef5db13ae1ea347638fd29d8d21ba96d,undefined FUN_1817e1ea4(),ghidra,clean,
WHGame.dll,release_1_5_1164953_841,0x17e1fb0,55,FUN_1817e1fb0,,,daab16f2d213b611b880e8c311ba271253808fbc7071774f166a844d9116f409,undefined FUN_1817e1fb0(),ghidra,clean,
WHGame.dll,release_1_5_1164953_841,0x17e1fe8,164,FUN_1817e1fe8,,,d7526488cc28ee55a710db59fa14987bfb113d672be530630dc2df40b8049ea7,undefined FUN_1817e1fe8(),ghidra,clean,
WHGame.dll,release_1_5_1164953_841,0x17e208c,91,FUN_1817e208c,,,8558a5a28503a9a185881e94d6b0a4e319b078c9b4e271c1d4232621b55b7ad9,undefined FUN_1817e208c(),ghidra,clean,
WHGame.dll,release_1_5_1164953_841,0x17e20e8,193,FUN_1817e20e8,,,8fc224ef26ea959e2ff89c8ecf3909b12b8ae6fd9b8552a1c2e414ed3ff4b8b1,undefined FUN_1817e20e8(),ghidra,clean,
WHGame.dll,release_1_5_1164953_841,0x17e21ac,84,FUN_1817e21ac,,,9c74ab6f6656b285fd34b8570b1628c9295c884f77c11e832c6ded607c1bba86,undefined FUN_1817e21ac(),ghidra,clean,
WHGame.dll,release_1_5_1164953_841,0x17e21f0,180,FUN_1817e21f0,,,2aa8040c9b503ccb17552829694b69b40a13f2378039ed1223eeec9b0c6ee606,undefined FUN_1817e21f0(),ghidra,clean,
WHGame.dll,release_1_5_1164953_841,0x17e22a4,35,FUN_1817e22a4,,,5d9e38c53e5ac8ef726fb0c01747a0ecb5ceadbf966df715b3593076055376fa,undefined FUN_1817e22a4(),ghidra,clean,
WHGame.dll,release_1_5_1164953_841,0x17e22c8,233,FUN_1817e22c8,,,4cc798d55bbcfaba933813fc608061e6e62b48517c6e52b1512be6043467e858,undefined FUN_1817e22c8(),ghidra,clean,
WHGame.dll,release_1_5_1164953_841,0x17e2348,290,FUN_1817e2348,,,6af1d773875b5b8c98437af61c8ebeabbd2212b640ac08312234e53be1fc8269,undefined FUN_1817e2348(),ghidra,clean,
WHGame.dll,release_1_5_1164953_841,0x17e2488,180,FUN_1817e2488,,,66aeb05f8c2cc66b96e0e6bce3613d61bc3b585ca84c189b8810d221f8d7bef2,undefined FUN_1817e2488(),ghidra,clean,
WHGame.dll,release_1_5_1164953_841,0x17e253c,180,FUN_1817e253c,,,1f353e9e2a3d836624a45c45c9e946eb7b57bd2d08f2a9e5ee1dfba7116bbfa4,undefined FUN_1817e253c(),ghidra,clean,
WHGame.dll,release_1_5_1164953_841,0x17e25f0,180,FUN_1817e25f0,,,3a4edf03955368b2d18051b909a6c4126afd97a805b286e1b2f424445a8f9ea4,undefined FUN_1817e25f0(),ghidra,clean,
WHGame.dll,release_1_5_1164953_841,0x17e26a4,180,FUN_1817e26a4,,,4910b2b118e49a56ed1a9a03da6f321da30bb29be14db32dfed0de25ffd54d41,undefined FUN_1817e26a4(),ghidra,clean,
WHGame.dll,release_1_5_1164953_841,0x17e2758,180,FUN_1817e2758,,,8ea0554dea6f999ad52d172ccc932c7d9e9e3a890c8f229bb1e59179780ecc34,undefined FUN_1817e2758(),ghidra,clean,
WHGame.dll,release_1_5_1164953_841,0x17e280c,180,FUN_1817e280c,,,8c07161224cd141ab24138b8176cbecabdfd8f7d64761750a3ebf0a6a718456f,undefined FUN_1817e280c(),ghidra,clean,
WHGame.dll,release_1_5_1164953_841,0x17e28c0,180,FUN_1817e28c0,,,a03c8ae2c69914c784eb9a32b782c0f7a7ee1d06a0fe6677513a6590fb1ea0f5,undefined FUN_1817e28c0(),ghidra,clean,
WHGame.dll,release_1_5_1164953_841,0x17e2974,180,FUN_1817e2974,,,c87d793464b353ba8b36509aa28e43c8d2ef14161fec5b9f9ec5c5843bec86e1,undefined FUN_1817e2974(),ghidra,clean,
WHGame.dll,release_1_5_1164953_841,0x17e2a28,155,FUN_1817e2a28,,,76f638d76fe5ba65186cd248ff9af7d5198905614e311b316d20335ef95bb411,undefined FUN_1817e2a28(),ghidra,clean,
WHGame.dll,release_1_5_1164953_841,0x17e2ac4,291,FUN_1817e2ac4,,,7a41b6d48ba5e3b85c43383afafd0f210c20d4f35e19795e8bea72b20d18ebcf,undefined FUN_1817e2ac4(),ghidra,clean,
WHGame.dll,release_1_5_1164953_841,0x17e2be8,63,FUN_1817e2be8,,,d061b060efc98edf4a4b19d342f8e0c9aebfcf276348c701b6c7e00f43913f95,undefined FUN_1817e2be8(),ghidra,clean,
WHGame.dll,release_1_5_1164953_841,0x17e2c28,364,FUN_1817e2c28,,,d43aa4d13e74519ffd956f21445f6e0c0140f68c64d701f3846dc422e5f86dd3,undefined FUN_1817e2c28(),ghidra,clean,
WHGame.dll,release_1_5_1164953_841,0x17e2d94,234,FUN_1817e2d94,,,8a4c70cd619b3e7a6d34fc64d29f940881870f4bbeedb14c51138dfc20b9de0a,undefined FUN_1817e2d94(),ghidra,clean,
WHGame.dll,release_1_5_1164953_841,0x17e2e80,207,FUN_1817e2e80,,,62b276cfe798558097b585976c7f4e676f57c517048535ed0b561a6492f92abb,undefined FUN_1817e2e80(),ghidra,clean,
WHGame.dll,release_1_5_1164953_841,0x17e2f40,261,FUN_1817e2f40,,,4dfb766b7d020d7a9309e126a77628b2e9358808d703478450758de857b94213,undefined FUN_1817e2f40(),ghidra,clean,
WHGame.dll,release_1_5_1164953_841,0x17e303c,197,FUN_1817e303c,,,8691b1c001fc41946ddc4af54653fc02afa30abbd07e4b8265993c36adb5dfcf,undefined FUN_1817e303c(),ghidra,clean,
WHGame.dll,release_1_5_1164953_841,0x17e3104,234,FUN_1817e3104,,,d3923fa4461090028906b378cc5237ba91121ffac5d9cfeca6c9baf3826e4653,undefined FUN_1817e3104(),ghidra,clean,
WHGame.dll,release_1_5_1164953_841,0x17e31f0,207,FUN_1817e31f0,,,d58f23aac2649dbfb79e5d95252793cb8b8dbb893dd0ee48ee8770b7c983755e,undefined FUN_1817e31f0(),ghidra,clean,
WHGame.dll,release_1_5_1164953_841,0x17e32b0,261,FUN_1817e32b0,,,52d1bf79049ac140d91883046cce27670d4446a19491b9a2d0de70a7b3efb7ac,undefined FUN_1817e32b0(),ghidra,clean,
WHGame.dll,release_1_5_1164953_841,0x17e33ac,197,FUN_1817e33ac,,,42f1d42a454fa4e724ee8ebb9bfba6f33f354747a382c6e6ce6be33e2cd50bc8,undefined FUN_1817e33ac(),ghidra,clean,
WHGame.dll,release_1_5_1164953_841,0x17e3474,193,FUN_1817e3474,,,b397b6c7b797d52d19b1aa2d88286cf671978457ef23a67fd0e903f50165d891,undefined FUN_1817e3474(),ghidra,clean,
WHGame.dll,release_1_5_1164953_841,0x17e3538,50,FUN_1817e3538,,,fe010f7494270988d6456deb1a4f827efca87c2715efb8226cb591ad71cef567,undefined FUN_1817e3538(),ghidra,clean,
WHGame.dll,release_1_5_1164953_841,0x17e356c,155,FUN_1817e356c,,,8fc5149ac4eed9e73e25620b4acb903dc00849e4828201a2da87f0c314b556a5,undefined FUN_1817e356c(),ghidra,clean,
WHGame.dll,release_1_5_1164953_841,0x17e3608,291,FUN_1817e3608,,,0cc39f9b49b97511bcc1218ddecaf5775f7ffef4456e9e5fb582bffdf57f4145,undefined FUN_1817e3608(),ghidra,clean,
WHGame.dll,release_1_5_1164953_841,0x17e372c,155,FUN_1817e372c,,,3c5dc87cdb8e02c8fd10941868336228c7dbfee4f2b571c346dc246ac1a64593,undefined FUN_1817e372c(),ghidra,clean,
WHGame.dll,release_1_5_1164953_841,0x17e37c8,291,FUN_1817e37c8,,,b2d2bf2a42d27ea3563817f264cddd654b5cf73d4238aa20bc99d39db94fb7ee,undefined FUN_1817e37c8(),ghidra,clean,
WHGame.dll,release_1_5_1164953_841,0x17e38ec,160,FUN_1817e38ec,,,a3a0c41004cb0cc142281e07fb2067c2df2e6bf1e728e586f650be226cd3aa2a,undefined FUN_1817e38ec(),ghidra,clean,
WHGame.dll,release_1_5_1164953_841,0x17e3974,251,FUN_1817e3974,,,dcd1bbd0d380eb22732d1adadf7ddc3ce5050c71ed2658429ff721db583e452d,undefined FUN_1817e3974(),ghidra,clean,
WHGame.dll,release_1_5_1164953_841,0x17e3a3c,26,FUN_1817e3a3c,,,5b07c47a83ba2d78acad118e5b34d23bf0c988ab3af9c6465e8e521c163799b0,undefined FUN_1817e3a3c(),ghidra,clean,
WHGame.dll,release_1_5_1164953_841,0x17e3a58,66,FUN_1817e3a58,,,11400033842bc0d798cdf9a30bc36322ba3581830dfa7f5ceb556a60053c903a,undefined FUN_1817e3a58(),ghidra,clean,
WHGame.dll,release_1_5_1164953_841,0x17e3a9c,77,FUN_1817e3a9c,,,317d603eb1aa02896d75690840883e7fc6611ed393b6a0052e73b782fdad735f,undefined FUN_1817e3a9c(),ghidra,clean,
WHGame.dll,release_1_5_1164953_841,0x17e3aec,69,FUN_1817e3aec,,,9748b44d8cc8e814529f30e7556bfeaafc2ee121a01fbdf5324c216cb5734aa1,undefined FUN_1817e3aec(),ghidra,clean,
WHGame.dll,release_1_5_1164953_841,0x17e3b34,140,FUN_1817e3b34,,,ae0d57da6866d4a456f9bb9a8e5315c9d1b7ffc4ec7a272429081595cf375e06,undefined FUN_1817e3b34(),ghidra,clean,
WHGame.dll,release_1_5_1164953_841,0x17e3bc0,961,FUN_1817e3bc0,,,8fc032befc7cbf7e07d92a1ecacf622494f3996de28a7b26f2eaa0029672c1eb,undefined FUN_1817e3bc0(),ghidra,clean,
WHGame.dll,release_1_5_1164953_841,0x17e3f84,55,FUN_1817e3f84,,,18966096050bc4340ce26ec65b4096655680f540afa5e6152558d5507a76e7ab,undefined FUN_1817e3f84(),ghidra,clean,
WHGame.dll,release_1_5_1164953_841,0x17e3fac,168,FUN_1817e3fac,,,164550bf12a8b9fd537e5a9ea2948f2bde765b4d9d094f9a35f1f4c84407e1a5,undefined FUN_1817e3fac(),ghidra,clean,
WHGame.dll,release_1_5_1164953_841,0x17e403c,44,FUN_1817e403c,,,bc5db603e6fe19cf919da2a944836707d69fa1178343d2c68ea2fd56314828a6,undefined FUN_1817e403c(),ghidra,clean,
WHGame.dll,release_1_5_1164953_841,0x17e4068,891,FUN_1817e4068,,,52a49bf703cdd828ba6fd33ae6d5389fb865bc5b1fbe443511166fbeff546c14,undefined FUN_1817e4068(),ghidra,clean,
WHGame.dll,release_1_5_1164953_841,0x17e412c,5,FUN_1817e412c,,,6f18598b04ecccf18cabc9b8cfb84ad5811a216884b53165c22fc09631568610,undefined FUN_1817e412c(),ghidra,clean,
WHGame.dll,release_1_5_1164953_841,0x17e4131,4,FUN_1817e4131,,,2ffb5d7bbb9118b00324ef7ceb3fc19a0242cb1db13dcad10f5bef77fd1e45d7,undefined FUN_1817e4131(),ghidra,clean,
WHGame.dll,release_1_5_1164953_841,0x17e4138,264,FUN_1817e4138,,,dabd3b238602743f2458ddf50ae497eff7bff294c8e8843c741d901365b8219f,undefined FUN_1817e4138(),ghidra,clean,
WHGame.dll,release_1_5_1164953_841,0x17e4240,155,FUN_1817e4240,,,890bd3d5a219056a446187d2e7ac85cf7b4fc88f77ddfdbe973a146a0f3c8f4e,undefined FUN_1817e4240(),ghidra,clean,
WHGame.dll,release_1_5_1164953_841,0x17e42dc,291,FUN_1817e42dc,,,5f9b0f596911be4a14f83b614baeb4a51c125a62b3ebb0492d0dfd0e7b708fee,undefined FUN_1817e42dc(),ghidra,clean,
WHGame.dll,release_1_5_1164953_841,0x17e4400,5,thunk_FUN_1817e4408,,,b0d40b133b9394d93820ac0104b0065121d2d73df32c7bfb4e4cf5d805a8b103,undefined thunk_FUN_1817e4408(),ghidra,clean,
WHGame.dll,release_1_5_1164953_841,0x17e4408,103,FUN_1817e4408,,,823acbbdadf0a356b6867dfde190b84d6257e80d305b225ecced63df9c3d172d,undefined FUN_1817e4408(),ghidra,clean,
WHGame.dll,release_1_5_1164953_841,0x17e4470,95,FUN_1817e4470,,,bb20eae58c564b928a5aca69565f3655953e3a0210fe6347a3550d9a7da2d933,undefined FUN_1817e4470(),ghidra,clean,
WHGame.dll,release_1_5_1164953_841,0x17e44d0,201,FUN_1817e44d0,,,a7acc9bfa35c29bee54fe5991886a1beabf5f302f79050b8493dcf94e12ee29e,undefined FUN_1817e44d0(),ghidra,clean,
WHGame.dll,release_1_5_1164953_841,0x17e457c,53,FUN_1817e457c,,,791b72fa6ca4ab5b7e8000eb1ab39f768064c68053416e462fdda6d59dbe50e8,undefined FUN_1817e457c(),ghidra,clean,
WHGame.dll,release_1_5_1164953_841,0x17e45b4,431,FUN_1817e45b4,,,22f7e31c70068f2073dea8a1f5526c3265f03cf56e1a903b1e6cb33eddc6875c,undefined FUN_1817e45b4(),ghidra,clean,
WHGame.dll,release_1_5_1164953_841,0x17e4710,40,FUN_1817e4710,,,dcc1f2dbe37f73e5db7341e58cd2601bd841c0473e1fcf5194b6cfc975002705,undefined FUN_1817e4710(),ghidra,clean,
WHGame.dll,release_1_5_1164953_841,0x17e4738,42,FUN_1817e4738,,,ab5b8ab2c79ffb97f3f69d7d2acdb4069fed44260284eab58bb54451e8a53a3c,undefined FUN_1817e4738(),ghidra,clean,
WHGame.dll,release_1_5_1164953_841,0x17e4764,5,thunk_FUN_1817e476c,,,b0d40b133b9394d93820ac0104b0065121d2d73df32c7bfb4e4cf5d805a8b103,undefined thunk_FUN_1817e476c(),ghidra,clean,
WHGame.dll,release_1_5_1164953_841,0x17e476c,103,FUN_1817e476c,,,3ef4c314230d4874410b161a0a5c36f359c52b92f1373c9fd9c04f8cce4e91ae,undefined FUN_1817e476c(),ghidra,clean,
WHGame.dll,release_1_5_1164953_841,0x17e47d4,95,FUN_1817e47d4,,,baa42afa5e7b5bacad1fce8ef5cef6585818d828ee5a32b9897e8c45f7ffdd52,undefined FUN_1817e47d4(),ghidra,clean,
WHGame.dll,release_1_5_1164953_841,0x17e4834,201,FUN_1817e4834,,,52da5224388c54dcc28a2acf902800ce48d1b7ab56bbd2ffb985233e03757cd7,undefined FUN_1817e4834(),ghidra,clean,
WHGame.dll,release_1_5_1164953_841,0x17e48e0,53,FUN_1817e48e0,,,d946f4bce9c29eb5cb970564175e97b3367250a7a8c388862e4be1725724fd3e,undefined FUN_1817e48e0(),ghidra,clean,
WHGame.dll,release_1_5_1164953_841,0x17e4918,431,FUN_1817e4918,,,cdb1e1798466a735a694165d46c59d449c6ea58bbf4f6f23aa3f62ef5a094dd2,undefined FUN_1817e4918(),ghidra,clean,
WHGame.dll,release_1_5_1164953_841,0x17e4a74,40,FUN_1817e4a74,,,c92924a423387867844cfafc78273618f943f44dfeb13225c57b1afc7dbe675f,undefined FUN_1817e4a74(),ghidra,clean,
WHGame.dll,release_1_5_1164953_841,0x17e4a9c,42,FUN_1817e4a9c,,,13f7586501db48b52b875a2e4c06f4f3112a996acb4a6c1f21353b8eb9910600,undefined FUN_1817e4a9c(),ghidra,clean,
WHGame.dll,release_1_5_1164953_841,0x17e4ac8,5,thunk_FUN_1817e4ad0,,,b0d40b133b9394d93820ac0104b0065121d2d73df32c7bfb4e4cf5d805a8b103,undefined thunk_FUN_1817e4ad0(),ghidra,clean,
WHGame.dll,release_1_5_1164953_841,0x17e4ad0,103,FUN_1817e4ad0,,,4aa75fb9006cf34290f8f2d3b5c9555fde6dbce6d235658173eacd4df339c144,undefined FUN_1817e4ad0(),ghidra,clean,
WHGame.dll,release_1_5_1164953_841,0x17e4b38,95,FUN_1817e4b38,,,6e4dfd2df2db98f4bcd9edaab977da50c4156aec04a4fa0a455d0888234273ae,undefined FUN_1817e4b38(),ghidra,clean,
WHGame.dll,release_1_5_1164953_841,0x17e4b98,201,FUN_1817e4b98,,,464f9144cedc0df3bdfeec670dcffe12eab07e5bfc6a62e5967ddee365b95685,undefined FUN_1817e4b98(),ghidra,clean,
WHGame.dll,release_1_5_1164953_841,0x17e4c44,53,FUN_1817e4c44,,,f6756b3e080ac4a34aa9f35af50731f69bfcf2b161c8623373c2ebadd632789a,undefined FUN_1817e4c44(),ghidra,clean,
WHGame.dll,release_1_5_1164953_841,0x17e4c7c,431,FUN_1817e4c7c,,,f00f38ca16bc5bf3f489eeac4960b3e2c7764c345dabe4456444d54bb80f1eeb,undefined FUN_1817e4c7c(),ghidra,clean,
WHGame.dll,release_1_5_1164953_841,0x17e4dd8,40,FUN_1817e4dd8,,,52c8298e587456fee5522c8f8d0b1b382916b9d31522c019cb622b04d27fb4ce,undefined FUN_1817e4dd8(),ghidra,clean,
WHGame.dll,release_1_5_1164953_841,0x17e4e00,42,FUN_1817e4e00,,,a3156dfd57411e1b23967e3784563acf1c37e95731be52c1d4bd8744488317a9,undefined FUN_1817e4e00(),ghidra,clean,
WHGame.dll,release_1_5_1164953_841,0x17e4e2c,5,thunk_FUN_1817e4e34,,,b0d40b133b9394d93820ac0104b0065121d2d73df32c7bfb4e4cf5d805a8b103,undefined thunk_FUN_1817e4e34(),ghidra,clean,
WHGame.dll,release_1_5_1164953_841,0x17e4e34,103,FUN_1817e4e34,,,a17b09668ab92d3cb06ee09c5cf266977beadb3a9b31fb656450396132621f32,undefined FUN_1817e4e34(),ghidra,clean,
WHGame.dll,release_1_5_1164953_841,0x17e4e9c,95,FUN_1817e4e9c,,,f7f216c7147bd819623f3f8d9dc30bebbbf16325ee202a7e7ee78a1b045fc3f5,undefined FUN_1817e4e9c(),ghidra,clean,
WHGame.dll,release_1_5_1164953_841,0x17e4efc,201,FUN_1817e4efc,,,e1b2ac4ffcfa97ee3a4935ecbeccd2483c599016d4485f4960e12301d60a36ab,undefined FUN_1817e4efc(),ghidra,clean,
WHGame.dll,release_1_5_1164953_841,0x17e4fa8,53,FUN_1817e4fa8,,,7c1aa092044803d2cba5f8fc6fddf3020a2d88db39cb5522a3d9191157216b9c,undefined FUN_1817e4fa8(),ghidra,clean,
WHGame.dll,release_1_5_1164953_841,0x17e4fe0,431,FUN_1817e4fe0,,,3cb0ce06d4506b700997355dc76390dce07d5a54960595f43351993e0c0f839e,undefined FUN_1817e4fe0(),ghidra,clean,
WHGame.dll,release_1_5_1164953_841,0x17e513c,40,FUN_1817e513c,,,26b008b50803ad9ccb29eb68baf98ab84c1521db7d00583dc14d57bd40fcf550,undefined FUN_1817e513c(),ghidra,clean,
WHGame.dll,release_1_5_1164953_841,0x17e5164,42,FUN_1817e5164,,,209a12cbbc282207d366cd5cb3356cc2299837ff99e43d2c239c4d698756c729,undefined FUN_1817e5164(),ghidra,clean,
WHGame.dll,release_1_5_1164953_841,0x17e5190,155,FUN_1817e5190,,,b3f57146c0a9b631a137d0e354e2d9de413944b007174b044f99895d8e685adc,undefined FUN_1817e5190(),ghidra,clean,
WHGame.dll,release_1_5_1164953_841,0x17e522c,291,FUN_1817e522c,,,790d5c27f8a2d7207c71157357e945686c671c44c558726338eeb4d4a4d0aa09,undefined FUN_1817e522c(),ghidra,clean,
WHGame.dll,release_1_5_1164953_841,0x17e5350,290,FUN_1817e5350,,,89ece2b06a331699739520101d8369caad9973b24b85ac755aef4dbea51494fa,undefined FUN_1817e5350(),ghidra,clean,
WHGame.dll,release_1_5_1164953_841,0x17e5474,38,FUN_1817e5474,,,92422301f63ba6ba9cdfc26b792ead5a83122f1fdb5cfd40602b49d33cc02e29,undefined FUN_1817e5474(),ghidra,clean,
WHGame.dll,release_1_5_1164953_841,0x17e549c,25,FUN_1817e549c,,,f8338163c4fa59ca6f0c5ce3e059f2e974167de6d286eaed360045aaf2c78160,undefined FUN_1817e549c(),ghidra,clean,
WHGame.dll,release_1_5_1164953_841,0x17e54b8,119,FUN_1817e54b8,,,808404a34e584dc4f30fc38beba5faf522406c12bd27c13d372580ad805dc1e6,undefined FUN_1817e54b8(),ghidra,clean,
WHGame.dll,release_1_5_1164953_841,0x17e5530,68,FUN_1817e5530,,,7e3a131a3a972eb2532a8187eec304c2f07ee5ca6de868a87750d325eb65dac6,undefined FUN_1817e5530(),ghidra,clean,
WHGame.dll,release_1_5_1164953_841,0x17e5574,250,FUN_1817e5574,,,ba3e559804a40bc84a2bacade18dce60812ff103e285868752c973f3fe1507f1,undefined FUN_1817e5574(),ghidra,clean,
WHGame.dll,release_1_5_1164953_841,0x17e5670,217,FUN_1817e5670,,,f7d0d298961438a6ef9e89b5460626a68b497711f0635c3e17564e7567ad7e18,undefined FUN_1817e5670(),ghidra,clean,
WHGame.dll,release_1_5_1164953_841,0x17e5738,278,FUN_1817e5738,,,af3461f9acb4c5d14537d4dab7c7178bd430cb4755e203ad90f5e74f22058386,undefined FUN_1817e5738(),ghidra,clean,
WHGame.dll,release_1_5_1164953_841,0x17e5844,228,FUN_1817e5844,,,007d795ca4df467912727f7f46f7c53df088ca74275f23053bb11e809570ce81,undefined FUN_1817e5844(),ghidra,clean,
WHGame.dll,release_1_5_1164953_841,0x17e5928,26,FUN_1817e5928,,,819234953c91d716a341edb10dcca2267107efa13f78881bbca64f4a7a11eeca,undefined FUN_1817e5928(),ghidra,clean,
WHGame.dll,release_1_5_1164953_841,0x17e5944,155,FUN_1817e5944,,,32cfe87ae53399f81a38b4480d9b5a2102a9d1248be68abe44cd2292e3eeaf61,undefined FUN_1817e5944(),ghidra,clean,
WHGame.dll,release_1_5_1164953_841,0x17e59e0,245,FUN_1817e59e0,,,29d883f6e7a716e469913adc2a90c4e9e286fc6371eabce9b570b3bbf82b971f,undefined FUN_1817e59e0(),ghidra,clean,
WHGame.dll,release_1_5_1164953_841,0x17e5ad8,18,FUN_1817e5ad8,,,97a896d13448bcade77b180eea62486ccfb87d78458591e0596c6b37e72681ad,undefined FUN_1817e5ad8(),ghidra,clean,
WHGame.dll,release_1_5_1164953_841,0x17e5aec,155,FUN_1817e5aec,,,dee61fe649363e9c1bf54bfab5026029b7ab50b1c73e1fdff1b00ace668c00cd,undefined FUN_1817e5aec(),ghidra,clean,
WHGame.dll,release_1_5_1164953_841,0x17e5b88,311,FUN_1817e5b88,,,46c2c820c92201a706d13edf9a806a8254e7c3607869015d80f4ccf0473c175e,undefined FUN_1817e5b88(),ghidra,clean,
WHGame.dll,release_1_5_1164953_841,0x17e5cc0,155,FUN_1817e5cc0,,,9f648c7d931bf1c9b870da78cf03f7d1ecc039d115e70811da22c4bc8ab20fcf,undefined FUN_1817e5cc0(),ghidra,clean,
WHGame.dll,release_1_5_1164953_841,0x17e5d5c,291,FUN_1817e5d5c,,,eed193bb50d03be9fc84edce913f4e1707ad4147bd0b90894e00b9e37c656387,undefined FUN_1817e5d5c(),ghidra,clean,
WHGame.dll,release_1_5_1164953_841,0x17e5e80,234,FUN_1817e5e80,,,3baa68ea7e89735c875085d6005ef354df2cd88ab925a2e415c65349067e1f52,undefined FUN_1817e5e80(),ghidra,clean,
WHGame.dll,release_1_5_1164953_841,0x17e5f6c,207,FUN_1817e5f6c,,,e3b1de0d7dccf409bd481661ad3a0ec70dae3487b5ffe37344768a14d7d471f2,undefined FUN_1817e5f6c(),ghidra,clean,
WHGame.dll,release_1_5_1164953_841,0x17e602c,261,FUN_1817e602c,,,3d207c675682a3ad7efa4bb737545bf068c52a73a60444681da3d02beb334c64,undefined FUN_1817e602c(),ghidra,clean,
WHGame.dll,release_1_5_1164953_841,0x17e6128,196,FUN_1817e6128,,,83a19f94aeb7e38588ccabe8703b2fc940a4ae763d3cc0b0710e7e483ba11d20,undefined FUN_1817e6128(),ghidra,clean,
WHGame.dll,release_1_5_1164953_841,0x17e61ec,234,FUN_1817e61ec,,,cc910f051e3a6009edaf853e3360736f1c53c94f358cedc1ed77f1ca4aa0e308,undefined FUN_1817e61ec(),ghidra,clean,
WHGame.dll,release_1_5_1164953_841,0x17e62d8,207,FUN_1817e62d8,,,7a95dbd563075c55eddb4b1c9ebc3ee4853ace68025e7e9f56e99ba634d6607a,undefined FUN_1817e62d8(),ghidra,clean,
WHGame.dll,release_1_5_1164953_841,0x17e6398,261,FUN_1817e6398,,,6ab15f22f2ba86d9cad9f9dd3bc2c1e639524fe8758abde1d39f270f735dd259,undefined FUN_1817e6398(),ghidra,clean,
WHGame.dll,release_1_5_1164953_841,0x17e6494,196,FUN_1817e6494,,,9faedcada18d21c46c1241a55789791f6e766606d3a8bfc71798327bdfc0e377,undefined FUN_1817e6494(),ghidra,clean,
WHGame.dll,release_1_5_1164953_841,0x17e6558,234,FUN_1817e6558,,,0fc5d8d9f74cfc45c3faade1f1cc983fcda4850bc920eae5079be58ed87f3924,undefined FUN_1817e6558(),ghidra,clean,
WHGame.dll,release_1_5_1164953_841,0x17e6644,207,FUN_1817e6644,,,7e1333847383b1670babbbe1bf78ac1cb0f445531be3ed8e8c69562342f278e3,undefined FUN_1817e6644(),ghidra,clean,
WHGame.dll,release_1_5_1164953_841,0x17e6704,261,FUN_1817e6704,,,884f4b0aed203c3b4c5c9373fc03d4fb0200549d2153ff346fb4f7efc3a6ee7e,undefined FUN_1817e6704(),ghidra,clean,
WHGame.dll,release_1_5_1164953_841,0x17e6800,196,FUN_1817e6800,,,c033cb1b30feff3ceacc874935fbf2e78ed2f7e705693c1093263f10793cf573,undefined FUN_1817e6800(),ghidra,clean,
WHGame.dll,release_1_5_1164953_841,0x17e68c4,155,FUN_1817e68c4,,,9568ef1fa915b5521c1d62ed1f445c2358ea63ab0441ca42f7e237a15ee00d28,undefined FUN_1817e68c4(),ghidra,clean,
WHGame.dll,release_1_5_1164953_841,0x17e6960,117,FUN_1817e6960,,,118af30f7a338e0138050aad97c4b9c5d4d5bc95f8405e44778f05c16af619d0,undefined FUN_1817e6960(),ghidra,clean,
WHGame.dll,release_1_5_1164953_841,0x17e69d8,55,FUN_1817e69d8,,,b6dab05b2d18269ac0f25ac974d15ad9e1e1b14d63d97eb76955f0c732b08b85,undefined FUN_1817e69d8(),ghidra,clean,
WHGame.dll,release_1_5_1164953_841,0x17e6a10,155,FUN_1817e6a10,,,3c962d8d25f58c1eeaa7a45a5f467ca81333b84c03cf136eaad552110eed72db,undefined FUN_1817e6a10(),ghidra,clean,
WHGame.dll,release_1_5_1164953_841,0x17e6aac,291,FUN_1817e6aac,,,d1740887fe17cf8a726af71cc31873274ba165c2be72a954f1b24fba3f302593,undefined FUN_1817e6aac(),ghidra,clean,
WHGame.dll,release_1_5_1164953_841,0x17e6bd0,155,FUN_1817e6bd0,,,dc1d73ba09f4556b5565a8f065a802c8779b8a91d86c1432f695cac25d396034,undefined FUN_1817e6bd0(),ghidra,clean,
WHGame.dll,release_1_5_1164953_841,0x17e6c6c,291,FUN_1817e6c6c,,,3b8aac7cf3104d9a430808df92fc76e44dbdb81a69698ece65581900f89a78a1,undefined FUN_1817e6c6c(),ghidra,clean,
WHGame.dll,release_1_5_1164953_841,0x17e6d90,155,FUN_1817e6d90,,,5744f6063d73137a98d5bf564cd5c84ce56638c371a662f9b617f96c646ccdd8,undefined FUN_1817e6d90(),ghidra,clean,
WHGame.dll,release_1_5_1164953_841,0x17e6e2c,291,FUN_1817e6e2c,,,65bb3ea008c5d635cf57960ab3239d2e6d5cb27d942facb8b4d4e05d4c95ea38,undefined FUN_1817e6e2c(),ghidra,clean,
WHGame.dll,release_1_5_1164953_841,0x17e6f50,131,FUN_1817e6f50,,,70f75e90476606fe77980a6d574cc7fda5a23b354e59df90e1b126f36942dae6,undefined FUN_1817e6f50(),ghidra,clean,
WHGame.dll,release_1_5_1164953_841,0x17e6fd4,117,FUN_1817e6fd4,,,f2f255974f4f3b22902ca3a5d1309a65e84e03d70374454ac0addfd3de34661d,undefined FUN_1817e6fd4(),ghidra,clean,
WHGame.dll,release_1_5_1164953_841,0x17e704c,109,FUN_1817e704c,,,a95d165f3979c101a221e1cd6bfa3472c63a1714e2f5e408c102e2c2c473d972,undefined FUN_1817e704c(),ghidra,clean,
WHGame.dll,release_1_5_1164953_841,0x17e70bc,95,FUN_1817e70bc,,,e22f10807d93982b6c5fb44b6a9014c0b51cce2f26c965cd7d585bf3b7fde4a4,undefined FUN_1817e70bc(),ghidra,clean,
WHGame.dll,release_1_5_1164953_841,0x17e711c,110,FUN_1817e711c,,,a8f76b173b723148f6cb37450e7a487e31d9eee9dd149e9ede0db561228dcbe7,undefined FUN_1817e711c(),ghidra,clean,
WHGame.dll,release_1_5_1164953_841,0x17e718c,180,FUN_1817e718c,,,c6fef7a4ac6fa458c0790067dddbe397b2c04d9739234fcbd7f2e170b6895cf3,undefined FUN_1817e718c(),ghidra,clean,
WHGame.dll,release_1_5_1164953_841,0x17e7224,85,FUN_1817e7224,,,10d6f1821fbca0b40cb95d4a0e6ab98d1ad15992ad934c6a121020d71dd33bbe,undefined FUN_1817e7224(),ghidra,clean,
WHGame.dll,release_1_5_1164953_841,0x17e727c,113,FUN_1817e727c,,,0e8022592300f165a50c047d07b60906483af3c4fc47230d4fb15980470c89e0,undefined FUN_1817e727c(),ghidra,clean,
WHGame.dll,release_1_5_1164953_841,0x17e72f0,151,FUN_1817e72f0,,,d9ad0c34d5712083234c2d15dd3149d315826b211f5ca33149a744d2644f4681,undefined FUN_1817e72f0(),ghidra,clean,
WHGame.dll,release_1_5_1164953_841,0x17e7390,96,FUN_1817e7390,,,a8717850762d77d6dff1ffa6abb9e97f93cf2c6ee2b0713cd53f5f857d14f060,undefined FUN_1817e7390(),ghidra,clean,
WHGame.dll,release_1_5_1164953_841,0x17e73f0,50,FUN_1817e73f0,,,db7fb52f44556bc08ee9530d2fea2b6fdd8490cc0cb26c1b1e26fe565f2dc4a9,undefined FUN_1817e73f0(),ghidra,clean,
WHGame.dll,release_1_5_1164953_841,0x17e7424,52,FUN_1817e7424,,,2fd9321256756d84cb255599ae834102a0d3e6ae10aafaa273b7a591ae15cf1f,undefined FUN_1817e7424(),ghidra,clean,
WHGame.dll,release_1_5_1164953_841,0x17e7458,104,FUN_1817e7458,,,1024c592d179f653e9f5bcb9b801f1f4c3247fa938f0463485d9b13446cbb95b,undefined FUN_1817e7458(),ghidra,clean,
WHGame.dll,release_1_5_1164953_841,0x17e74c0,55,FUN_1817e74c0,,,1d0e2f2d78cf1cc1e698e770394745be440b19cd34aeba4566231aa900c4943a,undefined FUN_1817e74c0(),ghidra,clean,
WHGame.dll,release_1_5_1164953_841,0x17e74e8,189,FUN_1817e74e8,,,ef2e470aef03744568ab2a745ede67f76e61b0a78008c4a0fe925b7eda426ab8,undefined FUN_1817e74e8(),ghidra,clean,
WHGame.dll,release_1_5_1164953_841,0x17e759c,145,FUN_1817e759c,,,4401bafaf7c1ffb798b759fec3b17b2657069644e88ad28f057124f2e869fa25,undefined FUN_1817e759c(),ghidra,clean,
WHGame.dll,release_1_5_1164953_841,0x17e7630,161,FUN_1817e7630,,,fcbae1f6d8e61665f1ed8fd7af9d79c2b27abe0150d62821c2e3f1f5bd2f4776,undefined FUN_1817e7630(),ghidra,clean,
WHGame.dll,release_1_5_1164953_841,0x17e76d4,34,FUN_1817e76d4,,,5dd1069dbf14a9e9a04e6b4038ea491b1a2b72058fc8970a5549bb825a16aed3,undefined FUN_1817e76d4(),ghidra,clean,
WHGame.dll,release_1_5_1164953_841,0x17e76f8,90,FUN_1817e76f8,,,262a7eae10fc7150175dd18ae2d6ee3081eb6f95db1b6722c91416e6fabb91ee,undefined FUN_1817e76f8(),ghidra,clean,
WHGame.dll,release_1_5_1164953_841,0x17e7754,98,FUN_1817e7754,,,2fb1c88d646c1e620bc1414dadb3726969af59bb74a832bb21e8a7af9ec0a284,undefined FUN_1817e7754(),ghidra,clean,
WHGame.dll,release_1_5_1164953_841,0x17e77bc,30,FUN_1817e77bc,,,e17c2724cbf56779e2c28112d0e0ddf407c960b3118d482b19a2ce5c3cc08de2,undefined FUN_1817e77bc(),ghidra,clean,
WHGame.dll,release_1_5_1164953_841,0x17e77dc,30,FUN_1817e77dc,,,98aba619618be67a22f5c53bed7397cbb7a8d3228f47853821ffafa44aa8cbd7,undefined FUN_1817e77dc(),ghidra,clean,
WHGame.dll,release_1_5_1164953_841,0x17e77fc,155,FUN_1817e77fc,,,126cca9b5f5d372a6b0cf44f502527987abf0a926532b3038feb5271054e3370,undefined FUN_1817e77fc(),ghidra,clean,
WHGame.dll,release_1_5_1164953_841,0x17e7898,291,FUN_1817e7898,,,4764b4e4af4c55f3eeda44768c19ac2465e4fcb2318255fb9175fff92f8e7ddc,undefined FUN_1817e7898(),ghidra,clean,
WHGame.dll,release_1_5_1164953_841,0x17e79bc,303,FUN_1817e79bc,,,6e41d2655fb30d825e50cbf28814a1a40da4e1c38041a93da4e66e269b17f248,undefined FUN_1817e79bc(),ghidra,clean,
WHGame.dll,release_1_5_1164953_841,0x17e7ae0,277,FUN_1817e7ae0,,,4f853da75dfd433258803880fbe07ddacdf52dd72c57c00661b70b22263e3944,undefined FUN_1817e7ae0(),ghidra,clean,
WHGame.dll,release_1_5_1164953_841,0x17e7bec,246,FUN_1817e7bec,,,cb669a0f1cfb7bf9efb5c3eea2a051fb38e377049b7a0dd51d83c4e1bd68a1d3,undefined FUN_1817e7bec(),ghidra,clean,
WHGame.dll,release_1_5_1164953_841,0x17e7ce4,91,FUN_1817e7ce4,,,379930c86338df69231e95f8822343cc9ff430d4c6dc389c9b411ee2140330cf,undefined FUN_1817e7ce4(),ghidra,clean,
WHGame.dll,release_1_5_1164953_841,0x17e7d40,36,FUN_1817e7d40,,,cd1477bffafe1e83bd94781a2aa3766efa2f5c8e206e7e12da778c560b427260,undefined FUN_1817e7d40(),ghidra,clean,
WHGame.dll,release_1_5_1164953_841,0x17e7d64,267,FUN_1817e7d64,,,c3eb41265addf992914c25fb2eb5cf32a7978e79d0214b522261fcf68a361d30,undefined FUN_1817e7d64(),ghidra,clean,
WHGame.dll,release_1_5_1164953_841,0x17e7e70,217,FUN_1817e7e70,,,3fc3e639316018422851218941cd16b4c0f108e06b363c697f2ebe2548446a95,undefined FUN_1817e7e70(),ghidra,clean,
WHGame.dll,release_1_5_1164953_841,0x17e7f38,275,FUN_1817e7f38,,,8c7dfcdfad0e00565a0883fcaf451087fa229cdac8ec0fedb1bd91054abca89b,undefined FUN_1817e7f38(),ghidra,clean,
WHGame.dll,release_1_5_1164953_841,0x17e8040,218,FUN_1817e8040,,,9383ac589ff10751ef6c9fb75be8d32c897bd4f810a452b44f4590fd1ace4f4e,undefined FUN_1817e8040(),ghidra,clean,
WHGame.dll,release_1_5_1164953_841,0x17e811c,234,FUN_1817e811c,,,a70e66b1cf9ec8452f83de208663e3c14dfddc8c87761ca49d0f36bd8f973464,undefined FUN_1817e811c(),ghidra,clean,
WHGame.dll,release_1_5_1164953_841,0x17e8208,207,FUN_1817e8208,,,2d720356c733ed4749801b1353a41c794311a835b437b11562631278bb555291,undefined FUN_1817e8208(),ghidra,clean,
WHGame.dll,release_1_5_1164953_841,0x17e82c8,261,FUN_1817e82c8,,,3c056bebbe77e25a47cac7988109188c5a7e020c802561035157c315a5a21195,undefined FUN_1817e82c8(),ghidra,clean,
WHGame.dll,release_1_5_1164953_841,0x17e83c4,196,FUN_1817e83c4,,,c3c7fab1a1c2facf54010993000a7139651a0c832725841b8fe19b8c7544347e,undefined FUN_1817e83c4(),ghidra,clean,
WHGame.dll,release_1_5_1164953_841,0x17e8488,234,FUN_1817e8488,,,61c6c9215d0030624f9739b6b71b30c427257c072cba4d8ce0f3bde419132bec,undefined FUN_1817e8488(),ghidra,clean,
WHGame.dll,release_1_5_1164953_841,0x17e8574,207,FUN_1817e8574,,,6052c70ae1651186cd39855bf952013385bfaaf7a7c50f76a69e380999b15cdb,undefined FUN_1817e8574(),ghidra,clean,
WHGame.dll,release_1_5_1164953_841,0x17e8634,261,FUN_1817e8634,,,d7bf4038994199438a9441507521f76950ce6308409ebeb209769c71840d4fa2,undefined FUN_1817e8634(),ghidra,clean,
WHGame.dll,release_1_5_1164953_841,0x17e8730,196,FUN_1817e8730,,,92bccceea82df4f5ef377597cd5481f182ef09c3e57ffa9ef177237366e962ab,undefined FUN_1817e8730(),ghidra,clean,
WHGame.dll,release_1_5_1164953_841,0x17e87f4,234,FUN_1817e87f4,,,e5764d5d1d4710cd90f638fe73bbc959a07673bb6c1dc393ddd0a56caa6f2e7e,undefined FUN_1817e87f4(),ghidra,clean,
WHGame.dll,release_1_5_1164953_841,0x17e88e0,207,FUN_1817e88e0,,,28c7cbb809f2763a8fb1e0e1519aa75b0598cbdb4d5c60cab2cdc022b5cee082,undefined FUN_1817e88e0(),ghidra,clean,
WHGame.dll,release_1_5_1164953_841,0x17e89a0,261,FUN_1817e89a0,,,d6b293e0598a64edc7c6356740b571dd08b08708454d1faea2731506eea96ce2,undefined FUN_1817e89a0(),ghidra,clean,
WHGame.dll,release_1_5_1164953_841,0x17e8a9c,196,FUN_1817e8a9c,,,d32ff6017c5b788e2a838362c94b8abfb09b549970a32cb1ee59df51812abd34,undefined FUN_1817e8a9c(),ghidra,clean,
WHGame.dll,release_1_5_1164953_841,0x17e8b60,234,FUN_1817e8b60,,,109da7f0228049cefca23e63d89649ddcb3ca212c32111d1fd9fcb117e27970e,undefined FUN_1817e8b60(),ghidra,clean,
WHGame.dll,release_1_5_1164953_841,0x17e8c4c,207,FUN_1817e8c4c,,,7ad4832a1af4669fbd2a0907c9cf568eb38aafad78ac40a61fd7c256d7d3d0bc,undefined FUN_1817e8c4c(),ghidra,clean,
WHGame.dll,release_1_5_1164953_841,0x17e8d0c,261,FUN_1817e8d0c,,,b5b8979a106fc1c321ef59028b748b7ca9ddae58b8500eb1a996e571e6cb97c8,undefined FUN_1817e8d0c(),ghidra,clean,
WHGame.dll,release_1_5_1164953_841,0x17e8e08,196,FUN_1817e8e08,,,d1477d2c83adf32d24d5720f49a339b4a1d1c801ccb675215af79ebfb8f16b6a,undefined FUN_1817e8e08(),ghidra,clean,
WHGame.dll,release_1_5_1164953_841,0x17e8ecc,91,FUN_1817e8ecc,,,d1f958fa15211a461011e6d2dff00622e2bea1ef8dc177faed4a61d857e0e4cd,undefined FUN_1817e8ecc(),ghidra,clean,
WHGame.dll,release_1_5_1164953_841,0x17e8f28,91,FUN_1817e8f28,,,21c8803137b0b8540e4b5268068bb0808856a5ad341a31ed978ad9f0b4f9a95e,undefined FUN_1817e8f28(),ghidra,clean,
WHGame.dll,release_1_5_1164953_841,0x17e8f84,91,FUN_1817e8f84,,,e5340b5411837205169321f7c5e2de682116432f06f18f49c6b5c30a32473d16,undefined FUN_1817e8f84(),ghidra,clean,
WHGame.dll,release_1_5_1164953_841,0x17e8fe0,180,FUN_1817e8fe0,,,79f23827b37a7cb523421cbd97de0c2ce8c6371994d42e5214e1dbca8fcf5691,undefined FUN_1817e8fe0(),ghidra,clean,
WHGame.dll,release_1_5_1164953_841,0x17e9094,180,FUN_1817e9094,,,b6f32394c9ed2e3789a15818365e50339b7810d15e6772083d5aeb5fa76ab606,undefined FUN_1817e9094(),ghidra,clean,
WHGame.dll,release_1_5_1164953_841,0x17e9148,180,FUN_1817e9148,,,1b3cc4fd3f6248e8735ae2ef1ca3c62d6ec5e80f572bfdc9fc0817e46a20b00f,undefined FUN_1817e9148(),ghidra,clean,
WHGame.dll,release_1_5_1164953_841,0x17e91fc,180,FUN_1817e91fc,,,b0f7a69d364d1d837eef82da1643a2f976b1f1fa1967a7a05b17dfa5138caf26,undefined FUN_1817e91fc(),ghidra,clean,
WHGame.dll,release_1_5_1164953_841,0x17e92b0,180,FUN_1817e92b0,,,17cc7d3d8f620e903c8f4d9024c493cc1dfc0e29eb7319a4000bbfb0a7acbcb3,undefined FUN_1817e92b0(),ghidra,clean,
WHGame.dll,release_1_5_1164953_841,0x17e9364,180,FUN_1817e9364,,,fb933c8ff00c3ce1c9932b6aa6398d24f74bff606cd87f73c029ce88fa811e30,undefined FUN_1817e9364(),ghidra,clean,
WHGame.dll,release_1_5_1164953_841,0x17e9418,180,FUN_1817e9418,,,13d1b9e3f4b8f99b382f36f4e45ac97daa48e9593d0db49b0151a35c7a021118,undefined FUN_1817e9418(),ghidra,clean,
WHGame.dll,release_1_5_1164953_841,0x17e94cc,190,FUN_1817e94cc,,,0ea16183c1fb388d9c0522f71c7de664762ebe9fe959c57a8602cdeedf6c93cc,undefined FUN_1817e94cc(),ghidra,clean,
WHGame.dll,release_1_5_1164953_841,0x17e958c,180,FUN_1817e958c,,,ef38aa41847f32d29595fe96a8c0e39af644f23f806217bc4dfd512b6f11d053,undefined FUN_1817e958c(),ghidra,clean,
WHGame.dll,release_1_5_1164953_841,0x17e9640,180,FUN_1817e9640,,,5f4c83e563b92cfa6993cfdad7ce4b8a1eccb4db6acbba5038ae8aa91b28761a,undefined FUN_1817e9640(),ghidra,clean,
WHGame.dll,release_1_5_1164953_841,0x17e96f4,180,FUN_1817e96f4,,,b5e9d3a574d19175457c613431940819f689c4b69b53a704b9c3def8ac48df13,undefined FUN_1817e96f4(),ghidra,clean,
WHGame.dll,release_1_5_1164953_841,0x17e97a8,180,FUN_1817e97a8,,,445408eb1a6c4344f1e94a4f9579e1f5a83a07d0246394c9ab2769d231ab11a7,undefined FUN_1817e97a8(),ghidra,clean,
WHGame.dll,release_1_5_1164953_841,0x17e985c,180,FUN_1817e985c,,,1130ff3e486fd0f933043b0a19ee6ff3c75572566c3cbc2cf3f348f5ea36a527,undefined FUN_1817e985c(),ghidra,clean,
WHGame.dll,release_1_5_1164953_841,0x17e9910,180,FUN_1817e9910,,,3fc6af7f056eda5ffab8542dff89c7df1e5febf8b680bd0f2a50831be28d974b,undefined FUN_1817e9910(),ghidra,clean,
WHGame.dll,release_1_5_1164953_841,0x17e99c4,180,FUN_1817e99c4,,,03c1f6424d7364764b5099ca284942cf91d6163f7914a68dbc52b212ba6bac4d,undefined FUN_1817e99c4(),ghidra,clean,
WHGame.dll,release_1_5_1164953_841,0x17e9a78,180,FUN_1817e9a78,,,13d551d6c290144823cf8315165df424b6712e189a002c22e1271b09ecef76f9,undefined FUN_1817e9a78(),ghidra,clean,
WHGame.dll,release_1_5_1164953_841,0x17e9b2c,130,FUN_1817e9b2c,,,ece2082f912a55b93af37d20c8304bbffd3e27e591a103612cac1670997725ab,undefined FUN_1817e9b2c(),ghidra,clean,
WHGame.dll,release_1_5_1164953_841,0x17e9bb0,5,thunk_FUN_1817e9bb8,,,b0d40b133b9394d93820ac0104b0065121d2d73df32c7bfb4e4cf5d805a8b103,undefined thunk_FUN_1817e9bb8(),ghidra,clean,
WHGame.dll,release_1_5_1164953_841,0x17e9bb8,103,FUN_1817e9bb8,,,02df7113eaa23255af6d7717f8b8b91f7675619d711994bb2f93fccdd21dc0e9,undefined FUN_1817e9bb8(),ghidra,clean,
WHGame.dll,release_1_5_1164953_841,0x17e9c20,95,FUN_1817e9c20,,,2f3507e5d45f66a4a710a06c27070d2ccc00306aa7ddd4d596b2525d42d045cf,undefined FUN_1817e9c20(),ghidra,clean,
WHGame.dll,release_1_5_1164953_841,0x17e9c80,193,FUN_1817e9c80,,,8b1cdf22679255593e566c0a26b4a6210f603b9bf1cb12f81706663accea58a6,undefined FUN_1817e9c80(),ghidra,clean,
WHGame.dll,release_1_5_1164953_841,0x17e9d28,53,FUN_1817e9d28,,,dab9c2bde3fea27ecf79d5920948899e664ce3ae042a2de238bf3946b38d46ed,undefined FUN_1817e9d28(),ghidra,clean,
WHGame.dll,release_1_5_1164953_841,0x17e9d60,431,FUN_1817e9d60,,,85b950f31d3af1604ef3a66120ba51497635d2cc4c58f98f00ddd7f61a0931b2,undefined FUN_1817e9d60(),ghidra,clean,
WHGame.dll,release_1_5_1164953_841,0x17e9ebc,40,FUN_1817e9ebc,,,bab492c9bb43f58ef531e45fadddc3f8a68e194a62e8f8e8fab06698826d881f,undefined FUN_1817e9ebc(),ghidra,clean,
WHGame.dll,release_1_5_1164953_841,0x17e9ee4,42,FUN_1817e9ee4,,,0329a5859f812bf94c47457a9ac48520dda0c8234dae214066a4618847cb064e,undefined FUN_1817e9ee4(),ghidra,clean,
WHGame.dll,release_1_5_1164953_841,0x17e9f10,130,FUN_1817e9f10,,,2bd01182e6430ca319e1b83cb784c6e36e887eb6408e1e6f256425bbf9820cf6,undefined FUN_1817e9f10(),ghidra,clean,
WHGame.dll,release_1_5_1164953_841,0x17e9f94,5,thunk_FUN_1817e9f9c,,,b0d40b133b9394d93820ac0104b0065121d2d73df32c7bfb4e4cf5d805a8b103,undefined thunk_FUN_1817e9f9c(),ghidra,clean,
WHGame.dll,release_1_5_1164953_841,0x17e9f9c,103,FUN_1817e9f9c,,,8fd02b04d97c36d645db3c2fb3693b82b66da63e2c73f68f8434127d9fd8eb49,undefined FUN_1817e9f9c(),ghidra,clean,
WHGame.dll,release_1_5_1164953_841,0x17ea004,95,FUN_1817ea004,,,cefafca748df2828cfbf56563eda5b70a0a40998ea584b6588dba4464b555001,undefined FUN_1817ea004(),ghidra,clean,
WHGame.dll,release_1_5_1164953_841,0x17ea064,193,FUN_1817ea064,,,6936ebf5b5599773564a7087587492987345b56a1cb24f29eebd2458489f3694,undefined FUN_1817ea064(),ghidra,clean,
WHGame.dll,release_1_5_1164953_841,0x17ea10c,53,FUN_1817ea10c,,,7b7e9bde06ee3182a9681f66cef1e2a86c65dfb4580c5f00d9e00ca8be8f2e7a,undefined FUN_1817ea10c(),ghidra,clean,
WHGame.dll,release_1_5_1164953_841,0x17ea144,431,FUN_1817ea144,,,2efed85765f36e26afe2e45265f8b072e97d74bc569377661cb9f5c1fccfaa42,undefined FUN_1817ea144(),ghidra,clean,
WHGame.dll,release_1_5_1164953_841,0x17ea2a0,40,FUN_1817ea2a0,,,5f999ce3ce35484a99d9e111620908a3d24c5529e13eec9175f941c85cc9a20b,undefined FUN_1817ea2a0(),ghidra,clean,
WHGame.dll,release_1_5_1164953_841,0x17ea2c8,42,FUN_1817ea2c8,,,2467f4058efc2eee2767f41425948a9a4514b81edeed1fb8e0e563e8fb0c39c2,undefined FUN_1817ea2c8(),ghidra,clean,
WHGame.dll,release_1_5_1164953_841,0x17ea2f4,257,FUN_1817ea2f4,,,55a4890ec964ed38e84ffe453b9dc832a49e7c9da9fc7a83b6085e2e6bb177b0,undefined FUN_1817ea2f4(),ghidra,clean,
WHGame.dll,release_1_5_1164953_841,0x17ea3f8,214,FUN_1817ea3f8,,,0d982e012f9d0687058b03646f13d49dd7a64d7f2173aab5d683865b14dbdd89,undefined FUN_1817ea3f8(),ghidra,clean,
WHGame.dll,release_1_5_1164953_841,0x17ea4c0,277,FUN_1817ea4c0,,,e00fa99d96357d4ca043d5ef0442f97133f3037566692e8b0a74ba0bc60901f7,undefined FUN_1817ea4c0(),ghidra,clean,
WHGame.dll,release_1_5_1164953_841,0x17ea5cc,209,FUN_1817ea5cc,,,63aeac240070283b9600c3cc44d309f928c4d57e79df965b0c6c70efce9b2c17,undefined FUN_1817ea5cc(),ghidra,clean,
WHGame.dll,release_1_5_1164953_841,0x17ea6a0,126,FUN_1817ea6a0,,,84e54b0c402461c2280fa508aeb0e5fdac750b3e36c5fc8354f7239f3929e3c1,undefined FUN_1817ea6a0(),ghidra,clean,
WHGame.dll,release_1_5_1164953_841,0x17ea720,45,FUN_1817ea720,,,bf65452eaa871f2f6e1a9b16b9267767a3fd681f891f293ffb10d2571bcec1bd,undefined FUN_1817ea720(),ghidra,clean,
WHGame.dll,release_1_5_1164953_841,0x17ea750,110,FUN_1817ea750,,,a605b1bd59195b0d25d5c3924b569cb857a9bf49c70f22fde0c85efff0ec51de,undefined FUN_1817ea750(),ghidra,clean,
WHGame.dll,release_1_5_1164953_841,0x17ea7c0,212,FUN_1817ea7c0,,,60d671caab06612aab1a17e4aa005a09bd04433274f9fbea2129cc51767cfba1,undefined FUN_1817ea7c0(),ghidra,clean,
WHGame.dll,release_1_5_1164953_841,0x17ea878,110,FUN_1817ea878,,,cc6c9f3f55d982fd4318bb010a5304e2e2ae762fa3d3d42c8b863cce2a390669,undefined FUN_1817ea878(),ghidra,clean,
WHGame.dll,release_1_5_1164953_841,0x17ea8e8,212,FUN_1817ea8e8,,,ba1fc4c8d85740676482943f1b286f853526f2ce59f1c4667de6d5ea8269a53e,undefined FUN_1817ea8e8(),ghidra,clean,
WHGame.dll,release_1_5_1164953_841,0x17ea9a0,157,FUN_1817ea9a0,,,3e66be826e159aa0e1b0d7b52e845daf9146410cab055e1f5e1be05df987eaf6,undefined FUN_1817ea9a0(),ghidra,clean,
WHGame.dll,release_1_5_1164953_841,0x17eaa40,12,FUN_1817eaa40,,,37626488e342de56527f765b2ac54ab2b74b10e72818cfbda70392627cbd74ab,undefined FUN_1817eaa40(),ghidra,clean,
WHGame.dll,release_1_5_1164953_841,0x17eaa4c,11,FUN_1817eaa4c,,,c5d7bb4bf0f6e32274de4a71f641447c7c7b123575178f9f5c509d177a11c971,undefined FUN_1817eaa4c(),ghidra,clean,
WHGame.dll,release_1_5_1164953_841,0x17eaa58,92,FUN_1817eaa58,,,08ad9d8560aff2d7f66f119c8d686a85eb1ae91bbee8ac62fcab8f18df5af837,undefined FUN_1817eaa58(),ghidra,clean,
WHGame.dll,release_1_5_1164953_841,0x17eaab4,65,FUN_1817eaab4,,,09e3df456c4718e6083525c4e0a4c0d42e232fd0b5abb1465cef2e82ff6b171e,undefined FUN_1817eaab4(),ghidra,clean,
WHGame.dll,release_1_5_1164953_841,0x17eaaf8,123,FUN_1817eaaf8,,,e7cd02a54584cf326fc4c6cdf123a40719001ed3351c9c8fa589825786c40884,undefined FUN_1817eaaf8(),ghidra,clean,
WHGame.dll,release_1_5_1164953_841,0x17eab74,47,FUN_1817eab74,,,c09ded256457d94ef1886dc9d12eea057afdc6ac307a2315a65e7b6c1be41b16,undefined FUN_1817eab74(),ghidra,clean,
WHGame.dll,release_1_5_1164953_841,0x17eaba4,54,FUN_1817eaba4,,,75db7fff09f9a53acc5c0148ca8f75f275e014216e993d15cf163ac0b5ae87ae,undefined FUN_1817eaba4(),ghidra,clean,
WHGame.dll,release_1_5_1164953_841,0x17eabdc,107,FUN_1817eabdc,,,bbb25e18cfdfaec7a8bea8191a4646ca3be5ed942abf02e48bba9cd04cf00f06,undefined FUN_1817eabdc(),ghidra,clean,
WHGame.dll,release_1_5_1164953_841,0x17eac48,238,FUN_1817eac48,,,1466e130e1da3a3c3e375793708fbeda65f6c609cfbbb8fde25c94e7dc1bd6df,undefined FUN_1817eac48(),ghidra,clean,
WHGame.dll,release_1_5_1164953_841,0x17ead38,214,FUN_1817ead38,,,7e0b1b4c82e16c0373bd9c7573629d71532ea9d3643787c4b81793f5e53bf4f5,undefined FUN_1817ead38(),ghidra,clean,
WHGame.dll,release_1_5_1164953_841,0x17eae00,277,FUN_1817eae00,,,469c9a8ef444fe7e4d5c05615e26c0295c06d6d876d4895e2e67debb87318949,undefined FUN_1817eae00(),ghidra,clean,
WHGame.dll,release_1_5_1164953_841,0x17eaf0c,209,FUN_1817eaf0c,,,7be468e89e98ed0cf85d5d51fdf6f12b579b7c4ec29224c9cf222bf8d4b42831,undefined FUN_1817eaf0c(),ghidra,clean,
WHGame.dll,release_1_5_1164953_841,0x17eafe0,238,FUN_1817eafe0,,,f97c58d6dce492cff3437ccf8d06880ca5a97a28efdcfe457c24cfb13bb74fdf,undefined FUN_1817eafe0(),ghidra,clean,
WHGame.dll,release_1_5_1164953_841,0x17eb0d0,214,FUN_1817eb0d0,,,eb2345e653b9d884c81b8e082b22bf82f88c0dde6e48293385c7191d3c854360,undefined FUN_1817eb0d0(),ghidra,clean,
WHGame.dll,release_1_5_1164953_841,0x17eb198,277,FUN_1817eb198,,,350d369edd2c423a49e2336b40c89d49e1be9ca850e75be784d6c8fe6741330c,undefined FUN_1817eb198(),ghidra,clean,
WHGame.dll,release_1_5_1164953_841,0x17eb2a4,209,FUN_1817eb2a4,,,4f3b995a5b2dd788303e69b3e8f0f82d5c5f592a64f26a1f7f9a1e4003d37319,undefined FUN_1817eb2a4(),ghidra,clean,
WHGame.dll,release_1_5_1164953_841,0x17eb378,238,FUN_1817eb378,,,b1c3a4a1a047c820618d87ef7ce47018adaea7a76ce529e34c369ef8ad1032b1,undefined FUN_1817eb378(),ghidra,clean,
WHGame.dll,release_1_5_1164953_841,0x17eb468,214,FUN_1817eb468,,,8ef13af0f733c6f4b506eed94b3c20ac7bc9abda0331a72a4da3931925066532,undefined FUN_1817eb468(),ghidra,clean,
WHGame.dll,release_1_5_1164953_841,0x17eb530,277,FUN_1817eb530,,,5152887049077585b09d786f06638d065d9c813d1f8f30c03f827b863993ff85,undefined FUN_1817eb530(),ghidra,clean,
WHGame.dll,release_1_5_1164953_841,0x17eb63c,209,FUN_1817eb63c,,,8f1f35e8d249d1481a35cd8eb0b1803eb38ea8824931058624f32352b73af616,undefined FUN_1817eb63c(),ghidra,clean,
WHGame.dll,release_1_5_1164953_841,0x17eb710,238,FUN_1817eb710,,,b2518f995dd9341544ee09c816db02f39584de5af74dc32879ff983c4c50376d,undefined FUN_1817eb710(),ghidra,clean,
WHGame.dll,release_1_5_1164953_841,0x17eb800,214,FUN_1817eb800,,,fe2a89f5a757d80d39fc5d7abd2d273b85e8b027b950fb0c171d66a67a4095f7,undefined FUN_1817eb800(),ghidra,clean,
WHGame.dll,release_1_5_1164953_841,0x17eb8c8,277,FUN_1817eb8c8,,,eb076cc596440ef39f9f3266ad1ae58b6aba9f277de7dd5ac5aea9718cb7dd9a,undefined FUN_1817eb8c8(),ghidra,clean,
WHGame.dll,release_1_5_1164953_841,0x17eb9d4,209,FUN_1817eb9d4,,,df3c3b7945468a4654d80ed4b5862973cb299ff4a23ef5ee9ccab40798860fd3,undefined FUN_1817eb9d4(),ghidra,clean,
WHGame.dll,release_1_5_1164953_841,0x17ebaa8,487,FUN_1817ebaa8,,,969c9d211d7ce9ca0e176dd6bf8977a8c2bae5826054fe22a6e90396aeddf479,undefined FUN_1817ebaa8(),ghidra,clean,
WHGame.dll,release_1_5_1164953_841,0x17ebb7c,307,FUN_1817ebb7c,,,71deec6a57b3d1cd1d2f4403bc6a369027324c177ffdb7a747822f7d99150828,undefined FUN_1817ebb7c(),ghidra,clean,
WHGame.dll,release_1_5_1164953_841,0x17ebcb0,43,FUN_1817ebcb0,,,34be09d723332559ea95d5d5e17f5b2275920cbf5ca6b54a36360e559f735373,undefined FUN_1817ebcb0(),ghidra,clean,
WHGame.dll,release_1_5_1164953_841,0x17ebcdc,50,FUN_1817ebcdc,,,635bd68c1e33e566f5b6a4cd40117d293c3d79a1c6076725c244cfa9db64d6d5,undefined FUN_1817ebcdc(),ghidra,clean,
WHGame.dll,release_1_5_1164953_841,0x17ebd10,159,FUN_1817ebd10,,,8f9690fd9c3f2d5d32c066df9073ed94957ec49a22d1a0f46dca44220f3028fd,undefined FUN_1817ebd10(),ghidra,clean,
WHGame.dll,release_1_5_1164953_841,0x17ebdb0,110,FUN_1817ebdb0,,,25be2e765e3546cedd0860a21f52f4f0f12a8c2b70ce846731ca071c8105bde4,undefined FUN_1817ebdb0(),ghidra,clean,
WHGame.dll,release_1_5_1164953_841,0x17ebe20,35,FUN_1817ebe20,,,75508fa876b0458ad3cfec4bd1b23c255060bffb9fec394185adece2b2ab2501,undefined FUN_1817ebe20(),ghidra,clean,
WHGame.dll,release_1_5_1164953_841,0x17ebe44,44,FUN_1817ebe44,,,66dda22799cf1ba6da1058863b981c6fb2fa3c106e85c936614f37c504780b2d,undefined FUN_1817ebe44(),ghidra,clean,
WHGame.dll,release_1_5_1164953_841,0x17ebe70,74,FUN_1817ebe70,,,77e040323d31eb5997b928fda415c50848480647a47f708ff5391582248d9024,undefined FUN_1817ebe70(),ghidra,clean,
WHGame.dll,release_1_5_1164953_841,0x17ebebc,62,FUN_1817ebebc,,,aa4cabb824ec43d7bdbdaae1ea3be0ff20e1cc701727755e7d1ee29836488d8d,undefined FUN_1817ebebc(),ghidra,clean,
WHGame.dll,release_1_5_1164953_841,0x17ebee8,79,FUN_1817ebee8,,,2afa96daddc150f44d938c7a8e63a395ca6c2e915f8353f4d3661f8fc9ef9ea6,undefined FUN_1817ebee8(),ghidra,clean,
WHGame.dll,release_1_5_1164953_841,0x17ebf38,52,FUN_1817ebf38,,,3c563b72bfb8f7ae301f72a98a1aebc44c858aed9f1a56c666c0764702c83cab,undefined FUN_1817ebf38(),ghidra,clean,
WHGame.dll,release_1_5_1164953_841,0x17ebf6c,52,FUN_1817ebf6c,,,1cff05a5fa8462ca473ae443dc227c5bffecda1bb829edf1bde0d652822ffb75,undefined FUN_1817ebf6c(),ghidra,clean,
WHGame.dll,release_1_5_1164953_841,0x17ebfa0,46,FUN_1817ebfa0,,,eca18e36e42df9206133576323aad4dc2d466c624bcfa76ad0f623b12be515e2,undefined FUN_1817ebfa0(),ghidra,clean,
WHGame.dll,release_1_5_1164953_841,0x17ebfd0,52,FUN_1817ebfd0,,,521b7770ad0789001b56bb0dcb09da70ab0071ff319119cdb677ec3426027b39,undefined FUN_1817ebfd0(),ghidra,clean,
WHGame.dll,release_1_5_1164953_841,0x17ec004,51,FUN_1817ec004,,,91502734272c5a01feae7cf227ed3dd7a7fbbc273b500467bcfd852d756537b1,undefined FUN_1817ec004(),ghidra,clean,
WHGame.dll,release_1_5_1164953_841,0x17ec038,106,FUN_1817ec038,,,ee57c0bfd8d5490bb84a491077fe7d3857950498af1a4219f1ba1a0c430dbc9b,undefined FUN_1817ec038(),ghidra,clean,
WHGame.dll,release_1_5_1164953_841,0x17ec0a4,30,FUN_1817ec0a4,,,19fcffd134eaac36e988ef0f11b2858f67f97c96157d646d542b2172aa0d7658,undefined FUN_1817ec0a4(),ghidra,clean,
WHGame.dll,release_1_5_1164953_841,0x17ec0c4,26,FUN_1817ec0c4,,,0d7b52632b87cfbf4949fc68b15d70eb43e79d681c5721398b64afa1c47bc51f,undefined FUN_1817ec0c4(),ghidra,clean,
WHGame.dll,release_1_5_1164953_841,0x17ec0e0,26,FUN_1817ec0e0,,,0697e0dddb65685d51fa8b7058c75cf69bf568cdffdeaff8cb4424c7212b89e4,undefined FUN_1817ec0e0(),ghidra,clean,
WHGame.dll,release_1_5_1164953_841,0x17ec0fc,19,FUN_1817ec0fc,,,8bc31cf5ae33ec477ac3ea3e6918799695e80fccb0a9aefcec53e9645e4d77a8,undefined FUN_1817ec0fc(),ghidra,clean,
WHGame.dll,release_1_5_1164953_841,0x17ec110,15,FUN_1817ec110,,,758d14d4b0f397260b71385f5c2e93a6647bc7415e985ac45ad939f0f230bd8d,undefined FUN_1817ec110(),ghidra,clean,
WHGame.dll,release_1_5_1164953_841,0x17ec120,31,FUN_1817ec120,,,871e092bca93632f9e6bcf18b3d6617bad7636d8333414b470e9aaa7484ad0e0,undefined FUN_1817ec120(),ghidra,clean,
WHGame.dll,release_1_5_1164953_841,0x17ec148,350,FUN_1817ec148,,,945547548392534e5a352a1e441427ddff5bd657454a13af0c006600c0d02f9f,undefined FUN_1817ec148(),ghidra,clean,
WHGame.dll,release_1_5_1164953_841,0x17ec2a8,87,FUN_1817ec2a8,,,812963b5a84e103de6e6b46c754739b4b3a9b1b52f3928e57a5a0b9dbe442453,undefined FUN_1817ec2a8(),ghidra,clean,
WHGame.dll,release_1_5_1164953_841,0x17ec300,259,FUN_1817ec300,,,f21602cc8366299ed28227e24b85a3d29c321364d47440338245fab69f19ae65,undefined FUN_1817ec300(),ghidra,clean,
WHGame.dll,release_1_5_1164953_841,0x17ec3e0,312,FUN_1817ec3e0,,,74a396f6a15543cc6665c9c15907b40d14ce15921bd655ab4a6ad48d6ffc66a1,undefined FUN_1817ec3e0(),ghidra,clean,
WHGame.dll,release_1_5_1164953_841,0x17ec518,267,FUN_1817ec518,,,2e81f4850bb7a597ce3a741a94e5bfaf7ebd4ba1b54f2e19d3b9f2777deca087,undefined FUN_1817ec518(),ghidra,clean,
WHGame.dll,release_1_5_1164953_841,0x17ec624,200,FUN_1817ec624,,,95bd4590ba508e92ca50dca80e1527ad4130bb4844fb570fe5584b08a0e7ad40,undefined FUN_1817ec624(),ghidra,clean,
WHGame.dll,release_1_5_1164953_841,0x17ec6d8,275,FUN_1817ec6d8,,,a58383e631b58ccb3e0d5e8080382aefe046ec265d89421cf71dfd24f9d70472,undefined FUN_1817ec6d8(),ghidra,clean,
WHGame.dll,release_1_5_1164953_841,0x17ec7e0,218,FUN_1817ec7e0,,,3f61bd19b7c055db66b317a5f0fe2fcdd1d62e1d386ba3b5a72068c85f435f04,undefined FUN_1817ec7e0(),ghidra,clean,
WHGame.dll,release_1_5_1164953_841,0x17ec8bc,267,FUN_1817ec8bc,,,679c96a36a365f29479ea6e21d87a5fa7f92bda315eba538317958384f95571b,undefined FUN_1817ec8bc(),ghidra,clean,
WHGame.dll,release_1_5_1164953_841,0x17ec9c8,200,FUN_1817ec9c8,,,d93c8c30e2347e15158b79a2c10c0b1a6aa65f75fdf2aa9782c1db31ae2f13fa,undefined FUN_1817ec9c8(),ghidra,clean,
WHGame.dll,release_1_5_1164953_841,0x17eca7c,275,FUN_1817eca7c,,,e7e8f2d3a3b6eeadf423b245f8ef233ef8efe3ce09c1c782459ef323ca0e07e0,undefined FUN_1817eca7c(),ghidra,clean,
WHGame.dll,release_1_5_1164953_841,0x17ecb84,218,FUN_1817ecb84,,,7907b3ce307e1e4988a827009704659fcac23192f416bd534e590fc73d347b69,undefined FUN_1817ecb84(),ghidra,clean,
WHGame.dll,release_1_5_1164953_841,0x17ecc60,273,FUN_1817ecc60,,,deebc269c6896be8512c0a30f6ef5b5198a328cff19d979415fa3fbf3a43e71a,undefined FUN_1817ecc60(),ghidra,clean,
WHGame.dll,release_1_5_1164953_841,0x17ecd64,206,FUN_1817ecd64,,,2587d176d8891148e100fc7940875ad785443784c173d4b02019895768ec8e6c,undefined FUN_1817ecd64(),ghidra,clean,
WHGame.dll,release_1_5_1164953_841,0x17ece28,202,FUN_1817ece28,,,32c5f39b0bf098b4d4f448ca82e2a2bfbba46bde5dce41cee0a227c6eba3e03d,undefined FUN_1817ece28(),ghidra,clean,
WHGame.dll,release_1_5_1164953_841,0x17ecef4,72,FUN_1817ecef4,,,6635a541f9455df3de06b1facf66d101e87931f5ba8fa27624440a96489c0d2f,undefined FUN_1817ecef4(),ghidra,clean,
WHGame.dll,release_1_5_1164953_841,0x17ecf3c,91,FUN_1817ecf3c,,,a995e98630c6f2200e65bd5c70cb3ffdf546624f9744db39dcaf66b037898b25,undefined FUN_1817ecf3c(),ghidra,clean,
WHGame.dll,release_1_5_1164953_841,0x17ecf9c,99,FUN_1817ecf9c,,,3b94406f6e496f21b14f99444c6be7ba7c25f26341134a607244842c8202b2f9,undefined FUN_1817ecf9c(),ghidra,clean,
WHGame.dll,release_1_5_1164953_841,0x17ed000,18,FUN_1817ed000,,,cede0170571f154ce541e1e65cbaa67d571120154e1cb62cfaf503f88ec3ddad,undefined FUN_1817ed000(),ghidra,clean,
WHGame.dll,release_1_5_1164953_841,0x17ed014,52,FUN_1817ed014,,,acb65f6199b45af696c7f6ae61e7eb2b720e4fe89953182b26efbd1bbc006e47,undefined FUN_1817ed014(),ghidra,clean,
WHGame.dll,release_1_5_1164953_841,0x17ed048,123,FUN_1817ed048,,,ab9df13cfe005372be02acf3212c5a38e34077b5bce2e45e5d6a91020b03fecf,undefined FUN_1817ed048(),ghidra,clean,
WHGame.dll,release_1_5_1164953_841,0x17ed0c4,174,FUN_1817ed0c4,,,40d21164a0846013d162d79ede777db423c3e832cb33ea4ba67d43732dfa64c9,undefined FUN_1817ed0c4(),ghidra,clean,
WHGame.dll,release_1_5_1164953_841,0x17ed174,150,FUN_1817ed174,,,e34c44a13f9a37db922a23f3d819f08046d0768466a0b8568c48cc338e82aa58,undefined FUN_1817ed174(),ghidra,clean,
WHGame.dll,release_1_5_1164953_841,0x17ed1f4,226,FUN_1817ed1f4,,,41696ce3d20ef4e375f34663ecc95b8b3b5484388416006b4ea6743865930c6f,undefined FUN_1817ed1f4(),ghidra,clean,
WHGame.dll,release_1_5_1164953_841,0x17ed2cc,258,FUN_1817ed2cc,,,28bcfc7462a12b94329e1690c852151310b79e1b41eba56c08f8c1947100e347,undefined FUN_1817ed2cc(),ghidra,clean,
WHGame.dll,release_1_5_1164953_841,0x17ed3d0,5,thunk_FUN_1817ed3d8,,,b0d40b133b9394d93820ac0104b0065121d2d73df32c7bfb4e4cf5d805a8b103,undefined thunk_FUN_1817ed3d8(),ghidra,clean,
WHGame.dll,release_1_5_1164953_841,0x17ed3d8,699,FUN_1817ed3d8,,,339855f2026e921f1170caf97bef1e0b2dd3e87eb813cbb10d292a3e49f1d1c3,undefined FUN_1817ed3d8(),ghidra,clean,
WHGame.dll,release_1_5_1164953_841,0x17ed694,427,FUN_1817ed694,,,283a5e7c6a6da1bba241bda60e2f530231833d5c5a99956551492f54e5ae7c88,undefined FUN_1817ed694(),ghidra,clean,
WHGame.dll,release_1_5_1164953_841,0x17ed708,250,FUN_1817ed708,,,0b2aabd7bb1a8d164996c9a37a83a041d22d8ba91fd76b3f34114a6b7efee5c2,undefined FUN_1817ed708(),ghidra,clean,
WHGame.dll,release_1_5_1164953_841,0x17ed804,200,FUN_1817ed804,,,7dbe6ea34e86b70c2308daa5492a0c5c1e719c3d934c39345a6ba9c10fd615c0,undefined FUN_1817ed804(),ghidra,clean,
WHGame.dll,release_1_5_1164953_841,0x17ed8b8,272,FUN_1817ed8b8,,,e97819359ef682f5644da1611fd4ed0a4622ec1df3707ecb8ba9171e940f4b06,undefined FUN_1817ed8b8(),ghidra,clean,
WHGame.dll,release_1_5_1164953_841,0x17ed9c0,201,FUN_1817ed9c0,,,106c4552bbd8a06b6f081ee7021f9c5728a9be0c787e7adcb781df82d49ab1f0,undefined FUN_1817ed9c0(),ghidra,clean,
WHGame.dll,release_1_5_1164953_841,0x17eda8c,123,FUN_1817eda8c,,,a89793dd8e86a14d08c7c05e991ad4cd69210b316751e79b4ef8dc9fc5d97d97,undefined FUN_1817eda8c(),ghidra,clean,
WHGame.dll,release_1_5_1164953_841,0x17edb08,136,FUN_1817edb08,,,9c99c424b063faa8c1b636f2c83738f930badd6f8aded35a12968fbacf5c3c3a,undefined FUN_1817edb08(),ghidra,clean,
WHGame.dll,release_1_5_1164953_841,0x17edb90,68,FUN_1817edb90,,,995a9f6773a1a927ab8f1c8e26da83dccf1205bc3e446ad29429889edafa1b13,undefined FUN_1817edb90(),ghidra,clean,
WHGame.dll,release_1_5_1164953_841,0x17edbd4,297,FUN_1817edbd4,,,0caca37028953f6a8a54697ea1b4990e7cf30217e2208b2961a4c9ce6955eff8,undefined FUN_1817edbd4(),ghidra,clean,
WHGame.dll,release_1_5_1164953_841,0x17edd00,206,FUN_1817edd00,,,3afc43797c405d31640f533b965ad38d87a7e62beb624765da4bf483a01e6312,undefined FUN_1817edd00(),ghidra,clean,
WHGame.dll,release_1_5_1164953_841,0x17eddc4,206,FUN_1817eddc4,,,78e88462b26b81fdc2500bd5d37f7cd2e9705ccbf6a16132f8c52c48e9fe5922,undefined FUN_1817eddc4(),ghidra,clean,
WHGame.dll,release_1_5_1164953_841,0x17ede88,202,FUN_1817ede88,,,4a849240fbbc54467b3916cc4ac0035f672224c08a13141e2dd5c89b4cf0a942,undefined FUN_1817ede88(),ghidra,clean,
WHGame.dll,release_1_5_1164953_841,0x17edf54,202,FUN_1817edf54,,,7f6d35591a9fb04d57bbb13c4c5c890e4163fceb5e18e2ddbc333f803cc678f2,undefined FUN_1817edf54(),ghidra,clean,
WHGame.dll,release_1_5_1164953_841,0x17ee020,197,FUN_1817ee020,,,e82bed92e93ac8812a1dfd3e8a83f0ea72fdcf94ce04ac4a462e5d4bf11d5990,undefined FUN_1817ee020(),ghidra,clean,
WHGame.dll,release_1_5_1164953_841,0x17ee0e8,374,FUN_1817ee0e8,,,2df3ac34b76db80d40b27b59593ed8aa96e59efc09314e14a57709e54eff164c,undefined FUN_1817ee0e8(),ghidra,clean,
WHGame.dll,release_1_5_1164953_841,0x17ee260,155,FUN_1817ee260,,,73b569a7a94235834bba6feea661e16f91d776941285c11769d94d54a1ab638b,undefined FUN_1817ee260(),ghidra,clean,
WHGame.dll,release_1_5_1164953_841,0x17ee2fc,291,FUN_1817ee2fc,,,473b1cdce98021210e615198caa0ef06d12ee397df176fd476bb90811fc71fc0,undefined FUN_1817ee2fc(),ghidra,clean,
WHGame.dll,release_1_5_1164953_841,0x17ee420,384,FUN_1817ee420,,,51ccefb0162fde2a280b8f0e785e1815f50836da28236fca8cce0291632f2da7,undefined FUN_1817ee420(),ghidra,clean,
WHGame.dll,release_1_5_1164953_841,0x17ee538,88,FUN_1817ee538,,,d9e7d8a5c465dba90dc50d0d6335fa19d4e59526a8240719e6ee9c7e8463a218,undefined FUN_1817ee538(),ghidra,clean,
WHGame.dll,release_1_5_1164953_841,0x17ee574,33,FUN_1817ee574,,,be5ddda98ac9b2d72cf37ad8cebf5964ff46e1450b7024ca9ade920083f5b260,undefined FUN_1817ee574(),ghidra,clean,
WHGame.dll,release_1_5_1164953_841,0x17ee598,33,FUN_1817ee598,,,8a1d14ee7529a877530ea99136e20957a329848c3f83298bd369655a40ffc1a1,undefined FUN_1817ee598(),ghidra,clean,
WHGame.dll,release_1_5_1164953_841,0x17ee5bc,110,FUN_1817ee5bc,,,bdc76aa08604b8c964d1f1f77d95e7f6a8cb47ce91018e5129c125c04984aac2,undefined FUN_1817ee5bc(),ghidra,clean,
WHGame.dll,release_1_5_1164953_841,0x17ee5f8,28,FUN_1817ee5f8,,,79d7919c9722ac414dcd48bc75fda55f288dfb8116b6c1dd6bab0fe814d52470,undefined FUN_1817ee5f8(),ghidra,clean,
WHGame.dll,release_1_5_1164953_841,0x17ee614,180,FUN_1817ee614,,,226360806c0a3d7c301d30a6ee63ace08c96827ee4836c6b3d8b0a8948734258,undefined FUN_1817ee614(),ghidra,clean,
WHGame.dll,release_1_5_1164953_841,0x17ee6c8,180,FUN_1817ee6c8,,,e962e39bf5cf6899e66d31dae678f00804dc8f17827c64aef0153f570ddc7511,undefined FUN_1817ee6c8(),ghidra,clean,
WHGame.dll,release_1_5_1164953_841,0x17ee77c,180,FUN_1817ee77c,,,d9bc28f24497025382dffedf9f930506323dd3fdbcf29bd9012ebc7dc44eeff4,undefined FUN_1817ee77c(),ghidra,clean,
WHGame.dll,release_1_5_1164953_841,0x17ee830,180,FUN_1817ee830,,,85866aa2364a831409fcd011751540f29019da420c15c0cfc29a93b04120d194,undefined FUN_1817ee830(),ghidra,clean,
WHGame.dll,release_1_5_1164953_841,0x17ee8e4,180,FUN_1817ee8e4,,,abcce4db8d2f79fc3e0ee3cbc4825d49cd647894dc71a53fb6e6a47978e1341a,undefined FUN_1817ee8e4(),ghidra,clean,
WHGame.dll,release_1_5_1164953_841,0x17ee998,180,FUN_1817ee998,,,3510c51ba9d206893c7219cd83970bbafc7951be421a9a0f09c6bb34fcb93a2c,undefined FUN_1817ee998(),ghidra,clean,
WHGame.dll,release_1_5_1164953_841,0x17eea4c,180,FUN_1817eea4c,,,10d86fbe4ff33648c758ef82b8da726848244192638e3f6dcf2c443c5b7066a9,undefined FUN_1817eea4c(),ghidra,clean,
WHGame.dll,release_1_5_1164953_841,0x17eeb00,180,FUN_1817eeb00,,,48d9c94815e7ecbc74ef4fcdd25d5227128b26bf5d8946143f0389294065b01d,undefined FUN_1817eeb00(),ghidra,clean,
WHGame.dll,release_1_5_1164953_841,0x17eebb4,180,FUN_1817eebb4,,,99c6060a548af3759b93a21ad05af752647e73b3e0de0b2cee33d12e5dcb528e,undefined FUN_1817eebb4(),ghidra,clean,
WHGame.dll,release_1_5_1164953_841,0x17eec68,180,FUN_1817eec68,,,1ad86e6cf76e9bdb503bd0bdbdca595eb8c4a55e1e5211dcf0fc06dda48e8e52,undefined FUN_1817eec68(),ghidra,clean,
WHGame.dll,release_1_5_1164953_841,0x17eed1c,190,FUN_1817eed1c,,,c473bb75f9cd4285068b500f4aa643a658bfec941b842cb47eece958cbb4e72b,undefined FUN_1817eed1c(),ghidra,clean,
WHGame.dll,release_1_5_1164953_841,0x17eeddc,190,FUN_1817eeddc,,,bf66fb39de1e66f1fde88171740bac66bbb759429626f45e323f145dc5419bfb,undefined FUN_1817eeddc(),ghidra,clean,
WHGame.dll,release_1_5_1164953_841,0x17eee9c,180,FUN_1817eee9c,,,3fbdce784918537df87927c8e6373aa8d1338d945d4b08c484171b71ca077735,undefined FUN_1817eee9c(),ghidra,clean,
WHGame.dll,release_1_5_1164953_841,0x17eef50,190,FUN_1817eef50,,,008ee943dea28ae87c6b3e41148e61985eddf2558963a02258f9d39a3e5c6d4c,undefined FUN_1817eef50(),ghidra,clean,
WHGame.dll,release_1_5_1164953_841,0x17ef010,163,FUN_1817ef010,,,bdbb088c8e4499be58d74f8c515d510db4d633dd2c5c85d0e321549bf8689c24,undefined FUN_1817ef010(),ghidra,clean,
WHGame.dll,release_1_5_1164953_841,0x17ef0b4,129,FUN_1817ef0b4,,,306cb40684219a0836141d5ffa23ca4916329785c32cf817a7bbf7b860dcfc31,undefined FUN_1817ef0b4(),ghidra,clean,
WHGame.dll,release_1_5_1164953_841,0x17ef138,144,FUN_1817ef138,,,fa6bb26a2859a83ef886ba5cebe084727afac72082315e324246c55aa980f9a0,undefined FUN_1817ef138(),ghidra,clean,
WHGame.dll,release_1_5_1164953_841,0x17ef1c8,197,FUN_1817ef1c8,,,fd21ebe0d2459becd359ebc4858829fd5f5a026dbfb65af6288d07654dce2fd4,undefined FUN_1817ef1c8(),ghidra,clean,
WHGame.dll,release_1_5_1164953_841,0x17ef270,243,FUN_1817ef270,,,2319e40142d0976f9effdbef63469361cf9435beca111fec1bf119d22d7264a8,undefined FUN_1817ef270(),ghidra,clean,
WHGame.dll,release_1_5_1164953_841,0x17ef364,242,FUN_1817ef364,,,3adb6da20dda6d53b496bfdbd25246f08d5369b172405b70259ccc60e08a2c1a,undefined FUN_1817ef364(),ghidra,clean,
WHGame.dll,release_1_5_1164953_841,0x17ef44c,255,FUN_1817ef44c,,,cf6c3eb719344a11cb7d0fe3b4fb47c2b6f0a9bf07faaf452e124b5446597080,undefined FUN_1817ef44c(),ghidra,clean,
WHGame.dll,release_1_5_1164953_841,0x17ef54c,78,FUN_1817ef54c,,,17e6273cce3b32b43b4a281c4af74e7e89019e1790c94b5fbdd04ebcd1c238be,undefined FUN_1817ef54c(),ghidra,clean,
WHGame.dll,release_1_5_1164953_841,0x17ef59c,234,FUN_1817ef59c,,,8fdba29caa18ba9360da452a564f3c3333d901784569b7e0cc0e7f026c8bbc9c,undefined FUN_1817ef59c(),ghidra,clean,
WHGame.dll,release_1_5_1164953_841,0x17ef688,207,FUN_1817ef688,,,cbca4b6e2d8e930e333aad20be7d58695b73e3ea4bb5110e252f5f4d448ed71e,undefined FUN_1817ef688(),ghidra,clean,
WHGame.dll,release_1_5_1164953_841,0x17ef748,261,FUN_1817ef748,,,eb2c87fe80b324e0eedc273a463be0561cfbc23ca956a3e1307e00f2c39a077c,undefined FUN_1817ef748(),ghidra,clean,
WHGame.dll,release_1_5_1164953_841,0x17ef844,196,FUN_1817ef844,,,74e281da96c113b0a211735962c5f9ccbb54ac3d5cd8fcd26f4aea5a2039c846,undefined FUN_1817ef844(),ghidra,clean,
WHGame.dll,release_1_5_1164953_841,0x17ef908,207,FUN_1817ef908,,,fcf5c7fcadd96fd8d109d6734d7543301b2b2fc2d05520d789565a5b2601ce06,undefined FUN_1817ef908(),ghidra,clean,
WHGame.dll,release_1_5_1164953_841,0x17ef9d8,299,FUN_1817ef9d8,,,f8578f06078604641a04570e770a3a70294d152ca04d567fd1f68d00951e13eb,undefined FUN_1817ef9d8(),ghidra,clean,
WHGame.dll,release_1_5_1164953_841,0x17efb04,143,FUN_1817efb04,,,7ad7c63505e3f8a05e39e8d2c388849143a6b75d838265601be93c895ea28aa1,undefined FUN_1817efb04(),ghidra,clean,
WHGame.dll,release_1_5_1164953_841,0x17efb94,175,FUN_1817efb94,,,45c4a2034e5ed1f395584074841edd4234b9313c22d47a53eb1e9f698561204c,undefined FUN_1817efb94(),ghidra,clean,
WHGame.dll,release_1_5_1164953_841,0x17efc44,117,FUN_1817efc44,,,f9887cb99b6efc9c28dc90420778767eba5dd07812761e1e8b09973bc61fb2ee,undefined FUN_1817efc44(),ghidra,clean,
WHGame.dll,release_1_5_1164953_841,0x17efcbc,118,FUN_1817efcbc,,,eedcae37eb83c577433b9d5eb82dc301bfc0c213f1c58cf555336bfa41103518,undefined FUN_1817efcbc(),ghidra,clean,
WHGame.dll,release_1_5_1164953_841,0x17efd34,82,FUN_1817efd34,,,b92608e2f683e966cf860d3e225b8a6df0809098ea47738f9133d2bfef16db9b,undefined FUN_1817efd34(),ghidra,clean,
WHGame.dll,release_1_5_1164953_841,0x17efd88,71,FUN_1817efd88,,,902b99158d2b5fdb93c6e8ddb04d013d7a084bd8f8038a841d3ba40c8078aae5,undefined FUN_1817efd88(),ghidra,clean,
WHGame.dll,release_1_5_1164953_841,0x17efdd0,95,FUN_1817efdd0,,,cc80f56381ffe4501b46d7cd3e1b8c68559cb0c06ba171d2fabee71a8eb04690,undefined FUN_1817efdd0(),ghidra,clean,
WHGame.dll,release_1_5_1164953_841,0x17efe30,80,FUN_1817efe30,,,4171b54a0c263b2ec871cbf0ed0a045533aa85c64bed857732414b205978c285,undefined FUN_1817efe30(),ghidra,clean,
WHGame.dll,release_1_5_1164953_841,0x17efe80,80,FUN_1817efe80,,,0c08087a67523975292c1fbf8fc7d0411096a8c17be262904c2d3653fdc6d60b,undefined FUN_1817efe80(),ghidra,clean,
WHGame.dll,release_1_5_1164953_841,0x17efed0,80,FUN_1817efed0,,,8a453205a7bc52f06cee797575f0b58fd0b2ef7cbeecbc5cb2538e2be0f8c1a2,undefined FUN_1817efed0(),ghidra,clean,
WHGame.dll,release_1_5_1164953_841,0x17eff20,80,FUN_1817eff20,,,19e9e29df3c16b0398021604011efd4a7399ecf826a53b23494f2372b4af772f,undefined FUN_1817eff20(),ghidra,clean,
WHGame.dll,release_1_5_1164953_841,0x17eff70,80,FUN_1817eff70,,,1e15af16160526103c58d34ad3a66faeaeade708db80400eb8aa7754c8bc4a37,undefined FUN_1817eff70(),ghidra,clean,
WHGame.dll,release_1_5_1164953_841,0x17effc0,85,FUN_1817effc0,,,b27cdbcc2777a461031904f3b78889811e747efaea19daa97ad08fb624a12b15,undefined FUN_1817effc0(),ghidra,clean,
WHGame.dll,release_1_5_1164953_841,0x17efff4,30,FUN_1817efff4,,,1658c84d827b37fab33ae6a15c5aec548e97f46ecdc3674efb827e07306a6928,undefined FUN_1817efff4(),ghidra,clean,
WHGame.dll,release_1_5_1164953_841,0x17f0014,21,FUN_1817f0014,,,71a7f45581c166cc60d93866f29e5b7a1c0d8691713b7c009dfa400fe3168e8b,undefined FUN_1817f0014(),ghidra,clean,
WHGame.dll,release_1_5_1164953_841,0x17f002c,51,FUN_1817f002c,,,db7105d5f03ca38d81b6338f8ba8cbea11f2d29534053f72ba399d61270be015,undefined FUN_1817f002c(),ghidra,clean,
WHGame.dll,release_1_5_1164953_841,0x17f0060,197,FUN_1817f0060,,,6f674683d977c9b7f9343804cfe391b07f3f9b7b7a913976aebbd6cae0bdab9a,undefined FUN_1817f0060(),ghidra,clean,
WHGame.dll,release_1_5_1164953_841,0x17f0128,374,FUN_1817f0128,,,5081150f7208449ea525713e7df70b286bdd11bf0881976655ba6daff08f7b69,undefined FUN_1817f0128(),ghidra,clean,
WHGame.dll,release_1_5_1164953_841,0x17f02a0,197,FUN_1817f02a0,,,78a7240e9fe7d2692b87e7e1206405b1f546db804d36220868a6aecf268f34b3,undefined FUN_1817f02a0(),ghidra,clean,
WHGame.dll,release_1_5_1164953_841,0x17f0368,374,FUN_1817f0368,,,9d6cdd70c533b6b3c8ab0174dd97c094aac172d3da9d521947f4426f799eab94,undefined FUN_1817f0368(),ghidra,clean,
WHGame.dll,release_1_5_1164953_841,0x17f04e0,197,FUN_1817f04e0,,,1c70f0fb86e42349ea38b956be7238a6903da58dd6a7688bdb6c4108194cb8bf,undefined FUN_1817f04e0(),ghidra,clean,
WHGame.dll,release_1_5_1164953_841,0x17f05a8,374,FUN_1817f05a8,,,2eb959e4072e4b9803fca0c59355be6c073656a83e1644acfedd43b5cafe1ee5,undefined FUN_1817f05a8(),ghidra,clean,
WHGame.dll,release_1_5_1164953_841,0x17f0720,155,FUN_1817f0720,,,5f7dbd0ee4357d2da9bd212af0e3d6e8911278d309cdb1c9a7a55674b4f69ffe,undefined FUN_1817f0720(),ghidra,clean,
WHGame.dll,release_1_5_1164953_841,0x17f07bc,291,FUN_1817f07bc,,,edd4163cbbe0e8ece2fb04b801b7a756c74bb8a84511dca03a725e05fc9e9e36,undefined FUN_1817f07bc(),ghidra,clean,
WHGame.dll,release_1_5_1164953_841,0x17f08e0,155,FUN_1817f08e0,,,89928c52c14834e433959c7407a93c09bdd4d29deca8132f00dfee55ae6ac5ba,undefined FUN_1817f08e0(),ghidra,clean,
WHGame.dll,release_1_5_1164953_841,0x17f097c,291,FUN_1817f097c,,,3cad289b4ad76751bfb03c09b8ee987263e7afdf645c3523aa9cbe049fd53f53,undefined FUN_1817f097c(),ghidra,clean,
WHGame.dll,release_1_5_1164953_841,0x17f0aa0,155,FUN_1817f0aa0,,,ab6dcc04a3bb93cc0b40b1e6970730032c6b0331e3bc2bd232215e0ff85594cd,undefined FUN_1817f0aa0(),ghidra,clean,
WHGame.dll,release_1_5_1164953_841,0x17f0b3c,291,FUN_1817f0b3c,,,c11a883ee291ce3b101de5c4772569f04275325ebc91fa9cec1acf6620210993,undefined FUN_1817f0b3c(),ghidra,clean,
WHGame.dll,release_1_5_1164953_841,0x17f0c60,203,FUN_1817f0c60,,,7a909e1869be98b6c2417cf77be5ffc798819e06a6f78c9f322333c678ef96ec,undefined FUN_1817f0c60(),ghidra,clean,
WHGame.dll,release_1_5_1164953_841,0x17f0d2c,47,FUN_1817f0d2c,,,e2884266383d1e23ea76eea86a23be3ad09173af879f6a43982b9f19ad204154,undefined FUN_1817f0d2c(),ghidra,clean,
WHGame.dll,release_1_5_1164953_841,0x17f0d5c,38,FUN_1817f0d5c,,,6d9ebf41b5be336bfad1fc52bc63bc37869c77cb6952d59ec9a1fa6f86dd79dd,undefined FUN_1817f0d5c(),ghidra,clean,
WHGame.dll,release_1_5_1164953_841,0x17f0d84,41,FUN_1817f0d84,,,faed7d4dc265b87f123b7ed7e5548ecf99c31b8031d1c6e7f43b3ed7054546e6,undefined FUN_1817f0d84(),ghidra,clean,
WHGame.dll,release_1_5_1164953_841,0x17f0db0,234,FUN_1817f0db0,,,b28734aadfed52ff3992d6adec30bc7a121cd3833920787acedf864ae7eb57a7,undefined FUN_1817f0db0(),ghidra,clean,
WHGame.dll,release_1_5_1164953_841,0x17f0e9c,190,FUN_1817f0e9c,,,094fff4db9b75d0b443925ca7a628ba5815044979dbbc0628922503198f8befc,undefined FUN_1817f0e9c(),ghidra,clean,
WHGame.dll,release_1_5_1164953_841,0x17f0f48,261,FUN_1817f0f48,,,208b43fd557d132c0685162f6fe922b965292caeafc577f72876e146f4b1250a,undefined FUN_1817f0f48(),ghidra,clean,
WHGame.dll,release_1_5_1164953_841,0x17f1044,196,FUN_1817f1044,,,c2cd4b79ebffe71e3f8fa9a75538afd1f500d2c0b639dbf75598caada9b36e3b,undefined FUN_1817f1044(),ghidra,clean,
WHGame.dll,release_1_5_1164953_841,0x17f1108,338,FUN_1817f1108,,,0fec0a7a85233526dca59c4d4857584cbd9b411f710ec8d33914817761210835,undefined FUN_1817f1108(),ghidra,clean,
WHGame.dll,release_1_5_1164953_841,0x17f11d0,97,FUN_1817f11d0,,,3d4332fe5bea7e1495d237eebbe1aa2218eb0e3eee8d52dc3d801550f64a625c,undefined FUN_1817f11d0(),ghidra,clean,
WHGame.dll,release_1_5_1164953_841,0x17f1234,39,FUN_1817f1234,,,957aa4fa477588fc88aee13156b3ae7c713e259a3d5a3ae4568f63311af86d9b,undefined FUN_1817f1234(),ghidra,clean,
WHGame.dll,release_1_5_1164953_841,0x17f125c,74,FUN_1817f125c,,,3fda519f51ff28fe97d5f36c8cc674d50236b2d38ce093b570a37afb9c84946c,undefined FUN_1817f125c(),ghidra,clean,
WHGame.dll,release_1_5_1164953_841,0x17f12a8,202,FUN_1817f12a8,,,6d61283218fd10c96539fdd680612d18cd6fa353eeff43cd8d71ebeb58ba4783,undefined FUN_1817f12a8(),ghidra,clean,
WHGame.dll,release_1_5_1164953_841,0x17f1374,138,FUN_1817f1374,,,4884ef95bb9e7098c1d7c71bcff50a26bd75d9c8e20c6de6db383de7c54c6a25,undefined FUN_1817f1374(),ghidra,clean,
WHGame.dll,release_1_5_1164953_841,0x17f1400,111,FUN_1817f1400,,,8822d2c52bfc120e854570c86490124260ad5e3060bb7512b4d977d5d692fd2f,undefined FUN_1817f1400(),ghidra,clean,
WHGame.dll,release_1_5_1164953_841,0x17f1434,53,FUN_1817f1434,,,14eb3c701a9494ec545312342c39c326b1be30ddf7dc7ba045c3b02e86d93daf,undefined FUN_1817f1434(),ghidra,clean,
WHGame.dll,release_1_5_1164953_841,0x17f146c,91,FUN_1817f146c,,,437da6a55643af9dbec80e56a94cc56d612b887f816107b227f09c898803144b,undefined FUN_1817f146c(),ghidra,clean,
WHGame.dll,release_1_5_1164953_841,0x17f14c8,62,FUN_1817f14c8,,,f0b2a82be4b9a8d79deaad2d3e265ce11a1549fcae33b0dc57996e00934d5dec,undefined FUN_1817f14c8(),ghidra,clean,
WHGame.dll,release_1_5_1164953_841,0x17f1508,30,FUN_1817f1508,,,d97ba85cc04a961be9df11cc3835b467513545d050fb54beb828c6e3c39f6d90,undefined FUN_1817f1508(),ghidra,clean,
WHGame.dll,release_1_5_1164953_841,0x17f1528,32,FUN_1817f1528,,,22538c78b32fe032f0d4e0505a3cfb5c3713221f66ef7285772aa8e7ff898cde,undefined FUN_1817f1528(),ghidra,clean,
WHGame.dll,release_1_5_1164953_841,0x17f1548,30,FUN_1817f1548,,,f0a53ef182725d6e9b5847ac2a509dc4bcf3a94b5fe2fb86c0449977c89a7a66,undefined FUN_1817f1548(),ghidra,clean,
WHGame.dll,release_1_5_1164953_841,0x17f1568,234,FUN_1817f1568,,,56e02c1792132865e40e582ad5207eb888c92690dff464c4c7085dbde7268e62,undefined FUN_1817f1568(),ghidra,clean,
WHGame.dll,release_1_5_1164953_841,0x17f1654,207,FUN_1817f1654,,,b6522600432f2ff70e84f6f4761aea293f8a33e60a5dd8c61ab0e29e23662162,undefined FUN_1817f1654(),ghidra,clean,
WHGame.dll,release_1_5_1164953_841,0x17f1714,261,FUN_1817f1714,,,ca3a56f020246f9e4ee14c8569915016bbbf56cea0bc7baf17c7bd3095fc9b2f,undefined FUN_1817f1714(),ghidra,clean,
WHGame.dll,release_1_5_1164953_841,0x17f1810,196,FUN_1817f1810,,,b89e15b87b311bf2c3d375485cf28ac0b1a3a1cdd274a69a6b10c3ac34d5bda0,undefined FUN_1817f1810(),ghidra,clean,
WHGame.dll,release_1_5_1164953_841,0x17f18d4,234,FUN_1817f18d4,,,fedace0ef03809083324c3b06c964480a96be6f98f92799671b2c4e71f26be2a,undefined FUN_1817f18d4(),ghidra,clean,
WHGame.dll,release_1_5_1164953_841,0x17f19c0,207,FUN_1817f19c0,,,db8a554131f118f96fd408221ea48fc3c71b4762e38fd5fd1230df4dd20ad457,undefined FUN_1817f19c0(),ghidra,clean,
WHGame.dll,release_1_5_1164953_841,0x17f1a80,261,FUN_1817f1a80,,,7cc6221abe3d5f32d3dc8a33cff26ff4dae844afb0ff3973a0ccb88b59e2945e,undefined FUN_1817f1a80(),ghidra,clean,
WHGame.dll,release_1_5_1164953_841,0x17f1b7c,196,FUN_1817f1b7c,,,7033d7b9615c098d47e4cf642916b3600359ba2db6f5159bc68392080a19a6e1,undefined FUN_1817f1b7c(),ghidra,clean,
WHGame.dll,release_1_5_1164953_841,0x17f1c40,255,FUN_1817f1c40,,,38a84633da6b44e3eae5045f2d6bf0cd559a112943c327a35de9a8167a99ed22,undefined FUN_1817f1c40(),ghidra,clean,
WHGame.dll,release_1_5_1164953_841,0x17f1d20,101,FUN_1817f1d20,,,03ac2cfbe7d806182a222787282ea3d2ebc0bc8601b9040491721f9fffc49f51,undefined FUN_1817f1d20(),ghidra,clean,
WHGame.dll,release_1_5_1164953_841,0x17f1d68,97,FUN_1817f1d68,,,8d65469d9321079294c64fd78850aebb8d95545ca099984810be86d1ebec0471,undefined FUN_1817f1d68(),ghidra,clean,
WHGame.dll,release_1_5_1164953_841,0x17f1dcc,130,FUN_1817f1dcc,,,dadd2bab20b8d45b3a331d05d59f604e03bfaf2b9974c01e936c31e518311cf3,undefined FUN_1817f1dcc(),ghidra,clean,
WHGame.dll,release_1_5_1164953_841,0x17f1e50,251,FUN_1817f1e50,,,295cad9848b179a21b1abd751b6403fa914c20a4f7dceb6eab6644282e4afcb9,undefined FUN_1817f1e50(),ghidra,clean,
WHGame.dll,release_1_5_1164953_841,0x17f1f4c,116,FUN_1817f1f4c,,,e1843bb62c5a831f5305387c7f0794653e78f74f56d491ee74f21bf57a200c07,undefined FUN_1817f1f4c(),ghidra,clean,
WHGame.dll,release_1_5_1164953_841,0x17f1fc0,132,FUN_1817f1fc0,,,9982bcf4b354c7b3cfe17325c3410324d0ef3fdb7a9dc745b33bdbf7b2c5136b,undefined FUN_1817f1fc0(),ghidra,clean,
WHGame.dll,release_1_5_1164953_841,0x17f2044,146,FUN_1817f2044,,,cc25ced05f137fa924d7b10a4e8b0a72fca99ed00618b778dfd8c71cb6864b91,undefined FUN_1817f2044(),ghidra,clean,
WHGame.dll,release_1_5_1164953_841,0x17f20d8,155,FUN_1817f20d8,,,8db67602d4b8c099bfdbb5cfa32cd928bfd1115f2d0d6f4ca0d015db990e9f31,undefined FUN_1817f20d8(),ghidra,clean,
WHGame.dll,release_1_5_1164953_841,0x17f2174,62,FUN_1817f2174,,,e3a297cf9b49e3d3a9cb698032249bf8675c0419db71e8fa5d77075dd6b4d7c4,undefined FUN_1817f2174(),ghidra,clean,
WHGame.dll,release_1_5_1164953_841,0x17f21a0,118,FUN_1817f21a0,,,bfce6f17452fb002e3bc422c28f30a860c612d6d00373c4f447adf4ca1547046,undefined FUN_1817f21a0(),ghidra,clean,
WHGame.dll,release_1_5_1164953_841,0x17f2218,824,FUN_1817f2218,,,f31312a967b744d69af1e0d5664e8de14f11fa1cd587a76148a284752cdbd676,undefined FUN_1817f2218(),ghidra,clean,
WHGame.dll,release_1_5_1164953_841,0x17f2550,167,FUN_1817f2550,,,6561c6b03d2e678b587258e762952542110c7a5c6cebee7bbaed609a24898694,undefined FUN_1817f2550(),ghidra,clean,
WHGame.dll,release_1_5_1164953_841,0x17f25f8,180,FUN_1817f25f8,,,11fcdb157189da1429596670a4e2f14478c9719d82b0d5efdb31d9789cfdc5ad,undefined FUN_1817f25f8(),ghidra,clean,
WHGame.dll,release_1_5_1164953_841,0x17f269c,404,FUN_1817f269c,,,b97145d423f632c56092178fc15417b470d49ea38eb6226c6f3b2b06c16de19b,undefined FUN_1817f269c(),ghidra,clean,
WHGame.dll,release_1_5_1164953_841,0x17f2828,469,FUN_1817f2828,,,9004299462803bb46c57b400d9d2fdd84a747124f76b9b7f8d3087cb2867f1ac,undefined FUN_1817f2828(),ghidra,clean,
WHGame.dll,release_1_5_1164953_841,0x17f2a00,55,FUN_1817f2a00,,,40a514cb73bf9e66ee0be8eef149e6366387cb949601ab7b19f78e0a94676b29,undefined FUN_1817f2a00(),ghidra,clean,
WHGame.dll,release_1_5_1164953_841,0x17f2a28,181,FUN_1817f2a28,,,dfa3fc75594d0ab1b9219eb98de7b0949edd4b0a0e1122ca1d20fc29da19a23d,undefined FUN_1817f2a28(),ghidra,clean,
WHGame.dll,release_1_5_1164953_841,0x17f2ad4,145,FUN_1817f2ad4,,,0eaaf011e8e409e32d78cf39a3adac5369bd0446a361b10a922a5c59c7958cee,undefined FUN_1817f2ad4(),ghidra,clean,
WHGame.dll,release_1_5_1164953_841,0x17f2b68,55,FUN_1817f2b68,,,d90db06704e56c9592486057d4aa86ff35488d685e64bf09e8004d3f9ff8791f,undefined FUN_1817f2b68(),ghidra,clean,
WHGame.dll,release_1_5_1164953_841,0x17f2b90,181,FUN_1817f2b90,,,0a1480c33348ae78741730fc55ea2c7b8c62654f2d94c8a132901503ded6fdaa,undefined FUN_1817f2b90(),ghidra,clean,
WHGame.dll,release_1_5_1164953_841,0x17f2c3c,145,FUN_1817f2c3c,,,545ba5074858ea780334de78bf964884299a24cc05e310f50c8ec1fec9c8320f,undefined FUN_1817f2c3c(),ghidra,clean,
WHGame.dll,release_1_5_1164953_841,0x17f2cd0,42,FUN_1817f2cd0,,,fa610f785bb7c30840e6d43ea981f9a1d09ecfae1821f4b3f6b3b2a7260d6463,undefined FUN_1817f2cd0(),ghidra,clean,
WHGame.dll,release_1_5_1164953_841,0x17f2cfc,83,FUN_1817f2cfc,,,f9a8808dee4e8ed53cc6becfcf99b5e1c827b064709306b45f95a2a588569ce4,undefined FUN_1817f2cfc(),ghidra,clean,
WHGame.dll,release_1_5_1164953_841,0x17f2d50,241,FUN_1817f2d50,,,14b6df8d737339f4300684b1ecfff1187256ce9fdbf0d82b48f78ee055e64840,undefined FUN_1817f2d50(),ghidra,clean,
WHGame.dll,release_1_5_1164953_841,0x17f2e34,252,FUN_1817f2e34,,,3dd0d4f9f84b73dd05b2d660121c46a40b4c6ee88f4b031a55f49296abfa0b01,undefined FUN_1817f2e34(),ghidra,clean,
WHGame.dll,release_1_5_1164953_841,0x17f2f30,438,FUN_1817f2f30,,,a0e7c2deb38fc8e35293205b5a098fe8747c9879a2a0b127027aff0d7b1c524f,undefined FUN_1817f2f30(),ghidra,clean,
WHGame.dll,release_1_5_1164953_841,0x17f30dc,208,FUN_1817f30dc,,,32c6d2a568d00bac2bded4aa1f4b469b2798796915801b87c1398c301937bc07,undefined FUN_1817f30dc(),ghidra,clean,
WHGame.dll,release_1_5_1164953_841,0x17f31ac,195,FUN_1817f31ac,,,ebe21e04795dd566f20aa096f77b13a7e6d5b97440dd104a0bd1990452c0411c,undefined FUN_1817f31ac(),ghidra,clean,
WHGame.dll,release_1_5_1164953_841,0x17f3214,117,FUN_1817f3214,,,424e2191f18a3ed778665e5ec0c7fe9994570549f324b2c3d041f7f47044e962,undefined FUN_1817f3214(),ghidra,clean,
WHGame.dll,release_1_5_1164953_841,0x17f328c,85,FUN_1817f328c,,,854e1d2607f2030af6f5c826bf95f26fe60ba385ff8163bd1863057e6105c048,undefined FUN_1817f328c(),ghidra,clean,
WHGame.dll,release_1_5_1164953_841,0x17f32e4,60,FUN_1817f32e4,,,4c02ae213fab7b00f2cf5ec11a107e3a546bf358f65c29dd6b2ff8e09131efd6,undefined FUN_1817f32e4(),ghidra,clean,
WHGame.dll,release_1_5_1164953_841,0x17f3320,52,FUN_1817f3320,,,5cfd206d52b75db03842caafcf76de049fe5f141ecb60bf18606e961c6352538,undefined FUN_1817f3320(),ghidra,clean,
WHGame.dll,release_1_5_1164953_841,0x17f3354,198,FUN_1817f3354,,,70efaa57495da52cb2a5dbbd28ddaf13945e9f2268d8d8b4832d97a03643c379,undefined FUN_1817f3354(),ghidra,clean,
WHGame.dll,release_1_5_1164953_841,0x17f341c,77,FUN_1817f341c,,,745850d87da419ae98e058a04e316f46f0ac220b8007de899fff6eda70b9fff4,undefined FUN_1817f341c(),ghidra,clean,
WHGame.dll,release_1_5_1164953_841,0x17f346c,79,FUN_1817f346c,,,1d5612caa96e13a5fc31e6daf1f20833ae7181fed3783aa25b1cb12844b38196,undefined FUN_1817f346c(),ghidra,clean,
WHGame.dll,release_1_5_1164953_841,0x17f34a3,75,FUN_1817f34a3,,,7c0d09602c44f93a91def1d726a8051b460f168387abf16c192844455cc5c7aa,undefined FUN_1817f34a3(),ghidra,clean,
WHGame.dll,release_1_5_1164953_841,0x17f34f0,68,FUN_1817f34f0,,,09986ca71132a8be847f4bf43313fdd053ecfbe98bc00dada11014bf74eccf41,undefined FUN_1817f34f0(),ghidra,clean,
WHGame.dll,release_1_5_1164953_841,0x17f3534,267,FUN_1817f3534,,,cdac791f9da51eef72904c95e7969e217ea54968ef434144a97a7c4f9160090d,undefined FUN_1817f3534(),ghidra,clean,
WHGame.dll,release_1_5_1164953_841,0x17f3640,250,FUN_1817f3640,,,7c1935aa63d64d53256c9931125b7ea292b0b231b5b1474502729d1ded4a52a1,undefined FUN_1817f3640(),ghidra,clean,
WHGame.dll,release_1_5_1164953_841,0x17f373c,217,FUN_1817f373c,,,e851cef902b05ff022163e5b53efc5a2f51f3797ee6a3deb7bb2cb4543fc14fd,undefined FUN_1817f373c(),ghidra,clean,
WHGame.dll,release_1_5_1164953_841,0x17f3804,278,FUN_1817f3804,,,1a6be0be700d197b3c07badb985058280d19f4838efe33a1bb7b320abfaeed45,undefined FUN_1817f3804(),ghidra,clean,
WHGame.dll,release_1_5_1164953_841,0x17f3910,228,FUN_1817f3910,,,121e2872983da9045dfd81852658be03dca236ce83b0685e9f5845c78cb81cab,undefined FUN_1817f3910(),ghidra,clean,
WHGame.dll,release_1_5_1164953_841,0x17f39f4,240,FUN_1817f39f4,,,e3dc8be4f2b18d1bad06529cf80882d32bb70f98c904d21a78b4d9f5654ff6da,undefined FUN_1817f39f4(),ghidra,clean,
WHGame.dll,release_1_5_1164953_841,0x17f3adc,180,FUN_1817f3adc,,,883b1f9bb375b39033cf3b92c5a7e537ab46e74cca01e61edad469630d3d1ef0,undefined FUN_1817f3adc(),ghidra,clean,
WHGame.dll,release_1_5_1164953_841,0x17f3b90,180,FUN_1817f3b90,,,b4aa76807eb4edf168e2f672830636385062ddd23dc5b6d229231c471182cf0c,undefined FUN_1817f3b90(),ghidra,clean,
WHGame.dll,release_1_5_1164953_841,0x17f3c44,180,FUN_1817f3c44,,,a2a5c39b35539ac3b786ba9e2bc2519fd82f723c1ab8a71450562eba9678f117,undefined FUN_1817f3c44(),ghidra,clean,
WHGame.dll,release_1_5_1164953_841,0x17f3cf8,190,FUN_1817f3cf8,,,e173e791eaf47b0e3bb47d796173b247ecdd8b60cc790b2c455bf1127bd1786d,undefined FUN_1817f3cf8(),ghidra,clean,
WHGame.dll,release_1_5_1164953_841,0x17f3db8,180,FUN_1817f3db8,,,8e640a8df2ab387a258bb73e698bac9306d9fd8026b200d13a65ae47a29adca7,undefined FUN_1817f3db8(),ghidra,clean,
WHGame.dll,release_1_5_1164953_841,0x17f3e6c,234,FUN_1817f3e6c,,,339863413f61da12b5b7aa7df8bf97e5c66d22dde3fc9dcab21f6dfd466d8300,undefined FUN_1817f3e6c(),ghidra,clean,
WHGame.dll,release_1_5_1164953_841,0x17f3f58,207,FUN_1817f3f58,,,593afe94785c1c6d53cb8e6386c16df065c71c2661ca0fd0b2b15b215a3da715,undefined FUN_1817f3f58(),ghidra,clean,
WHGame.dll,release_1_5_1164953_841,0x17f4018,261,FUN_1817f4018,,,5f447ecdb74eaea5c4aa33e7f5d48e4f2dfbfbda388666edf1dc022a67a49a55,undefined FUN_1817f4018(),ghidra,clean,
WHGame.dll,release_1_5_1164953_841,0x17f4114,196,FUN_1817f4114,,,848c2bf71651aff8a1a0407a48efb2c2e08bd84906341bfcb14b55ab1e445c30,undefined FUN_1817f4114(),ghidra,clean,
WHGame.dll,release_1_5_1164953_841,0x17f41d8,234,FUN_1817f41d8,,,5be9a10c66b7f4f73bbc08b6232dab92ace7efc8e180271f8013b0966efae309,undefined FUN_1817f41d8(),ghidra,clean,
WHGame.dll,release_1_5_1164953_841,0x17f42c4,207,FUN_1817f42c4,,,648af89ee9c1eb6e6c52c3e0d51ddc4e4512617fb711d1a1ba5925870d6542d6,undefined FUN_1817f42c4(),ghidra,clean,
WHGame.dll,release_1_5_1164953_841,0x17f4384,261,FUN_1817f4384,,,71801128b554248e0f65a76b53e4c2f5e398a7c630e6642e5ae7068241f46fa6,undefined FUN_1817f4384(),ghidra,clean,
WHGame.dll,release_1_5_1164953_841,0x17f4480,196,FUN_1817f4480,,,79673d27cd8cfa6bf36f342cc5f8bf084909a2e0c644b5be558bc4e538e95af8,undefined FUN_1817f4480(),ghidra,clean,
WHGame.dll,release_1_5_1164953_841,0x17f4544,234,FUN_1817f4544,,,8587ff214987f4c7648c7d8e322a36eb7e949ec2742a97d930b610e7b5ff7964,undefined FUN_1817f4544(),ghidra,clean,
WHGame.dll,release_1_5_1164953_841,0x17f4630,207,FUN_1817f4630,,,efb3844d0e048f881fd2564a6a217b9c886e8fd822e46a716dec3c7f9dac8104,undefined FUN_1817f4630(),ghidra,clean,
WHGame.dll,release_1_5_1164953_841,0x17f46f0,261,FUN_1817f46f0,,,a04a9b53d74ec58c516549f8a0c1c07b82502fdd94acbc2cf2a611cb5aeebbb1,undefined FUN_1817f46f0(),ghidra,clean,
WHGame.dll,release_1_5_1164953_841,0x17f47ec,196,FUN_1817f47ec,,,f2aa99ac1dbcce58fc0623d57abff8c4f7bf3a496227f04532a4ef530f100a80,undefined FUN_1817f47ec(),ghidra,clean,
WHGame.dll,release_1_5_1164953_841,0x17f48b0,234,FUN_1817f48b0,,,825b74701fc970384542b51d2ecfdfd3cc357ef48e88d327fc075f1b1e3dc9e8,undefined FUN_1817f48b0(),ghidra,clean,
WHGame.dll,release_1_5_1164953_841,0x17f499c,207,FUN_1817f499c,,,44a698e3c5b2034e2a8fe961e72dca201f6d56f832eb76712fef042c71e2ed56,undefined FUN_1817f499c(),ghidra,clean,
WHGame.dll,release_1_5_1164953_841,0x17f4a5c,261,FUN_1817f4a5c,,,d2ad6e0817a9579cd1114137a1517621d37abbf7d8227547d271a8a82d45eaca,undefined FUN_1817f4a5c(),ghidra,clean,
WHGame.dll,release_1_5_1164953_841,0x17f4b58,196,FUN_1817f4b58,,,39c1bb0eb776f1cdbe2e61f0ccdf3fb5010223a656cb32221760fc636bbfcde2,undefined FUN_1817f4b58(),ghidra,clean,
WHGame.dll,release_1_5_1164953_841,0x17f4c1c,234,FUN_1817f4c1c,,,1b72419998d4a6c47ce09331403988a6e40e834a3f8078f4e28a8dc10f744090,undefined FUN_1817f4c1c(),ghidra,clean,
WHGame.dll,release_1_5_1164953_841,0x17f4d08,207,FUN_1817f4d08,,,ea7925f538668d4e35c3fd40914b0db815e5df1a8c1dfc16f0c24aea7a449cd3,undefined FUN_1817f4d08(),ghidra,clean,
WHGame.dll,release_1_5_1164953_841,0x17f4dc8,261,FUN_1817f4dc8,,,b387bea0096378f6dd20d8efef20e5335d16a962ceec8bafbe9d280fe628fcca,undefined FUN_1817f4dc8(),ghidra,clean,
WHGame.dll,release_1_5_1164953_841,0x17f4ec4,196,FUN_1817f4ec4,,,811eda1f03e1b53bd865471b06373299c3728e993c1172bfed5f88be380efe11,undefined FUN_1817f4ec4(),ghidra,clean,
WHGame.dll,release_1_5_1164953_841,0x17f4f88,234,FUN_1817f4f88,,,bd9cd7faef8e51b6d0377f8a32230d74c327453be69393a418cbe91612e08e14,undefined FUN_1817f4f88(),ghidra,clean,
WHGame.dll,release_1_5_1164953_841,0x17f5074,207,FUN_1817f5074,,,2bd683c4ee502e6b36ec776781948492481c3e917c866253d3712296bd21e18e,undefined FUN_1817f5074(),ghidra,clean,
WHGame.dll,release_1_5_1164953_841,0x17f5134,261,FUN_1817f5134,,,a31ad786cfc562ad2ce6423ff9bbd5ee296fed48a430423e342df98dd3985956,undefined FUN_1817f5134(),ghidra,clean,
WHGame.dll,release_1_5_1164953_841,0x17f5230,196,FUN_1817f5230,,,c0c460daff8f2ce915509d03466225ec7475a9bd6928695453267aaf1b4632a1,undefined FUN_1817f5230(),ghidra,clean,
WHGame.dll,release_1_5_1164953_841,0x17f52f4,234,FUN_1817f52f4,,,5a8aa4dab7c6237fc858f81870518f6a0550d046a58a1cb66a4eeac70574bb33,undefined FUN_1817f52f4(),ghidra,clean,
WHGame.dll,release_1_5_1164953_841,0x17f53e0,207,FUN_1817f53e0,,,ce4c41204bc4b7569120726c4c6642806605621963ecb0aac5089d89f8ffe6b4,undefined FUN_1817f53e0(),ghidra,clean,
WHGame.dll,release_1_5_1164953_841,0x17f54a0,261,FUN_1817f54a0,,,857de3ee4183a8d09e289d418d718ccb1c59c7f151c7e0e872982e5810bbdf4f,undefined FUN_1817f54a0(),ghidra,clean,
WHGame.dll,release_1_5_1164953_841,0x17f559c,196,FUN_1817f559c,,,58a09aa3092890080c96eb00225dbce82561c4763bafd97bf449fce923f681f2,undefined FUN_1817f559c(),ghidra,clean,
WHGame.dll,release_1_5_1164953_841,0x17f5660,234,FUN_1817f5660,,,1e660d68ec96138a9aec72bacc41539f2ef8f148b1b8d62f3571c1623d64f8ac,undefined FUN_1817f5660(),ghidra,clean,
WHGame.dll,release_1_5_1164953_841,0x17f574c,207,FUN_1817f574c,,,f8f52f5693980867fea8235d1bc4410b63c3b70f3654d2d7d16f7171313a8165,undefined FUN_1817f574c(),ghidra,clean,
WHGame.dll,release_1_5_1164953_841,0x17f580c,261,FUN_1817f580c,,,da179288b3fdd9b1cb6a1099d190ca93254aa36bb6ffc33571724b3b6b9f11f2,undefined FUN_1817f580c(),ghidra,clean,
WHGame.dll,release_1_5_1164953_841,0x17f5908,196,FUN_1817f5908,,,2ec0f7e7541d013ba6dc445b9308920ec4e6c825f50db5f93689d4b0cf08c207,undefined FUN_1817f5908(),ghidra,clean,
WHGame.dll,release_1_5_1164953_841,0x17f59cc,234,FUN_1817f59cc,,,5568386799017a0f1078d659a37c8da7c1cf717f5ec0f516893243b1dc650e2d,undefined FUN_1817f59cc(),ghidra,clean,
WHGame.dll,release_1_5_1164953_841,0x17f5ab8,207,FUN_1817f5ab8,,,76a224cc380f53213e4586dbb8f37da6e13d3ba4001768536c693e7208715aa4,undefined FUN_1817f5ab8(),ghidra,clean,
WHGame.dll,release_1_5_1164953_841,0x17f5b78,261,FUN_1817f5b78,,,cb9d2da8489b0a6d49e15dcb40fcc2fd91ca4a040be40b6a80ea67fe7790a631,undefined FUN_1817f5b78(),ghidra,clean,
WHGame.dll,release_1_5_1164953_841,0x17f5c74,196,FUN_1817f5c74,,,3b2728f84fa997873d552ca9093d501747a8c5fb38f45c805da9fa7d41b7d2a1,undefined FUN_1817f5c74(),ghidra,clean,
WHGame.dll,release_1_5_1164953_841,0x17f5d38,234,FUN_1817f5d38,,,acf53f61032895d5f391ad61d49ad899ceb6c19bdff46418d82ab60b87e958b1,undefined FUN_1817f5d38(),ghidra,clean,
WHGame.dll,release_1_5_1164953_841,0x17f5e24,207,FUN_1817f5e24,,,6bac4f734a9f2d689bee18638f070c35c208c67e1e268c1650c29f825f2ff403,undefined FUN_1817f5e24(),ghidra,clean,
WHGame.dll,release_1_5_1164953_841,0x17f5ee4,261,FUN_1817f5ee4,,,3d313149741de81086d4712ef3d7d776a40b5e8513518683e8a8bc04d2856a71,undefined FUN_1817f5ee4(),ghidra,clean,
WHGame.dll,release_1_5_1164953_841,0x17f5fe0,196,FUN_1817f5fe0,,,e2ae462c38cb69719bc936a29a844e11eb1d6a50218bb5a178872daa281d8efe,undefined FUN_1817f5fe0(),ghidra,clean,
WHGame.dll,release_1_5_1164953_841,0x17f60a4,234,FUN_1817f60a4,,,bf80d5ff9d2222174a626e7cc177d428001807bb31250bfbf3c1b9524ccc4c30,undefined FUN_1817f60a4(),ghidra,clean,
WHGame.dll,release_1_5_1164953_841,0x17f6190,207,FUN_1817f6190,,,6d4f0bf3217ce9deb75121545941bd585b0b50d0c474292769b63c91870745f5,undefined FUN_1817f6190(),ghidra,clean,
WHGame.dll,release_1_5_1164953_841,0x17f6250,261,FUN_1817f6250,,,6655b46569caaf7468e7ff5531040aa37da4b6088d6d5c53d5f36e27b10f2840,undefined FUN_1817f6250(),ghidra,clean,
WHGame.dll,release_1_5_1164953_841,0x17f634c,196,FUN_1817f634c,,,af88060b2d3c17237e38e1b65956add5948cb6313793a377662a04108409ddc2,undefined FUN_1817f634c(),ghidra,clean,
WHGame.dll,release_1_5_1164953_841,0x17f6410,234,FUN_1817f6410,,,62fc12379a6e06f2f08e5aa1e724e13273b9f9d07cb128c7b5863f4a1558acec,undefined FUN_1817f6410(),ghidra,clean,
WHGame.dll,release_1_5_1164953_841,0x17f64fc,207,FUN_1817f64fc,,,1da97ad4b1c356325f7dc15f82f41d0cbbe7663161d8a93328e27e8a2c46262b,undefined FUN_1817f64fc(),ghidra,clean,
WHGame.dll,release_1_5_1164953_841,0x17f65bc,261,FUN_1817f65bc,,,a816c69720f4f083ac435a933f6b1a195b11f37c40f90abe4f7ebb3904a69bfc,undefined FUN_1817f65bc(),ghidra,clean,
WHGame.dll,release_1_5_1164953_841,0x17f66b8,196,FUN_1817f66b8,,,4dc425bb2c580b49137b55aaf6381ed1306abe7553f0febb06ce6fe86b2889da,undefined FUN_1817f66b8(),ghidra,clean,
WHGame.dll,release_1_5_1164953_841,0x17f677c,234,FUN_1817f677c,,,f9344b7c570e574727cad5281d912259fac04671a605d2eb2c68d4e4d2103cde,undefined FUN_1817f677c(),ghidra,clean,
WHGame.dll,release_1_5_1164953_841,0x17f6868,207,FUN_1817f6868,,,59a96241b925872ad8d993bae7aee46a36aa734df9eefb0cff0e1a47d7d0a6f0,undefined FUN_1817f6868(),ghidra,clean,
WHGame.dll,release_1_5_1164953_841,0x17f6928,261,FUN_1817f6928,,,a864a309bb8ecc6ca8479dd4b456262179d061250cf58c38004de86723a12b92,undefined FUN_1817f6928(),ghidra,clean,
WHGame.dll,release_1_5_1164953_841,0x17f6a24,196,FUN_1817f6a24,,,6594a1dfbead3fb5e3e3f3c5c1e2b5706639073614247d6af3ae1f14d84d0256,undefined FUN_1817f6a24(),ghidra,clean,
WHGame.dll,release_1_5_1164953_841,0x17f6ae8,234,FUN_1817f6ae8,,,222e09241cd442af920aed9f13bd6947cadfa3e64a08b0bb7e34b142145177f0,undefined FUN_1817f6ae8(),ghidra,clean,
WHGame.dll,release_1_5_1164953_841,0x17f6bd4,207,FUN_1817f6bd4,,,c92239cd3a2d31ffc4699ae48a36cccee06e1ead8a95f440bda9de589e44abb3,undefined FUN_1817f6bd4(),ghidra,clean,
WHGame.dll,release_1_5_1164953_841,0x17f6c94,261,FUN_1817f6c94,,,15453f2a754fedbd74e17c6b492e8bee1089f765035cafbe8a4026ffebc262cf,undefined FUN_1817f6c94(),ghidra,clean,
WHGame.dll,release_1_5_1164953_841,0x17f6d90,196,FUN_1817f6d90,,,db4e65af13897a2f270d18d560fe1f5a4f5d600d739855cf28ffa51741cfd2e4,undefined FUN_1817f6d90(),ghidra,clean,
WHGame.dll,release_1_5_1164953_841,0x17f6e54,234,FUN_1817f6e54,,,0a50093bb869a5a6f101552ac2e043fc994a17cb9c5d2c07fb8263b68b8150e4,undefined FUN_1817f6e54(),ghidra,clean,
WHGame.dll,release_1_5_1164953_841,0x17f6f40,207,FUN_1817f6f40,,,80262e6778aee42737dd361e24c95ca68aaab10dea49b783b8a5dd378b5f0b13,undefined FUN_1817f6f40(),ghidra,clean,
WHGame.dll,release_1_5_1164953_841,0x17f7000,261,FUN_1817f7000,,,5886a10cbef004f9d901b2b5174173fc7246f026bea2f54730d2f1ec1c478185,undefined FUN_1817f7000(),ghidra,clean,
WHGame.dll,release_1_5_1164953_841,0x17f70fc,196,FUN_1817f70fc,,,58c4904ddfeb90a1ba44e19477a1ef6e3669047fb46c14e2e7cbef6b30a80538,undefined FUN_1817f70fc(),ghidra,clean,
WHGame.dll,release_1_5_1164953_841,0x17f71c0,234,FUN_1817f71c0,,,3d31248d2ec8969ba882de2db6eb922ce3166c843b9493f242c15231615079bf,undefined FUN_1817f71c0(),ghidra,clean,
WHGame.dll,release_1_5_1164953_841,0x17f72ac,207,FUN_1817f72ac,,,48073b7324edad57fa8e95cc57d91f9e4ea44ac46f5d53dfe11f29271d47c90b,undefined FUN_1817f72ac(),ghidra,clean,
WHGame.dll,release_1_5_1164953_841,0x17f736c,261,FUN_1817f736c,,,860df42399dadb0a9a8d5b77e9aa61cbb2a89a1fefde0e818ae2a3fb01ab7abb,undefined FUN_1817f736c(),ghidra,clean,
WHGame.dll,release_1_5_1164953_841,0x17f7468,196,FUN_1817f7468,,,b60ae7cbf62a5a9e281ed3d8d978606198da88b74ad57a832ff538db631ccac5,undefined FUN_1817f7468(),ghidra,clean,
WHGame.dll,release_1_5_1164953_841,0x17f752c,234,FUN_1817f752c,,,ad815d84a6386662178d1b4175e855fca329e5bc466cdb14b95d5fe50f6d7748,undefined FUN_1817f752c(),ghidra,clean,
WHGame.dll,release_1_5_1164953_841,0x17f7618,207,FUN_1817f7618,,,702408d9bf5fdb58e7745e6803c455e2b42d77040cf607ee07cb35b15fae517d,undefined FUN_1817f7618(),ghidra,clean,
WHGame.dll,release_1_5_1164953_841,0x17f76d8,261,FUN_1817f76d8,,,f8bd15d6bf1231bfd26f861b5a24a625fbd3eda81552484b49bd96cd91eae6ca,undefined FUN_1817f76d8(),ghidra,clean,
WHGame.dll,release_1_5_1164953_841,0x17f77d4,196,FUN_1817f77d4,,,a02451a28c6b20fbdf13e8f5f34bc1b0de4605c2146f0e9dce358daaf731c126,undefined FUN_1817f77d4(),ghidra,clean,
WHGame.dll,release_1_5_1164953_841,0x17f7898,234,FUN_1817f7898,,,c8dded83be61849e44a0cefca4889e1869af8ca49148bf3aa8c76ea91317fd7a,undefined FUN_1817f7898(),ghidra,clean,
WHGame.dll,release_1_5_1164953_841,0x17f7984,207,FUN_1817f7984,,,3ec5753a08829aae08608f8cb87a319510061a832b9c0db3a789f3d32b1c5213,undefined FUN_1817f7984(),ghidra,clean,
WHGame.dll,release_1_5_1164953_841,0x17f7a44,261,FUN_1817f7a44,,,6295914d2b2c90823e657a53f698ce18883088556520ee695b126f42e942bad0,undefined FUN_1817f7a44(),ghidra,clean,
WHGame.dll,release_1_5_1164953_841,0x17f7b40,196,FUN_1817f7b40,,,34816f714672d3e43d9ab21eeb64f80443231aec4cadf08e17b0f501aa2c1b33,undefined FUN_1817f7b40(),ghidra,clean,
WHGame.dll,release_1_5_1164953_841,0x17f7c04,245,FUN_1817f7c04,,,6505bec7fec256a9ea79ce38d716d133ab2024d8e215d9383210d763d872f969,undefined FUN_1817f7c04(),ghidra,clean,
WHGame.dll,release_1_5_1164953_841,0x17f7ce0,133,FUN_1817f7ce0,,,0dbcd70d22086d6868f137d2217c71b6c85f053423a78dabc507743d470b9a7b,undefined FUN_1817f7ce0(),ghidra,clean,
WHGame.dll,release_1_5_1164953_841,0x17f7d53,75,FUN_1817f7d53,,,d1382991246a5756103b436c234c866a1fcdbf2ced0661506f56c010ece29c74,undefined FUN_1817f7d53(),ghidra,clean,
WHGame.dll,release_1_5_1164953_841,0x17f7da4,188,FUN_1817f7da4,,,37004e01fd0f49da585f7d29c720be19fa7d68626317ae396e901cb85e7bc572,undefined FUN_1817f7da4(),ghidra,clean,
WHGame.dll,release_1_5_1164953_841,0x17f7e60,187,FUN_1817f7e60,,,a4c95fcca836eaefedc603efa4f87eb8555ecfe93012f60ea4a3671897e6f2ed,undefined FUN_1817f7e60(),ghidra,clean,
WHGame.dll,release_1_5_1164953_841,0x17f7f1c,196,FUN_1817f7f1c,,,908d436baedef04a9971b8a4774294cf1902a3080a4e1684c25543471a3cb2ae,undefined FUN_1817f7f1c(),ghidra,clean,
WHGame.dll,release_1_5_1164953_841,0x17f7fe0,179,FUN_1817f7fe0,,,6ae0d87caef0765bc1dedd0e0fa40fccb758573bb2bed6cd6f5c728819513585,undefined FUN_1817f7fe0(),ghidra,clean,
WHGame.dll,release_1_5_1164953_841,0x17f807c,155,FUN_1817f807c,,,b14bb31cf14cb380494077d8960f50c16914701b43d6a4bf4eeb7e135352beff,undefined FUN_1817f807c(),ghidra,clean,
WHGame.dll,release_1_5_1164953_841,0x17f8118,291,FUN_1817f8118,,,c3cb9b99d6e1eebda1d9c9143afdf956e91f2deef2491d3ef781e3e819f88765,undefined FUN_1817f8118(),ghidra,clean,
WHGame.dll,release_1_5_1164953_841,0x17f823c,122,FUN_1817f823c,,,e35991ed77796c817b257c56976322a436c67d126da21346633417ad7aacc63f,undefined FUN_1817f823c(),ghidra,clean,
WHGame.dll,release_1_5_1164953_841,0x17f82b8,336,FUN_1817f82b8,,,1042185c87092acb00d5afe9f32fe47e85d6a79651f60f16161534180d82896c,undefined FUN_1817f82b8(),ghidra,clean,
WHGame.dll,release_1_5_1164953_841,0x17f8408,328,FUN_1817f8408,,,4538b29c90efdca15a56bd59ae65ccc5c3ccab7d4bc9d7a7143cdbdf4cf8a2fa,undefined FUN_1817f8408(),ghidra,clean,
WHGame.dll,release_1_5_1164953_841,0x17f8554,100,FUN_1817f8554,,,4ed2ca68229673e29996f29acbea76ca8bfd7215c963b49486d588bcc4bb08a5,undefined FUN_1817f8554(),ghidra,clean,
WHGame.dll,release_1_5_1164953_841,0x17f85b8,328,FUN_1817f85b8,,,bd3eedbb5819037c3802600f0d5694eb870b346c0bf1b2a1e498bd53fde80c2d,undefined FUN_1817f85b8(),ghidra,clean,
WHGame.dll,release_1_5_1164953_841,0x17f8704,100,FUN_1817f8704,,,4b354cb6738ba1962e7e1055e9d46b02b23c8180f3a4430da35d37dd13d35615,undefined FUN_1817f8704(),ghidra,clean,
WHGame.dll,release_1_5_1164953_841,0x17f8768,328,FUN_1817f8768,,,f9b508997b1b098a4f6e1b69e5f9f90e5d05eaab285f2c06e3d0cbd7f27fb4f6,undefined FUN_1817f8768(),ghidra,clean,
WHGame.dll,release_1_5_1164953_841,0x17f88b4,100,FUN_1817f88b4,,,42e09f0eee6d84724d8ad743b222d8f8f8d5991ff52d44f002f60b62e28d7ac7,undefined FUN_1817f88b4(),ghidra,clean,
WHGame.dll,release_1_5_1164953_841,0x17f8918,328,FUN_1817f8918,,,938b2f2cfbfdae7f0f03aebd0e0892ef3a6f3fa132e75f0c0d28106a6cd7f5d4,undefined FUN_1817f8918(),ghidra,clean,
WHGame.dll,release_1_5_1164953_841,0x17f8a64,100,FUN_1817f8a64,,,50b59b665d383cac64b72e3576429b0874c4784fa609bb51346931d8c323f573,undefined FUN_1817f8a64(),ghidra,clean,
WHGame.dll,release_1_5_1164953_841,0x17f8ac8,328,FUN_1817f8ac8,,,217e192752c82ea27c1b0da2656b93707008249d27a599e3c580f6133c539287,undefined FUN_1817f8ac8(),ghidra,clean,
WHGame.dll,release_1_5_1164953_841,0x17f8c14,100,FUN_1817f8c14,,,252bca8eb681d5e25cb4337a0189af58649a4aac85c95143bc6d2197d6b8605b,undefined FUN_1817f8c14(),ghidra,clean,
WHGame.dll,release_1_5_1164953_841,0x17f8c78,328,FUN_1817f8c78,,,e1949e51f626ca678207bf3df3fb011d0125eeffc5ab03b7c23e2b6aeba2f7da,undefined FUN_1817f8c78(),ghidra,clean,
WHGame.dll,release_1_5_1164953_841,0x17f8dc4,100,FUN_1817f8dc4,,,918496afc13aef4801ef082ba33dddbb9e270d3042c9dfac9a128380bcb4d728,undefined FUN_1817f8dc4(),ghidra,clean,
WHGame.dll,release_1_5_1164953_841,0x17f8e28,328,FUN_1817f8e28,,,ab9b3e977f02908fad791562c7a0379ddab4ca92a75e98ec6d44271646ed5f28,undefined FUN_1817f8e28(),ghidra,clean,
WHGame.dll,release_1_5_1164953_841,0x17f8f74,100,FUN_1817f8f74,,,f4dca3f6756474e876c0900590c29b552aca6252aa88d87d2181b868db569849,undefined FUN_1817f8f74(),ghidra,clean,
WHGame.dll,release_1_5_1164953_841,0x17f8fd8,328,FUN_1817f8fd8,,,7218ab515fdbc1a30a9fd87552126b9aa7d2f25f502fe6242edd0d737943d5ef,undefined FUN_1817f8fd8(),ghidra,clean,
WHGame.dll,release_1_5_1164953_841,0x17f9124,100,FUN_1817f9124,,,8854a9c55aa51a0a78924804ad0169ec398e724a5dde17e659027c9fe90849b5,undefined FUN_1817f9124(),ghidra,clean,
WHGame.dll,release_1_5_1164953_841,0x17f9188,328,FUN_1817f9188,,,bc05457e460060e1866673c6c6362171da5e4915919f95d5bf68b11577936e95,undefined FUN_1817f9188(),ghidra,clean,
WHGame.dll,release_1_5_1164953_841,0x17f92d4,100,FUN_1817f92d4,,,10468a088aa5456510704632721f383c6d74a3cf5319bd92e4169da498531db0,undefined FUN_1817f92d4(),ghidra,clean,
WHGame.dll,release_1_5_1164953_841,0x17f9338,328,FUN_1817f9338,,,72c2989cc54a327396b3ebe5a7a9b9e8b88079edc631037822a0627ec00a8aa8,undefined FUN_1817f9338(),ghidra,clean,
WHGame.dll,release_1_5_1164953_841,0x17f9484,100,FUN_1817f9484,,,b6a26e71fbe81d71731eead2c8f75a5ea78f4393d3a72a5195582c8612e64bf8,undefined FUN_1817f9484(),ghidra,clean,
WHGame.dll,release_1_5_1164953_841,0x17f94e8,328,FUN_1817f94e8,,,703091577c45acd849f67dc8b7120de98ef4d5978a5e4a5d75a5e8563eed7f26,undefined FUN_1817f94e8(),ghidra,clean,
WHGame.dll,release_1_5_1164953_841,0x17f9634,100,FUN_1817f9634,,,0159f6387c23655d7ac89fc53d0ad3b15ca177a1e43b6e8b41afadaaccf2beb1,undefined FUN_1817f9634(),ghidra,clean,
WHGame.dll,release_1_5_1164953_841,0x17f9698,328,FUN_1817f9698,,,c369ec723e6b5fbcb9199526deee14a265fffd860bcc5525b4b9919c9c665c30,undefined FUN_1817f9698(),ghidra,clean,
WHGame.dll,release_1_5_1164953_841,0x17f97e4,100,FUN_1817f97e4,,,60c1d81130df9f6b48c93acf0fd6c233cc92572b8b15f72a9f97971d76c8dfca,undefined FUN_1817f97e4(),ghidra,clean,
WHGame.dll,release_1_5_1164953_841,0x17f9848,328,FUN_1817f9848,,,c174c2a1c0c9615493134afa79fda95cb086753ac85ea8724127b3bd613ce193,undefined FUN_1817f9848(),ghidra,clean,
WHGame.dll,release_1_5_1164953_841,0x17f9994,100,FUN_1817f9994,,,c8fb0843f3a9975f7c010141a0f9bbe80432085f1b0a2f66433d0b26d2a39131,undefined FUN_1817f9994(),ghidra,clean,
WHGame.dll,release_1_5_1164953_841,0x17f99f8,328,FUN_1817f99f8,,,dc3b754e7d8c9278879748c96889a1f4fa2d9085d5d5a1d8ca03ec5aa476d0d3,undefined FUN_1817f99f8(),ghidra,clean,
WHGame.dll,release_1_5_1164953_841,0x17f9b44,100,FUN_1817f9b44,,,57c5b97836ac9e7ce0ed2952f52fc1934a5924b384900ecc0f1c0d5bdac6eaff,undefined FUN_1817f9b44(),ghidra,clean,
WHGame.dll,release_1_5_1164953_841,0x17f9ba8,328,FUN_1817f9ba8,,,af8a7ab87f2586847e32b87299e3c845388db0f7f49613af5ac108e372f668ae,undefined FUN_1817f9ba8(),ghidra,clean,
WHGame.dll,release_1_5_1164953_841,0x17f9cf4,100,FUN_1817f9cf4,,,686aa8deb717b7ad606b50a865460acd2556caaae49d38e821e21b98c06b84e7,undefined FUN_1817f9cf4(),ghidra,clean,
WHGame.dll,release_1_5_1164953_841,0x17f9d58,328,FUN_1817f9d58,,,b7699ced5e12db3bb1f5b3040541765bcda6c1fd1a5b5eb8e0755d4c832e7e6a,undefined FUN_1817f9d58(),ghidra,clean,
WHGame.dll,release_1_5_1164953_841,0x17f9ea4,100,FUN_1817f9ea4,,,0c358ad1e3d86a5ced6091833f7e55bc570f1e9e16fc76ff7ed9d1845e3e7eab,undefined FUN_1817f9ea4(),ghidra,clean,
WHGame.dll,release_1_5_1164953_841,0x17f9f08,328,FUN_1817f9f08,,,a00df0d4c5f358a51533a320997b79df9676ab8802754812ab5b776bd7455eb8,undefined FUN_1817f9f08(),ghidra,clean,
WHGame.dll,release_1_5_1164953_841,0x17fa054,100,FUN_1817fa054,,,69b7839dbf5067c4c3fe1ffdc9168694c6d9d040f396936449b13ad63bddcd2f,undefined FUN_1817fa054(),ghidra,clean,
WHGame.dll,release_1_5_1164953_841,0x17fa0b8,328,FUN_1817fa0b8,,,326073c6e2573699699e5b0c2864dfdf614208d90bb45fa337058070819d7c0f,undefined FUN_1817fa0b8(),ghidra,clean,
WHGame.dll,release_1_5_1164953_841,0x17fa204,100,FUN_1817fa204,,,c61c46541d6e5470383efe821423a8351d3bf9adb8c12216a5177e1739187c4d,undefined FUN_1817fa204(),ghidra,clean,
WHGame.dll,release_1_5_1164953_841,0x17fa268,328,FUN_1817fa268,,,1734c2dc984537ba8f557740274636ec5cecf11a589bc45767efcf2fc3d08567,undefined FUN_1817fa268(),ghidra,clean,
WHGame.dll,release_1_5_1164953_841,0x17fa3b4,100,FUN_1817fa3b4,,,24d061258c2d1a626d8678d24d450d4ac5b3ac304e4a734e82ce9d9eb10b4dbc,undefined FUN_1817fa3b4(),ghidra,clean,
WHGame.dll,release_1_5_1164953_841,0x17fa418,43,FUN_1817fa418,,,7966402a26395ae3f4fca36f01be7b496a12c0621be8e8e86e2e03102b82f285,undefined FUN_1817fa418(),ghidra,clean,
WHGame.dll,release_1_5_1164953_841,0x17fa444,43,FUN_1817fa444,,,309cc5fd6e7b1c7d50dda2358e6a2c738549d8de9510339d445fa970679fc434,undefined FUN_1817fa444(),ghidra,clean,
WHGame.dll,release_1_5_1164953_841,0x17fa470,36,FUN_1817fa470,,,c3d3cd6b3ea1bed265f9f20f20492ac0f75eceba7b77b71986b194b7dad0c222,undefined FUN_1817fa470(),ghidra,clean,
WHGame.dll,release_1_5_1164953_841,0x17fa494,30,FUN_1817fa494,,,0c751fa5b90f0ce80839741562ec17cbb4ced619747c6dd04166f12d95ee771a,undefined FUN_1817fa494(),ghidra,clean,
WHGame.dll,release_1_5_1164953_841,0x17fa4b4,83,FUN_1817fa4b4,,,5bdce80d55d122613dcfb05dc3a4bee22bad1d6a70980be600d167aef4ad4eca,undefined FUN_1817fa4b4(),ghidra,clean,
WHGame.dll,release_1_5_1164953_841,0x17fa4d0,239,FUN_1817fa4d0,,,7dbce9da5ecd2b1b1e4a26e4007619830821a42697fa36e662dd859a0e6babe8,undefined FUN_1817fa4d0(),ghidra,clean,
WHGame.dll,release_1_5_1164953_841,0x17fa520,892,FUN_1817fa520,,,3b5ee1e96ba1f8f7f5546c337ad260db741cf2c2bfc977b29e5ce28e03e3407c,undefined FUN_1817fa520(),ghidra,clean,
WHGame.dll,release_1_5_1164953_841,0x17fa5bb,5,FUN_1817fa5bb,,,cb90fad814fdd18bc83a0ddcd074b98a32698fd1ec22043b03dd29e44f226357,undefined FUN_1817fa5bb(),ghidra,clean,
WHGame.dll,release_1_5_1164953_841,0x17fa5c0,155,FUN_1817fa5c0,,,5590423d1f68c98341f8333d2612e442e8897aadb71dac0c38c997f658ba11fd,undefined FUN_1817fa5c0(),ghidra,clean,
WHGame.dll,release_1_5_1164953_841,0x17fa65c,301,FUN_1817fa65c,,,ea0606e2ba709c08ebbe7042ac7a7d4586f26ac7876c0bc7fd0b5ce17ddb694c,undefined FUN_1817fa65c(),ghidra,clean,
WHGame.dll,release_1_5_1164953_841,0x17fa78c,207,FUN_1817fa78c,,,1c2392c257dd6e1a1f27d157f375867850cb7194308a13042964156b1547ae34,undefined FUN_1817fa78c(),ghidra,clean,
WHGame.dll,release_1_5_1164953_841,0x17fa85c,43,FUN_1817fa85c,,,e1bffb6d691989e345e995a7de2f7bfbbc18f4f5438f94f79de8331425b6f1d9,undefined FUN_1817fa85c(),ghidra,clean,
WHGame.dll,release_1_5_1164953_841,0x17fa888,9,FUN_1817fa888,,,c645a98d7a35c1431fef203b7120be9041b1861cba8c55e2be245386a6b6912a,undefined FUN_1817fa888(),ghidra,clean,
WHGame.dll,release_1_5_1164953_841,0x17fa894,155,FUN_1817fa894,,,e8e30cdcbbcbf1b774a44d55acf1432f11f08d2b896d6d46b067c5d188311a94,undefined FUN_1817fa894(),ghidra,clean,
WHGame.dll,release_1_5_1164953_841,0x17fa930,291,FUN_1817fa930,,,b7891c2dad7282c40c7bf877bfa9b563e7ef91fa79ab4b2fe62ba872ddd8cf88,undefined FUN_1817fa930(),ghidra,clean,
WHGame.dll,release_1_5_1164953_841,0x17faa54,131,FUN_1817faa54,,,e8acd3b783c8c8e3d1489c517c82939ebef697594d886db495a50d0af076683e,undefined FUN_1817faa54(),ghidra,clean,
WHGame.dll,release_1_5_1164953_841,0x17faad8,115,FUN_1817faad8,,,598d8e8c04a15b873a89f74a1c8e6f253be1f7822147a546440a24efc3ad7dd0,undefined FUN_1817faad8(),ghidra,clean,
WHGame.dll,release_1_5_1164953_841,0x17fab4c,2,thunk_FUN_1817fab65,,,d582e6d68ee8b0a8195962f99a9ea10826cc5e928b24c755456d55cce5428fb1,undefined thunk_FUN_1817fab65(),ghidra,clean,
WHGame.dll,release_1_5_1164953_841,0x17fab65,32,FUN_1817fab65,,,8bc4df202e05b2ce0dae134dd749a7a9a39379b2ddde0f1d5cc4f525de8aa42b,undefined FUN_1817fab65(),ghidra,clean,
WHGame.dll,release_1_5_1164953_841,0x17fab70,62,FUN_1817fab70,,,4b63f603e6b0c9855909286c372635889f668deecd8b69ea57c6d1aa8c53ef66,undefined FUN_1817fab70(),ghidra,clean,
WHGame.dll,release_1_5_1164953_841,0x17fab9c,34,FUN_1817fab9c,,,7007ddce4a77e23d9690a129ffeca9759a8d8c085fe5b7188fc76efba311abcb,undefined FUN_1817fab9c(),ghidra,clean,
WHGame.dll,release_1_5_1164953_841,0x17fabc0,25,FUN_1817fabc0,,,d361b263a5171aeffd6e5e96c6e7abcbde3861a80c4b8a7d008ceb020f9f600e,undefined FUN_1817fabc0(),ghidra,clean,
WHGame.dll,release_1_5_1164953_841,0x17fabdc,52,FUN_1817fabdc,,,69faa0b42e30c9af4c8f44848cea9f9c9a185c75efb66d07eeabbaafe0124f20,undefined FUN_1817fabdc(),ghidra,clean,
WHGame.dll,release_1_5_1164953_841,0x17fac10,115,FUN_1817fac10,,,7865be82f0cac6e7164b22a84ad28ae8e20e8fbd7bda1ab68710bf5b1083413c,undefined FUN_1817fac10(),ghidra,clean,
WHGame.dll,release_1_5_1164953_841,0x17fac84,34,FUN_1817fac84,,,1dab77c505f444851efd8234770628d0eff02df86c405a084aa63560150ebf08,undefined FUN_1817fac84(),ghidra,clean,
WHGame.dll,release_1_5_1164953_841,0x17faca8,416,FUN_1817faca8,,,e8a51da5a0316764ade8a901501a5646851d05ff2ec9b5311a3730fae00c477f,undefined FUN_1817faca8(),ghidra,clean,
WHGame.dll,release_1_5_1164953_841,0x17faddc,670,FUN_1817faddc,,,af3b90f5ca59ea659295e17ff639d1410c54198848e0212daf39aecfed71962e,undefined FUN_1817faddc(),ghidra,clean,
WHGame.dll,release_1_5_1164953_841,0x17fb07c,234,FUN_1817fb07c,,,8abec1325acb64d9d1d41fbea4673e00de17696dc3067b4998e395a5d06addd9,undefined FUN_1817fb07c(),ghidra,clean,
WHGame.dll,release_1_5_1164953_841,0x17fb168,207,FUN_1817fb168,,,881f20f11e6e0b07c1e0bf6e24c60f1efa3979f1b5c01d00add605025bc5c19b,undefined FUN_1817fb168(),ghidra,clean,
WHGame.dll,release_1_5_1164953_841,0x17fb228,261,FUN_1817fb228,,,60349c3e0f1bd6061f3d0812aaeaabed7a391d2e0db90fefc9e92106968c90dc,undefined FUN_1817fb228(),ghidra,clean,
WHGame.dll,release_1_5_1164953_841,0x17fb324,224,FUN_1817fb324,,,af6d8c25119fbbba0991391e6412bd782a6b26b4134fa849771b66c6bf926e36,undefined FUN_1817fb324(),ghidra,clean,
WHGame.dll,release_1_5_1164953_841,0x17fb404,234,FUN_1817fb404,,,5c4c72dc74849839e37c8f36cd6b93d9b6e1b9a50d4e8d5072927e9d634b2417,undefined FUN_1817fb404(),ghidra,clean,
WHGame.dll,release_1_5_1164953_841,0x17fb4f0,207,FUN_1817fb4f0,,,5cd71ee5e0122b14c37a2f30bfe24fcc5c6419eae01024a80d2d7d27d930b849,undefined FUN_1817fb4f0(),ghidra,clean,
WHGame.dll,release_1_5_1164953_841,0x17fb5b0,261,FUN_1817fb5b0,,,9b3b42a3d66dc28bea1fe9e622bc84285d967994ded9f40070813c40728a2f09,undefined FUN_1817fb5b0(),ghidra,clean,
WHGame.dll,release_1_5_1164953_841,0x17fb6ac,224,FUN_1817fb6ac,,,7370ed1532590e65179c9012c2b29e4e26f1a962e9adbfe7b5e4407ba3df5384,undefined FUN_1817fb6ac(),ghidra,clean,
WHGame.dll,release_1_5_1164953_841,0x17fb78c,170,FUN_1817fb78c,,,b01f64fd926c99f9db4c00e2310275857302e9b8d5cc0258d16e653d2a05c82c,undefined FUN_1817fb78c(),ghidra,clean,
WHGame.dll,release_1_5_1164953_841,0x17fb838,155,FUN_1817fb838,,,0fb60d80f76481a2f77bcc9fb607be8dd2284fdd60c0cbe2e3ed8468d0040b5b,undefined FUN_1817fb838(),ghidra,clean,
WHGame.dll,release_1_5_1164953_841,0x17fb8d4,291,FUN_1817fb8d4,,,0723439ffa12a79ec07bffa9e7a78b4517a8a61abdc4d71156a0575386da23fb,undefined FUN_1817fb8d4(),ghidra,clean,
WHGame.dll,release_1_5_1164953_841,0x17fb9f8,155,FUN_1817fb9f8,,,168d4afba12a0e46f5a129e954fbb91dba16f6b7c0625799c2cc9d044686362f,undefined FUN_1817fb9f8(),ghidra,clean,
WHGame.dll,release_1_5_1164953_841,0x17fba94,291,FUN_1817fba94,,,897cf57efc2449560d4d36f37e2f33e890eb9667b235abdf46e2a9abac1bbbc0,undefined FUN_1817fba94(),ghidra,clean,
WHGame.dll,release_1_5_1164953_841,0x17fbbb8,155,FUN_1817fbbb8,,,060b53cb20b2987a06001c798a92074907d8ff3f78261d9035db60290914f020,undefined FUN_1817fbbb8(),ghidra,clean,
WHGame.dll,release_1_5_1164953_841,0x17fbc54,291,FUN_1817fbc54,,,bb02dd0cd1e4c0a6ec1237cf4a4d3b0c71eb4f0e5c1a159e8bd2a5b30ca5a007,undefined FUN_1817fbc54(),ghidra,clean,
WHGame.dll,release_1_5_1164953_841,0x17fbd78,83,FUN_1817fbd78,,,9dec1ab65cb1821644d930b31b67586d79e3ea6ff7eb4b87b0e8be41cd1f803f,undefined FUN_1817fbd78(),ghidra,clean,
WHGame.dll,release_1_5_1164953_841,0x17fbdcc,90,FUN_1817fbdcc,,,6c169134c9529a91a8f0a5ebca6ccd6de4bc32f0ed0304ee27815b9befdfc393,undefined FUN_1817fbdcc(),ghidra,clean,
WHGame.dll,release_1_5_1164953_841,0x17fbdf8,36,FUN_1817fbdf8,,,c45ca714105076512fde8392e9c00a10f85f6ec92bec36befdc1cdaf3c41d110,undefined FUN_1817fbdf8(),ghidra,clean,
WHGame.dll,release_1_5_1164953_841,0x17fbe1c,155,FUN_1817fbe1c,,,6d11e25060c97f28b898faf414b0e4df65381850fa24147477320eb7d0e9e3b6,undefined FUN_1817fbe1c(),ghidra,clean,
WHGame.dll,release_1_5_1164953_841,0x17fbeb8,291,FUN_1817fbeb8,,,83ca07c63120178d0ca903a730a15f12d544d1cdd4efc5c007971d0ddce6aa31,undefined FUN_1817fbeb8(),ghidra,clean,
WHGame.dll,release_1_5_1164953_841,0x17fbfdc,234,FUN_1817fbfdc,,,1f7ffb0a0f04efeb77a097709f2ad3c7a9b3fcf8607eda6c62d14d3bd8180c87,undefined FUN_1817fbfdc(),ghidra,clean,
WHGame.dll,release_1_5_1164953_841,0x17fc0c8,190,FUN_1817fc0c8,,,cff3918e86643494b3d71883350c86213d1c91e764225cefb8733e50119d7684,undefined FUN_1817fc0c8(),ghidra,clean,
WHGame.dll,release_1_5_1164953_841,0x17fc174,261,FUN_1817fc174,,,2ad758a7942edc6d00eaf0365fb2568b7611359896ad5db16c63163175bb17ac,undefined FUN_1817fc174(),ghidra,clean,
WHGame.dll,release_1_5_1164953_841,0x17fc270,196,FUN_1817fc270,,,caa632bc61f44f9de50215bd1f4e9f76be3da37068577878df4462b6660bc7c0,undefined FUN_1817fc270(),ghidra,clean,
WHGame.dll,release_1_5_1164953_841,0x17fc334,234,FUN_1817fc334,,,4daeb06561f53b051cfec3cb973aa53a895db929911ae3ed92d19377d1ce16cb,undefined FUN_1817fc334(),ghidra,clean,
WHGame.dll,release_1_5_1164953_841,0x17fc420,190,FUN_1817fc420,,,a20ddb7c8ff9eb82de773f992bc1673be5f4ac56dbf6838ed505f6c58e73a07f,undefined FUN_1817fc420(),ghidra,clean,
WHGame.dll,release_1_5_1164953_841,0x17fc4cc,261,FUN_1817fc4cc,,,3fbf8442b84b38d974dad413bf0701e560d1b4466ded907b3904a0d61925cc47,undefined FUN_1817fc4cc(),ghidra,clean,
WHGame.dll,release_1_5_1164953_841,0x17fc5c8,196,FUN_1817fc5c8,,,f425ec914780d939c4e2f434573652ea08c9171f61b1fdb09fe6e718aee957c7,undefined FUN_1817fc5c8(),ghidra,clean,
WHGame.dll,release_1_5_1164953_841,0x17fc68c,234,FUN_1817fc68c,,,492d6dd443e17f67af9a3c5e59225adac28784d965a4aa1e5cd491c1d279824d,undefined FUN_1817fc68c(),ghidra,clean,
WHGame.dll,release_1_5_1164953_841,0x17fc778,190,FUN_1817fc778,,,5469bca2e227fb7964c4d9561fb03dc18eb573da79ba6f850ad4bfae9249ac60,undefined FUN_1817fc778(),ghidra,clean,
WHGame.dll,release_1_5_1164953_841,0x17fc824,261,FUN_1817fc824,,,ece2df59b732ce9bc0fb76d5f42e8e3c89bfbaa13d5000cec74f34cf90422803,undefined FUN_1817fc824(),ghidra,clean,
WHGame.dll,release_1_5_1164953_841,0x17fc920,196,FUN_1817fc920,,,5dabe9cbccbd2d49e76ffb109bc193ab2345b038af2b043399ce07be60fcf400,undefined FUN_1817fc920(),ghidra,clean,
WHGame.dll,release_1_5_1164953_841,0x17fc9e4,155,FUN_1817fc9e4,,,b2dcd3c5cb20c95c8aefae82a358e29e2d05f5c7deffc2ae24b9746a8a1d3256,undefined FUN_1817fc9e4(),ghidra,clean,
WHGame.dll,release_1_5_1164953_841,0x17fca80,291,FUN_1817fca80,,,cfffbb9ebae36af07413d1df51500fe5c676eafa4799fe806ffb3ee9e0df2ee7,undefined FUN_1817fca80(),ghidra,clean,
WHGame.dll,release_1_5_1164953_841,0x17fcba4,155,FUN_1817fcba4,,,7a6418b02830fd45bc4c2962e9283dc8d01f4e6ef27e39bb40d8552005c3f704,undefined FUN_1817fcba4(),ghidra,clean,
WHGame.dll,release_1_5_1164953_841,0x17fcc40,291,FUN_1817fcc40,,,7eda6e574627c38578d22be576821e58bf671240e9972f0af5651d2f2627e738,undefined FUN_1817fcc40(),ghidra,clean,
WHGame.dll,release_1_5_1164953_841,0x17fcd64,155,FUN_1817fcd64,,,3d0fef146235dea0173ab900433e0d1646e0114aa4512fbe7c2e4fa14d5a8117,undefined FUN_1817fcd64(),ghidra,clean,
WHGame.dll,release_1_5_1164953_841,0x17fce00,291,FUN_1817fce00,,,9868a7a123666a1a9038b59c36a7e63436af512de38e032b6245d903d9759ce5,undefined FUN_1817fce00(),ghidra,clean,
WHGame.dll,release_1_5_1164953_841,0x17fcf24,155,FUN_1817fcf24,,,b9bcc2e3b82d4d5de274dacac132a59462f72adda0b4fdde29eee65ba1a6e081,undefined FUN_1817fcf24(),ghidra,clean,
WHGame.dll,release_1_5_1164953_841,0x17fcfc0,291,FUN_1817fcfc0,,,039911d1b55dc98c22b43d88927c776b7be2c75770fa64b89ac9a71aedc324af,undefined FUN_1817fcfc0(),ghidra,clean,
WHGame.dll,release_1_5_1164953_841,0x17fd0e4,155,FUN_1817fd0e4,,,513945b6e1c3f47b00df3b1e70e0b734080575cd567ad0f2d835d7ad7d567d00,undefined FUN_1817fd0e4(),ghidra,clean,
WHGame.dll,release_1_5_1164953_841,0x17fd180,291,FUN_1817fd180,,,10061844c57fb9c1270ab9722e16465a25a6a9d0de8ed1f753eb42eba1434148,undefined FUN_1817fd180(),ghidra,clean,
WHGame.dll,release_1_5_1164953_841,0x17fd2a4,155,FUN_1817fd2a4,,,f4b594a9dd8635df8c83cf60827158e3a957d8b2badc0f2d4d9a23e17c60e1b9,undefined FUN_1817fd2a4(),ghidra,clean,
WHGame.dll,release_1_5_1164953_841,0x17fd340,291,FUN_1817fd340,,,4113a3db11538ca6b2a823a508f47fdadc10f68a9a7d7127e17b14f962091b1e,undefined FUN_1817fd340(),ghidra,clean,
WHGame.dll,release_1_5_1164953_841,0x17fd464,52,FUN_1817fd464,,,7751754a059ce88e21069136c182400c57a8e2d205176daf40cf9c3bff7eeada,undefined FUN_1817fd464(),ghidra,clean,
WHGame.dll,release_1_5_1164953_841,0x17fd498,257,FUN_1817fd498,,,475aae2480d1fd2e4b80ddc6576a59a7ec053b5c04fa0d6b6818475eda5212c7,undefined FUN_1817fd498(),ghidra,clean,
WHGame.dll,release_1_5_1164953_841,0x17fd554,180,FUN_1817fd554,,,4bdb878da2413acf27d0887a4008735e95a2f62760c5ec9004a5ce41f704ace5,undefined FUN_1817fd554(),ghidra,clean,
WHGame.dll,release_1_5_1164953_841,0x17fd608,180,FUN_1817fd608,,,f51fb9e3ffaa5e43cff4c27c62f3f61eb187a6b42c910adadf00ec0659d902ca,undefined FUN_1817fd608(),ghidra,clean,
WHGame.dll,release_1_5_1164953_841,0x17fd6bc,180,FUN_1817fd6bc,,,ae68c7dc2c3c68f8343887da396f271bc1600e9362f49e91af6f7b52a74dd0e3,undefined FUN_1817fd6bc(),ghidra,clean,
WHGame.dll,release_1_5_1164953_841,0x17fd770,180,FUN_1817fd770,,,d6dd7d998932a3e9579f556d2d701f7ff2f3e4f14519bb5bc3cedf329c3d952c,undefined FUN_1817fd770(),ghidra,clean,
WHGame.dll,release_1_5_1164953_841,0x17fd824,180,FUN_1817fd824,,,62c6e01f7043ddc709f3bfc24e67b5677e1a14d51c503f0bedb1ec0603aa8d9e,undefined FUN_1817fd824(),ghidra,clean,
WHGame.dll,release_1_5_1164953_841,0x17fd8d8,190,FUN_1817fd8d8,,,bc6bfe8af67117d7688b35fb56f22bbc91d955015ab2cd45ace8d218490df4e4,undefined FUN_1817fd8d8(),ghidra,clean,
WHGame.dll,release_1_5_1164953_841,0x17fd998,48,FUN_1817fd998,,,c3ac8ab2d3dbef81f46e3de1a2afaa1b3f95c605302d53189d6c94fbc6f23fc5,undefined FUN_1817fd998(),ghidra,clean,
WHGame.dll,release_1_5_1164953_841,0x17fd9c8,204,FUN_1817fd9c8,,,af473b18739c893a8574c7b746313f7f393a23da3066ddee992d1f69a529a449,undefined FUN_1817fd9c8(),ghidra,clean,
WHGame.dll,release_1_5_1164953_841,0x17fda6c,170,FUN_1817fda6c,,,05eb71988f1c54548eee802b26ad02327ec875a6904fbb802545da7d273cc9fa,undefined FUN_1817fda6c(),ghidra,clean,
WHGame.dll,release_1_5_1164953_841,0x17fdb18,162,FUN_1817fdb18,,,7f4a01b810732adbcf2a0498722fa13cda161e05b1ccee503d706a58f4b91655,undefined FUN_1817fdb18(),ghidra,clean,
WHGame.dll,release_1_5_1164953_841,0x17fdbbc,114,FUN_1817fdbbc,,,665e4c6ca2d0bac8b3ebc80ce419847118dcbdc8fe6ce99f29c58f92602117ef,undefined FUN_1817fdbbc(),ghidra,clean,
WHGame.dll,release_1_5_1164953_841,0x17fdc30,93,FUN_1817fdc30,,,b4a786fa8e93ac1021f6b4e193c2256e22c962fa1255c749fb3096c78eb73d6e,undefined FUN_1817fdc30(),ghidra,clean,
WHGame.dll,release_1_5_1164953_841,0x17fdc90,296,FUN_1817fdc90,,,2e62644ae03ff48705aab4688d014dbc2de022e46edd78b65f1c004c89bd47cd,undefined FUN_1817fdc90(),ghidra,clean,
WHGame.dll,release_1_5_1164953_841,0x17fdd14,190,FUN_1817fdd14,,,4f3e88c4639926b42a0fdeb593533f0b9a7fb381df09f73c52b07d5ae8af46a1,undefined FUN_1817fdd14(),ghidra,clean,
WHGame.dll,release_1_5_1164953_841,0x17fddbc,150,FUN_1817fddbc,,,dd540dac3a993777d244e61d0e42d398a3beec7bd218567153e472821dcb295e,undefined FUN_1817fddbc(),ghidra,clean,
WHGame.dll,release_1_5_1164953_841,0x17fde0c,109,FUN_1817fde0c,,,cdcbaeebfc042c6bd91b099bff659bb73ce93d391fdb83f745a7a1799566fd2f,undefined FUN_1817fde0c(),ghidra,clean,
WHGame.dll,release_1_5_1164953_841,0x17fde48,234,FUN_1817fde48,,,f3aa754a3e15e85cd16048b9e0ab40bf16370db4f73550edf6ac1fea8e148302,undefined FUN_1817fde48(),ghidra,clean,
WHGame.dll,release_1_5_1164953_841,0x17fdf34,207,FUN_1817fdf34,,,749abc59c65bd033b579174d1e3ac8c36c4ae1e727bee7a53644074c82b92b46,undefined FUN_1817fdf34(),ghidra,clean,
WHGame.dll,release_1_5_1164953_841,0x17fdff4,261,FUN_1817fdff4,,,762415e6c4b9bb29920016e44a7a1f4f9530d7a73b3d1a93e23600bed40ad359,undefined FUN_1817fdff4(),ghidra,clean,
WHGame.dll,release_1_5_1164953_841,0x17fe0f0,196,FUN_1817fe0f0,,,8bd1f15ce5248df563710e09b0347205633fdb16b1e92f8fac4d298a0b45033d,undefined FUN_1817fe0f0(),ghidra,clean,
WHGame.dll,release_1_5_1164953_841,0x17fe1b4,234,FUN_1817fe1b4,,,5e08903376b58f7911537aebbe7693c000ece821ef4da3b00f454940ea9c04b4,undefined FUN_1817fe1b4(),ghidra,clean,
WHGame.dll,release_1_5_1164953_841,0x17fe2a0,207,FUN_1817fe2a0,,,06ca1c4ea3a7f74121b3bd844c47e0abae0e10d00946c14a9603c865a3341a07,undefined FUN_1817fe2a0(),ghidra,clean,
WHGame.dll,release_1_5_1164953_841,0x17fe360,261,FUN_1817fe360,,,611765e9bb00a911f04c2835ec054398d65c2acc7e8f7a37bac07e3b206a9035,undefined FUN_1817fe360(),ghidra,clean,
WHGame.dll,release_1_5_1164953_841,0x17fe45c,196,FUN_1817fe45c,,,efa32b14380e1af79d5a498da110fb51127023c5d384e1f2cf3cadc369399427,undefined FUN_1817fe45c(),ghidra,clean,
WHGame.dll,release_1_5_1164953_841,0x17fe520,91,FUN_1817fe520,,,7a633d6a0ef718b8c087ecb11f8e9b2e2fa65684fa66564bdc123eb2f512602a,undefined FUN_1817fe520(),ghidra,clean,
WHGame.dll,release_1_5_1164953_841,0x17fe57c,91,FUN_1817fe57c,,,d977cea4e10aeb6e7d190e8418af57e888d7920ce5d324e7a9b65bc5780af365,undefined FUN_1817fe57c(),ghidra,clean,
WHGame.dll,release_1_5_1164953_841,0x17fe5d8,91,FUN_1817fe5d8,,,30bed17d939edcc6a4a0b1f7a5e45dabf3b830ca3818b75cb2998edf028197b2,undefined FUN_1817fe5d8(),ghidra,clean,
WHGame.dll,release_1_5_1164953_841,0x17fe634,191,FUN_1817fe634,,,4d337d705108835e964bb37aee75301f64bde72366c825da8069bb42cd1f426c,undefined FUN_1817fe634(),ghidra,clean,
WHGame.dll,release_1_5_1164953_841,0x17fe6f8,139,FUN_1817fe6f8,,,b31a887cf82ecc209114a417e03496e805884f52d139cc2a5857b127dc1ab535,undefined FUN_1817fe6f8(),ghidra,clean,
WHGame.dll,release_1_5_1164953_841,0x17fe784,131,FUN_1817fe784,,,3a90ba66efbfa9990b6ad07c4d4792188c0ea1f87a8a14e9ed31b8803987641b,undefined FUN_1817fe784(),ghidra,clean,
WHGame.dll,release_1_5_1164953_841,0x17fe808,95,FUN_1817fe808,,,d8a8654b17ac52a4964d7d844807d3ecdb8c98276d468342831f634d5dee80bb,undefined FUN_1817fe808(),ghidra,clean,
WHGame.dll,release_1_5_1164953_841,0x17fe868,65,FUN_1817fe868,,,a12fe40663189ceb60fbd5e20674e96251331fcd2e2aa8fefdc2086f60260dcf,undefined FUN_1817fe868(),ghidra,clean,
WHGame.dll,release_1_5_1164953_841,0x17fe8ac,104,FUN_1817fe8ac,,,34c3a2f189954c299ac9ef326450ed0ef7a02bb01ad481da39c21d483e5eb782,undefined FUN_1817fe8ac(),ghidra,clean,
WHGame.dll,release_1_5_1164953_841,0x17fe920,8,FUN_1817fe920,,,f5d009281562ff1d6ceef56fadc735bb717c24bd680c56a66728af2552f15aff,undefined FUN_1817fe920(),ghidra,clean,
WHGame.dll,release_1_5_1164953_841,0x17fe928,65,FUN_1817fe928,,,3a47493b2cf7269c903f7534494e9244d70444f1a606392106286bd4c883e207,undefined FUN_1817fe928(),ghidra,clean,
WHGame.dll,release_1_5_1164953_841,0x17fe96c,194,FUN_1817fe96c,,,0d4c3634328444711c662df9cdf28354a996869a43fdce07fb9e66b83ff1a6e1,undefined FUN_1817fe96c(),ghidra,clean,
WHGame.dll,release_1_5_1164953_841,0x17fea30,62,FUN_1817fea30,,,1b14ef24288bcb74c40749e1eb0eda6695917705ff045f40e7e99c6c818635ef,undefined FUN_1817fea30(),ghidra,clean,
WHGame.dll,release_1_5_1164953_841,0x17fea5c,52,FUN_1817fea5c,,,bfa80e79e10d5755d981fe14cd703ce0919bb12d6def1f29378eeb6dde552fff,undefined FUN_1817fea5c(),ghidra,clean,
WHGame.dll,release_1_5_1164953_841,0x17fea90,62,FUN_1817fea90,,,b85ebcc45e78b7149bfd96af1a0104f52518452d5dd296d8afdce84cfee15694,undefined FUN_1817fea90(),ghidra,clean,
WHGame.dll,release_1_5_1164953_841,0x17feabc,52,FUN_1817feabc,,,b6fea0d76ca83b59557fd3cb6d172ef073308f6ea8e61a79b39c5ccf67a37fbe,undefined FUN_1817feabc(),ghidra,clean,
WHGame.dll,release_1_5_1164953_841,0x17feaf0,43,FUN_1817feaf0,,,16eb5bd67d1fabbba5c26de7431cb1d1688a7b908ef6e7df89f643d511468f31,undefined FUN_1817feaf0(),ghidra,clean,
WHGame.dll,release_1_5_1164953_841,0x17feb1c,27,FUN_1817feb1c,,,9f37ef4c6e87e27f3ca5c6aad8ace31f45fdde2d877a7783963b03633f9842c1,undefined FUN_1817feb1c(),ghidra,clean,
WHGame.dll,release_1_5_1164953_841,0x17feb40,546,FUN_1817feb40,,,7baf1019d09819940e242628be386ce772113b58a58f4f0b406bd7265c78249b,undefined FUN_1817feb40(),ghidra,clean,
WHGame.dll,release_1_5_1164953_841,0x17fec36,5,FUN_1817fec36,,,bb2f2975a4f039ba3be955a54706ab1198c86b141756a91ebbdc54c505e39529,undefined FUN_1817fec36(),ghidra,clean,
WHGame.dll,release_1_5_1164953_841,0x17fec3c,26,FUN_1817fec3c,,,819234953c91d716a341edb10dcca2267107efa13f78881bbca64f4a7a11eeca,undefined FUN_1817fec3c(),ghidra,clean,
WHGame.dll,release_1_5_1164953_841,0x17fec58,155,FUN_1817fec58,,,ab1c06be68e3e0951b48d8a6d2182d0fcd933446ab868b44cf1e04681968a249,undefined FUN_1817fec58(),ghidra,clean,
WHGame.dll,release_1_5_1164953_841,0x17fecf4,311,FUN_1817fecf4,,,312ca35e5c2e5609e70063f7e5405f3339f73a609dd9779dd0c9a79ae7bf3d97,undefined FUN_1817fecf4(),ghidra,clean,
WHGame.dll,release_1_5_1164953_841,0x17fee2c,221,FUN_1817fee2c,,,a44ee0652bc271eab0bbfc93dad1a29e2b6b34929ada9e57691e68c3b3c64019,undefined FUN_1817fee2c(),ghidra,clean,
WHGame.dll,release_1_5_1164953_841,0x17fef0c,206,FUN_1817fef0c,,,4aba93c3723dce6df51aa8675d8d827c4ef36ebe531c3cebdcace818d6ac9293,undefined FUN_1817fef0c(),ghidra,clean,
WHGame.dll,release_1_5_1164953_841,0x17fefbc,421,FUN_1817fefbc,,,fd0e77ae621164013eceea99a8050c1bc5bbb2a3947b19d9a184493875aa227e,undefined FUN_1817fefbc(),ghidra,clean,
WHGame.dll,release_1_5_1164953_841,0x17ff154,281,FUN_1817ff154,,,fe2a77af93fd3325625daac590a0b341f374125b7d5dfdec6a0b3f94411ee270,undefined FUN_1817ff154(),ghidra,clean,
WHGame.dll,release_1_5_1164953_841,0x17ff264,274,FUN_1817ff264,,,e826d47345c00249bb653f1a737ebcb44438e017bdd59f340737f26a28e93986,undefined FUN_1817ff264(),ghidra,clean,
WHGame.dll,release_1_5_1164953_841,0x17ff378,55,FUN_1817ff378,,,bc362eea6397e798a488dc8bb4bfd0526f19b9811b1a92fe27a9808800aca865,undefined FUN_1817ff378(),ghidra,clean,
WHGame.dll,release_1_5_1164953_841,0x17ff3a0,205,FUN_1817ff3a0,,,cf3ea517c35bec644e8aab902a0087c5f3e5f9cb0f08f73fb2b9f80da89e16ca,undefined FUN_1817ff3a0(),ghidra,clean,
WHGame.dll,release_1_5_1164953_841,0x17ff464,92,FUN_1817ff464,,,8843573f57531e0881b0ea3395fe67b8c9cfafbbc3bb545e62326290075d3040,undefined FUN_1817ff464(),ghidra,clean,
WHGame.dll,release_1_5_1164953_841,0x17ff4d0,14,FUN_1817ff4d0,,,6a0c965389dde57d0cdea3f00bf2f0b5053c5c2effdcf312083ee6d31a5cdd6c,undefined FUN_1817ff4d0(),ghidra,clean,
WHGame.dll,release_1_5_1164953_841,0x17ff4e0,296,FUN_1817ff4e0,,,127598a563df53a61f952a9751f0a35a7196c766309176fbe11f068e6af5e803,undefined FUN_1817ff4e0(),ghidra,clean,
WHGame.dll,release_1_5_1164953_841,0x17ff608,196,FUN_1817ff608,,,b0b85417148cdbbb9e53bd81653a3d885e4b70340df7bf6a190f566d7fdd2bb0,undefined FUN_1817ff608(),ghidra,clean,
WHGame.dll,release_1_5_1164953_841,0x17ff6c4,175,FUN_1817ff6c4,,,61fa122cde2cfa5b4132450c3f2ea38d7c88c0a3bcc71643ba2b41e042411911,undefined FUN_1817ff6c4(),ghidra,clean,
WHGame.dll,release_1_5_1164953_841,0x17ff774,212,FUN_1817ff774,,,c4811acbd7f4a84e18a34a2528aebff0959b907d92ef4b00394ce2d96aaba264,undefined FUN_1817ff774(),ghidra,clean,
WHGame.dll,release_1_5_1164953_841,0x17ff84c,60,FUN_1817ff84c,,,b6afe269692fd0a83ca6cb03153d4c1bedab046de57c6a524ba6ffff2d51bf61,undefined FUN_1817ff84c(),ghidra,clean,
WHGame.dll,release_1_5_1164953_841,0x17ff8a8,698,FUN_1817ff8a8,,,86faf6a5c64acfcf91cc4aab5d8cead35067cf385739b9952abe3bbf297666db,undefined FUN_1817ff8a8(),ghidra,clean,
WHGame.dll,release_1_5_1164953_841,0x17ffb64,62,FUN_1817ffb64,,,215e1104f9257a31e17490c12a8443faaac5519e118b11bc6ff24d007184ea6c,undefined FUN_1817ffb64(),ghidra,clean,
WHGame.dll,release_1_5_1164953_841,0x17ffba4,261,FUN_1817ffba4,,,6d0d3867a2e919321937541c71f926a9eee33a6689607773e8ca1c0fe3b3c55f,undefined FUN_1817ffba4(),ghidra,clean,
WHGame.dll,release_1_5_1164953_841,0x17ffca0,196,FUN_1817ffca0,,,35d12a6e9050effc1e184557f1a8bc1252bc7ea5ae30208f1aed381682f773cc,undefined FUN_1817ffca0(),ghidra,clean,
WHGame.dll,release_1_5_1164953_841,0x17ffd64,26,FUN_1817ffd64,,,819234953c91d716a341edb10dcca2267107efa13f78881bbca64f4a7a11eeca,undefined FUN_1817ffd64(),ghidra,clean,
WHGame.dll,release_1_5_1164953_841,0x17ffd80,155,FUN_1817ffd80,,,483568d0832a400ded9b78d4d01b28acb988a931a798a56cfd2a8249ee638d74,undefined FUN_1817ffd80(),ghidra,clean,
WHGame.dll,release_1_5_1164953_841,0x17ffe1c,301,FUN_1817ffe1c,,,d532459f02e717fae7c1d12bf501042de99e4faf048e01e55296b94ce3b34e7a,undefined FUN_1817ffe1c(),ghidra,clean,
WHGame.dll,release_1_5_1164953_841,0x17fff4c,261,FUN_1817fff4c,,,0ab6b77622a9c4b58fc0cbdb39897091b5ce21c554637af89f1074b075ae3734,undefined FUN_1817fff4c(),ghidra,clean,
