module,game_version,rva,length,auto_name,function_name,namespace,content_hash,signature,signature_source,decompile_quality,edge_reason
WHGame.dll,release_1_5_1164953_841,0x1400084,254,FUN_181400084,,,923b47db5a9e3d4367397f18bb1551eb812a8ae5753408fdc9ed37e098fff1ee,undefined FUN_181400084(),ghidra,clean,
WHGame.dll,release_1_5_1164953_841,0x1400184,244,FUN_181400184,,,f4fec472fb594d018e9b905daad11d5fa54ad39b49412d882d5a9b28184e72be,undefined FUN_181400184(),ghidra,clean,
WHGame.dll,release_1_5_1164953_841,0x1400278,273,FUN_181400278,,,4b446f24374176001ab13f8ff0344aaa6c905388e55624a578866cf18351f99e,undefined FUN_181400278(),ghidra,clean,
WHGame.dll,release_1_5_1164953_841,0x140037c,196,FUN_18140037c,,,7d82fd591f753f589a99c4c290caf3035b68737ad753d060e05ee2a0a561dc42,undefined FUN_18140037c(),ghidra,clean,
WHGame.dll,release_1_5_1164953_841,0x1400438,175,FUN_181400438,,,6c8197e92e344612441b6f14d21a0c489e2f88cf84082ba8d7e014c68989ccb4,undefined FUN_181400438(),ghidra,clean,
WHGame.dll,release_1_5_1164953_841,0x14004e8,43,FUN_1814004e8,,,c72f3ccc90d092ce4008d826f74be4ccff3ffa341e91b498c7cea981bc79f263,undefined FUN_1814004e8(),ghidra,clean,
WHGame.dll,release_1_5_1164953_841,0x1400514,1290,FUN_181400514,,,89c29c7a367dbdd19b132a193b35e53e9c73b526d57a147d0bd0865de525c48c,undefined FUN_181400514(),ghidra,clean,
WHGame.dll,release_1_5_1164953_841,0x1400640,110,FUN_181400640,,,e35a7fc0408d82f92cdf19540fdaf6afe4aa2e35095189cbb7464cbc21ad875e,undefined FUN_181400640(),ghidra,clean,
WHGame.dll,release_1_5_1164953_841,0x14006b0,212,FUN_1814006b0,,,2d45dd046331e1cfba0a6f23c6a70294c26b54895bc646eab1bb3384796071da,undefined FUN_1814006b0(),ghidra,clean,
WHGame.dll,release_1_5_1164953_841,0x1400768,5,thunk_FUN_181400770,,,b0d40b133b9394d93820ac0104b0065121d2d73df32c7bfb4e4cf5d805a8b103,undefined thunk_FUN_181400770(),ghidra,clean,
WHGame.dll,release_1_5_1164953_841,0x1400770,103,FUN_181400770,,,34f0f07df20275cb9b71fc2a1847aeb4a4185711f881ea5557ebf73fef3d40d8,undefined FUN_181400770(),ghidra,clean,
WHGame.dll,release_1_5_1164953_841,0x14007d8,95,FUN_1814007d8,,,933f14d5f8a1d62f798e8078b2a476a83ea84b8396b7904a7ff90c7b30fc20ce,undefined FUN_1814007d8(),ghidra,clean,
WHGame.dll,release_1_5_1164953_841,0x1400838,201,FUN_181400838,,,eea80be8763d96577e95cfef5012ae6868685bacdccd17a117a3627a9c7b9223,undefined FUN_181400838(),ghidra,clean,
WHGame.dll,release_1_5_1164953_841,0x14008e4,53,FUN_1814008e4,,,c85bc050c5267d30c1c8cc5d95ba60e7ab4f752bc07a6c243803d5dd315d7798,undefined FUN_1814008e4(),ghidra,clean,
WHGame.dll,release_1_5_1164953_841,0x140091c,417,FUN_18140091c,,,86afa48aa160333ab13e0b4a32d9bc86fb6ed116204083a17049ea5b8f2303ed,undefined FUN_18140091c(),ghidra,clean,
WHGame.dll,release_1_5_1164953_841,0x1400a3c,40,FUN_181400a3c,,,97e4f7a6b6c7d8ccdf8285a46fca0bd16fa9b7e3812c07c8088171e8376cf0d5,undefined FUN_181400a3c(),ghidra,clean,
WHGame.dll,release_1_5_1164953_841,0x1400a64,42,FUN_181400a64,,,6daf98e7f56d4ee7c79f1ba8276e3cb3ec609ec87dc10e5b7b8c69dba304443f,undefined FUN_181400a64(),ghidra,clean,
WHGame.dll,release_1_5_1164953_841,0x1400a90,100,FUN_181400a90,,,ab444bd5b5183a0313fff0cfae88fcaee4b9efecc7ba6a39182133b043d7f6c1,undefined FUN_181400a90(),ghidra,clean,
WHGame.dll,release_1_5_1164953_841,0x1400af4,89,FUN_181400af4,,,f3aa079ee0edb3cd4f997996da8b973e70e375436bf6aa5ca5a41056cefa477c,undefined FUN_181400af4(),ghidra,clean,
WHGame.dll,release_1_5_1164953_841,0x1400b50,141,FUN_181400b50,,,4c71445895a7b9774e6df5fd9a1281729e39df575e9a92d7af989cb4bb65e6e1,undefined FUN_181400b50(),ghidra,clean,
WHGame.dll,release_1_5_1164953_841,0x1400b80,30,FUN_181400b80,,,ba0043f118ffc504b4f9e03210a515da78be70b27c8b00668f466393c4a3e631,undefined FUN_181400b80(),ghidra,clean,
WHGame.dll,release_1_5_1164953_841,0x1400ba0,376,FUN_181400ba0,,,dfcd0a4f071d201a80857fa010bc7605ad140b7ce5dce8cc8adcb2a51b9ffe39,undefined FUN_181400ba0(),ghidra,clean,
WHGame.dll,release_1_5_1164953_841,0x1400cd4,26,FUN_181400cd4,,,5ec899d6b68c01e9d4c4f9f01e0d885d179660b675c3af07c66aa354a1d748cf,undefined FUN_181400cd4(),ghidra,clean,
WHGame.dll,release_1_5_1164953_841,0x1400cf0,151,FUN_181400cf0,,,a10e1dc9b4f2468f5ec740803ec6c29a27c0aa74d2c66ec3cebe8038d3162270,undefined FUN_181400cf0(),ghidra,clean,
WHGame.dll,release_1_5_1164953_841,0x1400d88,151,FUN_181400d88,,,2d3dca35b17bafff2cbee2fee899288f95c25befb275c4acbc6d3ca80cd5992f,undefined FUN_181400d88(),ghidra,clean,
WHGame.dll,release_1_5_1164953_841,0x1400e20,1137,FUN_181400e20,,,711d13b1669ab6eed5e5c0051f42c0ac01ab662572fbc81d3ec3ad37fa8ec734,undefined FUN_181400e20(),ghidra,clean,
WHGame.dll,release_1_5_1164953_841,0x1401294,155,FUN_181401294,,,5f5fc416313bc7b18615c99fb65d9573c5dfd681dd336157d5f1fe162cbe1755,undefined FUN_181401294(),ghidra,clean,
WHGame.dll,release_1_5_1164953_841,0x1401330,304,FUN_181401330,,,66c8f0dd269cf0cf968a94c64ecbe57b8604fcfd309ea4143141bc7a55abcb88,undefined FUN_181401330(),ghidra,clean,
WHGame.dll,release_1_5_1164953_841,0x1401460,155,FUN_181401460,,,447ea271e51fc877b7c0eee351b37eb5affe94005bdd77b5629f3e68b1d4c615,undefined FUN_181401460(),ghidra,clean,
WHGame.dll,release_1_5_1164953_841,0x14014fc,298,FUN_1814014fc,,,2dc34bf75635d741e2f35bb05a312f391aae69fea86c8515b3ab9cdeaa9463e2,undefined FUN_1814014fc(),ghidra,clean,
WHGame.dll,release_1_5_1164953_841,0x1401628,151,FUN_181401628,,,d6fc1e4e0e36d9697491fdbf0fd597c0d1e387424287cd2b657ff2bb2bbf0530,undefined FUN_181401628(),ghidra,clean,
WHGame.dll,release_1_5_1164953_841,0x14016c0,155,FUN_1814016c0,,,c17a08c268d90f565b37e45f6bb9406b40157910ad04d53d00bb0d31699063d2,undefined FUN_1814016c0(),ghidra,clean,
WHGame.dll,release_1_5_1164953_841,0x140175c,291,FUN_18140175c,,,eff84c389d2787195a42cbfc06b6b4413eb6cd942250f717c86055d8eddd38cf,undefined FUN_18140175c(),ghidra,clean,
WHGame.dll,release_1_5_1164953_841,0x1401880,190,FUN_181401880,,,a94bfc0ace8e255ad915d29f70335a91da67c5b629aadd6d13f08e5f94423bed,undefined FUN_181401880(),ghidra,clean,
WHGame.dll,release_1_5_1164953_841,0x1401940,190,FUN_181401940,,,c43b98e59b0c48113db8219682c40f0f202a90fcd87195d80770d7f036829a65,undefined FUN_181401940(),ghidra,clean,
WHGame.dll,release_1_5_1164953_841,0x1401a00,190,FUN_181401a00,,,3257ee277a7b98e95070379f841fe0e1368b61ac2e997b0a5e45d469f9f3f14d,undefined FUN_181401a00(),ghidra,clean,
WHGame.dll,release_1_5_1164953_841,0x1401ac0,190,FUN_181401ac0,,,f6038c2cb0c3c6e5272755a01b951621981e2bfe5307669f7123db42e933ee42,undefined FUN_181401ac0(),ghidra,clean,
WHGame.dll,release_1_5_1164953_841,0x1401b80,155,FUN_181401b80,,,a801b3dd8053e45e77f72ce311b9e752a0e7725bc4d318708bd522ac1ea1c4f1,undefined FUN_181401b80(),ghidra,clean,
WHGame.dll,release_1_5_1164953_841,0x1401c1c,291,FUN_181401c1c,,,402d1bfd524212318a7af995cbf9677b2ac32f6afc997d25614f04230e68595c,undefined FUN_181401c1c(),ghidra,clean,
WHGame.dll,release_1_5_1164953_841,0x1401d40,50,FUN_181401d40,,,ca109cff4cec2a7c1bf315727c2483d3c0b4e5c5f26a6c7b0d04f24c000382e3,undefined FUN_181401d40(),ghidra,clean,
WHGame.dll,release_1_5_1164953_841,0x1401d74,153,FUN_181401d74,,,0fad3565630dd5414e9256c3f379db90e792ee1a275ee644ab2352e41a2e74fc,undefined FUN_181401d74(),ghidra,clean,
WHGame.dll,release_1_5_1164953_841,0x1401e10,464,FUN_181401e10,,,6a9d8b01ad8362b7b19e7c5f4bfc65410e872602294b4e10a151bd767dc7b7d8,undefined FUN_181401e10(),ghidra,clean,
WHGame.dll,release_1_5_1164953_841,0x1401f14,47,FUN_181401f14,,,e1a144dde6baeabb6c483507038cadfcfb1b21027e6eee2ba81b89a11c974839,undefined FUN_181401f14(),ghidra,clean,
WHGame.dll,release_1_5_1164953_841,0x1401f44,54,FUN_181401f44,,,75db7fff09f9a53acc5c0148ca8f75f275e014216e993d15cf163ac0b5ae87ae,undefined FUN_181401f44(),ghidra,clean,
WHGame.dll,release_1_5_1164953_841,0x1401f7c,80,FUN_181401f7c,,,71b71681008063ac657c9f49068c5bb325d19d398bc152d5c19cc45f740a5320,undefined FUN_181401f7c(),ghidra,clean,
WHGame.dll,release_1_5_1164953_841,0x1401fcc,79,FUN_181401fcc,,,0ba345c6d0c7127e3b56a50dbd446a3d68827b642b7faddb5724badaa6525ea6,undefined FUN_181401fcc(),ghidra,clean,
WHGame.dll,release_1_5_1164953_841,0x140201c,54,FUN_18140201c,,,75db7fff09f9a53acc5c0148ca8f75f275e014216e993d15cf163ac0b5ae87ae,undefined FUN_18140201c(),ghidra,clean,
WHGame.dll,release_1_5_1164953_841,0x1402054,76,FUN_181402054,,,437680e0a41185d9a57897d959cd3ab9bf7302f2a9e1d036bfc4d119e5d40a59,undefined FUN_181402054(),ghidra,clean,
WHGame.dll,release_1_5_1164953_841,0x14020a0,31,FUN_1814020a0,,,ca7b6cce8a9eee1ee389c6e2e0d0e86112fb61fa1e667cce4c03cb543a5f746f,undefined FUN_1814020a0(),ghidra,clean,
WHGame.dll,release_1_5_1164953_841,0x14020c0,155,FUN_1814020c0,,,e292cb9f1eed8de6fb205b4929c7450a0b46e863c6bc7c509ea75fe16f3925bd,undefined FUN_1814020c0(),ghidra,clean,
WHGame.dll,release_1_5_1164953_841,0x140215c,293,FUN_18140215c,,,4bda8fb17a37c8953f4e948f487bb4545baa54b0483e5e08bc1f7d521a54f659,undefined FUN_18140215c(),ghidra,clean,
WHGame.dll,release_1_5_1164953_841,0x1402284,180,FUN_181402284,,,9155b0c6b761bb46c77c82ed5e3dc940a2f6a48edc7d487f39df9f30984a09c8,undefined FUN_181402284(),ghidra,clean,
WHGame.dll,release_1_5_1164953_841,0x1402338,340,FUN_181402338,,,ed067f70b9cd6d45db0b9ff8d076887232f9b5d2f187b762e461d7fb8441a0fe,undefined FUN_181402338(),ghidra,clean,
WHGame.dll,release_1_5_1164953_841,0x140248c,221,FUN_18140248c,,,c4800ac7f12d32cd9aed2de4e708dd685a054dd8a8051bd7638553692c3f8a86,undefined FUN_18140248c(),ghidra,clean,
WHGame.dll,release_1_5_1164953_841,0x140256c,194,FUN_18140256c,,,ef199f3b1964c25313b4d40ded1b604b51a33c4518249c07b3a554e460d9a89d,undefined FUN_18140256c(),ghidra,clean,
WHGame.dll,release_1_5_1164953_841,0x1402630,232,FUN_181402630,,,af53c0d07ea4c0eb1fd922aefaadc287a20ea64bc454ff39f51bbceff9f24f3d,undefined FUN_181402630(),ghidra,clean,
WHGame.dll,release_1_5_1164953_841,0x1402718,177,FUN_181402718,,,f1cbaac551795c5b3f89e4c150c980466d67a6f65ca3cbaecdf933d9e400c5c3,undefined FUN_181402718(),ghidra,clean,
WHGame.dll,release_1_5_1164953_841,0x14027cc,184,FUN_1814027cc,,,9933cd500605f00296318540b17565963be12878f4ca67c5b987e30c546f924d,undefined FUN_1814027cc(),ghidra,clean,
WHGame.dll,release_1_5_1164953_841,0x1402884,97,FUN_181402884,,,5fbaa865378d0a48f3c8590373236ef61c7dc42702aacb5ca5c1d05ee04b3c1a,undefined FUN_181402884(),ghidra,clean,
WHGame.dll,release_1_5_1164953_841,0x14028e8,180,FUN_1814028e8,,,b1d7f98e7c595b016a2c20c7984f587f3813ca8776f93929173c6adfbe416b79,undefined FUN_1814028e8(),ghidra,clean,
WHGame.dll,release_1_5_1164953_841,0x140299c,34,FUN_18140299c,,,4c9e79ca5302e67f61eea7775d1f458193a218941874087c01dd16a6c0d91c36,undefined FUN_18140299c(),ghidra,clean,
WHGame.dll,release_1_5_1164953_841,0x14029c0,94,FUN_1814029c0,,,66935de8d3f9113603b75f1e3cc0695a0616c90e96d9b573708d925dac46246f,undefined FUN_1814029c0(),ghidra,clean,
WHGame.dll,release_1_5_1164953_841,0x1402a20,25,FUN_181402a20,,,9f1effdcab7f1d247e125f763d94ab29095734598cbe0b013408fd353863d452,undefined FUN_181402a20(),ghidra,clean,
WHGame.dll,release_1_5_1164953_841,0x1402a3c,104,FUN_181402a3c,,,19334bd388bb2d48b7e60ebd5d408c9847fe98edc8db57d1ebd6274c3b54239a,undefined FUN_181402a3c(),ghidra,clean,
WHGame.dll,release_1_5_1164953_841,0x1402aa4,214,FUN_181402aa4,,,81565df928f58fa27b6d4396416d5a2cc4adbee94779c63166b8c11bb57f4a86,undefined FUN_181402aa4(),ghidra,clean,
WHGame.dll,release_1_5_1164953_841,0x1402b7c,25,FUN_181402b7c,,,c333fb613bb78c73231f1065e41a2448b9a0f5e664cb25edb373438cffb73e72,undefined FUN_181402b7c(),ghidra,clean,
WHGame.dll,release_1_5_1164953_841,0x1402b98,79,FUN_181402b98,,,30501205591e62ce87f196b54ccaf76bd0bf9ea618436ec9e008da64fbadff30,undefined FUN_181402b98(),ghidra,clean,
WHGame.dll,release_1_5_1164953_841,0x1402be8,90,FUN_181402be8,,,cb710fb5e6c03960dbcbc4fadb4312180c50258876017135f88b73a1ae8a3f69,undefined FUN_181402be8(),ghidra,clean,
WHGame.dll,release_1_5_1164953_841,0x1402c44,293,FUN_181402c44,,,c0583065ba42962f5530b2d2700be7528de9a56f8796a485de06aa768e0b3a16,undefined FUN_181402c44(),ghidra,clean,
WHGame.dll,release_1_5_1164953_841,0x1402d08,147,FUN_181402d08,,,63be5c9d3027f17c14aadb7580608cd16f726918219f0644c1de3e834dc8218b,undefined FUN_181402d08(),ghidra,clean,
WHGame.dll,release_1_5_1164953_841,0x1402d9c,74,FUN_181402d9c,,,ddf11597f5cb5de872e47c9c9396ca9183738e9c58db6ffac31789138b7f98f7,undefined FUN_181402d9c(),ghidra,clean,
WHGame.dll,release_1_5_1164953_841,0x1402de8,177,FUN_181402de8,,,5f2c763028bfde58d3a82a5b6aa709ad2301cac89537581a5a0407c7422776af,undefined FUN_181402de8(),ghidra,clean,
WHGame.dll,release_1_5_1164953_841,0x1402e9c,235,FUN_181402e9c,,,c962c9ed806f32c7793d06686150aca3743718a05f1f95f197e0e8cc4a810951,undefined FUN_181402e9c(),ghidra,clean,
WHGame.dll,release_1_5_1164953_841,0x1402f7c,72,FUN_181402f7c,,,30ffb15c21e28d25ed19170c3ba2926a3fdda45f232ceaba1430fb06c5d03efc,undefined FUN_181402f7c(),ghidra,clean,
WHGame.dll,release_1_5_1164953_841,0x1402fc4,74,FUN_181402fc4,,,3ce07e473dcad4d9d4d78569bb5c60b8bd9746f5110431293841d2a49e0d1ca5,undefined FUN_181402fc4(),ghidra,clean,
WHGame.dll,release_1_5_1164953_841,0x1403010,101,FUN_181403010,,,f5594dcd7a6a002bb7640b54090133dc89565f05dacfaf0c5a5d45046979b88b,undefined FUN_181403010(),ghidra,clean,
WHGame.dll,release_1_5_1164953_841,0x1403078,73,FUN_181403078,,,ff80faec6217ab882222f655babf9b1d24916058fc5ab901ae7c3d99ed66abcb,undefined FUN_181403078(),ghidra,clean,
WHGame.dll,release_1_5_1164953_841,0x14030c4,35,FUN_1814030c4,,,46f850c6773767d8547c48190d5205fedebbaacc70f3a530be74bda7325e117e,undefined FUN_1814030c4(),ghidra,clean,
WHGame.dll,release_1_5_1164953_841,0x14030e8,186,FUN_1814030e8,,,06e87a8e8030e21c61332444e2d636a86b129682ede20f42b9364ff44c1e3d0d,undefined FUN_1814030e8(),ghidra,clean,
WHGame.dll,release_1_5_1164953_841,0x14031a4,507,FUN_1814031a4,,,4abe7dfd7363a653c60a691b340ae589692c9ff5c43069a89817bf1cd10c5b4a,undefined FUN_1814031a4(),ghidra,clean,
WHGame.dll,release_1_5_1164953_841,0x14032d4,123,FUN_1814032d4,,,695377ab92b102a72e0183620274a1e68ad8aa5f677e9a2b0f8d2abceb35d011,undefined FUN_1814032d4(),ghidra,clean,
WHGame.dll,release_1_5_1164953_841,0x1403350,264,FUN_181403350,,,df447a69de9dd6aa91807d5e8be8cccf105bad9d8747c0c9c0b917803b25f572,undefined FUN_181403350(),ghidra,clean,
WHGame.dll,release_1_5_1164953_841,0x1403458,135,FUN_181403458,,,b9dcca2ad7c18b9e413d5efab2e77c31b60d17738269412f18a76a5b06444c39,undefined FUN_181403458(),ghidra,clean,
WHGame.dll,release_1_5_1164953_841,0x14034e0,31,FUN_1814034e0,,,307b88bdf278b665850545c6fe9cc08eb407b4db4ae1c3fad980e8a7d18e9825,undefined FUN_1814034e0(),ghidra,clean,
WHGame.dll,release_1_5_1164953_841,0x1403500,39,FUN_181403500,,,c0e0ec7a9bfddaca7a676784cee5d8322a380334b813c09efafb3fce28bccef6,undefined FUN_181403500(),ghidra,clean,
WHGame.dll,release_1_5_1164953_841,0x1403528,180,FUN_181403528,,,2a4fbf47c33a89ea6bf5bfdf2bcdd3315fc81878b771c1e2c6f1c749af951bf9,undefined FUN_181403528(),ghidra,clean,
WHGame.dll,release_1_5_1164953_841,0x14035dc,245,FUN_1814035dc,,,8c3a174b8851b6a7a247b34ee49d250779c5d5af164bcc404767537558f87905,undefined FUN_1814035dc(),ghidra,clean,
WHGame.dll,release_1_5_1164953_841,0x14036d4,312,FUN_1814036d4,,,00b40dbbf149414b2da2d7c0b53c3f1fe12462dee610d084ee713f0819d835f9,undefined FUN_1814036d4(),ghidra,clean,
WHGame.dll,release_1_5_1164953_841,0x140380c,162,FUN_18140380c,,,9b60f49a21814700c7c5adcf42b199b2f6e54251ac784b3707511b0d319cdbe1,undefined FUN_18140380c(),ghidra,clean,
WHGame.dll,release_1_5_1164953_841,0x14038b0,195,FUN_1814038b0,,,21dfbf12ddae586cf8f435064a76a1f427104390ff5baf721569a186a1fe83bf,undefined FUN_1814038b0(),ghidra,clean,
WHGame.dll,release_1_5_1164953_841,0x1403974,192,FUN_181403974,,,d102eb372306fd3d70717689003f414beed8fb8d1719b44cebb51a231b669ec1,undefined FUN_181403974(),ghidra,clean,
WHGame.dll,release_1_5_1164953_841,0x1403a34,198,FUN_181403a34,,,f1338953bf26c1d34d26b008e8fafa2d7f57e149acf2801bc8d547d9f697f7be,undefined FUN_181403a34(),ghidra,clean,
WHGame.dll,release_1_5_1164953_841,0x1403afc,288,FUN_181403afc,,,515458ba7ec387ae0e228533fb1389341774e7fec4fd8e789f22e67ec289b9be,undefined FUN_181403afc(),ghidra,clean,
WHGame.dll,release_1_5_1164953_841,0x1403c1c,177,FUN_181403c1c,,,4eda1a8926b74ff20043c10a1715cd3fbc50c0ce7373d4e873a8d68512d36cc0,undefined FUN_181403c1c(),ghidra,clean,
WHGame.dll,release_1_5_1164953_841,0x1403cd0,11,FUN_181403cd0,,,5035839b70b16ff46401123408cdcedc515b0003234c286fc039ce8024ae3c09,undefined FUN_181403cd0(),ghidra,clean,
WHGame.dll,release_1_5_1164953_841,0x1403cdc,49,FUN_181403cdc,,,97f29a79c7d049d97aeca2057ee859952f94fa6a65d5943c525c99a2b48bff98,undefined FUN_181403cdc(),ghidra,clean,
WHGame.dll,release_1_5_1164953_841,0x1403d10,216,FUN_181403d10,,,b3adc40bb6faabcfb7f60c9c726ebeaa9bd7b26269ec7655a959f2c9acc78865,undefined FUN_181403d10(),ghidra,clean,
WHGame.dll,release_1_5_1164953_841,0x1403de8,135,FUN_181403de8,,,de0c17cd82f15f9d323d303b2b729b812138c1c578c83df4c40ec6eee1014291,undefined FUN_181403de8(),ghidra,clean,
WHGame.dll,release_1_5_1164953_841,0x1403e70,502,FUN_181403e70,,,896e1f26eeba5c5fa5bef6e18049b3400c7ca121767fa85c8113cd83d64033f1,undefined FUN_181403e70(),ghidra,clean,
WHGame.dll,release_1_5_1164953_841,0x1404020,80,FUN_181404020,,,77f7caa99978763d1eccce65e1ff309ca851bc525f2ef31cd33dd35d795474fd,undefined FUN_181404020(),ghidra,clean,
WHGame.dll,release_1_5_1164953_841,0x1404070,80,FUN_181404070,,,4e01a755e61d445e477cc62ff2e882dc8f7a4430e17ff9c1b799dde9cc26d810,undefined FUN_181404070(),ghidra,clean,
WHGame.dll,release_1_5_1164953_841,0x14040c0,80,FUN_1814040c0,,,6fd419158358db1f38cd4f2f83ffa4ca5ad027b58c4d51de28f97d50749c9966,undefined FUN_1814040c0(),ghidra,clean,
WHGame.dll,release_1_5_1164953_841,0x1404110,80,FUN_181404110,,,93d4d15f8840e4df26d4cab65c5771060aa99e0c4d403e23c4e8a6478a5ecd7e,undefined FUN_181404110(),ghidra,clean,
WHGame.dll,release_1_5_1164953_841,0x1404160,80,FUN_181404160,,,a108aed0426d5aa0adc6f1b886630573da4a8c5e8729e1502382e7267a58a3ae,undefined FUN_181404160(),ghidra,clean,
WHGame.dll,release_1_5_1164953_841,0x14041b0,85,FUN_1814041b0,,,cd769618c53ea820cf0dd20f2b22d737cf1dc2860edc2ca18f7f06874eae682d,undefined FUN_1814041b0(),ghidra,clean,
WHGame.dll,release_1_5_1164953_841,0x14041e4,190,FUN_1814041e4,,,940849ee17d22e6e3f0574bfbbaea252a9a2008eca6fad84a4d6b6f248a20bad,undefined FUN_1814041e4(),ghidra,clean,
WHGame.dll,release_1_5_1164953_841,0x14042a4,5,thunk_FUN_1814042ac,,,b0d40b133b9394d93820ac0104b0065121d2d73df32c7bfb4e4cf5d805a8b103,undefined thunk_FUN_1814042ac(),ghidra,clean,
WHGame.dll,release_1_5_1164953_841,0x14042ac,103,FUN_1814042ac,,,6e6963d3cef268cce49a7ace15fcf1012a6374561f6cddc258f3587354dd3dc9,undefined FUN_1814042ac(),ghidra,clean,
WHGame.dll,release_1_5_1164953_841,0x1404314,95,FUN_181404314,,,531ecbd5f32448f3cfb2d66185552db189996023aad9baba4b0af70d8f336e11,undefined FUN_181404314(),ghidra,clean,
WHGame.dll,release_1_5_1164953_841,0x1404374,206,FUN_181404374,,,9bf9fa02185b1e605f4c3d139c3568199f31a8874a01b992b349c08838f379bf,undefined FUN_181404374(),ghidra,clean,
WHGame.dll,release_1_5_1164953_841,0x1404424,53,FUN_181404424,,,0cc14b4bbaeed8eda237a56f2bce169862f870b713fc11d73af2d4ed3825b741,undefined FUN_181404424(),ghidra,clean,
WHGame.dll,release_1_5_1164953_841,0x140445c,147,FUN_18140445c,,,5b1620276e219b3c47d30f26ea92cebb0c4801e057f8822eaeb692ad459a49e7,undefined FUN_18140445c(),ghidra,clean,
WHGame.dll,release_1_5_1164953_841,0x14044f0,147,FUN_1814044f0,,,4069d27d83ab7dcbb25fffb2bd1c2322f7a8bf2fa45a439ce31f00d1d8343f74,undefined FUN_1814044f0(),ghidra,clean,
WHGame.dll,release_1_5_1164953_841,0x1404584,42,FUN_181404584,,,b9000dc23706dc6021e2b413fc45f7e3e2c68dac8c08319d0e7bd60edf5f707c,undefined FUN_181404584(),ghidra,clean,
WHGame.dll,release_1_5_1164953_841,0x14045b0,68,FUN_1814045b0,,,578288a592e33c5195dc0b91ade9d5c3a9dcc6b78813353b8130543f0b150dcf,undefined FUN_1814045b0(),ghidra,clean,
WHGame.dll,release_1_5_1164953_841,0x14045f4,431,FUN_1814045f4,,,2c7d79150721aa568e80823c4900c05b0ed14a4be3d455b69313dd75944e43b4,undefined FUN_1814045f4(),ghidra,clean,
WHGame.dll,release_1_5_1164953_841,0x1404750,40,FUN_181404750,,,651889ea55ee6d7446003c8625b07ba8d6d222ab5fd5ead9e206f84f66ace799,undefined FUN_181404750(),ghidra,clean,
WHGame.dll,release_1_5_1164953_841,0x1404778,42,FUN_181404778,,,a40551ea6ac8858c08b049e656faf6d07743ebf61d67dacb5dcae37c3575791c,undefined FUN_181404778(),ghidra,clean,
WHGame.dll,release_1_5_1164953_841,0x14047a4,328,FUN_1814047a4,,,fa0e39ac1c5e4c6904baeda4e9c2e6a07941560a9178d9052a4f2fedb89cdedd,undefined FUN_1814047a4(),ghidra,clean,
WHGame.dll,release_1_5_1164953_841,0x14048f0,100,FUN_1814048f0,,,42979a59d770b915fbcae39021cf2d96d9073380674cdcf0dad46c5144005178,undefined FUN_1814048f0(),ghidra,clean,
WHGame.dll,release_1_5_1164953_841,0x1404954,66,FUN_181404954,,,9675c14b2874fb23eb45e29ed4549bf81d336506fa4e2c7c42a112178d06d9cd,undefined FUN_181404954(),ghidra,clean,
WHGame.dll,release_1_5_1164953_841,0x1404998,234,FUN_181404998,,,5dad710caa34f76ee5667b9a04ff49991d38a3f11d84817a8f28c3cb58be9a6f,undefined FUN_181404998(),ghidra,clean,
WHGame.dll,release_1_5_1164953_841,0x1404a84,207,FUN_181404a84,,,f36d7d00c902ed89bc7a898203608cacf50b86e820a2be340b55e3ef0a686c01,undefined FUN_181404a84(),ghidra,clean,
WHGame.dll,release_1_5_1164953_841,0x1404b44,261,FUN_181404b44,,,a206ea763e4025a06d6861c993776746ec47849be97452d779d4309a2da57b44,undefined FUN_181404b44(),ghidra,clean,
WHGame.dll,release_1_5_1164953_841,0x1404c40,196,FUN_181404c40,,,5a92927f6dff5ba6385182e18b20a2ea6e2b06f824467799ebb5055985485c73,undefined FUN_181404c40(),ghidra,clean,
WHGame.dll,release_1_5_1164953_841,0x1404d04,26,FUN_181404d04,,,819234953c91d716a341edb10dcca2267107efa13f78881bbca64f4a7a11eeca,undefined FUN_181404d04(),ghidra,clean,
WHGame.dll,release_1_5_1164953_841,0x1404d20,155,FUN_181404d20,,,9a6901b7ed2ef5be1248060e876764e37188a6c0942f6fce4e6ca27d9ab17fec,undefined FUN_181404d20(),ghidra,clean,
WHGame.dll,release_1_5_1164953_841,0x1404dbc,245,FUN_181404dbc,,,79864b91d5b4a161a86dbd4087193cb198b3dccccaeb692bebc173f69c10ecde,undefined FUN_181404dbc(),ghidra,clean,
WHGame.dll,release_1_5_1164953_841,0x1404eb4,18,FUN_181404eb4,,,463a85d1fb0cf06a398f550b02fa868cacd8bcdb717a1397b1f07c3d45dcf0b0,undefined FUN_181404eb4(),ghidra,clean,
WHGame.dll,release_1_5_1164953_841,0x1404ec8,190,FUN_181404ec8,,,ae71db712afc67f400b72b3936a21754784d0be00108c0119b1f33d24638747f,undefined FUN_181404ec8(),ghidra,clean,
WHGame.dll,release_1_5_1164953_841,0x1404f88,26,FUN_181404f88,,,70509e233b81a4b980391cbde5d0f4e0f57007794a397523a1f478e8884bbf63,undefined FUN_181404f88(),ghidra,clean,
WHGame.dll,release_1_5_1164953_841,0x1404fa4,1137,FUN_181404fa4,,,988115b0b660627bb997b6ea24cb4858586cbd0c85eafc5acf3f22ca22155abe,undefined FUN_181404fa4(),ghidra,clean,
WHGame.dll,release_1_5_1164953_841,0x1405418,155,FUN_181405418,,,aa3dfb50c1b3775ba8ea1abb11eae2b4d6035a84424e910d9f06566a1aaa227b,undefined FUN_181405418(),ghidra,clean,
WHGame.dll,release_1_5_1164953_841,0x14054b4,304,FUN_1814054b4,,,af44ba79bda14d914e5bc8c2073732012a6bb264bbdfe3f0fe17d8df4252cb31,undefined FUN_1814054b4(),ghidra,clean,
WHGame.dll,release_1_5_1164953_841,0x14055e4,155,FUN_1814055e4,,,19104c5424c4be7749fa6e40c8133f94180c67f371a2000449caebb326076135,undefined FUN_1814055e4(),ghidra,clean,
WHGame.dll,release_1_5_1164953_841,0x1405680,298,FUN_181405680,,,608728da409ee4908118cc4478a0a45f3b1a08b8cfd714fc66607087e056f57b,undefined FUN_181405680(),ghidra,clean,
WHGame.dll,release_1_5_1164953_841,0x14057ac,180,FUN_1814057ac,,,fa362eb32f3e5b9c69f065378608877c547192efc6986fec4a0c5937d8b413d2,undefined FUN_1814057ac(),ghidra,clean,
WHGame.dll,release_1_5_1164953_841,0x1405860,26,FUN_181405860,,,66a08bf2c7025cadf42530d3561aa3f62865181d2c464b95f3b30299a8721bfd,undefined FUN_181405860(),ghidra,clean,
WHGame.dll,release_1_5_1164953_841,0x140587c,85,FUN_18140587c,,,6a6d0bbd505366f56f003afad13be3bfd1352e3827f4edcd3a04b4200fe0cca2,undefined FUN_18140587c(),ghidra,clean,
WHGame.dll,release_1_5_1164953_841,0x14058d4,85,FUN_1814058d4,,,a7db318aedb8793ea972f6b37ee61ecab55d0ca1e836a7d19f92978325cf7816,undefined FUN_1814058d4(),ghidra,clean,
WHGame.dll,release_1_5_1164953_841,0x1405908,180,FUN_181405908,,,9f8606f5df6ccd5784a958b5332c9b132f7b631a0a4ec7c6924a9567dff675b6,undefined FUN_181405908(),ghidra,clean,
WHGame.dll,release_1_5_1164953_841,0x14059bc,284,FUN_1814059bc,,,4ad4886478391d146e660422d01c4d1ee54a44572dee4ba390e338b41b4fcb90,undefined FUN_1814059bc(),ghidra,clean,
WHGame.dll,release_1_5_1164953_841,0x1405acc,261,FUN_181405acc,,,78f5a636d2a71e41446a9371da24accb1270d0d2db77a8888f94d7546c475d44,undefined FUN_181405acc(),ghidra,clean,
WHGame.dll,release_1_5_1164953_841,0x1405bc8,233,FUN_181405bc8,,,14ad33346a0e2d3f2308f8427751578ebc708fbdeb79013c508f4c8641c5e1e6,undefined FUN_181405bc8(),ghidra,clean,
WHGame.dll,release_1_5_1164953_841,0x1405cb4,26,FUN_181405cb4,,,819234953c91d716a341edb10dcca2267107efa13f78881bbca64f4a7a11eeca,undefined FUN_181405cb4(),ghidra,clean,
WHGame.dll,release_1_5_1164953_841,0x1405cd0,155,FUN_181405cd0,,,20cadeb251cffcf34c6ee498df78ef9ed30c7e583eaef3c51cc07ab8dfb81308,undefined FUN_181405cd0(),ghidra,clean,
WHGame.dll,release_1_5_1164953_841,0x1405d6c,301,FUN_181405d6c,,,48335e0cbf255b07940fc2bbd6a41da4ccbdd2cb170dc19fe6a99f187cbd549b,undefined FUN_181405d6c(),ghidra,clean,
WHGame.dll,release_1_5_1164953_841,0x1405e9c,190,FUN_181405e9c,,,91893feec60898ee8093cc4777e345299e0d3a97fa8311a113cbcf69f9bdcb70,undefined FUN_181405e9c(),ghidra,clean,
WHGame.dll,release_1_5_1164953_841,0x1405f5c,43,FUN_181405f5c,,,8293cf5f5ad0d1f647af549508c6df81b96f5a696adea37676a3c68155915d76,undefined FUN_181405f5c(),ghidra,clean,
WHGame.dll,release_1_5_1164953_841,0x1405f88,298,FUN_181405f88,,,e39d0848193bd59b8948d3fab7e8e1c392bd3a1772be790e3adf46d8908ca4e3,undefined FUN_181405f88(),ghidra,clean,
WHGame.dll,release_1_5_1164953_841,0x14060b4,328,FUN_1814060b4,,,f47ce9b5db2cb74868410d89466d7c8394568de01ad7998688e3140c469b12d7,undefined FUN_1814060b4(),ghidra,clean,
WHGame.dll,release_1_5_1164953_841,0x14061a2,8,FUN_1814061a2,,,8ebd64926583734547a2ea4bfda673c8eae81441cf03364977ba265ba738546a,undefined FUN_1814061a2(),ghidra,clean,
WHGame.dll,release_1_5_1164953_841,0x14061aa,7,FUN_1814061aa,,,c833b2efe6714e30c0e2d4031ada447b6d7702d1e9edbef2834e9bee58de167a,undefined FUN_1814061aa(),ghidra,clean,
WHGame.dll,release_1_5_1164953_841,0x14061b4,155,FUN_1814061b4,,,e674dd983b45c165d067c1177aaf75bfddf48dd3605ef28c5b989604493045fc,undefined FUN_1814061b4(),ghidra,clean,
WHGame.dll,release_1_5_1164953_841,0x1406250,155,FUN_181406250,,,74398234552481cb7c3cc323438c9fed42552ac920df3b1bb3c3ea67193c3865,undefined FUN_181406250(),ghidra,clean,
WHGame.dll,release_1_5_1164953_841,0x14062ec,155,FUN_1814062ec,,,d6a34417df9033c508b4d86ca500a5529ff391dc78407a56af3648f2d4fc7e55,undefined FUN_1814062ec(),ghidra,clean,
WHGame.dll,release_1_5_1164953_841,0x1406388,242,FUN_181406388,,,db728d67bf884c31fbe2c9643961b1a0df09298ab87876472a792f2fe32745b1,undefined FUN_181406388(),ghidra,clean,
WHGame.dll,release_1_5_1164953_841,0x140647c,18,FUN_18140647c,,,70146ca7e7e62dcc3634de4a9d5cf441ce4882bb033f95aa7458906d3c914c13,undefined FUN_18140647c(),ghidra,clean,
WHGame.dll,release_1_5_1164953_841,0x1406490,298,FUN_181406490,,,d85f759faf747d4d117cbdf349f1599100a10232acd6622f909d2bfd5550fe0d,undefined FUN_181406490(),ghidra,clean,
WHGame.dll,release_1_5_1164953_841,0x14065bc,235,FUN_1814065bc,,,b030744d1084fabcd832cc16c61fd590a95ff54b47fb3944230147fbcbb47892,undefined FUN_1814065bc(),ghidra,clean,
WHGame.dll,release_1_5_1164953_841,0x14066a8,199,FUN_1814066a8,,,ca78ba7edfe538a4e39c629e2e8218d6466d9a15d497fafb005ec4f0ae17312b,undefined FUN_1814066a8(),ghidra,clean,
WHGame.dll,release_1_5_1164953_841,0x1406770,380,FUN_181406770,,,7de59d6e7b3ba010ff13933b2ccdae0546c5d2bf98dee0a69d41f5165161e71a,undefined FUN_181406770(),ghidra,clean,
WHGame.dll,release_1_5_1164953_841,0x14068ec,105,FUN_1814068ec,,,d79833fe01586e4a9ca089d62ff012c84529fd07d7112d2cc318b78534558ee8,undefined FUN_1814068ec(),ghidra,clean,
WHGame.dll,release_1_5_1164953_841,0x1406940,105,FUN_181406940,,,7ad88066a59e8e0ce0720e3ce78c1416b0426badc46171311064338057d96c2c,undefined FUN_181406940(),ghidra,clean,
WHGame.dll,release_1_5_1164953_841,0x1406990,36,FUN_181406990,,,125cdeaca190e789bc2fe59d3ffbece38da4ca51c48e6e237a4e3c3b7cafc43a,undefined FUN_181406990(),ghidra,clean,
WHGame.dll,release_1_5_1164953_841,0x14069b4,30,FUN_1814069b4,,,3fd95162b7d63675c4678296c723aa0babe627d0e60c295a0685d33a71feeed2,undefined FUN_1814069b4(),ghidra,clean,
WHGame.dll,release_1_5_1164953_841,0x14069d4,155,FUN_1814069d4,,,de906fe4316c62617959ea044e61a4be930a1485adf82b744353f0621ac19f32,undefined FUN_1814069d4(),ghidra,clean,
WHGame.dll,release_1_5_1164953_841,0x1406a70,291,FUN_181406a70,,,e5cfd049fc88ddb570bddf53122db62354c3de120477dd4f8c16af42508676f9,undefined FUN_181406a70(),ghidra,clean,
WHGame.dll,release_1_5_1164953_841,0x1406b94,110,FUN_181406b94,,,89a2542f48b9bb33b4d95412b335a2f2a23f985235593e57bb386c3dfc3fd878,undefined FUN_181406b94(),ghidra,clean,
WHGame.dll,release_1_5_1164953_841,0x1406c04,132,FUN_181406c04,,,6ce13f648fcf4f900115a601e734ab240f37f43133bcc0f9a2300ac6d53e28da,undefined FUN_181406c04(),ghidra,clean,
WHGame.dll,release_1_5_1164953_841,0x1406c88,30,FUN_181406c88,,,193ffe7c569f8a6c002973ba4fef783199ddfa37b5a50741caba0ba19f8ec3da,undefined FUN_181406c88(),ghidra,clean,
WHGame.dll,release_1_5_1164953_841,0x1406ca8,155,FUN_181406ca8,,,a8aa8b0a632d9bcc6d4b26926a99a56d1e39c276cf1370d68ab281c537a79ff9,undefined FUN_181406ca8(),ghidra,clean,
WHGame.dll,release_1_5_1164953_841,0x1406d44,291,FUN_181406d44,,,d6474c8821f44fb404ef54ed5f44ef8c47700d63f225165109eee7cfe1de4e79,undefined FUN_181406d44(),ghidra,clean,
WHGame.dll,release_1_5_1164953_841,0x1406e68,152,FUN_181406e68,,,001afe942af6eb8017e6536287db759da08fce3136342cbe1ae8fd207addd896,undefined FUN_181406e68(),ghidra,clean,
WHGame.dll,release_1_5_1164953_841,0x1406f00,26,FUN_181406f00,,,784f42d42467bdc72bf303619520ab86d009b3466c28ed890d4202f919d16798,undefined FUN_181406f00(),ghidra,clean,
WHGame.dll,release_1_5_1164953_841,0x1406f1c,958,FUN_181406f1c,,,b6b008df5d9b6f11a2b41681b233f57d22484665dedde27a11fe524e3daa524a,undefined FUN_181406f1c(),ghidra,clean,
WHGame.dll,release_1_5_1164953_841,0x14072dc,23,FUN_1814072dc,,,4a2215c3e820937481093c41c3a2c4fdd1b034767afb06c5e8afd475b2e2dc6a,undefined FUN_1814072dc(),ghidra,clean,
WHGame.dll,release_1_5_1164953_841,0x14072f4,155,FUN_1814072f4,,,e121dff72d65e052f0cc727511deaa347ddbc5f5da8000b0e5b14c879189e3a6,undefined FUN_1814072f4(),ghidra,clean,
WHGame.dll,release_1_5_1164953_841,0x1407390,314,FUN_181407390,,,edf50c632f93e705e9df0a22bbe6bc18521ed31d7d56f08fd5fba9d8a76d5ae6,undefined FUN_181407390(),ghidra,clean,
WHGame.dll,release_1_5_1164953_841,0x14074cc,155,FUN_1814074cc,,,90323c5dce5b5787ac2e95bcafb62faa6afc8f0e51cfa8fde19e017bbf71a193,undefined FUN_1814074cc(),ghidra,clean,
WHGame.dll,release_1_5_1164953_841,0x1407568,308,FUN_181407568,,,08783a3848a207f3aa8a20fa9dbcffe045fd63a87387fe1fa246ec746396d254,undefined FUN_181407568(),ghidra,clean,
WHGame.dll,release_1_5_1164953_841,0x140769c,189,FUN_18140769c,,,b2a3b19d15e5625304c3e07685fb3bbe22822b3c6a7323560880a0056af6c435,undefined FUN_18140769c(),ghidra,clean,
WHGame.dll,release_1_5_1164953_841,0x140775c,336,FUN_18140775c,,,a3d34f7239018fe7fcf77d86547aa0f6abef4dc5f87bed0a020e9737daa2f9cf,undefined FUN_18140775c(),ghidra,clean,
WHGame.dll,release_1_5_1164953_841,0x14078b0,190,FUN_1814078b0,,,340e97344e6c749439746b52e760c4cbf4026cd6810aa818babdcc6ef2d20255,undefined FUN_1814078b0(),ghidra,clean,
WHGame.dll,release_1_5_1164953_841,0x1407970,109,FUN_181407970,,,2c03f55275f8630c0015385803dd20bd8cbaca5bbb6aa9953d6959eec5f23078,undefined FUN_181407970(),ghidra,clean,
WHGame.dll,release_1_5_1164953_841,0x14079e0,89,FUN_1814079e0,,,75463155a245c05ce8e2df0cbe4bced1f7bb15885cdfd26b0affcbaa8b647a01,undefined FUN_1814079e0(),ghidra,clean,
WHGame.dll,release_1_5_1164953_841,0x1407a3c,109,FUN_181407a3c,,,6ed49d59663de7dd9499ab2b3391842b3cb46e77de7f88ffc9a384ef5313a9ca,undefined FUN_181407a3c(),ghidra,clean,
WHGame.dll,release_1_5_1164953_841,0x1407a78,78,FUN_181407a78,,,de6452742b7b75801b8fb73dbadd7f17ce593bfbc2e4c98c5da3a49e515e2d29,undefined FUN_181407a78(),ghidra,clean,
WHGame.dll,release_1_5_1164953_841,0x1407ac8,70,FUN_181407ac8,,,53d416913af444d57066932288a53809c3d9195d057c8d2fd64940956e34c01c,undefined FUN_181407ac8(),ghidra,clean,
WHGame.dll,release_1_5_1164953_841,0x1407b10,4793,FUN_181407b10,,,fcc91615935f6099f43d516124c5040608f56ae7caf087fad041fbb918979fe3,undefined FUN_181407b10(),ghidra,clean,
WHGame.dll,release_1_5_1164953_841,0x1408a48,42,FUN_181408a48,,,8bffd097ad66f46eb5161e1f954feadcad545bfa1b4e0021672c0f26b223a68b,undefined FUN_181408a48(),ghidra,clean,
WHGame.dll,release_1_5_1164953_841,0x1408a74,374,FUN_181408a74,,,36b3fde8a79e49e120fc05291821099739d5d7748cf277248427fab3ec30f1e9,undefined FUN_181408a74(),ghidra,clean,
WHGame.dll,release_1_5_1164953_841,0x1408b04,98,FUN_181408b04,,,4e7eec7996a0c207aa071c9ab2654a6e399a1c2ce05a4907765e17b6adc7d7e5,undefined FUN_181408b04(),ghidra,clean,
WHGame.dll,release_1_5_1164953_841,0x1408b68,261,FUN_181408b68,,,dadde7f5aa5f32cd8f31a0400878a2f8b6f7791da5f91339cf7fbf2a31456d63,undefined FUN_181408b68(),ghidra,clean,
WHGame.dll,release_1_5_1164953_841,0x1408c70,56,FUN_181408c70,,,19afe4ad961fa4d5f6f1b3f4314e4413dd04da522ac2e052b73af6b9ee7e1759,undefined FUN_181408c70(),ghidra,clean,
WHGame.dll,release_1_5_1164953_841,0x1408ca8,155,FUN_181408ca8,,,2397a7c66eb9d09a75904a3108ff74937c6fe9045b38df429c52f578673aad17,undefined FUN_181408ca8(),ghidra,clean,
WHGame.dll,release_1_5_1164953_841,0x1408d44,291,FUN_181408d44,,,1e8e16d8614de140227eccea72f6cefa9187d8bface2c6ff385cebd06f77912a,undefined FUN_181408d44(),ghidra,clean,
WHGame.dll,release_1_5_1164953_841,0x1408e68,155,FUN_181408e68,,,1530c083e733893e6ab1dac7f9a92c6f3ea8d8a960b9cd3891f4055e2ae5f893,undefined FUN_181408e68(),ghidra,clean,
WHGame.dll,release_1_5_1164953_841,0x1408f04,291,FUN_181408f04,,,24b5ce1dfa707279d7a2bb44bc694621264a1db6ac880f25851ce84b30ec3359,undefined FUN_181408f04(),ghidra,clean,
WHGame.dll,release_1_5_1164953_841,0x1409028,194,FUN_181409028,,,2d1521d04463eb043b7441e75c2bd2e7d3fcbb6b2c25309e327decccf1a3d2cf,undefined FUN_181409028(),ghidra,clean,
WHGame.dll,release_1_5_1164953_841,0x14090ec,155,FUN_1814090ec,,,d9155a8b87aae48bcc594236c89df10ee31cb672a670dc9c511bcb32e14eb7f8,undefined FUN_1814090ec(),ghidra,clean,
WHGame.dll,release_1_5_1164953_841,0x1409188,291,FUN_181409188,,,5994d601f34c4bdd71e095ed5013fd69ad1ecd50f64bfc77029946ecb9d261a9,undefined FUN_181409188(),ghidra,clean,
WHGame.dll,release_1_5_1164953_841,0x14092ac,106,FUN_1814092ac,,,49413a000ee08525d258453ab756425b9ff344b25a7fec5619422ae8a2cf4a22,undefined FUN_1814092ac(),ghidra,clean,
WHGame.dll,release_1_5_1164953_841,0x1409318,160,FUN_181409318,,,447b838b7ec6aabe7b6df2369ecf338bca545941baedf84d166d7eaf57796b21,undefined FUN_181409318(),ghidra,clean,
WHGame.dll,release_1_5_1164953_841,0x14093b8,217,FUN_1814093b8,,,1968a3621b2a6292167434309311960d74f6310098970dbdefdfffdbe82b435e,undefined FUN_1814093b8(),ghidra,clean,
WHGame.dll,release_1_5_1164953_841,0x1409484,37,FUN_181409484,,,5074073346a127736da6025c8a45cd642b05319f00f0467a6ece9963b38f3243,undefined FUN_181409484(),ghidra,clean,
WHGame.dll,release_1_5_1164953_841,0x14094ac,46,FUN_1814094ac,,,c7e65ded5c22f5297f4e7e960f46d8ce78149d108e699cb4a25f6587f39998ff,undefined FUN_1814094ac(),ghidra,clean,
WHGame.dll,release_1_5_1164953_841,0x14094dc,65,FUN_1814094dc,,,8cdd483439613fc1727a1c26cb7d31366d16b6079b55676f8a3e9be61e5c75f4,undefined FUN_1814094dc(),ghidra,clean,
WHGame.dll,release_1_5_1164953_841,0x1409520,206,FUN_181409520,,,5bba774fff0bdf43ed840c6f6c3bb01b82995b562b3f520b1f0533217a74b66b,undefined FUN_181409520(),ghidra,clean,
WHGame.dll,release_1_5_1164953_841,0x14095e0,37,FUN_1814095e0,,,8cc0a020afa6240daad24d689e3c8a412d70d58d538c26129e2143e5bfec3b87,undefined FUN_1814095e0(),ghidra,clean,
WHGame.dll,release_1_5_1164953_841,0x1409608,108,FUN_181409608,,,4298b5cfecfc9515d9ea6361d04cffe957275e2f97aa29e312f44d0418063ad8,undefined FUN_181409608(),ghidra,clean,
WHGame.dll,release_1_5_1164953_841,0x1409674,30,FUN_181409674,,,4d90d03247bf1d300c7a95449b132f5667f5f889ee55aa1a2ca1b74ba403b75e,undefined FUN_181409674(),ghidra,clean,
WHGame.dll,release_1_5_1164953_841,0x1409694,180,FUN_181409694,,,9bc5b898e0243d2cf79563e07749da6a4cf0c62ae1766141a36aec874903d33c,undefined FUN_181409694(),ghidra,clean,
WHGame.dll,release_1_5_1164953_841,0x1409748,155,FUN_181409748,,,baa2951b9bbda65312ecde222f34652d44285833d86be3b4a71239fcabe3aac2,undefined FUN_181409748(),ghidra,clean,
WHGame.dll,release_1_5_1164953_841,0x14097e4,291,FUN_1814097e4,,,63a270df75e2c1c50748a28305c76e01a9b8530eab48bf307f6322dcb8b09770,undefined FUN_1814097e4(),ghidra,clean,
WHGame.dll,release_1_5_1164953_841,0x1409908,180,FUN_181409908,,,e45f623ee962cdabdb604388ca65ec15e08d966e1cab411911692bb1ade5af66,undefined FUN_181409908(),ghidra,clean,
WHGame.dll,release_1_5_1164953_841,0x14099bc,330,FUN_1814099bc,,,3a03938ffa379b6fa1e34e81b1ba764189d2caff934dc59c4d530ab7a55d6187,undefined FUN_1814099bc(),ghidra,clean,
WHGame.dll,release_1_5_1164953_841,0x1409b08,72,FUN_181409b08,,,015cc7aaad072b5f21bba50d1b886e361606ce63361a6ec2a1095b6eb7dc8704,undefined FUN_181409b08(),ghidra,clean,
WHGame.dll,release_1_5_1164953_841,0x1409b38,200,FUN_181409b38,,,d291f75b7e91913a687c286422592a35e48d10af676c5e38e05ab5a95f385383,undefined FUN_181409b38(),ghidra,clean,
WHGame.dll,release_1_5_1164953_841,0x1409be0,26,FUN_181409be0,,,c8f75b32a1905f6d8a8a224b1327440ffb6983f0e740c98d9782bf405f99c7b5,undefined FUN_181409be0(),ghidra,clean,
WHGame.dll,release_1_5_1164953_841,0x1409bfc,151,FUN_181409bfc,,,50dcda9b4743d52e817f928ef09d6c45a0aebb3646c420c5a84b9d6969f8ce7a,undefined FUN_181409bfc(),ghidra,clean,
WHGame.dll,release_1_5_1164953_841,0x1409c94,1137,FUN_181409c94,,,428eec9475e9df396d4417bb385848bbcdbf03b0ed8d6d4cc39b0fa9c26e56f4,undefined FUN_181409c94(),ghidra,clean,
WHGame.dll,release_1_5_1164953_841,0x140a108,155,FUN_18140a108,,,e7d927d4f92603eef403ae8e86e0cd3b1e6cb9a8678ab6c68600d967d60f6fd7,undefined FUN_18140a108(),ghidra,clean,
WHGame.dll,release_1_5_1164953_841,0x140a1a4,304,FUN_18140a1a4,,,22efe430a5f4f659a07c4cf3aeb5fdcbde36331c3d6c902ee6da1839cce6a156,undefined FUN_18140a1a4(),ghidra,clean,
WHGame.dll,release_1_5_1164953_841,0x140a2d4,155,FUN_18140a2d4,,,806dd956545f584d3e459555642ed8077a03cdbed2dccd296d5b3d3c06cffc47,undefined FUN_18140a2d4(),ghidra,clean,
WHGame.dll,release_1_5_1164953_841,0x140a370,298,FUN_18140a370,,,13974d44b50f1e603dea9f4f0e58f43a51854e0f6a42e7952ff7bcb0846a4c0c,undefined FUN_18140a370(),ghidra,clean,
WHGame.dll,release_1_5_1164953_841,0x140a49c,66,FUN_18140a49c,,,481c56fe90a56de4376a7bcdac7d8f75cf466ed2f2e079fd5bfbf7f7e81f1135,undefined FUN_18140a49c(),ghidra,clean,
WHGame.dll,release_1_5_1164953_841,0x140a4e0,144,FUN_18140a4e0,,,5979a067484e616785139bc34a26286c5d750e19dce541ac469aa030fa4d12ef,undefined FUN_18140a4e0(),ghidra,clean,
WHGame.dll,release_1_5_1164953_841,0x140a570,234,FUN_18140a570,,,25ac8b02731021970c7ec222dee748a0303c7327f11f55e2aceda686c7f94a9c,undefined FUN_18140a570(),ghidra,clean,
WHGame.dll,release_1_5_1164953_841,0x140a65c,207,FUN_18140a65c,,,aa587bca4d4153e9bee53a379b86b5bcfaf0948ca953eb50cb7f4e7719df99d1,undefined FUN_18140a65c(),ghidra,clean,
WHGame.dll,release_1_5_1164953_841,0x140a71c,251,FUN_18140a71c,,,646126ab88a5bf2eb82631c27978261d8148b8c14d53f2753d35e7fa36843453,undefined FUN_18140a71c(),ghidra,clean,
WHGame.dll,release_1_5_1164953_841,0x140a818,196,FUN_18140a818,,,764c9e45c32fa453786149410ba8a2e3159a6be23306938fb86e20e5759a294d,undefined FUN_18140a818(),ghidra,clean,
WHGame.dll,release_1_5_1164953_841,0x140a8dc,197,FUN_18140a8dc,,,ec7943a3890d2d8c8a2db4ff698a7588082fe0ebfe9f47b337dd90cbcd63083f,undefined FUN_18140a8dc(),ghidra,clean,
WHGame.dll,release_1_5_1164953_841,0x140a9a4,374,FUN_18140a9a4,,,4e1a2a932bf2edbd55c0fdd48c1b30b6eb5cc3107f6362d345606af6a80e6c4e,undefined FUN_18140a9a4(),ghidra,clean,
WHGame.dll,release_1_5_1164953_841,0x140ab1c,234,FUN_18140ab1c,,,aa455606faf5ad702809a2ed66c1db55115d5ae9a7bb6336e75af2dc28b0c010,undefined FUN_18140ab1c(),ghidra,clean,
WHGame.dll,release_1_5_1164953_841,0x140ac08,207,FUN_18140ac08,,,205d5de997ea0836eb68d2935981d45885b0832e0682bd4dd9c0e279fa4bfead,undefined FUN_18140ac08(),ghidra,clean,
WHGame.dll,release_1_5_1164953_841,0x140acc8,251,FUN_18140acc8,,,fb101b21ca3aed569c2a143f9a6db7dd5efeb996b26c8ffbfe41f2c67e0ccb71,undefined FUN_18140acc8(),ghidra,clean,
WHGame.dll,release_1_5_1164953_841,0x140adc4,196,FUN_18140adc4,,,20450e48ad775909de9e944241d4934f90b211b06681e780bb38b3eea2b8ae99,undefined FUN_18140adc4(),ghidra,clean,
WHGame.dll,release_1_5_1164953_841,0x140ae88,234,FUN_18140ae88,,,a9cae7d37820d018e7cadc7c593ff698850201baf03c8b34309c7e8fec7ec37c,undefined FUN_18140ae88(),ghidra,clean,
WHGame.dll,release_1_5_1164953_841,0x140af74,207,FUN_18140af74,,,0bed27fdb7ff9ef91c68023fdb3892457194fac74a1b9f3b28eb9ff2e99314f9,undefined FUN_18140af74(),ghidra,clean,
WHGame.dll,release_1_5_1164953_841,0x140b034,251,FUN_18140b034,,,81dc2feb4c839d7aa3206c7cb7147ea7bc83e22a4b718a0e18fac8857c647c72,undefined FUN_18140b034(),ghidra,clean,
WHGame.dll,release_1_5_1164953_841,0x140b130,196,FUN_18140b130,,,067c8c6b65dc39a8919cbf1aed9f34db158b401cf22a938bf96d186d2b7cdf3d,undefined FUN_18140b130(),ghidra,clean,
WHGame.dll,release_1_5_1164953_841,0x140b1f4,234,FUN_18140b1f4,,,7dd36b566ef1501a42b6ec2d541ed69ff6726ac61889caf9dd55cf9aa9890b4c,undefined FUN_18140b1f4(),ghidra,clean,
WHGame.dll,release_1_5_1164953_841,0x140b2e0,207,FUN_18140b2e0,,,9cecf7e22793d7fb7b158195e3f408724db8a0a20b1039bba4220f9bd5b28886,undefined FUN_18140b2e0(),ghidra,clean,
WHGame.dll,release_1_5_1164953_841,0x140b3a0,251,FUN_18140b3a0,,,69527598e9fe6f47a9479fb227bc2ea6a78873b846d901e87210818d6fcdb588,undefined FUN_18140b3a0(),ghidra,clean,
WHGame.dll,release_1_5_1164953_841,0x140b49c,196,FUN_18140b49c,,,8378e88a32123a9b486a17b5fb69cb5e761b28b1d521a82bcf2f293cd5a0417d,undefined FUN_18140b49c(),ghidra,clean,
WHGame.dll,release_1_5_1164953_841,0x140b560,142,FUN_18140b560,,,f1e10e26ab2ce96a1008543873f6eed8c90e1cdaa76a895a8627018cdc16ad18,undefined FUN_18140b560(),ghidra,clean,
WHGame.dll,release_1_5_1164953_841,0x140b5f0,234,FUN_18140b5f0,,,ae6f787e088a22bd7b6b19de45b48b0178a2e058e3618299bcda88ada5f08fe1,undefined FUN_18140b5f0(),ghidra,clean,
WHGame.dll,release_1_5_1164953_841,0x140b6dc,207,FUN_18140b6dc,,,7f69dd48a1e13887d6bca8e1e86ef21819fa5a426d275fba860e14e2d549efe4,undefined FUN_18140b6dc(),ghidra,clean,
WHGame.dll,release_1_5_1164953_841,0x140b79c,251,FUN_18140b79c,,,54c1ca28c9a0208dab29af39b239fe214ead40c86307b5304ce4ebe4310a471a,undefined FUN_18140b79c(),ghidra,clean,
WHGame.dll,release_1_5_1164953_841,0x140b898,196,FUN_18140b898,,,972f4814e9d3830efb33b0b2bb08ff94c0f882fce49689210e769e56b612cceb,undefined FUN_18140b898(),ghidra,clean,
WHGame.dll,release_1_5_1164953_841,0x140b95c,234,FUN_18140b95c,,,816ed35961f08deef0108fd5afdae2ebb074b92e1e9e6f134d29643c8719a253,undefined FUN_18140b95c(),ghidra,clean,
WHGame.dll,release_1_5_1164953_841,0x140ba48,207,FUN_18140ba48,,,1a3b761b8c6598c1106ebaa01c4d4f9792adf106f247e2bacfb45412792c7af4,undefined FUN_18140ba48(),ghidra,clean,
WHGame.dll,release_1_5_1164953_841,0x140bb08,251,FUN_18140bb08,,,887cf59880e159cff7700bdd0ddfdabccc9533c2871f27c6b4b4e7f3122534f4,undefined FUN_18140bb08(),ghidra,clean,
WHGame.dll,release_1_5_1164953_841,0x140bc04,196,FUN_18140bc04,,,0cdfe3688c857e27b8eba1d87cd04db1c3af32d698d352812ee6479360ae6967,undefined FUN_18140bc04(),ghidra,clean,
WHGame.dll,release_1_5_1164953_841,0x140bcc8,234,FUN_18140bcc8,,,52d282f5fa841af8bfb82f177d7b0713f7d40575fc445f7702b7d00c1d1a2385,undefined FUN_18140bcc8(),ghidra,clean,
WHGame.dll,release_1_5_1164953_841,0x140bdb4,207,FUN_18140bdb4,,,4e7d52f13594c6adebcfa1b539867118e769c4424fc7d2bd0a40193c0e23fbe9,undefined FUN_18140bdb4(),ghidra,clean,
WHGame.dll,release_1_5_1164953_841,0x140be74,251,FUN_18140be74,,,0725e68493ac153d821c93185ca73f19d53dbfa833906bb90c44720336269005,undefined FUN_18140be74(),ghidra,clean,
WHGame.dll,release_1_5_1164953_841,0x140bf70,196,FUN_18140bf70,,,45b939842304c5af3aeb416abae7f82b0a67a44755d5c67a55d026db3a340d7e,undefined FUN_18140bf70(),ghidra,clean,
WHGame.dll,release_1_5_1164953_841,0x140c034,640,FUN_18140c034,,,291f517b30bb5f04b5e5ba445a3e972905ce8544ba4c29121a77bbcfd9dfad85,undefined FUN_18140c034(),ghidra,clean,
WHGame.dll,release_1_5_1164953_841,0x140c2b4,234,FUN_18140c2b4,,,2bc5d08fe4e4dc656dbf9b237b7d87af970e1e490cb3f8714fa49802e29eb982,undefined FUN_18140c2b4(),ghidra,clean,
WHGame.dll,release_1_5_1164953_841,0x140c3a0,207,FUN_18140c3a0,,,220f2cbbdabe0cbbd43a5ee6c45f6c87ebc5d999ddefaeffb34ec842b9ed3766,undefined FUN_18140c3a0(),ghidra,clean,
WHGame.dll,release_1_5_1164953_841,0x140c460,251,FUN_18140c460,,,7eadd7f0d4143796edb56dba4d73502cc86337f108c8519a6997c1e87e1018d7,undefined FUN_18140c460(),ghidra,clean,
WHGame.dll,release_1_5_1164953_841,0x140c55c,196,FUN_18140c55c,,,4348a70a25603219005527cf2e7bd08f9d983f5d5de85d7db1e7e2d7554c1cd8,undefined FUN_18140c55c(),ghidra,clean,
WHGame.dll,release_1_5_1164953_841,0x140c620,234,FUN_18140c620,,,141182bc40a02ccfb054eec0ac9708df8629fea8a1f21b18a57ded2d59d4006f,undefined FUN_18140c620(),ghidra,clean,
WHGame.dll,release_1_5_1164953_841,0x140c70c,207,FUN_18140c70c,,,ee001de9cb49b8182ed026fc4514a5f113133fe5b01c58713162325ccd110432,undefined FUN_18140c70c(),ghidra,clean,
WHGame.dll,release_1_5_1164953_841,0x140c7cc,251,FUN_18140c7cc,,,1f7f67c2f006b62eb8fee4978ee9f70cf23af936afd2049d58a31cb44bc8dde9,undefined FUN_18140c7cc(),ghidra,clean,
WHGame.dll,release_1_5_1164953_841,0x140c8c8,196,FUN_18140c8c8,,,54baff457f55a089e1dcb86e8fe44d8dcd5b55676749f8f3dbc1571ba8a1560f,undefined FUN_18140c8c8(),ghidra,clean,
WHGame.dll,release_1_5_1164953_841,0x140c98c,234,FUN_18140c98c,,,a7946e64a807c06f94ce553ee6374e855594c4026fb5ab764b2bebac533956ad,undefined FUN_18140c98c(),ghidra,clean,
WHGame.dll,release_1_5_1164953_841,0x140ca78,207,FUN_18140ca78,,,ebc665360c345ee7f65c08b71ae87b22d0a5f92ddc7578085baab30c17f9f9c1,undefined FUN_18140ca78(),ghidra,clean,
WHGame.dll,release_1_5_1164953_841,0x140cb38,251,FUN_18140cb38,,,a74cec3d8acc1c9c8b79605a321b1d1bde53aa40acef641a58fbdf5ddc30c0f8,undefined FUN_18140cb38(),ghidra,clean,
WHGame.dll,release_1_5_1164953_841,0x140cc34,196,FUN_18140cc34,,,840afd6e833285a5b044f4cd8485ded0014f67a3b6edef6c0731594065ce7fb5,undefined FUN_18140cc34(),ghidra,clean,
WHGame.dll,release_1_5_1164953_841,0x140ccf8,234,FUN_18140ccf8,,,c62e7456bcc2a8f74fee96c2dcf0cbe2ae80911fb9fcbf6dbfc499e2419c7094,undefined FUN_18140ccf8(),ghidra,clean,
WHGame.dll,release_1_5_1164953_841,0x140cde4,207,FUN_18140cde4,,,b0bc4f08050b897736404792f42ff7fbb50c9f87db30c9142630509bbb6ac5c8,undefined FUN_18140cde4(),ghidra,clean,
WHGame.dll,release_1_5_1164953_841,0x140cea4,251,FUN_18140cea4,,,ab82a8f2aeef25e7da0dfa7d7e11e1604e1eb4f2224add4aebf05004e09a4e89,undefined FUN_18140cea4(),ghidra,clean,
WHGame.dll,release_1_5_1164953_841,0x140cfa0,196,FUN_18140cfa0,,,a59874220feac6f509293a8a476afa54fc12a918a837514019638eb75eff850a,undefined FUN_18140cfa0(),ghidra,clean,
WHGame.dll,release_1_5_1164953_841,0x140d064,234,FUN_18140d064,,,ea437404b13c72a163a7d12594dd89a9c434d43b57de7ddfb56bb6c83d707d0d,undefined FUN_18140d064(),ghidra,clean,
WHGame.dll,release_1_5_1164953_841,0x140d150,207,FUN_18140d150,,,d6e1044c654a4bf74fa7131798eb534e90cff69402484fe6d1df6b1c09c4ffc4,undefined FUN_18140d150(),ghidra,clean,
WHGame.dll,release_1_5_1164953_841,0x140d210,251,FUN_18140d210,,,02d568c93ec9c2fedd57fd14d7d4d3d456e17c5f7480b38e4d5634c1ceefd38f,undefined FUN_18140d210(),ghidra,clean,
WHGame.dll,release_1_5_1164953_841,0x140d30c,196,FUN_18140d30c,,,fe59b2b4410170300d4a0e15f7bd74896396026edd3584ed6133a1db28208e56,undefined FUN_18140d30c(),ghidra,clean,
WHGame.dll,release_1_5_1164953_841,0x140d3d0,234,FUN_18140d3d0,,,16c915d7af3e677667e56bf9b06fb6b98504cabc9b3d11152d1711267f534631,undefined FUN_18140d3d0(),ghidra,clean,
WHGame.dll,release_1_5_1164953_841,0x140d4bc,207,FUN_18140d4bc,,,2f8e199adffdf2460a33254820d5a44d7b5d196536e4120a6875063b1983d66c,undefined FUN_18140d4bc(),ghidra,clean,
WHGame.dll,release_1_5_1164953_841,0x140d57c,251,FUN_18140d57c,,,88241c833e3c692dde34113cc3417480abc7f9aa284893835a53ef44f3d36389,undefined FUN_18140d57c(),ghidra,clean,
WHGame.dll,release_1_5_1164953_841,0x140d678,196,FUN_18140d678,,,ba48c4c97b71416595315d51553688f9dbad9b9ded481d3932582636115e87be,undefined FUN_18140d678(),ghidra,clean,
WHGame.dll,release_1_5_1164953_841,0x140d73c,556,FUN_18140d73c,,,92b392ba774df1e16a9dff238e2817bf690669c32d1b0f4c6fae2c42123e990a,undefined FUN_18140d73c(),ghidra,clean,
WHGame.dll,release_1_5_1164953_841,0x140d7d8,240,FUN_18140d7d8,,,e532b56d8cfc9c8e0501e5727e4dca281269ee49a6f6e018ab671e76bc42f0c4,undefined FUN_18140d7d8(),ghidra,clean,
WHGame.dll,release_1_5_1164953_841,0x140d8c4,155,FUN_18140d8c4,,,3b8038a59dfcaf3351695ec43bea2a593f78923039fe8993def3632f2eb9cd8a,undefined FUN_18140d8c4(),ghidra,clean,
WHGame.dll,release_1_5_1164953_841,0x140d960,291,FUN_18140d960,,,57a7cabd799c6260b1dcbc0f60ea98d32186c4b87870a5d84ed3d2d64f3d422a,undefined FUN_18140d960(),ghidra,clean,
WHGame.dll,release_1_5_1164953_841,0x140da84,454,FUN_18140da84,,,af0012dbff8c8e4eaa4da73d71e005e8ffcd853f7368f357b0bd602d0efc30f9,undefined FUN_18140da84(),ghidra,clean,
WHGame.dll,release_1_5_1164953_841,0x140dc3c,96,FUN_18140dc3c,,,973d901a06b9afb32f69470c1a0bd8675bff54f827b223da8181bc6a11774e7f,undefined FUN_18140dc3c(),ghidra,clean,
WHGame.dll,release_1_5_1164953_841,0x140dc9c,52,FUN_18140dc9c,,,601cce7ab48b38467e198ce4e5426b6d58c7795604272b93dfc95d56d7ca6881,undefined FUN_18140dc9c(),ghidra,clean,
WHGame.dll,release_1_5_1164953_841,0x140dcd0,70,FUN_18140dcd0,,,a56d1531fb17236b3d439d86d5dd99708d03ced9e683fcf1abff2738c1c04d1c,undefined FUN_18140dcd0(),ghidra,clean,
WHGame.dll,release_1_5_1164953_841,0x140dd04,155,FUN_18140dd04,,,a4eb064c06526f0220172bbdeaebff9884d08a3c6bddfd8bfd1647f6f3ac79b8,undefined FUN_18140dd04(),ghidra,clean,
WHGame.dll,release_1_5_1164953_841,0x140dda0,291,FUN_18140dda0,,,512541077b8cf8221409cebf04a16c5a743f024ae3db7cb93e3ebea8acd70363,undefined FUN_18140dda0(),ghidra,clean,
WHGame.dll,release_1_5_1164953_841,0x140dec4,254,FUN_18140dec4,,,7e94135012f05261880641118a8d403b1138871d97e8d97df79781aefceb53e8,undefined FUN_18140dec4(),ghidra,clean,
WHGame.dll,release_1_5_1164953_841,0x140dfc4,16,FUN_18140dfc4,,,20f929074824b9aef52ddd665c0baf5264092a7a89fd220baf45cde2a41e9038,undefined FUN_18140dfc4(),ghidra,clean,
WHGame.dll,release_1_5_1164953_841,0x140dfd4,30,FUN_18140dfd4,,,16f3e1a7775cc92f22f024167a76ea15006d6412c6c4c0f4e574782ac054feb8,undefined FUN_18140dfd4(),ghidra,clean,
WHGame.dll,release_1_5_1164953_841,0x140dff4,196,FUN_18140dff4,,,b074e0826bd6c39abb4a5b23e5767987979ff349d6a4d029178260d49b822d10,undefined FUN_18140dff4(),ghidra,clean,
WHGame.dll,release_1_5_1164953_841,0x140e0b0,175,FUN_18140e0b0,,,45fe72c4e945fb637a4a57d606dbfceb07727c642c33356a21e50b2b5ab77a48,undefined FUN_18140e0b0(),ghidra,clean,
WHGame.dll,release_1_5_1164953_841,0x140e160,196,FUN_18140e160,,,7603db7a91c11f57860e75ef9b4014c8cfbad5be0e07dcf90da3cb12007e6d81,undefined FUN_18140e160(),ghidra,clean,
WHGame.dll,release_1_5_1164953_841,0x140e21c,175,FUN_18140e21c,,,5035a9735532771a476dc8d6a43ec6c074b26e64155e179ed2fe3af43ad06882,undefined FUN_18140e21c(),ghidra,clean,
WHGame.dll,release_1_5_1164953_841,0x140e2cc,190,FUN_18140e2cc,,,f5343f42cf11e288401e3686a62f19d8f0c2c45b88779121c8c665640bb05c14,undefined FUN_18140e2cc(),ghidra,clean,
WHGame.dll,release_1_5_1164953_841,0x140e38c,26,FUN_18140e38c,,,5073f7a5fb9d60e8afd09fda975de47b53c7fc9b819459f2ab9b0eb1971608aa,undefined FUN_18140e38c(),ghidra,clean,
WHGame.dll,release_1_5_1164953_841,0x140e3a8,68,FUN_18140e3a8,,,eb1bba9c8713ea11697a880f2ce173933a40bdd3c818502e224d2b166c621b3d,undefined FUN_18140e3a8(),ghidra,clean,
WHGame.dll,release_1_5_1164953_841,0x140e3ec,68,FUN_18140e3ec,,,db6617c86a7ad65902596d16f7bb17ea9bbc4835b1de1dec126a6444ddf79ff7,undefined FUN_18140e3ec(),ghidra,clean,
WHGame.dll,release_1_5_1164953_841,0x140e430,68,FUN_18140e430,,,04d0171e3e0bf93da083887d6cb30eae7e733f299aa6119c222912046a837a1a,undefined FUN_18140e430(),ghidra,clean,
WHGame.dll,release_1_5_1164953_841,0x140e474,68,FUN_18140e474,,,26b4d3c78722b3d83a2fb4940f41d7ebbe83f04d7916cf3b106903fc5ed0eca4,undefined FUN_18140e474(),ghidra,clean,
WHGame.dll,release_1_5_1164953_841,0x140e4b8,68,FUN_18140e4b8,,,4fc70af4a56cdff0719152370364c0743f96d675c5be3c51d58dadda3d59c6d4,undefined FUN_18140e4b8(),ghidra,clean,
WHGame.dll,release_1_5_1164953_841,0x140e4fc,68,FUN_18140e4fc,,,91ea7fd06c509cd026ae05ed183f7d0f2650c9840090b6a0ef036e9713b71930,undefined FUN_18140e4fc(),ghidra,clean,
WHGame.dll,release_1_5_1164953_841,0x140e540,68,FUN_18140e540,,,511d793f3b5fdc1acef51047c7b22aee44af799142ea8db640fc264c7b42eb3b,undefined FUN_18140e540(),ghidra,clean,
WHGame.dll,release_1_5_1164953_841,0x140e584,68,FUN_18140e584,,,24ca6ed39c44db7355dc647fc02199d056bb91c4b0f0633a197643e904f749fb,undefined FUN_18140e584(),ghidra,clean,
WHGame.dll,release_1_5_1164953_841,0x140e5c8,36,FUN_18140e5c8,,,96c6588258ae87aa711b75d62ddb476c7951c6d37d60ba534f6590c26dc10082,undefined FUN_18140e5c8(),ghidra,clean,
WHGame.dll,release_1_5_1164953_841,0x140e5ec,142,FUN_18140e5ec,,,4cd9ec800ad7c3d9142498ee7facf7a2078e43b74e83d98b0eaf30e3a076fddf,undefined FUN_18140e5ec(),ghidra,clean,
WHGame.dll,release_1_5_1164953_841,0x140e67c,117,FUN_18140e67c,,,5f257a67a19a0a6e977cd99f3d6a6dec6e6623c0ece71c60d766ac3e16762baa,undefined FUN_18140e67c(),ghidra,clean,
WHGame.dll,release_1_5_1164953_841,0x140e6f4,157,FUN_18140e6f4,,,e77f83b4c0ecbd5a4aa1f1ba1527b3bbd98d1a5ce3b2e8af68aaa6ac7e0e6712,undefined FUN_18140e6f4(),ghidra,clean,
WHGame.dll,release_1_5_1164953_841,0x140e794,117,FUN_18140e794,,,e189c1bf704f87c9025c372b9e77a8b924fe66b0445fe768e58695d701974ed6,undefined FUN_18140e794(),ghidra,clean,
WHGame.dll,release_1_5_1164953_841,0x140e80c,157,FUN_18140e80c,,,5ba6b42c4d7cd05a62745d099c5ae52c42a454618048fef0212ce9a4d4c9634b,undefined FUN_18140e80c(),ghidra,clean,
WHGame.dll,release_1_5_1164953_841,0x140e8ac,155,FUN_18140e8ac,,,557ca818937420d215d0353204b66cf6507e26c863d31c9889c4c62c72e4b2c8,undefined FUN_18140e8ac(),ghidra,clean,
WHGame.dll,release_1_5_1164953_841,0x140e948,155,FUN_18140e948,,,281393ddcea29027328a4ae6d4dc70f4cab15b1ba1ab575e25d36185cc1a877a,undefined FUN_18140e948(),ghidra,clean,
WHGame.dll,release_1_5_1164953_841,0x140e9e4,117,FUN_18140e9e4,,,934765ff31feb110882f7906320941b8db0fd3ec251869086ab224a68cbdc273,undefined FUN_18140e9e4(),ghidra,clean,
WHGame.dll,release_1_5_1164953_841,0x140ea60,125,FUN_18140ea60,,,7fb9a3557763ac4197f93b1eb2eef19ac53b7cb8cd678784396689a162d90f1d,undefined FUN_18140ea60(),ghidra,clean,
WHGame.dll,release_1_5_1164953_841,0x140eae0,55,FUN_18140eae0,,,a2cb3100369a5143cfed8ac15d45128dfbf38270ea824a4b5c9d175315bcbe8f,undefined FUN_18140eae0(),ghidra,clean,
WHGame.dll,release_1_5_1164953_841,0x140eb18,68,FUN_18140eb18,,,44a83a140926463ce12aec9e0efb709c9a35e99d96878707dd62b56c8c1f35cb,undefined FUN_18140eb18(),ghidra,clean,
WHGame.dll,release_1_5_1164953_841,0x140eb5c,68,FUN_18140eb5c,,,8aa7120104e2ddb87a6f3f4b90c5e635d0fd56099552b22fe42f1c6f2e7e00b8,undefined FUN_18140eb5c(),ghidra,clean,
WHGame.dll,release_1_5_1164953_841,0x140eba0,36,FUN_18140eba0,,,96c6588258ae87aa711b75d62ddb476c7951c6d37d60ba534f6590c26dc10082,undefined FUN_18140eba0(),ghidra,clean,
WHGame.dll,release_1_5_1164953_841,0x140ebc4,142,FUN_18140ebc4,,,cbcd74b70176bec015eb9d5d7d9ae6ed9b176302fe520ca1516e111f897d17ff,undefined FUN_18140ebc4(),ghidra,clean,
WHGame.dll,release_1_5_1164953_841,0x140ec54,163,FUN_18140ec54,,,3852507705e4e92de73ab2947be168c825b78aa92ef05b6c73fd6ade0ad27f79,undefined FUN_18140ec54(),ghidra,clean,
WHGame.dll,release_1_5_1164953_841,0x140ecf8,117,FUN_18140ecf8,,,c40efcc6aa49c0310dc82a60c90106656d006d24d189b83c933d30a4a4c56a1d,undefined FUN_18140ecf8(),ghidra,clean,
WHGame.dll,release_1_5_1164953_841,0x140ed70,70,FUN_18140ed70,,,c38411bdbb0ba4ea2f2450d1137b57994b2110454bbb05a42c576214385662f4,undefined FUN_18140ed70(),ghidra,clean,
WHGame.dll,release_1_5_1164953_841,0x140edb8,125,FUN_18140edb8,,,512e675724d195e43df8f49bc9fd77f7447e98d64dfb25edd006f8479b7e291b,undefined FUN_18140edb8(),ghidra,clean,
WHGame.dll,release_1_5_1164953_841,0x140ee38,125,FUN_18140ee38,,,2e602f4d6d323da71c3bd531f32b2264b662cc59da35ae148493add855dd6017,undefined FUN_18140ee38(),ghidra,clean,
WHGame.dll,release_1_5_1164953_841,0x140eeb8,68,FUN_18140eeb8,,,dfe890d2db5584ed929a0610f1fa34e3fd5c201557c4d6caa2a2a0fc65dd7fbe,undefined FUN_18140eeb8(),ghidra,clean,
WHGame.dll,release_1_5_1164953_841,0x140eefc,68,FUN_18140eefc,,,043c56c09677aef48999c7da098cd3b933aaa392e8166b5dfe94ed09062fa764,undefined FUN_18140eefc(),ghidra,clean,
WHGame.dll,release_1_5_1164953_841,0x140ef40,157,FUN_18140ef40,,,2d55b9647b266da6fc614f50e9d1bfbc85d11d6ee9f751accd8856f49ddc77be,undefined FUN_18140ef40(),ghidra,clean,
WHGame.dll,release_1_5_1164953_841,0x140efe0,66,FUN_18140efe0,,,beee669d52ef41d8fd5b7f3f2419b7ade520d18d26ccc2a15aebad82859818d4,undefined FUN_18140efe0(),ghidra,clean,
WHGame.dll,release_1_5_1164953_841,0x140f024,66,FUN_18140f024,,,612a10040a233eeb718e9a4636a1908871cb60d72ea234e68dfe1032cce6dd31,undefined FUN_18140f024(),ghidra,clean,
WHGame.dll,release_1_5_1164953_841,0x140f068,234,FUN_18140f068,,,0f208ff0db16985fb696d883d42b95d15247fb9b5a8849dcfe8bb4a0c98c20f4,undefined FUN_18140f068(),ghidra,clean,
WHGame.dll,release_1_5_1164953_841,0x140f154,207,FUN_18140f154,,,51f84e194b052c76c6bfddbf301352c5159504da1a85b11f87bcd38965871c12,undefined FUN_18140f154(),ghidra,clean,
WHGame.dll,release_1_5_1164953_841,0x140f214,251,FUN_18140f214,,,db5123b67774bab6965e5ad173895e23ef5e3f93860f177669a4af0798875cbe,undefined FUN_18140f214(),ghidra,clean,
WHGame.dll,release_1_5_1164953_841,0x140f310,196,FUN_18140f310,,,dea1bded43dd6b65fe4f1f58e49afc2eee8fa1cd1b2a36073d4f3b81811bab2b,undefined FUN_18140f310(),ghidra,clean,
WHGame.dll,release_1_5_1164953_841,0x140f3d4,196,FUN_18140f3d4,,,bb2c8461561e9ea3c2498da61d13b06f575725008c79508e8722a89b531fd9dc,undefined FUN_18140f3d4(),ghidra,clean,
WHGame.dll,release_1_5_1164953_841,0x140f490,175,FUN_18140f490,,,b16e77cf82fdf4b3bc8082480a8182b8b6a019979c97f4c939453790b3415d90,undefined FUN_18140f490(),ghidra,clean,
WHGame.dll,release_1_5_1164953_841,0x140f540,196,FUN_18140f540,,,facd5d03551886f49263179b6193efe42f707f20156f4c3a9530e0950e317112,undefined FUN_18140f540(),ghidra,clean,
WHGame.dll,release_1_5_1164953_841,0x140f5fc,175,FUN_18140f5fc,,,7a4e3001dd938aa55394b87daa43e0bfe87799a52be504702a26bffec570270b,undefined FUN_18140f5fc(),ghidra,clean,
WHGame.dll,release_1_5_1164953_841,0x140f6ac,196,FUN_18140f6ac,,,d7c5b02f8055f56d57b3e1544b75d116ad48cbd5ce2591f14c5f585b498c0f65,undefined FUN_18140f6ac(),ghidra,clean,
WHGame.dll,release_1_5_1164953_841,0x140f768,175,FUN_18140f768,,,bb63d49c471ce6096ae6049957f163deee34b4799354e3884053278019b872c3,undefined FUN_18140f768(),ghidra,clean,
WHGame.dll,release_1_5_1164953_841,0x140f818,196,FUN_18140f818,,,09326ba9a670b1499012f31bb070f8015ff52194d0af973c514ef73892398ffa,undefined FUN_18140f818(),ghidra,clean,
WHGame.dll,release_1_5_1164953_841,0x140f8d4,175,FUN_18140f8d4,,,03d1a099459387a30a6928e92937c59a76214b905f2698d71c6b01b22a1f9d99,undefined FUN_18140f8d4(),ghidra,clean,
WHGame.dll,release_1_5_1164953_841,0x140f984,196,FUN_18140f984,,,2cc1e9f91ab4fe6a61a38fb07bd460ae62606c1d561829ec268f1cac7f121b5f,undefined FUN_18140f984(),ghidra,clean,
WHGame.dll,release_1_5_1164953_841,0x140fa40,175,FUN_18140fa40,,,ce7173e652466fc5b83c694dfa64dce6fc67011b5725c0b0b6cc581749cb90a4,undefined FUN_18140fa40(),ghidra,clean,
WHGame.dll,release_1_5_1164953_841,0x140faf0,256,FUN_18140faf0,,,5be2804dfc31c0f1a56b98e246f0491bf8f43d9aa273891a27ffae8effd953af,undefined FUN_18140faf0(),ghidra,clean,
WHGame.dll,release_1_5_1164953_841,0x140fbf0,98,FUN_18140fbf0,,,f011d4eb17ee4357cdce25a9980c0fc7e72ade59e3fe2b6fb185e4542bde095b,undefined FUN_18140fbf0(),ghidra,clean,
WHGame.dll,release_1_5_1164953_841,0x140fc58,62,FUN_18140fc58,,,819906e93eb73d4d9c0e4817f4ad285b97686267265bb9dcc244a4c832802559,undefined FUN_18140fc58(),ghidra,clean,
WHGame.dll,release_1_5_1164953_841,0x140fc84,40,FUN_18140fc84,,,2c8e3f23b3e5c06bc43894668cde6e50e09f57af1ed03ff26a52698181a7abd8,undefined FUN_18140fc84(),ghidra,clean,
WHGame.dll,release_1_5_1164953_841,0x140fcac,74,FUN_18140fcac,,,e91825394c773b59ca564e69b261101c12259b9ff32ede0eb32b225efea89960,undefined FUN_18140fcac(),ghidra,clean,
WHGame.dll,release_1_5_1164953_841,0x140fce4,74,FUN_18140fce4,,,e97073f370e20cde5b6106c41ca6c0d3b5302a0a74742a7a8fbb9a179f3c8aa1,undefined FUN_18140fce4(),ghidra,clean,
WHGame.dll,release_1_5_1164953_841,0x140fd1c,50,FUN_18140fd1c,,,fa9ad6012ceb34f32eceaeb6749b6c41ad8844fb0240d86f81e23e915251929f,undefined FUN_18140fd1c(),ghidra,clean,
WHGame.dll,release_1_5_1164953_841,0x140fd50,50,FUN_18140fd50,,,82c1ecafec0e222d883a9ca1058a1e9f449acc1143d5310999a85144786a42c5,undefined FUN_18140fd50(),ghidra,clean,
WHGame.dll,release_1_5_1164953_841,0x140fd84,34,FUN_18140fd84,,,d6d7e8eefba1418aa9b06e2f4427dd263ee5359b3fc16b0cd2d041d82828b091,undefined FUN_18140fd84(),ghidra,clean,
WHGame.dll,release_1_5_1164953_841,0x140fda8,85,FUN_18140fda8,,,4bfe170b2551312e733ffe3745f30e893897a3fa3764969692dbf49fbddbbe73,undefined FUN_18140fda8(),ghidra,clean,
WHGame.dll,release_1_5_1164953_841,0x140fe00,180,FUN_18140fe00,,,d60d4519f827f5511a55cd3c2c67f05a880157ce75d0e2672c8e251bc5383fab,undefined FUN_18140fe00(),ghidra,clean,
WHGame.dll,release_1_5_1164953_841,0x140feb4,34,FUN_18140feb4,,,c4209e608a655be1e703c7c140c67a90191cd98157fe1b262e69e7fe78cfa320,undefined FUN_18140feb4(),ghidra,clean,
WHGame.dll,release_1_5_1164953_841,0x140fed8,182,FUN_18140fed8,,,e5027d1b92581a5e9926480f986df7260f3ec80be02813c0f804a09c74737fde,undefined FUN_18140fed8(),ghidra,clean,
WHGame.dll,release_1_5_1164953_841,0x140ff90,83,FUN_18140ff90,,,4c4c4cb1da37102bd5697e2ea52b410cb16f530caf7993e789b679261e518340,undefined FUN_18140ff90(),ghidra,clean,
WHGame.dll,release_1_5_1164953_841,0x140ffe4,34,FUN_18140ffe4,,,72840be5bdfe37b988e5cbaa7a845d04be7460d19486e5e3c7ecafb3ad18bf36,undefined FUN_18140ffe4(),ghidra,clean,
WHGame.dll,release_1_5_1164953_841,0x1410008,33,FUN_181410008,,,8129b46c1c26cfeeae90b37a02ed64f69319eab031fca413c3a013db63fefc40,undefined FUN_181410008(),ghidra,clean,
WHGame.dll,release_1_5_1164953_841,0x141002c,34,FUN_18141002c,,,34d62d291c9c124c03438dd4ebc25ab72ee9fb42d8961d254a06dd5fd2b3a1e4,undefined FUN_18141002c(),ghidra,clean,
WHGame.dll,release_1_5_1164953_841,0x1410050,33,FUN_181410050,,,efe74beffe8f8039b88ddf43b38656eb9266338cc76a315cacaa400d966dea2e,undefined FUN_181410050(),ghidra,clean,
WHGame.dll,release_1_5_1164953_841,0x1410074,85,FUN_181410074,,,2ab00b3b82a391bbeb61de80904a27bc06ea00534f632c2ef82c3070140d57e2,undefined FUN_181410074(),ghidra,clean,
WHGame.dll,release_1_5_1164953_841,0x14100cc,78,FUN_1814100cc,,,4d3e819bd6e72b5b6eb90d3d36b616c3003259a50faa598e59fbf0e1a9116a39,undefined FUN_1814100cc(),ghidra,clean,
WHGame.dll,release_1_5_1164953_841,0x1410120,111,FUN_181410120,,,afa65c5c2a61a60e43fdf90fe851240b6b3464b1bcba228f5ada6ed302f03506,undefined FUN_181410120(),ghidra,clean,
WHGame.dll,release_1_5_1164953_841,0x1410194,103,FUN_181410194,,,fa2a1f32b9e4aacf95a217672e65ec2ddb5e6610b74b698b3e46b4a596af9939,undefined FUN_181410194(),ghidra,clean,
WHGame.dll,release_1_5_1164953_841,0x14101fc,118,FUN_1814101fc,,,f5bed3dd56eecd2fd476a421e43691040047ccaede6aaaf7218c2e3f6918a3d1,undefined FUN_1814101fc(),ghidra,clean,
WHGame.dll,release_1_5_1164953_841,0x1410278,78,FUN_181410278,,,a1a237970438920c266544cdf7cd3f500c5229d3949a7d82cb6b129d5791489c,undefined FUN_181410278(),ghidra,clean,
WHGame.dll,release_1_5_1164953_841,0x14102cc,108,FUN_1814102cc,,,bb97399d2dac1b491696045806d1fdb578a212838309e966469388c7f3151041,undefined FUN_1814102cc(),ghidra,clean,
WHGame.dll,release_1_5_1164953_841,0x1410338,183,FUN_181410338,,,92087c1bbed1da086a5586a9a5bac292cb4efc8e4d4346c2b23e7fa672804960,undefined FUN_181410338(),ghidra,clean,
WHGame.dll,release_1_5_1164953_841,0x14103f0,436,FUN_1814103f0,,,83581cdcc1013b003e380f352e42df9211e14b66e234a99f9aa3d79cb32ed767,undefined FUN_1814103f0(),ghidra,clean,
WHGame.dll,release_1_5_1164953_841,0x14104f4,150,FUN_1814104f4,,,6952b0a2ef83727d09467ceca24fb7f9175828cbb6d12675cc36470096137582,undefined FUN_1814104f4(),ghidra,clean,
WHGame.dll,release_1_5_1164953_841,0x141058c,119,FUN_18141058c,,,38e2dff4d09dd0e0e99cf5ecf1c04175370d573aba6d12c4a71aba8b503c2efc,undefined FUN_18141058c(),ghidra,clean,
WHGame.dll,release_1_5_1164953_841,0x1410604,23,FUN_181410604,,,93d10cd8b700f09a6657ddde4884d173a11945af6f7f946d4ab0a16ccd80b39c,undefined FUN_181410604(),ghidra,clean,
WHGame.dll,release_1_5_1164953_841,0x141061c,155,FUN_18141061c,,,42ec7b0eee7b43fa033693e71ad0fdd1ff6231a59d4dee3760f5d1be4aab13cb,undefined FUN_18141061c(),ghidra,clean,
WHGame.dll,release_1_5_1164953_841,0x14106b8,155,FUN_1814106b8,,,ff77792ccfb78ca54a804ace1135e7e1d30473bc4da1ac6a148d47dee0f510ab,undefined FUN_1814106b8(),ghidra,clean,
WHGame.dll,release_1_5_1164953_841,0x1410754,190,FUN_181410754,,,51c727f4ca4ae28e9576377f17816720a681042ab73f51020eb02e884cb51d9c,undefined FUN_181410754(),ghidra,clean,
WHGame.dll,release_1_5_1164953_841,0x1410814,155,FUN_181410814,,,4e4e2c97ade292d765ce3f03ce009c3d7099532f083877e109ebf79f57744219,undefined FUN_181410814(),ghidra,clean,
WHGame.dll,release_1_5_1164953_841,0x14108b0,240,FUN_1814108b0,,,7ac7e4ad2ecbd8da16714b24d75ba208e8a10245966ee392885d215e9f682ea8,undefined FUN_1814108b0(),ghidra,clean,
WHGame.dll,release_1_5_1164953_841,0x14109a0,18,FUN_1814109a0,,,dbef6c2ecb18b47a5b3ee2521195ee237ecf37111dc2672a16e4f25d40fbf3c5,undefined FUN_1814109a0(),ghidra,clean,
WHGame.dll,release_1_5_1164953_841,0x14109b4,311,FUN_1814109b4,,,5c70fddece7f121b4343fd52ebba137ae655609e6ff641d4467387891a0bec14,undefined FUN_1814109b4(),ghidra,clean,
WHGame.dll,release_1_5_1164953_841,0x1410aec,311,FUN_181410aec,,,4fc5e7afbce5db9298b42eef05ef46025966ef9aaa07baad8c5f156267b9c5c7,undefined FUN_181410aec(),ghidra,clean,
WHGame.dll,release_1_5_1164953_841,0x1410c24,59,FUN_181410c24,,,67222cb5130830058a616e6262bf8fbb81d5cc9e555a3ba5b2f526a6baa3b642,undefined FUN_181410c24(),ghidra,clean,
WHGame.dll,release_1_5_1164953_841,0x1410c60,62,FUN_181410c60,,,23a97678618b8b68dd601dc03d743def987c8d08d6c7f9ac184f6a19a8fa40bb,undefined FUN_181410c60(),ghidra,clean,
WHGame.dll,release_1_5_1164953_841,0x1410ca0,132,FUN_181410ca0,,,0cc3d74ed0dd753a4db4e42fc35796bab6b5a52577e130dec37cbb8792ade145,undefined FUN_181410ca0(),ghidra,clean,
WHGame.dll,release_1_5_1164953_841,0x1410d24,62,FUN_181410d24,,,898e65bd7d6b44e14eb0dee7d76f33d68ed44e16922df3b771735bd693f4ef10,undefined FUN_181410d24(),ghidra,clean,
WHGame.dll,release_1_5_1164953_841,0x1410d64,65,FUN_181410d64,,,168e2079705e315625b544f72c569ce7e644e817e2f9ba06ac9ffb913eb28ada,undefined FUN_181410d64(),ghidra,clean,
WHGame.dll,release_1_5_1164953_841,0x1410da8,70,FUN_181410da8,,,14f92503a92e3c4e76f915aa0ebac72e0090f8ca43d55ecf5479b26893597832,undefined FUN_181410da8(),ghidra,clean,
WHGame.dll,release_1_5_1164953_841,0x1410df0,126,FUN_181410df0,,,3955bff9913a472d378a19aa830088113d54c158a6a14799ad533a127b51316d,undefined FUN_181410df0(),ghidra,clean,
WHGame.dll,release_1_5_1164953_841,0x1410e70,123,FUN_181410e70,,,d3ef87c304986629af193e5b4345a229787a5fa3458e74a6c536c98713ff67fe,undefined FUN_181410e70(),ghidra,clean,
WHGame.dll,release_1_5_1164953_841,0x1410eec,70,FUN_181410eec,,,98bdcd5e2d6dcdd5302eff6e7ddb5c7def5fb1c8d444e155b8d12c703520d60a,undefined FUN_181410eec(),ghidra,clean,
WHGame.dll,release_1_5_1164953_841,0x1410f34,123,FUN_181410f34,,,a7deb82b8978d88b4762ed5ff85049e31e3bea7b45a578bbb20af17300be373a,undefined FUN_181410f34(),ghidra,clean,
WHGame.dll,release_1_5_1164953_841,0x1410fb0,204,FUN_181410fb0,,,247cb187f5861738daf3f9f8335288af9f7ea5f106884f484a578c5229c50f0a,undefined FUN_181410fb0(),ghidra,clean,
WHGame.dll,release_1_5_1164953_841,0x141105c,204,FUN_18141105c,,,c01f95b71a55f68b34a593e4afa7bc1839cc865e06eca7b6dd8a126c1c1af46c,undefined FUN_18141105c(),ghidra,clean,
WHGame.dll,release_1_5_1164953_841,0x1411108,376,FUN_181411108,,,a32013af32c8b982ed8e1b3194bc0389f78af2f2411efabd481416ae053bbbf9,undefined FUN_181411108(),ghidra,clean,
WHGame.dll,release_1_5_1164953_841,0x141123c,26,FUN_18141123c,,,9f58c383b7b66b6ec4baec45b8c1635d5fc231296c1c510120efc7865966156c,undefined FUN_18141123c(),ghidra,clean,
WHGame.dll,release_1_5_1164953_841,0x1411258,151,FUN_181411258,,,db696ed9c10a51f9f863f59c2a4587c61c17d3fc3dc4f15c8412dab00cd6959d,undefined FUN_181411258(),ghidra,clean,
WHGame.dll,release_1_5_1164953_841,0x14112f0,151,FUN_1814112f0,,,352f1fc07962db635dfedbb3023d335f3d4eda428aaa0c56230da266298409fd,undefined FUN_1814112f0(),ghidra,clean,
WHGame.dll,release_1_5_1164953_841,0x1411388,151,FUN_181411388,,,71beeb3231d33b4bd0ddf0f9b45fc0f99ec508b0ca2fbcaaa72b12f14333aefc,undefined FUN_181411388(),ghidra,clean,
WHGame.dll,release_1_5_1164953_841,0x1411420,151,FUN_181411420,,,44baffcd84295fd3009a3d8b381baac971bc0e320768064f65453e02f5d0b36e,undefined FUN_181411420(),ghidra,clean,
WHGame.dll,release_1_5_1164953_841,0x14114b8,949,FUN_1814114b8,,,a9bd51178ff1b383032e9ff424d0bd6b517c73e0a2d0552b67aedc03878cc283,undefined FUN_1814114b8(),ghidra,clean,
WHGame.dll,release_1_5_1164953_841,0x1411870,23,FUN_181411870,,,4a2215c3e820937481093c41c3a2c4fdd1b034767afb06c5e8afd475b2e2dc6a,undefined FUN_181411870(),ghidra,clean,
WHGame.dll,release_1_5_1164953_841,0x1411888,155,FUN_181411888,,,f0ca8133833a8a331669d1b5b111daea89e81ca086e387ad7b37c967657ea43b,undefined FUN_181411888(),ghidra,clean,
WHGame.dll,release_1_5_1164953_841,0x1411924,304,FUN_181411924,,,7b54375f742f51e0ff09a8e12f59f4dc1745da3d96f634cb5ea442a3f5fc2de4,undefined FUN_181411924(),ghidra,clean,
WHGame.dll,release_1_5_1164953_841,0x1411a54,155,FUN_181411a54,,,10ef2a830a7958a96ec45ce2b3e18efd6c9e23ef606df375faf28440332afecb,undefined FUN_181411a54(),ghidra,clean,
WHGame.dll,release_1_5_1164953_841,0x1411af0,298,FUN_181411af0,,,196d03e144983c375add3de91ebe9ccc8f7a8ca3d93f4acada02af7591c8dc26,undefined FUN_181411af0(),ghidra,clean,
WHGame.dll,release_1_5_1164953_841,0x1411c1c,151,FUN_181411c1c,,,01f1e70fd08e71fb87e9c2718a08d63b388708ff62830e09934d18fbfd568a60,undefined FUN_181411c1c(),ghidra,clean,
WHGame.dll,release_1_5_1164953_841,0x1411cb4,151,FUN_181411cb4,,,17ba448d730a9bd542855b87736fe069f09267b422356ffbf34fcee27ef51428,undefined FUN_181411cb4(),ghidra,clean,
WHGame.dll,release_1_5_1164953_841,0x1411d4c,151,FUN_181411d4c,,,042ddf08b9f9d9b4c20ef40ea1e7b35f36c18372d2f45d3207f4b9b0b0a105ab,undefined FUN_181411d4c(),ghidra,clean,
WHGame.dll,release_1_5_1164953_841,0x1411de4,151,FUN_181411de4,,,a09a5a7744bbae735a7205cf30a4d358b82c0361b297ba8929b581945782f210,undefined FUN_181411de4(),ghidra,clean,
WHGame.dll,release_1_5_1164953_841,0x1411e7c,161,FUN_181411e7c,,,b9320a2b2bed7e297f37324b0fb8658e534585cdf3ea41176fa7381adc8ff5c0,undefined FUN_181411e7c(),ghidra,clean,
WHGame.dll,release_1_5_1164953_841,0x1411f20,553,FUN_181411f20,,,c4e48d87063f49351623e2f36c2530ac44c5b3dfec9398d1c3ed6e5a2639d2d3,undefined FUN_181411f20(),ghidra,clean,
WHGame.dll,release_1_5_1164953_841,0x141214c,101,FUN_18141214c,,,0e37bb9b4d83979625f84e0d2b8d698ee6e878e95fcf8c38f3b7b07bf4a4835c,undefined FUN_18141214c(),ghidra,clean,
WHGame.dll,release_1_5_1164953_841,0x14121b4,255,FUN_1814121b4,,,62974becafaa3837ffe22935942da48f60eaf1df6e49afb4b29b67a7ff0c2897,undefined FUN_1814121b4(),ghidra,clean,
WHGame.dll,release_1_5_1164953_841,0x14122a4,317,FUN_1814122a4,,,4bdfc6a04fbe5cd1aeef14f2efa647ebfa99d398aac38eea8c74c907a1fbcee7,undefined FUN_1814122a4(),ghidra,clean,
WHGame.dll,release_1_5_1164953_841,0x14123d0,54,FUN_1814123d0,,,5baffd849eb5736d93bd1f065ded58d7510399875a495e62f73310b610ba7251,undefined FUN_1814123d0(),ghidra,clean,
WHGame.dll,release_1_5_1164953_841,0x1412408,324,FUN_181412408,,,bd79c90e0dba86b7511fd2098ecc1f064d24994747634adeeaa51715d236249b,undefined FUN_181412408(),ghidra,clean,
WHGame.dll,release_1_5_1164953_841,0x141254c,155,FUN_18141254c,,,1bed8704c498af90f06d5d100788bbe692d93ac20845b2e644bd42b9ebc5d096,undefined FUN_18141254c(),ghidra,clean,
WHGame.dll,release_1_5_1164953_841,0x14125e8,291,FUN_1814125e8,,,28cc6febeb802b9ccb22043832707e96c343d72d447c652a11eb506f33492bf1,undefined FUN_1814125e8(),ghidra,clean,
WHGame.dll,release_1_5_1164953_841,0x141270c,55,FUN_18141270c,,,46fe39b1aaf1def0165901efa31b7e0119870c845754ea0e93924dd12d072edc,undefined FUN_18141270c(),ghidra,clean,
WHGame.dll,release_1_5_1164953_841,0x1412744,32,FUN_181412744,,,22538c78b32fe032f0d4e0505a3cfb5c3713221f66ef7285772aa8e7ff898cde,undefined FUN_181412744(),ghidra,clean,
WHGame.dll,release_1_5_1164953_841,0x1412764,30,FUN_181412764,,,c2cb0634d9e9f9c00ec777493486173d676522562c6421193dea1282ec6357af,undefined FUN_181412764(),ghidra,clean,
WHGame.dll,release_1_5_1164953_841,0x1412784,284,FUN_181412784,,,9c3036b139f80d80f487eeb07a84359a184e942736112866a62c5f54a8cb244a,undefined FUN_181412784(),ghidra,clean,
WHGame.dll,release_1_5_1164953_841,0x1412894,261,FUN_181412894,,,38390f5e575064ff24a7b0afc9a084343e649bda7c4568bbff18338181f0fabd,undefined FUN_181412894(),ghidra,clean,
WHGame.dll,release_1_5_1164953_841,0x1412990,233,FUN_181412990,,,952c42670b2e93632119056aee291f761618bb63e93c6bfb1c36dc880e2813d2,undefined FUN_181412990(),ghidra,clean,
WHGame.dll,release_1_5_1164953_841,0x1412a7c,55,FUN_181412a7c,,,9d38aecfa17ffa5be8589c8509f1f6756cb37d0b407f62e608f177ac83afc16a,undefined FUN_181412a7c(),ghidra,clean,
WHGame.dll,release_1_5_1164953_841,0x1412aa4,199,FUN_181412aa4,,,118533307bc511eae9a535689d301e607cde42b996f5998fd464ac07f7f17660,undefined FUN_181412aa4(),ghidra,clean,
WHGame.dll,release_1_5_1164953_841,0x1412b54,53,FUN_181412b54,,,0438f271452b21a97bd63e7b45f1cc753ace42e16cbb693f8ef3ee3ff92c099b,undefined FUN_181412b54(),ghidra,clean,
WHGame.dll,release_1_5_1164953_841,0x1412b7c,80,FUN_181412b7c,,,07a9f6cb208d1f3d9afb6a362e9c346405de4965549e28cfb00cbc2248e07512,undefined FUN_181412b7c(),ghidra,clean,
WHGame.dll,release_1_5_1164953_841,0x1412bcc,85,FUN_181412bcc,,,b5c4421a0837084dedb6a519511e99471c2cfc3916f0507360ebe8d2ef5a7cfe,undefined FUN_181412bcc(),ghidra,clean,
WHGame.dll,release_1_5_1164953_841,0x1412c00,41,FUN_181412c00,,,26ac9e440e01a9dff5c2eb3d4d4be0f4cfddb5902c3b66d454895d06508c4f3c,undefined FUN_181412c00(),ghidra,clean,
WHGame.dll,release_1_5_1164953_841,0x1412c2c,603,FUN_181412c2c,,,d41627b9f6b1f2434be71201e55c471c2e4e004d5e32aeae8136b97df4b6f551,undefined FUN_181412c2c(),ghidra,clean,
WHGame.dll,release_1_5_1164953_841,0x1412e88,194,FUN_181412e88,,,5170d5251087bb1ef81914e82ad6a943a6ded7a5448388c3a0295ef895c4f392,undefined FUN_181412e88(),ghidra,clean,
WHGame.dll,release_1_5_1164953_841,0x1412f4c,155,FUN_181412f4c,,,b7f91eab7c4586c50c244592c1aeaa33e2386ed19f04876be6d89674988ead7a,undefined FUN_181412f4c(),ghidra,clean,
WHGame.dll,release_1_5_1164953_841,0x1412fe8,190,FUN_181412fe8,,,7c87c0e8c2888be06a47bfec369ffb305ad92f1f50bc3e3d9710d77328dd2f39,undefined FUN_181412fe8(),ghidra,clean,
WHGame.dll,release_1_5_1164953_841,0x14130a8,155,FUN_1814130a8,,,6ef74a745f18e97101977d17e2175c7b88a41e2902425593d8fff36c7c7204ed,undefined FUN_1814130a8(),ghidra,clean,
WHGame.dll,release_1_5_1164953_841,0x1413144,291,FUN_181413144,,,a9b4d85023ca2354bf43303e590ea0f504d1ce9bfe0b3b33a3dd5e456f43de38,undefined FUN_181413144(),ghidra,clean,
WHGame.dll,release_1_5_1164953_841,0x1413268,298,FUN_181413268,,,e50cb8c2b8e331b85aabe7dd8186a357a922d10119006101b5a2bcb40f391b8b,undefined FUN_181413268(),ghidra,clean,
WHGame.dll,release_1_5_1164953_841,0x14133b0,578,FUN_1814133b0,,,9f35b235d8c0fbd19fce8443d6902f4da75828455cf3baed801f43e54df8d82d,undefined FUN_1814133b0(),ghidra,clean,
WHGame.dll,release_1_5_1164953_841,0x14135f4,234,FUN_1814135f4,,,303953391422bafaf4604746861ac0e2417780845e61e797a20390d4b08afdc0,undefined FUN_1814135f4(),ghidra,clean,
WHGame.dll,release_1_5_1164953_841,0x14136e0,234,FUN_1814136e0,,,3c424fd0b2a7c2dfabc5963cff96609c5657aecf76ffd02ab1c79584add80479,undefined FUN_1814136e0(),ghidra,clean,
WHGame.dll,release_1_5_1164953_841,0x14137cc,296,FUN_1814137cc,,,54cef45412c7985c00bb1bed442bbe2b37e82932e64e5b5124647029f909ebc1,undefined FUN_1814137cc(),ghidra,clean,
WHGame.dll,release_1_5_1164953_841,0x14138f4,234,FUN_1814138f4,,,ae1e1794d1bf7ac483b3c5e6ea15607c1c5af4b7bd2f5ebb0fb8b49357f651db,undefined FUN_1814138f4(),ghidra,clean,
WHGame.dll,release_1_5_1164953_841,0x14139e0,1618,FUN_1814139e0,,,74a1c0d77aceee33584d2e4af8e0da6299ec6f02242f71dfc8552405d8be80cb,undefined FUN_1814139e0(),ghidra,clean,
WHGame.dll,release_1_5_1164953_841,0x1414034,359,FUN_181414034,,,4651e29f46e83809be5c61e6006d2d6ff5e1b7e4206736af641b3ad96a0b034c,undefined FUN_181414034(),ghidra,clean,
WHGame.dll,release_1_5_1164953_841,0x141418c,254,FUN_18141418c,,,dc4008e17b63a965ab3e2520135d7fc719dd25c1b757bea2d82e3f4af60c6bb5,undefined FUN_18141418c(),ghidra,clean,
WHGame.dll,release_1_5_1164953_841,0x141428c,244,FUN_18141428c,,,5f3e356e85f03f77774050fc9135cc150befb6100ee07dcccda6f63b2028d1a5,undefined FUN_18141428c(),ghidra,clean,
WHGame.dll,release_1_5_1164953_841,0x1414380,273,FUN_181414380,,,3518bf730e149559b21f9680d911ddac1c02cbae120943aac4311ffccebfa128,undefined FUN_181414380(),ghidra,clean,
WHGame.dll,release_1_5_1164953_841,0x1414484,196,FUN_181414484,,,e9fa14237b761d67cb336df4100f1b560c0cd08e16f47389b98406710aaa21c0,undefined FUN_181414484(),ghidra,clean,
WHGame.dll,release_1_5_1164953_841,0x1414540,175,FUN_181414540,,,0b0840349aa504bd7a11029fe82be08ee3c41886dd076c8ba228cbb149ad765f,undefined FUN_181414540(),ghidra,clean,
WHGame.dll,release_1_5_1164953_841,0x14145f0,317,FUN_1814145f0,,,66021ef8fe7dfe99bde0a5f9127b0c30895c8350bb944e1995fa4720687fdd34,undefined FUN_1814145f0(),ghidra,clean,
WHGame.dll,release_1_5_1164953_841,0x141471c,264,FUN_18141471c,,,6bbe10be3f5bcb24559690a2f438dc01d8495ba25a8b78a1e6213266e9070437,undefined FUN_18141471c(),ghidra,clean,
WHGame.dll,release_1_5_1164953_841,0x141481c,243,FUN_18141481c,,,f61680de7483583a2f2fb11f74a8a0d0e3907324ef93a58c65cd9e79140d3f40,undefined FUN_18141481c(),ghidra,clean,
WHGame.dll,release_1_5_1164953_841,0x1414910,791,FUN_181414910,,,4241177b5f32f085b7f76728d864c6725a37d4f19e1b018c790836c1ae1a7ace,undefined FUN_181414910(),ghidra,clean,
WHGame.dll,release_1_5_1164953_841,0x1414a10,26,FUN_181414a10,,,819234953c91d716a341edb10dcca2267107efa13f78881bbca64f4a7a11eeca,undefined FUN_181414a10(),ghidra,clean,
WHGame.dll,release_1_5_1164953_841,0x1414a2c,155,FUN_181414a2c,,,6363b6fa7e16e98608dc88dce29de119873a2e3a8e2f69175eabf9a628a9a7d1,undefined FUN_181414a2c(),ghidra,clean,
WHGame.dll,release_1_5_1164953_841,0x1414ac8,298,FUN_181414ac8,,,662f860c81b56f1d98ef35fc52269f5a4fc0b2ec992ae23467b09d927d269eb6,undefined FUN_181414ac8(),ghidra,clean,
WHGame.dll,release_1_5_1164953_841,0x1414bf4,378,FUN_181414bf4,,,fa29a1a1d580c79d361c35288e8746856f6169ea84ad1c51a2ce940abf830352,undefined FUN_181414bf4(),ghidra,clean,
WHGame.dll,release_1_5_1164953_841,0x1414d60,264,FUN_181414d60,,,ac8cea82f78016ec5e647f80d924963db42d8b1083f2816a791037442252489b,undefined FUN_181414d60(),ghidra,clean,
WHGame.dll,release_1_5_1164953_841,0x1414e60,244,FUN_181414e60,,,41572b140e1002d4343df4afef45d7fa1afa1cb1a77cfc562f627dc123cf3f60,undefined FUN_181414e60(),ghidra,clean,
WHGame.dll,release_1_5_1164953_841,0x1414f54,55,FUN_181414f54,,,4e7b6ea85c62f3bd927533743eea516b57487032112ae076e2fd178f4ab24431,undefined FUN_181414f54(),ghidra,clean,
WHGame.dll,release_1_5_1164953_841,0x1414f7c,175,FUN_181414f7c,,,090e8d35d91f7e1d003b46fd9e648bffd884d94d3bd81f90e649888428ff2da7,undefined FUN_181414f7c(),ghidra,clean,
WHGame.dll,release_1_5_1164953_841,0x1415024,145,FUN_181415024,,,2276e5a4df49afe35979c5be7b2d3be4eeaa045e73d3c90902778db5d92d0b23,undefined FUN_181415024(),ghidra,clean,
WHGame.dll,release_1_5_1164953_841,0x14150b8,431,FUN_1814150b8,,,a997923025586af08e9eb0f9c8d89e3be09f49b1a6ca6c3453cfdd8e274a1cee,undefined FUN_1814150b8(),ghidra,clean,
WHGame.dll,release_1_5_1164953_841,0x1415214,40,FUN_181415214,,,94e87288c6b4910c098bd9d7e456abf318dad562c3d2f9f128d569e0f29a4a78,undefined FUN_181415214(),ghidra,clean,
WHGame.dll,release_1_5_1164953_841,0x141523c,42,FUN_18141523c,,,38793e9edd48eca7a8523515abbac37a8f09dcbf818b38cad7799131972c2084,undefined FUN_18141523c(),ghidra,clean,
WHGame.dll,release_1_5_1164953_841,0x1415268,5,thunk_FUN_181415270,,,b0d40b133b9394d93820ac0104b0065121d2d73df32c7bfb4e4cf5d805a8b103,undefined thunk_FUN_181415270(),ghidra,clean,
WHGame.dll,release_1_5_1164953_841,0x1415270,103,FUN_181415270,,,539a27960966837a13d787029a1f4e0b56a9374e065a0ed818b0b1a85694551e,undefined FUN_181415270(),ghidra,clean,
WHGame.dll,release_1_5_1164953_841,0x14152d8,95,FUN_1814152d8,,,e46f4e3c0068b0e0eccfd1efabefa01b9256593068ca0fe61090fce2b53e2080,undefined FUN_1814152d8(),ghidra,clean,
WHGame.dll,release_1_5_1164953_841,0x1415338,215,FUN_181415338,,,576412f09b52462114710cc3b167804bba10a6845e4c9f9d39e105af9e4ca872,undefined FUN_181415338(),ghidra,clean,
WHGame.dll,release_1_5_1164953_841,0x14153f4,142,FUN_1814153f4,,,fea771e5cc8bc48d2561e8e078e7fcdca57d3e69de0ef4c822470e863104cd3a,undefined FUN_1814153f4(),ghidra,clean,
WHGame.dll,release_1_5_1164953_841,0x1415484,53,FUN_181415484,,,32076195e0c2731d5eda45da868b960eff8a29d3cb2c53eb51d1eeac39e9eb01,undefined FUN_181415484(),ghidra,clean,
WHGame.dll,release_1_5_1164953_841,0x14154bc,53,FUN_1814154bc,,,e6ad68403e1cc87a1f9329b551fb5a81de65397746d00ff035c543a5b4629e01,undefined FUN_1814154bc(),ghidra,clean,
WHGame.dll,release_1_5_1164953_841,0x14154f4,147,FUN_1814154f4,,,e29b90148ca67984278620929d6ede1db8e409d70d5fa51aacb08ea0c90cccc0,undefined FUN_1814154f4(),ghidra,clean,
WHGame.dll,release_1_5_1164953_841,0x1415588,140,FUN_181415588,,,d815044a3ff75ba82702f6dce4a038b6e4f93dae7bfac4b1ef4414f93103a60a,undefined FUN_181415588(),ghidra,clean,
WHGame.dll,release_1_5_1164953_841,0x1415614,328,FUN_181415614,,,cbb9c6b6757f09669c02dd2f8521deb98aa0fe9e90fce9b56bea24295de9e0ea,undefined FUN_181415614(),ghidra,clean,
WHGame.dll,release_1_5_1164953_841,0x1415760,100,FUN_181415760,,,95cca9323d5c1b94dfaec79159d34a127b53f1482399d4cca43997cfa988b74b,undefined FUN_181415760(),ghidra,clean,
WHGame.dll,release_1_5_1164953_841,0x14157c4,40,FUN_1814157c4,,,e908c96c8af4c777bfdee84e0c398729516cd547210ddd3b9ad6a8e6fb9d21bf,undefined FUN_1814157c4(),ghidra,clean,
WHGame.dll,release_1_5_1164953_841,0x14157ec,68,FUN_1814157ec,,,b42a801cd5b74c4959d15179af8f4aa5fc0a5a1f259e24318ff2bda6d97a19f0,undefined FUN_1814157ec(),ghidra,clean,
WHGame.dll,release_1_5_1164953_841,0x1415830,417,FUN_181415830,,,b2071242d724a8b4e31e355b227938682da0f4fd165d7ffc0f30c528018410f1,undefined FUN_181415830(),ghidra,clean,
WHGame.dll,release_1_5_1164953_841,0x1415950,40,FUN_181415950,,,9334b00d3a1175dc63c6c56e2c321055678d43c5d419263feefa7fe20e9d01ab,undefined FUN_181415950(),ghidra,clean,
WHGame.dll,release_1_5_1164953_841,0x1415978,42,FUN_181415978,,,0cb3e891e6a7314bc74326516ea43cdac0a9317aed20cf5fa5386aa5af433b56,undefined FUN_181415978(),ghidra,clean,
WHGame.dll,release_1_5_1164953_841,0x14159a4,5,thunk_FUN_1814159ac,,,b0d40b133b9394d93820ac0104b0065121d2d73df32c7bfb4e4cf5d805a8b103,undefined thunk_FUN_1814159ac(),ghidra,clean,
WHGame.dll,release_1_5_1164953_841,0x14159ac,164,FUN_1814159ac,,,39ad7bb9d09eae900aa43595782691d5e970e1dc38239abf9d335fe79e0e7070,undefined FUN_1814159ac(),ghidra,clean,
WHGame.dll,release_1_5_1164953_841,0x1415a48,145,FUN_181415a48,,,42396e587fe4a5e41d8337674563a13861f33fec9d8bdfec9b330879c8fc4249,undefined FUN_181415a48(),ghidra,clean,
WHGame.dll,release_1_5_1164953_841,0x1415adc,100,FUN_181415adc,,,5c5eb4cb36f28d396aa863e06d4ca3d146bb4b4969e06f246e899b2176b0a7c0,undefined FUN_181415adc(),ghidra,clean,
WHGame.dll,release_1_5_1164953_841,0x1415b40,100,FUN_181415b40,,,fc14dd922789688e5eaf654c9082bd576923be97b162abff92f9459e8b5894e4,undefined FUN_181415b40(),ghidra,clean,
WHGame.dll,release_1_5_1164953_841,0x1415ba4,5,thunk_FUN_181415bac,,,b0d40b133b9394d93820ac0104b0065121d2d73df32c7bfb4e4cf5d805a8b103,undefined thunk_FUN_181415bac(),ghidra,clean,
WHGame.dll,release_1_5_1164953_841,0x1415bac,103,FUN_181415bac,,,dc4c189abd51187aee713288f8dbcb3c8feddfb9d9a181f88c58996d5e2a783f,undefined FUN_181415bac(),ghidra,clean,
WHGame.dll,release_1_5_1164953_841,0x1415c14,95,FUN_181415c14,,,f58e3f8a54020c2c06cc7fa46ede9585d04041ec682f9cd41c34d32f17f1e51f,undefined FUN_181415c14(),ghidra,clean,
WHGame.dll,release_1_5_1164953_841,0x1415c74,215,FUN_181415c74,,,00bf48142f7d4e4aa7c2acffc95325109db17ed2b9a02c1c027a92b5c4f58dd9,undefined FUN_181415c74(),ghidra,clean,
WHGame.dll,release_1_5_1164953_841,0x1415d30,142,FUN_181415d30,,,7f27c106a34869ed3361ffaf1eefcf7ec7baadc301e3141bd6651c141dd819f7,undefined FUN_181415d30(),ghidra,clean,
WHGame.dll,release_1_5_1164953_841,0x1415dc0,53,FUN_181415dc0,,,4d8cb76baeec6d85b97ed289e13be7d8c11f4fe683491538903a4247beb92dfe,undefined FUN_181415dc0(),ghidra,clean,
WHGame.dll,release_1_5_1164953_841,0x1415df8,53,FUN_181415df8,,,4abf8f31ef6a02cdfbc414c6853e5e719c5db1dbaead3d2313a1a3295a14ffb6,undefined FUN_181415df8(),ghidra,clean,
WHGame.dll,release_1_5_1164953_841,0x1415e30,147,FUN_181415e30,,,9bdbc7f12c749642ba503d1c47e76237566937e7a2d98347cf9760166a1cf11f,undefined FUN_181415e30(),ghidra,clean,
WHGame.dll,release_1_5_1164953_841,0x1415ec4,140,FUN_181415ec4,,,ec6af29b3f4147b94f125229df69f03d01351dd5dc821182ab49034a772e340f,undefined FUN_181415ec4(),ghidra,clean,
WHGame.dll,release_1_5_1164953_841,0x1415f50,42,FUN_181415f50,,,296e5bf4b47556de3cee0b081e19e43bee4b100a942d0b75441585ee2df4880c,undefined FUN_181415f50(),ghidra,clean,
WHGame.dll,release_1_5_1164953_841,0x1415f7c,68,FUN_181415f7c,,,0577d1b017c49c9cc7e703bdf2b01d9bc25dd0295dd16e8547a2bc6673eac39c,undefined FUN_181415f7c(),ghidra,clean,
WHGame.dll,release_1_5_1164953_841,0x1415fc0,417,FUN_181415fc0,,,17b87c722f341ddddacf0695b1189da2b2a5f109483edb236ceb839da610da40,undefined FUN_181415fc0(),ghidra,clean,
WHGame.dll,release_1_5_1164953_841,0x14160e0,40,FUN_1814160e0,,,4dbc819f02434d12c0acdec1d5aafb04a932b0e45912dad4907dc6f2fff2ddce,undefined FUN_1814160e0(),ghidra,clean,
WHGame.dll,release_1_5_1164953_841,0x1416108,42,FUN_181416108,,,2051c2c1d14b06e2d919139f507fdbd1b4d0ff99eb0f07f04762a9a95296100d,undefined FUN_181416108(),ghidra,clean,
WHGame.dll,release_1_5_1164953_841,0x1416134,431,FUN_181416134,,,47cf99ae140c3478f084e88198f6607b5a484281285777a38893d3d6fefa3d7e,undefined FUN_181416134(),ghidra,clean,
WHGame.dll,release_1_5_1164953_841,0x1416290,40,FUN_181416290,,,fc89c7d5d7d55d71df5dac82d29df2e38071b226c609e6afa12aa66c765469a7,undefined FUN_181416290(),ghidra,clean,
WHGame.dll,release_1_5_1164953_841,0x14162b8,42,FUN_1814162b8,,,d15b761d206501cd7fbbc3f7fa891227ab31d5163f8826d9b361c4e8eb43e8a5,undefined FUN_1814162b8(),ghidra,clean,
WHGame.dll,release_1_5_1164953_841,0x14162e4,142,FUN_1814162e4,,,7c58a00cf2b0cbe68d9bf520ec847f9ab60ef948f8f775054c6a81acc4782e5e,undefined FUN_1814162e4(),ghidra,clean,
WHGame.dll,release_1_5_1164953_841,0x1416374,328,FUN_181416374,,,0c362c2fff07852c5304aa9abab014c697f5327930015385fad6b4f1b6d3de6d,undefined FUN_181416374(),ghidra,clean,
WHGame.dll,release_1_5_1164953_841,0x14164c0,100,FUN_1814164c0,,,2a6b49d66b7fca977d251143740715b75d16acab502033237d00eac655b755a5,undefined FUN_1814164c0(),ghidra,clean,
WHGame.dll,release_1_5_1164953_841,0x1416524,55,FUN_181416524,,,19d96151b24b23e4d73e184b31751be462cf833ef8d3db34f5a72213269e5a4e,undefined FUN_181416524(),ghidra,clean,
WHGame.dll,release_1_5_1164953_841,0x141654c,175,FUN_18141654c,,,103d4df30026ae271333924ad18ac91460074d780365551a03c11c43e02a5b79,undefined FUN_18141654c(),ghidra,clean,
WHGame.dll,release_1_5_1164953_841,0x14165f4,55,FUN_1814165f4,,,aa117fc4d636af67eefa4b9bf45cc213c81df3fb4eca09b3dbd00f14f85ae78d,undefined FUN_1814165f4(),ghidra,clean,
WHGame.dll,release_1_5_1164953_841,0x141662c,145,FUN_18141662c,,,47c583c1dffb4e4ffaef65cbb6d01fb8c18be51143eed22783788f7576bc5437,undefined FUN_18141662c(),ghidra,clean,
WHGame.dll,release_1_5_1164953_841,0x14166c0,11,FUN_1814166c0,,,62c41488f66adb1634b5525ffb091529b10cfcddc386de0ec9663fa9e9b400e6,undefined FUN_1814166c0(),ghidra,clean,
WHGame.dll,release_1_5_1164953_841,0x14166cc,260,FUN_1814166cc,,,d910343a8204e1aef602e502475c2c8e875e5b1a3da4533a98b42e8c3f792acb,undefined FUN_1814166cc(),ghidra,clean,
WHGame.dll,release_1_5_1164953_841,0x14167d0,177,FUN_1814167d0,,,96593f4a370102d6d84746287a05b52c27f845060cace7a257b5b7fdb9a764c1,undefined FUN_1814167d0(),ghidra,clean,
WHGame.dll,release_1_5_1164953_841,0x1416884,43,FUN_181416884,,,38cd1753147d9d5141e73df0878990ca70e000726c40a0f8589d28a86109582c,undefined FUN_181416884(),ghidra,clean,
WHGame.dll,release_1_5_1164953_841,0x14168b0,105,FUN_1814168b0,,,30ccbfeac9995abd017e58be6624531b0a68151f53e1f895d0b9ef37faf57bf7,undefined FUN_1814168b0(),ghidra,clean,
WHGame.dll,release_1_5_1164953_841,0x141691c,116,FUN_18141691c,,,22b071939aa30de1f2583b0927fe5988f574361700fe9ae65936762978b4c81d,undefined FUN_18141691c(),ghidra,clean,
WHGame.dll,release_1_5_1164953_841,0x1416990,86,FUN_181416990,,,cac47ba2fde70477362d29b3a030f8634fdeda1af9500d5eb279b0620de4ab85,undefined FUN_181416990(),ghidra,clean,
WHGame.dll,release_1_5_1164953_841,0x14169e8,88,FUN_1814169e8,,,b258e79fe188f4e8e190b416dfee5d4cf7f6f56912b8670adc6293d4729b2fff,undefined FUN_1814169e8(),ghidra,clean,
WHGame.dll,release_1_5_1164953_841,0x1416a40,49,FUN_181416a40,,,1158b61b03e6be5013757384e26e4924a163a6fe01605b0786834d0a4b3bf90c,undefined FUN_181416a40(),ghidra,clean,
WHGame.dll,release_1_5_1164953_841,0x1416a74,330,FUN_181416a74,,,d8ffbcbeea8d0bb28873a3ce74e2f7085dc37982f5630c58ed4432260c28d4e0,undefined FUN_181416a74(),ghidra,clean,
WHGame.dll,release_1_5_1164953_841,0x1416bc0,132,FUN_181416bc0,,,ab599b87593db470a4b9c6c9ed2a634e5f71ca48738b0adfb20af5762da3caf0,undefined FUN_181416bc0(),ghidra,clean,
WHGame.dll,release_1_5_1164953_841,0x1416c44,81,FUN_181416c44,,,8c73b081b771ffc66cc3dae9255f88487e92cd692e3e3acf24b5c2a7158dba73,undefined FUN_181416c44(),ghidra,clean,
WHGame.dll,release_1_5_1164953_841,0x1416c98,54,FUN_181416c98,,,929e32a424fb214c8a9197e1be5d4d89377fa1e88ab28bcdb68b515c4330a4a3,undefined FUN_181416c98(),ghidra,clean,
WHGame.dll,release_1_5_1164953_841,0x1416cd0,234,FUN_181416cd0,,,fcdf952c44f06f4de78aaa0fe48261dca7a7399e41a00474ac261f71d2f1b037,undefined FUN_181416cd0(),ghidra,clean,
WHGame.dll,release_1_5_1164953_841,0x1416dbc,296,FUN_181416dbc,,,2f8b4e928de142627100f81d335594edfc02e4c0ecb6e54209eeb5ff82217ab6,undefined FUN_181416dbc(),ghidra,clean,
WHGame.dll,release_1_5_1164953_841,0x1416ee4,234,FUN_181416ee4,,,4721a02db7bf53d5126cb458297c161878f5fbc5e02925040179ce5f2f97c9c1,undefined FUN_181416ee4(),ghidra,clean,
WHGame.dll,release_1_5_1164953_841,0x1416fd0,1785,FUN_181416fd0,,,042b044aad34fe2c7971c85efb35a8056b0c3eb7682b285a6a86a8f068e5bac5,undefined FUN_181416fd0(),ghidra,clean,
WHGame.dll,release_1_5_1164953_841,0x14176cc,359,FUN_1814176cc,,,edc346faef1a6a9fbfe16aa5279d59403c121e726a29d181946d715e89a7a06c,undefined FUN_1814176cc(),ghidra,clean,
WHGame.dll,release_1_5_1164953_841,0x1417824,264,FUN_181417824,,,bbafcaff7dd8eee4aa78300a700d5bca94e7eebb1e7c132f844376a414758bb8,undefined FUN_181417824(),ghidra,clean,
WHGame.dll,release_1_5_1164953_841,0x1417924,244,FUN_181417924,,,abccb527b136203727e49f52a1b848236cb2ebd7a44066e41b407b70aa1d2acc,undefined FUN_181417924(),ghidra,clean,
WHGame.dll,release_1_5_1164953_841,0x1417a18,273,FUN_181417a18,,,3100e13a046603ec4e8f01979685e8c4ac98e77b49ba51cd698c44ebeacf5444,undefined FUN_181417a18(),ghidra,clean,
WHGame.dll,release_1_5_1164953_841,0x1417b1c,196,FUN_181417b1c,,,c1bc1ce77eb22971798601d2078510c72e8223d565e3e5832f5be3962a9ede7d,undefined FUN_181417b1c(),ghidra,clean,
WHGame.dll,release_1_5_1164953_841,0x1417bd8,175,FUN_181417bd8,,,c095e0a040a90edb37f4852a215c109a874a31df8c75a8fb6f3fe9d5d7d562ed,undefined FUN_181417bd8(),ghidra,clean,
WHGame.dll,release_1_5_1164953_841,0x1417c88,359,FUN_181417c88,,,8e929e25706827d454110ec4642bbed2f0282d88f03d893034510abd234d6783,undefined FUN_181417c88(),ghidra,clean,
WHGame.dll,release_1_5_1164953_841,0x1417de0,264,FUN_181417de0,,,01c8ef7d7e90f7497d6297d9201103f5a9c7f50b69d1014f621be3d297124b63,undefined FUN_181417de0(),ghidra,clean,
WHGame.dll,release_1_5_1164953_841,0x1417ee0,244,FUN_181417ee0,,,3ed450f04d044a1b393c7a94973749613685523576ce01670da2df79d6a4b76d,undefined FUN_181417ee0(),ghidra,clean,
WHGame.dll,release_1_5_1164953_841,0x1417fd4,741,FUN_181417fd4,,,acebf8bb2e1a77e74dc0ad2384efcd95307ccefc174a7e242a2d00687b4e8f1f,undefined FUN_181417fd4(),ghidra,clean,
WHGame.dll,release_1_5_1164953_841,0x14180d4,26,FUN_1814180d4,,,819234953c91d716a341edb10dcca2267107efa13f78881bbca64f4a7a11eeca,undefined FUN_1814180d4(),ghidra,clean,
WHGame.dll,release_1_5_1164953_841,0x14180f0,155,FUN_1814180f0,,,6282ca31ea64dfd44ebc701a6739f12ec40ba719682fc6a68fb0e6f023bea1c3,undefined FUN_1814180f0(),ghidra,clean,
WHGame.dll,release_1_5_1164953_841,0x141818c,298,FUN_18141818c,,,93ef1628b29c15cb85f165b9ba91ba4ff0b0dd67c66204a2968fd85764c54e68,undefined FUN_18141818c(),ghidra,clean,
WHGame.dll,release_1_5_1164953_841,0x14182b8,263,FUN_1814182b8,,,788be7af4843a9156641235e006e156abbb9e781d77c99238ba1a915d025867d,undefined FUN_1814182b8(),ghidra,clean,
WHGame.dll,release_1_5_1164953_841,0x141831c,219,FUN_18141831c,,,5eeeaccce762c2e4639a2fbc2a8fe7589815f38c69069669e83adc7c57ff1896,undefined FUN_18141831c(),ghidra,clean,
WHGame.dll,release_1_5_1164953_841,0x14183e0,91,FUN_1814183e0,,,5e2b7cf0cbd383c02ec0b826cd783b8bf8044bc3f5f4355dc8434156ad522c1f,undefined FUN_1814183e0(),ghidra,clean,
WHGame.dll,release_1_5_1164953_841,0x141843c,22,FUN_18141843c,,,a5134099179599fa09fac9bbede3553f821739079953e61993b7a36b5b97b8b4,undefined FUN_18141843c(),ghidra,clean,
WHGame.dll,release_1_5_1164953_841,0x1418454,86,FUN_181418454,,,6db69b89b54e93d8d59f75bbbe71d7ee85294c1b9e7a985de99b0c663b104597,undefined FUN_181418454(),ghidra,clean,
WHGame.dll,release_1_5_1164953_841,0x14184ac,305,FUN_1814184ac,,,4c1643a8594ffaab4c1b2375625e8fb7043e0d3eeb3705b7194550722f2cdf69,undefined FUN_1814184ac(),ghidra,clean,
WHGame.dll,release_1_5_1164953_841,0x14185e0,300,FUN_1814185e0,,,dacb8ce4f5be1ae4fba7f17c441d6410cadea8d83980bffdb9954564d2e598b6,undefined FUN_1814185e0(),ghidra,clean,
WHGame.dll,release_1_5_1164953_841,0x14186fc,262,FUN_1814186fc,,,5958c10b00ba9c0cb818847ab521cd32a19907194c599ccf410b7c87f0e319cc,undefined FUN_1814186fc(),ghidra,clean,
WHGame.dll,release_1_5_1164953_841,0x14187f0,43,FUN_1814187f0,,,64ed4380ff7b2ee665d77476fbcd000898d174a3e93ebd1cf86711a969cd6768,undefined FUN_1814187f0(),ghidra,clean,
WHGame.dll,release_1_5_1164953_841,0x141881c,123,FUN_18141881c,,,bc1a8653f9a31a514ad9743fe94d0364f1aa459b2da38172b42ed1f691360d4c,undefined FUN_18141881c(),ghidra,clean,
WHGame.dll,release_1_5_1164953_841,0x1418898,21,FUN_181418898,,,785677d3e4d8682f9603929c8990f1537ef3f9922c052d4040d1fe4126b4c99b,undefined FUN_181418898(),ghidra,clean,
WHGame.dll,release_1_5_1164953_841,0x14188b0,324,FUN_1814188b0,,,688b623d9aa2cc21b81a02cfbdfda158224a510c4ac39f0e9f108b91509a4ed8,undefined FUN_1814188b0(),ghidra,clean,
WHGame.dll,release_1_5_1164953_841,0x14189f4,331,FUN_1814189f4,,,c1279dafb2db7c158b9243a4e036a661c83d3e351079bc23fc58a8929a272260,undefined FUN_1814189f4(),ghidra,clean,
WHGame.dll,release_1_5_1164953_841,0x1418b40,128,FUN_181418b40,,,bae94602cd04295d9d12d5366e1ec9df43a22c247d7a06c17aedee867e027bcb,undefined FUN_181418b40(),ghidra,clean,
WHGame.dll,release_1_5_1164953_841,0x1418bc0,207,FUN_181418bc0,,,7f8440737ba2a69af8e5282d604849960c473186400914285922a960d8476837,undefined FUN_181418bc0(),ghidra,clean,
WHGame.dll,release_1_5_1164953_841,0x1418c90,155,FUN_181418c90,,,02d5579a16fb85e47c35902428062ca29a50039b0379f14066e26751bc090cfc,undefined FUN_181418c90(),ghidra,clean,
WHGame.dll,release_1_5_1164953_841,0x1418d2c,291,FUN_181418d2c,,,220b91022a0cb6b7ab6133b445bb17d408de4c18e47ae4265c08326b1f684570,undefined FUN_181418d2c(),ghidra,clean,
WHGame.dll,release_1_5_1164953_841,0x1418e50,91,FUN_181418e50,,,5a0884542b62e86432b407dd519293f40677b44b0df81236355ab5856b1b3d3e,undefined FUN_181418e50(),ghidra,clean,
WHGame.dll,release_1_5_1164953_841,0x1418e5c,83,FUN_181418e5c,,,6e72a29b8999721ca17460907c0c079c335543ed37d59b4992478161e58e7968,undefined FUN_181418e5c(),ghidra,clean,
WHGame.dll,release_1_5_1164953_841,0x1418eb0,83,FUN_181418eb0,,,4cb283aaec83664269e019bee9dbfa58ea465fe68ed77752d37d4682469849b4,undefined FUN_181418eb0(),ghidra,clean,
WHGame.dll,release_1_5_1164953_841,0x1418f04,83,FUN_181418f04,,,987e6ff389a2c70cb55e64ab361e0ce22403140ed02128f6f3b6eb4a8ad85cb2,undefined FUN_181418f04(),ghidra,clean,
WHGame.dll,release_1_5_1164953_841,0x1418f58,86,FUN_181418f58,,,4aafcdd0ff42d7af45802a069324fbb58a076c67ff7395e5097b527f47b85f74,undefined FUN_181418f58(),ghidra,clean,
WHGame.dll,release_1_5_1164953_841,0x1418fb0,85,FUN_181418fb0,,,da4d5717d89bb7ccdb9008e6ff760eb970acaf174b0975491c2ba7c5b531746e,undefined FUN_181418fb0(),ghidra,clean,
WHGame.dll,release_1_5_1164953_841,0x1418fe4,80,FUN_181418fe4,,,1f7d278ff6ee0562a5cb03a7756ec6f9a976f4eff3c2f0ee0ba88023b8d61e45,undefined FUN_181418fe4(),ghidra,clean,
WHGame.dll,release_1_5_1164953_841,0x1419034,85,FUN_181419034,,,05ac74fca21097dc7db56b80c2256dfb793ef5f2c83dedd9ae5293e0e8385e79,undefined FUN_181419034(),ghidra,clean,
WHGame.dll,release_1_5_1164953_841,0x1419068,54,FUN_181419068,,,2dff4556d39994f91314dd346679f082a69ef3c47248f846b01c38d969ea4201,undefined FUN_181419068(),ghidra,clean,
WHGame.dll,release_1_5_1164953_841,0x14190a0,65,FUN_1814190a0,,,94b389ad14de4be64109368fca54df3daec02941d910e575894e6385d228a80c,undefined FUN_1814190a0(),ghidra,clean,
WHGame.dll,release_1_5_1164953_841,0x14190e4,50,FUN_1814190e4,,,152b25cbd8613da7338577c2ba682b741cca2c97c7acd43cbe8cc9a7961fb3e1,undefined FUN_1814190e4(),ghidra,clean,
WHGame.dll,release_1_5_1164953_841,0x1419118,31,FUN_181419118,,,b640ff2ca1732ffd420cb4512f45f791fd2f6059ad4f1c9672a86c1339962f2b,undefined FUN_181419118(),ghidra,clean,
WHGame.dll,release_1_5_1164953_841,0x1419138,76,FUN_181419138,,,7ac6f943b059e58476ac3c5ad0b2c3d563801b432db1af9787bd1b2169f4e3c4,undefined FUN_181419138(),ghidra,clean,
WHGame.dll,release_1_5_1164953_841,0x1419184,173,FUN_181419184,,,b6e460a19272c3aa98f2a0615e7bc636bc783c207e33c5235d975817cfec4c4f,undefined FUN_181419184(),ghidra,clean,
WHGame.dll,release_1_5_1164953_841,0x1419234,200,FUN_181419234,,,411f271ad2345eceab44f4f919db9ffe806b1dd573b4034faab3faea270a0712,undefined FUN_181419234(),ghidra,clean,
WHGame.dll,release_1_5_1164953_841,0x14192dc,2196,FUN_1814192dc,,,1449a333f8ddbd1e09d510c9c0899f24f8e11563911448d628458a5e15b83ed4,undefined FUN_1814192dc(),ghidra,clean,
WHGame.dll,release_1_5_1164953_841,0x1419b70,26,FUN_181419b70,,,ab65d70f09fb65a36bda9ba02566544daf4b439ef19ee4cdfc95292bddcc184a,undefined FUN_181419b70(),ghidra,clean,
WHGame.dll,release_1_5_1164953_841,0x1419b8c,151,FUN_181419b8c,,,a39194cd618cec1b1005846d545350b95eb8e832e792692f55879310bf46f498,undefined FUN_181419b8c(),ghidra,clean,
WHGame.dll,release_1_5_1164953_841,0x1419c24,155,FUN_181419c24,,,36cc078eaf10d1a34bff7a93c4a9a760057e71fcfd8914ef41679c7f626f92eb,undefined FUN_181419c24(),ghidra,clean,
WHGame.dll,release_1_5_1164953_841,0x1419cc0,311,FUN_181419cc0,,,15c61abbbf9d6625b7f0b170cbd1c30a86afd2ea31e9c9dcfa1e67c1224267ed,undefined FUN_181419cc0(),ghidra,clean,
WHGame.dll,release_1_5_1164953_841,0x1419df8,23,FUN_181419df8,,,093c5646794e80f5c59e77948d036c1f53d7f8072aeff5d6027503bd8c657267,undefined FUN_181419df8(),ghidra,clean,
WHGame.dll,release_1_5_1164953_841,0x1419e10,190,FUN_181419e10,,,66e604ff0d5a79302b894f583ebce671678d5fa6a15d94dfae468e702dfa69cc,undefined FUN_181419e10(),ghidra,clean,
WHGame.dll,release_1_5_1164953_841,0x1419ed0,194,FUN_181419ed0,,,b9fede84b1371ff4bf277c97ffde8e5d8251a2876c49d015b304334276844ed0,undefined FUN_181419ed0(),ghidra,clean,
WHGame.dll,release_1_5_1164953_841,0x1419f94,155,FUN_181419f94,,,0100195f5f0282c9dfd0bfe4e4083382cb3338a92c159889365ed7f3bdc1cb16,undefined FUN_181419f94(),ghidra,clean,
WHGame.dll,release_1_5_1164953_841,0x141a030,190,FUN_18141a030,,,a53355d022164aff19acd395960e9c873a27b3d7f77d25be6f6422cd6a27556e,undefined FUN_18141a030(),ghidra,clean,
WHGame.dll,release_1_5_1164953_841,0x141a0f0,26,FUN_18141a0f0,,,ab65d70f09fb65a36bda9ba02566544daf4b439ef19ee4cdfc95292bddcc184a,undefined FUN_18141a0f0(),ghidra,clean,
WHGame.dll,release_1_5_1164953_841,0x141a10c,151,FUN_18141a10c,,,81bcef90770d106a45c08d357e0f8cbabc9df91f33c953f5f3c3417de2ffdeb9,undefined FUN_18141a10c(),ghidra,clean,
WHGame.dll,release_1_5_1164953_841,0x141a1a4,155,FUN_18141a1a4,,,1a48ca88a1fde2f800738c2a1c09b1ad317aed66ac04d44bb44e693379eede88,undefined FUN_18141a1a4(),ghidra,clean,
WHGame.dll,release_1_5_1164953_841,0x141a240,298,FUN_18141a240,,,d7d5e98cb7639d6255ff86cb9ad19b7fdcd8600f19aee1b50cfc8d67bedf4a10,undefined FUN_18141a240(),ghidra,clean,
WHGame.dll,release_1_5_1164953_841,0x141a36c,311,FUN_18141a36c,,,1f7d6f48bab2de8bde3419ea990f884ddfbdb2e2bd763cd95c095a0c32cd101f,undefined FUN_18141a36c(),ghidra,clean,
WHGame.dll,release_1_5_1164953_841,0x141a4a4,155,FUN_18141a4a4,,,2f6a77db66b9d98ec7a584d9e2beab9c76383b18777055ca34492388f55c3d64,undefined FUN_18141a4a4(),ghidra,clean,
WHGame.dll,release_1_5_1164953_841,0x141a540,291,FUN_18141a540,,,033c0cbf82c1c3f0045db52396faa13011ddec478ef2fd5b02bb45af483272aa,undefined FUN_18141a540(),ghidra,clean,
WHGame.dll,release_1_5_1164953_841,0x141a664,73,FUN_18141a664,,,864dad7a8b57469641e3a2debed23363d77ad73d9ba0681b1e3c53e0e951dd4d,undefined FUN_18141a664(),ghidra,clean,
WHGame.dll,release_1_5_1164953_841,0x141a6b0,110,FUN_18141a6b0,,,7730e33e6d6c5605960e55ca3f92f12e7bdf5f715b114a7833cfa0f9a2e4de70,undefined FUN_18141a6b0(),ghidra,clean,
WHGame.dll,release_1_5_1164953_841,0x141a720,180,FUN_18141a720,,,a373a6166a338d7102f2a26b395f75fd25397c8ba161f1a5b55952f1b6af8891,undefined FUN_18141a720(),ghidra,clean,
WHGame.dll,release_1_5_1164953_841,0x141a7b8,5,thunk_FUN_18141a7c0,,,b0d40b133b9394d93820ac0104b0065121d2d73df32c7bfb4e4cf5d805a8b103,undefined thunk_FUN_18141a7c0(),ghidra,clean,
WHGame.dll,release_1_5_1164953_841,0x141a7c0,103,FUN_18141a7c0,,,29766bd3bde8c99d0fb953070a0de030dc5250f29edd9928a02615b2ed08066d,undefined FUN_18141a7c0(),ghidra,clean,
WHGame.dll,release_1_5_1164953_841,0x141a828,95,FUN_18141a828,,,f3e6094c29228e8a5aa158b13102b86fc31b47d4b7244fd1427aa016959429d7,undefined FUN_18141a828(),ghidra,clean,
WHGame.dll,release_1_5_1164953_841,0x141a888,205,FUN_18141a888,,,950543057af47a85fde928f548bd6af430c69f783e11f78e2da436e3ad376484,undefined FUN_18141a888(),ghidra,clean,
WHGame.dll,release_1_5_1164953_841,0x141a938,53,FUN_18141a938,,,421b8e204a3ffd755a3195b1c59bceb2e600f2f8df938e3218b339693b4c5877,undefined FUN_18141a938(),ghidra,clean,
WHGame.dll,release_1_5_1164953_841,0x141a970,431,FUN_18141a970,,,889bebda4a730fac56e72bf3673c8aa53fe3f773e02d9f358175e385a743b9d9,undefined FUN_18141a970(),ghidra,clean,
WHGame.dll,release_1_5_1164953_841,0x141aacc,40,FUN_18141aacc,,,da04301a18084f9c8e62a0fbcff5fa0b590fb613d462fada59ddf420426213c8,undefined FUN_18141aacc(),ghidra,clean,
WHGame.dll,release_1_5_1164953_841,0x141aaf4,42,FUN_18141aaf4,,,5aacf74a20cd4a68c6bb0a08d9cb9c6191c05bd39ded809312cb64ec4c2575fb,undefined FUN_18141aaf4(),ghidra,clean,
WHGame.dll,release_1_5_1164953_841,0x141ab20,100,FUN_18141ab20,,,3e83d483d0341723e922696a9d0c79dd0b341c94db7ebbc3b40aa42a008a7b63,undefined FUN_18141ab20(),ghidra,clean,
WHGame.dll,release_1_5_1164953_841,0x141ab84,385,FUN_18141ab84,,,2fb296dcf13ae2b4c15fc922413f5a21354afb070ad9b620d4bb1e6669182996,undefined FUN_18141ab84(),ghidra,clean,
WHGame.dll,release_1_5_1164953_841,0x141ad08,54,FUN_18141ad08,,,59021a1aa5dcfc4c89f6b7e867babfcc3b1a87d0166a9f1b81cee70533e717ac,undefined FUN_18141ad08(),ghidra,clean,
WHGame.dll,release_1_5_1164953_841,0x141ad40,170,FUN_18141ad40,,,7bca2180a0063aa36c06d7924e011ab8b25f93eee7103c17b1bcf237217aa5de,undefined FUN_18141ad40(),ghidra,clean,
WHGame.dll,release_1_5_1164953_841,0x141addc,96,FUN_18141addc,,,971e85a1c4e8b00916ed9bff6d4f5ad3b2c16a19c69aa3b13d47b1c1e07dcbdd,undefined FUN_18141addc(),ghidra,clean,
WHGame.dll,release_1_5_1164953_841,0x141ae3c,326,FUN_18141ae3c,,,2d7228d0435693d8d6dd35ae6e754dff7d6588c1619288093a0cb4008e899c67,undefined FUN_18141ae3c(),ghidra,clean,
WHGame.dll,release_1_5_1164953_841,0x141af84,11,FUN_18141af84,,,497659d0c6ac17410358c2fbb962e904212950400155a204af2c4e4c3ba32837,undefined FUN_18141af84(),ghidra,clean,
WHGame.dll,release_1_5_1164953_841,0x141af90,83,FUN_18141af90,,,0c21fe57b24f4a90e3b30e23dadcf5f7a364ce857d79eff30e7ebb013f83017b,undefined FUN_18141af90(),ghidra,clean,
WHGame.dll,release_1_5_1164953_841,0x141afe4,60,FUN_18141afe4,,,c2ca1a2a5234cb8243acb012ea86053c93fef0cce545b799ce76503a7292294c,undefined FUN_18141afe4(),ghidra,clean,
WHGame.dll,release_1_5_1164953_841,0x141b020,140,FUN_18141b020,,,d0367bb90fc77943b2e3993182a5eb65145eb0f13c84bdb935db1be08caa9d83,undefined FUN_18141b020(),ghidra,clean,
WHGame.dll,release_1_5_1164953_841,0x141b0ac,50,FUN_18141b0ac,,,edb5ab9611a33b3ffbd53a0cac60966b0a05e910d49ef63b2d1f9c90da08095c,undefined FUN_18141b0ac(),ghidra,clean,
WHGame.dll,release_1_5_1164953_841,0x141b0e0,140,FUN_18141b0e0,,,d503e0e0f50018e9017fa9214a6ddf5e2ac6697a315d1d947fbae775d847b260,undefined FUN_18141b0e0(),ghidra,clean,
WHGame.dll,release_1_5_1164953_841,0x141b16c,63,FUN_18141b16c,,,de70443674d8c662e11e6503d1f0406def95a0e79855e746c6ff9b281f0c0d6b,undefined FUN_18141b16c(),ghidra,clean,
WHGame.dll,release_1_5_1164953_841,0x141b1ac,850,FUN_18141b1ac,,,96027b5e3beef9947b09092f02cd5b3643a1e2fe845b8a57def9ccd3b2237cf7,undefined FUN_18141b1ac(),ghidra,clean,
WHGame.dll,release_1_5_1164953_841,0x141b270,5,FUN_18141b270,,,70bf2d6deedcf734920e571ef09558025e359e9a739e5789ffaf6c9299398808,undefined FUN_18141b270(),ghidra,clean,
WHGame.dll,release_1_5_1164953_841,0x141b27c,304,FUN_18141b27c,,,f9c2021084b4e0145bc88a9a7d53bfe7f927097565968d4d2e3f5498fe8b73b7,undefined FUN_18141b27c(),ghidra,clean,
WHGame.dll,release_1_5_1164953_841,0x141b3ac,264,FUN_18141b3ac,,,d3f7b0b36fa16ebbe7f66c50ca3b0e8759c53eb1840757c1cf2c04d519d91871,undefined FUN_18141b3ac(),ghidra,clean,
WHGame.dll,release_1_5_1164953_841,0x141b4b4,155,FUN_18141b4b4,,,35877dd05701ab63f1157daf017e8a8acf6187a92f74209fe1c3f29535f71a80,undefined FUN_18141b4b4(),ghidra,clean,
WHGame.dll,release_1_5_1164953_841,0x141b550,194,FUN_18141b550,,,09b7c7bcc7318276637775f07e296dc2041cc6a6b9fa772c5a50ae48dd5cc81d,undefined FUN_18141b550(),ghidra,clean,
WHGame.dll,release_1_5_1164953_841,0x141b614,155,FUN_18141b614,,,73d59adbd8e8b47514118fbacf72c7cb0e34983d3ed76be167f473da6da601d0,undefined FUN_18141b614(),ghidra,clean,
WHGame.dll,release_1_5_1164953_841,0x141b6b0,298,FUN_18141b6b0,,,66c6d3e8a8d2cdfed8fd7fe464b695cb5d47597bc759f544401b94a5fcbd18ae,undefined FUN_18141b6b0(),ghidra,clean,
WHGame.dll,release_1_5_1164953_841,0x141b7dc,190,FUN_18141b7dc,,,5fb5932b040dfecf830a6977dc14605d60381b3a2d9b007b4790bd25edf1375f,undefined FUN_18141b7dc(),ghidra,clean,
WHGame.dll,release_1_5_1164953_841,0x141b89c,190,FUN_18141b89c,,,89d533116c09686e1d0f5e1013e202eac7c449638a55e5c8e6ba0e3b3fb0b046,undefined FUN_18141b89c(),ghidra,clean,
WHGame.dll,release_1_5_1164953_841,0x141b95c,26,FUN_18141b95c,,,c7022c683094209781e148669d65cabf3e81c56aea17613b26ce362f9d32fb32,undefined FUN_18141b95c(),ghidra,clean,
WHGame.dll,release_1_5_1164953_841,0x141b978,174,FUN_18141b978,,,f20149de7e741b5a218766f8b594cb558350a579b94f44deb90153497b0fa8eb,undefined FUN_18141b978(),ghidra,clean,
WHGame.dll,release_1_5_1164953_841,0x141b9fc,475,FUN_18141b9fc,,,821a0c2e910e518bc01f99f5de222fb8496cbcca3e41ecc343da229e170409c3,undefined FUN_18141b9fc(),ghidra,clean,
WHGame.dll,release_1_5_1164953_841,0x141bb14,155,FUN_18141bb14,,,2495c09cca936a1f0c2b2554c9468d63e5bf367a1ffad7770485fa52aff13003,undefined FUN_18141bb14(),ghidra,clean,
WHGame.dll,release_1_5_1164953_841,0x141bbb0,1131,FUN_18141bbb0,,,1ce06277a0f7e410cc06dd1992d1de1387c333d731d8a2df92320ec3b3dad569,undefined FUN_18141bbb0(),ghidra,clean,
WHGame.dll,release_1_5_1164953_841,0x141c01c,155,FUN_18141c01c,,,ad146558b808f380bf59c3e1df65cad5d91787ed4cc82a03739fd77a33233574,undefined FUN_18141c01c(),ghidra,clean,
WHGame.dll,release_1_5_1164953_841,0x141c0b8,155,FUN_18141c0b8,,,dc4a9e4d7d912943c2217ef14a1bb635d2efeaabfc1a95970f35b32265376a26,undefined FUN_18141c0b8(),ghidra,clean,
WHGame.dll,release_1_5_1164953_841,0x141c154,859,FUN_18141c154,,,a3d7166c7a9e03b56198b0a518c11bb8c039f25e3302a9ee6ac4c66781957ff0,undefined FUN_18141c154(),ghidra,clean,
WHGame.dll,release_1_5_1164953_841,0x141c224,155,FUN_18141c224,,,5ed5afc0729b32d0bd412216e57ae4af65b0112f232e0b31f6356af934368672,undefined FUN_18141c224(),ghidra,clean,
WHGame.dll,release_1_5_1164953_841,0x141c2c0,311,FUN_18141c2c0,,,6ce9ac48a3943942503f6ff0e1a7bf6b2735500931d069f4164d25e0da45c6ce,undefined FUN_18141c2c0(),ghidra,clean,
WHGame.dll,release_1_5_1164953_841,0x141c3f8,311,FUN_18141c3f8,,,5e979b528328e3d2485330258c6d12930ccef41a6dd24c067ae7f9023a56c09c,undefined FUN_18141c3f8(),ghidra,clean,
WHGame.dll,release_1_5_1164953_841,0x141c530,311,FUN_18141c530,,,add3c1620aca581dc00d6e2e2eab86b4096dc6f4378d1352cf901fe44504f32e,undefined FUN_18141c530(),ghidra,clean,
WHGame.dll,release_1_5_1164953_841,0x141c668,2,thunk_FUN_18141c679,,,fb098d13f01f8179be74bd206117cb55a4b3460f436c28219359408cf7825387,undefined thunk_FUN_18141c679(),ghidra,clean,
WHGame.dll,release_1_5_1164953_841,0x141c679,24,FUN_18141c679,,,43ee991fc9c9f2a701585f9d689a3d5eef78b30a16f7efacbed065baa79cd924,undefined FUN_18141c679(),ghidra,clean,
WHGame.dll,release_1_5_1164953_841,0x141c684,185,FUN_18141c684,,,699616f4b2d24f57ffc53664ede21be90077b58d2483ff56190f69c5f98e50cd,undefined FUN_18141c684(),ghidra,clean,
WHGame.dll,release_1_5_1164953_841,0x141c740,113,FUN_18141c740,,,5038959ef380baf62237892ca80f495f95c1060cf2d7e31bfd5f6f996805484d,undefined FUN_18141c740(),ghidra,clean,
WHGame.dll,release_1_5_1164953_841,0x141c7b4,91,FUN_18141c7b4,,,5d463ee6389aa9e3301ea6a44cc843485cd14474f3ed00d09bcf38511dc92c60,undefined FUN_18141c7b4(),ghidra,clean,
WHGame.dll,release_1_5_1164953_841,0x141c810,63,FUN_18141c810,,,c9ec9f2e4301d3147c5afda7fc462978f0c0306b35096a4c88a7d1d4cf65c157,undefined FUN_18141c810(),ghidra,clean,
WHGame.dll,release_1_5_1164953_841,0x141c850,235,FUN_18141c850,,,af61e5d6352df358e5ccf358b970f4b0719e6ffea7a5fd4ccb770c5c0d16d6de,undefined FUN_18141c850(),ghidra,clean,
WHGame.dll,release_1_5_1164953_841,0x141c8f8,21,FUN_18141c8f8,,,a815899aa9a50131c815c7a172e80394882f0ac494dcb30e3eb5cead66513b24,undefined FUN_18141c8f8(),ghidra,clean,
WHGame.dll,release_1_5_1164953_841,0x141c910,65,FUN_18141c910,,,112f4d1f5d59a3e271eb4b91c7bad6cf423f55e3d6c56081cc2d8fc0c1d3f5c7,undefined FUN_18141c910(),ghidra,clean,
WHGame.dll,release_1_5_1164953_841,0x141c954,22,FUN_18141c954,,,ab49281bf2b30131a3e14bed1de16dda6e9f470f4b9a5bc49db409efebd9057e,undefined FUN_18141c954(),ghidra,clean,
WHGame.dll,release_1_5_1164953_841,0x141c96c,80,FUN_18141c96c,,,f07f787f074360758f4c765400a948fff20bd19fa2b28a3166a755fa14ffa228,undefined FUN_18141c96c(),ghidra,clean,
WHGame.dll,release_1_5_1164953_841,0x141c9bc,85,FUN_18141c9bc,,,fb7442a533a663d9917b52edc0041fa2607f79fe770ced5a5fa89caaeabc5fee,undefined FUN_18141c9bc(),ghidra,clean,
WHGame.dll,release_1_5_1164953_841,0x141c9f0,155,FUN_18141c9f0,,,18b0c65adf873e13e75cb01552b20f29a98428651a6610a2b3890b9de1a339cd,undefined FUN_18141c9f0(),ghidra,clean,
WHGame.dll,release_1_5_1164953_841,0x141ca8c,293,FUN_18141ca8c,,,820623c8ab0b15457d6a791eb39aad87ec31b01d7cd74c7cf122e5a56d1ea821,undefined FUN_18141ca8c(),ghidra,clean,
WHGame.dll,release_1_5_1164953_841,0x141cbb4,408,FUN_18141cbb4,,,27c580eaf082dd9a896a0576a07b23a74deeb51ff2a030317a4f50a15549a3a2,undefined FUN_18141cbb4(),ghidra,clean,
WHGame.dll,release_1_5_1164953_841,0x141cd50,180,FUN_18141cd50,,,8737795f6b66f3b56bd3666f8238c2dbf6000e3acf0152870b6898bf54d38858,undefined FUN_18141cd50(),ghidra,clean,
WHGame.dll,release_1_5_1164953_841,0x141ce04,5,thunk_FUN_1809da844,,,cd583fa394aabd130ec1399fb384d35fd22d3df1b7a49460fa93bf44f978fea7,undefined thunk_FUN_1809da844(),ghidra,clean,
WHGame.dll,release_1_5_1164953_841,0x141ce0c,44,FUN_18141ce0c,,,327cf0b1b14c2805ed03cfeace291d7c4299ecbde391a8c3b59490489f1ce0d5,undefined FUN_18141ce0c(),ghidra,clean,
WHGame.dll,release_1_5_1164953_841,0x141ce38,192,FUN_18141ce38,,,05bdd0b464039318097808a8e6ae47b2080c7fd231a2e810eb211d31bb8b69cf,undefined FUN_18141ce38(),ghidra,clean,
WHGame.dll,release_1_5_1164953_841,0x141cef0,101,FUN_18141cef0,,,4529f6bedffb287123289623707b7073cbe5c6c5ad503cf7a751ab2ec8f2b5e9,undefined FUN_18141cef0(),ghidra,clean,
WHGame.dll,release_1_5_1164953_841,0x141cf58,283,FUN_18141cf58,,,9fedac4e3ebe72fd0c8198977041f8ac96e4fce45ce9b4d49dc46cd1e284622d,undefined FUN_18141cf58(),ghidra,clean,
WHGame.dll,release_1_5_1164953_841,0x141d074,542,FUN_18141d074,,,c55c513101ba64e6783ea3bc6aaa2dc35a4a2fa73b0ec78809b09f080019b1cd,undefined FUN_18141d074(),ghidra,clean,
WHGame.dll,release_1_5_1164953_841,0x141d294,122,FUN_18141d294,,,27126ee1d6199d5ef552497f8adff9e6361801d38b4b00c7a110945aed5d904a,undefined FUN_18141d294(),ghidra,clean,
WHGame.dll,release_1_5_1164953_841,0x141d310,280,FUN_18141d310,,,56c85f23296fa6b0829cf4b47751fa1958f56442b79ef62adc29cb651e7866e5,undefined FUN_18141d310(),ghidra,clean,
WHGame.dll,release_1_5_1164953_841,0x141d428,23,FUN_18141d428,,,71ed3d325c23ce1550917e74e9077644abd3840bcce8dfd93445c9b8cdfb540c,undefined FUN_18141d428(),ghidra,clean,
WHGame.dll,release_1_5_1164953_841,0x141d440,184,FUN_18141d440,,,1dca3b1cae22e152a9f76ded05b57a0ad15cd42d6ea283f1717104fb06f55cc3,undefined FUN_18141d440(),ghidra,clean,
WHGame.dll,release_1_5_1164953_841,0x141d4f8,132,FUN_18141d4f8,,,b57e77974ac054e4d63875df561fdc012c29333dadbb704a4298aa8426a5a6d1,undefined FUN_18141d4f8(),ghidra,clean,
WHGame.dll,release_1_5_1164953_841,0x141d57c,281,FUN_18141d57c,,,fd36ac0b140fdcbb4625b3418c9ae1e65c198f74e9c4ba510effe91df33e6af6,undefined FUN_18141d57c(),ghidra,clean,
WHGame.dll,release_1_5_1164953_841,0x141d698,43,FUN_18141d698,,,1a73aed32eca87b95f0b0c26af86ab1873f31fb6083811e6597e0718f5edc87a,undefined FUN_18141d698(),ghidra,clean,
WHGame.dll,release_1_5_1164953_841,0x141d6c4,63,FUN_18141d6c4,,,5df6bc707f47689a0c98dfd9760594f35d3a606c9912f0a50b1224af4dc89f05,undefined FUN_18141d6c4(),ghidra,clean,
WHGame.dll,release_1_5_1164953_841,0x141d704,396,FUN_18141d704,,,962a40a3b24a546baec5ff0063860161bf25c17917a1b14ba8f2dbb46560da69,undefined FUN_18141d704(),ghidra,clean,
WHGame.dll,release_1_5_1164953_841,0x141d894,36,FUN_18141d894,,,538c4755757bd2348e5ee221ebdad5a0d8f1cb3a52043a9c30d703860da2475d,undefined FUN_18141d894(),ghidra,clean,
WHGame.dll,release_1_5_1164953_841,0x141d8bc,141,FUN_18141d8bc,,,d9b95db6813975b4299c8da6fde84fa0cf7c1025ee56beff878f7da3caab51a4,undefined FUN_18141d8bc(),ghidra,clean,
WHGame.dll,release_1_5_1164953_841,0x141d94c,55,FUN_18141d94c,,,f25fda06ba25a83765b4ea868e5b7cd10715cbcdbf9dada6c235cd65bbe8c2ad,undefined FUN_18141d94c(),ghidra,clean,
WHGame.dll,release_1_5_1164953_841,0x141d984,192,FUN_18141d984,,,45496f7ba2fd7b065ef0d68d7b166de17b7052bebc8eb40754770d651b2752b8,undefined FUN_18141d984(),ghidra,clean,
WHGame.dll,release_1_5_1164953_841,0x141da44,290,FUN_18141da44,,,2cfe153c2787cd06e3ac324530bbed4f3482dce1576134589c65f6bb17ad5634,undefined FUN_18141da44(),ghidra,clean,
WHGame.dll,release_1_5_1164953_841,0x141db68,81,FUN_18141db68,,,16e40ff314606a86e432b5779818f85d1a20829079ac90675724b47d19d86105,undefined FUN_18141db68(),ghidra,clean,
WHGame.dll,release_1_5_1164953_841,0x141db9c,11,FUN_18141db9c,,,256dc4f3325842ee5efaf0f4dd5925bcaa5c2db53f8f69342ca30cf96395b1f8,undefined FUN_18141db9c(),ghidra,clean,
WHGame.dll,release_1_5_1164953_841,0x141dba8,94,FUN_18141dba8,,,5af03d44698e5ac637a8d5e3ea4669f2ec1af848507884992775d0b4c954926a,undefined FUN_18141dba8(),ghidra,clean,
WHGame.dll,release_1_5_1164953_841,0x141dc08,70,FUN_18141dc08,,,91065c66a663a596d9d9f557250f2cff5d894f1211af6d2ec0980641e3f381f3,undefined FUN_18141dc08(),ghidra,clean,
WHGame.dll,release_1_5_1164953_841,0x141dc50,145,FUN_18141dc50,,,c3360eb4feaca040257b5e21bb56ea6cc6006902124065c2ce100961926b626c,undefined FUN_18141dc50(),ghidra,clean,
WHGame.dll,release_1_5_1164953_841,0x141dcb8,434,FUN_18141dcb8,,,c7e2d1b9232021fc17b24f6552bda7719b3c05fe1f13a32f86a6583524fd44c2,undefined FUN_18141dcb8(),ghidra,clean,
WHGame.dll,release_1_5_1164953_841,0x141de6c,155,FUN_18141de6c,,,59f9861f1fd9a7a5b93d16a4934b1ee3f453f5f0307c75a6ec7c95720c3950a0,undefined FUN_18141de6c(),ghidra,clean,
WHGame.dll,release_1_5_1164953_841,0x141df08,291,FUN_18141df08,,,ede6203974b16730c1351d832e79dda3c26bfee7e7498cf09cdf4edf05f84e3d,undefined FUN_18141df08(),ghidra,clean,
WHGame.dll,release_1_5_1164953_841,0x141e02c,194,FUN_18141e02c,,,ec4499efae57c81b739ccf61c2d8e9cc4e8ecdf292ffedd96bd43409a8423ab9,undefined FUN_18141e02c(),ghidra,clean,
WHGame.dll,release_1_5_1164953_841,0x141e0f0,155,FUN_18141e0f0,,,7b3376f7ea58ad9b8e88e898813c70491238a9521e09c19d0a3fb7760e2ee053,undefined FUN_18141e0f0(),ghidra,clean,
WHGame.dll,release_1_5_1164953_841,0x141e18c,311,FUN_18141e18c,,,8f4488b0ca61d45fa9e1d410af3ba810725bf2e991c59e3e62c098abccb39499,undefined FUN_18141e18c(),ghidra,clean,
WHGame.dll,release_1_5_1164953_841,0x141e2c4,359,FUN_18141e2c4,,,81472a63ba5a3d5732e44d02ef6f7ccfd53126d4def68c9c30681e05549caaf9,undefined FUN_18141e2c4(),ghidra,clean,
WHGame.dll,release_1_5_1164953_841,0x141e41c,264,FUN_18141e41c,,,517e7354ce29b19a719c3b1150bd628aa44f5e86083984576d9e1ee9fddfd2ee,undefined FUN_18141e41c(),ghidra,clean,
WHGame.dll,release_1_5_1164953_841,0x141e51c,244,FUN_18141e51c,,,9c84bdb9b4b144d98a6adade873f0aeab84fb983670ad38d93d896c2e50fc173,undefined FUN_18141e51c(),ghidra,clean,
WHGame.dll,release_1_5_1164953_841,0x141e610,40,FUN_18141e610,,,548d714cbc28073bd22cb5fe681344b4aed31a214be891e7406566b7f749097f,undefined FUN_18141e610(),ghidra,clean,
WHGame.dll,release_1_5_1164953_841,0x141e638,56,FUN_18141e638,,,788883cd267ec2f9c8898f320d9c0ae9361ad0a962a35d986bf2ace386c6416a,undefined FUN_18141e638(),ghidra,clean,
WHGame.dll,release_1_5_1164953_841,0x141e670,43,FUN_18141e670,,,a12bce78e8b4fff35206f0a01370108e82968b49853b80940cc99dc0e3095aff,undefined FUN_18141e670(),ghidra,clean,
WHGame.dll,release_1_5_1164953_841,0x141e69c,211,FUN_18141e69c,,,e7d2abe43c2557a5b10aa4266733623529c74f8ce4599b0e762c2d2fc6ca8530,undefined FUN_18141e69c(),ghidra,clean,
WHGame.dll,release_1_5_1164953_841,0x141e770,193,FUN_18141e770,,,91f9468f711e51faefa2e22c74aaa08cfc2b9410b500f03cbf850211f8e60dfc,undefined FUN_18141e770(),ghidra,clean,
WHGame.dll,release_1_5_1164953_841,0x141e834,114,FUN_18141e834,,,476f1ee0706d452859a93d67ba833ba8bb3057fd68e0950973b7c0740c4023c8,undefined FUN_18141e834(),ghidra,clean,
WHGame.dll,release_1_5_1164953_841,0x141e8a8,335,FUN_18141e8a8,,,4efa9ef83ac45dfd65fd8b7b7e35e19084ea5509677d884d5984f74ad66a45c9,undefined FUN_18141e8a8(),ghidra,clean,
WHGame.dll,release_1_5_1164953_841,0x141e996,8,FUN_18141e996,,,d584cb1a2afef309eb33a9b90753d6c9a99b0c481366318ccddcba175a3b8c54,undefined FUN_18141e996(),ghidra,clean,
WHGame.dll,release_1_5_1164953_841,0x141e9a8,155,FUN_18141e9a8,,,d48ef3b77a06038849579ba6c0105b60ca39962918eb99f9e8df8c82cc8283f9,undefined FUN_18141e9a8(),ghidra,clean,
WHGame.dll,release_1_5_1164953_841,0x141ea44,155,FUN_18141ea44,,,d413c8575b8be9b6a026cda58615f66c894cfb7368c26a0ca388fb133d096f16,undefined FUN_18141ea44(),ghidra,clean,
WHGame.dll,release_1_5_1164953_841,0x141eae0,155,FUN_18141eae0,,,6df768693be813b1d04995218048f4b3fa02f5e4fb14ef2fe0be57aa1219f864,undefined FUN_18141eae0(),ghidra,clean,
WHGame.dll,release_1_5_1164953_841,0x141eb7c,240,FUN_18141eb7c,,,5c963b8e102077be6fe23117913dea623c228bb549dfc34c3f040e2ef1fcbace,undefined FUN_18141eb7c(),ghidra,clean,
WHGame.dll,release_1_5_1164953_841,0x141ec6c,18,FUN_18141ec6c,,,2a9675cee79b3a2197a6c8fa26b9ddb3851188c2f2b542f3365179b3c9caadbc,undefined FUN_18141ec6c(),ghidra,clean,
WHGame.dll,release_1_5_1164953_841,0x141ec80,298,FUN_18141ec80,,,b12d1ad3675ce005801a5ed6bd639b860d3a15d65363e6efa8f88e003621daa6,undefined FUN_18141ec80(),ghidra,clean,
WHGame.dll,release_1_5_1164953_841,0x141edac,301,FUN_18141edac,,,d97cfa63c518c96aa12d8cc73a68ab74e07e9836d5b113cb1f3d662b65670e66,undefined FUN_18141edac(),ghidra,clean,
WHGame.dll,release_1_5_1164953_841,0x141eedc,142,FUN_18141eedc,,,024e4da6e787baa5b860a007d29fce803503eb8fed8444914c1d0dfe7f1a81ff,undefined FUN_18141eedc(),ghidra,clean,
WHGame.dll,release_1_5_1164953_841,0x141ef6c,5,thunk_FUN_18141ef74,,,b0d40b133b9394d93820ac0104b0065121d2d73df32c7bfb4e4cf5d805a8b103,undefined thunk_FUN_18141ef74(),ghidra,clean,
WHGame.dll,release_1_5_1164953_841,0x141ef74,223,FUN_18141ef74,,,ddc4de643870ad5fd9cc26411876d31c5533b0c2ba841e651cd8fde818e6dc63,undefined FUN_18141ef74(),ghidra,clean,
WHGame.dll,release_1_5_1164953_841,0x141f04c,5,thunk_FUN_18141f054,,,b0d40b133b9394d93820ac0104b0065121d2d73df32c7bfb4e4cf5d805a8b103,undefined thunk_FUN_18141f054(),ghidra,clean,
WHGame.dll,release_1_5_1164953_841,0x141f054,103,FUN_18141f054,,,70f68c3db524ffd24069889a3de8b7e5971b6664b25e0910c518b126af002b69,undefined FUN_18141f054(),ghidra,clean,
WHGame.dll,release_1_5_1164953_841,0x141f0bc,95,FUN_18141f0bc,,,19d58e5ce4cf3eb524596fbdf705b9d8f7b5cebabee8db2d275e340544a66cf6,undefined FUN_18141f0bc(),ghidra,clean,
WHGame.dll,release_1_5_1164953_841,0x141f11c,206,FUN_18141f11c,,,8b85ede7a081ed906bdaefcc65488e269a4dd25d031e16ad1739e271802d1da3,undefined FUN_18141f11c(),ghidra,clean,
WHGame.dll,release_1_5_1164953_841,0x141f1cc,53,FUN_18141f1cc,,,43d15e42b209daac479726e9c7086d6751f6d7e76e75bba31d55781e338afed1,undefined FUN_18141f1cc(),ghidra,clean,
WHGame.dll,release_1_5_1164953_841,0x141f204,147,FUN_18141f204,,,72745a2b4fed1349150c37b546af44da07bc4dd63d9200b8a825046d7a4b0e24,undefined FUN_18141f204(),ghidra,clean,
WHGame.dll,release_1_5_1164953_841,0x141f298,147,FUN_18141f298,,,22a0e6b364213713e65e38a9b00d0b0cca6e7342a86e5d459d9691037c33b51e,undefined FUN_18141f298(),ghidra,clean,
WHGame.dll,release_1_5_1164953_841,0x141f32c,42,FUN_18141f32c,,,ba8f5c30b276a404ee89f50fa7664c238586596365b93d7261aef8629d3c8891,undefined FUN_18141f32c(),ghidra,clean,
WHGame.dll,release_1_5_1164953_841,0x141f358,68,FUN_18141f358,,,7dcfcc5d5485ab9e9d3d1df8b73110ac6712fca72f89eb502862d68e79c503f6,undefined FUN_18141f358(),ghidra,clean,
WHGame.dll,release_1_5_1164953_841,0x141f39c,431,FUN_18141f39c,,,4499c5723a3939bdd269bb6ad1e12a9414af532082acd1dee07a9b3b4e7f98d1,undefined FUN_18141f39c(),ghidra,clean,
WHGame.dll,release_1_5_1164953_841,0x141f4f8,40,FUN_18141f4f8,,,d4618a99ef5c971029cb1e5d6a9299a620275a7830d3b3b8b0f5ef07ec8fa421,undefined FUN_18141f4f8(),ghidra,clean,
WHGame.dll,release_1_5_1164953_841,0x141f520,42,FUN_18141f520,,,484fecbb04dc1936ee9cef10888a9c249ad9aa1a9d9f872a72f52ed29fe014de,undefined FUN_18141f520(),ghidra,clean,
WHGame.dll,release_1_5_1164953_841,0x141f54c,100,FUN_18141f54c,,,15d6d60b75795a5030c99e6298d21d21b41db386f81fb335e19863029ab021df,undefined FUN_18141f54c(),ghidra,clean,
WHGame.dll,release_1_5_1164953_841,0x141f5b0,328,FUN_18141f5b0,,,936eedd43d0054ee2a2c9c73e395d74e33d98be2e72a025fe6d0e59c8940f72f,undefined FUN_18141f5b0(),ghidra,clean,
WHGame.dll,release_1_5_1164953_841,0x141f6fc,100,FUN_18141f6fc,,,f3fd15e0b44c207a47a775700824e2c6d4d2c77df4d056c780fc7464fec5e396,undefined FUN_18141f6fc(),ghidra,clean,
WHGame.dll,release_1_5_1164953_841,0x141f760,73,FUN_18141f760,,,fee57c750b09af7c9e6fbbf3be0b1aba4b2fe6f5e539398e260f6dd955888dc6,undefined FUN_18141f760(),ghidra,clean,
WHGame.dll,release_1_5_1164953_841,0x141f7ac,97,FUN_18141f7ac,,,e53c535a9a4de049da94602fbd9752a157fbaae2fd5dc757c8de9d1c75740e3a,undefined FUN_18141f7ac(),ghidra,clean,
WHGame.dll,release_1_5_1164953_841,0x141f810,285,FUN_18141f810,,,8faf628bf013e4d4086693a2c3990aa8ccf24d3c4a864db519f1f4972b38113d,undefined FUN_18141f810(),ghidra,clean,
WHGame.dll,release_1_5_1164953_841,0x141f91c,44,FUN_18141f91c,,,2216f5a4b8b417fd1cdb8932e7300717a37777e1b6134de33b24e1434e862218,undefined FUN_18141f91c(),ghidra,clean,
WHGame.dll,release_1_5_1164953_841,0x141f93c,234,FUN_18141f93c,,,967ec69cde57617d5af8ece87bc52807a1630a72ad710d5dcd7e7e87bc2c8045,undefined FUN_18141f93c(),ghidra,clean,
WHGame.dll,release_1_5_1164953_841,0x141fa28,296,FUN_18141fa28,,,7775e0f2760c3ac7b9b637bdd5e05d45d020cea59f7888c4c997be45c99835a0,undefined FUN_18141fa28(),ghidra,clean,
WHGame.dll,release_1_5_1164953_841,0x141fb50,536,FUN_18141fb50,,,f33068b71b865ec99fef06aa7be267ec25f6c724ab0735c0fe1b822b1874f671,undefined FUN_18141fb50(),ghidra,clean,
WHGame.dll,release_1_5_1164953_841,0x141fd68,273,FUN_18141fd68,,,35085fff2be24c3369684d5c73695fb2511dea173810d24dc6755567d4372677,undefined FUN_18141fd68(),ghidra,clean,
WHGame.dll,release_1_5_1164953_841,0x141fe6c,196,FUN_18141fe6c,,,5048a9d1c1453f9d5b923fb144b3cf114da02c3a8773ce323d298dc444766dc7,undefined FUN_18141fe6c(),ghidra,clean,
WHGame.dll,release_1_5_1164953_841,0x141ff28,175,FUN_18141ff28,,,b07047131ac8f0a7f9273e9f86293e017a615b67291b0f7abc51d997d6f952ad,undefined FUN_18141ff28(),ghidra,clean,
WHGame.dll,release_1_5_1164953_841,0x141ffd8,317,FUN_18141ffd8,,,eb40c6f2515b1023b22f7cf43fe8b5e795683c13be9e97c25fab34b6c9c7d4a3,undefined FUN_18141ffd8(),ghidra,clean,
WHGame.dll,release_1_5_1164953_841,0x1420104,264,FUN_181420104,,,9721acbd079395e23a2fa0f4cd88fe46ae330f43a739cc76c7d0ab387371e1ef,undefined FUN_181420104(),ghidra,clean,
WHGame.dll,release_1_5_1164953_841,0x1420204,243,FUN_181420204,,,1f7257a44f7734fedbce8473b3309eaf4b12419f43a03e19f420c295c9839af5,undefined FUN_181420204(),ghidra,clean,
WHGame.dll,release_1_5_1164953_841,0x14202f8,791,FUN_1814202f8,,,c6b88f036b74ac4fa0e32a6f0b82bbbb3570e0de7233fbec31a44afd74e02758,undefined FUN_1814202f8(),ghidra,clean,
WHGame.dll,release_1_5_1164953_841,0x14203f8,26,FUN_1814203f8,,,819234953c91d716a341edb10dcca2267107efa13f78881bbca64f4a7a11eeca,undefined FUN_1814203f8(),ghidra,clean,
WHGame.dll,release_1_5_1164953_841,0x1420414,155,FUN_181420414,,,2c7d3bd01e77a4e5175a6a906b8df067acb84430a6b21b7ac775c43280841870,undefined FUN_181420414(),ghidra,clean,
WHGame.dll,release_1_5_1164953_841,0x14204b0,298,FUN_1814204b0,,,0f2f910da83623ea2e3e3656d3d1354bae1bf16734fabde0f0a796cca211fa1f,undefined FUN_1814204b0(),ghidra,clean,
WHGame.dll,release_1_5_1164953_841,0x14205dc,26,FUN_1814205dc,,,819234953c91d716a341edb10dcca2267107efa13f78881bbca64f4a7a11eeca,undefined FUN_1814205dc(),ghidra,clean,
WHGame.dll,release_1_5_1164953_841,0x14205f8,155,FUN_1814205f8,,,dc9f3e1bbd79711220880b0985abe1e9623b0a4cbf566b60ddc06968d849d910,undefined FUN_1814205f8(),ghidra,clean,
WHGame.dll,release_1_5_1164953_841,0x1420694,298,FUN_181420694,,,32d8cfd3eef314bb0add707577f9c5ef7acdcc7ea9465362ac78a47859b55c32,undefined FUN_181420694(),ghidra,clean,
WHGame.dll,release_1_5_1164953_841,0x14207c0,304,FUN_1814207c0,,,97e8df6dadaeb0ac23221a2464225e1e08b80b35ce8da734823d919c1e86c425,undefined FUN_1814207c0(),ghidra,clean,
WHGame.dll,release_1_5_1164953_841,0x14208f0,335,FUN_1814208f0,,,408e1d6dacce2136f061e4cb08b02fa080b1cd5ee879acbc2767fe25cb893eef,undefined FUN_1814208f0(),ghidra,clean,
WHGame.dll,release_1_5_1164953_841,0x14209de,8,FUN_1814209de,,,d584cb1a2afef309eb33a9b90753d6c9a99b0c481366318ccddcba175a3b8c54,undefined FUN_1814209de(),ghidra,clean,
WHGame.dll,release_1_5_1164953_841,0x14209f0,155,FUN_1814209f0,,,e94b75217c22b22ff6adf8c2104c5cf5e871c9af708ce47332360194283c9e00,undefined FUN_1814209f0(),ghidra,clean,
WHGame.dll,release_1_5_1164953_841,0x1420a8c,155,FUN_181420a8c,,,924adc60d92f5832d766c1c67259fc30f1e5750eca91f2e81d748835cc31d0f3,undefined FUN_181420a8c(),ghidra,clean,
WHGame.dll,release_1_5_1164953_841,0x1420b28,155,FUN_181420b28,,,23d43e8e1f4c905db4050f90ad5cf1a5d36f21d0126794e90ef3a73eff109109,undefined FUN_181420b28(),ghidra,clean,
WHGame.dll,release_1_5_1164953_841,0x1420bc4,242,FUN_181420bc4,,,cf743ab15215a601492371d47a026ddfb5d2627a7f449930619d8bd422f98008,undefined FUN_181420bc4(),ghidra,clean,
WHGame.dll,release_1_5_1164953_841,0x1420cb8,18,FUN_181420cb8,,,c830698098f85ad9414efbb9c15ea8cc2f36020c90941d9287a271dec2bcc019,undefined FUN_181420cb8(),ghidra,clean,
WHGame.dll,release_1_5_1164953_841,0x1420ccc,298,FUN_181420ccc,,,9632a646009b570243d9ae69c582cce3ef559df174e2954293658a67fdbdb79d,undefined FUN_181420ccc(),ghidra,clean,
WHGame.dll,release_1_5_1164953_841,0x1420df8,287,FUN_181420df8,,,6bb8c29bd9be92493975812492aa5e3e62c267c5d653d464f9b864874b719aa5,undefined FUN_181420df8(),ghidra,clean,
WHGame.dll,release_1_5_1164953_841,0x1420f18,14,FUN_181420f18,,,423c4484cd076381c67c486f01461df1ac62e81bdb49d2742b0e5bc191ff6083,undefined FUN_181420f18(),ghidra,clean,
WHGame.dll,release_1_5_1164953_841,0x1420f28,180,FUN_181420f28,,,7d3f50030d5e20d3e44852814770a2ff7a7bd353beaab474acc3fefa8f8021f0,undefined FUN_181420f28(),ghidra,clean,
WHGame.dll,release_1_5_1164953_841,0x1420fdc,30,FUN_181420fdc,,,58f0ff3503e6a3f23c323ff950c7d38e8d59c7399439b86129ce9954fc3de911,undefined FUN_181420fdc(),ghidra,clean,
WHGame.dll,release_1_5_1164953_841,0x1420ffc,155,FUN_181420ffc,,,1a359382e381ab99642bdec010b54adafceff95a9f2cc29c6e80cdf26e9b9303,undefined FUN_181420ffc(),ghidra,clean,
WHGame.dll,release_1_5_1164953_841,0x1421098,311,FUN_181421098,,,44330aee7aaaf985e8574344706e23249750c86c852ff9a5943c728b660de840,undefined FUN_181421098(),ghidra,clean,
WHGame.dll,release_1_5_1164953_841,0x14211d0,52,FUN_1814211d0,,,d331cd1c7af5de915d3eca90794ee58366574a7f73ee3b7aff4a37e085c3d74d,undefined FUN_1814211d0(),ghidra,clean,
WHGame.dll,release_1_5_1164953_841,0x1421204,26,FUN_181421204,,,de0a90ca3fd6c35a07a5b3da459907f279af7e12761eac3e55e145836ce7d32b,undefined FUN_181421204(),ghidra,clean,
WHGame.dll,release_1_5_1164953_841,0x1421220,58,FUN_181421220,,,4ac250fc746d6ec03fb12e2220d4bfde7152a303df7c4002f91444b757b9f5af,undefined FUN_181421220(),ghidra,clean,
WHGame.dll,release_1_5_1164953_841,0x142125c,53,FUN_18142125c,,,b98c982df9e4d8bf83562d0ad4f84e8c7c9c31f745e140aa05f725a5d909ec44,undefined FUN_18142125c(),ghidra,clean,
WHGame.dll,release_1_5_1164953_841,0x1421284,155,FUN_181421284,,,6c0a4cb4d38899f578fb4233fde629fc7e9ad60ce62c6d083048d2b7b0c52d50,undefined FUN_181421284(),ghidra,clean,
WHGame.dll,release_1_5_1164953_841,0x1421320,291,FUN_181421320,,,fb8b0df6fb5732bc7c7567160c0b452a0c505f125da5fb749f5b9e6ea4de5b52,undefined FUN_181421320(),ghidra,clean,
WHGame.dll,release_1_5_1164953_841,0x1421444,431,FUN_181421444,,,16795b66e936fc3c4f2c55d46b97042fc47cca50c2bad92acd21bec1a6108b43,undefined FUN_181421444(),ghidra,clean,
WHGame.dll,release_1_5_1164953_841,0x14215f4,208,FUN_1814215f4,,,3cb81ea88b088b9744090785b60acab2c4a7510d6412cb1cb71cf04b0f598551,undefined FUN_1814215f4(),ghidra,clean,
WHGame.dll,release_1_5_1164953_841,0x14216c4,140,FUN_1814216c4,,,6bc0bd0733188c2117c14275c25bb6632864843d3326683a75fc13802299bff9,undefined FUN_1814216c4(),ghidra,clean,
WHGame.dll,release_1_5_1164953_841,0x1421750,49,FUN_181421750,,,1d23f2250c2386b8b0b0468d78b336be6d106ddea12786189905da3dcf11d490,undefined FUN_181421750(),ghidra,clean,
WHGame.dll,release_1_5_1164953_841,0x1421784,105,FUN_181421784,,,5a75772a677f245d37d2d4dab21282856f760efaf043d3aafc9f8d4c5efcdf89,undefined FUN_181421784(),ghidra,clean,
WHGame.dll,release_1_5_1164953_841,0x14217f0,47,FUN_1814217f0,,,1ab0d4d847c6f70c8d68af4eaf4850aef61b29d0d0c2adbbd8cd110c96ad0613,undefined FUN_1814217f0(),ghidra,clean,
WHGame.dll,release_1_5_1164953_841,0x1421820,46,FUN_181421820,,,f4b9e79dbdc2d479567c11307205221b488941d699d65bb67ae0b71104cdcbee,undefined FUN_181421820(),ghidra,clean,
WHGame.dll,release_1_5_1164953_841,0x1421850,80,FUN_181421850,,,20032a21fa519c49dcd6e3f60311a5d5e12b3330e0d057d130c28fe827341c4f,undefined FUN_181421850(),ghidra,clean,
WHGame.dll,release_1_5_1164953_841,0x14218a0,80,FUN_1814218a0,,,7ad3b4ae29549c652796e62818793fe56f26c370b8a7c424c3e49cedfc551c26,undefined FUN_1814218a0(),ghidra,clean,
WHGame.dll,release_1_5_1164953_841,0x14218f0,80,FUN_1814218f0,,,f38b3449f67c8c092fd289a7da21bf745b21dd18cc662e80feefe9c6c6e1c958,undefined FUN_1814218f0(),ghidra,clean,
WHGame.dll,release_1_5_1164953_841,0x1421940,85,FUN_181421940,,,80b0dcd6e15ee27ed6fc2ebb8c36f5738d3462a181684b7883073af284a2f986,undefined FUN_181421940(),ghidra,clean,
WHGame.dll,release_1_5_1164953_841,0x1421974,194,FUN_181421974,,,55d48cc1e068f54aefa250b96a72f4cc931c9ab06382b69a4c01c1870d2397b5,undefined FUN_181421974(),ghidra,clean,
WHGame.dll,release_1_5_1164953_841,0x1421a38,155,FUN_181421a38,,,dccacd33288c8b1ca14a294dee9c0acb09827493c0fc32a5f3994b51e49e16c0,undefined FUN_181421a38(),ghidra,clean,
WHGame.dll,release_1_5_1164953_841,0x1421ad4,291,FUN_181421ad4,,,9c557e801a491779b725eb92e09b05dc250c4e6c4642c6261ccb4a1d84b66795,undefined FUN_181421ad4(),ghidra,clean,
WHGame.dll,release_1_5_1164953_841,0x1421bf8,180,FUN_181421bf8,,,dfce1be2ae7be55f082754e3f5e09156c6cdd6f8ef62ff62be110dfede147b64,undefined FUN_181421bf8(),ghidra,clean,
WHGame.dll,release_1_5_1164953_841,0x1421cac,30,FUN_181421cac,,,fdf6288750851bc3e837a6bf318a5805d6eb0e7540c3f13f67aea5fd3d3c7df5,undefined FUN_181421cac(),ghidra,clean,
WHGame.dll,release_1_5_1164953_841,0x1421ccc,284,FUN_181421ccc,,,e95fe9ea78f212a0289f87813fcb9d43f441de3c7d9a37032ff22b188e5b81ee,undefined FUN_181421ccc(),ghidra,clean,
WHGame.dll,release_1_5_1164953_841,0x1421ddc,261,FUN_181421ddc,,,95d0d37124b499afca9576b8450523eb7e8b1d925176426a318f44d28f6e2a0c,undefined FUN_181421ddc(),ghidra,clean,
WHGame.dll,release_1_5_1164953_841,0x1421ed8,190,FUN_181421ed8,,,89925cfe9c7de283d89bb9f9ac65b0346f6f96fb765ee520242bcd44d324a7e7,undefined FUN_181421ed8(),ghidra,clean,
WHGame.dll,release_1_5_1164953_841,0x1421f98,233,FUN_181421f98,,,839d8bc88db957fc580e2321924a8cecaf733a7c7bb00c9dfa93de302e9cfa79,undefined FUN_181421f98(),ghidra,clean,
WHGame.dll,release_1_5_1164953_841,0x1422084,26,FUN_181422084,,,dc8c6ecafb72529c18a3a2b9a8dfd72be157b2b942871f05aa20199acb5a3657,undefined FUN_181422084(),ghidra,clean,
WHGame.dll,release_1_5_1164953_841,0x14220a0,828,FUN_1814220a0,,,0c871a529e06abf21e1b8904bde48e6077019dd3a81bfbba4746dc8af9d2e3da,undefined FUN_1814220a0(),ghidra,clean,
WHGame.dll,release_1_5_1164953_841,0x14221b8,38,FUN_1814221b8,,,175586979bdb9fd3eb4af6bc6528dd4f97ca1e1a6907996ba0a2060e6e828562,undefined FUN_1814221b8(),ghidra,clean,
WHGame.dll,release_1_5_1164953_841,0x14221e0,155,FUN_1814221e0,,,b7db92f5ce305c304e967a4ccea19abb945d57fd1e623d8fe38f0394469337ac,undefined FUN_1814221e0(),ghidra,clean,
WHGame.dll,release_1_5_1164953_841,0x142227c,291,FUN_18142227c,,,7eb64705b56524bda18289598259d25055216d22ab47e3b0e3e80556dfd1ab41,undefined FUN_18142227c(),ghidra,clean,
WHGame.dll,release_1_5_1164953_841,0x14223a0,110,FUN_1814223a0,,,55011ab2c5b873ec007d307ebfa1825274f67b749a8af6b61145d7a99ad4ace9,undefined FUN_1814223a0(),ghidra,clean,
WHGame.dll,release_1_5_1164953_841,0x1422410,212,FUN_181422410,,,3e472171696e440460a1af5d5c352c270dbd54165288e3c64610960f0740a6c0,undefined FUN_181422410(),ghidra,clean,
WHGame.dll,release_1_5_1164953_841,0x14224c8,5,thunk_FUN_1814224d0,,,b0d40b133b9394d93820ac0104b0065121d2d73df32c7bfb4e4cf5d805a8b103,undefined thunk_FUN_1814224d0(),ghidra,clean,
WHGame.dll,release_1_5_1164953_841,0x14224d0,103,FUN_1814224d0,,,a944cdc81aed72a30d875fb282cd4f67301eb419f97b34e34604e02a92657c92,undefined FUN_1814224d0(),ghidra,clean,
WHGame.dll,release_1_5_1164953_841,0x1422538,95,FUN_181422538,,,e3426dd738031f2dc8b16aed612d56495b0f2d2a13c2804e3ca2834f77905c66,undefined FUN_181422538(),ghidra,clean,
WHGame.dll,release_1_5_1164953_841,0x1422598,211,FUN_181422598,,,89a99fa7bb84a6386c55cf53e55780622eb9ac034c1f6e811b6c425223c4bb10,undefined FUN_181422598(),ghidra,clean,
WHGame.dll,release_1_5_1164953_841,0x1422650,53,FUN_181422650,,,f15deee4f5077e82dca20a5c47172ef807ef339dcb52ecad71766c028aa1f06c,undefined FUN_181422650(),ghidra,clean,
WHGame.dll,release_1_5_1164953_841,0x1422688,147,FUN_181422688,,,78dff48f948a36f6cdfdc5d4501d0c01d625f9de4debcc15af75a7c9e5a10e3f,undefined FUN_181422688(),ghidra,clean,
WHGame.dll,release_1_5_1164953_841,0x142271c,147,FUN_18142271c,,,cc0f4411aa597d2dee42daca36815a6457dad475587ebcc4fa28fa6b8598b345,undefined FUN_18142271c(),ghidra,clean,
WHGame.dll,release_1_5_1164953_841,0x14227b0,147,FUN_1814227b0,,,911d203ef87042a5aecbb4fe267e3049bab55b5ebb82a52c98e130ab81f78b33,undefined FUN_1814227b0(),ghidra,clean,
WHGame.dll,release_1_5_1164953_841,0x1422844,42,FUN_181422844,,,9f56b03e1aa166f9bdbe4135db8eb62eaca372d08c6e872498f9f2bd31c88008,undefined FUN_181422844(),ghidra,clean,
WHGame.dll,release_1_5_1164953_841,0x1422870,68,FUN_181422870,,,9f1417ed6bedcb5e74c722131efe773cfbcb9a2a878cc7803f72241bef67df49,undefined FUN_181422870(),ghidra,clean,
WHGame.dll,release_1_5_1164953_841,0x14228b4,431,FUN_1814228b4,,,1e25fa97e0dcc55c336734fe2c889f4b0619fe7ae1ceaef54a94eef80dd39d29,undefined FUN_1814228b4(),ghidra,clean,
WHGame.dll,release_1_5_1164953_841,0x1422a10,40,FUN_181422a10,,,163d66f41e585d242aeb425b01f5a51f0472ace19137a575f2b503fa57e729c0,undefined FUN_181422a10(),ghidra,clean,
WHGame.dll,release_1_5_1164953_841,0x1422a38,42,FUN_181422a38,,,af258ce7b3c30db8770ccd0dfe646fc02738cee90891d4fe5a80d846842c0832,undefined FUN_181422a38(),ghidra,clean,
WHGame.dll,release_1_5_1164953_841,0x1422a64,100,FUN_181422a64,,,39e93c578acc0babfd3a92410d5d6b6a3d28478503254e0fb6b3cfe4c7ae9716,undefined FUN_181422a64(),ghidra,clean,
WHGame.dll,release_1_5_1164953_841,0x1422ac8,328,FUN_181422ac8,,,6163fa8d861681be115a6f7e76c918dde639663f02a4a1def4a1b6cc12ad4373,undefined FUN_181422ac8(),ghidra,clean,
WHGame.dll,release_1_5_1164953_841,0x1422c14,100,FUN_181422c14,,,b8f33b0d03e53238faa8722f589e11496be8c70a035b0f30fa99297f2efaaa17,undefined FUN_181422c14(),ghidra,clean,
WHGame.dll,release_1_5_1164953_841,0x1422c78,190,FUN_181422c78,,,81e0c280a11421ae8bc445895d0a28d608b42b1db3e02f1ebd02d4844c9c120b,undefined FUN_181422c78(),ghidra,clean,
WHGame.dll,release_1_5_1164953_841,0x1422d38,313,FUN_181422d38,,,b85d0e40d4e6d406b12c7b80f54203a5b9a63f853654e639aa191fd7e845f8e8,undefined FUN_181422d38(),ghidra,clean,
WHGame.dll,release_1_5_1164953_841,0x1422e74,315,FUN_181422e74,,,97aa0257c46c5ed83a37cf953c11f060d947c1b59143ad2bc2bcf265b828df74,undefined FUN_181422e74(),ghidra,clean,
WHGame.dll,release_1_5_1164953_841,0x1422fb0,212,FUN_181422fb0,,,aa27d07749715e82e4ac526caf6c5b75dfd60f72e7bc8c4dfc06e35df984436c,undefined FUN_181422fb0(),ghidra,clean,
WHGame.dll,release_1_5_1164953_841,0x1423088,223,FUN_181423088,,,69359be21b1d054f8e2fc1efe80e57f9ff4a0d7e244a32bca0a74bd0985c683e,undefined FUN_181423088(),ghidra,clean,
WHGame.dll,release_1_5_1164953_841,0x1423168,26,FUN_181423168,,,e6d197977e1d1b718a1dd932f7bbaf7043313f9cfcbaba098116f226d49e3b54,undefined FUN_181423168(),ghidra,clean,
WHGame.dll,release_1_5_1164953_841,0x1423184,51,FUN_181423184,,,bef8340725f6ad16aec56092d03cdd773138f8c02e0a39358890c563f62af5b2,undefined FUN_181423184(),ghidra,clean,
WHGame.dll,release_1_5_1164953_841,0x14231b8,413,FUN_1814231b8,,,c06a1ed0db99de94b305bf1bdc1d19872a63f53d7d866a9d92b33616c5caf97a,undefined FUN_1814231b8(),ghidra,clean,
WHGame.dll,release_1_5_1164953_841,0x1423350,201,FUN_181423350,,,86e85f11b1fb3b99b787c253171f82927037489d9c91d1b18b9cf5d91c53069b,undefined FUN_181423350(),ghidra,clean,
WHGame.dll,release_1_5_1164953_841,0x142341c,195,FUN_18142341c,,,fae3bbc120b31d5a1878c80662dba23dbbe39cc551eefd1d89deef9f3d2404d6,undefined FUN_18142341c(),ghidra,clean,
WHGame.dll,release_1_5_1164953_841,0x14234e0,18,FUN_1814234e0,,,f34577dd47f9d5e946afc76fc3c9bc858b967e0cc0f043b6e4e6fda51eb25db5,undefined FUN_1814234e0(),ghidra,clean,
WHGame.dll,release_1_5_1164953_841,0x14234f4,290,FUN_1814234f4,,,a9c0e3226ccf42027c45b790269c58f550fdeb92e027e4a58c41f8eac9241c8d,undefined FUN_1814234f4(),ghidra,clean,
WHGame.dll,release_1_5_1164953_841,0x1423618,92,FUN_181423618,,,d152b456874f5b18b11ac474cea180dcce095088ecc0f97fc2ec9040a6da821b,undefined FUN_181423618(),ghidra,clean,
WHGame.dll,release_1_5_1164953_841,0x1423658,11,FUN_181423658,,,256dc4f3325842ee5efaf0f4dd5925bcaa5c2db53f8f69342ca30cf96395b1f8,undefined FUN_181423658(),ghidra,clean,
WHGame.dll,release_1_5_1164953_841,0x1423664,35,FUN_181423664,,,0a63d555b08bc7b7c10feb59154c2128345f685bf2ca060232f9a5e16be54353,undefined FUN_181423664(),ghidra,clean,
WHGame.dll,release_1_5_1164953_841,0x1423688,124,FUN_181423688,,,b366e8496daeee48dfc4c7d0256999b1424070263a2bf42380c6533fdbde09a1,undefined FUN_181423688(),ghidra,clean,
WHGame.dll,release_1_5_1164953_841,0x14236e4,8,FUN_1814236e4,,,3411752be390e85c8be841b6eacbbda389cba4b8ed31751fe764f751b0a79ec4,undefined FUN_1814236e4(),ghidra,clean,
WHGame.dll,release_1_5_1164953_841,0x14236ec,190,FUN_1814236ec,,,68506d880247fcbadd41ee9dd42a64e86a6432c5ae25fb354e63b3f5bcd9c979,undefined FUN_1814236ec(),ghidra,clean,
WHGame.dll,release_1_5_1164953_841,0x14237ac,190,FUN_1814237ac,,,63252c11fda4f2578b08c659503ff4b73d928a912d87ce60a93331a46e7a3e06,undefined FUN_1814237ac(),ghidra,clean,
WHGame.dll,release_1_5_1164953_841,0x142386c,184,FUN_18142386c,,,8349c352a029f1b173d65a91cd257acb1334863ece42fb9f80a1b995fbbef44c,undefined FUN_18142386c(),ghidra,clean,
WHGame.dll,release_1_5_1164953_841,0x1423924,234,FUN_181423924,,,3635a5a6a7114a0b4df744566179bce06a592a12a90d352ab16957350cb04aa3,undefined FUN_181423924(),ghidra,clean,
WHGame.dll,release_1_5_1164953_841,0x1423a10,26,FUN_181423a10,,,b15bd98ea750a4dac31d531dd0605601ccaf49691c7de746ed48715037cd5988,undefined FUN_181423a10(),ghidra,clean,
WHGame.dll,release_1_5_1164953_841,0x1423a2c,464,FUN_181423a2c,,,750a60d22fc1e209220a55c21e3da5b78a3cc4d6d9d7c8990c17d8e5f7455691,undefined FUN_181423a2c(),ghidra,clean,
WHGame.dll,release_1_5_1164953_841,0x1423ae4,197,FUN_181423ae4,,,7ae25a894b840e2b815def3c5ea6add1c769dc4e1a712fe9939599d41fd3d935,undefined FUN_181423ae4(),ghidra,clean,
WHGame.dll,release_1_5_1164953_841,0x1423bac,457,FUN_181423bac,,,89d7b5c58263219e7decfc90e49898dc5c074425bb1907e8c2b11a259c432c2c,undefined FUN_181423bac(),ghidra,clean,
WHGame.dll,release_1_5_1164953_841,0x1423c87,5,FUN_181423c87,,,429ed2061393a7652145207d46f7c763c0adca2f7f920cfe42039faac9bc3d51,undefined FUN_181423c87(),ghidra,clean,
WHGame.dll,release_1_5_1164953_841,0x1423c90,23,FUN_181423c90,,,4a2215c3e820937481093c41c3a2c4fdd1b034767afb06c5e8afd475b2e2dc6a,undefined FUN_181423c90(),ghidra,clean,
WHGame.dll,release_1_5_1164953_841,0x1423ca8,155,FUN_181423ca8,,,dfb0739697888edb2a937b50639eee04f7d22c709c805763d14b7c8e655fad3f,undefined FUN_181423ca8(),ghidra,clean,
WHGame.dll,release_1_5_1164953_841,0x1423d44,291,FUN_181423d44,,,3be96e86ad2c29b5b937d96d51f6e14442d7bb8d241e30790d13c7c4752c3d9a,undefined FUN_181423d44(),ghidra,clean,
WHGame.dll,release_1_5_1164953_841,0x1423e68,71,FUN_181423e68,,,35a461c17619ca0303f388fe10daabe9e65851b9fa90ac60bde659e87dda2329,undefined FUN_181423e68(),ghidra,clean,
WHGame.dll,release_1_5_1164953_841,0x1423eb0,30,FUN_181423eb0,,,4bfc8cf9fdcb28974aebd4f05b119a6fac37cfaa0548fc321d1234f8c98874d7,undefined FUN_181423eb0(),ghidra,clean,
WHGame.dll,release_1_5_1164953_841,0x1423ed0,155,FUN_181423ed0,,,d88284d824b66de751f047d3991b2dc6e47b7d263b92ee7e01c3c05710fcedb4,undefined FUN_181423ed0(),ghidra,clean,
WHGame.dll,release_1_5_1164953_841,0x1423f6c,291,FUN_181423f6c,,,55cf602d3984d93b53fd8e2916e8970c79221e4c5ab8a0fbdfaa9fb78eb85ce7,undefined FUN_181423f6c(),ghidra,clean,
WHGame.dll,release_1_5_1164953_841,0x1424090,50,FUN_181424090,,,dd6636d5e32903d63969dc664ef5154964dd3a542b8cbd5d3040103018a8beef,undefined FUN_181424090(),ghidra,clean,
WHGame.dll,release_1_5_1164953_841,0x14240c4,74,FUN_1814240c4,,,ec6b9a2310e4eb7f6aefcbf4956dbccd7214062dc4021dba7a2eebdbd2964824,undefined FUN_1814240c4(),ghidra,clean,
WHGame.dll,release_1_5_1164953_841,0x1424110,26,FUN_181424110,,,b9709a3afb050374a2b07237e5c34d44fb0600a7960ec127e46fb582d1ad5f6c,undefined FUN_181424110(),ghidra,clean,
WHGame.dll,release_1_5_1164953_841,0x142412c,96,FUN_18142412c,,,ffdda02e7993dca1326364c723bc6916576569a953dd95bc3918d002b220bdaa,undefined FUN_18142412c(),ghidra,clean,
WHGame.dll,release_1_5_1164953_841,0x142418c,85,FUN_18142418c,,,a482193ae977c85edc66dcdb841c4f81482023b9374286da69f4294f6f35c218,undefined FUN_18142418c(),ghidra,clean,
WHGame.dll,release_1_5_1164953_841,0x14241c0,204,FUN_1814241c0,,,5a8effaac400d3b61a367ab78f806749284a70c5228248210c1851c8a77c1612,undefined FUN_1814241c0(),ghidra,clean,
WHGame.dll,release_1_5_1164953_841,0x142426c,204,FUN_18142426c,,,44e0206f4770892702654661235e9f96b5e4d2a1fffe5742f979856ac241d079,undefined FUN_18142426c(),ghidra,clean,
WHGame.dll,release_1_5_1164953_841,0x1424318,376,FUN_181424318,,,e5e57121f8cf316ca646e7c4ed55196371111ab60537287e03bc603bd897e817,undefined FUN_181424318(),ghidra,clean,
WHGame.dll,release_1_5_1164953_841,0x142444c,26,FUN_18142444c,,,c8295da899886e6310e8743421090a7537d25e7d81ffaff46e70a3b5be39cc8f,undefined FUN_18142444c(),ghidra,clean,
WHGame.dll,release_1_5_1164953_841,0x1424468,110,FUN_181424468,,,349d5d63944a6017613ff3121b15e26166e9cf2063a79f027d98ddd0decda079,undefined FUN_181424468(),ghidra,clean,
WHGame.dll,release_1_5_1164953_841,0x14244c8,151,FUN_1814244c8,,,1f62a207ee4673193d73f1bad5ad4a9ec4c5519d4401fc9e9123333315086197,undefined FUN_1814244c8(),ghidra,clean,
WHGame.dll,release_1_5_1164953_841,0x1424560,151,FUN_181424560,,,259712b2ffcc9b9b0725de4643dc5636c9b733f0440d83bbf05de96895305cd9,undefined FUN_181424560(),ghidra,clean,
WHGame.dll,release_1_5_1164953_841,0x14245f8,151,FUN_1814245f8,,,9b0063bfc3830359cd8cdfb46777b1ed2329af834549a413625b3aedbdd29899,undefined FUN_1814245f8(),ghidra,clean,
WHGame.dll,release_1_5_1164953_841,0x1424690,151,FUN_181424690,,,f7258c70bfa039332fd2d32b6ee1286a1d9069e0c8d6656feb17113f87e8a250,undefined FUN_181424690(),ghidra,clean,
WHGame.dll,release_1_5_1164953_841,0x1424728,151,FUN_181424728,,,0feedff52c6ad709e5ba4fffdeb82d3b4f78a6950d2182206dfe29e7a215b758,undefined FUN_181424728(),ghidra,clean,
WHGame.dll,release_1_5_1164953_841,0x14247c0,155,FUN_1814247c0,,,bf59dbb55416d141dcd085f5efc4ee4e0119675287ee5ca765c663cc213777d8,undefined FUN_1814247c0(),ghidra,clean,
WHGame.dll,release_1_5_1164953_841,0x142485c,304,FUN_18142485c,,,668ab815bee6b95f6e64a793c6c4717b6031255024b1bf7fa2e400b565ecc39b,undefined FUN_18142485c(),ghidra,clean,
WHGame.dll,release_1_5_1164953_841,0x142498c,155,FUN_18142498c,,,b5683e7f113b0e3fed9452f110245278b790cb5809628fa184277285dadba861,undefined FUN_18142498c(),ghidra,clean,
WHGame.dll,release_1_5_1164953_841,0x1424a28,298,FUN_181424a28,,,0d7375f1d4efbf7a35f8a3b735f48ce87a3e8f213fea5f6e30f9789e342ca2ab,undefined FUN_181424a28(),ghidra,clean,
WHGame.dll,release_1_5_1164953_841,0x1424b54,151,FUN_181424b54,,,0b65f467297879d2a11dc6e7f102cf80c5356791ae538fcc76c931b7419ec545,undefined FUN_181424b54(),ghidra,clean,
WHGame.dll,release_1_5_1164953_841,0x1424bec,204,FUN_181424bec,,,338943401d73d3387f74488c993e56c99e4c8d753b79e69e365d4a720fdb450d,undefined FUN_181424bec(),ghidra,clean,
WHGame.dll,release_1_5_1164953_841,0x1424c98,204,FUN_181424c98,,,5c046326989bdc90b9391aba10520a61bab8f2bbf695af5590848888f529a8a9,undefined FUN_181424c98(),ghidra,clean,
WHGame.dll,release_1_5_1164953_841,0x1424d44,204,FUN_181424d44,,,6dfdf7e10d010b216025ef0b234b0b560e56b078e59c08ad76b90fdb341a4ced,undefined FUN_181424d44(),ghidra,clean,
WHGame.dll,release_1_5_1164953_841,0x1424df0,204,FUN_181424df0,,,9330ded5f20fabf31eba07dcc534db97fb1f7bb6a8cac9e9a36a298562e7edc4,undefined FUN_181424df0(),ghidra,clean,
WHGame.dll,release_1_5_1164953_841,0x1424e9c,200,FUN_181424e9c,,,43c1b52aa6b0a49fa5af6aee02b3c3a0861d16dec16787e0f53118ffe784acd8,undefined FUN_181424e9c(),ghidra,clean,
WHGame.dll,release_1_5_1164953_841,0x1424f44,26,FUN_181424f44,,,7e6e78fe6786f69dce224f50bbb63bb2239b938eb2842b4b01c868fa00a790fa,undefined FUN_181424f44(),ghidra,clean,
WHGame.dll,release_1_5_1164953_841,0x1424f60,151,FUN_181424f60,,,aac09f38d57575afaadc0883ef4946bb4f6fe5585ddd977b90ea1c560fef0081,undefined FUN_181424f60(),ghidra,clean,
WHGame.dll,release_1_5_1164953_841,0x1424ff8,151,FUN_181424ff8,,,51fd48481bf408b82a225681f5c0abb31592f8044b2e652879a8ae9bf3da1729,undefined FUN_181424ff8(),ghidra,clean,
WHGame.dll,release_1_5_1164953_841,0x1425090,151,FUN_181425090,,,b147dd8682b1c6cc26a044900b727946295e02b6bf8b5700a9035a2262b7bcb7,undefined FUN_181425090(),ghidra,clean,
WHGame.dll,release_1_5_1164953_841,0x1425128,151,FUN_181425128,,,be00a21fce0a8d1f83dfa15ec8d81b27a3a9f1cab3470681f9f92a2fa8505bd1,undefined FUN_181425128(),ghidra,clean,
WHGame.dll,release_1_5_1164953_841,0x14251c0,151,FUN_1814251c0,,,8505cccfd303b38a7b30dba0912c4c5c6cb521a556010bd5dba964cad9637dd7,undefined FUN_1814251c0(),ghidra,clean,
WHGame.dll,release_1_5_1164953_841,0x1425258,155,FUN_181425258,,,dd799f0c47edd3692a9725fbf9f3d172841989bd52c27f9dfa105b45583ee2ca,undefined FUN_181425258(),ghidra,clean,
WHGame.dll,release_1_5_1164953_841,0x14252f4,304,FUN_1814252f4,,,b0a12437082a88f8ce2c1441a422c19b2438ab1d5bc53ebd807b7691c1fee121,undefined FUN_1814252f4(),ghidra,clean,
WHGame.dll,release_1_5_1164953_841,0x1425424,155,FUN_181425424,,,e5c3fc3e7215b90546733b1a763df17eecd4b4fcb408a86e046ff3c1f1a3ca53,undefined FUN_181425424(),ghidra,clean,
WHGame.dll,release_1_5_1164953_841,0x14254c0,298,FUN_1814254c0,,,d151b89e228e05c3e474ac653e5fa16d9d926eb3bde2fce48b10c05489ff518c,undefined FUN_1814254c0(),ghidra,clean,
WHGame.dll,release_1_5_1164953_841,0x14255ec,151,FUN_1814255ec,,,305437668afe0918f51497353897092f57e3c0b59f53440d4e00a1f12f795e5a,undefined FUN_1814255ec(),ghidra,clean,
WHGame.dll,release_1_5_1164953_841,0x1425684,204,FUN_181425684,,,0f80d24feaf7cc116e5cfe26aef7d90915db3c57b99e405aa529c944c7238114,undefined FUN_181425684(),ghidra,clean,
WHGame.dll,release_1_5_1164953_841,0x1425730,204,FUN_181425730,,,13db0492bd3147d6ec178867d6b940b601deaa39c95b50dab02a1b52414ce920,undefined FUN_181425730(),ghidra,clean,
WHGame.dll,release_1_5_1164953_841,0x14257dc,376,FUN_1814257dc,,,a5ea501d791b644e0e86ffb46e99201fdb5e89f497e2c9de7ef75892f57057c9,undefined FUN_1814257dc(),ghidra,clean,
WHGame.dll,release_1_5_1164953_841,0x1425910,26,FUN_181425910,,,54c0330dfd6356566c61307a573fa69e569a8e2d129d7909424bb688865eb504,undefined FUN_181425910(),ghidra,clean,
WHGame.dll,release_1_5_1164953_841,0x142592c,151,FUN_18142592c,,,3ba2a9345901486383738a88187ed781aa4a1e5e4ae68228dddda439524fddbf,undefined FUN_18142592c(),ghidra,clean,
WHGame.dll,release_1_5_1164953_841,0x14259c4,151,FUN_1814259c4,,,afd0ff0541946cd21a9835e80a38870884bcff87b6d6173b8c7aa29e9cad2dd4,undefined FUN_1814259c4(),ghidra,clean,
WHGame.dll,release_1_5_1164953_841,0x1425a5c,151,FUN_181425a5c,,,f487a2928d5df3a3690588f4c4d684c3cd6aac5aebf8dbea4001eb946037c9f5,undefined FUN_181425a5c(),ghidra,clean,
WHGame.dll,release_1_5_1164953_841,0x1425af4,151,FUN_181425af4,,,5f98a97611d4706b0a929c8ae32b36e15073949b3ea7b2ed70cd2b51d92c022e,undefined FUN_181425af4(),ghidra,clean,
WHGame.dll,release_1_5_1164953_841,0x1425b8c,155,FUN_181425b8c,,,95da048d4e8856e5d5eb68a4a7d4a428b84f792414a89ab1410cd8bf653f6cf8,undefined FUN_181425b8c(),ghidra,clean,
WHGame.dll,release_1_5_1164953_841,0x1425c28,304,FUN_181425c28,,,496d42a62408e28b9d2388556cf848a51c8c99b7dfb4508cc90254e52051b313,undefined FUN_181425c28(),ghidra,clean,
WHGame.dll,release_1_5_1164953_841,0x1425d58,155,FUN_181425d58,,,d5a6fdb7df7f25cce72c6c9a84221cc67ce829eced141c0821b1b6edac849993,undefined FUN_181425d58(),ghidra,clean,
WHGame.dll,release_1_5_1164953_841,0x1425df4,298,FUN_181425df4,,,6f1d44b0a84bfe43581c90c633e6ee3d504c12453825dd6c69b454edd131657a,undefined FUN_181425df4(),ghidra,clean,
WHGame.dll,release_1_5_1164953_841,0x1425f20,151,FUN_181425f20,,,901936729ce7772abdcb77e742b098dabf8edecfce798eb5fc773130375cdd5c,undefined FUN_181425f20(),ghidra,clean,
WHGame.dll,release_1_5_1164953_841,0x1425fb8,26,FUN_181425fb8,,,2b972060032e79d9466477e849baf84e378ee2fb255562e62ed41ed15a4c66cb,undefined FUN_181425fb8(),ghidra,clean,
WHGame.dll,release_1_5_1164953_841,0x1425fd4,151,FUN_181425fd4,,,ca75efb832434e63745825cb01f828d9cc5c633fcc54cb2f9938fa2b845c723b,undefined FUN_181425fd4(),ghidra,clean,
WHGame.dll,release_1_5_1164953_841,0x142606c,151,FUN_18142606c,,,f235b027222ffe1f71687e0489584e557d773bb42b7425214ad84678eb261215,undefined FUN_18142606c(),ghidra,clean,
WHGame.dll,release_1_5_1164953_841,0x1426104,155,FUN_181426104,,,5830eafbd0e3e13f1f6b4f686539e0b458db0e65786b40116b0a0c3f89b53af8,undefined FUN_181426104(),ghidra,clean,
WHGame.dll,release_1_5_1164953_841,0x14261a0,304,FUN_1814261a0,,,99949183baf0df46e7f7d92f95dfb39dd088d71a4bd17e6a1d074d9e9b9f9728,undefined FUN_1814261a0(),ghidra,clean,
WHGame.dll,release_1_5_1164953_841,0x14262d0,155,FUN_1814262d0,,,e41078c25a04457d9ecc7392a1ceb59107bd7d0ba1c74baf332fa0cbc95b58a1,undefined FUN_1814262d0(),ghidra,clean,
WHGame.dll,release_1_5_1164953_841,0x142636c,298,FUN_18142636c,,,e1157e9d668356624599f801e6214e8f5fb30cca0a91499c687de019154f105c,undefined FUN_18142636c(),ghidra,clean,
WHGame.dll,release_1_5_1164953_841,0x1426498,204,FUN_181426498,,,04082ae657f2525f8fe6e23687171a4b54e1d40b7e4e8bd32b5b6c9180708faf,undefined FUN_181426498(),ghidra,clean,
WHGame.dll,release_1_5_1164953_841,0x1426544,204,FUN_181426544,,,d4ec30132628e9e6a88b3cb685f1a90982046e58362565b24278a670c0a27a07,undefined FUN_181426544(),ghidra,clean,
WHGame.dll,release_1_5_1164953_841,0x14265f0,376,FUN_1814265f0,,,6f0854c23e1adb54d7f5bdbb8ad97cb9c63fcf64e093233ae525d9acc1dd33bd,undefined FUN_1814265f0(),ghidra,clean,
WHGame.dll,release_1_5_1164953_841,0x1426724,26,FUN_181426724,,,54c0330dfd6356566c61307a573fa69e569a8e2d129d7909424bb688865eb504,undefined FUN_181426724(),ghidra,clean,
WHGame.dll,release_1_5_1164953_841,0x1426740,151,FUN_181426740,,,9026097beafe2709c89b6ac8b6311f41e7472a1ae350e8268a08b3216c998c5f,undefined FUN_181426740(),ghidra,clean,
WHGame.dll,release_1_5_1164953_841,0x14267d8,151,FUN_1814267d8,,,f5d49112af4123465f285ce9e7bc4f1e119fb07e21fc32317590c036f2cfd0d0,undefined FUN_1814267d8(),ghidra,clean,
WHGame.dll,release_1_5_1164953_841,0x1426870,151,FUN_181426870,,,64b6f212388eec012fcf9536eb13e66dc49e4361a5805ffa57e4e8656abf4159,undefined FUN_181426870(),ghidra,clean,
WHGame.dll,release_1_5_1164953_841,0x1426908,151,FUN_181426908,,,a251cbf541bd4c69199e33aa2c5336e2b23129e8259c304b08e36485534252e4,undefined FUN_181426908(),ghidra,clean,
WHGame.dll,release_1_5_1164953_841,0x14269a0,155,FUN_1814269a0,,,e638e7dcb48e14c2511f4ebc29fae336b47b143100d4ecd96d682640c25c1896,undefined FUN_1814269a0(),ghidra,clean,
WHGame.dll,release_1_5_1164953_841,0x1426a3c,304,FUN_181426a3c,,,0f4ee50b91fad7428e13a4e3410616bdce66086dcc0138fe4442152c270dcd79,undefined FUN_181426a3c(),ghidra,clean,
WHGame.dll,release_1_5_1164953_841,0x1426b6c,155,FUN_181426b6c,,,344fac0034a0c006420f627098aad44ecaeb714da2ff53e5237f7753e43ce9f4,undefined FUN_181426b6c(),ghidra,clean,
WHGame.dll,release_1_5_1164953_841,0x1426c08,298,FUN_181426c08,,,cbea0f05ed868a0e559aab487580d58ac5571b7f8cf993277a310fe80763766c,undefined FUN_181426c08(),ghidra,clean,
WHGame.dll,release_1_5_1164953_841,0x1426d34,151,FUN_181426d34,,,ca07c8cc44b4ae96b2d56cccfa3c6c2352d4045da5ddb2fdb55ea33469138a99,undefined FUN_181426d34(),ghidra,clean,
WHGame.dll,release_1_5_1164953_841,0x1426dcc,26,FUN_181426dcc,,,f100cb484fea34986cc3945694063bda2f714236ef4044818e63b9d07b9cae02,undefined FUN_181426dcc(),ghidra,clean,
WHGame.dll,release_1_5_1164953_841,0x1426de8,151,FUN_181426de8,,,e982c074317c3f6b210b12e6eda649768ce01708c7c8dc38184bc0631ca1d661,undefined FUN_181426de8(),ghidra,clean,
WHGame.dll,release_1_5_1164953_841,0x1426e80,151,FUN_181426e80,,,20f52104403a7b016c164d48cc703b4514464a0dcaa9ecd3dc2b1d6e9cac40ba,undefined FUN_181426e80(),ghidra,clean,
WHGame.dll,release_1_5_1164953_841,0x1426f18,151,FUN_181426f18,,,528e2fc40ad41910cf8e9a80d42c08e52059a70f0e770d82baf78428d7761356,undefined FUN_181426f18(),ghidra,clean,
WHGame.dll,release_1_5_1164953_841,0x1426fb0,151,FUN_181426fb0,,,22d5a9e6a51be433e6dc08f968bb2e358848da89dfb2c4ce128fec3f698d2e83,undefined FUN_181426fb0(),ghidra,clean,
WHGame.dll,release_1_5_1164953_841,0x1427048,151,FUN_181427048,,,1530aeaeb4085a33296d07f6aee61c448ced6e71953bf4f2960e69b9237c144e,undefined FUN_181427048(),ghidra,clean,
WHGame.dll,release_1_5_1164953_841,0x14270e0,151,FUN_1814270e0,,,be729f0bcec727ea3282f1c9c9407639428568bc51b36d1af0d2e1ecbe6d8553,undefined FUN_1814270e0(),ghidra,clean,
WHGame.dll,release_1_5_1164953_841,0x1427178,151,FUN_181427178,,,4b19eb5ef076562107bf319f7030a1b38748506a0389814fc3c5319828ad209d,undefined FUN_181427178(),ghidra,clean,
WHGame.dll,release_1_5_1164953_841,0x1427210,151,FUN_181427210,,,0a90cff3178baebcebddc3e0c49715f90f00c4f1db623405562190be3aa266fc,undefined FUN_181427210(),ghidra,clean,
WHGame.dll,release_1_5_1164953_841,0x14272a8,151,FUN_1814272a8,,,acc95f9016027b5c56f4d20bdbda97a0ebd88dc7a91b5b45d3eeaee5456d26b7,undefined FUN_1814272a8(),ghidra,clean,
WHGame.dll,release_1_5_1164953_841,0x1427340,155,FUN_181427340,,,5ac344b39e9a6a080cdcff807292bb6437697f8fd9968838ea200d2a7be92986,undefined FUN_181427340(),ghidra,clean,
WHGame.dll,release_1_5_1164953_841,0x14273dc,151,FUN_1814273dc,,,e8d5487708f4362f4f35433aaec0f8581f6187c044d45a0e727941a23080e090,undefined FUN_1814273dc(),ghidra,clean,
WHGame.dll,release_1_5_1164953_841,0x1427474,304,FUN_181427474,,,dcf82ff18c562542212a242b3de8ddb340881c006834c8aee19c493d73cec1f5,undefined FUN_181427474(),ghidra,clean,
WHGame.dll,release_1_5_1164953_841,0x14275a4,26,FUN_1814275a4,,,819234953c91d716a341edb10dcca2267107efa13f78881bbca64f4a7a11eeca,undefined FUN_1814275a4(),ghidra,clean,
WHGame.dll,release_1_5_1164953_841,0x14275c0,155,FUN_1814275c0,,,52c4c8af949b80f18bf5360ad7930654814405502170773a4af7c76a71d5cb79,undefined FUN_1814275c0(),ghidra,clean,
WHGame.dll,release_1_5_1164953_841,0x142765c,304,FUN_18142765c,,,983b9dc4dff36be007768155fc78cc08c05198faa561e5a92ee6766a25711f29,undefined FUN_18142765c(),ghidra,clean,
WHGame.dll,release_1_5_1164953_841,0x142778c,155,FUN_18142778c,,,50b55cef2ee3927a75fb144c5c13d528bdc684ec2dbed24dff4b50d728a7bfa7,undefined FUN_18142778c(),ghidra,clean,
WHGame.dll,release_1_5_1164953_841,0x1427828,298,FUN_181427828,,,8982ddfe518f38187f4435547e9a10ad282bcaee4fb40acb838724d7727dddd4,undefined FUN_181427828(),ghidra,clean,
WHGame.dll,release_1_5_1164953_841,0x1427954,204,FUN_181427954,,,3caf2c3542a9d04b64ec4477050e9aedccaf117488e63b60e871d355b583012b,undefined FUN_181427954(),ghidra,clean,
WHGame.dll,release_1_5_1164953_841,0x1427a00,376,FUN_181427a00,,,4f846b9b0384bb4263eb4620b58aa06050a13cc8b421dbcffdcbf9184356e050,undefined FUN_181427a00(),ghidra,clean,
WHGame.dll,release_1_5_1164953_841,0x1427b34,26,FUN_181427b34,,,7b1af351affd61077f6f0c51c439327a5ef1842245f9b8fedd36430ff9e12961,undefined FUN_181427b34(),ghidra,clean,
WHGame.dll,release_1_5_1164953_841,0x1427b50,151,FUN_181427b50,,,e713d846ae93d199fdbae049123a1d2223f1d00cd54cc19c72a5490141f0dc9d,undefined FUN_181427b50(),ghidra,clean,
WHGame.dll,release_1_5_1164953_841,0x1427be8,151,FUN_181427be8,,,daba4f0e42ae361b7f617b0a30c8702289b6a4a4b745994d528c05450ceb0437,undefined FUN_181427be8(),ghidra,clean,
WHGame.dll,release_1_5_1164953_841,0x1427c80,151,FUN_181427c80,,,21400cf84cceced808a6c6043c594be769a7d38c33dd5e47576726543f7d168b,undefined FUN_181427c80(),ghidra,clean,
WHGame.dll,release_1_5_1164953_841,0x1427d18,1137,FUN_181427d18,,,5ef30d6d9ca5d1769002f9aa1549facf3970320ac75dcb9a57e1225e010e2e5e,undefined FUN_181427d18(),ghidra,clean,
WHGame.dll,release_1_5_1164953_841,0x142818c,155,FUN_18142818c,,,550a137795ae781221c8fba0aaa0000d260d9feb30529f028dab7da91be395f1,undefined FUN_18142818c(),ghidra,clean,
WHGame.dll,release_1_5_1164953_841,0x1428228,304,FUN_181428228,,,128947b1f5d6660c3ff7b9322794d1b1fc41a57e5c2c719f8245c80e2e8533d0,undefined FUN_181428228(),ghidra,clean,
WHGame.dll,release_1_5_1164953_841,0x1428358,155,FUN_181428358,,,82e3933bcdec1efc0dffaf483e2d821db303058e3a6588f9fbd057070ce0c729,undefined FUN_181428358(),ghidra,clean,
WHGame.dll,release_1_5_1164953_841,0x14283f4,298,FUN_1814283f4,,,4b9c7c3bc39b95c68a8cec3fb766639f966f7dcfa6e31251ae228bd5c7a30b56,undefined FUN_1814283f4(),ghidra,clean,
WHGame.dll,release_1_5_1164953_841,0x1428520,151,FUN_181428520,,,3925fa7527074e4ffd88a3e49542e58b1761377ba84896bb3088cb56b2ad6d52,undefined FUN_181428520(),ghidra,clean,
WHGame.dll,release_1_5_1164953_841,0x14285b8,151,FUN_1814285b8,,,50bc476223d9525a7a88e4790cc590282e5c64a379407c04bafd81df725130c9,undefined FUN_1814285b8(),ghidra,clean,
WHGame.dll,release_1_5_1164953_841,0x1428650,204,FUN_181428650,,,eb8a014c035380ec5495d5e0be9a4ed4e004ba171fe1cccac04df127c5f7f70b,undefined FUN_181428650(),ghidra,clean,
WHGame.dll,release_1_5_1164953_841,0x14286fc,204,FUN_1814286fc,,,55f516b2f48d9ae6469ad6066ffbb254a2e9f12eee93b4d1add5d9191aaf8262,undefined FUN_1814286fc(),ghidra,clean,
WHGame.dll,release_1_5_1164953_841,0x14287a8,204,FUN_1814287a8,,,43881a8b00d524c2a53c254fc161392cfa4284d77426ea01cb5b4007be0bfa35,undefined FUN_1814287a8(),ghidra,clean,
WHGame.dll,release_1_5_1164953_841,0x1428854,204,FUN_181428854,,,7c0833e4866d3b0a8c284722f27643e54866d20acaeee331213681146b25da52,undefined FUN_181428854(),ghidra,clean,
WHGame.dll,release_1_5_1164953_841,0x1428900,200,FUN_181428900,,,2ca63f8102344147419f5703d7c9f8f5fad86419d15b04b23b9151aace2e09d4,undefined FUN_181428900(),ghidra,clean,
WHGame.dll,release_1_5_1164953_841,0x14289a8,26,FUN_1814289a8,,,7e6e78fe6786f69dce224f50bbb63bb2239b938eb2842b4b01c868fa00a790fa,undefined FUN_1814289a8(),ghidra,clean,
WHGame.dll,release_1_5_1164953_841,0x14289c4,151,FUN_1814289c4,,,455201df6a6db73a082ef76cde71c91e49b43537b9e1182aff74aa6d37914c12,undefined FUN_1814289c4(),ghidra,clean,
WHGame.dll,release_1_5_1164953_841,0x1428a5c,151,FUN_181428a5c,,,15d9c38abe50e3f71eb4bb4b162d0bd2813889706e04ceb1f1325562da7dab25,undefined FUN_181428a5c(),ghidra,clean,
WHGame.dll,release_1_5_1164953_841,0x1428af4,151,FUN_181428af4,,,00f86d21ea04f1bcfb4b8d8ef68fc349fe635c5b99e7ea73b69db48e1b215b8a,undefined FUN_181428af4(),ghidra,clean,
WHGame.dll,release_1_5_1164953_841,0x1428b8c,151,FUN_181428b8c,,,33821a08e22890f383806ad7723c5755f26e16b07ae00a8b40bcaf49d5ac6f3d,undefined FUN_181428b8c(),ghidra,clean,
WHGame.dll,release_1_5_1164953_841,0x1428c24,151,FUN_181428c24,,,5a293afa2862e93111261e22cdfacd840bafda10408687025198b7c215fe5eed,undefined FUN_181428c24(),ghidra,clean,
WHGame.dll,release_1_5_1164953_841,0x1428cbc,155,FUN_181428cbc,,,499c934ef029f53f2b95e49ba64dbb9741fa70e41d850bfa01453dc9e15bfb38,undefined FUN_181428cbc(),ghidra,clean,
WHGame.dll,release_1_5_1164953_841,0x1428d58,304,FUN_181428d58,,,68ee1e98d010ef666e4dcbd66bb55c22dc858e7ebaf6cb70d89ed878c1ea7b70,undefined FUN_181428d58(),ghidra,clean,
WHGame.dll,release_1_5_1164953_841,0x1428e88,155,FUN_181428e88,,,4074725dc4220869f6253e644dc96bb2f6eed778b6568793910edf2b3934b1b3,undefined FUN_181428e88(),ghidra,clean,
WHGame.dll,release_1_5_1164953_841,0x1428f24,298,FUN_181428f24,,,22e7786736851400ded7da8ba1b95b245321c763d8de85cffb6f56d4660d27f9,undefined FUN_181428f24(),ghidra,clean,
WHGame.dll,release_1_5_1164953_841,0x1429050,151,FUN_181429050,,,d1b473e464b95728df4510f70bbfd425c9e3aae6f163243ce192bcdfe5a9e9be,undefined FUN_181429050(),ghidra,clean,
WHGame.dll,release_1_5_1164953_841,0x14290e8,26,FUN_1814290e8,,,a3b46cac936cd0d545d4b8965d161311a40822654a3d938b97971daeff336d75,undefined FUN_1814290e8(),ghidra,clean,
WHGame.dll,release_1_5_1164953_841,0x1429104,151,FUN_181429104,,,5f677f33c1e573aa4cf4278e42f59138ca6e6254218c451b22397ad32a67d9f9,undefined FUN_181429104(),ghidra,clean,
WHGame.dll,release_1_5_1164953_841,0x142919c,151,FUN_18142919c,,,2cc899e3f640200047a93b58321008c6bc6af3fe5aa6936da6e797c23f20c328,undefined FUN_18142919c(),ghidra,clean,
WHGame.dll,release_1_5_1164953_841,0x1429234,151,FUN_181429234,,,b10239abed1033aa9bdee53d4449cab0d87d64604aa172ec1a6edd7b03f3e6d1,undefined FUN_181429234(),ghidra,clean,
WHGame.dll,release_1_5_1164953_841,0x14292cc,151,FUN_1814292cc,,,6a298422e4b0ab28dd074ffaac9b4441289faa9bf83ebee3fb25f02e15822c3b,undefined FUN_1814292cc(),ghidra,clean,
WHGame.dll,release_1_5_1164953_841,0x1429364,151,FUN_181429364,,,de2c24471c0e7031bdb238dc43a3b2746d72b408e760f53f5b6f5d82dbd1d35e,undefined FUN_181429364(),ghidra,clean,
WHGame.dll,release_1_5_1164953_841,0x14293fc,151,FUN_1814293fc,,,bb2794eccabb5ff9cd0c4e37ada6bd194ab51876cf157ff9c4b89848ee44aa32,undefined FUN_1814293fc(),ghidra,clean,
WHGame.dll,release_1_5_1164953_841,0x1429494,151,FUN_181429494,,,85b13ae3513451fb3b82c307796ce0ca48b38f569107218bfb3219ff37469cb9,undefined FUN_181429494(),ghidra,clean,
WHGame.dll,release_1_5_1164953_841,0x142952c,155,FUN_18142952c,,,a5d8f184390284624d1ce85d9601a244e7ef46b054485ce131048161e015ec1e,undefined FUN_18142952c(),ghidra,clean,
WHGame.dll,release_1_5_1164953_841,0x14295c8,304,FUN_1814295c8,,,eb196d46ca6fe9bf9099ba28d1252932a82f0f3a1b7c36aff61f05bcf968bf19,undefined FUN_1814295c8(),ghidra,clean,
WHGame.dll,release_1_5_1164953_841,0x14296f8,155,FUN_1814296f8,,,747bbe3bc52b8e9e571446e91b59cc116d2c8998386187b8c1fa3d1808693061,undefined FUN_1814296f8(),ghidra,clean,
WHGame.dll,release_1_5_1164953_841,0x1429794,298,FUN_181429794,,,233cbe463cdf2db449d558a225d2014c8a686999725fcdb1ca648c0c91a948b8,undefined FUN_181429794(),ghidra,clean,
WHGame.dll,release_1_5_1164953_841,0x14298c0,376,FUN_1814298c0,,,810f0791c4436add7979b995e34b77cb07caf1a39ef5580e8db12c001f547b48,undefined FUN_1814298c0(),ghidra,clean,
WHGame.dll,release_1_5_1164953_841,0x14299f4,26,FUN_1814299f4,,,7e0d2701fa29f8297b48401daa3f38fc4cb7241350c67e92920459b21f8b4047,undefined FUN_1814299f4(),ghidra,clean,
WHGame.dll,release_1_5_1164953_841,0x1429a10,151,FUN_181429a10,,,bbed06249d409cbe2eb0c8960f0e340dbc135de200e725515e4fd6458c6020d9,undefined FUN_181429a10(),ghidra,clean,
WHGame.dll,release_1_5_1164953_841,0x1429aa8,151,FUN_181429aa8,,,21699936b69095aecc7e89c96e8bacac8b7479449dce0f3ff6f9bd94c5f7a77d,undefined FUN_181429aa8(),ghidra,clean,
WHGame.dll,release_1_5_1164953_841,0x1429b40,958,FUN_181429b40,,,4c1a4ac97abdb767eb0b008783357dc1b5eb74d3502f496bd97d086f6886561d,undefined FUN_181429b40(),ghidra,clean,
WHGame.dll,release_1_5_1164953_841,0x1429f00,23,FUN_181429f00,,,4a2215c3e820937481093c41c3a2c4fdd1b034767afb06c5e8afd475b2e2dc6a,undefined FUN_181429f00(),ghidra,clean,
WHGame.dll,release_1_5_1164953_841,0x1429f18,155,FUN_181429f18,,,3633b8fdc359d29106b9a7447fddb0f6cb9f64fb6ebb52c4151a7c87f4183401,undefined FUN_181429f18(),ghidra,clean,
WHGame.dll,release_1_5_1164953_841,0x1429fb4,304,FUN_181429fb4,,,4b4a8b043ee800384675fdb958ffe8a638c64c6aceabc740cffd21efac5c63e3,undefined FUN_181429fb4(),ghidra,clean,
WHGame.dll,release_1_5_1164953_841,0x142a0e4,151,FUN_18142a0e4,,,e4a3f751cf1ffd9ce3fb94b61bd186551ad160af38053384e1322d7df5b243f7,undefined FUN_18142a0e4(),ghidra,clean,
WHGame.dll,release_1_5_1164953_841,0x142a17c,151,FUN_18142a17c,,,2f44650a5c2948fa986717ab826b843dd8ba18ff3a1726b38f9f8a7353d70a49,undefined FUN_18142a17c(),ghidra,clean,
WHGame.dll,release_1_5_1164953_841,0x142a214,376,FUN_18142a214,,,c2588264fa916ca39ffb56dbee541171f54931d8efeabedd9253ed64a70629d6,undefined FUN_18142a214(),ghidra,clean,
WHGame.dll,release_1_5_1164953_841,0x142a348,26,FUN_18142a348,,,5ec899d6b68c01e9d4c4f9f01e0d885d179660b675c3af07c66aa354a1d748cf,undefined FUN_18142a348(),ghidra,clean,
WHGame.dll,release_1_5_1164953_841,0x142a364,151,FUN_18142a364,,,c99b8838008dce065c3c0a64a634563c35d47428028c2c0539f2cda2bed22fb6,undefined FUN_18142a364(),ghidra,clean,
WHGame.dll,release_1_5_1164953_841,0x142a3fc,151,FUN_18142a3fc,,,98d2489dea5aad475d6a92572e03982fc72619aaed26c6561ddfdc15d529362c,undefined FUN_18142a3fc(),ghidra,clean,
WHGame.dll,release_1_5_1164953_841,0x142a494,1137,FUN_18142a494,,,efc25dffe8b1c477602c3b7c3e85ab3579c35553a6ab705af70e4092d40045a6,undefined FUN_18142a494(),ghidra,clean,
WHGame.dll,release_1_5_1164953_841,0x142a908,155,FUN_18142a908,,,9bfd7042a0a2dfc199be63c665b719445a96b20d0da7c42fa8cc4b2e2c127dd2,undefined FUN_18142a908(),ghidra,clean,
WHGame.dll,release_1_5_1164953_841,0x142a9a4,304,FUN_18142a9a4,,,3d500aecc82bc69f7326e4c8813e184aba4f5e1ebeffd55969a62ad192fb0723,undefined FUN_18142a9a4(),ghidra,clean,
WHGame.dll,release_1_5_1164953_841,0x142aad4,155,FUN_18142aad4,,,ae1a0cb41e10e480dd653916e538594ec7809ab465250db6a59fc328413f7b5e,undefined FUN_18142aad4(),ghidra,clean,
WHGame.dll,release_1_5_1164953_841,0x142ab70,298,FUN_18142ab70,,,58c9bb297113c0a85ffe2ee3c7731e8b47a02214c41cde7aa2cc2b69dbee1d42,undefined FUN_18142ab70(),ghidra,clean,
WHGame.dll,release_1_5_1164953_841,0x142ac9c,151,FUN_18142ac9c,,,1178cb987811161bce92cf52145daddcdf7c5a2de8853899ab4c029897bd8d2c,undefined FUN_18142ac9c(),ghidra,clean,
WHGame.dll,release_1_5_1164953_841,0x142ad34,151,FUN_18142ad34,,,cbf73030889ffddab0567d158755bfc51e0795229359b2fbb32a0ef064a6824b,undefined FUN_18142ad34(),ghidra,clean,
WHGame.dll,release_1_5_1164953_841,0x142adcc,200,FUN_18142adcc,,,f63e3147fd6acbc9f4f7133ea19d7f8189ecb2ac437339e29b245161d6358f32,undefined FUN_18142adcc(),ghidra,clean,
WHGame.dll,release_1_5_1164953_841,0x142ae74,26,FUN_18142ae74,,,0d2bd81bee32bfeae4e4c5aa469044bc1be53e81b0ac9259ffc1c7317be132c2,undefined FUN_18142ae74(),ghidra,clean,
WHGame.dll,release_1_5_1164953_841,0x142ae90,110,FUN_18142ae90,,,48aca3141bb2c1ce11d748f40af6bda0862647439fb8b77f0b2a5a7f0261f43e,undefined FUN_18142ae90(),ghidra,clean,
WHGame.dll,release_1_5_1164953_841,0x142aef0,151,FUN_18142aef0,,,3ff1c14d84d5e903492873bcb11b0bd15211047d4c8f25677796f6e106c0b669,undefined FUN_18142aef0(),ghidra,clean,
WHGame.dll,release_1_5_1164953_841,0x142af88,151,FUN_18142af88,,,57f3b49b2a96fa3323d2f24492d4a0ff07e488ff8db8cbc8032df5d7d0477a4c,undefined FUN_18142af88(),ghidra,clean,
WHGame.dll,release_1_5_1164953_841,0x142b020,958,FUN_18142b020,,,ecf3986247d68e4ed62189320fd234e1661d812c72939984994d1f9f0d527e00,undefined FUN_18142b020(),ghidra,clean,
WHGame.dll,release_1_5_1164953_841,0x142b3e0,23,FUN_18142b3e0,,,4a2215c3e820937481093c41c3a2c4fdd1b034767afb06c5e8afd475b2e2dc6a,undefined FUN_18142b3e0(),ghidra,clean,
WHGame.dll,release_1_5_1164953_841,0x142b3f8,155,FUN_18142b3f8,,,1096852fdcec97698c6c5e25fdaf92dfc6b897f83ba816864113951d0a747fbb,undefined FUN_18142b3f8(),ghidra,clean,
WHGame.dll,release_1_5_1164953_841,0x142b494,304,FUN_18142b494,,,2e60691bf262cf1ddebf1fc52d6b7b2907c37b68c4db86cc2a2844920899e85d,undefined FUN_18142b494(),ghidra,clean,
WHGame.dll,release_1_5_1164953_841,0x142b5c4,155,FUN_18142b5c4,,,a579b9536e43f910d863060149f5e6c20f9a35442f7e11a7fa3d5dbaac714ff6,undefined FUN_18142b5c4(),ghidra,clean,
WHGame.dll,release_1_5_1164953_841,0x142b660,298,FUN_18142b660,,,c5d259644a108acb0b9398b668d133e30b854814283d1d25a8a88d0eb24e437f,undefined FUN_18142b660(),ghidra,clean,
WHGame.dll,release_1_5_1164953_841,0x142b78c,151,FUN_18142b78c,,,bf5b73d98c7a9ccac1eec06fc6359c10a65e99d78b0c0250f2b78822944753f7,undefined FUN_18142b78c(),ghidra,clean,
WHGame.dll,release_1_5_1164953_841,0x142b824,55,FUN_18142b824,,,7c68326ceceb0380bf13f3c949849d818c547b91fc5fb4278693d007253c8b3b,undefined FUN_18142b824(),ghidra,clean,
WHGame.dll,release_1_5_1164953_841,0x142b84c,181,FUN_18142b84c,,,237aff9b7838dee271636a3abace1c074ba25dba13d6a89ffd75132f8e7b7b41,undefined FUN_18142b84c(),ghidra,clean,
WHGame.dll,release_1_5_1164953_841,0x142b904,170,FUN_18142b904,,,80646101c6c7f424aa4ada667e74149a088610c2fbd575616b4cf4b475a5a453,undefined FUN_18142b904(),ghidra,clean,
WHGame.dll,release_1_5_1164953_841,0x142b9b0,123,FUN_18142b9b0,,,98b07c14bb2b0f21bc6f535754fd24db5f48e114374dd015695f5b7309ca307f,undefined FUN_18142b9b0(),ghidra,clean,
WHGame.dll,release_1_5_1164953_841,0x142ba2c,180,FUN_18142ba2c,,,a5bce08dd4bd5110326171856fd351ac2ca30dd36273ac2d097a9d616bf3a4b2,undefined FUN_18142ba2c(),ghidra,clean,
WHGame.dll,release_1_5_1164953_841,0x142bae0,155,FUN_18142bae0,,,52cb00a7d0864bce344c92dacd40616123e07197e129337d3fbfdb443a8f4cce,undefined FUN_18142bae0(),ghidra,clean,
WHGame.dll,release_1_5_1164953_841,0x142bb7c,291,FUN_18142bb7c,,,e2f711e97ad5e1389eb5e21d84220653fa8e4c311f914c0671e7bb8857af0725,undefined FUN_18142bb7c(),ghidra,clean,
WHGame.dll,release_1_5_1164953_841,0x142bca0,192,FUN_18142bca0,,,03bb9770e6466e9e42381d48a40a3c5bcb47bcca6657c57020318ee89f5991a6,undefined FUN_18142bca0(),ghidra,clean,
WHGame.dll,release_1_5_1164953_841,0x142bd60,50,FUN_18142bd60,,,ec49e261024227fd338743dc2826e7c6a1bc55a53db92b9058f53d5a493c4b3e,undefined FUN_18142bd60(),ghidra,clean,
WHGame.dll,release_1_5_1164953_841,0x142bd94,26,FUN_18142bd94,,,70509e233b81a4b980391cbde5d0f4e0f57007794a397523a1f478e8884bbf63,undefined FUN_18142bd94(),ghidra,clean,
WHGame.dll,release_1_5_1164953_841,0x142bdb0,1137,FUN_18142bdb0,,,ec07eef94f70cf70297ba36314c663692fc4294ebc1c78dc8387f82c63749703,undefined FUN_18142bdb0(),ghidra,clean,
WHGame.dll,release_1_5_1164953_841,0x142c224,155,FUN_18142c224,,,15887295004f7357155f0f114bb1b69e34a2eb2a20ba3257500a5b6fcc8e4188,undefined FUN_18142c224(),ghidra,clean,
WHGame.dll,release_1_5_1164953_841,0x142c2c0,304,FUN_18142c2c0,,,49f60cb82af561eebc01fa6230f9b22f99ce99ba733d7d6cf2376f7cb8b34354,undefined FUN_18142c2c0(),ghidra,clean,
WHGame.dll,release_1_5_1164953_841,0x142c3f0,155,FUN_18142c3f0,,,eca1df59cc79a54c7b2d414eaffa23c28f3568af83160a5e6cc73ef6478f5b40,undefined FUN_18142c3f0(),ghidra,clean,
WHGame.dll,release_1_5_1164953_841,0x142c48c,298,FUN_18142c48c,,,630327b927739bd6d9a0d9fcda10fd7f322ecbfeeeb999e374f643d2e872b410,undefined FUN_18142c48c(),ghidra,clean,
WHGame.dll,release_1_5_1164953_841,0x142c5c8,165,FUN_18142c5c8,,,2013754ea0dcae0be03727c3babae3d20ab15e49e4dc1a2543046b31f18c16cf,undefined FUN_18142c5c8(),ghidra,clean,
WHGame.dll,release_1_5_1164953_841,0x142c670,26,FUN_18142c670,,,819234953c91d716a341edb10dcca2267107efa13f78881bbca64f4a7a11eeca,undefined FUN_18142c670(),ghidra,clean,
WHGame.dll,release_1_5_1164953_841,0x142c68c,155,FUN_18142c68c,,,3c5dc10dcf0a964d7877eaad6fdb8fa98b9a9263c5d81165a77a3eda30992db6,undefined FUN_18142c68c(),ghidra,clean,
WHGame.dll,release_1_5_1164953_841,0x142c728,304,FUN_18142c728,,,18cf66c4f17b0744862e50aa525b5a9411ceca75499c485cbd6cff4bbd4335b1,undefined FUN_18142c728(),ghidra,clean,
WHGame.dll,release_1_5_1164953_841,0x142c858,335,FUN_18142c858,,,5256f2f050a1c477deb658d7c6eba6a56aaa4626b0df3da58126925b6138b734,undefined FUN_18142c858(),ghidra,clean,
WHGame.dll,release_1_5_1164953_841,0x142c946,8,FUN_18142c946,,,d584cb1a2afef309eb33a9b90753d6c9a99b0c481366318ccddcba175a3b8c54,undefined FUN_18142c946(),ghidra,clean,
WHGame.dll,release_1_5_1164953_841,0x142c958,155,FUN_18142c958,,,9edd5c5b1d1c9358a4167bf225abc57d9f116fef1fd8c24ccdd06608968b895d,undefined FUN_18142c958(),ghidra,clean,
WHGame.dll,release_1_5_1164953_841,0x142c9f4,23,FUN_18142c9f4,,,4a2215c3e820937481093c41c3a2c4fdd1b034767afb06c5e8afd475b2e2dc6a,undefined FUN_18142c9f4(),ghidra,clean,
WHGame.dll,release_1_5_1164953_841,0x142ca0c,155,FUN_18142ca0c,,,fca6240ebef223273dedafabd5013283727f372026aecf45a15e284763a12ea0,undefined FUN_18142ca0c(),ghidra,clean,
WHGame.dll,release_1_5_1164953_841,0x142caa8,155,FUN_18142caa8,,,ecda2fcfbc1b94f4c9cf3fa22dee2054673621d7eb71b80dad825f986e2f0437,undefined FUN_18142caa8(),ghidra,clean,
WHGame.dll,release_1_5_1164953_841,0x142cb44,240,FUN_18142cb44,,,1afb7fe056fbfa74f2621023f541bb4b217c900170d4d68e1b4e92e68285b4c6,undefined FUN_18142cb44(),ghidra,clean,
WHGame.dll,release_1_5_1164953_841,0x142cc34,18,FUN_18142cc34,,,685de70f9cb83e81177b95158a268ec0ac3e4afc1ad8cf3ece4482462ea46c30,undefined FUN_18142cc34(),ghidra,clean,
WHGame.dll,release_1_5_1164953_841,0x142cc48,298,FUN_18142cc48,,,481a2c9bdb830a4b5a824533d88cffb218d96c2a2e4284dbc82e76ff17e80128,undefined FUN_18142cc48(),ghidra,clean,
WHGame.dll,release_1_5_1164953_841,0x142cd74,301,FUN_18142cd74,,,7f5c13c30fd98d44ea77ed7319f6d072fc950dad570f94601a88d393ad1a020c,undefined FUN_18142cd74(),ghidra,clean,
WHGame.dll,release_1_5_1164953_841,0x142cea4,30,FUN_18142cea4,,,b974f33e382220c85d062eed2c2e76f0dd0edd1563915c3701e164b53f346dd5,undefined FUN_18142cea4(),ghidra,clean,
WHGame.dll,release_1_5_1164953_841,0x142cec4,104,FUN_18142cec4,,,8d2fa615a2fab3476811765585aa26d707233471edea50b37269a32396a9b16a,undefined FUN_18142cec4(),ghidra,clean,
WHGame.dll,release_1_5_1164953_841,0x142cf30,34,FUN_18142cf30,,,5f1a31c844c9e48fe25c03f7ccc2444b8cce36c93d8197b33b33d94f20aa2683,undefined FUN_18142cf30(),ghidra,clean,
WHGame.dll,release_1_5_1164953_841,0x142cf54,106,FUN_18142cf54,,,965e7467cf028aabc8c141e7ad930a7134848233f6abad7e00d982f31c18340a,undefined FUN_18142cf54(),ghidra,clean,
WHGame.dll,release_1_5_1164953_841,0x142cfc0,22,FUN_18142cfc0,,,707181bde623bfd05dc28ced35073e393d60045bdb1dd0b5e5060825923762a2,undefined FUN_18142cfc0(),ghidra,clean,
WHGame.dll,release_1_5_1164953_841,0x142cfd8,143,FUN_18142cfd8,,,abeb8ca9337de01d436d242da2251c34af27852a44e1075b3d2f2361fd21bb7f,undefined FUN_18142cfd8(),ghidra,clean,
WHGame.dll,release_1_5_1164953_841,0x142d068,71,FUN_18142d068,,,941b86e84d7cb520b28e503510c72420b6c9ad6b6fe075651ef8bbe63930d6b3,undefined FUN_18142d068(),ghidra,clean,
WHGame.dll,release_1_5_1164953_841,0x142d0b0,42,FUN_18142d0b0,,,41085796bf53d7e74d5966fcca04dc8993ee2834ed175c5864364a19eb1ac166,undefined FUN_18142d0b0(),ghidra,clean,
WHGame.dll,release_1_5_1164953_841,0x142d0dc,232,FUN_18142d0dc,,,e52e892fe5dd959f2ae21f50420faa39b82fb59c7edd0a5ad081da3cc54ca5c4,undefined FUN_18142d0dc(),ghidra,clean,
WHGame.dll,release_1_5_1164953_841,0x142d1c4,396,FUN_18142d1c4,,,153689e87c73932733aec940408a1611aba6bdd62963014c4e829b07b9d8b858,undefined FUN_18142d1c4(),ghidra,clean,
WHGame.dll,release_1_5_1164953_841,0x142d354,160,FUN_18142d354,,,1f7813ba0fc4276de90c9e4ce428a3cabcc81ad123f21c0b621f042c24746fc1,undefined FUN_18142d354(),ghidra,clean,
WHGame.dll,release_1_5_1164953_841,0x142d3f4,140,FUN_18142d3f4,,,98ee149e19a67cfb6baf7c5a8744d0b07ef2a418293f057a750fc8553c77886d,undefined FUN_18142d3f4(),ghidra,clean,
WHGame.dll,release_1_5_1164953_841,0x142d454,109,FUN_18142d454,,,65b13e5656de7f342106ef6099f1df73d6344715f8b968975f2b58a7a3dc6f85,undefined FUN_18142d454(),ghidra,clean,
WHGame.dll,release_1_5_1164953_841,0x142d4c4,80,FUN_18142d4c4,,,851ec81db11b7b1dc0b94ef9213c2eb17a5fca7ce1d799eea6cedc1f8ed3886b,undefined FUN_18142d4c4(),ghidra,clean,
WHGame.dll,release_1_5_1164953_841,0x142d514,85,FUN_18142d514,,,0d92481d478b1801b74e75d6bd3512659e4cc7a5a73c0f27cbe8ab5a4a4c3c90,undefined FUN_18142d514(),ghidra,clean,
WHGame.dll,release_1_5_1164953_841,0x142d548,304,FUN_18142d548,,,902deda5bbb0fcb13f3e9bc4d9ba70f33814ddaf8e756553a716d30d16656349,undefined FUN_18142d548(),ghidra,clean,
WHGame.dll,release_1_5_1164953_841,0x142d678,452,FUN_18142d678,,,5f3bc1c70bef342ab9b76127a7a443fd93608037a010827f6f497cb7204f4d73,undefined FUN_18142d678(),ghidra,clean,
WHGame.dll,release_1_5_1164953_841,0x142d735,5,FUN_18142d735,,,e5b3b9f102fea0a09d9822d7b0c8e91718ed0263c4aa5c1095d072901b2261f4,undefined FUN_18142d735(),ghidra,clean,
WHGame.dll,release_1_5_1164953_841,0x142d740,253,FUN_18142d740,,,d47d3d537bca094da2ea4c8a7b99a048ae301bb26e8ce10a1e217c94735cd603,undefined FUN_18142d740(),ghidra,clean,
WHGame.dll,release_1_5_1164953_841,0x142d840,207,FUN_18142d840,,,525af33dc56f37d6ac63882b979016ccf5950c445bac1648fc1d52b9a481b567,undefined FUN_18142d840(),ghidra,clean,
WHGame.dll,release_1_5_1164953_841,0x142d900,261,FUN_18142d900,,,c281f5442049cb25f11331e9eadf5c0c427c6b273a07b70d2086938dcb05e2c4,undefined FUN_18142d900(),ghidra,clean,
WHGame.dll,release_1_5_1164953_841,0x142d9fc,196,FUN_18142d9fc,,,ec00bd545a9ac82ab8847b16a658b0e7be9b02ea130ec371fd01ee247b4f5b45,undefined FUN_18142d9fc(),ghidra,clean,
WHGame.dll,release_1_5_1164953_841,0x142dac0,26,FUN_18142dac0,,,d111054d10051208e90f5b9b8af26d7453640a7cf573993de8eee50804f43d32,undefined FUN_18142dac0(),ghidra,clean,
WHGame.dll,release_1_5_1164953_841,0x142dadc,87,FUN_18142dadc,,,908de757fefea1c266aa3ed1c6dc5dc1e694808b26ac9b5a427f7d7da75d4c93,undefined FUN_18142dadc(),ghidra,clean,
WHGame.dll,release_1_5_1164953_841,0x142db34,85,FUN_18142db34,,,9c23cf9d9bc27b74f940d294bbe8297e796d303f33071a3fc49d5833b83f4daa,undefined FUN_18142db34(),ghidra,clean,
WHGame.dll,release_1_5_1164953_841,0x142db68,43,FUN_18142db68,,,f7666a657d67cfb35c8a0d5f9e5b0ea5f90256ad9aaa195f883de149655ce091,undefined FUN_18142db68(),ghidra,clean,
WHGame.dll,release_1_5_1164953_841,0x142db94,108,FUN_18142db94,,,e8a91e1daa8973a96e23ae8eeea1916ac7ba0a0402354fcf6611009be87d20f5,undefined FUN_18142db94(),ghidra,clean,
WHGame.dll,release_1_5_1164953_841,0x142dc00,21,FUN_18142dc00,,,53ac083737bf00e2916b83e3f6aa177a47bb4f2faa49feb109dad085a8ad13d5,undefined FUN_18142dc00(),ghidra,clean,
WHGame.dll,release_1_5_1164953_841,0x142dc18,21,FUN_18142dc18,,,1b8719b0b056386e94703af97873c012fcd19287a37a874888ca52eb0c3210eb,undefined FUN_18142dc18(),ghidra,clean,
WHGame.dll,release_1_5_1164953_841,0x142dc30,63,FUN_18142dc30,,,51277722d52bcf618dc8cae7f8684b355f4add31c0f3ab8c09d2e4f668fa0b03,undefined FUN_18142dc30(),ghidra,clean,
WHGame.dll,release_1_5_1164953_841,0x142dc70,146,FUN_18142dc70,,,368f3b97b925e5bf5056099e55f7f0b78e6e1d7cbf36f1fb5262883ad141781e,undefined FUN_18142dc70(),ghidra,clean,
WHGame.dll,release_1_5_1164953_841,0x142dcf4,28,FUN_18142dcf4,,,b383821cb16fc843c847e553fa8bf8a5684af2015003e0638dd142102bc11c7f,undefined FUN_18142dcf4(),ghidra,clean,
WHGame.dll,release_1_5_1164953_841,0x142dd10,396,FUN_18142dd10,,,a169df42f3001ba0d49cb3618f0cf84932f0be75f2e0e21fd57ad945bdaa2c08,undefined FUN_18142dd10(),ghidra,clean,
WHGame.dll,release_1_5_1164953_841,0x142dea0,127,FUN_18142dea0,,,6b63560ae76fb295ed725549f731dbba39f5e9d946d74c642891c83ca90584bf,undefined FUN_18142dea0(),ghidra,clean,
WHGame.dll,release_1_5_1164953_841,0x142df20,149,FUN_18142df20,,,2fd0ab95f0dee86a61218c41562ceac897c1e19bcff470c263df38604009a090,undefined FUN_18142df20(),ghidra,clean,
WHGame.dll,release_1_5_1164953_841,0x142dfb8,140,FUN_18142dfb8,,,27429ee545bdda7e8c2cb14d490387b0e0ce1169b37860a8f66655d23ffd268c,undefined FUN_18142dfb8(),ghidra,clean,
WHGame.dll,release_1_5_1164953_841,0x142e044,72,FUN_18142e044,,,bc2b956bffb7ceaa091064a427e738c59c558d0b48cdd13ab51482b1b3300a98,undefined FUN_18142e044(),ghidra,clean,
WHGame.dll,release_1_5_1164953_841,0x142e08c,52,FUN_18142e08c,,,2316cf7b32a05ca35a0f69f3293339509b8779d9ba149b1dcd1f74657469bbfc,undefined FUN_18142e08c(),ghidra,clean,
WHGame.dll,release_1_5_1164953_841,0x142e0c0,159,FUN_18142e0c0,,,bbc5565a98279645542e2cf82902c04f38e2224ea4df869fa68517f826c07cd0,undefined FUN_18142e0c0(),ghidra,clean,
WHGame.dll,release_1_5_1164953_841,0x142e13c,43,FUN_18142e13c,,,a12bce78e8b4fff35206f0a01370108e82968b49853b80940cc99dc0e3095aff,undefined FUN_18142e13c(),ghidra,clean,
WHGame.dll,release_1_5_1164953_841,0x142e168,211,FUN_18142e168,,,f414c9242755aa408c806ffc69dab7959476b65c99b3a02685d7213d63613c23,undefined FUN_18142e168(),ghidra,clean,
WHGame.dll,release_1_5_1164953_841,0x142e23c,193,FUN_18142e23c,,,b75abeeb19c03034e18a0c838579ce223aba9f63a46e395be67c309b5f67dc81,undefined FUN_18142e23c(),ghidra,clean,
WHGame.dll,release_1_5_1164953_841,0x142e300,65,FUN_18142e300,,,208813080a236cb73e06ea623550f7c7d926ca7fdf2a2e885e055b7f9f884314,undefined FUN_18142e300(),ghidra,clean,
WHGame.dll,release_1_5_1164953_841,0x142e344,309,FUN_18142e344,,,cbbcfd81b9291e9f89bb7821a1e727a4bc17afac86c02b75a6d527b98be8dfce,undefined FUN_18142e344(),ghidra,clean,
WHGame.dll,release_1_5_1164953_841,0x142e434,47,FUN_18142e434,,,0a5c62efb8ed14ee35fe7cba9f7290f2383278b95f45d30a56c04e327cf80d3b,undefined FUN_18142e434(),ghidra,clean,
WHGame.dll,release_1_5_1164953_841,0x142e464,74,FUN_18142e464,,,cf0d3c762985e199a38722b992cc50a82a7e63a3b4a61ba7c7a58af3ff0cf145,undefined FUN_18142e464(),ghidra,clean,
WHGame.dll,release_1_5_1164953_841,0x142e4b0,160,FUN_18142e4b0,,,9e0f9c43487c161a1513bda11a184376ffa2b327ea6700b524dcb909cd2139ec,undefined FUN_18142e4b0(),ghidra,clean,
WHGame.dll,release_1_5_1164953_841,0x142e550,235,FUN_18142e550,,,26552a443ea5078c905827223ce32759ec6993d4704da64fe9026895e48fd939,undefined FUN_18142e550(),ghidra,clean,
WHGame.dll,release_1_5_1164953_841,0x142e630,110,FUN_18142e630,,,46829ba7c036b263a238b126a7498373afef5e6359610602fbb38a410aac8cbf,undefined FUN_18142e630(),ghidra,clean,
WHGame.dll,release_1_5_1164953_841,0x142e6a0,212,FUN_18142e6a0,,,2361498ee0c39de8bbbb47be1f2a6efa1eb3af7c3da4231cf8ef693cf23895bb,undefined FUN_18142e6a0(),ghidra,clean,
WHGame.dll,release_1_5_1164953_841,0x142e758,147,FUN_18142e758,,,1ff5110dccc47900f1f3789ebef18e3d9d8f09f05cc75cdd866773f6e65cc5d9,undefined FUN_18142e758(),ghidra,clean,
WHGame.dll,release_1_5_1164953_841,0x142e7ec,5,thunk_FUN_18142e7f4,,,b0d40b133b9394d93820ac0104b0065121d2d73df32c7bfb4e4cf5d805a8b103,undefined thunk_FUN_18142e7f4(),ghidra,clean,
WHGame.dll,release_1_5_1164953_841,0x142e7f4,103,FUN_18142e7f4,,,094435aa60455ab4c29e21f003a435283292388949dc2d9cda7878419a5f0c21,undefined FUN_18142e7f4(),ghidra,clean,
WHGame.dll,release_1_5_1164953_841,0x142e85c,211,FUN_18142e85c,,,e72d388a5dd7e8439deba8ddb0474e612a9bc0bee95abf0739f70533b7435239,undefined FUN_18142e85c(),ghidra,clean,
WHGame.dll,release_1_5_1164953_841,0x142e908,144,FUN_18142e908,,,851fa2cf63ff17d67a8773f73e3b7d4170bb3f2ee4dd2bd829b097a0fb57fa9e,undefined FUN_18142e908(),ghidra,clean,
WHGame.dll,release_1_5_1164953_841,0x142e998,42,FUN_18142e998,,,ece1119ab638727ac93e1eb42513e453cec320e5db3ed449c1e340848333fb2a,undefined FUN_18142e998(),ghidra,clean,
WHGame.dll,release_1_5_1164953_841,0x142e9c4,68,FUN_18142e9c4,,,55dc7b1a8f64b610b536a8e2e04a90d779c80e9b5a3dd7f59e83df3f88f31641,undefined FUN_18142e9c4(),ghidra,clean,
WHGame.dll,release_1_5_1164953_841,0x142ea08,170,FUN_18142ea08,,,9aa0b4c10ea334f9773af79b59f032ae1fc105929e971c822bd47b8aa2006557,undefined FUN_18142ea08(),ghidra,clean,
WHGame.dll,release_1_5_1164953_841,0x142eab4,53,FUN_18142eab4,,,0c1ddc682d90eccbe665eb2128b97ac52dfe3e2948e4286e912fddb074f58194,undefined FUN_18142eab4(),ghidra,clean,
WHGame.dll,release_1_5_1164953_841,0x142eaec,100,FUN_18142eaec,,,b052e1578c35d645fd721083e9f37dc1fe717b6a8b895aa8615327a80393df3f,undefined FUN_18142eaec(),ghidra,clean,
WHGame.dll,release_1_5_1164953_841,0x142eb50,431,FUN_18142eb50,,,22e4e669712525241648208ebd64436163582c0d77c1d94f1c1d1234c93efb08,undefined FUN_18142eb50(),ghidra,clean,
WHGame.dll,release_1_5_1164953_841,0x142ecac,40,FUN_18142ecac,,,d103f7b5630c22d4c3eff5c99836a66331fc5aa35b441bdba2b60968e60364a3,undefined FUN_18142ecac(),ghidra,clean,
WHGame.dll,release_1_5_1164953_841,0x142ecd4,42,FUN_18142ecd4,,,57e73e9fce5529028b837cf208a47a8958b0d501df1181f8c39baf1299a67496,undefined FUN_18142ecd4(),ghidra,clean,
WHGame.dll,release_1_5_1164953_841,0x142ed00,328,FUN_18142ed00,,,744ef6f4d7237f7c28ae26792b2858c66f4d721bc3bb5a2126dbdb65ad3263b9,undefined FUN_18142ed00(),ghidra,clean,
WHGame.dll,release_1_5_1164953_841,0x142ee4c,100,FUN_18142ee4c,,,07e2d333485949fb20a3cce85047c4bee3a51d38e72ab936a890609a0cbb736b,undefined FUN_18142ee4c(),ghidra,clean,
WHGame.dll,release_1_5_1164953_841,0x142eeb0,298,FUN_18142eeb0,,,04ecab5cd535b71912a04dfae06785002bb4cb45522570337187c015f58da32e,undefined FUN_18142eeb0(),ghidra,clean,
WHGame.dll,release_1_5_1164953_841,0x142efdc,328,FUN_18142efdc,,,7867b46e2d22e54d8e211de50ca80956b7a32108487776208a4e0051183c8774,undefined FUN_18142efdc(),ghidra,clean,
WHGame.dll,release_1_5_1164953_841,0x142f0ca,8,FUN_18142f0ca,,,a0120eeb63f331f293078d6d374fe27de57a3677155b1ac20d998a62ad16b265,undefined FUN_18142f0ca(),ghidra,clean,
WHGame.dll,release_1_5_1164953_841,0x142f0d2,7,FUN_18142f0d2,,,c833b2efe6714e30c0e2d4031ada447b6d7702d1e9edbef2834e9bee58de167a,undefined FUN_18142f0d2(),ghidra,clean,
WHGame.dll,release_1_5_1164953_841,0x142f0dc,155,FUN_18142f0dc,,,633c3cf64be4f92cff10375e851888f5e2e3f1f4597ddf9e16466fc64d4b7e28,undefined FUN_18142f0dc(),ghidra,clean,
WHGame.dll,release_1_5_1164953_841,0x142f178,155,FUN_18142f178,,,4b8c53d7844c3daf8d6f203524dab356a9509189d39de72b78294141dccc6132,undefined FUN_18142f178(),ghidra,clean,
WHGame.dll,release_1_5_1164953_841,0x142f214,155,FUN_18142f214,,,69b2ddffec26713f9eb83adb166b19bfd05f11d5e37468bc1a5c1d56f9d00a6f,undefined FUN_18142f214(),ghidra,clean,
WHGame.dll,release_1_5_1164953_841,0x142f2b0,242,FUN_18142f2b0,,,e74c95c4b4dd1ceee34c04d5d0415ccc653d4ef7ca6d8bd40de20a47597489f9,undefined FUN_18142f2b0(),ghidra,clean,
WHGame.dll,release_1_5_1164953_841,0x142f3a4,18,FUN_18142f3a4,,,05474b60aa02f69d3415b066b49d411115ed90800cfe23e867973f72ff8f2c79,undefined FUN_18142f3a4(),ghidra,clean,
WHGame.dll,release_1_5_1164953_841,0x142f3b8,298,FUN_18142f3b8,,,81142634b21f959cc7ef5dcf1ff8b1ada5ed94f4adfbb518208b9b8090dad890,undefined FUN_18142f3b8(),ghidra,clean,
WHGame.dll,release_1_5_1164953_841,0x142f4e4,52,FUN_18142f4e4,,,7b040df253742ec01b450500f3e979d08dce327113015caef0e8a09032c432e3,undefined FUN_18142f4e4(),ghidra,clean,
WHGame.dll,release_1_5_1164953_841,0x142f518,37,FUN_18142f518,,,2b166ae4595573008980daa56d021c6f95b93f967922cd54c94b9671b2696e9c,undefined FUN_18142f518(),ghidra,clean,
WHGame.dll,release_1_5_1164953_841,0x142f540,37,FUN_18142f540,,,28be42de0152cd1bc1d4a2e7d4f7773870170279fede76c855d29627c60e9baa,undefined FUN_18142f540(),ghidra,clean,
WHGame.dll,release_1_5_1164953_841,0x142f568,5,thunk_FUN_18142f570,,,b0d40b133b9394d93820ac0104b0065121d2d73df32c7bfb4e4cf5d805a8b103,undefined thunk_FUN_18142f570(),ghidra,clean,
WHGame.dll,release_1_5_1164953_841,0x142f570,103,FUN_18142f570,,,615e45d1b3552446bbb44308a219541e9a52fe9950fa86767afe435598349814,undefined FUN_18142f570(),ghidra,clean,
WHGame.dll,release_1_5_1164953_841,0x142f5d8,95,FUN_18142f5d8,,,2c912060eb2a3416ec778dd31f9c42f45dc1d0eac18547360a4e09ec128085e7,undefined FUN_18142f5d8(),ghidra,clean,
WHGame.dll,release_1_5_1164953_841,0x142f638,215,FUN_18142f638,,,77c26e9a647a272af5b161f5d958152e2d58a714b00bcd5686ccf675fe7ad2e9,undefined FUN_18142f638(),ghidra,clean,
WHGame.dll,release_1_5_1164953_841,0x142f6f4,110,FUN_18142f6f4,,,99dcb653cf78b72f54edc71703e47d248b398a0c8b9465041dc80d5b0197c05f,undefined FUN_18142f6f4(),ghidra,clean,
WHGame.dll,release_1_5_1164953_841,0x142f764,191,FUN_18142f764,,,337dcc1b06a01f953ebf27b57e3fa2e8ff7a84eb1bd3daf4b076ec082de872d4,undefined FUN_18142f764(),ghidra,clean,
WHGame.dll,release_1_5_1164953_841,0x142f808,53,FUN_18142f808,,,5e2fc329a1811198caf0308cac8094a4dd6a2a58a2d946ee7cd025ee27d72ebb,undefined FUN_18142f808(),ghidra,clean,
WHGame.dll,release_1_5_1164953_841,0x142f840,431,FUN_18142f840,,,449ac5689605722ae86577b77c3f7e70cd160b6bb5afd28b1c3bde03a6d1e1ed,undefined FUN_18142f840(),ghidra,clean,
WHGame.dll,release_1_5_1164953_841,0x142f99c,40,FUN_18142f99c,,,7dc0b951630649568cf0422a823261d36dcbef6b40ef5dcab93832ded87b685c,undefined FUN_18142f99c(),ghidra,clean,
WHGame.dll,release_1_5_1164953_841,0x142f9c4,42,FUN_18142f9c4,,,f1b4639524a50c91e7ed8dacbab6ce9f2174bc28fc153d13979e7eb5319c3d56,undefined FUN_18142f9c4(),ghidra,clean,
WHGame.dll,release_1_5_1164953_841,0x142f9f0,100,FUN_18142f9f0,,,faa34189d527e83023363f9102b14b947fc3ca968412bc9eb42caa76dead76ea,undefined FUN_18142f9f0(),ghidra,clean,
WHGame.dll,release_1_5_1164953_841,0x142fa54,52,FUN_18142fa54,,,52278d3f745268cf92e9c55ef3df1f9ee01f84140f70f2d3b6502d090b9d8dbd,undefined FUN_18142fa54(),ghidra,clean,
WHGame.dll,release_1_5_1164953_841,0x142fa88,37,FUN_18142fa88,,,7ac74e88fbc7c39f2412b669fcaae310ca9a82d861157f0ee37913d5eab8a03a,undefined FUN_18142fa88(),ghidra,clean,
WHGame.dll,release_1_5_1164953_841,0x142fab0,37,FUN_18142fab0,,,f18b90e1884442a1dd90baa0b39475f23a1f9d6f0afebb2c1e4b9d77b200ac19,undefined FUN_18142fab0(),ghidra,clean,
WHGame.dll,release_1_5_1164953_841,0x142fad8,142,FUN_18142fad8,,,ba1126176f6a13513789df323db9149ad57acf606880cfe93846ba5991d9a55c,undefined FUN_18142fad8(),ghidra,clean,
WHGame.dll,release_1_5_1164953_841,0x142fb68,5,thunk_FUN_18142fb70,,,b0d40b133b9394d93820ac0104b0065121d2d73df32c7bfb4e4cf5d805a8b103,undefined thunk_FUN_18142fb70(),ghidra,clean,
WHGame.dll,release_1_5_1164953_841,0x142fb70,209,FUN_18142fb70,,,39469c6ba7d738e3a235c2ab602ea6013bac7d7ec0d1f48558e55270f9be4bea,undefined FUN_18142fb70(),ghidra,clean,
WHGame.dll,release_1_5_1164953_841,0x142fc38,5,thunk_FUN_18142fc40,,,b0d40b133b9394d93820ac0104b0065121d2d73df32c7bfb4e4cf5d805a8b103,undefined thunk_FUN_18142fc40(),ghidra,clean,
WHGame.dll,release_1_5_1164953_841,0x142fc40,103,FUN_18142fc40,,,d6b9e6b4ab874ea56621c226d1cb6a120fda52ed890b765f990e2fe45271e9f0,undefined FUN_18142fc40(),ghidra,clean,
WHGame.dll,release_1_5_1164953_841,0x142fca8,95,FUN_18142fca8,,,d09aceaa607ee0aa5bb4a56c8ef3699d3b4ca101c7e0f49d3fe4885f2f59b02e,undefined FUN_18142fca8(),ghidra,clean,
WHGame.dll,release_1_5_1164953_841,0x142fd08,215,FUN_18142fd08,,,1c7ddef60289450be86294f68cf3a3b7da99aa80fb9d283203519b6a51146c14,undefined FUN_18142fd08(),ghidra,clean,
WHGame.dll,release_1_5_1164953_841,0x142fdc4,53,FUN_18142fdc4,,,a47f312b2026424bce925ccb8301081b881017afc3da0eaa28de92d40d733f2e,undefined FUN_18142fdc4(),ghidra,clean,
WHGame.dll,release_1_5_1164953_841,0x142fdfc,431,FUN_18142fdfc,,,cc4f67083711ac1d0dd2e1cac116548eb81eb36938cf15cf7ad1c744f95f6d6b,undefined FUN_18142fdfc(),ghidra,clean,
WHGame.dll,release_1_5_1164953_841,0x142ff58,40,FUN_18142ff58,,,94e7027afef196b46347ebc90eb9325e0c59731a7bc9614377a6b94e77a87517,undefined FUN_18142ff58(),ghidra,clean,
WHGame.dll,release_1_5_1164953_841,0x142ff80,42,FUN_18142ff80,,,df15ffdc0b219a2627653c055bae8059c8b1a1cbe16c68c6e73019aae321af20,undefined FUN_18142ff80(),ghidra,clean,
WHGame.dll,release_1_5_1164953_841,0x142ffac,100,FUN_18142ffac,,,91003b833543354fa5a674f609572dd28aa4b4ae6809602171577493d69a6a86,undefined FUN_18142ffac(),ghidra,clean,
WHGame.dll,release_1_5_1164953_841,0x1430010,71,FUN_181430010,,,b3669f6543a6c3a97d518e4f369fc0975506a8ebb0a1887d67e53069b9fce96a,undefined FUN_181430010(),ghidra,clean,
WHGame.dll,release_1_5_1164953_841,0x1430058,330,FUN_181430058,,,bac9f643bdbbe9efe02654a03b12c4339fa1c11c36d97b77ce4f65ebd87a403c,undefined FUN_181430058(),ghidra,clean,
WHGame.dll,release_1_5_1164953_841,0x14301a4,202,FUN_1814301a4,,,b588b4cd254861725d7f9179037e8ac53f8a22b6dd5c0d7b671cd9bbdd82b3e0,undefined FUN_1814301a4(),ghidra,clean,
WHGame.dll,release_1_5_1164953_841,0x1430270,25,FUN_181430270,,,1a9cf2aa86564d136502d9c5614c1f146b033d929fb7e7c61cb74c20e86c1fe2,undefined FUN_181430270(),ghidra,clean,
WHGame.dll,release_1_5_1164953_841,0x143028c,186,FUN_18143028c,,,b6b3b25389f97c57bcd76374616f65135831e9518a5de44d4a23510736724b56,undefined FUN_18143028c(),ghidra,clean,
WHGame.dll,release_1_5_1164953_841,0x1430348,83,FUN_181430348,,,c896312a881783c66c307399f2af5525c881a16b5fe836d0fb88ef931cd29d08,undefined FUN_181430348(),ghidra,clean,
WHGame.dll,release_1_5_1164953_841,0x143039c,327,FUN_18143039c,,,5a5f4f707603cab477be860955707739ca2e58eb2619c74af47d8403a4bada0c,undefined FUN_18143039c(),ghidra,clean,
WHGame.dll,release_1_5_1164953_841,0x14304e4,92,FUN_1814304e4,,,78e1b5def1de51737d1dc1ba1ca8f71c84f1721f2ecd833e858a56ab9dec0723,undefined FUN_1814304e4(),ghidra,clean,
WHGame.dll,release_1_5_1164953_841,0x1430540,132,FUN_181430540,,,60cce8239f53681519ed6e6f1d9decd6a145b165534b944758c63c45d40c37bb,undefined FUN_181430540(),ghidra,clean,
WHGame.dll,release_1_5_1164953_841,0x14305c4,127,FUN_1814305c4,,,7b136c7e5c9556639797a2d87ca9e6ba4ee56297aaa2340e35350aa69fb4e646,undefined FUN_1814305c4(),ghidra,clean,
WHGame.dll,release_1_5_1164953_841,0x1430644,90,FUN_181430644,,,2e4b96abaf5e80117a169890060ddfc88eb1c02718eb5fa9394d88f08659d057,undefined FUN_181430644(),ghidra,clean,
WHGame.dll,release_1_5_1164953_841,0x14306a0,132,FUN_1814306a0,,,d46439ec23279b2e973abd431bb8f240fa586fa50c26071c8577cadf25e661b5,undefined FUN_1814306a0(),ghidra,clean,
WHGame.dll,release_1_5_1164953_841,0x1430724,72,FUN_181430724,,,e7cba908ef216386630a601bdb4146c876ed8ba4151fbd15fae2aebcbe2cc74e,undefined FUN_181430724(),ghidra,clean,
WHGame.dll,release_1_5_1164953_841,0x143076c,48,FUN_18143076c,,,920791bbb31b26c9987af042f660feca15e9e68fa91b113110c07d858cf93e6f,undefined FUN_18143076c(),ghidra,clean,
WHGame.dll,release_1_5_1164953_841,0x1430788,53,FUN_181430788,,,74507a933bb7c1a9bd9686a28a2e5b898a1d0bbe25643c5e03771a5155bd3fab,undefined FUN_181430788(),ghidra,clean,
WHGame.dll,release_1_5_1164953_841,0x14307b0,70,FUN_1814307b0,,,7ea6e80f6953643ef4b51336ea78907065320a5a94a33ac8ed2c92cecf2d2a47,undefined FUN_1814307b0(),ghidra,clean,
WHGame.dll,release_1_5_1164953_841,0x14307f8,290,FUN_1814307f8,,,8334970bc0399d1026e7730ffd49f81a9e70324c4ef4c0c789f700ef3a618925,undefined FUN_1814307f8(),ghidra,clean,
WHGame.dll,release_1_5_1164953_841,0x143091c,70,FUN_18143091c,,,185575d34a7aa95284d8903fbb7ed252177b4fa07be0be8a01215c1687309fdc,undefined FUN_18143091c(),ghidra,clean,
WHGame.dll,release_1_5_1164953_841,0x1430964,172,FUN_181430964,,,e9cef93c8e65f4dd956f9516a8004fffd781908b7fd2efcb0914a4b0027fa243,undefined FUN_181430964(),ghidra,clean,
WHGame.dll,release_1_5_1164953_841,0x1430a10,122,FUN_181430a10,,,362f923b8dc52f7a25a27773d13443a71e9b09ead4b4cbafbc823e967a8ebf97,undefined FUN_181430a10(),ghidra,clean,
WHGame.dll,release_1_5_1164953_841,0x1430a8c,138,FUN_181430a8c,,,4cee23bb950fe2af95bd96d68baabd9685a4e4e4b5e48b1ac243d57e3e0c5445,undefined FUN_181430a8c(),ghidra,clean,
WHGame.dll,release_1_5_1164953_841,0x1430b18,106,FUN_181430b18,,,2d3ab0d778038e3c8374813496ea390ee9a16285ea9c46df08ff3d4588c84296,undefined FUN_181430b18(),ghidra,clean,
WHGame.dll,release_1_5_1164953_841,0x1430b84,114,FUN_181430b84,,,c65e279ee0a565ad0720afb2db516e0e33a0d5e59b9564995f26e757cf3b1af2,undefined FUN_181430b84(),ghidra,clean,
WHGame.dll,release_1_5_1164953_841,0x1430bf8,48,FUN_181430bf8,,,e2aa4f6c1814267d0e303ace8f543e38ea189fcaea179e4bcf6278e69b75e2b2,undefined FUN_181430bf8(),ghidra,clean,
WHGame.dll,release_1_5_1164953_841,0x1430c14,163,FUN_181430c14,,,52e6e3cdff77f0da883dac8c7bbf3c2731e05a7ca75d9c9604119f29a909fcc1,undefined FUN_181430c14(),ghidra,clean,
WHGame.dll,release_1_5_1164953_841,0x1430cb8,155,FUN_181430cb8,,,d6d59b492f0cbd06bcc24242133ee749fbcf2340fcd7fdda691882ba7d359413,undefined FUN_181430cb8(),ghidra,clean,
WHGame.dll,release_1_5_1164953_841,0x1430d54,155,FUN_181430d54,,,6fd735571f352e947fa396d117e80bc59fdaef6453429b18de423de905a26721,undefined FUN_181430d54(),ghidra,clean,
WHGame.dll,release_1_5_1164953_841,0x1430df0,291,FUN_181430df0,,,1f571a234a1e4fc7b74f55ce3a21cb9fd7c4ae59a7b015f4761d95192e846fdc,undefined FUN_181430df0(),ghidra,clean,
WHGame.dll,release_1_5_1164953_841,0x1430f14,36,FUN_181430f14,,,eee4600c4f1d219b5581898e9d8182584e89b137cde251cee4065d20c313f64a,undefined FUN_181430f14(),ghidra,clean,
WHGame.dll,release_1_5_1164953_841,0x1430f38,475,FUN_181430f38,,,967dd9bf2194798167ed939263397a2ae9072696e3a1b2534439f89044cee239,undefined FUN_181430f38(),ghidra,clean,
WHGame.dll,release_1_5_1164953_841,0x1431050,155,FUN_181431050,,,9393af2b90209618f17efaddc5fa0ccb06f9b4c1483b6b57398624dc16a7c56d,undefined FUN_181431050(),ghidra,clean,
WHGame.dll,release_1_5_1164953_841,0x14310ec,301,FUN_1814310ec,,,a4206fcc8ebfe11150cb1390c26adb4a68a2ef042838e3bdc9ce35c3e255d440,undefined FUN_1814310ec(),ghidra,clean,
WHGame.dll,release_1_5_1164953_841,0x143121c,117,FUN_18143121c,,,0b3a18a14240540d173374921b5349ec16f8b8c36884c61587347910584bbf08,undefined FUN_18143121c(),ghidra,clean,
WHGame.dll,release_1_5_1164953_841,0x1431274,75,FUN_181431274,,,4c5c2894b94be5c8891ffa94d71d28cc46964c96a099136cf9a70ee9fec2121b,undefined FUN_181431274(),ghidra,clean,
WHGame.dll,release_1_5_1164953_841,0x14312c0,170,FUN_1814312c0,,,227f63c3b782e0c728991cabf623844e255052878a98e900957b60619e7f21ed,undefined FUN_1814312c0(),ghidra,clean,
WHGame.dll,release_1_5_1164953_841,0x143136c,165,FUN_18143136c,,,b1236f2ce0f4184a0cde2b9df6237c1ce1e9339dd6140e6e878e52016f896005,undefined FUN_18143136c(),ghidra,clean,
WHGame.dll,release_1_5_1164953_841,0x1431414,132,FUN_181431414,,,73db963b39244999b6f4ef02c6c72ca34b620e30d41aa48f88305654e405e6e6,undefined FUN_181431414(),ghidra,clean,
WHGame.dll,release_1_5_1164953_841,0x1431498,26,FUN_181431498,,,c1f9afb37184d8cd8ee5f8706a57f845ba7256efdb47f2c67b0345d1d8c47fd8,undefined FUN_181431498(),ghidra,clean,
WHGame.dll,release_1_5_1164953_841,0x14314b4,155,FUN_1814314b4,,,b8c48a4b35e694045f7bbe5b674b3ee7fc6fd16d1093c9f5bb854b6781bc1822,undefined FUN_1814314b4(),ghidra,clean,
WHGame.dll,release_1_5_1164953_841,0x1431550,291,FUN_181431550,,,d0ae107704024b1d9eb7293a495d510914de8b1afb2d647e0dcd4ff7cc8b4b12,undefined FUN_181431550(),ghidra,clean,
WHGame.dll,release_1_5_1164953_841,0x1431674,30,FUN_181431674,,,3691628dfc6c1ccde2c313f904d1b81ce8334451a8c9de2a9f5f7e11cfad63a1,undefined FUN_181431674(),ghidra,clean,
WHGame.dll,release_1_5_1164953_841,0x1431694,155,FUN_181431694,,,f1c77c655e8090d615439b259c49e0b87fb49660733ff90962766c3dad094b77,undefined FUN_181431694(),ghidra,clean,
WHGame.dll,release_1_5_1164953_841,0x1431730,291,FUN_181431730,,,e5bc7efa0d893c96fbfe434a312ef20604605df45059a76fa133fa9e52d3bae1,undefined FUN_181431730(),ghidra,clean,
WHGame.dll,release_1_5_1164953_841,0x1431854,14,FUN_181431854,,,7a82528696e8969c0577016b7a0a149f435a2fe80f70b4055099d04428ce059e,undefined FUN_181431854(),ghidra,clean,
WHGame.dll,release_1_5_1164953_841,0x1431864,190,FUN_181431864,,,d6ad3d1ffa9062a5b246bb2348addfe797b1f1909e596bb67bdfd6478cdd1bf8,undefined FUN_181431864(),ghidra,clean,
WHGame.dll,release_1_5_1164953_841,0x1431924,119,FUN_181431924,,,984dbde849f00fe80d4badb189211f0623a4fc9bd294a523f91ca4319dd7bba0,undefined FUN_181431924(),ghidra,clean,
WHGame.dll,release_1_5_1164953_841,0x143199c,30,FUN_18143199c,,,8eabffd5a238511a560e11fe6030e9b9724c016b0890d848665e8d864bfa6a53,undefined FUN_18143199c(),ghidra,clean,
WHGame.dll,release_1_5_1164953_841,0x14319bc,26,FUN_1814319bc,,,819234953c91d716a341edb10dcca2267107efa13f78881bbca64f4a7a11eeca,undefined FUN_1814319bc(),ghidra,clean,
WHGame.dll,release_1_5_1164953_841,0x14319d8,155,FUN_1814319d8,,,4bde35d0fc834f6731defbec7519417ef60527e9a1e16b448909a78cb07bea97,undefined FUN_1814319d8(),ghidra,clean,
WHGame.dll,release_1_5_1164953_841,0x1431a74,291,FUN_181431a74,,,c557a6b8d4f25767c7ed0d3f0d4d86420fef7ec8d282afd043588425ec7a3efd,undefined FUN_181431a74(),ghidra,clean,
WHGame.dll,release_1_5_1164953_841,0x1431b98,295,FUN_181431b98,,,2f6503ad0c473259b2595bc393043e0a92770cb6fb2b9ba8ef03587faae71615,undefined FUN_181431b98(),ghidra,clean,
WHGame.dll,release_1_5_1164953_841,0x1431ca4,241,FUN_181431ca4,,,ee878b75cfd18904b3d1118be6ff825e19dd341e8ffe571f0750425f02016e19,undefined FUN_181431ca4(),ghidra,clean,
WHGame.dll,release_1_5_1164953_841,0x1431d8c,43,FUN_181431d8c,,,81b46236c8a1eed111fee52b99028c92b790b30a3b83985e80378640a1c69998,undefined FUN_181431d8c(),ghidra,clean,
WHGame.dll,release_1_5_1164953_841,0x1431db8,309,FUN_181431db8,,,57c5ec5ecdd1261f2dd05c00b2e279f4385a623e0151eae0056df1c9628b1c48,undefined FUN_181431db8(),ghidra,clean,
WHGame.dll,release_1_5_1164953_841,0x1431ef0,106,FUN_181431ef0,,,ce04b648aed523e5db62e9c13533828bede7b319a185d105e5eb92330fddb5c3,undefined FUN_181431ef0(),ghidra,clean,
WHGame.dll,release_1_5_1164953_841,0x1431f5c,288,FUN_181431f5c,,,62f5273143f15b5f540349ba1712059e1bdecc99aa58256fc727261262a07d9e,undefined FUN_181431f5c(),ghidra,clean,
WHGame.dll,release_1_5_1164953_841,0x143207c,906,FUN_18143207c,,,7710d624c3d370cdf8d663b7bbedf3d742c021b7adc777043a473d46cfa282cb,undefined FUN_18143207c(),ghidra,clean,
WHGame.dll,release_1_5_1164953_841,0x1432408,53,FUN_181432408,,,b85f32f3c89119450d9c636120c4797f0f195a487d638dd87847867cdb00cf12,undefined FUN_181432408(),ghidra,clean,
WHGame.dll,release_1_5_1164953_841,0x1432440,196,FUN_181432440,,,402185ce9d216ace2616196b969e69b08b86a42cfb39617421b81ef018ae7346,undefined FUN_181432440(),ghidra,clean,
WHGame.dll,release_1_5_1164953_841,0x14324f8,61,FUN_1814324f8,,,b01a0a5e003f8c7e6d36a8bfebcdb46bcaa9bdae9a7f2eace0db7742ecbdc7ee,undefined FUN_1814324f8(),ghidra,clean,
WHGame.dll,release_1_5_1164953_841,0x1432528,382,FUN_181432528,,,fd97baa759fd7b4c7f6fce813f17fd5ae8c21567046fdac3cfe215dc9fbeae2d,undefined FUN_181432528(),ghidra,clean,
WHGame.dll,release_1_5_1164953_841,0x14326a8,232,FUN_1814326a8,,,f0d35bd1e5637ea9adcfe5f5fe07d11012bcaf896c7984510e162679ed3161fd,undefined FUN_1814326a8(),ghidra,clean,
WHGame.dll,release_1_5_1164953_841,0x1432790,76,FUN_181432790,,,69005b42a0b532004ff50ac0c17c93303aa5d93e729c5c5cc3fc7fa030ac59a0,undefined FUN_181432790(),ghidra,clean,
WHGame.dll,release_1_5_1164953_841,0x14327dc,152,FUN_1814327dc,,,f996da3f65147704594f8e7384cac54815309af03ad3904b7428b60d1bbab4b5,undefined FUN_1814327dc(),ghidra,clean,
WHGame.dll,release_1_5_1164953_841,0x1432874,627,FUN_181432874,,,ace2cdfadbf25af2821cb79f77062e2a24299bf75880ce20f8ca1efb59314c2b,undefined FUN_181432874(),ghidra,clean,
WHGame.dll,release_1_5_1164953_841,0x143294c,305,FUN_18143294c,,,da2cb9c97ad36177ce9b496f06843cc62f7d11d24a0492d9d77a8c83b4ee4831,undefined FUN_18143294c(),ghidra,clean,
WHGame.dll,release_1_5_1164953_841,0x1432a80,52,FUN_181432a80,,,12a8bcce19cc70e46d35a2c71e089d6f8a5dab9e53cb66bebad5333b4bc0cd1b,undefined FUN_181432a80(),ghidra,clean,
WHGame.dll,release_1_5_1164953_841,0x1432ab4,143,FUN_181432ab4,,,d8f7f10ef85ff90dfcba044106ea47a11e70088fbd68df3aaee9736389859cc0,undefined FUN_181432ab4(),ghidra,clean,
WHGame.dll,release_1_5_1164953_841,0x1432b44,73,FUN_181432b44,,,97da7bd495341d5c25b62730806bfeada79eddd877581efe10e0791bb7bfee4e,undefined FUN_181432b44(),ghidra,clean,
WHGame.dll,release_1_5_1164953_841,0x1432b90,305,FUN_181432b90,,,316edec5b61206871bae2022f86af27a75e31e110fa3cc33fd37ff9004e95952,undefined FUN_181432b90(),ghidra,clean,
WHGame.dll,release_1_5_1164953_841,0x1432cb4,36,FUN_181432cb4,,,f2cae95e349ac780dfef12ed7454eea32d2e161485232ba6419da626e8d1bba4,undefined FUN_181432cb4(),ghidra,clean,
WHGame.dll,release_1_5_1164953_841,0x1432cd8,55,FUN_181432cd8,,,a7a3f5d8bb6eb01d983d79ff4b484c6ba71f4938c88990596710b237e4313bb4,undefined FUN_181432cd8(),ghidra,clean,
WHGame.dll,release_1_5_1164953_841,0x1432d08,106,FUN_181432d08,,,a02f077aca4ca088e2a6d9bf962a9b3b04cd6f1c2d29b0aa5bbb152c971bbfd8,undefined FUN_181432d08(),ghidra,clean,
WHGame.dll,release_1_5_1164953_841,0x1432d80,335,FUN_181432d80,,,39f7a213b7099f07b39945f80b8c7570ed6aba67d41030a3e5bebfe428f7b208,undefined FUN_181432d80(),ghidra,clean,
WHGame.dll,release_1_5_1164953_841,0x1432ed0,65,FUN_181432ed0,,,70f6f12ae49ec0a8f52567242ac38f49a62810abe1205bae2306427d9a1cd01a,undefined FUN_181432ed0(),ghidra,clean,
WHGame.dll,release_1_5_1164953_841,0x1432f14,5,thunk_FUN_181432fcc,,,54fe6a592d83ee851ae4e5bf76e1e71eec58489961513171add421c7d05c5b0f,undefined thunk_FUN_181432fcc(),ghidra,clean,
WHGame.dll,release_1_5_1164953_841,0x1432f1c,176,FUN_181432f1c,,,4df48ca48922394b970a9b2681b008e1c5ef09a20dc6402adf2c9271bd508a1a,undefined FUN_181432f1c(),ghidra,clean,
WHGame.dll,release_1_5_1164953_841,0x1432fcc,238,FUN_181432fcc,,,63dc05b50627dd2e0869ca58273dcad03ef80a044b57f413633577bedef9939d,undefined FUN_181432fcc(),ghidra,clean,
WHGame.dll,release_1_5_1164953_841,0x1433094,222,FUN_181433094,,,320eb3b64ebbc981610bf49f487adf67da2369cffb70862cfb0366bd26ac1b9e,undefined FUN_181433094(),ghidra,clean,
WHGame.dll,release_1_5_1164953_841,0x143314c,190,FUN_18143314c,,,24e5ca34088a20082f8115d419d60f6eb87b8a17c5dafe870bd93d6e9bd69bf8,undefined FUN_18143314c(),ghidra,clean,
WHGame.dll,release_1_5_1164953_841,0x14331f0,130,FUN_1814331f0,,,549dd220ef2c892dce21cc24d7c3c8134c60dbb10982f72741af9bd8595c4d38,undefined FUN_1814331f0(),ghidra,clean,
WHGame.dll,release_1_5_1164953_841,0x1433274,154,FUN_181433274,,,0654f003104dabeec404a10654f044faf199e5b59bba98ed64b2b418035e9c26,undefined FUN_181433274(),ghidra,clean,
WHGame.dll,release_1_5_1164953_841,0x1433310,151,FUN_181433310,,,31616ca6f16e8c60608bd7e1bb0ef28fd74f2963c92f3d35c5e872d77cab3ac1,undefined FUN_181433310(),ghidra,clean,
WHGame.dll,release_1_5_1164953_841,0x14333a8,42,FUN_1814333a8,,,6a2f5692726f693c475983d309bb0d43435325d79671766f0670d823c9be20bf,undefined FUN_1814333a8(),ghidra,clean,
WHGame.dll,release_1_5_1164953_841,0x14333d4,68,FUN_1814333d4,,,f575ba6ac7410e3a859c912ccb7dfd006f9ec00437889fa3b15e812f99ed7d1a,undefined FUN_1814333d4(),ghidra,clean,
WHGame.dll,release_1_5_1164953_841,0x1433418,53,FUN_181433418,,,4b37fbe6da88d58fe70aea51f7b9d165f91132fa9caf06ccbadf4259c8be573a,undefined FUN_181433418(),ghidra,clean,
WHGame.dll,release_1_5_1164953_841,0x1433450,53,FUN_181433450,,,fcf545b7ca1fdf7501197825229a662ef0a53c40bdf055f73884107daf5039ba,undefined FUN_181433450(),ghidra,clean,
WHGame.dll,release_1_5_1164953_841,0x1433488,436,FUN_181433488,,,8ba935424efebdde6ec7bb5dc75024728194ae80f7e2bc2a2647ee0029be7e6f,undefined FUN_181433488(),ghidra,clean,
WHGame.dll,release_1_5_1164953_841,0x1433568,142,FUN_181433568,,,070d8a3e9b6558dbdcf32f95ec3a255842106579bcb21cc33d16d8e863ada2f4,undefined FUN_181433568(),ghidra,clean,
WHGame.dll,release_1_5_1164953_841,0x14335f8,107,FUN_1814335f8,,,13fe13fd995157dcf1824295d4c260597ff0bd62bf75777638d6da126095f3bf,undefined FUN_1814335f8(),ghidra,clean,
WHGame.dll,release_1_5_1164953_841,0x1433664,71,FUN_181433664,,,64ea95ca8a458ca72c9e0efd0921a672f11cf9c40a3d6ab7159155ff11c527f9,undefined FUN_181433664(),ghidra,clean,
WHGame.dll,release_1_5_1164953_841,0x14336ac,56,FUN_1814336ac,,,569f4acd1963aa021f10309c0f4d791551800b34d75786dabe7d22084a391345,undefined FUN_1814336ac(),ghidra,clean,
WHGame.dll,release_1_5_1164953_841,0x14336e4,431,FUN_1814336e4,,,691fd72d7bc87dc19249d4edb5f6fafbd8c86da315c69424c74c43c1cc24f8b4,undefined FUN_1814336e4(),ghidra,clean,
WHGame.dll,release_1_5_1164953_841,0x1433894,49,FUN_181433894,,,8829b67d678ee6e40e16accd63d0e58f8e602f0c56d862af49e97477a6e4d30f,undefined FUN_181433894(),ghidra,clean,
WHGame.dll,release_1_5_1164953_841,0x14338c8,26,FUN_1814338c8,,,70509e233b81a4b980391cbde5d0f4e0f57007794a397523a1f478e8884bbf63,undefined FUN_1814338c8(),ghidra,clean,
WHGame.dll,release_1_5_1164953_841,0x14338e4,1137,FUN_1814338e4,,,c3e49ae777634ba451bc6ddb51e48bc5007d7d0baa49abe82d3514036725adc5,undefined FUN_1814338e4(),ghidra,clean,
WHGame.dll,release_1_5_1164953_841,0x1433d58,155,FUN_181433d58,,,1b79ba54da33436c890c0b48349c6c7b9303ae311648a0ac0a4aee8473f25da7,undefined FUN_181433d58(),ghidra,clean,
WHGame.dll,release_1_5_1164953_841,0x1433df4,304,FUN_181433df4,,,8cb455cf3ca750cdd997ea865fddddeab3411960b83df458c7f4a17da0f8e0ed,undefined FUN_181433df4(),ghidra,clean,
WHGame.dll,release_1_5_1164953_841,0x1433f24,155,FUN_181433f24,,,608afab6665a9ebf9a89a82df43690a9c52516d15a2f53d426e8c8777cb0cab3,undefined FUN_181433f24(),ghidra,clean,
WHGame.dll,release_1_5_1164953_841,0x1433fc0,298,FUN_181433fc0,,,84847b2ef0b04e195641d4ed04086ee7d1f361b93139aa46fb6ed1c0c507e303,undefined FUN_181433fc0(),ghidra,clean,
WHGame.dll,release_1_5_1164953_841,0x14340ec,172,FUN_1814340ec,,,fc780d39597243a0192812435f6e12da7f3e397a7e71ff1e9a77315780de32cc,undefined FUN_1814340ec(),ghidra,clean,
WHGame.dll,release_1_5_1164953_841,0x1434120,26,FUN_181434120,,,6f76e48b6a0b3708a33643efa70be43f79ca415c6595d63767274f119ba345be,undefined FUN_181434120(),ghidra,clean,
WHGame.dll,release_1_5_1164953_841,0x143413c,104,FUN_18143413c,,,622885e8b8c1e1eda52270b35191b38db690e39a287c9878324a09831418e32a,undefined FUN_18143413c(),ghidra,clean,
WHGame.dll,release_1_5_1164953_841,0x14341a4,148,FUN_1814341a4,,,486dc90d9ce9b86727b52b4e9a84904d1f1dbe9529bc9417d08a01b750e0f72b,undefined FUN_1814341a4(),ghidra,clean,
WHGame.dll,release_1_5_1164953_841,0x1434238,132,FUN_181434238,,,a3009f2bb9dc73c9532f9d8692d7f34a1ec018d51b9e5eacca46d16c5daaf619,undefined FUN_181434238(),ghidra,clean,
WHGame.dll,release_1_5_1164953_841,0x14342bc,91,FUN_1814342bc,,,6f2c1926be4e657023b279831c43d6702f1d4b66c8959e7b319c33e7e269ceae,undefined FUN_1814342bc(),ghidra,clean,
WHGame.dll,release_1_5_1164953_841,0x1434318,244,FUN_181434318,,,8fb2f328b61dd396e1f6588f3e0d6bef11b6fd19c22e5ed99f782f81f5ef12e1,undefined FUN_181434318(),ghidra,clean,
WHGame.dll,release_1_5_1164953_841,0x143440c,89,FUN_18143440c,,,8ef2c71d41002abb3ad57bba47233e3bfd31645d7fd1b4adc86168817ac23317,undefined FUN_18143440c(),ghidra,clean,
WHGame.dll,release_1_5_1164953_841,0x1434468,98,FUN_181434468,,,1183b66a7f7699ad9e0d6089ed80aa3a8b908911fa1aa533359259982973ce64,undefined FUN_181434468(),ghidra,clean,
WHGame.dll,release_1_5_1164953_841,0x14344c0,17,FUN_1814344c0,,,6cdf097b9e6c6f786a37ace771fe2cae017e5f80c3eb740d215a015559280914,undefined FUN_1814344c0(),ghidra,clean,
WHGame.dll,release_1_5_1164953_841,0x14344d4,101,FUN_1814344d4,,,40cbd250e6fa08bb5d2abe9e3146879a6b78c6d6fc18ec85e271090d2a00bb20,undefined FUN_1814344d4(),ghidra,clean,
WHGame.dll,release_1_5_1164953_841,0x1434514,123,FUN_181434514,,,8ba7e2460df24b5cff7f2ca593b0c6ef135fc7dbab57f6703aa18d0294b286eb,undefined FUN_181434514(),ghidra,clean,
WHGame.dll,release_1_5_1164953_841,0x1434580,9,FUN_181434580,,,272ff6d5fc091927fe197f80b3bd8f1b2226321da6ae72950a37ebebdc0a89ae,undefined FUN_181434580(),ghidra,clean,
WHGame.dll,release_1_5_1164953_841,0x143458c,73,FUN_18143458c,,,cb8e9df4c86fe1647fa5e0cfd28a8db1e4a6bdb07b908e846070f35462963a8f,undefined FUN_18143458c(),ghidra,clean,
WHGame.dll,release_1_5_1164953_841,0x14345c8,67,FUN_1814345c8,,,c073ef118a9ecbe603d166e3bbf17aedc6e10b13e8cc3df36fe2570abae2de86,undefined FUN_1814345c8(),ghidra,clean,
WHGame.dll,release_1_5_1164953_841,0x143460c,30,FUN_18143460c,,,17c7dcc6f18cd7d1ff0dd3438b5f9e6b46d33550d24dddcaff69a253b8286c4a,undefined FUN_18143460c(),ghidra,clean,
WHGame.dll,release_1_5_1164953_841,0x143462c,384,FUN_18143462c,,,505fcadee6133657b84f030a49973803e2be444eb4cce221c13d6c7ca42dc18d,undefined FUN_18143462c(),ghidra,clean,
WHGame.dll,release_1_5_1164953_841,0x1434738,100,FUN_181434738,,,2dcd22f96852ef0a6d3dee0b943a6b8e44d9e1006075fb1cce04af3de9d59528,undefined FUN_181434738(),ghidra,clean,
WHGame.dll,release_1_5_1164953_841,0x143479c,268,FUN_18143479c,,,d44f8729321e09ae3b7e4a8294c11739e333a99cf6a2e481d7611b38dab03768,undefined FUN_18143479c(),ghidra,clean,
WHGame.dll,release_1_5_1164953_841,0x14348a8,180,FUN_1814348a8,,,958621a28e983e37cf0428d6bb6b989ef465dd303ce674516ec707f2f9d57e12,undefined FUN_1814348a8(),ghidra,clean,
WHGame.dll,release_1_5_1164953_841,0x143495c,26,FUN_18143495c,,,819234953c91d716a341edb10dcca2267107efa13f78881bbca64f4a7a11eeca,undefined FUN_18143495c(),ghidra,clean,
WHGame.dll,release_1_5_1164953_841,0x1434978,155,FUN_181434978,,,d438cbac0e5940f5da6166401eb026bce8c20db70673df3326c916d80df4d774,undefined FUN_181434978(),ghidra,clean,
WHGame.dll,release_1_5_1164953_841,0x1434a14,298,FUN_181434a14,,,c713b96cc1a0a0ff574f3cf2573a18ca1abd6081f365d595782c571671a686ed,undefined FUN_181434a14(),ghidra,clean,
WHGame.dll,release_1_5_1164953_841,0x1434b40,314,FUN_181434b40,,,14e9841088b1c7ec8d8e1056fe593415eb93529b9301bb4185d590d5d02678e8,undefined FUN_181434b40(),ghidra,clean,
WHGame.dll,release_1_5_1164953_841,0x1434c7c,328,FUN_181434c7c,,,cefb7d151f53eb038d6ecfc2068ea3425dc491be9b3e8ae8b3931476fa58268c,undefined FUN_181434c7c(),ghidra,clean,
WHGame.dll,release_1_5_1164953_841,0x1434d6a,8,FUN_181434d6a,,,a0120eeb63f331f293078d6d374fe27de57a3677155b1ac20d998a62ad16b265,undefined FUN_181434d6a(),ghidra,clean,
WHGame.dll,release_1_5_1164953_841,0x1434d72,7,FUN_181434d72,,,c833b2efe6714e30c0e2d4031ada447b6d7702d1e9edbef2834e9bee58de167a,undefined FUN_181434d72(),ghidra,clean,
WHGame.dll,release_1_5_1164953_841,0x1434d7c,155,FUN_181434d7c,,,2e8e8b6fb62e874a6dd39044a7d3437c40cd7a34cb8461097938be1db9a34de9,undefined FUN_181434d7c(),ghidra,clean,
WHGame.dll,release_1_5_1164953_841,0x1434e18,155,FUN_181434e18,,,5a67d0bd1e9b3f4e85274781b8c6eb1d4b63765ab727472792fca07573361e64,undefined FUN_181434e18(),ghidra,clean,
WHGame.dll,release_1_5_1164953_841,0x1434eb4,155,FUN_181434eb4,,,81ae03ba4b33a6b3556f3880e686927f87f23fc76d77cae30e48e2530471ee16,undefined FUN_181434eb4(),ghidra,clean,
WHGame.dll,release_1_5_1164953_841,0x1434f50,242,FUN_181434f50,,,c46f3e5825433cd755070a2a6b2998d84e6963054e454e52679a1ae75331a1bf,undefined FUN_181434f50(),ghidra,clean,
WHGame.dll,release_1_5_1164953_841,0x1435044,18,FUN_181435044,,,98f0a5e57b0b5fcd0e7195d8b14415bcf94ed69e15edb8c0190497d1d23284d8,undefined FUN_181435044(),ghidra,clean,
WHGame.dll,release_1_5_1164953_841,0x1435058,298,FUN_181435058,,,cf19e4c914874c6098bd0990c18a375febf0b229430f5b43f6a4239bff2545c8,undefined FUN_181435058(),ghidra,clean,
WHGame.dll,release_1_5_1164953_841,0x1435184,303,FUN_181435184,,,addc011dced0c5361da2143c130c541f935a0b4ed8c40f70815af1ef63748b3b,undefined FUN_181435184(),ghidra,clean,
WHGame.dll,release_1_5_1164953_841,0x14352a8,277,FUN_1814352a8,,,5991bbaede2e6ea869ac931ab8a46fb60d69a29d84ad4668dc5339bdf3693274,undefined FUN_1814352a8(),ghidra,clean,
WHGame.dll,release_1_5_1164953_841,0x14353b4,246,FUN_1814353b4,,,356588350430bc318fa47e35b11eef9954deeb62adbf7f7432e39afa305f5ba4,undefined FUN_1814353b4(),ghidra,clean,
WHGame.dll,release_1_5_1164953_841,0x14354ac,174,FUN_1814354ac,,,5bc199b151019256be59e3a4d527387b6fbb5c2d654232a323bf9811747cc2b3,undefined FUN_1814354ac(),ghidra,clean,
WHGame.dll,release_1_5_1164953_841,0x1435524,25,FUN_181435524,,,4a8025efd9b0b030865169a2d44858f278732573ad63cd57aeec5dadb6435c6f,undefined FUN_181435524(),ghidra,clean,
WHGame.dll,release_1_5_1164953_841,0x1435540,19,FUN_181435540,,,b7e1d64be26a261e80c0eec4a7453304034007d063f910c16ee824afce3b9879,undefined FUN_181435540(),ghidra,clean,
WHGame.dll,release_1_5_1164953_841,0x1435554,204,FUN_181435554,,,f03da7b9665c05d08e1ca575be0a36dcad7d137c72e89ce4deab77e47c5b1922,undefined FUN_181435554(),ghidra,clean,
WHGame.dll,release_1_5_1164953_841,0x1435600,204,FUN_181435600,,,d7ade931ce41958da217c2d1d9127816a29cc728ecad6f4406c68726af573e70,undefined FUN_181435600(),ghidra,clean,
WHGame.dll,release_1_5_1164953_841,0x14356ac,204,FUN_1814356ac,,,c70a2b4f7f939736bd6b7586fe6a0ecb7067eb3705479fb47e63ee4e3ebb628a,undefined FUN_1814356ac(),ghidra,clean,
WHGame.dll,release_1_5_1164953_841,0x1435758,200,FUN_181435758,,,2d4e46c6b1b1f8b2dd84817db8b610bc0c622a3c2cd6adf33642fb21da9450d6,undefined FUN_181435758(),ghidra,clean,
WHGame.dll,release_1_5_1164953_841,0x1435800,26,FUN_181435800,,,9f58c383b7b66b6ec4baec45b8c1635d5fc231296c1c510120efc7865966156c,undefined FUN_181435800(),ghidra,clean,
WHGame.dll,release_1_5_1164953_841,0x143581c,151,FUN_18143581c,,,830b2bfd3127ec0d18443d9e888a11e4bb92573dd4ee5352de8a3e3c150246a8,undefined FUN_18143581c(),ghidra,clean,
WHGame.dll,release_1_5_1164953_841,0x14358b4,151,FUN_1814358b4,,,1fcc6ce2db6dd147800695fe93fa30ced684e81378a21b902d8fe815fef35f27,undefined FUN_1814358b4(),ghidra,clean,
WHGame.dll,release_1_5_1164953_841,0x143594c,151,FUN_18143594c,,,7d9290e75fb6f70556e91d7b7d031f346b0b9178d4158679ff617aa1b0e0addb,undefined FUN_18143594c(),ghidra,clean,
WHGame.dll,release_1_5_1164953_841,0x14359e4,151,FUN_1814359e4,,,b4119289b6769bffcc9eef7ba56187d44c57cf03d72bfb56c3e3b198640d7c0b,undefined FUN_1814359e4(),ghidra,clean,
WHGame.dll,release_1_5_1164953_841,0x1435a7c,949,FUN_181435a7c,,,6cee5a14ebf019749adad7c78a98474181b1e30545949fe757633c0e4e8c4c15,undefined FUN_181435a7c(),ghidra,clean,
WHGame.dll,release_1_5_1164953_841,0x1435e34,23,FUN_181435e34,,,4a2215c3e820937481093c41c3a2c4fdd1b034767afb06c5e8afd475b2e2dc6a,undefined FUN_181435e34(),ghidra,clean,
WHGame.dll,release_1_5_1164953_841,0x1435e4c,155,FUN_181435e4c,,,b502d2d4f72d058ed4920160493a055e65b4e17826e6f5158237dfcc2552c0e2,undefined FUN_181435e4c(),ghidra,clean,
WHGame.dll,release_1_5_1164953_841,0x1435ee8,304,FUN_181435ee8,,,773b0eb1d11b0c85fb5a171a4eebfba7f6d9d7a574a793038d028624893c5e9c,undefined FUN_181435ee8(),ghidra,clean,
WHGame.dll,release_1_5_1164953_841,0x1436018,155,FUN_181436018,,,d22d041d7833128f4f4f435418ee5dbd5737ed5526b2adb0248099ffe8d69e31,undefined FUN_181436018(),ghidra,clean,
WHGame.dll,release_1_5_1164953_841,0x14360b4,298,FUN_1814360b4,,,1bc607bc59256d7d09d72fa0d8e78ff4a8906b7669b486711c57af061c5f3f8e,undefined FUN_1814360b4(),ghidra,clean,
WHGame.dll,release_1_5_1164953_841,0x14361e0,151,FUN_1814361e0,,,731b0969aa982a4589804f81b62c11f79d8d15505bdddeb38131ae9b76241cf3,undefined FUN_1814361e0(),ghidra,clean,
WHGame.dll,release_1_5_1164953_841,0x1436278,151,FUN_181436278,,,b915a8713a19ab2fe2b4ebf83f544e2f9a3b52547ff7670c64596a2304f11e3d,undefined FUN_181436278(),ghidra,clean,
WHGame.dll,release_1_5_1164953_841,0x1436310,151,FUN_181436310,,,16007036fd3db942e89ef7ede650863d1cd18165db666c478ac857b9c887e9e5,undefined FUN_181436310(),ghidra,clean,
WHGame.dll,release_1_5_1164953_841,0x14363a8,102,FUN_1814363a8,,,d6a812b41517b80592f122b466eb0249713cc39ad6b24a79d6fc46ab50f73857,undefined FUN_1814363a8(),ghidra,clean,
WHGame.dll,release_1_5_1164953_841,0x1436410,55,FUN_181436410,,,998bd031874529ecfbe03554935859d56d3c30f9b840b94dffe072a9366625d3,undefined FUN_181436410(),ghidra,clean,
WHGame.dll,release_1_5_1164953_841,0x1436438,169,FUN_181436438,,,6791f345ada85d306131bb4ff15a940c21cbb65bc7e8c0b314a382f3abb78c25,undefined FUN_181436438(),ghidra,clean,
WHGame.dll,release_1_5_1164953_841,0x14364d8,55,FUN_1814364d8,,,9610e9f38963ff55a518b90fbaeab7b042b7c1185f9a708ceac40675128cf206,undefined FUN_1814364d8(),ghidra,clean,
WHGame.dll,release_1_5_1164953_841,0x1436500,173,FUN_181436500,,,7013253f977aa9e7e65b6641ae2ad05d912c3b9deb310188bd4481002360bd0f,undefined FUN_181436500(),ghidra,clean,
WHGame.dll,release_1_5_1164953_841,0x14365a4,99,FUN_1814365a4,,,9bf166db28c2608edcbb61c6f5f3ba3f1823bb8cc79bc99f7e2dcb8f4bf7a92b,undefined FUN_1814365a4(),ghidra,clean,
WHGame.dll,release_1_5_1164953_841,0x1436608,145,FUN_181436608,,,5f44591782c646afa99e1ee7bdd63d6c50d75a784ba04d9e92286ff801af4078,undefined FUN_181436608(),ghidra,clean,
WHGame.dll,release_1_5_1164953_841,0x143669c,145,FUN_18143669c,,,aa9d493d6d65c2beb5792290f543498ba2010cd827fc02e822aa3908362b76b3,undefined FUN_18143669c(),ghidra,clean,
WHGame.dll,release_1_5_1164953_841,0x1436730,234,FUN_181436730,,,4ff7003d5bb0161c59e18776dacd436e3a28fca41d4be12d4f8f5f5db57bc9c0,undefined FUN_181436730(),ghidra,clean,
WHGame.dll,release_1_5_1164953_841,0x143681c,207,FUN_18143681c,,,ac6a297a0c0ecb72da10f86e8240f29e9d9da6ae78c9930f350fe08d07f001bd,undefined FUN_18143681c(),ghidra,clean,
WHGame.dll,release_1_5_1164953_841,0x14368dc,261,FUN_1814368dc,,,958b60d40542f70ea371fc478bdb5499dc58c25c8075d96734b3a978e63dbba3,undefined FUN_1814368dc(),ghidra,clean,
WHGame.dll,release_1_5_1164953_841,0x14369d8,196,FUN_1814369d8,,,0c196cb7f2f330a5f6a8882edf713234bb2b3ef84d4b29a1a9dfb310349696fb,undefined FUN_1814369d8(),ghidra,clean,
WHGame.dll,release_1_5_1164953_841,0x1436a9c,180,FUN_181436a9c,,,689e7eb63334da604648a80cf4e22f0c8a0ae677a72169291869565d6c82a438,undefined FUN_181436a9c(),ghidra,clean,
WHGame.dll,release_1_5_1164953_841,0x1436b50,155,FUN_181436b50,,,b707791d3df9f3b850628bfa016f657a92b149822d7a469239fd36b53ede8edd,undefined FUN_181436b50(),ghidra,clean,
WHGame.dll,release_1_5_1164953_841,0x1436bec,311,FUN_181436bec,,,eb5bfb94cb398e751886e9efd7381f81e11525517f4022364087a5da7dfa5419,undefined FUN_181436bec(),ghidra,clean,
WHGame.dll,release_1_5_1164953_841,0x1436d24,170,FUN_181436d24,,,92e29b2e593177fcb6518851b11df864e5e176cf2b41924a9ba3839717c17b38,undefined FUN_181436d24(),ghidra,clean,
WHGame.dll,release_1_5_1164953_841,0x1436dd0,234,FUN_181436dd0,,,f0bd2ecc1f2bd4065927f9777c2fbe7696f2ccd54771ddcf82eac8f1af1f8dab,undefined FUN_181436dd0(),ghidra,clean,
WHGame.dll,release_1_5_1164953_841,0x1436ebc,207,FUN_181436ebc,,,1fb72bba2b535e238cec37ff0ae4163f4f812cea4b706a5f1bad91997817ad41,undefined FUN_181436ebc(),ghidra,clean,
WHGame.dll,release_1_5_1164953_841,0x1436f7c,261,FUN_181436f7c,,,e7ae122f5ecff5aa5f3afaaaa0cb003e83acb76698626f445d913e13b35765cf,undefined FUN_181436f7c(),ghidra,clean,
WHGame.dll,release_1_5_1164953_841,0x1437078,196,FUN_181437078,,,3ba38498fd7d784e442e837f4eb1e88c0dbe2f479cce77fcb8751d8c80dcc261,undefined FUN_181437078(),ghidra,clean,
WHGame.dll,release_1_5_1164953_841,0x143713c,57,FUN_18143713c,,,1ad76701311b7b5670ea0bdc1866bd6af3532bae9caf67f6aeaf9d1f39fc9470,undefined FUN_18143713c(),ghidra,clean,
WHGame.dll,release_1_5_1164953_841,0x143715c,11,FUN_18143715c,,,800ce2bdd23700c27b939ecdd1ba2f111ecc64de0f089d3771fb86c308d1249e,undefined FUN_18143715c(),ghidra,clean,
WHGame.dll,release_1_5_1164953_841,0x1437168,29,FUN_181437168,,,6297f94b957a44d943d927d102006523b6e1ebdbcec6f37a5ac75efd7c218e9a,undefined FUN_181437168(),ghidra,clean,
WHGame.dll,release_1_5_1164953_841,0x1437188,35,FUN_181437188,,,dc3dde2dcd9110b896dc7e955c9545611f855337d3cb59de40d0dbb463c1e93a,undefined FUN_181437188(),ghidra,clean,
WHGame.dll,release_1_5_1164953_841,0x14371ac,75,FUN_1814371ac,,,72182bfe311d7df5fd2b442714bf2edf1fb096839a80a80e948c5e9aa8c953bc,undefined FUN_1814371ac(),ghidra,clean,
WHGame.dll,release_1_5_1164953_841,0x14371f8,215,FUN_1814371f8,,,1ff9fabaf4a4eb3bb7856eb377e4746ec3db0d0d5fdd6ee4c4b7392cba212083,undefined FUN_1814371f8(),ghidra,clean,
WHGame.dll,release_1_5_1164953_841,0x14372d0,296,FUN_1814372d0,,,158f136b8696e6ee0348c71915f8b080c113cb04952a44d28f568a7eeed63f99,undefined FUN_1814372d0(),ghidra,clean,
WHGame.dll,release_1_5_1164953_841,0x14373f8,164,FUN_1814373f8,,,10f524e46b9ddd0f08dadf97b099e1da027f279c83418210cab087538fa2e403,undefined FUN_1814373f8(),ghidra,clean,
WHGame.dll,release_1_5_1164953_841,0x143749c,50,FUN_18143749c,,,254d029e6449cb7a5e3a949a328b52bcb91e823090a161a29fe499617d510e3d,undefined FUN_18143749c(),ghidra,clean,
WHGame.dll,release_1_5_1164953_841,0x14374d0,114,FUN_1814374d0,,,1fb748c37d2a90f471d038cbb18e7cc96eff1f0a66c5c9ade9d9b5d07bcfe164,undefined FUN_1814374d0(),ghidra,clean,
WHGame.dll,release_1_5_1164953_841,0x1437544,30,FUN_181437544,,,f4d894254e4ae3e462555a05e9e9e95b2f85d8c2c1754d3d6f8679c31eb484b6,undefined FUN_181437544(),ghidra,clean,
WHGame.dll,release_1_5_1164953_841,0x1437564,64,FUN_181437564,,,e3f5366982621aedde47ee22e703a9c5961badcfb99df267fc7c2e002df1b5b1,undefined FUN_181437564(),ghidra,clean,
WHGame.dll,release_1_5_1164953_841,0x14375a4,212,FUN_1814375a4,,,f70899f06570ce7272f713d317bfa3a0c12d2f1aaf1aa0c8cf0f4bc222806bec,undefined FUN_1814375a4(),ghidra,clean,
WHGame.dll,release_1_5_1164953_841,0x1437678,166,FUN_181437678,,,f7f776db8e8e8910c2d7cece6fbd94f780beca7294558211d263b5d4ffed84ce,undefined FUN_181437678(),ghidra,clean,
WHGame.dll,release_1_5_1164953_841,0x1437720,290,FUN_181437720,,,5c0ca4d95c2dabf4eb29a5fa3b7fc72ccc38ed52b2d0fde0471840d4e5619578,undefined FUN_181437720(),ghidra,clean,
WHGame.dll,release_1_5_1164953_841,0x1437844,146,FUN_181437844,,,8ea6d4dc9488dce3892091069ba45d84c2f65622b9aa902aa4091add8ca38958,undefined FUN_181437844(),ghidra,clean,
WHGame.dll,release_1_5_1164953_841,0x14378d8,114,FUN_1814378d8,,,32f5249c70b7c3035205cd4c9f04ca5d61b7186d2546ed2e2ff7309b18080466,undefined FUN_1814378d8(),ghidra,clean,
WHGame.dll,release_1_5_1164953_841,0x143794c,72,FUN_18143794c,,,869eabbdf80a160e10b2f1ec98d404a3407a79444711423db9610e2173cd14f5,undefined FUN_18143794c(),ghidra,clean,
WHGame.dll,release_1_5_1164953_841,0x1437994,268,FUN_181437994,,,68b41c92175e23d5583fb1726d5c0c4871792ad6e4d89fd296e17b636dcbe1e9,undefined FUN_181437994(),ghidra,clean,
WHGame.dll,release_1_5_1164953_841,0x1437aa0,55,FUN_181437aa0,,,ca5f0918c118dffe62f5aca2f32fa2e9c6b92aa877316eb128026cea6e247ea1,undefined FUN_181437aa0(),ghidra,clean,
WHGame.dll,release_1_5_1164953_841,0x1437ac8,196,FUN_181437ac8,,,f2a3736d345a0dd4813ddf65ce83159e1dd1c2adb235d1ea4d95e614a6eec1c2,undefined FUN_181437ac8(),ghidra,clean,
WHGame.dll,release_1_5_1164953_841,0x1437b84,145,FUN_181437b84,,,9539a10b6a8f66e0c9244eb55ca401333e54960481eadb971376d17cd5d2457c,undefined FUN_181437b84(),ghidra,clean,
WHGame.dll,release_1_5_1164953_841,0x1437c18,198,FUN_181437c18,,,aea50ffffc7028589a09d409c693d43049ed0468640c19209721f45a273900fd,undefined FUN_181437c18(),ghidra,clean,
WHGame.dll,release_1_5_1164953_841,0x1437ce0,9,FUN_181437ce0,,,5938aa4612882622dd77156f662c8588351c5ec2f846f6f0b28abbd67a922c1b,undefined FUN_181437ce0(),ghidra,clean,
WHGame.dll,release_1_5_1164953_841,0x1437cec,155,FUN_181437cec,,,41c83260e825abfd9977561f93fca2b4cf753953b3b24e8ed45673c5ec9239be,undefined FUN_181437cec(),ghidra,clean,
WHGame.dll,release_1_5_1164953_841,0x1437d88,291,FUN_181437d88,,,5cf70e39ff4e167d6f2f64a3f101c84403f0bf11626d89fb0b7dbdc656364305,undefined FUN_181437d88(),ghidra,clean,
WHGame.dll,release_1_5_1164953_841,0x1437eac,107,FUN_181437eac,,,31d2fc73fb2758bd6834556f1443d10147676daf1dacb68fe1e012ccd3f9fb5b,undefined FUN_181437eac(),ghidra,clean,
WHGame.dll,release_1_5_1164953_841,0x1437f18,196,FUN_181437f18,,,8766855ca75bc84b2e426bdd4d9459f3b684db17febd6866d1d8dfd5603ce08d,undefined FUN_181437f18(),ghidra,clean,
WHGame.dll,release_1_5_1164953_841,0x1437fd4,175,FUN_181437fd4,,,ce1b132f34d4f77322d4d5ab6bd3318c97f7dbc8ccbcd3fcfc793d3588799275,undefined FUN_181437fd4(),ghidra,clean,
WHGame.dll,release_1_5_1164953_841,0x1438084,196,FUN_181438084,,,a99c45271d5a97a476f2c2b63a73ef6b1eec4fe56bd6ad0446ea51e0bbd12bc0,undefined FUN_181438084(),ghidra,clean,
WHGame.dll,release_1_5_1164953_841,0x1438140,175,FUN_181438140,,,464f9961ae691daa5638a0dea4a0ea4dce16a0cfa52f5b1b6155c8a8f5b439f9,undefined FUN_181438140(),ghidra,clean,
WHGame.dll,release_1_5_1164953_841,0x14381f0,196,FUN_1814381f0,,,17f20b300a8fa8d3cefe9482f988af62479fa7a7ad286b6b3dcbecae9db87bca,undefined FUN_1814381f0(),ghidra,clean,
WHGame.dll,release_1_5_1164953_841,0x14382ac,175,FUN_1814382ac,,,d5ea848c3e1480da2f2c0fcbf8bb46d855963e08d712bc0666d95e481b9eadda,undefined FUN_1814382ac(),ghidra,clean,
WHGame.dll,release_1_5_1164953_841,0x143835c,196,FUN_18143835c,,,0fac724d457e7b532b0acd418c525beee4841cdfc12a7c2a1ca532ce0afed989,undefined FUN_18143835c(),ghidra,clean,
WHGame.dll,release_1_5_1164953_841,0x1438418,175,FUN_181438418,,,7651f6436d9e47d2ed50ef6c416107b33d2932aeacd8425b0e37cfdb991bf768,undefined FUN_181438418(),ghidra,clean,
WHGame.dll,release_1_5_1164953_841,0x14384c8,196,FUN_1814384c8,,,8f4a06fbb19345d91707d2a0458feab61a8ea976616b43022ce6359b536d7648,undefined FUN_1814384c8(),ghidra,clean,
WHGame.dll,release_1_5_1164953_841,0x1438584,175,FUN_181438584,,,fa42793cdafd5b609dab59ec7fbb2391df274a93cd33f57b1fb16e5dcfcf5ede,undefined FUN_181438584(),ghidra,clean,
WHGame.dll,release_1_5_1164953_841,0x1438634,234,FUN_181438634,,,fbf6c586d0e3e5a6877f35cf0fcc9d1baa1033e2389accab35d40c4c4e4ce058,undefined FUN_181438634(),ghidra,clean,
WHGame.dll,release_1_5_1164953_841,0x1438720,207,FUN_181438720,,,b23c3e0456d95cf642b870ab2582c4d3c96c7e7629ff06f362fea5226d287ce9,undefined FUN_181438720(),ghidra,clean,
WHGame.dll,release_1_5_1164953_841,0x14387e0,251,FUN_1814387e0,,,1b5cfd4d522f2bda43df2888ed2391f14829fb955b092aefebffe6911e773773,undefined FUN_1814387e0(),ghidra,clean,
WHGame.dll,release_1_5_1164953_841,0x14388dc,196,FUN_1814388dc,,,ba098217825a50272d73d233bae35e23b31f10933c5ef1248aa1d53f71444de1,undefined FUN_1814388dc(),ghidra,clean,
WHGame.dll,release_1_5_1164953_841,0x14389a0,234,FUN_1814389a0,,,aaa907bf56fdb052dcd95a92d5a65b2a1e1ec571cb98fdd9da89bfd465193092,undefined FUN_1814389a0(),ghidra,clean,
WHGame.dll,release_1_5_1164953_841,0x1438a8c,207,FUN_181438a8c,,,860de6c83a41e57a4dfe91789c86889e9d34851862a856e6f518600458c4572a,undefined FUN_181438a8c(),ghidra,clean,
WHGame.dll,release_1_5_1164953_841,0x1438b4c,251,FUN_181438b4c,,,8e1db0aff16c30a1eb20c3b0491a6e75a6554983086263b761c1b5ff164e209e,undefined FUN_181438b4c(),ghidra,clean,
WHGame.dll,release_1_5_1164953_841,0x1438c48,196,FUN_181438c48,,,3a9b18dfc47916e9eabe043af3c574dc9808ab56f32f79f1a59a307c7b728c28,undefined FUN_181438c48(),ghidra,clean,
WHGame.dll,release_1_5_1164953_841,0x1438d0c,234,FUN_181438d0c,,,3650307fd57137ae782b155897bb531aa0c385e820198f0c48413fe7238674d3,undefined FUN_181438d0c(),ghidra,clean,
WHGame.dll,release_1_5_1164953_841,0x1438df8,207,FUN_181438df8,,,538e07a662c20bf0cb650056cd9ea6812203d9a0c358f6f0c998aea84f31c093,undefined FUN_181438df8(),ghidra,clean,
WHGame.dll,release_1_5_1164953_841,0x1438eb8,251,FUN_181438eb8,,,732c547bed67e1a225f0395c6cbfdce8303555dbf271fe16b3a0658e0ac7481b,undefined FUN_181438eb8(),ghidra,clean,
WHGame.dll,release_1_5_1164953_841,0x1438fb4,196,FUN_181438fb4,,,d404da37feb2371d98a0ab27f27291b3f2c1adaf77c09af4be215926835e0dc5,undefined FUN_181438fb4(),ghidra,clean,
WHGame.dll,release_1_5_1164953_841,0x1439078,68,FUN_181439078,,,ddd9e04f58a746f2b0ff8b49173cb3c783e227dd3f02fa44a66bbdbfab945a67,undefined FUN_181439078(),ghidra,clean,
WHGame.dll,release_1_5_1164953_841,0x14390bc,109,FUN_1814390bc,,,4cfb2d672bee53b76efd56bd6151f359ecb70422d654be25eb0822e14f059899,undefined FUN_1814390bc(),ghidra,clean,
WHGame.dll,release_1_5_1164953_841,0x143912c,196,FUN_18143912c,,,93148915c952efaacf444a98655753bd7bc6776f1d59dea6f877f0198d8b1008,undefined FUN_18143912c(),ghidra,clean,
WHGame.dll,release_1_5_1164953_841,0x14391e8,175,FUN_1814391e8,,,eeb991363c7a570831ac2895e0b7d7762aa4398642523aac8f992769025ccb38,undefined FUN_1814391e8(),ghidra,clean,
WHGame.dll,release_1_5_1164953_841,0x1439298,26,FUN_181439298,,,da9197e1ce991579a1618a98226cb8f9cdf222b8623840ef948aaee75f120363,undefined FUN_181439298(),ghidra,clean,
WHGame.dll,release_1_5_1164953_841,0x14392b4,96,FUN_1814392b4,,,3c40eba5e9f15c1a6fea784d80c1ff9891b6775fa8e71117096af628bc042876,undefined FUN_1814392b4(),ghidra,clean,
WHGame.dll,release_1_5_1164953_841,0x1439314,85,FUN_181439314,,,1769d910ff9972477fa3d560c41a0b73dbf5a8a1c3a452c14b9b899ec6ff09b5,undefined FUN_181439314(),ghidra,clean,
WHGame.dll,release_1_5_1164953_841,0x1439348,211,FUN_181439348,,,7126199c133a61fdac1579bc3a6e4844ba3cfa6c3ec80c0142fa26a7262739ef,undefined FUN_181439348(),ghidra,clean,
WHGame.dll,release_1_5_1164953_841,0x143941c,54,FUN_18143941c,,,1b683ca85d56ccd9cf52102fb1300336c1cc7e918601399f022c7869811289ac,undefined FUN_18143941c(),ghidra,clean,
WHGame.dll,release_1_5_1164953_841,0x1439454,34,FUN_181439454,,,5877eb534bff8d6f59847ddaeb9cdbc507d54c3cc9c460f98f3db818df560ef7,undefined FUN_181439454(),ghidra,clean,
WHGame.dll,release_1_5_1164953_841,0x1439478,219,FUN_181439478,,,7aeb1455ea8a90c549fc582842b3ce6c870e7baccc550c6c5b3d6740f8e360a5,undefined FUN_181439478(),ghidra,clean,
WHGame.dll,release_1_5_1164953_841,0x1439554,81,FUN_181439554,,,60c2bb92d3a3ac01b52bf95bc6ab14cf99b30e18b314f1b5fbafcb826f1a38af,undefined FUN_181439554(),ghidra,clean,
WHGame.dll,release_1_5_1164953_841,0x1439588,69,FUN_181439588,,,6b3dad8c6655bb253a7c2f1317017b146334ea9431fce861697feea6038013fd,undefined FUN_181439588(),ghidra,clean,
WHGame.dll,release_1_5_1164953_841,0x14395d0,55,FUN_1814395d0,,,f7749930bfc2720447322657df4a0a14be42eca4707d8a285810b697a8237e06,undefined FUN_1814395d0(),ghidra,clean,
WHGame.dll,release_1_5_1164953_841,0x1439608,173,FUN_181439608,,,b478d4a9073b3802953e2a2469c80c0ab1af916171ad06ffc4de0a022cf84788,undefined FUN_181439608(),ghidra,clean,
WHGame.dll,release_1_5_1164953_841,0x1439674,55,FUN_181439674,,,8b0c2bebfb110962186cf36630273ed1f50ce49034304392c6b31a825b27a07b,undefined FUN_181439674(),ghidra,clean,
WHGame.dll,release_1_5_1164953_841,0x143969c,199,FUN_18143969c,,,07efb62fda5b6f64dbc38b85488ed726a87684b32ccfdf74987020e3875ae6b8,undefined FUN_18143969c(),ghidra,clean,
WHGame.dll,release_1_5_1164953_841,0x143974c,39,FUN_18143974c,,,f38c876df64c58701c3759da76ee8ea007818c52671f024ea30a46a4c9c75eda,undefined FUN_18143974c(),ghidra,clean,
WHGame.dll,release_1_5_1164953_841,0x1439774,30,FUN_181439774,,,be10f13ede15933eadf5a124876f25ea1fd6b6c0cd706b8951f4e8e3f0b270e8,undefined FUN_181439774(),ghidra,clean,
WHGame.dll,release_1_5_1164953_841,0x1439794,97,FUN_181439794,,,931020b79bd7e3766bdd7e0d6240294767b2dbb97d11682955cec7940f1fa32a,undefined FUN_181439794(),ghidra,clean,
WHGame.dll,release_1_5_1164953_841,0x14397f8,11,FUN_1814397f8,,,d8a887f8f7e77f66464797934a7a2023873ac856a458428ede4913c315678750,undefined FUN_1814397f8(),ghidra,clean,
WHGame.dll,release_1_5_1164953_841,0x1439804,321,FUN_181439804,,,07077a9f7d7deaa0d7de935213069d7a353525233b5f4b5c4588c8c7af36ae27,undefined FUN_181439804(),ghidra,clean,
WHGame.dll,release_1_5_1164953_841,0x1439948,104,FUN_181439948,,,b72bd8c0e93ee97f2404729993d2914d70fab781a3f0211afc5fab82f717d3e7,undefined FUN_181439948(),ghidra,clean,
WHGame.dll,release_1_5_1164953_841,0x14399b0,29,FUN_1814399b0,,,d982b0c7943e05baed786fb7ab0d3cf786c2cdf3d7d73abedaf3bbe78e542104,undefined FUN_1814399b0(),ghidra,clean,
WHGame.dll,release_1_5_1164953_841,0x14399d0,271,FUN_1814399d0,,,ae601233f4400e06f1cbd1a76b2525bec9e0124031d4ab7e109073e831b677f0,undefined FUN_1814399d0(),ghidra,clean,
WHGame.dll,release_1_5_1164953_841,0x1439aa0,132,FUN_181439aa0,,,6cc14453b4ea61954c5213d60d1bcb00390f0a69499cd2304cea5fcb999a5bce,undefined FUN_181439aa0(),ghidra,clean,
WHGame.dll,release_1_5_1164953_841,0x1439b24,81,FUN_181439b24,,,f902505de94ad96691cdf840888fa2337fc5398ab7568ff2c1fda6e261ffd889,undefined FUN_181439b24(),ghidra,clean,
WHGame.dll,release_1_5_1164953_841,0x1439b80,137,FUN_181439b80,,,514dda8b522088d73e63a025a709d9d57272653be541c4b78da24069764192c3,undefined FUN_181439b80(),ghidra,clean,
WHGame.dll,release_1_5_1164953_841,0x1439c0c,85,FUN_181439c0c,,,c84dbc63fa39987d958b25f2c2a035d1167c1b8ba9bec7ad998adca56efbcc9b,undefined FUN_181439c0c(),ghidra,clean,
WHGame.dll,release_1_5_1164953_841,0x1439c6c,266,FUN_181439c6c,,,123641f4d673aef7424391c61b2e168d477c4954e564edd5761aa5b66833fb0f,undefined FUN_181439c6c(),ghidra,clean,
WHGame.dll,release_1_5_1164953_841,0x1439d80,137,FUN_181439d80,,,3755f5f8e94dcb614bbf0f659a30ef73f8c01606328ebb5ca6a9560a5e96950e,undefined FUN_181439d80(),ghidra,clean,
WHGame.dll,release_1_5_1164953_841,0x1439e0c,82,FUN_181439e0c,,,5c95356163ec9933bb14023a3ff5bbebfdabcd53e710b94bbca9d9cc72f0129c,undefined FUN_181439e0c(),ghidra,clean,
WHGame.dll,release_1_5_1164953_841,0x1439e68,137,FUN_181439e68,,,4fb2dcceab3d92c18d6c3e8eb3807cd5192d25d7cc9dc09f0d6d3324984de024,undefined FUN_181439e68(),ghidra,clean,
WHGame.dll,release_1_5_1164953_841,0x1439ef4,82,FUN_181439ef4,,,05fafb5afc47e9a4e3a5cdcbe4e580d7697b496c2c61a14fce0534057274b35e,undefined FUN_181439ef4(),ghidra,clean,
WHGame.dll,release_1_5_1164953_841,0x1439f50,266,FUN_181439f50,,,276620e0b176d4cbc382cecf45039b3731855fa906a133330f0ca1ff650eae38,undefined FUN_181439f50(),ghidra,clean,
WHGame.dll,release_1_5_1164953_841,0x143a05c,160,FUN_18143a05c,,,7ff12e9566282bccfd70a818ce7f8efecd54c2965834b7461cf58545e00251f2,undefined FUN_18143a05c(),ghidra,clean,
WHGame.dll,release_1_5_1164953_841,0x143a0fc,163,FUN_18143a0fc,,,d7cfd0b2c7fe32ffa2662eb2ca0c8622e7568494f47bca271bc23162fa59bce2,undefined FUN_18143a0fc(),ghidra,clean,
WHGame.dll,release_1_5_1164953_841,0x143a16c,155,FUN_18143a16c,,,5d583645ba065dbbf020cc1f704fec24d898b921e4dc25fca6137683a7b30d39,undefined FUN_18143a16c(),ghidra,clean,
WHGame.dll,release_1_5_1164953_841,0x143a208,291,FUN_18143a208,,,fcc1db45dcf33b8906b21a6659d7143656b524e2c063195c4b1e9d90680f9095,undefined FUN_18143a208(),ghidra,clean,
WHGame.dll,release_1_5_1164953_841,0x143a32c,155,FUN_18143a32c,,,420008aa0b7e24bcc3a1f0ee3413682d9c81b327c742f368d7470cbb530a97af,undefined FUN_18143a32c(),ghidra,clean,
WHGame.dll,release_1_5_1164953_841,0x143a3c8,291,FUN_18143a3c8,,,5e63089370f84151da2d069825988a52a02b38ecc368751d7741b8f91bd6870a,undefined FUN_18143a3c8(),ghidra,clean,
WHGame.dll,release_1_5_1164953_841,0x143a4ec,178,FUN_18143a4ec,,,44621977f2c0fa0cd9257d3047036a5c99501f1af3dad8c55f7bebdac7a6e81b,undefined FUN_18143a4ec(),ghidra,clean,
WHGame.dll,release_1_5_1164953_841,0x143a5a0,22,FUN_18143a5a0,,,34bcdd7410ef4597aa15750bdafe4aeb6d837af8a1fbc0449a873158e07c09b8,undefined FUN_18143a5a0(),ghidra,clean,
WHGame.dll,release_1_5_1164953_841,0x143a5b8,74,FUN_18143a5b8,,,257d139badb2081e3514bf227b4c5b5c7a77d90cb4c2c242d6a9dee805fbce67,undefined FUN_18143a5b8(),ghidra,clean,
WHGame.dll,release_1_5_1164953_841,0x143a604,83,FUN_18143a604,,,8b45e82767510a129c10bc1b56e078cfab39a330927573e3d9ba5dd28ff9f659,undefined FUN_18143a604(),ghidra,clean,
WHGame.dll,release_1_5_1164953_841,0x143a658,147,FUN_18143a658,,,3e7975ce288caeac98c8f4d644ac203bd6f19938388429a7d3a9f047e241df46,undefined FUN_18143a658(),ghidra,clean,
WHGame.dll,release_1_5_1164953_841,0x143a6ec,55,FUN_18143a6ec,,,92d25e1e368f8667ce68ea9759d3e046460d9584613cec52b6e6c404e1fd188c,undefined FUN_18143a6ec(),ghidra,clean,
WHGame.dll,release_1_5_1164953_841,0x143a714,55,FUN_18143a714,,,cedabb7090b40988eac44dcceafd0f18302118efa6b12bffed46d7c0faf1a6b7,undefined FUN_18143a714(),ghidra,clean,
WHGame.dll,release_1_5_1164953_841,0x143a73c,190,FUN_18143a73c,,,a28efa83f17ee933085a2f3be6725dee387f3c3d2956d3f5b145a1ec57723db8,undefined FUN_18143a73c(),ghidra,clean,
WHGame.dll,release_1_5_1164953_841,0x143a7f4,157,FUN_18143a7f4,,,ba804491d2daba145f61a7cdcb259f4f32193cb13a1e0cfcb2f2048c4fd4c2b8,undefined FUN_18143a7f4(),ghidra,clean,
WHGame.dll,release_1_5_1164953_841,0x143a888,154,FUN_18143a888,,,b4405e95aded367b882678480f79f5dab2a832acdbe11629c5b3d9e53cee5810,undefined FUN_18143a888(),ghidra,clean,
WHGame.dll,release_1_5_1164953_841,0x143a924,89,FUN_18143a924,,,5e7b4039363898348fd717cc3f332be7e4f876a436209be4e7c3bf19ade3b82a,undefined FUN_18143a924(),ghidra,clean,
WHGame.dll,release_1_5_1164953_841,0x143a980,173,FUN_18143a980,,,ac3bad45fb2d05e7591e1c36c819aafcc05696c456928875c03f78044e50ec24,undefined FUN_18143a980(),ghidra,clean,
WHGame.dll,release_1_5_1164953_841,0x143aa24,120,FUN_18143aa24,,,260e64c31c85a2f81a4a6aabb35a1326cc3382960d7460fe127a601666acd49f,undefined FUN_18143aa24(),ghidra,clean,
WHGame.dll,release_1_5_1164953_841,0x143aaa0,212,FUN_18143aaa0,,,ca7d45213bd17ccc2c224fe06279a727e415f6718e8034d4129b5dbc33dde6b3,undefined FUN_18143aaa0(),ghidra,clean,
WHGame.dll,release_1_5_1164953_841,0x143ab6c,163,FUN_18143ab6c,,,bf686d5f4ec39903e594e4c6e2936e13df8dac38ee431ec61c03a6a6eb9c3aa1,undefined FUN_18143ab6c(),ghidra,clean,
WHGame.dll,release_1_5_1164953_841,0x143ac14,145,FUN_18143ac14,,,69ac6c551b099b1a9b8c832cdf50d8cb4b332188b26cea3ddc48b9e83189cf74,undefined FUN_18143ac14(),ghidra,clean,
WHGame.dll,release_1_5_1164953_841,0x143aca8,145,FUN_18143aca8,,,b9effc1041bc7ca7286544fbc4ac1dfd6401a3fa75d307e42d8bffc9eac79c6e,undefined FUN_18143aca8(),ghidra,clean,
WHGame.dll,release_1_5_1164953_841,0x143ad3c,55,FUN_18143ad3c,,,a36f42c5aaa9cb12798fed637429047538424e14297bf7c899b6cf92b262d18a,undefined FUN_18143ad3c(),ghidra,clean,
WHGame.dll,release_1_5_1164953_841,0x143ad64,181,FUN_18143ad64,,,e9078b47f8da631b4af84a7c36cf44bccd81d242157c51f675b18c3fc1e2ade8,undefined FUN_18143ad64(),ghidra,clean,
WHGame.dll,release_1_5_1164953_841,0x143ae1c,92,FUN_18143ae1c,,,7b4310ef17a7e1d27bcaf8d4516dd7c2d4a4c43341d3d4850706e2212e079967,undefined FUN_18143ae1c(),ghidra,clean,
WHGame.dll,release_1_5_1164953_841,0x143ae78,257,FUN_18143ae78,,,98c9597ebe714099249417b52607bde0ff7c7ee7b9937e2fe54eac2191968cf6,undefined FUN_18143ae78(),ghidra,clean,
WHGame.dll,release_1_5_1164953_841,0x143af7c,26,FUN_18143af7c,,,784f42d42467bdc72bf303619520ab86d009b3466c28ed890d4202f919d16798,undefined FUN_18143af7c(),ghidra,clean,
WHGame.dll,release_1_5_1164953_841,0x143af98,958,FUN_18143af98,,,7cff57bb5205a85684862d2fc6bb207ed5ec261c16792d820450b1d10765246b,undefined FUN_18143af98(),ghidra,clean,
WHGame.dll,release_1_5_1164953_841,0x143b358,23,FUN_18143b358,,,4a2215c3e820937481093c41c3a2c4fdd1b034767afb06c5e8afd475b2e2dc6a,undefined FUN_18143b358(),ghidra,clean,
WHGame.dll,release_1_5_1164953_841,0x143b370,155,FUN_18143b370,,,f9488e9c81becff58b5e3de48fb8a082992ebd651da6428e7bcbd4c734a93cc5,undefined FUN_18143b370(),ghidra,clean,
WHGame.dll,release_1_5_1164953_841,0x143b40c,304,FUN_18143b40c,,,66de65e00c187586072cff89fc7301f9a9d992f76620a1f1d1d491802a088095,undefined FUN_18143b40c(),ghidra,clean,
WHGame.dll,release_1_5_1164953_841,0x143b53c,155,FUN_18143b53c,,,ea3455168c8df3ea29306927386b36ce280d73e3ed3cb0910b27e4765d13d2b6,undefined FUN_18143b53c(),ghidra,clean,
WHGame.dll,release_1_5_1164953_841,0x143b5d8,298,FUN_18143b5d8,,,2fbdf5a8e8cc2834b89b8b6cd24286339f77221b85c8e340758464fe07901a5c,undefined FUN_18143b5d8(),ghidra,clean,
WHGame.dll,release_1_5_1164953_841,0x143b704,163,FUN_18143b704,,,003927919560f4d2de958a56ead7397d6aa4be125dcb65846aaa86b22c139554,undefined FUN_18143b704(),ghidra,clean,
WHGame.dll,release_1_5_1164953_841,0x143b7a8,45,FUN_18143b7a8,,,38c1b99ab6805246c9a831587cadda7e0c621e9d3337ab6f811c5a46998b8ac5,undefined FUN_18143b7a8(),ghidra,clean,
WHGame.dll,release_1_5_1164953_841,0x143b7d8,190,FUN_18143b7d8,,,cbb354ace1bf0cca2822565ed047011ae00c0d1ba889b99491b157d9e42cf92b,undefined FUN_18143b7d8(),ghidra,clean,
WHGame.dll,release_1_5_1164953_841,0x143b898,234,FUN_18143b898,,,cef23abce98219a1a9b0e2e107566bf465775d87a18fce3588c6412205539405,undefined FUN_18143b898(),ghidra,clean,
WHGame.dll,release_1_5_1164953_841,0x143b984,207,FUN_18143b984,,,434a2529c6dd89340e06ad9dc058011b57c40a196476bd21ed340222ac764f42,undefined FUN_18143b984(),ghidra,clean,
WHGame.dll,release_1_5_1164953_841,0x143ba44,251,FUN_18143ba44,,,ffa2ed0fd3bc99eaf3cfdf7dc8bd8b469a9aab5e98b9db5e87b1bfcff617221c,undefined FUN_18143ba44(),ghidra,clean,
WHGame.dll,release_1_5_1164953_841,0x143bb40,196,FUN_18143bb40,,,f8ac5c86702226974807c6a824d1aea2e49a1f1354a7b1375521fe58d2c54ce3,undefined FUN_18143bb40(),ghidra,clean,
WHGame.dll,release_1_5_1164953_841,0x143bc10,9,FUN_18143bc10,,,3b87f5fec7e87caddb25c1e6bb4165439697258958235911d8b2bc38c93daba3,undefined FUN_18143bc10(),ghidra,clean,
WHGame.dll,release_1_5_1164953_841,0x143bc1c,190,FUN_18143bc1c,,,5c5b79e18dcd278de71ae16ac8421492a1f8d15f7607bf0a2eca39199b8e32a0,undefined FUN_18143bc1c(),ghidra,clean,
WHGame.dll,release_1_5_1164953_841,0x143bcdc,190,FUN_18143bcdc,,,01f5c81416d19a7fe736a4ba095aab7a7ac2fa6a9138815dfba75e8e3c01c749,undefined FUN_18143bcdc(),ghidra,clean,
WHGame.dll,release_1_5_1164953_841,0x143bd9c,234,FUN_18143bd9c,,,8436e357b28e9d28b2ac0dd392466f8003615f7d8c2b1ee9fdb33ec2179086ed,undefined FUN_18143bd9c(),ghidra,clean,
WHGame.dll,release_1_5_1164953_841,0x143be88,268,FUN_18143be88,,,12076996872f22aa49e8939c6ee5cb5fa536bba94d589f27f1791abc244ef2d8,undefined FUN_18143be88(),ghidra,clean,
WHGame.dll,release_1_5_1164953_841,0x143bf84,251,FUN_18143bf84,,,8af5ea8d0add1ce47938855632763c15d49f2ae7c68bc8932c51133a68dec4b1,undefined FUN_18143bf84(),ghidra,clean,
WHGame.dll,release_1_5_1164953_841,0x143c080,196,FUN_18143c080,,,6bafe1fc27c1a23ec96477e148989ee04b83083399744795c3a52c8fc8a4cff2,undefined FUN_18143c080(),ghidra,clean,
WHGame.dll,release_1_5_1164953_841,0x143c144,26,FUN_18143c144,,,819234953c91d716a341edb10dcca2267107efa13f78881bbca64f4a7a11eeca,undefined FUN_18143c144(),ghidra,clean,
WHGame.dll,release_1_5_1164953_841,0x143c160,155,FUN_18143c160,,,05fd5ba47835d156b80b987d24aa6f992fc5ea1a70eaf99416e5bcabb258f5cb,undefined FUN_18143c160(),ghidra,clean,
WHGame.dll,release_1_5_1164953_841,0x143c1fc,26,FUN_18143c1fc,,,819234953c91d716a341edb10dcca2267107efa13f78881bbca64f4a7a11eeca,undefined FUN_18143c1fc(),ghidra,clean,
WHGame.dll,release_1_5_1164953_841,0x143c218,155,FUN_18143c218,,,43bb74ee1b301f4037258e7040628cfcf11bd5d27ef98ab605a5080894f3fd54,undefined FUN_18143c218(),ghidra,clean,
WHGame.dll,release_1_5_1164953_841,0x143c2b4,26,FUN_18143c2b4,,,819234953c91d716a341edb10dcca2267107efa13f78881bbca64f4a7a11eeca,undefined FUN_18143c2b4(),ghidra,clean,
WHGame.dll,release_1_5_1164953_841,0x143c2d0,155,FUN_18143c2d0,,,ab2fc61ebc4a79001fcad7b6566776921d1766774b5d60285f545cfa04f57df3,undefined FUN_18143c2d0(),ghidra,clean,
WHGame.dll,release_1_5_1164953_841,0x143c36c,311,FUN_18143c36c,,,80001cb21c1c9f99479052ad91c083fcc055fd8466cf1c48f88168b335dbd9d7,undefined FUN_18143c36c(),ghidra,clean,
WHGame.dll,release_1_5_1164953_841,0x143c4a4,311,FUN_18143c4a4,,,6a37ff5a96004631a0f018f4a52fd9d197094c067d3ff14750234cdfbcdca7fe,undefined FUN_18143c4a4(),ghidra,clean,
WHGame.dll,release_1_5_1164953_841,0x143c5dc,311,FUN_18143c5dc,,,81cf2eb8f35934c36bb8c462588940aaf7ab7b6b00e21e8078aaa2694c22e2e4,undefined FUN_18143c5dc(),ghidra,clean,
WHGame.dll,release_1_5_1164953_841,0x143c714,43,FUN_18143c714,,,bdb02c440adf55467dbfbaee6ca3af3475fd5380fdf8c99cde381aff1c1e04c5,undefined FUN_18143c714(),ghidra,clean,
WHGame.dll,release_1_5_1164953_841,0x143c740,212,FUN_18143c740,,,8c9824ee856fa07a6d7830e2f4480db1745d318ec61dc86b91345e27d0b0d2a2,undefined FUN_18143c740(),ghidra,clean,
WHGame.dll,release_1_5_1164953_841,0x143c7f8,147,FUN_18143c7f8,,,bf771dbce047e81827b4c766c032f53dfe4f9116f9d5244d590891cd3897c1ea,undefined FUN_18143c7f8(),ghidra,clean,
WHGame.dll,release_1_5_1164953_841,0x143c88c,141,FUN_18143c88c,,,868ff4b3b36daf556413d8d207bca61639f8415c28939fdd6a800b41dc1f1fe3,undefined FUN_18143c88c(),ghidra,clean,
WHGame.dll,release_1_5_1164953_841,0x143c91c,42,FUN_18143c91c,,,3241f4581a4af94276c189db1e6eba6605e92c1f7ea296c86b1fe3661f169282,undefined FUN_18143c91c(),ghidra,clean,
WHGame.dll,release_1_5_1164953_841,0x143c948,68,FUN_18143c948,,,8aa23f2a7ffc563781950adf51d258972788dad3ac734f483d5494138b44e55c,undefined FUN_18143c948(),ghidra,clean,
WHGame.dll,release_1_5_1164953_841,0x143c98c,5,thunk_FUN_18143c994,,,b0d40b133b9394d93820ac0104b0065121d2d73df32c7bfb4e4cf5d805a8b103,undefined thunk_FUN_18143c994(),ghidra,clean,
WHGame.dll,release_1_5_1164953_841,0x143c994,103,FUN_18143c994,,,2c9fd5fb2875311242bc1b22fcb386c0464e8d17763bf4ec407f18956d08b0f7,undefined FUN_18143c994(),ghidra,clean,
WHGame.dll,release_1_5_1164953_841,0x143c9fc,211,FUN_18143c9fc,,,552df777743cd388edb356886da1ea7396e6004f8f9d0d163728826c64f86333,undefined FUN_18143c9fc(),ghidra,clean,
WHGame.dll,release_1_5_1164953_841,0x143caa8,132,FUN_18143caa8,,,9fbfbbf77c25f12f4a6aaf262e03a0398933f9defb7760c74c3e0c18d73ddd12,undefined FUN_18143caa8(),ghidra,clean,
WHGame.dll,release_1_5_1164953_841,0x143cb2c,53,FUN_18143cb2c,,,e1e2009e79ea56e7599537938260f01e098821e3cccb8ab0593df562cd484ce7,undefined FUN_18143cb2c(),ghidra,clean,
WHGame.dll,release_1_5_1164953_841,0x143cb64,328,FUN_18143cb64,,,5e787bd0f27eebc6c0784da33a9feee9eb157920106507e23aa54cbc67ada7ef,undefined FUN_18143cb64(),ghidra,clean,
WHGame.dll,release_1_5_1164953_841,0x143ccb0,100,FUN_18143ccb0,,,26e824c433c397d172fb8a13d86852c2b08a98430ef46eb0b2a3a1c7374725be,undefined FUN_18143ccb0(),ghidra,clean,
WHGame.dll,release_1_5_1164953_841,0x143cd14,54,FUN_18143cd14,,,405ede67169c4b8e827a0aa8eb86bbbb515ad13828c5e2e381f7f5778f7b503d,undefined FUN_18143cd14(),ghidra,clean,
WHGame.dll,release_1_5_1164953_841,0x143cd30,155,FUN_18143cd30,,,1148a6557d51b0425f0af5a103da93009297cfeb9ceecc77e8c716ad00e762a5,undefined FUN_18143cd30(),ghidra,clean,
WHGame.dll,release_1_5_1164953_841,0x143cdcc,291,FUN_18143cdcc,,,79c112b8bc4d4304d2dc6792dfa0e29c868bf0c471f201d96dbcfd2598c3817b,undefined FUN_18143cdcc(),ghidra,clean,
WHGame.dll,release_1_5_1164953_841,0x143cf0c,155,FUN_18143cf0c,,,6e1cdc9e7d6bf4a5f04457341d464dd7f6bac53fdfca7fab85892adf2131818e,undefined FUN_18143cf0c(),ghidra,clean,
WHGame.dll,release_1_5_1164953_841,0x143cfa8,291,FUN_18143cfa8,,,3ab9775d06d6ef9f05c9125ee21324e2e475c7ad9b9c3e7ddf150165e6a8fc51,undefined FUN_18143cfa8(),ghidra,clean,
WHGame.dll,release_1_5_1164953_841,0x143d0cc,80,FUN_18143d0cc,,,e97e6539bab05ed6ef0c38a24bb8546c100fc5c2631adc0ad5a27ec78aabe3a2,undefined FUN_18143d0cc(),ghidra,clean,
WHGame.dll,release_1_5_1164953_841,0x143d11c,85,FUN_18143d11c,,,05fd7a1a562cbf788db1a332103f2afcd812e26cc810490676d2ca1bb50a2d09,undefined FUN_18143d11c(),ghidra,clean,
WHGame.dll,release_1_5_1164953_841,0x143d150,180,FUN_18143d150,,,228f69d99fcb4c8c921bb446b21f46085618ee1098c8159122d3c3cc6b0d27ad,undefined FUN_18143d150(),ghidra,clean,
WHGame.dll,release_1_5_1164953_841,0x143d204,155,FUN_18143d204,,,fd3e9d2ae12b25b60f1dd2154c99869787d837b900aff606a86728c554f6d342,undefined FUN_18143d204(),ghidra,clean,
WHGame.dll,release_1_5_1164953_841,0x143d2a0,291,FUN_18143d2a0,,,21da988a41aa6e5dd441b4af9242aecad41f8cda719393382a78dac057653d8d,undefined FUN_18143d2a0(),ghidra,clean,
WHGame.dll,release_1_5_1164953_841,0x143d3c4,190,FUN_18143d3c4,,,44e1ffd4447eb6dee2670b3c743bdb4eb8d6875dd18d8816a7de57fcb5a69647,undefined FUN_18143d3c4(),ghidra,clean,
WHGame.dll,release_1_5_1164953_841,0x143d484,190,FUN_18143d484,,,2598d0c17ff29aab92f373b5490c3f33b7d725d2b59d08129cbccdac6b076efc,undefined FUN_18143d484(),ghidra,clean,
WHGame.dll,release_1_5_1164953_841,0x143d544,190,FUN_18143d544,,,93601fd0ffcf0b937cfef84db76eff5ed7ba5f74f83a0294446ea3c82fd64ae8,undefined FUN_18143d544(),ghidra,clean,
WHGame.dll,release_1_5_1164953_841,0x143d604,86,FUN_18143d604,,,448023fb15e48fb5be21fb0e9afb850bbbd9a16fddc603708eb79eef57ef8e5c,undefined FUN_18143d604(),ghidra,clean,
WHGame.dll,release_1_5_1164953_841,0x143d65c,83,FUN_18143d65c,,,c3da9099e7e9c197e76311f719065fe28dc9c7d9c67124b05687b4ec0c73aad9,undefined FUN_18143d65c(),ghidra,clean,
WHGame.dll,release_1_5_1164953_841,0x143d6b0,85,FUN_18143d6b0,,,bc5960dac1829e4abad2096a646a7e5ffa7fb00aece22f91766352264dbb0392,undefined FUN_18143d6b0(),ghidra,clean,
WHGame.dll,release_1_5_1164953_841,0x143d6e4,88,FUN_18143d6e4,,,38ce9294fc19f1dcdeafe14c9a1d13fd4ad2c99a6baab0916e0ceeac9840d69f,undefined FUN_18143d6e4(),ghidra,clean,
WHGame.dll,release_1_5_1164953_841,0x143d73c,126,FUN_18143d73c,,,adeb5e180965c9149445b7dce6c364795d43f8d66b2f31806b5a1afc5aed9a76,undefined FUN_18143d73c(),ghidra,clean,
WHGame.dll,release_1_5_1164953_841,0x143d7bc,33,FUN_18143d7bc,,,0a6ec3a2139f9e9b03b5a9f2c900abf49fddc1b63b2dc7ea59625f758aeb7191,undefined FUN_18143d7bc(),ghidra,clean,
WHGame.dll,release_1_5_1164953_841,0x143d7e0,33,FUN_18143d7e0,,,31419b3cfc9d87538396633d9262d7dc2bf32e7ede655fb0a67d8ce8dc6cdb94,undefined FUN_18143d7e0(),ghidra,clean,
WHGame.dll,release_1_5_1164953_841,0x143d804,87,FUN_18143d804,,,743d16e4c548574c8360511a8311b76b5b61866712be44764d64be7bd5ecec1c,undefined FUN_18143d804(),ghidra,clean,
WHGame.dll,release_1_5_1164953_841,0x143d84c,278,FUN_18143d84c,,,4525265d096f48fb1c602550d0b2b28b6b158d184b3bad965a76ad35dc8691fe,undefined FUN_18143d84c(),ghidra,clean,
WHGame.dll,release_1_5_1164953_841,0x143d964,74,FUN_18143d964,,,922b4fc117af8337785218054a67a099487d79be685eebe7c51c099787a55b81,undefined FUN_18143d964(),ghidra,clean,
WHGame.dll,release_1_5_1164953_841,0x143d9b0,89,FUN_18143d9b0,,,506c3ef7ada3e13a44aaea5c5302241721655e65dba23e579e87bced4efddebe,undefined FUN_18143d9b0(),ghidra,clean,
WHGame.dll,release_1_5_1164953_841,0x143da0c,163,FUN_18143da0c,,,c55d74164c41c3ba5dc022098d69729cbe70ab9b03219c7789ffcced603ad95b,undefined FUN_18143da0c(),ghidra,clean,
WHGame.dll,release_1_5_1164953_841,0x143dab0,25,FUN_18143dab0,,,801e1ee4c6da95521f4a98c8984e29fd1bcb9aa763f99a6d8cdf80a65a841f08,undefined FUN_18143dab0(),ghidra,clean,
WHGame.dll,release_1_5_1164953_841,0x143dacc,44,FUN_18143dacc,,,4a89d440c445c056a5dbfe6a620b744f3104ac2bd544d6d4c9a4ca1ab5a1e574,undefined FUN_18143dacc(),ghidra,clean,
WHGame.dll,release_1_5_1164953_841,0x143daf8,9,FUN_18143daf8,,,61afe8e84eaf1fee62f14814549b8a011ee600d50064c213e77eb89c379d3d10,undefined FUN_18143daf8(),ghidra,clean,
WHGame.dll,release_1_5_1164953_841,0x143db04,372,FUN_18143db04,,,f6db947b90941ebe8fce4a96633c58a00380968c64d61771cddc1cd1083834bb,undefined FUN_18143db04(),ghidra,clean,
WHGame.dll,release_1_5_1164953_841,0x143dc78,82,FUN_18143dc78,,,a03531d332f0ce407aa27a2889f8c1903c1ec5a427c49ae300d04c0ec9e56f7d,undefined FUN_18143dc78(),ghidra,clean,
WHGame.dll,release_1_5_1164953_841,0x143dccc,325,FUN_18143dccc,,,8c44eae97de9236a5ded4c1e8285a9c9b279599bfe17b75419da0c14366f9473,undefined FUN_18143dccc(),ghidra,clean,
WHGame.dll,release_1_5_1164953_841,0x143de14,154,FUN_18143de14,,,e11347b1ee16c7a0c5e20bca2f573f4383b12674b0b62af284dc8557f62ca791,undefined FUN_18143de14(),ghidra,clean,
WHGame.dll,release_1_5_1164953_841,0x143deb0,74,FUN_18143deb0,,,ac22fd106c01afb6e251ba8667a61da7534b1eee8bd75f51a7dbb9b578b346fb,undefined FUN_18143deb0(),ghidra,clean,
WHGame.dll,release_1_5_1164953_841,0x143defc,103,FUN_18143defc,,,48e88dba23977dabf9bdb256938a8e3de2be768bcb772279ec33db386c5d44b7,undefined FUN_18143defc(),ghidra,clean,
WHGame.dll,release_1_5_1164953_841,0x143df64,150,FUN_18143df64,,,7f8aa91452f4fcf16db659feb34c81e7d2b922d7108f479dcf57fa6cfe3ddc2d,undefined FUN_18143df64(),ghidra,clean,
WHGame.dll,release_1_5_1164953_841,0x143dffc,135,FUN_18143dffc,,,90ce0fededa3af40d797e845a45f90049c3bcffb654323db564cbfa9c4009d5e,undefined FUN_18143dffc(),ghidra,clean,
WHGame.dll,release_1_5_1164953_841,0x143e084,179,FUN_18143e084,,,bfd2692192a1c1d3f0f5113a5d1d2c636ab4d200006f94298fd7c7cdc8701b98,undefined FUN_18143e084(),ghidra,clean,
WHGame.dll,release_1_5_1164953_841,0x143e100,124,FUN_18143e100,,,8a7e20d34fef007b50684665083b498557affa8b0f20a71a39194178cebd8809,undefined FUN_18143e100(),ghidra,clean,
WHGame.dll,release_1_5_1164953_841,0x143e17c,175,FUN_18143e17c,,,e2a18b50f0e756dac76c14ef207406385d6e957a30e4d751a90a3a14568d9d9c,undefined FUN_18143e17c(),ghidra,clean,
WHGame.dll,release_1_5_1164953_841,0x143e22c,169,FUN_18143e22c,,,2537db2c266c6a261004007f1b62ae92a4b84208e95877353f34c7ef041f7d48,undefined FUN_18143e22c(),ghidra,clean,
WHGame.dll,release_1_5_1164953_841,0x143e28c,52,FUN_18143e28c,,,224776e3dc73e5dacbaeed0cf893f4fb977691a54602b51a4011ae1499dba5bd,undefined FUN_18143e28c(),ghidra,clean,
WHGame.dll,release_1_5_1164953_841,0x143e2c0,37,FUN_18143e2c0,,,1577cbfae23067ba854f25e328eda038cf40beb1dabe55665fac0e059fb2218d,undefined FUN_18143e2c0(),ghidra,clean,
WHGame.dll,release_1_5_1164953_841,0x143e2e8,37,FUN_18143e2e8,,,3e0797a27bd1ef5c86bc121f39f527b847578863bcc1d60c5b3bc34f57aa7fe1,undefined FUN_18143e2e8(),ghidra,clean,
WHGame.dll,release_1_5_1164953_841,0x143e310,142,FUN_18143e310,,,3b4fab48e73c753e5b48b41c61159da79f2918d3d1effd50722ca10957215568,undefined FUN_18143e310(),ghidra,clean,
WHGame.dll,release_1_5_1164953_841,0x143e3a0,5,thunk_FUN_18143e3a8,,,b0d40b133b9394d93820ac0104b0065121d2d73df32c7bfb4e4cf5d805a8b103,undefined thunk_FUN_18143e3a8(),ghidra,clean,
WHGame.dll,release_1_5_1164953_841,0x143e3a8,185,FUN_18143e3a8,,,dc852babf7f4eb33cc7a6828890f310c5b5b897f861de62d72a39da22a661b52,undefined FUN_18143e3a8(),ghidra,clean,
WHGame.dll,release_1_5_1164953_841,0x143e458,130,FUN_18143e458,,,91194c3285348f4ac6d1c20529979c97f3124d5c0da156577efc1b10c60d4b0f,undefined FUN_18143e458(),ghidra,clean,
WHGame.dll,release_1_5_1164953_841,0x143e4dc,5,thunk_FUN_18143e4e4,,,b0d40b133b9394d93820ac0104b0065121d2d73df32c7bfb4e4cf5d805a8b103,undefined thunk_FUN_18143e4e4(),ghidra,clean,
WHGame.dll,release_1_5_1164953_841,0x143e4e4,103,FUN_18143e4e4,,,af10897368bae4da0c58cbf850776a6136842eb0a52cd92151f40fe9142564e6,undefined FUN_18143e4e4(),ghidra,clean,
WHGame.dll,release_1_5_1164953_841,0x143e54c,95,FUN_18143e54c,,,11220a3f2583007d9423ec4828107a6fa09fa2ff13eb5418f3cf40605ec3d73b,undefined FUN_18143e54c(),ghidra,clean,
WHGame.dll,release_1_5_1164953_841,0x143e5ac,158,FUN_18143e5ac,,,b4eb323db09bc9c9c9c93b067eb2350b34fdc92b3097317e180ca98bde86f98c,undefined FUN_18143e5ac(),ghidra,clean,
WHGame.dll,release_1_5_1164953_841,0x143e630,53,FUN_18143e630,,,7a04b381fdea2f56b795550b588382bc6051b433732a75d2d5f442ec95a5568b,undefined FUN_18143e630(),ghidra,clean,
WHGame.dll,release_1_5_1164953_841,0x143e668,436,FUN_18143e668,,,c450e66cae7fcaa50b172037d2600b8637a0810534ee66c7afd6e600299f3cc9,undefined FUN_18143e668(),ghidra,clean,
WHGame.dll,release_1_5_1164953_841,0x143e748,891,FUN_18143e748,,,01ebb9ba56e7d60900a7432fae20a973e75d8192eb1d69140a08f6f3e3424533,undefined FUN_18143e748(),ghidra,clean,
WHGame.dll,release_1_5_1164953_841,0x143e80c,5,FUN_18143e80c,,,6f18598b04ecccf18cabc9b8cfb84ad5811a216884b53165c22fc09631568610,undefined FUN_18143e80c(),ghidra,clean,
WHGame.dll,release_1_5_1164953_841,0x143e811,4,FUN_18143e811,,,2ffb5d7bbb9118b00324ef7ceb3fc19a0242cb1db13dcad10f5bef77fd1e45d7,undefined FUN_18143e811(),ghidra,clean,
WHGame.dll,release_1_5_1164953_841,0x143e818,190,FUN_18143e818,,,c20ea75df64cbd551f216e7319dbea01f211717869b8846e11bf6ffbcdae7a63,undefined FUN_18143e818(),ghidra,clean,
WHGame.dll,release_1_5_1164953_841,0x143e8d8,264,FUN_18143e8d8,,,fed2614740e9b3b93bc7d069f43f5bf57ede837288ce68bb7f4a8166a01a7ddb,undefined FUN_18143e8d8(),ghidra,clean,
WHGame.dll,release_1_5_1164953_841,0x143e9e0,155,FUN_18143e9e0,,,4ab0e00b83320c697d301ac7a30d551697ea6804f5306ef176b504535003e5c3,undefined FUN_18143e9e0(),ghidra,clean,
WHGame.dll,release_1_5_1164953_841,0x143ea7c,194,FUN_18143ea7c,,,e1e5f70238627db9789c3daf8eb2f1a57f1f4c14e3303a378573bc11452221e2,undefined FUN_18143ea7c(),ghidra,clean,
WHGame.dll,release_1_5_1164953_841,0x143eb40,155,FUN_18143eb40,,,5a0d11aeafa4abd016d18d57be18bc320e5d893b49a54d69500e52f2386f1883,undefined FUN_18143eb40(),ghidra,clean,
WHGame.dll,release_1_5_1164953_841,0x143ebdc,190,FUN_18143ebdc,,,f65ce43b952bce8e3e169646bfc750e7706a8ecef0ab252da1e358c899b9e2fc,undefined FUN_18143ebdc(),ghidra,clean,
WHGame.dll,release_1_5_1164953_841,0x143ec9c,190,FUN_18143ec9c,,,69c3975aba97033067133e5fe5470d6c76a205decced78b475e71db4c3c6ac16,undefined FUN_18143ec9c(),ghidra,clean,
WHGame.dll,release_1_5_1164953_841,0x143ed5c,86,FUN_18143ed5c,,,10439b24b97c98a37babc53d479039e095f21fb4ff64e45e1d471b6587fd0a10,undefined FUN_18143ed5c(),ghidra,clean,
WHGame.dll,release_1_5_1164953_841,0x143edb4,85,FUN_18143edb4,,,7ae535de511603a4796de62502fca176e440ec73793e0c70b4373d63937bcc90,undefined FUN_18143edb4(),ghidra,clean,
WHGame.dll,release_1_5_1164953_841,0x143ede8,30,FUN_18143ede8,,,4bfc8cf9fdcb28974aebd4f05b119a6fac37cfaa0548fc321d1234f8c98874d7,undefined FUN_18143ede8(),ghidra,clean,
WHGame.dll,release_1_5_1164953_841,0x143ee08,155,FUN_18143ee08,,,19d9b0241435c9401c185e84ac9c5255905e73aa68b3d919e5c92969694d21e7,undefined FUN_18143ee08(),ghidra,clean,
WHGame.dll,release_1_5_1164953_841,0x143eea4,291,FUN_18143eea4,,,c9e5af5fd2466928d91178095df03acbfab1b42734d00b96fbd6cfb380645a81,undefined FUN_18143eea4(),ghidra,clean,
WHGame.dll,release_1_5_1164953_841,0x143efc8,291,FUN_18143efc8,,,a8a6f3dbf0ea6e8714e872e27b37a19bc66c8c30782e13b99d67019bb385d5f5,undefined FUN_18143efc8(),ghidra,clean,
WHGame.dll,release_1_5_1164953_841,0x143f0ec,291,FUN_18143f0ec,,,7aab7458dfcaac3e3ccb6e1bd16388ef67a0783ab54c6a95d0946cb23e9519e7,undefined FUN_18143f0ec(),ghidra,clean,
WHGame.dll,release_1_5_1164953_841,0x143f210,26,FUN_18143f210,,,819234953c91d716a341edb10dcca2267107efa13f78881bbca64f4a7a11eeca,undefined FUN_18143f210(),ghidra,clean,
WHGame.dll,release_1_5_1164953_841,0x143f22c,155,FUN_18143f22c,,,30ad6cdc60322ac964b6803a0f51d9a0f838f9aac6606b0c93d07255783f08b8,undefined FUN_18143f22c(),ghidra,clean,
WHGame.dll,release_1_5_1164953_841,0x143f2c8,304,FUN_18143f2c8,,,206797f8348ed37ee3ea4f51df5c4ae8d588e1ca388d9086729ad7d0f87947ca,undefined FUN_18143f2c8(),ghidra,clean,
WHGame.dll,release_1_5_1164953_841,0x143f3f8,335,FUN_18143f3f8,,,45b15bc5ea58f72e7d0190986f3bc18705a97bbcd3985782f30f149e56fe5038,undefined FUN_18143f3f8(),ghidra,clean,
WHGame.dll,release_1_5_1164953_841,0x143f4e6,8,FUN_18143f4e6,,,d584cb1a2afef309eb33a9b90753d6c9a99b0c481366318ccddcba175a3b8c54,undefined FUN_18143f4e6(),ghidra,clean,
WHGame.dll,release_1_5_1164953_841,0x143f4f8,155,FUN_18143f4f8,,,d30a37d10d04d432347a1cf9f82f8b88b9b0e7b9ef8c2d8b3773ae5ed680cc1e,undefined FUN_18143f4f8(),ghidra,clean,
WHGame.dll,release_1_5_1164953_841,0x143f594,155,FUN_18143f594,,,a75f5f4159614bd725112586a7f7386fe524d164d922323fe27fa7df36877f8f,undefined FUN_18143f594(),ghidra,clean,
WHGame.dll,release_1_5_1164953_841,0x143f630,155,FUN_18143f630,,,13d17eec41b5b26d85da8412ee9f313f907df6281587f1c4ce0501ce8acf8606,undefined FUN_18143f630(),ghidra,clean,
WHGame.dll,release_1_5_1164953_841,0x143f6cc,240,FUN_18143f6cc,,,0d5e5dd9e53ff82e1b7a8e42040e1005cd3cac6dc1a5d451eeb742d2549c2b6e,undefined FUN_18143f6cc(),ghidra,clean,
WHGame.dll,release_1_5_1164953_841,0x143f7bc,18,FUN_18143f7bc,,,cd9495c3d02cff7a4c8ff116535721fb5896a7f541899df704e33e1853916498,undefined FUN_18143f7bc(),ghidra,clean,
WHGame.dll,release_1_5_1164953_841,0x143f7d0,298,FUN_18143f7d0,,,6da2c61f747663e07d735bf264013b45c8bc1267d671f2941abf21de7f94b7ea,undefined FUN_18143f7d0(),ghidra,clean,
WHGame.dll,release_1_5_1164953_841,0x143f8fc,301,FUN_18143f8fc,,,f6e492c214284642f88644dd177b5fe8f4dcfecca17a585c8ddcc8e59f121c28,undefined FUN_18143f8fc(),ghidra,clean,
WHGame.dll,release_1_5_1164953_841,0x143fa2c,155,FUN_18143fa2c,,,f37c863126caebd6cf2b5eb269b50f2acdde3ec10cd9ddcb49933d2a4d0d4fce,undefined FUN_18143fa2c(),ghidra,clean,
WHGame.dll,release_1_5_1164953_841,0x143fac8,291,FUN_18143fac8,,,eb067dbcc731c4c5c13de4f1bceae29178ffc4e69cdfee7e417966d8dcd9897a,undefined FUN_18143fac8(),ghidra,clean,
WHGame.dll,release_1_5_1164953_841,0x143fbec,214,FUN_18143fbec,,,4f6a9cafb2a1f72ad47b6e8a924e9e80ef7aaf4719cea4f0ed718ee442259114,undefined FUN_18143fbec(),ghidra,clean,
WHGame.dll,release_1_5_1164953_841,0x143fcc4,80,FUN_18143fcc4,,,a5871e6ebc7ec93eaf38fc8efad8eda3fc1bd62eec26d76aa4b16d4b87d580a9,undefined FUN_18143fcc4(),ghidra,clean,
WHGame.dll,release_1_5_1164953_841,0x143fd14,85,FUN_18143fd14,,,7ccc7ffc2ddc49ee75703cefbf7110c6f03d542e22d1f4108b1477273cdb009a,undefined FUN_18143fd14(),ghidra,clean,
WHGame.dll,release_1_5_1164953_841,0x143fd48,80,FUN_18143fd48,,,60e57a81295190fe5cceccca236d5771c0a09696391c17090d9546a1072e884c,undefined FUN_18143fd48(),ghidra,clean,
WHGame.dll,release_1_5_1164953_841,0x143fd98,85,FUN_18143fd98,,,4b652408bcf3cc9335d360a4b0decdfddd87dd1feab6446f2427d6bc0e27c06a,undefined FUN_18143fd98(),ghidra,clean,
WHGame.dll,release_1_5_1164953_841,0x143fdcc,295,FUN_18143fdcc,,,c487a2bb8e8600fde1d50644749f05ac069f698d68137db77a791e8b8a8835cf,undefined FUN_18143fdcc(),ghidra,clean,
WHGame.dll,release_1_5_1164953_841,0x143fef4,61,FUN_18143fef4,,,87690e4ec40f3ae7f914ef0b179d9e4d22181f3238538ec8a5e482ec2cd7a668,undefined FUN_18143fef4(),ghidra,clean,
WHGame.dll,release_1_5_1164953_841,0x143ff34,108,FUN_18143ff34,,,7d6d189f868ab3b7c35b8b7f779bec27fcc29a3c9c2c13a2fbe912fd3df60aad,undefined FUN_18143ff34(),ghidra,clean,
WHGame.dll,release_1_5_1164953_841,0x143ffa0,110,FUN_18143ffa0,,,2dbb346e8b8560d282dd9d621892bb1540b665a940ed860ef772220dece338f8,undefined FUN_18143ffa0(),ghidra,clean,
WHGame.dll,release_1_5_1164953_841,0x1440010,180,FUN_181440010,,,2ed1bb0d6851d5a7d4d530ae36d6918f60bf23a4525cf4ed5c39a6d0ced7fc0b,undefined FUN_181440010(),ghidra,clean,
WHGame.dll,release_1_5_1164953_841,0x14400a8,73,FUN_1814400a8,,,56f8fe4355e8233106c9abb906661c0485715dd998b01aa3ca656ba15298233a,undefined FUN_1814400a8(),ghidra,clean,
WHGame.dll,release_1_5_1164953_841,0x14400f4,155,FUN_1814400f4,,,783d37b6f4473cd96d94851b7c5e52614cd2baae69a96cb7ed43765699694603,undefined FUN_1814400f4(),ghidra,clean,
WHGame.dll,release_1_5_1164953_841,0x1440190,291,FUN_181440190,,,e754171f0d163f0b24ffd4bdeac11584d695458aa20e6fe0778108cd4e13bd20,undefined FUN_181440190(),ghidra,clean,
WHGame.dll,release_1_5_1164953_841,0x14402b4,155,FUN_1814402b4,,,3f4189d35cf9572bf2cefb22daed82179d3cef30834b385f7b7d0ded9415212c,undefined FUN_1814402b4(),ghidra,clean,
WHGame.dll,release_1_5_1164953_841,0x1440350,291,FUN_181440350,,,5109e6f2721f9ed64b1b1e40597ce27fca7a4c270e1b135876e110f7e979e68d,undefined FUN_181440350(),ghidra,clean,
WHGame.dll,release_1_5_1164953_841,0x1440480,7,FUN_181440480,,,152511cc5168d9dd0875ee4949ec9df60e1138c049e90d7840ae45659881f7ad,undefined FUN_181440480(),ghidra,clean,
WHGame.dll,release_1_5_1164953_841,0x1440488,155,FUN_181440488,,,59ab3bb8d45b428303c60c033a44436f81698a57cba9009c217a08feecdae4c7,undefined FUN_181440488(),ghidra,clean,
WHGame.dll,release_1_5_1164953_841,0x1440524,110,FUN_181440524,,,57356586b589495b74ee0ff59b12323b31008b719478ef78da2e0a2e60ca746d,undefined FUN_181440524(),ghidra,clean,
WHGame.dll,release_1_5_1164953_841,0x1440594,84,FUN_181440594,,,3852642cc41ec49cb9be24c0be1d9d662ea432581bdb75b753f20a9d2e49174a,undefined FUN_181440594(),ghidra,clean,
WHGame.dll,release_1_5_1164953_841,0x14405e8,85,FUN_1814405e8,,,ec0e51e304e293a605fbb53650d141b604cac5c755a3d870ea0208d61486f296,undefined FUN_1814405e8(),ghidra,clean,
WHGame.dll,release_1_5_1164953_841,0x144061c,104,FUN_18144061c,,,46ff51bd686ff2e1a10143984e627025028085e28301d598a44eb2cfb4a7ebff,undefined FUN_18144061c(),ghidra,clean,
WHGame.dll,release_1_5_1164953_841,0x1440670,46,FUN_181440670,,,b07de39235ac2cbc57570689272a88ca392c8ff05f6090fd92d7aa46a3d54172,undefined FUN_181440670(),ghidra,clean,
WHGame.dll,release_1_5_1164953_841,0x14406a0,70,FUN_1814406a0,,,81e2b88266ba3a750179d9dab0fe7872b86f9991548b3536cc5fb6ec526f4e67,undefined FUN_1814406a0(),ghidra,clean,
WHGame.dll,release_1_5_1164953_841,0x14406e8,100,FUN_1814406e8,,,189483e83202d9ddca881ce28244cd062cd1c79ee3d08ea8b2760cdb86b575f2,undefined FUN_1814406e8(),ghidra,clean,
WHGame.dll,release_1_5_1164953_841,0x144074c,110,FUN_18144074c,,,d7aae3159253b92131dc3cddd90273ced3ce456442e0bbb57c4d520a5cc42684,undefined FUN_18144074c(),ghidra,clean,
WHGame.dll,release_1_5_1164953_841,0x14407bc,212,FUN_1814407bc,,,873b6fb8590bf87ab83999029eedfad2bc5849f330a001761ea6ac0f6bd605ac,undefined FUN_1814407bc(),ghidra,clean,
WHGame.dll,release_1_5_1164953_841,0x1440874,5,thunk_FUN_18144087c,,,b0d40b133b9394d93820ac0104b0065121d2d73df32c7bfb4e4cf5d805a8b103,undefined thunk_FUN_18144087c(),ghidra,clean,
WHGame.dll,release_1_5_1164953_841,0x144087c,103,FUN_18144087c,,,1b3de80214a28a921a0932ea72a261938dd82ae3b65286edb83d754cf5080a57,undefined FUN_18144087c(),ghidra,clean,
WHGame.dll,release_1_5_1164953_841,0x14408e4,95,FUN_1814408e4,,,46b64a60c228d5acca4914e1ef36f5e0c7c8025be1f24ebbb597310d748269c0,undefined FUN_1814408e4(),ghidra,clean,
WHGame.dll,release_1_5_1164953_841,0x1440944,216,FUN_181440944,,,c00b756ab87a9dc3dfdf3293085f1a1420f1bb19aa3e53ec423308b2225c4815,undefined FUN_181440944(),ghidra,clean,
WHGame.dll,release_1_5_1164953_841,0x1440a00,53,FUN_181440a00,,,2624585d1c40026e19009a5ba8f3696f2a111afdeeb47dcbe3423d544f125c3e,undefined FUN_181440a00(),ghidra,clean,
WHGame.dll,release_1_5_1164953_841,0x1440a38,147,FUN_181440a38,,,cd9ce3002b3a8e748b91e0bb988c47a93e283e798d4a6605ed66d7d79ad5f3fb,undefined FUN_181440a38(),ghidra,clean,
WHGame.dll,release_1_5_1164953_841,0x1440acc,147,FUN_181440acc,,,08163d364d45ca797ecccf030e7250aa9391de52f9738683d35f5371b81384ac,undefined FUN_181440acc(),ghidra,clean,
WHGame.dll,release_1_5_1164953_841,0x1440b60,147,FUN_181440b60,,,16a8ba72fffebdbbe92d31567260a998ee253fac4759e8af0a1f49fdd7d231f5,undefined FUN_181440b60(),ghidra,clean,
WHGame.dll,release_1_5_1164953_841,0x1440bf4,147,FUN_181440bf4,,,9372900e5cf205622185ba33fa1757913b9f70fa50fc6ae887719e6620253971,undefined FUN_181440bf4(),ghidra,clean,
WHGame.dll,release_1_5_1164953_841,0x1440c88,42,FUN_181440c88,,,50179b4eb7c985ae71951659e8c2bf210bacd2cbb41f8d8274a66bfe3d47cfdc,undefined FUN_181440c88(),ghidra,clean,
WHGame.dll,release_1_5_1164953_841,0x1440cb4,68,FUN_181440cb4,,,3efc32883453b84ade2ec7e3eec99228010479b41890c8097248e2252e98238c,undefined FUN_181440cb4(),ghidra,clean,
WHGame.dll,release_1_5_1164953_841,0x1440cf8,431,FUN_181440cf8,,,e0edc6f78b9f2dfb84896b527e358a6476aeadd6bf99e0dc8d1d0021f47d185a,undefined FUN_181440cf8(),ghidra,clean,
WHGame.dll,release_1_5_1164953_841,0x1440e54,40,FUN_181440e54,,,e73ef647dc82e19e4937aa1af3649d71effb8cf427fcc8178b2bb353d541d9cb,undefined FUN_181440e54(),ghidra,clean,
WHGame.dll,release_1_5_1164953_841,0x1440e7c,42,FUN_181440e7c,,,9c3e775fddbcf1fc331343a05983a04c4670ffe865ad8e561dc40b0a41fc1deb,undefined FUN_181440e7c(),ghidra,clean,
WHGame.dll,release_1_5_1164953_841,0x1440ea8,328,FUN_181440ea8,,,8ac86b6aeed0f012f0a25942c9d75f4841df6623f0db7b4d5cf84079493dd6bd,undefined FUN_181440ea8(),ghidra,clean,
WHGame.dll,release_1_5_1164953_841,0x1440ff4,100,FUN_181440ff4,,,013dc3019e2165d6f55cb3c7134718787fcf716bf8ad6bb2289052a1c311c515,undefined FUN_181440ff4(),ghidra,clean,
WHGame.dll,release_1_5_1164953_841,0x1441058,131,FUN_181441058,,,b1281dcd2dceb2bf23697bbefd3e879fe2a34598facdda9497a82461e7cfb999,undefined FUN_181441058(),ghidra,clean,
WHGame.dll,release_1_5_1164953_841,0x14410dc,57,FUN_1814410dc,,,6c8a0fce7436a0a0b968959d4e6765c2cd84a3ce90a9f8b1754bc7d5689a6518,undefined FUN_1814410dc(),ghidra,clean,
WHGame.dll,release_1_5_1164953_841,0x1441118,178,FUN_181441118,,,de2228c6f162671d75fcfe0f1fbdd128bfd66d2717729cd52c81e291a6e3dd4a,undefined FUN_181441118(),ghidra,clean,
WHGame.dll,release_1_5_1164953_841,0x14411cc,180,FUN_1814411cc,,,2c46c192fc4aae7cb15166e10f02dffff3484076d92294df486148e0e32fb460,undefined FUN_1814411cc(),ghidra,clean,
WHGame.dll,release_1_5_1164953_841,0x1441280,500,FUN_181441280,,,cb7aeef67c31268da9fdb5af667a4a152eed04be463f90cf5a7a37b3f33e3f22,undefined FUN_181441280(),ghidra,clean,
WHGame.dll,release_1_5_1164953_841,0x1441393,7,FUN_181441393,,,5b931b3b8931375bde55ca28e6b83f4dc4ec12e6bcf4085fd76e42809c662b21,undefined FUN_181441393(),ghidra,clean,
WHGame.dll,release_1_5_1164953_841,0x144139c,155,FUN_18144139c,,,590c9bb5eb32e6fa3d9fd8ae0c4eb27568d1b806bdd068fdb6f15741bc64cffd,undefined FUN_18144139c(),ghidra,clean,
WHGame.dll,release_1_5_1164953_841,0x1441438,301,FUN_181441438,,,68517cfeca639405c60eacd3d8b092891e069af2f0d0a25f28b444253ecb55f7,undefined FUN_181441438(),ghidra,clean,
WHGame.dll,release_1_5_1164953_841,0x1441568,30,FUN_181441568,,,1d0aaddf0ba4bd527fc2b0e8f3b7c490b72a658ebad403790ad6c1da87a59436,undefined FUN_181441568(),ghidra,clean,
WHGame.dll,release_1_5_1164953_841,0x1441588,30,FUN_181441588,,,9a35681009f0e74c00acd57092996d11db2ebe5ca3ffc6ee5e6d42f6875fea2e,undefined FUN_181441588(),ghidra,clean,
WHGame.dll,release_1_5_1164953_841,0x14415a8,30,FUN_1814415a8,,,8e4c3aa0219fe2533079e7dc52418c10fb4679d9f80ecdd54e299af75bbe0f57,undefined FUN_1814415a8(),ghidra,clean,
WHGame.dll,release_1_5_1164953_841,0x14415c8,30,FUN_1814415c8,,,2b7d5d8fc7bd2877abbbbeff344f28ed48dceedbfde2d6fb25570704f82acb96,undefined FUN_1814415c8(),ghidra,clean,
WHGame.dll,release_1_5_1164953_841,0x14415e8,30,FUN_1814415e8,,,4f881a3d305c4208f59de00812718abb25c8aa4245b72f4bb7ceff3803425cd1,undefined FUN_1814415e8(),ghidra,clean,
WHGame.dll,release_1_5_1164953_841,0x1441608,30,FUN_181441608,,,5b9285cde4ed3172a654cb4dd5f514c37483c875ce879f03fff04576eceb4be6,undefined FUN_181441608(),ghidra,clean,
WHGame.dll,release_1_5_1164953_841,0x1441628,30,FUN_181441628,,,0e335af598c294f0feb557783ad3fc746983900f1fe382df9bf8968ed83ca683,undefined FUN_181441628(),ghidra,clean,
WHGame.dll,release_1_5_1164953_841,0x1441648,30,FUN_181441648,,,503529f7ffb660fdbff1c0c5da21803d0cc5f1502edd6030fa1dacdbf3b44401,undefined FUN_181441648(),ghidra,clean,
WHGame.dll,release_1_5_1164953_841,0x1441668,30,FUN_181441668,,,e6231c1c04e0229245d00087c2c9c6d93fecdb672486a0ba7ec67162f1177632,undefined FUN_181441668(),ghidra,clean,
WHGame.dll,release_1_5_1164953_841,0x1441688,30,FUN_181441688,,,dc033d8dcdfea1bbba15f7872a51e03b10443e3006f2e6d44b80c4ce493950d7,undefined FUN_181441688(),ghidra,clean,
WHGame.dll,release_1_5_1164953_841,0x14416a8,30,FUN_1814416a8,,,e635d29dc179946d6d6997eeaa275c402cb82ac7961c650aafeb00e713e7b074,undefined FUN_1814416a8(),ghidra,clean,
WHGame.dll,release_1_5_1164953_841,0x14416c8,30,FUN_1814416c8,,,a1aaf5c41f4595b3ba945e38a599dd927308dcac0ecfea8b67c9120f029081c0,undefined FUN_1814416c8(),ghidra,clean,
WHGame.dll,release_1_5_1164953_841,0x14416e8,30,FUN_1814416e8,,,1b645934c21b7dc978eb378cb644f3f1de09b16732d5c93479a5b04d9e5d5964,undefined FUN_1814416e8(),ghidra,clean,
WHGame.dll,release_1_5_1164953_841,0x1441708,30,FUN_181441708,,,cdf07adb891a2b371f03893bf5bbd91e063b15e53e5b116aed83b093de3860a4,undefined FUN_181441708(),ghidra,clean,
WHGame.dll,release_1_5_1164953_841,0x1441728,26,FUN_181441728,,,819234953c91d716a341edb10dcca2267107efa13f78881bbca64f4a7a11eeca,undefined FUN_181441728(),ghidra,clean,
WHGame.dll,release_1_5_1164953_841,0x1441744,155,FUN_181441744,,,176de02d65f78dba56c2400d38726458e5f58dea06e1aa02051ea98183be0761,undefined FUN_181441744(),ghidra,clean,
WHGame.dll,release_1_5_1164953_841,0x14417e0,304,FUN_1814417e0,,,cc65882778ed4aff94c004c0c6e1ac1a35f501ea134c0612f9eb64ef2f707626,undefined FUN_1814417e0(),ghidra,clean,
WHGame.dll,release_1_5_1164953_841,0x1441910,335,FUN_181441910,,,d3d4a54b3a8e14e54ba7b4558f50108866556264eea40a239c8bb4324b72396c,undefined FUN_181441910(),ghidra,clean,
WHGame.dll,release_1_5_1164953_841,0x14419fe,8,FUN_1814419fe,,,d584cb1a2afef309eb33a9b90753d6c9a99b0c481366318ccddcba175a3b8c54,undefined FUN_1814419fe(),ghidra,clean,
WHGame.dll,release_1_5_1164953_841,0x1441a10,155,FUN_181441a10,,,5db1a8081d00a98ee0fbb4e6e2cb23ca044cbc480e83c257fd10b64f86ecf474,undefined FUN_181441a10(),ghidra,clean,
WHGame.dll,release_1_5_1164953_841,0x1441aac,155,FUN_181441aac,,,ec1bdf08cef2407c4be8954df2922f22121c58edaecb98ee3f088d7a8489cc79,undefined FUN_181441aac(),ghidra,clean,
WHGame.dll,release_1_5_1164953_841,0x1441b48,155,FUN_181441b48,,,0e011ae41dc3ac78d3f679eaea8916436bf7dcb711894934f479784802afef1c,undefined FUN_181441b48(),ghidra,clean,
WHGame.dll,release_1_5_1164953_841,0x1441be4,240,FUN_181441be4,,,b9a7f8ac0a4846bca595f1c02f65751a7de2418127d18b49576004dc3481ecff,undefined FUN_181441be4(),ghidra,clean,
WHGame.dll,release_1_5_1164953_841,0x1441cd4,18,FUN_181441cd4,,,3c37b79f0c7514f75916d222c69e8e165d76ca8809df33ac6fbf57c2c868b165,undefined FUN_181441cd4(),ghidra,clean,
WHGame.dll,release_1_5_1164953_841,0x1441ce8,298,FUN_181441ce8,,,5361425ad3444dbb0ed40aaa38641d7de5a68d7f9e5148e59ebfbc7bedef4a4c,undefined FUN_181441ce8(),ghidra,clean,
WHGame.dll,release_1_5_1164953_841,0x1441e14,301,FUN_181441e14,,,98b34e4949a265391d3bfc527cf71ae0a89c68eddf9596f626db118da2ee0c88,undefined FUN_181441e14(),ghidra,clean,
WHGame.dll,release_1_5_1164953_841,0x1441f44,30,FUN_181441f44,,,5aaf911a4a8f00a0397ec3840b0fa0ce8bc07928a0da819f33de7d51648976f1,undefined FUN_181441f44(),ghidra,clean,
WHGame.dll,release_1_5_1164953_841,0x1441f64,180,FUN_181441f64,,,977ab7a4ad36710db4fc52f257b5891b62f290e2924276a497ce1d37879eaa86,undefined FUN_181441f64(),ghidra,clean,
WHGame.dll,release_1_5_1164953_841,0x1442018,110,FUN_181442018,,,d40ead5fed7d9108cb4660412596220122c827066bb3347b262d239026071bc1,undefined FUN_181442018(),ghidra,clean,
WHGame.dll,release_1_5_1164953_841,0x1442088,212,FUN_181442088,,,6de876f636e834384e379da0feaea8c1466e226d8f053974148ab6e9fe2b3802,undefined FUN_181442088(),ghidra,clean,
WHGame.dll,release_1_5_1164953_841,0x1442140,147,FUN_181442140,,,7798567aca40f434e835833bee928fcf9cd026598856549a5c7013ac24953a03,undefined FUN_181442140(),ghidra,clean,
WHGame.dll,release_1_5_1164953_841,0x14421d4,5,thunk_FUN_1814421dc,,,b0d40b133b9394d93820ac0104b0065121d2d73df32c7bfb4e4cf5d805a8b103,undefined thunk_FUN_1814421dc(),ghidra,clean,
WHGame.dll,release_1_5_1164953_841,0x14421dc,103,FUN_1814421dc,,,c72a5ee504016ba35d87057f42fa89dcca4793fd01a96d506ca63f00c12f7c84,undefined FUN_1814421dc(),ghidra,clean,
WHGame.dll,release_1_5_1164953_841,0x1442244,211,FUN_181442244,,,b568a1106e08895063bd53f726e87e3c2b0b2989ded65fa65a5110a73f3a7ef9,undefined FUN_181442244(),ghidra,clean,
WHGame.dll,release_1_5_1164953_841,0x14422f0,141,FUN_1814422f0,,,a6fbaa86a8afdbe5322eeaa107145a10d0a3f28ef560a20ab1409d2a67c01e41,undefined FUN_1814422f0(),ghidra,clean,
WHGame.dll,release_1_5_1164953_841,0x1442380,42,FUN_181442380,,,30052a7ccfde915f8c59e3235ff78f44afe6843095ae27aa09b0db84e098360b,undefined FUN_181442380(),ghidra,clean,
WHGame.dll,release_1_5_1164953_841,0x14423ac,68,FUN_1814423ac,,,0727ee724e09ea26e279501b110051c2098aa66fe85cd3c6b4966331fc67ef09,undefined FUN_1814423ac(),ghidra,clean,
WHGame.dll,release_1_5_1164953_841,0x14423f0,152,FUN_1814423f0,,,c3db80ba49a477373f21fe60b75d63170ce18426716315b140bb3aa87ed1db4c,undefined FUN_1814423f0(),ghidra,clean,
WHGame.dll,release_1_5_1164953_841,0x1442488,53,FUN_181442488,,,e6088449666a71a3536a9b66f7f5cb3d041060047977feccdc595150af842a2b,undefined FUN_181442488(),ghidra,clean,
WHGame.dll,release_1_5_1164953_841,0x14424c0,431,FUN_1814424c0,,,20058ad8504453c1599497e08465b08f1b5df73dc903307f40aa8658bd7a0cb2,undefined FUN_1814424c0(),ghidra,clean,
WHGame.dll,release_1_5_1164953_841,0x144261c,40,FUN_18144261c,,,3dae5d36b70f1bec60ab0ba120ed77a764f3637e394d55fd5875a9b45430862b,undefined FUN_18144261c(),ghidra,clean,
WHGame.dll,release_1_5_1164953_841,0x1442644,42,FUN_181442644,,,f0a90dac1b7e48f5b62ce890f8c7ad81d825b4b3333ffc896759ab722d4bffd5,undefined FUN_181442644(),ghidra,clean,
WHGame.dll,release_1_5_1164953_841,0x1442670,328,FUN_181442670,,,c5320abe6df2c76f8c455163880444b44290b5f61510e08b2b2239c5f96c7627,undefined FUN_181442670(),ghidra,clean,
WHGame.dll,release_1_5_1164953_841,0x14427bc,100,FUN_1814427bc,,,8269fca89160331b7fd6f17bd3834a7e78db0982ceb942ea90e73d9379f0ed06,undefined FUN_1814427bc(),ghidra,clean,
WHGame.dll,release_1_5_1164953_841,0x1442820,155,FUN_181442820,,,b082f77eba908975a9a30ec4b312ee4a521da2565eb4d059bd8e488b5148b0a3,undefined FUN_181442820(),ghidra,clean,
WHGame.dll,release_1_5_1164953_841,0x14428bc,291,FUN_1814428bc,,,90f7f226a61b97211c9233a78e463266ffc425956d3a6d22304ef33c2f20e167,undefined FUN_1814428bc(),ghidra,clean,
WHGame.dll,release_1_5_1164953_841,0x14429e0,140,FUN_1814429e0,,,833305b547e2ee10c28e59d1b312392dd794e98aed34a115fefee4b3d4921f17,undefined FUN_1814429e0(),ghidra,clean,
WHGame.dll,release_1_5_1164953_841,0x1442a58,91,FUN_181442a58,,,26e61df6e2e609c147c3e4e9a4fee190ccded895f432fa7372bf082416a82d53,undefined FUN_181442a58(),ghidra,clean,
WHGame.dll,release_1_5_1164953_841,0x1442ab8,34,FUN_181442ab8,,,230027db97dd7a5f34cc245d98db6d10510ed0faf0aabf2c74fabd4de8f535e3,undefined FUN_181442ab8(),ghidra,clean,
WHGame.dll,release_1_5_1164953_841,0x1442adc,111,FUN_181442adc,,,da446f8d906c6b2073aafe69d9d35ee20b618b775663013bcd8ef46382e6d746,undefined FUN_181442adc(),ghidra,clean,
WHGame.dll,release_1_5_1164953_841,0x1442b4c,260,FUN_181442b4c,,,0a9293c93b5512889a80d5c64e2732a6973b027130143e5b5bba0b0825db56bf,undefined FUN_181442b4c(),ghidra,clean,
WHGame.dll,release_1_5_1164953_841,0x1442c50,70,FUN_181442c50,,,4e9d2df8c398c7099fec43e87bfc8da6693a05250e3409cade091d093c378f25,undefined FUN_181442c50(),ghidra,clean,
WHGame.dll,release_1_5_1164953_841,0x1442c98,70,FUN_181442c98,,,ebc48e42fc8527abdc3b08aebaef33d6692008bb428a36e243436d3d11971a62,undefined FUN_181442c98(),ghidra,clean,
WHGame.dll,release_1_5_1164953_841,0x1442ce0,70,FUN_181442ce0,,,b5587f503014c1dbdcf27cb103cdd113830e794f5df676341de5cda34a6d9b72,undefined FUN_181442ce0(),ghidra,clean,
WHGame.dll,release_1_5_1164953_841,0x1442d28,70,FUN_181442d28,,,47a9d0161ec4e6aebaf7c1e23040da5f276e1656100ea2abaa188189a5678154,undefined FUN_181442d28(),ghidra,clean,
WHGame.dll,release_1_5_1164953_841,0x1442d70,70,FUN_181442d70,,,7ac3af7ab70366f8d4e2cadd95bdd3be440eced52c110cdd816d6382b87374aa,undefined FUN_181442d70(),ghidra,clean,
WHGame.dll,release_1_5_1164953_841,0x1442db8,70,FUN_181442db8,,,cf172cbe137817496fdb1602a089ebc069c773df094ff0653d563f7f69fb3ace,undefined FUN_181442db8(),ghidra,clean,
WHGame.dll,release_1_5_1164953_841,0x1442e00,70,FUN_181442e00,,,8b74eecb6c31d768c856971bbf83c00a9d2aa9d0efe2066c2f5dfcea6306a6d8,undefined FUN_181442e00(),ghidra,clean,
WHGame.dll,release_1_5_1164953_841,0x1442e48,70,FUN_181442e48,,,019628578c493afc1782891752a4a745becbd3102deee3b6c7d3157d2d9b6c76,undefined FUN_181442e48(),ghidra,clean,
WHGame.dll,release_1_5_1164953_841,0x1442e90,70,FUN_181442e90,,,29c1e83f39d516430467dc1e4e1743ee73b3bc8b8ce2d1dccad71e7f0e788941,undefined FUN_181442e90(),ghidra,clean,
WHGame.dll,release_1_5_1164953_841,0x1442ed8,70,FUN_181442ed8,,,bb7ff140990309a7a2d06e96900db39fe6662fcee5c4610973135d0361f43373,undefined FUN_181442ed8(),ghidra,clean,
WHGame.dll,release_1_5_1164953_841,0x1442f20,70,FUN_181442f20,,,f6d9a282b73409998488c7dd6e88abb9708e3dbede4ba9312b3c70ac1ef8d393,undefined FUN_181442f20(),ghidra,clean,
WHGame.dll,release_1_5_1164953_841,0x1442f68,70,FUN_181442f68,,,8895fb573ea79da46ea4395089d44290bb315719361c8ff61b3519278fc9dc3b,undefined FUN_181442f68(),ghidra,clean,
WHGame.dll,release_1_5_1164953_841,0x1442fb0,70,FUN_181442fb0,,,aba248ca0b2f86eb768a6adf9f8d8ae2bcf6194340f18b2b41daf3d7085fe0b5,undefined FUN_181442fb0(),ghidra,clean,
WHGame.dll,release_1_5_1164953_841,0x1442ff8,346,FUN_181442ff8,,,d1c45fdeaa7e73ea6041c65da4e89f677c642542eb645c20c720caddcba91ffe,undefined FUN_181442ff8(),ghidra,clean,
WHGame.dll,release_1_5_1164953_841,0x1443154,155,FUN_181443154,,,229a242b33a0197142463d63701e3279c7b6c384f9451d079c3dde16c46ef542,undefined FUN_181443154(),ghidra,clean,
WHGame.dll,release_1_5_1164953_841,0x14431f0,291,FUN_1814431f0,,,ee0219e0a6c1a268dd03f4c024d5787e6e1f7585c4ca7136f8fcc4f0e6611b00,undefined FUN_1814431f0(),ghidra,clean,
WHGame.dll,release_1_5_1164953_841,0x1443314,180,FUN_181443314,,,b3744c0f6d4e2e498619aeeb68bf280e5a862a9ba433dfbda11adae40e72355b,undefined FUN_181443314(),ghidra,clean,
WHGame.dll,release_1_5_1164953_841,0x14433c8,190,FUN_1814433c8,,,eaee7d2f5809ac1edff3adb516fee86fb6fbad3243e6cacf1e781da4968eaa47,undefined FUN_1814433c8(),ghidra,clean,
WHGame.dll,release_1_5_1164953_841,0x1443488,190,FUN_181443488,,,6e0ae2a4fd81e34b56c8cf2949a7d5b0068d4d7820b60dc127ab2bcde0812b68,undefined FUN_181443488(),ghidra,clean,
WHGame.dll,release_1_5_1164953_841,0x1443548,190,FUN_181443548,,,df7d871346190c43a51dce2f379bf83ff57969b492cd4083954da87adaf4c1f2,undefined FUN_181443548(),ghidra,clean,
WHGame.dll,release_1_5_1164953_841,0x1443608,155,FUN_181443608,,,07ac358d0e765699db6b520105f7bf3a4a92c53bc14d0cecda7febc85cb43ee4,undefined FUN_181443608(),ghidra,clean,
WHGame.dll,release_1_5_1164953_841,0x14436a4,291,FUN_1814436a4,,,032ec765031c0c90bc568c02294c5998393bd92b020868c35aadd9ea15457768,undefined FUN_1814436a4(),ghidra,clean,
WHGame.dll,release_1_5_1164953_841,0x14437c8,74,FUN_1814437c8,,,ca8d2dcfc96b11d5f35e6d7243395afce05ecb6c9a388d4d513e0dde5b3bc83b,undefined FUN_1814437c8(),ghidra,clean,
WHGame.dll,release_1_5_1164953_841,0x1443814,176,FUN_181443814,,,22d8c2f2e738eeab3b56be1bfea9f2cbd19b481f6d70995a72d051c2891b207a,undefined FUN_181443814(),ghidra,clean,
WHGame.dll,release_1_5_1164953_841,0x14438c4,235,FUN_1814438c4,,,d3b644a9e1abcaac842775a0052a82b8e8429a813d3f7f7fe2cbd0a25c00bb8b,undefined FUN_1814438c4(),ghidra,clean,
WHGame.dll,release_1_5_1164953_841,0x14439a4,155,FUN_1814439a4,,,e6738351d03ded1ffb3ca607ef43ea4f927814ddc4ec91492ee01fc526526a20,undefined FUN_1814439a4(),ghidra,clean,
WHGame.dll,release_1_5_1164953_841,0x1443a40,288,FUN_181443a40,,,8895de8d79ccc0de5f4885a21ec511efc4d9ed122633432379305b6ad613486b,undefined FUN_181443a40(),ghidra,clean,
WHGame.dll,release_1_5_1164953_841,0x1443b60,180,FUN_181443b60,,,5a3479b0132ff0a251e32c3143b762bbb3be2bd0db8210b3a0db3b1321b391ea,undefined FUN_181443b60(),ghidra,clean,
WHGame.dll,release_1_5_1164953_841,0x1443c14,247,FUN_181443c14,,,39899fbe78a5b2a3da4d6d6b11f79f31fba389bf61554b6174b4f4b7e4fa4856,undefined FUN_181443c14(),ghidra,clean,
WHGame.dll,release_1_5_1164953_841,0x1443d0c,33,FUN_181443d0c,,,a487b32812b8ca7156ad632bcd18745783d97f080152e8c77d3aff655ba04372,undefined FUN_181443d0c(),ghidra,clean,
WHGame.dll,release_1_5_1164953_841,0x1443d30,224,FUN_181443d30,,,a16ab7b05c71226dd008582774df93b06b762158ed7a3fc050878d7f3af19c72,undefined FUN_181443d30(),ghidra,clean,
WHGame.dll,release_1_5_1164953_841,0x1443e14,154,FUN_181443e14,,,1cef2095b6076c461c13feaf1b90fde6748fa4248cba7ba5537a2ca58141b955,undefined FUN_181443e14(),ghidra,clean,
WHGame.dll,release_1_5_1164953_841,0x1443eb0,260,FUN_181443eb0,,,c7f38527039d1b76340e8c13de2b5b352ca46560f25a15baa028f6eeb26af972,undefined FUN_181443eb0(),ghidra,clean,
WHGame.dll,release_1_5_1164953_841,0x1443fb4,124,FUN_181443fb4,,,7f8ea0395f9dd8f9f62116a9bbc51efd203e7bae5f0b7c6a3e88b4eb60346810,undefined FUN_181443fb4(),ghidra,clean,
WHGame.dll,release_1_5_1164953_841,0x144401c,180,FUN_18144401c,,,bd7b28fd83a1eaa50a6ffc1fae73e6206ffd59b2c528c5903409aff20488c784,undefined FUN_18144401c(),ghidra,clean,
WHGame.dll,release_1_5_1164953_841,0x14440d0,52,FUN_1814440d0,,,00df5384878a7675260cb7b93486945424ac50a0e42299f91aea291c82103a90,undefined FUN_1814440d0(),ghidra,clean,
WHGame.dll,release_1_5_1164953_841,0x1444104,148,FUN_181444104,,,24747d8096b7a7a8c01368a2748a220e2bf1a83f1f7cbfcf315571a1a61347af,undefined FUN_181444104(),ghidra,clean,
WHGame.dll,release_1_5_1164953_841,0x1444198,168,FUN_181444198,,,6292b4b930bc789f0c5e357a8af68b18ef8b6e9cdab0978e11e169e8cb050e32,undefined FUN_181444198(),ghidra,clean,
WHGame.dll,release_1_5_1164953_841,0x1444240,114,FUN_181444240,,,d0ab23fc693c3250791afc2fa282384f5b78a0bf1d411ca81ed1f3df958f8da3,undefined FUN_181444240(),ghidra,clean,
WHGame.dll,release_1_5_1164953_841,0x144429c,162,FUN_18144429c,,,5ab04eed060f4cf27101b52eb3513777e32a5d3ce51da7fa3c62c5a9a95ba5fc,undefined FUN_18144429c(),ghidra,clean,
WHGame.dll,release_1_5_1164953_841,0x1444338,109,FUN_181444338,,,ee655c253dcaa09a2ade44e4ebaab1c7ac2edf8164b5c22225948117f5f93f23,undefined FUN_181444338(),ghidra,clean,
WHGame.dll,release_1_5_1164953_841,0x14443a8,143,FUN_1814443a8,,,fd3e38533fcbf8c4efb517fd5915449ee4ec4cc4d7e18bc8ce522fda331f4236,undefined FUN_1814443a8(),ghidra,clean,
WHGame.dll,release_1_5_1164953_841,0x144443c,145,FUN_18144443c,,,ec4a85c650c2ba209e582b2186616ebfe8dc997915cd535fbd5fe1b16bd60c79,undefined FUN_18144443c(),ghidra,clean,
WHGame.dll,release_1_5_1164953_841,0x14444d0,52,FUN_1814444d0,,,27925f6b1d27c802b21ad07d9bb686d7128bdaf21572c432afb41be8007816a3,undefined FUN_1814444d0(),ghidra,clean,
WHGame.dll,release_1_5_1164953_841,0x1444504,79,FUN_181444504,,,8ec8cba33b6e2e74499dc30af1fd4b29a82845fd6ef4aafdc12cec91e8565f91,undefined FUN_181444504(),ghidra,clean,
WHGame.dll,release_1_5_1164953_841,0x1444554,201,FUN_181444554,,,3c1325d1c13ab38c31d61412786fcbf7615926c8ecfecd7099257150fcd129fd,undefined FUN_181444554(),ghidra,clean,
WHGame.dll,release_1_5_1164953_841,0x1444614,145,FUN_181444614,,,e99041ccc9da8a291d922bc52d7f81f42c2267dee152748fc3517d64c4102d40,undefined FUN_181444614(),ghidra,clean,
WHGame.dll,release_1_5_1164953_841,0x14446a8,31,FUN_1814446a8,,,8415265a2ffcb85a3280649bb6a7f1b4ab75344b2363e59dd87b0bbb4f10bae1,undefined FUN_1814446a8(),ghidra,clean,
WHGame.dll,release_1_5_1164953_841,0x14446c8,65,FUN_1814446c8,,,607417e5ebff86f18bac3cd4bee470f4d47ef33fcec239a8995bddb88ab39655,undefined FUN_1814446c8(),ghidra,clean,
WHGame.dll,release_1_5_1164953_841,0x144470c,304,FUN_18144470c,,,5c50ad161f8cd0b63c4e92b1a5c4b25160ef3eb6ea7adc179ac03d7a26d99ecb,undefined FUN_18144470c(),ghidra,clean,
WHGame.dll,release_1_5_1164953_841,0x144483c,859,FUN_18144483c,,,fce01e8d08efac4e4e8dc8e51d6f586bfbbfac9d4de9dd607bf3c393b04787f9,undefined FUN_18144483c(),ghidra,clean,
WHGame.dll,release_1_5_1164953_841,0x144490c,155,FUN_18144490c,,,9c47930c5ab8032a432c26a57634e37c1fbcd9fe238fcf47e807d72602f530a9,undefined FUN_18144490c(),ghidra,clean,
WHGame.dll,release_1_5_1164953_841,0x14449a8,240,FUN_1814449a8,,,e9794ec2d303ba81554a05d519f8a7dc3d466626f758f16067b370de195aabb0,undefined FUN_1814449a8(),ghidra,clean,
WHGame.dll,release_1_5_1164953_841,0x1444a98,18,FUN_181444a98,,,9e18015d5ad6006b4e730783ec4cf6459d718444b6d7b3245e3e56bb30e31b69,undefined FUN_181444a98(),ghidra,clean,
WHGame.dll,release_1_5_1164953_841,0x1444aac,40,FUN_181444aac,,,025e9778815d610b8ae6292041a8c00da4032d469678211ea85fe65912117df8,undefined FUN_181444aac(),ghidra,clean,
WHGame.dll,release_1_5_1164953_841,0x1444ad4,30,FUN_181444ad4,,,2e0134aff41be2a69580bfc4c4685f65cc31e1668bad682b373b85a6c66fab2e,undefined FUN_181444ad4(),ghidra,clean,
WHGame.dll,release_1_5_1164953_841,0x1444af4,40,FUN_181444af4,,,ba437bf638ac79c91af8fcee46e7f5349af7891e6d6dae9dd14e7d0a8f7567bc,undefined FUN_181444af4(),ghidra,clean,
WHGame.dll,release_1_5_1164953_841,0x1444b1c,40,FUN_181444b1c,,,cdb1925758f892bec411ba86727abd9f7de22c26671ee448ac11a1a0f7668640,undefined FUN_181444b1c(),ghidra,clean,
WHGame.dll,release_1_5_1164953_841,0x1444b44,285,FUN_181444b44,,,3e2182267d20b1b67b5372b0ddc09a078e29c7bd63223f70b5e79420f17c4082,undefined FUN_181444b44(),ghidra,clean,
WHGame.dll,release_1_5_1164953_841,0x1444be4,161,FUN_181444be4,,,648b5cdf0277b649eed12b8b8f9e05b6844d5e05d40c6995e6fe27490b31aa4f,undefined FUN_181444be4(),ghidra,clean,
WHGame.dll,release_1_5_1164953_841,0x1444c88,129,FUN_181444c88,,,32e15578184054deff80820b89167bca6b5a78b594ef65a3aa9e9df482c9ae8c,undefined FUN_181444c88(),ghidra,clean,
WHGame.dll,release_1_5_1164953_841,0x1444d0c,139,FUN_181444d0c,,,f8d0e1e3dc2ec6b97683a55dbb061599255c099a4f7d37034c685fdbdc64e753,undefined FUN_181444d0c(),ghidra,clean,
WHGame.dll,release_1_5_1164953_841,0x1444d98,175,FUN_181444d98,,,46f0461ef126787328f924fb7b387ab84c70989cb38f67188918ea6c06df1119,undefined FUN_181444d98(),ghidra,clean,
WHGame.dll,release_1_5_1164953_841,0x1444e48,30,FUN_181444e48,,,4039088654b4d8b2d94e7c70a508fadfa5cf0454cb7e9cac88ffa4afb2792ab1,undefined FUN_181444e48(),ghidra,clean,
WHGame.dll,release_1_5_1164953_841,0x1444e68,180,FUN_181444e68,,,99cdb158d0c21fb2f55f1bdf01ca91bd840f030389e0637103e26123f4601a35,undefined FUN_181444e68(),ghidra,clean,
WHGame.dll,release_1_5_1164953_841,0x1444f1c,170,FUN_181444f1c,,,fd99ed9e75362fa9967ab0f7b86862e436732718cb6d3c6954b48fd43ab4a605,undefined FUN_181444f1c(),ghidra,clean,
WHGame.dll,release_1_5_1164953_841,0x1444fc8,85,FUN_181444fc8,,,cd24baf0f9bbbe09b354d00338f8f86171270635cd1c1f6c9d86a72cd960c401,undefined FUN_181444fc8(),ghidra,clean,
WHGame.dll,release_1_5_1164953_841,0x1445020,190,FUN_181445020,,,b946b5c863581db5256cdd1d615632053445231b3476ae05282684b5bc733302,undefined FUN_181445020(),ghidra,clean,
WHGame.dll,release_1_5_1164953_841,0x14450e0,190,FUN_1814450e0,,,c310890bc69fde24dc4197912ea9106077f3fcb4a974ec08a703e699aa7478cc,undefined FUN_1814450e0(),ghidra,clean,
WHGame.dll,release_1_5_1164953_841,0x14451a0,190,FUN_1814451a0,,,8b6f97aff6a44651d4ad792314753c3b8406d805a8c6a63c41eb591518eecf8e,undefined FUN_1814451a0(),ghidra,clean,
WHGame.dll,release_1_5_1164953_841,0x1445260,155,FUN_181445260,,,9d1edcced03b64e18a1ce2f669c7629154b7bd827587c66e119561ecc20cc5d6,undefined FUN_181445260(),ghidra,clean,
WHGame.dll,release_1_5_1164953_841,0x14452fc,291,FUN_1814452fc,,,03cbf45564e742d6aca1f79c04d801de970012b6808a7d5d9bd6db68fac474e7,undefined FUN_1814452fc(),ghidra,clean,
WHGame.dll,release_1_5_1164953_841,0x1445420,110,FUN_181445420,,,5c3e230c43959d207dc48d86856f074e75faa467339c547a2ef86a048d3034c6,undefined FUN_181445420(),ghidra,clean,
WHGame.dll,release_1_5_1164953_841,0x1445490,180,FUN_181445490,,,b60b69ae36b972c481970aba56e2ae23f85e9eb3f75361fd491e179c2fc720b1,undefined FUN_181445490(),ghidra,clean,
WHGame.dll,release_1_5_1164953_841,0x1445528,5,thunk_FUN_181445530,,,b0d40b133b9394d93820ac0104b0065121d2d73df32c7bfb4e4cf5d805a8b103,undefined thunk_FUN_181445530(),ghidra,clean,
WHGame.dll,release_1_5_1164953_841,0x1445530,103,FUN_181445530,,,60aee4dddadf6e88d7dc0e91db4c5a5caf71f4b113d99b7c29d95fd0e4303ab8,undefined FUN_181445530(),ghidra,clean,
WHGame.dll,release_1_5_1164953_841,0x1445598,95,FUN_181445598,,,f294de6dd85cc9bed233fb1f2b1f848d26a47dade6ef37bca04e43aed9f261e7,undefined FUN_181445598(),ghidra,clean,
WHGame.dll,release_1_5_1164953_841,0x14455f8,193,FUN_1814455f8,,,1401875371efd099f0b35bcd37f7658e129a36180642ce36060a6d3da698e8d5,undefined FUN_1814455f8(),ghidra,clean,
WHGame.dll,release_1_5_1164953_841,0x14456a0,53,FUN_1814456a0,,,0efafa5166ca88f30000a119a6fba74144eec0cfdc7184c116a802c85ab7f130,undefined FUN_1814456a0(),ghidra,clean,
WHGame.dll,release_1_5_1164953_841,0x14456d8,417,FUN_1814456d8,,,108585514c649106353da713eebd115572f6f40ad01ec2d1efca93cc50359453,undefined FUN_1814456d8(),ghidra,clean,
WHGame.dll,release_1_5_1164953_841,0x14457f8,40,FUN_1814457f8,,,28b7f756091ba31fcde654dd05e5c0fcf0f21861f645053deb59a64e6915b959,undefined FUN_1814457f8(),ghidra,clean,
WHGame.dll,release_1_5_1164953_841,0x1445820,42,FUN_181445820,,,1a9cd2a48ebacc1d39a3fee2dd535c17684367618398b3438de4a5040d17e7aa,undefined FUN_181445820(),ghidra,clean,
WHGame.dll,release_1_5_1164953_841,0x144584c,100,FUN_18144584c,,,a6ecb4763fbadce7c1658069be65cb0931e9a00eb2b5a30ac49dffaa6e483eef,undefined FUN_18144584c(),ghidra,clean,
WHGame.dll,release_1_5_1164953_841,0x14458b0,180,FUN_1814458b0,,,4709f2b8ce8fdce5ace834c88787d7b87f8f1fabe3dd005a639afcc15f1b18b3,undefined FUN_1814458b0(),ghidra,clean,
WHGame.dll,release_1_5_1164953_841,0x1445984,55,FUN_181445984,,,97436effdabf3a021378aa18434df0d30b099214865b5f5746dcba99ba71b74f,undefined FUN_181445984(),ghidra,clean,
WHGame.dll,release_1_5_1164953_841,0x14459ac,200,FUN_1814459ac,,,8659ed185b901d1d39c8dc2038c7095cb05c894ed784990e9001ff696c290222,undefined FUN_1814459ac(),ghidra,clean,
WHGame.dll,release_1_5_1164953_841,0x1445a6c,145,FUN_181445a6c,,,12035f3fccf9da7f3903c87d40d7620784a27777995dd749def23f86c5eb75a8,undefined FUN_181445a6c(),ghidra,clean,
WHGame.dll,release_1_5_1164953_841,0x1445b00,190,FUN_181445b00,,,9d673990e10243d597b3705cd2e50e43999a2fe781779462da8be86db993ee56,undefined FUN_181445b00(),ghidra,clean,
WHGame.dll,release_1_5_1164953_841,0x1445bc0,174,FUN_181445bc0,,,2c0827081817ab119e056d557319edb1d4f8bd0d75a302afc4866c06ce299679,undefined FUN_181445bc0(),ghidra,clean,
WHGame.dll,release_1_5_1164953_841,0x1445c00,1057,FUN_181445c00,,,f24013218d347aeb65e0588d9581e07894a4503636e03375f5188df8f9502c54,undefined FUN_181445c00(),ghidra,clean,
WHGame.dll,release_1_5_1164953_841,0x1445eac,180,FUN_181445eac,,,385cdad7c72274f0d8c56601fa2bc4ac6fa1df2d5b4228f0a5c4b5928f8377b7,undefined FUN_181445eac(),ghidra,clean,
WHGame.dll,release_1_5_1164953_841,0x1445f60,30,FUN_181445f60,,,8488304e0042ef118410268e788a01772f521e6e55e11871529b77a974039444,undefined FUN_181445f60(),ghidra,clean,
WHGame.dll,release_1_5_1164953_841,0x1445f80,30,FUN_181445f80,,,08784392299fee11b69d3d5c9795fa360ff053886078d40147dad789fbc4b33e,undefined FUN_181445f80(),ghidra,clean,
WHGame.dll,release_1_5_1164953_841,0x1445fa0,155,FUN_181445fa0,,,84a0b0b05b65f190ab69149f645cb7cf1090012201e3280dddf3242a0147e42f,undefined FUN_181445fa0(),ghidra,clean,
WHGame.dll,release_1_5_1164953_841,0x144603c,293,FUN_18144603c,,,dc7f90d6e3f1e0fe518a30600871b2f05f0fef1710240e17319a9c4a4271a673,undefined FUN_18144603c(),ghidra,clean,
WHGame.dll,release_1_5_1164953_841,0x1446164,86,FUN_181446164,,,63cbc6ef39325daa8fd60ef717a37062c5f26dfa25bdfd25feaf268225353add,undefined FUN_181446164(),ghidra,clean,
WHGame.dll,release_1_5_1164953_841,0x14461bc,85,FUN_1814461bc,,,8f71245bd5b641160d5ccf1f823c8a412d9a7cbc71ec832a53c8b97b415c91bf,undefined FUN_1814461bc(),ghidra,clean,
WHGame.dll,release_1_5_1164953_841,0x14461f0,155,FUN_1814461f0,,,6572bb446196df7c685cc7cdf96849818e0a430ba70d269cfc39d6ed30b9753c,undefined FUN_1814461f0(),ghidra,clean,
WHGame.dll,release_1_5_1164953_841,0x144628c,291,FUN_18144628c,,,a6213e7b2ce01a698b4be2bd14e69c28585da54df35d9df540b2f580e41d0ed3,undefined FUN_18144628c(),ghidra,clean,
WHGame.dll,release_1_5_1164953_841,0x14463b0,96,FUN_1814463b0,,,8b848086a4849da00c6e1c8b24929225200622fe57277f84394a0d6160a0eef4,undefined FUN_1814463b0(),ghidra,clean,
WHGame.dll,release_1_5_1164953_841,0x1446410,62,FUN_181446410,,,81306f0f27a1098e4805e0389e080efe95f151d837c0da822474dc579a21a1bb,undefined FUN_181446410(),ghidra,clean,
WHGame.dll,release_1_5_1164953_841,0x144643c,155,FUN_18144643c,,,1fa0d75deb72f4e720ee8eacf563aef376f90cbd4b1f9298bf8fdbd46351196a,undefined FUN_18144643c(),ghidra,clean,
WHGame.dll,release_1_5_1164953_841,0x14464d8,291,FUN_1814464d8,,,2a78176e6f5ea103d5d5ced00d7067801b68ff07326adc6d3e68ab752d13288d,undefined FUN_1814464d8(),ghidra,clean,
WHGame.dll,release_1_5_1164953_841,0x14465fc,399,FUN_1814465fc,,,fdd4d2cf392371c4d82b79eeca59efeb9aa87073cd746ae729d55a596a22290d,undefined FUN_1814465fc(),ghidra,clean,
WHGame.dll,release_1_5_1164953_841,0x144678c,63,FUN_18144678c,,,e1ff05f61bde651b81e8fb5e687075574b69c9c06dc38308eb5957b3df899b7c,undefined FUN_18144678c(),ghidra,clean,
WHGame.dll,release_1_5_1164953_841,0x14467cc,120,FUN_1814467cc,,,1f7f0bc19af3817a4217213762854fa954b2beff399e4b391f38f334f831897a,undefined FUN_1814467cc(),ghidra,clean,
WHGame.dll,release_1_5_1164953_841,0x1446844,117,FUN_181446844,,,e51dc3e1a216d85fc5fbd482df53e139ec0d709158d2de948139275064ac01e3,undefined FUN_181446844(),ghidra,clean,
WHGame.dll,release_1_5_1164953_841,0x14468bc,80,FUN_1814468bc,,,7e16a0eda4fcb07f8302b895e3673eca9b8854d272349f54a80218e1789a8949,undefined FUN_1814468bc(),ghidra,clean,
WHGame.dll,release_1_5_1164953_841,0x144690c,80,FUN_18144690c,,,72c6fbba0581eeb5b24f27914328b92f6049d2ea2a770dd10e9ee13a7211179c,undefined FUN_18144690c(),ghidra,clean,
WHGame.dll,release_1_5_1164953_841,0x144695c,80,FUN_18144695c,,,4a90accb4da220cf2c2a2119b0600b03e7f1b78c679e892545ee2aa5b487fd2c,undefined FUN_18144695c(),ghidra,clean,
WHGame.dll,release_1_5_1164953_841,0x14469ac,85,FUN_1814469ac,,,572a8b3989feb27ea8d5d23dd35a8e45986078d4b683a7a51abb91e32214e646,undefined FUN_1814469ac(),ghidra,clean,
WHGame.dll,release_1_5_1164953_841,0x14469e0,155,FUN_1814469e0,,,3d746fd4f0ac5387e22d98226a67da50ba64bbdabe0f96d3112be97fc1f6419d,undefined FUN_1814469e0(),ghidra,clean,
WHGame.dll,release_1_5_1164953_841,0x1446a7c,291,FUN_181446a7c,,,7b1e3e6af874fa4f8af4e076e1f496293a5e3b2d1bfe3bd8268e0d8ba61a41fa,undefined FUN_181446a7c(),ghidra,clean,
WHGame.dll,release_1_5_1164953_841,0x1446ba0,42,FUN_181446ba0,,,6f367a71a5d0512d0e4b337376d46f78205caa0f1e43ed7b02c5d9522d2254a3,undefined FUN_181446ba0(),ghidra,clean,
WHGame.dll,release_1_5_1164953_841,0x1446bcc,180,FUN_181446bcc,,,d88999c3fdb52340e7f5b0434d8a8b1aebd9bf7efaff2584a26ac6366912d487,undefined FUN_181446bcc(),ghidra,clean,
WHGame.dll,release_1_5_1164953_841,0x1446c80,110,FUN_181446c80,,,567887c4d0a41acb8c444a3501d99fd968a3906db70ec91834ab14cb920f1ee4,undefined FUN_181446c80(),ghidra,clean,
WHGame.dll,release_1_5_1164953_841,0x1446cf0,26,FUN_181446cf0,,,70509e233b81a4b980391cbde5d0f4e0f57007794a397523a1f478e8884bbf63,undefined FUN_181446cf0(),ghidra,clean,
WHGame.dll,release_1_5_1164953_841,0x1446d0c,1137,FUN_181446d0c,,,48c26942ba5b90abb479b4429a6c713fbac47839accf083ce2d32dd98b408d86,undefined FUN_181446d0c(),ghidra,clean,
WHGame.dll,release_1_5_1164953_841,0x1447180,155,FUN_181447180,,,590a20267cc7ff6c89fb935b9b3cba620d028a8663e92f14f66441e9d0c9c537,undefined FUN_181447180(),ghidra,clean,
WHGame.dll,release_1_5_1164953_841,0x144721c,304,FUN_18144721c,,,d271a17d29be57a06e4f2e0cf1519118980e1316b9dea44181155162e07a86b1,undefined FUN_18144721c(),ghidra,clean,
WHGame.dll,release_1_5_1164953_841,0x144734c,155,FUN_18144734c,,,aba66e56fe126649d9e30ac74e2e02982b285f0d02b239cb0a0933d67937c020,undefined FUN_18144734c(),ghidra,clean,
WHGame.dll,release_1_5_1164953_841,0x14473e8,298,FUN_1814473e8,,,199d46a8b49adab883f76602d5e5461004e34cb68858c94a0139535dcd17d3fc,undefined FUN_1814473e8(),ghidra,clean,
WHGame.dll,release_1_5_1164953_841,0x1447514,353,FUN_181447514,,,6edf561b1ea4e6fdd2a5c30db9b195fe2952c8289d11d6847d3687d257408392,undefined FUN_181447514(),ghidra,clean,
WHGame.dll,release_1_5_1164953_841,0x1447660,8,FUN_181447660,,,3a79bd1220dfcce428bcb6caa18a69bbf726c3ac678d2efc7111d842da2f75ae,undefined FUN_181447660(),ghidra,clean,
WHGame.dll,release_1_5_1164953_841,0x1447668,56,FUN_181447668,,,a51cb56a3ffb57b28e4757786598e8159b572d7b61ca691b7fc070ff168dc810,undefined FUN_181447668(),ghidra,clean,
WHGame.dll,release_1_5_1164953_841,0x14476a0,337,FUN_1814476a0,,,484b13e5a5584068e9c11aced3312eff1de5773e9b2679150b93b4615e3bfecb,undefined FUN_1814476a0(),ghidra,clean,
WHGame.dll,release_1_5_1164953_841,0x14477f4,866,FUN_1814477f4,,,d5256deee72799bcbaf0a94735459b7cbccaa882875be6c24369060b88579232,undefined FUN_1814477f4(),ghidra,clean,
WHGame.dll,release_1_5_1164953_841,0x1447b58,78,FUN_181447b58,,,0d21c8be91da26fd6775749207703bd772344a760bf8f1a80c9e42455c9c7ac8,undefined FUN_181447b58(),ghidra,clean,
WHGame.dll,release_1_5_1164953_841,0x1447ba8,155,FUN_181447ba8,,,2ab4152ce1a3fb9c8a0ecab8cc4606ec5ec57418162ccef9fadf9f174c515042,undefined FUN_181447ba8(),ghidra,clean,
WHGame.dll,release_1_5_1164953_841,0x1447c44,291,FUN_181447c44,,,80d8b254eb1030100a8fcbc31ebf81906727a6fea878ccadac70868dfcaea0d4,undefined FUN_181447c44(),ghidra,clean,
WHGame.dll,release_1_5_1164953_841,0x1447d68,42,FUN_181447d68,,,e6193429795f55694007f6aa9fc1745c9f785af19d8ce65312041de03e7971ed,undefined FUN_181447d68(),ghidra,clean,
WHGame.dll,release_1_5_1164953_841,0x1447d94,36,FUN_181447d94,,,d6abbd43c0aa48d7d7360243f201f7d6c761ce4c9b30981aa07013cbe5e35bbc,undefined FUN_181447d94(),ghidra,clean,
WHGame.dll,release_1_5_1164953_841,0x1447db8,30,FUN_181447db8,,,f5a6e70b8928501ed42195bf6e4fc5bb91660872a1b1fa8c22f1836673e59f05,undefined FUN_181447db8(),ghidra,clean,
WHGame.dll,release_1_5_1164953_841,0x1447dd8,52,FUN_181447dd8,,,bff0cc986bbef6ebe909c1a44d5e41d564823b5420bf4ff4928b7d181a563187,undefined FUN_181447dd8(),ghidra,clean,
WHGame.dll,release_1_5_1164953_841,0x1447e0c,176,FUN_181447e0c,,,ab45c0ae9e0b792f0d3bf2908cf8baa6cadf1631176dc91e4504e66d2ba60505,undefined FUN_181447e0c(),ghidra,clean,
WHGame.dll,release_1_5_1164953_841,0x1447eac,62,FUN_181447eac,,,94e3cd75d24f36d2a8e3c55a15f3d5f0c9d387ae0772631fdf1a85ec77f32250,undefined FUN_181447eac(),ghidra,clean,
WHGame.dll,release_1_5_1164953_841,0x1447ed8,194,FUN_181447ed8,,,2224515405dacc5a58de7cd2d2eab081e4a1a07ff54958e6b6d54fb06e542ea9,undefined FUN_181447ed8(),ghidra,clean,
WHGame.dll,release_1_5_1164953_841,0x1447f9c,155,FUN_181447f9c,,,c82d5521d47adafe926f37fcdec1bdfc994b4f1b4b2bcf8b9a342232325ffef4,undefined FUN_181447f9c(),ghidra,clean,
WHGame.dll,release_1_5_1164953_841,0x1448038,190,FUN_181448038,,,3db32fcaeefa86b9ba89aa7c51df45955fc04cc57bb37bb40e828aad96d5b48b,undefined FUN_181448038(),ghidra,clean,
WHGame.dll,release_1_5_1164953_841,0x14480f8,155,FUN_1814480f8,,,30a1ab79f096db2b4839ddea442e637afeee4e561034da3aebfacbc436e0bb2a,undefined FUN_1814480f8(),ghidra,clean,
WHGame.dll,release_1_5_1164953_841,0x1448194,291,FUN_181448194,,,9f37689cb5829f2c3c564af222802e1e2cc1914b9f7d3d872d8259d13628e104,undefined FUN_181448194(),ghidra,clean,
WHGame.dll,release_1_5_1164953_841,0x14482b8,304,FUN_1814482b8,,,064822c445341e7bf599633b0da99d3e3ae5131bf1c37c8a1927218fbc7f7b8a,undefined FUN_1814482b8(),ghidra,clean,
WHGame.dll,release_1_5_1164953_841,0x14483e8,155,FUN_1814483e8,,,b373d4e473036526f38203926f7ba7f2ff8960929674d80a0f1832340c7c8743,undefined FUN_1814483e8(),ghidra,clean,
WHGame.dll,release_1_5_1164953_841,0x1448484,298,FUN_181448484,,,cd62f4987c26e4471d2ed46f306b69f5e93927761f69a23c5f66b73f1be45e4b,undefined FUN_181448484(),ghidra,clean,
WHGame.dll,release_1_5_1164953_841,0x14485b0,225,FUN_1814485b0,,,d3d9e4bc866e18b65753822c0251eb883b07d72306cc0d283a37e8a6945821d1,undefined FUN_1814485b0(),ghidra,clean,
WHGame.dll,release_1_5_1164953_841,0x1448694,53,FUN_181448694,,,fbbdd8840fa35d4beb3c526dcd13a2dac18455e4721a9bb693b63d13e854693f,undefined FUN_181448694(),ghidra,clean,
WHGame.dll,release_1_5_1164953_841,0x14486cc,595,FUN_1814486cc,,,727225a9d493cf9af2a050014b2c980387670a682c2de210fecbe790c6b985db,undefined FUN_1814486cc(),ghidra,clean,
WHGame.dll,release_1_5_1164953_841,0x1448910,155,FUN_181448910,,,0e9d1032f9c01ca67a0a480ad875c24eacf7f40044ac29aff32a097877ffe2c0,undefined FUN_181448910(),ghidra,clean,
WHGame.dll,release_1_5_1164953_841,0x14489ac,291,FUN_1814489ac,,,def7c1fcc26b0fb4f91a55a3a0302d47aa04e829de21fbaf727e2143eef6b031,undefined FUN_1814489ac(),ghidra,clean,
WHGame.dll,release_1_5_1164953_841,0x1448ad0,114,FUN_181448ad0,,,71c6703b131b1b650bbc7103c85bbd05cccc4da22e3ed89cdf833bdbe87e1cc2,undefined FUN_181448ad0(),ghidra,clean,
WHGame.dll,release_1_5_1164953_841,0x1448b0c,80,FUN_181448b0c,,,da0b0296493f5a988389861d3127720f6f67631234f11960160362690bcab492,undefined FUN_181448b0c(),ghidra,clean,
WHGame.dll,release_1_5_1164953_841,0x1448b5c,80,FUN_181448b5c,,,d2457d960ba74b63c12889920ed62746f492ee1bfb9fbc422e1d54451cf8d50d,undefined FUN_181448b5c(),ghidra,clean,
WHGame.dll,release_1_5_1164953_841,0x1448bac,85,FUN_181448bac,,,15708203c638e96f65be5406b26d277224315e4ee1b6925c79940f92a34fc031,undefined FUN_181448bac(),ghidra,clean,
WHGame.dll,release_1_5_1164953_841,0x1448be0,155,FUN_181448be0,,,7d1c8c7e3fc1794abe6b1ca0fcf680aeabfb53aa99e4f1debad141a74fcb2cb8,undefined FUN_181448be0(),ghidra,clean,
WHGame.dll,release_1_5_1164953_841,0x1448c7c,291,FUN_181448c7c,,,e5334fed668c0a3e3157bbc5cafe5bad88a0b2923225634efe659929a63f064f,undefined FUN_181448c7c(),ghidra,clean,
WHGame.dll,release_1_5_1164953_841,0x1448da0,220,FUN_181448da0,,,fbd3221afdd5251e30ce3e4ea6b8ec050a8a846f74045d723d8e5bfdc96c1fd9,undefined FUN_181448da0(),ghidra,clean,
WHGame.dll,release_1_5_1164953_841,0x1448e60,214,FUN_181448e60,,,def82fc0b6b6adfc66a69f0f8c32003c506a32b0ead484258e3fb76c32f9f8a7,undefined FUN_181448e60(),ghidra,clean,
WHGame.dll,release_1_5_1164953_841,0x1448f38,708,FUN_181448f38,,,4d66472d921786f305ed535621c2507731968fb5bfcc9c85b721161448f25d23,undefined FUN_181448f38(),ghidra,clean,
WHGame.dll,release_1_5_1164953_841,0x14491fc,172,FUN_1814491fc,,,1e41033eb9e4d546ed9b84713fb295b9e033a24ffbf061b7ceff0dab3951d300,undefined FUN_1814491fc(),ghidra,clean,
WHGame.dll,release_1_5_1164953_841,0x14492a8,373,FUN_1814492a8,,,ddbb6cc47b26d115bc014cea93836aeb15716292334f380d6a6f55872987b959,undefined FUN_1814492a8(),ghidra,clean,
WHGame.dll,release_1_5_1164953_841,0x1449410,330,FUN_181449410,,,85a21048a0afa6ee6c1125ab0bb33dc4ce8fcbea2f531afaec5d26366f69a96a,undefined FUN_181449410(),ghidra,clean,
WHGame.dll,release_1_5_1164953_841,0x1449540,68,FUN_181449540,,,d86b3682aeb133a5417f594353fb448031d71076cf912b5e0c89c81138663c56,undefined FUN_181449540(),ghidra,clean,
WHGame.dll,release_1_5_1164953_841,0x1449584,63,FUN_181449584,,,710cab8f15c99f762b423e16c433eaec691fbba7b98b8ae199cfaf4101a80d05,undefined FUN_181449584(),ghidra,clean,
WHGame.dll,release_1_5_1164953_841,0x14495c4,57,FUN_1814495c4,,,0153c1cd7e3f337fb57a79f310593befd898047c4bdeda351e99232dc58d43de,undefined FUN_1814495c4(),ghidra,clean,
WHGame.dll,release_1_5_1164953_841,0x1449600,91,FUN_181449600,,,8b39eb8b8a50345fdaa6fbf3c388dda0456528ee3958a38e958d1c7df129bd86,undefined FUN_181449600(),ghidra,clean,
WHGame.dll,release_1_5_1164953_841,0x144965c,85,FUN_18144965c,,,49ff45ceaae18baaa266fc5b74fc8d0df5374cb9b0585c51dbf87b0109a54de2,undefined FUN_18144965c(),ghidra,clean,
WHGame.dll,release_1_5_1164953_841,0x1449698,92,FUN_181449698,,,8f32ff364321d0ed04526a0d41f57dc792c0afcdc6f0fcd6b7ca9c41e70fa678,undefined FUN_181449698(),ghidra,clean,
WHGame.dll,release_1_5_1164953_841,0x14496f4,167,FUN_1814496f4,,,5ff55ab0f76ea8b361a26b5ac437b7d7b6d39fd7fa588dc24b3a79a6654af798,undefined FUN_1814496f4(),ghidra,clean,
WHGame.dll,release_1_5_1164953_841,0x144979c,167,FUN_18144979c,,,d4477f44447d29ce998c2c23ff93d3d587596826a9eef7f326f05b13a45e98b2,undefined FUN_18144979c(),ghidra,clean,
WHGame.dll,release_1_5_1164953_841,0x1449844,167,FUN_181449844,,,372f6f240dc31218d762abe929c63cc56ee9758dae4ff6d747e2b169da27d0b7,undefined FUN_181449844(),ghidra,clean,
WHGame.dll,release_1_5_1164953_841,0x14498ec,167,FUN_1814498ec,,,1f3ed27a242b06ec9e6e98ede3c4c43ec6f67849ffc533fabbeeea23014003b5,undefined FUN_1814498ec(),ghidra,clean,
WHGame.dll,release_1_5_1164953_841,0x1449994,167,FUN_181449994,,,bb17d7b9253862811504cdb8ac6b8ed754e9e7a4ca5bef828849f9bbfe41e96b,undefined FUN_181449994(),ghidra,clean,
WHGame.dll,release_1_5_1164953_841,0x1449a3c,167,FUN_181449a3c,,,d2c14cd0c43dee6b973851a5946ad704ed02a263570f0adcb4dddb10e548aedd,undefined FUN_181449a3c(),ghidra,clean,
WHGame.dll,release_1_5_1164953_841,0x1449ae4,167,FUN_181449ae4,,,bba31f2995a31f2e85b1b75427a74f0fd4c6d2ff557dc0dfa0c3a60fb334678d,undefined FUN_181449ae4(),ghidra,clean,
WHGame.dll,release_1_5_1164953_841,0x1449b8c,167,FUN_181449b8c,,,ce81ed88872a69544cfb0194ff5d08e7c994c93f3a16ca7a0eb23c5baf73e90f,undefined FUN_181449b8c(),ghidra,clean,
WHGame.dll,release_1_5_1164953_841,0x1449c34,167,FUN_181449c34,,,e44b5f33dc408d5955312587a5a2d9cb3c880890ca7d6ed0cb0798a4a8261462,undefined FUN_181449c34(),ghidra,clean,
WHGame.dll,release_1_5_1164953_841,0x1449cdc,167,FUN_181449cdc,,,644dfd880cb172c35002ec8a74d616b6658ece5c3f5b5242f0aa54b91b2d03b7,undefined FUN_181449cdc(),ghidra,clean,
WHGame.dll,release_1_5_1164953_841,0x1449d84,167,FUN_181449d84,,,ea66adced103ed9e8a05b9d94506da4f4bb4811b869cffcfe939a8f389d18930,undefined FUN_181449d84(),ghidra,clean,
WHGame.dll,release_1_5_1164953_841,0x1449e2c,167,FUN_181449e2c,,,32594bee4b4314cc38f7e461d77367eb731f44418d513ab9a1eed2984763e8f8,undefined FUN_181449e2c(),ghidra,clean,
WHGame.dll,release_1_5_1164953_841,0x1449ed4,167,FUN_181449ed4,,,2cd13109bb1127f1c50716e07849b87b241cbe1caa51b5737aa768aa4c9e9a2b,undefined FUN_181449ed4(),ghidra,clean,
WHGame.dll,release_1_5_1164953_841,0x1449f7c,167,FUN_181449f7c,,,6f69c7267b2612ee9f5a1c3d14dc1448ba337cc24dd07c343e33876bdcaf2cec,undefined FUN_181449f7c(),ghidra,clean,
WHGame.dll,release_1_5_1164953_841,0x144a024,167,FUN_18144a024,,,b11ca60e91bf8f7203a321788892639054cdfb4a41bccbc98bcdb55e264cd6e1,undefined FUN_18144a024(),ghidra,clean,
WHGame.dll,release_1_5_1164953_841,0x144a0cc,167,FUN_18144a0cc,,,7eadfcaae1e7a49142553c7ce1a37fe0106fd25615ca1e506a4dde579145bb88,undefined FUN_18144a0cc(),ghidra,clean,
WHGame.dll,release_1_5_1164953_841,0x144a174,167,FUN_18144a174,,,fe8a25cc5bd9f2f35bd12cf0657aa645872e85036c1b48ff08d8020ab199f61b,undefined FUN_18144a174(),ghidra,clean,
WHGame.dll,release_1_5_1164953_841,0x144a21c,1005,FUN_18144a21c,,,9b9d58c843ff2e6e3e867ecb0d281e66a725f6499824bc097215c0e896e0ece5,undefined FUN_18144a21c(),ghidra,clean,
WHGame.dll,release_1_5_1164953_841,0x144a60c,318,FUN_18144a60c,,,2d59e154593bfe3148b12aac85b5246a8380982d68e30a307248b15076a56537,undefined FUN_18144a60c(),ghidra,clean,
WHGame.dll,release_1_5_1164953_841,0x144a74c,438,FUN_18144a74c,,,bc3a8367cf7631b6fc5fd927560a527af6c3c711822fdde4b5415a5449d31fd8,undefined FUN_18144a74c(),ghidra,clean,
WHGame.dll,release_1_5_1164953_841,0x144a904,448,FUN_18144a904,,,2b5dd76ae0be9d687464126316f7ab7f593afd65a312d49c8f7f84cef77c50aa,undefined FUN_18144a904(),ghidra,clean,
WHGame.dll,release_1_5_1164953_841,0x144aac4,153,FUN_18144aac4,,,2651ec8b997642089181a28815d15fdade9fa23454646fda93635530185d246b,undefined FUN_18144aac4(),ghidra,clean,
WHGame.dll,release_1_5_1164953_841,0x144ab60,637,FUN_18144ab60,,,56c24c217723192e07e243941db6e91988668065e30df1d41fa383c83dabc54f,undefined FUN_18144ab60(),ghidra,clean,
WHGame.dll,release_1_5_1164953_841,0x144ade0,160,FUN_18144ade0,,,2bc31487f36ae11ef69902c2827d2d0ae8aca36fb372025fc57a48293d5da8ef,undefined FUN_18144ade0(),ghidra,clean,
WHGame.dll,release_1_5_1164953_841,0x144ae80,798,FUN_18144ae80,,,99ab6fb8b9e18bbdc377638ab6e9f6690384ed4c8a0a6f07a9b9147afa16c872,undefined FUN_18144ae80(),ghidra,clean,
WHGame.dll,release_1_5_1164953_841,0x144b1a0,6131,FUN_18144b1a0,,,6f031c5a234dc7f10e649eb9e6520ace74e44dddb88ff7491e164c57fa93472b,undefined FUN_18144b1a0(),ghidra,clean,
WHGame.dll,release_1_5_1164953_841,0x144c994,160,FUN_18144c994,,,2fcb187fd596a7006f78099ec53abb7211bc70777457035e3906fd1b6414ceba,undefined FUN_18144c994(),ghidra,clean,
WHGame.dll,release_1_5_1164953_841,0x144ca34,160,FUN_18144ca34,,,c401eaa336230b26b6265e34913811d2a5ec3f005fc60a520b1a48bb062f0fe9,undefined FUN_18144ca34(),ghidra,clean,
WHGame.dll,release_1_5_1164953_841,0x144cad4,104,FUN_18144cad4,,,173c4de578904f5e178f5b28ba851864ab8dca8c190e8cc6c8283d491bb408c9,undefined FUN_18144cad4(),ghidra,clean,
WHGame.dll,release_1_5_1164953_841,0x144cb3c,61,FUN_18144cb3c,,,91f57a58d6c8c12afe5cecc16e6867a59335da6892acc9d81fb686b07f7f7537,undefined FUN_18144cb3c(),ghidra,clean,
WHGame.dll,release_1_5_1164953_841,0x144cb7c,62,FUN_18144cb7c,,,e9397be34dbb4bd820f1650fed081444ed88e05e452090f42b3a6f695e756802,undefined FUN_18144cb7c(),ghidra,clean,
WHGame.dll,release_1_5_1164953_841,0x144cbbc,62,FUN_18144cbbc,,,61289f314a9901ff3da97bb2073dac456cf17902f49ea88ec2dbaf0a0d53dbbd,undefined FUN_18144cbbc(),ghidra,clean,
WHGame.dll,release_1_5_1164953_841,0x144cbfc,153,FUN_18144cbfc,,,3c11ca95b609ab0ac0dc589c0046e4364791c3fa8ffb9f8ed9cbb563870a39fa,undefined FUN_18144cbfc(),ghidra,clean,
WHGame.dll,release_1_5_1164953_841,0x144cc98,153,FUN_18144cc98,,,1d5a624df7a87dde1feb19a4bd415a6cffcb5ff0799a2bc3a5cb08f3c6160799,undefined FUN_18144cc98(),ghidra,clean,
WHGame.dll,release_1_5_1164953_841,0x144cd34,153,FUN_18144cd34,,,0494c18c0678c57a6f8ce2326ca146b37cc6cf3f79dfd8b39707e6849e86210e,undefined FUN_18144cd34(),ghidra,clean,
WHGame.dll,release_1_5_1164953_841,0x144cdd0,153,FUN_18144cdd0,,,4bcecff05bb4a8d0313abe7a4eebe52195ffdb6b0ae34750419516f39c11b979,undefined FUN_18144cdd0(),ghidra,clean,
WHGame.dll,release_1_5_1164953_841,0x144ce6c,160,FUN_18144ce6c,,,c183fe49912b04d19e57a9b4408cc618cda16be59c5bde799ec2857afdb564e5,undefined FUN_18144ce6c(),ghidra,clean,
WHGame.dll,release_1_5_1164953_841,0x144cf0c,153,FUN_18144cf0c,,,1ad2464ef586892309cba659adb709efc344b0bb3fff9a2c918c4535577fb38b,undefined FUN_18144cf0c(),ghidra,clean,
WHGame.dll,release_1_5_1164953_841,0x144cfa8,153,FUN_18144cfa8,,,b18e4c1e104e179e730b28577a6ccb472127bd0ab037bf5a433828449b19212c,undefined FUN_18144cfa8(),ghidra,clean,
WHGame.dll,release_1_5_1164953_841,0x144d044,160,FUN_18144d044,,,b3bc53da8f8c8ca2439985a7b7fb5528f503a99b813cc7afe8588c1e091805d3,undefined FUN_18144d044(),ghidra,clean,
WHGame.dll,release_1_5_1164953_841,0x144d0e4,49,FUN_18144d0e4,,,42180d1a0c716049fedfa5bf49bed0537bee2c09cdd89c8a88af4a6fb0de93bb,undefined FUN_18144d0e4(),ghidra,clean,
WHGame.dll,release_1_5_1164953_841,0x144d118,160,FUN_18144d118,,,f87abd6305f0e413f9c296b4d195fff7b4da0274ffa419eae7c8bfa2e9bc1deb,undefined FUN_18144d118(),ghidra,clean,
WHGame.dll,release_1_5_1164953_841,0x144d1b8,153,FUN_18144d1b8,,,3a5c15c7cbbd1bb8995a3db4e51589bc5c175fc476882d53150cc80dd8ca2fa1,undefined FUN_18144d1b8(),ghidra,clean,
WHGame.dll,release_1_5_1164953_841,0x144d254,160,FUN_18144d254,,,c6e93f44f2186172695d3e5ac2bc59b758b35bc00b4349183318f044fa3bba23,undefined FUN_18144d254(),ghidra,clean,
WHGame.dll,release_1_5_1164953_841,0x144d2f4,153,FUN_18144d2f4,,,cba8abf8dba835cfa8bef8354f2f63708b951ac53b2918fe9ea6ccd3a95abdc3,undefined FUN_18144d2f4(),ghidra,clean,
WHGame.dll,release_1_5_1164953_841,0x144d390,58,FUN_18144d390,,,bd02109d91d46563dd6c781db09724b553f89a5977234a9c3fc74458ab5ac709,undefined FUN_18144d390(),ghidra,clean,
WHGame.dll,release_1_5_1164953_841,0x144d3cc,153,FUN_18144d3cc,,,33937f7667fc1c3752762e4d7ef6ddc656ff0c639f3197c54d16922fe79a70a0,undefined FUN_18144d3cc(),ghidra,clean,
WHGame.dll,release_1_5_1164953_841,0x144d468,153,FUN_18144d468,,,cf5944bd9b1c1457c0267150e4bf5ecbaceab275c78c1b24f585b043537a7c1e,undefined FUN_18144d468(),ghidra,clean,
WHGame.dll,release_1_5_1164953_841,0x144d504,153,FUN_18144d504,,,8835a464e93dd156e92345345de15831af814f50ac607e9f65f169c29808a019,undefined FUN_18144d504(),ghidra,clean,
WHGame.dll,release_1_5_1164953_841,0x144d5a0,153,FUN_18144d5a0,,,e40bfc6806333317e53f22e8885bd2104fb3b2e1245bfc82014b9b080603a328,undefined FUN_18144d5a0(),ghidra,clean,
WHGame.dll,release_1_5_1164953_841,0x144d63c,153,FUN_18144d63c,,,2c2d7d8476889dbc7a1c4aac71495140f3e613d5a75e87589e1b0254ed05b03f,undefined FUN_18144d63c(),ghidra,clean,
WHGame.dll,release_1_5_1164953_841,0x144d6d8,153,FUN_18144d6d8,,,ed3c718d6c3eb14de881edb0f40568a3b4aa8508f45d5d8ac595841f6b875e69,undefined FUN_18144d6d8(),ghidra,clean,
WHGame.dll,release_1_5_1164953_841,0x144d774,153,FUN_18144d774,,,60d92635bcfd782ee0b6c5d6f2bb307166ed16ddfa9af55a7689986f2d497d7a,undefined FUN_18144d774(),ghidra,clean,
WHGame.dll,release_1_5_1164953_841,0x144d810,153,FUN_18144d810,,,73d78336126eb96090d55b7396448286b7e5fafa6b9793d392c106cf355c9c22,undefined FUN_18144d810(),ghidra,clean,
WHGame.dll,release_1_5_1164953_841,0x144d8ac,153,FUN_18144d8ac,,,ac08a248c094d6d5b545208292551b07a1dfe2268974bf3a8700e309bd4b15b6,undefined FUN_18144d8ac(),ghidra,clean,
WHGame.dll,release_1_5_1164953_841,0x144d948,153,FUN_18144d948,,,a535a765848dedb0833a6de6c105529c68b3f630daf8825c518596f0d0d03169,undefined FUN_18144d948(),ghidra,clean,
WHGame.dll,release_1_5_1164953_841,0x144d9e4,16828,FUN_18144d9e4,,,40830e70d9211f60c688607d392f19a45a4ba0e63c19bd3e1766903943c9fb68,undefined FUN_18144d9e4(),ghidra,clean,
WHGame.dll,release_1_5_1164953_841,0x1451ba0,155,FUN_181451ba0,,,7b48f0c47d3ddd2bc867480d7c5c5966d4e57c4b0ce62f5c6a6f8fed64062e98,undefined FUN_181451ba0(),ghidra,clean,
WHGame.dll,release_1_5_1164953_841,0x1451c3c,291,FUN_181451c3c,,,012f6d074ad247b3ea352d57757c2094129fb4faf1aa96804ef6ba043832e3a1,undefined FUN_181451c3c(),ghidra,clean,
WHGame.dll,release_1_5_1164953_841,0x1451d60,194,FUN_181451d60,,,787db142b3222844757eb7282c5cb50b6673cfce787d128e933b9f72631aca3f,undefined FUN_181451d60(),ghidra,clean,
WHGame.dll,release_1_5_1164953_841,0x1451e24,155,FUN_181451e24,,,881853bea4684a7e6470717e023f5c0e7022d251bec6c4b69b58f3f4f4d40deb,undefined FUN_181451e24(),ghidra,clean,
WHGame.dll,release_1_5_1164953_841,0x1451ec0,190,FUN_181451ec0,,,d1c5a38c37dd5233aeafca501be8520150c77204c3748431b478b474ad072d07,undefined FUN_181451ec0(),ghidra,clean,
WHGame.dll,release_1_5_1164953_841,0x1451f80,155,FUN_181451f80,,,6aec99b398f2a2a96e099d550b2da8b7b12291408d6c02980d3f2506b26f6d8d,undefined FUN_181451f80(),ghidra,clean,
WHGame.dll,release_1_5_1164953_841,0x145201c,291,FUN_18145201c,,,ae7039a43009bcefbc8291cb3266bba85b5767d36034fe06b747a6897ba0861c,undefined FUN_18145201c(),ghidra,clean,
WHGame.dll,release_1_5_1164953_841,0x1452140,304,FUN_181452140,,,0319d22bed9af3fdf7d7508903ddb4117dc3b99545bebecdfb388abc8f540566,undefined FUN_181452140(),ghidra,clean,
WHGame.dll,release_1_5_1164953_841,0x1452270,155,FUN_181452270,,,8d4501979c6e4870fcac211cee10d31da473e3d3f176dcbe2a7547fc8f2ed212,undefined FUN_181452270(),ghidra,clean,
WHGame.dll,release_1_5_1164953_841,0x145230c,298,FUN_18145230c,,,1039146f235b3bf1c912225120a4ffc785b9761b7372a434bf4ebeffb09fb3dc,undefined FUN_18145230c(),ghidra,clean,
WHGame.dll,release_1_5_1164953_841,0x1452438,97,FUN_181452438,,,dc5dccfb3798234768f3857b13ccd7d630d6c06e60c8133982071d5933ac76e6,undefined FUN_181452438(),ghidra,clean,
WHGame.dll,release_1_5_1164953_841,0x145249c,234,FUN_18145249c,,,f79d2a128238471888d452d32ae185d9da4420d48cd4446b06a3bb4f232761b7,undefined FUN_18145249c(),ghidra,clean,
WHGame.dll,release_1_5_1164953_841,0x1452588,296,FUN_181452588,,,239610721096b77481c83024eb09162c13e1355f9bad216c6f9678eb1825533b,undefined FUN_181452588(),ghidra,clean,
WHGame.dll,release_1_5_1164953_841,0x14526b0,234,FUN_1814526b0,,,738d2ece1a22229425f13b946d504ebd474c58a6a060aad539ba4b6855ea8dcc,undefined FUN_1814526b0(),ghidra,clean,
WHGame.dll,release_1_5_1164953_841,0x145279c,1678,FUN_18145279c,,,ad0d75874b1f7581345717be7f46ee546e583df509d1905145b39e751a156c86,undefined FUN_18145279c(),ghidra,clean,
WHGame.dll,release_1_5_1164953_841,0x1452e2c,359,FUN_181452e2c,,,1e1395df78a0584789ffb08148f5ec23477b60bd849cb64d1569d10939766691,undefined FUN_181452e2c(),ghidra,clean,
WHGame.dll,release_1_5_1164953_841,0x1452f84,264,FUN_181452f84,,,602d00eb7e6181299ed05dff06fe96e8c4b29ac18808f24d97f92fc107575914,undefined FUN_181452f84(),ghidra,clean,
WHGame.dll,release_1_5_1164953_841,0x1453084,244,FUN_181453084,,,a6aed1652779a6c11b52bf1c7cb0c02d52eab3061a1e067b33e185da3f6db694,undefined FUN_181453084(),ghidra,clean,
WHGame.dll,release_1_5_1164953_841,0x1453178,273,FUN_181453178,,,e43ad82ab0c05850b923aa0fc455dfc94473b2d091d8179e1a9d4b2ae9fe91cc,undefined FUN_181453178(),ghidra,clean,
WHGame.dll,release_1_5_1164953_841,0x145327c,196,FUN_18145327c,,,3f9aa35efb56e57138f33785bac909f7971034b5e3a5fc25f9196a263f18eb2e,undefined FUN_18145327c(),ghidra,clean,
WHGame.dll,release_1_5_1164953_841,0x1453338,175,FUN_181453338,,,6255a96329e7dfb0cb0be8d990000b082376e2afe1039ebd5c64908ef7746114,undefined FUN_181453338(),ghidra,clean,
WHGame.dll,release_1_5_1164953_841,0x14533e8,317,FUN_1814533e8,,,e10c40529344169cea084be68bede9a717a2d89062e591557efc45df186cb3f5,undefined FUN_1814533e8(),ghidra,clean,
WHGame.dll,release_1_5_1164953_841,0x1453514,264,FUN_181453514,,,660b4683c9cae1befb9d4b75228e1ffca2be31c227d1e94299de469f6a7cf9fb,undefined FUN_181453514(),ghidra,clean,
WHGame.dll,release_1_5_1164953_841,0x1453614,243,FUN_181453614,,,4ce41a9045ea691735bfc982254c01a55bf12fffafa9f27776d578c7d5c411a3,undefined FUN_181453614(),ghidra,clean,
WHGame.dll,release_1_5_1164953_841,0x1453708,791,FUN_181453708,,,448f710c50444834a86f0c0a98f834e09bf3d5084495db98843f2cfd23f58d56,undefined FUN_181453708(),ghidra,clean,
WHGame.dll,release_1_5_1164953_841,0x1453808,26,FUN_181453808,,,819234953c91d716a341edb10dcca2267107efa13f78881bbca64f4a7a11eeca,undefined FUN_181453808(),ghidra,clean,
WHGame.dll,release_1_5_1164953_841,0x1453824,155,FUN_181453824,,,5e9864347d00aac50aa2b15fcd70eff3042d7349366f25ccb20f60ec1ee7a36b,undefined FUN_181453824(),ghidra,clean,
WHGame.dll,release_1_5_1164953_841,0x14538c0,298,FUN_1814538c0,,,c3dca5bed3a7355f5a1810663626cca82bb8d2569e73cc866055a61ed4c0fb9b,undefined FUN_1814538c0(),ghidra,clean,
WHGame.dll,release_1_5_1164953_841,0x14539ec,234,FUN_1814539ec,,,a55e055b4101a397bf250f05d1eb49cb4f3cbbb0baaf5d1a574d43d714b8edc2,undefined FUN_1814539ec(),ghidra,clean,
WHGame.dll,release_1_5_1164953_841,0x1453ad8,207,FUN_181453ad8,,,0eac16e130593428404d3f892fdf717db709745934207e4de98178ed490f7a6a,undefined FUN_181453ad8(),ghidra,clean,
WHGame.dll,release_1_5_1164953_841,0x1453b98,261,FUN_181453b98,,,d99c6f27a2b9d9fa26f77d44b494d0256b4821c79de74532c6e90f81678e3d1c,undefined FUN_181453b98(),ghidra,clean,
WHGame.dll,release_1_5_1164953_841,0x1453c94,196,FUN_181453c94,,,52a4a33fb21cb9fb6da2f4c8611d255656a3964b8bdd11afdedfa7a424d7efe8,undefined FUN_181453c94(),ghidra,clean,
WHGame.dll,release_1_5_1164953_841,0x1453d58,179,FUN_181453d58,,,4d50d53e1fe1373faf18106bb31b24c9636b127cf508f110c1c3504de0ecd795,undefined FUN_181453d58(),ghidra,clean,
WHGame.dll,release_1_5_1164953_841,0x1453dc4,190,FUN_181453dc4,,,01407d2a6e508646b87e040a3430bb7dff4d5ae8633269e631644f3837fc7bb5,undefined FUN_181453dc4(),ghidra,clean,
WHGame.dll,release_1_5_1164953_841,0x1453e84,26,FUN_181453e84,,,819234953c91d716a341edb10dcca2267107efa13f78881bbca64f4a7a11eeca,undefined FUN_181453e84(),ghidra,clean,
WHGame.dll,release_1_5_1164953_841,0x1453ea0,155,FUN_181453ea0,,,0c8871f93c397b2b79e403bb779960d416bb7e4140fdc592677dcd9b5405d54e,undefined FUN_181453ea0(),ghidra,clean,
WHGame.dll,release_1_5_1164953_841,0x1453f3c,26,FUN_181453f3c,,,819234953c91d716a341edb10dcca2267107efa13f78881bbca64f4a7a11eeca,undefined FUN_181453f3c(),ghidra,clean,
WHGame.dll,release_1_5_1164953_841,0x1453f58,155,FUN_181453f58,,,c827bece04900d95f1d9f56d2228495c208e791aff36ed39e4c328e2a38763a0,undefined FUN_181453f58(),ghidra,clean,
WHGame.dll,release_1_5_1164953_841,0x1453ff4,26,FUN_181453ff4,,,819234953c91d716a341edb10dcca2267107efa13f78881bbca64f4a7a11eeca,undefined FUN_181453ff4(),ghidra,clean,
WHGame.dll,release_1_5_1164953_841,0x1454010,155,FUN_181454010,,,04eae712a0996da795cca259236d8120b4029c4e049d8c932c6bca214b6d6a6b,undefined FUN_181454010(),ghidra,clean,
WHGame.dll,release_1_5_1164953_841,0x14540ac,301,FUN_1814540ac,,,192585c2d38852945f5ead525352d49394a1c1c8cff5c50f2f8fa731d8446c11,undefined FUN_1814540ac(),ghidra,clean,
WHGame.dll,release_1_5_1164953_841,0x14541dc,301,FUN_1814541dc,,,6fa69a37fdbb0f693613d1ec200bf30f166b30a7fe04321e1ec8d3eb00953f49,undefined FUN_1814541dc(),ghidra,clean,
WHGame.dll,release_1_5_1164953_841,0x145430c,301,FUN_18145430c,,,bb8b7aadd532c7992a29a162155026dae165bc19e140a5a3fa7f1c20d831edd6,undefined FUN_18145430c(),ghidra,clean,
WHGame.dll,release_1_5_1164953_841,0x145443c,78,FUN_18145443c,,,b0e282776cea0bd4a7274b6e3e2def101d75f5858529f8450e87d2d767126142,undefined FUN_18145443c(),ghidra,clean,
WHGame.dll,release_1_5_1164953_841,0x145448c,194,FUN_18145448c,,,6ba244a3adaf4c761c69ea826ee588096da5e87c8b64d34e62a53c20819f777c,undefined FUN_18145448c(),ghidra,clean,
WHGame.dll,release_1_5_1164953_841,0x1454550,155,FUN_181454550,,,7058fe109ba6e6c8ac9e71088390fb01661a097c6d12fe627b663114d012c795,undefined FUN_181454550(),ghidra,clean,
WHGame.dll,release_1_5_1164953_841,0x14545ec,190,FUN_1814545ec,,,6f7ac778e511fe9726f5412f0773f4b5d05721c57d32261305f276c40129aa5e,undefined FUN_1814545ec(),ghidra,clean,
WHGame.dll,release_1_5_1164953_841,0x14546ac,155,FUN_1814546ac,,,330c500b8588dbae9b3b0ec41bc2aaaa96088b491801adc5bdaa3f5947302782,undefined FUN_1814546ac(),ghidra,clean,
WHGame.dll,release_1_5_1164953_841,0x1454748,291,FUN_181454748,,,eef694f556e9c10a6460ae111330ba2c7877a6d9175e7cce54a27b25e5ff4b98,undefined FUN_181454748(),ghidra,clean,
WHGame.dll,release_1_5_1164953_841,0x145486c,304,FUN_18145486c,,,688dcf300b7aeaf77385e7e15338e50e2c72a8d85d216f22e0ace04aecd2f1ef,undefined FUN_18145486c(),ghidra,clean,
WHGame.dll,release_1_5_1164953_841,0x145499c,155,FUN_18145499c,,,b2f52afa0de882d5f3d090abadeaf6642066d4af90ddd3c0f39bf2c53789217e,undefined FUN_18145499c(),ghidra,clean,
WHGame.dll,release_1_5_1164953_841,0x1454a38,298,FUN_181454a38,,,1a39eaa8e1e59ddca0017e464ab902451d4c83eb552ba1fc1f8718fd033508b7,undefined FUN_181454a38(),ghidra,clean,
WHGame.dll,release_1_5_1164953_841,0x1454b64,26,FUN_181454b64,,,37e3adebef6f350f8eecd70bdc764f2c0dfca6d185ed8fd534be132ae436403b,undefined FUN_181454b64(),ghidra,clean,
WHGame.dll,release_1_5_1164953_841,0x1454b80,180,FUN_181454b80,,,7fcc57ef6ff06b0f38b9c7ca107505777c72e58dd586d0d4335b745415847b7f,undefined FUN_181454b80(),ghidra,clean,
WHGame.dll,release_1_5_1164953_841,0x1454c34,204,FUN_181454c34,,,c324289f14c80b0b4cf56ee207ae75c793b35944d1c6310bfa02b5d7315e4315,undefined FUN_181454c34(),ghidra,clean,
WHGame.dll,release_1_5_1164953_841,0x1454ce0,204,FUN_181454ce0,,,14f22c8f1a250219d71e949024cc1326339f24e4440c84dac840f749e5664615,undefined FUN_181454ce0(),ghidra,clean,
WHGame.dll,release_1_5_1164953_841,0x1454d8c,376,FUN_181454d8c,,,91e0ab935aabed98bc7e52b6f0c497eb1cb0fca6ee0b4bb971fb4287b52dc673,undefined FUN_181454d8c(),ghidra,clean,
WHGame.dll,release_1_5_1164953_841,0x1454ec0,26,FUN_181454ec0,,,9f58c383b7b66b6ec4baec45b8c1635d5fc231296c1c510120efc7865966156c,undefined FUN_181454ec0(),ghidra,clean,
WHGame.dll,release_1_5_1164953_841,0x1454edc,151,FUN_181454edc,,,40bfa04dd740d111727c8a5b63a8fc91887e1eac6e3cb4ae9bb1f375d42846d9,undefined FUN_181454edc(),ghidra,clean,
WHGame.dll,release_1_5_1164953_841,0x1454f74,151,FUN_181454f74,,,3825c022c31ca262baecf5cf7f7eaded78ccf2753a02fdf976216a4a1ecce585,undefined FUN_181454f74(),ghidra,clean,
WHGame.dll,release_1_5_1164953_841,0x145500c,151,FUN_18145500c,,,e6d407a41eb03d20a00f36c167fbd55d9dce51c733561e71f3f16c6b3210045d,undefined FUN_18145500c(),ghidra,clean,
WHGame.dll,release_1_5_1164953_841,0x14550a4,151,FUN_1814550a4,,,f979f64fc9508911eb1ca6b23ef5287dcab6968174301169b065579ddc1f866d,undefined FUN_1814550a4(),ghidra,clean,
WHGame.dll,release_1_5_1164953_841,0x145513c,949,FUN_18145513c,,,d914d8676fe64f6b6683013d49e6962a187d575eed0a3338011df99e0439e488,undefined FUN_18145513c(),ghidra,clean,
WHGame.dll,release_1_5_1164953_841,0x14554f4,23,FUN_1814554f4,,,4a2215c3e820937481093c41c3a2c4fdd1b034767afb06c5e8afd475b2e2dc6a,undefined FUN_1814554f4(),ghidra,clean,
WHGame.dll,release_1_5_1164953_841,0x145550c,155,FUN_18145550c,,,583bd7dd87181ec347391add8eb41925a589ae79dbf4b15756ec10b18892665d,undefined FUN_18145550c(),ghidra,clean,
WHGame.dll,release_1_5_1164953_841,0x14555a8,304,FUN_1814555a8,,,ce24e1ae3fae2490019135c105859fe495c6644165fd5f34ae7934734b981980,undefined FUN_1814555a8(),ghidra,clean,
WHGame.dll,release_1_5_1164953_841,0x14556d8,155,FUN_1814556d8,,,5565b5d572913aca19c0db86f30f2f3ecbeb42e392503bc71eecd031934df570,undefined FUN_1814556d8(),ghidra,clean,
WHGame.dll,release_1_5_1164953_841,0x1455774,298,FUN_181455774,,,12ed4532774040bfbda812e70f48a79538f13291532fb51bd16d9203f58ba915,undefined FUN_181455774(),ghidra,clean,
WHGame.dll,release_1_5_1164953_841,0x14558a0,151,FUN_1814558a0,,,ebeea6ce8d9db9f932353d813f07256cef3162e78c274bf9d3bcec5f6685360b,undefined FUN_1814558a0(),ghidra,clean,
WHGame.dll,release_1_5_1164953_841,0x1455938,234,FUN_181455938,,,b6c1fe9372c06335d52bcf9a3a3ab0c014b309c1f939ccd020acb6b5870ca235,undefined FUN_181455938(),ghidra,clean,
WHGame.dll,release_1_5_1164953_841,0x1455a24,296,FUN_181455a24,,,2e9c37354e277040054d89796b80d3f418b40d9da4f25859aec3d63dceca7c15,undefined FUN_181455a24(),ghidra,clean,
WHGame.dll,release_1_5_1164953_841,0x1455b4c,552,FUN_181455b4c,,,b37fed4d7c13c6028627b78fbd791b0ace901bb1b777cd0265685cd16421afdf,undefined FUN_181455b4c(),ghidra,clean,
WHGame.dll,release_1_5_1164953_841,0x1455d74,68,FUN_181455d74,,,e92afa3bee0257579e151a085f1bf1fc5499991973ac7871cddc393fd82231a0,undefined FUN_181455d74(),ghidra,clean,
WHGame.dll,release_1_5_1164953_841,0x1455db8,117,FUN_181455db8,,,7d645ab2cf6863dc6ab3333a24e1ec29ca50a3895b172a2619e3336f6be43cb4,undefined FUN_181455db8(),ghidra,clean,
WHGame.dll,release_1_5_1164953_841,0x1455e30,169,FUN_181455e30,,,a9c7f433b3b86a091d0b0230705cc96f9e74f61c51f0a7587cd795ce9e7c7c1c,undefined FUN_181455e30(),ghidra,clean,
WHGame.dll,release_1_5_1164953_841,0x1455edc,273,FUN_181455edc,,,cabaee4ed76dc84955b16ddc2a51a26522af65a1b79fa903794bb2cc7e6e791d,undefined FUN_181455edc(),ghidra,clean,
WHGame.dll,release_1_5_1164953_841,0x1455fe0,196,FUN_181455fe0,,,e2cafd6eccc1a94c36f79ad7e1c21748a77a27bd460eebe1490587f9875ae23f,undefined FUN_181455fe0(),ghidra,clean,
WHGame.dll,release_1_5_1164953_841,0x145609c,175,FUN_18145609c,,,8244b611d773347ed499cea9a2134ecc7b01d858c6e82ddd3432aa1af75e7545,undefined FUN_18145609c(),ghidra,clean,
WHGame.dll,release_1_5_1164953_841,0x145614c,317,FUN_18145614c,,,a1d1efb8e8b1046ed9357dd41b0007262e72bec892ff703f9b25b31c9c7049ca,undefined FUN_18145614c(),ghidra,clean,
WHGame.dll,release_1_5_1164953_841,0x1456278,264,FUN_181456278,,,65a538acc5c6b377da1adfedc1d38da530e45859f657b941a92911ff396c7b8c,undefined FUN_181456278(),ghidra,clean,
WHGame.dll,release_1_5_1164953_841,0x1456378,243,FUN_181456378,,,64b2d32661bf5cde4e8f7315d0d5bc9e21fb62fbf26815e7cab572c738d685e4,undefined FUN_181456378(),ghidra,clean,
WHGame.dll,release_1_5_1164953_841,0x145646c,791,FUN_18145646c,,,e3e2831f40cbd5a2a4244e441914d1647395df4c1c350cb39fc52774d9affa89,undefined FUN_18145646c(),ghidra,clean,
WHGame.dll,release_1_5_1164953_841,0x145656c,26,FUN_18145656c,,,819234953c91d716a341edb10dcca2267107efa13f78881bbca64f4a7a11eeca,undefined FUN_18145656c(),ghidra,clean,
WHGame.dll,release_1_5_1164953_841,0x1456588,155,FUN_181456588,,,0421ea3aa03e6bcd8f6e0f92985a9a39ee17671628a330d959e6c9848eea375a,undefined FUN_181456588(),ghidra,clean,
WHGame.dll,release_1_5_1164953_841,0x1456624,298,FUN_181456624,,,200f6dd39f1c7dd46de0849bd9bf19acf09d142c4f3225a2331dbc514dbc5b59,undefined FUN_181456624(),ghidra,clean,
WHGame.dll,release_1_5_1164953_841,0x1456750,234,FUN_181456750,,,692125a2c898e01064dfb2b03deadd78bb76199a5b8fbd5d08bf66dff1843985,undefined FUN_181456750(),ghidra,clean,
WHGame.dll,release_1_5_1164953_841,0x145683c,207,FUN_18145683c,,,9b9d46839359f8eb0136777249696b69fdc085efa7d7b3f8242755d3bc228dff,undefined FUN_18145683c(),ghidra,clean,
WHGame.dll,release_1_5_1164953_841,0x14568fc,261,FUN_1814568fc,,,7027f2cd0564dee4407385280f5f99d6abb230d4b16823a009f406de3ef91837,undefined FUN_1814568fc(),ghidra,clean,
WHGame.dll,release_1_5_1164953_841,0x14569f8,196,FUN_1814569f8,,,97247f97e965fd55eb9a3e2fbeec3de82af59162c648562ce6b8cc39433e20f3,undefined FUN_1814569f8(),ghidra,clean,
WHGame.dll,release_1_5_1164953_841,0x1456abc,5,thunk_FUN_181456ac4,,,b0d40b133b9394d93820ac0104b0065121d2d73df32c7bfb4e4cf5d805a8b103,undefined thunk_FUN_181456ac4(),ghidra,clean,
WHGame.dll,release_1_5_1164953_841,0x1456ac4,103,FUN_181456ac4,,,9ac487846919696612c183b7b07a43bbde21cdad79c99d6b2c9edad7af33fb48,undefined FUN_181456ac4(),ghidra,clean,
WHGame.dll,release_1_5_1164953_841,0x1456b2c,95,FUN_181456b2c,,,ebca557bda53e464452437bfd4655350e331f32f68752cebecb1d682c833d45f,undefined FUN_181456b2c(),ghidra,clean,
WHGame.dll,release_1_5_1164953_841,0x1456b8c,206,FUN_181456b8c,,,793c9015d6466f7b3e02c4f2bcaf59ecfb6287c7adcd97e4d4f61a516e53a2f1,undefined FUN_181456b8c(),ghidra,clean,
WHGame.dll,release_1_5_1164953_841,0x1456c3c,53,FUN_181456c3c,,,9c89b8e6a9992a30bc979c37ffe25bee0e1e0e9b8d13686d2f8412b84616ac58,undefined FUN_181456c3c(),ghidra,clean,
WHGame.dll,release_1_5_1164953_841,0x1456c74,147,FUN_181456c74,,,674e5aacbc1ba8041d353fb843fd9f1f515f2d8880c68ded0b9cbb963cda7c99,undefined FUN_181456c74(),ghidra,clean,
WHGame.dll,release_1_5_1164953_841,0x1456d08,147,FUN_181456d08,,,a13fe16d3398987db377cd0f345eba7e6e207b96aac8e4bbf67ff77e56f17b2b,undefined FUN_181456d08(),ghidra,clean,
WHGame.dll,release_1_5_1164953_841,0x1456d9c,42,FUN_181456d9c,,,2d8d8f4aab8a6a6e516583ac2d01592af02045b01cf76fad43b41a7f65a74903,undefined FUN_181456d9c(),ghidra,clean,
WHGame.dll,release_1_5_1164953_841,0x1456dc8,68,FUN_181456dc8,,,6bb065e83bfb2acf44ad2c543611876a363e8cf550e7ead942f9495997b9d138,undefined FUN_181456dc8(),ghidra,clean,
WHGame.dll,release_1_5_1164953_841,0x1456e0c,417,FUN_181456e0c,,,39c0bf89dc9260e1160f75c1183b658744d31aa16896eea14a5fb86d8c9a2a02,undefined FUN_181456e0c(),ghidra,clean,
WHGame.dll,release_1_5_1164953_841,0x1456f2c,40,FUN_181456f2c,,,d26309226a2f65ae2d0dbcd4e1d3f70150c4ebd65ee6f3cf2345e63d0a200137,undefined FUN_181456f2c(),ghidra,clean,
WHGame.dll,release_1_5_1164953_841,0x1456f54,42,FUN_181456f54,,,130fee7d4b4e00d831edecbd129fb59cfb7e7dd59eca1890f37da4355444458e,undefined FUN_181456f54(),ghidra,clean,
WHGame.dll,release_1_5_1164953_841,0x1456f80,328,FUN_181456f80,,,43774f5b9c1dd41e1f3279c49180c8499db1e606b98e4a8dd7bff6600dc2fc4a,undefined FUN_181456f80(),ghidra,clean,
WHGame.dll,release_1_5_1164953_841,0x14570cc,100,FUN_1814570cc,,,44183f45aac33ce277360bdd3ac68ac2415e9f9f9dee24357e1ae138d607f5db,undefined FUN_1814570cc(),ghidra,clean,
WHGame.dll,release_1_5_1164953_841,0x1457130,303,FUN_181457130,,,502d839014ae778a3c549ff56911296d77a8b8a44ac9319027e1fb9e6a7cd732,undefined FUN_181457130(),ghidra,clean,
WHGame.dll,release_1_5_1164953_841,0x1457190,242,FUN_181457190,,,e056c621c72df94f5b3163d08ea735942ebf041430ffa0b20e2e258d8da21329,undefined FUN_181457190(),ghidra,clean,
WHGame.dll,release_1_5_1164953_841,0x1457264,111,FUN_181457264,,,ff27fbca08fcbbdf436f77b46a9d7f68626277e34f710816906c47916fed2e4f,undefined FUN_181457264(),ghidra,clean,
WHGame.dll,release_1_5_1164953_841,0x14572d4,13,FUN_1814572d4,,,fe31dd41dfdcbaddcf76f1a7efe181aab0d9ef4bda025c0c09d3ee97272601d2,undefined FUN_1814572d4(),ghidra,clean,
WHGame.dll,release_1_5_1164953_841,0x14572e4,190,FUN_1814572e4,,,d32541714bd4011632b195411b71ea041cef93235d6b6325f766b25632dc0dec,undefined FUN_1814572e4(),ghidra,clean,
WHGame.dll,release_1_5_1164953_841,0x14573a4,86,FUN_1814573a4,,,19b9a22365ac99ca7d046b48c411810d083737122e643a3630221322c4659e9c,undefined FUN_1814573a4(),ghidra,clean,
WHGame.dll,release_1_5_1164953_841,0x14573fc,38,FUN_1814573fc,,,52a4d6be464ca1de0344332d5cc63a6fb2ad58b0c0d5c36df7926db47bfbeb73,undefined FUN_1814573fc(),ghidra,clean,
WHGame.dll,release_1_5_1164953_841,0x1457410,293,FUN_181457410,,,f8345016978706d281a720b713affa379e732eed06e2de8751c63585e702d60d,undefined FUN_181457410(),ghidra,clean,
WHGame.dll,release_1_5_1164953_841,0x1457524,238,FUN_181457524,,,389e0ae8a029772ad4b38200ffc552b3f5baa0ed98446230b72a4febe13a6deb,undefined FUN_181457524(),ghidra,clean,
WHGame.dll,release_1_5_1164953_841,0x1457610,102,FUN_181457610,,,bf1c7e7f4b0e241111e2c7da178959bf9a47df7fc990b7f0d40481c6cf317ec3,undefined FUN_181457610(),ghidra,clean,
WHGame.dll,release_1_5_1164953_841,0x1457678,425,FUN_181457678,,,bfca0e9553cce28ad923a1937dbec1fd369186b59e9fc904566bdfcf11abd875,undefined FUN_181457678(),ghidra,clean,
WHGame.dll,release_1_5_1164953_841,0x14577ac,168,FUN_1814577ac,,,48e3cb55ed2bec1d660d16a01ec7d3b440c9cd85c871ab639afd7d916b1ec79d,undefined FUN_1814577ac(),ghidra,clean,
WHGame.dll,release_1_5_1164953_841,0x1457854,98,FUN_181457854,,,dacb8f854a7f4df0278c08627fdb1c00dd56886e5835c50127ad709f07c7629f,undefined FUN_181457854(),ghidra,clean,
WHGame.dll,release_1_5_1164953_841,0x14578b8,242,FUN_1814578b8,,,e72603d2ae3838ccc1876cf7e3873b530935acd15ee8696085e652f06abfabbd,undefined FUN_1814578b8(),ghidra,clean,
WHGame.dll,release_1_5_1164953_841,0x14579ac,206,FUN_1814579ac,,,33263c4b9907e09344dacdfd208ce281063e235243b36d023a19bac3757c1203,undefined FUN_1814579ac(),ghidra,clean,
WHGame.dll,release_1_5_1164953_841,0x1457a7c,197,FUN_181457a7c,,,d7f9d49556aeba7d817282a560faa587a66670d89bfa6d9a7d35bebbb69be327,undefined FUN_181457a7c(),ghidra,clean,
WHGame.dll,release_1_5_1164953_841,0x1457b44,113,FUN_181457b44,,,8fcbd10c8910580a1f8aeeecdddee81f594229323e8fbfb67a89132b52f8537a,undefined FUN_181457b44(),ghidra,clean,
WHGame.dll,release_1_5_1164953_841,0x1457bb8,145,FUN_181457bb8,,,2fd56de319130e717ff1f577d897dc33ee663e9ec2dd35e407a7aaef16d72a30,undefined FUN_181457bb8(),ghidra,clean,
WHGame.dll,release_1_5_1164953_841,0x1457c4c,3108,FUN_181457c4c,,,f7a64f4f58c1ec1dacf953f29be4399f7b39854d794398a0e390716836a1619a,undefined FUN_181457c4c(),ghidra,clean,
WHGame.dll,release_1_5_1164953_841,0x14588c8,164,FUN_1814588c8,,,9b77c0bbd8d3aa0d7618fac90168ebb4457777962d1fab199eae936215c25700,undefined FUN_1814588c8(),ghidra,clean,
WHGame.dll,release_1_5_1164953_841,0x1458970,39,FUN_181458970,,,60a27ecf1a93b623556281e4145d3d2a9a157a46456daa8f6d4455a5232d2eb5,undefined FUN_181458970(),ghidra,clean,
WHGame.dll,release_1_5_1164953_841,0x1458998,3472,FUN_181458998,,,343ac5e022da81ece0ae1822ab79f03784a45343cfb463c100517d430f6bff6f,undefined FUN_181458998(),ghidra,clean,
WHGame.dll,release_1_5_1164953_841,0x145978c,43,FUN_18145978c,,,1ad5eb302d73675e9934934a1a13fc5410bb2b25e3d76baa5eeefcd51d667e9a,undefined FUN_18145978c(),ghidra,clean,
WHGame.dll,release_1_5_1164953_841,0x14597b8,3078,FUN_1814597b8,,,507977de5f86bb76c4898273f62c12d7412e207014ab458a29a17de5876db121,undefined FUN_1814597b8(),ghidra,clean,
WHGame.dll,release_1_5_1164953_841,0x145a414,2315,FUN_18145a414,,,95bf240d0379806653c86374226a33c6f02cebaeeacc71fdcb7aae27128852cd,undefined FUN_18145a414(),ghidra,clean,
WHGame.dll,release_1_5_1164953_841,0x145ad68,3078,FUN_18145ad68,,,a6636adfb3dc188b504252a98d3156cec14ed320d594a29d1936d8a71a7fe619,undefined FUN_18145ad68(),ghidra,clean,
WHGame.dll,release_1_5_1164953_841,0x145b9c4,2692,FUN_18145b9c4,,,96d8860c9ff17db04ecbeb0de24417eedf12e4dadfcf740a2285a6d684ca2b74,undefined FUN_18145b9c4(),ghidra,clean,
WHGame.dll,release_1_5_1164953_841,0x145c4a0,155,FUN_18145c4a0,,,1b9ac6a3f441b03ba9328744c437bb6b24ac9e4143d7d94093251dac39a9f42e,undefined FUN_18145c4a0(),ghidra,clean,
WHGame.dll,release_1_5_1164953_841,0x145c53c,13,FUN_18145c53c,,,6d78f4dc9d997625b6c4528cf9bbf6f45c1ef8c2aa2dbbba5a845df7f9f4c11c,undefined FUN_18145c53c(),ghidra,clean,
WHGame.dll,release_1_5_1164953_841,0x145c54c,334,FUN_18145c54c,,,20c85a8e46219d387db12c27a660354d216aa091ae57af9bf8d94d84ae62d98a,undefined FUN_18145c54c(),ghidra,clean,
WHGame.dll,release_1_5_1164953_841,0x145c69c,189,FUN_18145c69c,,,1767d8b376a4e08b60fbff36d28ad28c5fdb6e75a2bc88727a5705b2493e3ef5,undefined FUN_18145c69c(),ghidra,clean,
WHGame.dll,release_1_5_1164953_841,0x145c75c,341,FUN_18145c75c,,,bbbb9bfd92b096d5759d41fdc9f0896c1ac097920c2af029c3b03e930d0fd1fd,undefined FUN_18145c75c(),ghidra,clean,
WHGame.dll,release_1_5_1164953_841,0x145c8b4,48,FUN_18145c8b4,,,38e36f3f2b86116d7a6e9caaec8e1cb8cd44521648c36543584786a1c0a5fdbb,undefined FUN_18145c8b4(),ghidra,clean,
WHGame.dll,release_1_5_1164953_841,0x145c8e4,26,FUN_18145c8e4,,,819234953c91d716a341edb10dcca2267107efa13f78881bbca64f4a7a11eeca,undefined FUN_18145c8e4(),ghidra,clean,
WHGame.dll,release_1_5_1164953_841,0x145c900,155,FUN_18145c900,,,926ab96766ea17387f90d013a44748d2fac15506498867ae1ccb8449a88eaa46,undefined FUN_18145c900(),ghidra,clean,
WHGame.dll,release_1_5_1164953_841,0x145c99c,314,FUN_18145c99c,,,836a7e89334d67965c666eb401498a1d2ee442ac4f4d49d551ac46ea1fd3e764,undefined FUN_18145c99c(),ghidra,clean,
WHGame.dll,release_1_5_1164953_841,0x145cad8,335,FUN_18145cad8,,,c8944765588951dd1854e69d7da531bece237f3a573bed33f55c7f1d22bb117b,undefined FUN_18145cad8(),ghidra,clean,
WHGame.dll,release_1_5_1164953_841,0x145cbc6,8,FUN_18145cbc6,,,d584cb1a2afef309eb33a9b90753d6c9a99b0c481366318ccddcba175a3b8c54,undefined FUN_18145cbc6(),ghidra,clean,
WHGame.dll,release_1_5_1164953_841,0x145cbd8,155,FUN_18145cbd8,,,54cbb91eb33591fd5754520ce56506c1ae311290c2315a06d3abbad53c6c0663,undefined FUN_18145cbd8(),ghidra,clean,
WHGame.dll,release_1_5_1164953_841,0x145cc74,23,FUN_18145cc74,,,720a0a138dccc7c5917d01f723a155ba61b52ee77cb073a12e07c44058aee808,undefined FUN_18145cc74(),ghidra,clean,
WHGame.dll,release_1_5_1164953_841,0x145cc8c,23,FUN_18145cc8c,,,5a253613ae2c8c15dc10fa4cd8a1ac5c117dd9cd21cd905320c7ac6dc8f2b3c9,undefined FUN_18145cc8c(),ghidra,clean,
WHGame.dll,release_1_5_1164953_841,0x145cca4,155,FUN_18145cca4,,,f7a1fdab9dda016c9cdc15ede386545cc6305ab2a171f9d1eb20d5afb863e6b8,undefined FUN_18145cca4(),ghidra,clean,
WHGame.dll,release_1_5_1164953_841,0x145cd40,155,FUN_18145cd40,,,ed01a72392e2834387d2c3ddf6956a52f0b50f397363afebab2248169579eeeb,undefined FUN_18145cd40(),ghidra,clean,
WHGame.dll,release_1_5_1164953_841,0x145cddc,240,FUN_18145cddc,,,685de6cf8340bb3622c73cfc9260bf7080eacbebfc8e06267afa773cf50464cf,undefined FUN_18145cddc(),ghidra,clean,
WHGame.dll,release_1_5_1164953_841,0x145cecc,18,FUN_18145cecc,,,7e293eb64e302398f9a522e4267efb4b60f398a8a89c2e3c969daaee22201db8,undefined FUN_18145cecc(),ghidra,clean,
WHGame.dll,release_1_5_1164953_841,0x145cee0,308,FUN_18145cee0,,,ce05f509de3246a901661afc8ae1efbbfe8efe5b6003b9584d8973f734ab177c,undefined FUN_18145cee0(),ghidra,clean,
WHGame.dll,release_1_5_1164953_841,0x145d014,311,FUN_18145d014,,,109a300b044a542bff5b1c841168720546dc93fd2c3f20a9f63f1d123e41f22c,undefined FUN_18145d014(),ghidra,clean,
WHGame.dll,release_1_5_1164953_841,0x145d14c,431,FUN_18145d14c,,,b9f3cc8fd4ce86100b5ce8b83ddbb68ea88743b6712f261338e43918da975c96,undefined FUN_18145d14c(),ghidra,clean,
WHGame.dll,release_1_5_1164953_841,0x145d2fc,28,FUN_18145d2fc,,,a994b16706d03e58dabde6ada0685317531794bab8b25b53dc320394263543e2,undefined FUN_18145d2fc(),ghidra,clean,
WHGame.dll,release_1_5_1164953_841,0x145d318,197,FUN_18145d318,,,bdcc5a2e80490ef3ff20c82dfe8c7c624dd28c18ee49a12ee0a1dd4c8c7f08d9,undefined FUN_18145d318(),ghidra,clean,
WHGame.dll,release_1_5_1164953_841,0x145d3e0,374,FUN_18145d3e0,,,ffb72a27ca86dba4fdb07538626730d2798d0ee906760af94fceb301c5f484d1,undefined FUN_18145d3e0(),ghidra,clean,
WHGame.dll,release_1_5_1164953_841,0x145d558,86,FUN_18145d558,,,0a3b222c4899a945ab344f7f7c5eae6f76a0a78cdf31d23703494929e6e2b230,undefined FUN_18145d558(),ghidra,clean,
WHGame.dll,release_1_5_1164953_841,0x145d5b0,85,FUN_18145d5b0,,,082b6d3433bbb4d0ae77b9d5eadbe96e7792d6e208c6be24290f8b3131ccdcab,undefined FUN_18145d5b0(),ghidra,clean,
WHGame.dll,release_1_5_1164953_841,0x145d5e4,155,FUN_18145d5e4,,,8c97d519d75d92ef569c080137ed80a3cb9add599c6dd045a2012f3810835315,undefined FUN_18145d5e4(),ghidra,clean,
WHGame.dll,release_1_5_1164953_841,0x145d680,291,FUN_18145d680,,,e90d5d940d003eb4db1c26753ae2a019210732c876774416fb00b46b0ea721d4,undefined FUN_18145d680(),ghidra,clean,
WHGame.dll,release_1_5_1164953_841,0x145d7a4,193,FUN_18145d7a4,,,79fed18952a6c19232f54cc53bf810dacad3e5ff343e68c80678e342f8d06974,undefined FUN_18145d7a4(),ghidra,clean,
WHGame.dll,release_1_5_1164953_841,0x145d868,147,FUN_18145d868,,,d5021f7761e68d042f2a4fd42b54fd2188e9a4aba8a2c9203b3250efb96271ec,undefined FUN_18145d868(),ghidra,clean,
WHGame.dll,release_1_5_1164953_841,0x145d8fc,82,FUN_18145d8fc,,,54d28d3a3d9a5027c89353b2994dd626872e66d94a7503a9b087c36657290982,undefined FUN_18145d8fc(),ghidra,clean,
WHGame.dll,release_1_5_1164953_841,0x145d950,81,FUN_18145d950,,,5f896eb3da041ec664dea23e1fea12e20ea9d898b77413e3fb179107d52599dc,undefined FUN_18145d950(),ghidra,clean,
WHGame.dll,release_1_5_1164953_841,0x145d9a4,72,FUN_18145d9a4,,,78e5ae09ca2e567cf29525b9e81dbee125450625fa1cce8e1d7cc7628c898d66,undefined FUN_18145d9a4(),ghidra,clean,
WHGame.dll,release_1_5_1164953_841,0x145d9ec,2076,FUN_18145d9ec,,,d2a4373fc551f564d7da3ce302d56502b4de5915a96495b6b1eba2a2a6af6378,undefined FUN_18145d9ec(),ghidra,clean,
WHGame.dll,release_1_5_1164953_841,0x145e208,127,FUN_18145e208,,,9683cb985fa8ae26a83fa70eee3ea0107d9a2938c91499afd6a4ec6c77d52346,undefined FUN_18145e208(),ghidra,clean,
WHGame.dll,release_1_5_1164953_841,0x145e288,156,FUN_18145e288,,,c50d4978a1657e4df900b543c0ab9a2cabfacf4660169f7e79ba11c1738f53c2,undefined FUN_18145e288(),ghidra,clean,
WHGame.dll,release_1_5_1164953_841,0x145e324,12,FUN_18145e324,,,a37bcd9e17907342096d26b4dcfd9059bb64079d04f00ea26638abaac4e058c8,undefined FUN_18145e324(),ghidra,clean,
WHGame.dll,release_1_5_1164953_841,0x145e330,155,FUN_18145e330,,,7ad7b36796fa84a8933ba51333045ca89b49f98220147cc239f9277c6e0eb7b8,undefined FUN_18145e330(),ghidra,clean,
WHGame.dll,release_1_5_1164953_841,0x145e3cc,291,FUN_18145e3cc,,,3ba2235d457386bcba5ed87304f4f80e6f90a6e697abae87466b4c15b9ac042a,undefined FUN_18145e3cc(),ghidra,clean,
WHGame.dll,release_1_5_1164953_841,0x145e4f0,190,FUN_18145e4f0,,,7658922fd54d23e4f816996423da3f2f0c5a3aceaaf69ef2829d00c3a098b34c,undefined FUN_18145e4f0(),ghidra,clean,
WHGame.dll,release_1_5_1164953_841,0x145e5b0,26,FUN_18145e5b0,,,819234953c91d716a341edb10dcca2267107efa13f78881bbca64f4a7a11eeca,undefined FUN_18145e5b0(),ghidra,clean,
WHGame.dll,release_1_5_1164953_841,0x145e5cc,155,FUN_18145e5cc,,,605c62dcb0edb8a789a057bb11e94e5031616873dc3e0f53f28bbe9a3c5c34cf,undefined FUN_18145e5cc(),ghidra,clean,
WHGame.dll,release_1_5_1164953_841,0x145e668,26,FUN_18145e668,,,819234953c91d716a341edb10dcca2267107efa13f78881bbca64f4a7a11eeca,undefined FUN_18145e668(),ghidra,clean,
WHGame.dll,release_1_5_1164953_841,0x145e684,155,FUN_18145e684,,,ed8791c7098d2688e5d48bfcea4f5e5b46035e18913d5f06f54f7391db908a53,undefined FUN_18145e684(),ghidra,clean,
WHGame.dll,release_1_5_1164953_841,0x145e720,26,FUN_18145e720,,,819234953c91d716a341edb10dcca2267107efa13f78881bbca64f4a7a11eeca,undefined FUN_18145e720(),ghidra,clean,
WHGame.dll,release_1_5_1164953_841,0x145e73c,155,FUN_18145e73c,,,c539b007540f934686c43ebda3274c51ff202bdba96d686d06780c32385357dd,undefined FUN_18145e73c(),ghidra,clean,
WHGame.dll,release_1_5_1164953_841,0x145e7d8,301,FUN_18145e7d8,,,43c999c77cbf5547e2659a41014a789d64bf46951a382568dd01204e090526ea,undefined FUN_18145e7d8(),ghidra,clean,
WHGame.dll,release_1_5_1164953_841,0x145e908,301,FUN_18145e908,,,3ad5e98476deb7988213d82cae38ef6ab67b7abcebe4dda06bf1402ab7de8aaf,undefined FUN_18145e908(),ghidra,clean,
WHGame.dll,release_1_5_1164953_841,0x145ea38,301,FUN_18145ea38,,,39664615a0691bf0bf2bfad62c34412135d8a72c5bff6c6beafa9e6fd40e5c2f,undefined FUN_18145ea38(),ghidra,clean,
WHGame.dll,release_1_5_1164953_841,0x145eb68,144,FUN_18145eb68,,,c2b8a5d4dfcbc8ad28fbfe79e7c3600afbfcff189aea3eac7ee55b117f496aca,undefined FUN_18145eb68(),ghidra,clean,
WHGame.dll,release_1_5_1164953_841,0x145ebdc,211,FUN_18145ebdc,,,5d2dca9be351cbe7c23388be16ac8e5fadecbc9ebb6458f3ec9246e0468d8ba2,undefined FUN_18145ebdc(),ghidra,clean,
WHGame.dll,release_1_5_1164953_841,0x145ec8c,211,FUN_18145ec8c,,,cc92b47a3a86b2ddeb86496cc51b64cbe8a06fbf8b7d1186a51a222a10078fc0,undefined FUN_18145ec8c(),ghidra,clean,
WHGame.dll,release_1_5_1164953_841,0x145ed60,231,FUN_18145ed60,,,588b5be0be5f30cd3eadf5f8b93d38654749eb6c3bcdbf3ff6606d590f0431d4,undefined FUN_18145ed60(),ghidra,clean,
WHGame.dll,release_1_5_1164953_841,0x145ee48,147,FUN_18145ee48,,,caaf673dca6984f1b8fcc4c0acc55c361b79955b9ffa46e21a83639ccc8ae978,undefined FUN_18145ee48(),ghidra,clean,
WHGame.dll,release_1_5_1164953_841,0x145ee9c,259,FUN_18145ee9c,,,7c08c6b112b1060f5c7465e25ec64df1984dd576ec6a763f04f49657a3fdfae8,undefined FUN_18145ee9c(),ghidra,clean,
WHGame.dll,release_1_5_1164953_841,0x145efa0,2,thunk_FUN_18145efbe,,,e07e6c35f17781574104ab7082fb274857caa5a0e34774a1bae6130b6622cec8,undefined thunk_FUN_18145efbe(),ghidra,clean,
WHGame.dll,release_1_5_1164953_841,0x145efa2,28,FUN_18145efa2,,,cb99e4e43ad12667745d561c9a54b5820b1be7f1162c43adfca719aef4d6cf3e,undefined FUN_18145efa2(),ghidra,clean,
WHGame.dll,release_1_5_1164953_841,0x145efbe,16,FUN_18145efbe,,,8a7a66088e737c4d37436fa21cbe2c68ffcf9467206bf4f4c2462b062c281ac6,undefined FUN_18145efbe(),ghidra,clean,
WHGame.dll,release_1_5_1164953_841,0x145efd0,200,FUN_18145efd0,,,a70465ae231c54681d089215513ce2e4d111c7c7e726782c7e1e40646526fa91,undefined FUN_18145efd0(),ghidra,clean,
WHGame.dll,release_1_5_1164953_841,0x145f09c,180,FUN_18145f09c,,,84fb814cb63fb892f01a1cf66a6a87f4b9bef8f06b213fa1dd4501c3141dee62,undefined FUN_18145f09c(),ghidra,clean,
WHGame.dll,release_1_5_1164953_841,0x145f150,194,FUN_18145f150,,,77d7999cfae982419d96f3ac254083bb851ad722a4573057deff059da60ed94d,undefined FUN_18145f150(),ghidra,clean,
WHGame.dll,release_1_5_1164953_841,0x145f214,155,FUN_18145f214,,,c928812bdf6a1545ab19147858fbb7cf7f6c20d20f0383c69e00a0c3064950fb,undefined FUN_18145f214(),ghidra,clean,
WHGame.dll,release_1_5_1164953_841,0x145f2b0,190,FUN_18145f2b0,,,a81aca8147065c5c1fa2688f4cc056688f7ab706e86a93968204899270ecf2bc,undefined FUN_18145f2b0(),ghidra,clean,
WHGame.dll,release_1_5_1164953_841,0x145f370,155,FUN_18145f370,,,dbe9b8ce15c0194149e8fea32c013fce3993d13dd4c66a4ce24cc9d3c1e49d8b,undefined FUN_18145f370(),ghidra,clean,
WHGame.dll,release_1_5_1164953_841,0x145f40c,291,FUN_18145f40c,,,d82f06aff5bcaad41e1d62c9a8cff0fd32670e1748e52613d533bdbd0d3ff2d3,undefined FUN_18145f40c(),ghidra,clean,
WHGame.dll,release_1_5_1164953_841,0x145f530,304,FUN_18145f530,,,af0de3d92820625be90bf0ef1e3fe60b40b7c4e948f95f359b6205dc1850c011,undefined FUN_18145f530(),ghidra,clean,
WHGame.dll,release_1_5_1164953_841,0x145f660,155,FUN_18145f660,,,33f49da540359dc2e69d325049f8d8b70fbebde72f6b7e604d9457151fccc704,undefined FUN_18145f660(),ghidra,clean,
WHGame.dll,release_1_5_1164953_841,0x145f6fc,298,FUN_18145f6fc,,,142db0ea67411db366d5324645ab918585a47277ae2bb8d6c0f494a88ec852d7,undefined FUN_18145f6fc(),ghidra,clean,
WHGame.dll,release_1_5_1164953_841,0x145f828,32,FUN_18145f828,,,495a7a81d597fc0c27bf10bcc3b23be2d8da9c1dfd1e67a3bed4c9aeb77a35e4,undefined FUN_18145f828(),ghidra,clean,
WHGame.dll,release_1_5_1164953_841,0x145f848,194,FUN_18145f848,,,efed983a0a4238f386b47cc91f8e076d74c317abd0e321696fd21333d481af42,undefined FUN_18145f848(),ghidra,clean,
WHGame.dll,release_1_5_1164953_841,0x145f90c,155,FUN_18145f90c,,,ba650a2cdc1d6ad3ed98a05d393abe31ebfe9e83edd2908703e3e9ff9ee31bee,undefined FUN_18145f90c(),ghidra,clean,
WHGame.dll,release_1_5_1164953_841,0x145f9a8,190,FUN_18145f9a8,,,3edd478150f82a9fabe414c5a9f30eb868e4451b3a216b7d288eda0aaa58376d,undefined FUN_18145f9a8(),ghidra,clean,
WHGame.dll,release_1_5_1164953_841,0x145fa68,155,FUN_18145fa68,,,411ed7c6083adf7b85a358ec3e6927cc8c1f4e7bebc19b237c08bff7dea8e976,undefined FUN_18145fa68(),ghidra,clean,
WHGame.dll,release_1_5_1164953_841,0x145fb04,291,FUN_18145fb04,,,5dc59dd82a1689545e94a286de1778ed443b07dfe961b7ea9cff416d48cd8075,undefined FUN_18145fb04(),ghidra,clean,
WHGame.dll,release_1_5_1164953_841,0x145fc28,304,FUN_18145fc28,,,c4226fd105bec0779f92c1734287e3bd3f5c261be1c0f2bbc168b35db4640346,undefined FUN_18145fc28(),ghidra,clean,
WHGame.dll,release_1_5_1164953_841,0x145fd58,155,FUN_18145fd58,,,3740c945550fdcff3e0fa09a71cee9531a1869dd1e76a472ff4a22b13c57e6e3,undefined FUN_18145fd58(),ghidra,clean,
WHGame.dll,release_1_5_1164953_841,0x145fdf4,298,FUN_18145fdf4,,,a17a23aa3c42273108728470a13b99586efa8d623ed21ba5d366f31d56c8452f,undefined FUN_18145fdf4(),ghidra,clean,
WHGame.dll,release_1_5_1164953_841,0x145ff20,51,FUN_18145ff20,,,1d896145980bcf0f8d68fb2716b6abaea4e030537209784c4a11296945e0cbe6,undefined FUN_18145ff20(),ghidra,clean,
WHGame.dll,release_1_5_1164953_841,0x145ff54,234,FUN_18145ff54,,,4cde494d9b26ac59cbcf5aea54e6308b666d5a712021fec1027e5527e5d57833,undefined FUN_18145ff54(),ghidra,clean,
WHGame.dll,release_1_5_1164953_841,0x1460040,207,FUN_181460040,,,b5a0821be82f0641c222e9018f8f9cf890a5bcde997c59c1dd97cca270e10b5c,undefined FUN_181460040(),ghidra,clean,
WHGame.dll,release_1_5_1164953_841,0x1460100,251,FUN_181460100,,,5857caf92a229cfb191f52b2966387cbd33d65a2d94cda65052fc7efc74638d4,undefined FUN_181460100(),ghidra,clean,
WHGame.dll,release_1_5_1164953_841,0x14601fc,196,FUN_1814601fc,,,e2f95576c86c036633200349b575f69a48371e9c664d4674fbd9730d11da4a68,undefined FUN_1814601fc(),ghidra,clean,
WHGame.dll,release_1_5_1164953_841,0x14602c0,234,FUN_1814602c0,,,64061b485266d70989541dc6d9f53a958f7f595b2942cdcb6339ab6ff1fbd2c6,undefined FUN_1814602c0(),ghidra,clean,
WHGame.dll,release_1_5_1164953_841,0x14603ac,207,FUN_1814603ac,,,574b6bfc358961c2051cff9568c5fc23b82a3faf501b63d4f70aed304ed39184,undefined FUN_1814603ac(),ghidra,clean,
WHGame.dll,release_1_5_1164953_841,0x146046c,251,FUN_18146046c,,,b419080bb417253d3ee6df78d3ec3de473d92248127feffebcb212ca32a0949a,undefined FUN_18146046c(),ghidra,clean,
WHGame.dll,release_1_5_1164953_841,0x1460568,196,FUN_181460568,,,2f1fec061e7ed261856a573d242f3109a93c2bd54e2d27bf2fa527bfd6ad8754,undefined FUN_181460568(),ghidra,clean,
WHGame.dll,release_1_5_1164953_841,0x146062c,76,FUN_18146062c,,,b596287606c3752f9376cbb247638297577968e18594c4ea3db36ec4ad7ece26,undefined FUN_18146062c(),ghidra,clean,
WHGame.dll,release_1_5_1164953_841,0x1460678,317,FUN_181460678,,,aeddf5fe61e8190730b9872efe66718229f2176fc289fc459b2e26aa13e55dd1,undefined FUN_181460678(),ghidra,clean,
WHGame.dll,release_1_5_1164953_841,0x14607b8,12,FUN_1814607b8,,,9e3b1c8fc0cc6b89ffc5e4f00802602b370cba68329f8b02ecb04e2e204747a1,undefined FUN_1814607b8(),ghidra,clean,
WHGame.dll,release_1_5_1164953_841,0x14607c4,52,FUN_1814607c4,,,8ade2ca35450f3c177816e86a96f7d3c157da472330beaa97220e9ccdc5f4ff3,undefined FUN_1814607c4(),ghidra,clean,
WHGame.dll,release_1_5_1164953_841,0x14607f8,93,FUN_1814607f8,,,5c96ff4faca0c55794fabfba81f17a2037db95303439cff7f8c88f9d0359e2d3,undefined FUN_1814607f8(),ghidra,clean,
WHGame.dll,release_1_5_1164953_841,0x1460858,41,FUN_181460858,,,ee5daf3827e4897447a7851b74d8c357d9a1bd595f584e827be65cd165ef4680,undefined FUN_181460858(),ghidra,clean,
WHGame.dll,release_1_5_1164953_841,0x1460884,355,FUN_181460884,,,197f4e44b37c3f3dbc82d03311b0148496e161ae6b909b9c8a66efc559133081,undefined FUN_181460884(),ghidra,clean,
WHGame.dll,release_1_5_1164953_841,0x1460938,93,FUN_181460938,,,889255573b9ba60a3dbbac9bfbae15b840a2390f3115efccf2981e1c2f1f09e7,undefined FUN_181460938(),ghidra,clean,
WHGame.dll,release_1_5_1164953_841,0x1460954,446,FUN_181460954,,,fde4d0b0a8a1ccee98bb679db3cd1d54bda81d70c9cb4d47f7610379fdc534d0,undefined FUN_181460954(),ghidra,clean,
WHGame.dll,release_1_5_1164953_841,0x1460b14,196,FUN_181460b14,,,75d14c1b6584c71f2040cbc279fa51acd6ee7748ff5fc0bb5c5d710b035e43d0,undefined FUN_181460b14(),ghidra,clean,
WHGame.dll,release_1_5_1164953_841,0x1460bd8,74,FUN_181460bd8,,,7740b4c5932126c8c8256321d0500d1a16a84bebe99bf5336b002a2a6ea0b23b,undefined FUN_181460bd8(),ghidra,clean,
WHGame.dll,release_1_5_1164953_841,0x1460c24,41,FUN_181460c24,,,3b404795e64054890f030f5c6c2414b0e5aed41bd50b00f6600f5b0eb7752aeb,undefined FUN_181460c24(),ghidra,clean,
WHGame.dll,release_1_5_1164953_841,0x1460c50,30,FUN_181460c50,,,fcd945a11ca2f3911cfa849bf8a40d768db1d40a238bb789bdef428f81214714,undefined FUN_181460c50(),ghidra,clean,
WHGame.dll,release_1_5_1164953_841,0x1460c70,68,FUN_181460c70,,,369b27109de66f4c34d297eafc68e3e4d26efc1f09de4cc8d6bf5ce3f23ab42c,undefined FUN_181460c70(),ghidra,clean,
WHGame.dll,release_1_5_1164953_841,0x1460cb4,65,FUN_181460cb4,,,11f87a20caabbe1b4d5f77dc0df7654522c412924e4f19c47a9aa6c3ec403fe9,undefined FUN_181460cb4(),ghidra,clean,
WHGame.dll,release_1_5_1164953_841,0x1460cf8,193,FUN_181460cf8,,,4762200ccc2f78e9faf31a2fc5186b42844f7f41b1b4202bbf346d476280f86a,undefined FUN_181460cf8(),ghidra,clean,
WHGame.dll,release_1_5_1164953_841,0x1460dbc,349,FUN_181460dbc,,,5d35db8ff32b8e335e2e16e96f840ace8663be642e274b7c81878ce637c977d4,undefined FUN_181460dbc(),ghidra,clean,
WHGame.dll,release_1_5_1164953_841,0x1460f1c,99,FUN_181460f1c,,,adf29e154597783886aa2f0b3fa1f6524d57785f1ae1f5ca8ddb486a73ab9af5,undefined FUN_181460f1c(),ghidra,clean,
WHGame.dll,release_1_5_1164953_841,0x1460f48,62,FUN_181460f48,,,643e458559722c637c4a0faf03fb096a42fe12ee4d5d57634f8d35060426aea3,undefined FUN_181460f48(),ghidra,clean,
WHGame.dll,release_1_5_1164953_841,0x1460f74,61,FUN_181460f74,,,5d8f1a511afbc2ea30f10242fac4fbeab87ddfce7f15ffa6ebcb10bfa24f23ad,undefined FUN_181460f74(),ghidra,clean,
WHGame.dll,release_1_5_1164953_841,0x1460fb4,52,FUN_181460fb4,,,57922690dd6fca48d61bf0d6023d6272cd88bd2eb7447077fb468c019cdac6df,undefined FUN_181460fb4(),ghidra,clean,
WHGame.dll,release_1_5_1164953_841,0x1460fe8,125,FUN_181460fe8,,,045dd64df9032aabac08bbe2d406f700c4306b3355c5dbcd72d610196454ee31,undefined FUN_181460fe8(),ghidra,clean,
WHGame.dll,release_1_5_1164953_841,0x1461068,200,FUN_181461068,,,b56519562d50afbd8f452f566de6d14d5b5459a31942cb4509a4c41c526d3cc9,undefined FUN_181461068(),ghidra,clean,
WHGame.dll,release_1_5_1164953_841,0x14610d0,25,FUN_1814610d0,,,0b682a19d6b1c8d09a5b10ebcbed778de0262c37011014d18f32240ccde37ea9,undefined FUN_1814610d0(),ghidra,clean,
WHGame.dll,release_1_5_1164953_841,0x14610ec,141,FUN_1814610ec,,,d07ab30ab05b28abaf896b64f43567f13e2b07edcdc8fe3b5fdab2738de426a0,undefined FUN_1814610ec(),ghidra,clean,
WHGame.dll,release_1_5_1164953_841,0x146117c,55,FUN_18146117c,,,42b8caa4b4a956807eeb425003fcbac0b78b457121311bfa482a365c5e59043c,undefined FUN_18146117c(),ghidra,clean,
WHGame.dll,release_1_5_1164953_841,0x14611a4,200,FUN_1814611a4,,,9ffc080bb6786e043e5f97ae598ee57a26e315788380ff24dec5262fc74043ca,undefined FUN_1814611a4(),ghidra,clean,
WHGame.dll,release_1_5_1164953_841,0x1461254,67,FUN_181461254,,,799bea868eecc175efa32a0bfe80a954830c74351e7844c3510dabf57c8d92cf,undefined FUN_181461254(),ghidra,clean,
WHGame.dll,release_1_5_1164953_841,0x1461298,850,FUN_181461298,,,2bbc17bf3b377c75243a79b543190d2fee7b1fcfea4ce27d516b32adb7e57798,undefined FUN_181461298(),ghidra,clean,
WHGame.dll,release_1_5_1164953_841,0x146135c,5,FUN_18146135c,,,70bf2d6deedcf734920e571ef09558025e359e9a739e5789ffaf6c9299398808,undefined FUN_18146135c(),ghidra,clean,
WHGame.dll,release_1_5_1164953_841,0x1461368,304,FUN_181461368,,,10f3a65decfcc9442dcccc7bbe1215d72691cb3a5b9f450b7463a1d707fcf132,undefined FUN_181461368(),ghidra,clean,
WHGame.dll,release_1_5_1164953_841,0x1461498,264,FUN_181461498,,,fb1e3dcc8c7801d48418ca154529db50a05811ea838ab99ba801e94f4d23791b,undefined FUN_181461498(),ghidra,clean,
WHGame.dll,release_1_5_1164953_841,0x14615a0,155,FUN_1814615a0,,,5390850be5621884e8079ed31207224338a3607244d4b41542c1042f82168701,undefined FUN_1814615a0(),ghidra,clean,
WHGame.dll,release_1_5_1164953_841,0x146163c,194,FUN_18146163c,,,96f0b2180a33eef142dab06cb17d9f42f57bb26eb01abd35973cbb02d5b852de,undefined FUN_18146163c(),ghidra,clean,
WHGame.dll,release_1_5_1164953_841,0x1461700,155,FUN_181461700,,,09020d440a9b32304a8d11e07c4ca45f93a544036c51c0bf888a0c72bf9c6ad0,undefined FUN_181461700(),ghidra,clean,
WHGame.dll,release_1_5_1164953_841,0x146179c,298,FUN_18146179c,,,4d2383c6cc9d7cb31fecbfa670b7b7bb7f65f21b4c752dec2e2351ac77891730,undefined FUN_18146179c(),ghidra,clean,
WHGame.dll,release_1_5_1164953_841,0x14618c8,190,FUN_1814618c8,,,f7fc04bbe1705e6c83d9cc23f0987c7bd7f192c2d70e577b9df4b03f5d4923da,undefined FUN_1814618c8(),ghidra,clean,
WHGame.dll,release_1_5_1164953_841,0x1461988,190,FUN_181461988,,,00020514959ba792888acaa92e790e4f2217b3621febf01075b5390f5f38bfd1,undefined FUN_181461988(),ghidra,clean,
WHGame.dll,release_1_5_1164953_841,0x1461a48,26,FUN_181461a48,,,0d1e782766e9e543a355edb8e3a1228b010eeb1b8c1c99393b184a1ebd9364d9,undefined FUN_181461a48(),ghidra,clean,
WHGame.dll,release_1_5_1164953_841,0x1461a64,172,FUN_181461a64,,,977b2b3c8898d72f1cf50733fc9bb67b7d4b83bfecf21af896465f9ac4f2b22d,undefined FUN_181461a64(),ghidra,clean,
WHGame.dll,release_1_5_1164953_841,0x1461ae8,1131,FUN_181461ae8,,,0ace5443eedd57407b9e2201034e027706e9d6f16a2f2b320aafe2c92f228bd0,undefined FUN_181461ae8(),ghidra,clean,
WHGame.dll,release_1_5_1164953_841,0x1461f54,155,FUN_181461f54,,,716175d89d1b01e4d8c5ce00e94b233e1883828a00599da428d7eb74069bc2d1,undefined FUN_181461f54(),ghidra,clean,
WHGame.dll,release_1_5_1164953_841,0x1461ff0,155,FUN_181461ff0,,,b4d9b42b9ff3750cb67baa69677c7ef9b838aa97ccaaad2fca6df9a419d105bc,undefined FUN_181461ff0(),ghidra,clean,
WHGame.dll,release_1_5_1164953_841,0x146208c,859,FUN_18146208c,,,99bdcd7e2bafcbe49726978549cb45ba9a1c0a6a3e27cb7fed0d4a16b99350fc,undefined FUN_18146208c(),ghidra,clean,
WHGame.dll,release_1_5_1164953_841,0x146215c,155,FUN_18146215c,,,63f679d91b08f37f7a9b6ca951cdc2244448c588b8b6ade5c289d738158215b0,undefined FUN_18146215c(),ghidra,clean,
WHGame.dll,release_1_5_1164953_841,0x14621f8,240,FUN_1814621f8,,,0f548aede73ca3b8d4e39b2210bf9eb44f5dd21b06ecf1f7c4ec646fac5c23db,undefined FUN_1814621f8(),ghidra,clean,
WHGame.dll,release_1_5_1164953_841,0x14622e8,18,FUN_1814622e8,,,050fc4c7c30bbeeb4914a511e6e81ec73e980e10ce23f8f2aff815067ed7f9fc,undefined FUN_1814622e8(),ghidra,clean,
WHGame.dll,release_1_5_1164953_841,0x14622fc,291,FUN_1814622fc,,,52d840feed656640a41e279ebf8f91809cac492c283be87d140737c79fbaff92,undefined FUN_1814622fc(),ghidra,clean,
WHGame.dll,release_1_5_1164953_841,0x1462420,291,FUN_181462420,,,d728ef914ff57cc5bbb3b694ee04697d76780583a79917598c16bcc785992fe8,undefined FUN_181462420(),ghidra,clean,
WHGame.dll,release_1_5_1164953_841,0x1462544,65,FUN_181462544,,,ed54d5c72a965a938a596ba9172d31b18babf011863529ae37793810c1df8117,undefined FUN_181462544(),ghidra,clean,
WHGame.dll,release_1_5_1164953_841,0x1462588,104,FUN_181462588,,,b4bfc76ebd4dd8f6820980588484060a5a3b103edf59a095ee46ff5e4f4b5de8,undefined FUN_181462588(),ghidra,clean,
WHGame.dll,release_1_5_1164953_841,0x14625f0,55,FUN_1814625f0,,,e1b1b31ef920fa9991ae2fdb703f923a95beb9d88c4db00cbad5f7907b254306,undefined FUN_1814625f0(),ghidra,clean,
WHGame.dll,release_1_5_1164953_841,0x1462618,141,FUN_181462618,,,4c46d351d4ddc545fcc4e4802a891056b2d9025a74044afcdf797f56bc444467,undefined FUN_181462618(),ghidra,clean,
WHGame.dll,release_1_5_1164953_841,0x14626a8,145,FUN_1814626a8,,,19fdc379f9e8561459227d218167dc31fc7316ed8008b5a0a83e81c810d15a65,undefined FUN_1814626a8(),ghidra,clean,
WHGame.dll,release_1_5_1164953_841,0x146273c,62,FUN_18146273c,,,ffdfa3abc8e11e32ec486b308e5d7d38c76beca1c7e18aeaf6154e5dbe60dbc8,undefined FUN_18146273c(),ghidra,clean,
WHGame.dll,release_1_5_1164953_841,0x1462768,106,FUN_181462768,,,3233e1fed9042b0636e64c2c10a87c7a98221531e1de4098d223f1c82e266cef,undefined FUN_181462768(),ghidra,clean,
WHGame.dll,release_1_5_1164953_841,0x14627d4,52,FUN_1814627d4,,,d7a515a624c20c238c7696bc63528837d8e87d94d4369706ff38ce49a462c427,undefined FUN_1814627d4(),ghidra,clean,
WHGame.dll,release_1_5_1164953_841,0x1462808,68,FUN_181462808,,,6dad20ba487404dd3ef704d2d0103b96dd61a60c687dbca47e5e54ea520600f1,undefined FUN_181462808(),ghidra,clean,
WHGame.dll,release_1_5_1164953_841,0x146284c,203,FUN_18146284c,,,d460b188892cbabca50b7b8f739609b0e68bf71acae6aceee57496077cd9c09c,undefined FUN_18146284c(),ghidra,clean,
WHGame.dll,release_1_5_1164953_841,0x14628b4,26,FUN_1814628b4,,,70509e233b81a4b980391cbde5d0f4e0f57007794a397523a1f478e8884bbf63,undefined FUN_1814628b4(),ghidra,clean,
WHGame.dll,release_1_5_1164953_841,0x14628d0,1137,FUN_1814628d0,,,af729c840892618fa8cbb85d799061dae576ec55e25f9b84f36b47fe3a392516,undefined FUN_1814628d0(),ghidra,clean,
WHGame.dll,release_1_5_1164953_841,0x1462d44,155,FUN_181462d44,,,925b6b9b501d4e464b460c683872c1b7ec46b55d3daead718eab807aa26fa148,undefined FUN_181462d44(),ghidra,clean,
WHGame.dll,release_1_5_1164953_841,0x1462de0,304,FUN_181462de0,,,ffd98712ef6d95d68ee8586be06a6ce61aa2f81245abdf8db346c21b198ba2b8,undefined FUN_181462de0(),ghidra,clean,
WHGame.dll,release_1_5_1164953_841,0x1462f10,155,FUN_181462f10,,,009ab611dc33cdf773993897f04dbe5449701ce7f4c55f78b6a6058c511bf6be,undefined FUN_181462f10(),ghidra,clean,
WHGame.dll,release_1_5_1164953_841,0x1462fac,298,FUN_181462fac,,,1302c69bc7f4c5ec0ed262b6e6f75f230ca4cfda2e87734183c7252680e30519,undefined FUN_181462fac(),ghidra,clean,
WHGame.dll,release_1_5_1164953_841,0x14630d8,56,FUN_1814630d8,,,19dac9e255d211152dd2ee48d6864f09912c94fb27f4b72d00e6923717efcfa8,undefined FUN_1814630d8(),ghidra,clean,
WHGame.dll,release_1_5_1164953_841,0x1463110,87,FUN_181463110,,,cf83a5e74f452a8e54185e47a9601109b08cfc39b79a5961fd5678da843b85d0,undefined FUN_181463110(),ghidra,clean,
WHGame.dll,release_1_5_1164953_841,0x1463168,34,FUN_181463168,,,4f730d8a4523cdb5bd5cd22292e2ba78fef96fc9d6650d303e77066acc9b3c21,undefined FUN_181463168(),ghidra,clean,
WHGame.dll,release_1_5_1164953_841,0x146318c,194,FUN_18146318c,,,a2e75b10f40b916059b7beb8875c6f4a040d35aa2dde4ce3399c07d9e934c297,undefined FUN_18146318c(),ghidra,clean,
WHGame.dll,release_1_5_1164953_841,0x1463250,155,FUN_181463250,,,8d530c5b299d5306f61a90adeda8c40eea95d969a6c664220679c6634b31be22,undefined FUN_181463250(),ghidra,clean,
WHGame.dll,release_1_5_1164953_841,0x14632ec,190,FUN_1814632ec,,,219605d1e5eac1f89e4466e96e85167f3d263c28085b85daa4ef77c161aebfc8,undefined FUN_1814632ec(),ghidra,clean,
WHGame.dll,release_1_5_1164953_841,0x14633ac,155,FUN_1814633ac,,,87edf316f44033a94cfa3aa6ee924e9dea86d266fbf3cdf89effdfa56241c48d,undefined FUN_1814633ac(),ghidra,clean,
WHGame.dll,release_1_5_1164953_841,0x1463448,291,FUN_181463448,,,d15efd03b17a7f2362a9564a536a9976e850ff823da12bada65d96566a1acd5a,undefined FUN_181463448(),ghidra,clean,
WHGame.dll,release_1_5_1164953_841,0x146356c,304,FUN_18146356c,,,249f89ff04e7e07f0f14e0e5bf8b4860a81d7cb2cfbeb5acb7203fc585991e8a,undefined FUN_18146356c(),ghidra,clean,
WHGame.dll,release_1_5_1164953_841,0x146369c,155,FUN_18146369c,,,feec1b0418c53b2d5818eb7995f439cf976879dc9100d7d5c1620baa0d633c09,undefined FUN_18146369c(),ghidra,clean,
WHGame.dll,release_1_5_1164953_841,0x1463738,298,FUN_181463738,,,d9e7aa07d524f8a90a9d4a7b1965e6772c2a86c2ee37c4222a3ea858367fa946,undefined FUN_181463738(),ghidra,clean,
WHGame.dll,release_1_5_1164953_841,0x1463864,155,FUN_181463864,,,7c5e11275dee7477fd848a76d087f30120088e18f6a67214c4d30c6e1f88e86d,undefined FUN_181463864(),ghidra,clean,
WHGame.dll,release_1_5_1164953_841,0x1463900,291,FUN_181463900,,,35f48eddb0efbec48db1610ad9f082a5868db820f1547a76131a7f9b9467d3bf,undefined FUN_181463900(),ghidra,clean,
WHGame.dll,release_1_5_1164953_841,0x1463a24,62,FUN_181463a24,,,15c10461c00749d5d717b2756010b9ef343f13211193db5a9c5848298d423cf2,undefined FUN_181463a24(),ghidra,clean,
WHGame.dll,release_1_5_1164953_841,0x1463a50,52,FUN_181463a50,,,276e92dc4fbcd59ec05b7faa7358b2bf4efd02b42a1b4c29f63a4543455862b0,undefined FUN_181463a50(),ghidra,clean,
WHGame.dll,release_1_5_1164953_841,0x1463a84,80,FUN_181463a84,,,742c6aa5f26d534f7876c305406a8984581c159f77dc0cab3599abe4b1f6c265,undefined FUN_181463a84(),ghidra,clean,
WHGame.dll,release_1_5_1164953_841,0x1463ad4,80,FUN_181463ad4,,,81919c42cba6bd906803ddd1c3ee63414fb622fcd491a201a743b03b58f7ab42,undefined FUN_181463ad4(),ghidra,clean,
WHGame.dll,release_1_5_1164953_841,0x1463b24,80,FUN_181463b24,,,4f73d7990f9d055b11fe8dcb7ec0677ef059e9783a4cf219279ecbc46c5f838d,undefined FUN_181463b24(),ghidra,clean,
WHGame.dll,release_1_5_1164953_841,0x1463b74,85,FUN_181463b74,,,be28b311a1d83a843d428bad663a881930753d8acc8b2063a435b32c756f0f50,undefined FUN_181463b74(),ghidra,clean,
WHGame.dll,release_1_5_1164953_841,0x1463ba8,194,FUN_181463ba8,,,9a348f12f0ebb409329aa7455ba0f1b03305574610b54fdcf3221c445fac093d,undefined FUN_181463ba8(),ghidra,clean,
WHGame.dll,release_1_5_1164953_841,0x1463c6c,155,FUN_181463c6c,,,c662f487f9718326de99f92e344304c960b1750f3c3547fe6bb53c9bb543eedc,undefined FUN_181463c6c(),ghidra,clean,
WHGame.dll,release_1_5_1164953_841,0x1463d08,190,FUN_181463d08,,,f39eb32dcce9e65475f479686ceb810173960aa837cb7259ced884f7e46d7e6d,undefined FUN_181463d08(),ghidra,clean,
WHGame.dll,release_1_5_1164953_841,0x1463dc8,155,FUN_181463dc8,,,08b27379fa2616625c783360f593d43babe3648c5d9fdca0129290ff065bfb29,undefined FUN_181463dc8(),ghidra,clean,
WHGame.dll,release_1_5_1164953_841,0x1463e64,311,FUN_181463e64,,,e364af15acf4209a42ce60faca9830a57b87238358bd0b6b33755d6d6647aa72,undefined FUN_181463e64(),ghidra,clean,
WHGame.dll,release_1_5_1164953_841,0x1463f9c,314,FUN_181463f9c,,,b59034efa69a82aedc782a9a63d5571d118c3439810c40b5cdf1d6792f02d228,undefined FUN_181463f9c(),ghidra,clean,
WHGame.dll,release_1_5_1164953_841,0x14640d8,155,FUN_1814640d8,,,0b24f43cf0f60f3911b398811fa8d0d507bc0e81c76ec451283c73d67c5861f6,undefined FUN_1814640d8(),ghidra,clean,
WHGame.dll,release_1_5_1164953_841,0x1464174,308,FUN_181464174,,,1b10be74ad8900de91aa001b0b0b79cf1a05265d965e8146131d394a8bf6bb39,undefined FUN_181464174(),ghidra,clean,
WHGame.dll,release_1_5_1164953_841,0x14642a8,734,FUN_1814642a8,,,5f7d9eeb6e3807024bcf365ddc10522179900dcff0230b7a5a157f49e38a51d4,undefined FUN_1814642a8(),ghidra,clean,
WHGame.dll,release_1_5_1164953_841,0x1464588,237,FUN_181464588,,,fa809da7c9c413d1043a1516edc172087625b7d649847396ae42aeed790122d7,undefined FUN_181464588(),ghidra,clean,
WHGame.dll,release_1_5_1164953_841,0x1464678,158,FUN_181464678,,,0faa0948ff8a60760414eeb7fb983951263be2ec185b4e603e36c65e9ee018e8,undefined FUN_181464678(),ghidra,clean,
WHGame.dll,release_1_5_1164953_841,0x1464718,75,FUN_181464718,,,00fff6371d18a9430f2e74b4da50ce7117adeb37035b68d4b00cd37c6c7df2f0,undefined FUN_181464718(),ghidra,clean,
WHGame.dll,release_1_5_1164953_841,0x1464764,26,FUN_181464764,,,c1ddf27a7fd62ce264fcd7038ba65b9124b10e6f9783cbe72d423f373de69710,undefined FUN_181464764(),ghidra,clean,
WHGame.dll,release_1_5_1164953_841,0x1464780,180,FUN_181464780,,,83feda6f780525d6f2d3a1db82965bd366a20e697b95d443497c2d623e967e11,undefined FUN_181464780(),ghidra,clean,
WHGame.dll,release_1_5_1164953_841,0x1464834,99,FUN_181464834,,,8394f68d801a61f1b2245e1d8795df0f148280f4578d9379e753ec43e36a4993,undefined FUN_181464834(),ghidra,clean,
WHGame.dll,release_1_5_1164953_841,0x1464888,156,FUN_181464888,,,690a643311a7f1c5f334e7898c09326970fcf78318f642cac9b9e5ccfa62530c,undefined FUN_181464888(),ghidra,clean,
WHGame.dll,release_1_5_1164953_841,0x1464924,239,FUN_181464924,,,ed99b134fc31c25d2a0b9a4a791ba08685a1f11acacc2a8e4e57ca237010edd9,undefined FUN_181464924(),ghidra,clean,
WHGame.dll,release_1_5_1164953_841,0x1464a14,32,FUN_181464a14,,,82ec054cf69e48cf6a3c3cce73c4c575986b120b6545edbd64dd0720fa497d11,undefined FUN_181464a14(),ghidra,clean,
WHGame.dll,release_1_5_1164953_841,0x1464a34,49,FUN_181464a34,,,4178cfeb79d3e4cd53d8f2998de802384f13d3887a8e8a4fc7153b5d2a0f5522,undefined FUN_181464a34(),ghidra,clean,
WHGame.dll,release_1_5_1164953_841,0x1464a68,119,FUN_181464a68,,,d6b366003b8d97fd13dac7971f658c7c58494ce598d75d0fc4850dc38cae467a,undefined FUN_181464a68(),ghidra,clean,
WHGame.dll,release_1_5_1164953_841,0x1464ae0,47,FUN_181464ae0,,,7ea2f51c42bc57d18f459f4ead534be2f59ce82e0320f6243fa522cd9e51ff93,undefined FUN_181464ae0(),ghidra,clean,
WHGame.dll,release_1_5_1164953_841,0x1464b10,40,FUN_181464b10,,,b6dc32069bd0c2144efeefea5a0ac4f3d43eec905c9e01017623984f77990057,undefined FUN_181464b10(),ghidra,clean,
WHGame.dll,release_1_5_1164953_841,0x1464b38,86,FUN_181464b38,,,d901d24567adadf19d2a0d8f99f507fb33333d4f3a3779c289f3f37c49723983,undefined FUN_181464b38(),ghidra,clean,
WHGame.dll,release_1_5_1164953_841,0x1464b90,180,FUN_181464b90,,,a2eda86fed67843d320ed760820d78531fb924e429141964fa021395a1dd4a8c,undefined FUN_181464b90(),ghidra,clean,
WHGame.dll,release_1_5_1164953_841,0x1464c44,402,FUN_181464c44,,,c9e49998157a5ef0f794eeef7a216c095d7945a84f8c4d320f6c3bad108c32ab,undefined FUN_181464c44(),ghidra,clean,
WHGame.dll,release_1_5_1164953_841,0x1464dd8,546,FUN_181464dd8,,,6e6bcdef1ed603454dfe084199a0743400ed35e56dfbf47c48b7ea9807c61938,undefined FUN_181464dd8(),ghidra,clean,
WHGame.dll,release_1_5_1164953_841,0x1464e34,16,FUN_181464e34,,,4690552ff13a989778e639ae3092e4519e15bee1a80bfdf7f7c7cad1178da2a3,undefined FUN_181464e34(),ghidra,clean,
WHGame.dll,release_1_5_1164953_841,0x1464e44,190,FUN_181464e44,,,d14f38ec656f453f8e5b41b5ab4b8eb19c72af2b009ee273eecaaa4c0be8ec30,undefined FUN_181464e44(),ghidra,clean,
WHGame.dll,release_1_5_1164953_841,0x1464f04,83,FUN_181464f04,,,f5991e51dadbadc5a09c80fa603aee95b31aa6fc5687a6d2030bd627643755f3,undefined FUN_181464f04(),ghidra,clean,
WHGame.dll,release_1_5_1164953_841,0x1464f58,155,FUN_181464f58,,,fb6cac4594386820fe439c96eb6ff0c74cc0d4a31f162c377b94efc436cac8bf,undefined FUN_181464f58(),ghidra,clean,
WHGame.dll,release_1_5_1164953_841,0x1464ff4,291,FUN_181464ff4,,,5ecc6db7152ccc8b7ec7e14b0e0269705cf4ab599cd048d4396034561671ffff,undefined FUN_181464ff4(),ghidra,clean,
WHGame.dll,release_1_5_1164953_841,0x1465134,170,FUN_181465134,,,3db2621fdf394ba8dfe6b86f20a3e70f19977a5f8dbf02a11d42383b42bd5bed,undefined FUN_181465134(),ghidra,clean,
WHGame.dll,release_1_5_1164953_841,0x14651e0,378,FUN_1814651e0,,,a6552adf55b1b81687d425a95166028967af55f3cb85876a16c5ca7836487d42,undefined FUN_1814651e0(),ghidra,clean,
WHGame.dll,release_1_5_1164953_841,0x146534c,264,FUN_18146534c,,,c21cf3cde75d1916fc7a276419841b1d12b6b418babbc7e3f0dd17353f3631ac,undefined FUN_18146534c(),ghidra,clean,
WHGame.dll,release_1_5_1164953_841,0x146544c,244,FUN_18146544c,,,008bb7f914ba73c501c399afced54a892898c4ef57931b8913dbe4a34a454240,undefined FUN_18146544c(),ghidra,clean,
WHGame.dll,release_1_5_1164953_841,0x1465540,155,FUN_181465540,,,27518fd05671ff751ceb02a3abc1cac2f322a84bdbc14c72cc3595664ea6d351,undefined FUN_181465540(),ghidra,clean,
WHGame.dll,release_1_5_1164953_841,0x14655dc,291,FUN_1814655dc,,,d5511d5e02d270e7e33f388c1f21377c9525c90367bcc87a59be56d62b372379,undefined FUN_1814655dc(),ghidra,clean,
WHGame.dll,release_1_5_1164953_841,0x1465700,72,FUN_181465700,,,9f75d29e8fa44801c1feef125487f9f09c36c640f0d74d7f8298c29832d7f18d,undefined FUN_181465700(),ghidra,clean,
WHGame.dll,release_1_5_1164953_841,0x1465748,87,FUN_181465748,,,644aef02e5fb3504bacfc1f2ba87b4cb691c56f2fe1884f2c9b2845f78e3c8d9,undefined FUN_181465748(),ghidra,clean,
WHGame.dll,release_1_5_1164953_841,0x14657a0,501,FUN_1814657a0,,,18e07e0121347f880763682f7df075df2f09237e42da57caf5a680e9c20d5a85,undefined FUN_1814657a0(),ghidra,clean,
WHGame.dll,release_1_5_1164953_841,0x1465998,66,FUN_181465998,,,3a7636b833203f4f37e8e0c9d81e96adf096400175339111c29d3ba6cbe54974,undefined FUN_181465998(),ghidra,clean,
WHGame.dll,release_1_5_1164953_841,0x14659dc,155,FUN_1814659dc,,,d4f18a087be574a9bcfc09f00bb3e354c10c522184991edb584bdd29804fce5f,undefined FUN_1814659dc(),ghidra,clean,
WHGame.dll,release_1_5_1164953_841,0x1465a78,291,FUN_181465a78,,,712ec0a46be936df1f47fe11de8a447f0ff05b59ed668cafada06524a21e1e45,undefined FUN_181465a78(),ghidra,clean,
WHGame.dll,release_1_5_1164953_841,0x1465b9c,180,FUN_181465b9c,,,0232f2bc1610f588f7dcf814523f38282e02ad85258e536280a359fc2cf0e17c,undefined FUN_181465b9c(),ghidra,clean,
WHGame.dll,release_1_5_1164953_841,0x1465c50,30,FUN_181465c50,,,4ab337b862b9179160988ed4eb51f40575d0764b0f6a52cd39346f6f3ca7c938,undefined FUN_181465c50(),ghidra,clean,
WHGame.dll,release_1_5_1164953_841,0x1465c70,378,FUN_181465c70,,,6cc60f6ab9ef82030033e2e6e44ac5f377218f3edb2192911600585a8e0e7725,undefined FUN_181465c70(),ghidra,clean,
WHGame.dll,release_1_5_1164953_841,0x1465ddc,264,FUN_181465ddc,,,5cba9f950b61582dde18e8fd21db03659b499ac21fbd6a206b031c1d2a47ef04,undefined FUN_181465ddc(),ghidra,clean,
WHGame.dll,release_1_5_1164953_841,0x1465edc,244,FUN_181465edc,,,838c0cb8f31ad4df9bdd666cdad75bcd7b3df159e3ed6d78ec15c9f88f19294b,undefined FUN_181465edc(),ghidra,clean,
WHGame.dll,release_1_5_1164953_841,0x1465fd0,190,FUN_181465fd0,,,47b53bce972dcc3c24a23e505b8e768fe838aa074f6e289238a19b884f528b41,undefined FUN_181465fd0(),ghidra,clean,
WHGame.dll,release_1_5_1164953_841,0x1466090,180,FUN_181466090,,,04530bbf0dd0809f6cbf4886618701d147770d44beaaabb376ced3159c791e12,undefined FUN_181466090(),ghidra,clean,
WHGame.dll,release_1_5_1164953_841,0x1466144,94,FUN_181466144,,,634cc3af8701c182f62c1cefce6e31b97977c972683756e932b0e56a3697f69b,undefined FUN_181466144(),ghidra,clean,
WHGame.dll,release_1_5_1164953_841,0x1466194,209,FUN_181466194,,,b4897e2d78950e2e24edb9cf62971e7df26a2541edbad51337983dc0322036f8,undefined FUN_181466194(),ghidra,clean,
WHGame.dll,release_1_5_1164953_841,0x1466268,268,FUN_181466268,,,f5206031cf81ee04da0addbbd749a329489b8d1d5b8e6ef77de12f2f8afd4bc0,undefined FUN_181466268(),ghidra,clean,
WHGame.dll,release_1_5_1164953_841,0x1466374,17,FUN_181466374,,,4d4aee2a00a2f7b0e1b83b12128118da2d2d030d14ec7353558e40657bd1c739,undefined FUN_181466374(),ghidra,clean,
WHGame.dll,release_1_5_1164953_841,0x1466388,49,FUN_181466388,,,59a544455d6793b81d8c9bf475ff24c9ece30ca8e23134de557d0b980b43f149,undefined FUN_181466388(),ghidra,clean,
WHGame.dll,release_1_5_1164953_841,0x14663a8,74,FUN_1814663a8,,,f17c0f41eb2e131ef13fb49e3808a364a15cdb9e6f4b73b37f335b997e8c8e93,undefined FUN_1814663a8(),ghidra,clean,
WHGame.dll,release_1_5_1164953_841,0x14663f4,75,FUN_1814663f4,,,94982553aa9140b712c618a7c872572f1b688eeaf2ab5a9f9744313494d98bc4,undefined FUN_1814663f4(),ghidra,clean,
WHGame.dll,release_1_5_1164953_841,0x1466440,1039,FUN_181466440,,,88fafece8777f7ff1248978f16c596070b9097ab97062298a17194e71fed636d,undefined FUN_181466440(),ghidra,clean,
WHGame.dll,release_1_5_1164953_841,0x1466608,339,FUN_181466608,,,f2c3d220fc19e23feca0d2d784394054c2a7d5672446962d888b2221aac363be,undefined FUN_181466608(),ghidra,clean,
WHGame.dll,release_1_5_1164953_841,0x146675c,102,FUN_18146675c,,,88717e42ca2e72b5733ce7bbe0e75443ba370021f83870d7165826c46fb33ebe,undefined FUN_18146675c(),ghidra,clean,
WHGame.dll,release_1_5_1164953_841,0x14667c4,3199,FUN_1814667c4,,,c8f6b6cae39972be4924e6e491c382b7a79e6c72696a35081327fc43dec0321c,undefined FUN_1814667c4(),ghidra,clean,
WHGame.dll,release_1_5_1164953_841,0x1467444,26,FUN_181467444,,,f5a6a0df73fc89476f55e1cfba47adfea3e68824b08011b41ba4b818b4b57dd5,undefined FUN_181467444(),ghidra,clean,
WHGame.dll,release_1_5_1164953_841,0x1467460,59,FUN_181467460,,,07cc329199ad8946d076a143a3a5cb8b37903f485caa77329e8026221988b0c1,undefined FUN_181467460(),ghidra,clean,
WHGame.dll,release_1_5_1164953_841,0x146749c,26,FUN_18146749c,,,3771d89996ae9b000c0f1bef56962467ff725a269daaed00b702bfa3f18c9115,undefined FUN_18146749c(),ghidra,clean,
WHGame.dll,release_1_5_1164953_841,0x14674b8,190,FUN_1814674b8,,,e81dbc28abd48822da73f20975a56b3bc710d3bcdae86f3962c7c969cdd1f040,undefined FUN_1814674b8(),ghidra,clean,
WHGame.dll,release_1_5_1164953_841,0x1467578,96,FUN_181467578,,,e40920b91b4e10c60e82876602f35b14b387a0098766592269d508c184ed2332,undefined FUN_181467578(),ghidra,clean,
WHGame.dll,release_1_5_1164953_841,0x14675d8,86,FUN_1814675d8,,,edcfa1ee42229553d03a194f64c8745f48d1503a1c2caff3a56edd8b774a2633,undefined FUN_1814675d8(),ghidra,clean,
WHGame.dll,release_1_5_1164953_841,0x1467630,30,FUN_181467630,,,42ce94e21a6bd491c6ea7cf019eae9264ddd9928990b6ce3bcfe947f22c76004,undefined FUN_181467630(),ghidra,clean,
WHGame.dll,release_1_5_1164953_841,0x1467650,85,FUN_181467650,,,af6538c88f6c8e854064e02bc8b13c643712455645d268dbda2ac91537b80f09,undefined FUN_181467650(),ghidra,clean,
WHGame.dll,release_1_5_1164953_841,0x1467684,155,FUN_181467684,,,dea68d46f06f4cc64955322fd5e62f7a058931b18308f071998623fccbd0ae67,undefined FUN_181467684(),ghidra,clean,
WHGame.dll,release_1_5_1164953_841,0x1467720,291,FUN_181467720,,,41c858679c16ccce656a73527d72f564cc6eea0960df619781539f34ba551d75,undefined FUN_181467720(),ghidra,clean,
WHGame.dll,release_1_5_1164953_841,0x1467850,180,FUN_181467850,,,36160a08452cb2531551986b01afe0adf715f4e1718782a65228cdb58288f8a4,undefined FUN_181467850(),ghidra,clean,
WHGame.dll,release_1_5_1164953_841,0x1467904,180,FUN_181467904,,,6279d63618e3b61d28401fd67dd05dd20b567d1b856286ffc0dbed7269a42117,undefined FUN_181467904(),ghidra,clean,
WHGame.dll,release_1_5_1164953_841,0x14679b8,301,FUN_1814679b8,,,0beb583d1beb4bdfc86858ec53b567f7121a38369137940862500f3cbcf96a6c,undefined FUN_1814679b8(),ghidra,clean,
WHGame.dll,release_1_5_1164953_841,0x1467ae8,69,FUN_181467ae8,,,7afdbd0dae1e14fade54d20236a3904008b1ba74ae56a365ced4bb3a5433dc51,undefined FUN_181467ae8(),ghidra,clean,
WHGame.dll,release_1_5_1164953_841,0x1467b30,318,FUN_181467b30,,,ef39a2668081232fdac85aa40f6bf7a57efd1636ac32707d8b124ede0ac6f4b6,undefined FUN_181467b30(),ghidra,clean,
WHGame.dll,release_1_5_1164953_841,0x1467c70,99,FUN_181467c70,,,39b4c4140c86d395dc729e83120aa23437367f64489772629a4de8d00f18b94c,undefined FUN_181467c70(),ghidra,clean,
WHGame.dll,release_1_5_1164953_841,0x1467cd4,155,FUN_181467cd4,,,7ad9d57a71aafec28d6e6507e6ba6e8dafda6d96b27307d7cc7382d2b07cde68,undefined FUN_181467cd4(),ghidra,clean,
WHGame.dll,release_1_5_1164953_841,0x1467d70,291,FUN_181467d70,,,c15a4ce33440a7bfa72c7196d040b0207ee4e9fb23d98d7ac2b08b60aa2a48fc,undefined FUN_181467d70(),ghidra,clean,
WHGame.dll,release_1_5_1164953_841,0x1467e94,100,FUN_181467e94,,,ffa28d6e4875dba97ea3f59e9aa25b95e1e135db0cf6bce4a057accad577b9a8,undefined FUN_181467e94(),ghidra,clean,
WHGame.dll,release_1_5_1164953_841,0x1467ef8,87,FUN_181467ef8,,,60392d39d417b8b991245d6db4e85f7c3b72284354909cc44e01db6d77c32398,undefined FUN_181467ef8(),ghidra,clean,
WHGame.dll,release_1_5_1164953_841,0x1467f50,194,FUN_181467f50,,,6dde7346ad2cc17114dd087c930779827b065e9c83a2369d038e1bfb2d258378,undefined FUN_181467f50(),ghidra,clean,
WHGame.dll,release_1_5_1164953_841,0x1468014,155,FUN_181468014,,,350b2fef3af7ddf7e4864d3c91dfbc8719bba4ee745de8ce7fe47e904daea6d6,undefined FUN_181468014(),ghidra,clean,
WHGame.dll,release_1_5_1164953_841,0x14680b0,190,FUN_1814680b0,,,6a20dc212318c58f2894db9c19ee359a8ff6f9b6e14c396b487d511285c7f7e8,undefined FUN_1814680b0(),ghidra,clean,
WHGame.dll,release_1_5_1164953_841,0x1468170,155,FUN_181468170,,,f1ca804ef315d9e8a8b0967df7226e0edd6f3de7c71a1f0e03afe067d62737dc,undefined FUN_181468170(),ghidra,clean,
WHGame.dll,release_1_5_1164953_841,0x146820c,240,FUN_18146820c,,,78bc84d4dba3147d4ea2c9f2ea76f45396c61b159d3a1baf894923c719037efa,undefined FUN_18146820c(),ghidra,clean,
WHGame.dll,release_1_5_1164953_841,0x14682fc,18,FUN_1814682fc,,,38ae481a9eaf79d85552081c59b97ad4bc8218aea3e19916f63c7b67660fbfe7,undefined FUN_1814682fc(),ghidra,clean,
WHGame.dll,release_1_5_1164953_841,0x1468310,291,FUN_181468310,,,68d3585edf5ca8a3d5f072627a348b03122e4ef27147e70836e55d2baca1192a,undefined FUN_181468310(),ghidra,clean,
WHGame.dll,release_1_5_1164953_841,0x1468434,23,FUN_181468434,,,f3617b9ad81a408cf343c0b3f185947453dbc745ca9ad5a3d4019767bbd665ca,undefined FUN_181468434(),ghidra,clean,
WHGame.dll,release_1_5_1164953_841,0x146844c,26,FUN_18146844c,,,819234953c91d716a341edb10dcca2267107efa13f78881bbca64f4a7a11eeca,undefined FUN_18146844c(),ghidra,clean,
WHGame.dll,release_1_5_1164953_841,0x1468468,155,FUN_181468468,,,c0a54e7a2cfbf75e8c98a2e9cf1f54315842a94b39675cfc71b0e38fc2be1deb,undefined FUN_181468468(),ghidra,clean,
WHGame.dll,release_1_5_1164953_841,0x1468504,194,FUN_181468504,,,30e7c78ce63f2bf38a772fe5f721ebac0c079702ba7f728b043ccc9449d4281f,undefined FUN_181468504(),ghidra,clean,
WHGame.dll,release_1_5_1164953_841,0x14685c8,155,FUN_1814685c8,,,e4efc5834188c8fdca9a93bcd5433ffb6b4d1262ede22296528e418f8e42fddb,undefined FUN_1814685c8(),ghidra,clean,
WHGame.dll,release_1_5_1164953_841,0x1468664,190,FUN_181468664,,,a7164f076b6a6e540a8fd8d8f7d0bc5d7699a048561f9cef3c76de562019a47f,undefined FUN_181468664(),ghidra,clean,
WHGame.dll,release_1_5_1164953_841,0x1468724,155,FUN_181468724,,,0a35ed73629181cf193ca28e88c55cdb858d511db07163ca3925d3f9ca29fbd3,undefined FUN_181468724(),ghidra,clean,
WHGame.dll,release_1_5_1164953_841,0x14687c0,240,FUN_1814687c0,,,2415ac3f57e10ed27589c50cb502236d79c809e90d5c71f3d4b9357841098bf0,undefined FUN_1814687c0(),ghidra,clean,
WHGame.dll,release_1_5_1164953_841,0x14688b0,18,FUN_1814688b0,,,6c47bc9188d1fdc3ba50772c566d0f36c77884c71e019f7e6d8f159fd3d06693,undefined FUN_1814688b0(),ghidra,clean,
WHGame.dll,release_1_5_1164953_841,0x14688c4,291,FUN_1814688c4,,,f7b75263a00538211b4a37aecfc2fc51fcfd96922394a3ac408b5ff6c39dfbda,undefined FUN_1814688c4(),ghidra,clean,
WHGame.dll,release_1_5_1164953_841,0x14689e8,291,FUN_1814689e8,,,bf530e0cffaaa7d0068f81e910e0950da7a7d7ba9296ac6cf4123de549c7b619,undefined FUN_1814689e8(),ghidra,clean,
WHGame.dll,release_1_5_1164953_841,0x1468b0c,79,FUN_181468b0c,,,e62cc63815a798bb48c00daf656283c3223145df4a9db9bb9ad87ee028f16483,undefined FUN_181468b0c(),ghidra,clean,
WHGame.dll,release_1_5_1164953_841,0x1468b5c,45,FUN_181468b5c,,,29c9ae19e25f0848cc906425d2c979f42a185d754d0cd508d7a07bc20b3629ac,undefined FUN_181468b5c(),ghidra,clean,
WHGame.dll,release_1_5_1164953_841,0x1468b8c,153,FUN_181468b8c,,,aee272bf29330fbd985bb1cc9020befb1bbb9f6d002efb76941fc6e0bbbb444f,undefined FUN_181468b8c(),ghidra,clean,
WHGame.dll,release_1_5_1164953_841,0x1468c28,79,FUN_181468c28,,,6dca35aaa48fc5beda4ac855615f1389f34b633714e70ad6569c6e95aa0a922e,undefined FUN_181468c28(),ghidra,clean,
WHGame.dll,release_1_5_1164953_841,0x1468c78,51,FUN_181468c78,,,6a264651264ee171c135d31a888071e94fff5be669effa4cd9a7af4164fba4cf,undefined FUN_181468c78(),ghidra,clean,
WHGame.dll,release_1_5_1164953_841,0x1468cac,89,FUN_181468cac,,,d142e344beb7bbb2ac4c760b985cc022a68cb0e580b431cb2edd08bce51e4efd,undefined FUN_181468cac(),ghidra,clean,
WHGame.dll,release_1_5_1164953_841,0x1468d08,93,FUN_181468d08,,,cd20748a1bfcffba4863e2a7adc05c45e55d1007f3b8d3f5e4f9237e5e6dc171,undefined FUN_181468d08(),ghidra,clean,
WHGame.dll,release_1_5_1164953_841,0x1468d7c,201,FUN_181468d7c,,,6de365d35dca126b7e9a40f1f62c9eb5fbb6f3d26f70b788101fefe007f9bcf7,undefined FUN_181468d7c(),ghidra,clean,
WHGame.dll,release_1_5_1164953_841,0x1468e48,11,FUN_181468e48,,,61c8f5430d8e497048876effaa6aded3e1ab8cc929546a83fe6db1caec1c9591,undefined FUN_181468e48(),ghidra,clean,
WHGame.dll,release_1_5_1164953_841,0x1468e54,234,FUN_181468e54,,,3d32cdf6c0956e00b7b8fdd4b48301e22f398dbe3cc6865e1710b0a896b92ffa,undefined FUN_181468e54(),ghidra,clean,
WHGame.dll,release_1_5_1164953_841,0x1468f40,207,FUN_181468f40,,,fba1ab76cfd60afece42ab07793e08ae2bba4fce97b014f76cffa51ab9043fc6,undefined FUN_181468f40(),ghidra,clean,
WHGame.dll,release_1_5_1164953_841,0x1469000,261,FUN_181469000,,,d81fef6bf22cd1b6e072d7062ce8175e6848c2ec6ad873c1271b043318c7a688,undefined FUN_181469000(),ghidra,clean,
WHGame.dll,release_1_5_1164953_841,0x14690fc,196,FUN_1814690fc,,,339176f4dbe1c53dc7ab2d88f6e8d147e34ed2a18d97f9e19309ccf6887e7198,undefined FUN_1814690fc(),ghidra,clean,
WHGame.dll,release_1_5_1164953_841,0x14691c0,180,FUN_1814691c0,,,5c4245de6bc3cb2c58b096fbb7675798f9292418463bbff9e85b7fb8dbc6eef2,undefined FUN_1814691c0(),ghidra,clean,
WHGame.dll,release_1_5_1164953_841,0x1469274,190,FUN_181469274,,,9f1927511a46170d10b0a47ce06034121557c2b77053d7b850749e2a17683049,undefined FUN_181469274(),ghidra,clean,
WHGame.dll,release_1_5_1164953_841,0x1469334,9,FUN_181469334,,,dda99f24a2a8b6be26e8333778092e99376479cca58c4a326ff02dceac286b83,undefined FUN_181469334(),ghidra,clean,
WHGame.dll,release_1_5_1164953_841,0x1469340,12,FUN_181469340,,,eb64fc731fa2ba748d05dbf8d76261c8d649acfa3e854f9c90d21f61154705f8,undefined FUN_181469340(),ghidra,clean,
WHGame.dll,release_1_5_1164953_841,0x146934c,211,FUN_18146934c,,,107a676b862bd64d965fe314e88432812f31c9fc17d32a93c51fd1d6e5828f45,undefined FUN_18146934c(),ghidra,clean,
WHGame.dll,release_1_5_1164953_841,0x1469420,25,FUN_181469420,,,3a94a0a48c92f700f1f45c3c573a35bdcfa562ea68aa26b2c79a1c940bf2990a,undefined FUN_181469420(),ghidra,clean,
WHGame.dll,release_1_5_1164953_841,0x146943c,62,FUN_18146943c,,,9a3a04cff744dabbe535e536d4d456929e47e8b5db4fb3b2657ddd51a9926872,undefined FUN_18146943c(),ghidra,clean,
WHGame.dll,release_1_5_1164953_841,0x1469468,52,FUN_181469468,,,618c1fb29c33957ebed0a91b16701a2e75c8e5da6b370deeaaba272af3cf6f4c,undefined FUN_181469468(),ghidra,clean,
WHGame.dll,release_1_5_1164953_841,0x146949c,317,FUN_18146949c,,,b80e337181c997eb8ed4bca18fe6916803b1b4f5ea94d52408c5e29b45960b60,undefined FUN_18146949c(),ghidra,clean,
WHGame.dll,release_1_5_1164953_841,0x14695c8,264,FUN_1814695c8,,,7d099f571ca6f5f08d849bf60a2103a43f366917c9e01f7d8513cf9a7b9d3975,undefined FUN_1814695c8(),ghidra,clean,
WHGame.dll,release_1_5_1164953_841,0x14696c8,243,FUN_1814696c8,,,e13dfd9abe02b64cd49ac9a08d5be5126bc37b0f3d41bfcdb8924bcec907d506,undefined FUN_1814696c8(),ghidra,clean,
WHGame.dll,release_1_5_1164953_841,0x14697bc,26,FUN_1814697bc,,,c5654d70b96de5a06cc970100044d240af4c76863dcbb96d476cd69bbd819e25,undefined FUN_1814697bc(),ghidra,clean,
WHGame.dll,release_1_5_1164953_841,0x14697d8,55,FUN_1814697d8,,,21152413d427fbfd7addefd5160487d1e7895336cbfb122ff064bbd062d19321,undefined FUN_1814697d8(),ghidra,clean,
WHGame.dll,release_1_5_1164953_841,0x1469800,153,FUN_181469800,,,0d741be8ea46f5a6cf91d665feb391627eaf86eb036c95285ee8e593449d51dd,undefined FUN_181469800(),ghidra,clean,
WHGame.dll,release_1_5_1164953_841,0x146989c,170,FUN_18146989c,,,70817a70d2922b42f2b5b499fe78c75d71faa146c59f4e6fdb5a4499956d27ab,undefined FUN_18146989c(),ghidra,clean,
WHGame.dll,release_1_5_1164953_841,0x1469948,77,FUN_181469948,,,be26ef6f8230a685af89be2ed67fe473367cb13677e9187a6e17ad31e6d6d62e,undefined FUN_181469948(),ghidra,clean,
WHGame.dll,release_1_5_1164953_841,0x1469998,151,FUN_181469998,,,13cfac07071d64616d45a728f75282640fd13c8b5f055234a5b13bfc7fd15b86,undefined FUN_181469998(),ghidra,clean,
WHGame.dll,release_1_5_1164953_841,0x1469a30,229,FUN_181469a30,,,e47ec93d7f950b292394badf5fdc8272ac5ea1116dbcbc17aa6e065a1b1102a2,undefined FUN_181469a30(),ghidra,clean,
WHGame.dll,release_1_5_1164953_841,0x1469b18,26,FUN_181469b18,,,52367833145605a27fc8e21899346c9c99b2a351e5dcedb4299756d008059b79,undefined FUN_181469b18(),ghidra,clean,
WHGame.dll,release_1_5_1164953_841,0x1469b34,19,FUN_181469b34,,,635a3ea20053cf33fdb16458b6a73ea86d09d1177d13897cb3cf719e74d48e10,undefined FUN_181469b34(),ghidra,clean,
WHGame.dll,release_1_5_1164953_841,0x1469b48,107,FUN_181469b48,,,a84663936113b49368faadbba8aca3638edb7b2e07d654bc651cc3d83df6edb9,undefined FUN_181469b48(),ghidra,clean,
WHGame.dll,release_1_5_1164953_841,0x1469bb4,159,FUN_181469bb4,,,78699d085ff3837729301d287798c2fcb3b03d6ff318435353fef157daef5100,undefined FUN_181469bb4(),ghidra,clean,
WHGame.dll,release_1_5_1164953_841,0x1469c54,154,FUN_181469c54,,,27a6b10c149ecd744f5fba1738af8acca19601b8a6e4be4a9522cc215a901c29,undefined FUN_181469c54(),ghidra,clean,
WHGame.dll,release_1_5_1164953_841,0x1469ce0,154,FUN_181469ce0,,,f9dc1bfa3140a51acb33845a0b4aa98d1bb9b2cc6b83c3133d5a8c6e84345543,undefined FUN_181469ce0(),ghidra,clean,
WHGame.dll,release_1_5_1164953_841,0x1469d7c,206,FUN_181469d7c,,,55f7c39a48ef9d8779faa54be2986fdb0108509fb59e424d5bdef4c9bd760f0f,undefined FUN_181469d7c(),ghidra,clean,
WHGame.dll,release_1_5_1164953_841,0x1469e4c,74,FUN_181469e4c,,,f159110cd938486df2c5671e53cb4f893054f87e3f0e814609644765371618bb,undefined FUN_181469e4c(),ghidra,clean,
WHGame.dll,release_1_5_1164953_841,0x1469e98,66,FUN_181469e98,,,e25500b171f1a2621bd885f5dde99d77eb97b2cf3384b38dd4de0b6ba2155c4f,undefined FUN_181469e98(),ghidra,clean,
WHGame.dll,release_1_5_1164953_841,0x1469edc,218,FUN_181469edc,,,6c2ca63be448cd2ae5ecb7fa05d247d5bbe1e00df4df62681ca11f98308f2719,undefined FUN_181469edc(),ghidra,clean,
WHGame.dll,release_1_5_1164953_841,0x1469fb8,58,FUN_181469fb8,,,06c7eb3302fd88c3e132b435a49cb35e41906937c33f43c87909e7530932919f,undefined FUN_181469fb8(),ghidra,clean,
WHGame.dll,release_1_5_1164953_841,0x1469ff4,112,FUN_181469ff4,,,4ecf6f70fe6d0532f111ad19559e8532fa2d4cfc91b9b88dbf73f22968f47d7d,undefined FUN_181469ff4(),ghidra,clean,
WHGame.dll,release_1_5_1164953_841,0x146a064,190,FUN_18146a064,,,4c2e0f8467abf3e6a0fbff16a069e2ae188eb4927bcb3e69a3ad74f2de3f996c,undefined FUN_18146a064(),ghidra,clean,
WHGame.dll,release_1_5_1164953_841,0x146a124,26,FUN_18146a124,,,bc47f99ae414c9c561ac6e33f67d6c3082ddf2df7901debdaa2d8e1a635b856b,undefined FUN_18146a124(),ghidra,clean,
WHGame.dll,release_1_5_1164953_841,0x146a140,55,FUN_18146a140,,,0166e725f58ef72daefab44faa5902981c2caf48f18f2e48b15c731acf609e62,undefined FUN_18146a140(),ghidra,clean,
WHGame.dll,release_1_5_1164953_841,0x146a168,140,FUN_18146a168,,,02c3a8f3f00482281c05510a17eafed48130a975b5d6e8a0d9638b92055e775a,undefined FUN_18146a168(),ghidra,clean,
WHGame.dll,release_1_5_1164953_841,0x146a1f4,145,FUN_18146a1f4,,,5622e493f42a2a8d65e83fbd5cfd99a52a29fbbb4d484d6d9078cf0723238d44,undefined FUN_18146a1f4(),ghidra,clean,
WHGame.dll,release_1_5_1164953_841,0x146a288,850,FUN_18146a288,,,056b5fb827c9b79ef2d70029c4a3b8263515e9aaa8ac740272de77be655acd20,undefined FUN_18146a288(),ghidra,clean,
WHGame.dll,release_1_5_1164953_841,0x146a34c,5,FUN_18146a34c,,,70bf2d6deedcf734920e571ef09558025e359e9a739e5789ffaf6c9299398808,undefined FUN_18146a34c(),ghidra,clean,
WHGame.dll,release_1_5_1164953_841,0x146a358,194,FUN_18146a358,,,ac13f0d1be7ae31b58409cdf32959d2909c42e96a400b1781eda677c849ecb33,undefined FUN_18146a358(),ghidra,clean,
WHGame.dll,release_1_5_1164953_841,0x146a41c,155,FUN_18146a41c,,,0d06afced6533c1a1026d5df515be40fc4194152cd5ddf8396e46325d8f2a0ee,undefined FUN_18146a41c(),ghidra,clean,
WHGame.dll,release_1_5_1164953_841,0x146a4b8,190,FUN_18146a4b8,,,d0b3b2dfa34e5a568647d71121e27848c8cefd1f3de6e6459b110582e94990c7,undefined FUN_18146a4b8(),ghidra,clean,
WHGame.dll,release_1_5_1164953_841,0x146a578,190,FUN_18146a578,,,4ccff3def9cdda628f4dec3a7ba2f4ffdd42a696440cc09b006f0817a90f17bd,undefined FUN_18146a578(),ghidra,clean,
WHGame.dll,release_1_5_1164953_841,0x146a638,83,FUN_18146a638,,,96df636503568b058cc8342a33df9c77ef9d1a91cb50eee0b70f7e929f6c8bad,undefined FUN_18146a638(),ghidra,clean,
WHGame.dll,release_1_5_1164953_841,0x146a68c,264,FUN_18146a68c,,,288c0b424a11da55117fcb3be9f6de7b893bc3aedfeeef7a2181a5b7c312a433,undefined FUN_18146a68c(),ghidra,clean,
WHGame.dll,release_1_5_1164953_841,0x146a794,870,FUN_18146a794,,,ac128baea4ab7c8d580cfedef82e7bb827350092d0a823d8bd16c4acf03637f2,undefined FUN_18146a794(),ghidra,clean,
WHGame.dll,release_1_5_1164953_841,0x146aafc,234,FUN_18146aafc,,,053faa32b4b24e43b7aaa98cf107301c87820b6475b72e8b6e8f9142c2434056,undefined FUN_18146aafc(),ghidra,clean,
WHGame.dll,release_1_5_1164953_841,0x146abe8,207,FUN_18146abe8,,,f3fcb2d078497ae5408a1b56e8f13cf66faf34a4654a3fa88697b0e0a4a06d3a,undefined FUN_18146abe8(),ghidra,clean,
WHGame.dll,release_1_5_1164953_841,0x146aca8,96,FUN_18146aca8,,,76e423ef16d6138c1df6d7842bcd1dcf3b17c480487b7a7259c8f34a4c6de917,undefined FUN_18146aca8(),ghidra,clean,
WHGame.dll,release_1_5_1164953_841,0x146ad08,30,FUN_18146ad08,,,49600d7393ea2c574927fe60652ce63bb4a5645246a21c7594c752c6bcaa4340,undefined FUN_18146ad08(),ghidra,clean,
WHGame.dll,release_1_5_1164953_841,0x146ad28,86,FUN_18146ad28,,,89f8a66b22a4c645ded262103dfbace6cbe91746b95d54e8234c7a7c5d5babc2,undefined FUN_18146ad28(),ghidra,clean,
WHGame.dll,release_1_5_1164953_841,0x146ad80,85,FUN_18146ad80,,,ab06fc406b741b5a70fdd2ebe9a628ea315c6084e83c2ad446aac5e3db8b5f16,undefined FUN_18146ad80(),ghidra,clean,
WHGame.dll,release_1_5_1164953_841,0x146adb4,155,FUN_18146adb4,,,53f3e1d672a71708fddb9f30107a9f36bd3ec50df3b2bbdf5ca157622c99155b,undefined FUN_18146adb4(),ghidra,clean,
WHGame.dll,release_1_5_1164953_841,0x146ae50,251,FUN_18146ae50,,,3d14adf4280af566c0e9d4b0a431cf553dd27b6e59ecb7253cea00927bd1a944,undefined FUN_18146ae50(),ghidra,clean,
WHGame.dll,release_1_5_1164953_841,0x146af4c,196,FUN_18146af4c,,,69337f04eca3ae794b61f4de4a37d8a8b739ff18fd4a3facedfc84f8085fa52c,undefined FUN_18146af4c(),ghidra,clean,
WHGame.dll,release_1_5_1164953_841,0x146b010,190,FUN_18146b010,,,1445da9b7fca0db673d5ef23dcb73071fe0e0b7d2b367c064617df5dfb736c56,undefined FUN_18146b010(),ghidra,clean,
WHGame.dll,release_1_5_1164953_841,0x146b0d0,155,FUN_18146b0d0,,,186c7686f5dc4c6a83821ab73372cf6b3fdc8ff7c1b2418021328a78d132394f,undefined FUN_18146b0d0(),ghidra,clean,
WHGame.dll,release_1_5_1164953_841,0x146b16c,291,FUN_18146b16c,,,abe75d9dc98ede01d84e782013f792ebc7a1c0c13b823d499ee1eda214fd016c,undefined FUN_18146b16c(),ghidra,clean,
WHGame.dll,release_1_5_1164953_841,0x146b290,291,FUN_18146b290,,,af212cc91659f684aa6c7a0a39d617e3ec5a22701ccef1ecb86c104f55e59556,undefined FUN_18146b290(),ghidra,clean,
WHGame.dll,release_1_5_1164953_841,0x146b3b4,291,FUN_18146b3b4,,,0bc15a288d46fc142d43eed0be92f2970a3c5863bf7ac9452fee06a846410e7d,undefined FUN_18146b3b4(),ghidra,clean,
WHGame.dll,release_1_5_1164953_841,0x146b4d8,65,FUN_18146b4d8,,,d5e7dd1df6cc7843db0d3c01e2b12aa1105cf8bd3780e9248799ec33df705233,undefined FUN_18146b4d8(),ghidra,clean,
WHGame.dll,release_1_5_1164953_841,0x146b51c,40,FUN_18146b51c,,,dc4197362807b159a670113faf99e91ebce48453664abb20565c93f79dfe97cc,undefined FUN_18146b51c(),ghidra,clean,
WHGame.dll,release_1_5_1164953_841,0x146b544,30,FUN_18146b544,,,2281365b45c26f003147f622956c08d9576b7d289994e9d21239cb9b8f69f796,undefined FUN_18146b544(),ghidra,clean,
WHGame.dll,release_1_5_1164953_841,0x146b564,804,FUN_18146b564,,,8e8d65732070810c414c4211ef2060dbad6f5080f7557120cd099f6c22a6ad3e,undefined FUN_18146b564(),ghidra,clean,
WHGame.dll,release_1_5_1164953_841,0x146b888,446,FUN_18146b888,,,da8ec8a3df2b8c0ee96b33d425c8952d62caa344100918aa3589e8fa0d6c7c01,undefined FUN_18146b888(),ghidra,clean,
WHGame.dll,release_1_5_1164953_841,0x146ba48,32,FUN_18146ba48,,,6e6ee5ca0139fbbf5e049125df0b1d003cac29ce1951cabe82a978c5b6a8ea88,undefined FUN_18146ba48(),ghidra,clean,
WHGame.dll,release_1_5_1164953_841,0x146ba68,169,FUN_18146ba68,,,9d9ed94685c2868ef0c093468a5e0ebd56036a7d0138ff049aa250930852d2b2,undefined FUN_18146ba68(),ghidra,clean,
WHGame.dll,release_1_5_1164953_841,0x146bb14,43,FUN_18146bb14,,,c5feb6fccd87b82b09d6fb9a5a6ca8ced25c8111993d1f462e67d8943ae5a19c,undefined FUN_18146bb14(),ghidra,clean,
WHGame.dll,release_1_5_1164953_841,0x146bb40,198,FUN_18146bb40,,,bb31a25e679d93f4cc79fe52e650f3b1928d4998ba8b7c2c42d27a51d970a092,undefined FUN_18146bb40(),ghidra,clean,
WHGame.dll,release_1_5_1164953_841,0x146bc08,26,FUN_18146bc08,,,82a43d4209adbc9267d2c505465fa7c212de64efb702db5a4e000898240985ce,undefined FUN_18146bc08(),ghidra,clean,
WHGame.dll,release_1_5_1164953_841,0x146bc24,30,FUN_18146bc24,,,1c9213ec84c9caee611e7f4bdc5c72f31e7fcd8b09d873b48d26d28778ad283c,undefined FUN_18146bc24(),ghidra,clean,
WHGame.dll,release_1_5_1164953_841,0x146bc44,413,FUN_18146bc44,,,218d840bdb4e1077bb9b637fc6a46a03c1be58c8c464f77611a65fc792473524,undefined FUN_18146bc44(),ghidra,clean,
WHGame.dll,release_1_5_1164953_841,0x146bde4,22,FUN_18146bde4,,,06a67040603d7990c2e4c461d9a90eb4e8e34cd09a433646a8e9feb5dbd11058,undefined FUN_18146bde4(),ghidra,clean,
WHGame.dll,release_1_5_1164953_841,0x146bdfc,25,FUN_18146bdfc,,,d6ee7f6ba01751773daad9be627fdcdc141604fc9c0431a85d9ec56ba6bd1173,undefined FUN_18146bdfc(),ghidra,clean,
WHGame.dll,release_1_5_1164953_841,0x146be18,167,FUN_18146be18,,,14eee8c90aa1a37428266a2a1953fe58622b38112986cf0cb1231e7b8d3f0a56,undefined FUN_18146be18(),ghidra,clean,
WHGame.dll,release_1_5_1164953_841,0x146bec0,178,FUN_18146bec0,,,f6dae36d66305987abcd40865d111e4e0c0ad846b4570dae5499c8476dce0230,undefined FUN_18146bec0(),ghidra,clean,
WHGame.dll,release_1_5_1164953_841,0x146bf74,67,FUN_18146bf74,,,e5bf4fe495a201738515252c940430943f3d3b67229ee2fc579a8c70cfb8687b,undefined FUN_18146bf74(),ghidra,clean,
WHGame.dll,release_1_5_1164953_841,0x146bfb8,147,FUN_18146bfb8,,,28b227664ff443fd8fdacec54b95c764135dcc4958547a9109000c2eaf4d8c65,undefined FUN_18146bfb8(),ghidra,clean,
WHGame.dll,release_1_5_1164953_841,0x146c04c,130,FUN_18146c04c,,,5c09727c84e6ee04dcc9b18e224239975b49e84ceeb23864aa0a98a219f87e3d,undefined FUN_18146c04c(),ghidra,clean,
WHGame.dll,release_1_5_1164953_841,0x146c0d0,33,FUN_18146c0d0,,,97d7ff85014df84bd6cb118e22a1bcc90565186d031789201c3055ed7ef9d2df,undefined FUN_18146c0d0(),ghidra,clean,
WHGame.dll,release_1_5_1164953_841,0x146c0f4,725,FUN_18146c0f4,,,f34c04e1c91be90225154e0d96a47c1286df55c99cf252c25f40859e8ec17623,undefined FUN_18146c0f4(),ghidra,clean,
WHGame.dll,release_1_5_1164953_841,0x146c3cc,95,FUN_18146c3cc,,,00ad06bb3f60391101b474c485e685d93d6b99258420e94dc6eddb0cb6d6e7b9,undefined FUN_18146c3cc(),ghidra,clean,
WHGame.dll,release_1_5_1164953_841,0x146c42c,148,FUN_18146c42c,,,533f57e071f39a874ed77fa1a739d337636e293acf0674a81b209bb16fbaa690,undefined FUN_18146c42c(),ghidra,clean,
WHGame.dll,release_1_5_1164953_841,0x146c4c0,55,FUN_18146c4c0,,,6ed845763c1eae53a831552e1f51cb388de957b7587e0b6e9f7612b8ee6793c8,undefined FUN_18146c4c0(),ghidra,clean,
WHGame.dll,release_1_5_1164953_841,0x146c4e8,77,FUN_18146c4e8,,,9fcd4025bad62ade7e6c103645c01a035649c38b77d7a209069d3d0033ad1087,undefined FUN_18146c4e8(),ghidra,clean,
WHGame.dll,release_1_5_1164953_841,0x146c538,145,FUN_18146c538,,,9ef888c1e99ce006eb2093247dbfca2297233a05964847ba60373d1b0f468252,undefined FUN_18146c538(),ghidra,clean,
WHGame.dll,release_1_5_1164953_841,0x146c5cc,549,FUN_18146c5cc,,,5da04d810b27437ece494de7fb97a78935f9e7d67b0bfba420d3774accbef9fb,undefined FUN_18146c5cc(),ghidra,clean,
WHGame.dll,release_1_5_1164953_841,0x146c7f4,151,FUN_18146c7f4,,,ac8d6887ba4a2392a786ae63aa6a16df4812c1af8ca65d4911f10a1b21096a2d,undefined FUN_18146c7f4(),ghidra,clean,
WHGame.dll,release_1_5_1164953_841,0x146c88c,147,FUN_18146c88c,,,ca8fda9888bb3da7f2d841f65f89bad7f458cfe35db7c8d69a1c4a1dd26167ca,undefined FUN_18146c88c(),ghidra,clean,
WHGame.dll,release_1_5_1164953_841,0x146c920,209,FUN_18146c920,,,0f167753c5aefe1faef1e68f25bcc096abf3974cb289599205ad4ec96bc789c9,undefined FUN_18146c920(),ghidra,clean,
WHGame.dll,release_1_5_1164953_841,0x146c9f4,435,FUN_18146c9f4,,,37f462baca6a0cd92023ecd4a05ece54a4afc32861a6099cbfe2ffa3c248da9e,undefined FUN_18146c9f4(),ghidra,clean,
WHGame.dll,release_1_5_1164953_841,0x146cab4,115,FUN_18146cab4,,,8a2fcbccebb1f3556d9e3e09faa2fce877ace3365b835d152ea62ef6ec99b108,undefined FUN_18146cab4(),ghidra,clean,
WHGame.dll,release_1_5_1164953_841,0x146cb28,288,FUN_18146cb28,,,f768f29e26d37e61be52311272274c6c88ead2dc01735c7fd57bc39b545ca600,undefined FUN_18146cb28(),ghidra,clean,
WHGame.dll,release_1_5_1164953_841,0x146cc48,141,FUN_18146cc48,,,6d018855f87d8083d34f2487d5690c88b28850f81f41223cdc8f28f58b7781d8,undefined FUN_18146cc48(),ghidra,clean,
WHGame.dll,release_1_5_1164953_841,0x146ccd8,167,FUN_18146ccd8,,,e03ab3fd360e085f457fa00dd1df537c112db5d7ff841b7520baaba2d3622761,undefined FUN_18146ccd8(),ghidra,clean,
WHGame.dll,release_1_5_1164953_841,0x146cd80,231,FUN_18146cd80,,,565f0b1272c50ea799b458435ef3bedf351d98411ce8329fd9f776af30cf99bb,undefined FUN_18146cd80(),ghidra,clean,
WHGame.dll,release_1_5_1164953_841,0x146ce60,184,FUN_18146ce60,,,a29d5643b7af3bbac514fbf7d7061f5e1dd692f8e37e39052de337e83e418807,undefined FUN_18146ce60(),ghidra,clean,
WHGame.dll,release_1_5_1164953_841,0x146cf10,289,FUN_18146cf10,,,65dc179e4d260cbfff8022dc2238058bdd5ef980e713b79e4a9400058088e0c9,undefined FUN_18146cf10(),ghidra,clean,
WHGame.dll,release_1_5_1164953_841,0x146d034,277,FUN_18146d034,,,3a65ce788f362b947038b4826c72bf0b131312e8abf66ea6ca844820780c608c,undefined FUN_18146d034(),ghidra,clean,
WHGame.dll,release_1_5_1164953_841,0x146d14c,88,FUN_18146d14c,,,2b0f16356ffed8a84b4560900667338f65f0948a35ce7881aa32d32db1ae4f40,undefined FUN_18146d14c(),ghidra,clean,
WHGame.dll,release_1_5_1164953_841,0x146d1a4,318,FUN_18146d1a4,,,6fffaa97e563036ea649292c26f858283a27f6899e3bb102337c192ff98754d5,undefined FUN_18146d1a4(),ghidra,clean,
WHGame.dll,release_1_5_1164953_841,0x146d2e4,320,FUN_18146d2e4,,,4c28171b89153bccdb5d0907f64871ada26c7bd9662facc6541199c8febfc742,undefined FUN_18146d2e4(),ghidra,clean,
WHGame.dll,release_1_5_1164953_841,0x146d424,201,FUN_18146d424,,,df90b152c51c1b624498a5c436e0b360b4ae1af4226aa888ad4d2948a6907003,undefined FUN_18146d424(),ghidra,clean,
WHGame.dll,release_1_5_1164953_841,0x146d4f0,669,FUN_18146d4f0,,,4c5c9d17d625bc354001124f6b1f72aa6f62b94684ed6b927fe12c3d039cbc05,undefined FUN_18146d4f0(),ghidra,clean,
WHGame.dll,release_1_5_1164953_841,0x146d790,42,FUN_18146d790,,,00e46d1ae01aa43590b9ba3a2b9e9f923ced1a80fb20bc8a29971ec4ed4b8f98,undefined FUN_18146d790(),ghidra,clean,
WHGame.dll,release_1_5_1164953_841,0x146d7bc,92,FUN_18146d7bc,,,f7692e6139e76d0ae8bb3fdb745081e7c05aedf65b9a02c7efd9076f21b11684,undefined FUN_18146d7bc(),ghidra,clean,
WHGame.dll,release_1_5_1164953_841,0x146d81c,34,FUN_18146d81c,,,ac867e3a5275e6f7511b144c1496ab1611f46a63a3561cdb2c8e0e8e0f6f258b,undefined FUN_18146d81c(),ghidra,clean,
WHGame.dll,release_1_5_1164953_841,0x146d840,119,FUN_18146d840,,,68deb04dcc804bc7998fffbb9bce15c3a12f07906d4fcacb9deb689f59a6e8e5,undefined FUN_18146d840(),ghidra,clean,
WHGame.dll,release_1_5_1164953_841,0x146d8b8,33,FUN_18146d8b8,,,884ed86acdbc191f0ee16090cf4ad9598abb45894c2c7ca18acb00bab17c6450,undefined FUN_18146d8b8(),ghidra,clean,
WHGame.dll,release_1_5_1164953_841,0x146d8dc,59,FUN_18146d8dc,,,e17b1f18df3299157661f2b3b017052d18482691ad41fe8a61d095ed9199ca84,undefined FUN_18146d8dc(),ghidra,clean,
WHGame.dll,release_1_5_1164953_841,0x146d908,121,FUN_18146d908,,,8b76518d069393cdf550acd6b61ac90be8b38980543bc7b7bd3b2c0f54bd848e,undefined FUN_18146d908(),ghidra,clean,
WHGame.dll,release_1_5_1164953_841,0x146d984,109,FUN_18146d984,,,5237028465f7cb57357d79d592985211b3fe27ab2ae855a42250a6bf6ec62d3c,undefined FUN_18146d984(),ghidra,clean,
WHGame.dll,release_1_5_1164953_841,0x146d9bc,26,FUN_18146d9bc,,,8a0218ffb08610b90ca2faf2982ea0566c2b81856cd3a52913b86895ac208278,undefined FUN_18146d9bc(),ghidra,clean,
WHGame.dll,release_1_5_1164953_841,0x146d9d8,55,FUN_18146d9d8,,,5af40a6d04ea0eec054f377248c598f0e6a8ef5586751f3ea7a35350e1a6b15e,undefined FUN_18146d9d8(),ghidra,clean,
WHGame.dll,release_1_5_1164953_841,0x146da00,181,FUN_18146da00,,,b48ed36142393a4faecd7145a1e32a17f45545ce6d68dcb4946b582f9f534991,undefined FUN_18146da00(),ghidra,clean,
WHGame.dll,release_1_5_1164953_841,0x146dab8,78,FUN_18146dab8,,,7f58fa1d83c33939c626b44d0dae66d28bfb132665f29ee92c9cd25ac17317b7,undefined FUN_18146dab8(),ghidra,clean,
WHGame.dll,release_1_5_1164953_841,0x146db08,141,FUN_18146db08,,,b353dbc90bac275ecbdbfce134c681c210328ec023d87f7ed4c60c56806af819,undefined FUN_18146db08(),ghidra,clean,
WHGame.dll,release_1_5_1164953_841,0x146db98,5,thunk_FUN_18146dba0,,,b0d40b133b9394d93820ac0104b0065121d2d73df32c7bfb4e4cf5d805a8b103,undefined thunk_FUN_18146dba0(),ghidra,clean,
WHGame.dll,release_1_5_1164953_841,0x146dba0,103,FUN_18146dba0,,,21a0b675e77ecde8d3da89b3971a2160a7bd51fb75b11b8bd1410c096c51e564,undefined FUN_18146dba0(),ghidra,clean,
WHGame.dll,release_1_5_1164953_841,0x146dc08,95,FUN_18146dc08,,,54315177c9b42366b67b5313fa8883832e8b00bf066dce9cd0d609392a87c52b,undefined FUN_18146dc08(),ghidra,clean,
WHGame.dll,release_1_5_1164953_841,0x146dc68,201,FUN_18146dc68,,,ffdb58c589a08b668e52a4c96c54207f4224d170436f2f4399db7ace8dbe2867,undefined FUN_18146dc68(),ghidra,clean,
WHGame.dll,release_1_5_1164953_841,0x146dd14,53,FUN_18146dd14,,,cdf7b858e1d5e2c3d3cb5b275ecb54e534424f92839b5753fc65f85892f180e7,undefined FUN_18146dd14(),ghidra,clean,
WHGame.dll,release_1_5_1164953_841,0x146dd4c,417,FUN_18146dd4c,,,1f1ce04e681fd4eab1f2b42aed3a96db58d7412cf5eee22124d59090b8942463,undefined FUN_18146dd4c(),ghidra,clean,
WHGame.dll,release_1_5_1164953_841,0x146de6c,40,FUN_18146de6c,,,879688642adfd13e4840c8c8a339d47a44cf5173e8891a175a3a39181d281aec,undefined FUN_18146de6c(),ghidra,clean,
WHGame.dll,release_1_5_1164953_841,0x146de94,42,FUN_18146de94,,,6c75c4c63a50aa345dda6954a72ddb2ca2c8f9fd5f4774c90c0929d60df37b4c,undefined FUN_18146de94(),ghidra,clean,
WHGame.dll,release_1_5_1164953_841,0x146dec0,155,FUN_18146dec0,,,434cc01ef03331a18b67e3cfd4bf401f51a9059dbbebbd29709e85ff28b37acc,undefined FUN_18146dec0(),ghidra,clean,
WHGame.dll,release_1_5_1164953_841,0x146df5c,291,FUN_18146df5c,,,eda923da80ff5dac310580dd9ced9ea5258ab869c14de609780313c2e2208d92,undefined FUN_18146df5c(),ghidra,clean,
WHGame.dll,release_1_5_1164953_841,0x146e080,118,FUN_18146e080,,,51205c7137fdafd7257cca89332d38b83ef4a9c274e21202ef341bafb5676dae,undefined FUN_18146e080(),ghidra,clean,
WHGame.dll,release_1_5_1164953_841,0x146e0f8,109,FUN_18146e0f8,,,352599242c2a225a0a2ddd9e03124f28be8cb9c6fa2c87499c2c10eda8693139,undefined FUN_18146e0f8(),ghidra,clean,
WHGame.dll,release_1_5_1164953_841,0x146e168,212,FUN_18146e168,,,f654cd92b29e20981e4c9125c35fc50506ba2f4a84189a9803b8f2af0cbb6a1f,undefined FUN_18146e168(),ghidra,clean,
WHGame.dll,release_1_5_1164953_841,0x146e23c,30,FUN_18146e23c,,,fa59d23060405af7e55cff84f395b849a5b34dc69ba16c70b33697b83b4d81c2,undefined FUN_18146e23c(),ghidra,clean,
WHGame.dll,release_1_5_1164953_841,0x146e25c,180,FUN_18146e25c,,,29db0d88f8d95905272fabb0181521ce1f60a1ccde1700c87abb5063de8b08d1,undefined FUN_18146e25c(),ghidra,clean,
WHGame.dll,release_1_5_1164953_841,0x146e310,190,FUN_18146e310,,,6677734900aae983c5fc982dcba2f7ac557f0acef72683e1c96303f0e5a66363,undefined FUN_18146e310(),ghidra,clean,
WHGame.dll,release_1_5_1164953_841,0x146e3d0,207,FUN_18146e3d0,,,5b6964d5d9f7ee42467a3e87eff3cb56b6b359917fda4d3432e99d0c36192733,undefined FUN_18146e3d0(),ghidra,clean,
WHGame.dll,release_1_5_1164953_841,0x146e4a0,81,FUN_18146e4a0,,,56d98092f491ee2568d248aa508ec7c15191dbe103f56d2c36e7cb3e0f798e7f,undefined FUN_18146e4a0(),ghidra,clean,
WHGame.dll,release_1_5_1164953_841,0x146e4d4,76,FUN_18146e4d4,,,255c2815b06c04d1e3d1a82a82533490a3bfec94addad29ec74385e0e201212f,undefined FUN_18146e4d4(),ghidra,clean,
WHGame.dll,release_1_5_1164953_841,0x146e520,145,FUN_18146e520,,,0f57cc4a9dae59cca2b176a4b4ba44044b466256977f999adeec70f9137f1bc9,undefined FUN_18146e520(),ghidra,clean,
WHGame.dll,release_1_5_1164953_841,0x146e588,375,FUN_18146e588,,,eae63b346354cbcd83a27cf9d3d8c565270e63e6cf057c4dcccfe27641d58246,undefined FUN_18146e588(),ghidra,clean,
WHGame.dll,release_1_5_1164953_841,0x146e5e8,249,FUN_18146e5e8,,,f562eaf01e2525401478f958cb0c0e7244806dc8180f9c02d1f4f1fb7202183f,undefined FUN_18146e5e8(),ghidra,clean,
WHGame.dll,release_1_5_1164953_841,0x146e6e4,43,FUN_18146e6e4,,,8032f06e2631272e417c19b796075b657eced74a4f94161df4b1aa91e008d86c,undefined FUN_18146e6e4(),ghidra,clean,
WHGame.dll,release_1_5_1164953_841,0x146e710,212,FUN_18146e710,,,290a1bbef6840286a7075a273a817bb38934ae794f5b686a135187f1c3eeda57,undefined FUN_18146e710(),ghidra,clean,
WHGame.dll,release_1_5_1164953_841,0x146e7c8,5,thunk_FUN_18146e7d0,,,b0d40b133b9394d93820ac0104b0065121d2d73df32c7bfb4e4cf5d805a8b103,undefined thunk_FUN_18146e7d0(),ghidra,clean,
WHGame.dll,release_1_5_1164953_841,0x146e7d0,103,FUN_18146e7d0,,,00a1db9dc3dd2285f62d08e3fc5a5a7d87b25e4d2a9e90b6fa0cd26d8d3bec6a,undefined FUN_18146e7d0(),ghidra,clean,
WHGame.dll,release_1_5_1164953_841,0x146e838,95,FUN_18146e838,,,4fae97f3132f63096c2b7ec4058f89e7a4243af3fa76bb813923c6963aa17cf8,undefined FUN_18146e838(),ghidra,clean,
WHGame.dll,release_1_5_1164953_841,0x146e898,201,FUN_18146e898,,,3aaaf6ecfb8d8e857f4b9012ec89cca95d79b5899194a2361004fa2a2f6a03e1,undefined FUN_18146e898(),ghidra,clean,
WHGame.dll,release_1_5_1164953_841,0x146e944,53,FUN_18146e944,,,88caf9aa6d1aa12e91131e604bc5213b80d9268fc15e399e230682c8f2481b49,undefined FUN_18146e944(),ghidra,clean,
WHGame.dll,release_1_5_1164953_841,0x146e97c,417,FUN_18146e97c,,,f10b3eed84a1508d1c34f3686731e13df85d1f18d6b7fc9d654a34eb6e30d0a3,undefined FUN_18146e97c(),ghidra,clean,
WHGame.dll,release_1_5_1164953_841,0x146ea9c,40,FUN_18146ea9c,,,e7f9d296815257b0fcd5778441e6e1148d23a15655134d019ac60d721d042468,undefined FUN_18146ea9c(),ghidra,clean,
WHGame.dll,release_1_5_1164953_841,0x146eac4,42,FUN_18146eac4,,,b478c72633f2d9aa1e2daa8a03790bc30f53299d15fd969a4e932fd45b85c8d8,undefined FUN_18146eac4(),ghidra,clean,
WHGame.dll,release_1_5_1164953_841,0x146eaf0,234,FUN_18146eaf0,,,6768bc77d0c259ffa27663f56b678d4252673495717e707f4f268a9ff0cfd642,undefined FUN_18146eaf0(),ghidra,clean,
WHGame.dll,release_1_5_1164953_841,0x146ebdc,296,FUN_18146ebdc,,,03737177a557911946afdb5cabc228948cc1e6982d4d013ec6398e442481b2bf,undefined FUN_18146ebdc(),ghidra,clean,
WHGame.dll,release_1_5_1164953_841,0x146ed04,234,FUN_18146ed04,,,6d66c5e56066b7bddc7b8ddf9f3b12347407ae20bc9d6d242498759099df51e0,undefined FUN_18146ed04(),ghidra,clean,
WHGame.dll,release_1_5_1164953_841,0x146edf0,1333,FUN_18146edf0,,,f953b559c44b9ef8c3618a3fde99f28e1b7cae9f4690db1c88a5521b7c19f1eb,undefined FUN_18146edf0(),ghidra,clean,
WHGame.dll,release_1_5_1164953_841,0x146f328,273,FUN_18146f328,,,8deb4f1c0440bc9c447c3f2e26b63643391f8ffe6ffd1e24d5b01afc98cd10f6,undefined FUN_18146f328(),ghidra,clean,
WHGame.dll,release_1_5_1164953_841,0x146f42c,196,FUN_18146f42c,,,6fc38c438fa9e84be1dad1010177cddda7e346eb343935bcd11fe5fdb53aa00e,undefined FUN_18146f42c(),ghidra,clean,
WHGame.dll,release_1_5_1164953_841,0x146f4e8,175,FUN_18146f4e8,,,6e24d01bff7ae3b0aec05d37c85b6e595164c5ad7c594a5de81fe5b25d624def,undefined FUN_18146f4e8(),ghidra,clean,
WHGame.dll,release_1_5_1164953_841,0x146f598,317,FUN_18146f598,,,867ba1011c468b6aed83e9c03f8d44bd5fc3dc82da22fdb856a6fab29817cd72,undefined FUN_18146f598(),ghidra,clean,
WHGame.dll,release_1_5_1164953_841,0x146f6c4,264,FUN_18146f6c4,,,ec6e6f481679f972dc84254874162f7fd46920dd5bb3d40fb18bd4c95a24f055,undefined FUN_18146f6c4(),ghidra,clean,
WHGame.dll,release_1_5_1164953_841,0x146f7c4,243,FUN_18146f7c4,,,149658569db9a02c84832ee67ffad8d799b4520431ecad1fefef686dbd0196d3,undefined FUN_18146f7c4(),ghidra,clean,
WHGame.dll,release_1_5_1164953_841,0x146f8b8,791,FUN_18146f8b8,,,39e62f92dd3b17fae9adfc80e52470bbd40b8a51728380ddf6c9ec586ae1e0d8,undefined FUN_18146f8b8(),ghidra,clean,
WHGame.dll,release_1_5_1164953_841,0x146f9b8,26,FUN_18146f9b8,,,819234953c91d716a341edb10dcca2267107efa13f78881bbca64f4a7a11eeca,undefined FUN_18146f9b8(),ghidra,clean,
WHGame.dll,release_1_5_1164953_841,0x146f9d4,155,FUN_18146f9d4,,,e9a8a6c26cd8f7ea543f1f02c23b2b099ce2e149727fc9653322f228ae789608,undefined FUN_18146f9d4(),ghidra,clean,
WHGame.dll,release_1_5_1164953_841,0x146fa70,298,FUN_18146fa70,,,9aa1a9e3c3910f3961ce1edeb1249a0fbf055ad2f68f90ccbb0f72487e2e4af7,undefined FUN_18146fa70(),ghidra,clean,
WHGame.dll,release_1_5_1164953_841,0x146fb9c,317,FUN_18146fb9c,,,3d0064d59a619d61374464e5a099ad6163df3659bb38589ef3e6a70395da9ff0,undefined FUN_18146fb9c(),ghidra,clean,
WHGame.dll,release_1_5_1164953_841,0x146fcc8,264,FUN_18146fcc8,,,456e7b88b1b623545f45b83ccb2eace087a413492f66afb2a917ab0aa7401d78,undefined FUN_18146fcc8(),ghidra,clean,
WHGame.dll,release_1_5_1164953_841,0x146fdc8,243,FUN_18146fdc8,,,ec599f2d85ada3a12f8c9cbb47ccf420e1d81b2a9bff5446b2318eaf447a7eac,undefined FUN_18146fdc8(),ghidra,clean,
WHGame.dll,release_1_5_1164953_841,0x146febc,378,FUN_18146febc,,,e113b8fa96315968ad77a1477bfee1e108325eed8e38e1b209406ecf24e9865b,undefined FUN_18146febc(),ghidra,clean,
WHGame.dll,release_1_5_1164953_841,0x1470028,264,FUN_181470028,,,e2ec4a3a8ecd8f8eb9fdfdc2970373be9e4c8f68a61e4b9cf256f266d6bd056c,undefined FUN_181470028(),ghidra,clean,
WHGame.dll,release_1_5_1164953_841,0x1470128,244,FUN_181470128,,,6728380ece145133eeb72f7e1e30126e4df14c09f98ccf97ffb6da385a90cd90,undefined FUN_181470128(),ghidra,clean,
WHGame.dll,release_1_5_1164953_841,0x147021c,298,FUN_18147021c,,,8afd2093d3cd411568d481a5e794e662c088f4147fec70a85a1c8a2536d90449,undefined FUN_18147021c(),ghidra,clean,
WHGame.dll,release_1_5_1164953_841,0x1470348,298,FUN_181470348,,,c5c59d436dd37ce2b7286252c6a0f8bcf78f3951648c439ce78f033f3fb49420,undefined FUN_181470348(),ghidra,clean,
WHGame.dll,release_1_5_1164953_841,0x1470474,298,FUN_181470474,,,4130b0626d5385a342f7139f11c49007e1ff99c04652521078d17e527587be1d,undefined FUN_181470474(),ghidra,clean,
WHGame.dll,release_1_5_1164953_841,0x14705a0,304,FUN_1814705a0,,,2e12491e5e69adf8a5b1380c9a8cc85221b09654cc7ccdaa24163aec8044ca24,undefined FUN_1814705a0(),ghidra,clean,
WHGame.dll,release_1_5_1164953_841,0x14706d0,155,FUN_1814706d0,,,909bbdbc3facc9237864ac3500ea6eb6359f6baae50e111e6a7bc8342ebe9b73,undefined FUN_1814706d0(),ghidra,clean,
WHGame.dll,release_1_5_1164953_841,0x147076c,304,FUN_18147076c,,,f88b536e03958537577927e390492e289e816150bf7e8121a4d5e54deaa4809b,undefined FUN_18147076c(),ghidra,clean,
WHGame.dll,release_1_5_1164953_841,0x147089c,155,FUN_18147089c,,,c76a69bd85af5ee09bdd02f8bd159503d706e4bfb8b6f7a709320770bdcbaa07,undefined FUN_18147089c(),ghidra,clean,
WHGame.dll,release_1_5_1164953_841,0x1470938,304,FUN_181470938,,,03a68276b41f539de077df57b6d86f2af892b836410c763888401ce881b49ebc,undefined FUN_181470938(),ghidra,clean,
WHGame.dll,release_1_5_1164953_841,0x1470a68,155,FUN_181470a68,,,1737c44f81f7aaa64526b93dd26f62e5ebfc53bfaa35f822b67d72d6e5b976e5,undefined FUN_181470a68(),ghidra,clean,
WHGame.dll,release_1_5_1164953_841,0x1470b04,298,FUN_181470b04,,,c8de721ba60de3522ce273037092c37843d0a59d4f1bb50b5b06b12b97f461d7,undefined FUN_181470b04(),ghidra,clean,
WHGame.dll,release_1_5_1164953_841,0x1470c30,304,FUN_181470c30,,,467feccfe36493579cae1cfc6103be513b207880963b889aa111c5d82009b71c,undefined FUN_181470c30(),ghidra,clean,
WHGame.dll,release_1_5_1164953_841,0x1470d60,155,FUN_181470d60,,,12911c668fc23440cfb28fceaa054b621c3469b8d40756a67f8bf3da4a610984,undefined FUN_181470d60(),ghidra,clean,
WHGame.dll,release_1_5_1164953_841,0x1470dfc,1137,FUN_181470dfc,,,91d1d1177de7c847accbe99ff19699c1b349a0507e4bdfe2569aafca2ad80a46,undefined FUN_181470dfc(),ghidra,clean,
WHGame.dll,release_1_5_1164953_841,0x1471270,26,FUN_181471270,,,819234953c91d716a341edb10dcca2267107efa13f78881bbca64f4a7a11eeca,undefined FUN_181471270(),ghidra,clean,
WHGame.dll,release_1_5_1164953_841,0x147128c,155,FUN_18147128c,,,60ebb5da4fb2181fae413c267edb74d020104ec1b711a60bf53bdf4e80f6e211,undefined FUN_18147128c(),ghidra,clean,
WHGame.dll,release_1_5_1164953_841,0x1471328,958,FUN_181471328,,,5d2e3cf7adb8f1be4d47c20020d701f4cd6f55260ea4d1d8b29c1b51c487cce3,undefined FUN_181471328(),ghidra,clean,
WHGame.dll,release_1_5_1164953_841,0x14716e8,23,FUN_1814716e8,,,0c9851279c50048842f097073bc3dc49c43b467a042586d3f2b91d272b316ff7,undefined FUN_1814716e8(),ghidra,clean,
WHGame.dll,release_1_5_1164953_841,0x1471700,26,FUN_181471700,,,819234953c91d716a341edb10dcca2267107efa13f78881bbca64f4a7a11eeca,undefined FUN_181471700(),ghidra,clean,
WHGame.dll,release_1_5_1164953_841,0x147171c,155,FUN_18147171c,,,9c9809923cf320cdf30960ab776e8706bc3a6ad6f6ef08c9e5d0cf812b5d31e0,undefined FUN_18147171c(),ghidra,clean,
WHGame.dll,release_1_5_1164953_841,0x14717b8,958,FUN_1814717b8,,,9959fa4e94010903a54e398de0741ff39e988954e4fa2f950eb6839e24b91027,undefined FUN_1814717b8(),ghidra,clean,
WHGame.dll,release_1_5_1164953_841,0x1471b78,23,FUN_181471b78,,,0c9851279c50048842f097073bc3dc49c43b467a042586d3f2b91d272b316ff7,undefined FUN_181471b78(),ghidra,clean,
WHGame.dll,release_1_5_1164953_841,0x1471b90,26,FUN_181471b90,,,819234953c91d716a341edb10dcca2267107efa13f78881bbca64f4a7a11eeca,undefined FUN_181471b90(),ghidra,clean,
WHGame.dll,release_1_5_1164953_841,0x1471bac,155,FUN_181471bac,,,50da9ff2b6f89ec88fc28c7feb106c0cadaa2a238d01f227f658520ecfa934ae,undefined FUN_181471bac(),ghidra,clean,
WHGame.dll,release_1_5_1164953_841,0x1471c48,26,FUN_181471c48,,,164e5073268e3b79e2f4a031191f1bebad7cac4112dfe51f901da4e5b0dc7632,undefined FUN_181471c48(),ghidra,clean,
WHGame.dll,release_1_5_1164953_841,0x1471c64,26,FUN_181471c64,,,f01ebd85ffa10257645cc4a63678714a67e555c45329cbd605c55b8742af6131,undefined FUN_181471c64(),ghidra,clean,
WHGame.dll,release_1_5_1164953_841,0x1471c80,26,FUN_181471c80,,,7e7f5ec9c8e815d56aac182d9f9eacf7347338229998c42cfd16b3808b15c40a,undefined FUN_181471c80(),ghidra,clean,
WHGame.dll,release_1_5_1164953_841,0x1471c9c,26,FUN_181471c9c,,,48ed0c6828c1a48b60e4caf1e3093085293d22ebf96329c2a0fcf891b4bbfe1d,undefined FUN_181471c9c(),ghidra,clean,
WHGame.dll,release_1_5_1164953_841,0x1471cb8,26,FUN_181471cb8,,,ca3a50716306f8e3b216ae46baf6efbfb9fc260770249ae36c9cea5632c285a2,undefined FUN_181471cb8(),ghidra,clean,
WHGame.dll,release_1_5_1164953_841,0x1471cd4,26,FUN_181471cd4,,,6ec48e5a41a52c85836d2a326c1560880bcc648e25aae1bddbcb21573c928479,undefined FUN_181471cd4(),ghidra,clean,
WHGame.dll,release_1_5_1164953_841,0x1471cf0,1137,FUN_181471cf0,,,fba103f3477f0ccca899082e7f07a6a8cb672fa8a90b4b6dfc15ca00af2b203b,undefined FUN_181471cf0(),ghidra,clean,
WHGame.dll,release_1_5_1164953_841,0x1472164,155,FUN_181472164,,,ac3d57ca3ab563b74a1efe32eea8f6210fba1f2795bfd6b8436cc1d426aec24f,undefined FUN_181472164(),ghidra,clean,
WHGame.dll,release_1_5_1164953_841,0x1472200,958,FUN_181472200,,,dacf8ab5ad2ddc15b14b3a81452e6a215e5e1226c97e8d30fd2e9e4ae7456a78,undefined FUN_181472200(),ghidra,clean,
WHGame.dll,release_1_5_1164953_841,0x14725c0,23,FUN_1814725c0,,,4a2215c3e820937481093c41c3a2c4fdd1b034767afb06c5e8afd475b2e2dc6a,undefined FUN_1814725c0(),ghidra,clean,
WHGame.dll,release_1_5_1164953_841,0x14725d8,155,FUN_1814725d8,,,2caf90c437b1b502fdf0e10a46ce7bd1fb3814f21a13d3a4e9194db069f1fc63,undefined FUN_1814725d8(),ghidra,clean,
WHGame.dll,release_1_5_1164953_841,0x1472674,1137,FUN_181472674,,,f69dd1ffb230aec7c6af5b8ce38888f4dbc0428f430b38a00bd12dcf05e0dea6,undefined FUN_181472674(),ghidra,clean,
WHGame.dll,release_1_5_1164953_841,0x1472ae8,155,FUN_181472ae8,,,0e7c39d0cc7207389d5fa511aea6ccb1658aa86095181f14d02e33b4288f96ff,undefined FUN_181472ae8(),ghidra,clean,
WHGame.dll,release_1_5_1164953_841,0x1472b84,958,FUN_181472b84,,,690c694665cc1ee04f186eba421c7ba64ade8aeeec52d3e47eb5dce3d47b8797,undefined FUN_181472b84(),ghidra,clean,
WHGame.dll,release_1_5_1164953_841,0x1472f44,23,FUN_181472f44,,,4a2215c3e820937481093c41c3a2c4fdd1b034767afb06c5e8afd475b2e2dc6a,undefined FUN_181472f44(),ghidra,clean,
WHGame.dll,release_1_5_1164953_841,0x1472f5c,155,FUN_181472f5c,,,64ef5f508a8bc2b9595f5aa704b45ef8a1dac2d6520418bb2e9a3e1ca3c63a10,undefined FUN_181472f5c(),ghidra,clean,
WHGame.dll,release_1_5_1164953_841,0x1472ff8,1137,FUN_181472ff8,,,25cc48897fbf1a3277a782b9460866fec880bf9af881eb2f1542cb7b4b92be7b,undefined FUN_181472ff8(),ghidra,clean,
WHGame.dll,release_1_5_1164953_841,0x147346c,155,FUN_18147346c,,,acf11a41a6e4ea3df88c16890a95b1a5415244eb471231da6dc5278c7c0c948e,undefined FUN_18147346c(),ghidra,clean,
WHGame.dll,release_1_5_1164953_841,0x1473508,958,FUN_181473508,,,3c2b932bdbcb7b375263f50eb197f89eeb56e62fae5647dd1b6cd0de2b4f100d,undefined FUN_181473508(),ghidra,clean,
WHGame.dll,release_1_5_1164953_841,0x14738c8,23,FUN_1814738c8,,,4a2215c3e820937481093c41c3a2c4fdd1b034767afb06c5e8afd475b2e2dc6a,undefined FUN_1814738c8(),ghidra,clean,
WHGame.dll,release_1_5_1164953_841,0x14738e0,155,FUN_1814738e0,,,11a8d45c516d3af8882e47a44a2076e647b6b4bea9d8cd24d988c1efd1fbd1c5,undefined FUN_1814738e0(),ghidra,clean,
WHGame.dll,release_1_5_1164953_841,0x147397c,1137,FUN_18147397c,,,098ba1a5f1796ad144b4192ecddf1d209959ed09e0de87c05cbfd859f9b944a9,undefined FUN_18147397c(),ghidra,clean,
WHGame.dll,release_1_5_1164953_841,0x1473df0,155,FUN_181473df0,,,2378d6b46d6f9b6baa3ad5bba2015749a077864e39e49acee1007147964ed7af,undefined FUN_181473df0(),ghidra,clean,
WHGame.dll,release_1_5_1164953_841,0x1473e8c,26,FUN_181473e8c,,,facb3b9d15d262206ee5da48a5b551b625913f139c9989a60a3914f7135b3834,undefined FUN_181473e8c(),ghidra,clean,
WHGame.dll,release_1_5_1164953_841,0x1473ea8,304,FUN_181473ea8,,,66f3dd26070c0092d977c74326f10fb148d9dcd46b0fbed56064856355de361b,undefined FUN_181473ea8(),ghidra,clean,
WHGame.dll,release_1_5_1164953_841,0x1473fd8,155,FUN_181473fd8,,,a2d3578e36d2f46b33de97a486b09e475ea95871688f081f0e5e2ff519fc329f,undefined FUN_181473fd8(),ghidra,clean,
WHGame.dll,release_1_5_1164953_841,0x1474074,298,FUN_181474074,,,89be326f538ed8e7f082931b4283ef333c9b470a29c1eff60ca2ceb8fe4d49a3,undefined FUN_181474074(),ghidra,clean,
WHGame.dll,release_1_5_1164953_841,0x14741a0,304,FUN_1814741a0,,,8fa99a1e53bbdff8bbe061c7cdb834c1383164a5ee8e4b8d7e9113ad7f67c168,undefined FUN_1814741a0(),ghidra,clean,
WHGame.dll,release_1_5_1164953_841,0x14742d0,155,FUN_1814742d0,,,4dc75e3e5b246ae1b7a3c5fb76d62527a3545bb7b0d9a240662ff37793e2602b,undefined FUN_1814742d0(),ghidra,clean,
WHGame.dll,release_1_5_1164953_841,0x147436c,298,FUN_18147436c,,,829ff4af9253b93c8cb584010044b7f11ff87abaa69b006bba605e6019b53ba1,undefined FUN_18147436c(),ghidra,clean,
WHGame.dll,release_1_5_1164953_841,0x1474498,304,FUN_181474498,,,fffec82ff2edb2a23eb535627b0680b086ac4c158837ddb6369fba28e42c9ae3,undefined FUN_181474498(),ghidra,clean,
WHGame.dll,release_1_5_1164953_841,0x14745c8,155,FUN_1814745c8,,,49e914d5f15d88c45781c977ed9a313f995848ef53d9a4d2889fae5b37022c3f,undefined FUN_1814745c8(),ghidra,clean,
WHGame.dll,release_1_5_1164953_841,0x1474664,298,FUN_181474664,,,bff0ec837cbddec9e604b217c88151ca96278525481f439020d7f766810dac29,undefined FUN_181474664(),ghidra,clean,
WHGame.dll,release_1_5_1164953_841,0x1474790,304,FUN_181474790,,,1b6e075182c77344cbdc001e5c187a8a0595fb6c5fff6cbfddf4cc8ff0adb33a,undefined FUN_181474790(),ghidra,clean,
WHGame.dll,release_1_5_1164953_841,0x14748c0,155,FUN_1814748c0,,,5290ddddfb48a6fa8818ec4157ca2f5a12c448dcdc5011cf3453a77a87fbac3e,undefined FUN_1814748c0(),ghidra,clean,
WHGame.dll,release_1_5_1164953_841,0x147495c,298,FUN_18147495c,,,17cfa1ea76714cfc546fd140b93093e07397e80b0ad3fad35def14402882a2fc,undefined FUN_18147495c(),ghidra,clean,
WHGame.dll,release_1_5_1164953_841,0x1474a88,304,FUN_181474a88,,,0d71c690d3bfdc1fa19fc38de540fe442e70b4e1a85ef2532c0186da56e25a22,undefined FUN_181474a88(),ghidra,clean,
WHGame.dll,release_1_5_1164953_841,0x1474bb8,155,FUN_181474bb8,,,99009632f52290b6cd170efab5ddbe885767c9d3863baf0a6daffdb1bce643ba,undefined FUN_181474bb8(),ghidra,clean,
WHGame.dll,release_1_5_1164953_841,0x1474c54,304,FUN_181474c54,,,4bf9aafe01227849349767a172c76cd3d47cfe3530a639410f5fc073ba705e3b,undefined FUN_181474c54(),ghidra,clean,
WHGame.dll,release_1_5_1164953_841,0x1474d84,155,FUN_181474d84,,,65fa2ed0c5cbae406c975f617471329910be1a94f746e09f4616f5de5f029dae,undefined FUN_181474d84(),ghidra,clean,
WHGame.dll,release_1_5_1164953_841,0x1474e20,298,FUN_181474e20,,,64feb6c99e2bb4e25e577b8ae3fb0e0cd9a8aad58da10693d7ef9aa422834a01,undefined FUN_181474e20(),ghidra,clean,
WHGame.dll,release_1_5_1164953_841,0x1474f4c,298,FUN_181474f4c,,,d1cd7f893e3ef94054dca025038dafa71a9757c1d542d9b053995b29894b6a12,undefined FUN_181474f4c(),ghidra,clean,
WHGame.dll,release_1_5_1164953_841,0x1475078,155,FUN_181475078,,,151883e0ba35852769207cb955ccc68da52195cd7d4cef27c7e64dcb5cd80516,undefined FUN_181475078(),ghidra,clean,
WHGame.dll,release_1_5_1164953_841,0x1475114,291,FUN_181475114,,,a1790e0fad99913665eb2a719acb095c68d40ea9334fdba1104bb6b5af73fecf,undefined FUN_181475114(),ghidra,clean,
WHGame.dll,release_1_5_1164953_841,0x1475238,190,FUN_181475238,,,519ab2015b85090ace1cc79c0c8485c3cbd59ccc4ee5e58371e8348d9852f59d,undefined FUN_181475238(),ghidra,clean,
WHGame.dll,release_1_5_1164953_841,0x14752f8,123,FUN_1814752f8,,,f213ff8981080bf160258fa0403ba7406f15c9fe5063c8f3b3defaabc0e4357f,undefined FUN_1814752f8(),ghidra,clean,
WHGame.dll,release_1_5_1164953_841,0x1475374,65,FUN_181475374,,,2e421b11f68d377aa30d02ac9d7a9798cfe79fe434e96bbd8dbeffdcd7cca4e1,undefined FUN_181475374(),ghidra,clean,
WHGame.dll,release_1_5_1164953_841,0x14753b8,374,FUN_1814753b8,,,4596c24dd4a9b77e5413eb04bc682d297e490e1dffbcd19142657202368cca1c,undefined FUN_1814753b8(),ghidra,clean,
WHGame.dll,release_1_5_1164953_841,0x14754b0,612,FUN_1814754b0,,,4fad6cf325e10f43b7e7726f103d770af6bd5d33ca9bc9ddaa5e88560f4215bc,undefined FUN_1814754b0(),ghidra,clean,
WHGame.dll,release_1_5_1164953_841,0x1475718,128,FUN_181475718,,,313ac1b44ee7d14e87daa4d1f91a5e86aa15fb32eb89378db65dcf976934b647,undefined FUN_181475718(),ghidra,clean,
WHGame.dll,release_1_5_1164953_841,0x1475798,170,FUN_181475798,,,e1ce0d88cf9f472f0ac35884351e98f728b3574659d0e8b421c206ced01c47e4,undefined FUN_181475798(),ghidra,clean,
WHGame.dll,release_1_5_1164953_841,0x1475854,140,FUN_181475854,,,945e4cac3180e1653fc7ac2e0a0aae2c12f2c0e6719b81268725b50323143b51,undefined FUN_181475854(),ghidra,clean,
WHGame.dll,release_1_5_1164953_841,0x14758e0,182,FUN_1814758e0,,,cb35262ca17659c5d440890b5789960e2749ac76ddd7fd4ec6cf6060782b3e00,undefined FUN_1814758e0(),ghidra,clean,
WHGame.dll,release_1_5_1164953_841,0x1475998,110,FUN_181475998,,,3a2b49a97c7ef4267d6a740b25ce27b1db61b8b7f141387f2eef91b66f0a5693,undefined FUN_181475998(),ghidra,clean,
WHGame.dll,release_1_5_1164953_841,0x1475a08,51,FUN_181475a08,,,e599223d357f37b9a07fd0859d63b007f8c7650eca448ab8b379cd198a1fb04a,undefined FUN_181475a08(),ghidra,clean,
WHGame.dll,release_1_5_1164953_841,0x1475a3c,151,FUN_181475a3c,,,183a0ddd7e55f7b6744c78a5f53e97cf2e951944aaba1598f3a9786c2db14664,undefined FUN_181475a3c(),ghidra,clean,
WHGame.dll,release_1_5_1164953_841,0x1475ad8,43,FUN_181475ad8,,,78f198261e23bf3aeaf84684df84f3185ced4f3e8f6c88c829a303b66f3495ef,undefined FUN_181475ad8(),ghidra,clean,
WHGame.dll,release_1_5_1164953_841,0x1475af8,132,FUN_181475af8,,,aaf3b7409f9cec607b2fa41a214d1275218784229d1d204701fe44638c9ce6ef,undefined FUN_181475af8(),ghidra,clean,
WHGame.dll,release_1_5_1164953_841,0x1475b80,1192,FUN_181475b80,,,94c4cdba31f813ebc4660b26e1ac37908e72060f396c8644afb6cf8bd12801e7,undefined FUN_181475b80(),ghidra,clean,
WHGame.dll,release_1_5_1164953_841,0x1476028,223,FUN_181476028,,,ce30f0ff5abf9f39c834569544133cf9d934197de35730eb8400168b580e043b,undefined FUN_181476028(),ghidra,clean,
WHGame.dll,release_1_5_1164953_841,0x1476118,180,FUN_181476118,,,02c3b1285bbecd16b6641b9616bc4238b86e86b684097bdd5fbb5ff5947d0c28,undefined FUN_181476118(),ghidra,clean,
WHGame.dll,release_1_5_1164953_841,0x14761cc,110,FUN_1814761cc,,,fdf0c0dd078624ddc488bf95ee75edd5a55b9b71c69948581a2275c7ed7d2410,undefined FUN_1814761cc(),ghidra,clean,
WHGame.dll,release_1_5_1164953_841,0x147622c,26,FUN_18147622c,,,408a45921400e37d7cc4180628a4f6540ab8cf915b3274c336e766c1bebe2778,undefined FUN_18147622c(),ghidra,clean,
WHGame.dll,release_1_5_1164953_841,0x1476248,151,FUN_181476248,,,ccbf5ff94a51b3e1abdbd5e14f948ff4442a35259fa43e8d9b93580d2a98df51,undefined FUN_181476248(),ghidra,clean,
WHGame.dll,release_1_5_1164953_841,0x14762e0,958,FUN_1814762e0,,,37658c7cae39fd0bddc8853db5feadfa3523b217a132acdd583b892ba7427580,undefined FUN_1814762e0(),ghidra,clean,
WHGame.dll,release_1_5_1164953_841,0x14766a0,23,FUN_1814766a0,,,4a2215c3e820937481093c41c3a2c4fdd1b034767afb06c5e8afd475b2e2dc6a,undefined FUN_1814766a0(),ghidra,clean,
WHGame.dll,release_1_5_1164953_841,0x14766b8,155,FUN_1814766b8,,,d339474f32076372f427c2a160da2234efaeb0db8244d94b70d08a11ea4d40ad,undefined FUN_1814766b8(),ghidra,clean,
WHGame.dll,release_1_5_1164953_841,0x1476754,304,FUN_181476754,,,d9998575823c5a0ca83e141df65bbb4bc8c283dccc4e2bab2c31dc421044750d,undefined FUN_181476754(),ghidra,clean,
WHGame.dll,release_1_5_1164953_841,0x1476884,155,FUN_181476884,,,b41ae65ddf270524637a2c30fe38fd2856e36058b98b8811cb58ba9d11519e68,undefined FUN_181476884(),ghidra,clean,
WHGame.dll,release_1_5_1164953_841,0x1476920,298,FUN_181476920,,,9c3a6437e2c49aca3690583d0a3f4d234c39b44f37077a19ee7c6804b76f0444,undefined FUN_181476920(),ghidra,clean,
WHGame.dll,release_1_5_1164953_841,0x1476a4c,506,FUN_181476a4c,,,99c4f1200dc203f9dd588a7be789b0d7f3e4a643bb09cb56918a539ba49f5f11,undefined FUN_181476a4c(),ghidra,clean,
WHGame.dll,release_1_5_1164953_841,0x1476c38,39,FUN_181476c38,,,03913e68fe916d7186b72a5a4bc84b4f79b39216782d0d140ba8977dd8bd7fe0,undefined FUN_181476c38(),ghidra,clean,
WHGame.dll,release_1_5_1164953_841,0x1476c60,190,FUN_181476c60,,,3824cc4a15c79b30e89d7d5a1949f06bf3c45d8fac86addf436254f9827fbef3,undefined FUN_181476c60(),ghidra,clean,
WHGame.dll,release_1_5_1164953_841,0x1476d20,190,FUN_181476d20,,,ebca2ba97715d81e2604118b1af876a474d9c8128ac90e3703bf50f8cd661fff,undefined FUN_181476d20(),ghidra,clean,
WHGame.dll,release_1_5_1164953_841,0x1476de0,190,FUN_181476de0,,,c06844120fed485aa629ec6cf5bca4bdfbc5aa7152a8853bc002a96aa819d7c3,undefined FUN_181476de0(),ghidra,clean,
WHGame.dll,release_1_5_1164953_841,0x1476ea0,190,FUN_181476ea0,,,a68f2c9d20038f5bcc91749e9977742737afddba79a3b4a0c63e419e3547fb92,undefined FUN_181476ea0(),ghidra,clean,
WHGame.dll,release_1_5_1164953_841,0x1476f60,155,FUN_181476f60,,,d3f772a6c640a5b52e661bf9945ac5c5a9bc4d1d86469a8d9a9bdc442ac4b01d,undefined FUN_181476f60(),ghidra,clean,
WHGame.dll,release_1_5_1164953_841,0x1476ffc,291,FUN_181476ffc,,,ba7ce5e718451f512f3f7c42537fe51ee757c943ca17df9e60fec673fa554643,undefined FUN_181476ffc(),ghidra,clean,
WHGame.dll,release_1_5_1164953_841,0x1477120,148,FUN_181477120,,,e8da64b137d49a013ea421406bbce7dc80829df2c1299b238c11834bb05e81cd,undefined FUN_181477120(),ghidra,clean,
WHGame.dll,release_1_5_1164953_841,0x1477198,134,FUN_181477198,,,6974999417a99e73702de727d8d68351b0f5a6bf815ed43581b5e11300481933,undefined FUN_181477198(),ghidra,clean,
WHGame.dll,release_1_5_1164953_841,0x1477220,231,FUN_181477220,,,dadc4c1000ca74e42ab9971216fc1f9aafa741bf228622463af721ad19959270,undefined FUN_181477220(),ghidra,clean,
WHGame.dll,release_1_5_1164953_841,0x1477308,113,FUN_181477308,,,390f1909a175bb78d3481124bf7c517be343e2976fce57b189f035b40e639a8d,undefined FUN_181477308(),ghidra,clean,
WHGame.dll,release_1_5_1164953_841,0x147737c,311,FUN_18147737c,,,f5dacf9292faf944cd99855917caac247593588dda4f74b393f80c8a8b920f84,undefined FUN_18147737c(),ghidra,clean,
WHGame.dll,release_1_5_1164953_841,0x14774b4,40,FUN_1814774b4,,,1841ba0d39730b2be700d92db4ee1090e140c8933fd15cf582b209ef76de7806,undefined FUN_1814774b4(),ghidra,clean,
WHGame.dll,release_1_5_1164953_841,0x14774dc,10,FUN_1814774dc,,,da8ba6875412564398afcdeb20c45943c06f3ad0977408839049a705086a964b,undefined FUN_1814774dc(),ghidra,clean,
WHGame.dll,release_1_5_1164953_841,0x14774e8,190,FUN_1814774e8,,,dbbc0c7b0857480927c2abd6aef5f1418dfcca9cf7f21632786575c6cee09505,undefined FUN_1814774e8(),ghidra,clean,
WHGame.dll,release_1_5_1164953_841,0x14775a8,155,FUN_1814775a8,,,63ad041febfceb4c162726ab64d7a4ad3429510e49c7e9f597cef1533cc4ff6d,undefined FUN_1814775a8(),ghidra,clean,
WHGame.dll,release_1_5_1164953_841,0x1477644,291,FUN_181477644,,,b7027b0dcc5f5878fa3cb07db030cb50f3e726c23262ef4e2f557658a0d70ca5,undefined FUN_181477644(),ghidra,clean,
WHGame.dll,release_1_5_1164953_841,0x1477768,234,FUN_181477768,,,c2b0571be13a7208c6b4aad298832aa1d20a529610c0a12db941562ed53bfcf4,undefined FUN_181477768(),ghidra,clean,
WHGame.dll,release_1_5_1164953_841,0x1477854,234,FUN_181477854,,,ce192ea3948442feb83593887f7a249b7e1eb172e483a41aab9783c4fce8b79b,undefined FUN_181477854(),ghidra,clean,
WHGame.dll,release_1_5_1164953_841,0x1477940,296,FUN_181477940,,,a038bf64e4856ad4ec0b790769c8a49947b17eb4c641996c5715095308828d0a,undefined FUN_181477940(),ghidra,clean,
WHGame.dll,release_1_5_1164953_841,0x1477a68,234,FUN_181477a68,,,4ba71534e809ae646ed34df1db97c0b1e626d2caa344c66196be45bd4f0bd941,undefined FUN_181477a68(),ghidra,clean,
WHGame.dll,release_1_5_1164953_841,0x1477b54,1617,FUN_181477b54,,,b9b43d8bfec5d3f164527a8967c90b02d1f0b24285a2b64fb9322103572264de,undefined FUN_181477b54(),ghidra,clean,
WHGame.dll,release_1_5_1164953_841,0x14781a8,68,FUN_1814781a8,,,3198623d8544fea8c4f217deb608f3a12aa4c8587835daa73520adfee4b8ef8f,undefined FUN_1814781a8(),ghidra,clean,
WHGame.dll,release_1_5_1164953_841,0x14781ec,155,FUN_1814781ec,,,435d7eb8242104ab7209034f8592e5e560dab1c673801f1a0c32b3961c638c7f,undefined FUN_1814781ec(),ghidra,clean,
WHGame.dll,release_1_5_1164953_841,0x1478288,55,FUN_181478288,,,4fd17f1c9f104a6cd1e952507c827b347737f1fcf95d9bd5fb69afb50ca121cc,undefined FUN_181478288(),ghidra,clean,
WHGame.dll,release_1_5_1164953_841,0x14782c0,273,FUN_1814782c0,,,d3eb68c65dcc4caee49c5385e87db691f2bdab05b49fce2294586088afcd1cf4,undefined FUN_1814782c0(),ghidra,clean,
WHGame.dll,release_1_5_1164953_841,0x14783c4,196,FUN_1814783c4,,,44a3002633e0ac6636bbbb8a2f30b12137b84a27ceb4f7cf7bbb5a446b195e32,undefined FUN_1814783c4(),ghidra,clean,
WHGame.dll,release_1_5_1164953_841,0x1478480,175,FUN_181478480,,,c1356214e10c79715472f79cb2b389a3310d35a6ebfbca7e112f73ad234e1bee,undefined FUN_181478480(),ghidra,clean,
WHGame.dll,release_1_5_1164953_841,0x1478530,317,FUN_181478530,,,f2c125c7c30105ff77bb706a3601ef3729c393dadecd5e0f78b731622906bf98,undefined FUN_181478530(),ghidra,clean,
WHGame.dll,release_1_5_1164953_841,0x147865c,264,FUN_18147865c,,,63cedbd04a044896a2258696978be309e798f4c01e5b175afa5a2c87b77d5a33,undefined FUN_18147865c(),ghidra,clean,
WHGame.dll,release_1_5_1164953_841,0x147875c,243,FUN_18147875c,,,6752f0816ca46496a90e1a5bdc54ebe953a2b356bd975bca5b946b6da7456a41,undefined FUN_18147875c(),ghidra,clean,
WHGame.dll,release_1_5_1164953_841,0x1478850,359,FUN_181478850,,,727e51a00b596dc60f4e5a0281734ea301ee463aca416e3757046683d122816d,undefined FUN_181478850(),ghidra,clean,
WHGame.dll,release_1_5_1164953_841,0x14789a8,264,FUN_1814789a8,,,a64d595a3103b8f35c4b0ee8825a3188ca601d02df08eefebb95db5b5ec27d3c,undefined FUN_1814789a8(),ghidra,clean,
WHGame.dll,release_1_5_1164953_841,0x1478aa8,244,FUN_181478aa8,,,abeddf8803982fb1aa92833eaa73a9b75470f5ee23e8f660a0a834cd451aef4e,undefined FUN_181478aa8(),ghidra,clean,
WHGame.dll,release_1_5_1164953_841,0x1478b9c,359,FUN_181478b9c,,,6a316f49f55d663598cb088b517d5b115701972188354c06dc5a2cb6061021c9,undefined FUN_181478b9c(),ghidra,clean,
WHGame.dll,release_1_5_1164953_841,0x1478cf4,264,FUN_181478cf4,,,fd2f94e432be3da2c17c232795adc7c5e4fa9a1fe3a8c8dc330a91a231e30d77,undefined FUN_181478cf4(),ghidra,clean,
WHGame.dll,release_1_5_1164953_841,0x1478df4,244,FUN_181478df4,,,5ac1c1f23069fae709ffbd3eae93434cd119ea9102792f261ec43ab81e2561fe,undefined FUN_181478df4(),ghidra,clean,
WHGame.dll,release_1_5_1164953_841,0x1478ee8,417,FUN_181478ee8,,,c9735909767fd5cc6de2ba4bcdd8411f76c65915f972f074b26c0dc8c8b1c909,undefined FUN_181478ee8(),ghidra,clean,
WHGame.dll,release_1_5_1164953_841,0x1479078,264,FUN_181479078,,,3f10e99a03d8bd8d62004b98f502ebda99206961b318c7c28124da49a48db17e,undefined FUN_181479078(),ghidra,clean,
WHGame.dll,release_1_5_1164953_841,0x1479178,244,FUN_181479178,,,ce7e40df565952ed374210168af073812c4b1e97b39357a53441c7147ab782d3,undefined FUN_181479178(),ghidra,clean,
WHGame.dll,release_1_5_1164953_841,0x147926c,791,FUN_18147926c,,,ebf0226aa13d23b8cc8ee40776c721d507bf4c09629de39c1558c101b92dea3c,undefined FUN_18147926c(),ghidra,clean,
WHGame.dll,release_1_5_1164953_841,0x147936c,26,FUN_18147936c,,,819234953c91d716a341edb10dcca2267107efa13f78881bbca64f4a7a11eeca,undefined FUN_18147936c(),ghidra,clean,
WHGame.dll,release_1_5_1164953_841,0x1479388,155,FUN_181479388,,,79fbc0ad46c9b5ff5fe9f39c3959cd2bf623c082c29507ed7e8a284ae1d78d3b,undefined FUN_181479388(),ghidra,clean,
WHGame.dll,release_1_5_1164953_841,0x1479424,298,FUN_181479424,,,5eab1fc4d9528de2b7ac51bcb1817fba7ac79f01a6ca6983ef980947a8e32324,undefined FUN_181479424(),ghidra,clean,
WHGame.dll,release_1_5_1164953_841,0x1479550,190,FUN_181479550,,,effa3aa34ef3e4936e9c0cd484addb7c19d47092a8e5f5c74d773ff7c5e0e784,undefined FUN_181479550(),ghidra,clean,
WHGame.dll,release_1_5_1164953_841,0x1479610,155,FUN_181479610,,,ae2494cbdf3e4c524814298dd010ca2624b721b616b3f316fd64e56bd932d139,undefined FUN_181479610(),ghidra,clean,
WHGame.dll,release_1_5_1164953_841,0x14796ac,291,FUN_1814796ac,,,4decd666fb31e36606d15425f66bcb109400e9fc3238dac80c38ec168cf3e263,undefined FUN_1814796ac(),ghidra,clean,
WHGame.dll,release_1_5_1164953_841,0x14797d0,190,FUN_1814797d0,,,85fee830102b2300683ab94861939eba1d8c6e843316619ffe120d8c1309608c,undefined FUN_1814797d0(),ghidra,clean,
WHGame.dll,release_1_5_1164953_841,0x1479890,155,FUN_181479890,,,c229a43b9d592b36458a792ca20825fe61d8cd31a9e9be294109824ebc615be5,undefined FUN_181479890(),ghidra,clean,
WHGame.dll,release_1_5_1164953_841,0x147992c,291,FUN_18147992c,,,74cbb13c4ac015b3bec791a7fe3209dfa5c19fbd516da3b43620d62b43694edc,undefined FUN_18147992c(),ghidra,clean,
WHGame.dll,release_1_5_1164953_841,0x1479a50,190,FUN_181479a50,,,675e752a394621910f7feb03cac0cc12dfdb09cea1fc5f6a6a4e29b6c712b395,undefined FUN_181479a50(),ghidra,clean,
WHGame.dll,release_1_5_1164953_841,0x1479b10,23,FUN_181479b10,,,4a2215c3e820937481093c41c3a2c4fdd1b034767afb06c5e8afd475b2e2dc6a,undefined FUN_181479b10(),ghidra,clean,
WHGame.dll,release_1_5_1164953_841,0x1479b28,155,FUN_181479b28,,,81c0f9fe1320a3fa41dda88856b9ef4df7decd2c28eb1333c50258a132dfd446,undefined FUN_181479b28(),ghidra,clean,
WHGame.dll,release_1_5_1164953_841,0x1479bc4,291,FUN_181479bc4,,,41044e8b1923b8c2108c20b535e7e5be89c84a757d3ffe12b7fa2f20014f373d,undefined FUN_181479bc4(),ghidra,clean,
WHGame.dll,release_1_5_1164953_841,0x1479ce8,190,FUN_181479ce8,,,e235378b3f5b1ae4fe47047c9cd000db9f8ce9ad1d3a738bfbc783dd251aa2f3,undefined FUN_181479ce8(),ghidra,clean,
WHGame.dll,release_1_5_1164953_841,0x1479da8,155,FUN_181479da8,,,ad9f0a8ed1c6e12ea06c5ec69d0e1e1139b24f7f53b6333fcaf21e770d9232dc,undefined FUN_181479da8(),ghidra,clean,
WHGame.dll,release_1_5_1164953_841,0x1479e44,291,FUN_181479e44,,,184a693042bc2a97aec0aca317a1828b856ffb607f8049da7e8e368dd658d347,undefined FUN_181479e44(),ghidra,clean,
WHGame.dll,release_1_5_1164953_841,0x1479f68,190,FUN_181479f68,,,55a417939b4510974255a68986dda66405bbfca11aa07e490476cb586bca275c,undefined FUN_181479f68(),ghidra,clean,
WHGame.dll,release_1_5_1164953_841,0x147a028,155,FUN_18147a028,,,bf806ed0fda5ac2ee5ed56e81cf620f30d5a65f37ebf0f7b0c3c373d0f6bc671,undefined FUN_18147a028(),ghidra,clean,
WHGame.dll,release_1_5_1164953_841,0x147a0c4,291,FUN_18147a0c4,,,aee8d563bf3b35f6eae0a8958462fb79bd6c4ccea26391c1371409fc1e1e3555,undefined FUN_18147a0c4(),ghidra,clean,
WHGame.dll,release_1_5_1164953_841,0x147a1e8,190,FUN_18147a1e8,,,af9805fd40b900921d8a947467348ac9d37b47bf3deaddb2a54ed46c6b084be7,undefined FUN_18147a1e8(),ghidra,clean,
WHGame.dll,release_1_5_1164953_841,0x147a2a8,155,FUN_18147a2a8,,,dd4cd12bc5258c9ae6f187c3b8a4b2d82486e8372e6f84c874792d38578c36fb,undefined FUN_18147a2a8(),ghidra,clean,
WHGame.dll,release_1_5_1164953_841,0x147a344,291,FUN_18147a344,,,4ac95be5699fefbfb7559e3f30966af397c578ca45c11d8f7f51128992d874c4,undefined FUN_18147a344(),ghidra,clean,
WHGame.dll,release_1_5_1164953_841,0x147a468,194,FUN_18147a468,,,8c5d1a9c694d4fc66cb2fd5fca0fd22d449fff03fe9344ce0f431258382b9456,undefined FUN_18147a468(),ghidra,clean,
WHGame.dll,release_1_5_1164953_841,0x147a52c,155,FUN_18147a52c,,,550035669f86db2ee07c270ffc54c85effb6e17f55955e8e0b243996791c8fbf,undefined FUN_18147a52c(),ghidra,clean,
WHGame.dll,release_1_5_1164953_841,0x147a5c8,291,FUN_18147a5c8,,,aa0842b8247fa4d9a3beeb13caeee095e8b05ae186cec57099b6371e9fbbd560,undefined FUN_18147a5c8(),ghidra,clean,
WHGame.dll,release_1_5_1164953_841,0x147a6ec,190,FUN_18147a6ec,,,25838cf6c3bb431f09bc52f97948afc79fb1ca9e4370ab3f2a46909ed9bee9a8,undefined FUN_18147a6ec(),ghidra,clean,
WHGame.dll,release_1_5_1164953_841,0x147a7ac,155,FUN_18147a7ac,,,6ce632cb6922c38cce496aabe204ed043b0825cd8e7c577eff9f623f6b872593,undefined FUN_18147a7ac(),ghidra,clean,
WHGame.dll,release_1_5_1164953_841,0x147a848,291,FUN_18147a848,,,958610b0914f0110c1d1fbee7697451690663c3116ace60d25c9db553699d8bc,undefined FUN_18147a848(),ghidra,clean,
WHGame.dll,release_1_5_1164953_841,0x147a96c,30,FUN_18147a96c,,,0350ea99e230c3fca8e2058d780265c03bc4507a456d4583e26fb8cd99e72411,undefined FUN_18147a96c(),ghidra,clean,
WHGame.dll,release_1_5_1164953_841,0x147a98c,190,FUN_18147a98c,,,135054142b3238bc5e50333c712f3b766f342e16fd1b2b5dcecc297b74e886de,undefined FUN_18147a98c(),ghidra,clean,
WHGame.dll,release_1_5_1164953_841,0x147aa4c,316,FUN_18147aa4c,,,1f07e988673ed2a74961b742adef86a220d7b7f47dc59fa0959b06f08ab0a283,undefined FUN_18147aa4c(),ghidra,clean,
WHGame.dll,release_1_5_1164953_841,0x147ab70,194,FUN_18147ab70,,,f3a63631f7d3946f25fb40285ab03f8b93a5340c6a4cf3ed283f4ea37dfce87d,undefined FUN_18147ab70(),ghidra,clean,
WHGame.dll,release_1_5_1164953_841,0x147ac34,155,FUN_18147ac34,,,7d2730bf65157fd572cc5565314c991bf60d0d6a7013201977efdb3944d25e36,undefined FUN_18147ac34(),ghidra,clean,
WHGame.dll,release_1_5_1164953_841,0x147acd0,291,FUN_18147acd0,,,c76228475f3d7fd4ce541d731a758339337ed52a4b8607c008df7250f884c18c,undefined FUN_18147acd0(),ghidra,clean,
WHGame.dll,release_1_5_1164953_841,0x147adf4,194,FUN_18147adf4,,,294df63d0ebb37e05882c60f530de92783536b3e41f8f9cba0c50b333eedf263,undefined FUN_18147adf4(),ghidra,clean,
WHGame.dll,release_1_5_1164953_841,0x147aeb8,155,FUN_18147aeb8,,,05787862f857563e7d53adb4a16c00dff1a543a56df0d188fd1b7b35a6b08960,undefined FUN_18147aeb8(),ghidra,clean,
WHGame.dll,release_1_5_1164953_841,0x147af54,291,FUN_18147af54,,,e41b818b3d6ec12c4e8d039358c485f417099d29cbfd1ace2b5252dbc1c2a3f8,undefined FUN_18147af54(),ghidra,clean,
WHGame.dll,release_1_5_1164953_841,0x147b078,194,FUN_18147b078,,,d1bcebf7bda516b0a5934f46993e0328642b9da28f5385ae6c9c3326eda8e7b4,undefined FUN_18147b078(),ghidra,clean,
WHGame.dll,release_1_5_1164953_841,0x147b13c,155,FUN_18147b13c,,,3373ac5b1e97bbe9f70f6b4bb2459364447f8b0fae2d3eadd145ea636b56bb97,undefined FUN_18147b13c(),ghidra,clean,
WHGame.dll,release_1_5_1164953_841,0x147b1d8,291,FUN_18147b1d8,,,8b9bb07124b94ee6d9748456fdc97039ad798c56063d2243189b3059f734c51a,undefined FUN_18147b1d8(),ghidra,clean,
WHGame.dll,release_1_5_1164953_841,0x147b2fc,180,FUN_18147b2fc,,,c2d844b63f2f56fb4c696d64c1cb72b0a130df07ac8429ea88b9b1ab40ef5742,undefined FUN_18147b2fc(),ghidra,clean,
WHGame.dll,release_1_5_1164953_841,0x147b3b0,190,FUN_18147b3b0,,,79cf2a5e334a1027337fe43c38a96907e8a94f5a567001a9ff1265ead81a5360,undefined FUN_18147b3b0(),ghidra,clean,
WHGame.dll,release_1_5_1164953_841,0x147b470,190,FUN_18147b470,,,f55e44acb1a7e4d7adf7d4323358f0ca4f71eb7c122bdc1795b8d09aa8ff872f,undefined FUN_18147b470(),ghidra,clean,
WHGame.dll,release_1_5_1164953_841,0x147b530,215,FUN_18147b530,,,69a47024093b7e0270f831592318d15cae772c24ae37f8f4a22fac66503fb847,undefined FUN_18147b530(),ghidra,clean,
WHGame.dll,release_1_5_1164953_841,0x147b608,187,FUN_18147b608,,,993b410541698921924ad72460eed74c848f13308c02abca7c34a335a26423dd,undefined FUN_18147b608(),ghidra,clean,
WHGame.dll,release_1_5_1164953_841,0x147b6b8,190,FUN_18147b6b8,,,1a9a5c27b0a67e9e8285a2c660f4274a8d5e4db9e62e443a8cc3d2d99a32b636,undefined FUN_18147b6b8(),ghidra,clean,
WHGame.dll,release_1_5_1164953_841,0x147b778,190,FUN_18147b778,,,37e0130a16e0e19ac26a048aadae206c2269782cd96cd12ea9ba3178285170c8,undefined FUN_18147b778(),ghidra,clean,
WHGame.dll,release_1_5_1164953_841,0x147b838,190,FUN_18147b838,,,557d94c889488c5c27dd657b0fbd6d8fd067a2b8825f66f40a575d59f7f0f511,undefined FUN_18147b838(),ghidra,clean,
WHGame.dll,release_1_5_1164953_841,0x147b8f8,190,FUN_18147b8f8,,,7f71fa680630c9330de571e453a4931944daa52c390ec89ab0911693ad1024b4,undefined FUN_18147b8f8(),ghidra,clean,
WHGame.dll,release_1_5_1164953_841,0x147b9b8,190,FUN_18147b9b8,,,779b13f1c20dfea65adc1f33d6a1cc2f0c577ffac05124445d24eda54b344fc9,undefined FUN_18147b9b8(),ghidra,clean,
WHGame.dll,release_1_5_1164953_841,0x147ba78,190,FUN_18147ba78,,,f7751608a2515a564b6c816e1953aebb7f0573c7c8f7e951043d6a725daadd68,undefined FUN_18147ba78(),ghidra,clean,
WHGame.dll,release_1_5_1164953_841,0x147bb38,194,FUN_18147bb38,,,b4fc4f7a0dd0fe4f0c7e95e02157dba08f8ad73557f3f6d03bf3fda4b87716c1,undefined FUN_18147bb38(),ghidra,clean,
WHGame.dll,release_1_5_1164953_841,0x147bbfc,190,FUN_18147bbfc,,,0c0b41755047464ff4d11ee7b9416236a326dc26b5e88ad29b08ff5e8054ae0e,undefined FUN_18147bbfc(),ghidra,clean,
WHGame.dll,release_1_5_1164953_841,0x147bcbc,30,FUN_18147bcbc,,,cd0a7af092bc99bece49016bdd058cbb8e8e3894ed6b5a8dde6ca7c46f89d5d0,undefined FUN_18147bcbc(),ghidra,clean,
WHGame.dll,release_1_5_1164953_841,0x147bcdc,190,FUN_18147bcdc,,,1d7919a0acf01fde310288791ae97edae3e96dfcd88494e0a278e81bf015cb9d,undefined FUN_18147bcdc(),ghidra,clean,
WHGame.dll,release_1_5_1164953_841,0x147bd9c,190,FUN_18147bd9c,,,8cabbd117f5f1b2cffd54f426459d2bf0ea128f0322ac4d14ce0fdc38a9c2bf9,undefined FUN_18147bd9c(),ghidra,clean,
WHGame.dll,release_1_5_1164953_841,0x147be5c,190,FUN_18147be5c,,,8822f8080bf462f2cd05d3ee8d74be4c402e7004278051412c6aaefdbdae6ed0,undefined FUN_18147be5c(),ghidra,clean,
WHGame.dll,release_1_5_1164953_841,0x147bf1c,190,FUN_18147bf1c,,,4ebdaa4cdc18c329a86f3f5c5499d4048ce6f3a7214e23869b9af71b50196676,undefined FUN_18147bf1c(),ghidra,clean,
WHGame.dll,release_1_5_1164953_841,0x147bfdc,190,FUN_18147bfdc,,,55b453ec717feca83df092427f1885c75507618b6a0a5daedeac1e616ea342ca,undefined FUN_18147bfdc(),ghidra,clean,
WHGame.dll,release_1_5_1164953_841,0x147c09c,190,FUN_18147c09c,,,6bd0450222ff9a78ec046f9069b521518f993e0b46d95787b49fa22491f7f85d,undefined FUN_18147c09c(),ghidra,clean,
WHGame.dll,release_1_5_1164953_841,0x147c15c,190,FUN_18147c15c,,,d523723f1417cffceff21d81a064af49f5e9dd09e60de0cb48dc44441bb09a65,undefined FUN_18147c15c(),ghidra,clean,
WHGame.dll,release_1_5_1164953_841,0x147c21c,190,FUN_18147c21c,,,175f53157e02dd4af83f53424a96915a6df490ace02cbc1e0fd21701c23faa7b,undefined FUN_18147c21c(),ghidra,clean,
WHGame.dll,release_1_5_1164953_841,0x147c2dc,190,FUN_18147c2dc,,,4580afb2897f734d121fa75078931a0a3c4ccc1b3fec35c873fd8883bb584d59,undefined FUN_18147c2dc(),ghidra,clean,
WHGame.dll,release_1_5_1164953_841,0x147c39c,190,FUN_18147c39c,,,ca773cb73b26cf960355f8fbb9c91b229787f979c3e3d42267f64f9b87f465b3,undefined FUN_18147c39c(),ghidra,clean,
WHGame.dll,release_1_5_1164953_841,0x147c45c,190,FUN_18147c45c,,,eb00cd622ee58f12d87da80b712b461b23846a01ec43f2048f4130f7260aa5b2,undefined FUN_18147c45c(),ghidra,clean,
WHGame.dll,release_1_5_1164953_841,0x147c51c,89,FUN_18147c51c,,,b0dcd573cd0407fb310443d6cbd0da46baf65e92bc9b324af80fdb00f56af965,undefined FUN_18147c51c(),ghidra,clean,
WHGame.dll,release_1_5_1164953_841,0x147c580,123,FUN_18147c580,,,958ab7e74221152514d36ead6cc3dd9ed6a6100d2ee8614c1d0ece23b6410809,undefined FUN_18147c580(),ghidra,clean,
WHGame.dll,release_1_5_1164953_841,0x147c5fc,224,FUN_18147c5fc,,,d8631a21f5d7bd9b60fff52c48d363650c630edf0decf827905919531a2364ea,undefined FUN_18147c5fc(),ghidra,clean,
WHGame.dll,release_1_5_1164953_841,0x147c6e0,38,FUN_18147c6e0,,,86eb589b47010413fc824777b6ed6802693fbe087a59d37b6f463021aa1dcb1a,undefined FUN_18147c6e0(),ghidra,clean,
WHGame.dll,release_1_5_1164953_841,0x147c708,73,FUN_18147c708,,,e83c10bd52c5977571fe4b9249b94370bfb3dfdb404645d4ef64a0412293ac37,undefined FUN_18147c708(),ghidra,clean,
WHGame.dll,release_1_5_1164953_841,0x147c754,190,FUN_18147c754,,,17563d402dcdd9a99e89ccca065de2ca15b79c239e88fa4bb050a3bae7db7ea9,undefined FUN_18147c754(),ghidra,clean,
WHGame.dll,release_1_5_1164953_841,0x147c814,190,FUN_18147c814,,,ab9d8d6e601ab95337e0c7f8e1aaca29c890359d24dc0aabe3434d82e1a9e615,undefined FUN_18147c814(),ghidra,clean,
WHGame.dll,release_1_5_1164953_841,0x147c8d4,26,FUN_18147c8d4,,,0248f3dd060a787a3ad36d5c0d6b665f28764f5840ddd62daed025c3ec333ed8,undefined FUN_18147c8d4(),ghidra,clean,
WHGame.dll,release_1_5_1164953_841,0x147c8f0,190,FUN_18147c8f0,,,16e16cdafa386c6f3e33c67b35f0f056c1f57025d06b10f0efdb6f81a9a87009,undefined FUN_18147c8f0(),ghidra,clean,
WHGame.dll,release_1_5_1164953_841,0x147c9b0,190,FUN_18147c9b0,,,de5c69ac04c009342acc5a4acdfa56e144622b17fdf772283aa881e2fc3dae41,undefined FUN_18147c9b0(),ghidra,clean,
WHGame.dll,release_1_5_1164953_841,0x147ca70,142,FUN_18147ca70,,,f8a0b96ba5d62ea89ae80df48ce97a4d8993ffacaa0cf09104a2b5adc934d7cf,undefined FUN_18147ca70(),ghidra,clean,
WHGame.dll,release_1_5_1164953_841,0x147cb00,5,thunk_FUN_18147cb08,,,b0d40b133b9394d93820ac0104b0065121d2d73df32c7bfb4e4cf5d805a8b103,undefined thunk_FUN_18147cb08(),ghidra,clean,
WHGame.dll,release_1_5_1164953_841,0x147cb08,223,FUN_18147cb08,,,b893006d7ae8269d8ea50d2fc028c768f8d37b345305e3e1b3d1bd415ccf257b,undefined FUN_18147cb08(),ghidra,clean,
WHGame.dll,release_1_5_1164953_841,0x147cbe0,5,thunk_FUN_18147cbe8,,,b0d40b133b9394d93820ac0104b0065121d2d73df32c7bfb4e4cf5d805a8b103,undefined thunk_FUN_18147cbe8(),ghidra,clean,
WHGame.dll,release_1_5_1164953_841,0x147cbe8,103,FUN_18147cbe8,,,1a2757ad00457d4e28ee40ac44ff9e7b8a580978d6571100db92a3746219da68,undefined FUN_18147cbe8(),ghidra,clean,
WHGame.dll,release_1_5_1164953_841,0x147cc50,211,FUN_18147cc50,,,164e5e6b14bf868df7b890bb49eea3434e60b5d61a93e7d8ffec371e61cc5f41,undefined FUN_18147cc50(),ghidra,clean,
WHGame.dll,release_1_5_1164953_841,0x147ccfc,137,FUN_18147ccfc,,,c8b34490af274c42e9635285ff44ceab7fb77519183419330dfa148d6014961f,undefined FUN_18147ccfc(),ghidra,clean,
WHGame.dll,release_1_5_1164953_841,0x147cd88,53,FUN_18147cd88,,,d6a14f156c6b7c4a9df2d8d52f95c5b16d25e9ed5b9f1fd2d39845767a729879,undefined FUN_18147cd88(),ghidra,clean,
WHGame.dll,release_1_5_1164953_841,0x147cdc0,147,FUN_18147cdc0,,,9c224143690d24cddf8ebaaf4cab8b61130f94cf9ef68d37b674ced6409df47f,undefined FUN_18147cdc0(),ghidra,clean,
WHGame.dll,release_1_5_1164953_841,0x147ce54,147,FUN_18147ce54,,,67055e763cebc6942d274ddaeff25da5988ede04107ba1c6e9a5259e8c469b41,undefined FUN_18147ce54(),ghidra,clean,
WHGame.dll,release_1_5_1164953_841,0x147cee8,144,FUN_18147cee8,,,ad29b80944b6e731078b88da0fa2af6c9926dfd27a9bb5a9e0d840d6cc9fb615,undefined FUN_18147cee8(),ghidra,clean,
WHGame.dll,release_1_5_1164953_841,0x147cf78,42,FUN_18147cf78,,,88700d2696fea20bdbacd1725ff4fa8015b347d78568a940de97982d14a553ce,undefined FUN_18147cf78(),ghidra,clean,
WHGame.dll,release_1_5_1164953_841,0x147cfa4,68,FUN_18147cfa4,,,9c6a6b2986a6883c511368d5fd2c033268ba62058c2e2b8ebe800aaaf636aa52,undefined FUN_18147cfa4(),ghidra,clean,
WHGame.dll,release_1_5_1164953_841,0x147cfe8,431,FUN_18147cfe8,,,ff90207d147fb39510ac815309972f7bb55a925822d332d82f46a425f4b89c9a,undefined FUN_18147cfe8(),ghidra,clean,
WHGame.dll,release_1_5_1164953_841,0x147d144,40,FUN_18147d144,,,a73bd4d3539711cf74fea98574ef3de602c83db9d0604527540fed6e3c90d46b,undefined FUN_18147d144(),ghidra,clean,
WHGame.dll,release_1_5_1164953_841,0x147d16c,42,FUN_18147d16c,,,8cee9cd7858630174dd309999bc902ea7e32242ab32d71fb6181a54e61912a23,undefined FUN_18147d16c(),ghidra,clean,
WHGame.dll,release_1_5_1164953_841,0x147d198,328,FUN_18147d198,,,86ad4c5311231b264f6f8f4d8ada76a735fe04ab0c58b26ed8bb4dc153a73dd1,undefined FUN_18147d198(),ghidra,clean,
WHGame.dll,release_1_5_1164953_841,0x147d2e4,100,FUN_18147d2e4,,,bfc453d0f6806c3e22faabe4ae946c02cbf5aa988a66a2a4560b1c124a610c1a,undefined FUN_18147d2e4(),ghidra,clean,
WHGame.dll,release_1_5_1164953_841,0x147d348,30,FUN_18147d348,,,2d8eca2ef6e1ef4d434a79900cee5474895561340c87785bde55181ec88a5e86,undefined FUN_18147d348(),ghidra,clean,
WHGame.dll,release_1_5_1164953_841,0x147d368,174,FUN_18147d368,,,e534f0d0594bc3a0bfe9953597e30cb71de1a3e3fd639f75ebff8d1d2708f890,undefined FUN_18147d368(),ghidra,clean,
WHGame.dll,release_1_5_1164953_841,0x147d408,88,FUN_18147d408,,,57902d28187f8aca5404e0c2826fdc16d33f2ee53d2da2e2e6c174be8bac3db3,undefined FUN_18147d408(),ghidra,clean,
WHGame.dll,release_1_5_1164953_841,0x147d460,313,FUN_18147d460,,,9612200fbf22283960cdcbffcd54bb742fdbe6886ce004ac6d315463e9e5b40c,undefined FUN_18147d460(),ghidra,clean,
WHGame.dll,release_1_5_1164953_841,0x147d59c,106,FUN_18147d59c,,,9f3a8c927a811afcc2df22fd28e0527979c381b0f820c9a1b2a4f93eba88ce4c,undefined FUN_18147d59c(),ghidra,clean,
WHGame.dll,release_1_5_1164953_841,0x147d608,149,FUN_18147d608,,,9d1cfce837f40b825c1c6c71e6cd7b917abc8f7ff51c68b6f06457786d84e637,undefined FUN_18147d608(),ghidra,clean,
WHGame.dll,release_1_5_1164953_841,0x147d6a0,331,FUN_18147d6a0,,,c9916597dcb5b71206206733f1a897eca2da84df19dddec97821da4ed0a9bd6c,undefined FUN_18147d6a0(),ghidra,clean,
WHGame.dll,release_1_5_1164953_841,0x147d7ec,162,FUN_18147d7ec,,,375fe0abbe86f439414f98586278b3505edbcf148a38d63c4874f8f5c3d89f3c,undefined FUN_18147d7ec(),ghidra,clean,
WHGame.dll,release_1_5_1164953_841,0x147d890,213,FUN_18147d890,,,775fd61af95ed075781acc98f17a14b3046f2018f3047312890a4338f308c1d4,undefined FUN_18147d890(),ghidra,clean,
WHGame.dll,release_1_5_1164953_841,0x147d968,1128,FUN_18147d968,,,f0493c8658cbb775e8fa61378d93fd259d649366394cd544808c8e0560218ed3,undefined FUN_18147d968(),ghidra,clean,
WHGame.dll,release_1_5_1164953_841,0x147ddd0,943,FUN_18147ddd0,,,ef12115722bd6ac1e5546d681674f998f62d4914a686a6816810b2d1730e4994,undefined FUN_18147ddd0(),ghidra,clean,
WHGame.dll,release_1_5_1164953_841,0x147e180,4616,FUN_18147e180,,,a79df94c9d3934132a052c2971e1db91c754d107dafccead3218fb1750fab3d3,undefined FUN_18147e180(),ghidra,clean,
WHGame.dll,release_1_5_1164953_841,0x147f388,1185,FUN_18147f388,,,f73716118f8fe255d054276eefc8933b3ee92c3fb37ff869b5a4d510e7cfda76,undefined FUN_18147f388(),ghidra,clean,
WHGame.dll,release_1_5_1164953_841,0x147f82c,331,FUN_18147f82c,,,95a5facbe299dbe292c2ed97efd76127c96c1da2e0c3cec698371faf10933d64,undefined FUN_18147f82c(),ghidra,clean,
WHGame.dll,release_1_5_1164953_841,0x147f978,106,FUN_18147f978,,,5a093b1da843f8692c7ed0b032995081f7d0db4ea30e46891d4fb3ceec2a674c,undefined FUN_18147f978(),ghidra,clean,
WHGame.dll,release_1_5_1164953_841,0x147f9e4,327,FUN_18147f9e4,,,e711dd6555046ea7dd087df4c2ad422d8a474c03900183b164f5bc31a2d1dcb1,undefined FUN_18147f9e4(),ghidra,clean,
WHGame.dll,release_1_5_1164953_841,0x147fb2c,270,FUN_18147fb2c,,,2263d219b919d545456bacded03f3a121b92d2c1e0bc49f107733f8309f4ecaa,undefined FUN_18147fb2c(),ghidra,clean,
WHGame.dll,release_1_5_1164953_841,0x147fc3c,162,FUN_18147fc3c,,,a0fa6f97334a13c65aa5f8ccb3476087355837ee5b2d0b1a7432f81e43f744d9,undefined FUN_18147fc3c(),ghidra,clean,
WHGame.dll,release_1_5_1164953_841,0x147fce0,162,FUN_18147fce0,,,916c87fe513e8194528f1b789869a6ef92d123cb189ae42a8dfc0dd9491ad001,undefined FUN_18147fce0(),ghidra,clean,
WHGame.dll,release_1_5_1164953_841,0x147fd84,74,FUN_18147fd84,,,d0795cc62680728c1f38a1d10f33a1f58946db47b760cd9afddbb6579e3c4f6f,undefined FUN_18147fd84(),ghidra,clean,
WHGame.dll,release_1_5_1164953_841,0x147fdbc,50,FUN_18147fdbc,,,eaa665fc310b81f350a851a468a2032139617fd883300f398efdc9da2256d33b,undefined FUN_18147fdbc(),ghidra,clean,
WHGame.dll,release_1_5_1164953_841,0x147fdf0,180,FUN_18147fdf0,,,71d5c5b22bd216126b6513c48ba7508d058705d1952eebd5e30d1b0ce572041a,undefined FUN_18147fdf0(),ghidra,clean,
WHGame.dll,release_1_5_1164953_841,0x147fea4,62,FUN_18147fea4,,,ee320a0859b8c8b4a67d5a6ccf67c447461a0b05c8e03462cc7cc4ab768aebf6,undefined FUN_18147fea4(),ghidra,clean,
WHGame.dll,release_1_5_1164953_841,0x147fed0,52,FUN_18147fed0,,,d5f101fe837e7327c809cb738c9f105e28f61a1e9ea4d9476bcf599be055fc2d,undefined FUN_18147fed0(),ghidra,clean,
WHGame.dll,release_1_5_1164953_841,0x147ff04,190,FUN_18147ff04,,,f1a1a66c0e1d0d55a283cf00698ff487ceb3129420f744845335f18817a03705,undefined FUN_18147ff04(),ghidra,clean,
WHGame.dll,release_1_5_1164953_841,0x147ffc4,87,FUN_18147ffc4,,,6218556fbfb41ae3eb20bb966062d1d5943ade628879cff10a33a59957e2f105,undefined FUN_18147ffc4(),ghidra,clean,
WHGame.dll,release_1_5_1164953_841,0x148001c,110,FUN_18148001c,,,00233fa346a9c418f8d233a555daa04a7a741cb1bcb2d466f606da629e4678b9,undefined FUN_18148001c(),ghidra,clean,
WHGame.dll,release_1_5_1164953_841,0x148008c,20,FUN_18148008c,,,0d54cc4735fb24ae8524c9a039fdab5dcce8c37553dc57bd6cd1ac32840155af,undefined FUN_18148008c(),ghidra,clean,
WHGame.dll,release_1_5_1164953_841,0x14800a0,109,FUN_1814800a0,,,6f69f586fe2f2bb31cd6bf21a418677ef0107d0d4e102c8cf314e19af0e47628,undefined FUN_1814800a0(),ghidra,clean,
WHGame.dll,release_1_5_1164953_841,0x1480110,101,FUN_181480110,,,db7df54209d045c707c0362a779a5bb02344412ebc8c59e372dfb190beb30ff6,undefined FUN_181480110(),ghidra,clean,
WHGame.dll,release_1_5_1164953_841,0x1480178,190,FUN_181480178,,,77be8b28eef1b48799bc88af4153d01bdb088faf8dd50a95bc5ab8f592430fe3,undefined FUN_181480178(),ghidra,clean,
WHGame.dll,release_1_5_1164953_841,0x1480238,245,FUN_181480238,,,380c7c884fb8a9dbc5e4a392816a2f408b600e9c74ad9ed3ae06081b2930f098,undefined FUN_181480238(),ghidra,clean,
WHGame.dll,release_1_5_1164953_841,0x1480330,199,FUN_181480330,,,42f56c8b62bce802754bd683c83847a0b4bc4eb62a83bee9d6be2d1fda4e1417,undefined FUN_181480330(),ghidra,clean,
WHGame.dll,release_1_5_1164953_841,0x14803ec,262,FUN_1814803ec,,,6de978f8d17bd0cf5e1840c2b3e85d0955680eb73a6ef3cb840e6096a51b0615,undefined FUN_1814803ec(),ghidra,clean,
WHGame.dll,release_1_5_1164953_841,0x14804f4,100,FUN_1814804f4,,,9fc7c3bf3170df421ab712bce58aa7eb0a3eda4a4212c2f240179cbaa90a26e4,undefined FUN_1814804f4(),ghidra,clean,
WHGame.dll,release_1_5_1164953_841,0x1480558,229,FUN_181480558,,,40b5a3d6d19cced5dbac7c03c613d13c0c8234e5ea28d80cc3aa19bb47ef0f56,undefined FUN_181480558(),ghidra,clean,
WHGame.dll,release_1_5_1164953_841,0x1480640,146,FUN_181480640,,,7b1d5f3f770f259c97d8d665f96e24e53e426f2c6cb9e0b4b1cd2cda97b84daa,undefined FUN_181480640(),ghidra,clean,
WHGame.dll,release_1_5_1164953_841,0x14806d4,57,FUN_1814806d4,,,76637866c2d4f55a21acd24261abc24bc850a38bb7c5b41e636c4e35b80059df,undefined FUN_1814806d4(),ghidra,clean,
WHGame.dll,release_1_5_1164953_841,0x1480710,155,FUN_181480710,,,bd13d79603eec99007dd3482835b495f4796d05871bc501e447f1c9611e5780c,undefined FUN_181480710(),ghidra,clean,
WHGame.dll,release_1_5_1164953_841,0x14807ac,291,FUN_1814807ac,,,f0b42432ed8132ddee6fcb80b32b610d4c7dc35a48d555313c8718dc662603f9,undefined FUN_1814807ac(),ghidra,clean,
WHGame.dll,release_1_5_1164953_841,0x14808d0,180,FUN_1814808d0,,,f40855c8887e1f9eeafd58528171dcab830f48862e81a549b0000a7e548ee674,undefined FUN_1814808d0(),ghidra,clean,
WHGame.dll,release_1_5_1164953_841,0x1480984,190,FUN_181480984,,,ff2b9617697be2e071d37f68577d661de31b1f43295e9f32208876d7c52d7519,undefined FUN_181480984(),ghidra,clean,
WHGame.dll,release_1_5_1164953_841,0x1480a44,190,FUN_181480a44,,,e25e16f997cd2606690758d044154887388d0e40a146805fd7e180f26f771bca,undefined FUN_181480a44(),ghidra,clean,
WHGame.dll,release_1_5_1164953_841,0x1480b04,180,FUN_181480b04,,,f62f9c9b83172d55e8ea52bb39b4ef784fc09e6444f5fadd940caa5b5ae1a396,undefined FUN_181480b04(),ghidra,clean,
WHGame.dll,release_1_5_1164953_841,0x1480bb8,190,FUN_181480bb8,,,bb470e7b52034c406de43d76a16fa486ef69c05de2412c820361e0e565381d69,undefined FUN_181480bb8(),ghidra,clean,
WHGame.dll,release_1_5_1164953_841,0x1480c78,190,FUN_181480c78,,,25fc725bfd0b25e775b9a3ad9dec175af16a6f79e9c8095b7b2c44001ad2ce71,undefined FUN_181480c78(),ghidra,clean,
WHGame.dll,release_1_5_1164953_841,0x1480d38,155,FUN_181480d38,,,429cd7f1227302979dcd95b3e6227628f0e43fb517d90ebe9c80a92aa0a7980e,undefined FUN_181480d38(),ghidra,clean,
WHGame.dll,release_1_5_1164953_841,0x1480dd4,291,FUN_181480dd4,,,2d2444b5680a49d646ee041bd2e101893fdabdf18552001b52b63b240d73955c,undefined FUN_181480dd4(),ghidra,clean,
WHGame.dll,release_1_5_1164953_841,0x1480ef8,190,FUN_181480ef8,,,8a248d4a3fbf4a7039805649dc333b17a21ee5333b188cb0fbed0637371d86f0,undefined FUN_181480ef8(),ghidra,clean,
WHGame.dll,release_1_5_1164953_841,0x1480fb8,155,FUN_181480fb8,,,61586b3ada64cc665d1727cc7592e4668fa6764ab7746c9bd6a9a5ede4e83385,undefined FUN_181480fb8(),ghidra,clean,
WHGame.dll,release_1_5_1164953_841,0x1481054,291,FUN_181481054,,,315228cd84acd97e6b6db76bf40d6ca068bfd8f98b60bf4b0014c4da79fce9d5,undefined FUN_181481054(),ghidra,clean,
WHGame.dll,release_1_5_1164953_841,0x1481178,167,FUN_181481178,,,116c4aee5fe20d58d3256d68a624541326ff4cc4a7d2d7c849f24b80a313df7b,undefined FUN_181481178(),ghidra,clean,
WHGame.dll,release_1_5_1164953_841,0x1481220,190,FUN_181481220,,,9ea4d2f1add3ca616158346afdda0ed63c0e51d994dcbed1db45783613d31d1d,undefined FUN_181481220(),ghidra,clean,
WHGame.dll,release_1_5_1164953_841,0x14812e0,190,FUN_1814812e0,,,47ab36648d774f21f518f31428b5166e8aa615e6b5af9a2099e3591bcf9b8fd0,undefined FUN_1814812e0(),ghidra,clean,
WHGame.dll,release_1_5_1164953_841,0x14813a0,155,FUN_1814813a0,,,0a04edc7ea748fa065d98808f12a09b01c0c7bd5f859c27ac8c84c3e2567b6c9,undefined FUN_1814813a0(),ghidra,clean,
WHGame.dll,release_1_5_1164953_841,0x148143c,291,FUN_18148143c,,,57e74d2f92ce7703038615d6bc25cddb09977b0ef6cf285b1e454020faf2c3fc,undefined FUN_18148143c(),ghidra,clean,
WHGame.dll,release_1_5_1164953_841,0x1481560,52,FUN_181481560,,,3b2666bfb27961e9a802c256f6632993b4331e50ed6eb5981d2048f99af32770,undefined FUN_181481560(),ghidra,clean,
WHGame.dll,release_1_5_1164953_841,0x1481594,488,FUN_181481594,,,5a4d051154a4e1e85ebacd35d701acb0cf65ccc2d737e4d1853d1878f446b13c,undefined FUN_181481594(),ghidra,clean,
WHGame.dll,release_1_5_1164953_841,0x148177c,52,FUN_18148177c,,,8f14bedb0ab297ab33fda04967dffec623ba01637d60c4882a3bc28f50705782,undefined FUN_18148177c(),ghidra,clean,
WHGame.dll,release_1_5_1164953_841,0x14817b0,65,FUN_1814817b0,,,216fc5d8c1e69b74a6f47b092b05e4c0a9002af23f951dad29efc81c2010630d,undefined FUN_1814817b0(),ghidra,clean,
WHGame.dll,release_1_5_1164953_841,0x14817f4,107,FUN_1814817f4,,,281ccb4c4e96e7322254263345257bbcb06e6a55fbe79982f58180263aa9764e,undefined FUN_1814817f4(),ghidra,clean,
WHGame.dll,release_1_5_1164953_841,0x1481844,134,FUN_181481844,,,719fc660b8d613008453acf7dc2fff43039c3466b9c3dbb2d06934df3cceda52,undefined FUN_181481844(),ghidra,clean,
WHGame.dll,release_1_5_1164953_841,0x14818cc,482,FUN_1814818cc,,,384dd2cb0c84857e92713be88c1a5f68488f8ee317d1dc6763214700dcaac974,undefined FUN_1814818cc(),ghidra,clean,
WHGame.dll,release_1_5_1164953_841,0x1481ab0,149,FUN_181481ab0,,,0433af394c4ab625ef7099ac9d2d3097e104bed920de712e8cb9ad2325402bef,undefined FUN_181481ab0(),ghidra,clean,
WHGame.dll,release_1_5_1164953_841,0x1481b48,423,FUN_181481b48,,,28b4582719fc16e874c8e637b62a57a815661eb0cd182d941863b0cc1a59c75f,undefined FUN_181481b48(),ghidra,clean,
WHGame.dll,release_1_5_1164953_841,0x1481cf0,152,FUN_181481cf0,,,bfb1754876735df278ed1f8f72c419401af821d2fbce4f26803a8ae763ffe5ae,undefined FUN_181481cf0(),ghidra,clean,
WHGame.dll,release_1_5_1164953_841,0x1481d88,462,FUN_181481d88,,,87e743c82b28ddcbf92f9c8a3488b99b281368b016309a238da509fdbd465730,undefined FUN_181481d88(),ghidra,clean,
WHGame.dll,release_1_5_1164953_841,0x1481f58,78,FUN_181481f58,,,c6b790a39528f83b6fdcd6b42d9eb867478e655fa3cc8b745c4fe4e83389f985,undefined FUN_181481f58(),ghidra,clean,
WHGame.dll,release_1_5_1164953_841,0x1481fa8,210,FUN_181481fa8,,,0a63220b4b7590c938ef6845ba20fde9fe186d2f8de0f2ef6a8b536c1845b07a,undefined FUN_181481fa8(),ghidra,clean,
WHGame.dll,release_1_5_1164953_841,0x148207c,190,FUN_18148207c,,,8d0630ac48fe2c38aee385b05dff7869481afa16ac81b5805d73bf2d30d5ec8b,undefined FUN_18148207c(),ghidra,clean,
WHGame.dll,release_1_5_1164953_841,0x148213c,155,FUN_18148213c,,,14fe27001b6781dac32eda6c42ebce53429afe31622dab277fd3ae611a019dd4,undefined FUN_18148213c(),ghidra,clean,
WHGame.dll,release_1_5_1164953_841,0x14821d8,291,FUN_1814821d8,,,e21e96aae4f942ceb11e7bf0fd2c968b2dd3b25545e1d391232f73acb1545fb3,undefined FUN_1814821d8(),ghidra,clean,
WHGame.dll,release_1_5_1164953_841,0x14822fc,190,FUN_1814822fc,,,99f437aa2a15c3ee60120a31b10ecacecefa5aa6493bc88bab03d646fc1e9afb,undefined FUN_1814822fc(),ghidra,clean,
WHGame.dll,release_1_5_1164953_841,0x14823bc,190,FUN_1814823bc,,,4fe515766b52a93a8729263b2f2b09ca6a7da8935b82fbacf7b850d3b0266bf7,undefined FUN_1814823bc(),ghidra,clean,
WHGame.dll,release_1_5_1164953_841,0x148247c,26,FUN_18148247c,,,a2c0a9aaa5a146dd04f1b0e58f85e55bcf74e3d4781298d0cab22854e4933e91,undefined FUN_18148247c(),ghidra,clean,
WHGame.dll,release_1_5_1164953_841,0x14824a0,9,FUN_1814824a0,,,3643d0ecceaf2bfa187c291832e4617159817631b4ffb36e45d40b1ef0533a39,undefined FUN_1814824a0(),ghidra,clean,
WHGame.dll,release_1_5_1164953_841,0x14824ac,66,FUN_1814824ac,,,23e520bef8ae51e5f8be0e8bf57f55648b10d3d2f4c18fd5a5431ee5604c6cfe,undefined FUN_1814824ac(),ghidra,clean,
WHGame.dll,release_1_5_1164953_841,0x14824dc,336,FUN_1814824dc,,,646f00b732ac4c9c8bf2e7e31d2703876e1c9a72043bad3b35c93d5785a7d705,undefined FUN_1814824dc(),ghidra,clean,
WHGame.dll,release_1_5_1164953_841,0x1482600,75,FUN_181482600,,,4d761230386a5696a5482e56f74e5357dd01af08f5153fbefd8c890ae912e928,undefined FUN_181482600(),ghidra,clean,
WHGame.dll,release_1_5_1164953_841,0x148264c,236,FUN_18148264c,,,5a386beee093ccc7de9d48309dad21e9d8d13c6ce9be6130ee4379aca20f05f9,undefined FUN_18148264c(),ghidra,clean,
WHGame.dll,release_1_5_1164953_841,0x1482738,94,FUN_181482738,,,3ab9c93de18c3e7dd1354b294af4d7712e48d334d87a012cf296c127c94f90c5,undefined FUN_181482738(),ghidra,clean,
WHGame.dll,release_1_5_1164953_841,0x1482798,26,FUN_181482798,,,d91c179c9a00892cddb6187d9fcff5bbbf9b44df4b259d4148a22b68c7c3ec4a,undefined FUN_181482798(),ghidra,clean,
WHGame.dll,release_1_5_1164953_841,0x14827b4,41,FUN_1814827b4,,,f46aa6f2a6ac5be89a72ade8936b693c1ab695bade1e115c7ea23979d5b008e6,undefined FUN_1814827b4(),ghidra,clean,
WHGame.dll,release_1_5_1164953_841,0x14827e0,179,FUN_1814827e0,,,40b22dc2692720adc237c3701fb06148561b19a33b540c66f92d082666197a14,undefined FUN_1814827e0(),ghidra,clean,
WHGame.dll,release_1_5_1164953_841,0x1482894,176,FUN_181482894,,,3a2b7b749a0972cad542f403f9d862b203e9d6ec30b32c66f6fffca13ed94cfd,undefined FUN_181482894(),ghidra,clean,
WHGame.dll,release_1_5_1164953_841,0x1482944,136,FUN_181482944,,,c13f4d0e4885323b86b157cdc30d42a061345c4f18c4dcc7544177d4ffe15c29,undefined FUN_181482944(),ghidra,clean,
WHGame.dll,release_1_5_1164953_841,0x14829cc,180,FUN_1814829cc,,,b0a9ceb0ba3d582b38eeca4c109135f203a3d61481431c563638ab10b2abb9e8,undefined FUN_1814829cc(),ghidra,clean,
WHGame.dll,release_1_5_1164953_841,0x1482a80,79,FUN_181482a80,,,f3ae702307d8361fdccad6032a37d5c3beee8aa9da8e7f37edc0ef3cae049cc8,undefined FUN_181482a80(),ghidra,clean,
WHGame.dll,release_1_5_1164953_841,0x1482ad0,65,FUN_181482ad0,,,82560b8948ab9994b0d6b028aaecb2689bd2fdbf153a86c711e9931b390ec125,undefined FUN_181482ad0(),ghidra,clean,
WHGame.dll,release_1_5_1164953_841,0x1482b14,73,FUN_181482b14,,,8359618a62a4b16cdca71b849055e81ab46487550b5f112f678a9105a820d859,undefined FUN_181482b14(),ghidra,clean,
WHGame.dll,release_1_5_1164953_841,0x1482b60,69,FUN_181482b60,,,2f8063cf7d1a4c27ca718ebec4272896c3c81d405c983e8069ea6490d1489f51,undefined FUN_181482b60(),ghidra,clean,
WHGame.dll,release_1_5_1164953_841,0x1482ba8,65,FUN_181482ba8,,,0ba2c65833742d6c73e0c0e413ca9eb2447ee291051fe57a4b0613a55a1c473c,undefined FUN_181482ba8(),ghidra,clean,
WHGame.dll,release_1_5_1164953_841,0x1482bec,73,FUN_181482bec,,,09616f1536d109d68feee4a2872e35061436e2735171e1f59741fcf98012ee9c,undefined FUN_181482bec(),ghidra,clean,
WHGame.dll,release_1_5_1164953_841,0x1482c38,278,FUN_181482c38,,,9e131e8fe0dd36acb0728b4dd996d3d2768e2fd2fcaf75b00db9725d51e89853,undefined FUN_181482c38(),ghidra,clean,
WHGame.dll,release_1_5_1164953_841,0x1482cdc,200,FUN_181482cdc,,,07734c40ac671c7387f1b7b68a4b4e83096067099eaab1b975ead49cd8a6d3dc,undefined FUN_181482cdc(),ghidra,clean,
WHGame.dll,release_1_5_1164953_841,0x1482d9c,186,FUN_181482d9c,,,ad88d0b21681cef2e59de97dbc60a2b506fae2f30370b9a4ea4a20d37ce6f837,undefined FUN_181482d9c(),ghidra,clean,
WHGame.dll,release_1_5_1164953_841,0x1482e58,40,FUN_181482e58,,,b9551fbc89c54af893e37e731abea76834b16a6d5562760d7164dc2abf2f7d6c,undefined FUN_181482e58(),ghidra,clean,
WHGame.dll,release_1_5_1164953_841,0x1482e80,62,FUN_181482e80,,,4bca2b91934dd3c20c55cc5294a204e1a589042431be8e0ed86060d72537f2f2,undefined FUN_181482e80(),ghidra,clean,
WHGame.dll,release_1_5_1164953_841,0x1482ec0,160,FUN_181482ec0,,,b83d3682e4c87468a4c7c07672682c85609bfbde0fdfaa7082dd5771add27131,undefined FUN_181482ec0(),ghidra,clean,
WHGame.dll,release_1_5_1164953_841,0x1482f60,32,FUN_181482f60,,,4aaadba1d1cb9715e4cbc1a1dcdce51cc11e8b9771d9c4dc7db50e43836ea127,undefined FUN_181482f60(),ghidra,clean,
WHGame.dll,release_1_5_1164953_841,0x1482f80,311,FUN_181482f80,,,0c90231768e1ff2acc3c409af16c53eb525f0710e38189feb793c99c5d810ec4,undefined FUN_181482f80(),ghidra,clean,
WHGame.dll,release_1_5_1164953_841,0x1483018,76,FUN_181483018,,,f39f7d4525c66f9cacaeaee64303b5a17f438b4e0a91aa8e7a1fef7ee7785dd3,undefined FUN_181483018(),ghidra,clean,
WHGame.dll,release_1_5_1164953_841,0x1483064,65,FUN_181483064,,,41af29d0ce84fb79b57b527f14d89073e44090af7e40270a137c514347ad639d,undefined FUN_181483064(),ghidra,clean,
WHGame.dll,release_1_5_1164953_841,0x14830a8,145,FUN_1814830a8,,,3a713a74d404e0d6a2e95501effa7c29935b15e5c5473848997295af6902ce26,undefined FUN_1814830a8(),ghidra,clean,
WHGame.dll,release_1_5_1164953_841,0x148313c,78,FUN_18148313c,,,a3a3658cf7aca2bd026ff61a79eb0fda964bf62a5267cd406a4afe35ed70bdd5,undefined FUN_18148313c(),ghidra,clean,
WHGame.dll,release_1_5_1164953_841,0x148318c,33,FUN_18148318c,,,762c71f5b85757a3f71fb879030df9dc59fb21aadc82feabed79d7e85608eaa1,undefined FUN_18148318c(),ghidra,clean,
WHGame.dll,release_1_5_1164953_841,0x14831b0,109,FUN_1814831b0,,,fffa8faea60135bbf19433aa83402d2ce3ec3c78b00307ecba1283dc4f2dc262,undefined FUN_1814831b0(),ghidra,clean,
WHGame.dll,release_1_5_1164953_841,0x1483220,37,FUN_181483220,,,d23841e1b93fd4ead78d130515bd1d0df9a558b2c7a035f130751679d10cbf05,undefined FUN_181483220(),ghidra,clean,
WHGame.dll,release_1_5_1164953_841,0x1483248,37,FUN_181483248,,,bb5c8875273b59398c849c310de73a45644d0a1d231db5623d6abfa445fd0e27,undefined FUN_181483248(),ghidra,clean,
WHGame.dll,release_1_5_1164953_841,0x1483270,63,FUN_181483270,,,d6150376ae9b54059fd68874a6a0fd5902ed1c64a96e0d7a005357b9beb47b47,undefined FUN_181483270(),ghidra,clean,
WHGame.dll,release_1_5_1164953_841,0x14832b0,1026,FUN_1814832b0,,,03059592ee43fcaefa3cafd7f7b019133fd1acaf6617cadf8853f528aabbb224,undefined FUN_1814832b0(),ghidra,clean,
WHGame.dll,release_1_5_1164953_841,0x14836b4,147,FUN_1814836b4,,,37808a175d28752f4a3b502f903f3aeb4ff248304aeec053154b8c3722ff90a4,undefined FUN_1814836b4(),ghidra,clean,
WHGame.dll,release_1_5_1164953_841,0x1483747,89,FUN_181483747,,,519eb281f43dbad5adddb382a610ae798a1bc225a3c89e8541b52c420a3bcd45,undefined FUN_181483747(),ghidra,clean,
WHGame.dll,release_1_5_1164953_841,0x1483754,4,FUN_181483754,,,fc89be4b914c8942885df58181cf8256d984ff845419b7b0f32dfcfbcd98f0fb,undefined FUN_181483754(),ghidra,clean,
WHGame.dll,release_1_5_1164953_841,0x1483758,69,FUN_181483758,,,c13cd97ffc8a6c95d6d7e482c20091ef6b71df309cbd74d7cb86b1f8cd80c057,undefined FUN_181483758(),ghidra,clean,
WHGame.dll,release_1_5_1164953_841,0x14837a0,128,FUN_1814837a0,,,50d0df0bdf35f57b10929e5d4dae4c969a96bf2c59779dc95734b84b80733aa6,undefined FUN_1814837a0(),ghidra,clean,
WHGame.dll,release_1_5_1164953_841,0x1483820,19,FUN_181483820,,,c84ab799f66f85a6c25d3e3651dc0d347c490f0e053711be97efb9d315a720c3,undefined FUN_181483820(),ghidra,clean,
WHGame.dll,release_1_5_1164953_841,0x1483834,380,FUN_181483834,,,c7777eef1c87684445bb749fb2d4e5e86eeb0427e3ccb3adc1b277ddaf2ebbc0,undefined FUN_181483834(),ghidra,clean,
WHGame.dll,release_1_5_1164953_841,0x14839b0,262,FUN_1814839b0,,,cf8ce9f275032c0991bb4ea39ff362e0c688fe19fe0ea5a4d78cc981ef1c93bc,undefined FUN_1814839b0(),ghidra,clean,
WHGame.dll,release_1_5_1164953_841,0x1483ab8,92,FUN_181483ab8,,,b3fb9a028473b64e4071d6e66e18cc3f8b3738422b48dd97733d7cf0fb1222d1,undefined FUN_181483ab8(),ghidra,clean,
WHGame.dll,release_1_5_1164953_841,0x1483b14,71,FUN_181483b14,,,2d60d752cd6c3ddfdd7fb7dd1cd9c536dc8de2d79a3a49ba93a5958aa3804b70,undefined FUN_181483b14(),ghidra,clean,
WHGame.dll,release_1_5_1164953_841,0x1483b5c,440,FUN_181483b5c,,,3590b68a1011926d67f0db044ff32438d4620fcb6f231510bbf75574fe21bff5,undefined FUN_181483b5c(),ghidra,clean,
WHGame.dll,release_1_5_1164953_841,0x1483d14,162,FUN_181483d14,,,60c1161a606153981cbb225afe11b087199c4440c36210fbdf14eaf42d706bd3,undefined FUN_181483d14(),ghidra,clean,
WHGame.dll,release_1_5_1164953_841,0x1483db8,106,FUN_181483db8,,,cdd0c5631fdf3f1f5c7fe8dc65634296027ff8b0674f358948de9bdd94a5d235,undefined FUN_181483db8(),ghidra,clean,
WHGame.dll,release_1_5_1164953_841,0x1483e24,140,FUN_181483e24,,,f6df664df109834d9a40eadfa36c9967814a93862f0706b19b131cafe8b16085,undefined FUN_181483e24(),ghidra,clean,
WHGame.dll,release_1_5_1164953_841,0x1483eb0,217,FUN_181483eb0,,,5364c181ebdf93da995ce5eae78f019b33389276f6e9d26c6483f3b27a9fecdd,undefined FUN_181483eb0(),ghidra,clean,
WHGame.dll,release_1_5_1164953_841,0x1483f8c,170,FUN_181483f8c,,,208ff633112a95deea12c29482c3c2ffda0854cb237db7fb61590931445f08c2,undefined FUN_181483f8c(),ghidra,clean,
WHGame.dll,release_1_5_1164953_841,0x1484028,363,FUN_181484028,,,12473436f7dc1ab34df970ec4d1552f46767da6df684ac2892eba008fea00138,undefined FUN_181484028(),ghidra,clean,
WHGame.dll,release_1_5_1164953_841,0x148418c,179,FUN_18148418c,,,ba2f11c50cd7f84f2eb9d27909f8b26c63ce5de6a5db7e57136726fd2d74dfa2,undefined FUN_18148418c(),ghidra,clean,
WHGame.dll,release_1_5_1164953_841,0x1484240,70,FUN_181484240,,,5438ddaa26f44bb14b783cdaec3b9b20113c4556f9836ab823f418dd3b2361c6,undefined FUN_181484240(),ghidra,clean,
WHGame.dll,release_1_5_1164953_841,0x1484288,84,FUN_181484288,,,29e51e3a0b6fb6a5eb44783d9d012b3058039dd48195779b2599008d66135933,undefined FUN_181484288(),ghidra,clean,
WHGame.dll,release_1_5_1164953_841,0x14842dc,206,FUN_1814842dc,,,26adc6a08b09f0d724982975d2f34bc16479c3e799dd3017f98f2d27385bfe73,undefined FUN_1814842dc(),ghidra,clean,
WHGame.dll,release_1_5_1164953_841,0x14843ac,69,FUN_1814843ac,,,5eda0e5e96f180211175ec15e2916931edcf2eb5cdbfdf4ffe9fd33ebdbd2f89,undefined FUN_1814843ac(),ghidra,clean,
WHGame.dll,release_1_5_1164953_841,0x14843f4,194,FUN_1814843f4,,,9bfdf5a8ffe3ad6da132fdfc0c02613850d46bef025d417552182bb772a71d57,undefined FUN_1814843f4(),ghidra,clean,
WHGame.dll,release_1_5_1164953_841,0x14844b8,155,FUN_1814844b8,,,f277c8b548145a08eb6cf793acbb05c9eb189c18f82748da27b51bd0e5005132,undefined FUN_1814844b8(),ghidra,clean,
WHGame.dll,release_1_5_1164953_841,0x1484554,291,FUN_181484554,,,f4ac4d00f75644ade3dbd593b21b068a6d7cd63feaa4e99701616aedfceef8ce,undefined FUN_181484554(),ghidra,clean,
WHGame.dll,release_1_5_1164953_841,0x1484678,190,FUN_181484678,,,f8c105df39c2158c0428fe7a49d14b996e8d1c1eed34da08546dca38be91f7e1,undefined FUN_181484678(),ghidra,clean,
WHGame.dll,release_1_5_1164953_841,0x1484738,155,FUN_181484738,,,1fd4db3e0d2016eda606fe76a3edb111857c5e054e9717b8659809f2114b72f0,undefined FUN_181484738(),ghidra,clean,
WHGame.dll,release_1_5_1164953_841,0x14847d4,291,FUN_1814847d4,,,8bb591ec5118f3bde8953d02a92dd5990de05bd10e6380e2efa23480d2e47133,undefined FUN_1814847d4(),ghidra,clean,
WHGame.dll,release_1_5_1164953_841,0x14848f8,57,FUN_1814848f8,,,0ea1fa652df6adc5ae6d08989b72617615bd2653d62e7c9d1a7f4482e5fb8f23,undefined FUN_1814848f8(),ghidra,clean,
WHGame.dll,release_1_5_1164953_841,0x1484934,86,FUN_181484934,,,9f162c42de5123918b964faefa5ace937bddbf89ac4bd5b2736980b087bf8e7a,undefined FUN_181484934(),ghidra,clean,
WHGame.dll,release_1_5_1164953_841,0x148498c,86,FUN_18148498c,,,6b8545def1e8ac45aead88a84bb8b778b805e3feaa1db18e753b06095b81639a,undefined FUN_18148498c(),ghidra,clean,
WHGame.dll,release_1_5_1164953_841,0x14849e4,85,FUN_1814849e4,,,bd6abaaf7a454391fba3740e9e713dc82b4c4d41d0fb42eb0df8def9af9e72a5,undefined FUN_1814849e4(),ghidra,clean,
WHGame.dll,release_1_5_1164953_841,0x1484a18,72,FUN_181484a18,,,e0a691aece8c83a6694f6e317066112a1c8ac49307ce8c5e004ec4c3dcfd6a0d,undefined FUN_181484a18(),ghidra,clean,
WHGame.dll,release_1_5_1164953_841,0x1484a4c,197,FUN_181484a4c,,,6cfd8df6956423b48557a4576ac907370b918da160cd5ffdeb647fd39d61dd91,undefined FUN_181484a4c(),ghidra,clean,
WHGame.dll,release_1_5_1164953_841,0x1484b14,374,FUN_181484b14,,,e775b03be42538679f51935d61606b2675c5a535a2b6925aa0bbca748177fb86,undefined FUN_181484b14(),ghidra,clean,
WHGame.dll,release_1_5_1164953_841,0x1484c8c,190,FUN_181484c8c,,,fd0659926b93d408145c0cb1716bdc58185d1951d60cc8812ac3d4fa04bf1bfb,undefined FUN_181484c8c(),ghidra,clean,
WHGame.dll,release_1_5_1164953_841,0x1484d4c,596,FUN_181484d4c,,,d03c5aa17effa6ebc5b58383afa557568cf576e28d5ef560f7b08a2319da002a,undefined FUN_181484d4c(),ghidra,clean,
WHGame.dll,release_1_5_1164953_841,0x1484fa4,84,FUN_181484fa4,,,72ed5c63e0d1343b190992ce0ca879fb9a5c43b953263f58f695941ef4667dbb,undefined FUN_181484fa4(),ghidra,clean,
WHGame.dll,release_1_5_1164953_841,0x1484ff8,642,FUN_181484ff8,,,b46bf75d4d8becf3c8fd95864cbf2531c4d640a0010dca94e5f85156b106b105,undefined FUN_181484ff8(),ghidra,clean,
WHGame.dll,release_1_5_1164953_841,0x148527c,273,FUN_18148527c,,,53f600a7815bc4e411eaf78a3baf7c96e17c20766e5e6c788711b2922c3d815c,undefined FUN_18148527c(),ghidra,clean,
WHGame.dll,release_1_5_1164953_841,0x1485380,196,FUN_181485380,,,6e2ce675b3b2ab3f38905039c296b4ace5c70cbc9dc132a8606f1dbc391202b7,undefined FUN_181485380(),ghidra,clean,
WHGame.dll,release_1_5_1164953_841,0x148543c,175,FUN_18148543c,,,6b1c3997b066903ac8da9dd09357580043ae84081a8cbf7b609d65125efd5ee7,undefined FUN_18148543c(),ghidra,clean,
WHGame.dll,release_1_5_1164953_841,0x14854ec,110,FUN_1814854ec,,,dd23c7d243a88b73120c4a525e5ac89e85c9f575a41c62ba857c41c669e1cacc,undefined FUN_1814854ec(),ghidra,clean,
WHGame.dll,release_1_5_1164953_841,0x148554c,26,FUN_18148554c,,,408a45921400e37d7cc4180628a4f6540ab8cf915b3274c336e766c1bebe2778,undefined FUN_18148554c(),ghidra,clean,
WHGame.dll,release_1_5_1164953_841,0x1485568,151,FUN_181485568,,,4cbe70b22d8ee4ce9daf630c7fec2ab62541a07c924915bad46dd8a53adb8559,undefined FUN_181485568(),ghidra,clean,
WHGame.dll,release_1_5_1164953_841,0x1485600,958,FUN_181485600,,,da4f606256907a2b655e96c9744b5349f6c69308cd64b8113a7593099be4a844,undefined FUN_181485600(),ghidra,clean,
WHGame.dll,release_1_5_1164953_841,0x14859c0,23,FUN_1814859c0,,,4a2215c3e820937481093c41c3a2c4fdd1b034767afb06c5e8afd475b2e2dc6a,undefined FUN_1814859c0(),ghidra,clean,
WHGame.dll,release_1_5_1164953_841,0x14859d8,155,FUN_1814859d8,,,6d6246aeb8ce6471e2dbe088edbbd9b9f6bbbf102dccac45d86a72407d183f61,undefined FUN_1814859d8(),ghidra,clean,
WHGame.dll,release_1_5_1164953_841,0x1485a74,304,FUN_181485a74,,,a03c618b1b3e78a85eacc98bd19a307278a459615caa12bc6d60dc0c0b74cf33,undefined FUN_181485a74(),ghidra,clean,
WHGame.dll,release_1_5_1164953_841,0x1485ba4,155,FUN_181485ba4,,,7f1db4ec4df2e005a4b2eb008950ac17ad31a019bdb13bbd95fc699ad5f527ae,undefined FUN_181485ba4(),ghidra,clean,
WHGame.dll,release_1_5_1164953_841,0x1485c40,298,FUN_181485c40,,,83f8c2e59558ab36a738b3f779769c465bb4a457d99b08d9d347946959105bd3,undefined FUN_181485c40(),ghidra,clean,
WHGame.dll,release_1_5_1164953_841,0x1485d6c,110,FUN_181485d6c,,,5e53f46f7e4f178ea5c603f773dfe41af5ae0c14677eb5cf9de161103b185b76,undefined FUN_181485d6c(),ghidra,clean,
WHGame.dll,release_1_5_1164953_841,0x1485dcc,151,FUN_181485dcc,,,83e33475c79e848294239cea987e1beddefee69ae224bc82f3eab7a1e46feed9,undefined FUN_181485dcc(),ghidra,clean,
WHGame.dll,release_1_5_1164953_841,0x1485e64,296,FUN_181485e64,,,ee04cb232a07b36a4593574920fe69150f1d3b4c4b404292bb62015ef77b6b9d,undefined FUN_181485e64(),ghidra,clean,
WHGame.dll,release_1_5_1164953_841,0x1485f8c,50,FUN_181485f8c,,,8c225cac26cd30728e2be0b8efb0f57a4846617b9f4bb8e81d775363e2928b84,undefined FUN_181485f8c(),ghidra,clean,
WHGame.dll,release_1_5_1164953_841,0x1485fc0,190,FUN_181485fc0,,,d6c367033c9446c6fefbf28ae38b8017b4a14e99daff619ecf76402a2b0a5519,undefined FUN_181485fc0(),ghidra,clean,
WHGame.dll,release_1_5_1164953_841,0x1486080,190,FUN_181486080,,,a6ac25302f54fcda989c9a917a9f1d259f0adef3a281786d2adb698b2e5a0875,undefined FUN_181486080(),ghidra,clean,
WHGame.dll,release_1_5_1164953_841,0x1486140,55,FUN_181486140,,,f18f6ec0f6cb6ffe645deefb8dbc80de5f10efac1e39f1bf4ab262084ca5c930,undefined FUN_181486140(),ghidra,clean,
WHGame.dll,release_1_5_1164953_841,0x1486168,181,FUN_181486168,,,2ef87d8fc78d8a4879f199bc0532a592a60797934f33c724576e8b5519f552e4,undefined FUN_181486168(),ghidra,clean,
WHGame.dll,release_1_5_1164953_841,0x1486220,297,FUN_181486220,,,b3e2afb2ab13f285a6098ed002e66f3290546510d8bfcf771f602c57b8e69751,undefined FUN_181486220(),ghidra,clean,
WHGame.dll,release_1_5_1164953_841,0x148634c,296,FUN_18148634c,,,79a770ba0b0130eedc7a1887ded608872ddc7cabfc6fec16df468f11212347d1,undefined FUN_18148634c(),ghidra,clean,
WHGame.dll,release_1_5_1164953_841,0x1486418,87,FUN_181486418,,,72f2bff5eb3e88fe0e77a92a2df1d68d586a390741dfdffc949193413ebfb9ea,undefined FUN_181486418(),ghidra,clean,
WHGame.dll,release_1_5_1164953_841,0x1486444,26,FUN_181486444,,,0e6721c8b03ee14a27e89938fe025b1f5a1fd498e45d04d1735fb8449a16ff9d,undefined FUN_181486444(),ghidra,clean,
WHGame.dll,release_1_5_1164953_841,0x1486460,86,FUN_181486460,,,bae9031506c5a2f99f21f6065313b2ba6cea2f2edfd2bc1ddd47b87128b26880,undefined FUN_181486460(),ghidra,clean,
WHGame.dll,release_1_5_1164953_841,0x1486490,18,FUN_181486490,,,c2349757ae09baba3843c4124d190a8a0d90631b74c75d98b23d62f089b9b32b,undefined FUN_181486490(),ghidra,clean,
WHGame.dll,release_1_5_1164953_841,0x14864a4,190,FUN_1814864a4,,,4f0358e5fbcea893781d34c4b3f9de9dc66c237c142d5253b9096cf271525d86,undefined FUN_1814864a4(),ghidra,clean,
WHGame.dll,release_1_5_1164953_841,0x1486564,190,FUN_181486564,,,1599e90611e37cd38dcb0928670aa52638b85f866b63957868cd7ed88babc698,undefined FUN_181486564(),ghidra,clean,
WHGame.dll,release_1_5_1164953_841,0x1486624,190,FUN_181486624,,,d9b9d0743a32bd32b7e80dfaa4c5bb675ef9d5ff7c691eb8599af6d427cd7e30,undefined FUN_181486624(),ghidra,clean,
WHGame.dll,release_1_5_1164953_841,0x14866e4,190,FUN_1814866e4,,,0c3ca83cbac752ac9170f415ddb7713acd2dd05f8730fe1203ed46908b60dbad,undefined FUN_1814866e4(),ghidra,clean,
WHGame.dll,release_1_5_1164953_841,0x14867a4,190,FUN_1814867a4,,,a120a69ef3529b724980df0d81eef76cf8b684bc21a90292e7ebb573c6b35d1c,undefined FUN_1814867a4(),ghidra,clean,
WHGame.dll,release_1_5_1164953_841,0x1486864,190,FUN_181486864,,,d5b71ceaee86715b114fc8fd282de8379155cf6607bf09ffa422610af7940f07,undefined FUN_181486864(),ghidra,clean,
WHGame.dll,release_1_5_1164953_841,0x1486924,190,FUN_181486924,,,0ccbb4f0aa4624e5c0b686e794f8175ebcdfbd8f8426bcb7aaf5199ba6f04639,undefined FUN_181486924(),ghidra,clean,
WHGame.dll,release_1_5_1164953_841,0x14869e4,190,FUN_1814869e4,,,1f9fc8ef0dbae7ff8e57e04e27bc378f617414584e834d55b8b810e9daac7fbe,undefined FUN_1814869e4(),ghidra,clean,
WHGame.dll,release_1_5_1164953_841,0x1486aa4,190,FUN_181486aa4,,,b49f5ca34e0fb53f32d84601c35eca9781e49514a2e86aa7bf7030e2ceb29a52,undefined FUN_181486aa4(),ghidra,clean,
WHGame.dll,release_1_5_1164953_841,0x1486b64,190,FUN_181486b64,,,82a4f18fe4620bafd3bbdb83a74dbeb79d47b803f0f728117937929b623e3c56,undefined FUN_181486b64(),ghidra,clean,
WHGame.dll,release_1_5_1164953_841,0x1486c24,190,FUN_181486c24,,,63ba652d1f58454229e005ea3d2083d312749ed84e49cfbac5531c8a92e12b58,undefined FUN_181486c24(),ghidra,clean,
WHGame.dll,release_1_5_1164953_841,0x1486ce4,190,FUN_181486ce4,,,743c468749b5296885144e73294ec5fde84d5d48932a6e7920bb36c4f35bea08,undefined FUN_181486ce4(),ghidra,clean,
WHGame.dll,release_1_5_1164953_841,0x1486da4,190,FUN_181486da4,,,bdc6e0fbdaff2b43a41e8edbc7e6e7541d3195f984d99c8021aa74408b8a7253,undefined FUN_181486da4(),ghidra,clean,
WHGame.dll,release_1_5_1164953_841,0x1486e64,190,FUN_181486e64,,,0ba1d318f5315c92ae0a3d613285e0332b56a51ca9bca14545f45529f5e60093,undefined FUN_181486e64(),ghidra,clean,
WHGame.dll,release_1_5_1164953_841,0x1486f24,190,FUN_181486f24,,,dc0853175c3a0531f683d31b55d868a602c3e70d50eab963f16e5fee604cb1b5,undefined FUN_181486f24(),ghidra,clean,
WHGame.dll,release_1_5_1164953_841,0x1486fe4,70,FUN_181486fe4,,,4f6ae9c52b020c6bc2f8fda71609b4541176e30c8cb994de0b0eea31e09a2ad2,undefined FUN_181486fe4(),ghidra,clean,
WHGame.dll,release_1_5_1164953_841,0x148702c,159,FUN_18148702c,,,c1cbd445b01048e6950ab3f088dbfcfa538d59c365986e2b04fa4ed18e59e0e4,undefined FUN_18148702c(),ghidra,clean,
WHGame.dll,release_1_5_1164953_841,0x14870cc,65,FUN_1814870cc,,,65fa02a88ffea80c6d685748a1d36ff9d63c641b8457c6311986e05f7db8f329,undefined FUN_1814870cc(),ghidra,clean,
WHGame.dll,release_1_5_1164953_841,0x1487110,63,FUN_181487110,,,bf9aeccf7216a92bf287f6bc8836a226618b28bb51f34ea7e8fffbfd7400fc05,undefined FUN_181487110(),ghidra,clean,
WHGame.dll,release_1_5_1164953_841,0x1487150,285,FUN_181487150,,,95c4c73fd2a242f7f890df42a7a6f99ac3715f5d207bdd058e87ecca403d96a2,undefined FUN_181487150(),ghidra,clean,
WHGame.dll,release_1_5_1164953_841,0x14871f0,174,FUN_1814871f0,,,a3182e8947509f2c2c4eed90f3f881da115c83d40c1b4806b3f37b787c5a54ea,undefined FUN_1814871f0(),ghidra,clean,
WHGame.dll,release_1_5_1164953_841,0x1487294,63,FUN_181487294,,,866cc915b88d5fe6ab7f9d7d81b7f05ffe5c80ddfc5faf2427546610518206b1,undefined FUN_181487294(),ghidra,clean,
WHGame.dll,release_1_5_1164953_841,0x14872d4,161,FUN_1814872d4,,,ddab01d2a6ce6efe8f9ba7e5c00785a9e205a832848eeb36b8f8cc680075bd37,undefined FUN_1814872d4(),ghidra,clean,
WHGame.dll,release_1_5_1164953_841,0x1487378,139,FUN_181487378,,,02cfc7f43ee1d51fdb3ef2222475167f8193a13e43bd4f9d1499458cc80dfe5d,undefined FUN_181487378(),ghidra,clean,
WHGame.dll,release_1_5_1164953_841,0x1487404,175,FUN_181487404,,,b4079a65c47f98c61d8c89e027745a910e76e11d17efdbc84e33e5fe29925e36,undefined FUN_181487404(),ghidra,clean,
WHGame.dll,release_1_5_1164953_841,0x14874b4,194,FUN_1814874b4,,,af1cc745e2f6d79785a55d2c2306600df5852c05b867cd70316888a039ce7596,undefined FUN_1814874b4(),ghidra,clean,
WHGame.dll,release_1_5_1164953_841,0x1487578,48,FUN_181487578,,,613ca1ee36942be04ec0d854588e106c5388b5a42f79187937a15ec715de99bb,undefined FUN_181487578(),ghidra,clean,
WHGame.dll,release_1_5_1164953_841,0x14875a8,56,FUN_1814875a8,,,67c015f27cc4983cbae64adffa3b27ee4181d70e476fdf24f184abf507234ec0,undefined FUN_1814875a8(),ghidra,clean,
WHGame.dll,release_1_5_1164953_841,0x14875e0,190,FUN_1814875e0,,,a1d18aa3ffc6c4fd23af7f140d2cbaf6dd7fea006d072c3d555a83820a9ebc8a,undefined FUN_1814875e0(),ghidra,clean,
WHGame.dll,release_1_5_1164953_841,0x14876a0,190,FUN_1814876a0,,,c43e3f935759dfe6ae019fb2288cf73adce96f2826e1e47e8674ff8304fc535a,undefined FUN_1814876a0(),ghidra,clean,
WHGame.dll,release_1_5_1164953_841,0x1487760,163,FUN_181487760,,,bc7cd10a1ab099735703f30628b95a0716393cd328732e62e6d15f087f253389,undefined FUN_181487760(),ghidra,clean,
WHGame.dll,release_1_5_1164953_841,0x1487804,186,FUN_181487804,,,38071d645026e1df28a1b6195e16238f59327cafaa64174f4bf7635cacf6b254,undefined FUN_181487804(),ghidra,clean,
WHGame.dll,release_1_5_1164953_841,0x14878c0,765,FUN_1814878c0,,,fbbe438ad3d7aa9ba5e29adde88396f80bdee49597827f0dd0606651bdb068fd,undefined FUN_1814878c0(),ghidra,clean,
WHGame.dll,release_1_5_1164953_841,0x1487a8c,75,FUN_181487a8c,,,35098812bbfe39499af1cec941fc45c5bbf1e97e1554e76b7f7162ee918e30ce,undefined FUN_181487a8c(),ghidra,clean,
WHGame.dll,release_1_5_1164953_841,0x1487ad8,190,FUN_181487ad8,,,e5360ad66e27c6cb6198e9b79a62cc12aa81ff9339de3cc9b9a4ea00769ad3fb,undefined FUN_181487ad8(),ghidra,clean,
WHGame.dll,release_1_5_1164953_841,0x1487b98,190,FUN_181487b98,,,e39a6079a37954a1cefdd4f3487b99de54b8cde6a72d72278971f5f89076cd71,undefined FUN_181487b98(),ghidra,clean,
WHGame.dll,release_1_5_1164953_841,0x1487c58,180,FUN_181487c58,,,be7a9ce2b989407aed97ff9f620f9a7d256638ce92ba588a4904679b22d67f41,undefined FUN_181487c58(),ghidra,clean,
WHGame.dll,release_1_5_1164953_841,0x1487d0c,52,FUN_181487d0c,,,ea141283ed9c77c688fa02180bb0ba46803fbe7f51338e6916b128a175c1c9da,undefined FUN_181487d0c(),ghidra,clean,
WHGame.dll,release_1_5_1164953_841,0x1487d40,190,FUN_181487d40,,,fb481788c8d34ea94e948ba6ac623cb50112fd27ae31090d119e1f8d48e454ed,undefined FUN_181487d40(),ghidra,clean,
WHGame.dll,release_1_5_1164953_841,0x1487e00,93,FUN_181487e00,,,f0116e290cd4318699fa02092fcc601700bf74e9e709cba2903dad374b7462d6,undefined FUN_181487e00(),ghidra,clean,
WHGame.dll,release_1_5_1164953_841,0x1487e1c,190,FUN_181487e1c,,,b4daa949b7b0d1d0399dd4e34297c324178559bcaf28214aa5ef0332844dfa56,undefined FUN_181487e1c(),ghidra,clean,
WHGame.dll,release_1_5_1164953_841,0x1487edc,190,FUN_181487edc,,,abfa0951649edfdb92d2446f3ee4c15d193f88362446536ef931bd0a88fe5f67,undefined FUN_181487edc(),ghidra,clean,
WHGame.dll,release_1_5_1164953_841,0x1487f9c,190,FUN_181487f9c,,,0e17505b0dcc4b1ba5f668e1f8848431ff99156530b6000e73972417d2767a31,undefined FUN_181487f9c(),ghidra,clean,
WHGame.dll,release_1_5_1164953_841,0x148805c,135,FUN_18148805c,,,07bb74c56fb52c24d61a07604dc2eb136f08cd4c716f2f167b95b0db22f8357b,undefined FUN_18148805c(),ghidra,clean,
WHGame.dll,release_1_5_1164953_841,0x14880e4,379,FUN_1814880e4,,,78c4f2e4bba6dd98c9ad5a1cb8748ff7a195f691578c406cd4846a4e822b48c8,undefined FUN_1814880e4(),ghidra,clean,
WHGame.dll,release_1_5_1164953_841,0x1488248,261,FUN_181488248,,,0994f30e43a63a1dfe10c2bfa2c06adfdcbc3894d5aab11f0d2bc1e630f5c803,undefined FUN_181488248(),ghidra,clean,
WHGame.dll,release_1_5_1164953_841,0x1488350,186,FUN_181488350,,,6e059b912d82b0bbb72bdb5a41a3c6543f0f4c52eb00db57a902ce8133fd1562,undefined FUN_181488350(),ghidra,clean,
WHGame.dll,release_1_5_1164953_841,0x148840c,26,FUN_18148840c,,,819234953c91d716a341edb10dcca2267107efa13f78881bbca64f4a7a11eeca,undefined FUN_18148840c(),ghidra,clean,
WHGame.dll,release_1_5_1164953_841,0x1488428,155,FUN_181488428,,,52952325138d42e911cc9658b0fa2383dc714851b4f7f8bf24789a5f80fd9d66,undefined FUN_181488428(),ghidra,clean,
WHGame.dll,release_1_5_1164953_841,0x14884c4,150,FUN_1814884c4,,,24fd21191df4b1f190d1b8e9449ffd19835a693580772202404333db3e359fa1,undefined FUN_1814884c4(),ghidra,clean,
WHGame.dll,release_1_5_1164953_841,0x148855c,194,FUN_18148855c,,,bba5d62d3ee1c7e4943a75e8e097a7f0d2be28a34c0bcc267e35ba952a3bbb66,undefined FUN_18148855c(),ghidra,clean,
WHGame.dll,release_1_5_1164953_841,0x1488620,129,FUN_181488620,,,ea809e8c2e672ff755c4c6755a9b95b5932587a26c9db471b9ba95e584ffd557,undefined FUN_181488620(),ghidra,clean,
WHGame.dll,release_1_5_1164953_841,0x14886a4,23,FUN_1814886a4,,,0c9851279c50048842f097073bc3dc49c43b467a042586d3f2b91d272b316ff7,undefined FUN_1814886a4(),ghidra,clean,
WHGame.dll,release_1_5_1164953_841,0x14886bc,26,FUN_1814886bc,,,819234953c91d716a341edb10dcca2267107efa13f78881bbca64f4a7a11eeca,undefined FUN_1814886bc(),ghidra,clean,
WHGame.dll,release_1_5_1164953_841,0x14886d8,155,FUN_1814886d8,,,cef5ef866a895f91f3ea15a228e070f01c62bec4af405a1fdc931f2f91c8e658,undefined FUN_1814886d8(),ghidra,clean,
WHGame.dll,release_1_5_1164953_841,0x1488774,155,FUN_181488774,,,4a66b9d872603600d8e5d2da5c0daa88d54bbfb034f6906fb89df6be1b27ef8d,undefined FUN_181488774(),ghidra,clean,
WHGame.dll,release_1_5_1164953_841,0x1488810,155,FUN_181488810,,,22c9c597333bfe981fc84a31c903f49202418f296848d80c9c630f2420bd821e,undefined FUN_181488810(),ghidra,clean,
WHGame.dll,release_1_5_1164953_841,0x14888ac,155,FUN_1814888ac,,,09db826f9bb6cd26456585a9b96564721e9dbcbc22697b8acc9d68905f82ea43,undefined FUN_1814888ac(),ghidra,clean,
WHGame.dll,release_1_5_1164953_841,0x1488948,291,FUN_181488948,,,b79bc8cb9fce0fb574549cd086ed8f5fb5645f0c252c942e00368a49fbbdcd57,undefined FUN_181488948(),ghidra,clean,
WHGame.dll,release_1_5_1164953_841,0x1488a6c,291,FUN_181488a6c,,,5df34691576e8ec79d568c2919754efa6a94fec54b6153ba5fafd83d2dd9d457,undefined FUN_181488a6c(),ghidra,clean,
WHGame.dll,release_1_5_1164953_841,0x1488b90,291,FUN_181488b90,,,95322a477db2f20deff9b83fe49c2f0bc0faba522e55702abcc848814624d218,undefined FUN_181488b90(),ghidra,clean,
WHGame.dll,release_1_5_1164953_841,0x1488cb4,291,FUN_181488cb4,,,ca906ef8556017f87de8cef3282db44d2af0039a3a0ea125923bf3a07e14c6af,undefined FUN_181488cb4(),ghidra,clean,
WHGame.dll,release_1_5_1164953_841,0x1488dd8,298,FUN_181488dd8,,,e14e9f0ed5d65db95155aada5207c0fe831631d8938af2feb97fceaf2c01fa18,undefined FUN_181488dd8(),ghidra,clean,
WHGame.dll,release_1_5_1164953_841,0x1488f04,335,FUN_181488f04,,,d1232995ce1955bcf1f5f6ae273d08677b9ac7d5e37e292ff3e1b44d359400cc,undefined FUN_181488f04(),ghidra,clean,
WHGame.dll,release_1_5_1164953_841,0x1488ff2,8,FUN_181488ff2,,,d584cb1a2afef309eb33a9b90753d6c9a99b0c481366318ccddcba175a3b8c54,undefined FUN_181488ff2(),ghidra,clean,
WHGame.dll,release_1_5_1164953_841,0x1489004,155,FUN_181489004,,,e0cdc51e27f08e7b5e6c4b61ba1511ce672166346644c796b40aeb4a678b537f,undefined FUN_181489004(),ghidra,clean,
WHGame.dll,release_1_5_1164953_841,0x14890a0,155,FUN_1814890a0,,,a299c385a28d76f503db87196d2f873c7f5d70339d5c0be09526bb9a997a3fb2,undefined FUN_1814890a0(),ghidra,clean,
WHGame.dll,release_1_5_1164953_841,0x148913c,155,FUN_18148913c,,,1dc5df53a64de4cd11b7e4516e1e5acb3217b89d6adf6be00518219b617f698d,undefined FUN_18148913c(),ghidra,clean,
WHGame.dll,release_1_5_1164953_841,0x14891d8,240,FUN_1814891d8,,,678e04d0341b5173689ce2677b7968a43e85e6e914409bb88d77fcf4ac594e54,undefined FUN_1814891d8(),ghidra,clean,
WHGame.dll,release_1_5_1164953_841,0x14892c8,18,FUN_1814892c8,,,98804ede0281bb27b17f1b99c0ee8092365af193379fbe7cd49017ca54562c0b,undefined FUN_1814892c8(),ghidra,clean,
WHGame.dll,release_1_5_1164953_841,0x14892dc,298,FUN_1814892dc,,,8e814c7b674074c9c20d32aa100b9e6970c966c0edc60d5524b3aee933cb9220,undefined FUN_1814892dc(),ghidra,clean,
WHGame.dll,release_1_5_1164953_841,0x1489408,301,FUN_181489408,,,392ba3493db7feeef06755f63174e506cfa407e911c91448139f406b74de1ada,undefined FUN_181489408(),ghidra,clean,
WHGame.dll,release_1_5_1164953_841,0x1489538,44,FUN_181489538,,,dc2c1e985a0126d51e12f44b6e9e9ffc994963133d9538eb46c42a94d2530154,undefined FUN_181489538(),ghidra,clean,
WHGame.dll,release_1_5_1164953_841,0x1489564,180,FUN_181489564,,,3b880ad04fbd812fa710dc2a6bcb5e26a72713ddf7b4d055ebbe61db2541c8c4,undefined FUN_181489564(),ghidra,clean,
WHGame.dll,release_1_5_1164953_841,0x1489618,190,FUN_181489618,,,c2c71ce4965d4faa9e74eb5d273429dbc3a40e5f6c53ec4cfab23c571810a027,undefined FUN_181489618(),ghidra,clean,
WHGame.dll,release_1_5_1164953_841,0x14896d8,190,FUN_1814896d8,,,08da8fee37a0fb93cda54bea342781e0d5e587a4810c34666c1dfb03e5d11678,undefined FUN_1814896d8(),ghidra,clean,
WHGame.dll,release_1_5_1164953_841,0x1489798,190,FUN_181489798,,,dbefee18ac77da15b84071ed07744fe7404b83ddcd635771d49877abbcd54073,undefined FUN_181489798(),ghidra,clean,
WHGame.dll,release_1_5_1164953_841,0x1489858,190,FUN_181489858,,,faf67cfb9bb48bea8fd475e78db6e645ee94161d966509c92cc3694b1fd9c084,undefined FUN_181489858(),ghidra,clean,
WHGame.dll,release_1_5_1164953_841,0x1489918,190,FUN_181489918,,,688f5ded75fef1624e6319edea5b8ed3a061e36880574fe182f89f8880ccaaa0,undefined FUN_181489918(),ghidra,clean,
WHGame.dll,release_1_5_1164953_841,0x14899d8,196,FUN_1814899d8,,,382f5d1576b5abf101b385d810e12b25e8b52074b5563b5300bad0cf8e261fe5,undefined FUN_1814899d8(),ghidra,clean,
WHGame.dll,release_1_5_1164953_841,0x1489a94,175,FUN_181489a94,,,d66bc7b10a12e78eb9ddd9f95af993b7ca8e210dc36c5d539656af59731f76ea,undefined FUN_181489a94(),ghidra,clean,
WHGame.dll,release_1_5_1164953_841,0x1489b44,190,FUN_181489b44,,,c27016f1a77a7d4569592304f3dd69413ba18b82977715b9806c57513453e6cc,undefined FUN_181489b44(),ghidra,clean,
WHGame.dll,release_1_5_1164953_841,0x1489c04,190,FUN_181489c04,,,78b021fd8093e6dc5e93dee2bf4b2cd6e7ced6cc9c95f3d80924dee907ffcff5,undefined FUN_181489c04(),ghidra,clean,
WHGame.dll,release_1_5_1164953_841,0x1489cc4,190,FUN_181489cc4,,,0457e44af8b79a74d45d9a922c78922ed88353a0bca81001e1f87db97b1fbe30,undefined FUN_181489cc4(),ghidra,clean,
WHGame.dll,release_1_5_1164953_841,0x1489d84,190,FUN_181489d84,,,bb42e5202e9706b8dc09e4af149cfb8c6ea246fa6a1a1210c63f9e1635a956ca,undefined FUN_181489d84(),ghidra,clean,
WHGame.dll,release_1_5_1164953_841,0x1489e44,190,FUN_181489e44,,,a944478f55db7d84cfd45045d5da074be45a834325db6a073500745236468d2a,undefined FUN_181489e44(),ghidra,clean,
WHGame.dll,release_1_5_1164953_841,0x1489f04,35,FUN_181489f04,,,b31cfe0226385b05fa32e1ce25562449e4d732b55998931f032dd9ed381f9999,undefined FUN_181489f04(),ghidra,clean,
WHGame.dll,release_1_5_1164953_841,0x1489f28,265,FUN_181489f28,,,5b1268bc4017cd0aef1d3e4312b0e3458e85bef5ec171072898afc8bdd03e7aa,undefined FUN_181489f28(),ghidra,clean,
WHGame.dll,release_1_5_1164953_841,0x148a034,190,FUN_18148a034,,,6b597a792b02715ce1fb6a3347ee849da0ff552dc92c9aa2e8e4c77122a21b49,undefined FUN_18148a034(),ghidra,clean,
WHGame.dll,release_1_5_1164953_841,0x148a0f4,190,FUN_18148a0f4,,,fe6873d8de5a62e5f9c4b88b48a202f1d37b5a7fa5e3fc2caad904831ac451b9,undefined FUN_18148a0f4(),ghidra,clean,
WHGame.dll,release_1_5_1164953_841,0x148a1b4,234,FUN_18148a1b4,,,f153c67af8448b483e4151681459bd9778fbf1e9f7cfff9b391486a7d46b020e,undefined FUN_18148a1b4(),ghidra,clean,
WHGame.dll,release_1_5_1164953_841,0x148a2a0,296,FUN_18148a2a0,,,b347aed391a826b504d6f7a1c0fa17d71e904e6561c00089f63953f004f5df73,undefined FUN_18148a2a0(),ghidra,clean,
WHGame.dll,release_1_5_1164953_841,0x148a3c8,643,FUN_18148a3c8,,,aa4016d179bec14143c54af18e191486b8e5b2b46bd48a8373542cd1b4cbb4bd,undefined FUN_18148a3c8(),ghidra,clean,
WHGame.dll,release_1_5_1164953_841,0x148a64c,68,FUN_18148a64c,,,7d524db71b4a6ceecbdeb375da41143433ccabb76bab6cbfe4669033714b118b,undefined FUN_18148a64c(),ghidra,clean,
WHGame.dll,release_1_5_1164953_841,0x148a690,36,FUN_18148a690,,,96c6588258ae87aa711b75d62ddb476c7951c6d37d60ba534f6590c26dc10082,undefined FUN_18148a690(),ghidra,clean,
WHGame.dll,release_1_5_1164953_841,0x148a6b4,171,FUN_18148a6b4,,,b4d68197eac95be7aa950c6874c75279130f3faa273091ac7c92a73f5b3ed560,undefined FUN_18148a6b4(),ghidra,clean,
WHGame.dll,release_1_5_1164953_841,0x148a760,273,FUN_18148a760,,,8455c238f55618fd74e56e198ee7f0027119411fc85e59b703f34852592cf440,undefined FUN_18148a760(),ghidra,clean,
WHGame.dll,release_1_5_1164953_841,0x148a864,196,FUN_18148a864,,,641c48ea89a16d35d4fbc70019f02670cb84bd5d44e39771a27da686e8bc725d,undefined FUN_18148a864(),ghidra,clean,
WHGame.dll,release_1_5_1164953_841,0x148a920,175,FUN_18148a920,,,30c73f557beec95351227b484db98b5b70e7416cd2adc7716c25e76ac3814246,undefined FUN_18148a920(),ghidra,clean,
WHGame.dll,release_1_5_1164953_841,0x148a9d0,359,FUN_18148a9d0,,,b41704574f72bb98a8e7183f9abfd7ff0f5dade0c05db5426e36e216fbdee309,undefined FUN_18148a9d0(),ghidra,clean,
WHGame.dll,release_1_5_1164953_841,0x148ab28,264,FUN_18148ab28,,,8b862018701c7a14e0235a5389e8fe22baad49e69c6bd734204c525e11cd5f00,undefined FUN_18148ab28(),ghidra,clean,
WHGame.dll,release_1_5_1164953_841,0x148ac28,244,FUN_18148ac28,,,52b66ef8373e7131e5fa13ca881a400a684783b5fa0c585da46e0e688eb8eee0,undefined FUN_18148ac28(),ghidra,clean,
WHGame.dll,release_1_5_1164953_841,0x148ad20,26,FUN_18148ad20,,,77d3c7fe9398eb414ae8b81c21a0e48568e8a0057c394060241226c1490bccd5,undefined FUN_18148ad20(),ghidra,clean,
WHGame.dll,release_1_5_1164953_841,0x148ad3c,791,FUN_18148ad3c,,,99db10ad0e6a2ba240ea20adf8159e52e515e0278253320017f03fc142cf1bb7,undefined FUN_18148ad3c(),ghidra,clean,
WHGame.dll,release_1_5_1164953_841,0x148ae3c,155,FUN_18148ae3c,,,db12cc79b100ac9c48a7b5784d1769a6091b15e83e702f3afc121d6602ef88ef,undefined FUN_18148ae3c(),ghidra,clean,
WHGame.dll,release_1_5_1164953_841,0x148aed8,298,FUN_18148aed8,,,93db64db457ebfd9a8718da092ab04211ea59294db194df30f7427b7102fda27,undefined FUN_18148aed8(),ghidra,clean,
WHGame.dll,release_1_5_1164953_841,0x148b004,190,FUN_18148b004,,,8c42cdc5c19dbef879436c97e3e92a13610c8e1055001864197c36500e4ab16a,undefined FUN_18148b004(),ghidra,clean,
WHGame.dll,release_1_5_1164953_841,0x148b0c4,190,FUN_18148b0c4,,,f2a7063342d4e9674479133f0bb165614d0fdb23181f1f5a2cdd7f5df2d2a5b5,undefined FUN_18148b0c4(),ghidra,clean,
WHGame.dll,release_1_5_1164953_841,0x148b184,190,FUN_18148b184,,,21425d45cd751f554e87fc273cbf080f5dc8b40add556e950fef76ad6fb08d21,undefined FUN_18148b184(),ghidra,clean,
WHGame.dll,release_1_5_1164953_841,0x148b244,5,thunk_FUN_18148b24c,,,b0d40b133b9394d93820ac0104b0065121d2d73df32c7bfb4e4cf5d805a8b103,undefined thunk_FUN_18148b24c(),ghidra,clean,
WHGame.dll,release_1_5_1164953_841,0x148b24c,103,FUN_18148b24c,,,865356b28f9028e579ccd91b11f0b93c487ca22cf271d82abe396456f72f2e9f,undefined FUN_18148b24c(),ghidra,clean,
WHGame.dll,release_1_5_1164953_841,0x148b2b4,95,FUN_18148b2b4,,,a1495de9d84981bc37ac7cc09de2406318024d81ca59417842a99b257f8d66a2,undefined FUN_18148b2b4(),ghidra,clean,
WHGame.dll,release_1_5_1164953_841,0x148b314,206,FUN_18148b314,,,27be39ee8784dc489e5a1f100245b1eec9d88e859e28351751b89258bca4d6c5,undefined FUN_18148b314(),ghidra,clean,
WHGame.dll,release_1_5_1164953_841,0x148b3c4,110,FUN_18148b3c4,,,41e1b9a7abe1ed23e5674c82d4a9393bb8edc6ae877164ef25b3e6b1377f26a8,undefined FUN_18148b3c4(),ghidra,clean,
WHGame.dll,release_1_5_1164953_841,0x148b434,212,FUN_18148b434,,,d29e16e881ea3741dcdf6eb8c56a191548a676ae7c6b4f246f101d2fea8f8315,undefined FUN_18148b434(),ghidra,clean,
WHGame.dll,release_1_5_1164953_841,0x148b4ec,53,FUN_18148b4ec,,,686ff361866ad1cd8d9d057011a94ff51e3282cd9d1c082f99242bf50a5e567f,undefined FUN_18148b4ec(),ghidra,clean,
WHGame.dll,release_1_5_1164953_841,0x148b524,147,FUN_18148b524,,,9547214b4aa257a553271d3c2459e16297aa6feced729cfc7f277f764780ec59,undefined FUN_18148b524(),ghidra,clean,
WHGame.dll,release_1_5_1164953_841,0x148b5b8,147,FUN_18148b5b8,,,354f68d330ad5aec7918793d54efcebbceb03a2258c2ce6d3ffa5ce166a14130,undefined FUN_18148b5b8(),ghidra,clean,
WHGame.dll,release_1_5_1164953_841,0x148b64c,42,FUN_18148b64c,,,c54c9d73aae60a8c6c3de6089efb115fa98f04c8127b10cb1caaf1fae500cd8b,undefined FUN_18148b64c(),ghidra,clean,
WHGame.dll,release_1_5_1164953_841,0x148b678,68,FUN_18148b678,,,04a9525aed47694fdf6f2e5d03fc6a7acb0dab367cbfa1c71f47caaaec7bcc0b,undefined FUN_18148b678(),ghidra,clean,
WHGame.dll,release_1_5_1164953_841,0x148b6bc,328,FUN_18148b6bc,,,c87f65d78cd4853d0d95527d4a396fb9cb2c5e1891ae45cf60bc04e3507eecfb,undefined FUN_18148b6bc(),ghidra,clean,
WHGame.dll,release_1_5_1164953_841,0x148b808,100,FUN_18148b808,,,dc4cf8ca1f1eae9ae46b1bbaeb88f2d5aa0be9150512aaef20b434eaf6446c2d,undefined FUN_18148b808(),ghidra,clean,
WHGame.dll,release_1_5_1164953_841,0x148b86c,125,FUN_18148b86c,,,44f547117233f611d7c49376ec1f83e5d7b761af7a6e02cc745c8fa8b4b5d17f,undefined FUN_18148b86c(),ghidra,clean,
WHGame.dll,release_1_5_1164953_841,0x148b8ec,174,FUN_18148b8ec,,,4c59e10401147d003d53600a1bb9c49cd9ec6287356661fc224fe6143475844f,undefined FUN_18148b8ec(),ghidra,clean,
WHGame.dll,release_1_5_1164953_841,0x148b974,190,FUN_18148b974,,,cf4b6d35a58d0f60437c611d6b840690719a5de0d45db826d020e675ceda9ac8,undefined FUN_18148b974(),ghidra,clean,
WHGame.dll,release_1_5_1164953_841,0x148ba34,190,FUN_18148ba34,,,6b7f6d27ecc6990d97873ab318d9decef226395d6abf645879b8b9f4596dd424,undefined FUN_18148ba34(),ghidra,clean,
WHGame.dll,release_1_5_1164953_841,0x148baf4,131,FUN_18148baf4,,,3a9a44ed47a48fc8dc066572932f649050096f43b17dbb20aa295c88ff9444d4,undefined FUN_18148baf4(),ghidra,clean,
WHGame.dll,release_1_5_1164953_841,0x148bb78,190,FUN_18148bb78,,,d02dad3812aac0be1de4e8f044bb5186556d01e0608f90cc5d3906c7ec5fa74d,undefined FUN_18148bb78(),ghidra,clean,
WHGame.dll,release_1_5_1164953_841,0x148bc38,591,FUN_18148bc38,,,bb15ae99cd1edb93504a5913d8fa8a815ff6e06021d36a3b5e63da0782fd20de,undefined FUN_18148bc38(),ghidra,clean,
WHGame.dll,release_1_5_1164953_841,0x148be88,52,FUN_18148be88,,,1349f2e40cf6e47e1411c9a1694adc010deb6e91fd50443ac0d2248b4f8bb2f5,undefined FUN_18148be88(),ghidra,clean,
WHGame.dll,release_1_5_1164953_841,0x148bebc,37,FUN_18148bebc,,,3a1e9c5070981d1f0d70f2f08c06329911177bca03b3b000eb0cc0a6f278fcee,undefined FUN_18148bebc(),ghidra,clean,
WHGame.dll,release_1_5_1164953_841,0x148bee4,5,thunk_FUN_18148beec,,,b0d40b133b9394d93820ac0104b0065121d2d73df32c7bfb4e4cf5d805a8b103,undefined thunk_FUN_18148beec(),ghidra,clean,
WHGame.dll,release_1_5_1164953_841,0x148beec,185,FUN_18148beec,,,69dfb4c4c2eb0bdf1ec0b29f6343b066c0e5064407586be1210905e07c51770f,undefined FUN_18148beec(),ghidra,clean,
WHGame.dll,release_1_5_1164953_841,0x148bf9c,5,thunk_FUN_18148bfa4,,,b0d40b133b9394d93820ac0104b0065121d2d73df32c7bfb4e4cf5d805a8b103,undefined thunk_FUN_18148bfa4(),ghidra,clean,
WHGame.dll,release_1_5_1164953_841,0x148bfa4,103,FUN_18148bfa4,,,ef4b18b317350a56aa73decf1c8fc41a61ac1870dd30fabd2dd5474ed6b7d213,undefined FUN_18148bfa4(),ghidra,clean,
WHGame.dll,release_1_5_1164953_841,0x148c00c,243,FUN_18148c00c,,,f06d4ddd4201dd384e9988e2a72442582b8fa94d192859758ec14a6b42c42c82,undefined FUN_18148c00c(),ghidra,clean,
WHGame.dll,release_1_5_1164953_841,0x148c0d8,53,FUN_18148c0d8,,,992e03cb2adee2919ee125d23a6736dd42cd629661ca78d1f413e4b68dde844e,undefined FUN_18148c0d8(),ghidra,clean,
WHGame.dll,release_1_5_1164953_841,0x148c110,422,FUN_18148c110,,,ae3e31e9c0d553ede9d3c8615cb3037ca4f467da06ceb114bfd2ea7f456fb046,undefined FUN_18148c110(),ghidra,clean,
WHGame.dll,release_1_5_1164953_841,0x148c1a8,142,FUN_18148c1a8,,,f36baf33642ee822e046c8597cc20841d82c34b083cde6e7f2d93361e4c30cb6,undefined FUN_18148c1a8(),ghidra,clean,
WHGame.dll,release_1_5_1164953_841,0x148c238,42,FUN_18148c238,,,62a30dc774bad2d84e95f437a2d1efb38788f8695cfefd6e49c80473f365aaa5,undefined FUN_18148c238(),ghidra,clean,
WHGame.dll,release_1_5_1164953_841,0x148c264,190,FUN_18148c264,,,b1a7723c01a33e6298ef1d0e75df9db73504788494973b09d742ffc18b43110d,undefined FUN_18148c264(),ghidra,clean,
WHGame.dll,release_1_5_1164953_841,0x148c324,190,FUN_18148c324,,,8225b85349b34aba921adaf8fd40c86de7914781ed21579e6125656e7c40913a,undefined FUN_18148c324(),ghidra,clean,
WHGame.dll,release_1_5_1164953_841,0x148c3e4,190,FUN_18148c3e4,,,43544477df195a97e3526fbe89686b5d824d00184e19fb10c7291f2816abcd16,undefined FUN_18148c3e4(),ghidra,clean,
WHGame.dll,release_1_5_1164953_841,0x148c4a4,190,FUN_18148c4a4,,,0c45d92fc2be63f648eda986a227f59538a2b86049751f6d3dfff78dfcbc0d30,undefined FUN_18148c4a4(),ghidra,clean,
WHGame.dll,release_1_5_1164953_841,0x148c564,190,FUN_18148c564,,,d3bb0ab170ce4cde22642633feb5c0baf51c89c82f41bf61e34b7f803aab1297,undefined FUN_18148c564(),ghidra,clean,
WHGame.dll,release_1_5_1164953_841,0x148c624,190,FUN_18148c624,,,8599239a4a8d55cae6a3f86a80c83ed161c9aa74e042bda41635d6fa5fbcf1ca,undefined FUN_18148c624(),ghidra,clean,
WHGame.dll,release_1_5_1164953_841,0x148c6e4,190,FUN_18148c6e4,,,8aee2a2a9c1cafa12e18276ba60d54b7889b007230cc68bf0a33b56bafe6c5e3,undefined FUN_18148c6e4(),ghidra,clean,
WHGame.dll,release_1_5_1164953_841,0x148c7a4,194,FUN_18148c7a4,,,4f5f69ca2bd560c0c8a6060a67b76c65303bb02556aa5186629792a82d47613d,undefined FUN_18148c7a4(),ghidra,clean,
WHGame.dll,release_1_5_1164953_841,0x148c868,155,FUN_18148c868,,,cf30d5dc79adad8d18601be70f9c37b44c409c2f0a9f8054b996adf91baab990,undefined FUN_18148c868(),ghidra,clean,
WHGame.dll,release_1_5_1164953_841,0x148c904,291,FUN_18148c904,,,0ab632c0494ab2030950deff221a7f6734133ab9b4462ca1aebb86d66056d2dd,undefined FUN_18148c904(),ghidra,clean,
WHGame.dll,release_1_5_1164953_841,0x148ca28,155,FUN_18148ca28,,,496daee2156ac7b104ab3685a5664e6674c36cd35c8a805ead65a980d38f6410,undefined FUN_18148ca28(),ghidra,clean,
WHGame.dll,release_1_5_1164953_841,0x148cac4,311,FUN_18148cac4,,,f195dfab5dc6f811dd6c403f950c83738dd71fdd7336279527149c49bb33fe20,undefined FUN_18148cac4(),ghidra,clean,
WHGame.dll,release_1_5_1164953_841,0x148cbfc,52,FUN_18148cbfc,,,947b688352428288238f29aaf19b3f98f8143757b1cb2627380fde7b4462b630,undefined FUN_18148cbfc(),ghidra,clean,
WHGame.dll,release_1_5_1164953_841,0x148cc30,146,FUN_18148cc30,,,91d118605ef62c20ca0383e1b93bbc452efbd709ad030fc90f91d4f1f2551c07,undefined FUN_18148cc30(),ghidra,clean,
WHGame.dll,release_1_5_1164953_841,0x148ccc4,180,FUN_18148ccc4,,,3454f1040ed738c9f932873313588e3668e3a9bbfc2d6c0a5a053b393288de82,undefined FUN_18148ccc4(),ghidra,clean,
WHGame.dll,release_1_5_1164953_841,0x148cd78,22,FUN_18148cd78,,,9dae8afb7ad9fa406b78a3d9607af647f8323087f4f1042d95cbe17d906f09c9,undefined FUN_18148cd78(),ghidra,clean,
WHGame.dll,release_1_5_1164953_841,0x148cd90,335,FUN_18148cd90,,,8db9132b222f3a31f15570afd430bea3aaa2932e07a0531d71c12853b28578cc,undefined FUN_18148cd90(),ghidra,clean,
WHGame.dll,release_1_5_1164953_841,0x148ce7e,8,FUN_18148ce7e,,,d584cb1a2afef309eb33a9b90753d6c9a99b0c481366318ccddcba175a3b8c54,undefined FUN_18148ce7e(),ghidra,clean,
WHGame.dll,release_1_5_1164953_841,0x148ce90,155,FUN_18148ce90,,,f81add13269770478ad70db4e6682732d221b9c2f9189713bda7313f87897bfe,undefined FUN_18148ce90(),ghidra,clean,
WHGame.dll,release_1_5_1164953_841,0x148cf2c,155,FUN_18148cf2c,,,6db5673bcc0498dd51fa8a6bf8bb456305b9eedd8547f99e4730f04be94f301e,undefined FUN_18148cf2c(),ghidra,clean,
WHGame.dll,release_1_5_1164953_841,0x148cfc8,155,FUN_18148cfc8,,,195a30ea483b9ee4dfc38df692102f9d8301aa6e9cd5271fdbd72b1e016207b2,undefined FUN_18148cfc8(),ghidra,clean,
WHGame.dll,release_1_5_1164953_841,0x148d064,240,FUN_18148d064,,,c364fff23e635b3966ea5a2cff7974c28de641e748b2f211a99f1ee1df13167b,undefined FUN_18148d064(),ghidra,clean,
WHGame.dll,release_1_5_1164953_841,0x148d154,18,FUN_18148d154,,,317d51b0f24f77911614b735505063ed8a5756528b43449798badda5c6a5e4a5,undefined FUN_18148d154(),ghidra,clean,
WHGame.dll,release_1_5_1164953_841,0x148d168,298,FUN_18148d168,,,619ebf31ea5990d5623424c72f60c6e052bca0305ed832548d80b42fe414979d,undefined FUN_18148d168(),ghidra,clean,
WHGame.dll,release_1_5_1164953_841,0x148d294,301,FUN_18148d294,,,2dd34eb745cbcd173cf3b15d92f9353920ca1f10f70ec9bd74b967d81b477761,undefined FUN_18148d294(),ghidra,clean,
WHGame.dll,release_1_5_1164953_841,0x148d3c4,328,FUN_18148d3c4,,,a147942f7892256efb18e2983199b6e4fc5f1047687884cefe4e1134fed72fbc,undefined FUN_18148d3c4(),ghidra,clean,
WHGame.dll,release_1_5_1164953_841,0x148d510,100,FUN_18148d510,,,dacaec6f3df2a64a7ef5a5c31b6325fd729b2ca52e1398e114085fada25f0e8e,undefined FUN_18148d510(),ghidra,clean,
WHGame.dll,release_1_5_1164953_841,0x148d574,5,thunk_FUN_18148d600,,,59d61eb3038846958ace70ddddf42b2c88f3ebac23f1854d946a04d63d69b253,undefined thunk_FUN_18148d600(),ghidra,clean,
WHGame.dll,release_1_5_1164953_841,0x148d57c,130,FUN_18148d57c,,,1c553516a16ccde3e016cd8148a915a10115277c188b1862dc0bee1807d6e0ed,undefined FUN_18148d57c(),ghidra,clean,
WHGame.dll,release_1_5_1164953_841,0x148d600,103,FUN_18148d600,,,67834e31bc60b7e0c736c2437c4f75ec63ed589ba9fb254f9d7df1f5b013c6ab,undefined FUN_18148d600(),ghidra,clean,
WHGame.dll,release_1_5_1164953_841,0x148d668,95,FUN_18148d668,,,a64592533540123a51d92765ab3ac34feded7b5e024044d09d693692a9a34c88,undefined FUN_18148d668(),ghidra,clean,
WHGame.dll,release_1_5_1164953_841,0x148d6c8,198,FUN_18148d6c8,,,82e6f155a2347d421cfc66bdc90e7b87ee6b4bd9d443567c6de1b03242afbecb,undefined FUN_18148d6c8(),ghidra,clean,
WHGame.dll,release_1_5_1164953_841,0x148d774,147,FUN_18148d774,,,c9781e93476631e01b5e6824f27a83a65fdc6a681091daf2ddf9b8b04193a42c,undefined FUN_18148d774(),ghidra,clean,
WHGame.dll,release_1_5_1164953_841,0x148d7ec,53,FUN_18148d7ec,,,c5bec03c2a8f89a7a28f2e8de73c83205dcfceb022fb47ad9d5f227360668be1,undefined FUN_18148d7ec(),ghidra,clean,
WHGame.dll,release_1_5_1164953_841,0x148d824,53,FUN_18148d824,,,5cbec917dfdb9aaacf5863a50cb2ddc388dbedba3fc8f1549ff53919a7eded36,undefined FUN_18148d824(),ghidra,clean,
WHGame.dll,release_1_5_1164953_841,0x148d85c,422,FUN_18148d85c,,,58b1f2914885b4874ecbb82be31b55bc72b1a6931164c8a1006eee64aee30bff,undefined FUN_18148d85c(),ghidra,clean,
WHGame.dll,release_1_5_1164953_841,0x148d8f4,147,FUN_18148d8f4,,,99afbc5fa62e16cee63d2b256cb4b9beff8006da664f6cb9001d970346a0e1a0,undefined FUN_18148d8f4(),ghidra,clean,
WHGame.dll,release_1_5_1164953_841,0x148d988,147,FUN_18148d988,,,21e5888a716e084be8568a1edf71c006427670109fbe210b3722896b949e4754,undefined FUN_18148d988(),ghidra,clean,
WHGame.dll,release_1_5_1164953_841,0x148da1c,40,FUN_18148da1c,,,2f80230aec6d758f68c58197f0f10e40b3dc9ea7522f32c1b0402a2212c149fd,undefined FUN_18148da1c(),ghidra,clean,
WHGame.dll,release_1_5_1164953_841,0x148da44,68,FUN_18148da44,,,0bb460127ac526487a3b1a12495e628434787df17e7868a8c8ede5d5b1b1cf5d,undefined FUN_18148da44(),ghidra,clean,
WHGame.dll,release_1_5_1164953_841,0x148da88,417,FUN_18148da88,,,324408d050a63ad77990dec746969a6171e16b0d4c55a92eeb3ae330ec78ab90,undefined FUN_18148da88(),ghidra,clean,
WHGame.dll,release_1_5_1164953_841,0x148dba8,40,FUN_18148dba8,,,5c8b12515f3fe90e82304b519b84d9d75e6f032b76d312e7a2713ef41b071b21,undefined FUN_18148dba8(),ghidra,clean,
WHGame.dll,release_1_5_1164953_841,0x148dbd0,100,FUN_18148dbd0,,,8f22baf49fe822bd30f368c342ed06dda336faee3178ec1b3e0b3864048ff466,undefined FUN_18148dbd0(),ghidra,clean,
WHGame.dll,release_1_5_1164953_841,0x148dc34,42,FUN_18148dc34,,,331b2755b6f0ba376a516fdf01ff31367e2d6579d532bd864f7653a1dad5d348,undefined FUN_18148dc34(),ghidra,clean,
WHGame.dll,release_1_5_1164953_841,0x148dc60,109,FUN_18148dc60,,,1693bdaf3c139cf87408df6a16bd864c90612978b4c547d72e4eaf6a3592ab71,undefined FUN_18148dc60(),ghidra,clean,
WHGame.dll,release_1_5_1164953_841,0x148dc9c,147,FUN_18148dc9c,,,c91dbbf35e2b26812ca8d372cc48de659cf4c11b3e4f5035e65bdad90b9684e5,undefined FUN_18148dc9c(),ghidra,clean,
WHGame.dll,release_1_5_1164953_841,0x148dd30,5,thunk_FUN_18148dd38,,,b0d40b133b9394d93820ac0104b0065121d2d73df32c7bfb4e4cf5d805a8b103,undefined thunk_FUN_18148dd38(),ghidra,clean,
WHGame.dll,release_1_5_1164953_841,0x148dd38,103,FUN_18148dd38,,,0678377af78a17d10d2eb0c4e57ba0ffc249abbeb148684b9d09dcdd5e9ddc0c,undefined FUN_18148dd38(),ghidra,clean,
WHGame.dll,release_1_5_1164953_841,0x148dda0,211,FUN_18148dda0,,,1d67e7fd9482f0cfca729c61f2651afd9141b0e143eb371a09695ff48279aaa2,undefined FUN_18148dda0(),ghidra,clean,
WHGame.dll,release_1_5_1164953_841,0x148de4c,141,FUN_18148de4c,,,2ef423e4d5755e7671a0d6f1318b810e5f68bc5f9c3ac9e50e542a9ebe509578,undefined FUN_18148de4c(),ghidra,clean,
WHGame.dll,release_1_5_1164953_841,0x148dedc,40,FUN_18148dedc,,,2a765c8e7b3d873898a679b5808308f4863766a8fd5ba98edb164df67f5a7ea8,undefined FUN_18148dedc(),ghidra,clean,
WHGame.dll,release_1_5_1164953_841,0x148df04,68,FUN_18148df04,,,9c94658d516b8edd9f3e335962122ca67dae64702b281689804c0268416692cc,undefined FUN_18148df04(),ghidra,clean,
WHGame.dll,release_1_5_1164953_841,0x148df48,132,FUN_18148df48,,,2b652956a55278642dc9b01ad9f59eccd56ae466e9bbdcd28977278c09c7d7ea,undefined FUN_18148df48(),ghidra,clean,
WHGame.dll,release_1_5_1164953_841,0x148dfcc,147,FUN_18148dfcc,,,3ffc7cf03089763ba54f51f13e26d2c991c3074579fc7694404969dd48145309,undefined FUN_18148dfcc(),ghidra,clean,
WHGame.dll,release_1_5_1164953_841,0x148e060,147,FUN_18148e060,,,52f4f7fd11658f861120f6aaf732122c55cece0d2f4cc146ada24e14221b7e17,undefined FUN_18148e060(),ghidra,clean,
WHGame.dll,release_1_5_1164953_841,0x148e0f4,5,thunk_FUN_18148e0fc,,,b0d40b133b9394d93820ac0104b0065121d2d73df32c7bfb4e4cf5d805a8b103,undefined thunk_FUN_18148e0fc(),ghidra,clean,
WHGame.dll,release_1_5_1164953_841,0x148e0fc,103,FUN_18148e0fc,,,f5f3be787f10fe48473e98e1d666c973642445bcb75c94ed256dc460a7114239,undefined FUN_18148e0fc(),ghidra,clean,
WHGame.dll,release_1_5_1164953_841,0x148e164,151,FUN_18148e164,,,e0718a487dd02e9085412a74a7ea31cde3923b242a940ec887879423873a57c8,undefined FUN_18148e164(),ghidra,clean,
WHGame.dll,release_1_5_1164953_841,0x148e1e0,141,FUN_18148e1e0,,,560c9ea038094362ec03e860ac4ef31d0c95e77536dba5ef0135f5b1c902a9ae,undefined FUN_18148e1e0(),ghidra,clean,
WHGame.dll,release_1_5_1164953_841,0x148e270,42,FUN_18148e270,,,dc5afde71b4e4501c8d78bd28be41fef68e72e47746eaa371fd4afe0884f1a79,undefined FUN_18148e270(),ghidra,clean,
WHGame.dll,release_1_5_1164953_841,0x148e29c,68,FUN_18148e29c,,,3660a238f308aee50900830d7f01c7512a7b529a263a3395b8ffd7728bf2228e,undefined FUN_18148e29c(),ghidra,clean,
WHGame.dll,release_1_5_1164953_841,0x148e2e0,171,FUN_18148e2e0,,,fc44b099582c96edb06efdcdfcf06808d1d8451a55e0b2895a852265ba8bdd19,undefined FUN_18148e2e0(),ghidra,clean,
WHGame.dll,release_1_5_1164953_841,0x148e38c,53,FUN_18148e38c,,,9930e78f966bc30af6ecee6b29ea4ce9d90e410e48a1ff338019ad4afc7689cd,undefined FUN_18148e38c(),ghidra,clean,
WHGame.dll,release_1_5_1164953_841,0x148e3c4,431,FUN_18148e3c4,,,c5411e3bf3e468d922b87d02a1ac53b3c22095c156fe3419109bfffbf469bfa2,undefined FUN_18148e3c4(),ghidra,clean,
WHGame.dll,release_1_5_1164953_841,0x148e520,40,FUN_18148e520,,,9566dfeb7b4ea4ccb6ac8d723ccabb64d45dd4d14f112c6dc5a1f4ef49bb806f,undefined FUN_18148e520(),ghidra,clean,
WHGame.dll,release_1_5_1164953_841,0x148e548,42,FUN_18148e548,,,439ba207e356752de6d11a8f8d0bfafb641d5c1874f4d0881fe77b65554dc2ff,undefined FUN_18148e548(),ghidra,clean,
WHGame.dll,release_1_5_1164953_841,0x148e574,166,FUN_18148e574,,,abf080a28d91da9f20e90bae2b4fef99dbb9618d5e6ce997c8af0041382f397c,undefined FUN_18148e574(),ghidra,clean,
WHGame.dll,release_1_5_1164953_841,0x148e61c,328,FUN_18148e61c,,,8b4d622b04934dfed6c7347ffe026595122c86c2a166598101a5a86f6cfea750,undefined FUN_18148e61c(),ghidra,clean,
WHGame.dll,release_1_5_1164953_841,0x148e768,100,FUN_18148e768,,,25ecc1b838543fb3f379c7331f69157340239fdac167f7c7849d8ec08f98509a,undefined FUN_18148e768(),ghidra,clean,
WHGame.dll,release_1_5_1164953_841,0x148e7cc,328,FUN_18148e7cc,,,20b97ee3ef2fc0111df9984e633273136ad207fe4c670367af4e4f6d3d72ea3b,undefined FUN_18148e7cc(),ghidra,clean,
WHGame.dll,release_1_5_1164953_841,0x148e918,100,FUN_18148e918,,,955beee05a6765c033fab029b067b36823690a1cb541f7e50b9a94c20df1f8f0,undefined FUN_18148e918(),ghidra,clean,
WHGame.dll,release_1_5_1164953_841,0x148e97c,53,FUN_18148e97c,,,b8a0e2e50f8a29f73af358d96e3767b6003ac43f3f5a50fb42d689da57ab10cf,undefined FUN_18148e97c(),ghidra,clean,
WHGame.dll,release_1_5_1164953_841,0x148e9b4,417,FUN_18148e9b4,,,b5a4bdf5afb39d96a897d3c9a1d4c7c0c2676556b59d06a604a28f14f1926b14,undefined FUN_18148e9b4(),ghidra,clean,
WHGame.dll,release_1_5_1164953_841,0x148ead4,40,FUN_18148ead4,,,46f239b0fe85a43dbee8ef04f6837b7adbebfa2ed74c286fd92d7406e2f3a4ff,undefined FUN_18148ead4(),ghidra,clean,
WHGame.dll,release_1_5_1164953_841,0x148eafc,42,FUN_18148eafc,,,e2b98f6a0a0009f98e64bf0bea236248a768dacc3996d840fc8c5ca7c7e8028d,undefined FUN_18148eafc(),ghidra,clean,
WHGame.dll,release_1_5_1164953_841,0x148eb28,5,thunk_FUN_18148eb30,,,b0d40b133b9394d93820ac0104b0065121d2d73df32c7bfb4e4cf5d805a8b103,undefined thunk_FUN_18148eb30(),ghidra,clean,
WHGame.dll,release_1_5_1164953_841,0x148eb30,103,FUN_18148eb30,,,47e9ad3492e64560a309179ebbf61d29ff7cc4b31221e67bf36b98b28d597480,undefined FUN_18148eb30(),ghidra,clean,
WHGame.dll,release_1_5_1164953_841,0x148eb98,95,FUN_18148eb98,,,08564d73b7406abc9e178c85b0a262eb7cd47a9e67509dbf0115f19f7534f3db,undefined FUN_18148eb98(),ghidra,clean,
WHGame.dll,release_1_5_1164953_841,0x148ebf8,225,FUN_18148ebf8,,,556a9c469ed1468338ca638496743e1a5e6cd4d2ebda61d9a1237e0b5ee61337,undefined FUN_18148ebf8(),ghidra,clean,
WHGame.dll,release_1_5_1164953_841,0x148ecc0,53,FUN_18148ecc0,,,27bdee5b19224c11985e3595841580fbc964fc4c31a0bdb6cb48cf6efccd26a1,undefined FUN_18148ecc0(),ghidra,clean,
WHGame.dll,release_1_5_1164953_841,0x148ecf8,147,FUN_18148ecf8,,,f507db775c889c257fa8cda4ad1945489affbff9d1547b7eb6e3f3126a812469,undefined FUN_18148ecf8(),ghidra,clean,
WHGame.dll,release_1_5_1164953_841,0x148ed8c,147,FUN_18148ed8c,,,bc2db7104cd8ba5d1f34e11084fb7381ed86e67f23115c48bd646deca9549b0c,undefined FUN_18148ed8c(),ghidra,clean,
WHGame.dll,release_1_5_1164953_841,0x148ee20,147,FUN_18148ee20,,,ae247b39d7a6bbbea410157210c0fdfcaaff29d15eb56c6787642dbdd7104cd3,undefined FUN_18148ee20(),ghidra,clean,
WHGame.dll,release_1_5_1164953_841,0x148eeb4,328,FUN_18148eeb4,,,19950295dddb08fb672b26a631e205866ed9cb02cd9d9aedd8a45eee3911c723,undefined FUN_18148eeb4(),ghidra,clean,
WHGame.dll,release_1_5_1164953_841,0x148f000,100,FUN_18148f000,,,d0532c434ded2bfef280960bc0b2d8dbc31d752f0cab02451541bfdd5daf9979,undefined FUN_18148f000(),ghidra,clean,
WHGame.dll,release_1_5_1164953_841,0x148f064,40,FUN_18148f064,,,6c2ca49cf20c799ed07e13e5d73c0254995984abb49c4453e699dfd4281fa101,undefined FUN_18148f064(),ghidra,clean,
WHGame.dll,release_1_5_1164953_841,0x148f08c,68,FUN_18148f08c,,,01038fc03809e613cb8e448314a1f514b12921149ed5ebe4aeb240e50a7b0043,undefined FUN_18148f08c(),ghidra,clean,
WHGame.dll,release_1_5_1164953_841,0x148f0d0,170,FUN_18148f0d0,,,6b5efc5e4d62400aedc976cb5f1d06d311261f1e248ef4f5c30071bea4fa0251,undefined FUN_18148f0d0(),ghidra,clean,
WHGame.dll,release_1_5_1164953_841,0x148f17c,190,FUN_18148f17c,,,8393d774115c793d616053b2f10cf97f9d166aacac077a1b4c0890d1e3663afa,undefined FUN_18148f17c(),ghidra,clean,
WHGame.dll,release_1_5_1164953_841,0x148f23c,190,FUN_18148f23c,,,3a7c1e60f70ab8d1230a0b1e29ae61ac0dde57bf0f13331d806c969f4063ae4e,undefined FUN_18148f23c(),ghidra,clean,
WHGame.dll,release_1_5_1164953_841,0x148f2fc,190,FUN_18148f2fc,,,4884e451a90600d3f5e32622b276e37e3dd1b4b4d70c5f3d2c511314b01d07be,undefined FUN_18148f2fc(),ghidra,clean,
WHGame.dll,release_1_5_1164953_841,0x148f3bc,190,FUN_18148f3bc,,,a8eb82da8ab72ba93d3076e10f99c531813403ecc326ab6661f5c6dc4611c88c,undefined FUN_18148f3bc(),ghidra,clean,
WHGame.dll,release_1_5_1164953_841,0x148f47c,190,FUN_18148f47c,,,72084e02be0dc79977a7233c26a9d6b0520de6abf4b63208911e4cf6c9ec6e5e,undefined FUN_18148f47c(),ghidra,clean,
WHGame.dll,release_1_5_1164953_841,0x148f53c,190,FUN_18148f53c,,,e23d77997c3431f5d8a62c4d431ba70f372c498ea3e42ed074c36e55c7b667d4,undefined FUN_18148f53c(),ghidra,clean,
WHGame.dll,release_1_5_1164953_841,0x148f5fc,190,FUN_18148f5fc,,,f4afdf3a32d3075c130061b850d45f4d45da6b2a8bd0d9d9db3ea49d6a07888b,undefined FUN_18148f5fc(),ghidra,clean,
WHGame.dll,release_1_5_1164953_841,0x148f6bc,190,FUN_18148f6bc,,,a3e58d192760b7456b1c624737332d5252490d773ecc65d668f134dc3e41051e,undefined FUN_18148f6bc(),ghidra,clean,
WHGame.dll,release_1_5_1164953_841,0x148f77c,26,FUN_18148f77c,,,10d453df25d1b14bad1411306729e18948601f73897b7a58f44c50c1155d28a9,undefined FUN_18148f77c(),ghidra,clean,
WHGame.dll,release_1_5_1164953_841,0x148f798,180,FUN_18148f798,,,a320b727624f70273a3630d3fcfb8ba8e35a13937c419c6e6b31732a81ae7e07,undefined FUN_18148f798(),ghidra,clean,
WHGame.dll,release_1_5_1164953_841,0x148f84c,190,FUN_18148f84c,,,a25c419e4c2437ad134400c8b0ff22f0565f2cba309ec4af24d01c883014b33e,undefined FUN_18148f84c(),ghidra,clean,
WHGame.dll,release_1_5_1164953_841,0x148f90c,190,FUN_18148f90c,,,4ac9e6a827196b6a5b2e6a48761b37140ab3ab31501b8d3ec498076e3994c420,undefined FUN_18148f90c(),ghidra,clean,
WHGame.dll,release_1_5_1164953_841,0x148f9cc,180,FUN_18148f9cc,,,7e6733d87a2e1296eb91d233d9e4115e17d17e86d877bcb8d30a4f7d07116ed6,undefined FUN_18148f9cc(),ghidra,clean,
WHGame.dll,release_1_5_1164953_841,0x148fa80,22,FUN_18148fa80,,,8cb7804c058d1f32f96e6878c827daff93d98042ae73883ffab8a08fb545f496,undefined FUN_18148fa80(),ghidra,clean,
WHGame.dll,release_1_5_1164953_841,0x148fa98,194,FUN_18148fa98,,,9201e5360cc03401d6f96a0dc65928696327ba2bd560f23c162cf6f8c6e5049b,undefined FUN_18148fa98(),ghidra,clean,
WHGame.dll,release_1_5_1164953_841,0x148fb5c,155,FUN_18148fb5c,,,fa3bad4c282e4ad920364cf62317afedf57ce2f17e7811cb921dc2b607cad772,undefined FUN_18148fb5c(),ghidra,clean,
WHGame.dll,release_1_5_1164953_841,0x148fbf8,291,FUN_18148fbf8,,,71fec70b67eb585c0c49f84b3093f78ab649f16dfba744bbbabdf89c2ee1a3dd,undefined FUN_18148fbf8(),ghidra,clean,
WHGame.dll,release_1_5_1164953_841,0x148fd1c,190,FUN_18148fd1c,,,1dcabb6051a560bfcde04c4b3d1017cdf2c573e84a75dee55f8906831442d089,undefined FUN_18148fd1c(),ghidra,clean,
WHGame.dll,release_1_5_1164953_841,0x148fddc,374,FUN_18148fddc,,,2f95dc24e712e0d0f35b4357290837654da99655f55cc1ba1c55f51ef154e78c,undefined FUN_18148fddc(),ghidra,clean,
WHGame.dll,release_1_5_1164953_841,0x148ff54,56,FUN_18148ff54,,,3183ff99f7c43179cc375c5680ce8d355a7f9ceee98faed0d378f08288c9bb9b,undefined FUN_18148ff54(),ghidra,clean,
WHGame.dll,release_1_5_1164953_841,0x148ff8c,159,FUN_18148ff8c,,,c96e153cf4b773ed2efa8011bf818e7b8d03a03e8848973df2f9809ea9039a37,undefined FUN_18148ff8c(),ghidra,clean,
WHGame.dll,release_1_5_1164953_841,0x149001c,140,FUN_18149001c,,,42e1940ac41cb7d8a11a796452e87194b3b5bf08a55017c9bef35e20f4851f81,undefined FUN_18149001c(),ghidra,clean,
WHGame.dll,release_1_5_1164953_841,0x14900a8,50,FUN_1814900a8,,,dbef59dc68de3e59c0ab2074487ec6b22d88fce7127553eb60ceaafbb6ead8f3,undefined FUN_1814900a8(),ghidra,clean,
WHGame.dll,release_1_5_1164953_841,0x14900dc,190,FUN_1814900dc,,,5b9959276c30e10efd681737f56c891e1b0ed317a5f8ac7a91995c04da9c9b93,undefined FUN_1814900dc(),ghidra,clean,
WHGame.dll,release_1_5_1164953_841,0x149019c,5,thunk_FUN_1814901a4,,,b0d40b133b9394d93820ac0104b0065121d2d73df32c7bfb4e4cf5d805a8b103,undefined thunk_FUN_1814901a4(),ghidra,clean,
WHGame.dll,release_1_5_1164953_841,0x14901a4,103,FUN_1814901a4,,,f6c92e173fcd994399030b35862e4083408bec956c6d1239c3462c85ed035cf7,undefined FUN_1814901a4(),ghidra,clean,
WHGame.dll,release_1_5_1164953_841,0x149020c,95,FUN_18149020c,,,d50ed4753d0c3495b1971949ed0bf36a3daaba747e9c30d36db91a94f2c4b5ea,undefined FUN_18149020c(),ghidra,clean,
WHGame.dll,release_1_5_1164953_841,0x149026c,201,FUN_18149026c,,,7498b7b2a51f2bd87cbf4d6808009ec47949be64457803a4d44c9bc8c998d201,undefined FUN_18149026c(),ghidra,clean,
WHGame.dll,release_1_5_1164953_841,0x1490318,110,FUN_181490318,,,031a6a97f8c31fbdeb3c2f99de1187de47b77359f8e126e67ce1d121ba8645f2,undefined FUN_181490318(),ghidra,clean,
WHGame.dll,release_1_5_1164953_841,0x1490388,212,FUN_181490388,,,1c7c827dfe860663a600c6a214286b480b3318a6d798d876521749e856370eaa,undefined FUN_181490388(),ghidra,clean,
WHGame.dll,release_1_5_1164953_841,0x1490440,53,FUN_181490440,,,bfcd8c057f04a21cbb6090e01eb67fb95c6d9e7d34cdaa434d2d7bfde3dbb798,undefined FUN_181490440(),ghidra,clean,
WHGame.dll,release_1_5_1164953_841,0x1490478,431,FUN_181490478,,,d6212a34b6e42ad410fc4c1b6c149212dbfc4636f23148687647e69d790e991f,undefined FUN_181490478(),ghidra,clean,
WHGame.dll,release_1_5_1164953_841,0x14905d4,40,FUN_1814905d4,,,5ff298d03b44afa6cc4c17fb4cdeeefd356bcfe89f88dd1223b07fec9fa73d02,undefined FUN_1814905d4(),ghidra,clean,
WHGame.dll,release_1_5_1164953_841,0x14905fc,42,FUN_1814905fc,,,b955ff7efd0a970d5d85d82272db8edf4eb1ae9e8ddb33c85abfb635541aecbb,undefined FUN_1814905fc(),ghidra,clean,
WHGame.dll,release_1_5_1164953_841,0x1490628,190,FUN_181490628,,,c0279d49190b5665a4896ab42ccf25184b8bea6e0afe1a0c7f5615f86b188ef1,undefined FUN_181490628(),ghidra,clean,
WHGame.dll,release_1_5_1164953_841,0x14906e8,155,FUN_1814906e8,,,b82c341dd07adb6142d6ebbd5a83557d9235b954312b27bb803c66d92a603564,undefined FUN_1814906e8(),ghidra,clean,
WHGame.dll,release_1_5_1164953_841,0x1490784,291,FUN_181490784,,,47c52c49e5e3f68e19e6a92d71210899183832dc7042f352898e2a0127592e34,undefined FUN_181490784(),ghidra,clean,
WHGame.dll,release_1_5_1164953_841,0x14908a8,190,FUN_1814908a8,,,518f31e15320ae82171290d79eca299eb999d39fabedd3a65272638d24bcf6c9,undefined FUN_1814908a8(),ghidra,clean,
WHGame.dll,release_1_5_1164953_841,0x1490968,190,FUN_181490968,,,6b9f715b25fdbf6317170069cdbea7d85e4ea64c2dcb6b7088ca7e9bb2e0a664,undefined FUN_181490968(),ghidra,clean,
WHGame.dll,release_1_5_1164953_841,0x1490a28,190,FUN_181490a28,,,8742987b0176d9c64ca7323ccf74de6cd40f178d98974c8203144c1cfc609d2e,undefined FUN_181490a28(),ghidra,clean,
WHGame.dll,release_1_5_1164953_841,0x1490ae8,190,FUN_181490ae8,,,5104d8f471b7b1743c44b416a9b57dbda362f9a03d0283d79a79cda9c3669eaa,undefined FUN_181490ae8(),ghidra,clean,
WHGame.dll,release_1_5_1164953_841,0x1490ba8,70,FUN_181490ba8,,,7c850a9e59cb95a92a46912c547b65b53493092fc959888c38984d1c684b3183,undefined FUN_181490ba8(),ghidra,clean,
WHGame.dll,release_1_5_1164953_841,0x1490bf0,120,FUN_181490bf0,,,d1a45a024fe8f70ed4274be39c0989dc631caef09a1f25aff9c311f58c8c87d7,undefined FUN_181490bf0(),ghidra,clean,
WHGame.dll,release_1_5_1164953_841,0x1490c40,25,FUN_181490c40,,,109fad5944ae24b3636ba820b6f199334971cd7a3a4429b78782bfa719f02f6f,undefined FUN_181490c40(),ghidra,clean,
WHGame.dll,release_1_5_1164953_841,0x1490c5c,190,FUN_181490c5c,,,890b949ea81b2b665e4b87c2fd4ce0c9d7602461469a2df654066e505ac0e1ff,undefined FUN_181490c5c(),ghidra,clean,
WHGame.dll,release_1_5_1164953_841,0x1490d1c,155,FUN_181490d1c,,,5573ea9777d449ed29878f42cdb8ef136c1b7f602649f3c61006833389811e97,undefined FUN_181490d1c(),ghidra,clean,
WHGame.dll,release_1_5_1164953_841,0x1490db8,291,FUN_181490db8,,,d245ce18d6f511ad82c3aa993d0e8309dc29012e36750e69d4fecacb9c4cf45d,undefined FUN_181490db8(),ghidra,clean,
WHGame.dll,release_1_5_1164953_841,0x1490edc,179,FUN_181490edc,,,0509a0341b432e5a56ddfd77c52568700ff06ba48af7f552decf4ccb37c1b7ca,undefined FUN_181490edc(),ghidra,clean,
WHGame.dll,release_1_5_1164953_841,0x1490f90,158,FUN_181490f90,,,75adc652d621567bd1c5856a686b93ccc53ce56d96e7a58d85257a86e76d7868,undefined FUN_181490f90(),ghidra,clean,
WHGame.dll,release_1_5_1164953_841,0x1490fd0,190,FUN_181490fd0,,,69232bea754d3d65e62bb6e100fbf67f418d0342e2e921d5125ac16523b566f6,undefined FUN_181490fd0(),ghidra,clean,
WHGame.dll,release_1_5_1164953_841,0x1491090,190,FUN_181491090,,,31109b9d246e02cc7f30f51a0bbceaad61ce86be6290908b011f48b99941b13f,undefined FUN_181491090(),ghidra,clean,
WHGame.dll,release_1_5_1164953_841,0x1491150,190,FUN_181491150,,,2675b237d8661ba5bd319a5a0ae92c02a5ba8e240af1a01a0376abe29e9e8da4,undefined FUN_181491150(),ghidra,clean,
WHGame.dll,release_1_5_1164953_841,0x1491210,458,FUN_181491210,,,530bfe9a11c3cd6690008191fe06117dd6122c13c55cb19276e7b4a6dde79209,undefined FUN_181491210(),ghidra,clean,
WHGame.dll,release_1_5_1164953_841,0x14913dc,194,FUN_1814913dc,,,392ccbe1eb89d84b31a91f090f6c1860d5a8e60403aae83c79cf5048cd6ac815,undefined FUN_1814913dc(),ghidra,clean,
WHGame.dll,release_1_5_1164953_841,0x14914a0,190,FUN_1814914a0,,,2e696e2fad96830a6217f18dddc314d1a496ac492ade70729b21a63ede9d4245,undefined FUN_1814914a0(),ghidra,clean,
WHGame.dll,release_1_5_1164953_841,0x1491560,9,FUN_181491560,,,1105b60368dda78cf95566795e9d8a29dda3abfb552cd530a0bb084051a62e8a,undefined FUN_181491560(),ghidra,clean,
WHGame.dll,release_1_5_1164953_841,0x149156c,190,FUN_18149156c,,,4c34417b70cfbec0450a7d16a420cbd03530af4afa5ef70f575b63d30fd7e6bb,undefined FUN_18149156c(),ghidra,clean,
WHGame.dll,release_1_5_1164953_841,0x149162c,156,FUN_18149162c,,,492e396bc519159ed55ee835ac9051729f99b7ee1d5893058b14dd7580f2c0c8,undefined FUN_18149162c(),ghidra,clean,
WHGame.dll,release_1_5_1164953_841,0x14916c8,190,FUN_1814916c8,,,98ab81a6c39de4b3a5c1795ac05271603e2134c6738b7a0677a892488d0f4837,undefined FUN_1814916c8(),ghidra,clean,
WHGame.dll,release_1_5_1164953_841,0x1491788,65,FUN_181491788,,,8349459bfe7208c327ae2bec23ec34fe509743ca93ebf2c57c2c9870b4781dca,undefined FUN_181491788(),ghidra,clean,
WHGame.dll,release_1_5_1164953_841,0x14917cc,147,FUN_1814917cc,,,66dedfe8e323717993e6fc10a31d949264d1ab2bc42b9eed45e6a3b4758eec05,undefined FUN_1814917cc(),ghidra,clean,
WHGame.dll,release_1_5_1164953_841,0x1491860,75,FUN_181491860,,,b5a78a7ddbd57385b170b22a079dc579a1e3b650a7596d0639f9cf5578c120aa,undefined FUN_181491860(),ghidra,clean,
WHGame.dll,release_1_5_1164953_841,0x14918ac,104,FUN_1814918ac,,,f36498cc4d5b31649ee7685977abea3355445995827c9ae304c912ae5811b907,undefined FUN_1814918ac(),ghidra,clean,
WHGame.dll,release_1_5_1164953_841,0x1491914,417,FUN_181491914,,,0181232a01f9c030e7af203538d2752adf0d856cc3cab25c8e0ebe977f19d3b0,undefined FUN_181491914(),ghidra,clean,
WHGame.dll,release_1_5_1164953_841,0x1491a34,40,FUN_181491a34,,,4df2a7d3b4987e1416b057ffb1ee2a7a92eac9bdf99ad22481d378ea68c4d2cf,undefined FUN_181491a34(),ghidra,clean,
WHGame.dll,release_1_5_1164953_841,0x1491a5c,42,FUN_181491a5c,,,ea65cfa98a291a58b8e87cfb35ffb3463d5c8d29df618729cb1a2797457715a9,undefined FUN_181491a5c(),ghidra,clean,
WHGame.dll,release_1_5_1164953_841,0x1491a88,142,FUN_181491a88,,,791e5771658df54453f73b0882a1a4447861fe4810f3ef0bfb72a7ff3411275c,undefined FUN_181491a88(),ghidra,clean,
WHGame.dll,release_1_5_1164953_841,0x1491b18,53,FUN_181491b18,,,7705b0c72271bdb6a64ca45495c6bdc29066047f216bb1b9ec5bf47bde2c1bc0,undefined FUN_181491b18(),ghidra,clean,
WHGame.dll,release_1_5_1164953_841,0x1491b50,5,thunk_FUN_181491d4c,,,8df2753b62a88197cb06da0344f3cf41d768f2859a6f1bece1009c3e677ffdd8,undefined thunk_FUN_181491d4c(),ghidra,clean,
WHGame.dll,release_1_5_1164953_841,0x1491b58,130,FUN_181491b58,,,ae6334476292e9938721c92493ce364ed10134f3d1c1a5cea61596164f439152,undefined FUN_181491b58(),ghidra,clean,
WHGame.dll,release_1_5_1164953_841,0x1491bdc,103,FUN_181491bdc,,,9efb72ddfd348b27bc90ee24530700f072b658954dec1e86009b7d78b360f353,undefined FUN_181491bdc(),ghidra,clean,
WHGame.dll,release_1_5_1164953_841,0x1491c44,95,FUN_181491c44,,,d265760fc563bd14bcbece98ca94d6c8f403ae2341fb572c3467f311de76323b,undefined FUN_181491c44(),ghidra,clean,
WHGame.dll,release_1_5_1164953_841,0x1491ca4,193,FUN_181491ca4,,,d70ce58cad7edd0beac6d9789a039d52e4330399f65d811cb7f0afb604c69b2b,undefined FUN_181491ca4(),ghidra,clean,
WHGame.dll,release_1_5_1164953_841,0x1491d4c,198,FUN_181491d4c,,,13126d64d906647a2a32e7b1fafa8ed6e13c284299b3b870ff76ea1a6a28eac1,undefined FUN_181491d4c(),ghidra,clean,
WHGame.dll,release_1_5_1164953_841,0x1491e08,328,FUN_181491e08,,,78621a93578688ebf3fc106a5c3171b15baefd0dc20227fceff55e755d42ec34,undefined FUN_181491e08(),ghidra,clean,
WHGame.dll,release_1_5_1164953_841,0x1491f54,100,FUN_181491f54,,,67bca768dbe6de23c8fcf09b9fc21f198a991e3565d647369da1ebc6982d1160,undefined FUN_181491f54(),ghidra,clean,
WHGame.dll,release_1_5_1164953_841,0x1491fb8,53,FUN_181491fb8,,,f4c12f2f9e6554d4f63e9ae62f0931691b886c9c3a3078cef4e6dad8e829b497,undefined FUN_181491fb8(),ghidra,clean,
WHGame.dll,release_1_5_1164953_841,0x1491ff0,147,FUN_181491ff0,,,bcc586913144484e7e3f6575b837eed18dc26a7abcb08548e87473586ad57e2e,undefined FUN_181491ff0(),ghidra,clean,
WHGame.dll,release_1_5_1164953_841,0x1492084,130,FUN_181492084,,,bfdc1640972b088e8d0e924a0ceae207a0f7339afbd66b69d12249948ab197e8,undefined FUN_181492084(),ghidra,clean,
WHGame.dll,release_1_5_1164953_841,0x1492108,5,thunk_FUN_181492110,,,b0d40b133b9394d93820ac0104b0065121d2d73df32c7bfb4e4cf5d805a8b103,undefined thunk_FUN_181492110(),ghidra,clean,
WHGame.dll,release_1_5_1164953_841,0x1492110,103,FUN_181492110,,,f41c3401d6fd48e50bde8f5e9c4cfdaae19b82c269a2896d545b914975beaafb,undefined FUN_181492110(),ghidra,clean,
WHGame.dll,release_1_5_1164953_841,0x1492178,144,FUN_181492178,,,93a4836daee7a8dc4a2cb199ed7c71fca51b7552c5b89833286363085ac9fc71,undefined FUN_181492178(),ghidra,clean,
WHGame.dll,release_1_5_1164953_841,0x1492208,42,FUN_181492208,,,0ee0e93dee288e39f374287142e788b41b4539c11d8952160b2d0b40c81091d5,undefined FUN_181492208(),ghidra,clean,
WHGame.dll,release_1_5_1164953_841,0x1492234,68,FUN_181492234,,,c25600b01f799a149a32ef38fe1caf141a39c7223e06140fd6099d0f5667b9bf,undefined FUN_181492234(),ghidra,clean,
WHGame.dll,release_1_5_1164953_841,0x1492278,130,FUN_181492278,,,5262da1248bc30c2c94401275e08b3a4e3bc903efb7c561b0c35396c67a7bdf8,undefined FUN_181492278(),ghidra,clean,
WHGame.dll,release_1_5_1164953_841,0x14922fc,211,FUN_1814922fc,,,da6214d1377cbb567e7068986e68eadf3abe6eb127fe5e409eab137dce522205,undefined FUN_1814922fc(),ghidra,clean,
WHGame.dll,release_1_5_1164953_841,0x14923a8,142,FUN_1814923a8,,,0d0c516563a33605eaad65380d9769d89a66bcb587b3f9c30dad96b105a4ab19,undefined FUN_1814923a8(),ghidra,clean,
WHGame.dll,release_1_5_1164953_841,0x1492438,5,thunk_FUN_181492440,,,b0d40b133b9394d93820ac0104b0065121d2d73df32c7bfb4e4cf5d805a8b103,undefined thunk_FUN_181492440(),ghidra,clean,
WHGame.dll,release_1_5_1164953_841,0x1492440,198,FUN_181492440,,,6eb6fdf4d7ab4a670768a897e92229456f331401ce7551ceaa391ef577b8b9f6,undefined FUN_181492440(),ghidra,clean,
WHGame.dll,release_1_5_1164953_841,0x14924fc,53,FUN_1814924fc,,,6919e71fe22ab019773a2568b53a8a72b83969aa13adf74dff8b0075c8a4c1cf,undefined FUN_1814924fc(),ghidra,clean,
WHGame.dll,release_1_5_1164953_841,0x1492534,53,FUN_181492534,,,93fd507bff66535c90d3d6ce6f09e366ec11f9e914a12b2f25d88ade6d0d035d,undefined FUN_181492534(),ghidra,clean,
WHGame.dll,release_1_5_1164953_841,0x149256c,431,FUN_18149256c,,,8b5ad2d5e768033015b788f15546f7ccc4a5624df9febd9f4702fc5ad74d5f06,undefined FUN_18149256c(),ghidra,clean,
WHGame.dll,release_1_5_1164953_841,0x14926c8,40,FUN_1814926c8,,,fea370b5fd4f981eee3425e0816a775fd457f1a56b00a6db96971d12f348a759,undefined FUN_1814926c8(),ghidra,clean,
WHGame.dll,release_1_5_1164953_841,0x14926f0,42,FUN_1814926f0,,,e11cc9984047b6c5b12b095369098b4002457438c850ea2390d3d2b1a9db66fe,undefined FUN_1814926f0(),ghidra,clean,
WHGame.dll,release_1_5_1164953_841,0x149271c,431,FUN_18149271c,,,3c5498864e702e17a859d9c9198407829d2bfa97bc377f64207f7d168d25a4e4,undefined FUN_18149271c(),ghidra,clean,
WHGame.dll,release_1_5_1164953_841,0x1492878,40,FUN_181492878,,,0709a9fb26c7f629abc6cd2cad1e0f993b5e31ae418fcdd1de887769218b7697,undefined FUN_181492878(),ghidra,clean,
WHGame.dll,release_1_5_1164953_841,0x14928a0,42,FUN_1814928a0,,,fb93ef6e3adff98dfd2f3c13a328a895cc8601e023cafac33f9be4723de6a3ef,undefined FUN_1814928a0(),ghidra,clean,
WHGame.dll,release_1_5_1164953_841,0x14928cc,100,FUN_1814928cc,,,9ecdf7ad95ce93d77613a7afbad3de4369902349cab27b38ee9529615ecd33ec,undefined FUN_1814928cc(),ghidra,clean,
WHGame.dll,release_1_5_1164953_841,0x1492930,100,FUN_181492930,,,79d9b588ffa66ac00302bea887cbc7f69aacafb1142dbd2e35fd4a47f0d76b3f,undefined FUN_181492930(),ghidra,clean,
WHGame.dll,release_1_5_1164953_841,0x1492994,109,FUN_181492994,,,0ca19da4b0c897e07d9766e0b17b82465279136a4be314961b9d54dda92bae78,undefined FUN_181492994(),ghidra,clean,
WHGame.dll,release_1_5_1164953_841,0x14929d0,436,FUN_1814929d0,,,5148c8fb2fa150f3aa3fcb949ed021516588d2145dca8c2ded239c6a79a8e166,undefined FUN_1814929d0(),ghidra,clean,
WHGame.dll,release_1_5_1164953_841,0x1492ab0,126,FUN_181492ab0,,,3893835a3626fec5607a98e751845fb42d83e53153ae5b3dceb3f6cecec495e3,undefined FUN_181492ab0(),ghidra,clean,
WHGame.dll,release_1_5_1164953_841,0x1492b14,223,FUN_181492b14,,,678e5f94ca7000b34949bcb82dc28ba428c56f07cec8d72b60e33d19f0eb1d1b,undefined FUN_181492b14(),ghidra,clean,
WHGame.dll,release_1_5_1164953_841,0x1492bd8,112,FUN_181492bd8,,,7f296ba1623439e12fd9cd61d322c597c5257cd19535c16a237e79a0995ad6c5,undefined FUN_181492bd8(),ghidra,clean,
WHGame.dll,release_1_5_1164953_841,0x1492c48,88,FUN_181492c48,,,43cc2b4fbea1bcf6c5144fad60ba6e41d4a2ff5bfd8c5bdfac0c8b01275f968a,undefined FUN_181492c48(),ghidra,clean,
WHGame.dll,release_1_5_1164953_841,0x1492ca0,142,FUN_181492ca0,,,ca31056155f90d2f5f33961414a2d85cbd85157ab5e60931214e635d0fdd8ce1,undefined FUN_181492ca0(),ghidra,clean,
WHGame.dll,release_1_5_1164953_841,0x1492d30,142,FUN_181492d30,,,cc121a957ae61a60d13d5f33930347184245a2aacc358cba2adcefa888c55f25,undefined FUN_181492d30(),ghidra,clean,
WHGame.dll,release_1_5_1164953_841,0x1492dc0,147,FUN_181492dc0,,,b3928ee9b261dd91e60d41de8fc3cb913c2a48401f92c94334e59937faa4bbc4,undefined FUN_181492dc0(),ghidra,clean,
WHGame.dll,release_1_5_1164953_841,0x1492e54,147,FUN_181492e54,,,26f8d6366fb7a4308c0c69daf75415610153cd6a9866ff1f6a8ef294e76bbf56,undefined FUN_181492e54(),ghidra,clean,
WHGame.dll,release_1_5_1164953_841,0x1492ee8,42,FUN_181492ee8,,,09ddc0ad3ed845f3cb7e5c524458aba556a9e4eda9f4ed88c7717b7bc9c31c14,undefined FUN_181492ee8(),ghidra,clean,
WHGame.dll,release_1_5_1164953_841,0x1492f14,68,FUN_181492f14,,,3f7edeaecf34e7df3270f50825eca1e53e59827cd75eb02b3a955103ce6c7bcd,undefined FUN_181492f14(),ghidra,clean,
WHGame.dll,release_1_5_1164953_841,0x1492f58,417,FUN_181492f58,,,9c128e6c381b09dda4719ecad8a9e2d2d4d15ebb7dacfe99cd80d850865ae4c7,undefined FUN_181492f58(),ghidra,clean,
WHGame.dll,release_1_5_1164953_841,0x1493078,40,FUN_181493078,,,f74c5e2ca871a89f1ea11083a7dda21348ebef7ae39afd71ce230e181aec1000,undefined FUN_181493078(),ghidra,clean,
WHGame.dll,release_1_5_1164953_841,0x14930a0,42,FUN_1814930a0,,,13e58b71bf4dd002660c3de84cdb599ad596884c52b39c0ae403c5d5fc621da7,undefined FUN_1814930a0(),ghidra,clean,
WHGame.dll,release_1_5_1164953_841,0x14930cc,53,FUN_1814930cc,,,94472680f3be8c58d56377bfe747f4ba56b6b9a590cace0830e86218ccca9e71,undefined FUN_1814930cc(),ghidra,clean,
WHGame.dll,release_1_5_1164953_841,0x1493104,53,FUN_181493104,,,358ac7fa05aefe5e83c23e52d1abcac169b71397fe376fd5eccf891135b824e0,undefined FUN_181493104(),ghidra,clean,
WHGame.dll,release_1_5_1164953_841,0x149313c,53,FUN_18149313c,,,369f8e1a64200aba09e89a321f765ba8a869311b43b0b8ea6c4a4ba1ecadf3b0,undefined FUN_18149313c(),ghidra,clean,
WHGame.dll,release_1_5_1164953_841,0x1493174,422,FUN_181493174,,,462188ba72409272ce14686a8111b0fafc685e755715ce6215a902e22f3ade59,undefined FUN_181493174(),ghidra,clean,
WHGame.dll,release_1_5_1164953_841,0x149320c,436,FUN_18149320c,,,f5b2be3b039051faafdd4a735b284e076fe47f9a49e2cd984dc11f287b1637f1,undefined FUN_18149320c(),ghidra,clean,
WHGame.dll,release_1_5_1164953_841,0x14932ec,328,FUN_1814932ec,,,4fcbdbc18c73211e6f3e9198f0d9c6b5299a91e01ff9722ff5db520e5e5598fb,undefined FUN_1814932ec(),ghidra,clean,
WHGame.dll,release_1_5_1164953_841,0x1493438,100,FUN_181493438,,,035e3937507f4b51ae33f7d2a89539572fff9ab0ac633cd25cd1f83e2ac7d07d,undefined FUN_181493438(),ghidra,clean,
WHGame.dll,release_1_5_1164953_841,0x149349c,53,FUN_18149349c,,,f809195b8bd351b1806b324252e357210b33eb262507cfd8c3b20f62f745dcc2,undefined FUN_18149349c(),ghidra,clean,
WHGame.dll,release_1_5_1164953_841,0x14934d4,5,thunk_FUN_1814934dc,,,b0d40b133b9394d93820ac0104b0065121d2d73df32c7bfb4e4cf5d805a8b103,undefined thunk_FUN_1814934dc(),ghidra,clean,
WHGame.dll,release_1_5_1164953_841,0x14934dc,103,FUN_1814934dc,,,6a9005c4c1254d157cd6b1572eabab28b21b1a3c28db32ec297b3b0666266a75,undefined FUN_1814934dc(),ghidra,clean,
WHGame.dll,release_1_5_1164953_841,0x1493544,211,FUN_181493544,,,c2814cacc6cd99aa7a3d1be7c1575a7cff0961d5de5a5891960c83a7ebd5b20a,undefined FUN_181493544(),ghidra,clean,
WHGame.dll,release_1_5_1164953_841,0x14935f0,130,FUN_1814935f0,,,8863f99593312f0f8c2d2af90e94cbe71a53c9988206c0e1fba8757e61751bc0,undefined FUN_1814935f0(),ghidra,clean,
WHGame.dll,release_1_5_1164953_841,0x1493674,103,FUN_181493674,,,e60d60996d6de39d30bb07b166ce19c4c0ddc9997898cf9cb5ec2c2ce75f136c,undefined FUN_181493674(),ghidra,clean,
WHGame.dll,release_1_5_1164953_841,0x14936dc,211,FUN_1814936dc,,,d1467ebda25d63daf23601f6a7cfb57254ba5e0a291c90d505494e7a5142da47,undefined FUN_1814936dc(),ghidra,clean,
WHGame.dll,release_1_5_1164953_841,0x1493788,144,FUN_181493788,,,09268a52dd3e1f79a72d466c4a18079b92fcecf345d13d347d4072947c167d9d,undefined FUN_181493788(),ghidra,clean,
WHGame.dll,release_1_5_1164953_841,0x1493818,328,FUN_181493818,,,96167489e57ec5ad6d33c1e2d05013acac4d28618aab6342b3158e9e11085c39,undefined FUN_181493818(),ghidra,clean,
WHGame.dll,release_1_5_1164953_841,0x1493964,100,FUN_181493964,,,590d0c2935d88381669b76d7c5d02b8c930e144eb4ceb734f55027f7bcdf5b1b,undefined FUN_181493964(),ghidra,clean,
WHGame.dll,release_1_5_1164953_841,0x14939c8,40,FUN_1814939c8,,,fe6e40ae7c885fd27cdde81c5906281e545f9ba7e214150c9a2eb23c21271189,undefined FUN_1814939c8(),ghidra,clean,
WHGame.dll,release_1_5_1164953_841,0x14939f0,68,FUN_1814939f0,,,c41d48582de594ebe74baeb48258b33ef5615c6f6ee479a9ce3cad2e0d14427b,undefined FUN_1814939f0(),ghidra,clean,
WHGame.dll,release_1_5_1164953_841,0x1493a34,179,FUN_181493a34,,,e3bde2ad085a4f603024ebcb2911961de148a627d97bb234e6d47230d25b397e,undefined FUN_181493a34(),ghidra,clean,
WHGame.dll,release_1_5_1164953_841,0x1493ae8,144,FUN_181493ae8,,,4e20964e562f02e87ac3a00c7673b74a7a64dda283986cc14cca96a7c6a6cb28,undefined FUN_181493ae8(),ghidra,clean,
WHGame.dll,release_1_5_1164953_841,0x1493b78,328,FUN_181493b78,,,20cd8bee78b494ef1051631d98fd2eaf5aa3a4abd148718c7ec7d30d55e1fbc9,undefined FUN_181493b78(),ghidra,clean,
WHGame.dll,release_1_5_1164953_841,0x1493cc4,100,FUN_181493cc4,,,7e119d421d73a0cafac5e1c443ffe4aff5178707500c3357cae52ef946f1fada,undefined FUN_181493cc4(),ghidra,clean,
WHGame.dll,release_1_5_1164953_841,0x1493d28,40,FUN_181493d28,,,d88a51a452825ee199e17c160e543fe6bd85b528490109be4ce457276ffbfef9,undefined FUN_181493d28(),ghidra,clean,
WHGame.dll,release_1_5_1164953_841,0x1493d50,68,FUN_181493d50,,,7767f7e512eda2cb19273f4aeb7c4436573b4e72b0d2455ea42b52e4d0a62961,undefined FUN_181493d50(),ghidra,clean,
WHGame.dll,release_1_5_1164953_841,0x1493d94,179,FUN_181493d94,,,05964e195fc83278f3bf4941815ef0a93e7db74ea26ad2162b2c69074262ed9b,undefined FUN_181493d94(),ghidra,clean,
WHGame.dll,release_1_5_1164953_841,0x1493e48,198,FUN_181493e48,,,772c4f6eb3f7100580c0d99ac9aad1ea6cfba6247524faaad136aa17c8adc5aa,undefined FUN_181493e48(),ghidra,clean,
WHGame.dll,release_1_5_1164953_841,0x1493ef4,168,FUN_181493ef4,,,e6425a228a79cfd254aadccd0a8601725c69c4e1de71e58466990bc205b5c858,undefined FUN_181493ef4(),ghidra,clean,
WHGame.dll,release_1_5_1164953_841,0x1493f80,147,FUN_181493f80,,,9abfceb196d9efaf80ae1e0aad84aebc63a185bbd63a47e64356049776382ac0,undefined FUN_181493f80(),ghidra,clean,
WHGame.dll,release_1_5_1164953_841,0x1494014,147,FUN_181494014,,,c61cab56218328e1b0c6681d0b800bf71c8e7cba317e1addafbc58fe41883b24,undefined FUN_181494014(),ghidra,clean,
WHGame.dll,release_1_5_1164953_841,0x14940a8,40,FUN_1814940a8,,,bdb32a8bbdc9019b88487c5e06e38e0e06aaf95a07389241c9ab8ce021e6cc64,undefined FUN_1814940a8(),ghidra,clean,
WHGame.dll,release_1_5_1164953_841,0x14940d0,68,FUN_1814940d0,,,ef3f514a81674cebf7811c42ca2f8a6dcc83b6dc088a2dc7cb033e7fea6a5b0f,undefined FUN_1814940d0(),ghidra,clean,
WHGame.dll,release_1_5_1164953_841,0x1494114,328,FUN_181494114,,,fddc6d1e60c7c6d2eb4bb4a0d5a111db7a0892aa6673b4af903ab4229b715d0a,undefined FUN_181494114(),ghidra,clean,
WHGame.dll,release_1_5_1164953_841,0x1494260,100,FUN_181494260,,,354e25e7b972192e0968e8f376ca361f6886a1305635c371bd9fc3c93f360682,undefined FUN_181494260(),ghidra,clean,
WHGame.dll,release_1_5_1164953_841,0x14942c4,170,FUN_1814942c4,,,86216fd4f8600d885fce9c3cd1580d400c32ceeda7be89926b12e8a9d8ea236d,undefined FUN_1814942c4(),ghidra,clean,
WHGame.dll,release_1_5_1164953_841,0x1494370,190,FUN_181494370,,,2fadd4ad4ad851bbbe9b494fe6966ddfe3c8046e67e9662c13726520ff194c2a,undefined FUN_181494370(),ghidra,clean,
WHGame.dll,release_1_5_1164953_841,0x1494430,190,FUN_181494430,,,3b18c6b0f467aa820ae0a602f544e8e4a30c487d18af33cf36b1a44d8c21c4ae,undefined FUN_181494430(),ghidra,clean,
WHGame.dll,release_1_5_1164953_841,0x14944f0,190,FUN_1814944f0,,,c19ad870125c129be367636eb7df749977bf902ae05181ceefc11cc9e2ec4959,undefined FUN_1814944f0(),ghidra,clean,
WHGame.dll,release_1_5_1164953_841,0x14945b0,190,FUN_1814945b0,,,91e145a9bd25a50c9f891cabf51d2665ce2d4dff467599e66f5c8507b54acac3,undefined FUN_1814945b0(),ghidra,clean,
WHGame.dll,release_1_5_1164953_841,0x1494670,190,FUN_181494670,,,b2c893ea5490096115c58949fa5795acfd597bd1a12eef1755a36966839cbeaa,undefined FUN_181494670(),ghidra,clean,
WHGame.dll,release_1_5_1164953_841,0x1494730,190,FUN_181494730,,,db2367396d48db7ddbe8d35fb9399396b2af428d2c865d272608674801f19270,undefined FUN_181494730(),ghidra,clean,
WHGame.dll,release_1_5_1164953_841,0x14947f0,190,FUN_1814947f0,,,a1e9460acc56423e887e030f2635ce448447412a8bebe334681cf9f434edde1b,undefined FUN_1814947f0(),ghidra,clean,
WHGame.dll,release_1_5_1164953_841,0x14948b0,304,FUN_1814948b0,,,6678ffd21dad693293a9258a0b3f1139d37401bdd9ead8c9c1fbb54c294c2e3b,undefined FUN_1814948b0(),ghidra,clean,
WHGame.dll,release_1_5_1164953_841,0x14949e0,174,FUN_1814949e0,,,871cca19e6288915e7db021bc3cbf82b3e9c21838d67e36b2f13043f7cfe7cd6,undefined FUN_1814949e0(),ghidra,clean,
WHGame.dll,release_1_5_1164953_841,0x1494a90,43,FUN_181494a90,,,1b6035ca2deca4d1791aa24de78d308162016dfc3283013de59ef71880101338,undefined FUN_181494a90(),ghidra,clean,
WHGame.dll,release_1_5_1164953_841,0x1494abc,667,FUN_181494abc,,,5ac938981b6790e7695c0a1537f5f4122e8bc0776e19a225acfcdfa0d25a6df8,undefined FUN_181494abc(),ghidra,clean,
WHGame.dll,release_1_5_1164953_841,0x1494d58,29,FUN_181494d58,,,feb590cd3f8b8f62a6640ce58e5d2c98e6947a813fa551f14a07a178d4197339,undefined FUN_181494d58(),ghidra,clean,
WHGame.dll,release_1_5_1164953_841,0x1494d78,52,FUN_181494d78,,,d47ef34daa9ec17326a0ff41374d32061cc7e55930b9f1403b087351335c539d,undefined FUN_181494d78(),ghidra,clean,
WHGame.dll,release_1_5_1164953_841,0x1494dac,382,FUN_181494dac,,,9dc86088a030dc9a0107cf9be0e365d01e4975bdf240a63b85bff7e485d24f7e,undefined FUN_181494dac(),ghidra,clean,
WHGame.dll,release_1_5_1164953_841,0x1494f2c,196,FUN_181494f2c,,,d4ba3cff9a927b47f15404a69247fb3d0fd4dc570539dabafecd648c1e48ae66,undefined FUN_181494f2c(),ghidra,clean,
WHGame.dll,release_1_5_1164953_841,0x1494ff0,36,FUN_181494ff0,,,cf5845662a204de4b9dd24b9c4cdef3418f5d04327a7fad8cfae69d357a003ae,undefined FUN_181494ff0(),ghidra,clean,
WHGame.dll,release_1_5_1164953_841,0x1495014,64,FUN_181495014,,,33888689d19016fc4f1bf83fbc5cdf7d4fe289f947ca8ac7045025853c8f0457,undefined FUN_181495014(),ghidra,clean,
WHGame.dll,release_1_5_1164953_841,0x1495054,190,FUN_181495054,,,432bd955207656654f938a8837a7d9bb0b9c201a058507fe601c3daf6a12d86e,undefined FUN_181495054(),ghidra,clean,
WHGame.dll,release_1_5_1164953_841,0x1495114,26,FUN_181495114,,,3181b8604e2954e99985661a990ad9dfefcc717e1cd631394883339e8db3b9ee,undefined FUN_181495114(),ghidra,clean,
WHGame.dll,release_1_5_1164953_841,0x1495130,278,FUN_181495130,,,760bad95f9f548777fba5e8bf5f196f5c4893c2213681ed6f01251334e720b5b,undefined FUN_181495130(),ghidra,clean,
WHGame.dll,release_1_5_1164953_841,0x1495238,261,FUN_181495238,,,c489149ad6f21e032bb2ec445b4074a79cae032bd8164708089d9dbe92ccbd06,undefined FUN_181495238(),ghidra,clean,
WHGame.dll,release_1_5_1164953_841,0x1495334,234,FUN_181495334,,,5826a7777245061384be3774f570428d73ce85cce75cd0759c1eb4bd343526ff,undefined FUN_181495334(),ghidra,clean,
WHGame.dll,release_1_5_1164953_841,0x1495420,30,FUN_181495420,,,42ce94e21a6bd491c6ea7cf019eae9264ddd9928990b6ce3bcfe947f22c76004,undefined FUN_181495420(),ghidra,clean,
WHGame.dll,release_1_5_1164953_841,0x1495440,23,FUN_181495440,,,0c9851279c50048842f097073bc3dc49c43b467a042586d3f2b91d272b316ff7,undefined FUN_181495440(),ghidra,clean,
WHGame.dll,release_1_5_1164953_841,0x1495458,26,FUN_181495458,,,819234953c91d716a341edb10dcca2267107efa13f78881bbca64f4a7a11eeca,undefined FUN_181495458(),ghidra,clean,
WHGame.dll,release_1_5_1164953_841,0x1495474,155,FUN_181495474,,,dcd98cbc2e664416935130b3273b254fbe681abdd55f18aa357ec684e9585a8a,undefined FUN_181495474(),ghidra,clean,
WHGame.dll,release_1_5_1164953_841,0x1495510,304,FUN_181495510,,,32dc778d903b119506fc8180e83a72ff8935338d22ed32e1a99d2c645c55e79f,undefined FUN_181495510(),ghidra,clean,
WHGame.dll,release_1_5_1164953_841,0x1495640,191,FUN_181495640,,,d5fd7f89a677a3ac6d274e6dcd1fbbfe668ceca88caff48d1d19b6cd18235f00,undefined FUN_181495640(),ghidra,clean,
WHGame.dll,release_1_5_1164953_841,0x1495700,190,FUN_181495700,,,2a53a6352e9b634af7c65822295e5fca2071b01fad4b0adaa23140c2fd79aff7,undefined FUN_181495700(),ghidra,clean,
WHGame.dll,release_1_5_1164953_841,0x14957c0,190,FUN_1814957c0,,,80f63ab968b93e4b60857886d2f9810cd2bd52c56bacaab6ff98f5401ce4d37f,undefined FUN_1814957c0(),ghidra,clean,
WHGame.dll,release_1_5_1164953_841,0x1495880,194,FUN_181495880,,,508ced4a860c10c7ef29c187d32db563674c33c531c009db61ee994df6766cee,undefined FUN_181495880(),ghidra,clean,
WHGame.dll,release_1_5_1164953_841,0x1495944,155,FUN_181495944,,,5cc3cf5d47eea3c5bcf59b319c9fa61624ec7699f881fca25f11b702958b4a5f,undefined FUN_181495944(),ghidra,clean,
WHGame.dll,release_1_5_1164953_841,0x14959e0,190,FUN_1814959e0,,,71f7337673d8757d6fe147c7a7c5ca8594dd58684e346af0c08fd4e07ff48125,undefined FUN_1814959e0(),ghidra,clean,
WHGame.dll,release_1_5_1164953_841,0x1495aa0,155,FUN_181495aa0,,,2d43f94711f2fdd10aeabb5ba60973adc6580174d3c5d89ced955b749cdaaf2e,undefined FUN_181495aa0(),ghidra,clean,
WHGame.dll,release_1_5_1164953_841,0x1495b3c,291,FUN_181495b3c,,,ee101c3ad727a592c4ee01c223c7a5d4097d243653e916c2108f408b5d7fcbf8,undefined FUN_181495b3c(),ghidra,clean,
WHGame.dll,release_1_5_1164953_841,0x1495c60,301,FUN_181495c60,,,fc54a75c710702d6778e2b05325df787f101198f928316127e00a03457e1b4b1,undefined FUN_181495c60(),ghidra,clean,
WHGame.dll,release_1_5_1164953_841,0x1495d90,155,FUN_181495d90,,,ad6ff79ca4ad87d765a7dc517693e5b12233d1401405a381bc577b435385e7e0,undefined FUN_181495d90(),ghidra,clean,
WHGame.dll,release_1_5_1164953_841,0x1495e2c,291,FUN_181495e2c,,,75905b18f642a077edcad701ced7b8ba6db09c45734caef92b97d53815fe0a8d,undefined FUN_181495e2c(),ghidra,clean,
WHGame.dll,release_1_5_1164953_841,0x1495f50,202,FUN_181495f50,,,9ea8f1e2564ade6b46648c458c06139730e9e7514268d6841a2279ea539e2276,undefined FUN_181495f50(),ghidra,clean,
WHGame.dll,release_1_5_1164953_841,0x149601c,39,FUN_18149601c,,,d66684166bed9d684f9388cb8967f69144f7d0361eb22151a6647a1ad6d9dbc7,undefined FUN_18149601c(),ghidra,clean,
WHGame.dll,release_1_5_1164953_841,0x1496044,190,FUN_181496044,,,e2d50dbdcedbdb5402c051f238f4b05cb707719a3130d91f23eb6efb663ea321,undefined FUN_181496044(),ghidra,clean,
WHGame.dll,release_1_5_1164953_841,0x1496104,155,FUN_181496104,,,a07e0478f8be3cc3b867bfe7d6c249267ccf165f56dc838920bce4e2432b6062,undefined FUN_181496104(),ghidra,clean,
WHGame.dll,release_1_5_1164953_841,0x14961a0,291,FUN_1814961a0,,,db4763544e7e6b51ee69a34f9637475ec82f48bffebc88d0791299d94c2e04ab,undefined FUN_1814961a0(),ghidra,clean,
WHGame.dll,release_1_5_1164953_841,0x14962c4,190,FUN_1814962c4,,,afcd6a71bf8e4d4ebeee33cd449f4f2cbdcdd3e8625d57c9093e955724957b6c,undefined FUN_1814962c4(),ghidra,clean,
WHGame.dll,release_1_5_1164953_841,0x1496384,190,FUN_181496384,,,9e26e45b52513b6cca01e1f7a53f7c19aad25585301f15f32267b8fb42d13c59,undefined FUN_181496384(),ghidra,clean,
WHGame.dll,release_1_5_1164953_841,0x1496444,134,FUN_181496444,,,57240129e434e690e65fab4db5f894c36d154e54c7c7a6a09605ed98676b6470,undefined FUN_181496444(),ghidra,clean,
WHGame.dll,release_1_5_1164953_841,0x14964cc,190,FUN_1814964cc,,,d753b281ebe3d517a7db9159c8f340f119bdae436eaa142efcb9a2165d78c46f,undefined FUN_1814964cc(),ghidra,clean,
WHGame.dll,release_1_5_1164953_841,0x149658c,327,FUN_18149658c,,,27a6b506067d6cbff1ce4e5116531ba49619cefdc6f0bbca17756bfc16c6d9f5,undefined FUN_18149658c(),ghidra,clean,
WHGame.dll,release_1_5_1164953_841,0x14966d4,90,FUN_1814966d4,,,5597aeac10126184e33d26b71ab03f6097acbae7e0de83084501d84e10d502a8,undefined FUN_1814966d4(),ghidra,clean,
WHGame.dll,release_1_5_1164953_841,0x1496730,190,FUN_181496730,,,c36e3347298139acdf8d6aaaa6bbc0d6a377a24ec612d43daa10cc90f1bed1d7,undefined FUN_181496730(),ghidra,clean,
WHGame.dll,release_1_5_1164953_841,0x14967f0,190,FUN_1814967f0,,,fc51dfb622642dcb5496adf654aad41e2f8171c90e09154029d447f4a60e58fe,undefined FUN_1814967f0(),ghidra,clean,
WHGame.dll,release_1_5_1164953_841,0x14968b0,190,FUN_1814968b0,,,bcb101bd6af9eee306e709ace51fed06f2f9705cfb157e41422106f2cb9f779e,undefined FUN_1814968b0(),ghidra,clean,
WHGame.dll,release_1_5_1164953_841,0x1496970,109,FUN_181496970,,,40a78951dc592edbb8a6d6e7c40b3dede5b187d24e8db5e0c15edc116ee35715,undefined FUN_181496970(),ghidra,clean,
WHGame.dll,release_1_5_1164953_841,0x14969ac,190,FUN_1814969ac,,,a2598f101f0958ffdd48f7f90153a5b75fddd95184a3b49477fe44cd75c4ac58,undefined FUN_1814969ac(),ghidra,clean,
WHGame.dll,release_1_5_1164953_841,0x1496a6c,30,FUN_181496a6c,,,ed10f4913945d7212347de19f28c8f48a2ce90273aa60999ae28dea8821d8ad7,undefined FUN_181496a6c(),ghidra,clean,
WHGame.dll,release_1_5_1164953_841,0x1496a8c,190,FUN_181496a8c,,,cd8d10ef3e70d86bf632bc559f527624ae2d0df7be49092060b978289b9ab886,undefined FUN_181496a8c(),ghidra,clean,
WHGame.dll,release_1_5_1164953_841,0x1496b4c,90,FUN_181496b4c,,,7e636a1cbff989d3e64fff7298dde0d852db315c585f4966f4600fccd747d67f,undefined FUN_181496b4c(),ghidra,clean,
WHGame.dll,release_1_5_1164953_841,0x1496ba8,23,FUN_181496ba8,,,9856e8ae4b0ade66e2c0d41cabe50f22140456b374998911806f297c4bcac82a,undefined FUN_181496ba8(),ghidra,clean,
WHGame.dll,release_1_5_1164953_841,0x1496bc0,90,FUN_181496bc0,,,e1b2410ed1b22595d3ca40aeb33a20c07ed15097e56b19b42189fe72e33de2a5,undefined FUN_181496bc0(),ghidra,clean,
WHGame.dll,release_1_5_1164953_841,0x1496c1c,23,FUN_181496c1c,,,8f121bddb9ece22ef12110e8635401c18a234fd5c975be418d27585479b12c1e,undefined FUN_181496c1c(),ghidra,clean,
WHGame.dll,release_1_5_1164953_841,0x1496c34,190,FUN_181496c34,,,681de34c62cca9c1ebb657efdb75c0718687730268404e8a7db2343afe56e780,undefined FUN_181496c34(),ghidra,clean,
WHGame.dll,release_1_5_1164953_841,0x1496cf4,190,FUN_181496cf4,,,8f7bbd69b02e5c5a792a39348fdd4a08c96f715dc52f28885d94449cbc522cf6,undefined FUN_181496cf4(),ghidra,clean,
WHGame.dll,release_1_5_1164953_841,0x1496db4,190,FUN_181496db4,,,5393c214cffe3317412f1a6720512d686b3b67b731541f47fbcb02770738adcf,undefined FUN_181496db4(),ghidra,clean,
WHGame.dll,release_1_5_1164953_841,0x1496e74,155,FUN_181496e74,,,e79196c4837fbb2aa021350afea3b1176c05eb4f1636817d5dec8965b86df319,undefined FUN_181496e74(),ghidra,clean,
WHGame.dll,release_1_5_1164953_841,0x1496f10,291,FUN_181496f10,,,0cb248693157ccc2bfbb1846ddf2060312f1fa96e29cadab0f98bb67fbb8ac01,undefined FUN_181496f10(),ghidra,clean,
WHGame.dll,release_1_5_1164953_841,0x1497034,190,FUN_181497034,,,80ca23a8f864c34255c5139707ab05074b753d6db443ce6d91d86253cde8d66f,undefined FUN_181497034(),ghidra,clean,
WHGame.dll,release_1_5_1164953_841,0x14970f4,110,FUN_1814970f4,,,a5a7cd186dbafb716e989d78b652816798d242ad43a9ee4d01549721613bb70b,undefined FUN_1814970f4(),ghidra,clean,
WHGame.dll,release_1_5_1164953_841,0x1497164,190,FUN_181497164,,,57e51333f9c70ebde595ffc6c32d9536e9bb7c7fd2a0a03e02158e118328be9d,undefined FUN_181497164(),ghidra,clean,
WHGame.dll,release_1_5_1164953_841,0x1497224,98,FUN_181497224,,,ac79c821de14ec13e32a3335b1e80e5bbb70d8efdaf7b31032ede5c252c4c0bf,undefined FUN_181497224(),ghidra,clean,
WHGame.dll,release_1_5_1164953_841,0x1497240,180,FUN_181497240,,,878dca8a531e235e0f55dbb36fc10d57881a5f5609024549e0b96444fc7f2665,undefined FUN_181497240(),ghidra,clean,
WHGame.dll,release_1_5_1164953_841,0x14972f4,190,FUN_1814972f4,,,dbd4e1901b8344dca1b0f7b7cd4fc18cab7eed901173f6dc199dde893bacd869,undefined FUN_1814972f4(),ghidra,clean,
WHGame.dll,release_1_5_1164953_841,0x14973b4,387,FUN_1814973b4,,,84c2d2de08b4c24f5b66075c0e06c6e82b4788ee77c3e88e2fd08798ad3a14b4,undefined FUN_1814973b4(),ghidra,clean,
WHGame.dll,release_1_5_1164953_841,0x14974d8,190,FUN_1814974d8,,,847af04fb6d1a7fd1849ea2c5f49aef8de05f150167d04f62e8144788135962f,undefined FUN_1814974d8(),ghidra,clean,
WHGame.dll,release_1_5_1164953_841,0x1497598,68,FUN_181497598,,,a80421e88b9006922ec0629a60c8d37a539fb9444809167be544c427b42bf899,undefined FUN_181497598(),ghidra,clean,
WHGame.dll,release_1_5_1164953_841,0x14975dc,117,FUN_1814975dc,,,edca6545019ef4eb90b41a20c95b9c0cc4578e58a7261bf21e7c4349745e6c9f,undefined FUN_1814975dc(),ghidra,clean,
WHGame.dll,release_1_5_1164953_841,0x1497654,196,FUN_181497654,,,e7d54a2a228feae5b115dd656c1feb8271c77e76a667b54f951b6b2c50d48289,undefined FUN_181497654(),ghidra,clean,
WHGame.dll,release_1_5_1164953_841,0x1497710,175,FUN_181497710,,,e109ea8e4c6cd2fac05315b5dde611bac5b3cdf0013399cb5040671ee2e1a669,undefined FUN_181497710(),ghidra,clean,
WHGame.dll,release_1_5_1164953_841,0x14977c0,197,FUN_1814977c0,,,0b6836e78ef53635076f8d73e251a9124f504126fdb4e5fe1ad4d735bf605db3,undefined FUN_1814977c0(),ghidra,clean,
WHGame.dll,release_1_5_1164953_841,0x1497888,374,FUN_181497888,,,ee578b6e1fcfe9f9d660d544c4b2c2e665bbdbb9ef67934dc6ec471bb0e6888f,undefined FUN_181497888(),ghidra,clean,
WHGame.dll,release_1_5_1164953_841,0x1497a00,397,FUN_181497a00,,,cfeb5a852d08334492e6bb3266c4d5e512ee515fe7e5813b0c1eaa4aa5150b40,undefined FUN_181497a00(),ghidra,clean,
WHGame.dll,release_1_5_1164953_841,0x1497b90,36,FUN_181497b90,,,f50e6a886a78d0181a6b5132f9804cc4d5e96aa9f8acc06277f08d6e57d65cc7,undefined FUN_181497b90(),ghidra,clean,
WHGame.dll,release_1_5_1164953_841,0x1497bb8,96,FUN_181497bb8,,,0afa07c0c190abee999f53efc7e74fce0561c6267b274c6968c0a635768cd03b,undefined FUN_181497bb8(),ghidra,clean,
WHGame.dll,release_1_5_1164953_841,0x1497c18,143,FUN_181497c18,,,7bd5fe2a99517a5540593bbb2c34010b34d4b69631d6c8dd12b3f09df585958a,undefined FUN_181497c18(),ghidra,clean,
WHGame.dll,release_1_5_1164953_841,0x1497ca8,67,FUN_181497ca8,,,a4e805dc3b734ae94d78a44cb795ccdb6674cd545ce554de4b708b505e9235fb,undefined FUN_181497ca8(),ghidra,clean,
WHGame.dll,release_1_5_1164953_841,0x1497cec,190,FUN_181497cec,,,b364498c333218eff36e4bdd87869b2f19c41fd075186086a950ffba5e225259,undefined FUN_181497cec(),ghidra,clean,
WHGame.dll,release_1_5_1164953_841,0x1497dac,238,FUN_181497dac,,,1300dcb3ef24d9d119d81e777acf5916c191ecbe0174064963e4052beeadb8aa,undefined FUN_181497dac(),ghidra,clean,
WHGame.dll,release_1_5_1164953_841,0x1497e9c,214,FUN_181497e9c,,,d53b65102efae5bdf8ab0a53e9faa0a51f3f5ab408abe7c245d16ef1b28d5868,undefined FUN_181497e9c(),ghidra,clean,
WHGame.dll,release_1_5_1164953_841,0x1497f64,277,FUN_181497f64,,,63d73d46f7755c98893a6b0b8f44987613209daba8ab9d05ee02942e737c3e0d,undefined FUN_181497f64(),ghidra,clean,
WHGame.dll,release_1_5_1164953_841,0x1498070,209,FUN_181498070,,,4a03c5948a65e80022cf81bd27d2dada351fb6d2d296c80139052607d7a7eb46,undefined FUN_181498070(),ghidra,clean,
WHGame.dll,release_1_5_1164953_841,0x1498144,190,FUN_181498144,,,5f29b16853d5b763aee0966a74b8305f233faa0ec2734d1d3f88748ceaa22493,undefined FUN_181498144(),ghidra,clean,
WHGame.dll,release_1_5_1164953_841,0x1498204,190,FUN_181498204,,,78de9217f1a8dbd002e30f4421aabcb53b81080ce95c3b600cc1744970ee9cbf,undefined FUN_181498204(),ghidra,clean,
WHGame.dll,release_1_5_1164953_841,0x14982c4,190,FUN_1814982c4,,,ae2cbb4ecc6ac7062880f2f3d91e03498fc438a32c59f90462c838247abb9326,undefined FUN_1814982c4(),ghidra,clean,
WHGame.dll,release_1_5_1164953_841,0x1498384,180,FUN_181498384,,,27a486d299f59d1c831575275db42c9f7a22f8a52d6a651387fc8a8f5cd5d5c4,undefined FUN_181498384(),ghidra,clean,
WHGame.dll,release_1_5_1164953_841,0x1498438,61,FUN_181498438,,,c18ba489a4010d173a0a278faf87524171619601a073c088918650f581ac5a51,undefined FUN_181498438(),ghidra,clean,
WHGame.dll,release_1_5_1164953_841,0x1498478,180,FUN_181498478,,,c17e6c97c7189a01b34bd15181639927863f908f4697b3d9e8b619867e92ea7d,undefined FUN_181498478(),ghidra,clean,
WHGame.dll,release_1_5_1164953_841,0x149852c,190,FUN_18149852c,,,79afd4b03c98e7a824d77f005d343f880291f437c14ce6532e25f03eb304c8bc,undefined FUN_18149852c(),ghidra,clean,
WHGame.dll,release_1_5_1164953_841,0x14985ec,190,FUN_1814985ec,,,548aaaa621da7dfb29b774931e85993f46444c3ca236da3727f36a9380bb4305,undefined FUN_1814985ec(),ghidra,clean,
WHGame.dll,release_1_5_1164953_841,0x14986ac,190,FUN_1814986ac,,,cd64225e798fd7893dd5d401a237e58d9dd2c0468a59b7cf908446a9ceaaabf5,undefined FUN_1814986ac(),ghidra,clean,
WHGame.dll,release_1_5_1164953_841,0x149876c,62,FUN_18149876c,,,d3f022ca7b45d9b24f26bfea601d8b8d425a7b0d87d09a369ba4afc1e53087bf,undefined FUN_18149876c(),ghidra,clean,
WHGame.dll,release_1_5_1164953_841,0x1498798,52,FUN_181498798,,,cc319511a64fadfbb2f2d9f308fd0c35aa7994f4b5bf4192b1a33a4b37ed9d66,undefined FUN_181498798(),ghidra,clean,
WHGame.dll,release_1_5_1164953_841,0x14987cc,25,FUN_1814987cc,,,f00a373e2dfc6894bccb15ae90235cade8c8a1ee8b49170406886287e6600b6d,undefined FUN_1814987cc(),ghidra,clean,
WHGame.dll,release_1_5_1164953_841,0x14987e8,25,FUN_1814987e8,,,222a0ac259633da2a713562b220a710a7c9a14f639d1a6d8da214b81f569cd21,undefined FUN_1814987e8(),ghidra,clean,
WHGame.dll,release_1_5_1164953_841,0x1498804,109,FUN_181498804,,,760a118bc555b009c5732b8f86c95bd6cf0f99d0e15f703c1b97dec704d520c9,undefined FUN_181498804(),ghidra,clean,
WHGame.dll,release_1_5_1164953_841,0x1498874,311,FUN_181498874,,,84834ba252a3d4e83479f2bc1d704e701085689e50e76c37425e4ca7339a4789,undefined FUN_181498874(),ghidra,clean,
WHGame.dll,release_1_5_1164953_841,0x14989ac,128,FUN_1814989ac,,,7bd21ee599a4f827b7a78328c74f47b2ffaecf3af48616adbc6a49bdd247c351,undefined FUN_1814989ac(),ghidra,clean,
WHGame.dll,release_1_5_1164953_841,0x1498a2c,34,FUN_181498a2c,,,5eded9050535ad455fe7e476efd8b44a8c3ebe7be221a6a5311aa41c77083219,undefined FUN_181498a2c(),ghidra,clean,
WHGame.dll,release_1_5_1164953_841,0x1498a50,262,FUN_181498a50,,,7ead52c46a3fe6bc00483b73badbe8c871a4e3de8b83500dfb3b5fdd67621382,undefined FUN_181498a50(),ghidra,clean,
WHGame.dll,release_1_5_1164953_841,0x1498af4,25,FUN_181498af4,,,1910fc638837442b7c6c947eb7291654c75aa5edab1b8fc6fc0c2bfd853a11ff,undefined FUN_181498af4(),ghidra,clean,
WHGame.dll,release_1_5_1164953_841,0x1498b10,395,FUN_181498b10,,,bf014dc69537dcaf848e347298042cca2884b2bed22b8181980d43768c178ce0,undefined FUN_181498b10(),ghidra,clean,
WHGame.dll,release_1_5_1164953_841,0x1498c9c,62,FUN_181498c9c,,,4f12c43ea1370917431587618441a167db5a1801a3920b6c83376b47e9b1b081,undefined FUN_181498c9c(),ghidra,clean,
WHGame.dll,release_1_5_1164953_841,0x1498cc8,118,FUN_181498cc8,,,277f62c81ab9a79b1e70e33d1c95d6353ce91a6bb84d0d75200032a3f5223447,undefined FUN_181498cc8(),ghidra,clean,
WHGame.dll,release_1_5_1164953_841,0x1498d40,52,FUN_181498d40,,,59be6d188ec74333a547d49ea40c1eedf1a266d6077c75ff8683ca1ff491da46,undefined FUN_181498d40(),ghidra,clean,
WHGame.dll,release_1_5_1164953_841,0x1498d74,34,FUN_181498d74,,,9e0fbfc31d160ada7be0f28316986e571cd858ef92e779d57a7e2b91d4bc3b58,undefined FUN_181498d74(),ghidra,clean,
WHGame.dll,release_1_5_1164953_841,0x1498d98,455,FUN_181498d98,,,738f64f13b0495de835bf0f8e88df1965c574772be59db44efb729224168ff3c,undefined FUN_181498d98(),ghidra,clean,
WHGame.dll,release_1_5_1164953_841,0x1498ef4,173,FUN_181498ef4,,,880f64e158dcb09821fe722d7357386d8d011b1f7feb0069bc8709e53a62d23a,undefined FUN_181498ef4(),ghidra,clean,
WHGame.dll,release_1_5_1164953_841,0x1498fa4,59,FUN_181498fa4,,,2a85fd3cb058befcc862b1e75089eba53083231b279a5888177f801f3721ab73,undefined FUN_181498fa4(),ghidra,clean,
WHGame.dll,release_1_5_1164953_841,0x1498fe0,34,FUN_181498fe0,,,bfa7ded82cdccc02bf735d6a9723999a2d398f10434d5d7c5bea99e3369016ab,undefined FUN_181498fe0(),ghidra,clean,
WHGame.dll,release_1_5_1164953_841,0x1499004,77,FUN_181499004,,,7a497a831d1f094d32fca43bb913e07600429b387d83b46a3d0d8ba25bcf4a38,undefined FUN_181499004(),ghidra,clean,
WHGame.dll,release_1_5_1164953_841,0x1499054,77,FUN_181499054,,,b46afa4266aece64e23f0e3d1465500558d2d58a8c35127f3a2e2214f53f7c60,undefined FUN_181499054(),ghidra,clean,
WHGame.dll,release_1_5_1164953_841,0x14990a4,62,FUN_1814990a4,,,3ece19af4e8bb545c2a716bc657acc19327c68254d5b833b0f359c32cff8a80f,undefined FUN_1814990a4(),ghidra,clean,
WHGame.dll,release_1_5_1164953_841,0x14990d0,43,FUN_1814990d0,,,11740427e2771c23869b7b68a7663fbd4592861fb35aaf7f98bb904e21f8b53d,undefined FUN_1814990d0(),ghidra,clean,
WHGame.dll,release_1_5_1164953_841,0x14990fc,50,FUN_1814990fc,,,ed8a7e3d8f85fd38b9829b097ebabdfaac04acbb32c71d22cadf778c999276c6,undefined FUN_1814990fc(),ghidra,clean,
WHGame.dll,release_1_5_1164953_841,0x1499130,34,FUN_181499130,,,101a4569047440aad5ac4b0f91aab250377ac1413f020984829298d503216a00,undefined FUN_181499130(),ghidra,clean,
WHGame.dll,release_1_5_1164953_841,0x1499154,90,FUN_181499154,,,781e1c34c42b82a95d4f8ede0db76ed3756be836d41798e91afe33bdee649aaa,undefined FUN_181499154(),ghidra,clean,
WHGame.dll,release_1_5_1164953_841,0x14991b0,160,FUN_1814991b0,,,6c6a70d0be23c758d611c7dbad34917f9308a760b4d8edbbdf474576d36c5c0a,undefined FUN_1814991b0(),ghidra,clean,
WHGame.dll,release_1_5_1164953_841,0x1499250,190,FUN_181499250,,,16b9ab4d2b6d76765319e080910a4c55e1b13ef7ac39622e5f060adc815be7c5,undefined FUN_181499250(),ghidra,clean,
WHGame.dll,release_1_5_1164953_841,0x1499310,345,FUN_181499310,,,64f85ace8f97b2ddf5790537bff1b593d696dcd6a0732d3dab2774f611b28da8,undefined FUN_181499310(),ghidra,clean,
WHGame.dll,release_1_5_1164953_841,0x149946c,34,FUN_18149946c,,,6b676a4eda7667c79724fc608af3f8339235da74036f4fd6edc4281fa8e08ab1,undefined FUN_18149946c(),ghidra,clean,
WHGame.dll,release_1_5_1164953_841,0x1499490,120,FUN_181499490,,,93d1e137d9b4dbe991ae374ef9b10fa5171275afeca6f99d7eb1cb756aacf1f2,undefined FUN_181499490(),ghidra,clean,
WHGame.dll,release_1_5_1164953_841,0x1499508,25,FUN_181499508,,,09458e83a97e8a2cd0b969d1f7b33775833065d5960c5e7c03a2c042745b9084,undefined FUN_181499508(),ghidra,clean,
WHGame.dll,release_1_5_1164953_841,0x1499524,138,FUN_181499524,,,fdb69272e4890cc8a6a32a8f28daf7d6134e0d3e07b71a568e67d2f3336f77f1,undefined FUN_181499524(),ghidra,clean,
WHGame.dll,release_1_5_1164953_841,0x14995b0,201,FUN_1814995b0,,,4f7dc1f7237d2a841ca3997ebedc80b23b4d339b785511df909c2c4ab6271706,undefined FUN_1814995b0(),ghidra,clean,
WHGame.dll,release_1_5_1164953_841,0x149967c,170,FUN_18149967c,,,8daa654a44e0e9015cb348a3eeb22b48fc17933a55a84dd8a07b7474bfb901b7,undefined FUN_18149967c(),ghidra,clean,
WHGame.dll,release_1_5_1164953_841,0x1499728,190,FUN_181499728,,,5af630ebcb9cbaae8171b9a4e697ae5e5d9a964933540b994b05c74f84d8feb4,undefined FUN_181499728(),ghidra,clean,
WHGame.dll,release_1_5_1164953_841,0x14997e8,190,FUN_1814997e8,,,7b64875ad61431237682536e812b041305f33111c3002384d9410b1ba992675f,undefined FUN_1814997e8(),ghidra,clean,
WHGame.dll,release_1_5_1164953_841,0x14998a8,190,FUN_1814998a8,,,47f0086892ec2655fcf39218f51d327bcceea01eb51c2c53c797d417b3ab11d1,undefined FUN_1814998a8(),ghidra,clean,
WHGame.dll,release_1_5_1164953_841,0x1499968,190,FUN_181499968,,,406a74fc6d6bdf23c50598d80942a839eaceb2977243ffd51f20a5c998e8d52d,undefined FUN_181499968(),ghidra,clean,
WHGame.dll,release_1_5_1164953_841,0x1499a28,155,FUN_181499a28,,,ddeb9cdcd69d69b709ead2721483e1b7bc7cba9a0321ab1c829e7e36c43beced,undefined FUN_181499a28(),ghidra,clean,
WHGame.dll,release_1_5_1164953_841,0x1499ac4,291,FUN_181499ac4,,,c1e398e8e552c58ed4b81c1be5591646a901ac117aecace8d377cd00a976e9e4,undefined FUN_181499ac4(),ghidra,clean,
WHGame.dll,release_1_5_1164953_841,0x1499be8,196,FUN_181499be8,,,9e11c9b67241c1457fcea27f712ae06571bf27bf5b2f14d4497afbf352c1853e,undefined FUN_181499be8(),ghidra,clean,
WHGame.dll,release_1_5_1164953_841,0x1499c90,106,FUN_181499c90,,,a514d99b4c72e1e5e4efb78e6a3e12d0a2ead7a2bce9785d1df572f8072ebbc2,undefined FUN_181499c90(),ghidra,clean,
WHGame.dll,release_1_5_1164953_841,0x1499cfc,224,FUN_181499cfc,,,7c7c23e36cdc470395d47b339ff3166b9b66cf11bdeebef1da2994f3f9679879,undefined FUN_181499cfc(),ghidra,clean,
WHGame.dll,release_1_5_1164953_841,0x1499de0,81,FUN_181499de0,,,b2d8c2df459d587094748ac010ab4877169c5d17622ca91453fd3de2f56d61e0,undefined FUN_181499de0(),ghidra,clean,
WHGame.dll,release_1_5_1164953_841,0x1499e14,85,FUN_181499e14,,,8ac9b84d75b836dc423cc4a7c4c4d9fd887cd5287068045624943d04708d8cf8,undefined FUN_181499e14(),ghidra,clean,
WHGame.dll,release_1_5_1164953_841,0x1499e6c,173,FUN_181499e6c,,,26f3fe1d0d7521fe3a1934686bf722eb742325228c7fe1b4bff9b92700640679,undefined FUN_181499e6c(),ghidra,clean,
WHGame.dll,release_1_5_1164953_841,0x1499ee0,52,FUN_181499ee0,,,4a50c008685a4e660716b049de05cd075a3dcc0509db724ce2800114da6ddab6,undefined FUN_181499ee0(),ghidra,clean,
WHGame.dll,release_1_5_1164953_841,0x1499f14,105,FUN_181499f14,,,91378a76c068ab40ff37c13aec3c1e18408e903a28b40aad6cf518b8ca701f43,undefined FUN_181499f14(),ghidra,clean,
WHGame.dll,release_1_5_1164953_841,0x1499f80,110,FUN_181499f80,,,e79330b3cde831a915e6cafd1234016eeb08e9f724d9c0498a788cbc6cf5b227,undefined FUN_181499f80(),ghidra,clean,
WHGame.dll,release_1_5_1164953_841,0x1499ff0,212,FUN_181499ff0,,,ee6b348a755127800b29a0124b0767e827083613a6ee086678dbff5e55f9c987,undefined FUN_181499ff0(),ghidra,clean,
WHGame.dll,release_1_5_1164953_841,0x149a0a8,147,FUN_18149a0a8,,,7d905b79d637b19a6c09cd14e2cb4486b1bae3c987d947d98bfdacf211cdd182,undefined FUN_18149a0a8(),ghidra,clean,
WHGame.dll,release_1_5_1164953_841,0x149a13c,5,thunk_FUN_18149a144,,,b0d40b133b9394d93820ac0104b0065121d2d73df32c7bfb4e4cf5d805a8b103,undefined thunk_FUN_18149a144(),ghidra,clean,
WHGame.dll,release_1_5_1164953_841,0x149a144,103,FUN_18149a144,,,a458a53711d0070c5d839079d638424d02e60c54187e64b30e04952ecc72fe1b,undefined FUN_18149a144(),ghidra,clean,
WHGame.dll,release_1_5_1164953_841,0x149a1ac,211,FUN_18149a1ac,,,78cab3140215afefa3f74b9ecadbbacc4917343f51b5923175829221141b91ff,undefined FUN_18149a1ac(),ghidra,clean,
WHGame.dll,release_1_5_1164953_841,0x149a258,141,FUN_18149a258,,,7c0ba696cb5cc06c62938a293845baaf38178bcb79d55f412c6302ed54c324db,undefined FUN_18149a258(),ghidra,clean,
WHGame.dll,release_1_5_1164953_841,0x149a2e8,42,FUN_18149a2e8,,,0f17c42a47f0bcd768caad68359f2a7c32024e9100eba0d66b776f54ef70ef49,undefined FUN_18149a2e8(),ghidra,clean,
WHGame.dll,release_1_5_1164953_841,0x149a314,68,FUN_18149a314,,,7b34c77668a9c3ade6baf72b69544211f7b9259212f25ad3a78ed5b8f2e613c8,undefined FUN_18149a314(),ghidra,clean,
WHGame.dll,release_1_5_1164953_841,0x149a358,132,FUN_18149a358,,,54d9d2d983fd8835410de212ceb0944ce82496cc56862411f739b7a6584b86cb,undefined FUN_18149a358(),ghidra,clean,
WHGame.dll,release_1_5_1164953_841,0x149a3dc,53,FUN_18149a3dc,,,21216d390fe603f2b60b2872562791d73fa663cfb61f1ccfbf22eee86a106014,undefined FUN_18149a3dc(),ghidra,clean,
WHGame.dll,release_1_5_1164953_841,0x149a414,431,FUN_18149a414,,,acd3386d3162bc3a3b06d6c91a22ab51cb0bb72facb23ad711b4bc3ac0ad9740,undefined FUN_18149a414(),ghidra,clean,
WHGame.dll,release_1_5_1164953_841,0x149a570,40,FUN_18149a570,,,db8788f95d1fac6038769a2f846f7baeace5666a52f51d904e7c20fa34632657,undefined FUN_18149a570(),ghidra,clean,
WHGame.dll,release_1_5_1164953_841,0x149a598,42,FUN_18149a598,,,209d977e4aebb11d563f7cdd7b47da5e9a5d94db2bd871610fe6db71814e93f9,undefined FUN_18149a598(),ghidra,clean,
WHGame.dll,release_1_5_1164953_841,0x149a5c4,328,FUN_18149a5c4,,,de7fbea06e1b3998723ee113d61118606038601b25727a7d697032fd2854bfd6,undefined FUN_18149a5c4(),ghidra,clean,
WHGame.dll,release_1_5_1164953_841,0x149a710,100,FUN_18149a710,,,c795492a919dbe9c5f2725fb20272d0c6208471b242e8a2e3614eb35948d0779,undefined FUN_18149a710(),ghidra,clean,
WHGame.dll,release_1_5_1164953_841,0x149a774,155,FUN_18149a774,,,88f88bc598d2865e3d4322cb54561c1be7ace658c0420d936e3a3e0dc8649c05,undefined FUN_18149a774(),ghidra,clean,
WHGame.dll,release_1_5_1164953_841,0x149a810,291,FUN_18149a810,,,aec2c2d7d4a6e7ca54194b84b97a712c6f60e468a6e2557725e33d51b3c1d800,undefined FUN_18149a810(),ghidra,clean,
WHGame.dll,release_1_5_1164953_841,0x149a934,26,FUN_18149a934,,,784f42d42467bdc72bf303619520ab86d009b3466c28ed890d4202f919d16798,undefined FUN_18149a934(),ghidra,clean,
WHGame.dll,release_1_5_1164953_841,0x149a950,958,FUN_18149a950,,,a11e6d17e03908879094215be27e4a6cbd25324464e972c5beeca136628bfc80,undefined FUN_18149a950(),ghidra,clean,
WHGame.dll,release_1_5_1164953_841,0x149ad10,23,FUN_18149ad10,,,4a2215c3e820937481093c41c3a2c4fdd1b034767afb06c5e8afd475b2e2dc6a,undefined FUN_18149ad10(),ghidra,clean,
WHGame.dll,release_1_5_1164953_841,0x149ad28,155,FUN_18149ad28,,,1ab95c75feaa2b93951c1bd51d814342c81e4f7ef43714d337bf9135234336a8,undefined FUN_18149ad28(),ghidra,clean,
WHGame.dll,release_1_5_1164953_841,0x149adc4,304,FUN_18149adc4,,,bf7d4463e288e33c943cc101d4e160299ea6fccd1fba19b816b6a6ffd4f124d1,undefined FUN_18149adc4(),ghidra,clean,
WHGame.dll,release_1_5_1164953_841,0x149aef4,155,FUN_18149aef4,,,3672721a2688e955c884300538c9f3411e73c85a8bcb401f9926d215a3c51e3f,undefined FUN_18149aef4(),ghidra,clean,
WHGame.dll,release_1_5_1164953_841,0x149af90,298,FUN_18149af90,,,a8644185a5d49c5876a51f49e820d15088343d99140d4656c8c3f9fb4ef1641c,undefined FUN_18149af90(),ghidra,clean,
WHGame.dll,release_1_5_1164953_841,0x149b0d8,194,FUN_18149b0d8,,,0c68d05c1692df062c180456bfbb57ca01ba33e02fce64ae52e37c3d22f35673,undefined FUN_18149b0d8(),ghidra,clean,
WHGame.dll,release_1_5_1164953_841,0x149b19c,190,FUN_18149b19c,,,3b1ccd6cf18314dd6e5d8e53ec9c47d7f69e3fa08c313545c8fc364dc1e2fe8d,undefined FUN_18149b19c(),ghidra,clean,
WHGame.dll,release_1_5_1164953_841,0x149b25c,26,FUN_18149b25c,,,e38560bd6f8b60e4c139d6bb3aa58b648230d9acb8824abd7fee7b1ff7f33d08,undefined FUN_18149b25c(),ghidra,clean,
WHGame.dll,release_1_5_1164953_841,0x149b278,470,FUN_18149b278,,,86fff2c59d5c604cbb7fd62c69518d9d2a5f2246e5e9b1c5765829a4d1e1b743,undefined FUN_18149b278(),ghidra,clean,
WHGame.dll,release_1_5_1164953_841,0x149b330,934,FUN_18149b330,,,815341ddf1e8de73d6b38c2c4ffd0284e0aa9944944b028853d0cf97bedf5209,undefined FUN_18149b330(),ghidra,clean,
WHGame.dll,release_1_5_1164953_841,0x149b6d8,23,FUN_18149b6d8,,,4a2215c3e820937481093c41c3a2c4fdd1b034767afb06c5e8afd475b2e2dc6a,undefined FUN_18149b6d8(),ghidra,clean,
WHGame.dll,release_1_5_1164953_841,0x149b6f0,155,FUN_18149b6f0,,,83b5badd3a3bbf01cbd34d45710adfe4632161be4d99d8e2becdfb720ea3377a,undefined FUN_18149b6f0(),ghidra,clean,
WHGame.dll,release_1_5_1164953_841,0x149b78c,291,FUN_18149b78c,,,def09ea1f7325576a46c358189f1599de5df63918685aa2a8b48bd5e6d7800fa,undefined FUN_18149b78c(),ghidra,clean,
WHGame.dll,release_1_5_1164953_841,0x149b8b0,155,FUN_18149b8b0,,,041d3e2ddf2fefaf9052196e2cd107ea815822ddfef3a83d1ad02118beae6be1,undefined FUN_18149b8b0(),ghidra,clean,
WHGame.dll,release_1_5_1164953_841,0x149b94c,291,FUN_18149b94c,,,66e9058eb0624d03b7439c0e77f0d74f731b9988e01bc746ba51855296c2dba0,undefined FUN_18149b94c(),ghidra,clean,
WHGame.dll,release_1_5_1164953_841,0x149ba70,155,FUN_18149ba70,,,d96974801976687ff778f449da21bbffaa5aef7febe32a3dcf3fdc93776c4bb6,undefined FUN_18149ba70(),ghidra,clean,
WHGame.dll,release_1_5_1164953_841,0x149bb0c,291,FUN_18149bb0c,,,3e2de51f2c9a5b5c6ed0fa13d75b4e7fbd0a0335cbc0ed84f3d054ea342db4d9,undefined FUN_18149bb0c(),ghidra,clean,
WHGame.dll,release_1_5_1164953_841,0x149bc30,44,FUN_18149bc30,,,a6d5d869d641593a7ef0f8c19af7c72396cb40aaf8111d5cac3ee4c54113ff42,undefined FUN_18149bc30(),ghidra,clean,
WHGame.dll,release_1_5_1164953_841,0x149bc5c,148,FUN_18149bc5c,,,dc7b33e318425f697376ea3e545e19583fd714599f01f4291011593bdb06a0cf,undefined FUN_18149bc5c(),ghidra,clean,
WHGame.dll,release_1_5_1164953_841,0x149bcf0,117,FUN_18149bcf0,,,495cb63d51273c9d923361cd11058eec96ddc9062fa866d74c31daa606c16a8b,undefined FUN_18149bcf0(),ghidra,clean,
WHGame.dll,release_1_5_1164953_841,0x149bd68,190,FUN_18149bd68,,,5a3a69b6939e77902fb9f33854c92323a7118f7c9b5935a05ac86cef6d700444,undefined FUN_18149bd68(),ghidra,clean,
WHGame.dll,release_1_5_1164953_841,0x149be28,155,FUN_18149be28,,,561ba23a2ae12de88b67c7aac7b7d90617153c14e1ea6285eda8eb30b5eb0b8d,undefined FUN_18149be28(),ghidra,clean,
WHGame.dll,release_1_5_1164953_841,0x149bec4,291,FUN_18149bec4,,,03c751fbffa8853f17adf7b4e611c8d4adedd30903236578122706ccae530826,undefined FUN_18149bec4(),ghidra,clean,
WHGame.dll,release_1_5_1164953_841,0x149bfe8,190,FUN_18149bfe8,,,fc47d72c0dcd383501a152c7c689d29a0a4a7ac1de4039cf5220c0faf3287cb7,undefined FUN_18149bfe8(),ghidra,clean,
WHGame.dll,release_1_5_1164953_841,0x149c0a8,155,FUN_18149c0a8,,,0e9e1b90fb6195dabb0fafb536273923513c5825bd94886d01c53a18ed7567d1,undefined FUN_18149c0a8(),ghidra,clean,
WHGame.dll,release_1_5_1164953_841,0x149c144,291,FUN_18149c144,,,bb7c8eec6a9df13cbc619309883becc260e64b8abe7d81cde835f0fd86a58ec3,undefined FUN_18149c144(),ghidra,clean,
WHGame.dll,release_1_5_1164953_841,0x149c268,55,FUN_18149c268,,,8d91fae60d64eeb36940efb42e498868eafdf8bf9e2eff40aae88af3a3836398,undefined FUN_18149c268(),ghidra,clean,
WHGame.dll,release_1_5_1164953_841,0x149c290,181,FUN_18149c290,,,8df17e3ea3be69757e23948cb8b6497601ed6dfa0216d0f2c5a84d8cff028dba,undefined FUN_18149c290(),ghidra,clean,
WHGame.dll,release_1_5_1164953_841,0x149c348,67,FUN_18149c348,,,f3cf5cacbcfdf770a1e1b841e4d01ae446a4f621668296f4145f851e53a632aa,undefined FUN_18149c348(),ghidra,clean,
WHGame.dll,release_1_5_1164953_841,0x149c38c,190,FUN_18149c38c,,,7f61c4c53418be269dd94f0dfda7e3f89bdcd711e197754aac2262b4bb5d8a66,undefined FUN_18149c38c(),ghidra,clean,
WHGame.dll,release_1_5_1164953_841,0x149c44c,155,FUN_18149c44c,,,2aad82943b198f86cc1d3413afcc14fb1f0cd9ce6812299bc254ce814ba5b694,undefined FUN_18149c44c(),ghidra,clean,
WHGame.dll,release_1_5_1164953_841,0x149c4e8,291,FUN_18149c4e8,,,2fe8a7b458f5f5822017e0b5608306aa9831ba1af2e0dbcf1603e6dfbdedca13,undefined FUN_18149c4e8(),ghidra,clean,
WHGame.dll,release_1_5_1164953_841,0x149c60c,179,FUN_18149c60c,,,df7e6c59cd3ba0e866795b59f6c7145797f9d9d4b5e860de4e667cc1bf4cde84,undefined FUN_18149c60c(),ghidra,clean,
WHGame.dll,release_1_5_1164953_841,0x149c6c0,180,FUN_18149c6c0,,,82895692e98d30234ad6ee51e5df2b79062ff99fad49582653cafdfc897e3ef7,undefined FUN_18149c6c0(),ghidra,clean,
WHGame.dll,release_1_5_1164953_841,0x149c774,180,FUN_18149c774,,,27945e299e88f9a72313d90ba477a852ac691f82cde0bca28f2a1997aa770a50,undefined FUN_18149c774(),ghidra,clean,
WHGame.dll,release_1_5_1164953_841,0x149c828,170,FUN_18149c828,,,d4d9121aeb07d1964d37f1d5b634751e5934256435579ad54117764164cb2da5,undefined FUN_18149c828(),ghidra,clean,
WHGame.dll,release_1_5_1164953_841,0x149c8d4,163,FUN_18149c8d4,,,8ce3f9f29ac5e4c863b66e4e64273fa8483a0fa92c44765aff0d853d552db8df,undefined FUN_18149c8d4(),ghidra,clean,
WHGame.dll,release_1_5_1164953_841,0x149c914,155,FUN_18149c914,,,35be36fd53f62ca09f4eb552bbe2db5a0f8d1c0fdfb57eb93085882cd6e72c1c,undefined FUN_18149c914(),ghidra,clean,
WHGame.dll,release_1_5_1164953_841,0x149c9b0,291,FUN_18149c9b0,,,6004e3c4f3994644845505edcceac97126643343caba327c893009aee3a0b749,undefined FUN_18149c9b0(),ghidra,clean,
WHGame.dll,release_1_5_1164953_841,0x149cad4,176,FUN_18149cad4,,,0781abf927508b22718a779895414302ba6b7339a8f7409f0862ed6ff107afb6,undefined FUN_18149cad4(),ghidra,clean,
WHGame.dll,release_1_5_1164953_841,0x149cb84,115,FUN_18149cb84,,,9dc17718d7c2c4f5b6e26a960c72a173c5d8411f8820a0ee22b576faf71af561,undefined FUN_18149cb84(),ghidra,clean,
WHGame.dll,release_1_5_1164953_841,0x149cbf8,31,FUN_18149cbf8,,,ea623e9574f1eda0af059f35436c784df8c7758d1b8c095eceb117db42a68b2f,undefined FUN_18149cbf8(),ghidra,clean,
WHGame.dll,release_1_5_1164953_841,0x149cc18,190,FUN_18149cc18,,,8dd74e41812950752b9922467260ed2282fc7ca81742e564eb93948b9795a081,undefined FUN_18149cc18(),ghidra,clean,
WHGame.dll,release_1_5_1164953_841,0x149ccd8,73,FUN_18149ccd8,,,fc9d852d3a7e6962bf054050c8682d19cb914a0ea50e4487f48419c7f5820816,undefined FUN_18149ccd8(),ghidra,clean,
WHGame.dll,release_1_5_1164953_841,0x149cd24,197,FUN_18149cd24,,,fda824cc37915de3423fa2dd245fab76d69d2dcbe849bc7469d6d700a55c8fe2,undefined FUN_18149cd24(),ghidra,clean,
WHGame.dll,release_1_5_1164953_841,0x149cdec,374,FUN_18149cdec,,,d9bd24968e282290ec94308b87e3ca87aa6b3d0941d2f1b780a2fe934bf7ffab,undefined FUN_18149cdec(),ghidra,clean,
WHGame.dll,release_1_5_1164953_841,0x149cf64,74,FUN_18149cf64,,,9592de9a13146600d4b7b9b30ab75f245b1a5d266f33177450c32e75a37e3660,undefined FUN_18149cf64(),ghidra,clean,
WHGame.dll,release_1_5_1164953_841,0x149cfb0,1287,FUN_18149cfb0,,,027f8fcc660463750353ce91b4eafdc005e2a0dc9ffa2f155f2e63c9126abc22,undefined FUN_18149cfb0(),ghidra,clean,
WHGame.dll,release_1_5_1164953_841,0x149d0f8,234,FUN_18149d0f8,,,b23e465bb96b9d5b3b1cb4b88dc1bf8b3cdf325f7f96aab61f87073547e9dd7d,undefined FUN_18149d0f8(),ghidra,clean,
WHGame.dll,release_1_5_1164953_841,0x149d1e4,207,FUN_18149d1e4,,,e17f790b2202af6f4686af047e3ec7020d2ef997802c7e0e26cdd54fa5443ae4,undefined FUN_18149d1e4(),ghidra,clean,
WHGame.dll,release_1_5_1164953_841,0x149d2a4,261,FUN_18149d2a4,,,e00f237db54a6af065adf34c17d39237b7466f758264c13c122466809f10a541,undefined FUN_18149d2a4(),ghidra,clean,
WHGame.dll,release_1_5_1164953_841,0x149d3a0,196,FUN_18149d3a0,,,1a4f6ad5a558442dd2a3784a5b28d13e884cd56d75d0243cf638ea9e71539716,undefined FUN_18149d3a0(),ghidra,clean,
WHGame.dll,release_1_5_1164953_841,0x149d464,234,FUN_18149d464,,,3d266bcda7bf833a03a4f763c6ed522593030e5d4f0f5b05979c8d76f62e9526,undefined FUN_18149d464(),ghidra,clean,
WHGame.dll,release_1_5_1164953_841,0x149d550,207,FUN_18149d550,,,82c965c0fd42abdcb7f0c5890944086d572c9f0480d72849b2e592b04ac1095f,undefined FUN_18149d550(),ghidra,clean,
WHGame.dll,release_1_5_1164953_841,0x149d610,261,FUN_18149d610,,,958c273d257585e96ff4c81d8a440a03f57bc0376367f4ae9becacf26ca127c5,undefined FUN_18149d610(),ghidra,clean,
WHGame.dll,release_1_5_1164953_841,0x149d70c,196,FUN_18149d70c,,,b0d0257fdbb10e8c2dbce9abe4969f12338448d2c04d5f2a1052e0a9acb8651d,undefined FUN_18149d70c(),ghidra,clean,
WHGame.dll,release_1_5_1164953_841,0x149d7d0,296,FUN_18149d7d0,,,1e4a8c040bc3183438c86b675b6313873bc84819a4e8832d5579dfe434f4e679,undefined FUN_18149d7d0(),ghidra,clean,
WHGame.dll,release_1_5_1164953_841,0x149d8f8,234,FUN_18149d8f8,,,d75535289f5b873c6738d83b3bda252852cc8874086cee77ec43467b0e0ddc4f,undefined FUN_18149d8f8(),ghidra,clean,
WHGame.dll,release_1_5_1164953_841,0x149d9e4,207,FUN_18149d9e4,,,04527bdcbd9de4129c7d018a8372cdf5f2490a94f21a8781b229fffffae1bbd2,undefined FUN_18149d9e4(),ghidra,clean,
WHGame.dll,release_1_5_1164953_841,0x149daa4,251,FUN_18149daa4,,,723e6c2a3d8f66e92fbff2a90ba17c44c9c970a1a664f5856ca4a35a2fb34c06,undefined FUN_18149daa4(),ghidra,clean,
WHGame.dll,release_1_5_1164953_841,0x149dba0,196,FUN_18149dba0,,,be294303fb31e4399296861b93ecf57eb4169869573f884f2671de818963c0b9,undefined FUN_18149dba0(),ghidra,clean,
WHGame.dll,release_1_5_1164953_841,0x149dc64,289,FUN_18149dc64,,,ff96d5b7df8d44c0fdc32731b408a640fad64a7fceffc2d27441fd533c2dfef3,undefined FUN_18149dc64(),ghidra,clean,
WHGame.dll,release_1_5_1164953_841,0x149dd88,18,FUN_18149dd88,,,f7a3f9d65371ca07143cf552acc546fa648c2a843aeb3a87aab119ca8e5b1cae,undefined FUN_18149dd88(),ghidra,clean,
WHGame.dll,release_1_5_1164953_841,0x149dd9c,124,FUN_18149dd9c,,,bce846cba52e253eb295f22dbf59c2acd90ed2e360d6580f84351f465f4205d9,undefined FUN_18149dd9c(),ghidra,clean,
WHGame.dll,release_1_5_1164953_841,0x149de00,82,FUN_18149de00,,,5aaefccb77c4561bd58209f99b318ac28419edb5d90ee946a610d0eb6fc20f82,undefined FUN_18149de00(),ghidra,clean,
WHGame.dll,release_1_5_1164953_841,0x149de54,194,FUN_18149de54,,,38bd72d1e59eb0a2c528d1d4e2dc4ee45bf41e4accdf1b879880b246280c52e2,undefined FUN_18149de54(),ghidra,clean,
WHGame.dll,release_1_5_1164953_841,0x149df18,155,FUN_18149df18,,,742efa6a5a1cc4d9981b20a00628eee5c5ec0e8883476b9e3c8a3bbb9aa3d323,undefined FUN_18149df18(),ghidra,clean,
WHGame.dll,release_1_5_1164953_841,0x149dfb4,291,FUN_18149dfb4,,,884cf140dbaf47750cbe6b04a6b1a604435f88af5794a4324b754c444ad95a51,undefined FUN_18149dfb4(),ghidra,clean,
WHGame.dll,release_1_5_1164953_841,0x149e0d8,190,FUN_18149e0d8,,,2f7018e7e274caf4e198c473019a023aaefb57119f5c710cbb0c67f49159acec,undefined FUN_18149e0d8(),ghidra,clean,
WHGame.dll,release_1_5_1164953_841,0x149e198,227,FUN_18149e198,,,aa6c14f54af07d0bf3871ea12bf773d3ecf84f26a54b57e18c46b3653ec5cc09,undefined FUN_18149e198(),ghidra,clean,
WHGame.dll,release_1_5_1164953_841,0x149e27c,83,FUN_18149e27c,,,30cdd4bd69ce3bc6dca89b026f442cf709d23bc2a6339e2b68d9cba381fbaa37,undefined FUN_18149e27c(),ghidra,clean,
WHGame.dll,release_1_5_1164953_841,0x149e2d0,194,FUN_18149e2d0,,,aeb338371a67f8451646e60742a7e513e557f940712b0f18f1c722881f11c517,undefined FUN_18149e2d0(),ghidra,clean,
WHGame.dll,release_1_5_1164953_841,0x149e394,155,FUN_18149e394,,,1d5a75805ece487f76bd9058e3afda005768a2ad39d04b0f273210238b5b2d28,undefined FUN_18149e394(),ghidra,clean,
WHGame.dll,release_1_5_1164953_841,0x149e430,291,FUN_18149e430,,,174ba81b623b27a2878d43aba349baa7b888a6cd1b56b29f213b1b3ec1d00138,undefined FUN_18149e430(),ghidra,clean,
WHGame.dll,release_1_5_1164953_841,0x149e554,194,FUN_18149e554,,,3d452f5187b115d5fda44505a479e20518d8d37ae5470a52d8a5c5553271cfc2,undefined FUN_18149e554(),ghidra,clean,
WHGame.dll,release_1_5_1164953_841,0x149e618,155,FUN_18149e618,,,19059d43d8a26a117dab0e450125cc8b4cb7cb27b3c7e6be5d021c0bdebadb7e,undefined FUN_18149e618(),ghidra,clean,
WHGame.dll,release_1_5_1164953_841,0x149e6b4,291,FUN_18149e6b4,,,862443faf7f24ecd610f53ffe2cc7df3802708c5129e77ef405acd780e2f5145,undefined FUN_18149e6b4(),ghidra,clean,
WHGame.dll,release_1_5_1164953_841,0x149e7d8,190,FUN_18149e7d8,,,8f55f8a8f88afb58ae441d21915c81671d4fc1006a99aea2ee8525a5bd9968c1,undefined FUN_18149e7d8(),ghidra,clean,
WHGame.dll,release_1_5_1164953_841,0x149e898,190,FUN_18149e898,,,e12cbc66219b0eb6ffc4ca75759a364f57054cd07d745193ba62aac7974ffea9,undefined FUN_18149e898(),ghidra,clean,
WHGame.dll,release_1_5_1164953_841,0x149e958,403,FUN_18149e958,,,1d6dd9f4ba283970d96ed729f0a93711806cb9244c3184bdfa82d89b4fe9de53,undefined FUN_18149e958(),ghidra,clean,
WHGame.dll,release_1_5_1164953_841,0x149eaec,342,FUN_18149eaec,,,978c1a6b04f7fb6dff1b065f6dc1148c187c691f16f0c023bf66298c7ce9e13d,undefined FUN_18149eaec(),ghidra,clean,
WHGame.dll,release_1_5_1164953_841,0x149ec44,101,FUN_18149ec44,,,7526171dd985ce521e94921425cb6fa8e375a8aa367da1bc433dff842e98da24,undefined FUN_18149ec44(),ghidra,clean,
WHGame.dll,release_1_5_1164953_841,0x149ecac,172,FUN_18149ecac,,,c55f78721846d310cf135d6dccf679b80a0d9a17dc72f3a9822a229c8cacf879,undefined FUN_18149ecac(),ghidra,clean,
WHGame.dll,release_1_5_1164953_841,0x149ed58,140,FUN_18149ed58,,,0bee0c63c393ba88199ca74ffbff92c3c46f00280027f13aaa507066a4bc9919,undefined FUN_18149ed58(),ghidra,clean,
WHGame.dll,release_1_5_1164953_841,0x149ede4,50,FUN_18149ede4,,,9687f05dcf0d4b516f426a520f25c8cee19c7a125e710a09421769b9e3a5cd45,undefined FUN_18149ede4(),ghidra,clean,
WHGame.dll,release_1_5_1164953_841,0x149ee18,194,FUN_18149ee18,,,6b7a949556c1043571243b8fdd6e3d3fd1f5c0a5ae9e46d8ba32641526f379f0,undefined FUN_18149ee18(),ghidra,clean,
WHGame.dll,release_1_5_1164953_841,0x149eedc,155,FUN_18149eedc,,,c2350d309114aa82432f8798a33313eb43fa2d050845bda881c669d17861317a,undefined FUN_18149eedc(),ghidra,clean,
WHGame.dll,release_1_5_1164953_841,0x149ef78,291,FUN_18149ef78,,,8457518f9dd6bee1458faee620092ee865d99c1fcbc948fa3b777f22a23890ce,undefined FUN_18149ef78(),ghidra,clean,
WHGame.dll,release_1_5_1164953_841,0x149f09c,190,FUN_18149f09c,,,92a78d22e58a5703b6bccaf926d98ea9e8f637cb1cbdf040e5808276a5598982,undefined FUN_18149f09c(),ghidra,clean,
WHGame.dll,release_1_5_1164953_841,0x149f15c,190,FUN_18149f15c,,,00da2665ac263fca27d3510b58be0051e46a5a74bdbba1d6fcc693679456d17d,undefined FUN_18149f15c(),ghidra,clean,
WHGame.dll,release_1_5_1164953_841,0x149f21c,194,FUN_18149f21c,,,7893a3b67f82f2e5d6c60cce26363c6787a9f6b63e88930146aa9457115b2446,undefined FUN_18149f21c(),ghidra,clean,
WHGame.dll,release_1_5_1164953_841,0x149f2e0,155,FUN_18149f2e0,,,cfe328cd32fec3977ba0d352153ebd18c266d4b3313439e4ee020d274b0a4f3a,undefined FUN_18149f2e0(),ghidra,clean,
WHGame.dll,release_1_5_1164953_841,0x149f37c,291,FUN_18149f37c,,,dba1ffb2e0f8d2ff19ce5ca0047bf9a4c23c421395461c448e0750d2fd238f4a,undefined FUN_18149f37c(),ghidra,clean,
WHGame.dll,release_1_5_1164953_841,0x149f4a0,190,FUN_18149f4a0,,,d0fe5076336e065d4db7c6909828161b02a00e5c7e8735b63da7d8d452fb6977,undefined FUN_18149f4a0(),ghidra,clean,
WHGame.dll,release_1_5_1164953_841,0x149f560,303,FUN_18149f560,,,dba0d07b9079ac148b7ac9e3e4a35a5d14f1dbb4c63726a5fde5fa455f537989,undefined FUN_18149f560(),ghidra,clean,
WHGame.dll,release_1_5_1164953_841,0x149f690,194,FUN_18149f690,,,1be2d9bf513e95d2ce469c89c5411d39fc276580c9a2e04c5d0f0b234c5a58a2,undefined FUN_18149f690(),ghidra,clean,
WHGame.dll,release_1_5_1164953_841,0x149f754,155,FUN_18149f754,,,bf228b376671e09275ddaf5881b018e35e989e7471b87ddddf09c6005291e63c,undefined FUN_18149f754(),ghidra,clean,
WHGame.dll,release_1_5_1164953_841,0x149f7f0,291,FUN_18149f7f0,,,ba9a73d7e2ef596821ff3b92f417c8386c414664e49ae05d416ee5b2e2a50bab,undefined FUN_18149f7f0(),ghidra,clean,
WHGame.dll,release_1_5_1164953_841,0x149f914,190,FUN_18149f914,,,b13bcb506a8e639fc3a7b10e596de027adceeeb3e184e4ba9a4dfbd2e66f29a0,undefined FUN_18149f914(),ghidra,clean,
WHGame.dll,release_1_5_1164953_841,0x149f9d4,190,FUN_18149f9d4,,,ea91393cc265cf8b0b71e87b0f67fb0d215c135d2b89ecf06ddebf4e6d78fab8,undefined FUN_18149f9d4(),ghidra,clean,
WHGame.dll,release_1_5_1164953_841,0x149fa94,744,FUN_18149fa94,,,c2103a31326ce95c9940a6a1bfb447358b00f40ed89b8637454217d9ce333279,undefined FUN_18149fa94(),ghidra,clean,
WHGame.dll,release_1_5_1164953_841,0x149fd7c,313,FUN_18149fd7c,,,f8ecc7ef40fb3fc9f0cbdef0ad265d16126d285c57943d840f5a4c4c83b8da13,undefined FUN_18149fd7c(),ghidra,clean,
WHGame.dll,release_1_5_1164953_841,0x149fea0,81,FUN_18149fea0,,,de4c56bd51d301f24b193c5a5ad95daa851f7babb84293dc5b8f85462d55b90e,undefined FUN_18149fea0(),ghidra,clean,
WHGame.dll,release_1_5_1164953_841,0x149fef4,82,FUN_18149fef4,,,b07e097c502bb4e848f8a6c9b8922d58014f6095a6a7c0ac3652b2f19b24e158,undefined FUN_18149fef4(),ghidra,clean,
WHGame.dll,release_1_5_1164953_841,0x149ff48,60,FUN_18149ff48,,,2bfc4d79d51c468316290ebff79c15af446a675078fae576d887c7d50360e087,undefined FUN_18149ff48(),ghidra,clean,
WHGame.dll,release_1_5_1164953_841,0x149ff84,109,FUN_18149ff84,,,b680791b4440cf5ad4ea3de71c2fe1919be106b4de2107a85a28eef2af53f1c5,undefined FUN_18149ff84(),ghidra,clean,
WHGame.dll,release_1_5_1164953_841,0x149fff4,144,FUN_18149fff4,,,73e3a7bf65b2bed97854a11b507de2ce84d347bb7bf6a51aaa1a35e4269f7656,undefined FUN_18149fff4(),ghidra,clean,
WHGame.dll,release_1_5_1164953_841,0x14a0074,144,FUN_1814a0074,,,e677f100c8c8f734809817f397545cb59e26f2eaba1857ae93952ca74bf38090,undefined FUN_1814a0074(),ghidra,clean,
WHGame.dll,release_1_5_1164953_841,0x14a00f4,77,FUN_1814a00f4,,,50ba9537e3c52571093a58e689745cc3d973f8bca1a6d977be7248e694735d67,undefined FUN_1814a00f4(),ghidra,clean,
WHGame.dll,release_1_5_1164953_841,0x14a0144,331,FUN_1814a0144,,,5549db2bd8f1f086dbebe97967f1d7219eaaea33d95b1d2bee0f1b9820904f0d,undefined FUN_1814a0144(),ghidra,clean,
WHGame.dll,release_1_5_1164953_841,0x14a0290,85,FUN_1814a0290,,,d51b5d8f851a36043ca573655ade3c1136bbee01387b87cf6e4d1d78457898cc,undefined FUN_1814a0290(),ghidra,clean,
WHGame.dll,release_1_5_1164953_841,0x14a02e8,11,FUN_1814a02e8,,,256dc4f3325842ee5efaf0f4dd5925bcaa5c2db53f8f69342ca30cf96395b1f8,undefined FUN_1814a02e8(),ghidra,clean,
WHGame.dll,release_1_5_1164953_841,0x14a02f4,66,FUN_1814a02f4,,,fcdd9c841cabb7d4e256e238da034ffe678b7b0b6b3e8419fe57d0eae1ff05fc,undefined FUN_1814a02f4(),ghidra,clean,
WHGame.dll,release_1_5_1164953_841,0x14a0338,142,FUN_1814a0338,,,78fcefa3e9126da69360eccd64536ddf5057779908374eb54346f4bb11c10c37,undefined FUN_1814a0338(),ghidra,clean,
WHGame.dll,release_1_5_1164953_841,0x14a03c8,190,FUN_1814a03c8,,,50a4f6bc65e017b2d0c3050e4e88c8b044517c80ee3eb4ec5476685ae4e9b57c,undefined FUN_1814a03c8(),ghidra,clean,
WHGame.dll,release_1_5_1164953_841,0x14a0488,190,FUN_1814a0488,,,a813761133e36eb949bf6c37d6bbe09ea618b06209c4d30f5f7167a1509f7f6f,undefined FUN_1814a0488(),ghidra,clean,
WHGame.dll,release_1_5_1164953_841,0x14a0548,190,FUN_1814a0548,,,63faff05fc709fdc705b7be1d9771d85ae55a9466892b40a755d9fb5b6d62789,undefined FUN_1814a0548(),ghidra,clean,
WHGame.dll,release_1_5_1164953_841,0x14a0608,190,FUN_1814a0608,,,4f9a4437b7b2eb943bf47d7468b7ac3ee578683780045d0a526ba268372f238e,undefined FUN_1814a0608(),ghidra,clean,
WHGame.dll,release_1_5_1164953_841,0x14a06c8,204,FUN_1814a06c8,,,e323b9aaa5d7a21cee64ffb15b686bfa0104c71658a41c84f35bde9b92ade218,undefined FUN_1814a06c8(),ghidra,clean,
WHGame.dll,release_1_5_1164953_841,0x14a0774,204,FUN_1814a0774,,,be9159166ab1b6c2da9d132a4408b365fd6d94bf22263dab74fbfe50a2498a9e,undefined FUN_1814a0774(),ghidra,clean,
WHGame.dll,release_1_5_1164953_841,0x14a0820,376,FUN_1814a0820,,,66ef1217e1238fde68885aa6ad6f740f83542b8a3fba573dcc2079374229162c,undefined FUN_1814a0820(),ghidra,clean,
WHGame.dll,release_1_5_1164953_841,0x14a0954,26,FUN_1814a0954,,,487caffa1ae04ae7d65cfe69ac760954815a552df58a9d6fca1dcca7800ad982,undefined FUN_1814a0954(),ghidra,clean,
WHGame.dll,release_1_5_1164953_841,0x14a0970,151,FUN_1814a0970,,,295b60fa9b69493c0f202c97cb46136cc4397fd394da6f1ea997faf47036befa,undefined FUN_1814a0970(),ghidra,clean,
WHGame.dll,release_1_5_1164953_841,0x14a0a08,151,FUN_1814a0a08,,,214b0e526ff7f6bf5e73aa0404a51c54aeb2040b46a345fd9ad9fd00b10b6653,undefined FUN_1814a0a08(),ghidra,clean,
WHGame.dll,release_1_5_1164953_841,0x14a0aa0,151,FUN_1814a0aa0,,,c696c2bf20312f627320675467317efcbaeeba45390ae380f25f6863f41f9f52,undefined FUN_1814a0aa0(),ghidra,clean,
WHGame.dll,release_1_5_1164953_841,0x14a0b38,151,FUN_1814a0b38,,,6d3f8e9dc8e6dd7d70738351cf6cb86aea6a6b4f08da5f54c894d56a9b1ce887,undefined FUN_1814a0b38(),ghidra,clean,
WHGame.dll,release_1_5_1164953_841,0x14a0bd0,1131,FUN_1814a0bd0,,,7edab03fe94b127f5b1b9a24d97611564b7b45dcb11a3f1f9acbead0425007ad,undefined FUN_1814a0bd0(),ghidra,clean,
WHGame.dll,release_1_5_1164953_841,0x14a103c,155,FUN_1814a103c,,,6c99aff551da63fb024b813c92f21648a1e41e3a07ce47e4bd83826c9d02e394,undefined FUN_1814a103c(),ghidra,clean,
WHGame.dll,release_1_5_1164953_841,0x14a10d8,304,FUN_1814a10d8,,,282ecf9bd35d17fb25c39cbc3e9dc491312b15266d296c76321230873c12bc1f,undefined FUN_1814a10d8(),ghidra,clean,
WHGame.dll,release_1_5_1164953_841,0x14a1208,155,FUN_1814a1208,,,c672479174718873c680c9759eb312cb9fd4502f746ff67b60898b09d53d2bed,undefined FUN_1814a1208(),ghidra,clean,
WHGame.dll,release_1_5_1164953_841,0x14a12a4,298,FUN_1814a12a4,,,55ead3b0d4a19d1fd32f9b94f8eddd188c4713b1d3d31dd332f5204e8dd47357,undefined FUN_1814a12a4(),ghidra,clean,
WHGame.dll,release_1_5_1164953_841,0x14a13d0,151,FUN_1814a13d0,,,894f3791295c9da864bfb24ef8c321393828bb775dbfad84b5f1f1646b0130d7,undefined FUN_1814a13d0(),ghidra,clean,
WHGame.dll,release_1_5_1164953_841,0x14a1468,151,FUN_1814a1468,,,e65a8060182395f4c7b04cbf8062c46c351731f53cb7e434b8c4fc1154853a8a,undefined FUN_1814a1468(),ghidra,clean,
WHGame.dll,release_1_5_1164953_841,0x14a1500,151,FUN_1814a1500,,,8b4f43b3953579afc5a83235fefeab125cad24093426e2c584595354fd1bff1b,undefined FUN_1814a1500(),ghidra,clean,
WHGame.dll,release_1_5_1164953_841,0x14a1598,151,FUN_1814a1598,,,fe77901bb7457ef4026ac0def5e57164e76bf10102ee487ad13b62b1d766a4d9,undefined FUN_1814a1598(),ghidra,clean,
WHGame.dll,release_1_5_1164953_841,0x14a1630,190,FUN_1814a1630,,,4bfbac5fee265763fe5c0dac3cb04f27501f4be772189a40bf65342e6426cfa9,undefined FUN_1814a1630(),ghidra,clean,
WHGame.dll,release_1_5_1164953_841,0x14a16f0,190,FUN_1814a16f0,,,063e4f7e3f889234171259ca0bb5e876d991070283ca1ed48e3f048c71fd7a7d,undefined FUN_1814a16f0(),ghidra,clean,
WHGame.dll,release_1_5_1164953_841,0x14a17b0,34,FUN_1814a17b0,,,94cae2e2af3169fcb5fc7840c985f571caaac0aa9cb70a011ea76865f65489df,undefined FUN_1814a17b0(),ghidra,clean,
WHGame.dll,release_1_5_1164953_841,0x14a17d4,219,FUN_1814a17d4,,,c7f2befb6e4889546321edfad952497c502f112a79aff112f4edf944c6a6275a,undefined FUN_1814a17d4(),ghidra,clean,
WHGame.dll,release_1_5_1164953_841,0x14a18b0,81,FUN_1814a18b0,,,91ab608387c6e1c63882c4bb029ecffe192cf14b3b0ed2bbe0af1a2d7e1191a1,undefined FUN_1814a18b0(),ghidra,clean,
WHGame.dll,release_1_5_1164953_841,0x14a18e4,82,FUN_1814a18e4,,,3519b00d0eb50729ac8be28113dbabec7374a361235d42b9fb94f04705e3e406,undefined FUN_1814a18e4(),ghidra,clean,
WHGame.dll,release_1_5_1164953_841,0x14a1938,173,FUN_1814a1938,,,4eb7f7ed875f30c316563cab15a2343ce131f065675bcb00f874de5736231f75,undefined FUN_1814a1938(),ghidra,clean,
WHGame.dll,release_1_5_1164953_841,0x14a19a4,106,FUN_1814a19a4,,,34e330d7ad2c62a24fcddbceaa94409615a9a720f5902ea09dddc54914ee339c,undefined FUN_1814a19a4(),ghidra,clean,
WHGame.dll,release_1_5_1164953_841,0x14a1a14,34,FUN_1814a1a14,,,551d46d1385edfb8dbb640fb44bf82b67ade183f1348c8d62f49f7990dcb3d86,undefined FUN_1814a1a14(),ghidra,clean,
WHGame.dll,release_1_5_1164953_841,0x14a1a38,103,FUN_1814a1a38,,,b01ac4c4acbbf337faf881b1630e447f84213a0d3ac570d4bd4594b8b622244e,undefined FUN_1814a1a38(),ghidra,clean,
WHGame.dll,release_1_5_1164953_841,0x14a1aa0,190,FUN_1814a1aa0,,,947990f2107aca2ce06cabcaae96e4274ccba850e0bb92a036fc85545a6d8580,undefined FUN_1814a1aa0(),ghidra,clean,
WHGame.dll,release_1_5_1164953_841,0x14a1b60,190,FUN_1814a1b60,,,e4e0885884510e1ba39d91cd6ca9ed2b2d5fc09f5e2253358d3c9c46b1f2663d,undefined FUN_1814a1b60(),ghidra,clean,
WHGame.dll,release_1_5_1164953_841,0x14a1c20,190,FUN_1814a1c20,,,ac8eb2b78cf9e17287d648bda935688ec5579a9125a7fe9fa89c7b8e7aeb15e7,undefined FUN_1814a1c20(),ghidra,clean,
WHGame.dll,release_1_5_1164953_841,0x14a1ce0,30,FUN_1814a1ce0,,,fb976e926f82ef96f5395905a674d04ce5284c62c96c6b4c70fa74392bafe9a3,undefined FUN_1814a1ce0(),ghidra,clean,
WHGame.dll,release_1_5_1164953_841,0x14a1d00,190,FUN_1814a1d00,,,9df94e300e727cc91628f72a1922a64a7ea7994e4d6efcc81f75c06df56d074a,undefined FUN_1814a1d00(),ghidra,clean,
WHGame.dll,release_1_5_1164953_841,0x14a1dc0,190,FUN_1814a1dc0,,,1b65bc6597977cae8ac77c52566aba325ef75d3d89f511e23044b5b75b3d7cd7,undefined FUN_1814a1dc0(),ghidra,clean,
WHGame.dll,release_1_5_1164953_841,0x14a1e80,190,FUN_1814a1e80,,,d5131682dc5a8dfd18c138552c12b917dae4fd3cfba5f955902e1aed02bf6ddd,undefined FUN_1814a1e80(),ghidra,clean,
WHGame.dll,release_1_5_1164953_841,0x14a1f40,190,FUN_1814a1f40,,,0a0761db6e6c32e0143aee090c8ce9c321762733e7cca6c00af464f3950a775f,undefined FUN_1814a1f40(),ghidra,clean,
WHGame.dll,release_1_5_1164953_841,0x14a2000,83,FUN_1814a2000,,,c224c848df4824f84bc37cd7a594d54db571abbafd61aab7147ed492dc5a5595,undefined FUN_1814a2000(),ghidra,clean,
WHGame.dll,release_1_5_1164953_841,0x14a2054,190,FUN_1814a2054,,,50115eef90456cf374e4cd0d1b562af5c7b1eb06b73bd44d07e1846e768eb7e8,undefined FUN_1814a2054(),ghidra,clean,
WHGame.dll,release_1_5_1164953_841,0x14a2114,190,FUN_1814a2114,,,6c45ceaa6f0f4d4c14d8d1fdc24bd3a71e99049dd1284c3e86411e7e487cd54c,undefined FUN_1814a2114(),ghidra,clean,
WHGame.dll,release_1_5_1164953_841,0x14a21d4,190,FUN_1814a21d4,,,7a40234256cfb017441598987969cb3c6edd3560200a92e5e3cd3f49ba18b3be,undefined FUN_1814a21d4(),ghidra,clean,
WHGame.dll,release_1_5_1164953_841,0x14a2294,180,FUN_1814a2294,,,87d613f04882eda5b69ad88bfaf87465143536adfd6ee253b9b02582c2aeec10,undefined FUN_1814a2294(),ghidra,clean,
WHGame.dll,release_1_5_1164953_841,0x14a2348,698,FUN_1814a2348,,,0ec7b889c84cd00aee98e836bc8294fd3ad0e4f569d138c56906d13ffe04d286,undefined FUN_1814a2348(),ghidra,clean,
WHGame.dll,release_1_5_1164953_841,0x14a25c0,154,FUN_1814a25c0,,,3b361070e630b42e78002f1c64eb6062a032a719bebb31cc86f5cb331ba25630,undefined FUN_1814a25c0(),ghidra,clean,
WHGame.dll,release_1_5_1164953_841,0x14a265c,187,FUN_1814a265c,,,2c165ee82ace4b89457a26340a92bb0b24f6b89dad5c9378481c7b8e9b5678f8,undefined FUN_1814a265c(),ghidra,clean,
WHGame.dll,release_1_5_1164953_841,0x14a2718,314,FUN_1814a2718,,,eee2bcfa4dfaadd257089f9671f5d771b8df065796dac87aae7f5700434db578,undefined FUN_1814a2718(),ghidra,clean,
WHGame.dll,release_1_5_1164953_841,0x14a2854,204,FUN_1814a2854,,,04b9905cf7bcad47b635795d442ec43808281aab24cf15751ec460c6bfd28511,undefined FUN_1814a2854(),ghidra,clean,
WHGame.dll,release_1_5_1164953_841,0x14a2900,204,FUN_1814a2900,,,c12bd0dd929f8f87fe42b2764f11f41e14c1cd61a75f19ec9e3f6dcd2d81e391,undefined FUN_1814a2900(),ghidra,clean,
WHGame.dll,release_1_5_1164953_841,0x14a29ac,204,FUN_1814a29ac,,,5d18aeea9164a15162c2ab5c50900aaaf2129f345b85310009b572779a2075b3,undefined FUN_1814a29ac(),ghidra,clean,
WHGame.dll,release_1_5_1164953_841,0x14a2a58,200,FUN_1814a2a58,,,9b0ccb2b67367cf881124fb977d6d6d3043156ffcb494cb93b618b2c7762b411,undefined FUN_1814a2a58(),ghidra,clean,
WHGame.dll,release_1_5_1164953_841,0x14a2b00,26,FUN_1814a2b00,,,487caffa1ae04ae7d65cfe69ac760954815a552df58a9d6fca1dcca7800ad982,undefined FUN_1814a2b00(),ghidra,clean,
WHGame.dll,release_1_5_1164953_841,0x14a2b1c,151,FUN_1814a2b1c,,,5ec4bffb7f3c0b38989971b409597ea4b8787099cd2379c9d3739d43bb11c6a9,undefined FUN_1814a2b1c(),ghidra,clean,
WHGame.dll,release_1_5_1164953_841,0x14a2bb4,151,FUN_1814a2bb4,,,7a7fb1eaa5bd5c98708187081050e363ad573dc34bd086e0a5ade4c9ae190c28,undefined FUN_1814a2bb4(),ghidra,clean,
WHGame.dll,release_1_5_1164953_841,0x14a2c4c,151,FUN_1814a2c4c,,,d03e0ddc11666af0c82fa59694341bd0c22ed7c2e7cc124f5ac7512f6f32b16e,undefined FUN_1814a2c4c(),ghidra,clean,
WHGame.dll,release_1_5_1164953_841,0x14a2ce4,151,FUN_1814a2ce4,,,44235c0bc6a734fa7be946b0b3ba87112f5981c1c500d2d2f156fd18b67f48b8,undefined FUN_1814a2ce4(),ghidra,clean,
WHGame.dll,release_1_5_1164953_841,0x14a2d7c,1131,FUN_1814a2d7c,,,83d48d6b8aa4401a192dff18014e8d3851fe674262dad8eca693385effa8d80e,undefined FUN_1814a2d7c(),ghidra,clean,
WHGame.dll,release_1_5_1164953_841,0x14a31e8,155,FUN_1814a31e8,,,df8724d0bafed152ded43f9733115a9ab57f0af242847235cba74c919bc31cd7,undefined FUN_1814a31e8(),ghidra,clean,
WHGame.dll,release_1_5_1164953_841,0x14a3284,304,FUN_1814a3284,,,79f4d292dce5a623deba0df333926fdd85febfdf5e2ccaa0ce9924ec58007ad4,undefined FUN_1814a3284(),ghidra,clean,
WHGame.dll,release_1_5_1164953_841,0x14a33b4,155,FUN_1814a33b4,,,600e90f17b32f9ff0569015d199f595cddacb8971f5d385936e8f12f17718d60,undefined FUN_1814a33b4(),ghidra,clean,
WHGame.dll,release_1_5_1164953_841,0x14a3450,298,FUN_1814a3450,,,51aefab18558020e8f11455ae811d34a9ee137fa6ea80c605914d47b19d19ae9,undefined FUN_1814a3450(),ghidra,clean,
WHGame.dll,release_1_5_1164953_841,0x14a357c,151,FUN_1814a357c,,,c7085897554ea12a9dce25929239f1557488f0a1a5584da1b22cbe1cd31d3368,undefined FUN_1814a357c(),ghidra,clean,
WHGame.dll,release_1_5_1164953_841,0x14a3614,151,FUN_1814a3614,,,33ce48412194925f856f54d17d791e08527e1d41a1f17f7cedbee7e19aa22c81,undefined FUN_1814a3614(),ghidra,clean,
WHGame.dll,release_1_5_1164953_841,0x14a36ac,151,FUN_1814a36ac,,,6e5d76e23ab0dae30073cd52da02bc7cd9d2287b117519e7840e287c99120a5d,undefined FUN_1814a36ac(),ghidra,clean,
WHGame.dll,release_1_5_1164953_841,0x14a3744,151,FUN_1814a3744,,,6657a0d7964e4d076dfb4313d37bf41edf112acff0f380056a59107938a2a7b8,undefined FUN_1814a3744(),ghidra,clean,
WHGame.dll,release_1_5_1164953_841,0x14a37dc,26,FUN_1814a37dc,,,99aca04816a892ac8e93b5c8f8d13f49171517bda8301bcbdb144874545fbf94,undefined FUN_1814a37dc(),ghidra,clean,
WHGame.dll,release_1_5_1164953_841,0x14a37f8,180,FUN_1814a37f8,,,2bd920f0a2d4bd356b689d5a450e1b6b66c8eff94d24364f907af4315e52a401,undefined FUN_1814a37f8(),ghidra,clean,
WHGame.dll,release_1_5_1164953_841,0x14a38ac,141,FUN_1814a38ac,,,98ca3c4054fe10442ec93cebfa666c55b1e846f1695db7cbb115af97e8aaac07,undefined FUN_1814a38ac(),ghidra,clean,
WHGame.dll,release_1_5_1164953_841,0x14a393c,214,FUN_1814a393c,,,0f9dfa845658d0ede4e716821057715d632962319323c61986252103359b6f6b,undefined FUN_1814a393c(),ghidra,clean,
WHGame.dll,release_1_5_1164953_841,0x14a39e8,290,FUN_1814a39e8,,,b85ec6d6ebc51332df4d914c4ba3060e2a0ef2fa036ef6d637f5667d9dcb64d7,undefined FUN_1814a39e8(),ghidra,clean,
WHGame.dll,release_1_5_1164953_841,0x14a3b0c,131,FUN_1814a3b0c,,,c0a8c24ce7999c1bafe71dd280009d277d6378c3b924a939e27bc15cfc977a14,undefined FUN_1814a3b0c(),ghidra,clean,
WHGame.dll,release_1_5_1164953_841,0x14a3b90,118,FUN_1814a3b90,,,ca1ad40ff34d3db9c6c1a1cb4b445ba43620ce8b90297c16aad49535d8f5df21,undefined FUN_1814a3b90(),ghidra,clean,
WHGame.dll,release_1_5_1164953_841,0x14a3c08,43,FUN_1814a3c08,,,e33f2e9d8817b018cadd48bdbb2a95dcdfe54af01572fd23db00b5ab1711ac9b,undefined FUN_1814a3c08(),ghidra,clean,
WHGame.dll,release_1_5_1164953_841,0x14a3c34,120,FUN_1814a3c34,,,41a688b9d025e7fdee035bd9fd44e98440e1fdbb04aa4f8f0dd1805a17438952,undefined FUN_1814a3c34(),ghidra,clean,
WHGame.dll,release_1_5_1164953_841,0x14a3cac,143,FUN_1814a3cac,,,513ecd40f220190e584b4eaf22ff0f13c6b8352ba0a3bce41f8fed67e8aca306,undefined FUN_1814a3cac(),ghidra,clean,
WHGame.dll,release_1_5_1164953_841,0x14a3d3c,11,FUN_1814a3d3c,,,aace91247de48e9d2dac90f2a492301fc8e6fecaa721b679e2049bd1890c203b,undefined FUN_1814a3d3c(),ghidra,clean,
WHGame.dll,release_1_5_1164953_841,0x14a3d48,194,FUN_1814a3d48,,,9524cba7ba525c4dc02828d081a3378fbba8e7381c113f3bd64a961b573cf0fe,undefined FUN_1814a3d48(),ghidra,clean,
WHGame.dll,release_1_5_1164953_841,0x14a3e0c,155,FUN_1814a3e0c,,,6727802ecc055f44f89dc10d80e61ddc41b6b5f1b177dd8a0b1ae3a437124a34,undefined FUN_1814a3e0c(),ghidra,clean,
WHGame.dll,release_1_5_1164953_841,0x14a3ea8,291,FUN_1814a3ea8,,,5a6d47f452dd340279fdba74e2e86cc7886dae07573e49597ba3cec378ac1093,undefined FUN_1814a3ea8(),ghidra,clean,
WHGame.dll,release_1_5_1164953_841,0x14a3fcc,56,FUN_1814a3fcc,,,0a18eff609565ea5c96ccb4f82290f382df9cdd8b264942050b6ad7fcfd55c47,undefined FUN_1814a3fcc(),ghidra,clean,
WHGame.dll,release_1_5_1164953_841,0x14a4008,26,FUN_1814a4008,,,819234953c91d716a341edb10dcca2267107efa13f78881bbca64f4a7a11eeca,undefined FUN_1814a4008(),ghidra,clean,
WHGame.dll,release_1_5_1164953_841,0x14a4024,155,FUN_1814a4024,,,060be76ad7b3b7dd2083faccda5b9290c72a5e313f95829b37cb8c483a99e6fd,undefined FUN_1814a4024(),ghidra,clean,
WHGame.dll,release_1_5_1164953_841,0x14a40c0,304,FUN_1814a40c0,,,f6ed719843dd5ed64f5eee3f1bbad3cd9794306944b8393be35934e5fc779a85,undefined FUN_1814a40c0(),ghidra,clean,
WHGame.dll,release_1_5_1164953_841,0x14a41f0,335,FUN_1814a41f0,,,a05d3f6b5eaf242797728d0c82f18c78b841c32d0569be47e53eb53b8d61aeac,undefined FUN_1814a41f0(),ghidra,clean,
WHGame.dll,release_1_5_1164953_841,0x14a42de,8,FUN_1814a42de,,,d584cb1a2afef309eb33a9b90753d6c9a99b0c481366318ccddcba175a3b8c54,undefined FUN_1814a42de(),ghidra,clean,
WHGame.dll,release_1_5_1164953_841,0x14a42f0,155,FUN_1814a42f0,,,83b85ffbe0baf62c401ee7a6f516a2e34832f3dfd932ba3e91eab8d9f709f7d9,undefined FUN_1814a42f0(),ghidra,clean,
WHGame.dll,release_1_5_1164953_841,0x14a438c,23,FUN_1814a438c,,,4a2215c3e820937481093c41c3a2c4fdd1b034767afb06c5e8afd475b2e2dc6a,undefined FUN_1814a438c(),ghidra,clean,
WHGame.dll,release_1_5_1164953_841,0x14a43a4,155,FUN_1814a43a4,,,d011c43d68c9c7f6503b2f5bc74e077520d00f6b25c030b0abc4fc6005fc1385,undefined FUN_1814a43a4(),ghidra,clean,
WHGame.dll,release_1_5_1164953_841,0x14a4440,155,FUN_1814a4440,,,bbf059a1ce838032e7f327daf1b489cf569689d248ec5835d101c1954f778959,undefined FUN_1814a4440(),ghidra,clean,
WHGame.dll,release_1_5_1164953_841,0x14a44dc,240,FUN_1814a44dc,,,bb6ab84f1bf31c056c6cede6dacec3070e401b6b498b0b1b91638315690f81f1,undefined FUN_1814a44dc(),ghidra,clean,
WHGame.dll,release_1_5_1164953_841,0x14a45cc,18,FUN_1814a45cc,,,1cdc881cc163e9c2e93fbbfe79d9edf6b9314ed473980b6881a4fd75845e19b7,undefined FUN_1814a45cc(),ghidra,clean,
WHGame.dll,release_1_5_1164953_841,0x14a45e0,298,FUN_1814a45e0,,,a72a04a84ffbf293d374ca5408c74652c29a4f157552a15cbcdf6ad4cc79d14e,undefined FUN_1814a45e0(),ghidra,clean,
WHGame.dll,release_1_5_1164953_841,0x14a470c,301,FUN_1814a470c,,,eca098da672213731c5a1394ea45f1edc58be158c3c81abe991dc3ea6f87f901,undefined FUN_1814a470c(),ghidra,clean,
WHGame.dll,release_1_5_1164953_841,0x14a4858,194,FUN_1814a4858,,,a43310b940b28f684449e619a18936778be239f3471bac66fbe0f3a6f540f7aa,undefined FUN_1814a4858(),ghidra,clean,
WHGame.dll,release_1_5_1164953_841,0x14a491c,155,FUN_1814a491c,,,1bfa1e3ad7026e73a0e6d60db532a97cd5f62c553c1dc72c47a56d66d79fd07a,undefined FUN_1814a491c(),ghidra,clean,
WHGame.dll,release_1_5_1164953_841,0x14a49b8,291,FUN_1814a49b8,,,f6a8e212d32cec55f0438dc60f6a407cb18a874b8a9117853bd6f36f91c83acd,undefined FUN_1814a49b8(),ghidra,clean,
WHGame.dll,release_1_5_1164953_841,0x14a4adc,130,FUN_1814a4adc,,,709cb9c9e6d8e33b93778fabf8a3680990cea9bd51323826dcc97127e431042e,undefined FUN_1814a4adc(),ghidra,clean,
WHGame.dll,release_1_5_1164953_841,0x14a4b60,5,thunk_FUN_1814a4b68,,,b0d40b133b9394d93820ac0104b0065121d2d73df32c7bfb4e4cf5d805a8b103,undefined thunk_FUN_1814a4b68(),ghidra,clean,
WHGame.dll,release_1_5_1164953_841,0x14a4b68,103,FUN_1814a4b68,,,369262b5c6c2e89da0673a22473aec7d42a24c8f6d42f27cf218e144c35d68b2,undefined FUN_1814a4b68(),ghidra,clean,
WHGame.dll,release_1_5_1164953_841,0x14a4bd0,95,FUN_1814a4bd0,,,360accfaa2817e878537cee075fe80c993e160051428fd10623ffc4ebd6c3ce2,undefined FUN_1814a4bd0(),ghidra,clean,
WHGame.dll,release_1_5_1164953_841,0x14a4c30,201,FUN_1814a4c30,,,03e0b3deb25055f7a5f6db6b5d2c437bb3520abab13594775781079cf2d9712c,undefined FUN_1814a4c30(),ghidra,clean,
WHGame.dll,release_1_5_1164953_841,0x14a4cdc,53,FUN_1814a4cdc,,,cf8b3ca1d30ceddec8c6cfc8a1ed70bb76d66fee2e91b115c01c988258710df4,undefined FUN_1814a4cdc(),ghidra,clean,
WHGame.dll,release_1_5_1164953_841,0x14a4d14,417,FUN_1814a4d14,,,efa543e33a962ae89d224700719db79279326d5451b0dd843b14f99357a1444f,undefined FUN_1814a4d14(),ghidra,clean,
WHGame.dll,release_1_5_1164953_841,0x14a4e34,40,FUN_1814a4e34,,,717326f05be32595073abe34c7827ff712570e262970d42fc0d01fd48eb53e23,undefined FUN_1814a4e34(),ghidra,clean,
WHGame.dll,release_1_5_1164953_841,0x14a4e5c,42,FUN_1814a4e5c,,,6f97c3bd1bd00a09a084bb344725ccc3516a0bce204650818ab3cccfee78b6da,undefined FUN_1814a4e5c(),ghidra,clean,
WHGame.dll,release_1_5_1164953_841,0x14a4e88,46,FUN_1814a4e88,,,3f09f310dc5ff6e75b25b51910ac742adfd995ba921ea64368f4235c2374a7ca,undefined FUN_1814a4e88(),ghidra,clean,
WHGame.dll,release_1_5_1164953_841,0x14a4eb8,26,FUN_1814a4eb8,,,ca7a4c02e5674baadb7bd55faa42a78f8fdd53b481580b739dfe24903144a7d5,undefined FUN_1814a4eb8(),ghidra,clean,
WHGame.dll,release_1_5_1164953_841,0x14a4ed4,190,FUN_1814a4ed4,,,297663d44bbcb08876a31e6e1f3479c173bc81b71311cf34c464b8b2659048c2,undefined FUN_1814a4ed4(),ghidra,clean,
WHGame.dll,release_1_5_1164953_841,0x14a4f94,227,FUN_1814a4f94,,,15c1371f675516e034309380fb078b784aaeb6080b9f43241de0abbc4452360e,undefined FUN_1814a4f94(),ghidra,clean,
WHGame.dll,release_1_5_1164953_841,0x14a5078,180,FUN_1814a5078,,,8c7c897c7a487774c4542b6119f4147dbe19acd79e294d8b9f37876930f2ee88,undefined FUN_1814a5078(),ghidra,clean,
WHGame.dll,release_1_5_1164953_841,0x14a512c,174,FUN_1814a512c,,,bb415bd5bc32e6e6df90f9ef3b841279003d0ed1c2058210d2aa54df0022f926,undefined FUN_1814a512c(),ghidra,clean,
WHGame.dll,release_1_5_1164953_841,0x14a51dc,5,thunk_FUN_1814a51e4,,,b0d40b133b9394d93820ac0104b0065121d2d73df32c7bfb4e4cf5d805a8b103,undefined thunk_FUN_1814a51e4(),ghidra,clean,
WHGame.dll,release_1_5_1164953_841,0x14a51e4,103,FUN_1814a51e4,,,19be5d53560c0179818d356e300b8e7c2c6b7e2ddf4044862db76fdb7910aff2,undefined FUN_1814a51e4(),ghidra,clean,
WHGame.dll,release_1_5_1164953_841,0x14a524c,95,FUN_1814a524c,,,fec54ceb3428a5ad442aefd47ea298bb1ed097b099c51145c50abe3c94a2bc16,undefined FUN_1814a524c(),ghidra,clean,
WHGame.dll,release_1_5_1164953_841,0x14a52ac,216,FUN_1814a52ac,,,14e989fcfbfa1979cd38fc014aaf9377cf66a687be9433707a3d015994460473,undefined FUN_1814a52ac(),ghidra,clean,
WHGame.dll,release_1_5_1164953_841,0x14a5368,53,FUN_1814a5368,,,93c798c06324d802056d851ae6edb9beb9a88cf5d373fe31a30468dbb2d331f6,undefined FUN_1814a5368(),ghidra,clean,
WHGame.dll,release_1_5_1164953_841,0x14a53a0,147,FUN_1814a53a0,,,30561fa238f13e1f005858b8668bc5c3b4cc47499281eed9d260879965798e3c,undefined FUN_1814a53a0(),ghidra,clean,
WHGame.dll,release_1_5_1164953_841,0x14a5434,147,FUN_1814a5434,,,a98c335bed23c583da4d233a0aafe24d075331d923d76a7b6b3acae52a578d0d,undefined FUN_1814a5434(),ghidra,clean,
WHGame.dll,release_1_5_1164953_841,0x14a54c8,147,FUN_1814a54c8,,,e6a6ad9964998eeb97d171a69c7041332d30be99068c0c148954d7ee9716fb3e,undefined FUN_1814a54c8(),ghidra,clean,
WHGame.dll,release_1_5_1164953_841,0x14a555c,147,FUN_1814a555c,,,83c1832a26a2349e9a1103e1f333fe54403d7406a5dc7cc3b1ef684a6552dafb,undefined FUN_1814a555c(),ghidra,clean,
WHGame.dll,release_1_5_1164953_841,0x14a55f0,42,FUN_1814a55f0,,,a7db09a80ffbbeb97ab84347efb45cb5b5aecc1df4a877de8e6b4b0faf86ceee,undefined FUN_1814a55f0(),ghidra,clean,
WHGame.dll,release_1_5_1164953_841,0x14a561c,68,FUN_1814a561c,,,228ad4bf76475e34ae98f4e26d949d8354c075988a0644469be78fe283494b6e,undefined FUN_1814a561c(),ghidra,clean,
WHGame.dll,release_1_5_1164953_841,0x14a5660,417,FUN_1814a5660,,,9aff47bbc9da7ebd4fff2336aa83a1014d148d731a0aa749b333fe3150aea3e0,undefined FUN_1814a5660(),ghidra,clean,
WHGame.dll,release_1_5_1164953_841,0x14a5780,40,FUN_1814a5780,,,af38ea5756433853c2649c388f106d27b990e4615597f905e96730a6d0f7c3e2,undefined FUN_1814a5780(),ghidra,clean,
WHGame.dll,release_1_5_1164953_841,0x14a57a8,42,FUN_1814a57a8,,,f1bd3ddd81bedd98badd5cd6f69e7e1192ae3a402c3635df5fad7c7ec12eeeaa,undefined FUN_1814a57a8(),ghidra,clean,
WHGame.dll,release_1_5_1164953_841,0x14a57d4,328,FUN_1814a57d4,,,867970cbf7b479e642fe53684401bdb96bea08625e3579957b0e5ecd4867e586,undefined FUN_1814a57d4(),ghidra,clean,
WHGame.dll,release_1_5_1164953_841,0x14a5920,100,FUN_1814a5920,,,43119f5143dccf18765b5489df734f2dcde94b3dd581b1943f1330d79d9d2244,undefined FUN_1814a5920(),ghidra,clean,
WHGame.dll,release_1_5_1164953_841,0x14a5984,234,FUN_1814a5984,,,c016192044105a478fe4821adf85fe7c97d6c6719820314dd3e6de0702d6ca22,undefined FUN_1814a5984(),ghidra,clean,
WHGame.dll,release_1_5_1164953_841,0x14a5a70,190,FUN_1814a5a70,,,3e4877314251c8d2a2b92f6b969a87930759420d5b145d68582cd68e0776c574,undefined FUN_1814a5a70(),ghidra,clean,
WHGame.dll,release_1_5_1164953_841,0x14a5b1c,261,FUN_1814a5b1c,,,99421d42ffb113d620d5b17cf9a0611747d410a7a826608889d98cce968c7b27,undefined FUN_1814a5b1c(),ghidra,clean,
WHGame.dll,release_1_5_1164953_841,0x14a5c18,196,FUN_1814a5c18,,,e0482f1c23a6888a42fa7feedd3a38e166b235c582e8d080f6554101da0b26eb,undefined FUN_1814a5c18(),ghidra,clean,
WHGame.dll,release_1_5_1164953_841,0x14a5cdc,190,FUN_1814a5cdc,,,29d3a3b1c5383e1ff17ca02c15613041f39e68256d435238bebc1d53718b7dd0,undefined FUN_1814a5cdc(),ghidra,clean,
WHGame.dll,release_1_5_1164953_841,0x14a5d9c,21,FUN_1814a5d9c,,,9fb4419397515ff0047e585c8f0baf788035eeffaf641e1bd34b5f4c855f8f39,undefined FUN_1814a5d9c(),ghidra,clean,
WHGame.dll,release_1_5_1164953_841,0x14a5db4,124,FUN_1814a5db4,,,0e77b2ab78b263132ad3df97de957a1e14e4b39c9db599f401e0d294d27a0f26,undefined FUN_1814a5db4(),ghidra,clean,
WHGame.dll,release_1_5_1164953_841,0x14a5e30,578,FUN_1814a5e30,,,5aa4bac7ad679ea70146a92b2ee21a3147ea1d56d4bb9c0899d61488d37efcbd,undefined FUN_1814a5e30(),ghidra,clean,
WHGame.dll,release_1_5_1164953_841,0x14a6074,190,FUN_1814a6074,,,493c3506cca1f1f2053274ae1abedabf9a0c757999a5797c09173c9beaaaad31,undefined FUN_1814a6074(),ghidra,clean,
WHGame.dll,release_1_5_1164953_841,0x14a6134,129,FUN_1814a6134,,,57168c1403f30125c35e5bcf8527084934007c9548b41af8eadc964400220f18,undefined FUN_1814a6134(),ghidra,clean,
WHGame.dll,release_1_5_1164953_841,0x14a61b8,78,FUN_1814a61b8,,,3045e0a0af36963cccdcb8c8e2c9ee04f0e4eaaa54e56a49da45229fb4282670,undefined FUN_1814a61b8(),ghidra,clean,
WHGame.dll,release_1_5_1164953_841,0x14a6208,58,FUN_1814a6208,,,46aeb855f09ab070d7ba5d162c441023645a21b2b3f0c6b34cb223342868d2f2,undefined FUN_1814a6208(),ghidra,clean,
WHGame.dll,release_1_5_1164953_841,0x14a6230,318,FUN_1814a6230,,,063459df8cae2c680e367badada2a743c4a5b8290f1b2af22370662f8091b00b,undefined FUN_1814a6230(),ghidra,clean,
WHGame.dll,release_1_5_1164953_841,0x14a6370,171,FUN_1814a6370,,,bb3dfb6e26b9661975fc9cf25362bbfd22601ccff651717ab247f7070005f408,undefined FUN_1814a6370(),ghidra,clean,
WHGame.dll,release_1_5_1164953_841,0x14a641c,11,FUN_1814a641c,,,256dc4f3325842ee5efaf0f4dd5925bcaa5c2db53f8f69342ca30cf96395b1f8,undefined FUN_1814a641c(),ghidra,clean,
WHGame.dll,release_1_5_1164953_841,0x14a6428,158,FUN_1814a6428,,,75f12d55f3da9b41fc23ff0c7175321ed84ed5838e583cfab4cca91292a0533a,undefined FUN_1814a6428(),ghidra,clean,
WHGame.dll,release_1_5_1164953_841,0x14a64c8,53,FUN_1814a64c8,,,295e1ad2578d9026e8a6075fd0426100520d95ccdc2bd237dfd4880927030efd,undefined FUN_1814a64c8(),ghidra,clean,
WHGame.dll,release_1_5_1164953_841,0x14a6500,134,FUN_1814a6500,,,0ba9ec6d83ef1338919d112e8817e46c47c0f50a66b819bfe36b7ff5acaca9e9,undefined FUN_1814a6500(),ghidra,clean,
WHGame.dll,release_1_5_1164953_841,0x14a6588,112,FUN_1814a6588,,,5d7d6c65107cdfbcd1b38a08c83125c4663f6c1e1ab49f1d037219e3911b0910,undefined FUN_1814a6588(),ghidra,clean,
WHGame.dll,release_1_5_1164953_841,0x14a65d8,50,FUN_1814a65d8,,,094b9470a903a41cb4c3997435faf018e82e341c63cc9c30a4d11d597eb82ef9,undefined FUN_1814a65d8(),ghidra,clean,
WHGame.dll,release_1_5_1164953_841,0x14a660c,190,FUN_1814a660c,,,f67e1a43fa18aecccc17b62270cd4b6c0fae9d9d39d0133b43665b606685bcc0,undefined FUN_1814a660c(),ghidra,clean,
WHGame.dll,release_1_5_1164953_841,0x14a66cc,190,FUN_1814a66cc,,,e466434cc229fa2a112c15d19f8b88dee545a7c82e8f28b03991187f6d8aa4c2,undefined FUN_1814a66cc(),ghidra,clean,
WHGame.dll,release_1_5_1164953_841,0x14a678c,294,FUN_1814a678c,,,85e010f1506f2d2e7642802dbfe970cfe8b722828ce3683c36bba34936ea1c97,undefined FUN_1814a678c(),ghidra,clean,
WHGame.dll,release_1_5_1164953_841,0x14a68a4,323,FUN_1814a68a4,,,9db0325ac5c85c263a1f5dec306c2315887564b92002d9ae5ce60c68d25515ce,undefined FUN_1814a68a4(),ghidra,clean,
WHGame.dll,release_1_5_1164953_841,0x14a695c,12,FUN_1814a695c,,,df25e81f039fd1e54fc9cc4d2c570da62c8e164c5763f1582a6f195aff85f16b,undefined FUN_1814a695c(),ghidra,clean,
WHGame.dll,release_1_5_1164953_841,0x14a6984,290,FUN_1814a6984,,,6d0aa11bcd955fba205f8c525b66e6246b3f812dbf373f9ab538c808ba09e976,undefined FUN_1814a6984(),ghidra,clean,
WHGame.dll,release_1_5_1164953_841,0x14a6a8c,752,FUN_1814a6a8c,,,3355073afad37ee4c46ca52494f84dec4bee7de8dfce43c2bdedba9b7146da19,undefined FUN_1814a6a8c(),ghidra,clean,
WHGame.dll,release_1_5_1164953_841,0x14a6d7c,62,FUN_1814a6d7c,,,bc707e67a8eec76c7022409c98fc2cbebe28155e83994b060b6287c4eadd13a6,undefined FUN_1814a6d7c(),ghidra,clean,
WHGame.dll,release_1_5_1164953_841,0x14a6da8,52,FUN_1814a6da8,,,7f93e35f805be44d1af5f5bdb28312136b90be2af843d41b2d8e3d95802109ae,undefined FUN_1814a6da8(),ghidra,clean,
WHGame.dll,release_1_5_1164953_841,0x14a6ddc,190,FUN_1814a6ddc,,,9f86f5d7e06438bb74222783f3e0bf0a55fc8f902544bad6106de8fb3190e333,undefined FUN_1814a6ddc(),ghidra,clean,
WHGame.dll,release_1_5_1164953_841,0x14a6e9c,190,FUN_1814a6e9c,,,8d970185dc072ad9ca60918b009d2e215fc8b4b48cd26d3921264e38da4a729c,undefined FUN_1814a6e9c(),ghidra,clean,
WHGame.dll,release_1_5_1164953_841,0x14a6f5c,27,FUN_1814a6f5c,,,e3fc26470d2719b920f0a1f6dbd199d96b25bde73f1ace3fba1d139670efb6f6,undefined FUN_1814a6f5c(),ghidra,clean,
WHGame.dll,release_1_5_1164953_841,0x14a6f78,121,FUN_1814a6f78,,,62851474455a00bb796040958f5aaefaca7462fb7c828925c471221609983709,undefined FUN_1814a6f78(),ghidra,clean,
WHGame.dll,release_1_5_1164953_841,0x14a6ff4,92,FUN_1814a6ff4,,,a856320dde567a9da116c73ed02da34387a0c97f5a056ec1d788845b1abe7068,undefined FUN_1814a6ff4(),ghidra,clean,
WHGame.dll,release_1_5_1164953_841,0x14a7050,30,FUN_1814a7050,,,7daabcd46d3e5f23473fc9ba178132decf405e9b99b89e0c72c4bbaad42a600c,undefined FUN_1814a7050(),ghidra,clean,
WHGame.dll,release_1_5_1164953_841,0x14a7070,190,FUN_1814a7070,,,c943cd024c5f7f1d89e56f5ea2e99fca08e95bae5ef9b701f6699f1bfae4365d,undefined FUN_1814a7070(),ghidra,clean,
WHGame.dll,release_1_5_1164953_841,0x14a7130,30,FUN_1814a7130,,,ff968ce2b3d5499531daffe04105a168ddcff6c2b50b03f63984882c282f2347,undefined FUN_1814a7130(),ghidra,clean,
WHGame.dll,release_1_5_1164953_841,0x14a7150,155,FUN_1814a7150,,,20f606906e0a43c53b77a363ea732de7f95fabcb318a1afd4b471e7550e51a19,undefined FUN_1814a7150(),ghidra,clean,
WHGame.dll,release_1_5_1164953_841,0x14a71ec,311,FUN_1814a71ec,,,066eb24327b2ef16c1a9d8a82e9110044173c2aa96509a71fdeffdd7479d6c6a,undefined FUN_1814a71ec(),ghidra,clean,
WHGame.dll,release_1_5_1164953_841,0x14a7324,171,FUN_1814a7324,,,2c841c37c50c738191142d5622c83a1d01d2b1362eabdf91508eaa716e55e882,undefined FUN_1814a7324(),ghidra,clean,
WHGame.dll,release_1_5_1164953_841,0x14a73d0,126,FUN_1814a73d0,,,63ce223914a2b461ac00dfecdfbf557e690133c546ca3ddfd5bb62b55efb8050,undefined FUN_1814a73d0(),ghidra,clean,
WHGame.dll,release_1_5_1164953_841,0x14a7450,148,FUN_1814a7450,,,26820d66eb2868a84a18e6e592cb432debc0b78b3ff53ab7099df516fa2d22fc,undefined FUN_1814a7450(),ghidra,clean,
WHGame.dll,release_1_5_1164953_841,0x14a74e4,100,FUN_1814a74e4,,,cc82b21411b7fa82955957a1ea6e69a9c890d90a01321baca4bf919efd9e8759,undefined FUN_1814a74e4(),ghidra,clean,
WHGame.dll,release_1_5_1164953_841,0x14a7530,190,FUN_1814a7530,,,a1679cde86c8e67819f6911fe96bb29a64ff6ae6334b3c5f4586fa0d06a3550d,undefined FUN_1814a7530(),ghidra,clean,
WHGame.dll,release_1_5_1164953_841,0x14a75f0,155,FUN_1814a75f0,,,40cf6c844debc1e854cdded2098a11c5bc2ac188465f3114fdb09a7f317105c2,undefined FUN_1814a75f0(),ghidra,clean,
WHGame.dll,release_1_5_1164953_841,0x14a768c,291,FUN_1814a768c,,,3a43792ba5f8e3b02f947aab0ab1718b601800fb2eff305aea50d2f8de3f2be4,undefined FUN_1814a768c(),ghidra,clean,
WHGame.dll,release_1_5_1164953_841,0x14a77b0,190,FUN_1814a77b0,,,baba86f63687b6581c75b7f9b23c4f38059e11d42a23505da97428967c0bc96a,undefined FUN_1814a77b0(),ghidra,clean,
WHGame.dll,release_1_5_1164953_841,0x14a7870,155,FUN_1814a7870,,,4b52a6c3ded09a8884c18661063cca575515a4e75c4a0599d1651c43a0c6f5b7,undefined FUN_1814a7870(),ghidra,clean,
WHGame.dll,release_1_5_1164953_841,0x14a790c,291,FUN_1814a790c,,,2a9331ede94c10521b3e6b1b6b7220e571f22a8818b1d228e14df947fcbe1ae3,undefined FUN_1814a790c(),ghidra,clean,
WHGame.dll,release_1_5_1164953_841,0x14a7a30,190,FUN_1814a7a30,,,a1b2c8003c1fb4fdb9175c66940b88e64a708545bec9734babfe4c65d07931ce,undefined FUN_1814a7a30(),ghidra,clean,
WHGame.dll,release_1_5_1164953_841,0x14a7af0,155,FUN_1814a7af0,,,4b8f157f7802e75a042322c037e0db98987dd156584549daf585964f28bb6124,undefined FUN_1814a7af0(),ghidra,clean,
WHGame.dll,release_1_5_1164953_841,0x14a7b8c,291,FUN_1814a7b8c,,,6299ccfced78fb7873dafae4645e8f2e379ec03046db4e0bf19f0ebe514aa6b6,undefined FUN_1814a7b8c(),ghidra,clean,
WHGame.dll,release_1_5_1164953_841,0x14a7cb0,190,FUN_1814a7cb0,,,940026c714472093c947c156a99849d90cc8cce2fab0cd44e45aba433c89cb55,undefined FUN_1814a7cb0(),ghidra,clean,
WHGame.dll,release_1_5_1164953_841,0x14a7d70,7,FUN_1814a7d70,,,504fe019d3c720e2d69933f5b25b3c5171aedd016c669c40d596cd320c78f3c1,undefined FUN_1814a7d70(),ghidra,clean,
WHGame.dll,release_1_5_1164953_841,0x14a7d78,190,FUN_1814a7d78,,,9b3a6dcb1eab4d3b3d6678ada0f97c702543027ddee4a56aac6bf0eb6470413c,undefined FUN_1814a7d78(),ghidra,clean,
WHGame.dll,release_1_5_1164953_841,0x14a7e38,163,FUN_1814a7e38,,,7b7c739ed673801c34223fb3523dd2fe5fb82a9b45aa37749442c0246bb2cc1c,undefined FUN_1814a7e38(),ghidra,clean,
WHGame.dll,release_1_5_1164953_841,0x14a7ed4,43,FUN_1814a7ed4,,,0c5c3863f7e4726dc81c09c02b4762ea48df47418bffd716de66a56b195d509c,undefined FUN_1814a7ed4(),ghidra,clean,
WHGame.dll,release_1_5_1164953_841,0x14a7f00,494,FUN_1814a7f00,,,17a0c8ccb0918be0546511ed469876b382984fd3c65cb0dfd3705935a7bfeaca,undefined FUN_1814a7f00(),ghidra,clean,
WHGame.dll,release_1_5_1164953_841,0x14a80f0,131,FUN_1814a80f0,,,96b81f6fa474adccd8b5510d177df740a56bc4167712018162cc7709bcd9a18a,undefined FUN_1814a80f0(),ghidra,clean,
WHGame.dll,release_1_5_1164953_841,0x14a8174,34,FUN_1814a8174,,,a383244043c63e511f6165db39cd0111df26ab715aca4110bd55166201d10e9a,undefined FUN_1814a8174(),ghidra,clean,
WHGame.dll,release_1_5_1164953_841,0x14a8198,190,FUN_1814a8198,,,324378f1405a8de3f377c9f252b82831e8dc8607fdc1dd6bc93bff8f42b7a251,undefined FUN_1814a8198(),ghidra,clean,
WHGame.dll,release_1_5_1164953_841,0x14a8258,190,FUN_1814a8258,,,bf0dcd89b90fd50a48369aa7386dbd21a86fd2eabec691eaa8ca70c464de5ce9,undefined FUN_1814a8258(),ghidra,clean,
WHGame.dll,release_1_5_1164953_841,0x14a8318,5,thunk_FUN_1814a8320,,,b0d40b133b9394d93820ac0104b0065121d2d73df32c7bfb4e4cf5d805a8b103,undefined thunk_FUN_1814a8320(),ghidra,clean,
WHGame.dll,release_1_5_1164953_841,0x14a8320,103,FUN_1814a8320,,,2f14c97be96aa25a06633c55a03d756e603ff8bd5d7c54df72f9282b48b62784,undefined FUN_1814a8320(),ghidra,clean,
WHGame.dll,release_1_5_1164953_841,0x14a8388,211,FUN_1814a8388,,,249bb399314262d3e9eb6547b3c9d8dfb823613459b86091cedebd4b4a501d03,undefined FUN_1814a8388(),ghidra,clean,
WHGame.dll,release_1_5_1164953_841,0x14a8434,173,FUN_1814a8434,,,cf21d1f878334109c12507c57b8580f5fb1c4800f091ea1e3c545db290552251,undefined FUN_1814a8434(),ghidra,clean,
WHGame.dll,release_1_5_1164953_841,0x14a84e4,53,FUN_1814a84e4,,,1c8c684d7b022309797dd66bc0d60c7873a8bf79c4c636ea32fef4a865b069a9,undefined FUN_1814a84e4(),ghidra,clean,
WHGame.dll,release_1_5_1164953_841,0x14a851c,147,FUN_1814a851c,,,b4dbea860f83e1cf78fcd21527cc6d68c143cf046144a4dbbaf5e4cd10584ffc,undefined FUN_1814a851c(),ghidra,clean,
WHGame.dll,release_1_5_1164953_841,0x14a85b0,147,FUN_1814a85b0,,,a844732a795b20a6f43364f8068d76a2b2b731a12595c0c2d221fc149ef0424d,undefined FUN_1814a85b0(),ghidra,clean,
WHGame.dll,release_1_5_1164953_841,0x14a8644,141,FUN_1814a8644,,,2a4ce52b03acc18e1a22f9520b268e1170aa86665ee3d89bed0f48b358ab5fbf,undefined FUN_1814a8644(),ghidra,clean,
WHGame.dll,release_1_5_1164953_841,0x14a86d4,144,FUN_1814a86d4,,,bcdf217b4f696582c6d2baae5feea13b3e07b2f2a714ff4f3f42834b1039735f,undefined FUN_1814a86d4(),ghidra,clean,
WHGame.dll,release_1_5_1164953_841,0x14a8764,42,FUN_1814a8764,,,fe0659311fc8c4cd21833c411caa29822858356651eac33c3d9dc170f046f613,undefined FUN_1814a8764(),ghidra,clean,
WHGame.dll,release_1_5_1164953_841,0x14a8790,68,FUN_1814a8790,,,5659aac788220a601c79263f9383d78b1abb9d6884704647dd5ff29d2560634a,undefined FUN_1814a8790(),ghidra,clean,
WHGame.dll,release_1_5_1164953_841,0x14a87d4,431,FUN_1814a87d4,,,845568a63f94ea626284cd2c5ce96fded6bd35c216353693adf175d3aaad505e,undefined FUN_1814a87d4(),ghidra,clean,
WHGame.dll,release_1_5_1164953_841,0x14a8930,40,FUN_1814a8930,,,82a5234ebb6b9df007f634b6ccc003a6ace32855fb194ba569d2370faa171b80,undefined FUN_1814a8930(),ghidra,clean,
WHGame.dll,release_1_5_1164953_841,0x14a8958,42,FUN_1814a8958,,,84bdc7681f6097f25024b2512b334d546edc8793a736bf43814b29cdd125dcdc,undefined FUN_1814a8958(),ghidra,clean,
WHGame.dll,release_1_5_1164953_841,0x14a8984,328,FUN_1814a8984,,,7e07f04d2bd7da58a65b8fec3d5418db1dbf6d57f6d8ccfe76ddb4997a881eb7,undefined FUN_1814a8984(),ghidra,clean,
WHGame.dll,release_1_5_1164953_841,0x14a8ad0,100,FUN_1814a8ad0,,,ea8a0fe2ad286b31a01a70cee14bcbc08d88981f179cc4e778113fff18a15a5d,undefined FUN_1814a8ad0(),ghidra,clean,
WHGame.dll,release_1_5_1164953_841,0x14a8b34,190,FUN_1814a8b34,,,abd7ed7e0159791500cd7466b17f495545d15db8ea9e41ab523e43e01e837771,undefined FUN_1814a8b34(),ghidra,clean,
WHGame.dll,release_1_5_1164953_841,0x14a8bf4,190,FUN_1814a8bf4,,,e55354be9e19542fcc35395d6648747a2fa1ff2ab4323088d0bbcfe639a1be4b,undefined FUN_1814a8bf4(),ghidra,clean,
WHGame.dll,release_1_5_1164953_841,0x14a8cb4,65,FUN_1814a8cb4,,,49a91d65b3688f538f44c3920683440a55ab9c9a03cb9d81391c051d83e6c899,undefined FUN_1814a8cb4(),ghidra,clean,
WHGame.dll,release_1_5_1164953_841,0x14a8cf8,234,FUN_1814a8cf8,,,0f2d5849ee51fc766c6c063537d9adb73d23e3d30ba3488d7e3b84b36b122d6c,undefined FUN_1814a8cf8(),ghidra,clean,
WHGame.dll,release_1_5_1164953_841,0x14a8de4,207,FUN_1814a8de4,,,ec53f3ea760538d7ad02d4b1ff3cb48e6d24c260e526e9c0412b421dfacbfdbb,undefined FUN_1814a8de4(),ghidra,clean,
WHGame.dll,release_1_5_1164953_841,0x14a8ea4,261,FUN_1814a8ea4,,,e2e83bf28d502ab2b751c76a064e03f5b5362f69106b53f1cb8c6d63c42d8120,undefined FUN_1814a8ea4(),ghidra,clean,
WHGame.dll,release_1_5_1164953_841,0x14a8fa0,196,FUN_1814a8fa0,,,d4f3aa90ad840d56328ff2b2476afff11cbec42c3d7670a8b5ff04d7f44a00b7,undefined FUN_1814a8fa0(),ghidra,clean,
WHGame.dll,release_1_5_1164953_841,0x14a9064,190,FUN_1814a9064,,,60515d31a3a356269a43d16ed7fa70e93dc6fb6e5bb26681131745f051df7108,undefined FUN_1814a9064(),ghidra,clean,
WHGame.dll,release_1_5_1164953_841,0x14a9124,71,FUN_1814a9124,,,7e722b442a72f458ec16e1bc5eccd79501a6de3bbaaedb81710200139b8107d4,undefined FUN_1814a9124(),ghidra,clean,
WHGame.dll,release_1_5_1164953_841,0x14a916c,142,FUN_1814a916c,,,413ca97825be83f640e6c15a35e3c5e202c26c108786951a74b8019273c44f40,undefined FUN_1814a916c(),ghidra,clean,
WHGame.dll,release_1_5_1164953_841,0x14a91fc,5,thunk_FUN_1814a9204,,,b0d40b133b9394d93820ac0104b0065121d2d73df32c7bfb4e4cf5d805a8b103,undefined thunk_FUN_1814a9204(),ghidra,clean,
WHGame.dll,release_1_5_1164953_841,0x14a9204,198,FUN_1814a9204,,,93afa8dd6d8f2776c17daba482c29bf916d11856493aa6f5749555088f305922,undefined FUN_1814a9204(),ghidra,clean,
WHGame.dll,release_1_5_1164953_841,0x14a92c0,5,thunk_FUN_1814a92c8,,,b0d40b133b9394d93820ac0104b0065121d2d73df32c7bfb4e4cf5d805a8b103,undefined thunk_FUN_1814a92c8(),ghidra,clean,
WHGame.dll,release_1_5_1164953_841,0x14a92c8,103,FUN_1814a92c8,,,1eff118c5d700a5c919462e05da609bb6466aead94e5580a06241a4179f4c316,undefined FUN_1814a92c8(),ghidra,clean,
WHGame.dll,release_1_5_1164953_841,0x14a9330,95,FUN_1814a9330,,,384553dfa6a6e86ac9476b585e7680995a64f2f7a20e6b1548d7c6f175bb5461,undefined FUN_1814a9330(),ghidra,clean,
WHGame.dll,release_1_5_1164953_841,0x14a9390,193,FUN_1814a9390,,,7f405d14b86ce861ad91444c5d383481a33737160ba3bb89209952a9f713058f,undefined FUN_1814a9390(),ghidra,clean,
WHGame.dll,release_1_5_1164953_841,0x14a9438,53,FUN_1814a9438,,,b2483c3cea17cb2ddd95fd01cbfb0fb2857811151163bc20032be850952ce7c5,undefined FUN_1814a9438(),ghidra,clean,
WHGame.dll,release_1_5_1164953_841,0x14a9470,431,FUN_1814a9470,,,1cb1175386cb9fac8c56fc5149e34423c82005fb234d805521ebfd7a85e34ca7,undefined FUN_1814a9470(),ghidra,clean,
WHGame.dll,release_1_5_1164953_841,0x14a95cc,40,FUN_1814a95cc,,,7845c184420c487de21619f1af7b747ce6e7d169f849b2a8d5797daa037336ea,undefined FUN_1814a95cc(),ghidra,clean,
WHGame.dll,release_1_5_1164953_841,0x14a95f4,42,FUN_1814a95f4,,,8724731f77c99495b79024ef512c6b0bbe7f9e198563f3e12cc5f00460be2a79,undefined FUN_1814a95f4(),ghidra,clean,
WHGame.dll,release_1_5_1164953_841,0x14a9620,100,FUN_1814a9620,,,8cc01bcc1a45af446e2c4ef06b9ebdedd21ab42c294349a684f3940432481946,undefined FUN_1814a9620(),ghidra,clean,
WHGame.dll,release_1_5_1164953_841,0x14a9684,98,FUN_1814a9684,,,e95da4497cee537c02074bcce3d4a4dc6022910b5b90a3bc875eff96fc3cee79,undefined FUN_1814a9684(),ghidra,clean,
WHGame.dll,release_1_5_1164953_841,0x14a96e8,190,FUN_1814a96e8,,,f31f850aba7ef8bdfb171f596fdec986c3eca73923c88d7bd6151e8c4414721a,undefined FUN_1814a96e8(),ghidra,clean,
WHGame.dll,release_1_5_1164953_841,0x14a97a8,190,FUN_1814a97a8,,,6eb38381dbfc70b6e3dde7c270009edfa6972befd61f3c5b09292901e2f56e2a,undefined FUN_1814a97a8(),ghidra,clean,
WHGame.dll,release_1_5_1164953_841,0x14a9868,30,FUN_1814a9868,,,e6459fcd0b232a7463c2c4746018d9c76dc666e8381bae6f04eb2c56213aa390,undefined FUN_1814a9868(),ghidra,clean,
WHGame.dll,release_1_5_1164953_841,0x14a9888,190,FUN_1814a9888,,,2bfc6cc8b26a32ddf7189beb1d89e5f6ca95750fe3c50c526f58fa17ba53d032,undefined FUN_1814a9888(),ghidra,clean,
WHGame.dll,release_1_5_1164953_841,0x14a9948,214,FUN_1814a9948,,,79352766b3af60ac0a0b7fd452084fa8ea65cf317b3e144ad6251547949b6bcc,undefined FUN_1814a9948(),ghidra,clean,
WHGame.dll,release_1_5_1164953_841,0x14a9a20,190,FUN_1814a9a20,,,bd43a2a5a7017487857e3222e87d424cef4b4389b523c8b6ce78f4855014c32e,undefined FUN_1814a9a20(),ghidra,clean,
WHGame.dll,release_1_5_1164953_841,0x14a9ae0,204,FUN_1814a9ae0,,,1e31b0d466b1c72e4711ae536861bf2949e107ae827afcb28b2fac5f265eea1b,undefined FUN_1814a9ae0(),ghidra,clean,
WHGame.dll,release_1_5_1164953_841,0x14a9b8c,204,FUN_1814a9b8c,,,01def3b48c325a408491e58d4bb74cf93f50070e1afd2a5631a489eb4b8b841d,undefined FUN_1814a9b8c(),ghidra,clean,
WHGame.dll,release_1_5_1164953_841,0x14a9c38,204,FUN_1814a9c38,,,e2540fc5c3d8e134861f01c8baa591fcc087ff8f584ee7f90ef8601abdfaf348,undefined FUN_1814a9c38(),ghidra,clean,
WHGame.dll,release_1_5_1164953_841,0x14a9ce4,204,FUN_1814a9ce4,,,10c2a4462bb240fedcd04bc3650a9f6cdd69c903ce79b5909530bd0e9348da6c,undefined FUN_1814a9ce4(),ghidra,clean,
WHGame.dll,release_1_5_1164953_841,0x14a9d90,204,FUN_1814a9d90,,,140b7335367822923921361eb8520518cb6f31f7b6f59af9c1a893796996db45,undefined FUN_1814a9d90(),ghidra,clean,
WHGame.dll,release_1_5_1164953_841,0x14a9e3c,200,FUN_1814a9e3c,,,f21b5f5366a5d08dcd2b51208425e05b90cebaed6ac007fd74e2d9ab8ab956bb,undefined FUN_1814a9e3c(),ghidra,clean,
WHGame.dll,release_1_5_1164953_841,0x14a9ee4,26,FUN_1814a9ee4,,,3f3d0084dfb72970d5c427d1a1e213a029aba0f647607d52661ba8678ef02bb9,undefined FUN_1814a9ee4(),ghidra,clean,
WHGame.dll,release_1_5_1164953_841,0x14a9f00,151,FUN_1814a9f00,,,3b91f68ba86b2ad218a027c6bad0fb5fa404724a63839083b39e071a2256dc45,undefined FUN_1814a9f00(),ghidra,clean,
WHGame.dll,release_1_5_1164953_841,0x14a9f98,151,FUN_1814a9f98,,,df606f08b5b534e209e35ecd20064ae0823077c930f7ac882a503958f7ceda36,undefined FUN_1814a9f98(),ghidra,clean,
WHGame.dll,release_1_5_1164953_841,0x14aa030,151,FUN_1814aa030,,,3369b068f0362d39fd0fd5c610f215d6677d7e754c4d1c07350427d1f7b63325,undefined FUN_1814aa030(),ghidra,clean,
WHGame.dll,release_1_5_1164953_841,0x14aa0c8,151,FUN_1814aa0c8,,,9012d8cf508f468ef7f20310c5984b57129bfca7a6b025a3cd0409b8c4000d57,undefined FUN_1814aa0c8(),ghidra,clean,
WHGame.dll,release_1_5_1164953_841,0x14aa160,151,FUN_1814aa160,,,a70c59973d8a0756e5d2941653eec636a711c8dab1947330df73a4a6daebda9f,undefined FUN_1814aa160(),ghidra,clean,
WHGame.dll,release_1_5_1164953_841,0x14aa1f8,151,FUN_1814aa1f8,,,cd364cbc7437d4ac777def69f1845f0cd88bfc37d8326e1c0bd1ac90ef275866,undefined FUN_1814aa1f8(),ghidra,clean,
WHGame.dll,release_1_5_1164953_841,0x14aa290,949,FUN_1814aa290,,,554c87a8f4a5eb18f70336f0d5315af7ffce91e7178e8c0b188d0180f22254b4,undefined FUN_1814aa290(),ghidra,clean,
WHGame.dll,release_1_5_1164953_841,0x14aa648,23,FUN_1814aa648,,,4a2215c3e820937481093c41c3a2c4fdd1b034767afb06c5e8afd475b2e2dc6a,undefined FUN_1814aa648(),ghidra,clean,
WHGame.dll,release_1_5_1164953_841,0x14aa660,155,FUN_1814aa660,,,6b1c83ead57226c89965d84831cef8fa76cbcb454d130cccaae118cb7dfcb66d,undefined FUN_1814aa660(),ghidra,clean,
WHGame.dll,release_1_5_1164953_841,0x14aa6fc,304,FUN_1814aa6fc,,,310039236476737c4ebaa8309283125c52c4f91e66bfe57a8c4b0e0383c87be5,undefined FUN_1814aa6fc(),ghidra,clean,
WHGame.dll,release_1_5_1164953_841,0x14aa82c,155,FUN_1814aa82c,,,d3197e8bf80314fe72bc7f203986be9bdff7c31b3a2f2503cbe03a58b3ba85ca,undefined FUN_1814aa82c(),ghidra,clean,
WHGame.dll,release_1_5_1164953_841,0x14aa8c8,298,FUN_1814aa8c8,,,1d7697b6557dabe072d40fb1ac0f67d6436604a3334956ea92e63164fb418971,undefined FUN_1814aa8c8(),ghidra,clean,
WHGame.dll,release_1_5_1164953_841,0x14aa9f4,151,FUN_1814aa9f4,,,9aabb1033c5cb3d16d06256a92d81f4b29b83c7126c1ec967fcc950843507bbd,undefined FUN_1814aa9f4(),ghidra,clean,
WHGame.dll,release_1_5_1164953_841,0x14aaa8c,151,FUN_1814aaa8c,,,e9fb7e9ba67ca136d040c9a0719549b5476a21060c827ca6227fe0c0b3219e38,undefined FUN_1814aaa8c(),ghidra,clean,
WHGame.dll,release_1_5_1164953_841,0x14aab24,151,FUN_1814aab24,,,949512e506df42f543e6344e29cf6884d17730ac1fb9287c590f36c8b698cdb8,undefined FUN_1814aab24(),ghidra,clean,
WHGame.dll,release_1_5_1164953_841,0x14aabbc,151,FUN_1814aabbc,,,e352dea1e4c447d1921e1b3580502934a4013292b1dc03e32d082cfa63fab48d,undefined FUN_1814aabbc(),ghidra,clean,
WHGame.dll,release_1_5_1164953_841,0x14aac54,26,FUN_1814aac54,,,ab65d70f09fb65a36bda9ba02566544daf4b439ef19ee4cdfc95292bddcc184a,undefined FUN_1814aac54(),ghidra,clean,
WHGame.dll,release_1_5_1164953_841,0x14aac70,151,FUN_1814aac70,,,d863a06f68297aaa918e89df9c64d00530ed53cff997c9c219743ad25738c0e7,undefined FUN_1814aac70(),ghidra,clean,
WHGame.dll,release_1_5_1164953_841,0x14aad08,155,FUN_1814aad08,,,e410a312cf6525022f563bf09862039d5b20a81b654fd735312873545bf00d78,undefined FUN_1814aad08(),ghidra,clean,
WHGame.dll,release_1_5_1164953_841,0x14aada4,304,FUN_1814aada4,,,63ce1c45ec8487a2b05e0b772ba1d078c59cfcf3641d10a316680b1e954c51a2,undefined FUN_1814aada4(),ghidra,clean,
WHGame.dll,release_1_5_1164953_841,0x14aaed4,155,FUN_1814aaed4,,,32996749214ce75f9c36ded59d03616ab21b5fdcf0509150e26d0d01cc46a4ce,undefined FUN_1814aaed4(),ghidra,clean,
WHGame.dll,release_1_5_1164953_841,0x14aaf70,298,FUN_1814aaf70,,,9c9b3b9314f3a90bd29d0c2956ddb7f52f6a8338479ee611da26220a98666b94,undefined FUN_1814aaf70(),ghidra,clean,
WHGame.dll,release_1_5_1164953_841,0x14ab09c,171,FUN_1814ab09c,,,b127a4631788cff7c97067a916c334b1956c3c59765d6c3b95c1dc3055a70240,undefined FUN_1814ab09c(),ghidra,clean,
WHGame.dll,release_1_5_1164953_841,0x14ab148,190,FUN_1814ab148,,,7a1dba1fd7c56f55cf1ea0d3e631296d0a3eaa2d25bbf73f91de57efce5cd444,undefined FUN_1814ab148(),ghidra,clean,
WHGame.dll,release_1_5_1164953_841,0x14ab208,194,FUN_1814ab208,,,de48db6c2f6427168f3a7ba5229e889a6c31a794172395f9e32ef1479c7a9213,undefined FUN_1814ab208(),ghidra,clean,
WHGame.dll,release_1_5_1164953_841,0x14ab2cc,155,FUN_1814ab2cc,,,97f93e4f3af69124c84db16cbc5c81512b4b701d319dd7564d520be981cf26cd,undefined FUN_1814ab2cc(),ghidra,clean,
WHGame.dll,release_1_5_1164953_841,0x14ab368,291,FUN_1814ab368,,,1e623b3b495d3580a6730b2d99ed179bd41c0ac01bf5e0d7b8b28cae86e88855,undefined FUN_1814ab368(),ghidra,clean,
WHGame.dll,release_1_5_1164953_841,0x14ab48c,190,FUN_1814ab48c,,,66dbea1d7f0d33df8c270562499519d9c4735cfc927cb695dec257f79894e25d,undefined FUN_1814ab48c(),ghidra,clean,
WHGame.dll,release_1_5_1164953_841,0x14ab54c,190,FUN_1814ab54c,,,642f6b01b3e8ef702e75474c708f6bf1c18daeb89015dd583294686027b60cb8,undefined FUN_1814ab54c(),ghidra,clean,
WHGame.dll,release_1_5_1164953_841,0x14ab60c,190,FUN_1814ab60c,,,ae26b7ca1172908305e0868cce63023804af61f685a90ca76bde3b4fd8a5f85f,undefined FUN_1814ab60c(),ghidra,clean,
WHGame.dll,release_1_5_1164953_841,0x14ab6cc,102,FUN_1814ab6cc,,,e61329d960983d49b37a26662e107666a303ae7ec0d4bd0bb3d436d61dd79155,undefined FUN_1814ab6cc(),ghidra,clean,
WHGame.dll,release_1_5_1164953_841,0x14ab734,190,FUN_1814ab734,,,0bc0a776d35469cf6fb01aea604a65cc80ea9057061dc2f67052e5f7f18cd632,undefined FUN_1814ab734(),ghidra,clean,
WHGame.dll,release_1_5_1164953_841,0x14ab7f4,180,FUN_1814ab7f4,,,0e98da0e6f81dcc285c3dcd86a697b22e28bf2aed2e1dfd700fdaa9e19747af2,undefined FUN_1814ab7f4(),ghidra,clean,
WHGame.dll,release_1_5_1164953_841,0x14ab8a8,32,FUN_1814ab8a8,,,8fde8d1df7a62ebaa1c982a361618632241989893cba8e6391efe27333650f2f,undefined FUN_1814ab8a8(),ghidra,clean,
WHGame.dll,release_1_5_1164953_841,0x14ab8c8,190,FUN_1814ab8c8,,,62bd3f6d41e73c9d5c870aae26a56dee1ba4c5234282b61742d4313d52cf6ec6,undefined FUN_1814ab8c8(),ghidra,clean,
WHGame.dll,release_1_5_1164953_841,0x14ab988,39,FUN_1814ab988,,,1baffe82582327d08dd064cf3ba5f6d6c2dabbe95ab9dc61dd6ac3d622a6b800,undefined FUN_1814ab988(),ghidra,clean,
WHGame.dll,release_1_5_1164953_841,0x14ab9b0,190,FUN_1814ab9b0,,,edc3991929758e4f761d056b170a4419de8e8bcf07accd22a6894e71fe47bb9d,undefined FUN_1814ab9b0(),ghidra,clean,
WHGame.dll,release_1_5_1164953_841,0x14aba70,190,FUN_1814aba70,,,6a053901259abb64471f1d4bacc8b721e96138b1f2e370e6abe63522978899ca,undefined FUN_1814aba70(),ghidra,clean,
WHGame.dll,release_1_5_1164953_841,0x14abb30,204,FUN_1814abb30,,,2b12f290a81769657458d491352fe1288b1a197c9146e755e90eaea24a818755,undefined FUN_1814abb30(),ghidra,clean,
WHGame.dll,release_1_5_1164953_841,0x14abbdc,204,FUN_1814abbdc,,,c9f5ce7ed921aab31af6cb9da863c5269fc62cd05538b531c537f0d3fd50d955,undefined FUN_1814abbdc(),ghidra,clean,
WHGame.dll,release_1_5_1164953_841,0x14abc88,204,FUN_1814abc88,,,d8430062d2049939ec48e790538c1ae8ba5a76bd81caa3df1e855e1e172243e1,undefined FUN_1814abc88(),ghidra,clean,
WHGame.dll,release_1_5_1164953_841,0x14abd34,200,FUN_1814abd34,,,46bccd050d363e1ff1217a457642f2157274582d9ce7b206effe9f82e5e15369,undefined FUN_1814abd34(),ghidra,clean,
WHGame.dll,release_1_5_1164953_841,0x14abddc,26,FUN_1814abddc,,,487caffa1ae04ae7d65cfe69ac760954815a552df58a9d6fca1dcca7800ad982,undefined FUN_1814abddc(),ghidra,clean,
WHGame.dll,release_1_5_1164953_841,0x14abdf8,151,FUN_1814abdf8,,,bf2166df67db67ad9b0934609b68d8e53efe4eccf042a3f615b3f9ab0421e97a,undefined FUN_1814abdf8(),ghidra,clean,
WHGame.dll,release_1_5_1164953_841,0x14abe90,151,FUN_1814abe90,,,4a065d0fd88fd09d4ca31cce6e8b13010bf9bc811e22cbea83d7b0e517d0ceae,undefined FUN_1814abe90(),ghidra,clean,
WHGame.dll,release_1_5_1164953_841,0x14abf28,151,FUN_1814abf28,,,0ce49dc99836a1a099c5f12ffee2176adf3eaf7d02b5fbc3e6828e612ad5db41,undefined FUN_1814abf28(),ghidra,clean,
WHGame.dll,release_1_5_1164953_841,0x14abfc0,151,FUN_1814abfc0,,,6e53605c91c2a66ea75cb2bb2c1a5110ee1aacd22932cb8046c2b096847c87ab,undefined FUN_1814abfc0(),ghidra,clean,
WHGame.dll,release_1_5_1164953_841,0x14ac058,1131,FUN_1814ac058,,,d9e43ef0c005a02f31b77e92c1aa215f39ada6580ce6fb1eca9d63fecbd8e64e,undefined FUN_1814ac058(),ghidra,clean,
WHGame.dll,release_1_5_1164953_841,0x14ac4c4,155,FUN_1814ac4c4,,,2315efad3127aa600101f0d591071769c8009d2c4e879d41a2c2a0cf05275e13,undefined FUN_1814ac4c4(),ghidra,clean,
WHGame.dll,release_1_5_1164953_841,0x14ac560,304,FUN_1814ac560,,,33e85c67d0a934c666dd04d321a7211cd4cdb0860128a2767848b26c7293df21,undefined FUN_1814ac560(),ghidra,clean,
WHGame.dll,release_1_5_1164953_841,0x14ac690,155,FUN_1814ac690,,,ecddcaaf96d524fa49b2a2d3c9a9a5d01ef14c182e6b7dc044030e631eb4790d,undefined FUN_1814ac690(),ghidra,clean,
WHGame.dll,release_1_5_1164953_841,0x14ac72c,298,FUN_1814ac72c,,,4b46ad64ff453fa867b87505cd2a9363b79eebd47ac33f05170ae4c0ae80e8a1,undefined FUN_1814ac72c(),ghidra,clean,
WHGame.dll,release_1_5_1164953_841,0x14ac858,151,FUN_1814ac858,,,7ed0298ebbddb7c3546519702d72fd859d219cf48a35b2c3e25223a08b73e4a8,undefined FUN_1814ac858(),ghidra,clean,
WHGame.dll,release_1_5_1164953_841,0x14ac8f0,151,FUN_1814ac8f0,,,8a87e67bac69b0690afee41f6b35eab8e8cee3f5cba30234c408629b8271eb54,undefined FUN_1814ac8f0(),ghidra,clean,
WHGame.dll,release_1_5_1164953_841,0x14ac988,151,FUN_1814ac988,,,4513cd47065ad8e1b057f67d1c772308fdce0023fb8a96d53f78393ca24125c3,undefined FUN_1814ac988(),ghidra,clean,
WHGame.dll,release_1_5_1164953_841,0x14aca20,151,FUN_1814aca20,,,43db718213631f02d7ffd88dc2e1c0e22d21796cf0d03a0b5f8b4a483d64b320,undefined FUN_1814aca20(),ghidra,clean,
WHGame.dll,release_1_5_1164953_841,0x14acab8,155,FUN_1814acab8,,,63f9ec0f4d0c488f4c2ddb3148f9f0faf39763847281955226218104246273e3,undefined FUN_1814acab8(),ghidra,clean,
WHGame.dll,release_1_5_1164953_841,0x14acb54,291,FUN_1814acb54,,,346fb1c5d1791271abac8cb04cd19bac2ca0579c98f78725eb963e31452cbfa2,undefined FUN_1814acb54(),ghidra,clean,
WHGame.dll,release_1_5_1164953_841,0x14acc78,156,FUN_1814acc78,,,363544d103a900d762500e2fba5a6ef561b7134af8154b574b31b355851c7bf9,undefined FUN_1814acc78(),ghidra,clean,
WHGame.dll,release_1_5_1164953_841,0x14acd14,53,FUN_1814acd14,,,eb530fcfa685961ad05681fda50087fcc6ef00c764a13181e21cd39e9d53aca8,undefined FUN_1814acd14(),ghidra,clean,
WHGame.dll,release_1_5_1164953_841,0x14acd4c,190,FUN_1814acd4c,,,b25f174377aab7bf9da4398b94710f27fd180bfae9d7129ed00156ab505e940c,undefined FUN_1814acd4c(),ghidra,clean,
WHGame.dll,release_1_5_1164953_841,0x14ace0c,155,FUN_1814ace0c,,,24967dc83b012a69bf55f5e2fd42632c37a918d98ab37c579481d2e52e44ad7c,undefined FUN_1814ace0c(),ghidra,clean,
WHGame.dll,release_1_5_1164953_841,0x14acea8,291,FUN_1814acea8,,,e9218381bbb5eda459e6abee132a7cb139bd1485071ee7a77dd85e4946d51c77,undefined FUN_1814acea8(),ghidra,clean,
WHGame.dll,release_1_5_1164953_841,0x14acfcc,84,FUN_1814acfcc,,,138d26ff6f6b5caf94f46dff6e4cae19a0a000c8a8191361677fe66d91875506,undefined FUN_1814acfcc(),ghidra,clean,
WHGame.dll,release_1_5_1164953_841,0x14ad020,72,FUN_1814ad020,,,e20207f386f8bde1215030e4710f3f719c0a36b253dcb51c53b6ca745b6b155d,undefined FUN_1814ad020(),ghidra,clean,
WHGame.dll,release_1_5_1164953_841,0x14ad068,61,FUN_1814ad068,,,7b7d446d11bf10991acf3be65f36e6b762bf3ed64cce5eecf7a6947d2042d7c7,undefined FUN_1814ad068(),ghidra,clean,
WHGame.dll,release_1_5_1164953_841,0x14ad0a8,412,FUN_1814ad0a8,,,7d39d27fa42b5190400c22f92a261e451ec3654b808a95b234f423aaff6108c4,undefined FUN_1814ad0a8(),ghidra,clean,
WHGame.dll,release_1_5_1164953_841,0x14ad244,5,thunk_FUN_1814ad24c,,,b0d40b133b9394d93820ac0104b0065121d2d73df32c7bfb4e4cf5d805a8b103,undefined thunk_FUN_1814ad24c(),ghidra,clean,
WHGame.dll,release_1_5_1164953_841,0x14ad24c,103,FUN_1814ad24c,,,281c49c2ac0eb677f716d531b12390c39b4edae720df1c5837d476bd9f4d708b,undefined FUN_1814ad24c(),ghidra,clean,
WHGame.dll,release_1_5_1164953_841,0x14ad2b4,158,FUN_1814ad2b4,,,bee63761a7cbf86633053921fa5bf455052132cba89f4bd97237506d569ace4b,undefined FUN_1814ad2b4(),ghidra,clean,
WHGame.dll,release_1_5_1164953_841,0x14ad2f4,190,FUN_1814ad2f4,,,11166db5437022a904d80aa5e25c1d951825c5a2157201383728390e016fce8c,undefined FUN_1814ad2f4(),ghidra,clean,
WHGame.dll,release_1_5_1164953_841,0x14ad3b4,26,FUN_1814ad3b4,,,819234953c91d716a341edb10dcca2267107efa13f78881bbca64f4a7a11eeca,undefined FUN_1814ad3b4(),ghidra,clean,
WHGame.dll,release_1_5_1164953_841,0x14ad3d0,155,FUN_1814ad3d0,,,e8d282645e2bbdde5002300a3eb307bde8e13d738a986dee4b7935c82d801da8,undefined FUN_1814ad3d0(),ghidra,clean,
WHGame.dll,release_1_5_1164953_841,0x14ad46c,304,FUN_1814ad46c,,,f328e9fff744749e269aef90bca8f56742b4d9110c02e918e3d03a7b30889a11,undefined FUN_1814ad46c(),ghidra,clean,
WHGame.dll,release_1_5_1164953_841,0x14ad59c,335,FUN_1814ad59c,,,f2cff12c6c2f53f55a0d5c8dc44b45b0b99a24ae739865e72543b39b8a42f90f,undefined FUN_1814ad59c(),ghidra,clean,
WHGame.dll,release_1_5_1164953_841,0x14ad68a,8,FUN_1814ad68a,,,d584cb1a2afef309eb33a9b90753d6c9a99b0c481366318ccddcba175a3b8c54,undefined FUN_1814ad68a(),ghidra,clean,
WHGame.dll,release_1_5_1164953_841,0x14ad69c,155,FUN_1814ad69c,,,b81c64cb7942585b35d16b46aa1f4ed7c7756df2c93ec7228420b7280f0b6603,undefined FUN_1814ad69c(),ghidra,clean,
WHGame.dll,release_1_5_1164953_841,0x14ad738,155,FUN_1814ad738,,,ff858674085e72075b7e90f8cd722f3efdde04bfc99cb8efb838e5cdb5e8e7c4,undefined FUN_1814ad738(),ghidra,clean,
WHGame.dll,release_1_5_1164953_841,0x14ad7d4,155,FUN_1814ad7d4,,,b3672632b64d0aa3736e16af3af656488a2e2f5be02c39eaf5d34aa65fad980e,undefined FUN_1814ad7d4(),ghidra,clean,
WHGame.dll,release_1_5_1164953_841,0x14ad870,240,FUN_1814ad870,,,a48f72b67e944e5cbf5542b0a51c3339dc189e635bb8e43fdbd16da433b4b98d,undefined FUN_1814ad870(),ghidra,clean,
WHGame.dll,release_1_5_1164953_841,0x14ad960,18,FUN_1814ad960,,,5e3183a6b733c68ceca57dd36cccdcc90383f737444ea72af4b3ea45cbc385f2,undefined FUN_1814ad960(),ghidra,clean,
WHGame.dll,release_1_5_1164953_841,0x14ad974,298,FUN_1814ad974,,,f534ddb7dcc93bf0e60179d54e069516e5b9f16d5587a8db8d7fefe6425dbf72,undefined FUN_1814ad974(),ghidra,clean,
WHGame.dll,release_1_5_1164953_841,0x14adaa0,301,FUN_1814adaa0,,,aa4a11659499171b29a7f8566de5ae42b1a2c0cb47fc602ee4f55fa49abce06f,undefined FUN_1814adaa0(),ghidra,clean,
WHGame.dll,release_1_5_1164953_841,0x14adbd0,745,FUN_1814adbd0,,,50c22aaf96b0bf39a468944b8fef794e8574d1f8c545a6346eaa0f746dbc5e75,undefined FUN_1814adbd0(),ghidra,clean,
WHGame.dll,release_1_5_1164953_841,0x14add38,83,FUN_1814add38,,,32625754fcc63da4ebec41c5d869f8688d2d838e2f802c4975c5506d2d51e8ee,undefined FUN_1814add38(),ghidra,clean,
WHGame.dll,release_1_5_1164953_841,0x14add8c,7,FUN_1814add8c,,,774b97ab0f4962ad10290d2ef8d8f85822d124972f51633cb6486a06bcce26bb,undefined FUN_1814add8c(),ghidra,clean,
WHGame.dll,release_1_5_1164953_841,0x14add94,158,FUN_1814add94,,,6b1b467971848389ddc69d12c5a1ff688da0c2fb0d37753b9a5919ac346c26fd,undefined FUN_1814add94(),ghidra,clean,
WHGame.dll,release_1_5_1164953_841,0x14ade18,62,FUN_1814ade18,,,25b0538bcdf017c6ae3f4f27d85186be861c21dddc985df806e97e2027374b78,undefined FUN_1814ade18(),ghidra,clean,
WHGame.dll,release_1_5_1164953_841,0x14ade44,52,FUN_1814ade44,,,f1ea42f974af4340ad8fa3f4b3ff112a6bd4c610e5eac65c444d8cfd220211e6,undefined FUN_1814ade44(),ghidra,clean,
WHGame.dll,release_1_5_1164953_841,0x14ade78,11,FUN_1814ade78,,,426adf993570426f844623ed6f14f92344aff4fbf4aed6d3b545be2b4a644c4a,undefined FUN_1814ade78(),ghidra,clean,
WHGame.dll,release_1_5_1164953_841,0x14ade84,190,FUN_1814ade84,,,72dc7143f2ca95619d3092b36c0e5b89161087f865aff978443462bd8d01aac8,undefined FUN_1814ade84(),ghidra,clean,
WHGame.dll,release_1_5_1164953_841,0x14adf44,26,FUN_1814adf44,,,ec77bfd6f7b57f669f790914e58577259dfe9e0f3f4868c571c1b3f1c66e7301,undefined FUN_1814adf44(),ghidra,clean,
WHGame.dll,release_1_5_1164953_841,0x14adf60,277,FUN_1814adf60,,,8262ce92bf6f689ac0be22ff4619d9048f36cdf9404f2559f1979defa64513df,undefined FUN_1814adf60(),ghidra,clean,
WHGame.dll,release_1_5_1164953_841,0x14ae078,38,FUN_1814ae078,,,9c4de7ec295ca7dc667acc65bb2fcfe38b160cfa447a658347efad1e0e6277c9,undefined FUN_1814ae078(),ghidra,clean,
WHGame.dll,release_1_5_1164953_841,0x14ae0a0,43,FUN_1814ae0a0,,,e5f8d85575fd5ddf12045ada90a87e1bd996650202e077ea190db727e18d5e68,undefined FUN_1814ae0a0(),ghidra,clean,
WHGame.dll,release_1_5_1164953_841,0x14ae0cc,104,FUN_1814ae0cc,,,055ba2c2f9b7e7ebbc38a0e3f1bb1db1c94a97398db513126956eac2bb20cb13,undefined FUN_1814ae0cc(),ghidra,clean,
WHGame.dll,release_1_5_1164953_841,0x14ae134,204,FUN_1814ae134,,,92ebee8e77a29dbb03bf76db61bf77dd99dc3f8854644ecfdc8724ba5a245d80,undefined FUN_1814ae134(),ghidra,clean,
WHGame.dll,release_1_5_1164953_841,0x14ae1e0,204,FUN_1814ae1e0,,,dec0d3f2a39bad9cf44e46c8366a6cc28f352795adc64c82c49b270ecac75345,undefined FUN_1814ae1e0(),ghidra,clean,
WHGame.dll,release_1_5_1164953_841,0x14ae28c,376,FUN_1814ae28c,,,12cb3fb25b91b79376d049d296747cf635b04e903b1823d88797cb6c90f7bca9,undefined FUN_1814ae28c(),ghidra,clean,
WHGame.dll,release_1_5_1164953_841,0x14ae3c0,26,FUN_1814ae3c0,,,9f58c383b7b66b6ec4baec45b8c1635d5fc231296c1c510120efc7865966156c,undefined FUN_1814ae3c0(),ghidra,clean,
WHGame.dll,release_1_5_1164953_841,0x14ae3dc,151,FUN_1814ae3dc,,,c43c5cb3682470b377d2e226120c01aa534a9ba5955971b70260e455771a45ab,undefined FUN_1814ae3dc(),ghidra,clean,
WHGame.dll,release_1_5_1164953_841,0x14ae474,151,FUN_1814ae474,,,9b7684473bdb42a38da17ef21cebec7ae4dd432a81ee6182814dd1073c1e48f9,undefined FUN_1814ae474(),ghidra,clean,
WHGame.dll,release_1_5_1164953_841,0x14ae50c,151,FUN_1814ae50c,,,33faceebbd5f6de31d9effd75486e66e7d72a986fdb48dbc0d0fb152e00ee5fd,undefined FUN_1814ae50c(),ghidra,clean,
WHGame.dll,release_1_5_1164953_841,0x14ae5a4,151,FUN_1814ae5a4,,,b299aa28f459af76141f4f869162ba952e284633a624691f1a1790aafcead313,undefined FUN_1814ae5a4(),ghidra,clean,
WHGame.dll,release_1_5_1164953_841,0x14ae63c,949,FUN_1814ae63c,,,af6770858714fe28d5b0412f688608aac574347cedc3620ce5fa5e32ddc9a8bc,undefined FUN_1814ae63c(),ghidra,clean,
WHGame.dll,release_1_5_1164953_841,0x14ae9f4,23,FUN_1814ae9f4,,,4a2215c3e820937481093c41c3a2c4fdd1b034767afb06c5e8afd475b2e2dc6a,undefined FUN_1814ae9f4(),ghidra,clean,
WHGame.dll,release_1_5_1164953_841,0x14aea0c,155,FUN_1814aea0c,,,d5379ab8070cd6c0a6b2e3516c36e0eed490e3147e8897b63676427540995871,undefined FUN_1814aea0c(),ghidra,clean,
WHGame.dll,release_1_5_1164953_841,0x14aeaa8,314,FUN_1814aeaa8,,,289b817894998d602f3b55322c9ee7a8675b233f08a2afc4f719afbb6d225bc4,undefined FUN_1814aeaa8(),ghidra,clean,
WHGame.dll,release_1_5_1164953_841,0x14aebe4,151,FUN_1814aebe4,,,a5578311c5b185fffd1e6aef491325def6b696126d07f97e5a93d391d1ea8c5b,undefined FUN_1814aebe4(),ghidra,clean,
WHGame.dll,release_1_5_1164953_841,0x14aec7c,151,FUN_1814aec7c,,,0747fd4ceca89c21161d156ca450706029e106e00a0c20a38df17c91e9ad9ed7,undefined FUN_1814aec7c(),ghidra,clean,
WHGame.dll,release_1_5_1164953_841,0x14aed14,26,FUN_1814aed14,,,ab65d70f09fb65a36bda9ba02566544daf4b439ef19ee4cdfc95292bddcc184a,undefined FUN_1814aed14(),ghidra,clean,
WHGame.dll,release_1_5_1164953_841,0x14aed30,151,FUN_1814aed30,,,0c41d2f16393912920857113102c9c3497493e08d611e72b79c14cf9d9365306,undefined FUN_1814aed30(),ghidra,clean,
WHGame.dll,release_1_5_1164953_841,0x14aedc8,155,FUN_1814aedc8,,,e37f8672e2c223d2a546b7603b509c32f07972e7a90fcdf92d99bdbcf1f67510,undefined FUN_1814aedc8(),ghidra,clean,
WHGame.dll,release_1_5_1164953_841,0x14aee64,314,FUN_1814aee64,,,d92589b563d96351b133398a332747f8aa203b8f7666b9d5bdcfbaaa5f585797,undefined FUN_1814aee64(),ghidra,clean,
WHGame.dll,release_1_5_1164953_841,0x14aefa0,155,FUN_1814aefa0,,,8052e9ed4381d13eeba0a5833651a7f0f032119d0b2f04dc09d7c5811ac16bd7,undefined FUN_1814aefa0(),ghidra,clean,
WHGame.dll,release_1_5_1164953_841,0x14af03c,308,FUN_1814af03c,,,96c3aa4d9bd43941d9be0daf442f51fbc6535b8be170f47908138b13347ac21f,undefined FUN_1814af03c(),ghidra,clean,
WHGame.dll,release_1_5_1164953_841,0x14af170,385,FUN_1814af170,,,1d4f799631afb9bbbcc368b4fb3edd9ac85f9731e9ebf6ca3464e4c6a2ea84a4,undefined FUN_1814af170(),ghidra,clean,
WHGame.dll,release_1_5_1164953_841,0x14af2f4,49,FUN_1814af2f4,,,6fedf3c986d1c0631f1b955da5d3a7f3e7dad3476e18b70928a0a331fe15e5df,undefined FUN_1814af2f4(),ghidra,clean,
WHGame.dll,release_1_5_1164953_841,0x14af328,43,FUN_1814af328,,,fdecccee20e622ddbb9446fcbb66d51f6e3f0b9e90fc1a60aaa4ebbeb820ebcc,undefined FUN_1814af328(),ghidra,clean,
WHGame.dll,release_1_5_1164953_841,0x14af344,180,FUN_1814af344,,,11c8c612aeadeaf5e23522fffadaabcdec24ba43d790d7a02612b2401536df12,undefined FUN_1814af344(),ghidra,clean,
WHGame.dll,release_1_5_1164953_841,0x14af3f8,56,FUN_1814af3f8,,,ace76a4faf166b62ffc42463a97a6cc902f3764e3d1c420478b0c324bbc13a14,undefined FUN_1814af3f8(),ghidra,clean,
WHGame.dll,release_1_5_1164953_841,0x14af430,11,FUN_1814af430,,,ce28a97b0ae33e9c118aa36b852154f840e12856988da7fc6b3c0babe796f51d,undefined FUN_1814af430(),ghidra,clean,
WHGame.dll,release_1_5_1164953_841,0x14af43c,212,FUN_1814af43c,,,c18d8b00b805d4d0d3a166f32a22bb5c514a2a17192bbb8ebaa130f00d0227de,undefined FUN_1814af43c(),ghidra,clean,
WHGame.dll,release_1_5_1164953_841,0x14af514,210,FUN_1814af514,,,397a0feb9ecbf2cd1902da3287d2a9c7d603bbeace0d812d49561666e5748821,undefined FUN_1814af514(),ghidra,clean,
WHGame.dll,release_1_5_1164953_841,0x14af5e8,63,FUN_1814af5e8,,,4009b1c21955cb5e7ab5eedfda56ce3b5abc1fff27eb19d36fd6039bafe08daa,undefined FUN_1814af5e8(),ghidra,clean,
WHGame.dll,release_1_5_1164953_841,0x14af628,100,FUN_1814af628,,,cdaeef78ac469333f2933583276401a7aacc26df4bbe95c1f83f7a74fef1fd31,undefined FUN_1814af628(),ghidra,clean,
WHGame.dll,release_1_5_1164953_841,0x14af68c,100,FUN_1814af68c,,,d86a5133b98dc283d861a3ec99a7e67dcbd4b63182b66d906a01e36e4f8981e3,undefined FUN_1814af68c(),ghidra,clean,
WHGame.dll,release_1_5_1164953_841,0x14af6f0,100,FUN_1814af6f0,,,db53a45ec44e9980c5c8713ea51fdbf28c9539f8d5e7d2cde906c63155a727f3,undefined FUN_1814af6f0(),ghidra,clean,
WHGame.dll,release_1_5_1164953_841,0x14af754,80,FUN_1814af754,,,d885a7ac9e4ab9425d775cfc95f80f2e84352562357f3e9957488f62daee9828,undefined FUN_1814af754(),ghidra,clean,
WHGame.dll,release_1_5_1164953_841,0x14af7a4,85,FUN_1814af7a4,,,0919067382d3a8283316e2f5a958fee58fd29049bad2e62fd320ff6d5fbc246b,undefined FUN_1814af7a4(),ghidra,clean,
WHGame.dll,release_1_5_1164953_841,0x14af7d8,290,FUN_1814af7d8,,,9c09a3eeb1ae81ba9ea958901d4509e0871c360d2e9cd73cd440c31fd86e26d3,undefined FUN_1814af7d8(),ghidra,clean,
WHGame.dll,release_1_5_1164953_841,0x14af8ec,80,FUN_1814af8ec,,,bfbb0e3a460b06c3f986c02d1e46a511202f2e3004441bd719bd8b1514b53516,undefined FUN_1814af8ec(),ghidra,clean,
WHGame.dll,release_1_5_1164953_841,0x14af93c,80,FUN_1814af93c,,,dcbd8057f7c31c53a1bcc78e0ff5cd7e00d8825b9b9dcd174df8681dc64ee465,undefined FUN_1814af93c(),ghidra,clean,
WHGame.dll,release_1_5_1164953_841,0x14af98c,80,FUN_1814af98c,,,5ed7fcd2cb0c28e26b66b778b08e6318334365023d04059c155ba76b95352ebd,undefined FUN_1814af98c(),ghidra,clean,
WHGame.dll,release_1_5_1164953_841,0x14af9dc,80,FUN_1814af9dc,,,b64e372f4d63cf692843262fc719060effbdfef7a3fc49ca8c55f1fe198f0010,undefined FUN_1814af9dc(),ghidra,clean,
WHGame.dll,release_1_5_1164953_841,0x14afa2c,85,FUN_1814afa2c,,,7093ecc7207498066593df0108cf9a88201367975d2e8a452640706cc8278975,undefined FUN_1814afa2c(),ghidra,clean,
WHGame.dll,release_1_5_1164953_841,0x14afa60,30,FUN_1814afa60,,,af247deeceb35ad89c1a0fccae5da6f3497b8d6870c433ff9e301bcc1bf56c87,undefined FUN_1814afa60(),ghidra,clean,
WHGame.dll,release_1_5_1164953_841,0x14afa80,30,FUN_1814afa80,,,6b944811202682d5aaf12338b2848d43a3e1daac67ec2c6d19a680622d12a49c,undefined FUN_1814afa80(),ghidra,clean,
WHGame.dll,release_1_5_1164953_841,0x14afaa0,155,FUN_1814afaa0,,,a65c48b5899e53f9f49e7e0083ee1e58e187c7ad3217097200bde49a80fd3a02,undefined FUN_1814afaa0(),ghidra,clean,
WHGame.dll,release_1_5_1164953_841,0x14afb3c,293,FUN_1814afb3c,,,768c41e3b582be36b732ef1d07a2232d8674dfaa46ec774e9c55d1747ac8a131,undefined FUN_1814afb3c(),ghidra,clean,
WHGame.dll,release_1_5_1164953_841,0x14afc64,180,FUN_1814afc64,,,9f6dcf2a450a95ffd7aba31e869dca1623a8d413daaebf1bf3693c69f0d24059,undefined FUN_1814afc64(),ghidra,clean,
WHGame.dll,release_1_5_1164953_841,0x14afd18,62,FUN_1814afd18,,,9c14720196bd21e790f2a16df732fee001c680682ea38fac32b62363b13ad84d,undefined FUN_1814afd18(),ghidra,clean,
WHGame.dll,release_1_5_1164953_841,0x14afd44,51,FUN_1814afd44,,,68b4f269ab96a1cc36aac642abed46f1091b69cd8d0de883ada4a4bbb2dcc2b4,undefined FUN_1814afd44(),ghidra,clean,
WHGame.dll,release_1_5_1164953_841,0x14afd78,92,FUN_1814afd78,,,a35f1dac28b1db13ca7d90c0b9426f5a81459ec82800747d8d9b58f1d14ad3d2,undefined FUN_1814afd78(),ghidra,clean,
WHGame.dll,release_1_5_1164953_841,0x14afdd4,26,FUN_1814afdd4,,,41766f4c426d7c8e7eab8ce7d45e16bb0b3f9f9f9b9e2b978abe4cc7da10ea82,undefined FUN_1814afdd4(),ghidra,clean,
WHGame.dll,release_1_5_1164953_841,0x14afdf0,190,FUN_1814afdf0,,,c00df79fc88f1668b38337a92dddef3eab3c0d7cc4d95a41e0f7210f0437ff3d,undefined FUN_1814afdf0(),ghidra,clean,
WHGame.dll,release_1_5_1164953_841,0x14afeb0,62,FUN_1814afeb0,,,2ec477281183c5f15ed450619ffeab72a465b9cbff3854075e3e1f532768bb94,undefined FUN_1814afeb0(),ghidra,clean,
WHGame.dll,release_1_5_1164953_841,0x14afedc,52,FUN_1814afedc,,,3e6329c9adf2513a10e8bb686e6b4639ebaba66835b47ac239f6cc1521835f7a,undefined FUN_1814afedc(),ghidra,clean,
WHGame.dll,release_1_5_1164953_841,0x14aff10,62,FUN_1814aff10,,,a8929bdc4ffdf4513794fb399dbf0435b78727a6397f3ec42ac5a347ab0f80d2,undefined FUN_1814aff10(),ghidra,clean,
WHGame.dll,release_1_5_1164953_841,0x14aff3c,52,FUN_1814aff3c,,,6f2b954d9d60cd4a3ee793a2152e535b8064aa60f87ba49bb84b9778a6216081,undefined FUN_1814aff3c(),ghidra,clean,
WHGame.dll,release_1_5_1164953_841,0x14aff70,34,FUN_1814aff70,,,44287074964a0282269daa985e979240029465cd9524503f56d3520cebcd35e1,undefined FUN_1814aff70(),ghidra,clean,
WHGame.dll,release_1_5_1164953_841,0x14aff94,287,FUN_1814aff94,,,3b31a57fb96cd8d68eebbfe45817d782bf4e9c46d471084f9819dac5ec184782,undefined FUN_1814aff94(),ghidra,clean,
WHGame.dll,release_1_5_1164953_841,0x14b0050,34,FUN_1814b0050,,,3bd671d75a5393cdcf601ece80cb84bd1deeadc133c217b7a310717a945b4010,undefined FUN_1814b0050(),ghidra,clean,
WHGame.dll,release_1_5_1164953_841,0x14b0074,278,FUN_1814b0074,,,2abf195fccc4a5d278ab69e6534ceab6aee95c94b96dee172f623a03d6693173,undefined FUN_1814b0074(),ghidra,clean,
WHGame.dll,release_1_5_1164953_841,0x14b0128,52,FUN_1814b0128,,,6ba6c4e6997957a537347a5f158cf6a37c68914bd8cbd8287037fe5414f260c4,undefined FUN_1814b0128(),ghidra,clean,
WHGame.dll,release_1_5_1164953_841,0x14b015c,122,FUN_1814b015c,,,7ef6c613e92c9d5bc489af86fa3491e5b8e9b19d9231ac674e57e8f67153128a,undefined FUN_1814b015c(),ghidra,clean,
WHGame.dll,release_1_5_1164953_841,0x14b01dc,178,FUN_1814b01dc,,,047e528e453c9e35451f0dc3e0e80f4e42066fb0853e4776c9f8e07d6867abfa,undefined FUN_1814b01dc(),ghidra,clean,
WHGame.dll,release_1_5_1164953_841,0x14b0290,190,FUN_1814b0290,,,6d0237888cdbaba07e6263673c665cbdf03192ec5ddb30a4b4cb6567e14997b7,undefined FUN_1814b0290(),ghidra,clean,
WHGame.dll,release_1_5_1164953_841,0x14b0350,407,FUN_1814b0350,,,ab64c7647bc8fd2bc0282742b7a3c29a292e24577d5a126ce86c4e28e7fa5ff8,undefined FUN_1814b0350(),ghidra,clean,
WHGame.dll,release_1_5_1164953_841,0x14b04e8,29,FUN_1814b04e8,,,984dba43a8fe99d5967b8ae3ecc4f15a43bb776fcb1cbe751cfe7c5a978ac4f3,undefined FUN_1814b04e8(),ghidra,clean,
WHGame.dll,release_1_5_1164953_841,0x14b0508,150,FUN_1814b0508,,,7a4028906d2c2791e457e1fff28ae64f39120f05777afbf597e081381260b3fa,undefined FUN_1814b0508(),ghidra,clean,
WHGame.dll,release_1_5_1164953_841,0x14b05a0,236,FUN_1814b05a0,,,053ebc00aba3b212f1ca552f4f583e80c1e69a04eaeacfd2e2cb851820ab5efd,undefined FUN_1814b05a0(),ghidra,clean,
WHGame.dll,release_1_5_1164953_841,0x14b068c,342,FUN_1814b068c,,,2ec9e06a8f23ea65b1c3069062ae78a56d584aa615871cb4eca1ec7d7d452b6e,undefined FUN_1814b068c(),ghidra,clean,
WHGame.dll,release_1_5_1164953_841,0x14b07e4,66,FUN_1814b07e4,,,71f2a34dc4a7562821e8627aaf6a0e3e4dac5652d6c00aa63e575bcf86c8aac8,undefined FUN_1814b07e4(),ghidra,clean,
WHGame.dll,release_1_5_1164953_841,0x14b0828,36,FUN_1814b0828,,,22b74b15695950d5051bd97aa4e832ac10cec14d891bb81a1974e49f59462ff5,undefined FUN_1814b0828(),ghidra,clean,
WHGame.dll,release_1_5_1164953_841,0x14b084c,132,FUN_1814b084c,,,ae9b40f2e2c28c4773a093a3e1527e76618bab134cdf9d591f147b3092042566,undefined FUN_1814b084c(),ghidra,clean,
WHGame.dll,release_1_5_1164953_841,0x14b08d0,50,FUN_1814b08d0,,,c85fb14d59b87a7f0eecb8ead8965a6dafcbd7a7865a091763a098eaa6cadd7b,undefined FUN_1814b08d0(),ghidra,clean,
WHGame.dll,release_1_5_1164953_841,0x14b0904,101,FUN_1814b0904,,,7507db1b56513b0fd8c8f6585d92b22e597eec1d1a73a5e34255893869a1bf13,undefined FUN_1814b0904(),ghidra,clean,
WHGame.dll,release_1_5_1164953_841,0x14b096c,221,FUN_1814b096c,,,c2bf70873f1836ff55d8310c1163bcf61176ad221a51051e7b58cb60d2e4d31c,undefined FUN_1814b096c(),ghidra,clean,
WHGame.dll,release_1_5_1164953_841,0x14b0a4c,361,FUN_1814b0a4c,,,4e0b988682883ddad3dedd5d039f8e730b56fcaf643d7e432a9ab22f12f0edb9,undefined FUN_1814b0a4c(),ghidra,clean,
WHGame.dll,release_1_5_1164953_841,0x14b0bb8,180,FUN_1814b0bb8,,,7cff65d2cdc161e9ef70ddca57606a1c80a5eb4f425171c0abc617d3d0547b0f,undefined FUN_1814b0bb8(),ghidra,clean,
WHGame.dll,release_1_5_1164953_841,0x14b0c6c,186,FUN_1814b0c6c,,,778cb58ce5bc320ca26baad021302962f3d449c9ea5b9647def6a161076301f7,undefined FUN_1814b0c6c(),ghidra,clean,
WHGame.dll,release_1_5_1164953_841,0x14b0d28,124,FUN_1814b0d28,,,ba27902aa8a0679379ff9b08076a982c3173c33f0cfb5e7764670d29093845c7,undefined FUN_1814b0d28(),ghidra,clean,
WHGame.dll,release_1_5_1164953_841,0x14b0da4,180,FUN_1814b0da4,,,0d8aca6fd59cb1e341e129c036a6dc86826931aabdfa0ef08354a79521b9c237,undefined FUN_1814b0da4(),ghidra,clean,
WHGame.dll,release_1_5_1164953_841,0x14b0e58,11,FUN_1814b0e58,,,51ab8420d117a9e762abf6919565afe8a54124f7652c2e76aae52f982b735599,undefined FUN_1814b0e58(),ghidra,clean,
WHGame.dll,release_1_5_1164953_841,0x14b0e64,207,FUN_1814b0e64,,,6465cf80f7082ad9621a11f186f74eef52dc5df254741820cbcc079366c3c771,undefined FUN_1814b0e64(),ghidra,clean,
WHGame.dll,release_1_5_1164953_841,0x14b0f34,44,FUN_1814b0f34,,,dc9ef392957f5e13a2284790a905f0ecc8c86d920775ae30bacf5636e9a02051,undefined FUN_1814b0f34(),ghidra,clean,
WHGame.dll,release_1_5_1164953_841,0x14b0f80,304,FUN_1814b0f80,,,94ff21085dda08974a86b691ce8b9162ef46275855ba380d2b615427e77cc819,undefined FUN_1814b0f80(),ghidra,clean,
WHGame.dll,release_1_5_1164953_841,0x14b10b0,194,FUN_1814b10b0,,,f8587f8b07e5b0d20b367667c331c9c315df28d0f746a555936d2b01cf8d6d7c,undefined FUN_1814b10b0(),ghidra,clean,
WHGame.dll,release_1_5_1164953_841,0x14b1174,155,FUN_1814b1174,,,d63cf42c438374c6959f096120bc8209e9a8d6c2e055db13ec9760d756ed634f,undefined FUN_1814b1174(),ghidra,clean,
WHGame.dll,release_1_5_1164953_841,0x14b1210,298,FUN_1814b1210,,,e8d086dd2fe7a78b4ec7d18f53eabc8242ec0f5adba11df010dc40f8959eb976,undefined FUN_1814b1210(),ghidra,clean,
WHGame.dll,release_1_5_1164953_841,0x14b133c,190,FUN_1814b133c,,,2b1565f62cc8b17961c103f0d988b1d56cfbb675c4a02da9173d129a3d353123,undefined FUN_1814b133c(),ghidra,clean,
WHGame.dll,release_1_5_1164953_841,0x14b13fc,190,FUN_1814b13fc,,,cb1fcdcb3884d54af8c9a9ceec1cc76b9d1f188e2362d33548d6e62c0b5e44aa,undefined FUN_1814b13fc(),ghidra,clean,
WHGame.dll,release_1_5_1164953_841,0x14b14bc,850,FUN_1814b14bc,,,4349a5f4a4258034091eaada2b363e5ae89cd21a36b49918938a07cb779b249a,undefined FUN_1814b14bc(),ghidra,clean,
WHGame.dll,release_1_5_1164953_841,0x14b1580,5,FUN_1814b1580,,,70bf2d6deedcf734920e571ef09558025e359e9a739e5789ffaf6c9299398808,undefined FUN_1814b1580(),ghidra,clean,
WHGame.dll,release_1_5_1164953_841,0x14b158c,264,FUN_1814b158c,,,2bb15ecfe4e9bb0daafa2de4c743283e005facabccedf6603cf080912025beed,undefined FUN_1814b158c(),ghidra,clean,
WHGame.dll,release_1_5_1164953_841,0x14b1694,155,FUN_1814b1694,,,fee2ba36bee655acd1cb0a306ab0e1a0645e40c2b5af7d78096e124eab214a10,undefined FUN_1814b1694(),ghidra,clean,
WHGame.dll,release_1_5_1164953_841,0x14b1730,475,FUN_1814b1730,,,7510568e000827e75e56a80639f8a1f0b9d0cbe5099f194c200fa5efaab58195,undefined FUN_1814b1730(),ghidra,clean,
WHGame.dll,release_1_5_1164953_841,0x14b1848,155,FUN_1814b1848,,,f34e929a3e5920b0a3c615a51eafe246775f62c075ee25e558a1240da86cbda8,undefined FUN_1814b1848(),ghidra,clean,
WHGame.dll,release_1_5_1164953_841,0x14b18e4,172,FUN_1814b18e4,,,24ecd6633e7c2c6ab61702891201e19bf75f40264bdf72918f738e8bec5de995,undefined FUN_1814b18e4(),ghidra,clean,
WHGame.dll,release_1_5_1164953_841,0x14b1968,26,FUN_1814b1968,,,a6432dc97c4709ee5fd818a9b88ba703df44250bd219ce5c39c5772ac700b024,undefined FUN_1814b1968(),ghidra,clean,
WHGame.dll,release_1_5_1164953_841,0x14b1984,949,FUN_1814b1984,,,3201390fdd91dbadfd821dc3b8ed83fb765a374a05b4c49126e7aff12d774936,undefined FUN_1814b1984(),ghidra,clean,
WHGame.dll,release_1_5_1164953_841,0x14b1d3c,23,FUN_1814b1d3c,,,4a2215c3e820937481093c41c3a2c4fdd1b034767afb06c5e8afd475b2e2dc6a,undefined FUN_1814b1d3c(),ghidra,clean,
WHGame.dll,release_1_5_1164953_841,0x14b1d54,155,FUN_1814b1d54,,,133260ab7cdebb2d76fc52a5e7532c7b375a3c2c2fa8c8c2dd9e58a1e5ef29a4,undefined FUN_1814b1d54(),ghidra,clean,
WHGame.dll,release_1_5_1164953_841,0x14b1df0,23,FUN_1814b1df0,,,7927f832c5d2cc9d6182400d4f643a3aaab7534f0786312605270c617a053780,undefined FUN_1814b1df0(),ghidra,clean,
WHGame.dll,release_1_5_1164953_841,0x14b1e08,859,FUN_1814b1e08,,,e4ef83f576dd5e6c9191880de1e143ace2968172bc8216472b0685a710b91f3d,undefined FUN_1814b1e08(),ghidra,clean,
WHGame.dll,release_1_5_1164953_841,0x14b1ed8,23,FUN_1814b1ed8,,,4a2215c3e820937481093c41c3a2c4fdd1b034767afb06c5e8afd475b2e2dc6a,undefined FUN_1814b1ed8(),ghidra,clean,
WHGame.dll,release_1_5_1164953_841,0x14b1ef0,155,FUN_1814b1ef0,,,ed13b4da25f02de5b82b3dd09cd37535354699b8aefa00210086a970b6e660c9,undefined FUN_1814b1ef0(),ghidra,clean,
WHGame.dll,release_1_5_1164953_841,0x14b1f8c,155,FUN_1814b1f8c,,,43e8a408e405ec6ba59d655e235f5650139fdb55370bedc2add9be85db157788,undefined FUN_1814b1f8c(),ghidra,clean,
WHGame.dll,release_1_5_1164953_841,0x14b2028,240,FUN_1814b2028,,,00e705623760f52229f9a788bfe5fbe217cb4dd1a73b78d1f3351cab44b864bc,undefined FUN_1814b2028(),ghidra,clean,
WHGame.dll,release_1_5_1164953_841,0x14b2118,18,FUN_1814b2118,,,0010a3e8bf83ec95c0f562d186c31e8ace7fba1e3f08a0e1a522a9e3251dd6e3,undefined FUN_1814b2118(),ghidra,clean,
WHGame.dll,release_1_5_1164953_841,0x14b212c,291,FUN_1814b212c,,,4161359aac33274cb9c4fd9301f77dba95fc586b206aff6af4021a895017d7e5,undefined FUN_1814b212c(),ghidra,clean,
WHGame.dll,release_1_5_1164953_841,0x14b2250,301,FUN_1814b2250,,,0cd457c86281a79e0e9ac642aca91bf93b9b9451dc59ab6269f804df6eaebcd4,undefined FUN_1814b2250(),ghidra,clean,
WHGame.dll,release_1_5_1164953_841,0x14b2380,291,FUN_1814b2380,,,7c3fcd0b1b488073e2d191583091c39176a515ef403f5cbdfac28acbc83507c9,undefined FUN_1814b2380(),ghidra,clean,
WHGame.dll,release_1_5_1164953_841,0x14b24a4,155,FUN_1814b24a4,,,b3bd3db4712d3f1a10917a036f5c19cad98d88d79d6f5daefc5dbcd600f901cb,undefined FUN_1814b24a4(),ghidra,clean,
WHGame.dll,release_1_5_1164953_841,0x14b2540,291,FUN_1814b2540,,,0110ac9e04e59990368e40d91f4ddbe13d1bb55780c9433ff32ce3b9519ff2c4,undefined FUN_1814b2540(),ghidra,clean,
WHGame.dll,release_1_5_1164953_841,0x14b2664,79,FUN_1814b2664,,,942f5b47fe66947dcf957074a67ca3060f841ac6de75ec4f18cb1aa4d0cc2151,undefined FUN_1814b2664(),ghidra,clean,
WHGame.dll,release_1_5_1164953_841,0x14b26b8,86,FUN_1814b26b8,,,1c5a4c59cfe03044f16b6af6543b1a6570cb08545a35ef9c1a1ccdbdae9dbb15,undefined FUN_1814b26b8(),ghidra,clean,
WHGame.dll,release_1_5_1164953_841,0x14b2710,148,FUN_1814b2710,,,5bae239e46ac56032b433efd5706fe950e1f06268f536903451a55818800bb6b,undefined FUN_1814b2710(),ghidra,clean,
WHGame.dll,release_1_5_1164953_841,0x14b27a4,135,FUN_1814b27a4,,,e890e3489540f1889156b61ac6f78f8cba3f5e506c39ec34cfa5ccbcaf43c2f0,undefined FUN_1814b27a4(),ghidra,clean,
WHGame.dll,release_1_5_1164953_841,0x14b282c,135,FUN_1814b282c,,,3a63c242a1546bc2acd23b602d022114062f13dbcfaff4ffd8b475e3ce0454b6,undefined FUN_1814b282c(),ghidra,clean,
WHGame.dll,release_1_5_1164953_841,0x14b28b4,117,FUN_1814b28b4,,,334e5324c76049b82ec3ab96fcb551db2171bdb5a70c03dc444282480b051043,undefined FUN_1814b28b4(),ghidra,clean,
WHGame.dll,release_1_5_1164953_841,0x14b292c,101,FUN_1814b292c,,,dee8b0f1df43706ccc7486bc03f839d0573e2b3560bd3b5abaf6347b4560d1ad,undefined FUN_1814b292c(),ghidra,clean,
WHGame.dll,release_1_5_1164953_841,0x14b296c,224,FUN_1814b296c,,,0b36c929e54dc0057f32698d3853e272a3c370d7ac3048744e60a4a047e60d74,undefined FUN_1814b296c(),ghidra,clean,
WHGame.dll,release_1_5_1164953_841,0x14b2a4c,89,FUN_1814b2a4c,,,543e43a908c2f15fbb275fdd5e5676b57e5e45d9e89e5db072479e3938925cca,undefined FUN_1814b2a4c(),ghidra,clean,
WHGame.dll,release_1_5_1164953_841,0x14b2aa8,26,FUN_1814b2aa8,,,70509e233b81a4b980391cbde5d0f4e0f57007794a397523a1f478e8884bbf63,undefined FUN_1814b2aa8(),ghidra,clean,
WHGame.dll,release_1_5_1164953_841,0x14b2ac4,1137,FUN_1814b2ac4,,,276fd6bf7308fc0d83cfb548b1d22e839b6bd825a9fa0801ae8be4fdfbe1f5ce,undefined FUN_1814b2ac4(),ghidra,clean,
WHGame.dll,release_1_5_1164953_841,0x14b2f38,155,FUN_1814b2f38,,,07a6c6fc8e2681ca5fe87c905da7e7853a7025dfe911c7176d78ee346db47bc6,undefined FUN_1814b2f38(),ghidra,clean,
WHGame.dll,release_1_5_1164953_841,0x14b2fd4,304,FUN_1814b2fd4,,,8ca333515295618fbe6f2a202184af1bb248c50480ab6bca9a68a2a566b20f98,undefined FUN_1814b2fd4(),ghidra,clean,
WHGame.dll,release_1_5_1164953_841,0x14b3104,155,FUN_1814b3104,,,57fbb8ad8cbec7e11bea025f6e4487362a440b23306c9d44f4a46af0ec94e67b,undefined FUN_1814b3104(),ghidra,clean,
WHGame.dll,release_1_5_1164953_841,0x14b31a0,298,FUN_1814b31a0,,,a53511fbd698207075af65dcc538e517dfd60cab27a31fc5a9f68276a2d8f147,undefined FUN_1814b31a0(),ghidra,clean,
WHGame.dll,release_1_5_1164953_841,0x14b32cc,58,FUN_1814b32cc,,,56b16a0cd4808a00444aeb301fb5287c2e5178f38d0ce012969fe03f333e8fda,undefined FUN_1814b32cc(),ghidra,clean,
WHGame.dll,release_1_5_1164953_841,0x14b3308,26,FUN_1814b3308,,,9c83892cc27f4525b4a6609c31b603564a343434f8575f3f9f46618cb71ba2f1,undefined FUN_1814b3308(),ghidra,clean,
WHGame.dll,release_1_5_1164953_841,0x14b3324,155,FUN_1814b3324,,,7df901b8529f3da700d47fea7367c2dec9879c98d25100bcef4a2543f78fabaa,undefined FUN_1814b3324(),ghidra,clean,
WHGame.dll,release_1_5_1164953_841,0x14b33c0,291,FUN_1814b33c0,,,ee49fdc1f9d1b4b464600862ba285b251ed6d9085fd0eacd1f926328728091dd,undefined FUN_1814b33c0(),ghidra,clean,
WHGame.dll,release_1_5_1164953_841,0x14b34e4,41,FUN_1814b34e4,,,e2928b0658566896d96a1c316465ae0c624eb32db7d1c0339bf26dd239efa03d,undefined FUN_1814b34e4(),ghidra,clean,
WHGame.dll,release_1_5_1164953_841,0x14b3510,767,FUN_1814b3510,,,0d30726782a4c2818e6a007dbdbbaff5fba8d54a71d8def9a8633a89377a0c8e,undefined FUN_1814b3510(),ghidra,clean,
WHGame.dll,release_1_5_1164953_841,0x14b3814,25,FUN_1814b3814,,,66ee87beff4cea5ce05d07279d18a49182257c8e2864407eac78c225029fc032,undefined FUN_1814b3814(),ghidra,clean,
WHGame.dll,release_1_5_1164953_841,0x14b3830,25,FUN_1814b3830,,,5e0d227cc9b29d3c3788fa00b4fecb58463ff2312df515d89007321d9979e695,undefined FUN_1814b3830(),ghidra,clean,
WHGame.dll,release_1_5_1164953_841,0x14b384c,93,FUN_1814b384c,,,f3fc4054d5ffeacc8dad65580b6a503438277b758ff30dd897b92ea01a2a07d3,undefined FUN_1814b384c(),ghidra,clean,
WHGame.dll,release_1_5_1164953_841,0x14b38ac,111,FUN_1814b38ac,,,4685275f537c54c0b4d958814cee7f1098a74ed93cca76c03095ba5016e3870f,undefined FUN_1814b38ac(),ghidra,clean,
WHGame.dll,release_1_5_1164953_841,0x14b391c,100,FUN_1814b391c,,,acaf88cc361e4ce9df527a98a81c5e8be5920b45b0c2fe5f3dc07fb4db192a76,undefined FUN_1814b391c(),ghidra,clean,
WHGame.dll,release_1_5_1164953_841,0x14b3980,162,FUN_1814b3980,,,91b56b3ea4599c2665b3a3b5c955bbc6e87adb0f4b5c3f8c18311ded0d3db4b8,undefined FUN_1814b3980(),ghidra,clean,
WHGame.dll,release_1_5_1164953_841,0x14b3a24,25,FUN_1814b3a24,,,3c1bbc204aa5d47582f3b65862f0d310a29d07d1039fd8f890617140c8403d0d,undefined FUN_1814b3a24(),ghidra,clean,
WHGame.dll,release_1_5_1164953_841,0x14b3a40,25,FUN_1814b3a40,,,313ef3baf56acf1edf4d85846b1f67148b917191ee702eb2efafd836fcd201cb,undefined FUN_1814b3a40(),ghidra,clean,
WHGame.dll,release_1_5_1164953_841,0x14b3a5c,210,FUN_1814b3a5c,,,e0143d7e2d15df950293ee2f5cbd44798723ae67e22f7c8a290238d9b02d3a30,undefined FUN_1814b3a5c(),ghidra,clean,
WHGame.dll,release_1_5_1164953_841,0x14b3b30,126,FUN_1814b3b30,,,5a268d6265e8d4fc9d485a81f558b0656f0f6428b6562c1716128ba28918ca72,undefined FUN_1814b3b30(),ghidra,clean,
WHGame.dll,release_1_5_1164953_841,0x14b3bb0,51,FUN_1814b3bb0,,,0681ba9b83dab93db8e36b3b99df76aad08bdd0e12563605ba11d0dbc2b79190,undefined FUN_1814b3bb0(),ghidra,clean,
WHGame.dll,release_1_5_1164953_841,0x14b3be4,34,FUN_1814b3be4,,,092168d9c4ff91f1895889bbeff9b3352e5a9beac4bdc96517da38732ebb5a5c,undefined FUN_1814b3be4(),ghidra,clean,
WHGame.dll,release_1_5_1164953_841,0x14b3c08,217,FUN_1814b3c08,,,4b2596711319267b490cdede2300fac00f69d481720311a4e097b23a656d5b71,undefined FUN_1814b3c08(),ghidra,clean,
WHGame.dll,release_1_5_1164953_841,0x14b3c80,257,FUN_1814b3c80,,,945ed38a7eaba136328e90691a73d01886cec8c34161f6d0336c68eab1ea5692,undefined FUN_1814b3c80(),ghidra,clean,
WHGame.dll,release_1_5_1164953_841,0x14b3d20,25,FUN_1814b3d20,,,a55e836c089366a6af3c05873162fb5038f2a42ee56e0d9b7fe0f662543ffd57,undefined FUN_1814b3d20(),ghidra,clean,
WHGame.dll,release_1_5_1164953_841,0x14b3d3c,166,FUN_1814b3d3c,,,87b763959ea7663fe74894b13e734da05c92afe7fa038a4b5258935d673c6684,undefined FUN_1814b3d3c(),ghidra,clean,
WHGame.dll,release_1_5_1164953_841,0x14b3de4,34,FUN_1814b3de4,,,d8667338dc6cffae0eb91184e90b33c9bae45d5775465328ba828e4e5c20bd69,undefined FUN_1814b3de4(),ghidra,clean,
WHGame.dll,release_1_5_1164953_841,0x14b3e08,257,FUN_1814b3e08,,,9a0623ce6624d9efc0d3a5e311bf6ecc5401c8d13ebf6c890f7ee40c0b0300e6,undefined FUN_1814b3e08(),ghidra,clean,
WHGame.dll,release_1_5_1164953_841,0x14b3ea8,25,FUN_1814b3ea8,,,5d04fc86bc8b20de21f7d9094760e5b1fd8e858ee1e2896aed9dd25bd1bb579d,undefined FUN_1814b3ea8(),ghidra,clean,
WHGame.dll,release_1_5_1164953_841,0x14b3ec4,114,FUN_1814b3ec4,,,eaa29f0d90e863bf028dfd8743cea4530db1fa4259bd9a6b1c13b450bed568f5,undefined FUN_1814b3ec4(),ghidra,clean,
WHGame.dll,release_1_5_1164953_841,0x14b3f38,25,FUN_1814b3f38,,,4a599ee1dc88153358da1a916c179667543ff9c7afc8dc4efb9fcfa86d0b975a,undefined FUN_1814b3f38(),ghidra,clean,
WHGame.dll,release_1_5_1164953_841,0x14b3f54,52,FUN_1814b3f54,,,bc3f1881e2565a6c38ef825f7c3a7cc123d8e6f8e7afc2a7128d4f4917610381,undefined FUN_1814b3f54(),ghidra,clean,
WHGame.dll,release_1_5_1164953_841,0x14b3f88,114,FUN_1814b3f88,,,0579d749e5fe7e172c6f85a882d10a134a394d3e7fe2b64bb4b9dfa02ddcd026,undefined FUN_1814b3f88(),ghidra,clean,
WHGame.dll,release_1_5_1164953_841,0x14b3ffc,34,FUN_1814b3ffc,,,68d543d5e2e4d21bf22bf779cc4cc48b5df94308a306a48453d07bf7f9864c78,undefined FUN_1814b3ffc(),ghidra,clean,
WHGame.dll,release_1_5_1164953_841,0x14b4020,257,FUN_1814b4020,,,bcd0e13c30aaacfcebd078728c0eb7c9dadc6f2d4569625668a4cd521d4ee1ec,undefined FUN_1814b4020(),ghidra,clean,
WHGame.dll,release_1_5_1164953_841,0x14b40c0,34,FUN_1814b40c0,,,1adf068c2f06dd66861cb601c85ebc40e2db5fd91d79942c5eb6bd406f901039,undefined FUN_1814b40c0(),ghidra,clean,
WHGame.dll,release_1_5_1164953_841,0x14b40e4,79,FUN_1814b40e4,,,297be80f9dd9dcccb6157f1bbf39ed67ddd971de30b5f58756d8ea17bb19ff87,undefined FUN_1814b40e4(),ghidra,clean,
WHGame.dll,release_1_5_1164953_841,0x14b4134,228,FUN_1814b4134,,,73bd9dd4faa16cae4338fb782f4147c2385c58f0840e89b5ecf04cc5ada33768,undefined FUN_1814b4134(),ghidra,clean,
WHGame.dll,release_1_5_1164953_841,0x14b4218,289,FUN_1814b4218,,,3e2a8702d9c64cca7b5874f0b9d90d036abe9e8321153a3c1c9a251ce073e465,undefined FUN_1814b4218(),ghidra,clean,
WHGame.dll,release_1_5_1164953_841,0x14b42b8,26,FUN_1814b42b8,,,819234953c91d716a341edb10dcca2267107efa13f78881bbca64f4a7a11eeca,undefined FUN_1814b42b8(),ghidra,clean,
WHGame.dll,release_1_5_1164953_841,0x14b42d4,155,FUN_1814b42d4,,,42521e185fefb468504ba6bb5a0cab5a186344d5eef5dd2a395c264f402b9d43,undefined FUN_1814b42d4(),ghidra,clean,
WHGame.dll,release_1_5_1164953_841,0x14b4370,304,FUN_1814b4370,,,b7f4cc950dd8c71067b6c84b8eb7455ee1fa80b015478a67a2c43554621d507d,undefined FUN_1814b4370(),ghidra,clean,
WHGame.dll,release_1_5_1164953_841,0x14b44a0,335,FUN_1814b44a0,,,d44671e9060e237b470a245e048ced4f566bfcc214f7f95bc58fb8442060cb34,undefined FUN_1814b44a0(),ghidra,clean,
WHGame.dll,release_1_5_1164953_841,0x14b458e,8,FUN_1814b458e,,,d584cb1a2afef309eb33a9b90753d6c9a99b0c481366318ccddcba175a3b8c54,undefined FUN_1814b458e(),ghidra,clean,
WHGame.dll,release_1_5_1164953_841,0x14b45a0,155,FUN_1814b45a0,,,c8114c888675e4cca5244bea7d923f8c743dfaf61f02d4024f474213317de049,undefined FUN_1814b45a0(),ghidra,clean,
WHGame.dll,release_1_5_1164953_841,0x14b463c,155,FUN_1814b463c,,,44a18bde37365e7a1e608408104d7c0b15672e6a017636c9dd38e86a988ba7f6,undefined FUN_1814b463c(),ghidra,clean,
WHGame.dll,release_1_5_1164953_841,0x14b46d8,155,FUN_1814b46d8,,,3d6e89d36ad168a48fcf4c4bc6feef8429c54a6125cea9bd7ffd16547adaad3b,undefined FUN_1814b46d8(),ghidra,clean,
WHGame.dll,release_1_5_1164953_841,0x14b4774,240,FUN_1814b4774,,,0f910cf67a1e8dc922be571043278e8cb032c5ba98a0e7618dbc9c9c4188697d,undefined FUN_1814b4774(),ghidra,clean,
WHGame.dll,release_1_5_1164953_841,0x14b4864,18,FUN_1814b4864,,,b67bede2701b54c4ffe14a7dcd026c0fa2afef2b5f94cee9e3beb78e627f0c75,undefined FUN_1814b4864(),ghidra,clean,
WHGame.dll,release_1_5_1164953_841,0x14b4878,298,FUN_1814b4878,,,17f388d7f31215697d4bf79bec08065673accc6935b88eff4c681fa740cd1a90,undefined FUN_1814b4878(),ghidra,clean,
WHGame.dll,release_1_5_1164953_841,0x14b49a4,301,FUN_1814b49a4,,,ad7e000b7812321555c3ebc052118990864c8e86cecbeee3aef2410522cbe6ba,undefined FUN_1814b49a4(),ghidra,clean,
WHGame.dll,release_1_5_1164953_841,0x14b4ad4,80,FUN_1814b4ad4,,,1ca26946439c3c0bfc5264856656bf349b02f14ff6eaf54dd10f930dd05405eb,undefined FUN_1814b4ad4(),ghidra,clean,
WHGame.dll,release_1_5_1164953_841,0x14b4b24,80,FUN_1814b4b24,,,d2a290c26d62d2fab0df89414da61360e656c16653836274a60c6fd08353e6b9,undefined FUN_1814b4b24(),ghidra,clean,
WHGame.dll,release_1_5_1164953_841,0x14b4b74,80,FUN_1814b4b74,,,9659c74f99e5270b978d723a5c6cf6d951c7e4d2d9ed6c8b286aea0def7003a1,undefined FUN_1814b4b74(),ghidra,clean,
WHGame.dll,release_1_5_1164953_841,0x14b4bc4,80,FUN_1814b4bc4,,,271b40400946547e04cfd6cd80623046a3d742d1e1e4fe5199627be10329d75b,undefined FUN_1814b4bc4(),ghidra,clean,
WHGame.dll,release_1_5_1164953_841,0x14b4c14,80,FUN_1814b4c14,,,6f5a07167e482141eef4798d501522aacba865e1f76801774afab4131eace966,undefined FUN_1814b4c14(),ghidra,clean,
WHGame.dll,release_1_5_1164953_841,0x14b4c64,85,FUN_1814b4c64,,,68e304a48183149464a1e07ffef11d4759867f745e0c37d333e768b8b172ea53,undefined FUN_1814b4c64(),ghidra,clean,
WHGame.dll,release_1_5_1164953_841,0x14b4c98,80,FUN_1814b4c98,,,b547f2fd6d774a8928897cbad68a69d2588812836f526f6c651a7d04205ba85b,undefined FUN_1814b4c98(),ghidra,clean,
WHGame.dll,release_1_5_1164953_841,0x14b4ce8,80,FUN_1814b4ce8,,,b5b53c458115ffc59ed254d2cc79d0108154ac5ae5ce5cc0327f90e1a8b39d89,undefined FUN_1814b4ce8(),ghidra,clean,
WHGame.dll,release_1_5_1164953_841,0x14b4d38,85,FUN_1814b4d38,,,c9e4193586fe34020ddcfd71b0d4023eafc8a89937ce557916227c5e31f8b37e,undefined FUN_1814b4d38(),ghidra,clean,
WHGame.dll,release_1_5_1164953_841,0x14b4d6c,246,FUN_1814b4d6c,,,c2ac920462896eabfb3fbff536777b71c8c2bfc51c823f84b9c5243c47fdfbf1,undefined FUN_1814b4d6c(),ghidra,clean,
WHGame.dll,release_1_5_1164953_841,0x14b4e64,115,FUN_1814b4e64,,,a409ce979ab2140d12e2d2407e8deb16b628b736f8457462348e548ecffae260,undefined FUN_1814b4e64(),ghidra,clean,
WHGame.dll,release_1_5_1164953_841,0x14b4ed8,194,FUN_1814b4ed8,,,3af089a9964d3553a027c07a3b2325bb2b05b7927614b72baba85c9bfc7e3a4a,undefined FUN_1814b4ed8(),ghidra,clean,
WHGame.dll,release_1_5_1164953_841,0x14b4f9c,194,FUN_1814b4f9c,,,fd8a79f290e4dcb1d5ef6fecff300a0b0234c5949dbf9be8dc3c0709bd7d5f5a,undefined FUN_1814b4f9c(),ghidra,clean,
WHGame.dll,release_1_5_1164953_841,0x14b5060,36,FUN_1814b5060,,,0ee1d1784823944e4e039afe5eea97eea04d41d16c420210aa15d777c24086e8,undefined FUN_1814b5060(),ghidra,clean,
WHGame.dll,release_1_5_1164953_841,0x14b5084,170,FUN_1814b5084,,,24d0b6f4aa776509a0a65fdc5422c65ff23eb62d17503d4a882281e057cbd6dc,undefined FUN_1814b5084(),ghidra,clean,
WHGame.dll,release_1_5_1164953_841,0x14b5120,349,FUN_1814b5120,,,6d851571a23333beafed94320995fbaa645754e4ae0bab6c6cd3a45139461195,undefined FUN_1814b5120(),ghidra,clean,
WHGame.dll,release_1_5_1164953_841,0x14b5280,83,FUN_1814b5280,,,c81384a5654764f8b30779a334c8cbe0ca26b0516ca09d66a9d6b96cf715bb03,undefined FUN_1814b5280(),ghidra,clean,
WHGame.dll,release_1_5_1164953_841,0x14b52d4,35,FUN_1814b52d4,,,16d5d2f7e3da6b5f7674f11abf2c5ba33ec3f0eda1bcbc681f80d09bcc3685f4,undefined FUN_1814b52d4(),ghidra,clean,
WHGame.dll,release_1_5_1164953_841,0x14b52f8,140,FUN_1814b52f8,,,175cd05be16cbb45cd6ef75b8a90ee0e9ef3c4340a9e530e6d5b1b176d728bac,undefined FUN_1814b52f8(),ghidra,clean,
WHGame.dll,release_1_5_1164953_841,0x14b5384,96,FUN_1814b5384,,,24b59e40ef9b49f7bc1b1ecabd3b3c7804f45f22f0d56dab6ef7567bc45111bf,undefined FUN_1814b5384(),ghidra,clean,
WHGame.dll,release_1_5_1164953_841,0x14b53e4,133,FUN_1814b53e4,,,6db839369287761232c2ff3be6fe6d7a82ff66df258d87280b57cc9d3e80331c,undefined FUN_1814b53e4(),ghidra,clean,
WHGame.dll,release_1_5_1164953_841,0x14b546c,333,FUN_1814b546c,,,b353b26b8945c01c183f941f6c36b94821d9996c4031c587646aa2f6aca00c87,undefined FUN_1814b546c(),ghidra,clean,
WHGame.dll,release_1_5_1164953_841,0x14b55bc,62,FUN_1814b55bc,,,abfd1674ba198c7acf028fe1cd86922c6ed7d78a68d5b4cd80db7fe63856a446,undefined FUN_1814b55bc(),ghidra,clean,
WHGame.dll,release_1_5_1164953_841,0x14b55e8,51,FUN_1814b55e8,,,d7183d66e9b89ee405290ee1ace0c93e96ed2d0fec912f952cd842ff6983101c,undefined FUN_1814b55e8(),ghidra,clean,
WHGame.dll,release_1_5_1164953_841,0x14b561c,77,FUN_1814b561c,,,b676423ff2fe4ae9385aab3809d57dce6c3109ab43ed7ba6f3c818ce6c6976a4,undefined FUN_1814b561c(),ghidra,clean,
WHGame.dll,release_1_5_1164953_841,0x14b566c,62,FUN_1814b566c,,,ac27ba9282203a7ba5107019299a73d71cd60daf24b44ea2224707c3fc97e753,undefined FUN_1814b566c(),ghidra,clean,
WHGame.dll,release_1_5_1164953_841,0x14b5698,51,FUN_1814b5698,,,3a528a239edfe93ce94e95a309e5ac9306085d5e2d2be1f33d2dca257c82508a,undefined FUN_1814b5698(),ghidra,clean,
WHGame.dll,release_1_5_1164953_841,0x14b56cc,77,FUN_1814b56cc,,,41b5bd1ae4063152d3cd3d479366354333ae20f8bb8c44f5374de55a4d6e7048,undefined FUN_1814b56cc(),ghidra,clean,
WHGame.dll,release_1_5_1164953_841,0x14b571c,155,FUN_1814b571c,,,c89d8bfb328d4871ca878e85ec66ad1c13831013c775a86227e9398a95789e7c,undefined FUN_1814b571c(),ghidra,clean,
WHGame.dll,release_1_5_1164953_841,0x14b57b8,291,FUN_1814b57b8,,,5b66dafc50ed8893f743fdf5dc0ff94d2146d13a89cb0d398b202a79caec9bf8,undefined FUN_1814b57b8(),ghidra,clean,
WHGame.dll,release_1_5_1164953_841,0x14b58dc,178,FUN_1814b58dc,,,46cee53fdc6de91d9d5c2e37c2ec3b00e08398ec78fbe61fc668593c3d382236,undefined FUN_1814b58dc(),ghidra,clean,
WHGame.dll,release_1_5_1164953_841,0x14b5990,105,FUN_1814b5990,,,72f3e2ea859eb8d71938e72eabbaa4402f629bd405c6f2d6f2a133b48f66596d,undefined FUN_1814b5990(),ghidra,clean,
WHGame.dll,release_1_5_1164953_841,0x14b59fc,194,FUN_1814b59fc,,,78a5798e7d8b81508c64f7d001b329c676d08d9eeec1ee8d4759aae3450e106e,undefined FUN_1814b59fc(),ghidra,clean,
WHGame.dll,release_1_5_1164953_841,0x14b5ac0,155,FUN_1814b5ac0,,,2bd5f8e4013ac70ac25944d667535e405b731a0804445a1f56c419f21cd02d14,undefined FUN_1814b5ac0(),ghidra,clean,
WHGame.dll,release_1_5_1164953_841,0x14b5b5c,291,FUN_1814b5b5c,,,314e378f7b969dbf51133f3e1a95818507a3908a4ee37deb54f9108430455c9a,undefined FUN_1814b5b5c(),ghidra,clean,
WHGame.dll,release_1_5_1164953_841,0x14b5c80,284,FUN_1814b5c80,,,2ff1a6ec576f31f0591aa2724739be79d259fadfe378453b7279e698275d6c2c,undefined FUN_1814b5c80(),ghidra,clean,
WHGame.dll,release_1_5_1164953_841,0x14b5d9c,170,FUN_1814b5d9c,,,e9ab4223cfd705484c711447e6554515997cb7b8d9484be457590ed01dc54071,undefined FUN_1814b5d9c(),ghidra,clean,
WHGame.dll,release_1_5_1164953_841,0x14b5de5,7,FUN_1814b5de5,,,145611f883849c380243ec7406ef78e51c1bfa50db438c9f6dbc781b1e4d5edb,undefined FUN_1814b5de5(),ghidra,clean,
WHGame.dll,release_1_5_1164953_841,0x14b5dec,28,FUN_1814b5dec,,,3ab0212ec90167505e7b236d3a2a2796507cd0d5a0fa93aecef149718c9f80af,undefined FUN_1814b5dec(),ghidra,clean,
WHGame.dll,release_1_5_1164953_841,0x14b5dfc,180,FUN_1814b5dfc,,,83ed7bda730b94990ef93d68051225260b2ff32e554657db74fd466820f816cf,undefined FUN_1814b5dfc(),ghidra,clean,
WHGame.dll,release_1_5_1164953_841,0x14b5eb0,43,FUN_1814b5eb0,,,fdc52f86ffa33b5c751c89fbb4e400518b3d4aa1bc61c4be4332026e89c31cc5,undefined FUN_1814b5eb0(),ghidra,clean,
WHGame.dll,release_1_5_1164953_841,0x14b5edc,155,FUN_1814b5edc,,,458d5ceb935896a6e0999407fec492510632ed4dadf301e677edb8a80cafb929,undefined FUN_1814b5edc(),ghidra,clean,
WHGame.dll,release_1_5_1164953_841,0x14b5f78,311,FUN_1814b5f78,,,6842ae1afe8222a3ed6f728cd7f008e06509c14cba8f0c041236487ed3af2939,undefined FUN_1814b5f78(),ghidra,clean,
WHGame.dll,release_1_5_1164953_841,0x14b60b0,110,FUN_1814b60b0,,,7bdc57791d2c13a45868eaf2d26b50362aed7e45eae4862b28aa3d23b7d2fa51,undefined FUN_1814b60b0(),ghidra,clean,
WHGame.dll,release_1_5_1164953_841,0x14b6120,160,FUN_1814b6120,,,8c8a8a9453cef64705821696f3c7893e3e02950ec2f34950be502de86b077b6f,undefined FUN_1814b6120(),ghidra,clean,
WHGame.dll,release_1_5_1164953_841,0x14b61a4,212,FUN_1814b61a4,,,611b14fddb93e0443d1759ab0e4b8e1b6aeb2fa1a29ef667f591f9a67af6c1be,undefined FUN_1814b61a4(),ghidra,clean,
WHGame.dll,release_1_5_1164953_841,0x14b625c,130,FUN_1814b625c,,,10a442f6c22c75bb7e4423fc0d87c0433efc5070093d7e39c6de7745aaa4aff7,undefined FUN_1814b625c(),ghidra,clean,
WHGame.dll,release_1_5_1164953_841,0x14b62e0,5,thunk_FUN_1814b62e8,,,b0d40b133b9394d93820ac0104b0065121d2d73df32c7bfb4e4cf5d805a8b103,undefined thunk_FUN_1814b62e8(),ghidra,clean,
WHGame.dll,release_1_5_1164953_841,0x14b62e8,103,FUN_1814b62e8,,,47ea7ad4abae29158a76f0002b2c97afeeb950c423c7db30c13a4a267afcf59a,undefined FUN_1814b62e8(),ghidra,clean,
WHGame.dll,release_1_5_1164953_841,0x14b6350,130,FUN_1814b6350,,,b0f94c80e0afaa406a47b82a0bd405287a64fa3e17a3c6d53d155c5cffe6b939,undefined FUN_1814b6350(),ghidra,clean,
WHGame.dll,release_1_5_1164953_841,0x14b63d4,5,thunk_FUN_1814b63dc,,,b0d40b133b9394d93820ac0104b0065121d2d73df32c7bfb4e4cf5d805a8b103,undefined thunk_FUN_1814b63dc(),ghidra,clean,
WHGame.dll,release_1_5_1164953_841,0x14b63dc,103,FUN_1814b63dc,,,892b6ace0f140ea33fe85aaf8f3ad5cd5bdcfdba2f7465adc0b5ab6ca24eba66,undefined FUN_1814b63dc(),ghidra,clean,
WHGame.dll,release_1_5_1164953_841,0x14b6444,232,FUN_1814b6444,,,dcdbc4d55fe3708bbafb7927605d37af269df07a7aaa6e88142bf9a4046f8050,undefined FUN_1814b6444(),ghidra,clean,
WHGame.dll,release_1_5_1164953_841,0x14b6504,232,FUN_1814b6504,,,ac21778dbeb7d5077e3c1f623095351479dc94cfd7debd7cc1558425e3563b53,undefined FUN_1814b6504(),ghidra,clean,
WHGame.dll,release_1_5_1164953_841,0x14b65c4,206,FUN_1814b65c4,,,3bf5f6b841cc4819d9a2642ef6edec930823c4e641a69e487e9ac06734b5ade0,undefined FUN_1814b65c4(),ghidra,clean,
WHGame.dll,release_1_5_1164953_841,0x14b6674,147,FUN_1814b6674,,,bfeca2ac37d85151ac174c5d60b27ed264e7a456bc31fa8af35bcf068bf8d94d,undefined FUN_1814b6674(),ghidra,clean,
WHGame.dll,release_1_5_1164953_841,0x14b6708,147,FUN_1814b6708,,,de60a6f9b378ceaefea50b192d5909f7466438c080b8fcd73ac961c97896665b,undefined FUN_1814b6708(),ghidra,clean,
WHGame.dll,release_1_5_1164953_841,0x14b679c,42,FUN_1814b679c,,,7e87c70d01f0e3e2d65c33e6eb3eaa7259bdf6d3f86aa4bc19f0e597414cbb08,undefined FUN_1814b679c(),ghidra,clean,
WHGame.dll,release_1_5_1164953_841,0x14b67c8,68,FUN_1814b67c8,,,5bda3fa1580bafe69f147ba18e877040b766bf427dd8fce06a380c1db774eeed,undefined FUN_1814b67c8(),ghidra,clean,
WHGame.dll,release_1_5_1164953_841,0x14b680c,53,FUN_1814b680c,,,c0d606496c7e86ebaa48f07b60fcd82e3b73f9a9ff565a2c0a7abf1fc57445ee,undefined FUN_1814b680c(),ghidra,clean,
WHGame.dll,release_1_5_1164953_841,0x14b6844,109,FUN_1814b6844,,,d245fbd586ecf3ea41ae871e70241fd2350504908f6b34872ee017ddc5ab4ed9,undefined FUN_1814b6844(),ghidra,clean,
WHGame.dll,release_1_5_1164953_841,0x14b6880,53,FUN_1814b6880,,,c44ef3814c76a241c268e453b7d8bafc80dae80f4ce75b02b6b5fb7d83d70531,undefined FUN_1814b6880(),ghidra,clean,
WHGame.dll,release_1_5_1164953_841,0x14b68b8,100,FUN_1814b68b8,,,c1a976da83597eee1db209da6ac0ef9acf40d9450465cfd548a09c0ca3d8e20c,undefined FUN_1814b68b8(),ghidra,clean,
WHGame.dll,release_1_5_1164953_841,0x14b691c,431,FUN_1814b691c,,,ee8285d1bb20c5d861f5b065ffa8a15fee293a5a65e26dfa30fadf6c7248fc81,undefined FUN_1814b691c(),ghidra,clean,
WHGame.dll,release_1_5_1164953_841,0x14b6a78,40,FUN_1814b6a78,,,4777cd897f78792b848098c16cfbc9a61f4c2790b4ae718142d2ea19032d60ce,undefined FUN_1814b6a78(),ghidra,clean,
WHGame.dll,release_1_5_1164953_841,0x14b6aa0,42,FUN_1814b6aa0,,,bb0f176304d2b4600ec818e98d9473632f8e4230e62c215816fbf23ed5008968,undefined FUN_1814b6aa0(),ghidra,clean,
WHGame.dll,release_1_5_1164953_841,0x14b6acc,53,FUN_1814b6acc,,,dc66e929a533b6d3e35104077d2ed7d63134a49743d3bae6b9bd2d48e1b0344d,undefined FUN_1814b6acc(),ghidra,clean,
WHGame.dll,release_1_5_1164953_841,0x14b6b04,436,FUN_1814b6b04,,,bfaa560089da41b20d0ba67e3435d46bc1456cd712475791b8347048ff4c9811,undefined FUN_1814b6b04(),ghidra,clean,
WHGame.dll,release_1_5_1164953_841,0x14b6be4,436,FUN_1814b6be4,,,8406c7ce58df97ecfdab53b9d9b9f66dcc83b9fcc3a92318173206ddc6166ccb,undefined FUN_1814b6be4(),ghidra,clean,
WHGame.dll,release_1_5_1164953_841,0x14b6cc4,328,FUN_1814b6cc4,,,97a4258617686f7ee515f828796e02c6d4160ffabd6120774d3366b98c85c52f,undefined FUN_1814b6cc4(),ghidra,clean,
WHGame.dll,release_1_5_1164953_841,0x14b6e10,100,FUN_1814b6e10,,,ebca0e4c5aac809434b03ffa570cc143b1ab61ab2046d6bef0014b08c298cb4e,undefined FUN_1814b6e10(),ghidra,clean,
WHGame.dll,release_1_5_1164953_841,0x14b6e74,26,FUN_1814b6e74,,,22c9a3663879347f4bf1e7f72a93869b9cd172128eb909d6f37a1915c3aa0035,undefined FUN_1814b6e74(),ghidra,clean,
WHGame.dll,release_1_5_1164953_841,0x14b6e90,97,FUN_1814b6e90,,,90792fad7bd618ae9a40f3af68a09c147a3db096d06438fe536758280129a9ca,undefined FUN_1814b6e90(),ghidra,clean,
WHGame.dll,release_1_5_1164953_841,0x14b6ef4,62,FUN_1814b6ef4,,,7b114ea8dfa54d26aa1420234f2bda301967ecb03d09b32e07009aeb8b2736e8,undefined FUN_1814b6ef4(),ghidra,clean,
WHGame.dll,release_1_5_1164953_841,0x14b6f20,43,FUN_1814b6f20,,,f53a05c64b12ef6efb7fc918589a6f21c8d32266edeb4d97f507795fdb3539ac,undefined FUN_1814b6f20(),ghidra,clean,
WHGame.dll,release_1_5_1164953_841,0x14b6f4c,155,FUN_1814b6f4c,,,6a1ff92b2c24cebd147bde871df97ce8b0239e569103274b21a3dd15e793b494,undefined FUN_1814b6f4c(),ghidra,clean,
WHGame.dll,release_1_5_1164953_841,0x14b6fe8,291,FUN_1814b6fe8,,,46bc128abaaa3ddb533fa67193a396bf39653f7c14b52192c608c7d1dae84d71,undefined FUN_1814b6fe8(),ghidra,clean,
WHGame.dll,release_1_5_1164953_841,0x14b710c,399,FUN_1814b710c,,,6a11894748b0a32387f2771d51efc8e3bed368424f2e4c386e03409c42bc8f87,undefined FUN_1814b710c(),ghidra,clean,
WHGame.dll,release_1_5_1164953_841,0x14b7294,527,FUN_1814b7294,,,0f4bb148da3fd646fc1bb80d675e5d82d58315912a868534fba260dcb32f19d4,undefined FUN_1814b7294(),ghidra,clean,
WHGame.dll,release_1_5_1164953_841,0x14b74a4,318,FUN_1814b74a4,,,2b31083abd579b1fbcee464a61d174e992d7fa77495344906aab4cb20a2b5099,undefined FUN_1814b74a4(),ghidra,clean,
WHGame.dll,release_1_5_1164953_841,0x14b7584,581,FUN_1814b7584,,,d03db272e518e7b8d1798c4beaf6379f09e1624843cd7f832472c64ec1442875,undefined FUN_1814b7584(),ghidra,clean,
WHGame.dll,release_1_5_1164953_841,0x14b77cc,142,FUN_1814b77cc,,,3e884ea1b5435f94ed7e48ee8ec68df8ed826f024f3f94e94bfb5c360b16e3ca,undefined FUN_1814b77cc(),ghidra,clean,
WHGame.dll,release_1_5_1164953_841,0x14b785c,155,FUN_1814b785c,,,2cb5f2697980c307fd8aa09f64cc3131f59fba03bf031f8329e201529764fa18,undefined FUN_1814b785c(),ghidra,clean,
WHGame.dll,release_1_5_1164953_841,0x14b78f8,26,FUN_1814b78f8,,,819234953c91d716a341edb10dcca2267107efa13f78881bbca64f4a7a11eeca,undefined FUN_1814b78f8(),ghidra,clean,
WHGame.dll,release_1_5_1164953_841,0x14b7914,155,FUN_1814b7914,,,a6d1b94ee57b38f408ecceff261188d433260ff891c4983747024a2218145fcb,undefined FUN_1814b7914(),ghidra,clean,
WHGame.dll,release_1_5_1164953_841,0x14b79b0,291,FUN_1814b79b0,,,5e0f91d999b564386919f162f9a93de8eb8a9f297f88b14731ba361ed169be71,undefined FUN_1814b79b0(),ghidra,clean,
WHGame.dll,release_1_5_1164953_841,0x14b7ad4,301,FUN_1814b7ad4,,,b53e60c417429a4fc82dc4b221a97e71c6c34e5f8c6bc4c34e6d55377bb7895f,undefined FUN_1814b7ad4(),ghidra,clean,
WHGame.dll,release_1_5_1164953_841,0x14b7c04,234,FUN_1814b7c04,,,4c75bd40e67e91f25bc16b5080e8047a1ac14edaf4c0ce84765cb4e6cee6ceda,undefined FUN_1814b7c04(),ghidra,clean,
WHGame.dll,release_1_5_1164953_841,0x14b7cf0,207,FUN_1814b7cf0,,,c7394f6394ef2bded81e55974fa7428236f63a07b9da7469dd4b2a768833234a,undefined FUN_1814b7cf0(),ghidra,clean,
WHGame.dll,release_1_5_1164953_841,0x14b7db0,261,FUN_1814b7db0,,,2f440df4aeac418c8220c45e9536d78756d24fa937c2beae2b7bd289f4668856,undefined FUN_1814b7db0(),ghidra,clean,
WHGame.dll,release_1_5_1164953_841,0x14b7eac,196,FUN_1814b7eac,,,364f09d6deb0dbe0cab1e9566c8aa97a3ff617453e9c394b3129256cb13bf353,undefined FUN_1814b7eac(),ghidra,clean,
WHGame.dll,release_1_5_1164953_841,0x14b7f70,234,FUN_1814b7f70,,,91b5a0f1670909f71e065834569a5d7d0881ff148107a942343e6368512b60a5,undefined FUN_1814b7f70(),ghidra,clean,
WHGame.dll,release_1_5_1164953_841,0x14b805c,207,FUN_1814b805c,,,1d3f880b6b6b5c1d87f35f556a8584f1ab956b26990d44f436e482f7fa089803,undefined FUN_1814b805c(),ghidra,clean,
WHGame.dll,release_1_5_1164953_841,0x14b811c,261,FUN_1814b811c,,,950cfe976d316052b7a6c73527d483714059f0db37aca6b0dcb8cd43e6e5460f,undefined FUN_1814b811c(),ghidra,clean,
WHGame.dll,release_1_5_1164953_841,0x14b8218,196,FUN_1814b8218,,,b42c829b89b4f93b0e3e1e0361fd206cc0963abbdf4d14bd892e6750b6deb8f2,undefined FUN_1814b8218(),ghidra,clean,
WHGame.dll,release_1_5_1164953_841,0x14b82dc,296,FUN_1814b82dc,,,d11d066751a4aeb6c87d9b4d858cf2dac1701db0a3604e2141ef672b4a69c437,undefined FUN_1814b82dc(),ghidra,clean,
WHGame.dll,release_1_5_1164953_841,0x14b8404,196,FUN_1814b8404,,,5a6a1528e71095956478ba8acd3576771acda1a0d32af44952863172de369bb0,undefined FUN_1814b8404(),ghidra,clean,
WHGame.dll,release_1_5_1164953_841,0x14b84c0,175,FUN_1814b84c0,,,a04bcb762b1dae56315a6c9f7c46466ed5ba7f8fe12f5187c555e1b4cd713405,undefined FUN_1814b84c0(),ghidra,clean,
WHGame.dll,release_1_5_1164953_841,0x14b8570,291,FUN_1814b8570,,,653b870c3f5cbda75a9d17d58a4b6828498fd0659b6f5a857a636e3ceaaded91,undefined FUN_1814b8570(),ghidra,clean,
WHGame.dll,release_1_5_1164953_841,0x14b8694,291,FUN_1814b8694,,,e8d1096ccb0334d5f5863475b21aca462191900845059a8bb73a38811d74fe8a,undefined FUN_1814b8694(),ghidra,clean,
WHGame.dll,release_1_5_1164953_841,0x14b87b8,234,FUN_1814b87b8,,,d5ac2e8870ad417c461e0ddfc6159e23393fa6506b069e56d9a9fc4a4986a35b,undefined FUN_1814b87b8(),ghidra,clean,
WHGame.dll,release_1_5_1164953_841,0x14b88a4,207,FUN_1814b88a4,,,99ef46f9349a7210ca8fbec38c8e9092b033a0d62e2ad488f736c9f6e13c2471,undefined FUN_1814b88a4(),ghidra,clean,
WHGame.dll,release_1_5_1164953_841,0x14b8964,234,FUN_1814b8964,,,e41dfbc302ddc14013921e0c8c2f7aeffbb32207a5106980176b871041a449d1,undefined FUN_1814b8964(),ghidra,clean,
WHGame.dll,release_1_5_1164953_841,0x14b8a50,207,FUN_1814b8a50,,,3a6ec87da39958c695782e03df159244f1b185cf10ca02f9ea1e555914fc3432,undefined FUN_1814b8a50(),ghidra,clean,
WHGame.dll,release_1_5_1164953_841,0x14b8b10,234,FUN_1814b8b10,,,b92235d6e88b566da9e6ab8d739224bc529a33828a7482016799f88d5a4a782d,undefined FUN_1814b8b10(),ghidra,clean,
WHGame.dll,release_1_5_1164953_841,0x14b8bfc,207,FUN_1814b8bfc,,,b4d7dc0047bbcf84fdc976213ca44c18195381aa8761dfd8fdd7f2fa15e89ac7,undefined FUN_1814b8bfc(),ghidra,clean,
WHGame.dll,release_1_5_1164953_841,0x14b8cbc,261,FUN_1814b8cbc,,,884e86d2c7ae73ecbea3a59edd3e52d4a12a71cf96a6d50abc15dca84ec5a41f,undefined FUN_1814b8cbc(),ghidra,clean,
WHGame.dll,release_1_5_1164953_841,0x14b8db8,261,FUN_1814b8db8,,,2cda63f8661f69d6b09ad44c61a4283db8856bfc6e118fbeb0aebd91c899773b,undefined FUN_1814b8db8(),ghidra,clean,
WHGame.dll,release_1_5_1164953_841,0x14b8eb4,261,FUN_1814b8eb4,,,9d185d3306a3ad099ec1a6410f155ca8cd8a1abf861cce57a6b35c557dd3f994,undefined FUN_1814b8eb4(),ghidra,clean,
WHGame.dll,release_1_5_1164953_841,0x14b8fb0,155,FUN_1814b8fb0,,,f5e7613aaf10a271ea009ae19ea346cd3f6122138579bb2fe17b7833066d8ff4,undefined FUN_1814b8fb0(),ghidra,clean,
WHGame.dll,release_1_5_1164953_841,0x14b904c,155,FUN_1814b904c,,,ef4841d8d55472734048f30723492f7466bfddfedd8e2c14c126299569836bf2,undefined FUN_1814b904c(),ghidra,clean,
WHGame.dll,release_1_5_1164953_841,0x14b90e8,155,FUN_1814b90e8,,,a1d6c041bc1efea137801247729421af6d7dc094091dde6574dc7f42b2ba2566,undefined FUN_1814b90e8(),ghidra,clean,
WHGame.dll,release_1_5_1164953_841,0x14b9184,196,FUN_1814b9184,,,8b4ea067ea1b14b39f1fc3eeee6f7292542631c879183db5b0b428e744be2dc5,undefined FUN_1814b9184(),ghidra,clean,
WHGame.dll,release_1_5_1164953_841,0x14b9248,196,FUN_1814b9248,,,00b41c234dd9bbfd2e9c44f5564e3b364c8743e8faa6412c281ec681077c9005,undefined FUN_1814b9248(),ghidra,clean,
WHGame.dll,release_1_5_1164953_841,0x14b930c,196,FUN_1814b930c,,,100a9d6a0d7435f80207c08ad993646019c17926d5bc5f48d3a3b2370dee7040,undefined FUN_1814b930c(),ghidra,clean,
WHGame.dll,release_1_5_1164953_841,0x14b93d0,26,FUN_1814b93d0,,,164e5073268e3b79e2f4a031191f1bebad7cac4112dfe51f901da4e5b0dc7632,undefined FUN_1814b93d0(),ghidra,clean,
WHGame.dll,release_1_5_1164953_841,0x14b93ec,26,FUN_1814b93ec,,,ca0552d216cb0bc8cb2b5bbc589ccbec22c4e287f13d041e0da2c1ec42d16e8f,undefined FUN_1814b93ec(),ghidra,clean,
WHGame.dll,release_1_5_1164953_841,0x14b9408,26,FUN_1814b9408,,,af620304f6c0ecce4345213b968c38b28c2654ffd0a888f3bec35bd29f58fa3e,undefined FUN_1814b9408(),ghidra,clean,
WHGame.dll,release_1_5_1164953_841,0x14b9424,83,FUN_1814b9424,,,3c1ae7c5f78238450f44c0b31b4de886f6cd0da34b9fcb2871331be2569e7b16,undefined FUN_1814b9424(),ghidra,clean,
WHGame.dll,release_1_5_1164953_841,0x14b9478,83,FUN_1814b9478,,,636e77af51f8b491759d837d2c40e9183e228a84252e84570ce99ebd567b7d44,undefined FUN_1814b9478(),ghidra,clean,
WHGame.dll,release_1_5_1164953_841,0x14b94cc,83,FUN_1814b94cc,,,60db0459ed12c2cfc03073436d16f81c3636c9c9bb65a1b3da8bf8e4623d7c90,undefined FUN_1814b94cc(),ghidra,clean,
WHGame.dll,release_1_5_1164953_841,0x14b9520,86,FUN_1814b9520,,,b5409afd55dd2cb4528e78c1c92cd52c6b5b11e3e9519f0679227b1a3de59ad5,undefined FUN_1814b9520(),ghidra,clean,
WHGame.dll,release_1_5_1164953_841,0x14b9578,83,FUN_1814b9578,,,cdc4ee95958d210c35a417c2bf604070876519e713d12c1a8b3636f1285796b8,undefined FUN_1814b9578(),ghidra,clean,
WHGame.dll,release_1_5_1164953_841,0x14b95cc,85,FUN_1814b95cc,,,a9acf9316f7dcfa66e266dcb6bc72bcb5621c8009649846de346bb7be2f0c1f7,undefined FUN_1814b95cc(),ghidra,clean,
WHGame.dll,release_1_5_1164953_841,0x14b9600,109,FUN_1814b9600,,,b14c4a605858cce974d1042bad866a49d74a209ca48bade1046e7241d00b73f5,undefined FUN_1814b9600(),ghidra,clean,
WHGame.dll,release_1_5_1164953_841,0x14b9638,461,FUN_1814b9638,,,b543abc86afe57ba871570cf82f520480377bfe350c6fa6506239cc9ec1523e5,undefined FUN_1814b9638(),ghidra,clean,
WHGame.dll,release_1_5_1164953_841,0x14b9728,155,FUN_1814b9728,,,ba3c561b6e7854542ee82296036407906e736f73b463ef5169ac6d2f4eae109f,undefined FUN_1814b9728(),ghidra,clean,
WHGame.dll,release_1_5_1164953_841,0x14b97c4,109,FUN_1814b97c4,,,1edf60e75de7804c9d8b8e1bc3c042859439cff009b5c70d16e5f3630ade7c5b,undefined FUN_1814b97c4(),ghidra,clean,
WHGame.dll,release_1_5_1164953_841,0x14b97fc,461,FUN_1814b97fc,,,3cdafcf29fbfab401c03b9f2277e712d0d2359a70e03eee95d45b4b35feae60f,undefined FUN_1814b97fc(),ghidra,clean,
WHGame.dll,release_1_5_1164953_841,0x14b98ec,155,FUN_1814b98ec,,,51fc78798eda2cca4bcd511db3e7f882e7bb5de0e70aed91ad5db800f664d554,undefined FUN_1814b98ec(),ghidra,clean,
WHGame.dll,release_1_5_1164953_841,0x14b9988,109,FUN_1814b9988,,,78c5af16270cf8e21313dddb18060d9b86c646730d1f80dc5ecec6cfcef07aa1,undefined FUN_1814b9988(),ghidra,clean,
WHGame.dll,release_1_5_1164953_841,0x14b99c0,461,FUN_1814b99c0,,,1e91dff60a1feb0a0af285a625b11622c2a64b645f6872aadbae347c4b1233e8,undefined FUN_1814b99c0(),ghidra,clean,
WHGame.dll,release_1_5_1164953_841,0x14b9ab0,155,FUN_1814b9ab0,,,cba7fad0359618e24514213615917459b7d2772aeea37888223f3023c0cd61f6,undefined FUN_1814b9ab0(),ghidra,clean,
WHGame.dll,release_1_5_1164953_841,0x14b9b4c,291,FUN_1814b9b4c,,,4269627a337a572ea5e4f75200bc857f6a4eb664468d3713ef47d7c112dadf4f,undefined FUN_1814b9b4c(),ghidra,clean,
WHGame.dll,release_1_5_1164953_841,0x14b9c70,291,FUN_1814b9c70,,,a4dff7443f0f570cc868f33b3a4b324f08823b4195fc1d12d14561c7414fc6d4,undefined FUN_1814b9c70(),ghidra,clean,
WHGame.dll,release_1_5_1164953_841,0x14b9d94,291,FUN_1814b9d94,,,2a6544eb50ebd7c91699f9a08d1d0f2840f1c9b255ec879df677ffeb06592824,undefined FUN_1814b9d94(),ghidra,clean,
WHGame.dll,release_1_5_1164953_841,0x14b9eb8,291,FUN_1814b9eb8,,,e1aa196be002db340b42c178a87b94c9045702c3df28967164c7173916f8d1c4,undefined FUN_1814b9eb8(),ghidra,clean,
WHGame.dll,release_1_5_1164953_841,0x14b9fdc,91,FUN_1814b9fdc,,,781085c53fb7343247e496dd4ca256c6139ca7c6b413c446182d5afc06995367,undefined FUN_1814b9fdc(),ghidra,clean,
WHGame.dll,release_1_5_1164953_841,0x14ba038,326,FUN_1814ba038,,,c66d24188979f58bf70f64bfbb3b783c9d6d4fef0b4ed8917e5f057787af3185,undefined FUN_1814ba038(),ghidra,clean,
WHGame.dll,release_1_5_1164953_841,0x14ba180,86,FUN_1814ba180,,,1abbd7c747e2efe4e0dd22d2112ef665ed37df85cb5c68f7744286a439caaca4,undefined FUN_1814ba180(),ghidra,clean,
WHGame.dll,release_1_5_1164953_841,0x14ba1c8,156,FUN_1814ba1c8,,,77fc8f00109fe8cedd46e67951c568cd4657fec643cfa9d9f61f1176cca3c8ad,undefined FUN_1814ba1c8(),ghidra,clean,
WHGame.dll,release_1_5_1164953_841,0x14ba264,36,FUN_1814ba264,,,2a0f2f6f13505fcc6b1a60ddb254d0ffbf8ef82d3551db7a8188d0884c5f7129,undefined FUN_1814ba264(),ghidra,clean,
WHGame.dll,release_1_5_1164953_841,0x14ba28c,136,FUN_1814ba28c,,,8f4459701550509086f2da1730881f6e1e22b7bbf19ffb9d4ab6e84358f59ee2,undefined FUN_1814ba28c(),ghidra,clean,
WHGame.dll,release_1_5_1164953_841,0x14ba2ec,74,FUN_1814ba2ec,,,2c010ed568955a33c25e67fd0d9ff4fa78f0cf2bca9eb326592f5009d6f8f783,undefined FUN_1814ba2ec(),ghidra,clean,
WHGame.dll,release_1_5_1164953_841,0x14ba338,85,FUN_1814ba338,,,6ac2fe7732fb63a0ed55eeec8d468c14bbb6bad5a35f665528152f5b3c83637e,undefined FUN_1814ba338(),ghidra,clean,
WHGame.dll,release_1_5_1164953_841,0x14ba390,190,FUN_1814ba390,,,313ea3247234a5c0d4ba7021bb6147ee17b61ad6dcb0931cc230bc0ce4fafdfe,undefined FUN_1814ba390(),ghidra,clean,
WHGame.dll,release_1_5_1164953_841,0x14ba450,26,FUN_1814ba450,,,8c48c7485bc7275c4fd01b8fae07123d3e57606197a64e78b3420f0b0f5729ed,undefined FUN_1814ba450(),ghidra,clean,
WHGame.dll,release_1_5_1164953_841,0x14ba46c,298,FUN_1814ba46c,,,6470999f46a99a21b10770bd07093fa71ca5ff255c698556e77096ab3e8480e4,undefined FUN_1814ba46c(),ghidra,clean,
WHGame.dll,release_1_5_1164953_841,0x14ba598,190,FUN_1814ba598,,,0b011b78120cad803ce58e1e9987b06cf2f1bda0a9fcaf1cbe1ac03a10cb02cf,undefined FUN_1814ba598(),ghidra,clean,
WHGame.dll,release_1_5_1164953_841,0x14ba658,94,FUN_1814ba658,,,abf2a4c135cdd4b9eb1d653934108e3386daae5c7ee7040cc07588b69ef834d2,undefined FUN_1814ba658(),ghidra,clean,
WHGame.dll,release_1_5_1164953_841,0x14ba6b8,94,FUN_1814ba6b8,,,eca95eef28f45351ac4f9b2ed85893ceab35ddf87af014addcfe6a68357b7814,undefined FUN_1814ba6b8(),ghidra,clean,
WHGame.dll,release_1_5_1164953_841,0x14ba718,30,FUN_1814ba718,,,42ce94e21a6bd491c6ea7cf019eae9264ddd9928990b6ce3bcfe947f22c76004,undefined FUN_1814ba718(),ghidra,clean,
WHGame.dll,release_1_5_1164953_841,0x14ba738,85,FUN_1814ba738,,,dccd74d8bb270c8577eeb324e95907ee8a03571feb7e2f229108430c5a4968c5,undefined FUN_1814ba738(),ghidra,clean,
WHGame.dll,release_1_5_1164953_841,0x14ba76c,155,FUN_1814ba76c,,,97bbd09987f575ef25f5f99157d6a0a69eebcc0ba99dd4470488d7aff86971f1,undefined FUN_1814ba76c(),ghidra,clean,
WHGame.dll,release_1_5_1164953_841,0x14ba808,196,FUN_1814ba808,,,23b9f3731e99b5c7ef81ebb3adee50d49b2c65134d71401dfaf7e63798b0023f,undefined FUN_1814ba808(),ghidra,clean,
WHGame.dll,release_1_5_1164953_841,0x14ba8c4,175,FUN_1814ba8c4,,,2f00d1fa7e34a62766a0b384a5e0961962f465dc779f515ea90266ff4bf3e5db,undefined FUN_1814ba8c4(),ghidra,clean,
WHGame.dll,release_1_5_1164953_841,0x14ba974,291,FUN_1814ba974,,,5b78ea0a120cbdaa650c06a0a6b957a28cf46f88fd260a097a0d1b19fcbf818b,undefined FUN_1814ba974(),ghidra,clean,
WHGame.dll,release_1_5_1164953_841,0x14baa98,86,FUN_1814baa98,,,804de992225b41c93f216a998e47af5cf57961d61d65a488df9c84781839969a,undefined FUN_1814baa98(),ghidra,clean,
WHGame.dll,release_1_5_1164953_841,0x14baaf0,83,FUN_1814baaf0,,,c6d5658fa410fec7b89e7f5fdb927eddf305eafce95fb2d1e69f77df80457905,undefined FUN_1814baaf0(),ghidra,clean,
WHGame.dll,release_1_5_1164953_841,0x14bab44,85,FUN_1814bab44,,,ff5a473b99f7e14a9991e74e7a9c084ff3f23384a0f8d66714ffbd5f70a24e3b,undefined FUN_1814bab44(),ghidra,clean,
WHGame.dll,release_1_5_1164953_841,0x14bab78,247,FUN_1814bab78,,,1e7e6c0d2af5149e466c7260830043e9f4178736b4160582e56292cdd793b605,undefined FUN_1814bab78(),ghidra,clean,
WHGame.dll,release_1_5_1164953_841,0x14bac70,113,FUN_1814bac70,,,55511e4157973d176a43500e7b161cec2dc9ee5d864651d73d2a607b7870f51e,undefined FUN_1814bac70(),ghidra,clean,
WHGame.dll,release_1_5_1164953_841,0x14bace4,5,thunk_FUN_1814bacec,,,b0d40b133b9394d93820ac0104b0065121d2d73df32c7bfb4e4cf5d805a8b103,undefined thunk_FUN_1814bacec(),ghidra,clean,
WHGame.dll,release_1_5_1164953_841,0x14bacec,103,FUN_1814bacec,,,3b7184ff52c5c3f1a7953dedeb2c079ee4047db5be7f44833c2fc92e8e9b509e,undefined FUN_1814bacec(),ghidra,clean,
WHGame.dll,release_1_5_1164953_841,0x14bad54,95,FUN_1814bad54,,,79c5bbcb7fd454905d162908d4fd11e0eb8a60849568f41c505b57f37c8f903b,undefined FUN_1814bad54(),ghidra,clean,
WHGame.dll,release_1_5_1164953_841,0x14badb4,198,FUN_1814badb4,,,37d7506d60638f072d33fb68e3cd9ccc27aaaefcafc14c8e04546c067f047c74,undefined FUN_1814badb4(),ghidra,clean,
WHGame.dll,release_1_5_1164953_841,0x14bae60,53,FUN_1814bae60,,,c0738ee448a51c67058ce60cf8e7f0001b9e02f4f52cacddf77735f924e0fe86,undefined FUN_1814bae60(),ghidra,clean,
WHGame.dll,release_1_5_1164953_841,0x14bae98,147,FUN_1814bae98,,,622ede89c2edd98e9c4c648e066e2620fd50bb99e9beb6be4d144013f372335a,undefined FUN_1814bae98(),ghidra,clean,
WHGame.dll,release_1_5_1164953_841,0x14baf2c,147,FUN_1814baf2c,,,a4bfe38009d8bcb1c0f12742d429aee994bdceb34e598b89c16a23edc7674c39,undefined FUN_1814baf2c(),ghidra,clean,
WHGame.dll,release_1_5_1164953_841,0x14bafc0,42,FUN_1814bafc0,,,69b1388eba0e06b15bd8fabdd0b7e6e692c41cd28b8084beccf9b2a0117d394c,undefined FUN_1814bafc0(),ghidra,clean,
WHGame.dll,release_1_5_1164953_841,0x14bafec,68,FUN_1814bafec,,,7e572011be2ff0a55d11cea309a16529a0f550179a951438a34676177c7b5143,undefined FUN_1814bafec(),ghidra,clean,
WHGame.dll,release_1_5_1164953_841,0x14bb030,417,FUN_1814bb030,,,5cc42499c4cd3c49b6bcf6b9a5db1826e7950fdf0f59335c10b876ff1a661e59,undefined FUN_1814bb030(),ghidra,clean,
WHGame.dll,release_1_5_1164953_841,0x14bb150,40,FUN_1814bb150,,,b50a45fdc6baf415a00d53e9d075c4e4b3c9af7f11f706de456d21b0deb10ad9,undefined FUN_1814bb150(),ghidra,clean,
WHGame.dll,release_1_5_1164953_841,0x14bb178,42,FUN_1814bb178,,,288750ec070a90be99b15a225e1b23b6193f64ba969258aedc08e1edf53c0e2c,undefined FUN_1814bb178(),ghidra,clean,
WHGame.dll,release_1_5_1164953_841,0x14bb1a4,328,FUN_1814bb1a4,,,82576cd19f97c5982dbf7e262e2e269d7744fd589c95925944bce966e8b7b048,undefined FUN_1814bb1a4(),ghidra,clean,
WHGame.dll,release_1_5_1164953_841,0x14bb2f0,100,FUN_1814bb2f0,,,4d1ef03c698ad67998449fdac2873ec42a04d89d710585f6fdf1bc124a623ac8,undefined FUN_1814bb2f0(),ghidra,clean,
WHGame.dll,release_1_5_1164953_841,0x14bb3b4,190,FUN_1814bb3b4,,,787d948f726789896137a938d0b8e8023320af5618a38056aa6db3af0113c433,undefined FUN_1814bb3b4(),ghidra,clean,
WHGame.dll,release_1_5_1164953_841,0x14bb474,190,FUN_1814bb474,,,6b635ec0f651760cfcaa3b7112a97f0be4179082f680767a768aa865179e1a13,undefined FUN_1814bb474(),ghidra,clean,
WHGame.dll,release_1_5_1164953_841,0x14bb534,26,FUN_1814bb534,,,d7d00a82af44ae2f0f360843cf2cc087c7d2f85db6e098520fc86c9ab9c69147,undefined FUN_1814bb534(),ghidra,clean,
WHGame.dll,release_1_5_1164953_841,0x14bb550,143,FUN_1814bb550,,,cce0cd045c09e4944cc80858dfd29928d46c3672f1a4900ae32fd67a18fa5a98,undefined FUN_1814bb550(),ghidra,clean,
WHGame.dll,release_1_5_1164953_841,0x14bb5e0,211,FUN_1814bb5e0,,,10823e4c05836627a73b1c293c6a294eacd490ebb700d878c83df50eff6fd445,undefined FUN_1814bb5e0(),ghidra,clean,
WHGame.dll,release_1_5_1164953_841,0x14bb6b4,306,FUN_1814bb6b4,,,ae9db4ad0644ff83bd156b372c84c9816c6497a3ef9a62806a16c9c3582adee1,undefined FUN_1814bb6b4(),ghidra,clean,
WHGame.dll,release_1_5_1164953_841,0x14bb7e8,20,FUN_1814bb7e8,,,cda052f1790861031fee778be666b0fc848b2c4b318ad8e82f3bdedfcf0bcb9d,undefined FUN_1814bb7e8(),ghidra,clean,
WHGame.dll,release_1_5_1164953_841,0x14bb7fc,26,FUN_1814bb7fc,,,819234953c91d716a341edb10dcca2267107efa13f78881bbca64f4a7a11eeca,undefined FUN_1814bb7fc(),ghidra,clean,
WHGame.dll,release_1_5_1164953_841,0x14bb818,155,FUN_1814bb818,,,298c9a21494370c54d7eeff5cddcad49e1cc331c801f044907e806a671e122f4,undefined FUN_1814bb818(),ghidra,clean,
WHGame.dll,release_1_5_1164953_841,0x14bb8b4,304,FUN_1814bb8b4,,,915284330b18949991ff7c1cdcdb3e5ec9e94ac2d5c1b569d057ae4980d02a1b,undefined FUN_1814bb8b4(),ghidra,clean,
WHGame.dll,release_1_5_1164953_841,0x14bb9e4,335,FUN_1814bb9e4,,,377e497b8f27c637eab52749751a313998e38297990553e42b5f76f5fee8b676,undefined FUN_1814bb9e4(),ghidra,clean,
WHGame.dll,release_1_5_1164953_841,0x14bbad2,8,FUN_1814bbad2,,,d584cb1a2afef309eb33a9b90753d6c9a99b0c481366318ccddcba175a3b8c54,undefined FUN_1814bbad2(),ghidra,clean,
WHGame.dll,release_1_5_1164953_841,0x14bbae4,155,FUN_1814bbae4,,,ea727b40c296d2d623eb6b3357fe491cac24f4e0d22a47788b430174bd8e3bee,undefined FUN_1814bbae4(),ghidra,clean,
WHGame.dll,release_1_5_1164953_841,0x14bbb80,155,FUN_1814bbb80,,,b9654a3822341665cec8e416bd79f7ab299478a3f8689679a0f40a7b55fa6862,undefined FUN_1814bbb80(),ghidra,clean,
WHGame.dll,release_1_5_1164953_841,0x14bbc1c,155,FUN_1814bbc1c,,,b31b8409780e393ccfa5a2f4727c133e810ff76f23aa149c9afa273ad50137a5,undefined FUN_1814bbc1c(),ghidra,clean,
WHGame.dll,release_1_5_1164953_841,0x14bbcb8,240,FUN_1814bbcb8,,,5dadbc054a3a31dacbcc133e7b6d758cfda00071070cb33500c93a49fe1e8b6f,undefined FUN_1814bbcb8(),ghidra,clean,
WHGame.dll,release_1_5_1164953_841,0x14bbda8,18,FUN_1814bbda8,,,34d4cf63302c32cb17d9509016ace808f9e7388ff8a8a7bd049145ef5aafa7be,undefined FUN_1814bbda8(),ghidra,clean,
WHGame.dll,release_1_5_1164953_841,0x14bbdbc,298,FUN_1814bbdbc,,,9934a82889e8e99e9b8eac17e422236e192935af19b448b181f94b1cedf91d49,undefined FUN_1814bbdbc(),ghidra,clean,
WHGame.dll,release_1_5_1164953_841,0x14bbee8,301,FUN_1814bbee8,,,5e7f9b93a8c6ff8ff63d1dc7c932f57c27f5ba5f2bd0dcc6e5665a45241bfdbd,undefined FUN_1814bbee8(),ghidra,clean,
WHGame.dll,release_1_5_1164953_841,0x14bc018,37,FUN_1814bc018,,,26e465c3a52183effd943069e679d6249cad759b58452ed18c07d0e4130f5f2f,undefined FUN_1814bc018(),ghidra,clean,
WHGame.dll,release_1_5_1164953_841,0x14bc040,28,FUN_1814bc040,,,0d2d7fc844b193d5a1b83d830f20518d388a22b3c7b0c520c7b1064a10378f79,undefined FUN_1814bc040(),ghidra,clean,
WHGame.dll,release_1_5_1164953_841,0x14bc05c,49,FUN_1814bc05c,,,e95ce0200c0220e3ae0f7fbbd23f447571cca26add62c2966b747ab83a9e9917,undefined FUN_1814bc05c(),ghidra,clean,
WHGame.dll,release_1_5_1164953_841,0x14bc090,155,FUN_1814bc090,,,b77a7b92ccc95e378d193b062955d0e2895b4f057064c331fd6307bfc5b35730,undefined FUN_1814bc090(),ghidra,clean,
WHGame.dll,release_1_5_1164953_841,0x14bc12c,291,FUN_1814bc12c,,,6e067cf3a45149d7847d29434711b16e0d7aad1c47ac5949918953337384278a,undefined FUN_1814bc12c(),ghidra,clean,
WHGame.dll,release_1_5_1164953_841,0x14bc250,180,FUN_1814bc250,,,d43d9f65e9474ac9a9cd853cda5d1c42115cc50ac5167107299344fe1f8d283c,undefined FUN_1814bc250(),ghidra,clean,
WHGame.dll,release_1_5_1164953_841,0x14bc304,180,FUN_1814bc304,,,c06d928ffb7c7ceda2e4c812fd4c369e393d7d9240a0cc09f33045464b354bac,undefined FUN_1814bc304(),ghidra,clean,
WHGame.dll,release_1_5_1164953_841,0x14bc3b8,70,FUN_1814bc3b8,,,c3176d66435e764f7ad81fd3eabf739898ec2ff8a617a446b71f8510048e3406,undefined FUN_1814bc3b8(),ghidra,clean,
WHGame.dll,release_1_5_1164953_841,0x14bc3ec,192,FUN_1814bc3ec,,,308719494ede7bdcefacd44443bc1f691fd6f37d3941abfb7d6ce6ddeb46091a,undefined FUN_1814bc3ec(),ghidra,clean,
WHGame.dll,release_1_5_1164953_841,0x14bc4ac,128,FUN_1814bc4ac,,,ddb98216fd67e5280805891ef2d04a062a8fed65ea1bd3433baa4c83f77d45a1,undefined FUN_1814bc4ac(),ghidra,clean,
WHGame.dll,release_1_5_1164953_841,0x14bc52c,222,FUN_1814bc52c,,,1c082b2f53cc1116be7a552f96edbed9025127f8f17f69a53602791717d9c1c0,undefined FUN_1814bc52c(),ghidra,clean,
WHGame.dll,release_1_5_1164953_841,0x14bc5dc,26,FUN_1814bc5dc,,,e3881a8ede8b79faffae6497197e76f2ce1606be0581d6daecbbd24f772e859a,undefined FUN_1814bc5dc(),ghidra,clean,
WHGame.dll,release_1_5_1164953_841,0x14bc5f8,190,FUN_1814bc5f8,,,338160a5ff4917992eb3e1fb5cc2590c3a22dd0720ca77d4995dbb8a96c4aef7,undefined FUN_1814bc5f8(),ghidra,clean,
WHGame.dll,release_1_5_1164953_841,0x14bc6b8,87,FUN_1814bc6b8,,,1a5bc850a59b3360c01e1b8a6a10c919346e4f370b5111f88f177e8c109a8e0a,undefined FUN_1814bc6b8(),ghidra,clean,
WHGame.dll,release_1_5_1164953_841,0x14bc6fc,155,FUN_1814bc6fc,,,3e658de7bb339afc48034ceb88ecb497014eac3fb0e00c07a8d16ad1b528f928,undefined FUN_1814bc6fc(),ghidra,clean,
WHGame.dll,release_1_5_1164953_841,0x14bc798,291,FUN_1814bc798,,,2c09ec6343cece4297d4429ab556e27027ed5796f1c3cdc15f32113458225d57,undefined FUN_1814bc798(),ghidra,clean,
WHGame.dll,release_1_5_1164953_841,0x14bc8bc,190,FUN_1814bc8bc,,,b93e93aabfeb8ab97026ea528d06c1dd86ff4fbd1e07e514e71aeb26403f48b1,undefined FUN_1814bc8bc(),ghidra,clean,
WHGame.dll,release_1_5_1164953_841,0x14bc97c,891,FUN_1814bc97c,,,5f89acb836c223812e2dd4a3584270cc9acc66ee83ff0d58dc2cea5c6e8f4586,undefined FUN_1814bc97c(),ghidra,clean,
WHGame.dll,release_1_5_1164953_841,0x14bca40,5,FUN_1814bca40,,,6f18598b04ecccf18cabc9b8cfb84ad5811a216884b53165c22fc09631568610,undefined FUN_1814bca40(),ghidra,clean,
WHGame.dll,release_1_5_1164953_841,0x14bca45,4,FUN_1814bca45,,,2ffb5d7bbb9118b00324ef7ceb3fc19a0242cb1db13dcad10f5bef77fd1e45d7,undefined FUN_1814bca45(),ghidra,clean,
WHGame.dll,release_1_5_1164953_841,0x14bca4c,264,FUN_1814bca4c,,,39469232449f340ca9d87896f6ab19282f84cfc35a3740ba914cdd5b00e02694,undefined FUN_1814bca4c(),ghidra,clean,
WHGame.dll,release_1_5_1164953_841,0x14bcb54,155,FUN_1814bcb54,,,7d23fe6e7e2244c3be6ac817695df16cc93cd91a0b0d60b2ea2536882649c680,undefined FUN_1814bcb54(),ghidra,clean,
WHGame.dll,release_1_5_1164953_841,0x14bcbf0,311,FUN_1814bcbf0,,,5445f085a0acf3e93a11bf5b01d7b22396d4809daeb8d6263b4095c68c13a22d,undefined FUN_1814bcbf0(),ghidra,clean,
WHGame.dll,release_1_5_1164953_841,0x14bcd28,270,FUN_1814bcd28,,,f67b5f515c72d643b61e336b6b12b0a87dcd0c3fb950ee93d1c6ccf757c4ed0c,undefined FUN_1814bcd28(),ghidra,clean,
WHGame.dll,release_1_5_1164953_841,0x14bce38,37,FUN_1814bce38,,,70a661bbf71e2004ee06ace289692469404d911b07d08999bece327b22e3840c,undefined FUN_1814bce38(),ghidra,clean,
WHGame.dll,release_1_5_1164953_841,0x14bce60,62,FUN_1814bce60,,,1d987442bb61dc1327075c401942b0efa73e2571cf9dc1817bf955043447b5e7,undefined FUN_1814bce60(),ghidra,clean,
WHGame.dll,release_1_5_1164953_841,0x14bce8c,112,FUN_1814bce8c,,,01d6719e4c60c716a8e5ee7793724ff8abc1bcac947394808b0d6380a7705899,undefined FUN_1814bce8c(),ghidra,clean,
WHGame.dll,release_1_5_1164953_841,0x14bcefc,155,FUN_1814bcefc,,,44adc60e1d6394be980b582c44d555c726e8bc3a282ddbc893156b5892dc366b,undefined FUN_1814bcefc(),ghidra,clean,
WHGame.dll,release_1_5_1164953_841,0x14bcf98,311,FUN_1814bcf98,,,e9a434cecb849c72a60ab0d4deaf14d2887892ff91f73782a9ef5ad4305ec065,undefined FUN_1814bcf98(),ghidra,clean,
WHGame.dll,release_1_5_1164953_841,0x14bd0d0,259,FUN_1814bd0d0,,,5702114be6a1b109c34627a6b3d5ede1efd69edf76eccfed7fa180ebc631621d,undefined FUN_1814bd0d0(),ghidra,clean,
WHGame.dll,release_1_5_1164953_841,0x14bd1d4,55,FUN_1814bd1d4,,,705e9178606436c17f5042b737744b3e2169a2c7e42a72a3be4243a65ebf5d48,undefined FUN_1814bd1d4(),ghidra,clean,
WHGame.dll,release_1_5_1164953_841,0x14bd20c,115,FUN_1814bd20c,,,32c61888666f6e243656cf7a7de69b454046d5a6877b6f0efe3951026d5948db,undefined FUN_1814bd20c(),ghidra,clean,
WHGame.dll,release_1_5_1164953_841,0x14bd280,140,FUN_1814bd280,,,5eead2ac529252cab6433ed6ea13e6a6a1fd4c6d154f52b562a58a0eb38c69a6,undefined FUN_1814bd280(),ghidra,clean,
WHGame.dll,release_1_5_1164953_841,0x14bd30c,51,FUN_1814bd30c,,,4c359ba100010ea85fe148905b8386b96165063a6ef1bbf6fcd4f81e8e0fdc13,undefined FUN_1814bd30c(),ghidra,clean,
WHGame.dll,release_1_5_1164953_841,0x14bd340,15,FUN_1814bd340,,,0577d2b8085320c694f89cf819bdaa114e190a6801f69a87fe6151ebe52e99c1,undefined FUN_1814bd340(),ghidra,clean,
WHGame.dll,release_1_5_1164953_841,0x14bd350,140,FUN_1814bd350,,,3ec9b599c63fdcc848a679dd3d9904a47fd45515a4bd6725a06d394ab7f40698,undefined FUN_1814bd350(),ghidra,clean,
WHGame.dll,release_1_5_1164953_841,0x14bd3dc,247,FUN_1814bd3dc,,,3e7bc4eb651bdb72f51cb91de07c4dabd7c27e2d107f72f6cd4179efe3098712,undefined FUN_1814bd3dc(),ghidra,clean,
WHGame.dll,release_1_5_1164953_841,0x14bd4d4,83,FUN_1814bd4d4,,,7ce04b8645205a613c3477e922dd9876b1f283d8cf8985e33d83e9b5a78a1e53,undefined FUN_1814bd4d4(),ghidra,clean,
WHGame.dll,release_1_5_1164953_841,0x14bd528,99,FUN_1814bd528,,,7ba9d6403e5e66d550093a9a6161aea25932a2310df2367bee3d62c4cdee18c6,undefined FUN_1814bd528(),ghidra,clean,
WHGame.dll,release_1_5_1164953_841,0x14bd590,9,FUN_1814bd590,,,ad85d7c021afeeba7e7769b6bc737357f595b57ea3b9341ac3deef0bbf34d364,undefined FUN_1814bd590(),ghidra,clean,
WHGame.dll,release_1_5_1164953_841,0x14bd59c,183,FUN_1814bd59c,,,20a0de31e46ac78e017bbe8797537a32e534e4cadb66a66d1a47e0b7d00bbe26,undefined FUN_1814bd59c(),ghidra,clean,
WHGame.dll,release_1_5_1164953_841,0x14bd5d8,155,FUN_1814bd5d8,,,cba2bd2f0d5cc6034bca5afe7dde3ffd46519d680df96cf2f3eea7cba961c87e,undefined FUN_1814bd5d8(),ghidra,clean,
WHGame.dll,release_1_5_1164953_841,0x14bd674,291,FUN_1814bd674,,,83cc4989670b77437f82ea5f7333f20a8dee915c89169890cb16fb53051ab7df,undefined FUN_1814bd674(),ghidra,clean,
WHGame.dll,release_1_5_1164953_841,0x14bd798,289,FUN_1814bd798,,,b6efab899937a2d02c353446f63ef57c6497d7dbe59e16e91d8c99a4d8fc9acf,undefined FUN_1814bd798(),ghidra,clean,
WHGame.dll,release_1_5_1164953_841,0x14bd8bc,23,FUN_1814bd8bc,,,fff50d588969bd4de3dbf279f389d0cebbefef3763e662bb88fe0c7e70e51999,undefined FUN_1814bd8bc(),ghidra,clean,
WHGame.dll,release_1_5_1164953_841,0x14bd8d4,178,FUN_1814bd8d4,,,0248d80209fa1be20c312ccdaeae18a485ac6694a6252a5c8a524bd2a8a00a87,undefined FUN_1814bd8d4(),ghidra,clean,
WHGame.dll,release_1_5_1164953_841,0x14bd988,52,FUN_1814bd988,,,bfdc64c81818e128b1cdb07d9e81998daf39fa3006c9c69b67ba077812a2d601,undefined FUN_1814bd988(),ghidra,clean,
WHGame.dll,release_1_5_1164953_841,0x14bd9bc,348,FUN_1814bd9bc,,,3eebe9a10903f9263357c34b6b487ea8c6d31c360e1e5183b38ba256b1ff2b87,undefined FUN_1814bd9bc(),ghidra,clean,
WHGame.dll,release_1_5_1164953_841,0x14bdb18,90,FUN_1814bdb18,,,ac7cbb2097bd0a69f673d8fa61aa054a885283268cdb3e53adaea309e4754d73,undefined FUN_1814bdb18(),ghidra,clean,
WHGame.dll,release_1_5_1164953_841,0x14bdb74,55,FUN_1814bdb74,,,92f9c95fd360ff5270dcef01b392bcf622ae41f04c08a8a9a1a174c20177b89b,undefined FUN_1814bdb74(),ghidra,clean,
WHGame.dll,release_1_5_1164953_841,0x14bdb9c,181,FUN_1814bdb9c,,,596e46999ba9c6703c6160249ea3b438168737380030409c383b9340f76e6af3,undefined FUN_1814bdb9c(),ghidra,clean,
WHGame.dll,release_1_5_1164953_841,0x14bdc54,133,FUN_1814bdc54,,,1795e21040533e488984303661472f30bd85bde83e8e18c7f02618ac3f8ae26e,undefined FUN_1814bdc54(),ghidra,clean,
WHGame.dll,release_1_5_1164953_841,0x14bdcdc,262,FUN_1814bdcdc,,,d9981a4c31967ae31a1d61e273352619e1990adc4dafdb9b14aa3c492f6c9740,undefined FUN_1814bdcdc(),ghidra,clean,
WHGame.dll,release_1_5_1164953_841,0x14bdde4,134,FUN_1814bdde4,,,a0346e57ae4833e47a77a1aea9d09567b329545f3b094dc37b5e759c3ef77438,undefined FUN_1814bdde4(),ghidra,clean,
WHGame.dll,release_1_5_1164953_841,0x14bde6c,26,FUN_1814bde6c,,,564f0494622059f2540c73a64187622cacf17c34613a9ff990e27b3a66111d8d,undefined FUN_1814bde6c(),ghidra,clean,
WHGame.dll,release_1_5_1164953_841,0x14bde78,5,thunk_FUN_1814bde80,,,b0d40b133b9394d93820ac0104b0065121d2d73df32c7bfb4e4cf5d805a8b103,undefined thunk_FUN_1814bde80(),ghidra,clean,
WHGame.dll,release_1_5_1164953_841,0x14bde80,103,FUN_1814bde80,,,2094989867629ef9c027be710c18f5cabc51c68b19eb188e05ad1fc879eb8fbe,undefined FUN_1814bde80(),ghidra,clean,
WHGame.dll,release_1_5_1164953_841,0x14bdee8,95,FUN_1814bdee8,,,56d1abd84bdc4f5a187c0f9be1cd653df40ef1b88c4603d1037c8fb926abc773,undefined FUN_1814bdee8(),ghidra,clean,
WHGame.dll,release_1_5_1164953_841,0x14bdf48,206,FUN_1814bdf48,,,464512e8651103f10acb5b9290bb771ae6dec5dd99483fde75e55bfba71bb935,undefined FUN_1814bdf48(),ghidra,clean,
WHGame.dll,release_1_5_1164953_841,0x14bdff8,110,FUN_1814bdff8,,,3d629ec18ccaf8435751c69930834f237a020ea04709b3532db8ff92b12438f3,undefined FUN_1814bdff8(),ghidra,clean,
WHGame.dll,release_1_5_1164953_841,0x14be068,212,FUN_1814be068,,,4e91422114c0c9c84ee26d0299bd0fad4495a80132e0766a9f29fb69e4574fbe,undefined FUN_1814be068(),ghidra,clean,
WHGame.dll,release_1_5_1164953_841,0x14be120,53,FUN_1814be120,,,cd005ca7fa58a91deb9f217e66a0b745c443a6a06cdb7e33414dd895d274d9e5,undefined FUN_1814be120(),ghidra,clean,
WHGame.dll,release_1_5_1164953_841,0x14be158,147,FUN_1814be158,,,1bc6392529a576c14fbe4642ec2d038e8defc88a70feb9cc0dde52bd2630d69f,undefined FUN_1814be158(),ghidra,clean,
WHGame.dll,release_1_5_1164953_841,0x14be1ec,147,FUN_1814be1ec,,,0ef41488dd3e746c59d3b33ffee46d57c04a4686829f7191b705ca894d0b3872,undefined FUN_1814be1ec(),ghidra,clean,
WHGame.dll,release_1_5_1164953_841,0x14be280,42,FUN_1814be280,,,9628bef4bfcd73397060e4146db2c532c224e0d117f300424079e93ef3198a80,undefined FUN_1814be280(),ghidra,clean,
WHGame.dll,release_1_5_1164953_841,0x14be2ac,68,FUN_1814be2ac,,,ed4fc40386cf168ad6cd56e728685badd8c5942df6a40913bf0772dc4f5ccfbb,undefined FUN_1814be2ac(),ghidra,clean,
WHGame.dll,release_1_5_1164953_841,0x14be2f0,328,FUN_1814be2f0,,,5027ec10e3b404aabf40bb6567dc061e536fc9fda8de527b6b3bb8e107e6131a,undefined FUN_1814be2f0(),ghidra,clean,
WHGame.dll,release_1_5_1164953_841,0x14be43c,100,FUN_1814be43c,,,6335419d134ba4883d2f594b76f83af59df06a3160f5facd9b96c9f829daf137,undefined FUN_1814be43c(),ghidra,clean,
WHGame.dll,release_1_5_1164953_841,0x14be4a0,484,FUN_1814be4a0,,,ae48b57593f4249f45099d763190fcdd807d3f219a3827151d5c711e3180a21d,undefined FUN_1814be4a0(),ghidra,clean,
WHGame.dll,release_1_5_1164953_841,0x14be684,239,FUN_1814be684,,,d02996926e83cf5b21f9568463b1cd07a8e36e57e0553b6ef542cee0a2940d8e,undefined FUN_1814be684(),ghidra,clean,
WHGame.dll,release_1_5_1164953_841,0x14be774,60,FUN_1814be774,,,45026464aed6d0a773a768fde21da5a9c902b744c1272a5d754de4685860e159,undefined FUN_1814be774(),ghidra,clean,
WHGame.dll,release_1_5_1164953_841,0x14be7b0,33,FUN_1814be7b0,,,ac2f131aeeafa0ce520ee25db806fd4090822422a9840f0f1ced7d1488752856,undefined FUN_1814be7b0(),ghidra,clean,
WHGame.dll,release_1_5_1164953_841,0x14be7d4,112,FUN_1814be7d4,,,6d9a5294415aca49e6a7c36efa77e5589fdc74e19f5b5f341f932db2ec0c545c,undefined FUN_1814be7d4(),ghidra,clean,
WHGame.dll,release_1_5_1164953_841,0x14be844,150,FUN_1814be844,,,fe5ea3ac19127b9c6cfbb76c7739d0cd2b33e7c48c34942ff02b9278da9c3d0d,undefined FUN_1814be844(),ghidra,clean,
WHGame.dll,release_1_5_1164953_841,0x14be8dc,129,FUN_1814be8dc,,,5a87ac1011b88bebe623b5f389dab79480c753f3a8f2817b8b5a31ca19e867c8,undefined FUN_1814be8dc(),ghidra,clean,
WHGame.dll,release_1_5_1164953_841,0x14be960,155,FUN_1814be960,,,00d961e32f1cd6e57f6177cbc179b1ca7fe7af2ac5a7992bc86158f3eed9b1c6,undefined FUN_1814be960(),ghidra,clean,
WHGame.dll,release_1_5_1164953_841,0x14be9fc,155,FUN_1814be9fc,,,bcc6582f402ba0bec67f4aed17d927ea5db9377c3cac1470e09ddc300cc38423,undefined FUN_1814be9fc(),ghidra,clean,
WHGame.dll,release_1_5_1164953_841,0x14bea98,155,FUN_1814bea98,,,61ca746c07bf1bfaefcc1d75d306194abce56bd5b86ed5dbfa71ab0c856a841a,undefined FUN_1814bea98(),ghidra,clean,
WHGame.dll,release_1_5_1164953_841,0x14beb34,291,FUN_1814beb34,,,d89a47bdd412722d78b29f0d5c2be9ad1daa93bca504325582ba72b62b419591,undefined FUN_1814beb34(),ghidra,clean,
WHGame.dll,release_1_5_1164953_841,0x14bec58,291,FUN_1814bec58,,,870d76a72e62d3957510bc7d5ee2e5d9fb6ea9d5fdee0c8570195ee1599a1faf,undefined FUN_1814bec58(),ghidra,clean,
WHGame.dll,release_1_5_1164953_841,0x14bed7c,291,FUN_1814bed7c,,,d7df3bee5c51ac5df46bd43ec9f4eaa7bf5459bc5ca0d834fdea36a2505436f1,undefined FUN_1814bed7c(),ghidra,clean,
WHGame.dll,release_1_5_1164953_841,0x14beea0,69,FUN_1814beea0,,,aa5d96022f847b1e62534afcf6c6d6e413b8ee7182bc62dc7c7566f8530fd12a,undefined FUN_1814beea0(),ghidra,clean,
WHGame.dll,release_1_5_1164953_841,0x14beee8,150,FUN_1814beee8,,,222a7af1aeb952c1841835eb57d03dc910b554279d0e9917cf501058b3fc7a2e,undefined FUN_1814beee8(),ghidra,clean,
WHGame.dll,release_1_5_1164953_841,0x14bef80,119,FUN_1814bef80,,,a16f3f161cb40ccf0ca0b532c404f96f3a148ca26b760b4de1a1959fe36e879e,undefined FUN_1814bef80(),ghidra,clean,
WHGame.dll,release_1_5_1164953_841,0x14beff8,155,FUN_1814beff8,,,db9cb2bcb1eff9a2aa78d1bccfb49465ecfa8f9c9bf6329073157d272f2c072f,undefined FUN_1814beff8(),ghidra,clean,
WHGame.dll,release_1_5_1164953_841,0x14bf094,155,FUN_1814bf094,,,7124fc8aec665245692a0fe78b78b2c64ea0ca2b41d44911eac570cd9f6fdccc,undefined FUN_1814bf094(),ghidra,clean,
WHGame.dll,release_1_5_1164953_841,0x14bf130,311,FUN_1814bf130,,,890d6c2509e3708f0e0b4c51760f7fec86c5962bfedcec5a5ee706fa4e0011fe,undefined FUN_1814bf130(),ghidra,clean,
WHGame.dll,release_1_5_1164953_841,0x14bf268,311,FUN_1814bf268,,,9fc77b6e6bb1a3f799f1916bb156b72893090eb1911275a38459c13160752284,undefined FUN_1814bf268(),ghidra,clean,
WHGame.dll,release_1_5_1164953_841,0x14bf3a0,30,FUN_1814bf3a0,,,66316529f82b5614214dc463618d9a1149181892de1d8e2f29bd930178c7b8df,undefined FUN_1814bf3a0(),ghidra,clean,
WHGame.dll,release_1_5_1164953_841,0x14bf3c0,180,FUN_1814bf3c0,,,f477da76572b3e8508fde9d5993bbae5d4828799b7adc67e617a17400325b56b,undefined FUN_1814bf3c0(),ghidra,clean,
WHGame.dll,release_1_5_1164953_841,0x14bf474,194,FUN_1814bf474,,,1f91c5e13053dc8c0826aa25deb55626d8f0a1fff6f4abe013e6df5396262ee1,undefined FUN_1814bf474(),ghidra,clean,
WHGame.dll,release_1_5_1164953_841,0x14bf538,155,FUN_1814bf538,,,3ed0d9ac2eb7bb234b92cd576ba82f94e21247220402789b723383d049e5d557,undefined FUN_1814bf538(),ghidra,clean,
WHGame.dll,release_1_5_1164953_841,0x14bf5d4,155,FUN_1814bf5d4,,,fa8de3bf3d1cd5a780b450997254c7763e415fdac28a1497ad7d4eac57597b22,undefined FUN_1814bf5d4(),ghidra,clean,
WHGame.dll,release_1_5_1164953_841,0x14bf670,311,FUN_1814bf670,,,a026211599dae430e0f3ac41f827e4292337e8e5c3eec064840b41ff29d3e0a4,undefined FUN_1814bf670(),ghidra,clean,
WHGame.dll,release_1_5_1164953_841,0x14bf7a8,311,FUN_1814bf7a8,,,454fbb3b6acc28333472d2fb7c2892ee7beb4ab1ca6cecd74dc5727112a9a971,undefined FUN_1814bf7a8(),ghidra,clean,
WHGame.dll,release_1_5_1164953_841,0x14bf8e0,215,FUN_1814bf8e0,,,92d43b9e7758bba95278c104219f66037ddfc672322d2a9f45e1c53def3a8387,undefined FUN_1814bf8e0(),ghidra,clean,
WHGame.dll,release_1_5_1164953_841,0x14bf9b8,60,FUN_1814bf9b8,,,2274db1cabed1c568d5691aec36752cef570a325bc74734168c932c80045dd0e,undefined FUN_1814bf9b8(),ghidra,clean,
WHGame.dll,release_1_5_1164953_841,0x14bf9f4,190,FUN_1814bf9f4,,,f048e79536dce7c55f36b02d41107fe3645f2152e426729464f6122f64dace62,undefined FUN_1814bf9f4(),ghidra,clean,
WHGame.dll,release_1_5_1164953_841,0x14bfab4,33,FUN_1814bfab4,,,3ec2599be3728fa864d6d76eb8fa1d40994a024fe3413ac158f0d1955eca21cc,undefined FUN_1814bfab4(),ghidra,clean,
WHGame.dll,release_1_5_1164953_841,0x14bfae0,138,FUN_1814bfae0,,,5e07bc8fbecbe9f29dc53a6db6c0331556cf97dec69cbe7fa34bb28f2a3f1f90,undefined FUN_1814bfae0(),ghidra,clean,
WHGame.dll,release_1_5_1164953_841,0x14bfb6c,194,FUN_1814bfb6c,,,993e8f8bd96ed140679fef5f1b6418218cbcbb5c09c04c2c152c2e8fb915c272,undefined FUN_1814bfb6c(),ghidra,clean,
WHGame.dll,release_1_5_1164953_841,0x14bfc30,155,FUN_1814bfc30,,,29d2954c7fb54abf874eefe39e5babee5735b9f87b3db5765c0a11dfac4d1314,undefined FUN_1814bfc30(),ghidra,clean,
WHGame.dll,release_1_5_1164953_841,0x14bfccc,291,FUN_1814bfccc,,,9f0bf64288cd4f4a4ab4f8bfe8de367e6efa105461083c663d290c78839265e5,undefined FUN_1814bfccc(),ghidra,clean,
WHGame.dll,release_1_5_1164953_841,0x14bfdf0,80,FUN_1814bfdf0,,,7ad3dac7c247d1002d2b594bc3265fffd9b09a1030cf120dc16076f24d195fc8,undefined FUN_1814bfdf0(),ghidra,clean,
WHGame.dll,release_1_5_1164953_841,0x14bfe40,85,FUN_1814bfe40,,,95b82934bbf67a8974d671e29d328529df58d3695beb3a777f7cce256b2f8728,undefined FUN_1814bfe40(),ghidra,clean,
WHGame.dll,release_1_5_1164953_841,0x14bfe74,194,FUN_1814bfe74,,,46f94f6536c562e7bcb14e06f1ae432cb1ec107dc53d3a92e27304cc74118bcf,undefined FUN_1814bfe74(),ghidra,clean,
WHGame.dll,release_1_5_1164953_841,0x14bff38,155,FUN_1814bff38,,,307528c83731643b3332da996bbafa4a7e3e13b04598ddb9b5cff3858488edab,undefined FUN_1814bff38(),ghidra,clean,
WHGame.dll,release_1_5_1164953_841,0x14bffd4,291,FUN_1814bffd4,,,e6f1a15972b91551d3f63a9f27b4854b50f0b2c850676af3360c1fc5896af384,undefined FUN_1814bffd4(),ghidra,clean,
WHGame.dll,release_1_5_1164953_841,0x14c00f8,194,FUN_1814c00f8,,,56c2a5955f6630338848f83295a3ba346ae2cd8a7ded2d3ad0a75e945edd250e,undefined FUN_1814c00f8(),ghidra,clean,
WHGame.dll,release_1_5_1164953_841,0x14c01bc,155,FUN_1814c01bc,,,f48b9a85be3bb3ea388b2e0154a02670c9bc6dd8f348cc0061a8bff9b7aedd50,undefined FUN_1814c01bc(),ghidra,clean,
WHGame.dll,release_1_5_1164953_841,0x14c0258,155,FUN_1814c0258,,,86055fd27530e4745fc64ffcb60db9b09f141ae8747cd51f5955302ae8f80f55,undefined FUN_1814c0258(),ghidra,clean,
WHGame.dll,release_1_5_1164953_841,0x14c02f4,291,FUN_1814c02f4,,,b486cda41e996bb6aacc16a2de4ec25dc17801f3d922e27deaa4ce48a2d739f0,undefined FUN_1814c02f4(),ghidra,clean,
WHGame.dll,release_1_5_1164953_841,0x14c0418,291,FUN_1814c0418,,,ac36544b05008362a634afe4de7b58096ec5ea09e6b11d365d90ad478d5f2759,undefined FUN_1814c0418(),ghidra,clean,
WHGame.dll,release_1_5_1164953_841,0x14c053c,96,FUN_1814c053c,,,f150cdff9f01b60d02c4385c5ee6f48bccdfd87178eb30213c4fcfbc93abda79,undefined FUN_1814c053c(),ghidra,clean,
WHGame.dll,release_1_5_1164953_841,0x14c059c,345,FUN_1814c059c,,,4cae58ff3697f13773cb87acfd20d20b774cde60379b1bbe79fc45e9d2597d4e,undefined FUN_1814c059c(),ghidra,clean,
WHGame.dll,release_1_5_1164953_841,0x14c06f8,71,FUN_1814c06f8,,,2363d589af96df5bd818187bb20d00c729c8d3e80155a152c5ace6af9fc9edff,undefined FUN_1814c06f8(),ghidra,clean,
WHGame.dll,release_1_5_1164953_841,0x14c0740,67,FUN_1814c0740,,,4ed0e38b72e8e2836d95ac4eb51d0e98102e823f711c6303437332aea10fab90,undefined FUN_1814c0740(),ghidra,clean,
WHGame.dll,release_1_5_1164953_841,0x14c0784,155,FUN_1814c0784,,,7490ae4d38aee08455006c6fa006f41efd6e89f73d137129782b918cf8f9a128,undefined FUN_1814c0784(),ghidra,clean,
WHGame.dll,release_1_5_1164953_841,0x14c0820,146,FUN_1814c0820,,,49dd3c322f96fa0d8cfc157941550f51dc94fe0ddd7e43a3651874cf27687544,undefined FUN_1814c0820(),ghidra,clean,
WHGame.dll,release_1_5_1164953_841,0x14c08b4,50,FUN_1814c08b4,,,f483afef69b513cf4bd62b65d706179d6cb54f565bb95ed3343b2285cb0e59f3,undefined FUN_1814c08b4(),ghidra,clean,
WHGame.dll,release_1_5_1164953_841,0x14c08e8,199,FUN_1814c08e8,,,eeb03bb08f1a255eaa482e6ff4eafeed9e09531b3b903eeadc5434668e9711f3,undefined FUN_1814c08e8(),ghidra,clean,
WHGame.dll,release_1_5_1164953_841,0x14c09b0,139,FUN_1814c09b0,,,ee8747d14048470855027657c05f252bc63e21b7de5532ed2241fc2ae6176bfa,undefined FUN_1814c09b0(),ghidra,clean,
WHGame.dll,release_1_5_1164953_841,0x14c0a3c,54,FUN_1814c0a3c,,,8fdd572f656c92673e2adf6696e6568d7b80d8e9463a4b51d6208442b1cf6bfe,undefined FUN_1814c0a3c(),ghidra,clean,
WHGame.dll,release_1_5_1164953_841,0x14c0a74,10,FUN_1814c0a74,,,9d473f25aecc0f221fd11ba0bd3758727053fc27b543ec45551ab5894d3230a8,undefined FUN_1814c0a74(),ghidra,clean,
WHGame.dll,release_1_5_1164953_841,0x14c0a80,8,FUN_1814c0a80,,,0cd72834961af06623c30abf39c883770a1376c357da4eb624194a1087bd7adc,undefined FUN_1814c0a80(),ghidra,clean,
WHGame.dll,release_1_5_1164953_841,0x14c0a88,155,FUN_1814c0a88,,,c6dc001fa7b42f1ee863e225a5d6ead4a07de85865eab8aa86a31f02aec6ae2e,undefined FUN_1814c0a88(),ghidra,clean,
WHGame.dll,release_1_5_1164953_841,0x14c0b24,291,FUN_1814c0b24,,,ca598125e6ab932bac145d5fedcd2ce50ef2ca9c48b4bf16285c02cab9e162b4,undefined FUN_1814c0b24(),ghidra,clean,
WHGame.dll,release_1_5_1164953_841,0x14c0c48,100,FUN_1814c0c48,,,65919b1eda1273dc67a4043d321c73ba7348025b8493f9758ebb09cfb1f59a16,undefined FUN_1814c0c48(),ghidra,clean,
WHGame.dll,release_1_5_1164953_841,0x14c0cac,155,FUN_1814c0cac,,,53a36943cfc237c8c8bfa61e33b9cf7c1dcb08bbe545f40e81be30b3c3730264,undefined FUN_1814c0cac(),ghidra,clean,
WHGame.dll,release_1_5_1164953_841,0x14c0d48,291,FUN_1814c0d48,,,e9a37b0f808171eec4ac26f2f91ccfcecbb5a3d6425fda8f4a4b69b316ec4383,undefined FUN_1814c0d48(),ghidra,clean,
WHGame.dll,release_1_5_1164953_841,0x14c0e6c,261,FUN_1814c0e6c,,,30e7a3b27c7a600bbb866cb104a9c0c1966b3f182ff318bd03e0d99f662a2acf,undefined FUN_1814c0e6c(),ghidra,clean,
WHGame.dll,release_1_5_1164953_841,0x14c0f74,36,FUN_1814c0f74,,,edf8a2cc2c1e47c6f26745d49ae80d184f2e6b45c6ada04de617f3a1a0b0698b,undefined FUN_1814c0f74(),ghidra,clean,
WHGame.dll,release_1_5_1164953_841,0x14c0f9c,56,FUN_1814c0f9c,,,59136c31224d1c404415504ad72c0f9499336ef09df23c9c128650c58030a046,undefined FUN_1814c0f9c(),ghidra,clean,
WHGame.dll,release_1_5_1164953_841,0x14c0fd4,139,FUN_1814c0fd4,,,46c132b2ab1ad4f20ef4c7f3dc39b4b0fc5c905c530a07de8490e604b19fdca8,undefined FUN_1814c0fd4(),ghidra,clean,
WHGame.dll,release_1_5_1164953_841,0x14c1034,94,FUN_1814c1034,,,dfb7f0fe2e58afccf75669177033a5980cfd0f3b810c0fc238c932fc216250bb,undefined FUN_1814c1034(),ghidra,clean,
WHGame.dll,release_1_5_1164953_841,0x14c1098,34,FUN_1814c1098,,,91b9cce5230a1e03d9c1067f003ac88800a87d7a56545dbeea2101c99eac4ff7,undefined FUN_1814c1098(),ghidra,clean,
WHGame.dll,release_1_5_1164953_841,0x14c10bc,106,FUN_1814c10bc,,,6902df5c8d23601a04b36583aa70fea43d51d9ecad629fccec4ac3cfd18da3de,undefined FUN_1814c10bc(),ghidra,clean,
WHGame.dll,release_1_5_1164953_841,0x14c1128,376,FUN_1814c1128,,,f47fc59e557f7f1563396de7a6a3913551904a049a3538634c50e072c9a65ea9,undefined FUN_1814c1128(),ghidra,clean,
WHGame.dll,release_1_5_1164953_841,0x14c125c,26,FUN_1814c125c,,,5ec899d6b68c01e9d4c4f9f01e0d885d179660b675c3af07c66aa354a1d748cf,undefined FUN_1814c125c(),ghidra,clean,
WHGame.dll,release_1_5_1164953_841,0x14c1278,151,FUN_1814c1278,,,b40527735a0336c3bb8f7c77ffc8177668eca981f1395041222c03ed5285f3ef,undefined FUN_1814c1278(),ghidra,clean,
WHGame.dll,release_1_5_1164953_841,0x14c1310,151,FUN_1814c1310,,,061161a992f6c8fe3ed541bc99109202098d105a8ec4276ab99b664a09ce6566,undefined FUN_1814c1310(),ghidra,clean,
WHGame.dll,release_1_5_1164953_841,0x14c13a8,1137,FUN_1814c13a8,,,3d3a97a0af5edbb275a3effefff1eadd5911d64e2e8617c84ef7b8b0a0cde534,undefined FUN_1814c13a8(),ghidra,clean,
WHGame.dll,release_1_5_1164953_841,0x14c181c,155,FUN_1814c181c,,,e3b502764e421388e6362771b329a56a61299fe4e93f4c2747af920c60d2b209,undefined FUN_1814c181c(),ghidra,clean,
WHGame.dll,release_1_5_1164953_841,0x14c18b8,304,FUN_1814c18b8,,,fe5cfcfdf09452befd430633da00e0754c2b92330de9811f3931ef20f1d9c8f6,undefined FUN_1814c18b8(),ghidra,clean,
WHGame.dll,release_1_5_1164953_841,0x14c19e8,155,FUN_1814c19e8,,,a8000faf5b6d3228c588ff916ed4fb93d2a846a32c41af39731b3fbf1ce4b47a,undefined FUN_1814c19e8(),ghidra,clean,
WHGame.dll,release_1_5_1164953_841,0x14c1a84,298,FUN_1814c1a84,,,12894981d6dc9b2256febaf2a6f01c9cabd807e68d645567d7e22a1f9f0daf56,undefined FUN_1814c1a84(),ghidra,clean,
WHGame.dll,release_1_5_1164953_841,0x14c1bb0,151,FUN_1814c1bb0,,,ba513b97605a3477245cb56854bcb59365d6880498fd609631dedbe26068a1da,undefined FUN_1814c1bb0(),ghidra,clean,
WHGame.dll,release_1_5_1164953_841,0x14c1c48,204,FUN_1814c1c48,,,e9936895c5dd732ed5fbf3802636c5ba0472c0d86d6299a09073be6e7aabd9cc,undefined FUN_1814c1c48(),ghidra,clean,
WHGame.dll,release_1_5_1164953_841,0x14c1cf4,376,FUN_1814c1cf4,,,9b99f7d8687a2169da340da3b668042db0adb099562e1ee26c24f761acc003d5,undefined FUN_1814c1cf4(),ghidra,clean,
WHGame.dll,release_1_5_1164953_841,0x14c1e28,26,FUN_1814c1e28,,,7b1af351affd61077f6f0c51c439327a5ef1842245f9b8fedd36430ff9e12961,undefined FUN_1814c1e28(),ghidra,clean,
WHGame.dll,release_1_5_1164953_841,0x14c1e44,151,FUN_1814c1e44,,,c5a66bf0acda581358a3b14f4c51054ada76d52a7d48863c7168c2212f77e317,undefined FUN_1814c1e44(),ghidra,clean,
WHGame.dll,release_1_5_1164953_841,0x14c1edc,151,FUN_1814c1edc,,,8645d153157f711b112d55cb5954c90d8b3590bd2fcc52957f83c9b23346dfdf,undefined FUN_1814c1edc(),ghidra,clean,
WHGame.dll,release_1_5_1164953_841,0x14c1f74,151,FUN_1814c1f74,,,36a4345bbcfc72e4e4c6144156c1a3ba9f5419c4759ef02947a4171bd0a50594,undefined FUN_1814c1f74(),ghidra,clean,
WHGame.dll,release_1_5_1164953_841,0x14c200c,1137,FUN_1814c200c,,,20ec8d63d8d81a92c10d5bfab6034bc38aaef1d144fd829af308fb7c95676e8a,undefined FUN_1814c200c(),ghidra,clean,
WHGame.dll,release_1_5_1164953_841,0x14c2480,155,FUN_1814c2480,,,ab27c4016b76d1fc374db8da4404da48b57bb794b17ea19ca6964c25d4746fe7,undefined FUN_1814c2480(),ghidra,clean,
WHGame.dll,release_1_5_1164953_841,0x14c251c,304,FUN_1814c251c,,,e0b96e992547033b0eb63ef2e25d76ee1e3b15400553fa4bae4af8af8b39e43f,undefined FUN_1814c251c(),ghidra,clean,
WHGame.dll,release_1_5_1164953_841,0x14c264c,155,FUN_1814c264c,,,a357a79e7529a1dbb1b7f88fc65191a18e53552825a673b2bea97560fd66a23d,undefined FUN_1814c264c(),ghidra,clean,
WHGame.dll,release_1_5_1164953_841,0x14c26e8,298,FUN_1814c26e8,,,e66406d47952797018806176e99d2f3d448dba0f8d761deb12c523c1cb255a69,undefined FUN_1814c26e8(),ghidra,clean,
WHGame.dll,release_1_5_1164953_841,0x14c2814,151,FUN_1814c2814,,,9a28b47d5dbc904c52aa3dfc572ed18a4e47c0afdf06ae0320cb2690500e9d82,undefined FUN_1814c2814(),ghidra,clean,
WHGame.dll,release_1_5_1164953_841,0x14c28ac,200,FUN_1814c28ac,,,ba5d3d57b9070e6898717ebb2919037f1db67c0da4c2f297178b4e7f396ee2d3,undefined FUN_1814c28ac(),ghidra,clean,
WHGame.dll,release_1_5_1164953_841,0x14c2954,26,FUN_1814c2954,,,ab65d70f09fb65a36bda9ba02566544daf4b439ef19ee4cdfc95292bddcc184a,undefined FUN_1814c2954(),ghidra,clean,
WHGame.dll,release_1_5_1164953_841,0x14c2970,151,FUN_1814c2970,,,dbf7820a91ea6102c81d0f06a97c64e5a167b866782ef2bae0399b2ee043b7e9,undefined FUN_1814c2970(),ghidra,clean,
WHGame.dll,release_1_5_1164953_841,0x14c2a08,155,FUN_1814c2a08,,,515f8136887eb0706d0983f5d0f721c585837a06240cb1e1d89f8fd64bdec9ce,undefined FUN_1814c2a08(),ghidra,clean,
WHGame.dll,release_1_5_1164953_841,0x14c2aa4,304,FUN_1814c2aa4,,,a20dc30224ce4b96b179d7a9094d3a6f854657a98af0b8def5a4f24f0f060d8c,undefined FUN_1814c2aa4(),ghidra,clean,
WHGame.dll,release_1_5_1164953_841,0x14c2bd4,155,FUN_1814c2bd4,,,5b289481f0d086dd7eebb30edaeba9630c9ed780f7f26fd48ca95aa6b9b17457,undefined FUN_1814c2bd4(),ghidra,clean,
WHGame.dll,release_1_5_1164953_841,0x14c2c70,298,FUN_1814c2c70,,,a630bf7e9ce8d2082b9bcdbfbc7a3b71fc5bf25ebc69b708d70a8d7aa713b4b5,undefined FUN_1814c2c70(),ghidra,clean,
WHGame.dll,release_1_5_1164953_841,0x14c2d9c,151,FUN_1814c2d9c,,,b93cd13b58e11092e837a38736b8bcfc635a68d89bb96e49695f983a5bd429dc,undefined FUN_1814c2d9c(),ghidra,clean,
WHGame.dll,release_1_5_1164953_841,0x14c2e34,204,FUN_1814c2e34,,,1f1addd8c2efd0f005320db6e1d98426cd3742a506395891774619ba48d787ad,undefined FUN_1814c2e34(),ghidra,clean,
WHGame.dll,release_1_5_1164953_841,0x14c2ee0,376,FUN_1814c2ee0,,,41665f53a922c0c05227a0b267928e59815806127b89cd7b5e06c691c5562eea,undefined FUN_1814c2ee0(),ghidra,clean,
WHGame.dll,release_1_5_1164953_841,0x14c3014,26,FUN_1814c3014,,,7b1af351affd61077f6f0c51c439327a5ef1842245f9b8fedd36430ff9e12961,undefined FUN_1814c3014(),ghidra,clean,
WHGame.dll,release_1_5_1164953_841,0x14c3030,151,FUN_1814c3030,,,922b47f40d0641773d2011fbc388a1ccd725028712696ceefac5d2eea7d58603,undefined FUN_1814c3030(),ghidra,clean,
WHGame.dll,release_1_5_1164953_841,0x14c30c8,151,FUN_1814c30c8,,,dfcd2ec138dbfbe10601245b52611c55d1b69b850ef3d64b00e2b4a86afe1e8a,undefined FUN_1814c30c8(),ghidra,clean,
WHGame.dll,release_1_5_1164953_841,0x14c3160,151,FUN_1814c3160,,,8efb52914427e52750c8ab89a77551384a4692f86e338db22de3c3c65e489533,undefined FUN_1814c3160(),ghidra,clean,
WHGame.dll,release_1_5_1164953_841,0x14c31f8,1137,FUN_1814c31f8,,,4adfa7d7f221543c6c9fd36b724bc6abbf3c444c12b3f74fd25776cc35887f83,undefined FUN_1814c31f8(),ghidra,clean,
WHGame.dll,release_1_5_1164953_841,0x14c366c,155,FUN_1814c366c,,,aedf35feed2b3752eb82588d2e0f661d094618d8efa059c00f4d58b2ca004f7e,undefined FUN_1814c366c(),ghidra,clean,
WHGame.dll,release_1_5_1164953_841,0x14c3708,304,FUN_1814c3708,,,b4d9aa4aca68820f99e588d0d92c303364b7b91a14b3c01852ad9b0f4e44bb14,undefined FUN_1814c3708(),ghidra,clean,
WHGame.dll,release_1_5_1164953_841,0x14c3838,155,FUN_1814c3838,,,5caa203ec4002e0460757a9d1bb062aab7b363177932fd33145226effeae0b38,undefined FUN_1814c3838(),ghidra,clean,
WHGame.dll,release_1_5_1164953_841,0x14c38d4,298,FUN_1814c38d4,,,26e6b05b774fe8be321b51924117fb12dbd6ffc75e4ff40eb2a50c356dccebc3,undefined FUN_1814c38d4(),ghidra,clean,
WHGame.dll,release_1_5_1164953_841,0x14c3a00,151,FUN_1814c3a00,,,07c90e87681a6c85258105002b0ace1dfbed6f590c07c3f3c04bcc37e4e45693,undefined FUN_1814c3a00(),ghidra,clean,
WHGame.dll,release_1_5_1164953_841,0x14c3a98,376,FUN_1814c3a98,,,d68915bc04348f3531d05fc213dbd095453effaea3c2d6b8db5efb059adacbba,undefined FUN_1814c3a98(),ghidra,clean,
WHGame.dll,release_1_5_1164953_841,0x14c3bcc,26,FUN_1814c3bcc,,,5ec899d6b68c01e9d4c4f9f01e0d885d179660b675c3af07c66aa354a1d748cf,undefined FUN_1814c3bcc(),ghidra,clean,
WHGame.dll,release_1_5_1164953_841,0x14c3be8,151,FUN_1814c3be8,,,f0595448c9ac0ebb0fa05b94cd49099cf0935c09e5bd2baf491eae2df75567d6,undefined FUN_1814c3be8(),ghidra,clean,
WHGame.dll,release_1_5_1164953_841,0x14c3c80,151,FUN_1814c3c80,,,86c182977df5aab3c43da92bc118421564a165b8ea0b860aec5a418755d2a463,undefined FUN_1814c3c80(),ghidra,clean,
WHGame.dll,release_1_5_1164953_841,0x14c3d18,1137,FUN_1814c3d18,,,c1de9ac12d21770430ca3c6f582a2950b520406bb4b77443ca8e42a5b91c8d6a,undefined FUN_1814c3d18(),ghidra,clean,
WHGame.dll,release_1_5_1164953_841,0x14c418c,155,FUN_1814c418c,,,61dd06168b7c370e6d8e1728169d4eaf7ce5735ab8db4a188b9055db9dfaa305,undefined FUN_1814c418c(),ghidra,clean,
WHGame.dll,release_1_5_1164953_841,0x14c4228,304,FUN_1814c4228,,,3596a092b989efeb506771c1d1d9be52b725cd4265b3053b02555330c33a27ac,undefined FUN_1814c4228(),ghidra,clean,
WHGame.dll,release_1_5_1164953_841,0x14c4358,155,FUN_1814c4358,,,6e9e7f5696639d69732df016c330737a74463067df9d09b1ff3546d4aec551e6,undefined FUN_1814c4358(),ghidra,clean,
WHGame.dll,release_1_5_1164953_841,0x14c43f4,298,FUN_1814c43f4,,,f6c9148a7a4e02145c8b24596031dd430399c7470b78f6c1d67a98dc34c44ecc,undefined FUN_1814c43f4(),ghidra,clean,
WHGame.dll,release_1_5_1164953_841,0x14c4520,151,FUN_1814c4520,,,6ea322c30a03647ec599bbb1845bc1076edc4a5430a8a58abd62da08d0566848,undefined FUN_1814c4520(),ghidra,clean,
WHGame.dll,release_1_5_1164953_841,0x14c45b8,205,FUN_1814c45b8,,,fcdd8f7870f6342e2645e75541b338bf25c10bf1359c6650e6d68540bb29e7cb,undefined FUN_1814c45b8(),ghidra,clean,
WHGame.dll,release_1_5_1164953_841,0x14c4688,853,FUN_1814c4688,,,fccebc4301d38f4e86bb2372747fd03e4515596a144f9cceeab492c9693f0a29,undefined FUN_1814c4688(),ghidra,clean,
WHGame.dll,release_1_5_1164953_841,0x14c4723,5,FUN_1814c4723,,,bf2ea3f847b161cbc0d65b9dc577b8e6fd4aaa2264b8e4a9475e0ce9a4c2875d,undefined FUN_1814c4723(),ghidra,clean,
WHGame.dll,release_1_5_1164953_841,0x14c4728,155,FUN_1814c4728,,,53d8b12bf62d5a221e1fb7eab6129bffbd01c78f725027183737b1e53083af00,undefined FUN_1814c4728(),ghidra,clean,
WHGame.dll,release_1_5_1164953_841,0x14c47c4,301,FUN_1814c47c4,,,727ee648206c817cd11d4d4d11893e3633788d12ae6c7cba95858507e20522ab,undefined FUN_1814c47c4(),ghidra,clean,
WHGame.dll,release_1_5_1164953_841,0x14c48f4,52,FUN_1814c48f4,,,defa902ed911ce62ea528699d12858b9b3b05ce1c0acf865d1cbd2bd29b44625,undefined FUN_1814c48f4(),ghidra,clean,
WHGame.dll,release_1_5_1164953_841,0x14c4928,135,FUN_1814c4928,,,205eb4e75dbdf4d42aaf70a2e170c41f04dd613f5c20cf224f8e1caf618fc6c6,undefined FUN_1814c4928(),ghidra,clean,
WHGame.dll,release_1_5_1164953_841,0x14c49b0,194,FUN_1814c49b0,,,ae2fc347b3a2d9b2bf0b6c41c4e37720520a305e15381690a4f1c0639b4ecc3e,undefined FUN_1814c49b0(),ghidra,clean,
WHGame.dll,release_1_5_1164953_841,0x14c4a74,155,FUN_1814c4a74,,,44d07996f6055f2bb0ef66e767fa32bd0a64d1c8f7a598bfd5affbaaf628bfb9,undefined FUN_1814c4a74(),ghidra,clean,
WHGame.dll,release_1_5_1164953_841,0x14c4b10,291,FUN_1814c4b10,,,27a12eec52114375f57863267585cdb2383c46d343139495bcf2359acf1050ca,undefined FUN_1814c4b10(),ghidra,clean,
WHGame.dll,release_1_5_1164953_841,0x14c4c34,319,FUN_1814c4c34,,,c0dd2d27fe9fcdf661fb9791bcec07a1d9376d6ddbcd9daa356d8fdb0385d51b,undefined FUN_1814c4c34(),ghidra,clean,
WHGame.dll,release_1_5_1164953_841,0x14c4d74,64,FUN_1814c4d74,,,bc1971abd2fca78ec6e800ec51aa85cf0622fc194d29850f82ba358b4ee1f9ba,undefined FUN_1814c4d74(),ghidra,clean,
WHGame.dll,release_1_5_1164953_841,0x14c4db4,56,FUN_1814c4db4,,,43516797ac740320b35e874425551a996cb85b936e6e006c032245953c7d92ee,undefined FUN_1814c4db4(),ghidra,clean,
WHGame.dll,release_1_5_1164953_841,0x14c4dec,129,FUN_1814c4dec,,,988a357ef1a1a932a4067574b770f52c7f17ca5b3fdd678aec7f442e90e208e2,undefined FUN_1814c4dec(),ghidra,clean,
WHGame.dll,release_1_5_1164953_841,0x14c4e70,8,FUN_1814c4e70,,,03411439a47cad465325e28bbeb2a33699a4e85ae69c6a4bad91adc4c2f755e7,undefined FUN_1814c4e70(),ghidra,clean,
WHGame.dll,release_1_5_1164953_841,0x14c4e78,37,FUN_1814c4e78,,,445ace10cc72f9adc153e8059d2b8cfb918c29d54a241c785715c01a191e928f,undefined FUN_1814c4e78(),ghidra,clean,
WHGame.dll,release_1_5_1164953_841,0x14c4ea0,194,FUN_1814c4ea0,,,505f7cdadc53641ca17d3b0c53c070b02f6c8adc1886ee4e43737abeebbfc390,undefined FUN_1814c4ea0(),ghidra,clean,
WHGame.dll,release_1_5_1164953_841,0x14c4f64,155,FUN_1814c4f64,,,b9d7bfcf1df90c27538dfc96bfa38ec7d6685ecdb271f0485c03d89084ecf46c,undefined FUN_1814c4f64(),ghidra,clean,
WHGame.dll,release_1_5_1164953_841,0x14c5000,291,FUN_1814c5000,,,4e6902a8e861b292ac708bfc4de13c747caa5dfb9b17c0ebd19adaf6f510d224,undefined FUN_1814c5000(),ghidra,clean,
WHGame.dll,release_1_5_1164953_841,0x14c5124,30,FUN_1814c5124,,,5e2987cf3f822978b199d4490cd6d953497d2388f8d2b9c72a951a397516cee6,undefined FUN_1814c5124(),ghidra,clean,
WHGame.dll,release_1_5_1164953_841,0x14c5144,172,FUN_1814c5144,,,c1a12ea47830011742f22a4eea0bc1cc1fe749832adfa38f39be93baed8c4cdf,undefined FUN_1814c5144(),ghidra,clean,
WHGame.dll,release_1_5_1164953_841,0x14c51f0,113,FUN_1814c51f0,,,3a4a05bfe06c58358f86ef07b183f60dc28b2e3590d936153e1c8a653dec9703,undefined FUN_1814c51f0(),ghidra,clean,
WHGame.dll,release_1_5_1164953_841,0x14c5264,88,FUN_1814c5264,,,3dc889c89797fc27ccf7503436b5a73fd97eb6be66bc96f53ab899b12d759de6,undefined FUN_1814c5264(),ghidra,clean,
WHGame.dll,release_1_5_1164953_841,0x14c52bc,190,FUN_1814c52bc,,,54817e071cd2f278a6258f810318822dff78895fe68ef88743e1e562598cdff9,undefined FUN_1814c52bc(),ghidra,clean,
WHGame.dll,release_1_5_1164953_841,0x14c537c,155,FUN_1814c537c,,,7273118eaae73828c3dd83b9c1d6f89c031dfbfd4381997d1cf5bc626ab0eff4,undefined FUN_1814c537c(),ghidra,clean,
WHGame.dll,release_1_5_1164953_841,0x14c5418,291,FUN_1814c5418,,,77a995ad0dcef7307d3d83d720258ffcbe4e8376a8702524b6e254669cbb8990,undefined FUN_1814c5418(),ghidra,clean,
WHGame.dll,release_1_5_1164953_841,0x14c553c,222,FUN_1814c553c,,,e7fbbe91e6792871e743b8be07949107761ef0db58260e86b1edbbffc571580d,undefined FUN_1814c553c(),ghidra,clean,
WHGame.dll,release_1_5_1164953_841,0x14c560c,254,FUN_1814c560c,,,cfdc1a1339d5345e0363d316fdd8d86f168ab09f24d0700ebf2b8f7bc57329ba,undefined FUN_1814c560c(),ghidra,clean,
WHGame.dll,release_1_5_1164953_841,0x14c570c,163,FUN_1814c570c,,,9aaf791a621a5a2b38321655a8e9d0e91b8d8cdf0d2826b14f173feeab1f7043,undefined FUN_1814c570c(),ghidra,clean,
WHGame.dll,release_1_5_1164953_841,0x14c57b0,160,FUN_1814c57b0,,,7db5d69a3b982e5b57aa72e1f3487b0d16d2748c49b73db12d6ea5b6fac77838,undefined FUN_1814c57b0(),ghidra,clean,
WHGame.dll,release_1_5_1164953_841,0x14c5850,317,FUN_1814c5850,,,d5187ec8d95be68f65e0bf53f63e4be1ff168c02e5ddb9f68a950043579a9270,undefined FUN_1814c5850(),ghidra,clean,
WHGame.dll,release_1_5_1164953_841,0x14c5990,162,FUN_1814c5990,,,98e5fa17183e018afaa1b2d2cd98d1c1d9aea5429d37346bca141344af24f89e,undefined FUN_1814c5990(),ghidra,clean,
WHGame.dll,release_1_5_1164953_841,0x14c5a34,77,FUN_1814c5a34,,,ca8b74a5ffb0a8bbc30e8c4fd21ec275ae2c8964df37534de6623b6f6bbdae9d,undefined FUN_1814c5a34(),ghidra,clean,
WHGame.dll,release_1_5_1164953_841,0x14c5a84,190,FUN_1814c5a84,,,cd3d76f6d4aebd54c7cbaa94714101902faa5ff83f16c2503aee6062ff35c384,undefined FUN_1814c5a84(),ghidra,clean,
WHGame.dll,release_1_5_1164953_841,0x14c5b44,155,FUN_1814c5b44,,,92ad2307f3803d57cf73aeb418e8209625be398354e5ce3a927a4356dc5bca05,undefined FUN_1814c5b44(),ghidra,clean,
WHGame.dll,release_1_5_1164953_841,0x14c5be0,291,FUN_1814c5be0,,,03676aec6b1d7e68b81aad70142b83c3ced1483c67337d7088844772e9ea6565,undefined FUN_1814c5be0(),ghidra,clean,
WHGame.dll,release_1_5_1164953_841,0x14c5d04,42,FUN_1814c5d04,,,3a56fe300ff21dc6d2dbea9dff628dd3a2caa2e89bd3a9cb0e7ae3e77bb092d2,undefined FUN_1814c5d04(),ghidra,clean,
WHGame.dll,release_1_5_1164953_841,0x14c5d30,278,FUN_1814c5d30,,,28dc088c898040b2aaeb4b767893b0d45f8d7845a926003424f92aad3aa35b2a,undefined FUN_1814c5d30(),ghidra,clean,
WHGame.dll,release_1_5_1164953_841,0x14c5e48,190,FUN_1814c5e48,,,86e4169ab38f5a18fabda9c97ead84ff393305bf8d74d7630f33ce0f4b6ccaf7,undefined FUN_1814c5e48(),ghidra,clean,
WHGame.dll,release_1_5_1164953_841,0x14c5f08,155,FUN_1814c5f08,,,bcf52af3c625b0e272b89a5dde7e92e84eaabb61078732c390e34a37b56c5609,undefined FUN_1814c5f08(),ghidra,clean,
WHGame.dll,release_1_5_1164953_841,0x14c5fa4,291,FUN_1814c5fa4,,,5884b5a14f0e903ed4e84f9377f4c5ccbfb333d0ec94af624b9c3bea51a72c4d,undefined FUN_1814c5fa4(),ghidra,clean,
WHGame.dll,release_1_5_1164953_841,0x14c60c8,36,FUN_1814c60c8,,,d1494408de7b6a53c1a3d0cb5acd3cfcd08e3b64662301ece27f37e147d14a48,undefined FUN_1814c60c8(),ghidra,clean,
WHGame.dll,release_1_5_1164953_841,0x14c60ec,190,FUN_1814c60ec,,,b3e11da8f55445617827d757b5bf747312070a5cdc02a5591a890f6e4f19a30c,undefined FUN_1814c60ec(),ghidra,clean,
WHGame.dll,release_1_5_1164953_841,0x14c61ac,190,FUN_1814c61ac,,,d6ca09b98a4a22028443f502414259c055636a6273266039d1a9d2c1a42ad40d,undefined FUN_1814c61ac(),ghidra,clean,
WHGame.dll,release_1_5_1164953_841,0x14c626c,22,FUN_1814c626c,,,07d71ff9aecdc5a5380a465594d5bb3c9d0231ba7a70466c61adade54f6c07e3,undefined FUN_1814c626c(),ghidra,clean,
WHGame.dll,release_1_5_1164953_841,0x14c6284,190,FUN_1814c6284,,,458bc5d6960fe75d49f3d70729b939364b8aaf85cbfad70026199d57065cb0a0,undefined FUN_1814c6284(),ghidra,clean,
WHGame.dll,release_1_5_1164953_841,0x14c6344,190,FUN_1814c6344,,,1c2b6548c00f98ca2149e71118858d382bd261bfc3c91e1fc150d9c51c9e9436,undefined FUN_1814c6344(),ghidra,clean,
WHGame.dll,release_1_5_1164953_841,0x14c6404,65,FUN_1814c6404,,,2ef54fdb9109aeacf843173a8eaa5db4c7b9d1a02c658503309f368e51f50035,undefined FUN_1814c6404(),ghidra,clean,
WHGame.dll,release_1_5_1164953_841,0x14c6448,125,FUN_1814c6448,,,6c36c01caf27ca6ea6c2b53227de29e44bfc0c62271062cf13b16fc84bc7ed3b,undefined FUN_1814c6448(),ghidra,clean,
WHGame.dll,release_1_5_1164953_841,0x14c64c8,67,FUN_1814c64c8,,,17aa0618783163440a73cd54fec15fa9ff1a0a37ece128efaf8a59b9df0dece6,undefined FUN_1814c64c8(),ghidra,clean,
WHGame.dll,release_1_5_1164953_841,0x14c650c,96,FUN_1814c650c,,,bcc9507d9030dc27bc12c7e9ac421914bf6ae4ce0c96c443d798ef322e5b414c,undefined FUN_1814c650c(),ghidra,clean,
WHGame.dll,release_1_5_1164953_841,0x14c656c,74,FUN_1814c656c,,,82c8fb2ebbb7ab0356b853f77be93810876061ce16aed5fe39bdca8fe8050010,undefined FUN_1814c656c(),ghidra,clean,
WHGame.dll,release_1_5_1164953_841,0x14c65b8,194,FUN_1814c65b8,,,e9f3454cb9ca7eb7dfb63f403d57d504ede70af3a2c1af3379ae2f775617100b,undefined FUN_1814c65b8(),ghidra,clean,
WHGame.dll,release_1_5_1164953_841,0x14c667c,155,FUN_1814c667c,,,7f082aa20b09bccde9291f6b275c388cd8905b86534e838cfc72f931ca98e1a4,undefined FUN_1814c667c(),ghidra,clean,
WHGame.dll,release_1_5_1164953_841,0x14c6718,311,FUN_1814c6718,,,5d381380d50c0345d2f2c99d37889e91c76b9beb17c62c57c87ece422f2f5320,undefined FUN_1814c6718(),ghidra,clean,
WHGame.dll,release_1_5_1164953_841,0x14c6850,190,FUN_1814c6850,,,64631e6ef7600f2ab1d3eaa7af516cda00b6510350c2ab276b946bb9be56825d,undefined FUN_1814c6850(),ghidra,clean,
WHGame.dll,release_1_5_1164953_841,0x14c6910,2833,FUN_1814c6910,,,9c8e6d9f804311c7c4e00b398c6c577600b27e3d4958255767442af88d702a8d,undefined FUN_1814c6910(),ghidra,clean,
WHGame.dll,release_1_5_1164953_841,0x14c7478,190,FUN_1814c7478,,,a5532f420141a4a8046e9efa03ff64def12f8f5aa4390509907fc78465abdca1,undefined FUN_1814c7478(),ghidra,clean,
WHGame.dll,release_1_5_1164953_841,0x14c7538,190,FUN_1814c7538,,,a544a7e1bbaf63eeeafffadef7267de3992ef31c1933fb798050ddda9fdbb2ff,undefined FUN_1814c7538(),ghidra,clean,
WHGame.dll,release_1_5_1164953_841,0x14c75f8,155,FUN_1814c75f8,,,b7c10b287eb224a3f7e763e970214ad7911b7687cf964b4efa880f4b5490183e,undefined FUN_1814c75f8(),ghidra,clean,
WHGame.dll,release_1_5_1164953_841,0x14c7694,311,FUN_1814c7694,,,e167cc1eced6bd2c27ba5c206c8b0280a3a4cb99460125a985c08197ed41f0de,undefined FUN_1814c7694(),ghidra,clean,
WHGame.dll,release_1_5_1164953_841,0x14c77cc,134,FUN_1814c77cc,,,9afa638afb9543c03431569d642f4a43819493ea9fc65ba0891cf6c990471513,undefined FUN_1814c77cc(),ghidra,clean,
WHGame.dll,release_1_5_1164953_841,0x14c7854,137,FUN_1814c7854,,,9a8f44739868cf7c6257355fdc5b4bed9576ec706fca55eb3a0ce0d32720fcf7,undefined FUN_1814c7854(),ghidra,clean,
WHGame.dll,release_1_5_1164953_841,0x14c78e0,56,FUN_1814c78e0,,,c8420c372b501692a646d02104706ed670d50b61c04d727638593f619c5143d2,undefined FUN_1814c78e0(),ghidra,clean,
WHGame.dll,release_1_5_1164953_841,0x14c7900,46,FUN_1814c7900,,,e876aa55b6c092781d719c06daa33af396457717715ca79c8d27d74c62c7d274,undefined FUN_1814c7900(),ghidra,clean,
WHGame.dll,release_1_5_1164953_841,0x14c7930,172,FUN_1814c7930,,,34e7b47112dec67d3831251595985a2c22b913d48ab5215ce566012b1e5b93a2,undefined FUN_1814c7930(),ghidra,clean,
WHGame.dll,release_1_5_1164953_841,0x14c79dc,184,FUN_1814c79dc,,,8ad150d97e875de54b9067b4ae627d3b5e7423c055ef5eb5bc15aeee12524d21,undefined FUN_1814c79dc(),ghidra,clean,
WHGame.dll,release_1_5_1164953_841,0x14c7a94,155,FUN_1814c7a94,,,c7a2243884389a92e7d7a2a546ea44841f62335dab0b8e43b95293dd45f4ee7d,undefined FUN_1814c7a94(),ghidra,clean,
WHGame.dll,release_1_5_1164953_841,0x14c7b30,291,FUN_1814c7b30,,,8104949dff7c6183a25ff606fc78d0a1f53542f0a5b9f9026f08dcafe0cbea8d,undefined FUN_1814c7b30(),ghidra,clean,
WHGame.dll,release_1_5_1164953_841,0x14c7c54,190,FUN_1814c7c54,,,605fac66a6bb080fb9bdc568fba7c9886239022552a25302bc57d372307e8786,undefined FUN_1814c7c54(),ghidra,clean,
WHGame.dll,release_1_5_1164953_841,0x14c7d14,190,FUN_1814c7d14,,,7b0f16d50d31637cacbce157543bfa97ddba3b5e8e017f61ca8e14a58ba688bb,undefined FUN_1814c7d14(),ghidra,clean,
WHGame.dll,release_1_5_1164953_841,0x14c7dd4,194,FUN_1814c7dd4,,,3a7b94d8c588066d389250f640a7f966e74427d32dbc321438a8691cf1c95cdb,undefined FUN_1814c7dd4(),ghidra,clean,
WHGame.dll,release_1_5_1164953_841,0x14c7e98,155,FUN_1814c7e98,,,5d5e1bfa6231772a2453d289fb1158cf78398f196a75313ac725f244262d2f7a,undefined FUN_1814c7e98(),ghidra,clean,
WHGame.dll,release_1_5_1164953_841,0x14c7f34,311,FUN_1814c7f34,,,b7c0ba72ff82946d600da2c85eeb80b5e03c7b214c9fa67d559b85133289528b,undefined FUN_1814c7f34(),ghidra,clean,
WHGame.dll,release_1_5_1164953_841,0x14c806c,190,FUN_1814c806c,,,fefe236858e8f1cdcd013a0f6fe20af9987c66683417bb30a5ac7bbdc9c7d593,undefined FUN_1814c806c(),ghidra,clean,
WHGame.dll,release_1_5_1164953_841,0x14c812c,180,FUN_1814c812c,,,76b11e1bf9e5508cdc87a4c924d1760527ffa4b45f1e5909d67f71f986bab977,undefined FUN_1814c812c(),ghidra,clean,
WHGame.dll,release_1_5_1164953_841,0x14c81e0,325,FUN_1814c81e0,,,cb421dce88b89bbfb214d88046481d26fa7cd8f4213ee3abe2fa074283be2071,undefined FUN_1814c81e0(),ghidra,clean,
WHGame.dll,release_1_5_1164953_841,0x14c8328,190,FUN_1814c8328,,,ddf8ba47c4775dd4d2cde376b38287cccf5c1f9c09f19b6d3f18577d6fc7846d,undefined FUN_1814c8328(),ghidra,clean,
WHGame.dll,release_1_5_1164953_841,0x14c83e8,190,FUN_1814c83e8,,,3d1726970c22882d32521f14a3d77d7922986ddd70a1df5ef8266d84a69be7c3,undefined FUN_1814c83e8(),ghidra,clean,
WHGame.dll,release_1_5_1164953_841,0x14c84a8,190,FUN_1814c84a8,,,d163a995dcb226280aab5422ae9d8ec8f2102dfc53c01b29a91ebafda6517bcf,undefined FUN_1814c84a8(),ghidra,clean,
WHGame.dll,release_1_5_1164953_841,0x14c8568,55,FUN_1814c8568,,,df4ad9db99152505d33734d7c089047b6cc0d9c1db082942d948a387fe7338fa,undefined FUN_1814c8568(),ghidra,clean,
WHGame.dll,release_1_5_1164953_841,0x14c8590,181,FUN_1814c8590,,,af42f906bfaac6ffe3be92dd69216edf2ae808c0529d750e4aaaa14805bcddd2,undefined FUN_1814c8590(),ghidra,clean,
WHGame.dll,release_1_5_1164953_841,0x14c8648,95,FUN_1814c8648,,,9cfef6fceaecea857f3d883c8fef73ade6d2fa1367694f86bdd6349242af5dc3,undefined FUN_1814c8648(),ghidra,clean,
WHGame.dll,release_1_5_1164953_841,0x14c86a8,39,FUN_1814c86a8,,,e0b9836bec92e27227c48a1e185f7fba37563fccdd88c7a4a1348473b6183c04,undefined FUN_1814c86a8(),ghidra,clean,
WHGame.dll,release_1_5_1164953_841,0x14c86d0,180,FUN_1814c86d0,,,6e53c76263aa88c4e27858fc2c8abe175f8f4f7c27b27ce9a430c65c6754179c,undefined FUN_1814c86d0(),ghidra,clean,
WHGame.dll,release_1_5_1164953_841,0x14c8784,152,FUN_1814c8784,,,a9af1fbe248d2d56d6e1f68f7097f0d7a63e8c62f3fa6ea513246016bef7cf99,undefined FUN_1814c8784(),ghidra,clean,
WHGame.dll,release_1_5_1164953_841,0x14c881c,180,FUN_1814c881c,,,04fb36614b96c0dbcdb6b9f66c59f4d0e04ba2d72bbe1481eb1036e1e5e3f476,undefined FUN_1814c881c(),ghidra,clean,
WHGame.dll,release_1_5_1164953_841,0x14c88d0,190,FUN_1814c88d0,,,505c0d6a78914847e77dfcae5530a87beead09801ed4ba62b607fdb18492afff,undefined FUN_1814c88d0(),ghidra,clean,
WHGame.dll,release_1_5_1164953_841,0x14c8990,190,FUN_1814c8990,,,f88b165f2d118806fc2bd846171a72e452784a2f7f6adb80b87e66bda63a515a,undefined FUN_1814c8990(),ghidra,clean,
WHGame.dll,release_1_5_1164953_841,0x14c8a50,190,FUN_1814c8a50,,,f919a90ad35b5ac548788d321251c0371cc5536be6d1e2fd736bfd3969145d14,undefined FUN_1814c8a50(),ghidra,clean,
WHGame.dll,release_1_5_1164953_841,0x14c8b10,155,FUN_1814c8b10,,,ec9b575535672876990664504e0bf6c0fb417a389e15685cc9c73c507423a549,undefined FUN_1814c8b10(),ghidra,clean,
WHGame.dll,release_1_5_1164953_841,0x14c8bac,291,FUN_1814c8bac,,,c4bb53489971d0fec4d2c89cca1a7dea419dc7bdc156ef5f35f8a3fe74eda2e2,undefined FUN_1814c8bac(),ghidra,clean,
WHGame.dll,release_1_5_1164953_841,0x14c8cd0,197,FUN_1814c8cd0,,,5f7a200bafb2f51caecd8280401674c563c431f819efc500baf84a07cc68cc71,undefined FUN_1814c8cd0(),ghidra,clean,
WHGame.dll,release_1_5_1164953_841,0x14c8d98,197,FUN_1814c8d98,,,1b8a6895d5354823f6c0e6e853f21fac563fd7a18707b98622c92692beefe945,undefined FUN_1814c8d98(),ghidra,clean,
WHGame.dll,release_1_5_1164953_841,0x14c8e60,197,FUN_1814c8e60,,,58fbf8f5cd31bf2ec80a752f9ad00f16b22ef0d344eeeba43de37ae4efb08dcc,undefined FUN_1814c8e60(),ghidra,clean,
WHGame.dll,release_1_5_1164953_841,0x14c8f28,197,FUN_1814c8f28,,,035a3e40a93c9a09e61221100b42ee5fb1fc896d924f6086f9756fded24ceaae,undefined FUN_1814c8f28(),ghidra,clean,
WHGame.dll,release_1_5_1164953_841,0x14c8ff0,197,FUN_1814c8ff0,,,25d2bb0dea8eb6f897dba853fc2b52fdeffaf42ba80025caf353f5e621dd0141,undefined FUN_1814c8ff0(),ghidra,clean,
WHGame.dll,release_1_5_1164953_841,0x14c90b8,374,FUN_1814c90b8,,,4967a1b55d7dad4eb1e6c0d64746b8e4a5e762d6992d8fb5e9c60c7502cef328,undefined FUN_1814c90b8(),ghidra,clean,
WHGame.dll,release_1_5_1164953_841,0x14c9230,374,FUN_1814c9230,,,38edbcb3cea8da46bb2072f16b562f5359611df946336a8414791f121965b356,undefined FUN_1814c9230(),ghidra,clean,
WHGame.dll,release_1_5_1164953_841,0x14c93a8,374,FUN_1814c93a8,,,ddb3c2e989f9dd672a2ece4b012b820451bec78858b9a9ca99a037a3c9f73d90,undefined FUN_1814c93a8(),ghidra,clean,
WHGame.dll,release_1_5_1164953_841,0x14c9520,374,FUN_1814c9520,,,26702795187f703b183cdecb8da616e1bc5a93290dac3a5f16c575f15ce1a7e4,undefined FUN_1814c9520(),ghidra,clean,
WHGame.dll,release_1_5_1164953_841,0x14c9698,374,FUN_1814c9698,,,26638f21f1339eea21eb18805b25420ddf61689317190bff75a9fdebaf9fa4c3,undefined FUN_1814c9698(),ghidra,clean,
WHGame.dll,release_1_5_1164953_841,0x14c9810,190,FUN_1814c9810,,,61603ebfd47de5beb48be634cc94743456344d9df032733baa2e53fe1c2f84ef,undefined FUN_1814c9810(),ghidra,clean,
WHGame.dll,release_1_5_1164953_841,0x14c98d0,55,FUN_1814c98d0,,,3bbe0f33e14cd3f84bfc3cfb44e8d77d682974ba05623eda61302135d5f2bfc5,undefined FUN_1814c98d0(),ghidra,clean,
WHGame.dll,release_1_5_1164953_841,0x14c98f8,175,FUN_1814c98f8,,,0b1845510fa6b079ae025ec49610ad5b6337f9c0a02711ccc82a9306e8ebb4b7,undefined FUN_1814c98f8(),ghidra,clean,
WHGame.dll,release_1_5_1164953_841,0x14c99a0,145,FUN_1814c99a0,,,f13eb3662089520ca6e13329528980ee10ac092cadace3ffd94040f26ca8ed0a,undefined FUN_1814c99a0(),ghidra,clean,
WHGame.dll,release_1_5_1164953_841,0x14c9a34,190,FUN_1814c9a34,,,c60e34d15a7038bd233f1289d19988cf34e91440bdb875cb313cdc83218e56ab,undefined FUN_1814c9a34(),ghidra,clean,
WHGame.dll,release_1_5_1164953_841,0x14c9af4,257,FUN_1814c9af4,,,0121bc2fbe8885eec8010caf12fa28bb8a4012a190186e0b6d48a137453988a8,undefined FUN_1814c9af4(),ghidra,clean,
WHGame.dll,release_1_5_1164953_841,0x14c9bf8,190,FUN_1814c9bf8,,,c71f02621f305ee631b30d0284d17615e71aab442ed5d5fb0bad9049e9cd8dcd,undefined FUN_1814c9bf8(),ghidra,clean,
WHGame.dll,release_1_5_1164953_841,0x14c9cb8,190,FUN_1814c9cb8,,,2ef36fc2d4ff7d6109a57e4a6fbcca179c3f905d117631c6738c5496c676039e,undefined FUN_1814c9cb8(),ghidra,clean,
WHGame.dll,release_1_5_1164953_841,0x14c9d78,180,FUN_1814c9d78,,,bdaa79589198ed269e10fbd79ad16bc112c46c3484ff677b566dac6c9ca04a5e,undefined FUN_1814c9d78(),ghidra,clean,
WHGame.dll,release_1_5_1164953_841,0x14c9e2c,87,FUN_1814c9e2c,,,cba78daca43c3b5e794b451ed624644904f7b0ef604e2de8bebdf2b9749ce060,undefined FUN_1814c9e2c(),ghidra,clean,
WHGame.dll,release_1_5_1164953_841,0x14c9e84,51,FUN_1814c9e84,,,527e3d5a9b3a40648d7a28e1e0b03e8564820af7d8ad711f268f434e15c2dc79,undefined FUN_1814c9e84(),ghidra,clean,
WHGame.dll,release_1_5_1164953_841,0x14c9eb8,180,FUN_1814c9eb8,,,e046d628a7dae3b3d76d1de2783a16292c2d7eee68513700a5996cddaf56477b,undefined FUN_1814c9eb8(),ghidra,clean,
WHGame.dll,release_1_5_1164953_841,0x14c9f6c,190,FUN_1814c9f6c,,,73e978261cc4029de2b6cc05b63b0c9db0131fc6e6e1298a6eb241239abcf81c,undefined FUN_1814c9f6c(),ghidra,clean,
WHGame.dll,release_1_5_1164953_841,0x14ca02c,194,FUN_1814ca02c,,,5f477f13ad8880d9f5c86fb82c716d68d2c919d4ac8625726cea463df4930f49,undefined FUN_1814ca02c(),ghidra,clean,
WHGame.dll,release_1_5_1164953_841,0x14ca0f0,190,FUN_1814ca0f0,,,f76fc39f92a0ca476d9aaee5d87925edcdacbe5b48c199323db508e57e700222,undefined FUN_1814ca0f0(),ghidra,clean,
WHGame.dll,release_1_5_1164953_841,0x14ca1b0,26,FUN_1814ca1b0,,,784f42d42467bdc72bf303619520ab86d009b3466c28ed890d4202f919d16798,undefined FUN_1814ca1b0(),ghidra,clean,
WHGame.dll,release_1_5_1164953_841,0x14ca1cc,958,FUN_1814ca1cc,,,05b5f664f4626ae868312db7ec72d29280c560cb609fd0249bcc3aff72c5bf6a,undefined FUN_1814ca1cc(),ghidra,clean,
WHGame.dll,release_1_5_1164953_841,0x14ca58c,23,FUN_1814ca58c,,,4a2215c3e820937481093c41c3a2c4fdd1b034767afb06c5e8afd475b2e2dc6a,undefined FUN_1814ca58c(),ghidra,clean,
WHGame.dll,release_1_5_1164953_841,0x14ca5a4,155,FUN_1814ca5a4,,,45fd5428b57d09f23b100786c54a8e26c686442377e37e45c8bbbd4754682aa4,undefined FUN_1814ca5a4(),ghidra,clean,
WHGame.dll,release_1_5_1164953_841,0x14ca640,304,FUN_1814ca640,,,d94eff2ee3744d07be86d0cfe3821a971a4f96584251d441e8b8b0ab88242345,undefined FUN_1814ca640(),ghidra,clean,
WHGame.dll,release_1_5_1164953_841,0x14ca770,155,FUN_1814ca770,,,e161a01fdcc33afd08c27b0c9ceed598fb4811ae6f46e81f2f0c3da3d4a963d7,undefined FUN_1814ca770(),ghidra,clean,
WHGame.dll,release_1_5_1164953_841,0x14ca80c,298,FUN_1814ca80c,,,44959e01f08b5bf94898cdbe816d214bde10e8e66bcfd5c09e755abe7e6457d9,undefined FUN_1814ca80c(),ghidra,clean,
WHGame.dll,release_1_5_1164953_841,0x14ca938,83,FUN_1814ca938,,,6d3ad58525475f8aa774bd776ebefd96d4034d2f2ccdf24a41533ec006ebb9be,undefined FUN_1814ca938(),ghidra,clean,
WHGame.dll,release_1_5_1164953_841,0x14ca974,52,FUN_1814ca974,,,eb1381a90cbfec19f10e7bafdc03caade2962d6c69ffffda52f7590d75facbdc,undefined FUN_1814ca974(),ghidra,clean,
WHGame.dll,release_1_5_1164953_841,0x14ca9a8,133,FUN_1814ca9a8,,,100dcb5fcf090e4f3c8b727b554b942f665b09be52eee11a2ed0fcd5972a432c,undefined FUN_1814ca9a8(),ghidra,clean,
WHGame.dll,release_1_5_1164953_841,0x14caa30,190,FUN_1814caa30,,,8f4e5eeee8b1ff4b0b46bbbdad6e052f26f60380e25ed19c1b68430dd3c62a6e,undefined FUN_1814caa30(),ghidra,clean,
WHGame.dll,release_1_5_1164953_841,0x14caaf0,30,FUN_1814caaf0,,,7c81acd6e373c2955954df951098679292528b5e487ae7eed81423da37cfe2ab,undefined FUN_1814caaf0(),ghidra,clean,
WHGame.dll,release_1_5_1164953_841,0x14cab10,194,FUN_1814cab10,,,41a6ba490326ba3eb94ba1709e438aef6b5e113ef33e3ded2aa328e0d316378a,undefined FUN_1814cab10(),ghidra,clean,
WHGame.dll,release_1_5_1164953_841,0x14cabd4,190,FUN_1814cabd4,,,f246c70a192c63f8e66a2714ff67914a5957c7565f9c97611399c34ef672c4b1,undefined FUN_1814cabd4(),ghidra,clean,
WHGame.dll,release_1_5_1164953_841,0x14cac94,190,FUN_1814cac94,,,3c5e6f1192e0fa6938f8fe35113d7159f4bd6ee3707a15d28b87d4c916015c62,undefined FUN_1814cac94(),ghidra,clean,
WHGame.dll,release_1_5_1164953_841,0x14cad54,190,FUN_1814cad54,,,6eb19000f717846bd9a8977af1b4bef462b7fa688ae0adf8bdf3f3a59599d350,undefined FUN_1814cad54(),ghidra,clean,
WHGame.dll,release_1_5_1164953_841,0x14cae14,62,FUN_1814cae14,,,4561a984c941afc17476765e14b7ed9227d9fb523233d8cc54037f856a3038ec,undefined FUN_1814cae14(),ghidra,clean,
WHGame.dll,release_1_5_1164953_841,0x14cae40,155,FUN_1814cae40,,,845dbf964ee835e0eb34decabd54c174f1f95e7d1004c11c404dbe9df5f3bff3,undefined FUN_1814cae40(),ghidra,clean,
WHGame.dll,release_1_5_1164953_841,0x14caedc,291,FUN_1814caedc,,,23af078559773689a3b8e9b5b54f029142444680c0e90250eb7132e3060d8971,undefined FUN_1814caedc(),ghidra,clean,
WHGame.dll,release_1_5_1164953_841,0x14cb000,151,FUN_1814cb000,,,d048c73d5f4587a59d950975e403d50c66707bc8eaaeff2baf0070bac0b2718c,undefined FUN_1814cb000(),ghidra,clean,
WHGame.dll,release_1_5_1164953_841,0x14cb07c,190,FUN_1814cb07c,,,d8433b2a0336793973518acbe06780ff73f90688ffe84056f5d35394bceed045,undefined FUN_1814cb07c(),ghidra,clean,
WHGame.dll,release_1_5_1164953_841,0x14cb13c,190,FUN_1814cb13c,,,4cd28d5b8d3e1e22410b32bfa8d4116bdb82163af38d96312ee0f4b0637029f9,undefined FUN_1814cb13c(),ghidra,clean,
WHGame.dll,release_1_5_1164953_841,0x14cb1fc,190,FUN_1814cb1fc,,,095f4ce9a15ff007179b6eb0ea78c926a2e97229dd4cdd4221dba5cf0e634629,undefined FUN_1814cb1fc(),ghidra,clean,
WHGame.dll,release_1_5_1164953_841,0x14cb2bc,190,FUN_1814cb2bc,,,43842bc4c08f3632f23a1381e67aaf7306dfb1d302307a04019c9097531dc671,undefined FUN_1814cb2bc(),ghidra,clean,
WHGame.dll,release_1_5_1164953_841,0x14cb37c,155,FUN_1814cb37c,,,7659d0e88b6d253a71dd45e0accb34c2f4aee1f0df53e8256a75d710d454fb77,undefined FUN_1814cb37c(),ghidra,clean,
WHGame.dll,release_1_5_1164953_841,0x14cb418,291,FUN_1814cb418,,,fca79c58279c973b945397a6db10afe97b4afb5681c0ddc67ee38e3651a03ef9,undefined FUN_1814cb418(),ghidra,clean,
WHGame.dll,release_1_5_1164953_841,0x14cb53c,190,FUN_1814cb53c,,,8110391af28d8496f3bfedf2688386058dbaeb14e4a74ab97a9d894de95626b2,undefined FUN_1814cb53c(),ghidra,clean,
WHGame.dll,release_1_5_1164953_841,0x14cb5fc,190,FUN_1814cb5fc,,,f0715fdb0cbccd437476f4bb1f5efe4b1ec8e85dad1a9ae711bf02cd42eaefaf,undefined FUN_1814cb5fc(),ghidra,clean,
WHGame.dll,release_1_5_1164953_841,0x14cb6bc,139,FUN_1814cb6bc,,,b2591568bb725bfac7f98ef405c6a956152bfdee66ab4b83c19c177ad71b0f74,undefined FUN_1814cb6bc(),ghidra,clean,
WHGame.dll,release_1_5_1164953_841,0x14cb748,30,FUN_1814cb748,,,2d00b8a4129256d29c5a139636b73384ede62b43869377cfb7b9a4febae2d45e,undefined FUN_1814cb748(),ghidra,clean,
WHGame.dll,release_1_5_1164953_841,0x14cb768,190,FUN_1814cb768,,,0808ce17d6ce33cb1440e4933150cf21fa63ee0b49ba7f7778ed81c2e6114b7a,undefined FUN_1814cb768(),ghidra,clean,
WHGame.dll,release_1_5_1164953_841,0x14cb828,190,FUN_1814cb828,,,dc7c671aa2757a913bc1d6932701eaaaf48ad8021da708139c2c2971ff826f67,undefined FUN_1814cb828(),ghidra,clean,
WHGame.dll,release_1_5_1164953_841,0x14cb8e8,1953,FUN_1814cb8e8,,,c254ea8e6951e545ca22442005cabd8c4fe2a73fae2ad099b8157f4061b155ec,undefined FUN_1814cb8e8(),ghidra,clean,
WHGame.dll,release_1_5_1164953_841,0x14cbee8,180,FUN_1814cbee8,,,961c4651cca8be062e8a3455b7c44b5f30de8ae6bd489447c5022fe53c5db501,undefined FUN_1814cbee8(),ghidra,clean,
WHGame.dll,release_1_5_1164953_841,0x14cbf9c,190,FUN_1814cbf9c,,,745584abbf86d12a5ac0786bb5dc0b8ea68d36bd0a4680b56f88cbee908b1a39,undefined FUN_1814cbf9c(),ghidra,clean,
WHGame.dll,release_1_5_1164953_841,0x14cc05c,190,FUN_1814cc05c,,,a84cd7a52c8a92fbafd1bda5610af66883d0e2cfdc4545c688df94422fcd64ea,undefined FUN_1814cc05c(),ghidra,clean,
WHGame.dll,release_1_5_1164953_841,0x14cc11c,129,FUN_1814cc11c,,,af9761962f172ef099fff7e4dac7f1d05f6dbfffa021f2b54ff60eb64b766aa4,undefined FUN_1814cc11c(),ghidra,clean,
WHGame.dll,release_1_5_1164953_841,0x14cc1a0,214,FUN_1814cc1a0,,,075cd9de1b1ac1c51c8125dee8f30468a374905cafa6f9efd41b92b96c4108a5,undefined FUN_1814cc1a0(),ghidra,clean,
WHGame.dll,release_1_5_1164953_841,0x14cc278,127,FUN_1814cc278,,,08340b8a4e80a9e5a8c09a6b3599030578495decf1d5d0f1c4fda56e159e2738,undefined FUN_1814cc278(),ghidra,clean,
WHGame.dll,release_1_5_1164953_841,0x14cc2f8,25,FUN_1814cc2f8,,,229531ea4add179730dc677fc47e03367244e91774b1fb3f01c2334149046a99,undefined FUN_1814cc2f8(),ghidra,clean,
WHGame.dll,release_1_5_1164953_841,0x14cc314,53,FUN_1814cc314,,,d386f49e6958172ea06f1a938f6fcf376f063dcb4f002baaf5601904b6bce0d5,undefined FUN_1814cc314(),ghidra,clean,
WHGame.dll,release_1_5_1164953_841,0x14cc34c,154,FUN_1814cc34c,,,3ca901456f1f0361ccf681d3974b507c7d4498b9828d11c8cf7fe9fa64dca5f9,undefined FUN_1814cc34c(),ghidra,clean,
WHGame.dll,release_1_5_1164953_841,0x14cc3e8,323,FUN_1814cc3e8,,,2830f02d6919f9c0676a1ca48d0b0521acf15d381afd50142f23b350403f9f14,undefined FUN_1814cc3e8(),ghidra,clean,
WHGame.dll,release_1_5_1164953_841,0x14cc52c,230,FUN_1814cc52c,,,31c7f6ef8473b87acf40d117b50fea22d7f1302702b26eb15b5a6569cc107799,undefined FUN_1814cc52c(),ghidra,clean,
WHGame.dll,release_1_5_1164953_841,0x14cc614,132,FUN_1814cc614,,,fbed3c822daad0080ab5849a01cac203a284db8c5f04403b464fabf7531ee488,undefined FUN_1814cc614(),ghidra,clean,
WHGame.dll,release_1_5_1164953_841,0x14cc698,50,FUN_1814cc698,,,5d256dfe537d02d9f7a2984077983b25e37ac1f8601b2f86fef7a38ab3e57f02,undefined FUN_1814cc698(),ghidra,clean,
WHGame.dll,release_1_5_1164953_841,0x14cc6cc,48,FUN_1814cc6cc,,,b95ac1ca31202dc0f0912b8c24542453ce26a33e4804df0e7575b52d655cda86,undefined FUN_1814cc6cc(),ghidra,clean,
WHGame.dll,release_1_5_1164953_841,0x14cc6e8,230,FUN_1814cc6e8,,,e1df4e416beb8a8ec45d4b7440fb0e650ff9226b48b8ee84875c71f94ba6e207,undefined FUN_1814cc6e8(),ghidra,clean,
WHGame.dll,release_1_5_1164953_841,0x14cc7d0,155,FUN_1814cc7d0,,,b98cd3c4378083cb50899778db1333a37d7d22eec042f004e7187217b9e677b6,undefined FUN_1814cc7d0(),ghidra,clean,
WHGame.dll,release_1_5_1164953_841,0x14cc86c,291,FUN_1814cc86c,,,261bc8d79972455c74a0c2fdf7c0256906e02ebdbafea43f74b60d187c78c704,undefined FUN_1814cc86c(),ghidra,clean,
WHGame.dll,release_1_5_1164953_841,0x14cc990,190,FUN_1814cc990,,,bb9359ec5ad1212b919f39385c64649d00539fb1d98cde98c618456e39edbcd8,undefined FUN_1814cc990(),ghidra,clean,
WHGame.dll,release_1_5_1164953_841,0x14cca50,155,FUN_1814cca50,,,9abaa80a956562a09b94364a0ec5b1ee8a423b78d02a5604295658176b7bee75,undefined FUN_1814cca50(),ghidra,clean,
WHGame.dll,release_1_5_1164953_841,0x14ccaec,291,FUN_1814ccaec,,,ad43a20f6f7ebb56fee44b01c8af301e8db17d28ca299005acd3c970f1a886e8,undefined FUN_1814ccaec(),ghidra,clean,
WHGame.dll,release_1_5_1164953_841,0x14ccc10,43,FUN_1814ccc10,,,aebf058472741235e427eb93e7359ecd80f5fb12c3ea3869c07d4e8c746d5778,undefined FUN_1814ccc10(),ghidra,clean,
WHGame.dll,release_1_5_1164953_841,0x14ccc3c,120,FUN_1814ccc3c,,,d4c8e3bb4d8850db2b3a872fde9fb3dc7505f6e4302179aa99f28672de6cb66c,undefined FUN_1814ccc3c(),ghidra,clean,
WHGame.dll,release_1_5_1164953_841,0x14cccb4,143,FUN_1814cccb4,,,2d5c71f178cb5218001491d281dbef17494501c0fd3a2de71dc1c26779b56782,undefined FUN_1814cccb4(),ghidra,clean,
WHGame.dll,release_1_5_1164953_841,0x14ccd44,190,FUN_1814ccd44,,,475361f6890254a66633652eb68a1a284c8af3a745f8883d3e55dfcda9b7601c,undefined FUN_1814ccd44(),ghidra,clean,
WHGame.dll,release_1_5_1164953_841,0x14cce04,155,FUN_1814cce04,,,fcb6f59519feed4c878f7121bb207d39636b193d2a5ea2eb38faf55770544733,undefined FUN_1814cce04(),ghidra,clean,
WHGame.dll,release_1_5_1164953_841,0x14ccea0,291,FUN_1814ccea0,,,4b67eb0956dc5e250bdf4a67ccd9b1a5c3cb83df6c54758f6eaf90303d542457,undefined FUN_1814ccea0(),ghidra,clean,
WHGame.dll,release_1_5_1164953_841,0x14ccfd0,12,FUN_1814ccfd0,,,22c9b7dadb7811e9058939be48be432179eba78731d4bd700a91a06baeddb373,undefined FUN_1814ccfd0(),ghidra,clean,
WHGame.dll,release_1_5_1164953_841,0x14ccfdc,115,FUN_1814ccfdc,,,8d6b2aec790654ab7c8294cfd183c145392de245f1106cc3b7db55c2d6ed1af2,undefined FUN_1814ccfdc(),ghidra,clean,
WHGame.dll,release_1_5_1164953_841,0x14cd050,1389,FUN_1814cd050,,,d5ccd8774a368b69bf2e9591ccff857b7f1892f26e61034083005a59e9831187,undefined FUN_1814cd050(),ghidra,clean,
WHGame.dll,release_1_5_1164953_841,0x14cd5c0,187,FUN_1814cd5c0,,,45e0a9dcb8f2cdc53e7ad371a2aad0c17427ff02c03b943e864f51c7048c4b3a,undefined FUN_1814cd5c0(),ghidra,clean,
WHGame.dll,release_1_5_1164953_841,0x14cd67c,185,FUN_1814cd67c,,,5aacee39e8b2f7dd9e62b54f63bb50c1eb960d31dcaf7f46093e1eeca49e3878,undefined FUN_1814cd67c(),ghidra,clean,
WHGame.dll,release_1_5_1164953_841,0x14cd738,31,FUN_1814cd738,,,029e971c61117f89f349e541b776f5c0d8421e5374eb085743cf82a92a1503c4,undefined FUN_1814cd738(),ghidra,clean,
WHGame.dll,release_1_5_1164953_841,0x14cd758,234,FUN_1814cd758,,,d2f180f12b1199b0658fedc2d4aa3328ea0d248b29ce43c808fe96e9665c292c,undefined FUN_1814cd758(),ghidra,clean,
WHGame.dll,release_1_5_1164953_841,0x14cd844,296,FUN_1814cd844,,,7ea1344d2d9f3b3ae5771d6eb3756bd62d4ab95d71db4e7b62f09ebd71fca2a5,undefined FUN_1814cd844(),ghidra,clean,
WHGame.dll,release_1_5_1164953_841,0x14cd96c,234,FUN_1814cd96c,,,7f46199543d6aa9701e9347dcb5d32d85386bcab3b434830ed17b9afb3d2affb,undefined FUN_1814cd96c(),ghidra,clean,
WHGame.dll,release_1_5_1164953_841,0x14cda58,1159,FUN_1814cda58,,,171f63627e96ef0164373f44d9aed10cd893f708db175b3c5dd80c2a653ad477,undefined FUN_1814cda58(),ghidra,clean,
WHGame.dll,release_1_5_1164953_841,0x14cdee0,68,FUN_1814cdee0,,,cf171ca9a31fa3745ad67ac89da31066799be2daef0c3e3b0d3db583fcf7a415,undefined FUN_1814cdee0(),ghidra,clean,
WHGame.dll,release_1_5_1164953_841,0x14cdf24,157,FUN_1814cdf24,,,258257ceae1d4c375a2f0013a48a0536e66d4b0c2300fd22bf674e66627524aa,undefined FUN_1814cdf24(),ghidra,clean,
WHGame.dll,release_1_5_1164953_841,0x14cdfc4,93,FUN_1814cdfc4,,,cd457908be1c6f3f387eb1d1082ac84bfba23e6b786d983763cc9aca8605a484,undefined FUN_1814cdfc4(),ghidra,clean,
WHGame.dll,release_1_5_1164953_841,0x14ce024,166,FUN_1814ce024,,,8ec02ae432b1e1cb738ecb37a14e070582ee0b488acc5ed26b9228a950b48103,undefined FUN_1814ce024(),ghidra,clean,
WHGame.dll,release_1_5_1164953_841,0x14ce0cc,359,FUN_1814ce0cc,,,4e494a0532f9cf9a4d991ab55a17813e259b982bc245b6194b756de1ca7be8a7,undefined FUN_1814ce0cc(),ghidra,clean,
WHGame.dll,release_1_5_1164953_841,0x14ce224,254,FUN_1814ce224,,,892a974c14976d9c64d894997560dccae92f5050582c25604c830c0e33ba51ad,undefined FUN_1814ce224(),ghidra,clean,
WHGame.dll,release_1_5_1164953_841,0x14ce324,244,FUN_1814ce324,,,cb6052ad767e8ce45faf23ca9117dbc0be562a652ee5a8e98ffe876483d9cfe8,undefined FUN_1814ce324(),ghidra,clean,
WHGame.dll,release_1_5_1164953_841,0x14ce418,169,FUN_1814ce418,,,8a889e51fba82350ea55d5fb34c89881e128339d34404bde18fe1c213c9d4f0f,undefined FUN_1814ce418(),ghidra,clean,
WHGame.dll,release_1_5_1164953_841,0x14ce4c4,273,FUN_1814ce4c4,,,8379539a6d6f2215e9c78d4cbd24f92524d51026894e3d3e7c0ca97cec7e55f2,undefined FUN_1814ce4c4(),ghidra,clean,
WHGame.dll,release_1_5_1164953_841,0x14ce5c8,196,FUN_1814ce5c8,,,e46899a9639028f0c3ff441063c1bc8118e223dd6dfcbf80342fd1af6d1a1ff0,undefined FUN_1814ce5c8(),ghidra,clean,
WHGame.dll,release_1_5_1164953_841,0x14ce684,175,FUN_1814ce684,,,7ca7fd623163b463aeb4e91500e9bca3353e1b3fa03ccaea67d1b0676bc6d8ee,undefined FUN_1814ce684(),ghidra,clean,
WHGame.dll,release_1_5_1164953_841,0x14ce734,317,FUN_1814ce734,,,b2a319fc6221d5b453fad16af07afb7d7bd8a630d16b4867ca1177b2719e8550,undefined FUN_1814ce734(),ghidra,clean,
WHGame.dll,release_1_5_1164953_841,0x14ce860,264,FUN_1814ce860,,,bc9419add90c40c6d61c39ad67da37d989c57ea68baeb3d1d0b565c7fdff1665,undefined FUN_1814ce860(),ghidra,clean,
WHGame.dll,release_1_5_1164953_841,0x14ce960,243,FUN_1814ce960,,,307a4a034906e5885285845c46ba718f32c1ebb5b8d01529f23ef5ab1ddb55de,undefined FUN_1814ce960(),ghidra,clean,
WHGame.dll,release_1_5_1164953_841,0x14cea54,8,FUN_1814cea54,,,2f8bfa0a570d8bb05abcb8866f2d0a10b06088d47aa247121335ca4c763ac3fa,undefined FUN_1814cea54(),ghidra,clean,
WHGame.dll,release_1_5_1164953_841,0x14cea6c,190,FUN_1814cea6c,,,b8272704b2ede078560864e56aa26a90b875cbbfde8503ea3b4184d43bc8e5f7,undefined FUN_1814cea6c(),ghidra,clean,
WHGame.dll,release_1_5_1164953_841,0x14ceb2c,354,FUN_1814ceb2c,,,c8471383c156a1cb431c8295c2c981628cf1eb3f9d8beeae272f0d4dfc4b674c,undefined FUN_1814ceb2c(),ghidra,clean,
WHGame.dll,release_1_5_1164953_841,0x14cec90,190,FUN_1814cec90,,,8206b031df1e024b9ab69cc573ddde6b7d2334da182a2b91a44d35d5de2d89d5,undefined FUN_1814cec90(),ghidra,clean,
WHGame.dll,release_1_5_1164953_841,0x14ced50,850,FUN_1814ced50,,,26d07fd1acaf0161f10f78f6b953dd103f04b618967fb2cf6ed30967936fbfaf,undefined FUN_1814ced50(),ghidra,clean,
WHGame.dll,release_1_5_1164953_841,0x14cee14,5,FUN_1814cee14,,,70bf2d6deedcf734920e571ef09558025e359e9a739e5789ffaf6c9299398808,undefined FUN_1814cee14(),ghidra,clean,
WHGame.dll,release_1_5_1164953_841,0x14cee20,264,FUN_1814cee20,,,334321d64a2f1964dd80b8bebfcf55838cbca33fd26259a523ffa473383cbdb1,undefined FUN_1814cee20(),ghidra,clean,
WHGame.dll,release_1_5_1164953_841,0x14cef28,155,FUN_1814cef28,,,084c165684501b53fa93af19222a2ec8902f3a27e37dcd6cad02a1f4df68b93a,undefined FUN_1814cef28(),ghidra,clean,
WHGame.dll,release_1_5_1164953_841,0x14cefc4,311,FUN_1814cefc4,,,9a0e99585e83d11a341c52a45b8faeed7ef9f051c96244feb5f5ba2ea2303f06,undefined FUN_1814cefc4(),ghidra,clean,
WHGame.dll,release_1_5_1164953_841,0x14cf0fc,190,FUN_1814cf0fc,,,2dc4e0e83676388649733397680d4b67838cf03654ef917c46337e66db43a04a,undefined FUN_1814cf0fc(),ghidra,clean,
WHGame.dll,release_1_5_1164953_841,0x14cf1bc,190,FUN_1814cf1bc,,,7565292a7d854b9bdd4705910f6ee969c78342ecc73d03f2d835651349aae0e5,undefined FUN_1814cf1bc(),ghidra,clean,
WHGame.dll,release_1_5_1164953_841,0x14cf27c,58,FUN_1814cf27c,,,159874cf2fc0fba943f50dc4517496a911552b0e8cceff82a75856ec64c31e39,undefined FUN_1814cf27c(),ghidra,clean,
WHGame.dll,release_1_5_1164953_841,0x14cf2b8,335,FUN_1814cf2b8,,,8daf37857d052c3da9fa4199c55b3f33499741a11eca7dc22f859096405b99c1,undefined FUN_1814cf2b8(),ghidra,clean,
WHGame.dll,release_1_5_1164953_841,0x14cf3a6,8,FUN_1814cf3a6,,,d584cb1a2afef309eb33a9b90753d6c9a99b0c481366318ccddcba175a3b8c54,undefined FUN_1814cf3a6(),ghidra,clean,
WHGame.dll,release_1_5_1164953_841,0x14cf3b8,155,FUN_1814cf3b8,,,dd55b2beaabab7f8e9a06bc7819283e4c5672b9a3fc2a9572d2846e47d33cf90,undefined FUN_1814cf3b8(),ghidra,clean,
WHGame.dll,release_1_5_1164953_841,0x14cf454,155,FUN_1814cf454,,,5d24264832dafaab880ebc92f46462cbb6a2b1c29fece77fa68b5aba4ba773d7,undefined FUN_1814cf454(),ghidra,clean,
WHGame.dll,release_1_5_1164953_841,0x14cf4f0,155,FUN_1814cf4f0,,,9ddf579fd830d462dc3d9b44bf6a5bff59180f0e74ccfc639b6ba15eef4e9a02,undefined FUN_1814cf4f0(),ghidra,clean,
WHGame.dll,release_1_5_1164953_841,0x14cf58c,301,FUN_1814cf58c,,,af3a86406dc3b455b2729c42dc7d45bed0c0bf8520e4cfd033fa6b58d53abb6e,undefined FUN_1814cf58c(),ghidra,clean,
WHGame.dll,release_1_5_1164953_841,0x14cf6bc,42,FUN_1814cf6bc,,,3e20b730eb0445bde5d9ca23706b82f8058a063491d48610641e945ce2a7c624,undefined FUN_1814cf6bc(),ghidra,clean,
WHGame.dll,release_1_5_1164953_841,0x14cf6e8,84,FUN_1814cf6e8,,,a77aafd178ed4570a4c396544f81b1ca3fb740d502971d8fddff5e47298aab76,undefined FUN_1814cf6e8(),ghidra,clean,
WHGame.dll,release_1_5_1164953_841,0x14cf73c,96,FUN_1814cf73c,,,43d0f1efb554df72c90c825162a77e03ec88d8d962c7d8941ff7ee357037e786,undefined FUN_1814cf73c(),ghidra,clean,
WHGame.dll,release_1_5_1164953_841,0x14cf79c,190,FUN_1814cf79c,,,f4400737c035925046ee43b82c1032b04b54fd1144de84888d84d637a173e564,undefined FUN_1814cf79c(),ghidra,clean,
WHGame.dll,release_1_5_1164953_841,0x14cf85c,190,FUN_1814cf85c,,,a25c20763e79d8c75c3578aa8dce4c4c327e959a3511fabf5190825332bd1d53,undefined FUN_1814cf85c(),ghidra,clean,
WHGame.dll,release_1_5_1164953_841,0x14cf91c,65,FUN_1814cf91c,,,caffb62d573b269e02a8bc21df8a1bb453dff1d9c97a6a94dccb7c5ca5ab3287,undefined FUN_1814cf91c(),ghidra,clean,
WHGame.dll,release_1_5_1164953_841,0x14cf960,190,FUN_1814cf960,,,4c3e96bac8e9c77a87de21978ba796592d2a7c506e50846bf5f3444dea6951d7,undefined FUN_1814cf960(),ghidra,clean,
WHGame.dll,release_1_5_1164953_841,0x14cfa20,190,FUN_1814cfa20,,,d48cc9c8113616cf5338dd6f7670f154c8f5e3ea3d8d847dc507819d1d4063a8,undefined FUN_1814cfa20(),ghidra,clean,
WHGame.dll,release_1_5_1164953_841,0x14cfae0,190,FUN_1814cfae0,,,ec7c9dd2d789fd850d1a1f29e9b7f7c4135ec36c152c71d5d410942c1ba51174,undefined FUN_1814cfae0(),ghidra,clean,
WHGame.dll,release_1_5_1164953_841,0x14cfba0,50,FUN_1814cfba0,,,258d1acd24a27eac9075f5a01d0f63b58494318c5879825615d483b4b2de7808,undefined FUN_1814cfba0(),ghidra,clean,
WHGame.dll,release_1_5_1164953_841,0x14cfbd4,39,FUN_1814cfbd4,,,67ffe7b4536cd20ce7009b01719ab66a7e7da282ff8adb687cd166e7b7653a58,undefined FUN_1814cfbd4(),ghidra,clean,
WHGame.dll,release_1_5_1164953_841,0x14cfbfc,138,FUN_1814cfbfc,,,46184c0c26190bfbdadb7b3d0c07308ea698035e60501c6bb2660f27425b8e74,undefined FUN_1814cfbfc(),ghidra,clean,
WHGame.dll,release_1_5_1164953_841,0x14cfc88,165,FUN_1814cfc88,,,91602fc76e4f5b98397bce60d2654d77f40c997004d36e9caf2111c7fbb7d991,undefined FUN_1814cfc88(),ghidra,clean,
WHGame.dll,release_1_5_1164953_841,0x14cfd30,366,FUN_1814cfd30,,,1d1e04c05ce3cedeb7da53f4b0ec5f1e04da216877a20ac5ae74e0b4ba7b073b,undefined FUN_1814cfd30(),ghidra,clean,
WHGame.dll,release_1_5_1164953_841,0x14cfe28,190,FUN_1814cfe28,,,497b620d111d37333830316ff00e259afb05ea382038ca1fad1e636b9c94ab9b,undefined FUN_1814cfe28(),ghidra,clean,
WHGame.dll,release_1_5_1164953_841,0x14cfee8,190,FUN_1814cfee8,,,c072a00c8dd540e70764b68bcdd8c882fe1f3cf6e123382287ddc8b60191d539,undefined FUN_1814cfee8(),ghidra,clean,
WHGame.dll,release_1_5_1164953_841,0x14cffa8,190,FUN_1814cffa8,,,5ba7105489b7eaa0d0455b07b318263e90e8d54abfb857b68366405fa004eb89,undefined FUN_1814cffa8(),ghidra,clean,
WHGame.dll,release_1_5_1164953_841,0x14d0068,190,FUN_1814d0068,,,fc12e5bc25be4d06e4e77eb4d2b3f284dc00d78c2e1675cc4396adb3a40b1803,undefined FUN_1814d0068(),ghidra,clean,
WHGame.dll,release_1_5_1164953_841,0x14d0128,138,FUN_1814d0128,,,f0ce0eae60d408651d764ea24e08f6c92adf6baa5c0c20dac6feb8a12585c10f,undefined FUN_1814d0128(),ghidra,clean,
WHGame.dll,release_1_5_1164953_841,0x14d01b4,829,FUN_1814d01b4,,,6c0772dedcffe41e5b2e05c201263698c1d9e9721342ad8afb42855d3c159d61,undefined FUN_1814d01b4(),ghidra,clean,
WHGame.dll,release_1_5_1164953_841,0x14d04f4,52,FUN_1814d04f4,,,bf4d43d09936c6bf5f9a8e29eebb824b2e9a86af126f4c1c45d4157edbf5e62c,undefined FUN_1814d04f4(),ghidra,clean,
WHGame.dll,release_1_5_1164953_841,0x14d0528,190,FUN_1814d0528,,,d12af34e9d6427aad268e64009874f057ec01fa99500abf1a6d9d8901ff673e0,undefined FUN_1814d0528(),ghidra,clean,
WHGame.dll,release_1_5_1164953_841,0x14d05e8,190,FUN_1814d05e8,,,fb08ff7398cad9d819789e121c5adcdc4f2501ad3072c41d4b5761e12172c22e,undefined FUN_1814d05e8(),ghidra,clean,
WHGame.dll,release_1_5_1164953_841,0x14d06a8,190,FUN_1814d06a8,,,dc5b52522f0594f04cedb873f8bc8e78db5f1fa36f90e83975ee06ecbb02bc35,undefined FUN_1814d06a8(),ghidra,clean,
WHGame.dll,release_1_5_1164953_841,0x14d0768,180,FUN_1814d0768,,,5fdc317a1520e3579d951b24b6ffa65fe17d3720f4c814f77f1140118c358088,undefined FUN_1814d0768(),ghidra,clean,
WHGame.dll,release_1_5_1164953_841,0x14d081c,190,FUN_1814d081c,,,f88940b8fcdf436a3bc4e0b9d6a79044ecc616cac86f549513a14144408b93f1,undefined FUN_1814d081c(),ghidra,clean,
WHGame.dll,release_1_5_1164953_841,0x14d08dc,190,FUN_1814d08dc,,,b4b33ae29d1cfbc025d58035b1b3732bc993d9cbca0a0b94ea0b71b492df3683,undefined FUN_1814d08dc(),ghidra,clean,
WHGame.dll,release_1_5_1164953_841,0x14d099c,190,FUN_1814d099c,,,6d7758bd496cee1c9acca3ce1b02c9176c5a247eff37c783dcb6c4803a720c19,undefined FUN_1814d099c(),ghidra,clean,
WHGame.dll,release_1_5_1164953_841,0x14d0a5c,190,FUN_1814d0a5c,,,49ac261b46e795b8a0977eb23eca1fe2fedbfd39cc7c22af00d35519a6133800,undefined FUN_1814d0a5c(),ghidra,clean,
WHGame.dll,release_1_5_1164953_841,0x14d0b1c,190,FUN_1814d0b1c,,,e19ef4d1823c60e451848346db4c2715ae275f37d41b24719ff1c5e6f1dd5438,undefined FUN_1814d0b1c(),ghidra,clean,
WHGame.dll,release_1_5_1164953_841,0x14d0bdc,2359,FUN_1814d0bdc,,,22fba108fff86a3d28c25fb1055e9299e9009edb19b89167deb2bf9a06323f06,undefined FUN_1814d0bdc(),ghidra,clean,
WHGame.dll,release_1_5_1164953_841,0x14d1338,176,FUN_1814d1338,,,01451d8b07289a09cc7f09c4765edf099320bd2e25661c910e77c6c77260126d,undefined FUN_1814d1338(),ghidra,clean,
WHGame.dll,release_1_5_1164953_841,0x14d13e8,204,FUN_1814d13e8,,,95cd89d3e65dfbda387af50f464cbda01e94af730a0748bd57fe8a897b164add,undefined FUN_1814d13e8(),ghidra,clean,
WHGame.dll,release_1_5_1164953_841,0x14d1494,204,FUN_1814d1494,,,324f6a4ff68a30910f3cced2cb07ad03f0482c2027eaea0cc7def4f10b18fc43,undefined FUN_1814d1494(),ghidra,clean,
WHGame.dll,release_1_5_1164953_841,0x14d1540,204,FUN_1814d1540,,,54d7e735c5ba33fc1479f5ce1bc1ad0c2e8ab974ac6b2f199c30d61d4a96199b,undefined FUN_1814d1540(),ghidra,clean,
WHGame.dll,release_1_5_1164953_841,0x14d15ec,204,FUN_1814d15ec,,,915f936b917de8153de89b049c575b50c04c957aefcfe2eafb8739c249522f72,undefined FUN_1814d15ec(),ghidra,clean,
WHGame.dll,release_1_5_1164953_841,0x14d1698,200,FUN_1814d1698,,,27dae1a39a13e12166f42f62fd1441ad1036f6fdfb47787d64398c34611bafdc,undefined FUN_1814d1698(),ghidra,clean,
WHGame.dll,release_1_5_1164953_841,0x14d1740,26,FUN_1814d1740,,,50d5e700f18c904fd31a8e77de294b6f945b4a4f5eb2164190e5563455b4735e,undefined FUN_1814d1740(),ghidra,clean,
WHGame.dll,release_1_5_1164953_841,0x14d175c,151,FUN_1814d175c,,,8f6b63c4a053cf10065c0b712cdb44c6ad5f01f8c631211e06748337aef8c24e,undefined FUN_1814d175c(),ghidra,clean,
WHGame.dll,release_1_5_1164953_841,0x14d17f4,151,FUN_1814d17f4,,,0212158631c930304da74844d60339226847543eeaa8e416a4c4c254ddc5a5da,undefined FUN_1814d17f4(),ghidra,clean,
WHGame.dll,release_1_5_1164953_841,0x14d188c,151,FUN_1814d188c,,,eff82bad4e55ee592a08a472746d8bca7d6e1f2eeaeca9dbcd69e5a30e2d7daf,undefined FUN_1814d188c(),ghidra,clean,
WHGame.dll,release_1_5_1164953_841,0x14d1924,151,FUN_1814d1924,,,f7210de52694cdad1c6b12716dd1e4470067b2adaa22df03a5ce02b814d26efa,undefined FUN_1814d1924(),ghidra,clean,
WHGame.dll,release_1_5_1164953_841,0x14d19bc,151,FUN_1814d19bc,,,6ec3844f558d3444e7c4472e92c2d6bfa174d24e15b635a53bed1dcd54ad6db2,undefined FUN_1814d19bc(),ghidra,clean,
WHGame.dll,release_1_5_1164953_841,0x14d1a54,949,FUN_1814d1a54,,,f68a73ca454d03717393077015047dd76125770d3112eee799f333b0a2e1c112,undefined FUN_1814d1a54(),ghidra,clean,
WHGame.dll,release_1_5_1164953_841,0x14d1e0c,23,FUN_1814d1e0c,,,4a2215c3e820937481093c41c3a2c4fdd1b034767afb06c5e8afd475b2e2dc6a,undefined FUN_1814d1e0c(),ghidra,clean,
WHGame.dll,release_1_5_1164953_841,0x14d1e24,155,FUN_1814d1e24,,,169fd5cdc2a8410b2f57ec99059b1f72e7649d0b869a37397b45273cc7e23afd,undefined FUN_1814d1e24(),ghidra,clean,
WHGame.dll,release_1_5_1164953_841,0x14d1ec0,304,FUN_1814d1ec0,,,c50d8dacd7f5d07a6d08412dfcb79557186127ef8ca39a21ede4e497895c1254,undefined FUN_1814d1ec0(),ghidra,clean,
WHGame.dll,release_1_5_1164953_841,0x14d1ff0,155,FUN_1814d1ff0,,,70ac3b2366c9f962cff33c24f5d94049fbe5b5b36595dc28e47821af897c3d5e,undefined FUN_1814d1ff0(),ghidra,clean,
WHGame.dll,release_1_5_1164953_841,0x14d208c,298,FUN_1814d208c,,,b8581a8b19c8adefe24afdb29cc3b5ade9ec35c1678b443b4f9494b1fec00fb9,undefined FUN_1814d208c(),ghidra,clean,
WHGame.dll,release_1_5_1164953_841,0x14d21b8,151,FUN_1814d21b8,,,3502b24f0eed0a8bfe207cfdba1651016da5c34e825ede89d27fbd7eec306cb9,undefined FUN_1814d21b8(),ghidra,clean,
WHGame.dll,release_1_5_1164953_841,0x14d2250,151,FUN_1814d2250,,,7475f13180854fabe916ce437df73a66302895e4b1ad3129489cfa11b1cef067,undefined FUN_1814d2250(),ghidra,clean,
WHGame.dll,release_1_5_1164953_841,0x14d22e8,151,FUN_1814d22e8,,,c056b4d120dc3a08ca48d71dbc958c894b3d9ded3ff0762f06b06632af9c73c9,undefined FUN_1814d22e8(),ghidra,clean,
WHGame.dll,release_1_5_1164953_841,0x14d2380,151,FUN_1814d2380,,,a462a1087db1334db2ed7f8a76888aa0e7698bdf2f2756a8d63a8a2869c2687d,undefined FUN_1814d2380(),ghidra,clean,
WHGame.dll,release_1_5_1164953_841,0x14d2418,190,FUN_1814d2418,,,061621a8663b7e5f977c72dde7990f3e2ae9ce1899b21bfa0086be3f0b26fbef,undefined FUN_1814d2418(),ghidra,clean,
WHGame.dll,release_1_5_1164953_841,0x14d24d8,190,FUN_1814d24d8,,,b18d066b2acef2eef8d3272400334483595d7570ba64c26b4c56faddc553a754,undefined FUN_1814d24d8(),ghidra,clean,
WHGame.dll,release_1_5_1164953_841,0x14d2598,155,FUN_1814d2598,,,7a00e22faa3c6153df7c13d35eb63e1aaa93fe1fd60c9ffc94dea254e3e3761b,undefined FUN_1814d2598(),ghidra,clean,
WHGame.dll,release_1_5_1164953_841,0x14d2634,291,FUN_1814d2634,,,9506f7a9a5acafdd45c6c17a81dce86f82ca92cc4278e97d0a4b67d4360de679,undefined FUN_1814d2634(),ghidra,clean,
WHGame.dll,release_1_5_1164953_841,0x14d2758,190,FUN_1814d2758,,,87548af2f2e780b9c3bbad5a34080ef45a514cdbf241281d16799c72c1a15ae2,undefined FUN_1814d2758(),ghidra,clean,
WHGame.dll,release_1_5_1164953_841,0x14d2818,190,FUN_1814d2818,,,d68b6a18374c65847a49d5b3743797eb82bdc206fb2a4be804ba8dd522b8dbd6,undefined FUN_1814d2818(),ghidra,clean,
WHGame.dll,release_1_5_1164953_841,0x14d28d8,850,FUN_1814d28d8,,,8a880e046005fb345f14ff206011178f45a003445f262f300e927bbf83362632,undefined FUN_1814d28d8(),ghidra,clean,
WHGame.dll,release_1_5_1164953_841,0x14d299c,5,FUN_1814d299c,,,70bf2d6deedcf734920e571ef09558025e359e9a739e5789ffaf6c9299398808,undefined FUN_1814d299c(),ghidra,clean,
WHGame.dll,release_1_5_1164953_841,0x14d29a8,194,FUN_1814d29a8,,,c201e973d9d1917d17dc5ea2d7296619de5ae58180ef683f3b31d2c9aff1e0c5,undefined FUN_1814d29a8(),ghidra,clean,
WHGame.dll,release_1_5_1164953_841,0x14d2a6c,155,FUN_1814d2a6c,,,68bfa0278358e054495986f0da64d071d13c7e440e6e270655a55dcdc0fe8606,undefined FUN_1814d2a6c(),ghidra,clean,
WHGame.dll,release_1_5_1164953_841,0x14d2b08,190,FUN_1814d2b08,,,2dbcbb5a648919b16c3cc0b335fc62e5e50e849ff26dd5f1abad56b032995ea7,undefined FUN_1814d2b08(),ghidra,clean,
WHGame.dll,release_1_5_1164953_841,0x14d2bc8,190,FUN_1814d2bc8,,,709e9b5af39f0ddc29d15c3ef72655f1a4fcd63ecd2bd98af5aeba78e0ea3034,undefined FUN_1814d2bc8(),ghidra,clean,
WHGame.dll,release_1_5_1164953_841,0x14d2c88,264,FUN_1814d2c88,,,e7fbd50b7a4e33068a0bf70eac9f0e820bdda7bea881b9d0d2f89d3b3da631eb,undefined FUN_1814d2c88(),ghidra,clean,
WHGame.dll,release_1_5_1164953_841,0x14d2d90,86,FUN_1814d2d90,,,66361e2d1317ac83b9957bc1fafb7df553f6a4c443835635239f7644cdae1527,undefined FUN_1814d2d90(),ghidra,clean,
WHGame.dll,release_1_5_1164953_841,0x14d2de8,96,FUN_1814d2de8,,,8dfa3384dcb432998ea746d5daa233f01d2105d9943a67e105364a30ed9117da,undefined FUN_1814d2de8(),ghidra,clean,
WHGame.dll,release_1_5_1164953_841,0x14d2e48,30,FUN_1814d2e48,,,42ce94e21a6bd491c6ea7cf019eae9264ddd9928990b6ce3bcfe947f22c76004,undefined FUN_1814d2e48(),ghidra,clean,
WHGame.dll,release_1_5_1164953_841,0x14d2e68,85,FUN_1814d2e68,,,fe5a8c394c5208c1a0d40d9da859b407e7698d7c56e0275667767d0ffa5deb25,undefined FUN_1814d2e68(),ghidra,clean,
WHGame.dll,release_1_5_1164953_841,0x14d2e9c,155,FUN_1814d2e9c,,,f31ba7b5f23298dfbc8187300b6215575389f4c260b69fe214d1755894bebb73,undefined FUN_1814d2e9c(),ghidra,clean,
WHGame.dll,release_1_5_1164953_841,0x14d2f38,130,FUN_1814d2f38,,,15ebac8ca1554515f1fb7fcf80d054e886b0047d9900cc7b98b480bc8bf23d62,undefined FUN_1814d2f38(),ghidra,clean,
WHGame.dll,release_1_5_1164953_841,0x14d2fbc,155,FUN_1814d2fbc,,,cb224ac49e9d4b96e367041d456c42df2118a514b03b881b4d65cf1342374ceb,undefined FUN_1814d2fbc(),ghidra,clean,
WHGame.dll,release_1_5_1164953_841,0x14d3058,291,FUN_1814d3058,,,690c831bc6b594cb56d177a08ee029b8ed11ee95931a6fcde0913f1fa69849c9,undefined FUN_1814d3058(),ghidra,clean,
WHGame.dll,release_1_5_1164953_841,0x14d317c,291,FUN_1814d317c,,,f50d00d04c7fc52c5e7d479e52a1a2edd9ac09e6cf87994133bdeafee134ea5f,undefined FUN_1814d317c(),ghidra,clean,
WHGame.dll,release_1_5_1164953_841,0x14d32a0,291,FUN_1814d32a0,,,772cc78af907f7e5fdf4596b3663608d2f4bd7e63a4fa7359920a842b73499f6,undefined FUN_1814d32a0(),ghidra,clean,
WHGame.dll,release_1_5_1164953_841,0x14d33c4,190,FUN_1814d33c4,,,7cc683d62794055ab32f67b535d22b5fbdb13ef4ff153ce6c19a490d8148f316,undefined FUN_1814d33c4(),ghidra,clean,
WHGame.dll,release_1_5_1164953_841,0x14d3484,74,FUN_1814d3484,,,e20d59d9ca2a6b2fb3ae22de0886f00c0521eb468dabcbddcbb4573e4d13b94a,undefined FUN_1814d3484(),ghidra,clean,
WHGame.dll,release_1_5_1164953_841,0x14d34d0,209,FUN_1814d34d0,,,4f6922766517f1347b6dccc99d6ea615e80e759f7300a03b4e47fcf0dedc68fa,undefined FUN_1814d34d0(),ghidra,clean,
WHGame.dll,release_1_5_1164953_841,0x14d3598,245,FUN_1814d3598,,,ea2ba7b9fa0e27c317f40f17cfcf1be7abf7ce8e2909bac5cd3c31eb4f9be547,undefined FUN_1814d3598(),ghidra,clean,
WHGame.dll,release_1_5_1164953_841,0x14d3674,190,FUN_1814d3674,,,83769bf44d81d22209a2f65e4fe33d25a699ce1f68b19081b1778850766b176a,undefined FUN_1814d3674(),ghidra,clean,
WHGame.dll,release_1_5_1164953_841,0x14d3734,190,FUN_1814d3734,,,72b3ba6c3837e8961ce96be7dfbf0ec9acd1455331e8398cbf2eef8d51dd3cd8,undefined FUN_1814d3734(),ghidra,clean,
WHGame.dll,release_1_5_1164953_841,0x14d37f4,12,FUN_1814d37f4,,,1d4465972c2a33185c5294ac1ffd2ee676afb3aaa9618030be20ce2492e77297,undefined FUN_1814d37f4(),ghidra,clean,
WHGame.dll,release_1_5_1164953_841,0x14d3800,45,FUN_1814d3800,,,c31d97795e84d74ad7a65327828d802e56c2d50a61961564c7372c8bd7dfa61f,undefined FUN_1814d3800(),ghidra,clean,
WHGame.dll,release_1_5_1164953_841,0x14d3830,190,FUN_1814d3830,,,71d7795ba626ff257da56457f0395ff4d0b66f62d9661b356953aaf81f880eed,undefined FUN_1814d3830(),ghidra,clean,
WHGame.dll,release_1_5_1164953_841,0x14d38f0,190,FUN_1814d38f0,,,a86d6797bdee249ae48e00838e86a1a9ff9cdf3759974474d07d9e43dde543ee,undefined FUN_1814d38f0(),ghidra,clean,
WHGame.dll,release_1_5_1164953_841,0x14d39b0,190,FUN_1814d39b0,,,2959e99fe41781728838504bc6adcf69bbdfcc5ba0946e52042c15ee91dd11e7,undefined FUN_1814d39b0(),ghidra,clean,
WHGame.dll,release_1_5_1164953_841,0x14d3a70,190,FUN_1814d3a70,,,4c25d4843f4b5a442a5753043bc8ecf21767fa7f6f62db778a93e721111205e4,undefined FUN_1814d3a70(),ghidra,clean,
WHGame.dll,release_1_5_1164953_841,0x14d3b30,431,FUN_1814d3b30,,,cd825bb67e8e5b849ed8380caa155a217834359a50d251935264854f71634b87,undefined FUN_1814d3b30(),ghidra,clean,
WHGame.dll,release_1_5_1164953_841,0x14d3ce0,172,FUN_1814d3ce0,,,813928e0cf47c329037ad1268e8e722d8fe8bb667c425fc3319c65c049903dc3,undefined FUN_1814d3ce0(),ghidra,clean,
WHGame.dll,release_1_5_1164953_841,0x14d3d8c,174,FUN_1814d3d8c,,,cf667f003a3fa11d3765bc0651d914de08524ca59de9b198a6e6ee0a47ff01d2,undefined FUN_1814d3d8c(),ghidra,clean,
WHGame.dll,release_1_5_1164953_841,0x14d3e3c,118,FUN_1814d3e3c,,,fe0f5eb0cc694086135ba74a1e9fcef38d2dff37819ba516c74e5e41846ff650,undefined FUN_1814d3e3c(),ghidra,clean,
WHGame.dll,release_1_5_1164953_841,0x14d3eb4,154,FUN_1814d3eb4,,,6dea0c66a283a086c4ef678469d658530d2a5252d950e174b1cc1ba8163eac2f,undefined FUN_1814d3eb4(),ghidra,clean,
WHGame.dll,release_1_5_1164953_841,0x14d3f50,149,FUN_1814d3f50,,,36ab7bb52f31c72c24f170eff21b7c22202349ec04e604b44b7f882f6a4917f9,undefined FUN_1814d3f50(),ghidra,clean,
WHGame.dll,release_1_5_1164953_841,0x14d3fe8,48,FUN_1814d3fe8,,,eca4da361019dbb28c19871d213cd762b6e6d748315fe2493d18251577564cd1,undefined FUN_1814d3fe8(),ghidra,clean,
WHGame.dll,release_1_5_1164953_841,0x14d4004,264,FUN_1814d4004,,,069f546d26e16ea10b4df656b08ed2235ef26c16a13bdbae61be00bb64addf9f,undefined FUN_1814d4004(),ghidra,clean,
WHGame.dll,release_1_5_1164953_841,0x14d410c,39,FUN_1814d410c,,,5fee81aa560b92ece5e17eb792dd2f5fca8d36852cd9c6a220264a2cc7851361,undefined FUN_1814d410c(),ghidra,clean,
WHGame.dll,release_1_5_1164953_841,0x14d4134,180,FUN_1814d4134,,,1d06f52204996ca9cc6fce62a344d6ca82d509430470a5f742f2ab6823578a30,undefined FUN_1814d4134(),ghidra,clean,
WHGame.dll,release_1_5_1164953_841,0x14d41e8,190,FUN_1814d41e8,,,64bb824653fda9d15a7bf48e95a8610b5776a435b90867fea2cc24df5c8312b8,undefined FUN_1814d41e8(),ghidra,clean,
WHGame.dll,release_1_5_1164953_841,0x14d42a8,190,FUN_1814d42a8,,,c7ce6dad932d4b9755ea5661b53147dc8e9a171cd5c6b46225c2355907fa884b,undefined FUN_1814d42a8(),ghidra,clean,
WHGame.dll,release_1_5_1164953_841,0x14d4368,276,FUN_1814d4368,,,2958f60a6462292a3a5455f0bb7e63a5e3227a77f4a6cd81da5abf9011c58018,undefined FUN_1814d4368(),ghidra,clean,
WHGame.dll,release_1_5_1164953_841,0x14d4480,61,FUN_1814d4480,,,4f1c8c00f4b50d57ed789c9dd371844c1ec6ede4ab186f8201f55b915230572f,undefined FUN_1814d4480(),ghidra,clean,
WHGame.dll,release_1_5_1164953_841,0x14d44c0,108,FUN_1814d44c0,,,2cec16c3fe2267f5844722bb8b4d9ea04d9621290dcb68e4ed2e0bae7cf9f78b,undefined FUN_1814d44c0(),ghidra,clean,
WHGame.dll,release_1_5_1164953_841,0x14d452c,57,FUN_1814d452c,,,750308eb82731c17a32cb08cc2167bbb4df085b4e79c4a9ffe9716da2cfef80d,undefined FUN_1814d452c(),ghidra,clean,
WHGame.dll,release_1_5_1164953_841,0x14d4568,190,FUN_1814d4568,,,ce5cb8b92e0f660068f4b283515b11ba75bdd21a180d5ba10712346e55075264,undefined FUN_1814d4568(),ghidra,clean,
WHGame.dll,release_1_5_1164953_841,0x14d4628,155,FUN_1814d4628,,,921b2270302b8c251b60f64b71d8e437a8dd4d0eb66fc38485456145bbed78e1,undefined FUN_1814d4628(),ghidra,clean,
WHGame.dll,release_1_5_1164953_841,0x14d46c4,291,FUN_1814d46c4,,,3487319a0352d5446758e70679e4a1c6c06294cc98c30cfcf27ca82c04efd534,undefined FUN_1814d46c4(),ghidra,clean,
WHGame.dll,release_1_5_1164953_841,0x14d47e8,374,FUN_1814d47e8,,,d89a953e520e1f6017cb468fe59785a31d135f6aae515f99af4218e085ce1704,undefined FUN_1814d47e8(),ghidra,clean,
WHGame.dll,release_1_5_1164953_841,0x14d4960,172,FUN_1814d4960,,,b8c618761eb29f5e5fd4f3f608894b79ac973d4511a0b6880d7a9dada5294b53,undefined FUN_1814d4960(),ghidra,clean,
WHGame.dll,release_1_5_1164953_841,0x14d4a0c,59,FUN_1814d4a0c,,,382429b6d36deae268163d67d3d945223bbbf33103d80657de20c84d85f5e4ef,undefined FUN_1814d4a0c(),ghidra,clean,
WHGame.dll,release_1_5_1164953_841,0x14d4a48,94,FUN_1814d4a48,,,0c882ead15cfeac0d807bfafc2837f77aeccaf442761ca26776b8125a7e2526c,undefined FUN_1814d4a48(),ghidra,clean,
WHGame.dll,release_1_5_1164953_841,0x14d4aa8,136,FUN_1814d4aa8,,,f3ef131ca23f6c972a0090c41c88579c706dfbb351120b53e60096d782b6a06c,undefined FUN_1814d4aa8(),ghidra,clean,
WHGame.dll,release_1_5_1164953_841,0x14d4b30,30,FUN_1814d4b30,,,8035ee9467c094e4d4aa6b018c7116c702f866881fae9725a62f835b42eb0299,undefined FUN_1814d4b30(),ghidra,clean,
WHGame.dll,release_1_5_1164953_841,0x14d4b50,180,FUN_1814d4b50,,,7a736a74f9879ab1d61f19c4d53a17c357cb485cf33026781d942734920c3866,undefined FUN_1814d4b50(),ghidra,clean,
WHGame.dll,release_1_5_1164953_841,0x14d4c04,190,FUN_1814d4c04,,,8cebfcbe9c637c75d6bf7538cf52c4aaa1bfd0895ad4405b260202725f19588b,undefined FUN_1814d4c04(),ghidra,clean,
WHGame.dll,release_1_5_1164953_841,0x14d4cc4,26,FUN_1814d4cc4,,,c8f75b32a1905f6d8a8a224b1327440ffb6983f0e740c98d9782bf405f99c7b5,undefined FUN_1814d4cc4(),ghidra,clean,
WHGame.dll,release_1_5_1164953_841,0x14d4ce0,151,FUN_1814d4ce0,,,e79b8cd2a0dd0b8cb0d58691eb68b350778cee615ff60fa5123d0e83ecf053d7,undefined FUN_1814d4ce0(),ghidra,clean,
WHGame.dll,release_1_5_1164953_841,0x14d4d78,1137,FUN_1814d4d78,,,2811cd5e9670778fb122343e45dc03c6a1edc94d61ac78fc65ad99f8869dc7c6,undefined FUN_1814d4d78(),ghidra,clean,
WHGame.dll,release_1_5_1164953_841,0x14d51ec,155,FUN_1814d51ec,,,bce358f201dede1c24a4569b7e751aa96d5d7907d0315ba578d0da72904833d4,undefined FUN_1814d51ec(),ghidra,clean,
WHGame.dll,release_1_5_1164953_841,0x14d5288,304,FUN_1814d5288,,,36f7714e82a823fbe5bfe8dfe37c9a87037b67cb163be1cae8626b180c8089c0,undefined FUN_1814d5288(),ghidra,clean,
WHGame.dll,release_1_5_1164953_841,0x14d53b8,155,FUN_1814d53b8,,,877def1bb2d8fe2f11be7b74f9e4e7a614d698ae14423b0d16cf97895a93338f,undefined FUN_1814d53b8(),ghidra,clean,
WHGame.dll,release_1_5_1164953_841,0x14d5454,298,FUN_1814d5454,,,3834101c957f7e9a129da5796f80220fc7c453df1f388ec981008e2c8f40ca18,undefined FUN_1814d5454(),ghidra,clean,
WHGame.dll,release_1_5_1164953_841,0x14d5580,246,FUN_1814d5580,,,0e4a5b5c6413f2c9458a0d9828c51da9a7239123c77ad912d8e62e6c3b77f797,undefined FUN_1814d5580(),ghidra,clean,
WHGame.dll,release_1_5_1164953_841,0x14d5678,190,FUN_1814d5678,,,bcf676307e8c951f5c0267049d7ecb08f55acaaf5f7337b55b14505e03c9bb1d,undefined FUN_1814d5678(),ghidra,clean,
WHGame.dll,release_1_5_1164953_841,0x14d5738,194,FUN_1814d5738,,,3eeb646c1cc49ffb2ca8196d0deea920ca0823710d439ccd27dd3337aa1d57db,undefined FUN_1814d5738(),ghidra,clean,
WHGame.dll,release_1_5_1164953_841,0x14d57fc,155,FUN_1814d57fc,,,5078e6189167a25fdf0e8f8643320e149c42edb922c6190ed39c2115d3ad8bc7,undefined FUN_1814d57fc(),ghidra,clean,
WHGame.dll,release_1_5_1164953_841,0x14d5898,291,FUN_1814d5898,,,ac026685222e7746956161b08e7f5a2de7c416e8e2a5ec6604e3cc10910d7e23,undefined FUN_1814d5898(),ghidra,clean,
WHGame.dll,release_1_5_1164953_841,0x14d59bc,194,FUN_1814d59bc,,,8217d47a1af291d9eb95c3fa0b62addd813c38447c28004f569618ba16edd784,undefined FUN_1814d59bc(),ghidra,clean,
WHGame.dll,release_1_5_1164953_841,0x14d5a80,155,FUN_1814d5a80,,,06f4ffbeb94999a87413c2e905415f992313a260436f09bf24b1a352229bda54,undefined FUN_1814d5a80(),ghidra,clean,
WHGame.dll,release_1_5_1164953_841,0x14d5b1c,311,FUN_1814d5b1c,,,20ee22fd12e3ad14306b2e4cafd131251ddf838e3d18e2f2e33f77f6d4aa89c2,undefined FUN_1814d5b1c(),ghidra,clean,
WHGame.dll,release_1_5_1164953_841,0x14d5c54,190,FUN_1814d5c54,,,1835375bfbd69343adc5d02c097107810370d37e1f5031a9c08197508cbaa027,undefined FUN_1814d5c54(),ghidra,clean,
WHGame.dll,release_1_5_1164953_841,0x14d5d14,273,FUN_1814d5d14,,,2dfe1cd3a175ca43f969e42e61895fd56af1126d4fd47e19f882b4760160ee1e,undefined FUN_1814d5d14(),ghidra,clean,
WHGame.dll,release_1_5_1164953_841,0x14d5e28,190,FUN_1814d5e28,,,55b5a56a5c9807107d8ad6fa1fc048f7701528923dfed413706e958984184b66,undefined FUN_1814d5e28(),ghidra,clean,
WHGame.dll,release_1_5_1164953_841,0x14d5ee8,52,FUN_1814d5ee8,,,e7a42766554fd14fa422465093efcc8f231e3c408e70c77f2e82b8d37ff71dde,undefined FUN_1814d5ee8(),ghidra,clean,
WHGame.dll,release_1_5_1164953_841,0x14d5f1c,389,FUN_1814d5f1c,,,10a30a064dbf921ff792533e6ee0630d3af04658087d3754cd2fa3249e65e3fa,undefined FUN_1814d5f1c(),ghidra,clean,
WHGame.dll,release_1_5_1164953_841,0x14d60a4,190,FUN_1814d60a4,,,ea9183e582ad2208e41ec2d3cbc3161ccc067012c9037ea40c8474b70b1f2bb6,undefined FUN_1814d60a4(),ghidra,clean,
WHGame.dll,release_1_5_1164953_841,0x14d6164,190,FUN_1814d6164,,,ca66da7f580a4afaceb091ad273482d84c44eb09f05dd8f60c4c31de880556f2,undefined FUN_1814d6164(),ghidra,clean,
WHGame.dll,release_1_5_1164953_841,0x14d6224,291,FUN_1814d6224,,,273f214eb1f99a567db138c17d5c8280a49cee2b4ae6d05f023e0481293f361c,undefined FUN_1814d6224(),ghidra,clean,
WHGame.dll,release_1_5_1164953_841,0x14d6348,261,FUN_1814d6348,,,9a63189b59ef465704fed66f00dabbdf63ab0a0b7fbbe45da7744cee4895090f,undefined FUN_1814d6348(),ghidra,clean,
WHGame.dll,release_1_5_1164953_841,0x14d6444,196,FUN_1814d6444,,,0d1e1f37841e824d62ade5c2825085c61c52134551bfc4688e457bb5c902ccb7,undefined FUN_1814d6444(),ghidra,clean,
WHGame.dll,release_1_5_1164953_841,0x14d6508,234,FUN_1814d6508,,,92533250a350f12ae2b46ae7dc779470b7f3c1a7bdc0e389c83f351dcb527fca,undefined FUN_1814d6508(),ghidra,clean,
WHGame.dll,release_1_5_1164953_841,0x14d65f4,234,FUN_1814d65f4,,,7c36fd74260e0a9daf26a1edc463aee7994a011a7c504b57dc9fe3fdbf3eeab1,undefined FUN_1814d65f4(),ghidra,clean,
WHGame.dll,release_1_5_1164953_841,0x14d66e0,234,FUN_1814d66e0,,,f241730c72cd9f5e8fa28710fda6e551a5009075a0ec7a10814535f3e7147623,undefined FUN_1814d66e0(),ghidra,clean,
WHGame.dll,release_1_5_1164953_841,0x14d67cc,207,FUN_1814d67cc,,,2cb15c54886ab4c48713067e21f61e8e9620985b5478d4a7e8db1d6a4d381a00,undefined FUN_1814d67cc(),ghidra,clean,
WHGame.dll,release_1_5_1164953_841,0x14d688c,207,FUN_1814d688c,,,676f1120be14401d3982dbd779464c598ff750a04290af7bc56e26fc158f60a4,undefined FUN_1814d688c(),ghidra,clean,
WHGame.dll,release_1_5_1164953_841,0x14d694c,207,FUN_1814d694c,,,05193bb5cddba9c252047d02e7745b9f648be1b707cff6f980c1ed1cb0b8fb12,undefined FUN_1814d694c(),ghidra,clean,
WHGame.dll,release_1_5_1164953_841,0x14d6a0c,194,FUN_1814d6a0c,,,500091d149e48882970a4d1599c0db48605685cc7f5d993c5d0ccb54d904c0fd,undefined FUN_1814d6a0c(),ghidra,clean,
WHGame.dll,release_1_5_1164953_841,0x14d6ad0,155,FUN_1814d6ad0,,,5a77903f5fe5cb75b08d4cb6cf8c50341a8435b486a7303c37d961285b0827ae,undefined FUN_1814d6ad0(),ghidra,clean,
WHGame.dll,release_1_5_1164953_841,0x14d6b6c,190,FUN_1814d6b6c,,,8e880496c3cc31d8e5cca5de42f53f26e73426b283c25eea7cfb271f74ee2954,undefined FUN_1814d6b6c(),ghidra,clean,
WHGame.dll,release_1_5_1164953_841,0x14d6c2c,668,FUN_1814d6c2c,,,a6f2e7b3b56861737373b2065f3425a051d74e1a09ef65f215161641ef6e7f4b,undefined FUN_1814d6c2c(),ghidra,clean,
WHGame.dll,release_1_5_1164953_841,0x14d6ec8,234,FUN_1814d6ec8,,,a96912f54c54db04af3ac92eb2a443d0ea7a7b2b1b0cdc6e5c89ee01251ae28a,undefined FUN_1814d6ec8(),ghidra,clean,
WHGame.dll,release_1_5_1164953_841,0x14d6fb4,234,FUN_1814d6fb4,,,7c54f550ff5a7c665e15b261d7a424a090abd80844fc5a1ed9ab27d6fd2b15a7,undefined FUN_1814d6fb4(),ghidra,clean,
WHGame.dll,release_1_5_1164953_841,0x14d70a0,207,FUN_1814d70a0,,,6d1c608dd8245f31149a95124957a686389c58bcc4320a0da3c3643c51721ef5,undefined FUN_1814d70a0(),ghidra,clean,
WHGame.dll,release_1_5_1164953_841,0x14d7160,207,FUN_1814d7160,,,b39da155457ae45fc13c9a7988d95d1e9e1b9fa262af560df05478586d681800,undefined FUN_1814d7160(),ghidra,clean,
WHGame.dll,release_1_5_1164953_841,0x14d7220,155,FUN_1814d7220,,,4e2c1b276196599eb195707e2ef0ed256e1e4ef2a5730611309fe0669fe1aa96,undefined FUN_1814d7220(),ghidra,clean,
WHGame.dll,release_1_5_1164953_841,0x14d72bc,251,FUN_1814d72bc,,,813be74f73e26bcdb7f5675a6d46400f9e48862dbbb8d1523c0bb963c1eb88d5,undefined FUN_1814d72bc(),ghidra,clean,
WHGame.dll,release_1_5_1164953_841,0x14d73b8,196,FUN_1814d73b8,,,bfd3481b9e33bf00c5c0fe40466bbba67a9265700f06f2773a1def93067643c0,undefined FUN_1814d73b8(),ghidra,clean,
WHGame.dll,release_1_5_1164953_841,0x14d747c,251,FUN_1814d747c,,,9c5f38b1daa6cd6275c3d9888e3f9b5ab9a13891823a0701454cb46b4c193bf3,undefined FUN_1814d747c(),ghidra,clean,
WHGame.dll,release_1_5_1164953_841,0x14d7578,197,FUN_1814d7578,,,3c7d4debaa044bdf34029344f7d206564971f2d4311ae5866265a11f3fd247ac,undefined FUN_1814d7578(),ghidra,clean,
WHGame.dll,release_1_5_1164953_841,0x14d7640,261,FUN_1814d7640,,,ac58069bae50ea4c8553d8794aaad229b008bc99b45eeadb52befdfec62f2513,undefined FUN_1814d7640(),ghidra,clean,
WHGame.dll,release_1_5_1164953_841,0x14d773c,196,FUN_1814d773c,,,9f6b3e2516e0a8316ef60fca32d175b39a7d4bf3106e5b16fe5b61ccaa6b26ac,undefined FUN_1814d773c(),ghidra,clean,
WHGame.dll,release_1_5_1164953_841,0x14d7800,261,FUN_1814d7800,,,41f8c54f539ac089897a3294c291e6eec42d9d243d4e4851871bc62dac1ebe7e,undefined FUN_1814d7800(),ghidra,clean,
WHGame.dll,release_1_5_1164953_841,0x14d78fc,196,FUN_1814d78fc,,,2e31f08465e1cb0a7b2c8711a7dc27a09b0c22b722b59414a80ce173233028a5,undefined FUN_1814d78fc(),ghidra,clean,
WHGame.dll,release_1_5_1164953_841,0x14d79c0,291,FUN_1814d79c0,,,14680a4a5ae0abd565bd07a93a6a4ed89a187c9c2e2074f60de6a1050bd7f757,undefined FUN_1814d79c0(),ghidra,clean,
WHGame.dll,release_1_5_1164953_841,0x14d7ae4,190,FUN_1814d7ae4,,,f2cccd9af421a8be75ddf09cba6385227a448fb29530b2a91130170dc7655671,undefined FUN_1814d7ae4(),ghidra,clean,
WHGame.dll,release_1_5_1164953_841,0x14d7ba4,190,FUN_1814d7ba4,,,66279f9fa5c59e28392b994e66c6e000a0d6dc1116f75e53e48e2fcfe55149d3,undefined FUN_1814d7ba4(),ghidra,clean,
WHGame.dll,release_1_5_1164953_841,0x14d7c64,850,FUN_1814d7c64,,,db6302bd689edb439ae90ee19a657ebf1062625d6c859affc5cbffd3c7ea0587,undefined FUN_1814d7c64(),ghidra,clean,
WHGame.dll,release_1_5_1164953_841,0x14d7d28,5,FUN_1814d7d28,,,70bf2d6deedcf734920e571ef09558025e359e9a739e5789ffaf6c9299398808,undefined FUN_1814d7d28(),ghidra,clean,
WHGame.dll,release_1_5_1164953_841,0x14d7d34,264,FUN_1814d7d34,,,09dd13a71c7e92c0bfcb41220056dda3dfacbe18db23ae4657283b041632e7ec,undefined FUN_1814d7d34(),ghidra,clean,
WHGame.dll,release_1_5_1164953_841,0x14d7e3c,155,FUN_1814d7e3c,,,993b3164e13194c63b0b8bfc13462c9734a7f0d5abebac46ae1f0d13e72a5277,undefined FUN_1814d7e3c(),ghidra,clean,
WHGame.dll,release_1_5_1164953_841,0x14d7ed8,291,FUN_1814d7ed8,,,555a45c4f4dcbdede967181eb4b2b92ef284095b6534759c75241335b298b63d,undefined FUN_1814d7ed8(),ghidra,clean,
WHGame.dll,release_1_5_1164953_841,0x14d7ffc,155,FUN_1814d7ffc,,,6225850df274f4dc0cf17629774428bc7a5f76826f8703d3779701c2d70dd85f,undefined FUN_1814d7ffc(),ghidra,clean,
WHGame.dll,release_1_5_1164953_841,0x14d8098,291,FUN_1814d8098,,,90c4df7b5dab69bb31ad253052203ac898af70cea46aed519c4075ff7c28c3fe,undefined FUN_1814d8098(),ghidra,clean,
WHGame.dll,release_1_5_1164953_841,0x14d81bc,190,FUN_1814d81bc,,,ae79be47d0c6ffd4f9143cc5f3e2038b1a3dca11d5e728d0f13ba7f8c82cea13,undefined FUN_1814d81bc(),ghidra,clean,
WHGame.dll,release_1_5_1164953_841,0x14d827c,180,FUN_1814d827c,,,1d0cfd6230521d3a23640b2fb962b2f42fe3c0ca58c617a3f854a60c60c5f3b7,undefined FUN_1814d827c(),ghidra,clean,
WHGame.dll,release_1_5_1164953_841,0x14d8330,223,FUN_1814d8330,,,2690e821f638c9aba934b9229901f2a569d5bf2218fcf38473185c766182d430,undefined FUN_1814d8330(),ghidra,clean,
WHGame.dll,release_1_5_1164953_841,0x14d8410,81,FUN_1814d8410,,,4cf70d2b607ad8dec6a05ecb7197d77023dfce9280e5a583d5be5070380f6690,undefined FUN_1814d8410(),ghidra,clean,
WHGame.dll,release_1_5_1164953_841,0x14d8444,35,FUN_1814d8444,,,fe7d90c3f2d0d64d350bfb44dd23302fd912e2e4ff24b2254109c762eb150bc0,undefined FUN_1814d8444(),ghidra,clean,
WHGame.dll,release_1_5_1164953_841,0x14d8468,159,FUN_1814d8468,,,595b328d89f76029cd8db3747ef0afe620cdaf8c5bcd638885774b0d66600ae9,undefined FUN_1814d8468(),ghidra,clean,
WHGame.dll,release_1_5_1164953_841,0x14d8508,190,FUN_1814d8508,,,463bcf7b5c824c1251e044e7945e8dd0259e794c44f24d188d1be6542e41c61d,undefined FUN_1814d8508(),ghidra,clean,
WHGame.dll,release_1_5_1164953_841,0x14d85c8,190,FUN_1814d85c8,,,7f321d856d3414b13a8fbb2e19bbffe9df67ca244d905ab337d66905d9f2e9af,undefined FUN_1814d85c8(),ghidra,clean,
WHGame.dll,release_1_5_1164953_841,0x14d8688,190,FUN_1814d8688,,,9c76c98364a692e40f654448cdab3ad99d8bed9e59c50546278a063828ec1462,undefined FUN_1814d8688(),ghidra,clean,
WHGame.dll,release_1_5_1164953_841,0x14d8748,222,FUN_1814d8748,,,0e83d2b3c02640f1fd6da8ecf951f168b20b68c47c1545ac803c17f6f2afc5b6,undefined FUN_1814d8748(),ghidra,clean,
WHGame.dll,release_1_5_1164953_841,0x14d87e8,190,FUN_1814d87e8,,,e7cfb60ae3272d2cd742dc00ee35ea860c16ff88319e980408b6191d5c98c7d0,undefined FUN_1814d87e8(),ghidra,clean,
WHGame.dll,release_1_5_1164953_841,0x14d88a8,134,FUN_1814d88a8,,,9d989492a244f97f5a162a8576d2984f37ce1f16fe7faedeac68de68f2c5b83a,undefined FUN_1814d88a8(),ghidra,clean,
WHGame.dll,release_1_5_1164953_841,0x14d8930,137,FUN_1814d8930,,,9a8f44739868cf7c6257355fdc5b4bed9576ec706fca55eb3a0ce0d32720fcf7,undefined FUN_1814d8930(),ghidra,clean,
WHGame.dll,release_1_5_1164953_841,0x14d89bc,56,FUN_1814d89bc,,,94004b9edd5869b5f79f231a868fecbbc5500f977e9166bc22ffe1f89d669d35,undefined FUN_1814d89bc(),ghidra,clean,
WHGame.dll,release_1_5_1164953_841,0x14d89dc,46,FUN_1814d89dc,,,e876aa55b6c092781d719c06daa33af396457717715ca79c8d27d74c62c7d274,undefined FUN_1814d89dc(),ghidra,clean,
WHGame.dll,release_1_5_1164953_841,0x14d8a0c,172,FUN_1814d8a0c,,,97d6cb7b5ab9c7044740bdee9df606cf62d5593772bc3ee93cc6f3a810231d07,undefined FUN_1814d8a0c(),ghidra,clean,
WHGame.dll,release_1_5_1164953_841,0x14d8ab8,184,FUN_1814d8ab8,,,eb28d78b453d186b886793cf06e4248cfcb417b4b8068632f41b9c871d47d5b2,undefined FUN_1814d8ab8(),ghidra,clean,
WHGame.dll,release_1_5_1164953_841,0x14d8b70,123,FUN_1814d8b70,,,b081588a0649df7274d6793bdcdd27b3d69797b824b25920b388e9deaf2ebbad,undefined FUN_1814d8b70(),ghidra,clean,
WHGame.dll,release_1_5_1164953_841,0x14d8bf0,8,FUN_1814d8bf0,,,f68fa9a5b98dd7595a12a928c2c5afc79c3b7147dc9d8ca5bb6f4cf7e31caea4,undefined FUN_1814d8bf0(),ghidra,clean,
WHGame.dll,release_1_5_1164953_841,0x14d8bf8,86,FUN_1814d8bf8,,,782e92148d9c34730b879ee36d25eb397af23308c6a3d7e9d885d53fbc98ada5,undefined FUN_1814d8bf8(),ghidra,clean,
WHGame.dll,release_1_5_1164953_841,0x14d8c50,190,FUN_1814d8c50,,,e6412713dbcb29c91db3f05209e491a68695a3ed4c17c275c5b42c1d234325e0,undefined FUN_1814d8c50(),ghidra,clean,
WHGame.dll,release_1_5_1164953_841,0x14d8d10,171,FUN_1814d8d10,,,20628b6d66a8b0b0152abd0bbca0b5584f586347d2ee30f26793833cb438444a,undefined FUN_1814d8d10(),ghidra,clean,
WHGame.dll,release_1_5_1164953_841,0x14d8dbc,242,FUN_1814d8dbc,,,9ccb42db7cac0c4c8813cf11a95ed706bce9b122d3fb09ed4b03cb9e572fc5aa,undefined FUN_1814d8dbc(),ghidra,clean,
WHGame.dll,release_1_5_1164953_841,0x14d8eb0,182,FUN_1814d8eb0,,,fedb0e82908b96413734225139bdf5c0e782b1d806d29ccd846bd9523347ac70,undefined FUN_1814d8eb0(),ghidra,clean,
WHGame.dll,release_1_5_1164953_841,0x14d8f68,234,FUN_1814d8f68,,,0e9dc1ef44acbf89b4b2bd47e0f5973d8e6094b0b1bdef9181591ee5d9eee118,undefined FUN_1814d8f68(),ghidra,clean,
WHGame.dll,release_1_5_1164953_841,0x14d9054,176,FUN_1814d9054,,,9f22e42c5fe12af8b2d336dd3bf3a788382ba30a65f0739919e1d659bb4eae46,undefined FUN_1814d9054(),ghidra,clean,
WHGame.dll,release_1_5_1164953_841,0x14d9104,190,FUN_1814d9104,,,288a15df755e5f5dc8cbf5422446cec81e6656b95fbbdc57ebb54282ac38301c,undefined FUN_1814d9104(),ghidra,clean,
WHGame.dll,release_1_5_1164953_841,0x14d91c4,26,FUN_1814d91c4,,,fd9cb7ae07303e287080d76f36ba976c72ea1a3cac199628e8c72da9921297bb,undefined FUN_1814d91c4(),ghidra,clean,
WHGame.dll,release_1_5_1164953_841,0x14d91e0,190,FUN_1814d91e0,,,3a829b13bd5a3c37869d9773cb4ec5cc81260c01e21fd994ec5a836c34e9ec2b,undefined FUN_1814d91e0(),ghidra,clean,
WHGame.dll,release_1_5_1164953_841,0x14d92a0,35,FUN_1814d92a0,,,6caf48f4ed638d92ceb52be9353b75bc420f8633f766ebef40a0085908f1b86b,undefined FUN_1814d92a0(),ghidra,clean,
WHGame.dll,release_1_5_1164953_841,0x14d92c4,155,FUN_1814d92c4,,,f049646add05a226a3c7634fce0904b4f15c36e79db08b3eb80d2d176e398470,undefined FUN_1814d92c4(),ghidra,clean,
WHGame.dll,release_1_5_1164953_841,0x14d9360,291,FUN_1814d9360,,,44d9ee5ee6802bf7b40066e12691d0803fef58ad708ea1385c7e43f7e99c0abd,undefined FUN_1814d9360(),ghidra,clean,
WHGame.dll,release_1_5_1164953_841,0x14d9484,155,FUN_1814d9484,,,c0be7c23d3a0024cb572af9bf180fd4384ffb4025abb1e9429e168f9c512b530,undefined FUN_1814d9484(),ghidra,clean,
WHGame.dll,release_1_5_1164953_841,0x14d9520,291,FUN_1814d9520,,,f181d6407787bbc2fcc424aca4130413df02a84cbe6e98cff31c17239e2225c1,undefined FUN_1814d9520(),ghidra,clean,
WHGame.dll,release_1_5_1164953_841,0x14d964c,175,FUN_1814d964c,,,2eacc3f6bf6c4b7296755c3509e4f06a46f47afce698b0091f3d281dc9c8d4df,undefined FUN_1814d964c(),ghidra,clean,
WHGame.dll,release_1_5_1164953_841,0x14d9714,201,FUN_1814d9714,,,51e0cdb49b903f325135ff874969b704a8c5a4df9bf0ce1650e497a88de46293,undefined FUN_1814d9714(),ghidra,clean,
WHGame.dll,release_1_5_1164953_841,0x14d97e0,201,FUN_1814d97e0,,,1c2b3f677d888c66a8b27aec3fb1b0ff8b62a367ca56139c060cfc419feda22b,undefined FUN_1814d97e0(),ghidra,clean,
WHGame.dll,release_1_5_1164953_841,0x14d98ac,191,FUN_1814d98ac,,,5c7d4ff137a79c82a824ea43ba61f3b7cc706427cf7b914c35263c574d1c14bf,undefined FUN_1814d98ac(),ghidra,clean,
WHGame.dll,release_1_5_1164953_841,0x14d996c,50,FUN_1814d996c,,,040e2531dd2f5393e45202a6ce82a856c35a6a78e1477830554733a948ff0c95,undefined FUN_1814d996c(),ghidra,clean,
WHGame.dll,release_1_5_1164953_841,0x14d99b0,170,FUN_1814d99b0,,,22247a9bcb5b3a8b9ff40439710051dfeae2efb3215f7a3ec4f00c3d35649afd,undefined FUN_1814d99b0(),ghidra,clean,
WHGame.dll,release_1_5_1164953_841,0x14d9a5c,204,FUN_1814d9a5c,,,36e406a4a849ce0ca45cd3decbc412e0ee12904f746a73b78e94111caae41bd5,undefined FUN_1814d9a5c(),ghidra,clean,
WHGame.dll,release_1_5_1164953_841,0x14d9b08,204,FUN_1814d9b08,,,129ca8fe64e57215590f07399819a8fcbb15f970d69c46b8c02721328d21dd19,undefined FUN_1814d9b08(),ghidra,clean,
WHGame.dll,release_1_5_1164953_841,0x14d9bb4,204,FUN_1814d9bb4,,,94f6a17f2d5e148ab7cc5beaff1d0bac47fc41655860b9003a454306395502bf,undefined FUN_1814d9bb4(),ghidra,clean,
WHGame.dll,release_1_5_1164953_841,0x14d9c60,204,FUN_1814d9c60,,,78b3d483325a4b5e9e5a98c4aa5dd0eaa8c0e8d0bcbf7188cafe70cace642521,undefined FUN_1814d9c60(),ghidra,clean,
WHGame.dll,release_1_5_1164953_841,0x14d9d0c,200,FUN_1814d9d0c,,,f3ba54bc0622bca74fcb737e80e24fd2ef1106b1bfbe94f4b5e221da29d20b9b,undefined FUN_1814d9d0c(),ghidra,clean,
WHGame.dll,release_1_5_1164953_841,0x14d9db4,26,FUN_1814d9db4,,,50d5e700f18c904fd31a8e77de294b6f945b4a4f5eb2164190e5563455b4735e,undefined FUN_1814d9db4(),ghidra,clean,
WHGame.dll,release_1_5_1164953_841,0x14d9dd0,151,FUN_1814d9dd0,,,9e4022dd99c2268699323c56adcc6aea0f0c283e827e9bb3d4a10bdaaa66b61e,undefined FUN_1814d9dd0(),ghidra,clean,
WHGame.dll,release_1_5_1164953_841,0x14d9e68,151,FUN_1814d9e68,,,6fa57d7f6cf221ac2a047ec754028de6870bdb7d1001bd144698ee956458474c,undefined FUN_1814d9e68(),ghidra,clean,
WHGame.dll,release_1_5_1164953_841,0x14d9f00,151,FUN_1814d9f00,,,8716b0b7ca797d433311ef96edbef2b681fc0221c1c5a273c211f5e3595e93a5,undefined FUN_1814d9f00(),ghidra,clean,
WHGame.dll,release_1_5_1164953_841,0x14d9f98,151,FUN_1814d9f98,,,47e6b8b908748ad08cebd99326ba9222e70b0e76da1026db94cef21833408b71,undefined FUN_1814d9f98(),ghidra,clean,
WHGame.dll,release_1_5_1164953_841,0x14da030,151,FUN_1814da030,,,6939b5ce1246372d1efbb3bb1f595a72ae403e3054437d9f4f29ede919d78841,undefined FUN_1814da030(),ghidra,clean,
WHGame.dll,release_1_5_1164953_841,0x14da0c8,949,FUN_1814da0c8,,,9cd7c548c52732ac9383f6fb55ad917e1d14c61fe57cf03ba8ceab95fec3d29e,undefined FUN_1814da0c8(),ghidra,clean,
WHGame.dll,release_1_5_1164953_841,0x14da480,23,FUN_1814da480,,,4a2215c3e820937481093c41c3a2c4fdd1b034767afb06c5e8afd475b2e2dc6a,undefined FUN_1814da480(),ghidra,clean,
WHGame.dll,release_1_5_1164953_841,0x14da498,155,FUN_1814da498,,,71ff09e0a96327b0b02e72329bd3be37bec182e1317cd29e4a195a11e345577f,undefined FUN_1814da498(),ghidra,clean,
WHGame.dll,release_1_5_1164953_841,0x14da534,304,FUN_1814da534,,,1cc03220e67eb695e724bab215ffda2686f75b5648f4bb20f3da59fdc4722fdd,undefined FUN_1814da534(),ghidra,clean,
WHGame.dll,release_1_5_1164953_841,0x14da664,155,FUN_1814da664,,,a9758e7721702d29c15fec129faa71636e600627c3580953fd20cd47b8c18e8f,undefined FUN_1814da664(),ghidra,clean,
WHGame.dll,release_1_5_1164953_841,0x14da700,298,FUN_1814da700,,,cc52738e03459f1e5ceecc7f73652d48d96d599e44e16315e02e2e98345f0911,undefined FUN_1814da700(),ghidra,clean,
WHGame.dll,release_1_5_1164953_841,0x14da82c,151,FUN_1814da82c,,,a06809ef6daae7e85afe6faef646e7238b98ca817e1f0f2dbbf2044e91c38fb7,undefined FUN_1814da82c(),ghidra,clean,
WHGame.dll,release_1_5_1164953_841,0x14da8c4,151,FUN_1814da8c4,,,cb2ac94065a5061495dc654974e52880b5b42e0f708395bafa0f1865e561c66d,undefined FUN_1814da8c4(),ghidra,clean,
WHGame.dll,release_1_5_1164953_841,0x14da95c,151,FUN_1814da95c,,,fe874c5a2a939577aa8a2db53a63e32e24e5c1d535e08bdcf615fbe6886d3422,undefined FUN_1814da95c(),ghidra,clean,
WHGame.dll,release_1_5_1164953_841,0x14da9f4,151,FUN_1814da9f4,,,d3ffb0f2353c14584730d490991c34b9746ea77978ed27326b44c618ec0ba605,undefined FUN_1814da9f4(),ghidra,clean,
WHGame.dll,release_1_5_1164953_841,0x14daa8c,155,FUN_1814daa8c,,,1d29d7a40e39507d4d5b08f7c9b4cd24c2cd1373299acb58be474532b827da0e,undefined FUN_1814daa8c(),ghidra,clean,
WHGame.dll,release_1_5_1164953_841,0x14dab28,291,FUN_1814dab28,,,4ab9bd88ca64020ea95248c7d4f327fe250193a66158be065b08c2fda267d045,undefined FUN_1814dab28(),ghidra,clean,
WHGame.dll,release_1_5_1164953_841,0x14dac4c,30,FUN_1814dac4c,,,bfcf28c288c45f97b2db64dca2b28b1450c2fd62613e9e991bcd622ab990c1d8,undefined FUN_1814dac4c(),ghidra,clean,
WHGame.dll,release_1_5_1164953_841,0x14dac6c,25,FUN_1814dac6c,,,c387de667a942ac418ba0aea4674726262b8ba115b29ca0c5c87f625d89cd749,undefined FUN_1814dac6c(),ghidra,clean,
WHGame.dll,release_1_5_1164953_841,0x14dac88,155,FUN_1814dac88,,,704d81c7fbca9be4ecdd8d2622938adb8259b097c2cfcb79f82a9f16908e186e,undefined FUN_1814dac88(),ghidra,clean,
WHGame.dll,release_1_5_1164953_841,0x14dad24,291,FUN_1814dad24,,,3929aeb86234f524688d21da7837ab0a5ed2d521ea339b72baf29f435e413246,undefined FUN_1814dad24(),ghidra,clean,
WHGame.dll,release_1_5_1164953_841,0x14dae48,86,FUN_1814dae48,,,c2f3fb81b09633c0ba8b97b26d2ebba633f06865bb1b3a16d876db958571c7bd,undefined FUN_1814dae48(),ghidra,clean,
WHGame.dll,release_1_5_1164953_841,0x14daea0,85,FUN_1814daea0,,,cd5c47001745805c3eb4f6477fc817a19751fc6fcec7e80762c88daeb329dccb,undefined FUN_1814daea0(),ghidra,clean,
WHGame.dll,release_1_5_1164953_841,0x14daed4,139,FUN_1814daed4,,,9d9ba57263764608f9a2c3218086b4b3903c72b8acad1a3f0cef70b075166525,undefined FUN_1814daed4(),ghidra,clean,
WHGame.dll,release_1_5_1164953_841,0x14daf48,90,FUN_1814daf48,,,1a8fbc5b5ab73a6da02d03d88842af22d55822792dbd59564e6ed0911b9bf018,undefined FUN_1814daf48(),ghidra,clean,
WHGame.dll,release_1_5_1164953_841,0x14daf88,17,FUN_1814daf88,,,0dee90ae4bae47143fd420eefc4d0095c2d19d96108f7d363927853eda2bc2ca,undefined FUN_1814daf88(),ghidra,clean,
WHGame.dll,release_1_5_1164953_841,0x14daf9c,155,FUN_1814daf9c,,,6c767b10d716373d3c86f3f1bb919cc397d00ee9987d3d33fbf1ad0e627c0fa9,undefined FUN_1814daf9c(),ghidra,clean,
WHGame.dll,release_1_5_1164953_841,0x14db038,311,FUN_1814db038,,,943b36337dc631a08a5600f1e731675cbbdd3f737c2491e6b90e5025fcc49f67,undefined FUN_1814db038(),ghidra,clean,
WHGame.dll,release_1_5_1164953_841,0x14db188,205,FUN_1814db188,,,290aa265661129012c030816eb2641f8e83948a8687f915f37278539c4ef3101,undefined FUN_1814db188(),ghidra,clean,
WHGame.dll,release_1_5_1164953_841,0x14db258,205,FUN_1814db258,,,bdedb7d58d2afe4929d8d7ae5abbfa2bf0c7c37c079a516cc5b7e6f7e72a9ff3,undefined FUN_1814db258(),ghidra,clean,
WHGame.dll,release_1_5_1164953_841,0x14db328,47,FUN_1814db328,,,cb483e4944cb7e0fe49a168f017dbe8c12f8bb3eda7b86365535d355f089769c,undefined FUN_1814db328(),ghidra,clean,
WHGame.dll,release_1_5_1164953_841,0x14db358,205,FUN_1814db358,,,378fc29e4d26e42378f0877b8ef97df6ac548c4c19a86c2b9012c7792027b465,undefined FUN_1814db358(),ghidra,clean,
WHGame.dll,release_1_5_1164953_841,0x14db430,188,FUN_1814db430,,,ba15aec60f82174221a4933acd98c4b88cc5226d9621f97b30e081753404fab4,undefined FUN_1814db430(),ghidra,clean,
WHGame.dll,release_1_5_1164953_841,0x14db4ec,73,FUN_1814db4ec,,,1db2d828742317f08ab26fa67f4a051fd006efabb210aedbae131fd3b8acf3da,undefined FUN_1814db4ec(),ghidra,clean,
WHGame.dll,release_1_5_1164953_841,0x14db538,64,FUN_1814db538,,,9eaa2cff6b3c7e407d88ce7918752f7e83754eacf0df0d5c2f53b01bda7d8b63,undefined FUN_1814db538(),ghidra,clean,
WHGame.dll,release_1_5_1164953_841,0x14db578,155,FUN_1814db578,,,aa1a78a6d1148713cc73a1831e31b07f646e14601ba3cbae6fa3fe30312fe6b8,undefined FUN_1814db578(),ghidra,clean,
WHGame.dll,release_1_5_1164953_841,0x14db614,291,FUN_1814db614,,,020e53f4c0b4765413e727a4cb33145e112e5908d9ad4b6e08aeab06c9e023ec,undefined FUN_1814db614(),ghidra,clean,
WHGame.dll,release_1_5_1164953_841,0x14db738,43,FUN_1814db738,,,a12bce78e8b4fff35206f0a01370108e82968b49853b80940cc99dc0e3095aff,undefined FUN_1814db738(),ghidra,clean,
WHGame.dll,release_1_5_1164953_841,0x14db764,192,FUN_1814db764,,,22e8c9c2198fd86591325121eaf4db1f93f8bb413f588277c42af7f0310e3c12,undefined FUN_1814db764(),ghidra,clean,
WHGame.dll,release_1_5_1164953_841,0x14db824,310,FUN_1814db824,,,9bd969410f7e17f96acb91a33828de36ff24186ee0e7c0245f69dd9623a1038b,undefined FUN_1814db824(),ghidra,clean,
WHGame.dll,release_1_5_1164953_841,0x14db95c,106,FUN_1814db95c,,,b242b9ff506d337be585d51ad090df3ab696b64c4e55227f676e1fc6ede76c1d,undefined FUN_1814db95c(),ghidra,clean,
WHGame.dll,release_1_5_1164953_841,0x14db9b8,213,FUN_1814db9b8,,,83b2a76bb2cf58f66e10d8375776a4538ae5ddc2f1c452af1ebe9543da19a483,undefined FUN_1814db9b8(),ghidra,clean,
WHGame.dll,release_1_5_1164953_841,0x14dba49,4,FUN_1814dba49,,,5d9868d934e95fbc5d1a9bc36977af82332524c35232103be797ed6865174fce,undefined FUN_1814dba49(),ghidra,clean,
WHGame.dll,release_1_5_1164953_841,0x14dba50,69,FUN_1814dba50,,,8f10a7e75a4dc99d4d07dd8ae76fb47bfa390fd6d49c3a563111d9c47f74ccd7,undefined FUN_1814dba50(),ghidra,clean,
WHGame.dll,release_1_5_1164953_841,0x14dba98,55,FUN_1814dba98,,,7e72658052c619d956e4383b08d4faef3e300790f72242be7d4f7baa6408aa70,undefined FUN_1814dba98(),ghidra,clean,
WHGame.dll,release_1_5_1164953_841,0x14dbac0,181,FUN_1814dbac0,,,ed01f552cc7162d618b6627cf5e130f6d6e1170c63c3470815150ea7534997a7,undefined FUN_1814dbac0(),ghidra,clean,
WHGame.dll,release_1_5_1164953_841,0x14dbb78,117,FUN_1814dbb78,,,64055f791b7e4919e4d5bf63b549f068fb172cd3acea8a8cdc24425f24b5ef61,undefined FUN_1814dbb78(),ghidra,clean,
WHGame.dll,release_1_5_1164953_841,0x14dbbf0,33,FUN_1814dbbf0,,,871eb184a1695dc9858965c4051ed5b18c3e73d01fc488eac5190b602f0912d6,undefined FUN_1814dbbf0(),ghidra,clean,
WHGame.dll,release_1_5_1164953_841,0x14dbc14,365,FUN_1814dbc14,,,f7b0f5a3d3b37a67d00436262e6bd6dae5dd27b1741edda4f277256820b1263f,undefined FUN_1814dbc14(),ghidra,clean,
WHGame.dll,release_1_5_1164953_841,0x14dbd84,120,FUN_1814dbd84,,,a489ad0c401683e4a9a75312f3f9fbc23329283fe8791bd7ffa93def4ee4732f,undefined FUN_1814dbd84(),ghidra,clean,
WHGame.dll,release_1_5_1164953_841,0x14dbdfc,221,FUN_1814dbdfc,,,40cb1a8953451bd96269f814278d847edd63bfab73590d9cffb7b9bf6277bd09,undefined FUN_1814dbdfc(),ghidra,clean,
WHGame.dll,release_1_5_1164953_841,0x14dbebc,318,FUN_1814dbebc,,,094c49be396a4a2f0e8fefb30681a82f80b6744e07e4783339aa5c1a52c65a64,undefined FUN_1814dbebc(),ghidra,clean,
WHGame.dll,release_1_5_1164953_841,0x14dbffc,180,FUN_1814dbffc,,,d683c76b50bd09ed34e1498366239954d01a2739ba52ae7121137c42262e561b,undefined FUN_1814dbffc(),ghidra,clean,
WHGame.dll,release_1_5_1164953_841,0x14dc0b0,55,FUN_1814dc0b0,,,660412773a2503f35fb58df7dcbe8d3f3dfcce2ccf596a90018b9cbb6a5fe009,undefined FUN_1814dc0b0(),ghidra,clean,
WHGame.dll,release_1_5_1164953_841,0x14dc0e8,180,FUN_1814dc0e8,,,3b3160aeb91b6b8043e2b01f3a5f66e7d0ffa282abfc75a2c79bb144664fa634,undefined FUN_1814dc0e8(),ghidra,clean,
WHGame.dll,release_1_5_1164953_841,0x14dc19c,155,FUN_1814dc19c,,,81932969a76892f90ad0dbda0e6c63cb29e8f9fdecb1627c4c1765a92bdfe74a,undefined FUN_1814dc19c(),ghidra,clean,
WHGame.dll,release_1_5_1164953_841,0x14dc238,291,FUN_1814dc238,,,ad1b255a8baac0cc3e2a954814c87b005169523f64cfb1fc03f50ebc2dd0b4ee,undefined FUN_1814dc238(),ghidra,clean,
WHGame.dll,release_1_5_1164953_841,0x14dc35c,1232,FUN_1814dc35c,,,37f973ae9defa82c9b0fe8dcdae530fa2ed5ed85aaf53d49ae29469a18ac7b1e,undefined FUN_1814dc35c(),ghidra,clean,
WHGame.dll,release_1_5_1164953_841,0x14dc820,194,FUN_1814dc820,,,aed439bec063455eb172cb9adeb3669a42c6d5e33324c2f75e136c6989058f9b,undefined FUN_1814dc820(),ghidra,clean,
WHGame.dll,release_1_5_1164953_841,0x14dc8e4,155,FUN_1814dc8e4,,,605aee7a6b96860e34be9b2b15c0ba47a10a8b946410d33b9d52fb5f3b94410a,undefined FUN_1814dc8e4(),ghidra,clean,
WHGame.dll,release_1_5_1164953_841,0x14dc980,291,FUN_1814dc980,,,cd970a399eeaa015f233bbfd595d302cd7d8e20eb786ea7dd61b321b25a19064,undefined FUN_1814dc980(),ghidra,clean,
WHGame.dll,release_1_5_1164953_841,0x14dcaa4,359,FUN_1814dcaa4,,,57235ed0993a90f575a5f98e9f00092520ff49dc1f76f40a944c918fae8ed56d,undefined FUN_1814dcaa4(),ghidra,clean,
WHGame.dll,release_1_5_1164953_841,0x14dcc10,129,FUN_1814dcc10,,,a4742a9e7cf0aa4371b9f9960ace48e4f7f2b328e0e05cffb689f8800cc71a32,undefined FUN_1814dcc10(),ghidra,clean,
WHGame.dll,release_1_5_1164953_841,0x14dcc94,335,FUN_1814dcc94,,,9cf8f019348608d9a747ab5006de701b448cb590c32b7e0314f3a9fa16649518,undefined FUN_1814dcc94(),ghidra,clean,
WHGame.dll,release_1_5_1164953_841,0x14dcd82,8,FUN_1814dcd82,,,d584cb1a2afef309eb33a9b90753d6c9a99b0c481366318ccddcba175a3b8c54,undefined FUN_1814dcd82(),ghidra,clean,
WHGame.dll,release_1_5_1164953_841,0x14dcd94,155,FUN_1814dcd94,,,2ef33dad67d4ebfd71161a5baa1433af67fe69785c4c2fc09f67c0fa9607a7f6,undefined FUN_1814dcd94(),ghidra,clean,
WHGame.dll,release_1_5_1164953_841,0x14dce30,155,FUN_1814dce30,,,a30f969da7deb7391141676afd4e3a7a6106db6848fd1af52e4830f8a1eadb0d,undefined FUN_1814dce30(),ghidra,clean,
WHGame.dll,release_1_5_1164953_841,0x14dcecc,155,FUN_1814dcecc,,,5dc66e5a837a3c61cc633520b0b3ab66fe53ce3ef35b9cf5e1b0f514c9913322,undefined FUN_1814dcecc(),ghidra,clean,
WHGame.dll,release_1_5_1164953_841,0x14dcf68,240,FUN_1814dcf68,,,71cfd7a1e29e295c8ff93ae8c6ea9ac778de18e113c9c507852f25caaf337674,undefined FUN_1814dcf68(),ghidra,clean,
WHGame.dll,release_1_5_1164953_841,0x14dd058,18,FUN_1814dd058,,,3e3446b23be9799e546e28342965e1d4288781cfcea3e58c6090c454769bc497,undefined FUN_1814dd058(),ghidra,clean,
WHGame.dll,release_1_5_1164953_841,0x14dd06c,298,FUN_1814dd06c,,,42a4ace158a70e1053e62fd512bb3217f22818f9a2ea759a5bd1cbd62b50dcc3,undefined FUN_1814dd06c(),ghidra,clean,
WHGame.dll,release_1_5_1164953_841,0x14dd198,301,FUN_1814dd198,,,acf3cbe06e9304a18007a3752d9577d21a24488603c339f3af4d61e1a561586f,undefined FUN_1814dd198(),ghidra,clean,
WHGame.dll,release_1_5_1164953_841,0x14dd2c8,180,FUN_1814dd2c8,,,559831d55dbc84c7756835746dfc5fd55b20d2a4317fc53bf8670d45933e142d,undefined FUN_1814dd2c8(),ghidra,clean,
WHGame.dll,release_1_5_1164953_841,0x14dd37c,72,FUN_1814dd37c,,,acc487bd526e88ed06b0baf7c4cf42860b14ca35f294bb6843435f5f449df828,undefined FUN_1814dd37c(),ghidra,clean,
WHGame.dll,release_1_5_1164953_841,0x14dd3c4,26,FUN_1814dd3c4,,,37c708f8eae5f72df355bbccab61b6fd0f3a064eb175ecb71a9339e5ea773d2d,undefined FUN_1814dd3c4(),ghidra,clean,
WHGame.dll,release_1_5_1164953_841,0x14dd3e0,194,FUN_1814dd3e0,,,8533d717b563ba2ed8c2c5aa0df487f895679d5b30a32137189d3abae79aa43b,undefined FUN_1814dd3e0(),ghidra,clean,
WHGame.dll,release_1_5_1164953_841,0x14dd4a4,155,FUN_1814dd4a4,,,cc63a6b917405343d211b72b6a298186d485f563a5c375457a75b18aaeb116a6,undefined FUN_1814dd4a4(),ghidra,clean,
WHGame.dll,release_1_5_1164953_841,0x14dd540,190,FUN_1814dd540,,,9e23fb3a9726a8a925ab63be853130d05190d7f8f2f2c763cb1c086683fab7ac,undefined FUN_1814dd540(),ghidra,clean,
WHGame.dll,release_1_5_1164953_841,0x14dd600,155,FUN_1814dd600,,,d1d5567f2fb1ca8306f339abf740ab229b05b38ab8c04b2ffd1ed405e4583f22,undefined FUN_1814dd600(),ghidra,clean,
WHGame.dll,release_1_5_1164953_841,0x14dd69c,240,FUN_1814dd69c,,,d55fb0f2e5d3aac1556a2e316c3ed89d287c4233d08e9bd49e03b31f1ba72207,undefined FUN_1814dd69c(),ghidra,clean,
WHGame.dll,release_1_5_1164953_841,0x14dd78c,18,FUN_1814dd78c,,,0d72748a0d61a739cb2b40555666b1ba5f6e719d68b68dc130809b01d86b1645,undefined FUN_1814dd78c(),ghidra,clean,
WHGame.dll,release_1_5_1164953_841,0x14dd7a0,311,FUN_1814dd7a0,,,89d09f8f3d7585851cb30ee88a61f43dd5a574b1d80c9360389fd57ecc642171,undefined FUN_1814dd7a0(),ghidra,clean,
WHGame.dll,release_1_5_1164953_841,0x14dd8d8,5801,FUN_1814dd8d8,,,97321f7b4aab8314701af2240549bb06483418b23302393b1cd9c30972f40aef,undefined FUN_1814dd8d8(),ghidra,clean,
WHGame.dll,release_1_5_1164953_841,0x14def84,119,FUN_1814def84,,,91de8e1142b96004903b5bc3df55ea3aac453f201dd5a11403be8f8698f45861,undefined FUN_1814def84(),ghidra,clean,
WHGame.dll,release_1_5_1164953_841,0x14deffc,136,FUN_1814deffc,,,84f4b2d902eb82be500818856b1767d6133265becdc5553e743a7e0062c3d071,undefined FUN_1814deffc(),ghidra,clean,
WHGame.dll,release_1_5_1164953_841,0x14df084,98,FUN_1814df084,,,24b2e57ecc5c1c0ea90256b53e2c1f26b616def351ce10651a594ec2f201f2b5,undefined FUN_1814df084(),ghidra,clean,
WHGame.dll,release_1_5_1164953_841,0x14df0e8,17324,FUN_1814df0e8,,,1b4fec388d6020277c15c3afab39324a83693da4e1bdc0330c133e16b37e5b11,undefined FUN_1814df0e8(),ghidra,clean,
WHGame.dll,release_1_5_1164953_841,0x14e3494,151,FUN_1814e3494,,,682fcb79988be8c9b4d9ca7c80d6f76f0e8f99c98459c5f0c6cba11722761e44,undefined FUN_1814e3494(),ghidra,clean,
WHGame.dll,release_1_5_1164953_841,0x14e352c,116,FUN_1814e352c,,,f53607fef8c238314a13265dd3db8b5edc77c520ab406efe1e369aadf3044a1e,undefined FUN_1814e352c(),ghidra,clean,
WHGame.dll,release_1_5_1164953_841,0x14e35a0,155,FUN_1814e35a0,,,a25a7b9ac0213791346ab61da27e411fdee4caf56e9bec1f1185026f1013b685,undefined FUN_1814e35a0(),ghidra,clean,
WHGame.dll,release_1_5_1164953_841,0x14e363c,291,FUN_1814e363c,,,d8fc1ed0bba444d31ee3537211299facce381af51f652af2ac8550246e30786b,undefined FUN_1814e363c(),ghidra,clean,
WHGame.dll,release_1_5_1164953_841,0x14e3760,264,FUN_1814e3760,,,d7df472abc9c4d2e873dcad339587a91f6c599b93f316e18e0916788c2872c37,undefined FUN_1814e3760(),ghidra,clean,
WHGame.dll,release_1_5_1164953_841,0x14e3860,244,FUN_1814e3860,,,8b7e8869bea9394968c7876d64c80815ddeb73210e08d23864cc82cd349eda13,undefined FUN_1814e3860(),ghidra,clean,
WHGame.dll,release_1_5_1164953_841,0x14e3954,741,FUN_1814e3954,,,a67bc88afde7d4bfa153394d2379c25c1e5819d31a6874a8cf6c3d8afb9ca9e1,undefined FUN_1814e3954(),ghidra,clean,
WHGame.dll,release_1_5_1164953_841,0x14e3a54,26,FUN_1814e3a54,,,819234953c91d716a341edb10dcca2267107efa13f78881bbca64f4a7a11eeca,undefined FUN_1814e3a54(),ghidra,clean,
WHGame.dll,release_1_5_1164953_841,0x14e3a70,155,FUN_1814e3a70,,,1c22cdb6196c2065d0fcf2b17504187fdc1ff5a7a103a54b6847cd0dec8f2069,undefined FUN_1814e3a70(),ghidra,clean,
WHGame.dll,release_1_5_1164953_841,0x14e3b0c,298,FUN_1814e3b0c,,,57b402cd71ebf00d0920f1bd4e5c8e51159c51f7ab0e088f56d59a2862265303,undefined FUN_1814e3b0c(),ghidra,clean,
WHGame.dll,release_1_5_1164953_841,0x14e3c38,257,FUN_1814e3c38,,,bf3d0c6e0a9dd7f011da9623ccc92f52627aebff102dd5d8b8540e4fcebd305b,undefined FUN_1814e3c38(),ghidra,clean,
WHGame.dll,release_1_5_1164953_841,0x14e3d3c,86,FUN_1814e3d3c,,,de0a60ec03dc217c11b7f94303c046bd15b793c0ac8ea83d01b2ea8f75048327,undefined FUN_1814e3d3c(),ghidra,clean,
WHGame.dll,release_1_5_1164953_841,0x14e3d94,85,FUN_1814e3d94,,,801de26d50ef69ef31a36cd70f0541597c7ef40d84317461e11d79cb6a2dc2e7,undefined FUN_1814e3d94(),ghidra,clean,
WHGame.dll,release_1_5_1164953_841,0x14e3dd0,63,FUN_1814e3dd0,,,dc98b8bf1eaa63c6149dfcf0ce5b56b3eaac5745e67b9411da4aba847c0f801b,undefined FUN_1814e3dd0(),ghidra,clean,
WHGame.dll,release_1_5_1164953_841,0x14e3e10,472,FUN_1814e3e10,,,2f549076131622dcad2cce1e4af5092c95e2517a3a4a1592558a7baf67d1c76c,undefined FUN_1814e3e10(),ghidra,clean,
WHGame.dll,release_1_5_1164953_841,0x14e3fe8,472,FUN_1814e3fe8,,,f6982a70e13b414999352747cb2ae012cec93b7b2eac335d5991e04f398556ea,undefined FUN_1814e3fe8(),ghidra,clean,
WHGame.dll,release_1_5_1164953_841,0x14e41c0,543,FUN_1814e41c0,,,5c0f4cda129693af7b460d30c59ba8526374e59f2cc5d5824c275f23af3cb6f9,undefined FUN_1814e41c0(),ghidra,clean,
WHGame.dll,release_1_5_1164953_841,0x14e43d0,472,FUN_1814e43d0,,,f2cd4a6394208c6eed81086f2c4c73900be174802f9a13097638b6041bdd9e20,undefined FUN_1814e43d0(),ghidra,clean,
WHGame.dll,release_1_5_1164953_841,0x14e45a8,260,FUN_1814e45a8,,,704c70aa97fd767ed0a2b7bcf3b3d23f09b859d7759c52e841cca63e7cb15b1f,undefined FUN_1814e45a8(),ghidra,clean,
WHGame.dll,release_1_5_1164953_841,0x14e469c,190,FUN_1814e469c,,,d2195b1a9e75e523bcb6263c45c842e671478e2e762dba23fd15d37ba1a7ac98,undefined FUN_1814e469c(),ghidra,clean,
WHGame.dll,release_1_5_1164953_841,0x14e475c,172,FUN_1814e475c,,,f4437fdc717b4c9f831b604f25473720c8b4939232b759920ccdbe77b6f007b4,undefined FUN_1814e475c(),ghidra,clean,
WHGame.dll,release_1_5_1164953_841,0x14e4808,172,FUN_1814e4808,,,f3742ccf968ee1c6530cd97a3fbfaec02a0693b924257f93e5221dc47b4a3a98,undefined FUN_1814e4808(),ghidra,clean,
WHGame.dll,release_1_5_1164953_841,0x14e48b4,172,FUN_1814e48b4,,,0a9b95bc425f1c8a9db8146ecee848555148711f8f526ce9a68e813a1d5aea40,undefined FUN_1814e48b4(),ghidra,clean,
WHGame.dll,release_1_5_1164953_841,0x14e4960,278,FUN_1814e4960,,,92d1c274d804140cd5c9662b44b70fb400fdcd4f816c56c0d60a2e66e3aba809,undefined FUN_1814e4960(),ghidra,clean,
WHGame.dll,release_1_5_1164953_841,0x14e4a6c,228,FUN_1814e4a6c,,,33a83c522c92d2c5235ef8acc818a08c3811fd3d3cd9f3bf0ad8482cc4056379,undefined FUN_1814e4a6c(),ghidra,clean,
WHGame.dll,release_1_5_1164953_841,0x14e4b50,310,FUN_1814e4b50,,,4df3992b4360cee4c4ec932ec49ab463412c2aeb7f387bfbbedd47065a80d054,undefined FUN_1814e4b50(),ghidra,clean,
WHGame.dll,release_1_5_1164953_841,0x14e4c88,310,FUN_1814e4c88,,,e0eacff252a802eb8ba1ded7a6e664d447c50bc3afc361262b6c052e28b48922,undefined FUN_1814e4c88(),ghidra,clean,
WHGame.dll,release_1_5_1164953_841,0x14e4dc0,419,FUN_1814e4dc0,,,4f95c332798b3ce584f7d4886343ff27fb2872d56508104d623e8c5338d6e593,undefined FUN_1814e4dc0(),ghidra,clean,
WHGame.dll,release_1_5_1164953_841,0x14e4f58,419,FUN_1814e4f58,,,0ed7f98ccad106099e15c018f3ecb635c12a6cc63124590cbd33cab06dd6db56,undefined FUN_1814e4f58(),ghidra,clean,
WHGame.dll,release_1_5_1164953_841,0x14e50f0,419,FUN_1814e50f0,,,f4983d336633210e6e343810f8b927503de4ea4f0e4fa6021e41d449e29b6a97,undefined FUN_1814e50f0(),ghidra,clean,
WHGame.dll,release_1_5_1164953_841,0x14e5288,419,FUN_1814e5288,,,e7988dd4d143f0974a8845cd2cb8f452803eaf44fe90ab412fc37de91e3b0cf6,undefined FUN_1814e5288(),ghidra,clean,
WHGame.dll,release_1_5_1164953_841,0x14e5420,470,FUN_1814e5420,,,80d390285fe87cb3d9819ebb2601ab789ba45e8bc19b347848897c9618aa1ddd,undefined FUN_1814e5420(),ghidra,clean,
WHGame.dll,release_1_5_1164953_841,0x14e55f8,470,FUN_1814e55f8,,,26752af526ea9565e1439a9c8f6a509330e8506d7a29a6ff2d6b4a86b48311f1,undefined FUN_1814e55f8(),ghidra,clean,
WHGame.dll,release_1_5_1164953_841,0x14e57d0,470,FUN_1814e57d0,,,d7d0d72eb8cdbdd08a3825c54ce9ac189ed9d09b629ff83d6c3ef2ad1bb23205,undefined FUN_1814e57d0(),ghidra,clean,
WHGame.dll,release_1_5_1164953_841,0x14e59a8,26,FUN_1814e59a8,,,70509e233b81a4b980391cbde5d0f4e0f57007794a397523a1f478e8884bbf63,undefined FUN_1814e59a8(),ghidra,clean,
WHGame.dll,release_1_5_1164953_841,0x14e59c4,1137,FUN_1814e59c4,,,5f834d2a7d9b7340dbee22aedb59ccc4738fb636d4bce88a56c2455f10f8c2b6,undefined FUN_1814e59c4(),ghidra,clean,
WHGame.dll,release_1_5_1164953_841,0x14e5e38,155,FUN_1814e5e38,,,57b2633be75b17b9fdd7aa16c02aa274ebb66077807a7c1632e1e49dad933801,undefined FUN_1814e5e38(),ghidra,clean,
WHGame.dll,release_1_5_1164953_841,0x14e5ed4,304,FUN_1814e5ed4,,,a618f5f68e61bb27d238c76408f3b32ca5dc2bff6fc32f2031c31e3c8a864728,undefined FUN_1814e5ed4(),ghidra,clean,
WHGame.dll,release_1_5_1164953_841,0x14e6004,155,FUN_1814e6004,,,125da565faa28f44c7ab5d3bb423ba8a1cd86a35baa058c8b9fe9e9e15076056,undefined FUN_1814e6004(),ghidra,clean,
WHGame.dll,release_1_5_1164953_841,0x14e60a0,298,FUN_1814e60a0,,,4a7b3d0adbf26b5c10b0af5602dfb9d7ab3bda34d0679089c7be12237a75a5c3,undefined FUN_1814e60a0(),ghidra,clean,
WHGame.dll,release_1_5_1164953_841,0x14e61cc,87,FUN_1814e61cc,,,6cec62fb4ece1b8aa980e3f38c4bd1d64a2b8dc79aa22813afabf90706093c6b,undefined FUN_1814e61cc(),ghidra,clean,
WHGame.dll,release_1_5_1164953_841,0x14e6224,237,FUN_1814e6224,,,c74e6f51e04f72ee3a8673119b77a34e232b337cdb5366984214572210f38fbb,undefined FUN_1814e6224(),ghidra,clean,
WHGame.dll,release_1_5_1164953_841,0x14e6314,357,FUN_1814e6314,,,7ef038e931db50d37a9cdfcf585607a04dbd948acd118e27eaf80e293a9c8b7f,undefined FUN_1814e6314(),ghidra,clean,
WHGame.dll,release_1_5_1164953_841,0x14e6454,336,FUN_1814e6454,,,b442710d148359b6dc6323fd0a8a5ce65964b121ca38fb4d5e42b2de78fa0357,undefined FUN_1814e6454(),ghidra,clean,
WHGame.dll,release_1_5_1164953_841,0x14e64bc,155,FUN_1814e64bc,,,f88a324716150bde37cfbe28888e4f6744ab3f9b0bc50e5b9ae4dbfdbb2aa366,undefined FUN_1814e64bc(),ghidra,clean,
WHGame.dll,release_1_5_1164953_841,0x14e6558,291,FUN_1814e6558,,,0fe4df10cfc69d8ee63ac4c3075658e6a7be76b11504ee26556de69c8daec594,undefined FUN_1814e6558(),ghidra,clean,
WHGame.dll,release_1_5_1164953_841,0x14e667c,180,FUN_1814e667c,,,f5ea5e5607498be5e1e3d0e3158823659c1b00252d0823ccb4e9b39706e85561,undefined FUN_1814e667c(),ghidra,clean,
WHGame.dll,release_1_5_1164953_841,0x14e6730,82,FUN_1814e6730,,,3d4fb82837ed80938f4ff6e392eeab3b273ff42d9a1c9af58cf34233cf48bf0b,undefined FUN_1814e6730(),ghidra,clean,
WHGame.dll,release_1_5_1164953_841,0x14e6784,93,FUN_1814e6784,,,827aa559da0038592ce90b2afae238b90ba2e700efc195679d249e9e74997bc9,undefined FUN_1814e6784(),ghidra,clean,
WHGame.dll,release_1_5_1164953_841,0x14e67e4,26,FUN_1814e67e4,,,eb05632d7698a724d33bd2043a329b2151909e3e60b2a7b84258d42fec632fcd,undefined FUN_1814e67e4(),ghidra,clean,
WHGame.dll,release_1_5_1164953_841,0x14e6800,151,FUN_1814e6800,,,82907d9b6f25e327a9161df073a4734983643cd087ee3bdbefb6987e8c0bb2f8,undefined FUN_1814e6800(),ghidra,clean,
WHGame.dll,release_1_5_1164953_841,0x14e6898,190,FUN_1814e6898,,,e0b5c7b17affbd1aece88cfed2a42cf3a3576fda224b47dd89e385c472681b10,undefined FUN_1814e6898(),ghidra,clean,
WHGame.dll,release_1_5_1164953_841,0x14e6958,945,FUN_1814e6958,,,e6f0ad0310dda7b5965f5bc398a9068cb540d00e3ddfce7771244d07c12996a1,undefined FUN_1814e6958(),ghidra,clean,
WHGame.dll,release_1_5_1164953_841,0x14e6a19,5,FUN_1814e6a19,,,532bbebee9f4dcad17cf5747253f042c4e9a3e9a566f59008cf96bc31f54f364,undefined FUN_1814e6a19(),ghidra,clean,
WHGame.dll,release_1_5_1164953_841,0x14e6a20,23,FUN_1814e6a20,,,4a2215c3e820937481093c41c3a2c4fdd1b034767afb06c5e8afd475b2e2dc6a,undefined FUN_1814e6a20(),ghidra,clean,
WHGame.dll,release_1_5_1164953_841,0x14e6a38,155,FUN_1814e6a38,,,7e40d7399077a2b2e35335b9c5b98d0d8c93a035ab41c02192be70f8dd206273,undefined FUN_1814e6a38(),ghidra,clean,
WHGame.dll,release_1_5_1164953_841,0x14e6ad4,291,FUN_1814e6ad4,,,12cca14489abf3405a715bc596de250c4b7a46f264e5470fa019094ce70e8d20,undefined FUN_1814e6ad4(),ghidra,clean,
WHGame.dll,release_1_5_1164953_841,0x14e6bf8,190,FUN_1814e6bf8,,,8c7a5991029afc0c2b71b56c5ac8ff60c2dfd673fcd381116fcbc0471452e7e9,undefined FUN_1814e6bf8(),ghidra,clean,
WHGame.dll,release_1_5_1164953_841,0x14e6cb8,112,FUN_1814e6cb8,,,e6bb369c4e6bd26bf239ca20d48e8b6b477db1bf6d6fd4f8e596c9bad7fef965,undefined FUN_1814e6cb8(),ghidra,clean,
WHGame.dll,release_1_5_1164953_841,0x14e6d28,26,FUN_1814e6d28,,,e6b4f65538b7c92bbbb4d4468859b28ea3d7c7d6084c5f85107ab28fa042f0ab,undefined FUN_1814e6d28(),ghidra,clean,
WHGame.dll,release_1_5_1164953_841,0x14e6d44,30,FUN_1814e6d44,,,cfbb8920d2968b7ec58fdcbe07599bbd44dde9f3a38c44934e7cfba7dc9701f8,undefined FUN_1814e6d44(),ghidra,clean,
WHGame.dll,release_1_5_1164953_841,0x14e6d64,155,FUN_1814e6d64,,,7117b43a993be483ac82ce77a657345c31fb0529b6a72d26d0cb1a4b93b0a63e,undefined FUN_1814e6d64(),ghidra,clean,
WHGame.dll,release_1_5_1164953_841,0x14e6e00,291,FUN_1814e6e00,,,28115b2dc9004b6df830fb353a21aa27d74e0c0ae54aae5a1cf28868e6f7d37b,undefined FUN_1814e6e00(),ghidra,clean,
WHGame.dll,release_1_5_1164953_841,0x14e6f24,190,FUN_1814e6f24,,,d68ec2bb8a35b22f54c024598d97c8e270a5278ff85bf6cdcbac43014b54de3e,undefined FUN_1814e6f24(),ghidra,clean,
WHGame.dll,release_1_5_1164953_841,0x14e6fe4,598,FUN_1814e6fe4,,,dda43a677cef203787ae0634f84e9dc11381988d8e4929da7ccb2b4cdc0ffa89,undefined FUN_1814e6fe4(),ghidra,clean,
WHGame.dll,release_1_5_1164953_841,0x14e723c,234,FUN_1814e723c,,,0caf2321ca4dd9476303f3fe177b0100721ce7981ee955e7fc6c325ce7f58ab3,undefined FUN_1814e723c(),ghidra,clean,
WHGame.dll,release_1_5_1164953_841,0x14e7328,234,FUN_1814e7328,,,728f297c3cdc511c4246716385eebe13b55651f7ce1683bd2f5f6d622b24a17e,undefined FUN_1814e7328(),ghidra,clean,
WHGame.dll,release_1_5_1164953_841,0x14e7414,234,FUN_1814e7414,,,6f0234211aabe7b83ce86ebfa5014f765393794e9929e14ebfe415108217e048,undefined FUN_1814e7414(),ghidra,clean,
WHGame.dll,release_1_5_1164953_841,0x14e7500,234,FUN_1814e7500,,,156b8650343d86c8fec93693eaab22b98495e5af0b6e77de051022b3824d991f,undefined FUN_1814e7500(),ghidra,clean,
WHGame.dll,release_1_5_1164953_841,0x14e75ec,616,FUN_1814e75ec,,,312f473c972b5ad0b0d225472a23534496773a3d5a89cb0ed175445905d0b9bc,undefined FUN_1814e75ec(),ghidra,clean,
WHGame.dll,release_1_5_1164953_841,0x14e7854,142,FUN_1814e7854,,,5bebd8e632daf36327cb1b4dfdd163fb4b4f1598c3132edc2ace9000bf761648,undefined FUN_1814e7854(),ghidra,clean,
WHGame.dll,release_1_5_1164953_841,0x14e78e4,142,FUN_1814e78e4,,,8ce74a1b67e6a424ebcfddf47ed6519f8ef8e6abdd05abbbb40f9b441d2a678a,undefined FUN_1814e78e4(),ghidra,clean,
WHGame.dll,release_1_5_1164953_841,0x14e7974,142,FUN_1814e7974,,,f05bce28209089ba6a7a6de073aaf7b8aae1110653c168d8aecf88f0637e56cb,undefined FUN_1814e7974(),ghidra,clean,
WHGame.dll,release_1_5_1164953_841,0x14e7a04,236,FUN_1814e7a04,,,80d0f5c534602d055fc6807b4a86f1956ab5b450573e774842c0a1c6b85b5e11,undefined FUN_1814e7a04(),ghidra,clean,
WHGame.dll,release_1_5_1164953_841,0x14e7af0,196,FUN_1814e7af0,,,12c99a710e1e9340d241033a29f17ae1b550ae9d1fb4ad455a361290d44ac253,undefined FUN_1814e7af0(),ghidra,clean,
WHGame.dll,release_1_5_1164953_841,0x14e7bac,175,FUN_1814e7bac,,,c1cbf7844f0e032cf89709dee66205b891bca60c81867b693d4f02e5660f720f,undefined FUN_1814e7bac(),ghidra,clean,
WHGame.dll,release_1_5_1164953_841,0x14e7c5c,244,FUN_1814e7c5c,,,ff70792b015671228e9f929b5e52794961b69762ea5b2141b7d36dafdacb3bf5,undefined FUN_1814e7c5c(),ghidra,clean,
WHGame.dll,release_1_5_1164953_841,0x14e7d50,261,FUN_1814e7d50,,,3398e736cd25a9df75d95e758d731683324a2b02472aa2286cb087195f08f1d7,undefined FUN_1814e7d50(),ghidra,clean,
WHGame.dll,release_1_5_1164953_841,0x14e7e4c,233,FUN_1814e7e4c,,,39dcd3166f8e039d9c04f09a54d6f2be8d8f026b68d49a4635b189ebc55b1432,undefined FUN_1814e7e4c(),ghidra,clean,
WHGame.dll,release_1_5_1164953_841,0x14e7f38,180,FUN_1814e7f38,,,ca34f0a32260ed3fb72330bb9ae746161901b0e2ce338d9083caa3f3ef6a5246,undefined FUN_1814e7f38(),ghidra,clean,
WHGame.dll,release_1_5_1164953_841,0x14e7fec,1338,FUN_1814e7fec,,,2a303f0d5fbe7e78c1883a5542172e1899c0a7f1fe20e967470e7973f03fae5b,undefined FUN_1814e7fec(),ghidra,clean,
WHGame.dll,release_1_5_1164953_841,0x14e8544,180,FUN_1814e8544,,,89ec0c3c6653b6a75299907f65dabd0c82842c6c12b1ee508ecb4fc9cc71740a,undefined FUN_1814e8544(),ghidra,clean,
WHGame.dll,release_1_5_1164953_841,0x14e85f8,190,FUN_1814e85f8,,,1144130af94f3979893837310fc7c6627d30c304c301ad1daee54b7548b1ebea,undefined FUN_1814e85f8(),ghidra,clean,
WHGame.dll,release_1_5_1164953_841,0x14e86b8,30,FUN_1814e86b8,,,8c4f09c0b8150ffda0b31cbd1facdadd9269e7a7cf9c0e247aa144f5f6f81ef8,undefined FUN_1814e86b8(),ghidra,clean,
WHGame.dll,release_1_5_1164953_841,0x14e86d8,23,FUN_1814e86d8,,,3a547e28f9faab5d7314b345941ef4397c75f2822b148d07f17cc8c48205f8e6,undefined FUN_1814e86d8(),ghidra,clean,
WHGame.dll,release_1_5_1164953_841,0x14e86f0,155,FUN_1814e86f0,,,71b415e1bb231ce74e1508c9b866e12da82555d487e18d840e06eff81a95c642,undefined FUN_1814e86f0(),ghidra,clean,
WHGame.dll,release_1_5_1164953_841,0x14e878c,291,FUN_1814e878c,,,f7921784c9f35af579640cbe47468dc2bb0a8ca590dc6e03009fa79a6fb96c7c,undefined FUN_1814e878c(),ghidra,clean,
WHGame.dll,release_1_5_1164953_841,0x14e88b0,992,FUN_1814e88b0,,,9621b285a7a843dea3337870680b8a7a98a6382f719abf4b87fb5933952e1af4,undefined FUN_1814e88b0(),ghidra,clean,
WHGame.dll,release_1_5_1164953_841,0x14e8956,5,FUN_1814e8956,,,fd726243e7bd27eb190716595fb542f90d4f237d2adaf86872fb93bce605bb39,undefined FUN_1814e8956(),ghidra,clean,
WHGame.dll,release_1_5_1164953_841,0x14e895c,5,thunk_FUN_1814e8964,,,b0d40b133b9394d93820ac0104b0065121d2d73df32c7bfb4e4cf5d805a8b103,undefined thunk_FUN_1814e8964(),ghidra,clean,
WHGame.dll,release_1_5_1164953_841,0x14e8964,103,FUN_1814e8964,,,1286922638a1a0cdb73378c34d93416685456ff75db1e4d6b2edbbf432ad1336,undefined FUN_1814e8964(),ghidra,clean,
WHGame.dll,release_1_5_1164953_841,0x14e89cc,95,FUN_1814e89cc,,,0cdf30c7b3ba71647b1b6cc2c05d33c33f776249efb2125abc2d605358b4b548,undefined FUN_1814e89cc(),ghidra,clean,
WHGame.dll,release_1_5_1164953_841,0x14e8a2c,193,FUN_1814e8a2c,,,61e1536b829066c753f66414e1ce48b3516545cfdfb102f7c072e6b1339092fe,undefined FUN_1814e8a2c(),ghidra,clean,
WHGame.dll,release_1_5_1164953_841,0x14e8ad4,53,FUN_1814e8ad4,,,af0b620a486c66a28bdaafa040ebd8fe6b9846480a3bfae5f62c11247b94ee28,undefined FUN_1814e8ad4(),ghidra,clean,
WHGame.dll,release_1_5_1164953_841,0x14e8b0c,431,FUN_1814e8b0c,,,eb0445c7270eab595c360681198a42adfe78373d05aaa036183369a103493dfe,undefined FUN_1814e8b0c(),ghidra,clean,
WHGame.dll,release_1_5_1164953_841,0x14e8c68,40,FUN_1814e8c68,,,dc2847391df10ab0be57658409b3e9b863ed3e170760545bbd95b1ec07c25255,undefined FUN_1814e8c68(),ghidra,clean,
WHGame.dll,release_1_5_1164953_841,0x14e8c90,42,FUN_1814e8c90,,,df90dcf36f2312ac9d3520cdd4d952b09224a5698803a42755f37f5275f11e1a,undefined FUN_1814e8c90(),ghidra,clean,
WHGame.dll,release_1_5_1164953_841,0x14e8cbc,100,FUN_1814e8cbc,,,5ea26f48ea49bdd6b6364365e0ec878312e684e6af1637396f14d313678ab844,undefined FUN_1814e8cbc(),ghidra,clean,
WHGame.dll,release_1_5_1164953_841,0x14e8d20,80,FUN_1814e8d20,,,097aabd7a517698846093b09447df82217dbdffcd585ef79300e0ac48bbd6772,undefined FUN_1814e8d20(),ghidra,clean,
WHGame.dll,release_1_5_1164953_841,0x14e8d70,85,FUN_1814e8d70,,,1e8be144648a60520ba6bafb0a8949e8978375a447d55dd4a9da255e8f41d5d5,undefined FUN_1814e8d70(),ghidra,clean,
WHGame.dll,release_1_5_1164953_841,0x14e8da4,80,FUN_1814e8da4,,,ae245b580e6c84e539139be00ad51035bb36218660ff7a6e4aedfbb6afad595e,undefined FUN_1814e8da4(),ghidra,clean,
WHGame.dll,release_1_5_1164953_841,0x14e8df4,80,FUN_1814e8df4,,,44999d0fb9f6747fc3e024193836fe033dda96e8b56a992d821593561628f091,undefined FUN_1814e8df4(),ghidra,clean,
WHGame.dll,release_1_5_1164953_841,0x14e8e44,80,FUN_1814e8e44,,,6673843186faebed5bb4e6e0aee89450f514cc93a23d778b317c2698d8eec4db,undefined FUN_1814e8e44(),ghidra,clean,
WHGame.dll,release_1_5_1164953_841,0x14e8e94,80,FUN_1814e8e94,,,795d3df38c6523e2e6f3e4c2907a60e1284ea290824507c2794e830111789e89,undefined FUN_1814e8e94(),ghidra,clean,
WHGame.dll,release_1_5_1164953_841,0x14e8ee4,80,FUN_1814e8ee4,,,ed548ddc0e812f46d3ce53a668ef70f88c7c42a43275524a2e02117d217165d9,undefined FUN_1814e8ee4(),ghidra,clean,
WHGame.dll,release_1_5_1164953_841,0x14e8f34,80,FUN_1814e8f34,,,fbfe83399dd440d6e1d7bd398c95707352abc6cb0234158a6bf1ff1738203ead,undefined FUN_1814e8f34(),ghidra,clean,
WHGame.dll,release_1_5_1164953_841,0x14e8f84,85,FUN_1814e8f84,,,bdc4815f71d72efd5016e2679ff6707a89e9146c31ed02f88e0d176129a53eb5,undefined FUN_1814e8f84(),ghidra,clean,
WHGame.dll,release_1_5_1164953_841,0x14e8fb8,62,FUN_1814e8fb8,,,3f6be91803289fb54f239bdfdcc3a1062b2ef0450d7b58f0f9a6197971af1ed1,undefined FUN_1814e8fb8(),ghidra,clean,
WHGame.dll,release_1_5_1164953_841,0x14e8fe4,47,FUN_1814e8fe4,,,c43b6f46ec613ba2217e256466948be8ab496606e161332d39a7813b8f96a716,undefined FUN_1814e8fe4(),ghidra,clean,
WHGame.dll,release_1_5_1164953_841,0x14e9014,52,FUN_1814e9014,,,deee660137396d9808971497c6c98d4dff89d5c1096f0ec88477f6764d12d17c,undefined FUN_1814e9014(),ghidra,clean,
WHGame.dll,release_1_5_1164953_841,0x14e9048,34,FUN_1814e9048,,,ec920eb01518ec5177017614e1463d05b35e2cca9bbca3fdc27e1273a575cbe7,undefined FUN_1814e9048(),ghidra,clean,
WHGame.dll,release_1_5_1164953_841,0x14e906c,249,FUN_1814e906c,,,74d24421349daeb0298eb3d070d9fc527eea380cc62c861732347ed815e238bd,undefined FUN_1814e906c(),ghidra,clean,
WHGame.dll,release_1_5_1164953_841,0x14e9104,9,FUN_1814e9104,,,a8763439daea9c7ad50744bc395717a1d5df94602a5a763e3d0c64702a7d5944,undefined FUN_1814e9104(),ghidra,clean,
WHGame.dll,release_1_5_1164953_841,0x14e9110,275,FUN_1814e9110,,,d40ec353c2f8f1a400d6c4fc62a61e58f49ef137f803db6762c17405e9271cf5,undefined FUN_1814e9110(),ghidra,clean,
WHGame.dll,release_1_5_1164953_841,0x14e9224,190,FUN_1814e9224,,,a63958c9a4b1d0bc6f70fc5920818e76c08debace85b56a861d122ce5d23ff66,undefined FUN_1814e9224(),ghidra,clean,
WHGame.dll,release_1_5_1164953_841,0x14e92e4,190,FUN_1814e92e4,,,db80f88bbe7223fcce3896ac3f92baf4d8c888db17619701fd03f56809b54207,undefined FUN_1814e92e4(),ghidra,clean,
WHGame.dll,release_1_5_1164953_841,0x14e93a4,190,FUN_1814e93a4,,,1364129e2103b029dfe5f4740c77d13ac6b6b321dc37d2634a9ce8f9e3772d86,undefined FUN_1814e93a4(),ghidra,clean,
WHGame.dll,release_1_5_1164953_841,0x14e9464,190,FUN_1814e9464,,,cd9ceb680209651866f7fef308c37d4ec39e98fbaf08784c5e8e3e4d6ee8b172,undefined FUN_1814e9464(),ghidra,clean,
WHGame.dll,release_1_5_1164953_841,0x14e9524,190,FUN_1814e9524,,,9f9749bd351b8b8ca16d8964173b5330e7ec387eedb736ff2b20fca19347187d,undefined FUN_1814e9524(),ghidra,clean,
WHGame.dll,release_1_5_1164953_841,0x14e95e4,190,FUN_1814e95e4,,,2c28690de69d4f28ebb3d6a85a8f6d3c26323aeb7c014e430b5015bfb0d4a016,undefined FUN_1814e95e4(),ghidra,clean,
WHGame.dll,release_1_5_1164953_841,0x14e96a4,190,FUN_1814e96a4,,,0bebfd45aefbcd494e9df28a386df68bfbcbbfe8a8e083a261808646cf2628c2,undefined FUN_1814e96a4(),ghidra,clean,
WHGame.dll,release_1_5_1164953_841,0x14e9778,190,FUN_1814e9778,,,865388e8ab2dc15e8a7a5cb1788956cba684429d716046d669ef775a5bd0834e,undefined FUN_1814e9778(),ghidra,clean,
WHGame.dll,release_1_5_1164953_841,0x14e9838,98,FUN_1814e9838,,,45143cbf5033a19121952cb5349377a032a10ae4f9a5c0d68c58a1ed0fcedcf1,undefined FUN_1814e9838(),ghidra,clean,
WHGame.dll,release_1_5_1164953_841,0x14e989c,25,FUN_1814e989c,,,01691869f73877b8985d1d054ae3721c96de4601ffca915045d1cd3ae84b1e68,undefined FUN_1814e989c(),ghidra,clean,
WHGame.dll,release_1_5_1164953_841,0x14e98b8,586,FUN_1814e98b8,,,9c1daedee7fad1e8a8eca88d4a06ff6e5127956009f1a6d891f60ed9f5ad6bfe,undefined FUN_1814e98b8(),ghidra,clean,
WHGame.dll,release_1_5_1164953_841,0x14e99f0,190,FUN_1814e99f0,,,276f87bc247d9859946ff60ebe0313eeab3fc24bbf97f14fade3122681e49547,undefined FUN_1814e99f0(),ghidra,clean,
WHGame.dll,release_1_5_1164953_841,0x14e9ab0,190,FUN_1814e9ab0,,,eabdb763c0d5044225732d02e5cfa2a973b2f2fdddfaf6aef9ca6918e864e174,undefined FUN_1814e9ab0(),ghidra,clean,
WHGame.dll,release_1_5_1164953_841,0x14e9b70,190,FUN_1814e9b70,,,6a0bb1fa52defcd5f944633788aaca76ea2f55eae892e7001ee071305f6db0f9,undefined FUN_1814e9b70(),ghidra,clean,
WHGame.dll,release_1_5_1164953_841,0x14e9c30,190,FUN_1814e9c30,,,828afd200f3764d27eae9126379d1f8d69d6a82bcee498fb4b4d8ea97d65f345,undefined FUN_1814e9c30(),ghidra,clean,
WHGame.dll,release_1_5_1164953_841,0x14e9cf0,190,FUN_1814e9cf0,,,60287ea1522d1928b83188761ba622d3e63152eb70b9a0fc38eb37f0322c0299,undefined FUN_1814e9cf0(),ghidra,clean,
WHGame.dll,release_1_5_1164953_841,0x14e9db0,190,FUN_1814e9db0,,,eca058eea7d9eeee3a7945b349edef37f48aad96fb1e107c4607e5161002ce79,undefined FUN_1814e9db0(),ghidra,clean,
WHGame.dll,release_1_5_1164953_841,0x14e9e70,107,FUN_1814e9e70,,,5efa113a2611baa3a02a04806ca4c5b2ebb09b0cc2cd3e43c1f26fc1ae8dbc99,undefined FUN_1814e9e70(),ghidra,clean,
WHGame.dll,release_1_5_1164953_841,0x14e9edc,125,FUN_1814e9edc,,,28f4aa23da906c3736c75236ad1ff9866d9d05a1a1b2e19f24b006c916a549d7,undefined FUN_1814e9edc(),ghidra,clean,
WHGame.dll,release_1_5_1164953_841,0x14e9f5c,202,FUN_1814e9f5c,,,a157989e6e4e9c9c16108b874df0823da4261013c79372e82c83c0fe62b8192c,undefined FUN_1814e9f5c(),ghidra,clean,
WHGame.dll,release_1_5_1164953_841,0x14ea028,321,FUN_1814ea028,,,ef49e9352a55c9cf4374c2c981d389045e11e7f007d04b0a3dadde8985ea0199,undefined FUN_1814ea028(),ghidra,clean,
WHGame.dll,release_1_5_1164953_841,0x14ea16c,36,FUN_1814ea16c,,,020a97336db6443ad194d833a2436e0e9840cf43676969b15f7aa5b32242eb22,undefined FUN_1814ea16c(),ghidra,clean,
WHGame.dll,release_1_5_1164953_841,0x14ea190,190,FUN_1814ea190,,,6dbbb8724821a904eae9d7bdd6f368a88d0e5aa65ee2b3d7f5698dfc0049c62c,undefined FUN_1814ea190(),ghidra,clean,
WHGame.dll,release_1_5_1164953_841,0x14ea250,190,FUN_1814ea250,,,02d73a6bf39269a2dd3e95c8d99aa419e90641737a60666ee4be6347d7789b67,undefined FUN_1814ea250(),ghidra,clean,
WHGame.dll,release_1_5_1164953_841,0x14ea310,190,FUN_1814ea310,,,095c2eefecfb388f33495f5ac3333a37893e829bd86daa7152010ba9ad58b069,undefined FUN_1814ea310(),ghidra,clean,
WHGame.dll,release_1_5_1164953_841,0x14ea3d0,597,FUN_1814ea3d0,,,9ce62e0ab404d9fd3384b3e6f15f4ce3b59667bd9e05862e4c0a70af2861ea85,undefined FUN_1814ea3d0(),ghidra,clean,
WHGame.dll,release_1_5_1164953_841,0x14ea628,115,FUN_1814ea628,,,6e53608ee5dd3dd951678c6e98239d684a3f9ea3092486e729fa57317c3e17a0,undefined FUN_1814ea628(),ghidra,clean,
WHGame.dll,release_1_5_1164953_841,0x14ea69c,165,FUN_1814ea69c,,,7622c4fd2b00fe351a7f0ac77afbde03f4d00f7e365dc598e267300ed9a38982,undefined FUN_1814ea69c(),ghidra,clean,
WHGame.dll,release_1_5_1164953_841,0x14ea744,422,FUN_1814ea744,,,a6ae8f1bd521b6947f7bf80dfe9c1f9c5f4aca59dce8aa6c1d785508306f6ec7,undefined FUN_1814ea744(),ghidra,clean,
WHGame.dll,release_1_5_1164953_841,0x14ea8f0,33,FUN_1814ea8f0,,,be7491d2a54a584d1dd5d588a280ae22bc2b3efe123f65da2a2332da357f3520,undefined FUN_1814ea8f0(),ghidra,clean,
WHGame.dll,release_1_5_1164953_841,0x14ea914,30,FUN_1814ea914,,,ad3074c0ed3abf2010e3253ca08bb577d4cc74da1474c573a4537eedc6de8c26,undefined FUN_1814ea914(),ghidra,clean,
WHGame.dll,release_1_5_1164953_841,0x14ea934,190,FUN_1814ea934,,,522f4d09bb18469ad648291f5e108ef9481ec3cee07995dff19ab17350df7287,undefined FUN_1814ea934(),ghidra,clean,
WHGame.dll,release_1_5_1164953_841,0x14ea9f4,48,FUN_1814ea9f4,,,535e3a41b6abdd9da1ce0fa088d320a4c5db1f16b03c89cc703a2efba82dcd17,undefined FUN_1814ea9f4(),ghidra,clean,
WHGame.dll,release_1_5_1164953_841,0x14eaa24,36,FUN_1814eaa24,,,e259b4ba314fcfd371f7c2ee3f4e092d06fecbb2ffbd50d38a3a005b307ef2e2,undefined FUN_1814eaa24(),ghidra,clean,
WHGame.dll,release_1_5_1164953_841,0x14eaa48,190,FUN_1814eaa48,,,002142e76e9df4d009a4e16e044a51612521f74e1a0a76a54e2ad162ac13d798,undefined FUN_1814eaa48(),ghidra,clean,
WHGame.dll,release_1_5_1164953_841,0x14eab08,80,FUN_1814eab08,,,95b58579af65517f265ea48f173cc6e0001aa29b671cbd6930ab064a3bc6b865,undefined FUN_1814eab08(),ghidra,clean,
WHGame.dll,release_1_5_1164953_841,0x14eab58,85,FUN_1814eab58,,,f2b6eb1c0fb0784aa92c5d765c58fe58bbbde5f318266a9137ec49a14b72cf02,undefined FUN_1814eab58(),ghidra,clean,
WHGame.dll,release_1_5_1164953_841,0x14eaba4,190,FUN_1814eaba4,,,5980039025b1093246d57ac34cde3cdc00c65d717fdf3e77bd4c7d3f1930962a,undefined FUN_1814eaba4(),ghidra,clean,
WHGame.dll,release_1_5_1164953_841,0x14eac64,190,FUN_1814eac64,,,3636cfb3508a244af134933786b6d29ad33c1a060d2fa6914e7e3eb992068474,undefined FUN_1814eac64(),ghidra,clean,
WHGame.dll,release_1_5_1164953_841,0x14ead24,155,FUN_1814ead24,,,de718ee03bd60282933c696e434b5ccc3bea91eed866c6e5d96810a51c2e331e,undefined FUN_1814ead24(),ghidra,clean,
WHGame.dll,release_1_5_1164953_841,0x14eadc0,291,FUN_1814eadc0,,,14bc6f42b1f7dfd85258172e5f7b86404875bfefd8c3871a58597d1e6d7f17ad,undefined FUN_1814eadc0(),ghidra,clean,
WHGame.dll,release_1_5_1164953_841,0x14eaee4,155,FUN_1814eaee4,,,cb8978528febe1320ecf1f3496cfa894326e64f5f581fbaefa3552fedc3378ce,undefined FUN_1814eaee4(),ghidra,clean,
WHGame.dll,release_1_5_1164953_841,0x14eaf80,291,FUN_1814eaf80,,,fb7f5f9804926bfacbdd5af53555021b83d45ddd65ccf16859e42270024d8406,undefined FUN_1814eaf80(),ghidra,clean,
WHGame.dll,release_1_5_1164953_841,0x14eb0a4,190,FUN_1814eb0a4,,,366157a9db2967cad340d36933d9e9a25b4a905b18b5013a6605db74967be325,undefined FUN_1814eb0a4(),ghidra,clean,
WHGame.dll,release_1_5_1164953_841,0x14eb164,57,FUN_1814eb164,,,d6f91584b89429e1f435cc5832060b3eb0decac0a3cf284c133573f57a4741d8,undefined FUN_1814eb164(),ghidra,clean,
WHGame.dll,release_1_5_1164953_841,0x14eb1a0,190,FUN_1814eb1a0,,,7ace53e60d29aa14cc9f2eb3e4ab200d67494aa11cdbef5d473bfe27983f3d09,undefined FUN_1814eb1a0(),ghidra,clean,
WHGame.dll,release_1_5_1164953_841,0x14eb260,190,FUN_1814eb260,,,243bfa6b882cf0cea3c7b4a01706eb21f97762281b8b3dd5643d0ac71bb333d0,undefined FUN_1814eb260(),ghidra,clean,
WHGame.dll,release_1_5_1164953_841,0x14eb320,190,FUN_1814eb320,,,623e4ff39acca2f10042858793d148b2465ca07539bdd235cce2f1fc37da5a87,undefined FUN_1814eb320(),ghidra,clean,
WHGame.dll,release_1_5_1164953_841,0x14eb3e0,155,FUN_1814eb3e0,,,d412a9d93cb9a6c40c91fa54f059cbba3a82c9d34081a3d7e425def195901e9b,undefined FUN_1814eb3e0(),ghidra,clean,
WHGame.dll,release_1_5_1164953_841,0x14eb47c,291,FUN_1814eb47c,,,9c8d3b8b996d54c0e566fd8a9908da961f5b778343880cbeabf47368d06a1466,undefined FUN_1814eb47c(),ghidra,clean,
WHGame.dll,release_1_5_1164953_841,0x14eb5a0,190,FUN_1814eb5a0,,,6c3667cd02a117a6e0170bbdde72a2a8541b0706db6720cb6b742e1803175270,undefined FUN_1814eb5a0(),ghidra,clean,
WHGame.dll,release_1_5_1164953_841,0x14eb660,55,FUN_1814eb660,,,6799493bf46c0713b92955bd708a37c52e4947d1f79d19966f5d36c63e722c47,undefined FUN_1814eb660(),ghidra,clean,
WHGame.dll,release_1_5_1164953_841,0x14eb688,157,FUN_1814eb688,,,880aa5e22fc8e08dd4916c61b749eb3db7f6d45d72e50f5fef22046aabe97d8d,undefined FUN_1814eb688(),ghidra,clean,
WHGame.dll,release_1_5_1164953_841,0x14eb71c,97,FUN_1814eb71c,,,72dd27054a86155a9963fdf4c4d0044743f2b83b2b3b33f19dd4f4f1db8ea55a,undefined FUN_1814eb71c(),ghidra,clean,
WHGame.dll,release_1_5_1164953_841,0x14eb780,145,FUN_1814eb780,,,a4b1a10aaf7f6c0c84987467ed93dfd83b1a9119ec9592f3f5f03c3520baa0f7,undefined FUN_1814eb780(),ghidra,clean,
WHGame.dll,release_1_5_1164953_841,0x14eb814,317,FUN_1814eb814,,,26708532f262083e96ed923f29690b2934cef82749aafa4a8af6febefeb96eb1,undefined FUN_1814eb814(),ghidra,clean,
WHGame.dll,release_1_5_1164953_841,0x14eb940,264,FUN_1814eb940,,,27dbb4b487ac1ef222a38b086d3c18c675c2ef11fd287a240d1bffb6eecb81cf,undefined FUN_1814eb940(),ghidra,clean,
WHGame.dll,release_1_5_1164953_841,0x14eba40,243,FUN_1814eba40,,,26729b134162e8aad4929094dfa54d5e7286c7394f537e99ee8f3ed986a23b07,undefined FUN_1814eba40(),ghidra,clean,
WHGame.dll,release_1_5_1164953_841,0x14ebb34,791,FUN_1814ebb34,,,7d8889aff5aa3f4c2b4ceb477c44b897015a86f2dc842de0c4a05dfbfdf3dbab,undefined FUN_1814ebb34(),ghidra,clean,
WHGame.dll,release_1_5_1164953_841,0x14ebc34,26,FUN_1814ebc34,,,819234953c91d716a341edb10dcca2267107efa13f78881bbca64f4a7a11eeca,undefined FUN_1814ebc34(),ghidra,clean,
WHGame.dll,release_1_5_1164953_841,0x14ebc50,155,FUN_1814ebc50,,,787a5f1b363d2a30a8cba9dfcf668a574492145d8441d3ad7f55509816d272ec,undefined FUN_1814ebc50(),ghidra,clean,
WHGame.dll,release_1_5_1164953_841,0x14ebcec,298,FUN_1814ebcec,,,77e8fc0d5a1873ba60fc7739da0785c8513eadf0f748e7fdae51d27ac3eedb34,undefined FUN_1814ebcec(),ghidra,clean,
WHGame.dll,release_1_5_1164953_841,0x14ebe18,190,FUN_1814ebe18,,,3d11a384791be3bedcc5bade8b76d45bfeb8bbebb34a4cbcb34ab4edf8459a2a,undefined FUN_1814ebe18(),ghidra,clean,
WHGame.dll,release_1_5_1164953_841,0x14ebed8,190,FUN_1814ebed8,,,473eeab1f5dcd86d091d28067770326a1f1e629e9ce26e430ee6f66ac6cab563,undefined FUN_1814ebed8(),ghidra,clean,
WHGame.dll,release_1_5_1164953_841,0x14ebf98,190,FUN_1814ebf98,,,b315885a87d4faee086c67d9de5a5dbf0ebe3767d3dff098407cf99908d81060,undefined FUN_1814ebf98(),ghidra,clean,
WHGame.dll,release_1_5_1164953_841,0x14ec058,190,FUN_1814ec058,,,e9be950c44f28d23b6c56a52e8b92e420972b6184fa177044d4b3b265cb0f51b,undefined FUN_1814ec058(),ghidra,clean,
WHGame.dll,release_1_5_1164953_841,0x14ec118,80,FUN_1814ec118,,,b5230c172e3840ffd26091eff72dcf7920e15c5ea252ebb10ccbd744e4420a8a,undefined FUN_1814ec118(),ghidra,clean,
WHGame.dll,release_1_5_1164953_841,0x14ec168,80,FUN_1814ec168,,,3b2cea22ca176e380aa35933e42fb138d202a1d7a827c7bfbdcd1994e7777e7a,undefined FUN_1814ec168(),ghidra,clean,
WHGame.dll,release_1_5_1164953_841,0x14ec1b8,85,FUN_1814ec1b8,,,26ff917ab45c5d281eedc5b9f996baaf44fe408213a2f1854b0888991d74c4f6,undefined FUN_1814ec1b8(),ghidra,clean,
WHGame.dll,release_1_5_1164953_841,0x14ec1ec,49,FUN_1814ec1ec,,,46f243429f8e19eddf9b514df2cd8fa1ece5855a1749b8a54f2356c1b9f7e1e1,undefined FUN_1814ec1ec(),ghidra,clean,
WHGame.dll,release_1_5_1164953_841,0x14ec20c,190,FUN_1814ec20c,,,727f7ec76280a7c4c29d8f36a3a9c52700aa1a01a677c4977be3a8b6f6d2a31f,undefined FUN_1814ec20c(),ghidra,clean,
WHGame.dll,release_1_5_1164953_841,0x14ec2cc,57,FUN_1814ec2cc,,,b5104f1616e35a43a3971531a11aedb70e7fd7f194dd741d7badf177c8086d6a,undefined FUN_1814ec2cc(),ghidra,clean,
WHGame.dll,release_1_5_1164953_841,0x14ec308,180,FUN_1814ec308,,,3bab8af73fc6ff41cd5b751e6d63813e902fc113ab943817766e5f847fdc362e,undefined FUN_1814ec308(),ghidra,clean,
WHGame.dll,release_1_5_1164953_841,0x14ec3bc,190,FUN_1814ec3bc,,,ad170fda0348fa1f975f67fbe6a3ac49bcbcc32dedbb0a56603977c384576153,undefined FUN_1814ec3bc(),ghidra,clean,
WHGame.dll,release_1_5_1164953_841,0x14ec47c,270,FUN_1814ec47c,,,a2de3b7657b288a397765c803c9a436fc30e36f49fc52bf6e2ca192dea6a5ef1,undefined FUN_1814ec47c(),ghidra,clean,
WHGame.dll,release_1_5_1164953_841,0x14ec58c,190,FUN_1814ec58c,,,a42b466ce257d1702cafd777bfe4b4fbd41f3af43f1fba0aae8cef13da2e481d,undefined FUN_1814ec58c(),ghidra,clean,
WHGame.dll,release_1_5_1164953_841,0x14ec64c,108,FUN_1814ec64c,,,23d2d916709bff2278f3fe04db03ac18f28fcaee23b5209138d5afae3aa9d03a,undefined FUN_1814ec64c(),ghidra,clean,
WHGame.dll,release_1_5_1164953_841,0x14ec6b8,234,FUN_1814ec6b8,,,fbf1f6f4b28872af69cd4a5f504f16f1cdd0870c08e59fb5fa87b5f680dea970,undefined FUN_1814ec6b8(),ghidra,clean,
WHGame.dll,release_1_5_1164953_841,0x14ec780,110,FUN_1814ec780,,,e554eba28568424a6d5e663f97f95845d545d6d854851791d5c58ddc66e0f388,undefined FUN_1814ec780(),ghidra,clean,
WHGame.dll,release_1_5_1164953_841,0x14ec7f0,253,FUN_1814ec7f0,,,15a00dec3c015c0cd9fde2d39d7642e0ad252bbc86aa6e3bfee3fa10d3c26506,undefined FUN_1814ec7f0(),ghidra,clean,
WHGame.dll,release_1_5_1164953_841,0x14ec8d0,87,FUN_1814ec8d0,,,b8cd82a72de47b95387ae148171440ad210de888517cc8bd7f01e8452b5c1926,undefined FUN_1814ec8d0(),ghidra,clean,
WHGame.dll,release_1_5_1164953_841,0x14ec928,212,FUN_1814ec928,,,4d22a578c364781f9294f7789195a72404fc7ced901fa9437fea9baa60c854a4,undefined FUN_1814ec928(),ghidra,clean,
WHGame.dll,release_1_5_1164953_841,0x14ec9f4,246,FUN_1814ec9f4,,,e0dfc495a0ed973c56eb2442a5643e8a8ab40551bc665405eaae6cb3f7c7c7d3,undefined FUN_1814ec9f4(),ghidra,clean,
WHGame.dll,release_1_5_1164953_841,0x14ecad4,190,FUN_1814ecad4,,,d90a4a85669f426e1f54b3afd54b5745d5190db2f7aebc404899964d9d088b6e,undefined FUN_1814ecad4(),ghidra,clean,
WHGame.dll,release_1_5_1164953_841,0x14ecb94,84,FUN_1814ecb94,,,0b6e4604cb42d4958373373f7b9e8264998e3d83b240833213487137752b9f0d,undefined FUN_1814ecb94(),ghidra,clean,
WHGame.dll,release_1_5_1164953_841,0x14ecbe8,85,FUN_1814ecbe8,,,2ce36e2e0b43b896da19cbfac2aae09176f991403d5674670fb662adeae4ccb1,undefined FUN_1814ecbe8(),ghidra,clean,
WHGame.dll,release_1_5_1164953_841,0x14ecc1c,40,FUN_1814ecc1c,,,6c090602c3d1297e36d0eaa66e1f51e6a5d9da8374b2711e4284a78e68d4fb91,undefined FUN_1814ecc1c(),ghidra,clean,
WHGame.dll,release_1_5_1164953_841,0x14ecc44,84,FUN_1814ecc44,,,b06e19786a4a32f83edf132a67142875d70210b3b27ea587a860581c0a7419ea,undefined FUN_1814ecc44(),ghidra,clean,
WHGame.dll,release_1_5_1164953_841,0x14ecc98,85,FUN_1814ecc98,,,a1109468431a97e8deb99c61cc0cf44e73fb581d0bb911f20ee56b337af096c8,undefined FUN_1814ecc98(),ghidra,clean,
WHGame.dll,release_1_5_1164953_841,0x14ecccc,65,FUN_1814ecccc,,,e7e8c4f7241037dcc8f1c073ddabf0b178d0a7668919629b70a036546ed80cc0,undefined FUN_1814ecccc(),ghidra,clean,
WHGame.dll,release_1_5_1164953_841,0x14ecd10,12,FUN_1814ecd10,,,60cabe2710a55fc4ee3114c87c5b1c8d119b4fc5d5fe0e9e1716436f039e5229,undefined FUN_1814ecd10(),ghidra,clean,
WHGame.dll,release_1_5_1164953_841,0x14ecd1c,109,FUN_1814ecd1c,,,6c23336fb3344cf23d6836c08ba77832f796818b04131aa075f87208e211a532,undefined FUN_1814ecd1c(),ghidra,clean,
WHGame.dll,release_1_5_1164953_841,0x14ecd8c,30,FUN_1814ecd8c,,,ec4b9aaafa0c27bff1d64cc29caba0b2460079e9c85f1667387c8b3f68850c32,undefined FUN_1814ecd8c(),ghidra,clean,
WHGame.dll,release_1_5_1164953_841,0x14ecdac,190,FUN_1814ecdac,,,14ce7ae235d20a13cd8e95a9858eeac8bb5fd8f037872a482a37269a98a82a40,undefined FUN_1814ecdac(),ghidra,clean,
WHGame.dll,release_1_5_1164953_841,0x14ece6c,155,FUN_1814ece6c,,,aed37a3385b4835ad7393484580dccb9f267ec4e3db50ed50d2ba8dddbd6f821,undefined FUN_1814ece6c(),ghidra,clean,
WHGame.dll,release_1_5_1164953_841,0x14ecf08,311,FUN_1814ecf08,,,a0aa2cbffec926fbeca214735927f1c4d4e5def3e6373e33dd4fb6222a0f6959,undefined FUN_1814ecf08(),ghidra,clean,
WHGame.dll,release_1_5_1164953_841,0x14ed040,416,FUN_1814ed040,,,643ba8e113e192d1711fade53779a3288496db48427db5c991d46d68bf88da59,undefined FUN_1814ed040(),ghidra,clean,
WHGame.dll,release_1_5_1164953_841,0x14ed1e4,146,FUN_1814ed1e4,,,baad556d538456b6fff2e89925f835aa82ebd6274bafa0cf126fe396cd49b03a,undefined FUN_1814ed1e4(),ghidra,clean,
WHGame.dll,release_1_5_1164953_841,0x14ed278,55,FUN_1814ed278,,,4411d09c9aeda4da2c02d9d5fb66404a1b7a73f1a1bf3d2c1d07997679caae3b,undefined FUN_1814ed278(),ghidra,clean,
WHGame.dll,release_1_5_1164953_841,0x14ed2b0,180,FUN_1814ed2b0,,,a6baac5a04247e27b44427b36254007d4654522f3c932044d0ce6033ae360ade,undefined FUN_1814ed2b0(),ghidra,clean,
WHGame.dll,release_1_5_1164953_841,0x14ed364,15,FUN_1814ed364,,,838ec6f55c17e56145791a6e7ed719f751c74d7a4deee89e3f94bccc0e4bcada,undefined FUN_1814ed364(),ghidra,clean,
WHGame.dll,release_1_5_1164953_841,0x14ed374,337,FUN_1814ed374,,,dd679d4a5e89cd48c9106709983372194a5f6abba345bc56fbf7f8e8ceb41f6f,undefined FUN_1814ed374(),ghidra,clean,
WHGame.dll,release_1_5_1164953_841,0x14ed4c8,426,FUN_1814ed4c8,,,f0db104c8bc93239e75d8e0a60e09da6ceb756b46b38a3ae78ef6965e9d0580e,undefined FUN_1814ed4c8(),ghidra,clean,
WHGame.dll,release_1_5_1164953_841,0x14ed674,30,FUN_1814ed674,,,aa94a9fb683c35087a890dc7b545519a9d604c2214160b17b7075bdd221724fe,undefined FUN_1814ed674(),ghidra,clean,
WHGame.dll,release_1_5_1164953_841,0x14ed694,190,FUN_1814ed694,,,6584c31f262c61d19a02fc20ed366abadc6eed0832d53029a4fb90f1742e861e,undefined FUN_1814ed694(),ghidra,clean,
WHGame.dll,release_1_5_1164953_841,0x14ed754,190,FUN_1814ed754,,,b2b07d8308be84002dfc6715641e7cf32651e6270652c3cd7261a8d53fb463d2,undefined FUN_1814ed754(),ghidra,clean,
WHGame.dll,release_1_5_1164953_841,0x14ed814,101,FUN_1814ed814,,,c24277c179ef4d0e036ea1f83485db712c511b1f9327408bd25b6d2d560e98d3,undefined FUN_1814ed814(),ghidra,clean,
WHGame.dll,release_1_5_1164953_841,0x14ed87c,190,FUN_1814ed87c,,,2e87be53ea7a13e3d1168c5d656699e6b92b49f3742f30c64c8de00be34a3ecc,undefined FUN_1814ed87c(),ghidra,clean,
WHGame.dll,release_1_5_1164953_841,0x14ed93c,267,FUN_1814ed93c,,,900b0ef127340e9d91da4b33407f8d2651b3163aa16881f4457f3c5fb10c5835,undefined FUN_1814ed93c(),ghidra,clean,
WHGame.dll,release_1_5_1164953_841,0x14eda48,217,FUN_1814eda48,,,388da06e3de43df1d4d8e902cd1abf96af199554eafb08d10cff7ba3ed4c77f5,undefined FUN_1814eda48(),ghidra,clean,
WHGame.dll,release_1_5_1164953_841,0x14edb10,275,FUN_1814edb10,,,1d5410ed78e2e48523b001ae9a60d45a47242b7c655edcdc63657b25f52c5017,undefined FUN_1814edb10(),ghidra,clean,
WHGame.dll,release_1_5_1164953_841,0x14edc18,218,FUN_1814edc18,,,c687d14325a356408b2bf4998683291d048fff74081cd2f6d53d49360e660cfe,undefined FUN_1814edc18(),ghidra,clean,
WHGame.dll,release_1_5_1164953_841,0x14edcf4,110,FUN_1814edcf4,,,ad6a8a44c1e3edb3094549df4b19bdb424349721be2a123d1e1da410ba1faa5f,undefined FUN_1814edcf4(),ghidra,clean,
WHGame.dll,release_1_5_1164953_841,0x14edd24,171,FUN_1814edd24,,,d42fa7b17c93d7ab6f38ce977f4b868561c1d6ccd03f25247f40099e5ae12429,undefined FUN_1814edd24(),ghidra,clean,
WHGame.dll,release_1_5_1164953_841,0x14eddd0,774,FUN_1814eddd0,,,067f513b81ab82aff74a9e6732b25ba163da321ee81f84c3662486f0bf8a377a,undefined FUN_1814eddd0(),ghidra,clean,
WHGame.dll,release_1_5_1164953_841,0x14ee0d8,221,FUN_1814ee0d8,,,83de5936116be9a332d5b3ab52c7e21826b855b105732c410300388f7bc4d2da,undefined FUN_1814ee0d8(),ghidra,clean,
WHGame.dll,release_1_5_1164953_841,0x14ee1b8,221,FUN_1814ee1b8,,,35241eeb72f20c2fc42a0372956e7cf8e0452e240f61dbeadd49ce00030fde6f,undefined FUN_1814ee1b8(),ghidra,clean,
WHGame.dll,release_1_5_1164953_841,0x14ee298,344,FUN_1814ee298,,,3528c41e229f29dd5278c12c90e76dd3cd7add65c9e6d3d55584713764402352,undefined FUN_1814ee298(),ghidra,clean,
WHGame.dll,release_1_5_1164953_841,0x14ee3f0,507,FUN_1814ee3f0,,,6cc1549f6bc6fef96de69fdc6a7146603ec580218a4d193382f95d3559a22b59,undefined FUN_1814ee3f0(),ghidra,clean,
WHGame.dll,release_1_5_1164953_841,0x14ee5b4,452,FUN_1814ee5b4,,,9f88acfd8e4da3ed37b753d5ab3aedd4e6e7f36911446cb7cc357e5b7def2361,undefined FUN_1814ee5b4(),ghidra,clean,
WHGame.dll,release_1_5_1164953_841,0x14ee68c,2273,FUN_1814ee68c,,,9727df2a89afab2e27f37b03d87d3d4842df7b97a93e7301a5fccff06f2c2d18,undefined FUN_1814ee68c(),ghidra,clean,
WHGame.dll,release_1_5_1164953_841,0x14eef70,34,FUN_1814eef70,,,6808ba5c6bf602a33ccd11d4503f414968bfbeaaf244540b719fef31eaa4906c,undefined FUN_1814eef70(),ghidra,clean,
WHGame.dll,release_1_5_1164953_841,0x14eef94,137,FUN_1814eef94,,,54a2b42abea96c9192e24b5f0b4e3aeb288bbf979132274d38a38659421cfc4f,undefined FUN_1814eef94(),ghidra,clean,
WHGame.dll,release_1_5_1164953_841,0x14ef020,66,FUN_1814ef020,,,7a1aefd6ed50e0cb4fefe7c9ef6c47d18abe8308b4854e235e8965943a74b1d8,undefined FUN_1814ef020(),ghidra,clean,
WHGame.dll,release_1_5_1164953_841,0x14ef064,373,FUN_1814ef064,,,5b7c32f5049500a08388aaccce026048f4e23f223b534b1eccae0218021ad680,undefined FUN_1814ef064(),ghidra,clean,
WHGame.dll,release_1_5_1164953_841,0x14ef118,320,FUN_1814ef118,,,ba8abf7dc91dd3596579e776b3cd8a041630a8ff8567a3ca4bb3a301f95abcb8,undefined FUN_1814ef118(),ghidra,clean,
WHGame.dll,release_1_5_1164953_841,0x14ef248,78,FUN_1814ef248,,,860f7aeac64b9958c80b103132a7131b6baecdc1435cb91c5c29185a92b0c01c,undefined FUN_1814ef248(),ghidra,clean,
WHGame.dll,release_1_5_1164953_841,0x14ef298,34,FUN_1814ef298,,,7c203dd6f1c823f3243b7c85b3764f5fbd106f3d6713281b7ad3ea6553adb0c7,undefined FUN_1814ef298(),ghidra,clean,
WHGame.dll,release_1_5_1164953_841,0x14ef2bc,129,FUN_1814ef2bc,,,160045ccf8c887038f2c91444153d52443a2f31f2eb29f527542f8a7319a68c2,undefined FUN_1814ef2bc(),ghidra,clean,
WHGame.dll,release_1_5_1164953_841,0x14ef340,56,FUN_1814ef340,,,f6f6d88c4fcc6765d72da12af11ebb3d6a3592475f2be274a81801b7a9d06257,undefined FUN_1814ef340(),ghidra,clean,
WHGame.dll,release_1_5_1164953_841,0x14ef378,130,FUN_1814ef378,,,e3565295fdcdf3eb5f4ca56530c3eb79cf309a0126a80b8ed7a39f8170879401,undefined FUN_1814ef378(),ghidra,clean,
WHGame.dll,release_1_5_1164953_841,0x14ef3fc,286,FUN_1814ef3fc,,,341fda83154dc744d98a4fcde54a9ddab1423afa7955b98dd432851c44267e23,undefined FUN_1814ef3fc(),ghidra,clean,
WHGame.dll,release_1_5_1164953_841,0x14ef50c,165,FUN_1814ef50c,,,0cf81fba285e10d9ac649c303a149a00676dadbdfde70d9c47be2816843913d0,undefined FUN_1814ef50c(),ghidra,clean,
WHGame.dll,release_1_5_1164953_841,0x14ef5b4,110,FUN_1814ef5b4,,,763ebde8489693b52ee9dee01752a2dfefd8572af58fce545fe52853b4a50d1e,undefined FUN_1814ef5b4(),ghidra,clean,
WHGame.dll,release_1_5_1164953_841,0x14ef624,137,FUN_1814ef624,,,08c75dd0394ccff1b04044efc093d0ec6de568a5f42c17584e5961903da0376a,undefined FUN_1814ef624(),ghidra,clean,
WHGame.dll,release_1_5_1164953_841,0x14ef6b0,170,FUN_1814ef6b0,,,b74e2bcda744236f1fb3c5a803722fda92aad50209faef142fcb0110358e7afa,undefined FUN_1814ef6b0(),ghidra,clean,
WHGame.dll,release_1_5_1164953_841,0x14ef75c,55,FUN_1814ef75c,,,56e50342ae123e0c5893ad49801e3eb9c58d0a90f6012994914992e7952c7330,undefined FUN_1814ef75c(),ghidra,clean,
WHGame.dll,release_1_5_1164953_841,0x14ef784,181,FUN_1814ef784,,,6d01b8dc7c7ccd4112b140386765e8fc3e307c98024233dade36ef20bd70e505,undefined FUN_1814ef784(),ghidra,clean,
WHGame.dll,release_1_5_1164953_841,0x14ef83c,146,FUN_1814ef83c,,,f4708cf3116b802c71338eb019fab6c14534c6b9c93125d05b7641a2a3016374,undefined FUN_1814ef83c(),ghidra,clean,
WHGame.dll,release_1_5_1164953_841,0x14ef8d0,26,FUN_1814ef8d0,,,70509e233b81a4b980391cbde5d0f4e0f57007794a397523a1f478e8884bbf63,undefined FUN_1814ef8d0(),ghidra,clean,
WHGame.dll,release_1_5_1164953_841,0x14ef8ec,1137,FUN_1814ef8ec,,,30fbb189b0ce0b3fa3c6a26330056b14166a4edb2af660aa903648ec0619ca28,undefined FUN_1814ef8ec(),ghidra,clean,
WHGame.dll,release_1_5_1164953_841,0x14efd60,155,FUN_1814efd60,,,bc547c1f6ee2b16e82697fe23cc7a6f5dc434817f89bb4226fe4e76d96b6c1b1,undefined FUN_1814efd60(),ghidra,clean,
WHGame.dll,release_1_5_1164953_841,0x14efdfc,304,FUN_1814efdfc,,,9268488ec58a465fb5a3bdfe50ac8e802490b194b25483e5669a92f52a8d649a,undefined FUN_1814efdfc(),ghidra,clean,
WHGame.dll,release_1_5_1164953_841,0x14eff2c,155,FUN_1814eff2c,,,233bfb631f818b6bfe813694bb7a90a9578bebfc396ecc9d1d31640500a1feb9,undefined FUN_1814eff2c(),ghidra,clean,
WHGame.dll,release_1_5_1164953_841,0x14effc8,298,FUN_1814effc8,,,1f8775ed032552939fc46e796e11c246ece7dd3529d4c9eef900f98183975077,undefined FUN_1814effc8(),ghidra,clean,
WHGame.dll,release_1_5_1164953_841,0x14f00f4,26,FUN_1814f00f4,,,819234953c91d716a341edb10dcca2267107efa13f78881bbca64f4a7a11eeca,undefined FUN_1814f00f4(),ghidra,clean,
WHGame.dll,release_1_5_1164953_841,0x14f0110,155,FUN_1814f0110,,,baa24ed377f5b18d9aea45341c8111aad594fcf1d88c6d92c5927698e5ebf8df,undefined FUN_1814f0110(),ghidra,clean,
WHGame.dll,release_1_5_1164953_841,0x14f01ac,304,FUN_1814f01ac,,,5b3bde904c949127f8fd22d947f4f660efefea73030d442d40195aa897f304af,undefined FUN_1814f01ac(),ghidra,clean,
WHGame.dll,release_1_5_1164953_841,0x14f02dc,155,FUN_1814f02dc,,,e668e173352a61f0b1627159733c84346d5510f1bccc63877dbe0ee8df8816b6,undefined FUN_1814f02dc(),ghidra,clean,
WHGame.dll,release_1_5_1164953_841,0x14f0378,298,FUN_1814f0378,,,f8c6f37a2e4f8776e3260686d8004b599a9f44df7247bbdc2cc6eb031c2f624d,undefined FUN_1814f0378(),ghidra,clean,
WHGame.dll,release_1_5_1164953_841,0x14f04a4,26,FUN_1814f04a4,,,70509e233b81a4b980391cbde5d0f4e0f57007794a397523a1f478e8884bbf63,undefined FUN_1814f04a4(),ghidra,clean,
WHGame.dll,release_1_5_1164953_841,0x14f04c0,1137,FUN_1814f04c0,,,e11b07a508300d63ccd4fd3104af7628139d715798c542924d99a0645325951a,undefined FUN_1814f04c0(),ghidra,clean,
WHGame.dll,release_1_5_1164953_841,0x14f0934,155,FUN_1814f0934,,,5babebc63fd729fec02e75fbcbe839a0ca26e0c59aa98a445011147e8a95c56b,undefined FUN_1814f0934(),ghidra,clean,
WHGame.dll,release_1_5_1164953_841,0x14f09d0,304,FUN_1814f09d0,,,1ebd1a1144986ed9663e3550f6808eae9c17765e430524a370191e9a470657cc,undefined FUN_1814f09d0(),ghidra,clean,
WHGame.dll,release_1_5_1164953_841,0x14f0b00,155,FUN_1814f0b00,,,90a96dfa3511e0715966afeed7e530603c8c6a0e80257d6f6fbe601977a7a066,undefined FUN_1814f0b00(),ghidra,clean,
WHGame.dll,release_1_5_1164953_841,0x14f0b9c,298,FUN_1814f0b9c,,,9a7e0543291bedc94e1acc8f03e35a6107ed2227c351571cc98e6b8a94f5d9b4,undefined FUN_1814f0b9c(),ghidra,clean,
WHGame.dll,release_1_5_1164953_841,0x14f0cc8,26,FUN_1814f0cc8,,,70509e233b81a4b980391cbde5d0f4e0f57007794a397523a1f478e8884bbf63,undefined FUN_1814f0cc8(),ghidra,clean,
WHGame.dll,release_1_5_1164953_841,0x14f0ce4,1137,FUN_1814f0ce4,,,3df2229a9568721dbaa8f664d59a95bc3603fd0fbe64d965375bab06733540ca,undefined FUN_1814f0ce4(),ghidra,clean,
WHGame.dll,release_1_5_1164953_841,0x14f1158,155,FUN_1814f1158,,,ee7de100bb416102afae19e07970f1f6d9b6848eb2948ee37f1dba1dd35adf2d,undefined FUN_1814f1158(),ghidra,clean,
WHGame.dll,release_1_5_1164953_841,0x14f11f4,304,FUN_1814f11f4,,,bd42460f59d61fb62398ba9e25748e219966671c3b496c6dc3c62d4d3ba8eb28,undefined FUN_1814f11f4(),ghidra,clean,
WHGame.dll,release_1_5_1164953_841,0x14f1324,155,FUN_1814f1324,,,5a60c395f58419a79e9910deff9e87bcb4750ea078b05996382725cdbf167157,undefined FUN_1814f1324(),ghidra,clean,
WHGame.dll,release_1_5_1164953_841,0x14f13c0,298,FUN_1814f13c0,,,e501522f921f7c800cb0edb141145e2f0fa84428016b67fc4504c658b66cbf1c,undefined FUN_1814f13c0(),ghidra,clean,
WHGame.dll,release_1_5_1164953_841,0x14f14ec,155,FUN_1814f14ec,,,0f2068164f29046ab88942ee44b11d8a37ed39727ebdacf46adff31dcde2a427,undefined FUN_1814f14ec(),ghidra,clean,
WHGame.dll,release_1_5_1164953_841,0x14f1588,291,FUN_1814f1588,,,076c40f58d48e44deea516e62e83998afd728cad60e8b91cefcd7a63d5041115,undefined FUN_1814f1588(),ghidra,clean,
WHGame.dll,release_1_5_1164953_841,0x14f16ac,180,FUN_1814f16ac,,,3120ca6065fb9e67573a6e9469eaf226ee083a627e05de18181cbe0e5eac2e45,undefined FUN_1814f16ac(),ghidra,clean,
WHGame.dll,release_1_5_1164953_841,0x14f1760,130,FUN_1814f1760,,,c5f886a32e6b73db76c3e59d2d0fb6b7a5b48350b25ce29e1f672e3a233b69e1,undefined FUN_1814f1760(),ghidra,clean,
WHGame.dll,release_1_5_1164953_841,0x14f17e4,267,FUN_1814f17e4,,,f26da2fcc1818d5923ada318cd1ea88f201f971f893a6ab9a1ba8da47fcf30ca,undefined FUN_1814f17e4(),ghidra,clean,
WHGame.dll,release_1_5_1164953_841,0x14f18f0,190,FUN_1814f18f0,,,78b00122daf904ea12aef8cd2fd71ca1af82ee99ed7cae58b610a34c809cebba,undefined FUN_1814f18f0(),ghidra,clean,
WHGame.dll,release_1_5_1164953_841,0x14f19b0,190,FUN_1814f19b0,,,504db72075a2d076fb2d68a2e1ac5a0c7a0496dd168fa65924efdc0bb9daf4f8,undefined FUN_1814f19b0(),ghidra,clean,
WHGame.dll,release_1_5_1164953_841,0x14f1a70,190,FUN_1814f1a70,,,e1d0589891ec7db75625c4bf4b870bec21972d10e9d905220447c7b16289a9fe,undefined FUN_1814f1a70(),ghidra,clean,
WHGame.dll,release_1_5_1164953_841,0x14f1b30,162,FUN_1814f1b30,,,eac256a0a4fec8e47c1f550f082be2f076663b910b12ebbd931bb2cd5e1a6e90,undefined FUN_1814f1b30(),ghidra,clean,
WHGame.dll,release_1_5_1164953_841,0x14f1bb4,30,FUN_1814f1bb4,,,34753abdd6b6eca9aec217cb9187d5c7e468849fc085639770ef287d072257c4,undefined FUN_1814f1bb4(),ghidra,clean,
WHGame.dll,release_1_5_1164953_841,0x14f1bd4,62,FUN_1814f1bd4,,,6fb92e359296e3d01ff3fda5605a23e01ea8306da28859242e8384642b35ca5e,undefined FUN_1814f1bd4(),ghidra,clean,
WHGame.dll,release_1_5_1164953_841,0x14f1c00,43,FUN_1814f1c00,,,41c64f5bd8a1415ab807f2b17dd80206b880171291ec272decc289804b6e08a4,undefined FUN_1814f1c00(),ghidra,clean,
WHGame.dll,release_1_5_1164953_841,0x14f1c2c,77,FUN_1814f1c2c,,,aea3edbbda547a07f28436a834516e6671d0b2f7c76b0e37a9c1521ffadc10e2,undefined FUN_1814f1c2c(),ghidra,clean,
WHGame.dll,release_1_5_1164953_841,0x14f1c7c,155,FUN_1814f1c7c,,,128337f17ce05c280226e51b6f9db6ece969e1d2acfb8b38f6c6cacf06101f78,undefined FUN_1814f1c7c(),ghidra,clean,
WHGame.dll,release_1_5_1164953_841,0x14f1d18,291,FUN_1814f1d18,,,a00be3f7e2eba7b39f0f702a901f96ad7c0ba6e3677332bc10bbbdb28eab6315,undefined FUN_1814f1d18(),ghidra,clean,
WHGame.dll,release_1_5_1164953_841,0x14f1e3c,190,FUN_1814f1e3c,,,18e9c7c0d812b426ba8be3a94548cdf33f6011cf10e53589b766873278f19258,undefined FUN_1814f1e3c(),ghidra,clean,
WHGame.dll,release_1_5_1164953_841,0x14f1efc,401,FUN_1814f1efc,,,40adfced0bc5b43a305c0fd9f6c7f7bf966e2d4caca0467334201c4de856c770,undefined FUN_1814f1efc(),ghidra,clean,
WHGame.dll,release_1_5_1164953_841,0x14f20a0,1605,FUN_1814f20a0,,,83896043292d21bb8aeb23cede333dfd8caecf90495ea7670c9c7cfe65c82280,undefined FUN_1814f20a0(),ghidra,clean,
WHGame.dll,release_1_5_1164953_841,0x14f2714,180,FUN_1814f2714,,,ce7ad2ee1c0135c961cdb7e68ad69a2ef9bf3f37b76ade4077434e35a107adb7,undefined FUN_1814f2714(),ghidra,clean,
WHGame.dll,release_1_5_1164953_841,0x14f27c8,190,FUN_1814f27c8,,,4e25fccf16aa99c80c29e2568bbb55c49963037fe7fb0ac118c0b5e5f447fd5a,undefined FUN_1814f27c8(),ghidra,clean,
WHGame.dll,release_1_5_1164953_841,0x14f2888,194,FUN_1814f2888,,,706592ab14d260236b831b31f8fa81ccf2fe79313424384d8b7c4007f8903cd8,undefined FUN_1814f2888(),ghidra,clean,
WHGame.dll,release_1_5_1164953_841,0x14f294c,155,FUN_1814f294c,,,5b52f1942fd52ece96bb2551be611f447e9cb8417152b3ebc7c043f217b14cf4,undefined FUN_1814f294c(),ghidra,clean,
WHGame.dll,release_1_5_1164953_841,0x14f29e8,291,FUN_1814f29e8,,,08ed26dee085fa7dc1ebd50e83d507a8f02206899baf2889abea44b5e36f01c6,undefined FUN_1814f29e8(),ghidra,clean,
WHGame.dll,release_1_5_1164953_841,0x14f2b0c,255,FUN_1814f2b0c,,,6e8999287b1d920ce9ec2eb21acd6ac6c3b2dd6ff5e7eafcfb8a6d41215e1bb4,undefined FUN_1814f2b0c(),ghidra,clean,
WHGame.dll,release_1_5_1164953_841,0x14f2c0c,98,FUN_1814f2c0c,,,61abee8869e8a8853f4dac66824609d1432a7ed64a0dcd77e2bb7dd543090fdd,undefined FUN_1814f2c0c(),ghidra,clean,
WHGame.dll,release_1_5_1164953_841,0x14f2c70,163,FUN_1814f2c70,,,ef22cabf109dd74709de2ab92aae7f1c4feb935a84be161f933d13dd2a159357,undefined FUN_1814f2c70(),ghidra,clean,
WHGame.dll,release_1_5_1164953_841,0x14f2d14,173,FUN_1814f2d14,,,42086c9a2875eec0e4370b54da7d88a6e5738492d43eccd08926d0f98453f1b6,undefined FUN_1814f2d14(),ghidra,clean,
WHGame.dll,release_1_5_1164953_841,0x14f2dc4,314,FUN_1814f2dc4,,,643baaf20a5a53523f52880b1ff9d630063095728bf1f06672e8b58f42386035,undefined FUN_1814f2dc4(),ghidra,clean,
WHGame.dll,release_1_5_1164953_841,0x14f2f00,83,FUN_1814f2f00,,,de565bcafea66213c489181d70584e4f1d884c6f1cf88a7fb4c014a24c328280,undefined FUN_1814f2f00(),ghidra,clean,
WHGame.dll,release_1_5_1164953_841,0x14f2f20,271,FUN_1814f2f20,,,5b9b3ad217c2042a91aaa699d86f9bf33352ba8c56d9ce04453a554144e95b04,undefined FUN_1814f2f20(),ghidra,clean,
WHGame.dll,release_1_5_1164953_841,0x14f3030,268,FUN_1814f3030,,,dc07cf2fa4043e28d14c5e5e47c90ab37d93b5a17e78f089bdc87d13672e50cf,undefined FUN_1814f3030(),ghidra,clean,
WHGame.dll,release_1_5_1164953_841,0x14f313c,190,FUN_1814f313c,,,1f57e2db14eb180bb46c28c78781dd872a21909b438702ca4b57691167b1876d,undefined FUN_1814f313c(),ghidra,clean,
WHGame.dll,release_1_5_1164953_841,0x14f31fc,190,FUN_1814f31fc,,,3a3003a8feac3ccbfab010524be2a03a1163d039eb1e5982ea23f7468b642f88,undefined FUN_1814f31fc(),ghidra,clean,
WHGame.dll,release_1_5_1164953_841,0x14f32bc,171,FUN_1814f32bc,,,e5e324dc9bd777eb3db976085f04a10ba66952b76843cc6d9c36d4514ce1501e,undefined FUN_1814f32bc(),ghidra,clean,
WHGame.dll,release_1_5_1164953_841,0x14f3368,81,FUN_1814f3368,,,baaa6057d6c0f66b8c4051a5f114d922707d01e24e09a78cf4ed2f97e46c54cb,undefined FUN_1814f3368(),ghidra,clean,
WHGame.dll,release_1_5_1164953_841,0x14f33bc,34,FUN_1814f33bc,,,fd5a337aa5b46d7271e43242663f5c2d85f4b8fbdcdb839df7b2c3f58062724f,undefined FUN_1814f33bc(),ghidra,clean,
WHGame.dll,release_1_5_1164953_841,0x14f33e0,190,FUN_1814f33e0,,,595ec948e9895ca19233a6a418ce37034ffc0045d5ea34909eac8efe623510d3,undefined FUN_1814f33e0(),ghidra,clean,
WHGame.dll,release_1_5_1164953_841,0x14f34a0,180,FUN_1814f34a0,,,5d0dff20fd6c6689097b1c5597ac800d3266a1bc921c448271e72cffdc8a55e6,undefined FUN_1814f34a0(),ghidra,clean,
WHGame.dll,release_1_5_1164953_841,0x14f3554,142,FUN_1814f3554,,,538242fd7ea43a6595aef138cfa7beb188b6abe8547e08ea0f2a85dd656a24a6,undefined FUN_1814f3554(),ghidra,clean,
WHGame.dll,release_1_5_1164953_841,0x14f35e4,204,FUN_1814f35e4,,,661d8f694f366c030709f485afd8034083f0738723911306be868e328d1ff78c,undefined FUN_1814f35e4(),ghidra,clean,
WHGame.dll,release_1_5_1164953_841,0x14f3690,204,FUN_1814f3690,,,d43706ec8f5372a4e85603f7b327ce3174314affbfdc24d4650e0bb613b46d9a,undefined FUN_1814f3690(),ghidra,clean,
WHGame.dll,release_1_5_1164953_841,0x14f373c,204,FUN_1814f373c,,,96fb4e3112cbcb83ed897659e60ddaaa3150065d053de3a2ca2e5e15de41654e,undefined FUN_1814f373c(),ghidra,clean,
WHGame.dll,release_1_5_1164953_841,0x14f37e8,204,FUN_1814f37e8,,,80eecfad7f77723705f76bd637e6a22affb834071b7a41de0e5d5d4d9a6055a4,undefined FUN_1814f37e8(),ghidra,clean,
WHGame.dll,release_1_5_1164953_841,0x14f3894,200,FUN_1814f3894,,,2b87e75c7219ee0d4a4186b8be77bb6adee7dab95981a4647ea29b115566bd52,undefined FUN_1814f3894(),ghidra,clean,
WHGame.dll,release_1_5_1164953_841,0x14f393c,26,FUN_1814f393c,,,a81ec84aef5b88e6417f6a7b0dab70d3eb30af35d2a71b47669979a825b0084d,undefined FUN_1814f393c(),ghidra,clean,
WHGame.dll,release_1_5_1164953_841,0x14f3958,151,FUN_1814f3958,,,0ce9894d32c431b3ac3ade9cc21e1d4afd2956f454ee3a3f4328815645c3f937,undefined FUN_1814f3958(),ghidra,clean,
WHGame.dll,release_1_5_1164953_841,0x14f39f0,151,FUN_1814f39f0,,,4a98099c52fe01fa77f950c88c970e0752662a5bb7f233a4a71c08545be0ddb9,undefined FUN_1814f39f0(),ghidra,clean,
WHGame.dll,release_1_5_1164953_841,0x14f3a88,151,FUN_1814f3a88,,,55ef0bfe42d4d7dea220f06e7031fe0dda09a6ead9a09143a758c61806c82d95,undefined FUN_1814f3a88(),ghidra,clean,
WHGame.dll,release_1_5_1164953_841,0x14f3b20,151,FUN_1814f3b20,,,dcda1f086f12fd23b44b6c5e103b8996129473eaf343c8339d1126509e1f563e,undefined FUN_1814f3b20(),ghidra,clean,
WHGame.dll,release_1_5_1164953_841,0x14f3bb8,151,FUN_1814f3bb8,,,25d9099d8db2ae24bdd6465cd9e6ef6730919aee8bcb674e76762804ce7a6a82,undefined FUN_1814f3bb8(),ghidra,clean,
WHGame.dll,release_1_5_1164953_841,0x14f3c50,1131,FUN_1814f3c50,,,86ccf77188b12519754c9ffa5a950f759ca8933fd056d7db22199452d34667e2,undefined FUN_1814f3c50(),ghidra,clean,
WHGame.dll,release_1_5_1164953_841,0x14f40bc,155,FUN_1814f40bc,,,1023086195811ef43683208b356a342927f0c430b99b31f5f37f393f0d99b017,undefined FUN_1814f40bc(),ghidra,clean,
WHGame.dll,release_1_5_1164953_841,0x14f4158,304,FUN_1814f4158,,,e94fdc7b0cbd308aba6bc3f557d8c753881a57379a610fe6774fbcae57316ee3,undefined FUN_1814f4158(),ghidra,clean,
WHGame.dll,release_1_5_1164953_841,0x14f4288,155,FUN_1814f4288,,,fda903edecb11dddf8e9266a5bf9b708f0b02d902b96e0b9d05c307e3df401c8,undefined FUN_1814f4288(),ghidra,clean,
WHGame.dll,release_1_5_1164953_841,0x14f4324,298,FUN_1814f4324,,,1011069e2b28243806af8873cafb58cb3a5b1c95ba9825d58c7b9e3b6ed5bc63,undefined FUN_1814f4324(),ghidra,clean,
WHGame.dll,release_1_5_1164953_841,0x14f4450,151,FUN_1814f4450,,,63fa68c7af3aa7877f7fb0fa3d5389f18d817ea20c3eedd6fb7f961b1c45d3af,undefined FUN_1814f4450(),ghidra,clean,
WHGame.dll,release_1_5_1164953_841,0x14f44e8,151,FUN_1814f44e8,,,1290e12b5e13090afd9329c2f35651464e5ca347b7df4323625e4dfc8012e406,undefined FUN_1814f44e8(),ghidra,clean,
WHGame.dll,release_1_5_1164953_841,0x14f4580,151,FUN_1814f4580,,,1cf00c7f8c39b3540950bd96fbd92634a490b4ed421f710ebbd9c4f49778c3b9,undefined FUN_1814f4580(),ghidra,clean,
WHGame.dll,release_1_5_1164953_841,0x14f4618,151,FUN_1814f4618,,,36692e54165dbad0be99840ca31ee98937448be76b52b8ae110a3af8ca177020,undefined FUN_1814f4618(),ghidra,clean,
WHGame.dll,release_1_5_1164953_841,0x14f46b0,151,FUN_1814f46b0,,,04eece741cf6b2f8723a06ab1a8e768d5d52e329611d3c379e747381c5311f37,undefined FUN_1814f46b0(),ghidra,clean,
WHGame.dll,release_1_5_1164953_841,0x14f4750,43,FUN_1814f4750,,,c10fddab534b05a59a9db9d0316c948b2b0431b600298c09489f910167f0a279,undefined FUN_1814f4750(),ghidra,clean,
WHGame.dll,release_1_5_1164953_841,0x14f477c,63,FUN_1814f477c,,,609ed99f201ac69a8cd95856e237cf9428109e055f5420d485586a924f3e04af,undefined FUN_1814f477c(),ghidra,clean,
WHGame.dll,release_1_5_1164953_841,0x14f47c0,86,FUN_1814f47c0,,,491d563b8ff4a0d928ad32037548eb6cc43b0d34e2cf3e60d01c4032e09928a2,undefined FUN_1814f47c0(),ghidra,clean,
WHGame.dll,release_1_5_1164953_841,0x14f4818,194,FUN_1814f4818,,,14d92ab0010b80fba71eca364d3fe8dfec287347fba74a11f32f4289ac03cd69,undefined FUN_1814f4818(),ghidra,clean,
WHGame.dll,release_1_5_1164953_841,0x14f48dc,155,FUN_1814f48dc,,,7beaffebd8e45e16f2fc192b3e9ef8e5ee04d0be0e7cb31f961832d5ec467088,undefined FUN_1814f48dc(),ghidra,clean,
WHGame.dll,release_1_5_1164953_841,0x14f4978,291,FUN_1814f4978,,,279d2650526ab366abae6cbb770697a417a659ddeaa5d441aa16528a26e0e96d,undefined FUN_1814f4978(),ghidra,clean,
WHGame.dll,release_1_5_1164953_841,0x14f4a9c,190,FUN_1814f4a9c,,,aa5042ac10402f94958c432e1d785a77649083e5570dc9519692dba5b63e8c15,undefined FUN_1814f4a9c(),ghidra,clean,
WHGame.dll,release_1_5_1164953_841,0x14f4b5c,155,FUN_1814f4b5c,,,b3474e08c020f4cce77a59d19a7d0f4a805863c5f9b0490bd100c50a48c07980,undefined FUN_1814f4b5c(),ghidra,clean,
WHGame.dll,release_1_5_1164953_841,0x14f4bf8,291,FUN_1814f4bf8,,,c9ef5259bf163027e1a0a06c2ba0204f1c381755300d7ab2cd4ceacd56950a54,undefined FUN_1814f4bf8(),ghidra,clean,
WHGame.dll,release_1_5_1164953_841,0x14f4d1c,98,FUN_1814f4d1c,,,11914a853b327a569dd2cb981aeb459692d8795c8dc431b7aad04829451bfccf,undefined FUN_1814f4d1c(),ghidra,clean,
WHGame.dll,release_1_5_1164953_841,0x14f4d80,20,FUN_1814f4d80,,,b2a03c51c0a71e006e7a4f399ea1567373664fd0155beaebc6ff0a61b567c9e8,undefined FUN_1814f4d80(),ghidra,clean,
WHGame.dll,release_1_5_1164953_841,0x14f4d94,86,FUN_1814f4d94,,,6f8720213e895007446af9b035ae2cda175d0475b4adcf9dfbf1895b2a4fbfcc,undefined FUN_1814f4d94(),ghidra,clean,
WHGame.dll,release_1_5_1164953_841,0x14f4dec,86,FUN_1814f4dec,,,9dde5ea15de57fceb8460791edbab4ffd47c2a30a849f97d92b14d8f8b4f7a57,undefined FUN_1814f4dec(),ghidra,clean,
WHGame.dll,release_1_5_1164953_841,0x14f4e44,83,FUN_1814f4e44,,,05c3a08ae7bf37c2100d57c1189dd8973043c2256fb260d8474fd6de05a5bec6,undefined FUN_1814f4e44(),ghidra,clean,
WHGame.dll,release_1_5_1164953_841,0x14f4e98,91,FUN_1814f4e98,,,b69ff9b157fe50a579893cc76ee96480c523998ca41b450657f37fee883d031f,undefined FUN_1814f4e98(),ghidra,clean,
WHGame.dll,release_1_5_1164953_841,0x14f4ef4,85,FUN_1814f4ef4,,,1b188b767b94ec5c7e8a8b53624d2d422c0436ae5f47c5cfe2935958c57ba0cf,undefined FUN_1814f4ef4(),ghidra,clean,
WHGame.dll,release_1_5_1164953_841,0x14f4f3c,231,FUN_1814f4f3c,,,0b6aee907140a0bce62b0cf68e6fbc02fccaac1b6a7552d059bae2f2b23840a1,undefined FUN_1814f4f3c(),ghidra,clean,
WHGame.dll,release_1_5_1164953_841,0x14f5024,117,FUN_1814f5024,,,8bfadf83597e1de9547cb70e5698873c6f65a682845c9d85539e5a95a9de5745,undefined FUN_1814f5024(),ghidra,clean,
WHGame.dll,release_1_5_1164953_841,0x14f509c,155,FUN_1814f509c,,,065945e673b7875a8d2edd1741dc725d60fbb6606e55bf2848e0665de596c868,undefined FUN_1814f509c(),ghidra,clean,
WHGame.dll,release_1_5_1164953_841,0x14f5138,291,FUN_1814f5138,,,566754c87a91400494862af7c740df5917735e596dcd887df4f96785b43e4dde,undefined FUN_1814f5138(),ghidra,clean,
WHGame.dll,release_1_5_1164953_841,0x14f525c,100,FUN_1814f525c,,,128ee065cc9db010b59e6fca4c09353f5b161fef30ade13c81de41c01106a0ea,undefined FUN_1814f525c(),ghidra,clean,
WHGame.dll,release_1_5_1164953_841,0x14f52c0,5,thunk_FUN_1814f52c8,,,b0d40b133b9394d93820ac0104b0065121d2d73df32c7bfb4e4cf5d805a8b103,undefined thunk_FUN_1814f52c8(),ghidra,clean,
WHGame.dll,release_1_5_1164953_841,0x14f52c8,198,FUN_1814f52c8,,,e4b965ea8064b23ad24257742ff7ceed17f139696a881ceb49ad0d54c124d196,undefined FUN_1814f52c8(),ghidra,clean,
WHGame.dll,release_1_5_1164953_841,0x14f5384,5,thunk_FUN_1814f538c,,,b0d40b133b9394d93820ac0104b0065121d2d73df32c7bfb4e4cf5d805a8b103,undefined thunk_FUN_1814f538c(),ghidra,clean,
WHGame.dll,release_1_5_1164953_841,0x14f538c,103,FUN_1814f538c,,,c8cb538d1486e68cdecdba071a7122cb967d477db4e0b4fefc30b0fbf89c31f3,undefined FUN_1814f538c(),ghidra,clean,
WHGame.dll,release_1_5_1164953_841,0x14f53f4,95,FUN_1814f53f4,,,49e924ad1fe41d7f5db544a97fc78e6fffe2a33be5b4900e8eb965912ac92088,undefined FUN_1814f53f4(),ghidra,clean,
WHGame.dll,release_1_5_1164953_841,0x14f5454,193,FUN_1814f5454,,,c4499fc901eb8ecf088337a114a9c3164eac3417ab8ee2b59a3d9dc0b14a787d,undefined FUN_1814f5454(),ghidra,clean,
WHGame.dll,release_1_5_1164953_841,0x14f54fc,53,FUN_1814f54fc,,,f2b70a173390f718634ef3bc17ed778a8874bbb3c52e3c693fa455e23ae7aed0,undefined FUN_1814f54fc(),ghidra,clean,
WHGame.dll,release_1_5_1164953_841,0x14f5534,417,FUN_1814f5534,,,a2877c0ef2c6c748e95f311b0119e89522090ca1891c0224c0f7207254133dc7,undefined FUN_1814f5534(),ghidra,clean,
WHGame.dll,release_1_5_1164953_841,0x14f5654,40,FUN_1814f5654,,,25c5a64cc8bc9a4f6e9ce33f7492ba169241c1156b8823eec31568c29afbed71,undefined FUN_1814f5654(),ghidra,clean,
WHGame.dll,release_1_5_1164953_841,0x14f567c,42,FUN_1814f567c,,,95cea52c839b012718643366d10180e095ccf10aaad86ef0cab98e084d67eecc,undefined FUN_1814f567c(),ghidra,clean,
WHGame.dll,release_1_5_1164953_841,0x14f56a8,142,FUN_1814f56a8,,,157e518e25913f04568546aa9a809448a98229849cedc774fd58f86272e322bb,undefined FUN_1814f56a8(),ghidra,clean,
WHGame.dll,release_1_5_1164953_841,0x14f5738,177,FUN_1814f5738,,,d8bb28ae7c53f91c8c311239eb81d814c84fc90ddbcb179a676eba0be83c612e,undefined FUN_1814f5738(),ghidra,clean,
WHGame.dll,release_1_5_1164953_841,0x14f57ec,86,FUN_1814f57ec,,,eb58a5bc516632f80dd969c93387bd61607f189f515a30b08a2d25b1b4ac149a,undefined FUN_1814f57ec(),ghidra,clean,
WHGame.dll,release_1_5_1164953_841,0x14f5844,83,FUN_1814f5844,,,d81fde542e71b28a66169310e769c717277fc5f07e3f736f0c0d5f985b5bfe95,undefined FUN_1814f5844(),ghidra,clean,
WHGame.dll,release_1_5_1164953_841,0x14f5898,85,FUN_1814f5898,,,af42370f2b3f0eb6335aa75f44d92d04545c988185f4276e3b5ef33f7dbe2dfd,undefined FUN_1814f5898(),ghidra,clean,
WHGame.dll,release_1_5_1164953_841,0x14f58cc,721,FUN_1814f58cc,,,2228168b999ac8aac94ae13c77896d73a711219050875cf689473b495d9ff471,undefined FUN_1814f58cc(),ghidra,clean,
WHGame.dll,release_1_5_1164953_841,0x14f5ba0,655,FUN_1814f5ba0,,,5cfe18199f6b0b83e365cda1ef6e98c713d7592caa2399e9c29d752669008313,undefined FUN_1814f5ba0(),ghidra,clean,
WHGame.dll,release_1_5_1164953_841,0x14f5cd0,265,FUN_1814f5cd0,,,7e6fcfe0cdff30c50d549aca1da21ab77e477f648e95e8cbe0fc6192b2346f52,undefined FUN_1814f5cd0(),ghidra,clean,
WHGame.dll,release_1_5_1164953_841,0x14f5da0,155,FUN_1814f5da0,,,15846fd5cba4b315f6fcb870fa9f35bedfe6efd20caf51abd4beecb61cc24e7b,undefined FUN_1814f5da0(),ghidra,clean,
WHGame.dll,release_1_5_1164953_841,0x14f5e3c,291,FUN_1814f5e3c,,,6e2fa8e7d555f740861e861f343b06a3184fabb4a9093e2c630dfa8de706178a,undefined FUN_1814f5e3c(),ghidra,clean,
WHGame.dll,release_1_5_1164953_841,0x14f5f60,9,FUN_1814f5f60,,,54d654a34e326b01ef330a2796929d5bc4c5c50cb38f20e6370e2bfd98ed9535,undefined FUN_1814f5f60(),ghidra,clean,
WHGame.dll,release_1_5_1164953_841,0x14f5f6c,83,FUN_1814f5f6c,,,e260f18c83a01c2f8614cd61bbee5382fa0d5504c977a80617c521e641bf5d49,undefined FUN_1814f5f6c(),ghidra,clean,
WHGame.dll,release_1_5_1164953_841,0x14f5fc0,96,FUN_1814f5fc0,,,f195705f19846623d06db9cb0f10f656f11274644f9eecda30ac49ce48a23e3a,undefined FUN_1814f5fc0(),ghidra,clean,
WHGame.dll,release_1_5_1164953_841,0x14f6020,83,FUN_1814f6020,,,b68fd515a4de77eb8e9207f17624ee4b0f55c8dc066392bf6a25535f7093de2f,undefined FUN_1814f6020(),ghidra,clean,
WHGame.dll,release_1_5_1164953_841,0x14f6074,85,FUN_1814f6074,,,342eef2701a5981e661e42a1577e56b0919485f1826fc2a923a05d6e5a3bc2f4,undefined FUN_1814f6074(),ghidra,clean,
WHGame.dll,release_1_5_1164953_841,0x14f60a8,51,FUN_1814f60a8,,,c58d30379d3f56b336dbafe1358c1d567f9cbd25fedf581793400b52dd201afa,undefined FUN_1814f60a8(),ghidra,clean,
WHGame.dll,release_1_5_1164953_841,0x14f60dc,183,FUN_1814f60dc,,,3ecb822cacdb02ac4d142cab5302f1c1c00c73b0a6c654af18c0ec9b727b9385,undefined FUN_1814f60dc(),ghidra,clean,
WHGame.dll,release_1_5_1164953_841,0x14f6194,73,FUN_1814f6194,,,2ba96b6dba6a4bf7d969abf1962aef627c85c1de669d60a9fbb97ac4c766be2b,undefined FUN_1814f6194(),ghidra,clean,
WHGame.dll,release_1_5_1164953_841,0x14f61e0,107,FUN_1814f61e0,,,9a2e7a4b3ddc3b6769171eb431235837ae5f9bcb28b58d95cc99a0838d04977c,undefined FUN_1814f61e0(),ghidra,clean,
WHGame.dll,release_1_5_1164953_841,0x14f624c,234,FUN_1814f624c,,,3b226c020832f10d0bd92a48d4f6d5ee5ffacb47b3c8a9d085e640a2619ac9b1,undefined FUN_1814f624c(),ghidra,clean,
WHGame.dll,release_1_5_1164953_841,0x14f6338,234,FUN_1814f6338,,,b2c83dc23d657f7071d44dacd5226e61e0a9e66e417b59a91937925db74f1cfd,undefined FUN_1814f6338(),ghidra,clean,
WHGame.dll,release_1_5_1164953_841,0x14f6424,234,FUN_1814f6424,,,95f4d6416683119da0464f5d40f91b4fe5dac3417127c6dd2c1d6367578cba50,undefined FUN_1814f6424(),ghidra,clean,
WHGame.dll,release_1_5_1164953_841,0x14f6510,296,FUN_1814f6510,,,84ad68b3bffc6a624bf56296157372960a86ef8c8e07e5c76cd1024e55431ec9,undefined FUN_1814f6510(),ghidra,clean,
WHGame.dll,release_1_5_1164953_841,0x14f6638,378,FUN_1814f6638,,,6dc96f4715241ba5be0ccb4e1238abc61de99bbd39fbe20c47a4e748124ebc75,undefined FUN_1814f6638(),ghidra,clean,
WHGame.dll,release_1_5_1164953_841,0x14f67a4,264,FUN_1814f67a4,,,2367f9d126341625c7d17c36b07c0a3cfd925e2fcb2172dcd278c538bbd37e31,undefined FUN_1814f67a4(),ghidra,clean,
WHGame.dll,release_1_5_1164953_841,0x14f68a4,244,FUN_1814f68a4,,,7e36e977851d1513f1f1c43284531dadd84ff8dd7e3e88d7c345f8dcc2d35d47,undefined FUN_1814f68a4(),ghidra,clean,
WHGame.dll,release_1_5_1164953_841,0x14f6998,234,FUN_1814f6998,,,9a65f9e14e0ae60247266213a0afe0827902d496eaf534db2224c5dec00b3ac2,undefined FUN_1814f6998(),ghidra,clean,
WHGame.dll,release_1_5_1164953_841,0x14f6a84,2599,FUN_1814f6a84,,,62008f0779b1c02934c7ecb314a803798d91678699461e60f73db7b10f556671,undefined FUN_1814f6a84(),ghidra,clean,
WHGame.dll,release_1_5_1164953_841,0x14f74ac,359,FUN_1814f74ac,,,519e3cd59b291e0143b9321585f1b1d9b0c14f2f779b267320290c97d149c8ab,undefined FUN_1814f74ac(),ghidra,clean,
WHGame.dll,release_1_5_1164953_841,0x14f7604,254,FUN_1814f7604,,,f844bdb65631d6380008daed028ca8d835fd2d1619d941608dea4561d28bfe0f,undefined FUN_1814f7604(),ghidra,clean,
WHGame.dll,release_1_5_1164953_841,0x14f7704,244,FUN_1814f7704,,,41317c51b6c0cf36e20dff560280ec695ad20bc8bf1cbdc2920ea4da36dbfbc7,undefined FUN_1814f7704(),ghidra,clean,
WHGame.dll,release_1_5_1164953_841,0x14f77f8,273,FUN_1814f77f8,,,50d63d2587f34bc3f49829f64bb7e5c81668da547e5f72a74bf620aae2af405f,undefined FUN_1814f77f8(),ghidra,clean,
WHGame.dll,release_1_5_1164953_841,0x14f78fc,196,FUN_1814f78fc,,,1715971378e747aece5b4b097f4532ec53cf6dd9815bcac4e9d050deb76edb76,undefined FUN_1814f78fc(),ghidra,clean,
WHGame.dll,release_1_5_1164953_841,0x14f79b8,175,FUN_1814f79b8,,,8e14df4f0d2ebe3415e337ba14cb4a720ccee943c46cc4251f5dc42199f5561a,undefined FUN_1814f79b8(),ghidra,clean,
WHGame.dll,release_1_5_1164953_841,0x14f7a68,317,FUN_1814f7a68,,,a24f74e1479730cafe5fcb1b11095d4b0539e7ee1a86139d4eeeca02802b190f,undefined FUN_1814f7a68(),ghidra,clean,
WHGame.dll,release_1_5_1164953_841,0x14f7b94,264,FUN_1814f7b94,,,eb08e03f6bc48f4f33c2a185267d9a419b4e014cc6da6c9cbf54b9f47c91a323,undefined FUN_1814f7b94(),ghidra,clean,
WHGame.dll,release_1_5_1164953_841,0x14f7c94,243,FUN_1814f7c94,,,c8c17bd0cdcdf19ec4411cbd07d3788895789ee5fdefa7ae9767aabf6b462011,undefined FUN_1814f7c94(),ghidra,clean,
WHGame.dll,release_1_5_1164953_841,0x14f7d88,359,FUN_1814f7d88,,,b0fe02f378452ee8789e46294124c9d8b50b7540e035594d71b95025c524b814,undefined FUN_1814f7d88(),ghidra,clean,
WHGame.dll,release_1_5_1164953_841,0x14f7ee0,264,FUN_1814f7ee0,,,0f3419a6d40384c5673a55ce26eeb01836bf6cf7630371ce3b5ad3313292a49e,undefined FUN_1814f7ee0(),ghidra,clean,
WHGame.dll,release_1_5_1164953_841,0x14f7fe0,244,FUN_1814f7fe0,,,9049278d667c5c9fddab182402d0a95cbb39511116cd354f9b3d07c6c40475b0,undefined FUN_1814f7fe0(),ghidra,clean,
WHGame.dll,release_1_5_1164953_841,0x14f80d4,156,FUN_1814f80d4,,,f0eb8b969379571f8f6ec59fd2ef8fd6c41b637a9eec9438b921e3fed44c5dd3,undefined FUN_1814f80d4(),ghidra,clean,
WHGame.dll,release_1_5_1164953_841,0x14f8168,141,FUN_1814f8168,,,52547263e158c07666a895dab1179ebe24cc16d54d89fccc9b869acf5978c5d1,undefined FUN_1814f8168(),ghidra,clean,
WHGame.dll,release_1_5_1164953_841,0x14f81f8,114,FUN_1814f81f8,,,3b4ebd750902b3db73914da785d773de0dccf6bcf04bfbb9083561d9701767b0,undefined FUN_1814f81f8(),ghidra,clean,
WHGame.dll,release_1_5_1164953_841,0x14f826c,156,FUN_1814f826c,,,6e38ced1908b7e0a4e4c8e6705eff4a9e4ad17e358421cd80c23bca56e91c125,undefined FUN_1814f826c(),ghidra,clean,
WHGame.dll,release_1_5_1164953_841,0x14f8308,55,FUN_1814f8308,,,5560671fd23d213838dd0384d6ed5e3a8fa464e22dddcb972ddccf5ac236b6ae,undefined FUN_1814f8308(),ghidra,clean,
WHGame.dll,release_1_5_1164953_841,0x14f8330,139,FUN_1814f8330,,,e7d4f6d0a84c0d918dca8327c171f76c28fd5e7d7203fdbd3cfad096d041f137,undefined FUN_1814f8330(),ghidra,clean,
WHGame.dll,release_1_5_1164953_841,0x14f83bc,86,FUN_1814f83bc,,,d5bb33d9e515f535099e1a113d313745ccca802f4f69b4cf3ba06b30cba7308e,undefined FUN_1814f83bc(),ghidra,clean,
WHGame.dll,release_1_5_1164953_841,0x14f8414,145,FUN_1814f8414,,,2e19712b99df1cb63d65ea0ec3103882ee751cf095ab3cc00a6a85bca8aed817,undefined FUN_1814f8414(),ghidra,clean,
WHGame.dll,release_1_5_1164953_841,0x14f84a8,55,FUN_1814f84a8,,,a206971a4b108a14170b9de0af3d791cee9c5910c34a07ea218ddc05cbe17057,undefined FUN_1814f84a8(),ghidra,clean,
WHGame.dll,release_1_5_1164953_841,0x14f84d0,139,FUN_1814f84d0,,,c5ec8a434777267a8e6a2dd86de8392983d2638eec1df6302c2679aec504c210,undefined FUN_1814f84d0(),ghidra,clean,
WHGame.dll,release_1_5_1164953_841,0x14f855c,145,FUN_1814f855c,,,155c27d40a555355136b1fa26a5ebb8b77d3ac8cd23b5baa49c7f6c1dc76d2ae,undefined FUN_1814f855c(),ghidra,clean,
WHGame.dll,release_1_5_1164953_841,0x14f85f0,158,FUN_1814f85f0,,,cad51afeeba7b06313d3638c0bd15b3cbb16bec48320f497a1271d61eb50653c,undefined FUN_1814f85f0(),ghidra,clean,
WHGame.dll,release_1_5_1164953_841,0x14f8690,55,FUN_1814f8690,,,9fd58ca394e64ae74a2fc58160bec8ede6064975873cdae5583ede58c62ad71d,undefined FUN_1814f8690(),ghidra,clean,
WHGame.dll,release_1_5_1164953_841,0x14f86b8,139,FUN_1814f86b8,,,bda8fb9755b36ff95530d76432ca0c3965e2b80f46eb9f76815c67c63048af6b,undefined FUN_1814f86b8(),ghidra,clean,
WHGame.dll,release_1_5_1164953_841,0x14f8744,93,FUN_1814f8744,,,fdb7d34b84205d6ed5b5bd17f91fa40741f9950ef0bea4868a7a9354e21a64e4,undefined FUN_1814f8744(),ghidra,clean,
WHGame.dll,release_1_5_1164953_841,0x14f87a4,134,FUN_1814f87a4,,,23067d4d26b14c48e8e6b6f5683b9b431fae9873de23acfe27bc212f2681a707,undefined FUN_1814f87a4(),ghidra,clean,
WHGame.dll,release_1_5_1164953_841,0x14f882c,145,FUN_1814f882c,,,cd8fb2079abb8c143c7f4b4beb003ef6a08f7a264c0a35b3b85e0ca9b7ac514a,undefined FUN_1814f882c(),ghidra,clean,
WHGame.dll,release_1_5_1164953_841,0x14f88c0,145,FUN_1814f88c0,,,1ac70d1b484147804ba33fa0543c2ce3d38d34e7587c41101b99e93fea325942,undefined FUN_1814f88c0(),ghidra,clean,
WHGame.dll,release_1_5_1164953_841,0x14f8954,155,FUN_1814f8954,,,b9abeec68415ca136f09055558f6d29c14aafb2767430dc6b7a3c6352f7a2ddc,undefined FUN_1814f8954(),ghidra,clean,
WHGame.dll,release_1_5_1164953_841,0x14f89f0,291,FUN_1814f89f0,,,d1a4de23eba6e3634acd72c6c8ecb6a0a9c2dc413e2f64d50eaf254614bc36be,undefined FUN_1814f89f0(),ghidra,clean,
WHGame.dll,release_1_5_1164953_841,0x14f8b14,155,FUN_1814f8b14,,,0dbbcb4451a6568a42719ddfcef83475ddecc02eae41ad8ec4681f1321842850,undefined FUN_1814f8b14(),ghidra,clean,
WHGame.dll,release_1_5_1164953_841,0x14f8bb0,291,FUN_1814f8bb0,,,d6c1c65463466f609f68e38725d44b26ca1ae3f4550e1c61ac0a8fb0330d83db,undefined FUN_1814f8bb0(),ghidra,clean,
WHGame.dll,release_1_5_1164953_841,0x14f8cd4,5,thunk_FUN_1814f8cdc,,,b0d40b133b9394d93820ac0104b0065121d2d73df32c7bfb4e4cf5d805a8b103,undefined thunk_FUN_1814f8cdc(),ghidra,clean,
WHGame.dll,release_1_5_1164953_841,0x14f8cdc,103,FUN_1814f8cdc,,,49520924988198c2b1a30ff42170b12cfe9452698a5af74ed08e76621861afa6,undefined FUN_1814f8cdc(),ghidra,clean,
WHGame.dll,release_1_5_1164953_841,0x14f8d44,95,FUN_1814f8d44,,,659dc82bc9a7840a365266eef51836b85b51b7baa3ea64a1eb701c0ef3795177,undefined FUN_1814f8d44(),ghidra,clean,
WHGame.dll,release_1_5_1164953_841,0x14f8da4,206,FUN_1814f8da4,,,547ded485d6a3d84c9e7f582f57ec956945c1c3b51da3c58fb76d02a37d40a8c,undefined FUN_1814f8da4(),ghidra,clean,
WHGame.dll,release_1_5_1164953_841,0x14f8e54,53,FUN_1814f8e54,,,4d70b1137f61d45747e453c6e682ccdeb999e07d50fba2c4e02fee3c3b2ddd02,undefined FUN_1814f8e54(),ghidra,clean,
WHGame.dll,release_1_5_1164953_841,0x14f8e8c,147,FUN_1814f8e8c,,,c901dc794fe22b2b5a8dfe7dceb1d8f6231464cb23d19ddb1091275d7bfdb7fb,undefined FUN_1814f8e8c(),ghidra,clean,
WHGame.dll,release_1_5_1164953_841,0x14f8f20,147,FUN_1814f8f20,,,b3c71d988e2edef43d5bc5984d1c1ca93f94ba510d7ba88747a180b58c244d64,undefined FUN_1814f8f20(),ghidra,clean,
WHGame.dll,release_1_5_1164953_841,0x14f8fb4,42,FUN_1814f8fb4,,,e4ed091a6e5315f8991ca58733fd86252312fb9501e101db8b4fb768c01cdae2,undefined FUN_1814f8fb4(),ghidra,clean,
WHGame.dll,release_1_5_1164953_841,0x14f8fe0,68,FUN_1814f8fe0,,,51f14ee2ce7b0e71e90483b21cfbefe1eefc83d9f9aca08d1fbd44de9bb2003e,undefined FUN_1814f8fe0(),ghidra,clean,
WHGame.dll,release_1_5_1164953_841,0x14f9024,431,FUN_1814f9024,,,3f8d2486bbaf490c0d232ef102a5377d2ef574d9721088beb5fee7421df4470c,undefined FUN_1814f9024(),ghidra,clean,
WHGame.dll,release_1_5_1164953_841,0x14f9180,40,FUN_1814f9180,,,c72b049100fdeb061061a07d59c2a568d1dc2eecc27f6427520ea477156f97ec,undefined FUN_1814f9180(),ghidra,clean,
WHGame.dll,release_1_5_1164953_841,0x14f91a8,42,FUN_1814f91a8,,,27c23bc3ecfe029af10e0c7417ba310333ad3c5518ad5a331cecddc21dd9a10b,undefined FUN_1814f91a8(),ghidra,clean,
WHGame.dll,release_1_5_1164953_841,0x14f91d4,328,FUN_1814f91d4,,,85d43302852a8041f2abeab79a9f2136cbe969cac1693eeea9a23f1a493e0419,undefined FUN_1814f91d4(),ghidra,clean,
WHGame.dll,release_1_5_1164953_841,0x14f9320,100,FUN_1814f9320,,,9f5d635e78721cab6371866cb477d27931fbdd39114f11c8edf46eae27e3e0d0,undefined FUN_1814f9320(),ghidra,clean,
WHGame.dll,release_1_5_1164953_841,0x14f9384,204,FUN_1814f9384,,,bbaf3848750d5530dc666982a32f80ed8e1df4e232315f45b223c61e48c1d448,undefined FUN_1814f9384(),ghidra,clean,
WHGame.dll,release_1_5_1164953_841,0x14f9430,204,FUN_1814f9430,,,f3144fec59c265e9747a2b3ddce8ef5fb8b8e35c4c23e065d61d16a28ca40ff5,undefined FUN_1814f9430(),ghidra,clean,
WHGame.dll,release_1_5_1164953_841,0x14f94dc,204,FUN_1814f94dc,,,1bc4014de048aa09e11d3e631f91f8b85a4b52f3a70629d606bb3cc9cfd3da31,undefined FUN_1814f94dc(),ghidra,clean,
WHGame.dll,release_1_5_1164953_841,0x14f9588,200,FUN_1814f9588,,,fd184c87ef4ebc9304d0d7a705d0ef775952b34ea7b7533f057015af7483217c,undefined FUN_1814f9588(),ghidra,clean,
WHGame.dll,release_1_5_1164953_841,0x14f9630,26,FUN_1814f9630,,,487caffa1ae04ae7d65cfe69ac760954815a552df58a9d6fca1dcca7800ad982,undefined FUN_1814f9630(),ghidra,clean,
WHGame.dll,release_1_5_1164953_841,0x14f964c,151,FUN_1814f964c,,,9cf23cd7d8bfcac964624ae802af3c277132d37d56f31f16750995c66cc3ef18,undefined FUN_1814f964c(),ghidra,clean,
WHGame.dll,release_1_5_1164953_841,0x14f96e4,151,FUN_1814f96e4,,,0a92900200a6a1abe07261d7339cb240cccc688acdd70b82c98edc2a4cd921ab,undefined FUN_1814f96e4(),ghidra,clean,
WHGame.dll,release_1_5_1164953_841,0x14f977c,151,FUN_1814f977c,,,5ea8e98acbf7605fd3b11f96e3044316c4803e0d54c93231f11de2e6341db306,undefined FUN_1814f977c(),ghidra,clean,
WHGame.dll,release_1_5_1164953_841,0x14f9814,151,FUN_1814f9814,,,2749425d667385c93f0bbb48b435d8fc4a69b84ad2485682b6a2f1dacc327241,undefined FUN_1814f9814(),ghidra,clean,
WHGame.dll,release_1_5_1164953_841,0x14f98ac,1131,FUN_1814f98ac,,,1ce350cacf65934f30d12f8c11cb911873aa0fbfa803d90205791fdf01cbab95,undefined FUN_1814f98ac(),ghidra,clean,
WHGame.dll,release_1_5_1164953_841,0x14f9d18,155,FUN_1814f9d18,,,f61ed86bee398bbc766b7508b34eb0bce990916ffda2d269d1d1263b7118854c,undefined FUN_1814f9d18(),ghidra,clean,
WHGame.dll,release_1_5_1164953_841,0x14f9db4,304,FUN_1814f9db4,,,d2f4ce9804ccf91683e4c7cf880e092dc3bbf5b2a970559021e1d0a6d8d20289,undefined FUN_1814f9db4(),ghidra,clean,
WHGame.dll,release_1_5_1164953_841,0x14f9ee4,155,FUN_1814f9ee4,,,9c710b8defcafbfbd1545139b788c9c2b102c97d03fe03c9f4eee5fb3d84e96e,undefined FUN_1814f9ee4(),ghidra,clean,
WHGame.dll,release_1_5_1164953_841,0x14f9f80,298,FUN_1814f9f80,,,160fb2a3358b13346e82c0fa44b307f002fb988e4f329a8812784681a4bf6838,undefined FUN_1814f9f80(),ghidra,clean,
WHGame.dll,release_1_5_1164953_841,0x14fa0ac,151,FUN_1814fa0ac,,,1bdc0c36488b25870293d9fa0fdf846f4ed1934b5f6056ea3d7e7b3a08044cd5,undefined FUN_1814fa0ac(),ghidra,clean,
WHGame.dll,release_1_5_1164953_841,0x14fa144,151,FUN_1814fa144,,,c559f6cbb6235f9bea6066632ca3cf75b1b4affd13b066845e99b346e065b26a,undefined FUN_1814fa144(),ghidra,clean,
WHGame.dll,release_1_5_1164953_841,0x14fa1dc,151,FUN_1814fa1dc,,,1a09d3bab4c2f1ba944bc90262ef442a5f1bafbc4223f75fe554597aecd3aaa2,undefined FUN_1814fa1dc(),ghidra,clean,
WHGame.dll,release_1_5_1164953_841,0x14fa274,151,FUN_1814fa274,,,ae552764e9f4d949e1e37f8e02964d6074b6a4ac63d0c34701940e9bfcf112bf,undefined FUN_1814fa274(),ghidra,clean,
WHGame.dll,release_1_5_1164953_841,0x14fa30c,86,FUN_1814fa30c,,,d0e3f5b7218258610af99debee49dc32e79da2f4914e868b7977a031e059b441,undefined FUN_1814fa30c(),ghidra,clean,
WHGame.dll,release_1_5_1164953_841,0x14fa364,83,FUN_1814fa364,,,39fa0bbe3445c49c546fa44a914691133ea533c9303428d780889d2bb721c59a,undefined FUN_1814fa364(),ghidra,clean,
WHGame.dll,release_1_5_1164953_841,0x14fa3b8,44,FUN_1814fa3b8,,,3c4a7a6f744fac10f951fbfdb608497ee34f10e13433b9b7043e64a0fe6384c7,undefined FUN_1814fa3b8(),ghidra,clean,
WHGame.dll,release_1_5_1164953_841,0x14fa3e4,45,FUN_1814fa3e4,,,fdb21879a9cf7387818681bfbf4182d10322ada7a725a4e3654995a2fceb1366,undefined FUN_1814fa3e4(),ghidra,clean,
WHGame.dll,release_1_5_1164953_841,0x14fa414,418,FUN_1814fa414,,,c2ce7c57c7beacb538b7c053eaefa82540669da0e7f52d274aaccfb1a3206e81,undefined FUN_1814fa414(),ghidra,clean,
WHGame.dll,release_1_5_1164953_841,0x14fa5b8,92,FUN_1814fa5b8,,,ef0cd6860ad690de3baf89b06ac6bae95b4481576d27d0b444eb82b281e27ed9,undefined FUN_1814fa5b8(),ghidra,clean,
WHGame.dll,release_1_5_1164953_841,0x14fa5f8,142,FUN_1814fa5f8,,,e3289bda3dd42ef7e6ca3a699480bc1407d0a199f1c4f8a3b8f3f3086a1ac94b,undefined FUN_1814fa5f8(),ghidra,clean,
WHGame.dll,release_1_5_1164953_841,0x14fa654,14,FUN_1814fa654,,,73f511a1eb10c752dfd197997b1c4709ab9a2fa66fd350f5770cc8fe25d6bd02,undefined FUN_1814fa654(),ghidra,clean,
WHGame.dll,release_1_5_1164953_841,0x14fa664,155,FUN_1814fa664,,,f5e89a8f6f2ef85a6b7976d1216235352dcb6219738393bd825559f7ae5505c4,undefined FUN_1814fa664(),ghidra,clean,
WHGame.dll,release_1_5_1164953_841,0x14fa700,291,FUN_1814fa700,,,6f47273250d0df2bd57360c10f04c8cd4a16fa383a525e4785f02bf0278b6426,undefined FUN_1814fa700(),ghidra,clean,
WHGame.dll,release_1_5_1164953_841,0x14fa824,26,FUN_1814fa824,,,b31c7502275c94ba00b054b61fcd2e756bb975133e1e7640467d6142d3700fca,undefined FUN_1814fa824(),ghidra,clean,
WHGame.dll,release_1_5_1164953_841,0x14fa840,281,FUN_1814fa840,,,4fb44396477012c583270190e6cee1b4934b41de3e910a2c6d51f5090e83a0c2,undefined FUN_1814fa840(),ghidra,clean,
WHGame.dll,release_1_5_1164953_841,0x14fa920,21,FUN_1814fa920,,,48e4e0ad7285e1d55ab46e7ee2b610da8fd8da92f92c55a9c9e2cba89bc01f72,undefined FUN_1814fa920(),ghidra,clean,
WHGame.dll,release_1_5_1164953_841,0x14fa938,180,FUN_1814fa938,,,640b8c68608716267fdfcfe96e7274b18d04049663c867f52f2d70dce5709ae1,undefined FUN_1814fa938(),ghidra,clean,
WHGame.dll,release_1_5_1164953_841,0x14fa9ec,222,FUN_1814fa9ec,,,b06866e1418f72c90faf80e4555d64152ad30e808ddaba9421ce0ca03ef531a8,undefined FUN_1814fa9ec(),ghidra,clean,
WHGame.dll,release_1_5_1164953_841,0x14faacc,81,FUN_1814faacc,,,431f03151f077b53514c4aaa9acc4444d260461fd3e798461b3030c597229c45,undefined FUN_1814faacc(),ghidra,clean,
WHGame.dll,release_1_5_1164953_841,0x14fab00,67,FUN_1814fab00,,,9c381d6a3e4301bc2c91eef3653f4cb08ac5f7344ba56509d3457a36fd1cd486,undefined FUN_1814fab00(),ghidra,clean,
WHGame.dll,release_1_5_1164953_841,0x14fab44,41,FUN_1814fab44,,,82798a14d631848060b07107b68e180c759b83f6867cdbaf16c422efccece677,undefined FUN_1814fab44(),ghidra,clean,
WHGame.dll,release_1_5_1164953_841,0x14fab70,177,FUN_1814fab70,,,d55eb0908b9015a31238f10b1fab7088b8202f53c042a1ef7c20cf2492c4375a,undefined FUN_1814fab70(),ghidra,clean,
WHGame.dll,release_1_5_1164953_841,0x14fabe0,151,FUN_1814fabe0,,,bc04251665cca98e1d1553b10749a17841de278d02e5f4d31f29de889c560c1e,undefined FUN_1814fabe0(),ghidra,clean,
WHGame.dll,release_1_5_1164953_841,0x14fac78,180,FUN_1814fac78,,,d2c0513a331fa206566e9bc175491cc1aeca5db643e1b9fff8886b27ccc8fb9f,undefined FUN_1814fac78(),ghidra,clean,
WHGame.dll,release_1_5_1164953_841,0x14fad2c,5,thunk_FUN_1814fad34,,,b0d40b133b9394d93820ac0104b0065121d2d73df32c7bfb4e4cf5d805a8b103,undefined thunk_FUN_1814fad34(),ghidra,clean,
WHGame.dll,release_1_5_1164953_841,0x14fad34,103,FUN_1814fad34,,,668d652a2d119cf7d23c26d0818af576e338c092dfb7ab1e383d265cc7b4de68,undefined FUN_1814fad34(),ghidra,clean,
WHGame.dll,release_1_5_1164953_841,0x14fad9c,222,FUN_1814fad9c,,,97a1da12e5f1925df4a0b71c3fe02d194e3ae5e0bfa82dec8e38a74406879105,undefined FUN_1814fad9c(),ghidra,clean,
WHGame.dll,release_1_5_1164953_841,0x14fae54,219,FUN_1814fae54,,,b8fbc090dabaf3355b0636a1b5f4b6ed81127397b7bf65d0eeecd8a3889c431c,undefined FUN_1814fae54(),ghidra,clean,
WHGame.dll,release_1_5_1164953_841,0x14faf14,130,FUN_1814faf14,,,4bb4dd69a3a6319c947e0fd048f6e0079ca6efe2dde41df0b8069ae9a946ece3,undefined FUN_1814faf14(),ghidra,clean,
WHGame.dll,release_1_5_1164953_841,0x14faf98,154,FUN_1814faf98,,,1196ef42ede5c5d5680442589794ae618ccb5e1ed2d5977561e495a1f34e2110,undefined FUN_1814faf98(),ghidra,clean,
WHGame.dll,release_1_5_1164953_841,0x14fb034,151,FUN_1814fb034,,,4f02626096f84ce22477833f9406b41d3c9ba4c75e49c57eb5de8f781550b669,undefined FUN_1814fb034(),ghidra,clean,
WHGame.dll,release_1_5_1164953_841,0x14fb0cc,42,FUN_1814fb0cc,,,1d26e0956c44a4960555592c0678d22a4bd2709dbb91fae454c09f14ab6f541c,undefined FUN_1814fb0cc(),ghidra,clean,
WHGame.dll,release_1_5_1164953_841,0x14fb0f8,68,FUN_1814fb0f8,,,f9be9d96e04e26024b82a9f5c740e807fcae8fb45e29c8a1368d1973e720d43c,undefined FUN_1814fb0f8(),ghidra,clean,
WHGame.dll,release_1_5_1164953_841,0x14fb13c,53,FUN_1814fb13c,,,4b37fbe6da88d58fe70aea51f7b9d165f91132fa9caf06ccbadf4259c8be573a,undefined FUN_1814fb13c(),ghidra,clean,
WHGame.dll,release_1_5_1164953_841,0x14fb174,53,FUN_1814fb174,,,39ed61f5db44ff5935f25019d3d0c63214f40a96013f201323ad91aa8cd5dc2b,undefined FUN_1814fb174(),ghidra,clean,
WHGame.dll,release_1_5_1164953_841,0x14fb1ac,417,FUN_1814fb1ac,,,ca0a78d10134ecf2b9e6eb4dc82f8f46685da9a8523205fbcc64c74c4b87fdae,undefined FUN_1814fb1ac(),ghidra,clean,
WHGame.dll,release_1_5_1164953_841,0x14fb2cc,40,FUN_1814fb2cc,,,77a77f2a323c5348ffbfabfc3d946f58c1bc6875a352f9686661b8e5f2a86a11,undefined FUN_1814fb2cc(),ghidra,clean,
WHGame.dll,release_1_5_1164953_841,0x14fb2f4,42,FUN_1814fb2f4,,,86477e3875741cfbbcd1c9ce0da798fc5ba432b31365507b70215b10e2ed8d37,undefined FUN_1814fb2f4(),ghidra,clean,
WHGame.dll,release_1_5_1164953_841,0x14fb320,431,FUN_1814fb320,,,8d03dc23215d53443fc824b65154959c59cd2e16a498e71722d3329fe4f560e3,undefined FUN_1814fb320(),ghidra,clean,
WHGame.dll,release_1_5_1164953_841,0x14fb47c,40,FUN_1814fb47c,,,1f671e2dce95b330f432ceee085e895031279c4bce1029ef3a4a46dc1c105050,undefined FUN_1814fb47c(),ghidra,clean,
WHGame.dll,release_1_5_1164953_841,0x14fb4a4,42,FUN_1814fb4a4,,,8f1ddd186c452cadee34dd54e87dbf3084926a71c939d55f0594bb842d45c83e,undefined FUN_1814fb4a4(),ghidra,clean,
WHGame.dll,release_1_5_1164953_841,0x14fb4d0,334,FUN_1814fb4d0,,,c046313f69552332be01e3292313bbf864e43996d82e2b5a5e3d36a4b4a72851,undefined FUN_1814fb4d0(),ghidra,clean,
WHGame.dll,release_1_5_1164953_841,0x14fb620,129,FUN_1814fb620,,,4f2b4791396a4278c667282b9a08bce759c363c6dd83a348362f90c4b68a7dca,undefined FUN_1814fb620(),ghidra,clean,
WHGame.dll,release_1_5_1164953_841,0x14fb6a4,211,FUN_1814fb6a4,,,3dbf8b511ad107842d704e32c85630438853eaef134be89234a442f2e9ddbcec,undefined FUN_1814fb6a4(),ghidra,clean,
WHGame.dll,release_1_5_1164953_841,0x14fb778,22,FUN_1814fb778,,,b3deb1dfe9e62bb2553165d3e82cd3aeb70d89bdf31229e2af3e3ac75f75d432,undefined FUN_1814fb778(),ghidra,clean,
WHGame.dll,release_1_5_1164953_841,0x14fb790,126,FUN_1814fb790,,,2b709d65a64ef96f319d46df21f0cba157b180d4f5af7c50ea1f945708db7ff3,undefined FUN_1814fb790(),ghidra,clean,
WHGame.dll,release_1_5_1164953_841,0x14fb810,229,FUN_1814fb810,,,80c04f03392aa844a8b1fc6ab9d5a0d4c447e9aee0c54137c0aa7cf164879dd0,undefined FUN_1814fb810(),ghidra,clean,
WHGame.dll,release_1_5_1164953_841,0x14fb8f8,5,thunk_FUN_1814fb900,,,b0d40b133b9394d93820ac0104b0065121d2d73df32c7bfb4e4cf5d805a8b103,undefined thunk_FUN_1814fb900(),ghidra,clean,
WHGame.dll,release_1_5_1164953_841,0x14fb900,176,FUN_1814fb900,,,c918e27fe9f453f0d7e3e3d7f62f4632e817f9050624e6b359bf20b3bec75951,undefined FUN_1814fb900(),ghidra,clean,
WHGame.dll,release_1_5_1164953_841,0x14fb9b0,78,FUN_1814fb9b0,,,334d42a313bda205493f1662407ede61cb6ad51efa28348fcbb33620891e20b5,undefined FUN_1814fb9b0(),ghidra,clean,
WHGame.dll,release_1_5_1164953_841,0x14fb9dc,64,FUN_1814fb9dc,,,b9caa91c5618a1dec236f5aa72f2afea869dee1ea23697158ae1ea051a8b0944,undefined FUN_1814fb9dc(),ghidra,clean,
WHGame.dll,release_1_5_1164953_841,0x14fba1c,48,FUN_1814fba1c,,,2ba5a474627a1009c1a77cfe03562cd72bae385348c000edd10bd2dbf2883a81,undefined FUN_1814fba1c(),ghidra,clean,
WHGame.dll,release_1_5_1164953_841,0x14fba38,53,FUN_1814fba38,,,b9b262cf8ae746498b942ba0cea81f2da41cb179bbad629bf3b7dbe6bbae5ff4,undefined FUN_1814fba38(),ghidra,clean,
WHGame.dll,release_1_5_1164953_841,0x14fba70,604,FUN_1814fba70,,,226130f25e81629d771898c62ed1bbbb19c7999f8ab900d873066567ed3b7fe2,undefined FUN_1814fba70(),ghidra,clean,
WHGame.dll,release_1_5_1164953_841,0x14fbccc,29,FUN_1814fbccc,,,fd6a26aac2c3cafb1f2e684c117d0362605a112dd9cca36014b7e3be6c67fb54,undefined FUN_1814fbccc(),ghidra,clean,
WHGame.dll,release_1_5_1164953_841,0x14fbcec,213,FUN_1814fbcec,,,d8c3d19ad12c2b45e0d1894391907c61cd62e20714876ac9cc99455d21fb9f6f,undefined FUN_1814fbcec(),ghidra,clean,
WHGame.dll,release_1_5_1164953_841,0x14fbdb4,214,FUN_1814fbdb4,,,856b1dad17b008585f6dc7b289f2723e6cf25a45f7ffebe1350244546013e1ac,undefined FUN_1814fbdb4(),ghidra,clean,
WHGame.dll,release_1_5_1164953_841,0x14fbe8c,55,FUN_1814fbe8c,,,77aa771e5f4c25c77cbb1bc2a8f6f4d2a5e6bfa6eed011903f665d7338ebb632,undefined FUN_1814fbe8c(),ghidra,clean,
WHGame.dll,release_1_5_1164953_841,0x14fbec4,316,FUN_1814fbec4,,,26c58d2dd6f9f10fecff967852758863870f31290fd278d10b33369182ad27a0,undefined FUN_1814fbec4(),ghidra,clean,
WHGame.dll,release_1_5_1164953_841,0x14fbfa0,30,FUN_1814fbfa0,,,ee3df496318374d5e2a9c30ecfb73d289b80796f36b48dfb5cf33042dadbe2aa,undefined FUN_1814fbfa0(),ghidra,clean,
WHGame.dll,release_1_5_1164953_841,0x14fbfc8,191,FUN_1814fbfc8,,,841180c92b57d7af7e5d85b78b52f5947647fff3552fd9b5e6ff887ec330356b,undefined FUN_1814fbfc8(),ghidra,clean,
WHGame.dll,release_1_5_1164953_841,0x14fc088,155,FUN_1814fc088,,,def921a4aa096a1e8e070711887d5c1dca042747538c4f84789f406abfbf81cc,undefined FUN_1814fc088(),ghidra,clean,
WHGame.dll,release_1_5_1164953_841,0x14fc124,291,FUN_1814fc124,,,69fc214d71f5a39af9333bb1dded5481940d64d38e803578d9f5a4be3a68e637,undefined FUN_1814fc124(),ghidra,clean,
WHGame.dll,release_1_5_1164953_841,0x14fc248,190,FUN_1814fc248,,,5826f1d7622e18d2ae52d5149ede202a7887a50f68221ec6d41ef47e554da5f9,undefined FUN_1814fc248(),ghidra,clean,
WHGame.dll,release_1_5_1164953_841,0x14fc308,190,FUN_1814fc308,,,1714d79812c96210de46b785adb52acc9993460f639e60e28a8858021fdf71e5,undefined FUN_1814fc308(),ghidra,clean,
WHGame.dll,release_1_5_1164953_841,0x14fc3c8,348,FUN_1814fc3c8,,,0d6626d6509b80bcaaa064f497ef155f48b9e859a5593bd68f9a6f91e42b1c15,undefined FUN_1814fc3c8(),ghidra,clean,
WHGame.dll,release_1_5_1164953_841,0x14fc524,132,FUN_1814fc524,,,11b4e79382e69ef6e2a2e8bc1746d34ea5b6a70026528d0430f7ce3302e71ea3,undefined FUN_1814fc524(),ghidra,clean,
WHGame.dll,release_1_5_1164953_841,0x14fc5a8,155,FUN_1814fc5a8,,,aed472ecdfbf5a740080e144910dc1687ca219d4f8629873c69c9b72d7aede66,undefined FUN_1814fc5a8(),ghidra,clean,
WHGame.dll,release_1_5_1164953_841,0x14fc644,291,FUN_1814fc644,,,58f9a398654698d57960550d64028d1a215465e860958007e8e0b55818b09179,undefined FUN_1814fc644(),ghidra,clean,
WHGame.dll,release_1_5_1164953_841,0x14fc768,155,FUN_1814fc768,,,af65770f30b8cd0ba42a6d053c492eba20286726f76d37a99d6d9280a99fbc12,undefined FUN_1814fc768(),ghidra,clean,
WHGame.dll,release_1_5_1164953_841,0x14fc804,291,FUN_1814fc804,,,4f2f3b4ea12e7cbff4af447fd677e4aa933dd0dd522c3057bb6ca7b6dba5b1ea,undefined FUN_1814fc804(),ghidra,clean,
WHGame.dll,release_1_5_1164953_841,0x14fc928,26,FUN_1814fc928,,,70509e233b81a4b980391cbde5d0f4e0f57007794a397523a1f478e8884bbf63,undefined FUN_1814fc928(),ghidra,clean,
WHGame.dll,release_1_5_1164953_841,0x14fc944,1137,FUN_1814fc944,,,76f3076ef4e8a2aa79aa1d486992ead258fa4962f0012e229cfbd1e216d86d22,undefined FUN_1814fc944(),ghidra,clean,
WHGame.dll,release_1_5_1164953_841,0x14fcdb8,155,FUN_1814fcdb8,,,1e79871ad86a7a143c715e42d2de63c350bbdf1f6682a123152f04998429756d,undefined FUN_1814fcdb8(),ghidra,clean,
WHGame.dll,release_1_5_1164953_841,0x14fce54,304,FUN_1814fce54,,,d80752018b1b1540886038c4158aa7d0a18db3cf56720b148d0add7d09f582b6,undefined FUN_1814fce54(),ghidra,clean,
WHGame.dll,release_1_5_1164953_841,0x14fcf84,155,FUN_1814fcf84,,,403af7e2fb4e37c72b737e1ecb1bac878900fe3b321999ef83ca3e35ee28307b,undefined FUN_1814fcf84(),ghidra,clean,
WHGame.dll,release_1_5_1164953_841,0x14fd020,298,FUN_1814fd020,,,c909f5b5e92f6e5a4e82fcd50e9eb53d293afdf3511c2cf28a745a2947568eae,undefined FUN_1814fd020(),ghidra,clean,
WHGame.dll,release_1_5_1164953_841,0x14fd14c,26,FUN_1814fd14c,,,819234953c91d716a341edb10dcca2267107efa13f78881bbca64f4a7a11eeca,undefined FUN_1814fd14c(),ghidra,clean,
WHGame.dll,release_1_5_1164953_841,0x14fd168,155,FUN_1814fd168,,,d7ed5acf303c4072b09c42b312218a08ff2a213f95047f9113850ce05f38e8d3,undefined FUN_1814fd168(),ghidra,clean,
WHGame.dll,release_1_5_1164953_841,0x14fd204,304,FUN_1814fd204,,,b07d0a67dbc18de2880652feb2cec6a83665ac5dae2edb9b64380a4275f0ce9f,undefined FUN_1814fd204(),ghidra,clean,
WHGame.dll,release_1_5_1164953_841,0x14fd334,155,FUN_1814fd334,,,a8cc0dde92334c3c33b12379559137e58f5cc5d757ef05c65adf3eb951cdffec,undefined FUN_1814fd334(),ghidra,clean,
WHGame.dll,release_1_5_1164953_841,0x14fd3d0,298,FUN_1814fd3d0,,,a46d199ca2e7ce928306334a1c1f4e9918198f690813e6fb144a1aa1b14bb85b,undefined FUN_1814fd3d0(),ghidra,clean,
WHGame.dll,release_1_5_1164953_841,0x14fd500,175,FUN_1814fd500,,,45fd8750cabe9ab1bb93946d95ad0f86cad14f0d1bdc729fa3f3a8f5c7dc71b4,undefined FUN_1814fd500(),ghidra,clean,
WHGame.dll,release_1_5_1164953_841,0x14fd5b0,155,FUN_1814fd5b0,,,685e55275e5d37700550db43edb28bf81c55933e3645b2927034d6c011ea7051,undefined FUN_1814fd5b0(),ghidra,clean,
WHGame.dll,release_1_5_1164953_841,0x14fd64c,291,FUN_1814fd64c,,,76d901539dcf24eda2d9f293acd394f200a3c3f23c6038b33a457de0dbd03579,undefined FUN_1814fd64c(),ghidra,clean,
WHGame.dll,release_1_5_1164953_841,0x14fd770,76,FUN_1814fd770,,,ac84813e93ba5d12ddcc7aeb33c28d59f5244619ab08f986b5d8c88361314900,undefined FUN_1814fd770(),ghidra,clean,
WHGame.dll,release_1_5_1164953_841,0x14fd7ac,55,FUN_1814fd7ac,,,cf160abb722785a8eb9a7cd5c4663bc540844717c4c64aacd79c314c2b345ae8,undefined FUN_1814fd7ac(),ghidra,clean,
WHGame.dll,release_1_5_1164953_841,0x14fd7d4,181,FUN_1814fd7d4,,,8313ebee81f5495deaec1cb4073d3873aa22f060e757a2ff4c2aeb6b60566827,undefined FUN_1814fd7d4(),ghidra,clean,
WHGame.dll,release_1_5_1164953_841,0x14fd88c,96,FUN_1814fd88c,,,71d1acad42a1a4c808675473444eb686e67707800ee5185cb709f90a3b0e50ad,undefined FUN_1814fd88c(),ghidra,clean,
WHGame.dll,release_1_5_1164953_841,0x14fd8ec,282,FUN_1814fd8ec,,,26e21d2477fe038b7853a43bb8a430549a18d80edfbe3d4122307d827cf45b22,undefined FUN_1814fd8ec(),ghidra,clean,
WHGame.dll,release_1_5_1164953_841,0x14fd94c,343,FUN_1814fd94c,,,513f3ff4cf9de0de22adf98c4e4d606f336735fb41c7a1c151b8001931403a48,undefined FUN_1814fd94c(),ghidra,clean,
WHGame.dll,release_1_5_1164953_841,0x14fda60,109,FUN_1814fda60,,,87c48ee458920420ecdd8cc69978a7ec1e434153810a9675de498b3f0e513e3e,undefined FUN_1814fda60(),ghidra,clean,
WHGame.dll,release_1_5_1164953_841,0x14fdad0,267,FUN_1814fdad0,,,42e9c4d8976e9f74c069df40403dcc39c77d55c863af0dd9ee0a2d9220fb4eb5,undefined FUN_1814fdad0(),ghidra,clean,
WHGame.dll,release_1_5_1164953_841,0x14fdbdc,329,FUN_1814fdbdc,,,71a86627802210f7a994688f80ccbff28e6d2ead228c59046c2db0d0724d4fbb,undefined FUN_1814fdbdc(),ghidra,clean,
WHGame.dll,release_1_5_1164953_841,0x14fdd04,740,FUN_1814fdd04,,,0ae4562cf4d0b3ec4934801d85c81495f6c82d857775f25a999e4277de6ab379,undefined FUN_1814fdd04(),ghidra,clean,
WHGame.dll,release_1_5_1164953_841,0x14fdef4,154,FUN_1814fdef4,,,0fb7610aa2ced85af09f575015d7145d7e229d960acb59c0549a69c795482f7e,undefined FUN_1814fdef4(),ghidra,clean,
WHGame.dll,release_1_5_1164953_841,0x14fdf90,187,FUN_1814fdf90,,,169bd1ef9e4498a86271baeebef7ff5a27d0956bca8f5db0fded9f7e34338752,undefined FUN_1814fdf90(),ghidra,clean,
WHGame.dll,release_1_5_1164953_841,0x14fe04c,51,FUN_1814fe04c,,,1d587832c22d578efbcd2f2c25f933ba3cefe4495d3e07d7e6e0a74983af3518,undefined FUN_1814fe04c(),ghidra,clean,
WHGame.dll,release_1_5_1164953_841,0x14fe080,26,FUN_1814fe080,,,2a26b7b7d3e2501e67977262b34642ff3af57b281bbe1ae595b8f7b2291b76c8,undefined FUN_1814fe080(),ghidra,clean,
WHGame.dll,release_1_5_1164953_841,0x14fe09c,84,FUN_1814fe09c,,,eada894fefc6d97e910c388107e236d1d2329a9cb18cc2a097edab6266b5b5f0,undefined FUN_1814fe09c(),ghidra,clean,
WHGame.dll,release_1_5_1164953_841,0x14fe0f0,15,FUN_1814fe0f0,,,e65f9e4ef029ad047910e2e057082c6c7aa16a3b23efb91f15be211269e1735f,undefined FUN_1814fe0f0(),ghidra,clean,
WHGame.dll,release_1_5_1164953_841,0x14fe100,68,FUN_1814fe100,,,5c8e43adefa9204fccf17f155e039352d6b017a779be7b5391ecc875d54b4d1d,undefined FUN_1814fe100(),ghidra,clean,
WHGame.dll,release_1_5_1164953_841,0x14fe144,117,FUN_1814fe144,,,752a899b41f065343880780900f0ddff0fafa263804865669ceddd475a054ec5,undefined FUN_1814fe144(),ghidra,clean,
WHGame.dll,release_1_5_1164953_841,0x14fe1bc,22,FUN_1814fe1bc,,,2e4af2acfe23bea0381072992c51196d6795d0e0c6adfaa81c56bf1d9cb2040a,undefined FUN_1814fe1bc(),ghidra,clean,
WHGame.dll,release_1_5_1164953_841,0x14fe1d4,105,FUN_1814fe1d4,,,3949abb5f90f8e275d3cf9c2370d372e4f2149702baa50e112bc71aa25a1213a,undefined FUN_1814fe1d4(),ghidra,clean,
WHGame.dll,release_1_5_1164953_841,0x14fe240,150,FUN_1814fe240,,,9c159d8adfab5ce0d97d47e673c9c84142db513089b1872f1bf59a81c1225200,undefined FUN_1814fe240(),ghidra,clean,
WHGame.dll,release_1_5_1164953_841,0x14fe2d8,155,FUN_1814fe2d8,,,95de0f7876882b989b9f3c0955666a1d5de4ef0a847f4c17c635f51a67a1d938,undefined FUN_1814fe2d8(),ghidra,clean,
WHGame.dll,release_1_5_1164953_841,0x14fe374,291,FUN_1814fe374,,,e54d536d4e102c25e829468a236c056027322632ad6d3a5ed10d9deaa42beefb,undefined FUN_1814fe374(),ghidra,clean,
WHGame.dll,release_1_5_1164953_841,0x14fe498,315,FUN_1814fe498,,,7f9a5d05775c3207620f1da144c30652edb43fc60082727dc25a2857fe369f27,undefined FUN_1814fe498(),ghidra,clean,
WHGame.dll,release_1_5_1164953_841,0x14fe5d4,34,FUN_1814fe5d4,,,3f6e4122d3aee63b2629c0d6b83dd2f5b3607dc28bce12579abdcd7caebac87b,undefined FUN_1814fe5d4(),ghidra,clean,
WHGame.dll,release_1_5_1164953_841,0x14fe5f8,388,FUN_1814fe5f8,,,0df861ffa1538ff5e63bff1e9cb809bff81e38c50a9d1a273c9330af1bd99269,undefined FUN_1814fe5f8(),ghidra,clean,
WHGame.dll,release_1_5_1164953_841,0x14fe77c,150,FUN_1814fe77c,,,a6f1033f5b42683bc758d4247346b4e4f31b4bf03990f2707e85722af22761fb,undefined FUN_1814fe77c(),ghidra,clean,
WHGame.dll,release_1_5_1164953_841,0x14fe814,194,FUN_1814fe814,,,63ac181743e8a94b00c72387ed9ba656a721f7b9210fe62c63d89c69b3a2dfd9,undefined FUN_1814fe814(),ghidra,clean,
WHGame.dll,release_1_5_1164953_841,0x14fe8d8,155,FUN_1814fe8d8,,,31b0cbf3ecea63dd7df2203bb07a24f8c4f7e3460fbddecf12e992bec672b55d,undefined FUN_1814fe8d8(),ghidra,clean,
WHGame.dll,release_1_5_1164953_841,0x14fe974,291,FUN_1814fe974,,,8f5a533c40d553077f72b8f74ce692d66e46bb1e950118845aad0bb76449aa0e,undefined FUN_1814fe974(),ghidra,clean,
WHGame.dll,release_1_5_1164953_841,0x14fea98,106,FUN_1814fea98,,,675904c10a80fa41b01ad83fcb3ff127d3a823181fd74303d5b6eb09c1fc7aab,undefined FUN_1814fea98(),ghidra,clean,
WHGame.dll,release_1_5_1164953_841,0x14feb04,55,FUN_1814feb04,,,1323c867c3a50353f570676a2a1f2f0ec9046a77700df365e795754b2080aa31,undefined FUN_1814feb04(),ghidra,clean,
WHGame.dll,release_1_5_1164953_841,0x14feb2c,190,FUN_1814feb2c,,,1a3ac7670c1f4c75447d676f95434a0b110f66a92692f37e2689852f8948ea0d,undefined FUN_1814feb2c(),ghidra,clean,
WHGame.dll,release_1_5_1164953_841,0x14febe4,145,FUN_1814febe4,,,cb273819e10a4bc78c8dc7b73b0f414acc3a871b2687c263e6ddba5e2265f254,undefined FUN_1814febe4(),ghidra,clean,
WHGame.dll,release_1_5_1164953_841,0x14fec78,294,FUN_1814fec78,,,ef86aa6c28c1fc32cecb301438c597f270d82f8bcdfc5c8dbe93c9d3af08e233,undefined FUN_1814fec78(),ghidra,clean,
WHGame.dll,release_1_5_1164953_841,0x14feda0,148,FUN_1814feda0,,,dc5ff21574da8b2430340fd98b081ad031cb4c09f9d131d0511bb312c606eb52,undefined FUN_1814feda0(),ghidra,clean,
WHGame.dll,release_1_5_1164953_841,0x14fee34,29,FUN_1814fee34,,,532e95e05cfef68d40a6293ea9804f3bd26eb6155e8838b19f397230870ceb81,undefined FUN_1814fee34(),ghidra,clean,
WHGame.dll,release_1_5_1164953_841,0x14fee54,80,FUN_1814fee54,,,f7ae7f67dfe7638c63369f49e4b4c5061f22f2d3a7d50c580e964715e77e8cb6,undefined FUN_1814fee54(),ghidra,clean,
WHGame.dll,release_1_5_1164953_841,0x14fee80,38,FUN_1814fee80,,,209ce45019be5fc3d9a0249c1aaa68defbf297716520938260a97b358d97b02d,undefined FUN_1814fee80(),ghidra,clean,
WHGame.dll,release_1_5_1164953_841,0x14feea8,122,FUN_1814feea8,,,d5de61a5e279ad9b449079a7f53f4b427939c5f9248576e0c8c56d6562b35509,undefined FUN_1814feea8(),ghidra,clean,
WHGame.dll,release_1_5_1164953_841,0x14fef24,52,FUN_1814fef24,,,b6d84f00aa4651ea99f55233b195561b778806004b94fd614862c2d011aa17b5,undefined FUN_1814fef24(),ghidra,clean,
WHGame.dll,release_1_5_1164953_841,0x14fef58,194,FUN_1814fef58,,,f07322fb32b45c62b556ecc8425d920ed6b3c4ddecab08d716b12a1744654fe8,undefined FUN_1814fef58(),ghidra,clean,
WHGame.dll,release_1_5_1164953_841,0x14ff01c,155,FUN_1814ff01c,,,743aa89d4b5ca6b1c345b7add517742ec34579cf2625e313294c87e0ce5a62db,undefined FUN_1814ff01c(),ghidra,clean,
WHGame.dll,release_1_5_1164953_841,0x14ff0b8,291,FUN_1814ff0b8,,,4f16256f6d3b9a2b83eb2f53401f7c1b19cfa43d804e22f1aec55c46f5ec221a,undefined FUN_1814ff0b8(),ghidra,clean,
WHGame.dll,release_1_5_1164953_841,0x14ff1dc,43,FUN_1814ff1dc,,,df6cded8cd692908b3340c4061154380bf820f686666457b514baffbbf655113,undefined FUN_1814ff1dc(),ghidra,clean,
WHGame.dll,release_1_5_1164953_841,0x14ff208,190,FUN_1814ff208,,,ce369eb553de42140562f5607b1649ad4ab9122199822b07099c15239e330e80,undefined FUN_1814ff208(),ghidra,clean,
WHGame.dll,release_1_5_1164953_841,0x14ff2c8,26,FUN_1814ff2c8,,,819234953c91d716a341edb10dcca2267107efa13f78881bbca64f4a7a11eeca,undefined FUN_1814ff2c8(),ghidra,clean,
WHGame.dll,release_1_5_1164953_841,0x14ff2e4,155,FUN_1814ff2e4,,,cf740dd7d59aa9c8621834b2dfd8decebea3eca80de00cf593ade9e263ed1cac,undefined FUN_1814ff2e4(),ghidra,clean,
WHGame.dll,release_1_5_1164953_841,0x14ff380,314,FUN_1814ff380,,,3fc11881c9bee09792ce0c0ad198eb90b831106eab5dafe1f70e930c622c31b6,undefined FUN_1814ff380(),ghidra,clean,
WHGame.dll,release_1_5_1164953_841,0x14ff4bc,335,FUN_1814ff4bc,,,a7da77bf49a3d4e1d9b8a37d2e7180db19468c4016fd4f69ab13135c97311c2a,undefined FUN_1814ff4bc(),ghidra,clean,
WHGame.dll,release_1_5_1164953_841,0x14ff5aa,8,FUN_1814ff5aa,,,d584cb1a2afef309eb33a9b90753d6c9a99b0c481366318ccddcba175a3b8c54,undefined FUN_1814ff5aa(),ghidra,clean,
WHGame.dll,release_1_5_1164953_841,0x14ff5bc,155,FUN_1814ff5bc,,,9f177267d0e36b013a622bd3332e39591c2ded095fa942256703d09830cb292c,undefined FUN_1814ff5bc(),ghidra,clean,
WHGame.dll,release_1_5_1164953_841,0x14ff658,23,FUN_1814ff658,,,5a253613ae2c8c15dc10fa4cd8a1ac5c117dd9cd21cd905320c7ac6dc8f2b3c9,undefined FUN_1814ff658(),ghidra,clean,
WHGame.dll,release_1_5_1164953_841,0x14ff670,155,FUN_1814ff670,,,529efa585251a275b55602457dcd55b52dd70d5858a9f170d9c17b1cce92e4d6,undefined FUN_1814ff670(),ghidra,clean,
WHGame.dll,release_1_5_1164953_841,0x14ff70c,155,FUN_1814ff70c,,,1d280276ac40b40491957e64471755859c845fd921ef64e548a879c237ef9ba0,undefined FUN_1814ff70c(),ghidra,clean,
WHGame.dll,release_1_5_1164953_841,0x14ff7a8,240,FUN_1814ff7a8,,,edf8abbb1aa5261244eea233b5b3c1d5df1b2245f381e875826bce50996574a9,undefined FUN_1814ff7a8(),ghidra,clean,
WHGame.dll,release_1_5_1164953_841,0x14ff898,18,FUN_1814ff898,,,7692942635fd6acfd1dca15bc0019e2eb939e677cb9cedd387ebf9da83e54475,undefined FUN_1814ff898(),ghidra,clean,
WHGame.dll,release_1_5_1164953_841,0x14ff8ac,298,FUN_1814ff8ac,,,c434550969dba03eef01da74788a781ae44919a0336e83069c2ed98d22cb832b,undefined FUN_1814ff8ac(),ghidra,clean,
WHGame.dll,release_1_5_1164953_841,0x14ff9d8,301,FUN_1814ff9d8,,,096957f1cd0dd4416f558efb9b0b087bd01f024d8e4e3d63b920b5c36e5edc90,undefined FUN_1814ff9d8(),ghidra,clean,
WHGame.dll,release_1_5_1164953_841,0x14ffb08,190,FUN_1814ffb08,,,64b08e6f2d8dd1c04ca20d0fbff0e43d82618b05248063bb796c0818b7884928,undefined FUN_1814ffb08(),ghidra,clean,
WHGame.dll,release_1_5_1164953_841,0x14ffbc8,190,FUN_1814ffbc8,,,91e83ff98aa66b16170be2b7883157d728222f61ef0ebdfb257a4f02002a58a2,undefined FUN_1814ffbc8(),ghidra,clean,
WHGame.dll,release_1_5_1164953_841,0x14ffc88,197,FUN_1814ffc88,,,5ba58cd1a176fa77b201b550c879a1c341eeb7fb61edd30414f31855cd67b657,undefined FUN_1814ffc88(),ghidra,clean,
WHGame.dll,release_1_5_1164953_841,0x14ffd50,197,FUN_1814ffd50,,,882a46feb689b4d0580cdffb5fc0ea7a200d66619dbb8855679de55446f4241f,undefined FUN_1814ffd50(),ghidra,clean,
WHGame.dll,release_1_5_1164953_841,0x14ffe18,171,FUN_1814ffe18,,,7917b1106a7e19d3704327d8cedc1c16099c17caadd51561676f0285145ba085,undefined FUN_1814ffe18(),ghidra,clean,
WHGame.dll,release_1_5_1164953_841,0x14ffec4,226,FUN_1814ffec4,,,cc790fa1c395a4485be3b991ef19aa1d9049e0d0c5a39fcf5094e7089dee4e00,undefined FUN_1814ffec4(),ghidra,clean,
WHGame.dll,release_1_5_1164953_841,0x14fffa8,213,FUN_1814fffa8,,,ba390ac0192436ea5b0f676709370f4325bae90e4a4d81c2f6b5c1131ce77ca7,undefined FUN_1814fffa8(),ghidra,clean,
