module,game_version,rva,length,auto_name,function_name,namespace,content_hash,signature,signature_source,decompile_quality,edge_reason
WHGame.dll,release_1_5_1164953_841,0x1300100,298,FUN_181300100,,,3e5392f377bc104812b2d58887f7c5b7ec5f94936a9132e977f3e6c1da57aa23,undefined FUN_181300100(),ghidra,clean,
WHGame.dll,release_1_5_1164953_841,0x130022c,26,FUN_18130022c,,,819234953c91d716a341edb10dcca2267107efa13f78881bbca64f4a7a11eeca,undefined FUN_18130022c(),ghidra,clean,
WHGame.dll,release_1_5_1164953_841,0x1300248,155,FUN_181300248,,,1a16318c777b223973752d4a673c6e27e04591c29697374f13b58b89981eee35,undefined FUN_181300248(),ghidra,clean,
WHGame.dll,release_1_5_1164953_841,0x13002e4,304,FUN_1813002e4,,,249eb95bbee774f37efa3c8629b77b266e1c380b854637b0e697f000e4142fbd,undefined FUN_1813002e4(),ghidra,clean,
WHGame.dll,release_1_5_1164953_841,0x1300414,72,FUN_181300414,,,e2f9c59d8b6f0e087d3db07af5fe20cbc43be18f7c37eadcdb55023a1d37d23a,undefined FUN_181300414(),ghidra,clean,
WHGame.dll,release_1_5_1164953_841,0x130045c,70,FUN_18130045c,,,f255c5c14c864249b15c432ab459f43e02d0103efa2d06c8611b2c142fd5b689,undefined FUN_18130045c(),ghidra,clean,
WHGame.dll,release_1_5_1164953_841,0x13004a4,88,FUN_1813004a4,,,34eca0c1cc1eff1047d093e67a6ce56baa137795d843b5609d3319157b3ef93e,undefined FUN_1813004a4(),ghidra,clean,
WHGame.dll,release_1_5_1164953_841,0x13004fc,26,FUN_1813004fc,,,0896d021beb40360e9cf4afdad233baa7c42603824a506dc33ceba669bdc2639,undefined FUN_1813004fc(),ghidra,clean,
WHGame.dll,release_1_5_1164953_841,0x1300518,155,FUN_181300518,,,c631022a18e06d5c92d1612fbb9571f489ab9fbd72e24b852cd747e97399d5ab,undefined FUN_181300518(),ghidra,clean,
WHGame.dll,release_1_5_1164953_841,0x13005b4,155,FUN_1813005b4,,,a4cf50aa684098b0d9c9491340342c8f3c9a62a8edbb54d652fea6feb24c7abf,undefined FUN_1813005b4(),ghidra,clean,
WHGame.dll,release_1_5_1164953_841,0x1300650,32,FUN_181300650,,,1c10e55cb6371fb0d36710272b8bdf778291b11ce0b49e2655e46228fea6a7d9,undefined FUN_181300650(),ghidra,clean,
WHGame.dll,release_1_5_1164953_841,0x1300670,157,FUN_181300670,,,63cb72b1eb0657da9ea668acf53e805f152ea56cd711613dfab3cc8cd9b48cb2,undefined FUN_181300670(),ghidra,clean,
WHGame.dll,release_1_5_1164953_841,0x1300710,121,FUN_181300710,,,0b66bf7e3f5d954f756a81509c533a27364568023e19e3df79f26b5daaefe572,undefined FUN_181300710(),ghidra,clean,
WHGame.dll,release_1_5_1164953_841,0x130074c,133,FUN_18130074c,,,65bee062b561e8ba39f63a0f0c32f63aadfb924270f4d20097916a370cdcc14f,undefined FUN_18130074c(),ghidra,clean,
WHGame.dll,release_1_5_1164953_841,0x13007d4,112,FUN_1813007d4,,,2e0b4711a45ab376d0d42405824ebfd793d46cafa670ecf48755b2dd33abf363,undefined FUN_1813007d4(),ghidra,clean,
WHGame.dll,release_1_5_1164953_841,0x1300844,84,FUN_181300844,,,33c9c593288d5a11e7587d9b15c4314881333e12900742a7103de297e7f2e37e,undefined FUN_181300844(),ghidra,clean,
WHGame.dll,release_1_5_1164953_841,0x130088c,56,FUN_18130088c,,,01bce4f8c50f796de2c02c1aa6b9428bdbe0ccd482f1a7cd262ad1e419d35003,undefined FUN_18130088c(),ghidra,clean,
WHGame.dll,release_1_5_1164953_841,0x13008c4,500,FUN_1813008c4,,,85c1a58d9bba01c4b85d1cdde7ca2757d34f0ad5814310520ad0e53042ff84d8,undefined FUN_1813008c4(),ghidra,clean,
WHGame.dll,release_1_5_1164953_841,0x1300a14,85,FUN_181300a14,,,47b802bc88e1088fa073160e132f671844a869dc77a88354816b7ae2a3fcef31,undefined FUN_181300a14(),ghidra,clean,
WHGame.dll,release_1_5_1164953_841,0x1300a6c,62,FUN_181300a6c,,,32e1e4a95c9645ea435cb96074b541de70904b2dbba36d3dee5b1157490cd496,undefined FUN_181300a6c(),ghidra,clean,
WHGame.dll,release_1_5_1164953_841,0x1300aac,61,FUN_181300aac,,,85cb8df07f7dfc067cf42a7579454ee15ee77b38a88e4a264f28a6c13e8ee063,undefined FUN_181300aac(),ghidra,clean,
WHGame.dll,release_1_5_1164953_841,0x1300aec,163,FUN_181300aec,,,ed53f3572400f5a26a3e3c84a0e7494a0d9a8769bc01e501e762b22ff9784735,undefined FUN_181300aec(),ghidra,clean,
WHGame.dll,release_1_5_1164953_841,0x1300b90,151,FUN_181300b90,,,7c4c0703bf89d9603c1a514e4d59656fa06341d3d664e791b9b44645e07256b6,undefined FUN_181300b90(),ghidra,clean,
WHGame.dll,release_1_5_1164953_841,0x1300c28,142,FUN_181300c28,,,157af95c15d2c5aec519023d151e60626e6e40b4c5fc27c71c3636f374a74137,undefined FUN_181300c28(),ghidra,clean,
WHGame.dll,release_1_5_1164953_841,0x1300cb8,151,FUN_181300cb8,,,d5b4cc7012067c5e6f452dc70bdf470f2a308b1f79c253f7832d06fbacd46256,undefined FUN_181300cb8(),ghidra,clean,
WHGame.dll,release_1_5_1164953_841,0x1300d50,345,FUN_181300d50,,,a463c18033dc4cb7a89c8f61a781fa77750d219aa4e4c29ebb775d0b787265c1,undefined FUN_181300d50(),ghidra,clean,
WHGame.dll,release_1_5_1164953_841,0x1300e60,500,FUN_181300e60,,,6ad8456e26be9d461521819f6ece93fd66f3ba1bd368e01eca0b99727e8a6f49,undefined FUN_181300e60(),ghidra,clean,
WHGame.dll,release_1_5_1164953_841,0x1300fb0,30,FUN_181300fb0,,,d9933b50732164c463eb4c0ab11ebccd6f4ece690822250fcb886c00941530f6,undefined FUN_181300fb0(),ghidra,clean,
WHGame.dll,release_1_5_1164953_841,0x1300fd0,82,FUN_181300fd0,,,fec378a4820176c1fac3e40eec65a2cf20a226ad3d3786461576e46ae09fe935,undefined FUN_181300fd0(),ghidra,clean,
WHGame.dll,release_1_5_1164953_841,0x1301024,197,FUN_181301024,,,7ccb9e34bda6e1f675e653f1b1f66585b70cb9e9129065af5e164d9fca91bb54,undefined FUN_181301024(),ghidra,clean,
WHGame.dll,release_1_5_1164953_841,0x13010ec,117,FUN_1813010ec,,,c389f3ec1a5726834bdb09eaa0c4da5c0b25f9cbec63dab566609f7046edcfb2,undefined FUN_1813010ec(),ghidra,clean,
WHGame.dll,release_1_5_1164953_841,0x1301164,34,FUN_181301164,,,f374cf7117b31c35b94b960f927b330e6bc788048f6e5b4f38f9ae478a142cc4,undefined FUN_181301164(),ghidra,clean,
WHGame.dll,release_1_5_1164953_841,0x1301188,248,FUN_181301188,,,765dcaedd4c4e0e486b9625dc35d2089176c3014fab255e051a084eb7e9752f3,undefined FUN_181301188(),ghidra,clean,
WHGame.dll,release_1_5_1164953_841,0x1301280,79,FUN_181301280,,,4b64936578d3c8dce6d7253b653030d38216b91d5d1f3202a7d07497946f4494,undefined FUN_181301280(),ghidra,clean,
WHGame.dll,release_1_5_1164953_841,0x13012d0,109,FUN_1813012d0,,,68614534bf036cb8c93801d4b525c4027481e86f0e5774a1d3b9f73a0743c552,undefined FUN_1813012d0(),ghidra,clean,
WHGame.dll,release_1_5_1164953_841,0x1301340,137,FUN_181301340,,,6e70fa462f11142dcd144b9a263c4075c106a2a05b525c28e07e2b0affa63885,undefined FUN_181301340(),ghidra,clean,
WHGame.dll,release_1_5_1164953_841,0x13013cc,151,FUN_1813013cc,,,22c3edbc914f45ec574d3d972946cafb881992b63cc68eca6c62cbf832a129a0,undefined FUN_1813013cc(),ghidra,clean,
WHGame.dll,release_1_5_1164953_841,0x1301464,35,FUN_181301464,,,636a7df905362c6061ecf2b48efcfe535e3b4c54c0427bcc9aff02c2bf9e9340,undefined FUN_181301464(),ghidra,clean,
WHGame.dll,release_1_5_1164953_841,0x1301488,243,FUN_181301488,,,9f437acf1837cb6a620c502f205b7001d8b5beb5a5b82e8cebd55c908e59593e,undefined FUN_181301488(),ghidra,clean,
WHGame.dll,release_1_5_1164953_841,0x1301570,146,FUN_181301570,,,12e279cb1ae6ce670414400be91208c7e33ec27ed5e1565e615ce238dfac38ce,undefined FUN_181301570(),ghidra,clean,
WHGame.dll,release_1_5_1164953_841,0x1301604,79,FUN_181301604,,,7235e57883ce6e315d164546ffd6e537cb9750a3176a04197e3210bf5fafa6a7,undefined FUN_181301604(),ghidra,clean,
WHGame.dll,release_1_5_1164953_841,0x1301654,119,FUN_181301654,,,45a56db87b68d548f4677559c6934fb5a295097a7a3e06072a2c054196f9a309,undefined FUN_181301654(),ghidra,clean,
WHGame.dll,release_1_5_1164953_841,0x13016cc,43,FUN_1813016cc,,,24a41662c39c21c855916fcac8849d976dcc6aa247f201249deb14017864b1e9,undefined FUN_1813016cc(),ghidra,clean,
WHGame.dll,release_1_5_1164953_841,0x13016f8,172,FUN_1813016f8,,,9b86b882dbce80babbc3e370668c0f8b3e165244347af3d47fb372451428beef,undefined FUN_1813016f8(),ghidra,clean,
WHGame.dll,release_1_5_1164953_841,0x13017a8,113,FUN_1813017a8,,,e1a4e42e57e287704012496e1b660cdf038c74562803ad5b8f7b075f9e0e3930,undefined FUN_1813017a8(),ghidra,clean,
WHGame.dll,release_1_5_1164953_841,0x130181c,5,thunk_FUN_18130182c,,,4d21dffbe5b12d76503597ab5f8b271d55e6a0e3f0836b319c8b45a893ca768b,undefined thunk_FUN_18130182c(),ghidra,clean,
WHGame.dll,release_1_5_1164953_841,0x1301824,5,thunk_FUN_1813018ac,,,0a228899bc389c61378bf3860d318d2c961c30aa3dec8e7467d74a29a71c0778,undefined thunk_FUN_1813018ac(),ghidra,clean,
WHGame.dll,release_1_5_1164953_841,0x130182c,97,FUN_18130182c,,,efcf85dc2bddef2a24ad340e5665c8c323b33cd3f5341bce5d2b7a24cc8527c6,undefined FUN_18130182c(),ghidra,clean,
WHGame.dll,release_1_5_1164953_841,0x1301890,26,FUN_181301890,,,cf8f0deba0f135ade8c9d404b122ac78d288d889a5f83faff4c061bd127fb2d2,undefined FUN_181301890(),ghidra,clean,
WHGame.dll,release_1_5_1164953_841,0x13018ac,115,FUN_1813018ac,,,5e64cff933986295114708ff1b48d714a9d8e9ca25494fa35ef410861e3ebdc3,undefined FUN_1813018ac(),ghidra,clean,
WHGame.dll,release_1_5_1164953_841,0x1301910,143,FUN_181301910,,,4674d24586304af702180251660a9b3f8a3b5df2da5029202c62b6888ffb5b2b,undefined FUN_181301910(),ghidra,clean,
WHGame.dll,release_1_5_1164953_841,0x13019a0,134,FUN_1813019a0,,,3416578052765f3b60ccfef5d8858e3c18fdff9c8f815e26d559d9c7d7e48e3f,undefined FUN_1813019a0(),ghidra,clean,
WHGame.dll,release_1_5_1164953_841,0x13019e8,345,FUN_1813019e8,,,11e287c60e8c3029cf4358e408505869ee2e22b09593405f2dbb8805fbdd0d36,undefined FUN_1813019e8(),ghidra,clean,
WHGame.dll,release_1_5_1164953_841,0x1301af8,30,FUN_181301af8,,,d2e3a784be4cb9ef919097e6e0c78d8d2e643572baa3132b876c43888c99eb8e,undefined FUN_181301af8(),ghidra,clean,
WHGame.dll,release_1_5_1164953_841,0x1301b18,94,FUN_181301b18,,,b76b7edab8dd5fc92d5477c4c9a5e7d8131c1d171de002698292189af7a661ab,undefined FUN_181301b18(),ghidra,clean,
WHGame.dll,release_1_5_1164953_841,0x1301b78,155,FUN_181301b78,,,2df6da061cf2ae6a2c66132a14df735b14cba0ec12a3b3c86343ee17c644c477,undefined FUN_181301b78(),ghidra,clean,
WHGame.dll,release_1_5_1164953_841,0x1301c14,15,FUN_181301c14,,,ea2ff0f92c35f17c4233e16f6712912539a9d41708033bea6419a041602deeed,undefined FUN_181301c14(),ghidra,clean,
WHGame.dll,release_1_5_1164953_841,0x1301c24,15,FUN_181301c24,,,071dfbe31e41c6b512266c41f1856108b67c8e8876cd6cc5528f13adc93f3efc,undefined FUN_181301c24(),ghidra,clean,
WHGame.dll,release_1_5_1164953_841,0x1301c34,27,FUN_181301c34,,,fca861f241d901291edc5c35efc6a3e5e33912adeb8a38320b97274019542364,undefined FUN_181301c34(),ghidra,clean,
WHGame.dll,release_1_5_1164953_841,0x1301c50,27,FUN_181301c50,,,9b21c4665794cc517aa8104762994167a6d6315d9241cdf4148dccf8deee5338,undefined FUN_181301c50(),ghidra,clean,
WHGame.dll,release_1_5_1164953_841,0x1301c6c,28,FUN_181301c6c,,,e3f7a7eb03882e017ef94825c0c229cade37c2fab318d5d4349f1518b62b0d8d,undefined FUN_181301c6c(),ghidra,clean,
WHGame.dll,release_1_5_1164953_841,0x1301c88,26,FUN_181301c88,,,73219563545629c59e1d5e0ec229614697138117cb970aea9d89838908d8c210,undefined FUN_181301c88(),ghidra,clean,
WHGame.dll,release_1_5_1164953_841,0x1301ca4,19,FUN_181301ca4,,,c0f77ab74dbee5a05261e5cd75f281fc20e28afac25133ae8422f31564626755,undefined FUN_181301ca4(),ghidra,clean,
WHGame.dll,release_1_5_1164953_841,0x1301cb8,29,FUN_181301cb8,,,a9e115d8e7451e8495281603e6b04032ea5c2100a4e538ea06c39f9c9ed38add,undefined FUN_181301cb8(),ghidra,clean,
WHGame.dll,release_1_5_1164953_841,0x1301cd8,29,FUN_181301cd8,,,48fc8050b6adcbdeaf022c89038714f0821d32361231ab8a66f9e930494358ea,undefined FUN_181301cd8(),ghidra,clean,
WHGame.dll,release_1_5_1164953_841,0x1301cf8,50,FUN_181301cf8,,,a336cfd03bbaf426ea369c7c64c02bdccc6a33d2bdc9813260a2cdef9bbe2ce4,undefined FUN_181301cf8(),ghidra,clean,
WHGame.dll,release_1_5_1164953_841,0x1301d2c,81,FUN_181301d2c,,,83264f851b3b43b6ef2d88122d92f10483f5aa872058823835bff51dd63cd236,undefined FUN_181301d2c(),ghidra,clean,
WHGame.dll,release_1_5_1164953_841,0x1301d80,48,FUN_181301d80,,,78123a4812ed411a5dabc476a182988fdd1784875dab4c396197f625d863ede9,undefined FUN_181301d80(),ghidra,clean,
WHGame.dll,release_1_5_1164953_841,0x1301db0,33,FUN_181301db0,,,a8fb8460161e0d9290b049bf64da0579ee3c7fc0d5af3fd588e48e09b1ed91d0,undefined FUN_181301db0(),ghidra,clean,
WHGame.dll,release_1_5_1164953_841,0x1301dd4,94,FUN_181301dd4,,,2bb3a2122ce908f19797684d656916eccd7f451514dd47b8d68ca6e64863dc95,undefined FUN_181301dd4(),ghidra,clean,
WHGame.dll,release_1_5_1164953_841,0x1301e34,149,FUN_181301e34,,,87d06631dcedfa09910a90de25e3014468328a671194a26161f74bc81c4a9bb7,undefined FUN_181301e34(),ghidra,clean,
WHGame.dll,release_1_5_1164953_841,0x1301ecc,171,FUN_181301ecc,,,8bdc6476baf05f3add8531b06a059a3b99d5dd2136e130b1d95f569a232d7b60,undefined FUN_181301ecc(),ghidra,clean,
WHGame.dll,release_1_5_1164953_841,0x1301f78,239,FUN_181301f78,,,05f2885f626735ee455678de2f1e2a44b91f3696a1a7684f6a436ee2f73dd1b1,undefined FUN_181301f78(),ghidra,clean,
WHGame.dll,release_1_5_1164953_841,0x1302068,182,FUN_181302068,,,9f7987fdb40e1657c47ec37be219c02155cba96dcbad6ce75167ddb6808830dc,undefined FUN_181302068(),ghidra,clean,
WHGame.dll,release_1_5_1164953_841,0x1302120,184,FUN_181302120,,,2f5e618a511424e1bc810ca2db6c23345404dccbe66b488c24448f67f6bb4e18,undefined FUN_181302120(),ghidra,clean,
WHGame.dll,release_1_5_1164953_841,0x13021d8,138,FUN_1813021d8,,,d03db06040588750fcbdc01bdfefdde66855ac9c747bbaa1b9b201a5d53fa29e,undefined FUN_1813021d8(),ghidra,clean,
WHGame.dll,release_1_5_1164953_841,0x1302264,298,FUN_181302264,,,6875e85ec46b3a2fab972c717bb7c1fcc588a641008e419d0483fe9e58d8028d,undefined FUN_181302264(),ghidra,clean,
WHGame.dll,release_1_5_1164953_841,0x1302390,123,FUN_181302390,,,0e80d71ca02ed10d68d319a03cc488b46ed4ea74ead870f96f199657a235a0cc,undefined FUN_181302390(),ghidra,clean,
WHGame.dll,release_1_5_1164953_841,0x130240c,314,FUN_18130240c,,,6c23ea5a6f0bb49e5cf65aae4562097324a145f57c77ec95cbd406810e5e5691,undefined FUN_18130240c(),ghidra,clean,
WHGame.dll,release_1_5_1164953_841,0x1302538,264,FUN_181302538,,,906a09a36298d431e9840972e4f9810975f70080a1b0e5d2702ad5ca3ede631c,undefined FUN_181302538(),ghidra,clean,
WHGame.dll,release_1_5_1164953_841,0x1302638,244,FUN_181302638,,,06269198aac89944bc97cb42f44d16f7e2b192ec35bae266fae983d957100a93,undefined FUN_181302638(),ghidra,clean,
WHGame.dll,release_1_5_1164953_841,0x130272c,70,FUN_18130272c,,,e0a29ba03b2a73310e6fcf50597bcf9aeeb51d4fd2f70e9eb149c43f85dc51fe,undefined FUN_18130272c(),ghidra,clean,
WHGame.dll,release_1_5_1164953_841,0x1302774,36,FUN_181302774,,,2fa0c6906d4f4b4e3b66130afcd18bfcf2ba0e45df6f87ebc749a059be033bb6,undefined FUN_181302774(),ghidra,clean,
WHGame.dll,release_1_5_1164953_841,0x1302798,84,FUN_181302798,,,0452f956edc0e5ec24ddd282e02df0bbf0016f8d2c7078eacd057c5e1e4b4efd,undefined FUN_181302798(),ghidra,clean,
WHGame.dll,release_1_5_1164953_841,0x13027ec,288,FUN_1813027ec,,,833dfcd4de983c7d882660002a5dd8827e8bf07bfafee9356d6666a925099e78,undefined FUN_1813027ec(),ghidra,clean,
WHGame.dll,release_1_5_1164953_841,0x130290c,134,FUN_18130290c,,,f844c5964fcb7ab68e29d50694b1c5e07fde37d44980533a028d243fae551f5b,undefined FUN_18130290c(),ghidra,clean,
WHGame.dll,release_1_5_1164953_841,0x1302994,325,FUN_181302994,,,3710597c8f64f7012f8d1c960758f71175acd607e32ab4af42f11183226bed22,undefined FUN_181302994(),ghidra,clean,
WHGame.dll,release_1_5_1164953_841,0x1302adc,84,FUN_181302adc,,,5c7f8113ffb2bb0641a68ffcd1269a886464ea9ed699e1ad9c17d1aa21f74490,undefined FUN_181302adc(),ghidra,clean,
WHGame.dll,release_1_5_1164953_841,0x1302b20,180,FUN_181302b20,,,a32beb10b2f92aaba0208c35f8a74db78f58b0e2b023bbf3920eeb79a429d074,undefined FUN_181302b20(),ghidra,clean,
WHGame.dll,release_1_5_1164953_841,0x1302bd4,9,FUN_181302bd4,,,65e82a12b0b18fc833e13a7546ced3a228a7de40ba2c76449ed42ad90c512477,undefined FUN_181302bd4(),ghidra,clean,
WHGame.dll,release_1_5_1164953_841,0x1302be0,295,FUN_181302be0,,,c712973bcd9f6d94b64dbc2e6bddc77083b6779edccb76a88fcf3918386ab03b,undefined FUN_181302be0(),ghidra,clean,
WHGame.dll,release_1_5_1164953_841,0x1302d08,61,FUN_181302d08,,,b8e48964957d82924840f917166aca219d5d28e64310ac82147ce2870ef37311,undefined FUN_181302d08(),ghidra,clean,
WHGame.dll,release_1_5_1164953_841,0x1302d48,110,FUN_181302d48,,,5f60b934c0d4dbdd9b41579b7f15546edab2f1e1642980faeb73b7cdef561a4c,undefined FUN_181302d48(),ghidra,clean,
WHGame.dll,release_1_5_1164953_841,0x1302db8,61,FUN_181302db8,,,f94d7443fdb07011ca7bef89d383acdaf8ac7d136ca8227ee89b647db3f3f3fd,undefined FUN_181302db8(),ghidra,clean,
WHGame.dll,release_1_5_1164953_841,0x1302df8,59,FUN_181302df8,,,eb8dc7fb2375a2cefe7bf8feb81cbd56253d97ac78b59231218603d68191a980,undefined FUN_181302df8(),ghidra,clean,
WHGame.dll,release_1_5_1164953_841,0x1302e34,155,FUN_181302e34,,,f8898c965b61b633f1dd3a1958978a7b43d8f5ea5cf048c525b23be518cae5fb,undefined FUN_181302e34(),ghidra,clean,
WHGame.dll,release_1_5_1164953_841,0x1302ed0,311,FUN_181302ed0,,,070221a5407da5bc8619af06e20b57d905178cc1551c289696ced108ec315c5e,undefined FUN_181302ed0(),ghidra,clean,
WHGame.dll,release_1_5_1164953_841,0x1303008,74,FUN_181303008,,,2e3c9309983ac843b86e87d6ed06a941fbbd72bfdb8f489bb7e456577e58e61c,undefined FUN_181303008(),ghidra,clean,
WHGame.dll,release_1_5_1164953_841,0x1303054,196,FUN_181303054,,,5e3d85555d9c96ed39a8b4db352a4ba4fee246a2062f4c73b9d4c4148b4b0c79,undefined FUN_181303054(),ghidra,clean,
WHGame.dll,release_1_5_1164953_841,0x1303110,245,FUN_181303110,,,24f7b763e4c90385bb79a101c8862476a0e343332f90fe01ca6f7f51d9db441a,undefined FUN_181303110(),ghidra,clean,
WHGame.dll,release_1_5_1164953_841,0x13031ec,65,FUN_1813031ec,,,10a15130d2ad4a7631f5008631c9e150a9d751263f782649fa1b61e32768eb70,undefined FUN_1813031ec(),ghidra,clean,
WHGame.dll,release_1_5_1164953_841,0x1303230,453,FUN_181303230,,,47eb11f726e97b5f982ff39876a928b1837c26fabcd4ce908d460adb69a2698d,undefined FUN_181303230(),ghidra,clean,
WHGame.dll,release_1_5_1164953_841,0x13033f8,141,FUN_1813033f8,,,f1ff1deb77488f2bedb93db2cd172d292e3c3e80fc3229f20595bbebfd84ea37,undefined FUN_1813033f8(),ghidra,clean,
WHGame.dll,release_1_5_1164953_841,0x1303488,55,FUN_181303488,,,d30663f0d292093a667ab4b10a12c3721560ef000df95434a3bbbff8d5b9dcc1,undefined FUN_181303488(),ghidra,clean,
WHGame.dll,release_1_5_1164953_841,0x13034b0,143,FUN_1813034b0,,,d6e4c9af838440513b7407dadf9558253c6ca17b2d52940a5183679f2e1b2e8c,undefined FUN_1813034b0(),ghidra,clean,
WHGame.dll,release_1_5_1164953_841,0x1303544,193,FUN_181303544,,,95f360bff3c22c43b02dbc890aef77238b31e9f80d5c5668e7f62c57e543bad1,undefined FUN_181303544(),ghidra,clean,
WHGame.dll,release_1_5_1164953_841,0x1303608,55,FUN_181303608,,,e2332638cbeba11f93d8ad86c5c73d3f0d395b7ee0a524e05cc036c453ab82b5,undefined FUN_181303608(),ghidra,clean,
WHGame.dll,release_1_5_1164953_841,0x1303630,137,FUN_181303630,,,2f520a4aab0b0660cc519591c5ce96f74100337f8ba940720f10d30db198ee9f,undefined FUN_181303630(),ghidra,clean,
WHGame.dll,release_1_5_1164953_841,0x13036bc,106,FUN_1813036bc,,,e09d94e6a4c6729f221e8f6986d658db40c75d75bccf07080e575753ea178419,undefined FUN_1813036bc(),ghidra,clean,
WHGame.dll,release_1_5_1164953_841,0x1303728,212,FUN_181303728,,,e0ef075ba4e305269f5e2b2b630a5928ff29ce50caf73f1ee8161b844b10b82a,undefined FUN_181303728(),ghidra,clean,
WHGame.dll,release_1_5_1164953_841,0x13037f4,143,FUN_1813037f4,,,741ea4a6c72edf19e26967b2808edcfc34b7059c05e8fc91e0844935ed5b9ff1,undefined FUN_1813037f4(),ghidra,clean,
WHGame.dll,release_1_5_1164953_841,0x1303888,55,FUN_181303888,,,0846c1c742cbf517b446a3d0419ba2fd5e43ac7fb29e2adc27684f8be1901d6f,undefined FUN_181303888(),ghidra,clean,
WHGame.dll,release_1_5_1164953_841,0x13038b0,145,FUN_1813038b0,,,b5c2fc1652fb53a918e7011e544eea4b2c53c3ea66312373bd6e9979c517fd6c,undefined FUN_1813038b0(),ghidra,clean,
WHGame.dll,release_1_5_1164953_841,0x1303944,210,FUN_181303944,,,04fb9ed52e9333bdf976e1b0363826466fc110b322f8a7f93e30d2607ad08dbd,undefined FUN_181303944(),ghidra,clean,
WHGame.dll,release_1_5_1164953_841,0x1303a0c,55,FUN_181303a0c,,,bafbb6a2bcf2cdaf3775025316e623bad35f1f81301bcb429a7d1d6e3bcd30e3,undefined FUN_181303a0c(),ghidra,clean,
WHGame.dll,release_1_5_1164953_841,0x1303a34,145,FUN_181303a34,,,dbb057c9bf86c7b02c2007439a597efa92966be3eca0cb4c7299ead5a1748839,undefined FUN_181303a34(),ghidra,clean,
WHGame.dll,release_1_5_1164953_841,0x1303ac8,210,FUN_181303ac8,,,90d34fed67162f399c33e1221c24e6d8709b49c8e8a53fb1581b1ca244132824,undefined FUN_181303ac8(),ghidra,clean,
WHGame.dll,release_1_5_1164953_841,0x1303b90,55,FUN_181303b90,,,235cdf137a68a0522ffd79cef4a68f038efab4e259633951564bf86e5c6ab6ec,undefined FUN_181303b90(),ghidra,clean,
WHGame.dll,release_1_5_1164953_841,0x1303bb8,139,FUN_181303bb8,,,06d165889f6230ca79887ccd42078f93bf544b6446c2b5aee19fd09ad628c7f6,undefined FUN_181303bb8(),ghidra,clean,
WHGame.dll,release_1_5_1164953_841,0x1303c44,116,FUN_181303c44,,,7e70d460237e554762d7f89e5b1aff6b786f6180d9e27dffd1d1c1f18217f473,undefined FUN_181303c44(),ghidra,clean,
WHGame.dll,release_1_5_1164953_841,0x1303cb8,114,FUN_181303cb8,,,d75c14ccbdae3ca444ffe76d705e45fbbba7af65db913018d9076fee1d06f641,undefined FUN_181303cb8(),ghidra,clean,
WHGame.dll,release_1_5_1164953_841,0x1303d2c,135,FUN_181303d2c,,,ff5bbd51734b807de3363f60cb1f8a42ee55da92e55eca8de32f4c178191a4d5,undefined FUN_181303d2c(),ghidra,clean,
WHGame.dll,release_1_5_1164953_841,0x1303db4,145,FUN_181303db4,,,671aaeb8cae1e4180490eab35a35baa3ac593809f9db1af254b0578308de5a0a,undefined FUN_181303db4(),ghidra,clean,
WHGame.dll,release_1_5_1164953_841,0x1303e48,55,FUN_181303e48,,,11c2ade10f0eb52896172c8296e08abccb3eca4b7491c5028c14c4454c9b0c64,undefined FUN_181303e48(),ghidra,clean,
WHGame.dll,release_1_5_1164953_841,0x1303e70,55,FUN_181303e70,,,b978e2a33e44d4f5f32aaf44c59feef35dc958c83a6bef42ee1b7e832560dace,undefined FUN_181303e70(),ghidra,clean,
WHGame.dll,release_1_5_1164953_841,0x1303e98,55,FUN_181303e98,,,ae2547f975c83c4985a44321fed92f9ad3208693a7d01b0b58df286e5fe44b61,undefined FUN_181303e98(),ghidra,clean,
WHGame.dll,release_1_5_1164953_841,0x1303ec0,175,FUN_181303ec0,,,a0d26bec565c5235ca4f958b21393cedb81e091fb7dab21e9a23ffaff0b2f17b,undefined FUN_181303ec0(),ghidra,clean,
WHGame.dll,release_1_5_1164953_841,0x1303f68,203,FUN_181303f68,,,551236d33b6720115507caf09aed3f86e9ec22b5dd628d1c16487e2cf274a829,undefined FUN_181303f68(),ghidra,clean,
WHGame.dll,release_1_5_1164953_841,0x1304028,193,FUN_181304028,,,487038a391c72751728a7f8060c878a62652aeea67a7d54d1a9011c741565955,undefined FUN_181304028(),ghidra,clean,
WHGame.dll,release_1_5_1164953_841,0x13040ec,55,FUN_1813040ec,,,a4ce4af57b730b2d6b5e40710409a7c8a3545e4afaaf9d193392444950101180,undefined FUN_1813040ec(),ghidra,clean,
WHGame.dll,release_1_5_1164953_841,0x1304114,139,FUN_181304114,,,e3294b2cc0b2581036f3c3a0b61d4a5e576abc50b161a4acd37e5d2a327d30df,undefined FUN_181304114(),ghidra,clean,
WHGame.dll,release_1_5_1164953_841,0x13041a0,145,FUN_1813041a0,,,da65c64e2e46dea99b9c43a88a9ee22d292de75d3b47a96d6e0d5acd7ffa13e6,undefined FUN_1813041a0(),ghidra,clean,
WHGame.dll,release_1_5_1164953_841,0x1304234,55,FUN_181304234,,,5b825b75585e2050c3bfe06d43296770c65415086388e229008faa1a999a541a,undefined FUN_181304234(),ghidra,clean,
WHGame.dll,release_1_5_1164953_841,0x130425c,175,FUN_18130425c,,,5ccdb163a17e5e742804b94958bfc520a63cda29966462a13f61c0c6e1c68c94,undefined FUN_18130425c(),ghidra,clean,
WHGame.dll,release_1_5_1164953_841,0x1304304,54,FUN_181304304,,,3ae968824336705697f67f3f03c5a5796ba1af875625be8d6d9769147f19a404,undefined FUN_181304304(),ghidra,clean,
WHGame.dll,release_1_5_1164953_841,0x130433c,313,FUN_18130433c,,,15dac8a864926fce548dbdcf33a2522f10c7dcb85cfd56ab8a2cdfe8c4d4581d,undefined FUN_18130433c(),ghidra,clean,
WHGame.dll,release_1_5_1164953_841,0x1304478,63,FUN_181304478,,,b0845b4389b8beafbc847b9991db4219dfce1caa223a2b8a259601bce0994ad7,undefined FUN_181304478(),ghidra,clean,
WHGame.dll,release_1_5_1164953_841,0x13044b8,156,FUN_1813044b8,,,25b6919d7db9a47a5ee82e856401ce63bef1019b0b0e56c732dccda5fb3affa8,undefined FUN_1813044b8(),ghidra,clean,
WHGame.dll,release_1_5_1164953_841,0x130454c,78,FUN_18130454c,,,4b52374a9168e12e1bb509f3b23ec9b7260b04c5f549437cc2c5ab4206ee232d,undefined FUN_18130454c(),ghidra,clean,
WHGame.dll,release_1_5_1164953_841,0x130459c,114,FUN_18130459c,,,154088c4431d07402cf4b8bda299f4f1370e966f6b91fb2821b9fca6f9e9b45b,undefined FUN_18130459c(),ghidra,clean,
WHGame.dll,release_1_5_1164953_841,0x1304610,141,FUN_181304610,,,5a747986cf686add0bc79113b68f432050b71e306b248c4f5c44dbfb515208d2,undefined FUN_181304610(),ghidra,clean,
WHGame.dll,release_1_5_1164953_841,0x13046a0,141,FUN_1813046a0,,,0fbe6580001b6e496a7be6bfea0420d2dc807d53dc375dbf13c7c7562190f7a6,undefined FUN_1813046a0(),ghidra,clean,
WHGame.dll,release_1_5_1164953_841,0x1304730,114,FUN_181304730,,,2e6786479965bf94dfe262ea845ce97f4283cf8b8323a015b19463bab7820537,undefined FUN_181304730(),ghidra,clean,
WHGame.dll,release_1_5_1164953_841,0x13047a4,71,FUN_1813047a4,,,8a58ee5f68a64c33d32e95f51749351d21bbec5dcee7a1068e6cfca13d89ae36,undefined FUN_1813047a4(),ghidra,clean,
WHGame.dll,release_1_5_1164953_841,0x13047ec,63,FUN_1813047ec,,,9cefcf50d6d26877d0f3e2f6bc6d37a96c37e6752bfc6565c8df43ba40716df0,undefined FUN_1813047ec(),ghidra,clean,
WHGame.dll,release_1_5_1164953_841,0x130482c,92,FUN_18130482c,,,2a142ce83ea3c467271770131219f555dfd7f72351c4e31c81ffe47ac851bbcf,undefined FUN_18130482c(),ghidra,clean,
WHGame.dll,release_1_5_1164953_841,0x1304888,336,FUN_181304888,,,6b0043821ccbb3d828d4fe65e821a8b059a3b9cea7c4a47f6db8f52d713d6476,undefined FUN_181304888(),ghidra,clean,
WHGame.dll,release_1_5_1164953_841,0x13049d8,145,FUN_1813049d8,,,0c2c95c3b0b898d8a1d3cc1465d4b34fa14f00ba2954917cb3396bd4e42215f5,undefined FUN_1813049d8(),ghidra,clean,
WHGame.dll,release_1_5_1164953_841,0x1304a6c,143,FUN_181304a6c,,,ad08f94c739e710bb907e8c98e321c70f9b64b3e9279b03b3e16f383bf90b989,undefined FUN_181304a6c(),ghidra,clean,
WHGame.dll,release_1_5_1164953_841,0x1304b00,145,FUN_181304b00,,,f10bb79d7d2a4ad56c11555e903882d967ec27cbb13177f9638cd8ed1e650f59,undefined FUN_181304b00(),ghidra,clean,
WHGame.dll,release_1_5_1164953_841,0x1304b94,145,FUN_181304b94,,,7475b072b721a4d9f6282a848764342f634e413ffce3adf6ef5cbd6ed76d7641,undefined FUN_181304b94(),ghidra,clean,
WHGame.dll,release_1_5_1164953_841,0x1304c28,71,FUN_181304c28,,,159d9011a55267cc26c67f5ef7f72bd1902845163efd41506bab68ac099b555a,undefined FUN_181304c28(),ghidra,clean,
WHGame.dll,release_1_5_1164953_841,0x1304c70,139,FUN_181304c70,,,a58d184abf80e87ffcfac4e0e5d0156725df6bf3a4cf6ab774cae530cce05e23,undefined FUN_181304c70(),ghidra,clean,
WHGame.dll,release_1_5_1164953_841,0x1304cfc,66,FUN_181304cfc,,,f7c01e8c8bd9f23cbe12c53e95a51ffdb122a55413695b7e767a50a7ee39dedd,undefined FUN_181304cfc(),ghidra,clean,
WHGame.dll,release_1_5_1164953_841,0x1304d40,55,FUN_181304d40,,,47da52ca7ca500aa3f1ade88ffb4ba07f99558112823f0a25f724096b9598066,undefined FUN_181304d40(),ghidra,clean,
WHGame.dll,release_1_5_1164953_841,0x1304d68,145,FUN_181304d68,,,3ce801497319738c49d6de0997d00e82ac0b3b0dd49cac36a71d418d6c2a6646,undefined FUN_181304d68(),ghidra,clean,
WHGame.dll,release_1_5_1164953_841,0x1304dfc,201,FUN_181304dfc,,,e56c383e8e9d214bb0edb558cd4d789e4bf99da7ce13f99e43fc21d029ba4c4b,undefined FUN_181304dfc(),ghidra,clean,
WHGame.dll,release_1_5_1164953_841,0x1304ebc,145,FUN_181304ebc,,,3fbaf432e95aae28d30c17a2633d2d1ee3b4d94cb31597dc48a0056f1af20894,undefined FUN_181304ebc(),ghidra,clean,
WHGame.dll,release_1_5_1164953_841,0x1304f50,55,FUN_181304f50,,,1404df84db3a24938a8f4de5a415747f30479ab46c5e988fdc8965d0364d6140,undefined FUN_181304f50(),ghidra,clean,
WHGame.dll,release_1_5_1164953_841,0x1304f78,55,FUN_181304f78,,,272fb59109afd22ff3a2186f6f4b70e7a44ca79095a261798004d2ad0fab097b,undefined FUN_181304f78(),ghidra,clean,
WHGame.dll,release_1_5_1164953_841,0x1304fa0,139,FUN_181304fa0,,,68ac32a48f8a98f5bc0e9620d1515d861eca74e495103d3e84d4d365a388abcf,undefined FUN_181304fa0(),ghidra,clean,
WHGame.dll,release_1_5_1164953_841,0x130502c,89,FUN_18130502c,,,c377f7d12b643206ccb1467227b0e4e2492d76d6fdf3deb5e2bfc164b70a5f2f,undefined FUN_18130502c(),ghidra,clean,
WHGame.dll,release_1_5_1164953_841,0x1305088,145,FUN_181305088,,,5c1c7a082cd440e0432e78314e94f076f0e4cacf491acf02c3b30180f47ade2d,undefined FUN_181305088(),ghidra,clean,
WHGame.dll,release_1_5_1164953_841,0x130511c,59,FUN_18130511c,,,08a20105765ae043b4bcd499ec18c7865c861c5e8cf7f7464db298df94d46d38,undefined FUN_18130511c(),ghidra,clean,
WHGame.dll,release_1_5_1164953_841,0x1305158,53,FUN_181305158,,,02f48f6a17fb4749ba4c89984f5d9db4c1431eb967cc1a64f885fe1d03e1f969,undefined FUN_181305158(),ghidra,clean,
WHGame.dll,release_1_5_1164953_841,0x1305190,60,FUN_181305190,,,133e74dd6d4b2c415267f337ca9d026a20f10ff06ea6cdea8f9ab3997c8e04d1,undefined FUN_181305190(),ghidra,clean,
WHGame.dll,release_1_5_1164953_841,0x13051cc,50,FUN_1813051cc,,,966e5ac212372104b859bf2968c057c4cf6661a471726e791a2c8c685f3c6329,undefined FUN_1813051cc(),ghidra,clean,
WHGame.dll,release_1_5_1164953_841,0x1305200,57,FUN_181305200,,,1068d04f8bceaed3d1030230dd69c387cab76020709a14a18e99ce85638a59e4,undefined FUN_181305200(),ghidra,clean,
WHGame.dll,release_1_5_1164953_841,0x130523c,57,FUN_18130523c,,,38a6c87c9c95b56660dadc3219be9ec01df675a57d80cc2794d26a34947c1637,undefined FUN_18130523c(),ghidra,clean,
WHGame.dll,release_1_5_1164953_841,0x1305278,53,FUN_181305278,,,bacbc1514b9b35d97da91acbf65d56b4be4924e5b190a0c176dc0501b1454b90,undefined FUN_181305278(),ghidra,clean,
WHGame.dll,release_1_5_1164953_841,0x13052b0,55,FUN_1813052b0,,,ed84a8495c290286ceb3c882db6d992df42152c1ce04729ea31055233d706f89,undefined FUN_1813052b0(),ghidra,clean,
WHGame.dll,release_1_5_1164953_841,0x13052e8,55,FUN_1813052e8,,,2d3d79ec92decf62da547ffd481c392c30b859fa51c22131091421b6b994c621,undefined FUN_1813052e8(),ghidra,clean,
WHGame.dll,release_1_5_1164953_841,0x1305320,98,FUN_181305320,,,69b9d17402b0a438d44831f116c4b01fa282bdfdb1910dc127382347ff221919,undefined FUN_181305320(),ghidra,clean,
WHGame.dll,release_1_5_1164953_841,0x1305384,232,FUN_181305384,,,a1501d2f14850d1b8aa06820b5a1053173612f0d3695f72602c02e1a4efd564c,undefined FUN_181305384(),ghidra,clean,
WHGame.dll,release_1_5_1164953_841,0x130546c,92,FUN_18130546c,,,a65053414661fea74d479555411d305bbd1d9adde4151a0da51931cd2508608f,undefined FUN_18130546c(),ghidra,clean,
WHGame.dll,release_1_5_1164953_841,0x13054c8,54,FUN_1813054c8,,,fc1f9eed6407519ebf4abf4300694b762ec25c14affc1ebf104fe99b702df513,undefined FUN_1813054c8(),ghidra,clean,
WHGame.dll,release_1_5_1164953_841,0x1305500,100,FUN_181305500,,,1d179491319c0aca15fd7d735ddee0794d6305bbbf2fb63404d9681d9c1ff946,undefined FUN_181305500(),ghidra,clean,
WHGame.dll,release_1_5_1164953_841,0x130557c,155,FUN_18130557c,,,8e370b18de1ce21c0550e9221ae478bf3ba7827ef54147ce3bdc61b46b1cc6c9,undefined FUN_18130557c(),ghidra,clean,
WHGame.dll,release_1_5_1164953_841,0x1305618,291,FUN_181305618,,,20723b5f1637963f75a5fd440055b6dff5f34c1a6bd19b4c57a17bd61474ef0b,undefined FUN_181305618(),ghidra,clean,
WHGame.dll,release_1_5_1164953_841,0x130573c,30,FUN_18130573c,,,0af5154ae332202dcb572b69f2b7bec2747084de3d24471ff7e0ce9ec5df8f24,undefined FUN_18130573c(),ghidra,clean,
WHGame.dll,release_1_5_1164953_841,0x130575c,155,FUN_18130575c,,,11d897d810d2aeee86d79b5ceb0eff7450d6e3640a00bb0139d7100b956bc1e8,undefined FUN_18130575c(),ghidra,clean,
WHGame.dll,release_1_5_1164953_841,0x13057f8,291,FUN_1813057f8,,,dbf60ed4983fae49109f00e056e1e3f5777ab7970fe4137eb6c65da2711d0e58,undefined FUN_1813057f8(),ghidra,clean,
WHGame.dll,release_1_5_1164953_841,0x130591c,53,FUN_18130591c,,,3e93c2c06c690691ccef1ad2cbe8d45f59e45a514b96ffce6535b0288bf3d182,undefined FUN_18130591c(),ghidra,clean,
WHGame.dll,release_1_5_1164953_841,0x1305944,237,FUN_181305944,,,60b4d5c9d1f30e52dcb3843fb636c5a70e622dc3d2b9906448cd839d3af3e19b,undefined FUN_181305944(),ghidra,clean,
WHGame.dll,release_1_5_1164953_841,0x1305a34,5,thunk_FUN_181305a3c,,,b0d40b133b9394d93820ac0104b0065121d2d73df32c7bfb4e4cf5d805a8b103,undefined thunk_FUN_181305a3c(),ghidra,clean,
WHGame.dll,release_1_5_1164953_841,0x1305a3c,103,FUN_181305a3c,,,737fdf4a613a67765fc8111bc417fe115679e3815ace0598f99293038527954b,undefined FUN_181305a3c(),ghidra,clean,
WHGame.dll,release_1_5_1164953_841,0x1305aa4,95,FUN_181305aa4,,,9f653d88b658fee4e413e5fef49b9279342f0207ebd575ed0efe908f32fe86a0,undefined FUN_181305aa4(),ghidra,clean,
WHGame.dll,release_1_5_1164953_841,0x1305b04,201,FUN_181305b04,,,04759a3b54f000855967a549812fd4574720a5f38605970a9167751dc3ecabb4,undefined FUN_181305b04(),ghidra,clean,
WHGame.dll,release_1_5_1164953_841,0x1305bb0,110,FUN_181305bb0,,,d9dc3bf4b8a43a7fbf451b6b96bbfb64177e9e0eabb13a0c5a2d2ffded0cb130,undefined FUN_181305bb0(),ghidra,clean,
WHGame.dll,release_1_5_1164953_841,0x1305c20,212,FUN_181305c20,,,f248fc56114352b4498ae1e743a816d4c0f58a94c2cbef2b31fc5a2692bb76bf,undefined FUN_181305c20(),ghidra,clean,
WHGame.dll,release_1_5_1164953_841,0x1305cd8,53,FUN_181305cd8,,,0763b7f150b452d271938394e3afad4358f900244a715c6e89234da2c7f18866,undefined FUN_181305cd8(),ghidra,clean,
WHGame.dll,release_1_5_1164953_841,0x1305d10,431,FUN_181305d10,,,4cac3df3669afad56f0ad6bbd79348fd4e318e668734953aca4ab4dec4d08626,undefined FUN_181305d10(),ghidra,clean,
WHGame.dll,release_1_5_1164953_841,0x1305e6c,40,FUN_181305e6c,,,f45b0e0bd77abd212cedd56442014c4ee12960dfab2ea58fe286de76288c6eb9,undefined FUN_181305e6c(),ghidra,clean,
WHGame.dll,release_1_5_1164953_841,0x1305e94,42,FUN_181305e94,,,c1146beb24b4af9d9a52c34d8afe7141e619d126845b3d9081bab88785bb0eb4,undefined FUN_181305e94(),ghidra,clean,
WHGame.dll,release_1_5_1164953_841,0x1305ec0,100,FUN_181305ec0,,,16efdb5b851befd75c545c220a3a037cd1987b139277f57104a0ec03869d2280,undefined FUN_181305ec0(),ghidra,clean,
WHGame.dll,release_1_5_1164953_841,0x1305f24,30,FUN_181305f24,,,2babf7d0a3d213e97e7c394573e9c48832a663de8eee2bd4de6b04d5019d1bfe,undefined FUN_181305f24(),ghidra,clean,
WHGame.dll,release_1_5_1164953_841,0x1305f44,334,FUN_181305f44,,,a4220a81088b2bcc338ed28887ff66456652a86383af3a8576f2f9f1dfa20d7b,undefined FUN_181305f44(),ghidra,clean,
WHGame.dll,release_1_5_1164953_841,0x1306094,85,FUN_181306094,,,3418f9ba242c1a4a69c9f035de7e8ad14f53a3a8f8300a5d91ac0d0ad5f09f28,undefined FUN_181306094(),ghidra,clean,
WHGame.dll,release_1_5_1164953_841,0x13060ec,11,FUN_1813060ec,,,256dc4f3325842ee5efaf0f4dd5925bcaa5c2db53f8f69342ca30cf96395b1f8,undefined FUN_1813060ec(),ghidra,clean,
WHGame.dll,release_1_5_1164953_841,0x13060f8,111,FUN_1813060f8,,,6361a69c166580b33c3dbce23ec00931463a2f7e47478f8fa81471d5d2c9d218,undefined FUN_1813060f8(),ghidra,clean,
WHGame.dll,release_1_5_1164953_841,0x1306168,148,FUN_181306168,,,484ef32afd73e1eff6511fe8e50d5d9d8468f4ebb93a2d78863e1e09af55146d,undefined FUN_181306168(),ghidra,clean,
WHGame.dll,release_1_5_1164953_841,0x13061fc,54,FUN_1813061fc,,,5ee69a4506f6ce13fdae380111f5b563b0b04c91bbcd3f28980e5c48a1bc8d67,undefined FUN_1813061fc(),ghidra,clean,
WHGame.dll,release_1_5_1164953_841,0x1306234,87,FUN_181306234,,,d9e7ed716f34486b970a448ddde9e408ed2748b27891cc30f162869366448aa3,undefined FUN_181306234(),ghidra,clean,
WHGame.dll,release_1_5_1164953_841,0x130628c,244,FUN_18130628c,,,c771c4468ebec007122c2788c5f80832a704add8d07f8f06de7b8eb3813168ef,undefined FUN_18130628c(),ghidra,clean,
WHGame.dll,release_1_5_1164953_841,0x1306380,176,FUN_181306380,,,77691d85c971ae6c1bfdfff7295a7251a22371fb19d177dba2ffaf6040444e82,undefined FUN_181306380(),ghidra,clean,
WHGame.dll,release_1_5_1164953_841,0x1306430,336,FUN_181306430,,,106a237a91967f1e989ad943f4786a594a2bb1104e6407c6664ffa227df3518d,undefined FUN_181306430(),ghidra,clean,
WHGame.dll,release_1_5_1164953_841,0x1306584,159,FUN_181306584,,,6ef9ec79504c83d525b5ef9507f569a99d715042f247d71e8bd853deaa15719d,undefined FUN_181306584(),ghidra,clean,
WHGame.dll,release_1_5_1164953_841,0x1306624,155,FUN_181306624,,,1990855a1837d5432371f38d111ce674ae094665b2386e1397d64fd9915651af,undefined FUN_181306624(),ghidra,clean,
WHGame.dll,release_1_5_1164953_841,0x13066c0,72,FUN_1813066c0,,,913fd2ccfbc8f6490146451b51bba235be2de4cafb4a7ec625dc5991308ed3a5,undefined FUN_1813066c0(),ghidra,clean,
WHGame.dll,release_1_5_1164953_841,0x1306708,207,FUN_181306708,,,7ce2f7c7a36147cabe8a7d935caa8718be5f8293e045334cd015dc5e159a81fd,undefined FUN_181306708(),ghidra,clean,
WHGame.dll,release_1_5_1164953_841,0x13067d8,39,FUN_1813067d8,,,9d2f8fbc43c3c7e1d1c5d2d32f7f013c59691019c7077183ff840903a60a19df,undefined FUN_1813067d8(),ghidra,clean,
WHGame.dll,release_1_5_1164953_841,0x1306800,38,FUN_181306800,,,1d49bfdea38a55a15cc8befc116b69deab316076e638575a6e8fc553c2d9030c,undefined FUN_181306800(),ghidra,clean,
WHGame.dll,release_1_5_1164953_841,0x1306828,62,FUN_181306828,,,329565cee81d9f2101b137ea06772279d457ebc1c2b09340d088dce51b4a8fd3,undefined FUN_181306828(),ghidra,clean,
WHGame.dll,release_1_5_1164953_841,0x1306854,40,FUN_181306854,,,d4fae43c5ae19879d7ef691f3bcf01fa132d51070036aa65243d03a3f60af396,undefined FUN_181306854(),ghidra,clean,
WHGame.dll,release_1_5_1164953_841,0x130687c,25,FUN_18130687c,,,fd788edda0b4eb057cee57b4958cb376ce144dd3d6f0181948f7fe9a19ee9279,undefined FUN_18130687c(),ghidra,clean,
WHGame.dll,release_1_5_1164953_841,0x1306898,34,FUN_181306898,,,fe527330ac8f5e53fdc0c41925dab316e719bc14e87e5476b39a279f544d625b,undefined FUN_181306898(),ghidra,clean,
WHGame.dll,release_1_5_1164953_841,0x13068bc,153,FUN_1813068bc,,,20783fc68523789bc48f09353ef0d00dcfc442918e2354262cd7fa6b5c7ab83b,undefined FUN_1813068bc(),ghidra,clean,
WHGame.dll,release_1_5_1164953_841,0x1306958,25,FUN_181306958,,,33268373489edba30feb8c45d5f82e217594d304fa1979987e60d32bfcaf5d4a,undefined FUN_181306958(),ghidra,clean,
WHGame.dll,release_1_5_1164953_841,0x1306974,179,FUN_181306974,,,7411e3e682ca445f46031dec29b49bd8268a834457cb6fe3c7b5fb749cb070bf,undefined FUN_181306974(),ghidra,clean,
WHGame.dll,release_1_5_1164953_841,0x1306a28,118,FUN_181306a28,,,0a6442a2f359835602e009e344ce2e62e6be4dba0e427b17cd325bcf1ff5176e,undefined FUN_181306a28(),ghidra,clean,
WHGame.dll,release_1_5_1164953_841,0x1306aa0,62,FUN_181306aa0,,,b4dc43c042e2ed98ac8c8749e587a046301f2518cb15f07beabaef672734dd9c,undefined FUN_181306aa0(),ghidra,clean,
WHGame.dll,release_1_5_1164953_841,0x1306acc,84,FUN_181306acc,,,3bdd3c5296f80a83179ff5491da46c2aa005c615225708726395a91865ef8caf,undefined FUN_181306acc(),ghidra,clean,
WHGame.dll,release_1_5_1164953_841,0x1306b20,34,FUN_181306b20,,,f8717cd89d7f371fb636dbdb1bc1329deb2992961526d7a5018c872819dcdb82,undefined FUN_181306b20(),ghidra,clean,
WHGame.dll,release_1_5_1164953_841,0x1306b44,124,FUN_181306b44,,,63cff1df3dbd1462aa6d57c24cc4c34ec644e70eec59c5c1eae846973bdfd3b5,undefined FUN_181306b44(),ghidra,clean,
WHGame.dll,release_1_5_1164953_841,0x1306bc0,100,FUN_181306bc0,,,4665ddcccd7028dc457721e4cacbb9216b032c16bf2dc4d0fdc5ab6df355fed4,undefined FUN_181306bc0(),ghidra,clean,
WHGame.dll,release_1_5_1164953_841,0x1306c24,315,FUN_181306c24,,,3071c425f3bf69759abccb7e784014d72e2668c1055e84a4c9ff2c29dfc639e7,undefined FUN_181306c24(),ghidra,clean,
WHGame.dll,release_1_5_1164953_841,0x1306d60,492,FUN_181306d60,,,45a45e609e146f71e48b099aea99357f93aad7f95d00b5afa231f6d3c993fc70,undefined FUN_181306d60(),ghidra,clean,
WHGame.dll,release_1_5_1164953_841,0x1306f4c,153,FUN_181306f4c,,,e0c4c08008f13bf387303d9d37a8a36c69cf52fb467e285323e7384169e4f1cf,undefined FUN_181306f4c(),ghidra,clean,
WHGame.dll,release_1_5_1164953_841,0x1306f7c,182,FUN_181306f7c,,,9d0e147c7adfbc9551c6bfa7360f076752091651f8dd8497a00494ad3a76626d,undefined FUN_181306f7c(),ghidra,clean,
WHGame.dll,release_1_5_1164953_841,0x1307034,197,FUN_181307034,,,495afeed019a608e51adc101f3860bb772c2b5d6794ad9e60a268f0a959886d8,undefined FUN_181307034(),ghidra,clean,
WHGame.dll,release_1_5_1164953_841,0x13070fc,71,FUN_1813070fc,,,ac0b3eaf60d532b504e257135d4fec9ab6918f133a67d424c33f85cfdffde911,undefined FUN_1813070fc(),ghidra,clean,
WHGame.dll,release_1_5_1164953_841,0x1307144,234,FUN_181307144,,,68c660521fef5f65fb3143a7c5342d792ec15991792c5831537a9af146b32110,undefined FUN_181307144(),ghidra,clean,
WHGame.dll,release_1_5_1164953_841,0x1307230,296,FUN_181307230,,,97036d2420bf089b4e554be76a3ea12f907a8503de0be2744b7d4c560761d49e,undefined FUN_181307230(),ghidra,clean,
WHGame.dll,release_1_5_1164953_841,0x1307358,317,FUN_181307358,,,5e399518848e97d0006e7a867073f68951c3cf53eec610a1a7c21feea5dabc65,undefined FUN_181307358(),ghidra,clean,
WHGame.dll,release_1_5_1164953_841,0x1307484,317,FUN_181307484,,,91f44fee461fe2e3b0d580479c28d071fa3c476bbd43d51d81dfe004025dfc0a,undefined FUN_181307484(),ghidra,clean,
WHGame.dll,release_1_5_1164953_841,0x13075b0,273,FUN_1813075b0,,,e26c961c27ba7351532702314d9a5a5db6f2b0b9df959f136d9327b5bbf99dbd,undefined FUN_1813075b0(),ghidra,clean,
WHGame.dll,release_1_5_1164953_841,0x13076b4,196,FUN_1813076b4,,,f9d978a0df19297414f549a881a208f408f4de52a4707eaf7f38d751097ee31b,undefined FUN_1813076b4(),ghidra,clean,
WHGame.dll,release_1_5_1164953_841,0x1307770,175,FUN_181307770,,,91aa274c8d31a0365fc053892fd5f45e9df4076fcd5f5cb76938cb3eadabdb16,undefined FUN_181307770(),ghidra,clean,
WHGame.dll,release_1_5_1164953_841,0x1307820,273,FUN_181307820,,,0fa8e010638056b42cdcc05c52e71aa9626db8261bfe66feceb45d93a8a632be,undefined FUN_181307820(),ghidra,clean,
WHGame.dll,release_1_5_1164953_841,0x1307924,196,FUN_181307924,,,28ec8a10a980d75595a1cd464fb158646793bf0408120c406069c7e84dc9aadb,undefined FUN_181307924(),ghidra,clean,
WHGame.dll,release_1_5_1164953_841,0x13079e0,175,FUN_1813079e0,,,4d860e5b4fc9b1273362c1d825e38700164fa23c25b40e1482d8077e2092e586,undefined FUN_1813079e0(),ghidra,clean,
WHGame.dll,release_1_5_1164953_841,0x1307a90,169,FUN_181307a90,,,05d38321fe4f1d193fdedde928dfb77d6fe810108494a3892c56672fa635118c,undefined FUN_181307a90(),ghidra,clean,
WHGame.dll,release_1_5_1164953_841,0x1307b3c,169,FUN_181307b3c,,,5735559f4221e227cd13dba6eac549558d3c1029209e55bbe3ac58f10c326f7d,undefined FUN_181307b3c(),ghidra,clean,
WHGame.dll,release_1_5_1164953_841,0x1307be8,169,FUN_181307be8,,,6a4f76a4b40f3f24540293236aae8cc5610ddb02c2a07c26963aa1c65fbd4120,undefined FUN_181307be8(),ghidra,clean,
WHGame.dll,release_1_5_1164953_841,0x1307c94,234,FUN_181307c94,,,2c7c37e0e841dd7b5bea343ee8d62adc9bfcbeaeca50a7b0b95163216caee15c,undefined FUN_181307c94(),ghidra,clean,
WHGame.dll,release_1_5_1164953_841,0x1307d80,234,FUN_181307d80,,,cf42dfd4aab12fbfdec28548c1be6237531ecbc07c58ec11ef85cb1681c4a299,undefined FUN_181307d80(),ghidra,clean,
WHGame.dll,release_1_5_1164953_841,0x1307e6c,234,FUN_181307e6c,,,e5365a8bbf873c66ad3541058ff5253add610fd8f253be7e4b1b6433f9c3ca57,undefined FUN_181307e6c(),ghidra,clean,
WHGame.dll,release_1_5_1164953_841,0x1307f58,1359,FUN_181307f58,,,992e2f8e63d87e12d2c4d684c2e89a4f87a17819c00f0528bafd572c529de3cc,undefined FUN_181307f58(),ghidra,clean,
WHGame.dll,release_1_5_1164953_841,0x13084a8,68,FUN_1813084a8,,,898109c777e84076ed3bb80a901bd52450d70214924ac834fce876c7d2b7a10c,undefined FUN_1813084a8(),ghidra,clean,
WHGame.dll,release_1_5_1164953_841,0x13084ec,157,FUN_1813084ec,,,02ecfa89a4a9c72f16bcaeb8ec2f9fc8d07a925c8220d9db4a5b3f162a14c5b6,undefined FUN_1813084ec(),ghidra,clean,
WHGame.dll,release_1_5_1164953_841,0x130858c,93,FUN_18130858c,,,c4257754e9cd1a214029eaf278c5932891d7c28dd9fd32ed2da8a3a9843ec8d2,undefined FUN_18130858c(),ghidra,clean,
WHGame.dll,release_1_5_1164953_841,0x13085ec,166,FUN_1813085ec,,,f53d32ed10f2e9f342f1e37b729b26dc254e3a68eac2a9126377d9a4b74d13a1,undefined FUN_1813085ec(),ghidra,clean,
WHGame.dll,release_1_5_1164953_841,0x1308694,1159,FUN_181308694,,,f891784d26029265b797cc639777361a82e8334755c63a1ac634fc487b9390c7,undefined FUN_181308694(),ghidra,clean,
WHGame.dll,release_1_5_1164953_841,0x1308b1c,93,FUN_181308b1c,,,417163a6d5588b297c4ed691c207c23628d3d4bbf2bb49253ccb08db45843d2c,undefined FUN_181308b1c(),ghidra,clean,
WHGame.dll,release_1_5_1164953_841,0x1308b7c,166,FUN_181308b7c,,,ee72b24bdbe3b5f01d0e657238feac0a557fd8ff5eaafa221866cdab8290be62,undefined FUN_181308b7c(),ghidra,clean,
WHGame.dll,release_1_5_1164953_841,0x1308c24,1159,FUN_181308c24,,,d44516747924f1690e84cec3bf1a79eeae0b682efbf4c01a211f07ec3153d019,undefined FUN_181308c24(),ghidra,clean,
WHGame.dll,release_1_5_1164953_841,0x13090ac,93,FUN_1813090ac,,,61639fa6f674f5a9eba9cf6ad09f4f0a9f6e9146c96246de5247e6596ce501a7,undefined FUN_1813090ac(),ghidra,clean,
WHGame.dll,release_1_5_1164953_841,0x130910c,166,FUN_18130910c,,,e9ff4f75daa92c3be108a41d99d8b2251e71fbcd2faf1a03b7cf565fdc5c0b3c,undefined FUN_18130910c(),ghidra,clean,
WHGame.dll,release_1_5_1164953_841,0x13091b4,359,FUN_1813091b4,,,941c119499d98228840bc7847db7fc4d394ff37744dc69d91644ded12c26c95f,undefined FUN_1813091b4(),ghidra,clean,
WHGame.dll,release_1_5_1164953_841,0x130930c,359,FUN_18130930c,,,1c4785e22ee87d5125b45d269d61263248b6c4f745985f964403146d97284f90,undefined FUN_18130930c(),ghidra,clean,
WHGame.dll,release_1_5_1164953_841,0x1309464,359,FUN_181309464,,,c3dfcb56d70158f78d7fd711587d9d0c16a4c88ba3ce544fc291c1101641bf6b,undefined FUN_181309464(),ghidra,clean,
WHGame.dll,release_1_5_1164953_841,0x13095bc,359,FUN_1813095bc,,,61990fa992b48a234f064254fe5bb64065afe122a38af99ee27905a9ba10d837,undefined FUN_1813095bc(),ghidra,clean,
WHGame.dll,release_1_5_1164953_841,0x1309714,359,FUN_181309714,,,8f70d8e5004a9a284b12f5967f089b439bcda3b6416f3f611114d6f48583070d,undefined FUN_181309714(),ghidra,clean,
WHGame.dll,release_1_5_1164953_841,0x130986c,264,FUN_18130986c,,,753d2e39698edf7812faab7c585232e5dacd8969f9d7f15ac559a1b4112ece84,undefined FUN_18130986c(),ghidra,clean,
WHGame.dll,release_1_5_1164953_841,0x130996c,244,FUN_18130996c,,,9ca79ed5a7484da802e04e08f900c04899dad391c35b6a3d81c189e745886ad6,undefined FUN_18130996c(),ghidra,clean,
WHGame.dll,release_1_5_1164953_841,0x1309a60,2009,FUN_181309a60,,,924f43fe5d3b56d731ae1797272eeb349799cd1cfacd3f36faf3d8035fb19b0f,undefined FUN_181309a60(),ghidra,clean,
WHGame.dll,release_1_5_1164953_841,0x130a23c,93,FUN_18130a23c,,,f27b8430eb750062805f2fc24644920959c86db6ef90e331bd2f32a244adb882,undefined FUN_18130a23c(),ghidra,clean,
WHGame.dll,release_1_5_1164953_841,0x130a29c,166,FUN_18130a29c,,,ddabb1232bd02aa1236753de7bac768ce026c964a0b21bfa07c9b426f47ef95c,undefined FUN_18130a29c(),ghidra,clean,
WHGame.dll,release_1_5_1164953_841,0x130a344,1647,FUN_18130a344,,,712b28b1ff483b472fb4ddb6f23e5fa7586ad2f78e95188ca320e83f2f366909,undefined FUN_18130a344(),ghidra,clean,
WHGame.dll,release_1_5_1164953_841,0x130a9b4,93,FUN_18130a9b4,,,8a728a7a07003890130c3e976e27fac821811374aaa6466543aa309a7ed45242,undefined FUN_18130a9b4(),ghidra,clean,
WHGame.dll,release_1_5_1164953_841,0x130aa14,166,FUN_18130aa14,,,3645952afb95d640d51bb6dc58268adc365987e2b64812d14f692161bb3744e5,undefined FUN_18130aa14(),ghidra,clean,
WHGame.dll,release_1_5_1164953_841,0x130aabc,234,FUN_18130aabc,,,1670ff0822bbe6a6f3d16b5d8dd38f265c15ad7bfcc486bafa43e5993636b12c,undefined FUN_18130aabc(),ghidra,clean,
WHGame.dll,release_1_5_1164953_841,0x130aba8,234,FUN_18130aba8,,,474ed4d631cc3e79617b8dabd7bc32f3e6704654fba735b551bf00ad98111d12,undefined FUN_18130aba8(),ghidra,clean,
WHGame.dll,release_1_5_1164953_841,0x130ac94,142,FUN_18130ac94,,,a8acfae97f02196774157c6331638513a8f3990f5c5d97b601abdfe812edc253,undefined FUN_18130ac94(),ghidra,clean,
WHGame.dll,release_1_5_1164953_841,0x130ad24,169,FUN_18130ad24,,,c72b407ba82436cc28917a804be8fd888188d77325512545b82f5bd64157f471,undefined FUN_18130ad24(),ghidra,clean,
WHGame.dll,release_1_5_1164953_841,0x130add0,169,FUN_18130add0,,,85e414d1c92c67ee12dcac6f489003000baf61df76f51a713184539fb69113cc,undefined FUN_18130add0(),ghidra,clean,
WHGame.dll,release_1_5_1164953_841,0x130ae7c,273,FUN_18130ae7c,,,22c0856654543b14885ac81af77ea17362cc8cda45bb18bbdcebc3aca8f950f1,undefined FUN_18130ae7c(),ghidra,clean,
WHGame.dll,release_1_5_1164953_841,0x130af80,196,FUN_18130af80,,,eafca5233d9261d71ce9b62a83d95271d695c6adf2ea9a082d8a9faca6a950ff,undefined FUN_18130af80(),ghidra,clean,
WHGame.dll,release_1_5_1164953_841,0x130b03c,175,FUN_18130b03c,,,62cb9073786e3fd396fe61019f59ad2c2ba7b7d94bd61d12fad4a72c7f1b0061,undefined FUN_18130b03c(),ghidra,clean,
WHGame.dll,release_1_5_1164953_841,0x130b0ec,317,FUN_18130b0ec,,,fc87853a448975f3cd2a2122a5c175f3c8cf0e198841b51d19996b9ea939c38d,undefined FUN_18130b0ec(),ghidra,clean,
WHGame.dll,release_1_5_1164953_841,0x130b218,378,FUN_18130b218,,,9e356819999db5b2ca76cd1c81c715bea3f80aafe9d2febae038ee7d3f646fb1,undefined FUN_18130b218(),ghidra,clean,
WHGame.dll,release_1_5_1164953_841,0x130b384,264,FUN_18130b384,,,1741ebb730c6bdf3ebb4fe7076aae248f5a60d68322aa0292778a427d2463f48,undefined FUN_18130b384(),ghidra,clean,
WHGame.dll,release_1_5_1164953_841,0x130b484,244,FUN_18130b484,,,4030ef9271112ff133c83ad397a05bcdeab3b325a74f70f8e53f29fa1a9c9557,undefined FUN_18130b484(),ghidra,clean,
WHGame.dll,release_1_5_1164953_841,0x130b578,296,FUN_18130b578,,,f2dc7ae7d74a8ac7b324925457fd79c64061cab2c900bd6a8be8b7f82d93203f,undefined FUN_18130b578(),ghidra,clean,
WHGame.dll,release_1_5_1164953_841,0x130b6a0,234,FUN_18130b6a0,,,1c4062bdaec0d38fabf7ff5f81aae82983d910cf61ec6b73ed39d955e22a24ec,undefined FUN_18130b6a0(),ghidra,clean,
WHGame.dll,release_1_5_1164953_841,0x130b78c,234,FUN_18130b78c,,,4112c851aa814cafcaf3c7af25616dca8f34332136155bd5ea1de64221fd42af,undefined FUN_18130b78c(),ghidra,clean,
WHGame.dll,release_1_5_1164953_841,0x130b878,171,FUN_18130b878,,,48052e1fc5dadbeb794091b4a0dff38558d47bf4514c8dc17476a9560619fa5d,undefined FUN_18130b878(),ghidra,clean,
WHGame.dll,release_1_5_1164953_841,0x130b8a4,39,FUN_18130b8a4,,,9e3d2ee988c9711b98ee72f0c9ce054b68deb08bb9ef5325baf91592dc8b3b95,undefined FUN_18130b8a4(),ghidra,clean,
WHGame.dll,release_1_5_1164953_841,0x130b8cc,138,FUN_18130b8cc,,,1cb1bcd2fb2f50c3179fd5651d01fa008a32d1e49938cb0843e7130a7732ba91,undefined FUN_18130b8cc(),ghidra,clean,
WHGame.dll,release_1_5_1164953_841,0x130b958,380,FUN_18130b958,,,3bd6831b4a07c28c3cd6a7f2aa0efccad3c564bb11ba05cd48b2ee96143d8b78,undefined FUN_18130b958(),ghidra,clean,
WHGame.dll,release_1_5_1164953_841,0x130bad4,95,FUN_18130bad4,,,a98a1f3ffaf1806a8dc0a3d5fae7abc87ba94770f85321c97aa5f8e2b065ba5b,undefined FUN_18130bad4(),ghidra,clean,
WHGame.dll,release_1_5_1164953_841,0x130bb34,91,FUN_18130bb34,,,d23f0391f3492d9ad0498d22ec401161a7b9100fe62ed93b8991cd2077e359e0,undefined FUN_18130bb34(),ghidra,clean,
WHGame.dll,release_1_5_1164953_841,0x130bb90,145,FUN_18130bb90,,,f4a52ab0d4c815ce2fc51f0e89183b95753c63e1a3f26be52502252619c37d17,undefined FUN_18130bb90(),ghidra,clean,
WHGame.dll,release_1_5_1164953_841,0x130bc24,381,FUN_18130bc24,,,77a78e8ef707f07d1359a45839ccfeff6d809184faca20d635a472e51ffd9cf9,undefined FUN_18130bc24(),ghidra,clean,
WHGame.dll,release_1_5_1164953_841,0x130bda4,155,FUN_18130bda4,,,1a766cb98cc93f6ecf1ab5be930081869f52d8507595b7945903432a713349cf,undefined FUN_18130bda4(),ghidra,clean,
WHGame.dll,release_1_5_1164953_841,0x130be40,291,FUN_18130be40,,,582cb4f39517a954793ec67e6e29e276f8485e05cbe4d18cff90fa120f89b885,undefined FUN_18130be40(),ghidra,clean,
WHGame.dll,release_1_5_1164953_841,0x130bf64,153,FUN_18130bf64,,,92963bd92f98b6b5fe4e3b8157ca7194f2bee71da93ae2e9a11345ed9559914d,undefined FUN_18130bf64(),ghidra,clean,
WHGame.dll,release_1_5_1164953_841,0x130c000,212,FUN_18130c000,,,f62c22429847d786a24412fe2484db1589fb6a60d83a1eeeaa638e7ed8bc7047,undefined FUN_18130c000(),ghidra,clean,
WHGame.dll,release_1_5_1164953_841,0x130c0d4,110,FUN_18130c0d4,,,98a17c46355c57582c9af04cef1422037ad648f6bf346be2cfb99a83cce9379a,undefined FUN_18130c0d4(),ghidra,clean,
WHGame.dll,release_1_5_1164953_841,0x130c144,139,FUN_18130c144,,,d50436f7df80b1f9634f012d196746d04eefbe02f6ad06f6108702f312689e60,undefined FUN_18130c144(),ghidra,clean,
WHGame.dll,release_1_5_1164953_841,0x130c1d0,206,FUN_18130c1d0,,,97391289620d2ff417594a6a0f5e82db67f12281de2d1832b57083cfeee838ce,undefined FUN_18130c1d0(),ghidra,clean,
WHGame.dll,release_1_5_1164953_841,0x130c2a0,199,FUN_18130c2a0,,,15dd833b53b1cff89db232590aa9836f19b1a09da5569fda3f8aff96f7a39758,undefined FUN_18130c2a0(),ghidra,clean,
WHGame.dll,release_1_5_1164953_841,0x130c368,143,FUN_18130c368,,,004170fd77541f2e97274b739749a552d8f0b43a1aa07f0499e5667fb79c2572,undefined FUN_18130c368(),ghidra,clean,
WHGame.dll,release_1_5_1164953_841,0x130c3ec,48,FUN_18130c3ec,,,2d6d8c0e98880f164a6edf380d1846cf9a41891e2ab9421ad561c151fc9fc6da,undefined FUN_18130c3ec(),ghidra,clean,
WHGame.dll,release_1_5_1164953_841,0x130c408,74,FUN_18130c408,,,fc004d92fe2f568a6aae206b9015367528f374aa2e8cd6381c6d20a8c18532f0,undefined FUN_18130c408(),ghidra,clean,
WHGame.dll,release_1_5_1164953_841,0x130c454,129,FUN_18130c454,,,733fb7c936ea8b0a8cea8f5d407e41f2a83cb309a1d026b0bd1530f1cdf688cd,undefined FUN_18130c454(),ghidra,clean,
WHGame.dll,release_1_5_1164953_841,0x130c4d8,245,FUN_18130c4d8,,,7f79675d29d8677837fd209e4fd580d7418ed8b92382518961f3801bd57e6159,undefined FUN_18130c4d8(),ghidra,clean,
WHGame.dll,release_1_5_1164953_841,0x130c5b4,143,FUN_18130c5b4,,,86ae167f3326c9c4cd38874c046a5da041f8285927cc7d113335b91b50fe0796,undefined FUN_18130c5b4(),ghidra,clean,
WHGame.dll,release_1_5_1164953_841,0x130c644,234,FUN_18130c644,,,e546515a421b8ed7525690a9e39615d7e875fe5dd4c77d8c0a9e0fad47993a5d,undefined FUN_18130c644(),ghidra,clean,
WHGame.dll,release_1_5_1164953_841,0x130c730,234,FUN_18130c730,,,6eb162476910341b34fb42bd8cbe321601acb86292cadcd9a7e17d904b29c2dc,undefined FUN_18130c730(),ghidra,clean,
WHGame.dll,release_1_5_1164953_841,0x130c81c,296,FUN_18130c81c,,,58a1070c53f9b6e37084417d6709813607c22db413917475da84161868f92832,undefined FUN_18130c81c(),ghidra,clean,
WHGame.dll,release_1_5_1164953_841,0x130c944,234,FUN_18130c944,,,77d2d5a55864335867b5f82c720910dfadd881e89da6c7f6b201e6ed07e0ee50,undefined FUN_18130c944(),ghidra,clean,
WHGame.dll,release_1_5_1164953_841,0x130ca30,1523,FUN_18130ca30,,,eb8a0c909ede917b0d9c320bd4126e19cf6a138571067edcc09a76fac21830c3,undefined FUN_18130ca30(),ghidra,clean,
WHGame.dll,release_1_5_1164953_841,0x130d024,359,FUN_18130d024,,,1f3f1afa482a595f4d63f7c37f27d7641ab917fb2297056d905e8902f129178e,undefined FUN_18130d024(),ghidra,clean,
WHGame.dll,release_1_5_1164953_841,0x130d17c,254,FUN_18130d17c,,,8f77374af9cfbefb4b2eaabf7cae2391e8457c28f7259f4859ffe5fbe25c7c1c,undefined FUN_18130d17c(),ghidra,clean,
WHGame.dll,release_1_5_1164953_841,0x130d27c,244,FUN_18130d27c,,,01cd338ac6eaf5d7e5b44ed5b68afe30a7be8747d69bf53d9b242530afbbb7fe,undefined FUN_18130d27c(),ghidra,clean,
WHGame.dll,release_1_5_1164953_841,0x130d370,142,FUN_18130d370,,,87cd9609b774266d9b26819cf09da7dfbb620a1b9b9ae2f95cb03c8ef06a8ba7,undefined FUN_18130d370(),ghidra,clean,
WHGame.dll,release_1_5_1164953_841,0x130d400,273,FUN_18130d400,,,bc5c4cc86b32bf354487180f190b6393245e23314489da8d608d84c2187bf8e4,undefined FUN_18130d400(),ghidra,clean,
WHGame.dll,release_1_5_1164953_841,0x130d504,196,FUN_18130d504,,,f780be33c6298a2c7a0a7d90050f4ef6175583e834e10d573753462764230ea7,undefined FUN_18130d504(),ghidra,clean,
WHGame.dll,release_1_5_1164953_841,0x130d5c0,175,FUN_18130d5c0,,,e1bb9be060ef311d500fa79c50689da39964d635b877c468619cfc0121b684ff,undefined FUN_18130d5c0(),ghidra,clean,
WHGame.dll,release_1_5_1164953_841,0x130d670,317,FUN_18130d670,,,e76ae2a30098061a373b7fedc1d86ee14e8adc5979d782f9552f6e60a6325e84,undefined FUN_18130d670(),ghidra,clean,
WHGame.dll,release_1_5_1164953_841,0x130d79c,317,FUN_18130d79c,,,5e169a197e5ece9b7ca7b669c831732dcc05a7fae493e75db81070916f06002a,undefined FUN_18130d79c(),ghidra,clean,
WHGame.dll,release_1_5_1164953_841,0x130d8c8,264,FUN_18130d8c8,,,82c462ff8f20f90844ffb38df75943c01e07af7b94599a692f9511de027c0fdf,undefined FUN_18130d8c8(),ghidra,clean,
WHGame.dll,release_1_5_1164953_841,0x130d9c8,264,FUN_18130d9c8,,,26c6ef56afb16b73935bfec67e2a756683ddc78d6d8f085422797c2d28a2b020,undefined FUN_18130d9c8(),ghidra,clean,
WHGame.dll,release_1_5_1164953_841,0x130dac8,317,FUN_18130dac8,,,46187735470978beda77e8d31ee565525bf60419bca493b144e4e7c5f99cfbbc,undefined FUN_18130dac8(),ghidra,clean,
WHGame.dll,release_1_5_1164953_841,0x130dbf4,264,FUN_18130dbf4,,,04d2b7654364f72c7ca321ebbfcb936098fbd4f604f361b55e0264b1b4bf0235,undefined FUN_18130dbf4(),ghidra,clean,
WHGame.dll,release_1_5_1164953_841,0x130dcf4,243,FUN_18130dcf4,,,575a9cc732b4ca699140e7ff746a846985c4a4d8cd694e27fee2d45008f4256d,undefined FUN_18130dcf4(),ghidra,clean,
WHGame.dll,release_1_5_1164953_841,0x130dde8,243,FUN_18130dde8,,,1d560e9f6c1955205992fc5620dd112739510779c673800edc46e837be9f4ca9,undefined FUN_18130dde8(),ghidra,clean,
WHGame.dll,release_1_5_1164953_841,0x130dedc,243,FUN_18130dedc,,,89f369412ffb769177207720db9d1f1b1c2ee65af6a929646baf2716110f71cd,undefined FUN_18130dedc(),ghidra,clean,
WHGame.dll,release_1_5_1164953_841,0x130dfd0,791,FUN_18130dfd0,,,560024c1b3e7ccc62375724233e8a39ea2a6ac0d059f835f9552e711d0fba23c,undefined FUN_18130dfd0(),ghidra,clean,
WHGame.dll,release_1_5_1164953_841,0x130e0d0,26,FUN_18130e0d0,,,819234953c91d716a341edb10dcca2267107efa13f78881bbca64f4a7a11eeca,undefined FUN_18130e0d0(),ghidra,clean,
WHGame.dll,release_1_5_1164953_841,0x130e0ec,155,FUN_18130e0ec,,,d60c1df49571c9bee49980a8a814ebcc549aa3182e238f71d5b42318eb5812b2,undefined FUN_18130e0ec(),ghidra,clean,
WHGame.dll,release_1_5_1164953_841,0x130e188,298,FUN_18130e188,,,0dd1fa9c25c85b8523e8799b2ed0878b494dbfe14576413495674047892683d1,undefined FUN_18130e188(),ghidra,clean,
WHGame.dll,release_1_5_1164953_841,0x130e2b4,234,FUN_18130e2b4,,,6ad106aa0fa5eda20d628e3dae36f3eef918635b55754e25fe9593f446f3993f,undefined FUN_18130e2b4(),ghidra,clean,
WHGame.dll,release_1_5_1164953_841,0x130e3a0,1338,FUN_18130e3a0,,,66d1271bc67b64911120ca1e8a5768fe6a752d18b7e70f2b13c21bbdf42f578d,undefined FUN_18130e3a0(),ghidra,clean,
WHGame.dll,release_1_5_1164953_841,0x130e8dc,359,FUN_18130e8dc,,,af15929ae586cb22e845645bb5fe364147736b1f812e06e0d36a8cfcbdad1fe8,undefined FUN_18130e8dc(),ghidra,clean,
WHGame.dll,release_1_5_1164953_841,0x130ea34,264,FUN_18130ea34,,,9811d46a35b5a951096241c6c02692f47c433c943c2f258089128ea63fadb4aa,undefined FUN_18130ea34(),ghidra,clean,
WHGame.dll,release_1_5_1164953_841,0x130eb34,244,FUN_18130eb34,,,9b701773548c3eb7a37303de24d6044d78ac0da62e2187157ddf52b4559f7373,undefined FUN_18130eb34(),ghidra,clean,
WHGame.dll,release_1_5_1164953_841,0x130ec28,273,FUN_18130ec28,,,48281277df904399bc599289648bd7f521f22fff9a4e94c3ffbc71a7fd3fa123,undefined FUN_18130ec28(),ghidra,clean,
WHGame.dll,release_1_5_1164953_841,0x130ed2c,196,FUN_18130ed2c,,,92372d85ce83f86637bac0ec0859231fe2554ce637cb4e0c6d46585efc4ec8ae,undefined FUN_18130ed2c(),ghidra,clean,
WHGame.dll,release_1_5_1164953_841,0x130ede8,175,FUN_18130ede8,,,314108f640711faab02ea825a267449a040e199f2d4fd10c725d617ebddf0fec,undefined FUN_18130ede8(),ghidra,clean,
WHGame.dll,release_1_5_1164953_841,0x130ee98,296,FUN_18130ee98,,,6a345b03ba5807d77104395ae6db0c7fb44f42884b80250ef404b5d30c2749bc,undefined FUN_18130ee98(),ghidra,clean,
WHGame.dll,release_1_5_1164953_841,0x130efc0,234,FUN_18130efc0,,,e9bdf3f5f9cdc75a019651a91a23121989e80696523ce5108b8843f514b11a82,undefined FUN_18130efc0(),ghidra,clean,
WHGame.dll,release_1_5_1164953_841,0x130f0ac,204,FUN_18130f0ac,,,9b91001e4df68d0e9f7609580f63099e2738c3958a05c5b5618a6174baea5e93,undefined FUN_18130f0ac(),ghidra,clean,
WHGame.dll,release_1_5_1164953_841,0x130f158,204,FUN_18130f158,,,18433510431f0c97ae3ac03549362c4927cd0fb88783d1e7e7a3e69db9ba3c76,undefined FUN_18130f158(),ghidra,clean,
WHGame.dll,release_1_5_1164953_841,0x130f204,204,FUN_18130f204,,,3eb45a31527a90cf608e4a416a110f30be757819a2104074fcea964f28b1c557,undefined FUN_18130f204(),ghidra,clean,
WHGame.dll,release_1_5_1164953_841,0x130f2b0,376,FUN_18130f2b0,,,25ef150df5064d9da23b01c8051b00eaa4ffdee6ddeadfed23b48d0062018509,undefined FUN_18130f2b0(),ghidra,clean,
WHGame.dll,release_1_5_1164953_841,0x130f3e4,26,FUN_18130f3e4,,,a81ec84aef5b88e6417f6a7b0dab70d3eb30af35d2a71b47669979a825b0084d,undefined FUN_18130f3e4(),ghidra,clean,
WHGame.dll,release_1_5_1164953_841,0x130f400,151,FUN_18130f400,,,002e0765b91cadb6794f4525a4b6cc59ddacd5bb7b88a2c6b61067858c56cadd,undefined FUN_18130f400(),ghidra,clean,
WHGame.dll,release_1_5_1164953_841,0x130f498,151,FUN_18130f498,,,b520ebc49e617b2b7d0239a43d7f91201d0f95cbcb40ee6e472b85bdae798e7b,undefined FUN_18130f498(),ghidra,clean,
WHGame.dll,release_1_5_1164953_841,0x130f530,151,FUN_18130f530,,,9bd3c46f98ff3acac99025b893e215a46635bde3509a81e5798d7aae18a437b2,undefined FUN_18130f530(),ghidra,clean,
WHGame.dll,release_1_5_1164953_841,0x130f5c8,151,FUN_18130f5c8,,,ade58bfdf48f9263e406793ec7ad00e2fee078b6dd69631419bc35c20018a19b,undefined FUN_18130f5c8(),ghidra,clean,
WHGame.dll,release_1_5_1164953_841,0x130f660,151,FUN_18130f660,,,890f9c2f1474818f79c9d10c709f973b81c2252ae94ce4345514bddba6891ff7,undefined FUN_18130f660(),ghidra,clean,
WHGame.dll,release_1_5_1164953_841,0x130f6f8,1131,FUN_18130f6f8,,,3bccb1eb5f0cd647f8426c8d8c80487792b7ac8efa048072d70c2ba0ba0bf55e,undefined FUN_18130f6f8(),ghidra,clean,
WHGame.dll,release_1_5_1164953_841,0x130fb64,155,FUN_18130fb64,,,cdc8c1e5a66fb254d1b0435aa16aabafdaa497bd774c28799f7b7e18b8c87a60,undefined FUN_18130fb64(),ghidra,clean,
WHGame.dll,release_1_5_1164953_841,0x130fc00,304,FUN_18130fc00,,,36b6900cf2576e66715f775a0723c2baa9cba2d45513ee8a3baae466e20d8569,undefined FUN_18130fc00(),ghidra,clean,
WHGame.dll,release_1_5_1164953_841,0x130fd30,155,FUN_18130fd30,,,f1b6c0e7d953d1908b8edcace2e8ed614cd2bcc77a6f016e835cd20c73ca1e32,undefined FUN_18130fd30(),ghidra,clean,
WHGame.dll,release_1_5_1164953_841,0x130fdcc,298,FUN_18130fdcc,,,b250b9ee2f3f937e71e38cb4da71c9ee075f90ac87606e55ec5645c4fd77b3d2,undefined FUN_18130fdcc(),ghidra,clean,
WHGame.dll,release_1_5_1164953_841,0x130fef8,151,FUN_18130fef8,,,a4baaf8d8497d3b4cba3ea72a9ef352e5a889d18d8b5353bb9af451e85a132ed,undefined FUN_18130fef8(),ghidra,clean,
WHGame.dll,release_1_5_1164953_841,0x130ff90,151,FUN_18130ff90,,,2a30debccb592afde4fcf264c7abdbfecd63e2d64f3b3846eba064560ebf7fe2,undefined FUN_18130ff90(),ghidra,clean,
WHGame.dll,release_1_5_1164953_841,0x1310028,151,FUN_181310028,,,30a9acf2827bf372f374eb2e1acadd350efb4c84938b53cc0c0af6db82b11ee7,undefined FUN_181310028(),ghidra,clean,
WHGame.dll,release_1_5_1164953_841,0x13100c0,151,FUN_1813100c0,,,e17b53f56c01b5781ba153ecb3a556953b94d9b33b5a871d3e6960b94c3bc4ac,undefined FUN_1813100c0(),ghidra,clean,
WHGame.dll,release_1_5_1164953_841,0x1310158,234,FUN_181310158,,,9fcf1b8e1c4ccbed4dd6fd4d064a45446c46371147660e8b5b48e04c8a6a1a94,undefined FUN_181310158(),ghidra,clean,
WHGame.dll,release_1_5_1164953_841,0x1310244,234,FUN_181310244,,,0e8f6bc91ab6819c773e74aa5102e20bdb5d3abdc2b76ffefcabb858ecc910b5,undefined FUN_181310244(),ghidra,clean,
WHGame.dll,release_1_5_1164953_841,0x1310330,234,FUN_181310330,,,4b5827768647985b1d6aa34d9f91add3ca6569ffb688f7e85e2277aa517f0476,undefined FUN_181310330(),ghidra,clean,
WHGame.dll,release_1_5_1164953_841,0x131041c,296,FUN_18131041c,,,633a9086b651bed282fc67cde9b2e73dd3665c0494285c9a8a6ba0c5167005c4,undefined FUN_18131041c(),ghidra,clean,
WHGame.dll,release_1_5_1164953_841,0x1310544,1051,FUN_181310544,,,24d9b73548df2ccd1a3f12d85065e29f457ae439c4b232769b3a1ac9a68476fa,undefined FUN_181310544(),ghidra,clean,
WHGame.dll,release_1_5_1164953_841,0x1310960,286,FUN_181310960,,,65fb79ae981065db046d641ba782baa0af0a54629d9628300004efc117244258,undefined FUN_181310960(),ghidra,clean,
WHGame.dll,release_1_5_1164953_841,0x1310a70,261,FUN_181310a70,,,b5574fa9425a4b9628a374285670553a4f6d94b486ca5354e93e3816984d97f9,undefined FUN_181310a70(),ghidra,clean,
WHGame.dll,release_1_5_1164953_841,0x1310b6c,196,FUN_181310b6c,,,14cab0de919e4c5d37a0798162aed678c90c9ef5b3e3455027c1aad4cc3f666c,undefined FUN_181310b6c(),ghidra,clean,
WHGame.dll,release_1_5_1164953_841,0x1310c30,26,FUN_181310c30,,,819234953c91d716a341edb10dcca2267107efa13f78881bbca64f4a7a11eeca,undefined FUN_181310c30(),ghidra,clean,
WHGame.dll,release_1_5_1164953_841,0x1310c4c,155,FUN_181310c4c,,,bc6d5695a68c2a893e584d0b4b95f01ca61813d9472a0bb9bd7de24b78e2c8f8,undefined FUN_181310c4c(),ghidra,clean,
WHGame.dll,release_1_5_1164953_841,0x1310ce8,273,FUN_181310ce8,,,dfbec226328b7b8cc16ddef4bd717fa3041aa6eb9a7b31c2a97fc3af46bbeb81,undefined FUN_181310ce8(),ghidra,clean,
WHGame.dll,release_1_5_1164953_841,0x1310dec,196,FUN_181310dec,,,0e53d14b5a86b78684c1defa8d00f87958e815c9baeda47a7078fe9b8180673e,undefined FUN_181310dec(),ghidra,clean,
WHGame.dll,release_1_5_1164953_841,0x1310ea8,175,FUN_181310ea8,,,915e5c9dfc213559ce54151a4d21a77e8305ae29f6d4ba65708f65167a804ff6,undefined FUN_181310ea8(),ghidra,clean,
WHGame.dll,release_1_5_1164953_841,0x1310f58,301,FUN_181310f58,,,7fa6e2310f089612e0f1ced3195245bcb19f40e9303960f325e37ae167371c8d,undefined FUN_181310f58(),ghidra,clean,
WHGame.dll,release_1_5_1164953_841,0x1311088,359,FUN_181311088,,,3e03fb80123226c861d6b797b1ada0ae342b287609693ad2ac8c7d4eb1632511,undefined FUN_181311088(),ghidra,clean,
WHGame.dll,release_1_5_1164953_841,0x13111e0,264,FUN_1813111e0,,,2eefa6af4e2af4968707f7d71009d429e7f77ecec0d94c3b3f80ca4d869b9d0f,undefined FUN_1813111e0(),ghidra,clean,
WHGame.dll,release_1_5_1164953_841,0x13112e0,244,FUN_1813112e0,,,f9841e4bb3423e765104574666f1c644341cb9c0c67b698c0fa3e340bcec894b,undefined FUN_1813112e0(),ghidra,clean,
WHGame.dll,release_1_5_1164953_841,0x13113d4,378,FUN_1813113d4,,,7b7282b2836b4809ea4f1e676673c800514b3a3f690ce6b785e6bfd836f04216,undefined FUN_1813113d4(),ghidra,clean,
WHGame.dll,release_1_5_1164953_841,0x1311540,264,FUN_181311540,,,7655dd5c563611120396832f28f147cb0f89a740abdf1c3222c6d7bf260bc93c,undefined FUN_181311540(),ghidra,clean,
WHGame.dll,release_1_5_1164953_841,0x1311640,244,FUN_181311640,,,781f9bbe3566e8d1e58c08546ecb4601084d23b76d07fa398d88b62da929351b,undefined FUN_181311640(),ghidra,clean,
WHGame.dll,release_1_5_1164953_841,0x1311734,64,FUN_181311734,,,0d4c9fea7e8ece579bb74726c3ba0899686c76b53cd28695e7d1bb64198c593e,undefined FUN_181311734(),ghidra,clean,
WHGame.dll,release_1_5_1164953_841,0x1311774,95,FUN_181311774,,,93fc6e9b17d709b01412c15cc127d3b46a1663c06c36a327a3eb6b2e0db68f78,undefined FUN_181311774(),ghidra,clean,
WHGame.dll,release_1_5_1164953_841,0x13117d4,285,FUN_1813117d4,,,b85972a7243cbabcc0537081c4a89ee5f24446c318453dafc6d246498d110328,undefined FUN_1813117d4(),ghidra,clean,
WHGame.dll,release_1_5_1164953_841,0x1311874,177,FUN_181311874,,,cbf13b6a2a5240197cb3f166486f57b97cad9df5d8a4e1d6a0cd8aa8dc34ee50,undefined FUN_181311874(),ghidra,clean,
WHGame.dll,release_1_5_1164953_841,0x1311928,175,FUN_181311928,,,5f1677bec1878f34ed4862174f217a7062efdc2dd76995e4d3e09f862832ccc8,undefined FUN_181311928(),ghidra,clean,
WHGame.dll,release_1_5_1164953_841,0x13119d8,359,FUN_1813119d8,,,d565adb081e8e7f3d6e5aad72ccf6d5139c571ddae36c83d84284f0331e75a1d,undefined FUN_1813119d8(),ghidra,clean,
WHGame.dll,release_1_5_1164953_841,0x1311a4c,26,FUN_181311a4c,,,1f5121a0efe0196051d922c690c38ae24f15b4590e6ca40873ce0ba95e0637be,undefined FUN_181311a4c(),ghidra,clean,
WHGame.dll,release_1_5_1164953_841,0x1311a68,93,FUN_181311a68,,,4c9a70214b4a0a67d158854962a425f6057a2edbab6ea793e6acda3dbf01353d,undefined FUN_181311a68(),ghidra,clean,
WHGame.dll,release_1_5_1164953_841,0x1311ac8,151,FUN_181311ac8,,,f6f53a1ce58b8c79e043bd35424fd2fd50dddd2cf6885e2eac7c40b32b56444b,undefined FUN_181311ac8(),ghidra,clean,
WHGame.dll,release_1_5_1164953_841,0x1311b60,151,FUN_181311b60,,,6b2fc9d8dfdfb38e2618c1fa0af7a5e448ae0d3344c649fb725af0239f50cf2b,undefined FUN_181311b60(),ghidra,clean,
WHGame.dll,release_1_5_1164953_841,0x1311bf8,65,FUN_181311bf8,,,e7c8830ca322baf20e61f3bb77844c80e429e2e869b89666134c7120c5b772da,undefined FUN_181311bf8(),ghidra,clean,
WHGame.dll,release_1_5_1164953_841,0x1311c3c,329,FUN_181311c3c,,,297513afef6b2c9dbdb17a07334627a16da8ba3100d3e91d6470a2f245ff1beb,undefined FUN_181311c3c(),ghidra,clean,
WHGame.dll,release_1_5_1164953_841,0x1311d5c,49,FUN_181311d5c,,,972ef0d478f7d685fa47b66dd65d35d9164b7b313ed129e5c2e6ce46ac675a7a,undefined FUN_181311d5c(),ghidra,clean,
WHGame.dll,release_1_5_1164953_841,0x1311d90,53,FUN_181311d90,,,cb5840b1f344c31bb028aad11cca4c36323a776da79d104fca62fb1b10fcc7e6,undefined FUN_181311d90(),ghidra,clean,
WHGame.dll,release_1_5_1164953_841,0x1311dc8,86,FUN_181311dc8,,,fded7b2720ca2e6b3dddebc1746d078e40d43329bee1e69054afe441fcb122e8,undefined FUN_181311dc8(),ghidra,clean,
WHGame.dll,release_1_5_1164953_841,0x1311e04,30,FUN_181311e04,,,dabad1b1bfe647cf6afe14821039db8a55bf0a031b9e3876d568286206206e38,undefined FUN_181311e04(),ghidra,clean,
WHGame.dll,release_1_5_1164953_841,0x1311e24,190,FUN_181311e24,,,28094bf4f0ba1579b15be7ce0f1c8322c42f431d80d6e2f57bcea2f534e7e8db,undefined FUN_181311e24(),ghidra,clean,
WHGame.dll,release_1_5_1164953_841,0x1311ee4,155,FUN_181311ee4,,,0c24e6fc0787725543229e49b985455613de93753ae1d14232abd3f8a266c284,undefined FUN_181311ee4(),ghidra,clean,
WHGame.dll,release_1_5_1164953_841,0x1311f80,291,FUN_181311f80,,,753a7c7755ec94092f07b055277e7ae6b1a0cc42b662d4232599251b8a0e9b96,undefined FUN_181311f80(),ghidra,clean,
WHGame.dll,release_1_5_1164953_841,0x13120a4,165,FUN_1813120a4,,,f5b8eba266d196aa7d0d73ed5ffa521b6833434ee528880d8793b1fddded4ae2,undefined FUN_1813120a4(),ghidra,clean,
WHGame.dll,release_1_5_1164953_841,0x131214c,285,FUN_18131214c,,,8b60136b212ca351c4b7430defe63d3cdcb39c9da8106ea6fa88589c05e206e8,undefined FUN_18131214c(),ghidra,clean,
WHGame.dll,release_1_5_1164953_841,0x131227c,32,FUN_18131227c,,,893660ca5f3e277aa48dbfd0beb8d035351a76c7039708db1c270b0ef6e520fa,undefined FUN_18131227c(),ghidra,clean,
WHGame.dll,release_1_5_1164953_841,0x131229c,96,FUN_18131229c,,,58b2319d0c2a7747b8da612f6639e3c228be259e50b51fd11984d8cd327c75ac,undefined FUN_18131229c(),ghidra,clean,
WHGame.dll,release_1_5_1164953_841,0x13122d4,68,FUN_1813122d4,,,595b6957ed4bb23f75ffe5ef3202af56a0415b185124f9477af9b029095c7542,undefined FUN_1813122d4(),ghidra,clean,
WHGame.dll,release_1_5_1164953_841,0x1312318,119,FUN_181312318,,,42d4de4ba823575945f4ebb9286a5b0d58bb36a726a277a3c378ab90f25e9edc,undefined FUN_181312318(),ghidra,clean,
WHGame.dll,release_1_5_1164953_841,0x1312350,190,FUN_181312350,,,e0f3e768d11e878f962f579e12250e01b5991e63ef903cf3c6af892859cc5b23,undefined FUN_181312350(),ghidra,clean,
WHGame.dll,release_1_5_1164953_841,0x1312410,30,FUN_181312410,,,86c561d287263701da710bbf12db9a0839e09f356eab72a3a68ff067bd8e1e83,undefined FUN_181312410(),ghidra,clean,
WHGame.dll,release_1_5_1164953_841,0x1312430,108,FUN_181312430,,,531e44866a1b9ed1808d7e200fd70119b2c5622734af65c1f7745c3471922dce,undefined FUN_181312430(),ghidra,clean,
WHGame.dll,release_1_5_1164953_841,0x131249c,43,FUN_18131249c,,,7427cf5f42700e06a5c5bde02044d7dd457e2feba8357504184235b8152ca101,undefined FUN_18131249c(),ghidra,clean,
WHGame.dll,release_1_5_1164953_841,0x13124c8,120,FUN_1813124c8,,,b52155a71fae4359ee7077548b82cb4a9ee9e006684b91afb7a9ed25ae130143,undefined FUN_1813124c8(),ghidra,clean,
WHGame.dll,release_1_5_1164953_841,0x1312540,490,FUN_181312540,,,3230ebc33c3eb8a6cf9556ff8c59f1b04a993125adeb38b0278e770ef6eaefa8,undefined FUN_181312540(),ghidra,clean,
WHGame.dll,release_1_5_1164953_841,0x131272c,488,FUN_18131272c,,,d38b9b9c0798f036722813c53dac70faa0391925e7dadcd493fdf7687224dd02,undefined FUN_18131272c(),ghidra,clean,
WHGame.dll,release_1_5_1164953_841,0x1312914,10,FUN_181312914,,,484d47e90ff5d0d747411331e4204be5770f9fa49b785ad96947fdf64edd4add,undefined FUN_181312914(),ghidra,clean,
WHGame.dll,release_1_5_1164953_841,0x1312920,20,FUN_181312920,,,0c19a8fea5fa878fea3d0521e29f62eec12c9ae57b682c0a332743909caa994e,undefined FUN_181312920(),ghidra,clean,
WHGame.dll,release_1_5_1164953_841,0x1312934,73,FUN_181312934,,,d86ac9b84dcb24a0b5f601287b28fbfeb63a8932b69c7064de7ed461e22244e8,undefined FUN_181312934(),ghidra,clean,
WHGame.dll,release_1_5_1164953_841,0x1312970,199,FUN_181312970,,,aecdabd67a852228e9a71b3ccbfa92faed1d810959cada144ccaff5bc83cfa79,undefined FUN_181312970(),ghidra,clean,
WHGame.dll,release_1_5_1164953_841,0x1312a3c,339,FUN_181312a3c,,,0ffd90564a10b8998319e91ceb49335a917d36654de58063fba0c79c8cfef253,undefined FUN_181312a3c(),ghidra,clean,
WHGame.dll,release_1_5_1164953_841,0x1312a64,180,FUN_181312a64,,,7bd62fbb770f8cc8b061fb5c77e98ddc74ef0bfea25a250807666fa0382e3a08,undefined FUN_181312a64(),ghidra,clean,
WHGame.dll,release_1_5_1164953_841,0x1312b18,494,FUN_181312b18,,,43a314d706060920ac3a7f08e3b4f71527c6116d7bf75249503824efd52e3a55,undefined FUN_181312b18(),ghidra,clean,
WHGame.dll,release_1_5_1164953_841,0x1312d08,128,FUN_181312d08,,,9b3d601fd516fcdb697b9363d3ae43035374791a1e51621864a966ec15aecedf,undefined FUN_181312d08(),ghidra,clean,
WHGame.dll,release_1_5_1164953_841,0x1312d88,116,FUN_181312d88,,,bde48cf94c257c4f7d04ad4012d65c1e0881ecddb282f8f60d593de8de557c32,undefined FUN_181312d88(),ghidra,clean,
WHGame.dll,release_1_5_1164953_841,0x1312dfc,133,FUN_181312dfc,,,9c5d4eba55a5d8d2271c15c4ce33e918fa8c0b7b9367a11849ee9eb82f063dee,undefined FUN_181312dfc(),ghidra,clean,
WHGame.dll,release_1_5_1164953_841,0x1312e84,55,FUN_181312e84,,,7f7a91e318b8986a5db14fdbdb3e486f4bb9a501f977b5d44152de95adc1f0b4,undefined FUN_181312e84(),ghidra,clean,
WHGame.dll,release_1_5_1164953_841,0x1312eac,181,FUN_181312eac,,,589912692ce0845d5dcd89e06bb7f1532a70272e61d7d48d3b4edb62207f1573,undefined FUN_181312eac(),ghidra,clean,
WHGame.dll,release_1_5_1164953_841,0x1312f64,67,FUN_181312f64,,,98b82d1609e5c060daeb67c5f7e41fba6b1fd8ef3f6bbf4d71f2483076546f5d,undefined FUN_181312f64(),ghidra,clean,
WHGame.dll,release_1_5_1164953_841,0x1312fa8,189,FUN_181312fa8,,,33f4e6d599137d8a5a4317014081978df047b3c67d17069252968e911d9d5e51,undefined FUN_181312fa8(),ghidra,clean,
WHGame.dll,release_1_5_1164953_841,0x1313068,63,FUN_181313068,,,beb945a069df178e89ac97f44b7206fd5127bea2722e204be842428a7ba75164,undefined FUN_181313068(),ghidra,clean,
WHGame.dll,release_1_5_1164953_841,0x13130a8,63,FUN_1813130a8,,,7d4cfd041dca2577bca2852ebdc4822f86e30475f78f3959b4373075b15e8c2e,undefined FUN_1813130a8(),ghidra,clean,
WHGame.dll,release_1_5_1164953_841,0x13130e8,63,FUN_1813130e8,,,beac4b41e8ce4b8c0dde39fcab95dde64ae9a46aed6ca9e6acab8f8141881e0b,undefined FUN_1813130e8(),ghidra,clean,
WHGame.dll,release_1_5_1164953_841,0x1313128,60,FUN_181313128,,,497fd69a836ce9b45882872c85497e0a8c2e37737b7fa0e4496588af0eabce23,undefined FUN_181313128(),ghidra,clean,
WHGame.dll,release_1_5_1164953_841,0x1313164,243,FUN_181313164,,,6c31e04308abd151def0a7feee9ffb0be32a5f45690f383c7dc8245868c1bc3d,undefined FUN_181313164(),ghidra,clean,
WHGame.dll,release_1_5_1164953_841,0x1313258,33,FUN_181313258,,,05c4e7eda272b7183f273b253ac7f34d175c6be0de12aaf4e9d395146d83acda,undefined FUN_181313258(),ghidra,clean,
WHGame.dll,release_1_5_1164953_841,0x131327c,52,FUN_18131327c,,,9b1a07c9b66e9800e48c07f529552132aa94bf3f3e7867457ff1396e7ad55c04,undefined FUN_18131327c(),ghidra,clean,
WHGame.dll,release_1_5_1164953_841,0x13132b0,125,FUN_1813132b0,,,a09114a64314e992f3b4abdd77f95340767446c9b5f0de479cfd17335d9f2527,undefined FUN_1813132b0(),ghidra,clean,
WHGame.dll,release_1_5_1164953_841,0x1313330,100,FUN_181313330,,,77976bc217b17a3cbd56adbe59ab3aea15105a34b20d8b841e2926eb71d71509,undefined FUN_181313330(),ghidra,clean,
WHGame.dll,release_1_5_1164953_841,0x1313398,155,FUN_181313398,,,2a63f9e441bf11e2f3d9156c66d90ddb427c9643e813793c5ed7782df270434a,undefined FUN_181313398(),ghidra,clean,
WHGame.dll,release_1_5_1164953_841,0x1313434,291,FUN_181313434,,,0eb13b7868385a4f5c00c43d65d7f79ebb3d991b714ca17b4ca9ff7fa2435a14,undefined FUN_181313434(),ghidra,clean,
WHGame.dll,release_1_5_1164953_841,0x1313558,155,FUN_181313558,,,16e3e5aa2ce0b1a043279fa5fb44643065b4f295bb99e4ea2299aacb80ce8a27,undefined FUN_181313558(),ghidra,clean,
WHGame.dll,release_1_5_1164953_841,0x13135f4,291,FUN_1813135f4,,,76484606c3cea4aed9906a3086e06c66b1ce9523fa59ac8ce91a96de241e2d4f,undefined FUN_1813135f4(),ghidra,clean,
WHGame.dll,release_1_5_1164953_841,0x1313718,234,FUN_181313718,,,c92fc3cda8a6fccf0297058e6de054ae7df063f7d708c7a156f3a13a27dae539,undefined FUN_181313718(),ghidra,clean,
WHGame.dll,release_1_5_1164953_841,0x1313804,234,FUN_181313804,,,47e5961c6e008b7438e12c5b0342f675cac09eb1a39c39889cec6c9f6145d0c5,undefined FUN_181313804(),ghidra,clean,
WHGame.dll,release_1_5_1164953_841,0x13138f0,234,FUN_1813138f0,,,1db00e5ff61845529a559cf8d8d4100df26592cfd4ef8f45109bc8340e245fca,undefined FUN_1813138f0(),ghidra,clean,
WHGame.dll,release_1_5_1164953_841,0x13139dc,296,FUN_1813139dc,,,17227afa14b4e012d1229ca32148641bd32f516776640b9feaf9bb827bf2e734,undefined FUN_1813139dc(),ghidra,clean,
WHGame.dll,release_1_5_1164953_841,0x1313b04,1275,FUN_181313b04,,,98336f6531b39c681976362b7c53f59ca5f501306feb5a6a55cd6ba66f4708c7,undefined FUN_181313b04(),ghidra,clean,
WHGame.dll,release_1_5_1164953_841,0x1314000,273,FUN_181314000,,,b08aa18c25f5220b3046f0a4ce8e084cedfc94455b06fd3987d3e32c58d5b11d,undefined FUN_181314000(),ghidra,clean,
WHGame.dll,release_1_5_1164953_841,0x1314104,196,FUN_181314104,,,e976191e3a0a5853535449b09a5907f7d9837995518fb34e125a84b243f8e1d1,undefined FUN_181314104(),ghidra,clean,
WHGame.dll,release_1_5_1164953_841,0x13141c0,175,FUN_1813141c0,,,6add222fde08ce643ccd5ec38bb026b59fc0027fa71253b43614f751975ce6c5,undefined FUN_1813141c0(),ghidra,clean,
WHGame.dll,release_1_5_1164953_841,0x1314270,317,FUN_181314270,,,97aa0df15e766da6c878a12e0f57322387e6918bc7876d0d3fc42cdacc24f5a9,undefined FUN_181314270(),ghidra,clean,
WHGame.dll,release_1_5_1164953_841,0x131439c,264,FUN_18131439c,,,143e22306f7d4042714e646aa470c3eb80789667674bd79597bb491ed5e73c6e,undefined FUN_18131439c(),ghidra,clean,
WHGame.dll,release_1_5_1164953_841,0x131449c,243,FUN_18131449c,,,db5a38dcee2813621e39e603347232cd9fde11b1803dc0258bd610c0a6ff65ce,undefined FUN_18131449c(),ghidra,clean,
WHGame.dll,release_1_5_1164953_841,0x1314590,741,FUN_181314590,,,7cd782dd9a331724c2dd2b49ab2447715cda66663e698759b86a07099211cee4,undefined FUN_181314590(),ghidra,clean,
WHGame.dll,release_1_5_1164953_841,0x1314690,26,FUN_181314690,,,819234953c91d716a341edb10dcca2267107efa13f78881bbca64f4a7a11eeca,undefined FUN_181314690(),ghidra,clean,
WHGame.dll,release_1_5_1164953_841,0x13146ac,155,FUN_1813146ac,,,6618d245e2c11b37603df2dea29aef5afe9e55dca95012fbcf87ee34e1477b99,undefined FUN_1813146ac(),ghidra,clean,
WHGame.dll,release_1_5_1164953_841,0x1314748,298,FUN_181314748,,,5278390d0819b6aabd124581368ca0ea32f49d7b1a7cb97e50ae1cb92a43e8a0,undefined FUN_181314748(),ghidra,clean,
WHGame.dll,release_1_5_1164953_841,0x1314874,359,FUN_181314874,,,eb2abf08847a95d4bcf561102bb1ed462961fc84e8fb2a8dd12dfeeb316dc5eb,undefined FUN_181314874(),ghidra,clean,
WHGame.dll,release_1_5_1164953_841,0x13149cc,264,FUN_1813149cc,,,913db844ea690616418f43a011ad2eeb2c1bd6a054bb85357adc16a3cde05f02,undefined FUN_1813149cc(),ghidra,clean,
WHGame.dll,release_1_5_1164953_841,0x1314acc,244,FUN_181314acc,,,0ddf375539402ae54d665ff9d94d328f97194b49c6c934815b13141aedbbfc52,undefined FUN_181314acc(),ghidra,clean,
WHGame.dll,release_1_5_1164953_841,0x1314bc0,378,FUN_181314bc0,,,41128132713ed11004778aaeb932d5ca8785ad1cf21f62376401b6d699a8542d,undefined FUN_181314bc0(),ghidra,clean,
WHGame.dll,release_1_5_1164953_841,0x1314d2c,264,FUN_181314d2c,,,6fa05d2703cbced6742be70c765be66f149d6e871429feaad96f2d7b03e79084,undefined FUN_181314d2c(),ghidra,clean,
WHGame.dll,release_1_5_1164953_841,0x1314e2c,244,FUN_181314e2c,,,056056b3eb0cf7b86b3239eea21d66ca8e6f04a201e3a0830e33327c346c9a5d,undefined FUN_181314e2c(),ghidra,clean,
WHGame.dll,release_1_5_1164953_841,0x1314f20,741,FUN_181314f20,,,d4a5679249dd4b961b5ff8cb40e4604a9d03b14703c507b510ecd0a350410ecc,undefined FUN_181314f20(),ghidra,clean,
WHGame.dll,release_1_5_1164953_841,0x1315020,26,FUN_181315020,,,819234953c91d716a341edb10dcca2267107efa13f78881bbca64f4a7a11eeca,undefined FUN_181315020(),ghidra,clean,
WHGame.dll,release_1_5_1164953_841,0x131503c,155,FUN_18131503c,,,74dca9325341025ed38aba6f627b7ed95ee9d5a280399393421aa00aadc3fad5,undefined FUN_18131503c(),ghidra,clean,
WHGame.dll,release_1_5_1164953_841,0x13150d8,298,FUN_1813150d8,,,e22876d8d1607080e59e3d1b233454c3df5aea2515d6da303eeeb44e3e7abb78,undefined FUN_1813150d8(),ghidra,clean,
WHGame.dll,release_1_5_1164953_841,0x1315204,50,FUN_181315204,,,32d950ba611ba15b1dd37dffa8221803c79855eb95ae1d9d2c136f394bcd6e00,undefined FUN_181315204(),ghidra,clean,
WHGame.dll,release_1_5_1164953_841,0x1315238,285,FUN_181315238,,,e33abf71c6b488b991e77a5143bc95a2febe68f3c0de0d83db019a21c17d958e,undefined FUN_181315238(),ghidra,clean,
WHGame.dll,release_1_5_1164953_841,0x13152d8,100,FUN_1813152d8,,,926efe9574bd22962a03fdd380d42d671d8d383d04ed775e219198d1996faf8e,undefined FUN_1813152d8(),ghidra,clean,
WHGame.dll,release_1_5_1164953_841,0x131533c,843,FUN_18131533c,,,05579dfcef71a3953dcae64347364fb14caa5faafbc095dc109424dc8cd5bf6d,undefined FUN_18131533c(),ghidra,clean,
WHGame.dll,release_1_5_1164953_841,0x1315688,41,FUN_181315688,,,cfc2158402108ef607c0afa45c2d3675273908597c96d782706c602b8f4acab7,undefined FUN_181315688(),ghidra,clean,
WHGame.dll,release_1_5_1164953_841,0x13156b4,106,FUN_1813156b4,,,a0045cf807e148f83ea24ed744f8bace7fdaa411006de9ba77f8fbeed18b8127,undefined FUN_1813156b4(),ghidra,clean,
WHGame.dll,release_1_5_1164953_841,0x13156f8,22,FUN_1813156f8,,,2a61d1d15314ef8e464893f8228dcc33a5c7e70662c6881d5fae4eb356ced4f9,undefined FUN_1813156f8(),ghidra,clean,
WHGame.dll,release_1_5_1164953_841,0x1315710,96,FUN_181315710,,,ada85c74d4a69af9a20ce1619b4bb3df59d740109f5d7489c0b3bea596ec0eee,undefined FUN_181315710(),ghidra,clean,
WHGame.dll,release_1_5_1164953_841,0x1315770,417,FUN_181315770,,,3d839b26d2b330345be20bf9bc71adee4aaaf75a1adcfc432456c9759b59cba7,undefined FUN_181315770(),ghidra,clean,
WHGame.dll,release_1_5_1164953_841,0x1315900,264,FUN_181315900,,,3819838aed09920afdcfeab7d6d98d97c5f5a0d596e4d55e99ccc9027daff988,undefined FUN_181315900(),ghidra,clean,
WHGame.dll,release_1_5_1164953_841,0x1315a00,244,FUN_181315a00,,,c939e9ea5905f609f3978451c7820ea5c98a76f0a01670d8a288e87767e3224e,undefined FUN_181315a00(),ghidra,clean,
WHGame.dll,release_1_5_1164953_841,0x1315b90,296,FUN_181315b90,,,3a79a57013778fcbdd73667337fda2eb9e20f69376891612054535f372122852,undefined FUN_181315b90(),ghidra,clean,
WHGame.dll,release_1_5_1164953_841,0x1315cb8,196,FUN_181315cb8,,,1bd358a0958035561646e4aa27b89f560158f9f823ebbebb83e3fc549712a3e8,undefined FUN_181315cb8(),ghidra,clean,
WHGame.dll,release_1_5_1164953_841,0x1315d74,175,FUN_181315d74,,,061c004763003168e0da8f09e03f710dc77fac2c25370a1b31f9dfa899b772d1,undefined FUN_181315d74(),ghidra,clean,
WHGame.dll,release_1_5_1164953_841,0x1315e24,234,FUN_181315e24,,,8c2901527846700e5937feb796d26d62faa55afe8bf567e7404cdb260bf342ee,undefined FUN_181315e24(),ghidra,clean,
WHGame.dll,release_1_5_1164953_841,0x1315f10,87,FUN_181315f10,,,70bf5aa4da7689956b854cc7d12cbd25b198f4a2156f0bedf5a3da69391f3887,undefined FUN_181315f10(),ghidra,clean,
WHGame.dll,release_1_5_1164953_841,0x1315f68,207,FUN_181315f68,,,c3374ab7ffdf01a13cc9c1f9d017350a9d02f3fac3b3ad7a16e3acc166857843,undefined FUN_181315f68(),ghidra,clean,
WHGame.dll,release_1_5_1164953_841,0x1316028,26,FUN_181316028,,,48db393525acbd0fef76998bdbf95e854bd3aef130c843a22f64754d1970ef01,undefined FUN_181316028(),ghidra,clean,
WHGame.dll,release_1_5_1164953_841,0x1316044,190,FUN_181316044,,,259e16992d784e8140b231b33ab6d1ea50776cbfdcab32fc2edf83f370d2995e,undefined FUN_181316044(),ghidra,clean,
WHGame.dll,release_1_5_1164953_841,0x1316104,194,FUN_181316104,,,29bb9de96bb2b0ab9df3cf1ca39e0818939dc7af2d921dc079026a30f8bcebb1,undefined FUN_181316104(),ghidra,clean,
WHGame.dll,release_1_5_1164953_841,0x13161c8,155,FUN_1813161c8,,,8884f595337673157f52b0497105cc330a5ced6774737b68b1a20912f8beb353,undefined FUN_1813161c8(),ghidra,clean,
WHGame.dll,release_1_5_1164953_841,0x1316264,190,FUN_181316264,,,f55c771eb1852459d6df70290c74e56cc6dadc2bd7c484536e6e78bc69573ae4,undefined FUN_181316264(),ghidra,clean,
WHGame.dll,release_1_5_1164953_841,0x1316324,190,FUN_181316324,,,e9d222482de6151def232a9b793d2fa41a48da8e147d2902793134bdb57792e5,undefined FUN_181316324(),ghidra,clean,
WHGame.dll,release_1_5_1164953_841,0x13163e4,190,FUN_1813163e4,,,63261bde34914758717707ee52a96ec1461b618f7816a5a414366ad0de58b411,undefined FUN_1813163e4(),ghidra,clean,
WHGame.dll,release_1_5_1164953_841,0x13164a4,850,FUN_1813164a4,,,2e9160bffdf1cbc49f829fe9d871b91e5d3e571bf42547397215f0d9876d9a73,undefined FUN_1813164a4(),ghidra,clean,
WHGame.dll,release_1_5_1164953_841,0x1316568,5,FUN_181316568,,,70bf2d6deedcf734920e571ef09558025e359e9a739e5789ffaf6c9299398808,undefined FUN_181316568(),ghidra,clean,
WHGame.dll,release_1_5_1164953_841,0x1316574,264,FUN_181316574,,,2fc015190623266b0d20c499ba35f2fa4075ebf7fce3b35065ff70e217328865,undefined FUN_181316574(),ghidra,clean,
WHGame.dll,release_1_5_1164953_841,0x131667c,155,FUN_18131667c,,,ce34b854cd0ee4c623132eafeb94a9e5744cee370b75afecb480dda829258875,undefined FUN_18131667c(),ghidra,clean,
WHGame.dll,release_1_5_1164953_841,0x1316718,234,FUN_181316718,,,5516bd20188ec009a20e408bea0a500bea4d0695f6f0d4072dcec4bae249e50f,undefined FUN_181316718(),ghidra,clean,
WHGame.dll,release_1_5_1164953_841,0x1316804,207,FUN_181316804,,,5172dab3df503969550e0961c5f2c3164197db0fee9858a33a240914ec332b64,undefined FUN_181316804(),ghidra,clean,
WHGame.dll,release_1_5_1164953_841,0x13168c4,83,FUN_1813168c4,,,aa8c9d82471990b1dd5d6e4de1096a4c69c1c48c84f8604a02d31763cd6cd364,undefined FUN_1813168c4(),ghidra,clean,
WHGame.dll,release_1_5_1164953_841,0x1316918,30,FUN_181316918,,,44841a36b8b612b2a79c1f3d353f3b8e49f25e1cd3ff55e85674b0e316df25a5,undefined FUN_181316918(),ghidra,clean,
WHGame.dll,release_1_5_1164953_841,0x1316938,83,FUN_181316938,,,fca4c23d1bc56e1170fe57f7e82c717a3c4c0e807d0384832a83380b0b17d7b2,undefined FUN_181316938(),ghidra,clean,
WHGame.dll,release_1_5_1164953_841,0x131698c,85,FUN_18131698c,,,b92f5ccf4c71c180148d93461f9a747e0c74b119bc9fc85d9ad41ee68faad52b,undefined FUN_18131698c(),ghidra,clean,
WHGame.dll,release_1_5_1164953_841,0x13169c0,155,FUN_1813169c0,,,45a664e47dab446d97c22dcaad74f0ae9c3d976f8cda3bd98fded4a8ca2fb869,undefined FUN_1813169c0(),ghidra,clean,
WHGame.dll,release_1_5_1164953_841,0x1316a5c,251,FUN_181316a5c,,,d1c88eb7f70232f8c9ea83f0b74401d3c71c94e7286288aa24fb44f191f54a74,undefined FUN_181316a5c(),ghidra,clean,
WHGame.dll,release_1_5_1164953_841,0x1316b58,196,FUN_181316b58,,,9cc527521c29e4db65702698fd24bc69b1ef8db3ed9ae1fbdfd64119f64bdddd,undefined FUN_181316b58(),ghidra,clean,
WHGame.dll,release_1_5_1164953_841,0x1316c1c,261,FUN_181316c1c,,,3b06f3e723f7526c493765ed4c6661ee0104f823281fb110ccab37fa2199a797,undefined FUN_181316c1c(),ghidra,clean,
WHGame.dll,release_1_5_1164953_841,0x1316d18,196,FUN_181316d18,,,9ebf40029137dca9a5ec4095f2a9d03ff5ad24e193ff5e658c4f1d4312555692,undefined FUN_181316d18(),ghidra,clean,
WHGame.dll,release_1_5_1164953_841,0x1316ddc,291,FUN_181316ddc,,,3eda7a54448b2d6163be431ae4f5187e2e2ca94927d03811b22d27393d0cf495,undefined FUN_181316ddc(),ghidra,clean,
WHGame.dll,release_1_5_1164953_841,0x1316f00,291,FUN_181316f00,,,39bb746e670c2e769169f4996859f4529e1756790022b6adff042835070f3751,undefined FUN_181316f00(),ghidra,clean,
WHGame.dll,release_1_5_1164953_841,0x1317024,291,FUN_181317024,,,c4355abaa987720dc04be1aef371fc115873c230f1b71c9ec81c9b96c01580a5,undefined FUN_181317024(),ghidra,clean,
WHGame.dll,release_1_5_1164953_841,0x1317148,234,FUN_181317148,,,240d03525c1a49446132fe1215f09dc17fbf5e0220abf496d94620965c9f107d,undefined FUN_181317148(),ghidra,clean,
WHGame.dll,release_1_5_1164953_841,0x1317234,296,FUN_181317234,,,33f27a74a3abbda8c00869f16d3b0f62d29eb498858d4e2277134b1c758c942e,undefined FUN_181317234(),ghidra,clean,
WHGame.dll,release_1_5_1164953_841,0x131735c,291,FUN_18131735c,,,8b60ba329831e8dfce2521cde8b59b7649cab2f05c95321b31efa190544bbc90,undefined FUN_18131735c(),ghidra,clean,
WHGame.dll,release_1_5_1164953_841,0x1317480,273,FUN_181317480,,,812c291049acd3b51a399e2f962a9e7564ef8f6c5c0a3112512979781c43d2d7,undefined FUN_181317480(),ghidra,clean,
WHGame.dll,release_1_5_1164953_841,0x1317584,196,FUN_181317584,,,80821dc5d35595531af7a63848674e7c4e3e20bf4b6ca0d2a0c26e88be8ac1f5,undefined FUN_181317584(),ghidra,clean,
WHGame.dll,release_1_5_1164953_841,0x1317640,175,FUN_181317640,,,75110190b31807deeb3b4b5e54d982a4ac3a52e3992de2810a56d3e1ad4d71e2,undefined FUN_181317640(),ghidra,clean,
WHGame.dll,release_1_5_1164953_841,0x13176f0,891,FUN_1813176f0,,,10b854838784b5f5a6d61b6e5d9dec40d7dcd5b948a3dc4eb1a9d023189a6760,undefined FUN_1813176f0(),ghidra,clean,
WHGame.dll,release_1_5_1164953_841,0x13177b4,5,FUN_1813177b4,,,6f18598b04ecccf18cabc9b8cfb84ad5811a216884b53165c22fc09631568610,undefined FUN_1813177b4(),ghidra,clean,
WHGame.dll,release_1_5_1164953_841,0x13177b9,4,FUN_1813177b9,,,2ffb5d7bbb9118b00324ef7ceb3fc19a0242cb1db13dcad10f5bef77fd1e45d7,undefined FUN_1813177b9(),ghidra,clean,
WHGame.dll,release_1_5_1164953_841,0x13177c0,234,FUN_1813177c0,,,c63381c67f37b29f4f2d7e1deb775188a698ae1c48ed1c45d2af78bf80c12fdc,undefined FUN_1813177c0(),ghidra,clean,
WHGame.dll,release_1_5_1164953_841,0x13178ac,194,FUN_1813178ac,,,7f0885bcf69ee894e0031f4edde95a2f7203914e16c841f39a437770b7c4f5a3,undefined FUN_1813178ac(),ghidra,clean,
WHGame.dll,release_1_5_1164953_841,0x1317970,155,FUN_181317970,,,adf47864da6c7653cf4cf29970a9431890468d7a752be759f281ea229da69b7c,undefined FUN_181317970(),ghidra,clean,
WHGame.dll,release_1_5_1164953_841,0x1317a0c,190,FUN_181317a0c,,,d3a9d149e5db865bcae91f6169d6a5d0232e12898904d7dc52ad0fea3977428f,undefined FUN_181317a0c(),ghidra,clean,
WHGame.dll,release_1_5_1164953_841,0x1317acc,190,FUN_181317acc,,,8c9998b60fa178152e754465f394cab5442f192079a1d87d1ba1ca15807651ab,undefined FUN_181317acc(),ghidra,clean,
WHGame.dll,release_1_5_1164953_841,0x1317b8c,190,FUN_181317b8c,,,6bd6f6a7c19807b62b15be75046d12f486b526df51c413803f1bf4007779b082,undefined FUN_181317b8c(),ghidra,clean,
WHGame.dll,release_1_5_1164953_841,0x1317c4c,586,FUN_181317c4c,,,a784dfd74b62c5f6e049e3af6a4cd858bea84f5dbfa44a107e964099ae89e2d8,undefined FUN_181317c4c(),ghidra,clean,
WHGame.dll,release_1_5_1164953_841,0x1317e98,234,FUN_181317e98,,,184b62bcd4123566f587b752537e2e91342d44b988cc87825ecc0ab21550aa84,undefined FUN_181317e98(),ghidra,clean,
WHGame.dll,release_1_5_1164953_841,0x1317f84,207,FUN_181317f84,,,711765e9568ec406bac95e52d13aee837d47e89e3227781f7b6ff98d7ebfade6,undefined FUN_181317f84(),ghidra,clean,
WHGame.dll,release_1_5_1164953_841,0x1318044,850,FUN_181318044,,,385538a22461536bb938c5db144674254d283bedfacf5b369e6cfdf0438f8a85,undefined FUN_181318044(),ghidra,clean,
WHGame.dll,release_1_5_1164953_841,0x1318108,5,FUN_181318108,,,70bf2d6deedcf734920e571ef09558025e359e9a739e5789ffaf6c9299398808,undefined FUN_181318108(),ghidra,clean,
WHGame.dll,release_1_5_1164953_841,0x1318114,264,FUN_181318114,,,b8e1a80b21eea258ab45b5788b50d6cab6eb2ff6e30fe9b88cc9149d5d5389ac,undefined FUN_181318114(),ghidra,clean,
WHGame.dll,release_1_5_1164953_841,0x131821c,155,FUN_18131821c,,,c1d858a2dbd4f8745bc34bd1e7cbf4097858d5004e447f3a0254609fdbfd18de,undefined FUN_18131821c(),ghidra,clean,
WHGame.dll,release_1_5_1164953_841,0x13182b8,30,FUN_1813182b8,,,49600d7393ea2c574927fe60652ce63bb4a5645246a21c7594c752c6bcaa4340,undefined FUN_1813182b8(),ghidra,clean,
WHGame.dll,release_1_5_1164953_841,0x13182d8,86,FUN_1813182d8,,,9f9aa85f23bf0f5a24a5b466df7c9b745ae09b1c572eb95725e094b532214426,undefined FUN_1813182d8(),ghidra,clean,
WHGame.dll,release_1_5_1164953_841,0x1318330,85,FUN_181318330,,,d4807c1e982d80d23bc0f5457853e10150ae7303c21b81909f25e8cc631d6207,undefined FUN_181318330(),ghidra,clean,
WHGame.dll,release_1_5_1164953_841,0x1318364,155,FUN_181318364,,,92e52fd1a66e3761387d7e2b5633faef4325bb895a3ffe396577f5183744287c,undefined FUN_181318364(),ghidra,clean,
WHGame.dll,release_1_5_1164953_841,0x1318400,251,FUN_181318400,,,aeaa92eb9eba592bc6de131a562ed22507c9a00617223cf92d2d87ad4e0629fe,undefined FUN_181318400(),ghidra,clean,
WHGame.dll,release_1_5_1164953_841,0x13184fc,196,FUN_1813184fc,,,c190f541ef4618513fb4d2969bad0cc1303c838d91e6755f1b93775423a318c9,undefined FUN_1813184fc(),ghidra,clean,
WHGame.dll,release_1_5_1164953_841,0x13185c0,87,FUN_1813185c0,,,b03fcc3d70a36c0741688bc2d8c89fb44216f6e612bff5f890418d4f4a8c0a39,undefined FUN_1813185c0(),ghidra,clean,
WHGame.dll,release_1_5_1164953_841,0x1318618,87,FUN_181318618,,,237a4e7a9cac3d678dc177a1c100506e94d8507b7a9217fec59b54a058d37cff,undefined FUN_181318618(),ghidra,clean,
WHGame.dll,release_1_5_1164953_841,0x1318670,284,FUN_181318670,,,633658b40a7733178fc6fe889e2d5d0143e0b8466a35402e5e59ece4e1e50111,undefined FUN_181318670(),ghidra,clean,
WHGame.dll,release_1_5_1164953_841,0x1318780,207,FUN_181318780,,,bba75efc4d2391823cbc1749b6db624bf2f4f14e49fcf41e97487ba8b9e453b8,undefined FUN_181318780(),ghidra,clean,
WHGame.dll,release_1_5_1164953_841,0x1318840,26,FUN_181318840,,,473f93acd7be2429c156d98e474203757adc7d8648cfc3b6cf20acd438e9518e,undefined FUN_181318840(),ghidra,clean,
WHGame.dll,release_1_5_1164953_841,0x131885c,190,FUN_18131885c,,,64f59f4109efc1137a4ce5ba1f20665a7067f3f4676dea6d7f43eb671325249f,undefined FUN_18131885c(),ghidra,clean,
WHGame.dll,release_1_5_1164953_841,0x131891c,194,FUN_18131891c,,,c13d5bc8b081f5bc735d97368638c9ab00c155a373999d09016f65c41103d4f5,undefined FUN_18131891c(),ghidra,clean,
WHGame.dll,release_1_5_1164953_841,0x13189e0,155,FUN_1813189e0,,,1d4fc4fcf5db6304a53f4e6df78d1e366d83bdd4d15a9dba11239cb9780031e5,undefined FUN_1813189e0(),ghidra,clean,
WHGame.dll,release_1_5_1164953_841,0x1318a7c,190,FUN_181318a7c,,,fa70ee79e879a92baf72069eee55767a16da8aaabf961176a643d0bba01ee37d,undefined FUN_181318a7c(),ghidra,clean,
WHGame.dll,release_1_5_1164953_841,0x1318b3c,190,FUN_181318b3c,,,13606a8368e157d59d0cb1af2f489ebd431f298191a037b28e4e12179bfbe041,undefined FUN_181318b3c(),ghidra,clean,
WHGame.dll,release_1_5_1164953_841,0x1318bfc,190,FUN_181318bfc,,,448cadd24c81136daa0d425148c46d1e5feef39bc659e951dff111dafd780bab,undefined FUN_181318bfc(),ghidra,clean,
WHGame.dll,release_1_5_1164953_841,0x1318cbc,264,FUN_181318cbc,,,e5a8589b0b56756f703003e89c2c2c225085fb1fe8312ee52b3321b8fb8978e6,undefined FUN_181318cbc(),ghidra,clean,
WHGame.dll,release_1_5_1164953_841,0x1318dc4,155,FUN_181318dc4,,,3c1ac8fb688d9847aef845291cf86a1f2e155663de74712b9d0dec20347c2b2f,undefined FUN_181318dc4(),ghidra,clean,
WHGame.dll,release_1_5_1164953_841,0x1318e60,86,FUN_181318e60,,,0ae2b8d4877bc460c427594f8c0f6129209e8af405d4f0f89ece8656b65e180b,undefined FUN_181318e60(),ghidra,clean,
WHGame.dll,release_1_5_1164953_841,0x1318eb8,77,FUN_181318eb8,,,ae176fbe99077ab46347489b276e47577fa9b59314e487f9dc901c2ee0ce9fea,undefined FUN_181318eb8(),ghidra,clean,
WHGame.dll,release_1_5_1164953_841,0x1318f08,30,FUN_181318f08,,,42ce94e21a6bd491c6ea7cf019eae9264ddd9928990b6ce3bcfe947f22c76004,undefined FUN_181318f08(),ghidra,clean,
WHGame.dll,release_1_5_1164953_841,0x1318f28,85,FUN_181318f28,,,3bb7acf5db6afedd9d0365f99da28671cae587aeb9853207671eba15767c12f0,undefined FUN_181318f28(),ghidra,clean,
WHGame.dll,release_1_5_1164953_841,0x1318f5c,155,FUN_181318f5c,,,5fb588d109b88e0d49e3a4c638bc1b7d02e2fb14d8d1bdb1cce9b5815b0eb557,undefined FUN_181318f5c(),ghidra,clean,
WHGame.dll,release_1_5_1164953_841,0x1318ff8,261,FUN_181318ff8,,,c2e267c56e83d36ab8c86ec3a038f8f76be19af6df32348b632fb8740d559e69,undefined FUN_181318ff8(),ghidra,clean,
WHGame.dll,release_1_5_1164953_841,0x13190f4,196,FUN_1813190f4,,,52eef18ca6920139080bc35f4e9c358794fecff0078847a350fab611648027c7,undefined FUN_1813190f4(),ghidra,clean,
WHGame.dll,release_1_5_1164953_841,0x13191b8,261,FUN_1813191b8,,,265fa69b4aa67dc8bc52f3541941a3e2c98524332e99d1772e8d26a6f8eea1db,undefined FUN_1813191b8(),ghidra,clean,
WHGame.dll,release_1_5_1164953_841,0x13192b4,233,FUN_1813192b4,,,5beaa9e906a177d8213338a32cee180b9f4d0ca9be857568beb0ae6c194512b3,undefined FUN_1813192b4(),ghidra,clean,
WHGame.dll,release_1_5_1164953_841,0x13193a0,26,FUN_1813193a0,,,819234953c91d716a341edb10dcca2267107efa13f78881bbca64f4a7a11eeca,undefined FUN_1813193a0(),ghidra,clean,
WHGame.dll,release_1_5_1164953_841,0x13193bc,155,FUN_1813193bc,,,18582b9d071ed08955e5d774ed130cf6de64503ec267f73f8245366db1b6b2f8,undefined FUN_1813193bc(),ghidra,clean,
WHGame.dll,release_1_5_1164953_841,0x1319458,291,FUN_181319458,,,7c54150675aa2071f66cc09f6fe7a664f578fd0e69764f9f1e6f1382e47f9126,undefined FUN_181319458(),ghidra,clean,
WHGame.dll,release_1_5_1164953_841,0x131957c,301,FUN_18131957c,,,659c1840efb3004b139532c8e5d5c6fb01e3059b603242ce95592d1437f4e535,undefined FUN_18131957c(),ghidra,clean,
WHGame.dll,release_1_5_1164953_841,0x13196ac,291,FUN_1813196ac,,,ff8cb2a9f896ad89490b7647ca64ce5eca865f0ab4a940370da08ac7de10a38b,undefined FUN_1813196ac(),ghidra,clean,
WHGame.dll,release_1_5_1164953_841,0x13197d0,291,FUN_1813197d0,,,8f9f08db11e940818fb47f5ef3d4089c2b31634e0cf598878f167edf7511a185,undefined FUN_1813197d0(),ghidra,clean,
WHGame.dll,release_1_5_1164953_841,0x13198f4,291,FUN_1813198f4,,,06a8db253b8ddd3821d0468825e906dad6b80de7efca40200c8bd638169062ac,undefined FUN_1813198f4(),ghidra,clean,
WHGame.dll,release_1_5_1164953_841,0x1319a18,291,FUN_181319a18,,,943b5c41954777f8fe9021a81b35f17d689e18c8a9a410b21f046c15bd55c5b1,undefined FUN_181319a18(),ghidra,clean,
WHGame.dll,release_1_5_1164953_841,0x1319b3c,155,FUN_181319b3c,,,a106d182df8aac316084210b73217e69e260b8408c9c2e3e794bf49d83e031b1,undefined FUN_181319b3c(),ghidra,clean,
WHGame.dll,release_1_5_1164953_841,0x1319bd8,291,FUN_181319bd8,,,b8dbcbcc57e8f2e8988f2f628b35e8794523c72a2f9e0bfb33956378bd7fba93,undefined FUN_181319bd8(),ghidra,clean,
WHGame.dll,release_1_5_1164953_841,0x1319cfc,5,thunk_FUN_181319d04,,,b0d40b133b9394d93820ac0104b0065121d2d73df32c7bfb4e4cf5d805a8b103,undefined thunk_FUN_181319d04(),ghidra,clean,
WHGame.dll,release_1_5_1164953_841,0x1319d04,198,FUN_181319d04,,,2118b29f7f23edf98bf2752d7751fb51920548e69c6213a8ed5ab1844c3fd8ad,undefined FUN_181319d04(),ghidra,clean,
WHGame.dll,release_1_5_1164953_841,0x1319dc0,52,FUN_181319dc0,,,1f6a2dd2f41b5f2cfa511f02641e3e955f1988930a1cd7b8193b904f7c61705f,undefined FUN_181319dc0(),ghidra,clean,
WHGame.dll,release_1_5_1164953_841,0x1319df4,37,FUN_181319df4,,,fdd15dd6c65000ec5cf58f68602fdc2a8a9cc904f900785ef7549d49d4aceb25,undefined FUN_181319df4(),ghidra,clean,
WHGame.dll,release_1_5_1164953_841,0x1319e1c,37,FUN_181319e1c,,,514eb89f8cb02b233f4ead00bebf48392af53f53df531085e79d78764a1acd0e,undefined FUN_181319e1c(),ghidra,clean,
WHGame.dll,release_1_5_1164953_841,0x1319e44,110,FUN_181319e44,,,23cc2029f6956bbeae209eca0e76130a2be2729c00efe9e52b9810bef2766a02,undefined FUN_181319e44(),ghidra,clean,
WHGame.dll,release_1_5_1164953_841,0x1319eb4,191,FUN_181319eb4,,,0cdef3400022739597b998cceffb9c8cceca1b7f4242d8ff421db914bbae7db5,undefined FUN_181319eb4(),ghidra,clean,
WHGame.dll,release_1_5_1164953_841,0x1319f58,100,FUN_181319f58,,,b4fd0ecedf2bd0ae6c281e94c05d5e4c204ff78dc264797ece961ccdf620cf24,undefined FUN_181319f58(),ghidra,clean,
WHGame.dll,release_1_5_1164953_841,0x1319fbc,130,FUN_181319fbc,,,58275a5aff45f1134c60400244b4a30b2c45a0bf4fc720f3d9754d5f4abb1064,undefined FUN_181319fbc(),ghidra,clean,
WHGame.dll,release_1_5_1164953_841,0x131a040,5,thunk_FUN_18131a048,,,b0d40b133b9394d93820ac0104b0065121d2d73df32c7bfb4e4cf5d805a8b103,undefined thunk_FUN_18131a048(),ghidra,clean,
WHGame.dll,release_1_5_1164953_841,0x131a048,103,FUN_18131a048,,,58d81efcddc4e2630afe3e9c029d627647a01c3c9ff57a9d26b858f9232315e1,undefined FUN_18131a048(),ghidra,clean,
WHGame.dll,release_1_5_1164953_841,0x131a0b0,95,FUN_18131a0b0,,,15c6d6287d59c6a5fac939377a95667692d190a082fdcc814c2f5465cf49d024,undefined FUN_18131a0b0(),ghidra,clean,
WHGame.dll,release_1_5_1164953_841,0x131a110,225,FUN_18131a110,,,694562019f9c9de1abcbe1fdae5c2107d1df9f6efcd0a7004d98001f93279080,undefined FUN_18131a110(),ghidra,clean,
WHGame.dll,release_1_5_1164953_841,0x131a1d8,53,FUN_18131a1d8,,,0820a6d19f50a49a780fe584e7a0dcf89b7dc501e36cec51939534dc44d33fed,undefined FUN_18131a1d8(),ghidra,clean,
WHGame.dll,release_1_5_1164953_841,0x131a210,147,FUN_18131a210,,,f0bcac7e34cc2ec4f010882e712f67b4ca20869737cdf9181314063e930c1fb5,undefined FUN_18131a210(),ghidra,clean,
WHGame.dll,release_1_5_1164953_841,0x131a2a4,147,FUN_18131a2a4,,,d5dc839c699183357b6d3069b591fba5d3913127ef4cbc9698c6afefef22bf16,undefined FUN_18131a2a4(),ghidra,clean,
WHGame.dll,release_1_5_1164953_841,0x131a338,147,FUN_18131a338,,,55975b3015174974457070b7e9286566a6ce90b9dce2eac72c6ccc5ef527710e,undefined FUN_18131a338(),ghidra,clean,
WHGame.dll,release_1_5_1164953_841,0x131a3cc,42,FUN_18131a3cc,,,7c2ff43c4adb5d4e52fa906401cef73b694b546be4f61b8a4d1ac029c1094e58,undefined FUN_18131a3cc(),ghidra,clean,
WHGame.dll,release_1_5_1164953_841,0x131a3f8,68,FUN_18131a3f8,,,ab6ee418ad82f7e6547046ea5a77f3b059fd0b4c9837a40b2293579738190386,undefined FUN_18131a3f8(),ghidra,clean,
WHGame.dll,release_1_5_1164953_841,0x131a43c,417,FUN_18131a43c,,,d2be2b9118cb71dc333fb58c0f770044fe3377d7f97a9b00c6bb91cfe25123f9,undefined FUN_18131a43c(),ghidra,clean,
WHGame.dll,release_1_5_1164953_841,0x131a55c,40,FUN_18131a55c,,,072a3f625bc77ca56d18df0c537db715b03da3af6b8c462b46d43e7d9e8b4aa9,undefined FUN_18131a55c(),ghidra,clean,
WHGame.dll,release_1_5_1164953_841,0x131a584,42,FUN_18131a584,,,8eaa6c103af4bf64235fc9b47cbe3467653d9c36de06a6971141f4afd7727a4e,undefined FUN_18131a584(),ghidra,clean,
WHGame.dll,release_1_5_1164953_841,0x131a5b0,100,FUN_18131a5b0,,,96d7ffeca3fbe9d6d5827db97d093b4178d9bde9ab940cbe56e696d885adcfe5,undefined FUN_18131a5b0(),ghidra,clean,
WHGame.dll,release_1_5_1164953_841,0x131a614,130,FUN_18131a614,,,7d6e9b173e46bcd4ca08fba7e74bd6b6f85f38832ce20a86ab5575d75d5d2515,undefined FUN_18131a614(),ghidra,clean,
WHGame.dll,release_1_5_1164953_841,0x131a698,5,thunk_FUN_18131a6a0,,,b0d40b133b9394d93820ac0104b0065121d2d73df32c7bfb4e4cf5d805a8b103,undefined thunk_FUN_18131a6a0(),ghidra,clean,
WHGame.dll,release_1_5_1164953_841,0x131a6a0,103,FUN_18131a6a0,,,3d628d9db1b60fa032fcf25d5152c0a3be69eaa3c3968267c977b900fb7f10f8,undefined FUN_18131a6a0(),ghidra,clean,
WHGame.dll,release_1_5_1164953_841,0x131a708,95,FUN_18131a708,,,feb3fc9fa8033516b12efdfbf1050d77772579f4f5dede00294ee36155797568,undefined FUN_18131a708(),ghidra,clean,
WHGame.dll,release_1_5_1164953_841,0x131a768,203,FUN_18131a768,,,2016f9d4a0aa17c01a1803e446e2b2e2c614e54fac592c7ef69ef7455be0d279,undefined FUN_18131a768(),ghidra,clean,
WHGame.dll,release_1_5_1164953_841,0x131a818,53,FUN_18131a818,,,8c9048eedc28bc9f704ba34942fc67295e9929c13c1bad6a64b8b01cda16a4e9,undefined FUN_18131a818(),ghidra,clean,
WHGame.dll,release_1_5_1164953_841,0x131a850,147,FUN_18131a850,,,b1bf762cfaee9aad243f76cf443ccaaaad3aeac667513a52ecb0b1cd57bb57c2,undefined FUN_18131a850(),ghidra,clean,
WHGame.dll,release_1_5_1164953_841,0x131a8e4,147,FUN_18131a8e4,,,c5755def3979c5fc24732cb0484d16cff9b0838cba9ff525d36c6cb4a12209da,undefined FUN_18131a8e4(),ghidra,clean,
WHGame.dll,release_1_5_1164953_841,0x131a978,147,FUN_18131a978,,,f69694837c3cfe07554dcf8c9316a51549f8eb17408e310cbd9cb8237a3dc4cb,undefined FUN_18131a978(),ghidra,clean,
WHGame.dll,release_1_5_1164953_841,0x131aa0c,42,FUN_18131aa0c,,,9ecd46dfc9f569ac48a384c237b9ba3fd22b4ce9b26514aea23edca91e87122b,undefined FUN_18131aa0c(),ghidra,clean,
WHGame.dll,release_1_5_1164953_841,0x131aa38,68,FUN_18131aa38,,,0d8b3b99d81c00637b51e6ea21be9a5c7e253532a021d1509c2779ce1cac812e,undefined FUN_18131aa38(),ghidra,clean,
WHGame.dll,release_1_5_1164953_841,0x131aa7c,431,FUN_18131aa7c,,,fb65b6897269be49481154ad6831fc8b632ee4b1d7d242ee07c5f2bf542ff4c7,undefined FUN_18131aa7c(),ghidra,clean,
WHGame.dll,release_1_5_1164953_841,0x131abd8,40,FUN_18131abd8,,,1e352bfd57030039517ee1cbf94695ffd6461481de008f731373c882514bce37,undefined FUN_18131abd8(),ghidra,clean,
WHGame.dll,release_1_5_1164953_841,0x131ac00,42,FUN_18131ac00,,,2949b9d9142d02c01acef3a21d8b7ca171ba23b55507d3b76a7a8e8065b832b9,undefined FUN_18131ac00(),ghidra,clean,
WHGame.dll,release_1_5_1164953_841,0x131ac2c,142,FUN_18131ac2c,,,becfe8c31b2ce1b674bb03199b09e64b09dbfef382bb5ca634c700e4aac434bd,undefined FUN_18131ac2c(),ghidra,clean,
WHGame.dll,release_1_5_1164953_841,0x131acbc,328,FUN_18131acbc,,,88f3b0f21485401fcff4d19e8ad8c15274688f3235b3f4529ece4bce6a58b600,undefined FUN_18131acbc(),ghidra,clean,
WHGame.dll,release_1_5_1164953_841,0x131ae08,100,FUN_18131ae08,,,a7e026a36011d07ecb7cf1ed3b9d0ef56aa7f25ef21f863bfc20993ce6b4fbef,undefined FUN_18131ae08(),ghidra,clean,
WHGame.dll,release_1_5_1164953_841,0x131ae6c,328,FUN_18131ae6c,,,1b78149c609925f67c25c65a082db484c626c8b7b59e66e150d144c00d134d1d,undefined FUN_18131ae6c(),ghidra,clean,
WHGame.dll,release_1_5_1164953_841,0x131afb8,100,FUN_18131afb8,,,f7b87743d70b8f1bb44a6353e6455071afba7b33636070e3919b4dddf772dab5,undefined FUN_18131afb8(),ghidra,clean,
WHGame.dll,release_1_5_1164953_841,0x131b01c,140,FUN_18131b01c,,,f551e9e61f1905c9727830bf2447ccee134aed27eab4927ddb321310e6cabd5a,undefined FUN_18131b01c(),ghidra,clean,
WHGame.dll,release_1_5_1164953_841,0x131b094,262,FUN_18131b094,,,bd6089187cf316de8d54d1737eb5aa9b11a8754192811a5e4e2619ef59a41bf3,undefined FUN_18131b094(),ghidra,clean,
WHGame.dll,release_1_5_1164953_841,0x131b19c,134,FUN_18131b19c,,,73ad4f274f51fd240b1abc1168a36fa782f4226c273283b37c399b40d8985e5e,undefined FUN_18131b19c(),ghidra,clean,
WHGame.dll,release_1_5_1164953_841,0x131b224,150,FUN_18131b224,,,529776dbf7eea3f0fc7e205bafa9e70588e61fb607b8df362f734a80a06c05bd,undefined FUN_18131b224(),ghidra,clean,
WHGame.dll,release_1_5_1164953_841,0x131b2bc,52,FUN_18131b2bc,,,fb32286c6f2d4ab0ec83b31a685f752d31834cf7ea64e0520bb0bdf30c82de25,undefined FUN_18131b2bc(),ghidra,clean,
WHGame.dll,release_1_5_1164953_841,0x131b2f0,37,FUN_18131b2f0,,,9f4dd08c7b0d2ff8a9091d0974c850e7c1ff44a27e695abc6fca9872dd8cc6a7,undefined FUN_18131b2f0(),ghidra,clean,
WHGame.dll,release_1_5_1164953_841,0x131b318,37,FUN_18131b318,,,c11cb9880b3442a10e487eeee4c1ec46230a7e6f245932a1c75b849ce97205b2,undefined FUN_18131b318(),ghidra,clean,
WHGame.dll,release_1_5_1164953_841,0x131b340,110,FUN_18131b340,,,971fda3dce5fa7c25680dcbe4347c66ddafd87c8091411f2c7e7cc627701dbe2,undefined FUN_18131b340(),ghidra,clean,
WHGame.dll,release_1_5_1164953_841,0x131b3b0,191,FUN_18131b3b0,,,d7ce8b1e568ece464b307ef64c54e94dab0fc879df358618e00c246dfb9ac6a6,undefined FUN_18131b3b0(),ghidra,clean,
WHGame.dll,release_1_5_1164953_841,0x131b454,147,FUN_18131b454,,,c787dac6848c17b33e8a2081e501085e70bfdf863eb2d295b0f1554647b330e3,undefined FUN_18131b454(),ghidra,clean,
WHGame.dll,release_1_5_1164953_841,0x131b4e8,141,FUN_18131b4e8,,,9fec20ddb65c127b815d1bcc079155289d2d799b8d0a1df5a14478aa4f142fbe,undefined FUN_18131b4e8(),ghidra,clean,
WHGame.dll,release_1_5_1164953_841,0x131b578,42,FUN_18131b578,,,bc8b04b472d9fec1f9becd55641e3f6626b447fefbb09f729b1b2fa3de3958b1,undefined FUN_18131b578(),ghidra,clean,
WHGame.dll,release_1_5_1164953_841,0x131b5a4,68,FUN_18131b5a4,,,b49c3ae874353bcc4f9123f86bf7df9be730001fe2d1f62f5e645b197394f8e4,undefined FUN_18131b5a4(),ghidra,clean,
WHGame.dll,release_1_5_1164953_841,0x131b5e8,130,FUN_18131b5e8,,,2552ebcfabea96da2f86c555bc4120cf719d7b7b354a801fae5a17ee01322706,undefined FUN_18131b5e8(),ghidra,clean,
WHGame.dll,release_1_5_1164953_841,0x131b66c,5,thunk_FUN_18131b674,,,b0d40b133b9394d93820ac0104b0065121d2d73df32c7bfb4e4cf5d805a8b103,undefined thunk_FUN_18131b674(),ghidra,clean,
WHGame.dll,release_1_5_1164953_841,0x131b674,103,FUN_18131b674,,,6b1f878b5838dc1a5126e8494b0e861f8021e9eccb37c185e146eeaa02f81788,undefined FUN_18131b674(),ghidra,clean,
WHGame.dll,release_1_5_1164953_841,0x131b6dc,222,FUN_18131b6dc,,,e05f37f88ba61258a37e72c8edd4f34713c45a6e76aaf6168e3ed35e776ce42c,undefined FUN_18131b6dc(),ghidra,clean,
WHGame.dll,release_1_5_1164953_841,0x131b794,141,FUN_18131b794,,,0867664b94cfc5e74c4e190130750e35949c27e4216f74fb06f5fa8cf2348a26,undefined FUN_18131b794(),ghidra,clean,
WHGame.dll,release_1_5_1164953_841,0x131b824,53,FUN_18131b824,,,5c69f8014b16bb5692e7151af48648d57bfabd821c2a6c5b0e8873c4f92b63da,undefined FUN_18131b824(),ghidra,clean,
WHGame.dll,release_1_5_1164953_841,0x131b85c,417,FUN_18131b85c,,,f6ed6ab9783a5a5993a4a75ebc9b9c5e942164e8c8a75ba6f85f527eb7a6fd04,undefined FUN_18131b85c(),ghidra,clean,
WHGame.dll,release_1_5_1164953_841,0x131b97c,40,FUN_18131b97c,,,32e386b4ca67b3c693ab35ca01986cd640a054441388ed18653737fbdc848f87,undefined FUN_18131b97c(),ghidra,clean,
WHGame.dll,release_1_5_1164953_841,0x131b9a4,42,FUN_18131b9a4,,,f990b7fefe125d48aa925c0a620984ade303ecfe8115decb38f88d6421cd68b9,undefined FUN_18131b9a4(),ghidra,clean,
WHGame.dll,release_1_5_1164953_841,0x131b9d0,100,FUN_18131b9d0,,,bea7ebdef90f55bcf8eca4bae4a39528eca323886ba8d97cdcd7a4f6a72a56fc,undefined FUN_18131b9d0(),ghidra,clean,
WHGame.dll,release_1_5_1164953_841,0x131ba34,328,FUN_18131ba34,,,429cbd7124ae84ad51645dea9a44d9bdb802938d1dd382b1a88bf9114f15edf3,undefined FUN_18131ba34(),ghidra,clean,
WHGame.dll,release_1_5_1164953_841,0x131bb80,100,FUN_18131bb80,,,d65487f99a5492e91e81b4d7e621ca3c5dcf0d597679bdd84b78bdf6429971c9,undefined FUN_18131bb80(),ghidra,clean,
WHGame.dll,release_1_5_1164953_841,0x131bbe4,26,FUN_18131bbe4,,,784f42d42467bdc72bf303619520ab86d009b3466c28ed890d4202f919d16798,undefined FUN_18131bbe4(),ghidra,clean,
WHGame.dll,release_1_5_1164953_841,0x131bc00,958,FUN_18131bc00,,,f0cc4f70eb75153d3d8b763dc1eafeda36361fbccebea817f89de9d94529386d,undefined FUN_18131bc00(),ghidra,clean,
WHGame.dll,release_1_5_1164953_841,0x131bfc0,23,FUN_18131bfc0,,,4a2215c3e820937481093c41c3a2c4fdd1b034767afb06c5e8afd475b2e2dc6a,undefined FUN_18131bfc0(),ghidra,clean,
WHGame.dll,release_1_5_1164953_841,0x131bfd8,155,FUN_18131bfd8,,,767b27ef787d1807a2069cd53b0ba8dfe394897fb5d8fb7e169fbc66649ac4dd,undefined FUN_18131bfd8(),ghidra,clean,
WHGame.dll,release_1_5_1164953_841,0x131c074,304,FUN_18131c074,,,d34bc028037bb30614ef1399b974e5c637a748df3230a833d1fa315574a5332e,undefined FUN_18131c074(),ghidra,clean,
WHGame.dll,release_1_5_1164953_841,0x131c1a4,155,FUN_18131c1a4,,,d807ee5b9b2d2186044fda456afa194542f3cac84b6280f680b98fb38a0a20df,undefined FUN_18131c1a4(),ghidra,clean,
WHGame.dll,release_1_5_1164953_841,0x131c240,298,FUN_18131c240,,,81be094bc8103bf3f8440a628b5fde18ba5557d739375bd58f1ad41996b71e2f,undefined FUN_18131c240(),ghidra,clean,
WHGame.dll,release_1_5_1164953_841,0x131c38c,234,FUN_18131c38c,,,e27e0b2b284a94b6d16597b979f42947ee21323750b9c077e685ab77f20ae2fc,undefined FUN_18131c38c(),ghidra,clean,
WHGame.dll,release_1_5_1164953_841,0x131c478,207,FUN_18131c478,,,737025aa7d746edb4d76f78687542dac4c4e9b6e986515dc9197d7f9c9f37537,undefined FUN_18131c478(),ghidra,clean,
WHGame.dll,release_1_5_1164953_841,0x131c538,261,FUN_18131c538,,,5e0a0bd73f6904f9c10882febca3979d2b328576c90c84541c7c8e150a67bf10,undefined FUN_18131c538(),ghidra,clean,
WHGame.dll,release_1_5_1164953_841,0x131c634,196,FUN_18131c634,,,887542d90199c7f136169a21f48bfb88115ef85ed30b464b2f284b07038486cd,undefined FUN_18131c634(),ghidra,clean,
WHGame.dll,release_1_5_1164953_841,0x131c6f8,234,FUN_18131c6f8,,,22ec8470638c023bcd27e0ad7e470ae2967c88446b5239549616a9d39343fecf,undefined FUN_18131c6f8(),ghidra,clean,
WHGame.dll,release_1_5_1164953_841,0x131c7e4,207,FUN_18131c7e4,,,0ffb5af2e543107861728d8615d272c8fd1238ba64949ceff179629febb936a3,undefined FUN_18131c7e4(),ghidra,clean,
WHGame.dll,release_1_5_1164953_841,0x131c8a4,261,FUN_18131c8a4,,,c87befe2c3b4a27c5b1fa73e49d72685c34af4530df2597a0d5a2bd56777d63a,undefined FUN_18131c8a4(),ghidra,clean,
WHGame.dll,release_1_5_1164953_841,0x131c9a0,196,FUN_18131c9a0,,,ff355dbb74c74bd4ba7d0026344e5f608f25941b280c91fa86e317acf99a7ffa,undefined FUN_18131c9a0(),ghidra,clean,
WHGame.dll,release_1_5_1164953_841,0x131ca64,704,FUN_18131ca64,,,4d5bf4bb0267936d7a68386fc92d76f872d02166a625b5ffdcf72a3dd5320a27,undefined FUN_18131ca64(),ghidra,clean,
WHGame.dll,release_1_5_1164953_841,0x131cd24,238,FUN_18131cd24,,,39396a15da28c58b2f55d220c9cbfaf1826d8cc07de7c9d462a3e594ef24f288,undefined FUN_18131cd24(),ghidra,clean,
WHGame.dll,release_1_5_1164953_841,0x131ce14,214,FUN_18131ce14,,,fd778014e889bcd4530dca0249c6b62c2497234c0cf3b171f33291c16a1a581c,undefined FUN_18131ce14(),ghidra,clean,
WHGame.dll,release_1_5_1164953_841,0x131cedc,267,FUN_18131cedc,,,e49617d36b4d9ebae16a1ea775ddc515824bdb0a4a675f2847290753b7c3ccf0,undefined FUN_18131cedc(),ghidra,clean,
WHGame.dll,release_1_5_1164953_841,0x131cfe8,209,FUN_18131cfe8,,,d3580ab3feb0588410075227fa526bf79c2c20bd6ea1a916f84c9322e6da665a,undefined FUN_18131cfe8(),ghidra,clean,
WHGame.dll,release_1_5_1164953_841,0x131d0bc,87,FUN_18131d0bc,,,8f8da6bbd7f11a37748aa14276542245b0d5b6d9840d065c47dcc40cb3f61497,undefined FUN_18131d0bc(),ghidra,clean,
WHGame.dll,release_1_5_1164953_841,0x131d114,197,FUN_18131d114,,,d92d24f01a4ea54c473236c1532933bffe83d5845353afcab78b2ad55081ca5b,undefined FUN_18131d114(),ghidra,clean,
WHGame.dll,release_1_5_1164953_841,0x131d1dc,374,FUN_18131d1dc,,,bf0f75a6b7e68e35929a2fb6991636b70a7ab50afc617a97a5a7b4a0357a3c81,undefined FUN_18131d1dc(),ghidra,clean,
WHGame.dll,release_1_5_1164953_841,0x131d354,190,FUN_18131d354,,,d0d5c8e06fcc56677fff0fec742f91cc1eb654e3a559fcba12cb0844039712dc,undefined FUN_18131d354(),ghidra,clean,
WHGame.dll,release_1_5_1164953_841,0x131d414,76,FUN_18131d414,,,afcff59907efb70b66bb81da673e000253c73c8aa214a92c52ab4c89b6857dd6,undefined FUN_18131d414(),ghidra,clean,
WHGame.dll,release_1_5_1164953_841,0x131d454,80,FUN_18131d454,,,91524c904ce14b54dab36027f500d6b845eeb008e7ae5ff1103d214581285aca,undefined FUN_18131d454(),ghidra,clean,
WHGame.dll,release_1_5_1164953_841,0x131d4a4,85,FUN_18131d4a4,,,01344789cc15acbfb020b60612d3755ed1b2536bfe2622e94a5ee54b6c40b236,undefined FUN_18131d4a4(),ghidra,clean,
WHGame.dll,release_1_5_1164953_841,0x131d4d8,695,FUN_18131d4d8,,,3f3d680c07479e98fdfa518941a68025da76a6713b39b6fb5165914e84f74e88,undefined FUN_18131d4d8(),ghidra,clean,
WHGame.dll,release_1_5_1164953_841,0x131d5bc,154,FUN_18131d5bc,,,0fb7610aa2ced85af09f575015d7145d7e229d960acb59c0549a69c795482f7e,undefined FUN_18131d5bc(),ghidra,clean,
WHGame.dll,release_1_5_1164953_841,0x131d658,167,FUN_18131d658,,,ee08a277875c278d6592c591ad1d7de46e6325b67b0a9c131f847388eada6686,undefined FUN_18131d658(),ghidra,clean,
WHGame.dll,release_1_5_1164953_841,0x131d700,290,FUN_18131d700,,,0375da76bed0c6cfe232b3b0c9fb7533f92ab6695bcafc699f45d2118d913b25,undefined FUN_18131d700(),ghidra,clean,
WHGame.dll,release_1_5_1164953_841,0x131d824,11,FUN_18131d824,,,497659d0c6ac17410358c2fbb962e904212950400155a204af2c4e4c3ba32837,undefined FUN_18131d824(),ghidra,clean,
WHGame.dll,release_1_5_1164953_841,0x131d830,83,FUN_18131d830,,,fab1e465bf86568975ddd0bfd6172ef80175c78bbceb3e0dedfb75d6f8209ef1,undefined FUN_18131d830(),ghidra,clean,
WHGame.dll,release_1_5_1164953_841,0x131d884,48,FUN_18131d884,,,fd07b78557114235a3833651d81fa9943d07babf8638457cabd8f9d4dbd77eea,undefined FUN_18131d884(),ghidra,clean,
WHGame.dll,release_1_5_1164953_841,0x131d8b4,170,FUN_18131d8b4,,,b40cd5cb746e25cb065df94564adc2045fdcab5f09649538166e8a388bebeebb,undefined FUN_18131d8b4(),ghidra,clean,
WHGame.dll,release_1_5_1164953_841,0x131d950,326,FUN_18131d950,,,43ba89f4c90199f2f63a150ca3be64c43d05512a9515f3253e7f2fd1db8e3718,undefined FUN_18131d950(),ghidra,clean,
WHGame.dll,release_1_5_1164953_841,0x131da98,11,FUN_18131da98,,,497659d0c6ac17410358c2fbb962e904212950400155a204af2c4e4c3ba32837,undefined FUN_18131da98(),ghidra,clean,
WHGame.dll,release_1_5_1164953_841,0x131daa4,83,FUN_18131daa4,,,b49a9b3015d049c7876d397c992e3d4cccdb1d87c0ae2ad043a4d7379ea0fafc,undefined FUN_18131daa4(),ghidra,clean,
WHGame.dll,release_1_5_1164953_841,0x131daf8,80,FUN_18131daf8,,,ae1599c9c708efeb7939cef82a9595d0af33aa60448c64d16748486d1f5e5a70,undefined FUN_18131daf8(),ghidra,clean,
WHGame.dll,release_1_5_1164953_841,0x131db48,140,FUN_18131db48,,,63b4dff0370bc6692cdc3d6ac74624a7dec4a4d55d0699a66159fb2eb310e4f4,undefined FUN_18131db48(),ghidra,clean,
WHGame.dll,release_1_5_1164953_841,0x131dbd4,96,FUN_18131dbd4,,,6b7bf605f45f88e05f38edf966a4611daf50473bf45788d6a727bad09248bf17,undefined FUN_18131dbd4(),ghidra,clean,
WHGame.dll,release_1_5_1164953_841,0x131dc34,50,FUN_18131dc34,,,0fd4729560e5b81314f121a779898fa2550dfeef49c4749a5e88461882eefbd2,undefined FUN_18131dc34(),ghidra,clean,
WHGame.dll,release_1_5_1164953_841,0x131dc68,114,FUN_18131dc68,,,963d4d1b3cc2cbc501dc20f2629950b924894a5bee3bed4a3bc54ceb9b492920,undefined FUN_18131dc68(),ghidra,clean,
WHGame.dll,release_1_5_1164953_841,0x131dcdc,63,FUN_18131dcdc,,,d6c4c873766ae013bce600ce09907feca70ca904d0b410c362e992afac2fc99d,undefined FUN_18131dcdc(),ghidra,clean,
WHGame.dll,release_1_5_1164953_841,0x131dd1c,45,FUN_18131dd1c,,,4710557447736a97e7e1b9d6d396a90d1fe45ff999d51d4d66d42a8f10739957,undefined FUN_18131dd1c(),ghidra,clean,
WHGame.dll,release_1_5_1164953_841,0x131dd4c,180,FUN_18131dd4c,,,6f915856326fd9cedf58428aac45447ece65a15a2a91b8b3125eb41ffe3a0b2f,undefined FUN_18131dd4c(),ghidra,clean,
WHGame.dll,release_1_5_1164953_841,0x131de00,204,FUN_18131de00,,,0a40c30edfcd274278232eeade86f92557e46f472b6f5af46317d8dc3fd6f4af,undefined FUN_18131de00(),ghidra,clean,
WHGame.dll,release_1_5_1164953_841,0x131deac,204,FUN_18131deac,,,08f5aa35216ba397a9b2f3d11528cf3e22e853cb4f5a85c7f94b74d75dd3d2c1,undefined FUN_18131deac(),ghidra,clean,
WHGame.dll,release_1_5_1164953_841,0x131df58,200,FUN_18131df58,,,9ec53ca529aa63c52303cbe50ea0c87c67088c47f88bb3e1a171e16ff8382799,undefined FUN_18131df58(),ghidra,clean,
WHGame.dll,release_1_5_1164953_841,0x131e000,26,FUN_18131e000,,,f601d62db91546de7fb9a5000dabd9886b0eaba0380a2da08507168deac5e073,undefined FUN_18131e000(),ghidra,clean,
WHGame.dll,release_1_5_1164953_841,0x131e01c,151,FUN_18131e01c,,,6ffd05f8a0b9cba6c64c61b5bc31389fb537ce94adbf5d1fac1bc6b0a7040465,undefined FUN_18131e01c(),ghidra,clean,
WHGame.dll,release_1_5_1164953_841,0x131e0b4,151,FUN_18131e0b4,,,9498576ebc4077ef728f40b42c94852031b14cb76c0e2ae48fb253c8b4e54cf0,undefined FUN_18131e0b4(),ghidra,clean,
WHGame.dll,release_1_5_1164953_841,0x131e14c,151,FUN_18131e14c,,,0085abbef3b75ad1005b47c44159b7b134e35edf73aa8fd7540f632992827505,undefined FUN_18131e14c(),ghidra,clean,
WHGame.dll,release_1_5_1164953_841,0x131e1e4,1131,FUN_18131e1e4,,,a24dde374a599ef0fa40a14ac3cc77a6586dfb1a18a24a0cb02dc87b1a89c2ba,undefined FUN_18131e1e4(),ghidra,clean,
WHGame.dll,release_1_5_1164953_841,0x131e650,155,FUN_18131e650,,,5399986161e6a44fd7b33913f0b1756b0dc3bb20ff8de11a167db67998b11d5a,undefined FUN_18131e650(),ghidra,clean,
WHGame.dll,release_1_5_1164953_841,0x131e6ec,304,FUN_18131e6ec,,,eda9fba0f370db3c2fe815e520db0ceb9b4989d9ec7933288061cb9dacc962ed,undefined FUN_18131e6ec(),ghidra,clean,
WHGame.dll,release_1_5_1164953_841,0x131e81c,155,FUN_18131e81c,,,dd52afaff240f271f01d275bd0806a180bfd0cac2ecacd06950fddc26030779c,undefined FUN_18131e81c(),ghidra,clean,
WHGame.dll,release_1_5_1164953_841,0x131e8b8,298,FUN_18131e8b8,,,570eb36816456625a2d4333b54932d6081d6947a3c2e7d856c82c16c546f4a0e,undefined FUN_18131e8b8(),ghidra,clean,
WHGame.dll,release_1_5_1164953_841,0x131e9e4,151,FUN_18131e9e4,,,b82fccd5fc81bcc73a816e4ecb9ce21c48ae7b19f3e73f298cd506c7e82dd342,undefined FUN_18131e9e4(),ghidra,clean,
WHGame.dll,release_1_5_1164953_841,0x131ea7c,151,FUN_18131ea7c,,,5b078180d3c1fca6b859c0cb6ffa708ad63eab70b9fee77e82e498b287eaa1db,undefined FUN_18131ea7c(),ghidra,clean,
WHGame.dll,release_1_5_1164953_841,0x131eb14,26,FUN_18131eb14,,,7b53f8e9c5eb9e1fed6cea432a000d993c2302c8df82a97464ce89d94a584515,undefined FUN_18131eb14(),ghidra,clean,
WHGame.dll,release_1_5_1164953_841,0x131eb30,151,FUN_18131eb30,,,e54a5c2dc99c76615bcb9ca2ed2f2b5db193f4f713800e68a2ca23e4a4f935c3,undefined FUN_18131eb30(),ghidra,clean,
WHGame.dll,release_1_5_1164953_841,0x131ebc8,151,FUN_18131ebc8,,,37c266a568dee7dbb3dae4ce83dfcbd8bab5e073a1c425b0a60ef08c8cfd60c1,undefined FUN_18131ebc8(),ghidra,clean,
WHGame.dll,release_1_5_1164953_841,0x131ec60,151,FUN_18131ec60,,,1b0e050d734194459cc46085408412ee3114847a87d25db5838a4a67323d87da,undefined FUN_18131ec60(),ghidra,clean,
WHGame.dll,release_1_5_1164953_841,0x131ecf8,155,FUN_18131ecf8,,,c7b35efe1ba4201c8e549064cf32c0657c0dfa0c7eb761c99a36247ac35ed357,undefined FUN_18131ecf8(),ghidra,clean,
WHGame.dll,release_1_5_1164953_841,0x131ed94,304,FUN_18131ed94,,,f7e9858f9ca56b774875dcebec0ec94c28d692faaf621bedb8788720bb26d51b,undefined FUN_18131ed94(),ghidra,clean,
WHGame.dll,release_1_5_1164953_841,0x131eec4,155,FUN_18131eec4,,,683588dfef4cf9b870aa14697153fd74c787f200f38228599a4dbf6b36d62749,undefined FUN_18131eec4(),ghidra,clean,
WHGame.dll,release_1_5_1164953_841,0x131ef60,298,FUN_18131ef60,,,da6e844510077495c45a4914a5e8f1ec81ab47ffe21c43ff0bd04df7fa5961f0,undefined FUN_18131ef60(),ghidra,clean,
WHGame.dll,release_1_5_1164953_841,0x131f08c,204,FUN_18131f08c,,,8422db6011894a9f043358ed75156f60eb21d917f7aca4a86864d7309e33761f,undefined FUN_18131f08c(),ghidra,clean,
WHGame.dll,release_1_5_1164953_841,0x131f138,376,FUN_18131f138,,,c49fe8e8321a2a5cefc035ee746782303aaf64125204d1b0780b373c8bd598db,undefined FUN_18131f138(),ghidra,clean,
WHGame.dll,release_1_5_1164953_841,0x131f26c,26,FUN_18131f26c,,,f601d62db91546de7fb9a5000dabd9886b0eaba0380a2da08507168deac5e073,undefined FUN_18131f26c(),ghidra,clean,
WHGame.dll,release_1_5_1164953_841,0x131f288,151,FUN_18131f288,,,a016e88f907189aa160b027b04ed786cbcdd876d7b82a040a6e87ff4e85a462b,undefined FUN_18131f288(),ghidra,clean,
WHGame.dll,release_1_5_1164953_841,0x131f320,151,FUN_18131f320,,,7eb6da50566e8b4ef79c3bcbafd235a91afa9f0ba43fccb8c84885f51ce54f9b,undefined FUN_18131f320(),ghidra,clean,
WHGame.dll,release_1_5_1164953_841,0x131f3b8,151,FUN_18131f3b8,,,3ed4311b09ebb8a2c6c9ec4a8186b9c4f48dc0864a1ccaa621b0e75da0535eb9,undefined FUN_18131f3b8(),ghidra,clean,
WHGame.dll,release_1_5_1164953_841,0x131f450,1131,FUN_18131f450,,,49e1d6a5b4ead5fc48bd441b608677be34faf08c84f9a937bf20b9e852a28ed4,undefined FUN_18131f450(),ghidra,clean,
WHGame.dll,release_1_5_1164953_841,0x131f8bc,155,FUN_18131f8bc,,,b432f6754d315272b15e475af09ed074dfcdf274bea5392f94f6b95be62806cf,undefined FUN_18131f8bc(),ghidra,clean,
WHGame.dll,release_1_5_1164953_841,0x131f958,304,FUN_18131f958,,,45956fc64cc3b5c1f37e0811d55b3f80b4d716d056e8d27653d794f4aadedfba,undefined FUN_18131f958(),ghidra,clean,
WHGame.dll,release_1_5_1164953_841,0x131fa88,155,FUN_18131fa88,,,70c70c823ae748ed57100358b1ecc69ae90263e2ba661bc1333fcd7aa7d14eee,undefined FUN_18131fa88(),ghidra,clean,
WHGame.dll,release_1_5_1164953_841,0x131fb24,298,FUN_18131fb24,,,305b126b2517f8b6a37ea711b4c06deb310ba9f96fee7766c7ebd6cdb9bb307e,undefined FUN_18131fb24(),ghidra,clean,
WHGame.dll,release_1_5_1164953_841,0x131fc50,151,FUN_18131fc50,,,55a6a7cbc4c4d502c42f50b8a5b4430b902c75ebd0133d27f36fb60d70a3814f,undefined FUN_18131fc50(),ghidra,clean,
WHGame.dll,release_1_5_1164953_841,0x131fce8,151,FUN_18131fce8,,,3b3c07705f7e3eab817005d5dc98a9c6c336e01b2d2ffd9e30fd2dce65459e33,undefined FUN_18131fce8(),ghidra,clean,
WHGame.dll,release_1_5_1164953_841,0x131fd80,204,FUN_18131fd80,,,5cad07050d17251b23295216d2d5f770f55b97b800024f58791ed828f3a60660,undefined FUN_18131fd80(),ghidra,clean,
WHGame.dll,release_1_5_1164953_841,0x131fe2c,376,FUN_18131fe2c,,,caac266d388d7ae7733f0c9067bce61a09f4faaf1bd3217f256917ce2bd4fc09,undefined FUN_18131fe2c(),ghidra,clean,
WHGame.dll,release_1_5_1164953_841,0x131ff60,973,FUN_18131ff60,,,b1155e74f98edaed00ce4006874429ec8b928a388be0f14b8bb5a6c1a6b54f44,undefined FUN_18131ff60(),ghidra,clean,
WHGame.dll,release_1_5_1164953_841,0x1320330,23,FUN_181320330,,,af496cd002a2267d35769563584ca7c75e81acb075564b9d716be60d05f97c5b,undefined FUN_181320330(),ghidra,clean,
WHGame.dll,release_1_5_1164953_841,0x1320348,26,FUN_181320348,,,7b53f8e9c5eb9e1fed6cea432a000d993c2302c8df82a97464ce89d94a584515,undefined FUN_181320348(),ghidra,clean,
WHGame.dll,release_1_5_1164953_841,0x1320364,151,FUN_181320364,,,223404833323492e376d1a393a4f287a7c559fa85456a9383dacecb7d1dd1250,undefined FUN_181320364(),ghidra,clean,
WHGame.dll,release_1_5_1164953_841,0x13203fc,151,FUN_1813203fc,,,d3efd48b0b06402bb9cc9e35a5438b0128f418aef7ce98991829c522b4925a33,undefined FUN_1813203fc(),ghidra,clean,
WHGame.dll,release_1_5_1164953_841,0x1320494,151,FUN_181320494,,,4568cb24f0204b220bce8762a5e07a49cf2fb72d219176c67a420398a1eb5ef7,undefined FUN_181320494(),ghidra,clean,
WHGame.dll,release_1_5_1164953_841,0x132052c,155,FUN_18132052c,,,f05a0f35dc663b28aa975d6e8410622f70d6e000b5f8a5cc53c187aea5fac0d3,undefined FUN_18132052c(),ghidra,clean,
WHGame.dll,release_1_5_1164953_841,0x13205c8,304,FUN_1813205c8,,,24495dc94811da3d16172b43e6f62cad2054e253d95b9e22df45f988bfe9a6ed,undefined FUN_1813205c8(),ghidra,clean,
WHGame.dll,release_1_5_1164953_841,0x13206f8,155,FUN_1813206f8,,,9246402034d9e5aac1182d4e76fcb50bf73ff6fc8e41af21c6aed37d5b7e6f6d,undefined FUN_1813206f8(),ghidra,clean,
WHGame.dll,release_1_5_1164953_841,0x1320794,298,FUN_181320794,,,7edfea672abf8b8f0383a10502b64b9d6df3dee5714ec03c61509a7ad8e592f0,undefined FUN_181320794(),ghidra,clean,
WHGame.dll,release_1_5_1164953_841,0x13208c0,151,FUN_1813208c0,,,492bbaedecd4adf9e8872bc1d05962cd6c63d78f744c4cd63a969bb33df6fec2,undefined FUN_1813208c0(),ghidra,clean,
WHGame.dll,release_1_5_1164953_841,0x1320958,151,FUN_181320958,,,723778e934bd73bcbefa1ab73b4ca30f31412c08d9bad7ef1edb07199c3a32f6,undefined FUN_181320958(),ghidra,clean,
WHGame.dll,release_1_5_1164953_841,0x13209f0,26,FUN_1813209f0,,,784f42d42467bdc72bf303619520ab86d009b3466c28ed890d4202f919d16798,undefined FUN_1813209f0(),ghidra,clean,
WHGame.dll,release_1_5_1164953_841,0x1320a0c,958,FUN_181320a0c,,,34923109b9801d6b3451a36b641130c15a13cd3ebc656d0ae2bf5c036e9d91f1,undefined FUN_181320a0c(),ghidra,clean,
WHGame.dll,release_1_5_1164953_841,0x1320dcc,23,FUN_181320dcc,,,4a2215c3e820937481093c41c3a2c4fdd1b034767afb06c5e8afd475b2e2dc6a,undefined FUN_181320dcc(),ghidra,clean,
WHGame.dll,release_1_5_1164953_841,0x1320de4,155,FUN_181320de4,,,8ed3ff7add8ff8c2d01a05d05d284b641197f493adcae6d26fce90c680cec599,undefined FUN_181320de4(),ghidra,clean,
WHGame.dll,release_1_5_1164953_841,0x1320e80,304,FUN_181320e80,,,f3fd7379e5b8fed7da41615d5a30d2976e5c9b11eedbd61694ceaa05a8b55494,undefined FUN_181320e80(),ghidra,clean,
WHGame.dll,release_1_5_1164953_841,0x1320fb0,155,FUN_181320fb0,,,9cee07fd6c7fd04ec6955fe648f6930c82f3185b37692fa2fc649637a1cf04ac,undefined FUN_181320fb0(),ghidra,clean,
WHGame.dll,release_1_5_1164953_841,0x132104c,298,FUN_18132104c,,,009f006057972e7395925c6d511447994708a126650b4cf77292e629590dfe39,undefined FUN_18132104c(),ghidra,clean,
WHGame.dll,release_1_5_1164953_841,0x1321178,234,FUN_181321178,,,749e534ea3eb6acde663b77c40c7db47a047d0f8826d00bb921b1ee7169018b7,undefined FUN_181321178(),ghidra,clean,
WHGame.dll,release_1_5_1164953_841,0x1321264,296,FUN_181321264,,,1a3b53c704aa7a47a6340a6cdba143ec861bcf12d27a4148f1cfdb4518f9decc,undefined FUN_181321264(),ghidra,clean,
WHGame.dll,release_1_5_1164953_841,0x132138c,234,FUN_18132138c,,,90ce8028fba58809e69dba77d82d6d6f1bcac7888c64dbc5c6652413a87409a6,undefined FUN_18132138c(),ghidra,clean,
WHGame.dll,release_1_5_1164953_841,0x1321478,1688,FUN_181321478,,,454b9b06bbe3221a08313e6e407615ff32373ae14d6cdd62a424f0f34edf5009,undefined FUN_181321478(),ghidra,clean,
WHGame.dll,release_1_5_1164953_841,0x1321b10,359,FUN_181321b10,,,3b2df5d1feba6687068c3a32de36b588335a2e0067938b5e3a4a066ec2850bad,undefined FUN_181321b10(),ghidra,clean,
WHGame.dll,release_1_5_1164953_841,0x1321c68,264,FUN_181321c68,,,cc729afc2c3056afaf7e20291b56c447842c15177cb766cbf40140f6a5d0adaa,undefined FUN_181321c68(),ghidra,clean,
WHGame.dll,release_1_5_1164953_841,0x1321d68,244,FUN_181321d68,,,d6a8632b545f5a5fa90d2b9895d6448e2c581f8265b2677ba555b95b4e54a588,undefined FUN_181321d68(),ghidra,clean,
WHGame.dll,release_1_5_1164953_841,0x1321e5c,273,FUN_181321e5c,,,08e10cfe6956616a16a407f76723a6e0738bb4d73eebf5387e139f3c8effbd71,undefined FUN_181321e5c(),ghidra,clean,
WHGame.dll,release_1_5_1164953_841,0x1321f60,196,FUN_181321f60,,,42b0e5f3bf8f9ebb9a2fa4493300b2f05d22f10fa7682e6b38c041f320528b03,undefined FUN_181321f60(),ghidra,clean,
WHGame.dll,release_1_5_1164953_841,0x132201c,175,FUN_18132201c,,,42b8858f2d3e14a969e08c136740b22e39a103c3e86ad9e245353254c865e209,undefined FUN_18132201c(),ghidra,clean,
WHGame.dll,release_1_5_1164953_841,0x13220cc,317,FUN_1813220cc,,,46711dd7fe2d5328e81bf9652ec00c95166ecf506c3d94b37c3fd868ce242e91,undefined FUN_1813220cc(),ghidra,clean,
WHGame.dll,release_1_5_1164953_841,0x13221f8,264,FUN_1813221f8,,,44f5ada1218b120ab3ac9212a260c654cf3827bafbee5c98fc46f87cd8074378,undefined FUN_1813221f8(),ghidra,clean,
WHGame.dll,release_1_5_1164953_841,0x13222f8,243,FUN_1813222f8,,,d359a4488f74078690ac4885b5ad8d03a73410ea84ad2d005c51bc6b3af1cd2e,undefined FUN_1813222f8(),ghidra,clean,
WHGame.dll,release_1_5_1164953_841,0x13223ec,791,FUN_1813223ec,,,b8bebd028d579b1a8ca750f577c297c4e86c2504dc2216f4229cefe1bf80fecc,undefined FUN_1813223ec(),ghidra,clean,
WHGame.dll,release_1_5_1164953_841,0x13224ec,26,FUN_1813224ec,,,819234953c91d716a341edb10dcca2267107efa13f78881bbca64f4a7a11eeca,undefined FUN_1813224ec(),ghidra,clean,
WHGame.dll,release_1_5_1164953_841,0x1322508,155,FUN_181322508,,,e51f7b6777a81e1fe25ee4258e333dae41f1f3608001b27561943780bd5122b5,undefined FUN_181322508(),ghidra,clean,
WHGame.dll,release_1_5_1164953_841,0x13225a4,298,FUN_1813225a4,,,fdeb4eb330bb5e13cdf7053b15688c0d3387da9bc085a62601b0bd6cfcf66d0a,undefined FUN_1813225a4(),ghidra,clean,
WHGame.dll,release_1_5_1164953_841,0x13226d0,206,FUN_1813226d0,,,6aabfce5edc638fa785c4a89892a4383b8695dc66a47748d26ac893a9cafd1c5,undefined FUN_1813226d0(),ghidra,clean,
WHGame.dll,release_1_5_1164953_841,0x13227a0,168,FUN_1813227a0,,,db6baf22edc13a2a0c7845d7eb4c1b56553642529ba7d80c923e27a208a14848,undefined FUN_1813227a0(),ghidra,clean,
WHGame.dll,release_1_5_1164953_841,0x1322848,180,FUN_181322848,,,31991a6a63f04ed72a6eaefc20671331aa30dab9c3936db46382b6f9ddbe4dd9,undefined FUN_181322848(),ghidra,clean,
WHGame.dll,release_1_5_1164953_841,0x13228fc,303,FUN_1813228fc,,,c80c1ea465749e17978d8c599ccb82a8a39fdf97cf285300a40f6eb728278602,undefined FUN_1813228fc(),ghidra,clean,
WHGame.dll,release_1_5_1164953_841,0x1322a2c,194,FUN_181322a2c,,,3ae6171d92f7d11a65d1c4a356183a7b1266cbfe459810bad5937b4d1b16c0fc,undefined FUN_181322a2c(),ghidra,clean,
WHGame.dll,release_1_5_1164953_841,0x1322af0,155,FUN_181322af0,,,50a43768ead43f7142813a6cc6b99bb04d2c7891903f799128b6b324a31ab415,undefined FUN_181322af0(),ghidra,clean,
WHGame.dll,release_1_5_1164953_841,0x1322b8c,291,FUN_181322b8c,,,50bf67a8fb95709e4003879518aedb739d38196250fec656a281003c6950a8cf,undefined FUN_181322b8c(),ghidra,clean,
WHGame.dll,release_1_5_1164953_841,0x1322cb0,73,FUN_181322cb0,,,3580a45995fe211d4e67824fa5f6b5b44ff351cdb7fd4a4727dc59549ad317ca,undefined FUN_181322cb0(),ghidra,clean,
WHGame.dll,release_1_5_1164953_841,0x1322cfc,142,FUN_181322cfc,,,e4d4104e528e9b709f597fb1fcc58ec944c127151bde11a3694f42fd72d53585,undefined FUN_181322cfc(),ghidra,clean,
WHGame.dll,release_1_5_1164953_841,0x1322d8c,5,thunk_FUN_181322d94,,,b0d40b133b9394d93820ac0104b0065121d2d73df32c7bfb4e4cf5d805a8b103,undefined thunk_FUN_181322d94(),ghidra,clean,
WHGame.dll,release_1_5_1164953_841,0x1322d94,198,FUN_181322d94,,,78bd64b23ac7f54058b65aa38fbf0fe5a0553d559389896bc014883074ac3a20,undefined FUN_181322d94(),ghidra,clean,
WHGame.dll,release_1_5_1164953_841,0x1322e50,5,thunk_FUN_181322e58,,,b0d40b133b9394d93820ac0104b0065121d2d73df32c7bfb4e4cf5d805a8b103,undefined thunk_FUN_181322e58(),ghidra,clean,
WHGame.dll,release_1_5_1164953_841,0x1322e58,103,FUN_181322e58,,,fffbe1e83bd4730b15cd8db06b697b61e43f43bb35202bf7d56b79f6acfbbcb3,undefined FUN_181322e58(),ghidra,clean,
WHGame.dll,release_1_5_1164953_841,0x1322ec0,95,FUN_181322ec0,,,6ce12239ed2053ba8cbc7727817760389cf36eb2c1b09a2c818d543ab58f5194,undefined FUN_181322ec0(),ghidra,clean,
WHGame.dll,release_1_5_1164953_841,0x1322f20,210,FUN_181322f20,,,2995d4bdeb73d73752b9f2078cd2429d4db3b7059abe75632b02b092d1dc0386,undefined FUN_181322f20(),ghidra,clean,
WHGame.dll,release_1_5_1164953_841,0x1322fd4,53,FUN_181322fd4,,,8b547dcddd02c27de1e8fbbe2f4bd66060bae405905d4679deca82dc3a0d78a0,undefined FUN_181322fd4(),ghidra,clean,
WHGame.dll,release_1_5_1164953_841,0x132300c,147,FUN_18132300c,,,224d0dac9093afcbba0778987359c0e02c443fd8c3619b4fa366952d790e3abc,undefined FUN_18132300c(),ghidra,clean,
WHGame.dll,release_1_5_1164953_841,0x13230a0,147,FUN_1813230a0,,,4c1ff439c3c59ab00fa5d130c0f519b046ff644804a30ebc144c5cd526fc3480,undefined FUN_1813230a0(),ghidra,clean,
WHGame.dll,release_1_5_1164953_841,0x1323134,42,FUN_181323134,,,2b65afa22f9e9edde4e167ffb33ed914b867453501ce8306e4a327b3ce5d0a2d,undefined FUN_181323134(),ghidra,clean,
WHGame.dll,release_1_5_1164953_841,0x1323160,68,FUN_181323160,,,cde9d146c64fac80bbfc5be078266003f7aa3dbc39f0790769791cf18bd79be8,undefined FUN_181323160(),ghidra,clean,
WHGame.dll,release_1_5_1164953_841,0x13231a4,100,FUN_1813231a4,,,6b12c8dabca62b59858b718a078cbd66aedc2dafcdd3b5c15b500f72d3fe68cd,undefined FUN_1813231a4(),ghidra,clean,
WHGame.dll,release_1_5_1164953_841,0x1323208,431,FUN_181323208,,,f05419a7197edef34c1e6ef9cd90f12c610105c2e9eb8f70304ef1229c59943a,undefined FUN_181323208(),ghidra,clean,
WHGame.dll,release_1_5_1164953_841,0x1323364,40,FUN_181323364,,,911225a1687eb734ea2a3f8fe1c8885324a2607f8009c365c2433961d626b5bf,undefined FUN_181323364(),ghidra,clean,
WHGame.dll,release_1_5_1164953_841,0x132338c,42,FUN_18132338c,,,40e13929a931047c9aceed046f2fa6945a5b14089d140645f007ac14be86bc37,undefined FUN_18132338c(),ghidra,clean,
WHGame.dll,release_1_5_1164953_841,0x13233b8,328,FUN_1813233b8,,,55be83597add8fb1a91b422a4aa57acc8ac3c2a1dcd4386ac1adbb7fbecea319,undefined FUN_1813233b8(),ghidra,clean,
WHGame.dll,release_1_5_1164953_841,0x1323504,100,FUN_181323504,,,80f0d51eb543a1a8cf17672bed03d0dca5ea4a3434ae0a81c40601edc95ec876,undefined FUN_181323504(),ghidra,clean,
WHGame.dll,release_1_5_1164953_841,0x1323568,26,FUN_181323568,,,11521f99aca2696f72744e31485e07afdcb0b09d888bd81bcb868b13274bbacb,undefined FUN_181323568(),ghidra,clean,
WHGame.dll,release_1_5_1164953_841,0x1323584,21,FUN_181323584,,,00f5c758a85fd1bf8e94407b0d4b7c74dc260d930cda4e66bf83ed6949c019a6,undefined FUN_181323584(),ghidra,clean,
WHGame.dll,release_1_5_1164953_841,0x132359c,215,FUN_18132359c,,,6a67f7f720987878a75e4ca195abd5e23ff0bed5ceb1bc5e26df46e02da5ce74,undefined FUN_18132359c(),ghidra,clean,
WHGame.dll,release_1_5_1164953_841,0x1323664,39,FUN_181323664,,,2b07479acbd82e26b6b1f684a86eb3ebaf366178be49cd2217695a0309289941,undefined FUN_181323664(),ghidra,clean,
WHGame.dll,release_1_5_1164953_841,0x132368c,67,FUN_18132368c,,,fe4b22b53176e125baf24700f9d891734b5f600bc1eac64d04afee2a487913b1,undefined FUN_18132368c(),ghidra,clean,
WHGame.dll,release_1_5_1164953_841,0x13236d0,148,FUN_1813236d0,,,049118a9b647d98e365c0a97c28d936df32f9964b177650fd42e5cff40af58d2,undefined FUN_1813236d0(),ghidra,clean,
WHGame.dll,release_1_5_1164953_841,0x13236fc,384,FUN_1813236fc,,,716f89abe02d23c8baf2b7966f429005e7052d5dcc931518effb18641fbfb4e1,undefined FUN_1813236fc(),ghidra,clean,
WHGame.dll,release_1_5_1164953_841,0x132387c,9,FUN_18132387c,,,a8763439daea9c7ad50744bc395717a1d5df94602a5a763e3d0c64702a7d5944,undefined FUN_18132387c(),ghidra,clean,
WHGame.dll,release_1_5_1164953_841,0x1323888,258,FUN_181323888,,,a6a84d945b8fdde61e74e4d57237ac784aebf8df3299b994a439e987b2a30ad3,undefined FUN_181323888(),ghidra,clean,
WHGame.dll,release_1_5_1164953_841,0x132398c,335,FUN_18132398c,,,56c11be4ef728dd8262883d0ad54822345c6073c7dec7adee5db865fd0941924,undefined FUN_18132398c(),ghidra,clean,
WHGame.dll,release_1_5_1164953_841,0x1323a7a,8,FUN_181323a7a,,,d584cb1a2afef309eb33a9b90753d6c9a99b0c481366318ccddcba175a3b8c54,undefined FUN_181323a7a(),ghidra,clean,
WHGame.dll,release_1_5_1164953_841,0x1323a8c,155,FUN_181323a8c,,,50da5e3d0fef2156aba7945850ea950153311630ba0a1e5a3d81cb3a166632f6,undefined FUN_181323a8c(),ghidra,clean,
WHGame.dll,release_1_5_1164953_841,0x1323b28,155,FUN_181323b28,,,780c17e2e1f153afda4441ca98275b11f5e0acaeb445848d51586b838a6ebbc9,undefined FUN_181323b28(),ghidra,clean,
WHGame.dll,release_1_5_1164953_841,0x1323bc4,155,FUN_181323bc4,,,3f74a29bcb930a570e5ff02db778205dfbba85eaeb1c10e7b8070109b570d0ff,undefined FUN_181323bc4(),ghidra,clean,
WHGame.dll,release_1_5_1164953_841,0x1323c60,240,FUN_181323c60,,,2fd5e68107e3cc3ba15e504d72131f8943f1ace99159df908a8a2c804c5c60bb,undefined FUN_181323c60(),ghidra,clean,
WHGame.dll,release_1_5_1164953_841,0x1323d50,18,FUN_181323d50,,,c54ddb098d7522a4b5d3dbb9eac8cfb3a0f08ed1b213ab1359344234643cff5b,undefined FUN_181323d50(),ghidra,clean,
WHGame.dll,release_1_5_1164953_841,0x1323d64,298,FUN_181323d64,,,ba25764d7593c41b13f61c58b4409d4e694e61f098e3489be6db4f96beeaaa63,undefined FUN_181323d64(),ghidra,clean,
WHGame.dll,release_1_5_1164953_841,0x1323e90,301,FUN_181323e90,,,e313cd7b4d7eedca537ee18d470e23cabd2b79fa0ad2227521bbee9b8713a274,undefined FUN_181323e90(),ghidra,clean,
WHGame.dll,release_1_5_1164953_841,0x1323fc0,30,FUN_181323fc0,,,bc2b14e9875aca2c9a1de30bea2b8d75a908070c8fc7c4f740f147b6c38727cd,undefined FUN_181323fc0(),ghidra,clean,
WHGame.dll,release_1_5_1164953_841,0x1323fe0,416,FUN_181323fe0,,,335f579b07704cd8c7b650783e56d9cf848077b6338da68c7149985e9fda8545,undefined FUN_181323fe0(),ghidra,clean,
WHGame.dll,release_1_5_1164953_841,0x1324184,277,FUN_181324184,,,18f5f7f4e0a68a989ddb63d988749007700cd4f38e27825908ea6a39bd178188,undefined FUN_181324184(),ghidra,clean,
WHGame.dll,release_1_5_1164953_841,0x132429c,495,FUN_18132429c,,,0a84b1fba25dfe74ccae77202d01fdb3bac6e0ab38dd3df19fa0534361c50312,undefined FUN_18132429c(),ghidra,clean,
WHGame.dll,release_1_5_1164953_841,0x1324490,191,FUN_181324490,,,5df0968710dd863a0eefc029c4c1f54a6014ae485bb840d7a5644cca65bb3300,undefined FUN_181324490(),ghidra,clean,
WHGame.dll,release_1_5_1164953_841,0x1324550,43,FUN_181324550,,,a12bce78e8b4fff35206f0a01370108e82968b49853b80940cc99dc0e3095aff,undefined FUN_181324550(),ghidra,clean,
WHGame.dll,release_1_5_1164953_841,0x132457c,207,FUN_18132457c,,,a55f5fdb6c1e1b5ee505d0fcdf72172e8638a80e8ff9e86f50804698466b4ad7,undefined FUN_18132457c(),ghidra,clean,
WHGame.dll,release_1_5_1164953_841,0x1324640,62,FUN_181324640,,,c831485a4c0ac079d0fd62fb5c299232e85a1f5f9ff1a1d784067931bcab0e07,undefined FUN_181324640(),ghidra,clean,
WHGame.dll,release_1_5_1164953_841,0x1324680,166,FUN_181324680,,,5dcdd23aacde5c46806b7b7c2360c1c63720993e74bd4dfe533b6e4e17c40e22,undefined FUN_181324680(),ghidra,clean,
WHGame.dll,release_1_5_1164953_841,0x1324728,52,FUN_181324728,,,29720b8a5c2c762ddbad0fb24ee239df337cb97f80732d434f2e170055661020,undefined FUN_181324728(),ghidra,clean,
WHGame.dll,release_1_5_1164953_841,0x132475c,155,FUN_18132475c,,,769309bae94aa777f51b7298c237b6081c45230ec09a16c43521d5787a5d493b,undefined FUN_18132475c(),ghidra,clean,
WHGame.dll,release_1_5_1164953_841,0x13247f8,291,FUN_1813247f8,,,010332681898dccfefec68f2a3ac53f7af53e28369806e558cc395b65504da36,undefined FUN_1813247f8(),ghidra,clean,
WHGame.dll,release_1_5_1164953_841,0x132491c,5,thunk_FUN_181324924,,,b0d40b133b9394d93820ac0104b0065121d2d73df32c7bfb4e4cf5d805a8b103,undefined thunk_FUN_181324924(),ghidra,clean,
WHGame.dll,release_1_5_1164953_841,0x1324924,223,FUN_181324924,,,f383bf048eefc13f7032fb4986c39350483903d201cba5f457b6dc9425b17032,undefined FUN_181324924(),ghidra,clean,
WHGame.dll,release_1_5_1164953_841,0x13249fc,100,FUN_1813249fc,,,9c0d96d02cc07104d28f581ac09887e9151ab36d94a838ada348df714ea2b329,undefined FUN_1813249fc(),ghidra,clean,
WHGame.dll,release_1_5_1164953_841,0x1324a60,5,thunk_FUN_181324a68,,,b0d40b133b9394d93820ac0104b0065121d2d73df32c7bfb4e4cf5d805a8b103,undefined thunk_FUN_181324a68(),ghidra,clean,
WHGame.dll,release_1_5_1164953_841,0x1324a68,103,FUN_181324a68,,,a797180f1d973205def28de00baf32ca2177bec45ccc6ae07b98339206044e84,undefined FUN_181324a68(),ghidra,clean,
WHGame.dll,release_1_5_1164953_841,0x1324ad0,95,FUN_181324ad0,,,29aa6160053ccf6373dc20fa3f017c3893131b94a899bb47d1054f46f999228b,undefined FUN_181324ad0(),ghidra,clean,
WHGame.dll,release_1_5_1164953_841,0x1324b30,211,FUN_181324b30,,,f5dabb3d8f5107b930b74fbd6a504e4fe7a4d915ef5791be223a2f2f82a1f20d,undefined FUN_181324b30(),ghidra,clean,
WHGame.dll,release_1_5_1164953_841,0x1324be8,53,FUN_181324be8,,,d9670f3eb353ef544d0fab12eca42a99764d98a2f505e57169a1fca2cbed4945,undefined FUN_181324be8(),ghidra,clean,
WHGame.dll,release_1_5_1164953_841,0x1324c20,147,FUN_181324c20,,,216d1e13fc337955f15bc922e9359a3f4483067f955c8560ad58f8e42f3da170,undefined FUN_181324c20(),ghidra,clean,
WHGame.dll,release_1_5_1164953_841,0x1324cb4,147,FUN_181324cb4,,,72015877b4b4241a3a184a31b1d6f0f7a52614a3487742749c8cbdbf4f5a213c,undefined FUN_181324cb4(),ghidra,clean,
WHGame.dll,release_1_5_1164953_841,0x1324d48,147,FUN_181324d48,,,3290dbbf7015b01300319af12b5b1f99609a2d100a8b6a096c703d1b7f615daa,undefined FUN_181324d48(),ghidra,clean,
WHGame.dll,release_1_5_1164953_841,0x1324ddc,42,FUN_181324ddc,,,eee96f890a7e15847618f57e265cb701f5e3f22403fa8c4870c4a81a80aaaba6,undefined FUN_181324ddc(),ghidra,clean,
WHGame.dll,release_1_5_1164953_841,0x1324e08,68,FUN_181324e08,,,a43fdf6871a4ccfd108a8f6de1e084e31fc7a3f47de1574559448f8e7c1ca471,undefined FUN_181324e08(),ghidra,clean,
WHGame.dll,release_1_5_1164953_841,0x1324e4c,417,FUN_181324e4c,,,23625a17a1a5dd2a619001fb3190bf17963027abd53454c1020bf5f77cd248fe,undefined FUN_181324e4c(),ghidra,clean,
WHGame.dll,release_1_5_1164953_841,0x1324f6c,40,FUN_181324f6c,,,4e527748a3dfeaa7b2590bd02f46005dfc8046bf831c88741468230b5b262e12,undefined FUN_181324f6c(),ghidra,clean,
WHGame.dll,release_1_5_1164953_841,0x1324f94,42,FUN_181324f94,,,dcc713a7f8712f62284384f777818119754d7bada71e6a692de4dec6216d0f7b,undefined FUN_181324f94(),ghidra,clean,
WHGame.dll,release_1_5_1164953_841,0x1324fc0,142,FUN_181324fc0,,,578dfc19a87bea575f6f3cee7d5de72ad96e0aa80ddb331530bb43d6c62068df,undefined FUN_181324fc0(),ghidra,clean,
WHGame.dll,release_1_5_1164953_841,0x1325050,328,FUN_181325050,,,32fd7ee8ce38786792678ed27de7752e790da333965dfff57ab154739f9c82b0,undefined FUN_181325050(),ghidra,clean,
WHGame.dll,release_1_5_1164953_841,0x132519c,100,FUN_18132519c,,,4fea50b1bf7c2a73ce5959604d7a073156fe5b394989fe8a529e81a81cbd18f8,undefined FUN_18132519c(),ghidra,clean,
WHGame.dll,release_1_5_1164953_841,0x1325200,77,FUN_181325200,,,30e90a74eb42c68551a874aa2e4440747739d86d592197876891a41c19ae550f,undefined FUN_181325200(),ghidra,clean,
WHGame.dll,release_1_5_1164953_841,0x1325250,68,FUN_181325250,,,5b75468fd18f1b3ab64d53564b06974e52b4accf8a2bc243b8b833e8b090c2d6,undefined FUN_181325250(),ghidra,clean,
WHGame.dll,release_1_5_1164953_841,0x1325294,9,FUN_181325294,,,7ecaaae93d2650b659e23482bca451a79da6668e77e15b3efecdb799fa353ef1,undefined FUN_181325294(),ghidra,clean,
WHGame.dll,release_1_5_1164953_841,0x13252a0,117,FUN_1813252a0,,,d14d5192872cc352c5823193d79a890b97a49c8dd20a50d2f173750fd3a48dc8,undefined FUN_1813252a0(),ghidra,clean,
WHGame.dll,release_1_5_1164953_841,0x1325318,30,FUN_181325318,,,c179d1b48b0d57f40a593baab2cf6c319022ec5bb80d13a41e87060428d4b89c,undefined FUN_181325318(),ghidra,clean,
WHGame.dll,release_1_5_1164953_841,0x1325338,71,FUN_181325338,,,4345b8db91f642d6ac0a04781b03f8c99e4c1ee3092bbf066172814660fafce0,undefined FUN_181325338(),ghidra,clean,
WHGame.dll,release_1_5_1164953_841,0x1325380,250,FUN_181325380,,,edd1d5a4d0e64bc31e3f50eca7786d2a46f0514dc0d244739b60175935b39d81,undefined FUN_181325380(),ghidra,clean,
WHGame.dll,release_1_5_1164953_841,0x132547c,122,FUN_18132547c,,,e01ba1ed68b6425a5965c90731922e12877947d52d66a046f8b1b7d9db80c1c1,undefined FUN_18132547c(),ghidra,clean,
WHGame.dll,release_1_5_1164953_841,0x13254f8,122,FUN_1813254f8,,,8cf9f25689d767ad8650262ee2052c9e6e4416d812f95983b9f6fa4c5d556279,undefined FUN_1813254f8(),ghidra,clean,
WHGame.dll,release_1_5_1164953_841,0x1325574,124,FUN_181325574,,,7c28d2ad964dfdf6d34cba7aa4c32109c7392aaaddc3288a7803dc8dc475b879,undefined FUN_181325574(),ghidra,clean,
WHGame.dll,release_1_5_1164953_841,0x13255f0,340,FUN_1813255f0,,,e1340a2d2ae68f94d8cf0b43e35530a9397ba0884d41628768a2c53d224f59a0,undefined FUN_1813255f0(),ghidra,clean,
WHGame.dll,release_1_5_1164953_841,0x1325744,36,FUN_181325744,,,dceeff2047aa1edec9f89ee35d9b5d30e3672b4fc643d030e91032c02bdc87f0,undefined FUN_181325744(),ghidra,clean,
WHGame.dll,release_1_5_1164953_841,0x132576c,187,FUN_18132576c,,,f6e7a9bbd6f9c144d04d93c320bcb7b39b87e58fc3d270ee96888f8f9fe8e846,undefined FUN_18132576c(),ghidra,clean,
WHGame.dll,release_1_5_1164953_841,0x1325828,36,FUN_181325828,,,821f8aee79f7f95a9774f72b97830b025bd1a420f9f3f00cc3716263523300e4,undefined FUN_181325828(),ghidra,clean,
WHGame.dll,release_1_5_1164953_841,0x1325850,60,FUN_181325850,,,9764044762a3e87b16eb820c51ca353f3db741761d29c35f23dc862724d46648,undefined FUN_181325850(),ghidra,clean,
WHGame.dll,release_1_5_1164953_841,0x132588c,340,FUN_18132588c,,,e90f2df3f0950e20994f1d4dbf185a6bc4444ccb49acbc205b64e96f68baa5db,undefined FUN_18132588c(),ghidra,clean,
WHGame.dll,release_1_5_1164953_841,0x1325978,122,FUN_181325978,,,4316cf20c59e6508830d12f647335c2d9170dac391526f8b7bc2234fe7292c61,undefined FUN_181325978(),ghidra,clean,
WHGame.dll,release_1_5_1164953_841,0x13259a8,122,FUN_1813259a8,,,015b6d465ed361129c61401618f2314f81e7a5cf0cacde9f7dd2b547dfcea2ea,undefined FUN_1813259a8(),ghidra,clean,
WHGame.dll,release_1_5_1164953_841,0x13259d8,103,FUN_1813259d8,,,f79b3bb052fd1a20cf1b9ba4e2eff6e98f0525ad0eb9e99d8fb3246449815841,undefined FUN_1813259d8(),ghidra,clean,
WHGame.dll,release_1_5_1164953_841,0x1325a14,118,FUN_181325a14,,,acfd8758fa8bb318369e8849cb32f9042b5c351fdef2243aacdd3130c1b539d8,undefined FUN_181325a14(),ghidra,clean,
WHGame.dll,release_1_5_1164953_841,0x1325a74,170,FUN_181325a74,,,ffb3de8b8173f7e5128fd50a7ebdcb8c4f90c3f1e5384df00304b29a70f43554,undefined FUN_181325a74(),ghidra,clean,
WHGame.dll,release_1_5_1164953_841,0x1325b20,30,FUN_181325b20,,,39481eb0b9807ce8355cff965c15fdb484a2dd06fc1c3dc877b1b56ced43b159,undefined FUN_181325b20(),ghidra,clean,
WHGame.dll,release_1_5_1164953_841,0x1325b40,74,FUN_181325b40,,,2c527e6a072bec92213b3c83a32439a92c8cd74fb2f8f984d5f6c848a2e04dec,undefined FUN_181325b40(),ghidra,clean,
WHGame.dll,release_1_5_1164953_841,0x1325b8c,55,FUN_181325b8c,,,2e0de03c82547fa550e1c4c34613dd99d9776d8245af51f1f81418d691364f5c,undefined FUN_181325b8c(),ghidra,clean,
WHGame.dll,release_1_5_1164953_841,0x1325bb4,210,FUN_181325bb4,,,31035754472407da0352513d54d60d0a7f5e957fd358dae3ccd439f88074132a,undefined FUN_181325bb4(),ghidra,clean,
WHGame.dll,release_1_5_1164953_841,0x1325c7c,145,FUN_181325c7c,,,d71bbba09ff2d2eb7ae5b5eb541976a835d6365e05ee4ce76e324a3d11cdc324,undefined FUN_181325c7c(),ghidra,clean,
WHGame.dll,release_1_5_1164953_841,0x1325d10,190,FUN_181325d10,,,8491d1d5a6570638b4aac3a2455518c9ac04258cb9b90cb65bcaced3376aa6bc,undefined FUN_181325d10(),ghidra,clean,
WHGame.dll,release_1_5_1164953_841,0x1325dd0,155,FUN_181325dd0,,,7f0189fec2cc278e162c592ee0af9ac664759f4ad0e137a5410dab169af46714,undefined FUN_181325dd0(),ghidra,clean,
WHGame.dll,release_1_5_1164953_841,0x1325e6c,304,FUN_181325e6c,,,70b39d39048cd013325b54d9acae294a33669b995aa8772c73e5b4a0d6aab28d,undefined FUN_181325e6c(),ghidra,clean,
WHGame.dll,release_1_5_1164953_841,0x1325f9c,155,FUN_181325f9c,,,93acbb8ba86c16056c2550fce64b1a134d2e32f547a6b14fc774f722daabe961,undefined FUN_181325f9c(),ghidra,clean,
WHGame.dll,release_1_5_1164953_841,0x1326038,298,FUN_181326038,,,0ca7e6af589f0090f5df6a4c13f4856181a6528c128e47bd3088bc16a7ce1ca0,undefined FUN_181326038(),ghidra,clean,
WHGame.dll,release_1_5_1164953_841,0x1326164,155,FUN_181326164,,,6d3b067555d93411e9d3bf8d493bac9c24c58e0e904e2b53dc3c26bb90c4918f,undefined FUN_181326164(),ghidra,clean,
WHGame.dll,release_1_5_1164953_841,0x1326200,311,FUN_181326200,,,d25388a364ebdfcccb6a452ce0e152c31d78ecd186d8aa2ca4c34a2d1ddbc1ee,undefined FUN_181326200(),ghidra,clean,
WHGame.dll,release_1_5_1164953_841,0x1326338,180,FUN_181326338,,,9d4a7d68a90f231a1e7c10af335e23d3c8c8ca95a88511bddf25a1d551a553c7,undefined FUN_181326338(),ghidra,clean,
WHGame.dll,release_1_5_1164953_841,0x13263ec,141,FUN_1813263ec,,,119842097cfcebf2d2940db8ba35bb04d5922aa21a71a12d882d983b4de00467,undefined FUN_1813263ec(),ghidra,clean,
WHGame.dll,release_1_5_1164953_841,0x132647c,48,FUN_18132647c,,,15e51eb8a092b2569e6242cb46ae7324016e4abaa3f335427eab078963489603,undefined FUN_18132647c(),ghidra,clean,
WHGame.dll,release_1_5_1164953_841,0x13264ac,96,FUN_1813264ac,,,cb3c52cc30f7c47dd6ab726dfcdd92a6a385a76b54e81671c86eabbe80284100,undefined FUN_1813264ac(),ghidra,clean,
WHGame.dll,release_1_5_1164953_841,0x132650c,224,FUN_18132650c,,,8d1d43a0510a8a3a91b659041b68697bfcf9f8a1b7bec656e5433f80f85084c7,undefined FUN_18132650c(),ghidra,clean,
WHGame.dll,release_1_5_1164953_841,0x13265ec,143,FUN_1813265ec,,,dc8a34f92fab5055dbf6f3d401d8e59f33c7b45bdb0208f072fec7dba5ae1779,undefined FUN_1813265ec(),ghidra,clean,
WHGame.dll,release_1_5_1164953_841,0x132667c,101,FUN_18132667c,,,a0110d39340ba2ef12d03b447c29bd883e994d74035865f230d6038341a02ae6,undefined FUN_18132667c(),ghidra,clean,
WHGame.dll,release_1_5_1164953_841,0x13266e4,36,FUN_1813266e4,,,be587f92c8e3c8e347e2cecafcd9f09d728475d539fb8d8d701c6deb06e6167b,undefined FUN_1813266e4(),ghidra,clean,
WHGame.dll,release_1_5_1164953_841,0x1326708,234,FUN_181326708,,,e99b552731df282582c473ce6ebaff278b9eedbd50148d6a6a88add95ee12d36,undefined FUN_181326708(),ghidra,clean,
WHGame.dll,release_1_5_1164953_841,0x13267f4,207,FUN_1813267f4,,,77aab65e842fcc4378290a4e827f74fd3f5dd1eda83eee6277b5d109d4bb81eb,undefined FUN_1813267f4(),ghidra,clean,
WHGame.dll,release_1_5_1164953_841,0x13268b4,261,FUN_1813268b4,,,16364e6d74da3fabeeccc6ea27d50880b0c3b9fb6ff0113865da12b23896c584,undefined FUN_1813268b4(),ghidra,clean,
WHGame.dll,release_1_5_1164953_841,0x13269b0,196,FUN_1813269b0,,,4ed197ce5570b1cdeb6cf3654b10f97764c16c7e0d18e77f190b537f10da6e65,undefined FUN_1813269b0(),ghidra,clean,
WHGame.dll,release_1_5_1164953_841,0x1326a74,296,FUN_181326a74,,,dd47e29816c21354cf00f1ef4420cd232d684caf47285669978021c0cc9230ad,undefined FUN_181326a74(),ghidra,clean,
WHGame.dll,release_1_5_1164953_841,0x1326b9c,234,FUN_181326b9c,,,657a8a61e3a06eb4166296b9477fc501b2da35020591f8cb5ceb4bc78b349e85,undefined FUN_181326b9c(),ghidra,clean,
WHGame.dll,release_1_5_1164953_841,0x1326c88,207,FUN_181326c88,,,0887263cda16293ad61f0b85d72d31fe1d3a734dda113e0cc73517a0fef1dad9,undefined FUN_181326c88(),ghidra,clean,
WHGame.dll,release_1_5_1164953_841,0x1326d48,261,FUN_181326d48,,,54f92acc7158f25d068c0ac118a3d2529afafbc24bef80f39c4bceed505ea1bd,undefined FUN_181326d48(),ghidra,clean,
WHGame.dll,release_1_5_1164953_841,0x1326e44,536,FUN_181326e44,,,867ed3108d4f28878711f0737e763efa3d50438be5a5129ffdafd8b783318c8e,undefined FUN_181326e44(),ghidra,clean,
WHGame.dll,release_1_5_1164953_841,0x132703c,68,FUN_18132703c,,,27ca57984dc83903a728291e61cc751a528f819fa4f6e9569761ff37e4d36a7a,undefined FUN_18132703c(),ghidra,clean,
WHGame.dll,release_1_5_1164953_841,0x1327080,117,FUN_181327080,,,e552c8fc06e97291ab7bb242b6cd2e4321562f6fc014c5de211608f98e4c0d77,undefined FUN_181327080(),ghidra,clean,
WHGame.dll,release_1_5_1164953_841,0x13270f8,184,FUN_1813270f8,,,b6e55e6510ad0f2437878036447212f1c2bb6ad70f07020d7f4c36809a572f68,undefined FUN_1813270f8(),ghidra,clean,
WHGame.dll,release_1_5_1164953_841,0x13271b0,234,FUN_1813271b0,,,bb1ecbbee5e03c3bc752cf4d263ae7bf96528475d93d657685afc050e7628ad5,undefined FUN_1813271b0(),ghidra,clean,
WHGame.dll,release_1_5_1164953_841,0x132729c,196,FUN_18132729c,,,8291be1226752f2093c9362d50b3b56223729ce22c41be5daef5cbe5cafdbed3,undefined FUN_18132729c(),ghidra,clean,
WHGame.dll,release_1_5_1164953_841,0x1327360,26,FUN_181327360,,,edbb47d53f354448b4f0c1ee2e7a7bab5522c5a1f5dbd6c0ac62c8d30920acfd,undefined FUN_181327360(),ghidra,clean,
WHGame.dll,release_1_5_1164953_841,0x132737c,83,FUN_18132737c,,,00035f4bc4ce4ffac614276082601138cd51ee74aef44316369d6c5c7fe5acc0,undefined FUN_18132737c(),ghidra,clean,
WHGame.dll,release_1_5_1164953_841,0x13273d0,86,FUN_1813273d0,,,84523eb62faf48b4871f38166e7563fc6dfbef44398d4d745ea0e55a321e936c,undefined FUN_1813273d0(),ghidra,clean,
WHGame.dll,release_1_5_1164953_841,0x1327428,85,FUN_181327428,,,a783b989651ee65c1274275d4f65b343a68112e0a3b86f0bc7386405ab6a30a4,undefined FUN_181327428(),ghidra,clean,
WHGame.dll,release_1_5_1164953_841,0x132745c,109,FUN_18132745c,,,dd8e9da2cf76d209b12a159e60833412433694cfaca29595c7c8763446dd3522,undefined FUN_18132745c(),ghidra,clean,
WHGame.dll,release_1_5_1164953_841,0x1327494,461,FUN_181327494,,,f3602eab26f68ff0fb730c30ea4ed9c774a6c85a9c30d3d03d133b1ae3df769a,undefined FUN_181327494(),ghidra,clean,
WHGame.dll,release_1_5_1164953_841,0x1327584,155,FUN_181327584,,,fd33ad522765c0da43e6c8121aa00722945df21734b7cdadcd2553c4e2b9203a,undefined FUN_181327584(),ghidra,clean,
WHGame.dll,release_1_5_1164953_841,0x1327620,215,FUN_181327620,,,b96b3de0933e77c9fc8fba0587dd5580d01ff923f060a75de2a666c4a311c9de,undefined FUN_181327620(),ghidra,clean,
WHGame.dll,release_1_5_1164953_841,0x13276f8,238,FUN_1813276f8,,,030de885f57fb022c0baef4a3dab8ebb37775858a9d491a521f9309a47247867,undefined FUN_1813276f8(),ghidra,clean,
WHGame.dll,release_1_5_1164953_841,0x13277dc,273,FUN_1813277dc,,,39ab1ddaeeafc0ae19c41f7b29be2db81127181bc0559beb99641c7a6be85277,undefined FUN_1813277dc(),ghidra,clean,
WHGame.dll,release_1_5_1164953_841,0x13278e0,196,FUN_1813278e0,,,55cf50483f28a5c09c82d6d5f16b700c1eaa360bf30a2d79a111e586c207192c,undefined FUN_1813278e0(),ghidra,clean,
WHGame.dll,release_1_5_1164953_841,0x132799c,175,FUN_18132799c,,,67d4c1a33eda1ff67e1a02f8c6882316db6f54a213e8e8c793cfaafbdc5cec4b,undefined FUN_18132799c(),ghidra,clean,
WHGame.dll,release_1_5_1164953_841,0x1327a4c,196,FUN_181327a4c,,,8a2ff183502c807920a9acb4efcbcdd590b11ba077a1c17bc04298d4c8eea478,undefined FUN_181327a4c(),ghidra,clean,
WHGame.dll,release_1_5_1164953_841,0x1327b08,175,FUN_181327b08,,,b2b9b42b947b4cfd8f18e3ee7dd6776c9f3b9a985c78dc4ff087e40e5fe5ab6d,undefined FUN_181327b08(),ghidra,clean,
WHGame.dll,release_1_5_1164953_841,0x1327bb8,196,FUN_181327bb8,,,e9df32d058a2beda0c08f13722cadd3ac933e8bda0133bf17ad3649d543bd00f,undefined FUN_181327bb8(),ghidra,clean,
WHGame.dll,release_1_5_1164953_841,0x1327c74,175,FUN_181327c74,,,db3e2969ca9e5a32f4a4c2b0a2aa8df8cfa632220144a85dafcac933a9f137db,undefined FUN_181327c74(),ghidra,clean,
WHGame.dll,release_1_5_1164953_841,0x1327d24,291,FUN_181327d24,,,9229fed05bc35c6dbe2dbff156e9ebfe88fa36cf197b10fc293af013bd78639c,undefined FUN_181327d24(),ghidra,clean,
WHGame.dll,release_1_5_1164953_841,0x1327e48,204,FUN_181327e48,,,0989165e63a6288cbde9d03fba08225f9eb6ca0dcf4d82d53966dc4f9700e07e,undefined FUN_181327e48(),ghidra,clean,
WHGame.dll,release_1_5_1164953_841,0x1327ef4,204,FUN_181327ef4,,,0a331330850b46dc54f3eaf4c075351f64a3b6073f1c4490e71f7f2eb6bdb341,undefined FUN_181327ef4(),ghidra,clean,
WHGame.dll,release_1_5_1164953_841,0x1327fa0,204,FUN_181327fa0,,,6cfc41f9e532a1bb3bf2ec16443ceb94dad9a9175be0e5f1066356b9bf86c7ac,undefined FUN_181327fa0(),ghidra,clean,
WHGame.dll,release_1_5_1164953_841,0x132804c,204,FUN_18132804c,,,6f70470697f081bba5bbda7edd583c9824b3ca40417d9edd4b800a7729db13c9,undefined FUN_18132804c(),ghidra,clean,
WHGame.dll,release_1_5_1164953_841,0x13280f8,204,FUN_1813280f8,,,b91bcb9965ec91d48fa7323c101f9646901a78b2061f5023e5f9ac09f1085319,undefined FUN_1813280f8(),ghidra,clean,
WHGame.dll,release_1_5_1164953_841,0x13281a4,376,FUN_1813281a4,,,3bbb993d8249645cc7458371c3e59a6226bf013cbbb88b8fd1e6822f7164a802,undefined FUN_1813281a4(),ghidra,clean,
WHGame.dll,release_1_5_1164953_841,0x13282d8,26,FUN_1813282d8,,,758e2c54631d0c986014ba7e1d0f99331023e2e9c2f28ea2e143b3e9df6eea7c,undefined FUN_1813282d8(),ghidra,clean,
WHGame.dll,release_1_5_1164953_841,0x13282f4,151,FUN_1813282f4,,,ace12a6e1c1f6c7a11f62714ee97a66b626ebed260dc072fe2bba0d03f8e6ead,undefined FUN_1813282f4(),ghidra,clean,
WHGame.dll,release_1_5_1164953_841,0x132838c,151,FUN_18132838c,,,e20cfb9fba9ac9094341c349cdcfc7a1486612010a35224845c632d8490f8b59,undefined FUN_18132838c(),ghidra,clean,
WHGame.dll,release_1_5_1164953_841,0x1328424,151,FUN_181328424,,,bfd655f04080df24acb8462fccf897e0bd4deb98eeba970ad30b890ed9c7966a,undefined FUN_181328424(),ghidra,clean,
WHGame.dll,release_1_5_1164953_841,0x13284bc,151,FUN_1813284bc,,,0e77f25c6d29e0318615a818fca0114d5e818739e675c61eee85fd506184c69a,undefined FUN_1813284bc(),ghidra,clean,
WHGame.dll,release_1_5_1164953_841,0x1328554,151,FUN_181328554,,,c4dae6a7f9d9d26ab4d6b98c1016ed746815680ee80425630250feeaa116bdb0,undefined FUN_181328554(),ghidra,clean,
WHGame.dll,release_1_5_1164953_841,0x13285ec,151,FUN_1813285ec,,,dd82f5b0159acb978841cade63c4062495456532d77c56a801b2a4160ba4e6db,undefined FUN_1813285ec(),ghidra,clean,
WHGame.dll,release_1_5_1164953_841,0x1328684,1131,FUN_181328684,,,00b3289ab25f6719fc1b609be78e2cb4938949f7d334cbf70c523e7c883047cf,undefined FUN_181328684(),ghidra,clean,
WHGame.dll,release_1_5_1164953_841,0x1328af0,155,FUN_181328af0,,,859f74f4d298c297977043b8e3aebcefef441d97c8b92fa976dc171c8816a536,undefined FUN_181328af0(),ghidra,clean,
WHGame.dll,release_1_5_1164953_841,0x1328b8c,304,FUN_181328b8c,,,f292c6bf27e32512e17c9affdbc6031f9faf83de30017fcc11702e36a5efe77a,undefined FUN_181328b8c(),ghidra,clean,
WHGame.dll,release_1_5_1164953_841,0x1328cbc,155,FUN_181328cbc,,,6e7fe4cb458180ae049e391b535a014fd460e5ec0012f8b6493c49a821f6daad,undefined FUN_181328cbc(),ghidra,clean,
WHGame.dll,release_1_5_1164953_841,0x1328d58,298,FUN_181328d58,,,bdd32bb5ae056c0f543e1ecbcd568c8e7bf9eb04fa3b18f9a6205c674ae844af,undefined FUN_181328d58(),ghidra,clean,
WHGame.dll,release_1_5_1164953_841,0x1328e84,151,FUN_181328e84,,,f2c4f61673f34b5e2ef9d9947f4ba7f6d0081818ae714c92d8c70e69d7eb3ed9,undefined FUN_181328e84(),ghidra,clean,
WHGame.dll,release_1_5_1164953_841,0x1328f1c,151,FUN_181328f1c,,,e2956bac40f1d3bad3bf509339463a4aa417c2a77453ba7081f4acd49a2e8a01,undefined FUN_181328f1c(),ghidra,clean,
WHGame.dll,release_1_5_1164953_841,0x1328fb4,151,FUN_181328fb4,,,66cd3feee23001050992328ad431baa02b89c480dff4c80875281c76a07b2a3f,undefined FUN_181328fb4(),ghidra,clean,
WHGame.dll,release_1_5_1164953_841,0x132904c,151,FUN_18132904c,,,524c89f44f06de994a57cf46e8f30c8af406443719e607c712403add39f794aa,undefined FUN_18132904c(),ghidra,clean,
WHGame.dll,release_1_5_1164953_841,0x13290e4,204,FUN_1813290e4,,,abb41e9d4f3ccd41865749e264edae6d1233a53b41cfc85e949e37ec51447041,undefined FUN_1813290e4(),ghidra,clean,
WHGame.dll,release_1_5_1164953_841,0x1329190,204,FUN_181329190,,,e6722d6dff3d0d7e87d94823f3de75e5b61db14c7b62ece94ad3a03ea61d4ed1,undefined FUN_181329190(),ghidra,clean,
WHGame.dll,release_1_5_1164953_841,0x132923c,204,FUN_18132923c,,,ce5adb4f56fa91e8d460dd73f3cdd559979d72a7777480dc542b5111846f5e12,undefined FUN_18132923c(),ghidra,clean,
WHGame.dll,release_1_5_1164953_841,0x13292e8,200,FUN_1813292e8,,,aba18bec9f7689fc8e89a70025162893e82cb31bbe4c1ebe61f10cd5c0011093,undefined FUN_1813292e8(),ghidra,clean,
WHGame.dll,release_1_5_1164953_841,0x1329390,26,FUN_181329390,,,a3b46cac936cd0d545d4b8965d161311a40822654a3d938b97971daeff336d75,undefined FUN_181329390(),ghidra,clean,
WHGame.dll,release_1_5_1164953_841,0x13293ac,151,FUN_1813293ac,,,d604a598a461aa836b96d7e61bf5a8937f38dd07e052b2731ef482b659ab374c,undefined FUN_1813293ac(),ghidra,clean,
WHGame.dll,release_1_5_1164953_841,0x1329444,151,FUN_181329444,,,7681beafb555bfcaf6722079e0edb183bda55091b6dd1125754ed7310c20ac8b,undefined FUN_181329444(),ghidra,clean,
WHGame.dll,release_1_5_1164953_841,0x13294dc,151,FUN_1813294dc,,,d30bd0ecd255e20aa27b889eff3b32509f449edb91efe4747b0605d301fa5527,undefined FUN_1813294dc(),ghidra,clean,
WHGame.dll,release_1_5_1164953_841,0x1329574,151,FUN_181329574,,,1b6088a77199da83397ea663a85d3a79dc79d80b2f0e9d080fa2de65e7493bdc,undefined FUN_181329574(),ghidra,clean,
WHGame.dll,release_1_5_1164953_841,0x132960c,151,FUN_18132960c,,,c0f3ad676745c8e5d0d1b1355fb916ba5e797b90872c234a41c6d58f8094bd74,undefined FUN_18132960c(),ghidra,clean,
WHGame.dll,release_1_5_1164953_841,0x13296a4,151,FUN_1813296a4,,,9590bbbdaa47118f1e4b94c0c6a811fb0f82e0ddf05b3e089f2781a61e461486,undefined FUN_1813296a4(),ghidra,clean,
WHGame.dll,release_1_5_1164953_841,0x132973c,151,FUN_18132973c,,,aa9b8c3e73f73b409c3347e1a530a1041253860de1f548f5cdf43825d98d6b77,undefined FUN_18132973c(),ghidra,clean,
WHGame.dll,release_1_5_1164953_841,0x13297d4,155,FUN_1813297d4,,,43a27ec9433ee14224a8c468f1fcc0b34650c6f7eb00969023b22e3b42e0fd5a,undefined FUN_1813297d4(),ghidra,clean,
WHGame.dll,release_1_5_1164953_841,0x1329870,304,FUN_181329870,,,2335041f9360977725c8557bbc93c3d1138fd85c65f1811aa074ec4262a4a3b1,undefined FUN_181329870(),ghidra,clean,
WHGame.dll,release_1_5_1164953_841,0x13299a0,155,FUN_1813299a0,,,fe62bff199de8ed28a4135e70af4e74c8bf7d93c5a245d13dd77c7c8f29af998,undefined FUN_1813299a0(),ghidra,clean,
WHGame.dll,release_1_5_1164953_841,0x1329a3c,298,FUN_181329a3c,,,3c70e6f387ca9ca55d78eb3aa7bac251eb243fb892a415a12beeaf9ce48a846f,undefined FUN_181329a3c(),ghidra,clean,
WHGame.dll,release_1_5_1164953_841,0x1329b68,151,FUN_181329b68,,,b504be0735fec2d4f08ff55e8a55da34ff515410d7137a94a015e1c5c67cab79,undefined FUN_181329b68(),ghidra,clean,
WHGame.dll,release_1_5_1164953_841,0x1329c00,151,FUN_181329c00,,,4c721f068ff593a2c811c79bca5cf88727ba682c6a97dffad061e4eee3380e5f,undefined FUN_181329c00(),ghidra,clean,
WHGame.dll,release_1_5_1164953_841,0x1329c98,151,FUN_181329c98,,,6eb7f9f134ea50636ec0af3feab11b6be71c23f857bbcac2f1165945c36bb2a8,undefined FUN_181329c98(),ghidra,clean,
WHGame.dll,release_1_5_1164953_841,0x1329d30,151,FUN_181329d30,,,9723fa5a910d1a4f961953382adfecbaac985cd5bf8bd6039d395796305de0d1,undefined FUN_181329d30(),ghidra,clean,
WHGame.dll,release_1_5_1164953_841,0x1329dc8,303,FUN_181329dc8,,,a31314a6443e66bcb9a9c4b35107e5d2921ae8a3d23de756f745f8d764216596,undefined FUN_181329dc8(),ghidra,clean,
WHGame.dll,release_1_5_1164953_841,0x1329eec,277,FUN_181329eec,,,49827bce9b0a45175ddc4a199a3da61bf5ad9dcaf44fd9b82b1d75b4d9f21d03,undefined FUN_181329eec(),ghidra,clean,
WHGame.dll,release_1_5_1164953_841,0x1329ff8,246,FUN_181329ff8,,,fdbaa5460d1f622488cecdbca76cb1edd6e29cf8a2df53ca36448860e8b69512,undefined FUN_181329ff8(),ghidra,clean,
WHGame.dll,release_1_5_1164953_841,0x132a0f0,350,FUN_18132a0f0,,,5fca7409b082ac60a5174478a1d937e19f62063ef5b8b170363d4c45cce65067,undefined FUN_18132a0f0(),ghidra,clean,
WHGame.dll,release_1_5_1164953_841,0x132a250,68,FUN_18132a250,,,7eb755e93bb43dc0534150b3285ffdf3b1377c6efde3f5590fcfb3096a51001e,undefined FUN_18132a250(),ghidra,clean,
WHGame.dll,release_1_5_1164953_841,0x132a2a0,24,FUN_18132a2a0,,,98e142c90e6c9cb53e06df333b9c9c4bd7698a955ba56c3e48d67e957ede7905,undefined FUN_18132a2a0(),ghidra,clean,
WHGame.dll,release_1_5_1164953_841,0x132a2b8,52,FUN_18132a2b8,,,a4748afbe7aec30284cd112e2f3ee388dc5ad6b49ae6568d4f144d5019536b70,undefined FUN_18132a2b8(),ghidra,clean,
WHGame.dll,release_1_5_1164953_841,0x132a2ec,104,FUN_18132a2ec,,,d899d0f5081adcd8a2d6512d8c06ef3f683e4e3e511b217be116a1e2a6892a88,undefined FUN_18132a2ec(),ghidra,clean,
WHGame.dll,release_1_5_1164953_841,0x132a344,194,FUN_18132a344,,,6fc21641dc3f9ce80fb4896f78b72c0bb872480f29c268678b8991b1538b03ed,undefined FUN_18132a344(),ghidra,clean,
WHGame.dll,release_1_5_1164953_841,0x132a408,155,FUN_18132a408,,,af876915d3e43c578424b7d2c7dd7995230a529cabede0fbd896abb743629afc,undefined FUN_18132a408(),ghidra,clean,
WHGame.dll,release_1_5_1164953_841,0x132a4a4,291,FUN_18132a4a4,,,2fac1b41980ad6cb07ad762d0da407d525c540ceabab99a34cac85209e8e5925,undefined FUN_18132a4a4(),ghidra,clean,
WHGame.dll,release_1_5_1164953_841,0x132a5c8,155,FUN_18132a5c8,,,c7cd7249557e704091afe0c5586635a596b02e1e6f9432d82dce0d59324327c5,undefined FUN_18132a5c8(),ghidra,clean,
WHGame.dll,release_1_5_1164953_841,0x132a664,291,FUN_18132a664,,,0866f06fc2895fc11f2343d8e595e783e4a74a167d9702c9998e3461aca1830c,undefined FUN_18132a664(),ghidra,clean,
WHGame.dll,release_1_5_1164953_841,0x132a788,291,FUN_18132a788,,,40ac155b64153c372134ac79590e9c7449fd838d270991641839335db8e9975f,undefined FUN_18132a788(),ghidra,clean,
WHGame.dll,release_1_5_1164953_841,0x132a8ac,204,FUN_18132a8ac,,,d0a6ded31c85cac98e2fd8655ec6e6ab64e6a7f1513bc36d12f02cb88b77af47,undefined FUN_18132a8ac(),ghidra,clean,
WHGame.dll,release_1_5_1164953_841,0x132a958,204,FUN_18132a958,,,703628d69fa4afeff5d2e0637eadafb53cc6033d93aa56d17c67b1e30ed0cd64,undefined FUN_18132a958(),ghidra,clean,
WHGame.dll,release_1_5_1164953_841,0x132aa04,204,FUN_18132aa04,,,bf82893ddd518c40e9e0faa7588b86ae606f70b874c18362d9244f1ab1814b2f,undefined FUN_18132aa04(),ghidra,clean,
WHGame.dll,release_1_5_1164953_841,0x132aab0,200,FUN_18132aab0,,,2746e7ffd45045b3798be412a68941a4bb3c5d3289ea8787b970e8c6df9ae512,undefined FUN_18132aab0(),ghidra,clean,
WHGame.dll,release_1_5_1164953_841,0x132ab58,26,FUN_18132ab58,,,9f58c383b7b66b6ec4baec45b8c1635d5fc231296c1c510120efc7865966156c,undefined FUN_18132ab58(),ghidra,clean,
WHGame.dll,release_1_5_1164953_841,0x132ab74,151,FUN_18132ab74,,,c02fb38bc8b4e574fca973d561ae6f22a5cd31355e3121a8c8a43b1f0a72eff4,undefined FUN_18132ab74(),ghidra,clean,
WHGame.dll,release_1_5_1164953_841,0x132ac0c,151,FUN_18132ac0c,,,be6cfcdc509b96b410b35adb3488c475f8de6f2f861238218258ac9e36c4cab4,undefined FUN_18132ac0c(),ghidra,clean,
WHGame.dll,release_1_5_1164953_841,0x132aca4,151,FUN_18132aca4,,,4ba346a2e886f250d7e05c739b5713098d578ba0a2f5d2f6bdfef6937700b0a6,undefined FUN_18132aca4(),ghidra,clean,
WHGame.dll,release_1_5_1164953_841,0x132ad3c,151,FUN_18132ad3c,,,84e87aea34d222aa5354735cf946e24d6ad8220a8744f92cbb978060c2778938,undefined FUN_18132ad3c(),ghidra,clean,
WHGame.dll,release_1_5_1164953_841,0x132add4,949,FUN_18132add4,,,953ee62193117e7249035be3a4d93e891d3dead77486bf2eff9eebcb7ff31db6,undefined FUN_18132add4(),ghidra,clean,
WHGame.dll,release_1_5_1164953_841,0x132b18c,23,FUN_18132b18c,,,4a2215c3e820937481093c41c3a2c4fdd1b034767afb06c5e8afd475b2e2dc6a,undefined FUN_18132b18c(),ghidra,clean,
WHGame.dll,release_1_5_1164953_841,0x132b1a4,155,FUN_18132b1a4,,,ee3972cec8b8ee0c9ed7fa9f4fa3a30e52a3c33d4437c5c3b9cee30997ffcd64,undefined FUN_18132b1a4(),ghidra,clean,
WHGame.dll,release_1_5_1164953_841,0x132b240,304,FUN_18132b240,,,4ad625a828044bf0b1eaddea3e654527b3be23193a8db594503b0a1926bd2e70,undefined FUN_18132b240(),ghidra,clean,
WHGame.dll,release_1_5_1164953_841,0x132b370,155,FUN_18132b370,,,8f6cbd840ac5a76237ee2ed021b9df07eb92391bfa061b063df973f017e18963,undefined FUN_18132b370(),ghidra,clean,
WHGame.dll,release_1_5_1164953_841,0x132b40c,298,FUN_18132b40c,,,c499a66590a880c068c1da5a8e920921d530fd805d449bf87e48b00839d28808,undefined FUN_18132b40c(),ghidra,clean,
WHGame.dll,release_1_5_1164953_841,0x132b538,151,FUN_18132b538,,,af7d26f4218ee4da9e65b083453790a9ec263d174c9806033a8ecb8b7c61631c,undefined FUN_18132b538(),ghidra,clean,
WHGame.dll,release_1_5_1164953_841,0x132b5d0,151,FUN_18132b5d0,,,5981cccc715cb576e691f6d51bb1c71946f044bd338b1afe5d0f708ae5a6a98d,undefined FUN_18132b5d0(),ghidra,clean,
WHGame.dll,release_1_5_1164953_841,0x132b668,151,FUN_18132b668,,,011bcb599a3b42f692184c10ce1b33ef00b7f3ccefd43437b90dcd093a0af94a,undefined FUN_18132b668(),ghidra,clean,
WHGame.dll,release_1_5_1164953_841,0x132b700,151,FUN_18132b700,,,0ac69417a17dc0da69803c09f4dc9cef136b22c74e7c7e9ab0fd5befc6ba091e,undefined FUN_18132b700(),ghidra,clean,
WHGame.dll,release_1_5_1164953_841,0x132b798,76,FUN_18132b798,,,c9ecc8412c8330792bd305140ddc99e53e57981603702c1cd4f3b10cde03539e,undefined FUN_18132b798(),ghidra,clean,
WHGame.dll,release_1_5_1164953_841,0x132b7e4,155,FUN_18132b7e4,,,57035693cd73d0a04e0e3fce6cf32457c1a413e34dbe3d8297d97cfb9dfedf57,undefined FUN_18132b7e4(),ghidra,clean,
WHGame.dll,release_1_5_1164953_841,0x132b880,291,FUN_18132b880,,,a296020ced5c8adf57ad1084ffb263f14aa537cba7b19edef7779d236b210d3e,undefined FUN_18132b880(),ghidra,clean,
WHGame.dll,release_1_5_1164953_841,0x132b9a4,100,FUN_18132b9a4,,,6c61a4c9187ea2bd77e8391b7d6e22ade3787c80e132de5c48eac4d239cff49b,undefined FUN_18132b9a4(),ghidra,clean,
WHGame.dll,release_1_5_1164953_841,0x132b9f8,49,FUN_18132b9f8,,,fbbafa24dcd47484d58f441f499e8c897e44357940b5b6c1f1e394b225da8445,undefined FUN_18132b9f8(),ghidra,clean,
WHGame.dll,release_1_5_1164953_841,0x132ba2c,318,FUN_18132ba2c,,,3ad33182c8eeb96549fb973a5b1e1516a23d561a437ef06ffa8cec9d467c56cd,undefined FUN_18132ba2c(),ghidra,clean,
WHGame.dll,release_1_5_1164953_841,0x132bb28,155,FUN_18132bb28,,,36c6764fc74b7446096cce5b2f91dc33b9c3208c7b3cbfb8455afa2180b6f987,undefined FUN_18132bb28(),ghidra,clean,
WHGame.dll,release_1_5_1164953_841,0x132bbc4,291,FUN_18132bbc4,,,2c9e701dd2b692d9c91a2c969414f4fa1f31991272212776fbc1b9a374cd5cdc,undefined FUN_18132bbc4(),ghidra,clean,
WHGame.dll,release_1_5_1164953_841,0x132bce8,21,FUN_18132bce8,,,9d39c5516adde20d5abea1d4946b39c3a92b42e281264a7bd25b484688ba51ce,undefined FUN_18132bce8(),ghidra,clean,
WHGame.dll,release_1_5_1164953_841,0x132bd00,21,FUN_18132bd00,,,97444f72c2b456c397440097401df4d55b10a8beaca337526195f1d36dd6835f,undefined FUN_18132bd00(),ghidra,clean,
WHGame.dll,release_1_5_1164953_841,0x132bd18,102,FUN_18132bd18,,,f59e2ba1c6420a6581aab89ea69b7e1a437465937bea5234f0cbcbbb10541920,undefined FUN_18132bd18(),ghidra,clean,
WHGame.dll,release_1_5_1164953_841,0x132bd80,352,FUN_18132bd80,,,ba858a80831f6f63e27e144f4037683429c5d891f384231c887564b05caf77e8,undefined FUN_18132bd80(),ghidra,clean,
WHGame.dll,release_1_5_1164953_841,0x132bee0,180,FUN_18132bee0,,,ed43e7f03477aae4cde81d43101d26a3750a915e1ad49d1f065f549fe301c586,undefined FUN_18132bee0(),ghidra,clean,
WHGame.dll,release_1_5_1164953_841,0x132bfbc,62,FUN_18132bfbc,,,a2f23d2d11e4499a62fc941e7e5f50d609b15cec200c1a6b3ca1051683c4376a,undefined FUN_18132bfbc(),ghidra,clean,
WHGame.dll,release_1_5_1164953_841,0x132bfe8,113,FUN_18132bfe8,,,20f2d786fc5eb1e83dd8fd1bc663b48e81c2f81182886012f7de8f29816dec22,undefined FUN_18132bfe8(),ghidra,clean,
WHGame.dll,release_1_5_1164953_841,0x132c004,220,FUN_18132c004,,,6cebc55fe05953cc9ea62804b28affa95ac9ef2c97fb4120c9e9da9de8db795f,undefined FUN_18132c004(),ghidra,clean,
WHGame.dll,release_1_5_1164953_841,0x132c0e0,171,FUN_18132c0e0,,,2ff548d0227842d85d59a93ec74223333c61e5e2dcb8b49607518f4bfa9b2c73,undefined FUN_18132c0e0(),ghidra,clean,
WHGame.dll,release_1_5_1164953_841,0x132c190,43,FUN_18132c190,,,138ef12a629c2a3bc3fc01b847339a13e2f293a95e2c14b2c8567c20d3d3695a,undefined FUN_18132c190(),ghidra,clean,
WHGame.dll,release_1_5_1164953_841,0x132c1bc,342,FUN_18132c1bc,,,e292693943181774574c40381eed575f10c4e9df8393000bde08d3a4206d7630,undefined FUN_18132c1bc(),ghidra,clean,
WHGame.dll,release_1_5_1164953_841,0x132c314,101,FUN_18132c314,,,0080eaecd3385b25b52d2d246ae2fca8939b9cecdf0d695b72fc9b9178b220e1,undefined FUN_18132c314(),ghidra,clean,
WHGame.dll,release_1_5_1164953_841,0x132c380,12,FUN_18132c380,,,c35bc314f62522c6517bc5c1ab9c02eff023208a8b039e7d66c760e0035d335e,undefined FUN_18132c380(),ghidra,clean,
WHGame.dll,release_1_5_1164953_841,0x132c38c,169,FUN_18132c38c,,,7ae07df981d4b272a80550ad4bb502a94ad097c14dccea937e92145ebb2aa0f0,undefined FUN_18132c38c(),ghidra,clean,
WHGame.dll,release_1_5_1164953_841,0x132c438,43,FUN_18132c438,,,f60827afdb9686157855572a475a7dfd30c7ba29aad1112fed4183e8f8f499fc,undefined FUN_18132c438(),ghidra,clean,
WHGame.dll,release_1_5_1164953_841,0x132c464,152,FUN_18132c464,,,1a65958a7c5193ac2a6f6ed5c5443dd2011212b3434a8a7d07dfde2f3c740043,undefined FUN_18132c464(),ghidra,clean,
WHGame.dll,release_1_5_1164953_841,0x132c4fc,141,FUN_18132c4fc,,,1d5b23960a9ac4c8eac46fdc6cff9782a626b50b465cce6cb96be286f64c425c,undefined FUN_18132c4fc(),ghidra,clean,
WHGame.dll,release_1_5_1164953_841,0x132c58c,43,FUN_18132c58c,,,08e93f7eef4a6da53123a8c87f0c383482c56dbb10c08f3f5ed814dbad4e648e,undefined FUN_18132c58c(),ghidra,clean,
WHGame.dll,release_1_5_1164953_841,0x132c5b8,118,FUN_18132c5b8,,,da1c59ec919c3a73bb0e525212a1e5ea25035fcdd44adbddbaf6b4c9cd84645a,undefined FUN_18132c5b8(),ghidra,clean,
WHGame.dll,release_1_5_1164953_841,0x132c630,170,FUN_18132c630,,,3219f66ec1347f06be460f00f69ce261d81086230a7cab83540be78242328684,undefined FUN_18132c630(),ghidra,clean,
WHGame.dll,release_1_5_1164953_841,0x132c6dc,132,FUN_18132c6dc,,,ae24d50781b06374280c9314afb57429a549b1b26f4635f01d169098579d6441,undefined FUN_18132c6dc(),ghidra,clean,
WHGame.dll,release_1_5_1164953_841,0x132c760,60,FUN_18132c760,,,6d8850fbd89cdc8c65be45cfefbfb1e11a22ad69a12daf5cfb05a060a56edea5,undefined FUN_18132c760(),ghidra,clean,
WHGame.dll,release_1_5_1164953_841,0x132c79c,30,FUN_18132c79c,,,27868e0770c81e432d04c80c9c63f2d2f15feebe9e9a8fa2b024d729c6efe50c,undefined FUN_18132c79c(),ghidra,clean,
WHGame.dll,release_1_5_1164953_841,0x132c7bc,30,FUN_18132c7bc,,,0161749d8bdeda570b26f42d0d22d5b5b88affd8d5df282a77b2394af29606c1,undefined FUN_18132c7bc(),ghidra,clean,
WHGame.dll,release_1_5_1164953_841,0x132c7dc,4725,FUN_18132c7dc,,,27669f6184f124ab4c50df73a5d88c082ccb367f12c5be615b6a88bede1ae66b,undefined FUN_18132c7dc(),ghidra,clean,
WHGame.dll,release_1_5_1164953_841,0x132da54,155,FUN_18132da54,,,f8d7460fb7fbf950cc0563299d04a6e30da904e8f80ab22d6cd8231b2d43f96a,undefined FUN_18132da54(),ghidra,clean,
WHGame.dll,release_1_5_1164953_841,0x132daf0,190,FUN_18132daf0,,,7fc635d322d45da590cdeedc72fd01856bd0d3dd523059724255eb6824f6672c,undefined FUN_18132daf0(),ghidra,clean,
WHGame.dll,release_1_5_1164953_841,0x132dbb0,26,FUN_18132dbb0,,,5ca61cbb31706e8cff1b8018c9ccc2c64890fce2f1d4e10222a71417672a55ed,undefined FUN_18132dbb0(),ghidra,clean,
WHGame.dll,release_1_5_1164953_841,0x132dbcc,456,FUN_18132dbcc,,,59d89490f210aa192f15b4d4988228a5dc1a1d3825310c68b6edf0fb36a01a37,undefined FUN_18132dbcc(),ghidra,clean,
WHGame.dll,release_1_5_1164953_841,0x132dcac,23,FUN_18132dcac,,,4a2215c3e820937481093c41c3a2c4fdd1b034767afb06c5e8afd475b2e2dc6a,undefined FUN_18132dcac(),ghidra,clean,
WHGame.dll,release_1_5_1164953_841,0x132dcc4,155,FUN_18132dcc4,,,88026dae73aed4e4a55cefda48159dcb9bcfc963caecd99657654d99ce24c72e,undefined FUN_18132dcc4(),ghidra,clean,
WHGame.dll,release_1_5_1164953_841,0x132dd60,291,FUN_18132dd60,,,a99c9df0086a8ac597247935759b452bd1a58f5a18c87676fa7616e510fe1e29,undefined FUN_18132dd60(),ghidra,clean,
WHGame.dll,release_1_5_1164953_841,0x132de84,291,FUN_18132de84,,,50fab1cf460d537c5f370e12b67057def1b53f5a25a6a9086d89b7c8e52595f2,undefined FUN_18132de84(),ghidra,clean,
WHGame.dll,release_1_5_1164953_841,0x132dfa8,91,FUN_18132dfa8,,,b388da3ba2a039171123434171da7b3cc00bf5a2fd97b0014e3ea96299b5f413,undefined FUN_18132dfa8(),ghidra,clean,
WHGame.dll,release_1_5_1164953_841,0x132e004,184,FUN_18132e004,,,249e19bfdd6edfe6c0b52f0d1b3bb8c11f077389241adb18bd75549825adff67,undefined FUN_18132e004(),ghidra,clean,
WHGame.dll,release_1_5_1164953_841,0x132e0bc,97,FUN_18132e0bc,,,433b1b94c9291073fdb073667f3b000d6c0d67fee59aa89df500daf4b8bc4657,undefined FUN_18132e0bc(),ghidra,clean,
WHGame.dll,release_1_5_1164953_841,0x132e120,89,FUN_18132e120,,,b49d566f7ce7f48f56ce7210e57e84a6bebfcbac2d120e1f2522246b48ddd433,undefined FUN_18132e120(),ghidra,clean,
WHGame.dll,release_1_5_1164953_841,0x132e13c,174,FUN_18132e13c,,,245689b5ba97e9291f27bbc0a76ea957c991502a16a78d642fad6548b0cd8d0f,undefined FUN_18132e13c(),ghidra,clean,
WHGame.dll,release_1_5_1164953_841,0x132e1e4,238,FUN_18132e1e4,,,5bb130e286b602819e33e2ac39a0f36999a275bacd81a9285874d9b322c0b586,undefined FUN_18132e1e4(),ghidra,clean,
WHGame.dll,release_1_5_1164953_841,0x132e2d0,145,FUN_18132e2d0,,,036542a34c4059ec11ea9f8215278f49b2aa656c3af3e77358fdda2f9dcdd68b,undefined FUN_18132e2d0(),ghidra,clean,
WHGame.dll,release_1_5_1164953_841,0x132e364,155,FUN_18132e364,,,7470265689bad7e7071fe3579978564a724e02943fd4396809f2752457449f42,undefined FUN_18132e364(),ghidra,clean,
WHGame.dll,release_1_5_1164953_841,0x132e400,291,FUN_18132e400,,,30c09e3908e0866d1bb95f5edafd8064614dd85df81b12bdcb276bb379991c3b,undefined FUN_18132e400(),ghidra,clean,
WHGame.dll,release_1_5_1164953_841,0x132e524,84,FUN_18132e524,,,8e8d0d0344e84dedbd45030020f5828dcc13b39fb91900797b06de93e5f6eb8a,undefined FUN_18132e524(),ghidra,clean,
WHGame.dll,release_1_5_1164953_841,0x132e578,30,FUN_18132e578,,,b3998ff6970760045bb63dffee8e66a49ec2ec34bcc0dfc5d3574adbf835547e,undefined FUN_18132e578(),ghidra,clean,
WHGame.dll,release_1_5_1164953_841,0x132e598,65,FUN_18132e598,,,91c935da52235546968e31adc8f08a5758d466268ac2ccd2542212b597725c63,undefined FUN_18132e598(),ghidra,clean,
WHGame.dll,release_1_5_1164953_841,0x132e5dc,5,thunk_FUN_18132e6ac,,,30fb27f0b34d453dfe234fe46270b2cf923ee69fe2ebe307b9d766a3c0e536e8,undefined thunk_FUN_18132e6ac(),ghidra,clean,
WHGame.dll,release_1_5_1164953_841,0x132e5e4,200,FUN_18132e5e4,,,d943114b2b61dd2c13c3184759943864c99734702774d57c8f0f3007b6b2b5dd,undefined FUN_18132e5e4(),ghidra,clean,
WHGame.dll,release_1_5_1164953_841,0x132e6ac,238,FUN_18132e6ac,,,81e3d14b9a4762f97ad1ad15ffa6800aad71cb9edd75ee2c65d6818373c6093f,undefined FUN_18132e6ac(),ghidra,clean,
WHGame.dll,release_1_5_1164953_841,0x132e774,5,thunk_FUN_18132e7cc,,,e19412c97905d10996bba34daa1d7cf519753ce5d8876250970a9ddd7093e0ae,undefined thunk_FUN_18132e7cc(),ghidra,clean,
WHGame.dll,release_1_5_1164953_841,0x132e77c,78,FUN_18132e77c,,,20228259837c37a92454f4b67da4464761001fd8aa38a1639d28f21eca64f4ba,undefined FUN_18132e77c(),ghidra,clean,
WHGame.dll,release_1_5_1164953_841,0x132e7cc,103,FUN_18132e7cc,,,10a10cc47404a4f549caac6744f38a55828a784d61f49194e3ab1b497c0a16b5,undefined FUN_18132e7cc(),ghidra,clean,
WHGame.dll,release_1_5_1164953_841,0x132e834,149,FUN_18132e834,,,d4978bc421961a30c88bf30d428ac19e6e4b7913b4422484c77615e80488551f,undefined FUN_18132e834(),ghidra,clean,
WHGame.dll,release_1_5_1164953_841,0x132e8cc,222,FUN_18132e8cc,,,c80fe610d4f4324ce220392a6aaaa3ab2ebff625d8545d59b0396b8e03945738,undefined FUN_18132e8cc(),ghidra,clean,
WHGame.dll,release_1_5_1164953_841,0x132e984,219,FUN_18132e984,,,5b72ba421e51eda6ef295ed312444ec38ddccb8ac976bcf5c148f4d27c3eeef7,undefined FUN_18132e984(),ghidra,clean,
WHGame.dll,release_1_5_1164953_841,0x132ea44,130,FUN_18132ea44,,,77b771063412af8819550cf77a5561b62788f353d96d0005a7889bc1ed475f27,undefined FUN_18132ea44(),ghidra,clean,
WHGame.dll,release_1_5_1164953_841,0x132eac8,154,FUN_18132eac8,,,9945bfb04a471394f0b6347d02362c56c3b25fa0fc0317cf3a084480bec69619,undefined FUN_18132eac8(),ghidra,clean,
WHGame.dll,release_1_5_1164953_841,0x132eb64,151,FUN_18132eb64,,,900a9ff39b2a196d4021ee3800ec8a90c09ee9c245037729c4822b94416388c0,undefined FUN_18132eb64(),ghidra,clean,
WHGame.dll,release_1_5_1164953_841,0x132ebfc,42,FUN_18132ebfc,,,cd3c8aa5ad8d2829577cdc24f51c071c0424f539f12d69821071bbf7a42f7738,undefined FUN_18132ebfc(),ghidra,clean,
WHGame.dll,release_1_5_1164953_841,0x132ec28,68,FUN_18132ec28,,,7a4f107a09acdedf1f8f22d5abbaece2c46fff6bf166ab52244e6124ae3669ce,undefined FUN_18132ec28(),ghidra,clean,
WHGame.dll,release_1_5_1164953_841,0x132ec6c,53,FUN_18132ec6c,,,4b37fbe6da88d58fe70aea51f7b9d165f91132fa9caf06ccbadf4259c8be573a,undefined FUN_18132ec6c(),ghidra,clean,
WHGame.dll,release_1_5_1164953_841,0x132eca4,53,FUN_18132eca4,,,db64bc06a270672013a252d2b1e03c7ed7b76a660701fbbd59121d3eee07e7cd,undefined FUN_18132eca4(),ghidra,clean,
WHGame.dll,release_1_5_1164953_841,0x132ecdc,431,FUN_18132ecdc,,,28a945422c8914d0bfc4d1a524e443606ede77fdb032147b56ecdbd938ee07f4,undefined FUN_18132ecdc(),ghidra,clean,
WHGame.dll,release_1_5_1164953_841,0x132ee38,40,FUN_18132ee38,,,0beeb3291ca83476c1a076afcdb5405cae20798b740664da4a811f7f2b875697,undefined FUN_18132ee38(),ghidra,clean,
WHGame.dll,release_1_5_1164953_841,0x132ee60,42,FUN_18132ee60,,,5cdc107c10fb1df9be934a4cb9816a2d6a28848356e88d7c3e278813c535db94,undefined FUN_18132ee60(),ghidra,clean,
WHGame.dll,release_1_5_1164953_841,0x132ee8c,100,FUN_18132ee8c,,,83ad610c8c9a928b4d26b87a05f5c635a7438c36e58c0492ea537f54a60eaf13,undefined FUN_18132ee8c(),ghidra,clean,
WHGame.dll,release_1_5_1164953_841,0x132eef0,417,FUN_18132eef0,,,6258930ad4a41cd3a756a1fb403ced1d22957d43d91c00c436db56faf600f082,undefined FUN_18132eef0(),ghidra,clean,
WHGame.dll,release_1_5_1164953_841,0x132f010,40,FUN_18132f010,,,18875397a1ec436fd3c22a3f30c4d71974d9321c87c03d10c7f4298ccecd98ed,undefined FUN_18132f010(),ghidra,clean,
WHGame.dll,release_1_5_1164953_841,0x132f038,42,FUN_18132f038,,,52bc3c125ca75c71885114d2a7d69866f60728cae0eb3647ddb6f8c040dc4adf,undefined FUN_18132f038(),ghidra,clean,
WHGame.dll,release_1_5_1164953_841,0x132f064,100,FUN_18132f064,,,a853e2451ccdd556c134d14accc9248d025d476a556a171ef78996acac5890f0,undefined FUN_18132f064(),ghidra,clean,
WHGame.dll,release_1_5_1164953_841,0x132f0c8,142,FUN_18132f0c8,,,be4fca1cf2818c816c075db9dce19cc94f67e61eebc1d7e68b2ab6c7d3efbe07,undefined FUN_18132f0c8(),ghidra,clean,
WHGame.dll,release_1_5_1164953_841,0x132f158,72,FUN_18132f158,,,56618a2dd190157c32a75963364c0b2265bc1399fc43f4228588f3767eb0f3fe,undefined FUN_18132f158(),ghidra,clean,
WHGame.dll,release_1_5_1164953_841,0x132f1a0,26,FUN_18132f1a0,,,784f42d42467bdc72bf303619520ab86d009b3466c28ed890d4202f919d16798,undefined FUN_18132f1a0(),ghidra,clean,
WHGame.dll,release_1_5_1164953_841,0x132f1bc,958,FUN_18132f1bc,,,5b962c91dca613e13e271f9bce8d7f33f26f17e18f8570415a6063ef5af835d8,undefined FUN_18132f1bc(),ghidra,clean,
WHGame.dll,release_1_5_1164953_841,0x132f57c,23,FUN_18132f57c,,,4a2215c3e820937481093c41c3a2c4fdd1b034767afb06c5e8afd475b2e2dc6a,undefined FUN_18132f57c(),ghidra,clean,
WHGame.dll,release_1_5_1164953_841,0x132f594,155,FUN_18132f594,,,61b73371e716c7661ecf4cc08a313a9468f09430f4f2146f9147d96cb44f04b2,undefined FUN_18132f594(),ghidra,clean,
WHGame.dll,release_1_5_1164953_841,0x132f630,304,FUN_18132f630,,,542062b03b065646d1649a6a269949fd9ad69c63ca6299556200d96733eb4b9a,undefined FUN_18132f630(),ghidra,clean,
WHGame.dll,release_1_5_1164953_841,0x132f760,155,FUN_18132f760,,,80aaf7cc7afbb5c9f6dac1559b38c7a285fb74de982a27e08d246d03a2837867,undefined FUN_18132f760(),ghidra,clean,
WHGame.dll,release_1_5_1164953_841,0x132f7fc,298,FUN_18132f7fc,,,a2f124d0d4e5e94c042d4100d213c63e869d541cc539a7f02890b29a7f82d2ff,undefined FUN_18132f7fc(),ghidra,clean,
WHGame.dll,release_1_5_1164953_841,0x132f928,26,FUN_18132f928,,,c12aa0e00f162cbccae48fb2931da1a35d12084607031dc5ca02d87df4dd0b8c,undefined FUN_18132f928(),ghidra,clean,
WHGame.dll,release_1_5_1164953_841,0x132f944,374,FUN_18132f944,,,00c8c3212481365fc6c7890e7ea78cd0c9bd0ce83788220f64560f10c408fff8,undefined FUN_18132f944(),ghidra,clean,
WHGame.dll,release_1_5_1164953_841,0x132fa2c,155,FUN_18132fa2c,,,5aab98d2e1d313cfd9d68347320e72e474d106401f502820986689e959e6e812,undefined FUN_18132fa2c(),ghidra,clean,
WHGame.dll,release_1_5_1164953_841,0x132fac8,311,FUN_18132fac8,,,77088fcb76b6d7f456d3dbb5c2b6f60d7e1f31c1d676d826a9c56a74ff062c92,undefined FUN_18132fac8(),ghidra,clean,
WHGame.dll,release_1_5_1164953_841,0x132fc00,155,FUN_18132fc00,,,1c773d7870e254db63ba6cf695e8f940bd79e41ee726d847c1c299a5b6612a1d,undefined FUN_18132fc00(),ghidra,clean,
WHGame.dll,release_1_5_1164953_841,0x132fc9c,291,FUN_18132fc9c,,,212d03628f5464b28f695e01e04e9e3ea9009813c355f4ad0742c0feaed5498b,undefined FUN_18132fc9c(),ghidra,clean,
WHGame.dll,release_1_5_1164953_841,0x132fdc0,155,FUN_18132fdc0,,,122fa60a936f666798b48017ba74049a9c99f0603c1eb0cff4485148ce33ec8d,undefined FUN_18132fdc0(),ghidra,clean,
WHGame.dll,release_1_5_1164953_841,0x132fe5c,311,FUN_18132fe5c,,,e2e45e72795af5f23a755bb4a3aebc8e899a8eeaecd1b9129dd355d2fa772d4f,undefined FUN_18132fe5c(),ghidra,clean,
WHGame.dll,release_1_5_1164953_841,0x132ff94,237,FUN_18132ff94,,,d39a248d9f6c10c474b694e1c2ba0ddb67ea959a5180e1e60ea8c034a2bab015,undefined FUN_18132ff94(),ghidra,clean,
WHGame.dll,release_1_5_1164953_841,0x1330084,57,FUN_181330084,,,8804f5084faed40016ba2117e2fc8d1646ae71adb61d0ccb3da79f3c5599adf5,undefined FUN_181330084(),ghidra,clean,
WHGame.dll,release_1_5_1164953_841,0x13300c0,219,FUN_1813300c0,,,5bf460de5c9295bf6eb0d5c07574517ee9ee831ef10c424ac5f20d7423c99302,undefined FUN_1813300c0(),ghidra,clean,
WHGame.dll,release_1_5_1164953_841,0x133019c,57,FUN_18133019c,,,fef1fd6e61e2514896479996bd88b397902d50130559e2da4a5e6242e7d5a9c6,undefined FUN_18133019c(),ghidra,clean,
WHGame.dll,release_1_5_1164953_841,0x13301d8,34,FUN_1813301d8,,,69979442afcf719e92dc1650e83925943ec6de9e1df1db999a125e9a8f5f721a,undefined FUN_1813301d8(),ghidra,clean,
WHGame.dll,release_1_5_1164953_841,0x13301fc,180,FUN_1813301fc,,,a365fe0152e87a1a0cd5fc131f92f12459676c127902446304f8bcc12ade9b03,undefined FUN_1813301fc(),ghidra,clean,
WHGame.dll,release_1_5_1164953_841,0x13302b0,136,FUN_1813302b0,,,41ea7866db6090a8ce789dd7bb590cdb0dbc86faf4572ccaa9f7d31675f7e511,undefined FUN_1813302b0(),ghidra,clean,
WHGame.dll,release_1_5_1164953_841,0x1330338,219,FUN_181330338,,,559d8df6ba9a9b97ecc50f572a4b6b6109183472d83a83f03fc1eac33593a148,undefined FUN_181330338(),ghidra,clean,
WHGame.dll,release_1_5_1164953_841,0x1330414,212,FUN_181330414,,,c996d68357e7cf17368a3f089799fb107333ec860dd9cc0f42e710a64e15e771,undefined FUN_181330414(),ghidra,clean,
WHGame.dll,release_1_5_1164953_841,0x13304e8,136,FUN_1813304e8,,,670c89db0381e8f336188a9d290218938c0060d7f8046f2fea145b92c34efae0,undefined FUN_1813304e8(),ghidra,clean,
WHGame.dll,release_1_5_1164953_841,0x1330570,27,FUN_181330570,,,88916c45719712a96ffe9643603078eca8048405b5c99dd45dee7bd0298dad95,undefined FUN_181330570(),ghidra,clean,
WHGame.dll,release_1_5_1164953_841,0x133058c,152,FUN_18133058c,,,fb6104dc70d9616b1374dfb930d632a89087570f2b040aa5835085b2a4eb998c,undefined FUN_18133058c(),ghidra,clean,
WHGame.dll,release_1_5_1164953_841,0x1330624,141,FUN_181330624,,,a933b0fc103a8e6450863ee0bf11fad47e5eebf747c90019bcf302fa659ec9e1,undefined FUN_181330624(),ghidra,clean,
WHGame.dll,release_1_5_1164953_841,0x13306b4,57,FUN_1813306b4,,,7e91693630f5a5b9957fce99ec0f833a754d37450ce5f1d271948950f5cb931d,undefined FUN_1813306b4(),ghidra,clean,
WHGame.dll,release_1_5_1164953_841,0x13306f0,218,FUN_1813306f0,,,e5f73e2a0ca3ea14432fd82046fc5b32650c22e5944cb9afc6bf1d75b38f2e2f,undefined FUN_1813306f0(),ghidra,clean,
WHGame.dll,release_1_5_1164953_841,0x13307cc,348,FUN_1813307cc,,,1c1b2f57dfb56bd753de4017767f8915ad0b8fcaa1cb26a690bbf5adeb7ff0d1,undefined FUN_1813307cc(),ghidra,clean,
WHGame.dll,release_1_5_1164953_841,0x1330928,211,FUN_181330928,,,912cba32e69b885dfe2f7e53845d8b815d5948e3a80d0075aef99a13e2f296e2,undefined FUN_181330928(),ghidra,clean,
WHGame.dll,release_1_5_1164953_841,0x13309fc,100,FUN_1813309fc,,,c5545924104fc2a47235f58156806e0f76dfe4f861ce495b62ad1b22592024e0,undefined FUN_1813309fc(),ghidra,clean,
WHGame.dll,release_1_5_1164953_841,0x1330a60,83,FUN_181330a60,,,e5225533763acb12d98fedf84ed0347163c7fefc1b4f8d84d1c025933fdbb324,undefined FUN_181330a60(),ghidra,clean,
WHGame.dll,release_1_5_1164953_841,0x1330a7c,82,FUN_181330a7c,,,bdcbadb2fd847f308ce1cbf22ed7d912630110d1acac11eee1741fd44db44b7b,undefined FUN_181330a7c(),ghidra,clean,
WHGame.dll,release_1_5_1164953_841,0x1330ad0,212,FUN_181330ad0,,,e28ad3657ac0b1b24b4c48a61fd60b4306b273b97458605949bd76d696418a53,undefined FUN_181330ad0(),ghidra,clean,
WHGame.dll,release_1_5_1164953_841,0x1330ba8,51,FUN_181330ba8,,,275346e105286597d788eb8d8dbb1b95cd0dfabc9921b6471dfd30e8f74ff26e,undefined FUN_181330ba8(),ghidra,clean,
WHGame.dll,release_1_5_1164953_841,0x1330bdc,71,FUN_181330bdc,,,3900dfa067ef86772290ff4732a48a031c7494884b84dca86056c9e205b9bb4b,undefined FUN_181330bdc(),ghidra,clean,
WHGame.dll,release_1_5_1164953_841,0x1330c24,162,FUN_181330c24,,,852b00d516672c572d5e60dcde7d082e854ffd1799e87ae4e36c5df4e6fb1d0e,undefined FUN_181330c24(),ghidra,clean,
WHGame.dll,release_1_5_1164953_841,0x1330cc8,81,FUN_181330cc8,,,61d5a843eb5089cc7c6205cd5f9b84806b462fd0e8897d78efcb0a29dda49ad8,undefined FUN_181330cc8(),ghidra,clean,
WHGame.dll,release_1_5_1164953_841,0x1330d1c,95,FUN_181330d1c,,,290f1ed41dffaf2e12cacd88e845f8c84d97b0f9323545c3a39316e7ba80b7ff,undefined FUN_181330d1c(),ghidra,clean,
WHGame.dll,release_1_5_1164953_841,0x1330d7c,119,FUN_181330d7c,,,d17ba268d982115fc3797b661978dad80f51fbb05f10c1605a0aa6c0fc80b60b,undefined FUN_181330d7c(),ghidra,clean,
WHGame.dll,release_1_5_1164953_841,0x1330df4,155,FUN_181330df4,,,3f72ea386f6ce739f4f9db19fe95ddc818b0c56b17f584aa9a60830bbb8370cd,undefined FUN_181330df4(),ghidra,clean,
WHGame.dll,release_1_5_1164953_841,0x1330e90,190,FUN_181330e90,,,36c47e4a9d174e73dbf7edd2f33b52a3d3d48b945c2928e5a10a79577dade248,undefined FUN_181330e90(),ghidra,clean,
WHGame.dll,release_1_5_1164953_841,0x1330f50,446,FUN_181330f50,,,2fb4980ef60127eacd0c964286d5ece3fca4b99af3ecfaaa7ceee2e69426028e,undefined FUN_181330f50(),ghidra,clean,
WHGame.dll,release_1_5_1164953_841,0x1331084,133,FUN_181331084,,,7a7e4d5124b21e38d035ec61acfe666907557086c7db2faa1359f6e379fb39d2,undefined FUN_181331084(),ghidra,clean,
WHGame.dll,release_1_5_1164953_841,0x133110c,109,FUN_18133110c,,,cf9d6d3f911a20e2dd66c259c3f4e67a1bbfe13268fbf0efcdf64efdfc113723,undefined FUN_18133110c(),ghidra,clean,
WHGame.dll,release_1_5_1164953_841,0x1331144,827,FUN_181331144,,,6a4a8ff3b11b3325c7940e63c977b060434e49cda3e1e8eb46702da7ae1eca55,undefined FUN_181331144(),ghidra,clean,
WHGame.dll,release_1_5_1164953_841,0x1331246,8,FUN_181331246,,,a43f98eb7ae9f8fd3115816c660dffe63f1a985b3a91f570563a0463d3d90ce8,undefined FUN_181331246(),ghidra,clean,
WHGame.dll,release_1_5_1164953_841,0x13312a8,23,FUN_1813312a8,,,4a2215c3e820937481093c41c3a2c4fdd1b034767afb06c5e8afd475b2e2dc6a,undefined FUN_1813312a8(),ghidra,clean,
WHGame.dll,release_1_5_1164953_841,0x13312c0,155,FUN_1813312c0,,,458ea62a9b60044482e39fe32a33443809ba1649c19faf665b13198295e5bfe7,undefined FUN_1813312c0(),ghidra,clean,
WHGame.dll,release_1_5_1164953_841,0x133135c,291,FUN_18133135c,,,afb232f8bbeb8eed42364770792d87130d03c8693b355df88bd6ed6b86de188e,undefined FUN_18133135c(),ghidra,clean,
WHGame.dll,release_1_5_1164953_841,0x1331480,291,FUN_181331480,,,392e9a1db01b50ce68a1abc02d73282a8285c319ac148905af442fadbe5b56a1,undefined FUN_181331480(),ghidra,clean,
WHGame.dll,release_1_5_1164953_841,0x13315a4,78,FUN_1813315a4,,,7e3c27af5e24a00a2d8042316d279554822d1413ab794e2ac5da22f5af03ad89,undefined FUN_1813315a4(),ghidra,clean,
WHGame.dll,release_1_5_1164953_841,0x13315f4,155,FUN_1813315f4,,,b90ed5a5d89872bb263ace743c4ef894a1250340d95424af4d934edce6003460,undefined FUN_1813315f4(),ghidra,clean,
WHGame.dll,release_1_5_1164953_841,0x1331690,291,FUN_181331690,,,27e67a4717ce6d45f681b2b015d91432228e66c91d8c4c8af067a97271bff61a,undefined FUN_181331690(),ghidra,clean,
WHGame.dll,release_1_5_1164953_841,0x13317b4,55,FUN_1813317b4,,,ee75ec32ba07d0e043bf3687b3b2767f5a8501cff1d940727a7a6565a3612195,undefined FUN_1813317b4(),ghidra,clean,
WHGame.dll,release_1_5_1164953_841,0x13317dc,181,FUN_1813317dc,,,242b42d4a8fd153510f5a02227d68cc80da43ebf4cb2fc28caee86974c76c3b0,undefined FUN_1813317dc(),ghidra,clean,
WHGame.dll,release_1_5_1164953_841,0x1331894,117,FUN_181331894,,,310535f1a506b0359424768c8c67ca5f756ced08790c0e8544a9021f3647e0d1,undefined FUN_181331894(),ghidra,clean,
WHGame.dll,release_1_5_1164953_841,0x133190c,55,FUN_18133190c,,,625385281fdcbaaca7bc98acb43fd1e230cb7b989e5dd5b05d32e607fab9e1bd,undefined FUN_18133190c(),ghidra,clean,
WHGame.dll,release_1_5_1164953_841,0x1331934,181,FUN_181331934,,,95e3e7e74ac1a60b5ff641a22bc22d85e205a90270dc3ff964d124d95f73e531,undefined FUN_181331934(),ghidra,clean,
WHGame.dll,release_1_5_1164953_841,0x13319ec,167,FUN_1813319ec,,,b4be3b1388c87312567f4ef3ad4d8b3a69869b4f3a50a014ab4436fa4cabfd79,undefined FUN_1813319ec(),ghidra,clean,
WHGame.dll,release_1_5_1164953_841,0x1331a94,56,FUN_181331a94,,,b2170b57c1efec5e9bb2ca5a5c81711eb9eab14085bbaada9c0fb7564dc93ed7,undefined FUN_181331a94(),ghidra,clean,
WHGame.dll,release_1_5_1164953_841,0x1331acc,662,FUN_181331acc,,,2857157b7bb9c764ad244710a0f7ae191618f6b712edb73d546d79acfc28faa4,undefined FUN_181331acc(),ghidra,clean,
WHGame.dll,release_1_5_1164953_841,0x1331d64,203,FUN_181331d64,,,08781ce957e2499388f433cc36b33590a2d6f9e083193195f054f15739cd8179,undefined FUN_181331d64(),ghidra,clean,
WHGame.dll,release_1_5_1164953_841,0x1331e30,173,FUN_181331e30,,,21fcfb15ff9097a87a6d9885298363e6101aaed3276953297aba1211142e4f28,undefined FUN_181331e30(),ghidra,clean,
WHGame.dll,release_1_5_1164953_841,0x1331ee0,26,FUN_181331ee0,,,a7d9d69986e86adf73b6112a973105f452912b2e6c9966ef9fc5f603ca24d39e,undefined FUN_181331ee0(),ghidra,clean,
WHGame.dll,release_1_5_1164953_841,0x1331efc,190,FUN_181331efc,,,263e9d1b0c08b6d385071af8e74a16de2649eb1b108905639d17fae86e4226ae,undefined FUN_181331efc(),ghidra,clean,
WHGame.dll,release_1_5_1164953_841,0x1331fbc,155,FUN_181331fbc,,,b6ea9c03d3d0a5df9e10735065b690cd015572757a767c13362266f7e9cb5f38,undefined FUN_181331fbc(),ghidra,clean,
WHGame.dll,release_1_5_1164953_841,0x1332058,291,FUN_181332058,,,a340d839e975531f8113ac32f221756b1e16e820a116394c7a9a8ab823838c55,undefined FUN_181332058(),ghidra,clean,
WHGame.dll,release_1_5_1164953_841,0x133217c,180,FUN_18133217c,,,8bcf5aecd81483c443c8b3b2b086879b8a4850b026b8ffe218e175c606a3f861,undefined FUN_18133217c(),ghidra,clean,
WHGame.dll,release_1_5_1164953_841,0x1332230,180,FUN_181332230,,,df05e8d0325c55f3d370555197694f10bedf990aa13b98bb43f59c55e1b742ab,undefined FUN_181332230(),ghidra,clean,
WHGame.dll,release_1_5_1164953_841,0x13322e4,42,FUN_1813322e4,,,db86c560348f848ed23e24e9733b57be85aeaf75d5f8522c40466ed4ec71cc6e,undefined FUN_1813322e4(),ghidra,clean,
WHGame.dll,release_1_5_1164953_841,0x133230e,69,FUN_18133230e,,,463348bd7422db52dccc259287cdfcb20ea84e7a6b28dc83fe22d419e0cf0078,undefined FUN_18133230e(),ghidra,clean,
WHGame.dll,release_1_5_1164953_841,0x1332354,429,FUN_181332354,,,4f00a84d8023845b3052a7326d130872159eb4dd9ade81847fa4e17f7406a246,undefined FUN_181332354(),ghidra,clean,
WHGame.dll,release_1_5_1164953_841,0x1332504,51,FUN_181332504,,,11c71e09e45ff974df7585443c477f47ec44f73705d205f7effbb15a24f6cd00,undefined FUN_181332504(),ghidra,clean,
WHGame.dll,release_1_5_1164953_841,0x1332538,57,FUN_181332538,,,98fe032521782998a52b14780b99be246c1bbd2654c7c000d41bebb948295509,undefined FUN_181332538(),ghidra,clean,
WHGame.dll,release_1_5_1164953_841,0x1332574,117,FUN_181332574,,,8114d229caa14d5dd8422feb6cd102cce035d6b9e5eceec8782aa863a25663d1,undefined FUN_181332574(),ghidra,clean,
WHGame.dll,release_1_5_1164953_841,0x13325ec,149,FUN_1813325ec,,,15bb6ae8e5e9b4cfc5fe41f2c0972234390688d72bc891e267b904f703f48cb5,undefined FUN_1813325ec(),ghidra,clean,
WHGame.dll,release_1_5_1164953_841,0x1332670,122,FUN_181332670,,,aab2486061f856c6f71f34930d44f0cf3cdd3cee05f26cadd8042c9a617ec3e1,undefined FUN_181332670(),ghidra,clean,
WHGame.dll,release_1_5_1164953_841,0x13326ec,228,FUN_1813326ec,,,312775a5645b5dd9125d84235435927451cd140aec5788c4c13c4e32d2ae9cae,undefined FUN_1813326ec(),ghidra,clean,
WHGame.dll,release_1_5_1164953_841,0x13327d0,67,FUN_1813327d0,,,7c96e9ef1ac32816bf30904baca5e2cae1b4ec937e7fec3b75a47faee544aa61,undefined FUN_1813327d0(),ghidra,clean,
WHGame.dll,release_1_5_1164953_841,0x1332814,111,FUN_181332814,,,e48d1a396406789a89f66ca4d1d80fe3a08ddb6441a78ae7a274832f10975b6d,undefined FUN_181332814(),ghidra,clean,
WHGame.dll,release_1_5_1164953_841,0x1332884,131,FUN_181332884,,,76b01f86dec8f13e93751f249feb748792c88467ac826739ac9280ac93874e00,undefined FUN_181332884(),ghidra,clean,
WHGame.dll,release_1_5_1164953_841,0x1332908,5,thunk_FUN_181332924,,,b9c9f352fa01b919ff3754cd59411c8d315ca5e4f3c23c561a4145a65ba59bac,undefined thunk_FUN_181332924(),ghidra,clean,
WHGame.dll,release_1_5_1164953_841,0x1332910,19,FUN_181332910,,,ff9451e118747686749546a12668d2394224bdb91f8b798c8cdb51702bdbf2fa,undefined FUN_181332910(),ghidra,clean,
WHGame.dll,release_1_5_1164953_841,0x1332924,88,FUN_181332924,,,5e733f4f9a4133bb08d54c9f2d76058f1c7abe42b234807588c1530e1976128f,undefined FUN_181332924(),ghidra,clean,
WHGame.dll,release_1_5_1164953_841,0x133297c,204,FUN_18133297c,,,5d382e298e8ae7b5c2b2face6a26f32e56b6f1c2936df16c1536440f9ec14eb2,undefined FUN_18133297c(),ghidra,clean,
WHGame.dll,release_1_5_1164953_841,0x1332a28,204,FUN_181332a28,,,a0cd232b4e50074fab5bd52e7511b4c7809bca11937a5ca1f2b0722817bf2505,undefined FUN_181332a28(),ghidra,clean,
WHGame.dll,release_1_5_1164953_841,0x1332ad4,204,FUN_181332ad4,,,33fde19c92f2885681c7a28550d9051f0e73e4b7e4ca70bf7148224709ebed01,undefined FUN_181332ad4(),ghidra,clean,
WHGame.dll,release_1_5_1164953_841,0x1332b80,376,FUN_181332b80,,,93c1f2bf5ae38bfa1c372d53bd738e5d602d39042e2274874eb5b4b2a67b73bc,undefined FUN_181332b80(),ghidra,clean,
WHGame.dll,release_1_5_1164953_841,0x1332cb4,26,FUN_181332cb4,,,a81ec84aef5b88e6417f6a7b0dab70d3eb30af35d2a71b47669979a825b0084d,undefined FUN_181332cb4(),ghidra,clean,
WHGame.dll,release_1_5_1164953_841,0x1332cd0,151,FUN_181332cd0,,,17fc45e509cad974a00004a75326420072568609854da624bc86eef027371058,undefined FUN_181332cd0(),ghidra,clean,
WHGame.dll,release_1_5_1164953_841,0x1332d68,151,FUN_181332d68,,,81ce9e657967f24d2af60d83ed60db51b9604cd86615030a6b13bdd66f871862,undefined FUN_181332d68(),ghidra,clean,
WHGame.dll,release_1_5_1164953_841,0x1332e00,151,FUN_181332e00,,,8bf6752ea6df2a40ef548e73776a0692a8caa646762cbd81ab04506244af87a5,undefined FUN_181332e00(),ghidra,clean,
WHGame.dll,release_1_5_1164953_841,0x1332e98,151,FUN_181332e98,,,a9f7ba86cc6d3b18a99c0534ff216447503553bbb7ea2bbb83bce0c8f2c7b932,undefined FUN_181332e98(),ghidra,clean,
WHGame.dll,release_1_5_1164953_841,0x1332f30,151,FUN_181332f30,,,ac661c0c7aa4b09cea5d49900e4a766f310878e4a45a92d87a6e88795dff434d,undefined FUN_181332f30(),ghidra,clean,
WHGame.dll,release_1_5_1164953_841,0x1332fc8,1131,FUN_181332fc8,,,4b6e53357cf0db3635d5da8eb503e3bf955b92a4be159210d6c51e692c16afe5,undefined FUN_181332fc8(),ghidra,clean,
WHGame.dll,release_1_5_1164953_841,0x1333434,155,FUN_181333434,,,d5034522f3d1bcc4527438bd0a93e7d69353d9c3ab324f4818ebffc39bb4637d,undefined FUN_181333434(),ghidra,clean,
WHGame.dll,release_1_5_1164953_841,0x13334d0,304,FUN_1813334d0,,,8cc86abacdd49bd4ec88eeb5dc6772d4101c1c2ba4bc0556a70879aac8b4763f,undefined FUN_1813334d0(),ghidra,clean,
WHGame.dll,release_1_5_1164953_841,0x1333600,155,FUN_181333600,,,3ca9ac5dec651f1cdf7797b90deab36d6f0619a810ed8b4bd2ad9cdf2366a14d,undefined FUN_181333600(),ghidra,clean,
WHGame.dll,release_1_5_1164953_841,0x133369c,298,FUN_18133369c,,,3c80e05f895c8a908398102959c4e9e037ddb78802ff377e4c45c05cf9431f12,undefined FUN_18133369c(),ghidra,clean,
WHGame.dll,release_1_5_1164953_841,0x13337c8,151,FUN_1813337c8,,,cd8cab598263e075b2fcf930617b0a5c00e05a7df86b2e4c10fda55ea84f408d,undefined FUN_1813337c8(),ghidra,clean,
WHGame.dll,release_1_5_1164953_841,0x1333860,133,FUN_181333860,,,69eb5cace0ac3db4f4986a96b562142d2cd38a86c4e0444e1204cc10666302ad,undefined FUN_181333860(),ghidra,clean,
WHGame.dll,release_1_5_1164953_841,0x13338e8,24,FUN_1813338e8,,,3ca68fe2e5177658c81664c6fba0d9b11f6fa8ac752c8879780ec0c67a59e617,undefined FUN_1813338e8(),ghidra,clean,
WHGame.dll,release_1_5_1164953_841,0x1333900,24,FUN_181333900,,,f8f55e9d3c2c9409a36b362709588145b4ae5e19793fbc92557eb4bff8e7f053,undefined FUN_181333900(),ghidra,clean,
WHGame.dll,release_1_5_1164953_841,0x1333918,24,FUN_181333918,,,2291a35d99103d320fe8afb9d83b9b0852bb2e81d6cd94138aba06373990c87b,undefined FUN_181333918(),ghidra,clean,
WHGame.dll,release_1_5_1164953_841,0x1333930,24,FUN_181333930,,,998d57a3aaf21c5e021cfdc77cee41ae8d09c69aecfe409b8a5fc6f5c76ded23,undefined FUN_181333930(),ghidra,clean,
WHGame.dll,release_1_5_1164953_841,0x1333948,32,FUN_181333948,,,d5e1677c3fd98921a6c6e8de5c786847b95108c3706d6528b617b0d2f8f93fc3,undefined FUN_181333948(),ghidra,clean,
WHGame.dll,release_1_5_1164953_841,0x1333968,155,FUN_181333968,,,7378b3301cb718ed15ec6a0456b86b6e796f57eee5d2c8876ea2c9f4d39b2c44,undefined FUN_181333968(),ghidra,clean,
WHGame.dll,release_1_5_1164953_841,0x1333a04,291,FUN_181333a04,,,92dff0e70d47fef38355883d85b81f6a7067e7e3c04d0b73c290f75eec50bbac,undefined FUN_181333a04(),ghidra,clean,
WHGame.dll,release_1_5_1164953_841,0x1333b28,26,FUN_181333b28,,,819234953c91d716a341edb10dcca2267107efa13f78881bbca64f4a7a11eeca,undefined FUN_181333b28(),ghidra,clean,
WHGame.dll,release_1_5_1164953_841,0x1333b44,155,FUN_181333b44,,,a7a034a38f31f68dd770793ef3dcb33017bd09c78e2ac0f3854ba5a3227b5079,undefined FUN_181333b44(),ghidra,clean,
WHGame.dll,release_1_5_1164953_841,0x1333be0,291,FUN_181333be0,,,15d6ef1dbffad431c24d3f34f1e101082cc954ccbaed35e75bb5a1d174f4612f,undefined FUN_181333be0(),ghidra,clean,
WHGame.dll,release_1_5_1164953_841,0x1333d04,91,FUN_181333d04,,,e51436dc2b9114c2f7ef08dfb242ad80fc2915c39c8fcb1d290c288b8e23fd45,undefined FUN_181333d04(),ghidra,clean,
WHGame.dll,release_1_5_1164953_841,0x1333d60,155,FUN_181333d60,,,30ad19e24897986abd5fb50a9bafd0aee5511a9665428016465e7dd65473d5cd,undefined FUN_181333d60(),ghidra,clean,
WHGame.dll,release_1_5_1164953_841,0x1333dfc,26,FUN_181333dfc,,,819234953c91d716a341edb10dcca2267107efa13f78881bbca64f4a7a11eeca,undefined FUN_181333dfc(),ghidra,clean,
WHGame.dll,release_1_5_1164953_841,0x1333e18,155,FUN_181333e18,,,3cd17bdcd777d87aaa5f718d75567e50e658b3bdce706b03d82146975e0ed1e6,undefined FUN_181333e18(),ghidra,clean,
WHGame.dll,release_1_5_1164953_841,0x1333eb4,291,FUN_181333eb4,,,0f270c1522154bae4e138d4d52f2b788e784913c1f967a54aa6b254cd385934e,undefined FUN_181333eb4(),ghidra,clean,
WHGame.dll,release_1_5_1164953_841,0x1333fd8,291,FUN_181333fd8,,,f21251bbbe8d6577984e87538178aae49978d939ceb0492feb446bc34c4af300,undefined FUN_181333fd8(),ghidra,clean,
WHGame.dll,release_1_5_1164953_841,0x13340fc,91,FUN_1813340fc,,,e58bc1300fee924e07579ae60e69570a5ff9fdc1f6c456c41a68654b5bf9cb96,undefined FUN_1813340fc(),ghidra,clean,
WHGame.dll,release_1_5_1164953_841,0x1334158,81,FUN_181334158,,,b0157f6c1ff59870eab435a77a7f8027632b09ea0f577700fe433cd01c213536,undefined FUN_181334158(),ghidra,clean,
WHGame.dll,release_1_5_1164953_841,0x13341ac,200,FUN_1813341ac,,,fbb40efe700aaed2acd0aa3664c7346a8527306e6bfb50f5907df0d67beeb108,undefined FUN_1813341ac(),ghidra,clean,
WHGame.dll,release_1_5_1164953_841,0x1334274,189,FUN_181334274,,,8c45c4d00288ca2c72a57247fa5fccbad635e56d7ef70c6c993582065bcd5e87,undefined FUN_181334274(),ghidra,clean,
WHGame.dll,release_1_5_1164953_841,0x1334334,331,FUN_181334334,,,903777b8f19b2895a14ad8c85b22c1522e49ba6d48138af66a3b90e9a544e994,undefined FUN_181334334(),ghidra,clean,
WHGame.dll,release_1_5_1164953_841,0x1334480,154,FUN_181334480,,,03b53bda6ffb95125b1fc209beb5b10060007c0f9e4d2734accf5431cca2ca6f,undefined FUN_181334480(),ghidra,clean,
WHGame.dll,release_1_5_1164953_841,0x133451c,140,FUN_18133451c,,,c4acada626f5222f926e7245413aeff2096f4594dd43fef7f02ca60589b5c4aa,undefined FUN_18133451c(),ghidra,clean,
WHGame.dll,release_1_5_1164953_841,0x13345a8,55,FUN_1813345a8,,,ac5566169889d1564938c6979b74e060dc8babf98a4b4ae4ba8acb3c5fbd668b,undefined FUN_1813345a8(),ghidra,clean,
WHGame.dll,release_1_5_1164953_841,0x13345e0,109,FUN_1813345e0,,,d625f1c4005404611912d94cdca89e33dd31ce6d8c1268137beecfbe713e08ad,undefined FUN_1813345e0(),ghidra,clean,
WHGame.dll,release_1_5_1164953_841,0x1334650,207,FUN_181334650,,,715216b16f57fe7c9b917902b63e85da3a96fc9b7599e550c157befb8fea05a6,undefined FUN_181334650(),ghidra,clean,
WHGame.dll,release_1_5_1164953_841,0x1334720,30,FUN_181334720,,,4a04a3bb3139f9c86d61fcf05c939caa3894a6d70667a0e6c55ac7b79abf29e6,undefined FUN_181334720(),ghidra,clean,
WHGame.dll,release_1_5_1164953_841,0x1334740,234,FUN_181334740,,,8f1979900415c3fca41deb3fa009b00d88db9b378283f24dac757c11f551bcf2,undefined FUN_181334740(),ghidra,clean,
WHGame.dll,release_1_5_1164953_841,0x133482c,190,FUN_18133482c,,,bea4a52348128c44448df73136961d98a69a6dbec459b4a053ea9b86ffaeb052,undefined FUN_18133482c(),ghidra,clean,
WHGame.dll,release_1_5_1164953_841,0x13348d8,261,FUN_1813348d8,,,8b1cc3178210ee709bd5c857eed7aec092d69b29ccfb4515e1f5868f2679c8ca,undefined FUN_1813348d8(),ghidra,clean,
WHGame.dll,release_1_5_1164953_841,0x13349d4,196,FUN_1813349d4,,,4e6f86b055ba6019882a4df8dd7fca40a73f5b903f1b07991821200dafa56d1d,undefined FUN_1813349d4(),ghidra,clean,
WHGame.dll,release_1_5_1164953_841,0x1334a98,155,FUN_181334a98,,,c0959f2e62f50b700779a4d63c3b511e6c26f33af38ef0d4035a075d0c7d3b81,undefined FUN_181334a98(),ghidra,clean,
WHGame.dll,release_1_5_1164953_841,0x1334b34,291,FUN_181334b34,,,c7a9104755e5ca30ccf481f34fcdf52acf1bf0df83709594a999d986322e34bb,undefined FUN_181334b34(),ghidra,clean,
WHGame.dll,release_1_5_1164953_841,0x1334c58,20,FUN_181334c58,,,adeaa1d51c995f42025c943ff0cfde37706e535ef3f40864ab15a3f6aca0f325,undefined FUN_181334c58(),ghidra,clean,
WHGame.dll,release_1_5_1164953_841,0x1334c6c,180,FUN_181334c6c,,,fcc770abb0dc8fc3e6d7f0356761c10c8b0cde541baa02225af207af4e91d24f,undefined FUN_181334c6c(),ghidra,clean,
WHGame.dll,release_1_5_1164953_841,0x1334d20,302,FUN_181334d20,,,fbe66d389eb0074a456b5fb1f189a83921045374c792bfa6f5ea366a3c00b125,undefined FUN_181334d20(),ghidra,clean,
WHGame.dll,release_1_5_1164953_841,0x1334e50,286,FUN_181334e50,,,a0c489051bda9140480dd4ff2e9f3606eadeb397c9adf33be3c928505b32635f,undefined FUN_181334e50(),ghidra,clean,
WHGame.dll,release_1_5_1164953_841,0x1334f60,261,FUN_181334f60,,,73adf1fe0688ccc0d8414577a76679513a3fab6fa7ac1e908931d365e36033ae,undefined FUN_181334f60(),ghidra,clean,
WHGame.dll,release_1_5_1164953_841,0x133505c,196,FUN_18133505c,,,54bb2b02096781a378e99b2bb46ac3f10f3e662335617a7c6c177d09c2d58437,undefined FUN_18133505c(),ghidra,clean,
WHGame.dll,release_1_5_1164953_841,0x1335120,26,FUN_181335120,,,819234953c91d716a341edb10dcca2267107efa13f78881bbca64f4a7a11eeca,undefined FUN_181335120(),ghidra,clean,
WHGame.dll,release_1_5_1164953_841,0x133513c,155,FUN_18133513c,,,21d44010d078294599c60287be7ec4351833142ea87882fc30d46b81d8622545,undefined FUN_18133513c(),ghidra,clean,
WHGame.dll,release_1_5_1164953_841,0x13351d8,301,FUN_1813351d8,,,c931522be9ea97054d468acb152dc0548c1d6264e57a5e6005654fd4d0eede67,undefined FUN_1813351d8(),ghidra,clean,
WHGame.dll,release_1_5_1164953_841,0x1335308,86,FUN_181335308,,,e621102b305fa6da3e72f9917cb05b85773fdf3f76a866a080c16e1ff11ab476,undefined FUN_181335308(),ghidra,clean,
WHGame.dll,release_1_5_1164953_841,0x1335360,83,FUN_181335360,,,6f9a37aedd350aabee039ad1f450e531c79fabdb44de227d63abff968156ebc1,undefined FUN_181335360(),ghidra,clean,
WHGame.dll,release_1_5_1164953_841,0x13353b4,85,FUN_1813353b4,,,6a57393f25c3768cd4aaf122b59d233c852e2b3b03f44da059679bf0f43dca4c,undefined FUN_1813353b4(),ghidra,clean,
WHGame.dll,release_1_5_1164953_841,0x13353e8,87,FUN_1813353e8,,,7debbe1cefe71ce67fb4836309ad5f04c5dcf2ff00eb2085ddea033271f1c0dd,undefined FUN_1813353e8(),ghidra,clean,
WHGame.dll,release_1_5_1164953_841,0x1335434,73,FUN_181335434,,,68219773168048d1abe5786532865e25e2b7c33e38a2f5d2259829213f185df5,undefined FUN_181335434(),ghidra,clean,
WHGame.dll,release_1_5_1164953_841,0x1335480,291,FUN_181335480,,,e906c8274d238246717485ab81cdf82e2d92b507adda969095f1235bcd97ff06,undefined FUN_181335480(),ghidra,clean,
WHGame.dll,release_1_5_1164953_841,0x13355a4,261,FUN_1813355a4,,,86025ad1bfaae71571a2751d036aae4dad2f6b07bb4125edead74b8abaec34c6,undefined FUN_1813355a4(),ghidra,clean,
WHGame.dll,release_1_5_1164953_841,0x13356a0,196,FUN_1813356a0,,,4bac6b100733bc1000f9b65dbb166ef835e839866872b9ed1c51e4d81c0adced,undefined FUN_1813356a0(),ghidra,clean,
WHGame.dll,release_1_5_1164953_841,0x1335764,261,FUN_181335764,,,11c629c1a031f2109e54055fe88436422fdef94626cdbfd1f8a2cf5bd09d1785,undefined FUN_181335764(),ghidra,clean,
WHGame.dll,release_1_5_1164953_841,0x1335860,196,FUN_181335860,,,1ab6fe8c565d1e73ec116cb8062cc3ea0632d0a57788fda45d0f1c451d538d61,undefined FUN_181335860(),ghidra,clean,
WHGame.dll,release_1_5_1164953_841,0x1335924,261,FUN_181335924,,,17adfa600401b5f32164ccc4d0603b2ee3330e8393ae9eaea2aca39f11af25c0,undefined FUN_181335924(),ghidra,clean,
WHGame.dll,release_1_5_1164953_841,0x1335a20,196,FUN_181335a20,,,c5b6fc4036c2e01deca49c4a33b13bc0a43c581ebc11e8e0f4ed5cba35bde5d2,undefined FUN_181335a20(),ghidra,clean,
WHGame.dll,release_1_5_1164953_841,0x1335ae4,207,FUN_181335ae4,,,34662d9fb7c6aa1d739ce4de7610bc39c90698589a90791a390be3596b1bfe34,undefined FUN_181335ae4(),ghidra,clean,
WHGame.dll,release_1_5_1164953_841,0x1335ba4,207,FUN_181335ba4,,,1060fbd9772f6cfe030a393dee0b2f5aeacc471e582b240ab9524aa011e86daf,undefined FUN_181335ba4(),ghidra,clean,
WHGame.dll,release_1_5_1164953_841,0x1335c64,207,FUN_181335c64,,,d5e9b9d5c9811759e0a2b0a92c7523f738cee30e5294d6ce640e23fef5f6852c,undefined FUN_181335c64(),ghidra,clean,
WHGame.dll,release_1_5_1164953_841,0x1335d24,155,FUN_181335d24,,,269cd62056f0222d021b25e0c62f97aa771caf2fe1b31c77b6525996aceba2e5,undefined FUN_181335d24(),ghidra,clean,
WHGame.dll,release_1_5_1164953_841,0x1335dc0,194,FUN_181335dc0,,,8b35fc69285545a5f3943ff8dda3020f4ea9dcee51387be440e4100801515ed8,undefined FUN_181335dc0(),ghidra,clean,
WHGame.dll,release_1_5_1164953_841,0x1335e84,190,FUN_181335e84,,,0d3f64501b4e7544f54f33248460d89dd76343c3fdc98598d1131f27d8389d68,undefined FUN_181335e84(),ghidra,clean,
WHGame.dll,release_1_5_1164953_841,0x1335f44,190,FUN_181335f44,,,4e8b623c746558378b528b01fb07365a85e82927b87fd562ff347894fa058591,undefined FUN_181335f44(),ghidra,clean,
WHGame.dll,release_1_5_1164953_841,0x1336004,190,FUN_181336004,,,22a410cee014c26cda182ecda291c7e234bef83efd95aad46302d8f6af327e33,undefined FUN_181336004(),ghidra,clean,
WHGame.dll,release_1_5_1164953_841,0x13360c4,234,FUN_1813360c4,,,26c96fdcff7dc5b0a50c7c9773fcb0d55691cb3052375e950bec029529acd72c,undefined FUN_1813360c4(),ghidra,clean,
WHGame.dll,release_1_5_1164953_841,0x13361b0,234,FUN_1813361b0,,,92bdbd970b6e01222e5e75fd21920bb414102a957055990bcf3864a3041184a7,undefined FUN_1813361b0(),ghidra,clean,
WHGame.dll,release_1_5_1164953_841,0x133629c,234,FUN_18133629c,,,ea251d683ec724b5bbbd8b077ce60595a0473ae4b7b1832f4b4e301774f8e74b,undefined FUN_18133629c(),ghidra,clean,
WHGame.dll,release_1_5_1164953_841,0x1336388,26,FUN_181336388,,,0913ed2283b968b14467d58729cbfab32ff6d49f55dfa8c085adc2355be972ef,undefined FUN_181336388(),ghidra,clean,
WHGame.dll,release_1_5_1164953_841,0x13363a4,84,FUN_1813363a4,,,c8ede14a9e18615a08f3a895fe2d57bf867b0af8288a3151b39af74b9c5a4448,undefined FUN_1813363a4(),ghidra,clean,
WHGame.dll,release_1_5_1164953_841,0x13363f8,78,FUN_1813363f8,,,aaf01ffe178525d0906cbd57bf8665750b557e6303bca13aca1d62cf193efc93,undefined FUN_1813363f8(),ghidra,clean,
WHGame.dll,release_1_5_1164953_841,0x1336438,195,FUN_181336438,,,c3581b094ec6739ae03f94d4e617f306e751cdfe702a802c4dbf68d412e8ea59,undefined FUN_181336438(),ghidra,clean,
WHGame.dll,release_1_5_1164953_841,0x13364c8,85,FUN_1813364c8,,,b2ae7c9eb19c75e47611502389f35f7047dd4dbdee82009273dd6531791b6d2f,undefined FUN_1813364c8(),ghidra,clean,
WHGame.dll,release_1_5_1164953_841,0x13364fc,135,FUN_1813364fc,,,7e2b8cf491cb90d555c8fd3ebc3c636058ecf29625f5b95c19fd0010633f85d9,undefined FUN_1813364fc(),ghidra,clean,
WHGame.dll,release_1_5_1164953_841,0x1336584,234,FUN_181336584,,,67f9d66efdfabb9f1145db6014b4336086af623fd31208b4a4de1f818c8b8492,undefined FUN_181336584(),ghidra,clean,
WHGame.dll,release_1_5_1164953_841,0x1336670,234,FUN_181336670,,,5803e14f6d21ea45a6c200a26c1992d8f8668e609856679da26338283d4049fa,undefined FUN_181336670(),ghidra,clean,
WHGame.dll,release_1_5_1164953_841,0x133675c,1158,FUN_18133675c,,,aa5b00bed26a7b2cb5fdef26fb3df30079d9aab7301a42ca97eae4785fd0f749,undefined FUN_18133675c(),ghidra,clean,
WHGame.dll,release_1_5_1164953_841,0x1336be4,234,FUN_181336be4,,,dec359eccc279a9297a79d1c696fab3f314ee6e3db50be2f4ae7daa4a1816847,undefined FUN_181336be4(),ghidra,clean,
WHGame.dll,release_1_5_1164953_841,0x1336cd0,207,FUN_181336cd0,,,4f41d3d9dd25914f12f22491505137f1776b62c247746a058f398c6f44294c56,undefined FUN_181336cd0(),ghidra,clean,
WHGame.dll,release_1_5_1164953_841,0x1336d90,251,FUN_181336d90,,,5aefa5b38880c8f6a394a1a13dfad7729f12b99a9634bb51e26e2ec1228f4bd7,undefined FUN_181336d90(),ghidra,clean,
WHGame.dll,release_1_5_1164953_841,0x1336e8c,196,FUN_181336e8c,,,70128c2e1b3595ac01d0df1ca95fae31965425fffa1e634088a106b40ea458b2,undefined FUN_181336e8c(),ghidra,clean,
WHGame.dll,release_1_5_1164953_841,0x1336f50,207,FUN_181336f50,,,41dc72f4c71fd39dc8125ca8ef0e3f7d709437ae80ba49d216d78085c6c27190,undefined FUN_181336f50(),ghidra,clean,
WHGame.dll,release_1_5_1164953_841,0x1337010,251,FUN_181337010,,,cdd62fea1d710699bee0ca6cfb8113520b88d5ead24e3502359661f88b467a15,undefined FUN_181337010(),ghidra,clean,
WHGame.dll,release_1_5_1164953_841,0x133710c,196,FUN_18133710c,,,0a84cf8c46e119a917917b82ae55a5b42c0d38f40499bcb34ecf084dd448e9f3,undefined FUN_18133710c(),ghidra,clean,
WHGame.dll,release_1_5_1164953_841,0x13371d0,1088,FUN_1813371d0,,,361c18488268d8205eaf7969654a8e567063a195da61555d0d98d15622780082,undefined FUN_1813371d0(),ghidra,clean,
WHGame.dll,release_1_5_1164953_841,0x13372d8,4,FUN_1813372d8,,,a767fbf1739c9379d987acb5a43db1d0b647e3918c1c87eb97a28b4cb603acb2,undefined FUN_1813372d8(),ghidra,clean,
WHGame.dll,release_1_5_1164953_841,0x13372dc,190,FUN_1813372dc,,,b0ea9c1ee78b86cc0175550dc4321903d8e67d7f55a031448103a5dc4de338f9,undefined FUN_1813372dc(),ghidra,clean,
WHGame.dll,release_1_5_1164953_841,0x1337388,264,FUN_181337388,,,c521c119a46a1115cc13938efbbd58ac449e639a6d72762498c09a3470c9f6e1,undefined FUN_181337388(),ghidra,clean,
WHGame.dll,release_1_5_1164953_841,0x1337490,26,FUN_181337490,,,819234953c91d716a341edb10dcca2267107efa13f78881bbca64f4a7a11eeca,undefined FUN_181337490(),ghidra,clean,
WHGame.dll,release_1_5_1164953_841,0x13374ac,155,FUN_1813374ac,,,95a90be2251d991a98322dd5e8e445d82a5f910ff789a1d130775e02276afc3f,undefined FUN_1813374ac(),ghidra,clean,
WHGame.dll,release_1_5_1164953_841,0x1337548,86,FUN_181337548,,,8f74a816f7607d3bedcd47d44065470d919ed2744f4af3eaed3ca6b400da829d,undefined FUN_181337548(),ghidra,clean,
WHGame.dll,release_1_5_1164953_841,0x13375a0,83,FUN_1813375a0,,,db1aca1cdd159e4832e250afc12a7385ba19d89326e8b8907bbb8518c71ca04a,undefined FUN_1813375a0(),ghidra,clean,
WHGame.dll,release_1_5_1164953_841,0x13375f4,85,FUN_1813375f4,,,192accdf12d5a5541884e57a92c3efb4b9487b1c7975a98a00c50886a5b5e6cb,undefined FUN_1813375f4(),ghidra,clean,
WHGame.dll,release_1_5_1164953_841,0x1337628,251,FUN_181337628,,,6737e639c23a6727df2b427ea6801fd03e5a1bcd7c6ce4340d0131a4e28fb550,undefined FUN_181337628(),ghidra,clean,
WHGame.dll,release_1_5_1164953_841,0x1337724,196,FUN_181337724,,,931978b2a19fcb75d060b4efca6c08769e46d42252d415a456ea702c959c9137,undefined FUN_181337724(),ghidra,clean,
WHGame.dll,release_1_5_1164953_841,0x13377e8,138,FUN_1813377e8,,,08e880f424c4add948e7ce290d8c7879aac85ecd93721bfacc0b018e55622129,undefined FUN_1813377e8(),ghidra,clean,
WHGame.dll,release_1_5_1164953_841,0x1337838,113,FUN_181337838,,,d51e1d4c147490c95b796e2f18226c9a0e5d6d31ae553b181d86ca899d0d1f6d,undefined FUN_181337838(),ghidra,clean,
WHGame.dll,release_1_5_1164953_841,0x13378ac,273,FUN_1813378ac,,,e2fe0770ab953cdcbbb7edc60e5fe3070f2e38eb33544498fc78fcaf44384a66,undefined FUN_1813378ac(),ghidra,clean,
WHGame.dll,release_1_5_1164953_841,0x13379b0,273,FUN_1813379b0,,,8c743c90ef6fdaf8f1e026a024227bcfc3d3012c48b322f8d260701f82b546df,undefined FUN_1813379b0(),ghidra,clean,
WHGame.dll,release_1_5_1164953_841,0x1337ab4,273,FUN_181337ab4,,,a2abf4ef4cac9dfc5916119e921a3d1eeb7fe7ba78fc8dccc3afdeedc6fb72e4,undefined FUN_181337ab4(),ghidra,clean,
WHGame.dll,release_1_5_1164953_841,0x1337bb8,273,FUN_181337bb8,,,af8170172a2fe95a406690a0da8f7c2f3409bc9f430c45bbeb47515353fad22e,undefined FUN_181337bb8(),ghidra,clean,
WHGame.dll,release_1_5_1164953_841,0x1337cbc,273,FUN_181337cbc,,,27c520ef00e78cc9c497081c935daf94f789d212d398c28535edf1e4df567519,undefined FUN_181337cbc(),ghidra,clean,
WHGame.dll,release_1_5_1164953_841,0x1337dc0,273,FUN_181337dc0,,,01fa837d5a599863740cfb1b57253932276609e28620c0099f91a3232db93a5b,undefined FUN_181337dc0(),ghidra,clean,
WHGame.dll,release_1_5_1164953_841,0x1337ec4,273,FUN_181337ec4,,,1597eee614b8609553c243bfe648ad6263cba9a725c4afccebd8aec7859707d9,undefined FUN_181337ec4(),ghidra,clean,
WHGame.dll,release_1_5_1164953_841,0x1337fc8,273,FUN_181337fc8,,,076b6af2fca6cd0e9acf9285e7b10af89cccd357ae190c582ac3f4446f7cab12,undefined FUN_181337fc8(),ghidra,clean,
WHGame.dll,release_1_5_1164953_841,0x13380cc,273,FUN_1813380cc,,,27949b8140d562bd5c745ca8ae58d83f23b5395b5454d10e8ecaa75b248501af,undefined FUN_1813380cc(),ghidra,clean,
WHGame.dll,release_1_5_1164953_841,0x13381d0,273,FUN_1813381d0,,,5a5d0527cb9865fd1113e02da242733ce58cf29ecf2ac262c135f604a3a0481a,undefined FUN_1813381d0(),ghidra,clean,
WHGame.dll,release_1_5_1164953_841,0x13382d4,273,FUN_1813382d4,,,bfd8ae412db451439dd21dd12c0e8e09373799bd2b54a26e8e5deeb5a1238079,undefined FUN_1813382d4(),ghidra,clean,
WHGame.dll,release_1_5_1164953_841,0x13383d8,206,FUN_1813383d8,,,7eaaf140ef225076e3f1a04b67516945bf07e003ae77d8e0554cac31e676dfcf,undefined FUN_1813383d8(),ghidra,clean,
WHGame.dll,release_1_5_1164953_841,0x1338468,206,FUN_181338468,,,2bff73e14c6bf0d953ce81fdb9bc5e00fb1171ab0e3f022119734ba6db36962e,undefined FUN_181338468(),ghidra,clean,
WHGame.dll,release_1_5_1164953_841,0x13384f8,264,FUN_1813384f8,,,770635e40473d7559b2a2bb7f3d5e1d35299b93626c302ea21ed6d3f7e574c77,undefined FUN_1813384f8(),ghidra,clean,
WHGame.dll,release_1_5_1164953_841,0x1338600,30,FUN_181338600,,,a431d699ca7c4f40d493e8354aafb39b52eb9c45e3bebf477b070442287931d9,undefined FUN_181338600(),ghidra,clean,
WHGame.dll,release_1_5_1164953_841,0x1338620,86,FUN_181338620,,,293af8f66f13e495018ef30375cc1258929dfc44570981f7404565b028dce522,undefined FUN_181338620(),ghidra,clean,
WHGame.dll,release_1_5_1164953_841,0x1338678,83,FUN_181338678,,,3b6155bd9f8a850e4f1ad3b5b37f596793ab6653a18724019d86334966667259,undefined FUN_181338678(),ghidra,clean,
WHGame.dll,release_1_5_1164953_841,0x13386cc,85,FUN_1813386cc,,,66cd26a90dca8c57d96a4240882d97b6eeeede2e7d82877fd5daf0c87ecf32a2,undefined FUN_1813386cc(),ghidra,clean,
WHGame.dll,release_1_5_1164953_841,0x1338700,155,FUN_181338700,,,07ea4e5272d178d459cd4f1e7a5d4d8192f6b0dac33f47605c730d5a2f5b2fbd,undefined FUN_181338700(),ghidra,clean,
WHGame.dll,release_1_5_1164953_841,0x133879c,234,FUN_18133879c,,,d5322b9dfaaab755624d7611bdf98e7e4f083c8062521719f7390e7c9060541f,undefined FUN_18133879c(),ghidra,clean,
WHGame.dll,release_1_5_1164953_841,0x1338888,234,FUN_181338888,,,4397276cdc92df6061006161b707aa368d064e6d923f4c5f1d79a8d795d8d103,undefined FUN_181338888(),ghidra,clean,
WHGame.dll,release_1_5_1164953_841,0x1338974,144,FUN_181338974,,,bf2f049af11f54edb1a0ed795bdf57a745572957e46ff239906f150ccefe4efb,undefined FUN_181338974(),ghidra,clean,
WHGame.dll,release_1_5_1164953_841,0x1338a04,190,FUN_181338a04,,,acf166d001480942f7dd279607420648353e8b5a7aa911b54667fd46ed835412,undefined FUN_181338a04(),ghidra,clean,
WHGame.dll,release_1_5_1164953_841,0x1338ac4,190,FUN_181338ac4,,,1d868e2670b1b12bc2e8eff4987c779dffe8268349da0b27fac26224995d5c0a,undefined FUN_181338ac4(),ghidra,clean,
WHGame.dll,release_1_5_1164953_841,0x1338b84,194,FUN_181338b84,,,54412208df07b547a694cf3c07f911816a1b54863d8164368dd9435ecdde8275,undefined FUN_181338b84(),ghidra,clean,
WHGame.dll,release_1_5_1164953_841,0x1338c48,155,FUN_181338c48,,,6ea39b0c23393659602ca3b10360af2fb0b1dc4b74303eeda92da5d38ada02f2,undefined FUN_181338c48(),ghidra,clean,
WHGame.dll,release_1_5_1164953_841,0x1338ce4,190,FUN_181338ce4,,,c2d982a0379940ea4b4af46cb1a861b75655b972745e275b6e30d32d2345c1b5,undefined FUN_181338ce4(),ghidra,clean,
WHGame.dll,release_1_5_1164953_841,0x1338da4,298,FUN_181338da4,,,7bc66baa15b7a03535a4b854dde4d6604e72c944e410b49e52706ca0c2ed2437,undefined FUN_181338da4(),ghidra,clean,
WHGame.dll,release_1_5_1164953_841,0x1338ed0,155,FUN_181338ed0,,,08b1aad90e4aea5937efd08772c8f70bac69efc17f20ea88f2dd4689f3bc9751,undefined FUN_181338ed0(),ghidra,clean,
WHGame.dll,release_1_5_1164953_841,0x1338f6c,26,FUN_181338f6c,,,538889277da1b93760286b7dec33a7a6e26335ab2ddd7713aa30ffd6b5060bf6,undefined FUN_181338f6c(),ghidra,clean,
WHGame.dll,release_1_5_1164953_841,0x1338f88,196,FUN_181338f88,,,0ee49501ff61958e3cfc68ee1d30baeaa9f90bc243b5b55d7c604f25ca04a2d0,undefined FUN_181338f88(),ghidra,clean,
WHGame.dll,release_1_5_1164953_841,0x1339044,196,FUN_181339044,,,7b18b7da6c69bd7a25441fcf4cab4069f847870a264d66582515482f7b970ed2,undefined FUN_181339044(),ghidra,clean,
WHGame.dll,release_1_5_1164953_841,0x1339100,175,FUN_181339100,,,2bae8d19309fdc6d3015e627c6809a5740d52e915e80512a8411b58a64eec3e0,undefined FUN_181339100(),ghidra,clean,
WHGame.dll,release_1_5_1164953_841,0x13391b0,196,FUN_1813391b0,,,6718bc77e424f21f4489d3744baf5b17afd4caabcc8c11da9b1749286abf23cc,undefined FUN_1813391b0(),ghidra,clean,
WHGame.dll,release_1_5_1164953_841,0x133926c,175,FUN_18133926c,,,e309b15e6534b300ef0da7c492772254031527984409910d0e75fac6999ceabd,undefined FUN_18133926c(),ghidra,clean,
WHGame.dll,release_1_5_1164953_841,0x133931c,196,FUN_18133931c,,,d3527d28cb41cd1f8824f5ed29d8d271513fc900e67e77a7310f32b20e4632e1,undefined FUN_18133931c(),ghidra,clean,
WHGame.dll,release_1_5_1164953_841,0x13393d8,175,FUN_1813393d8,,,e052f6494e432168286a3354f5f5c2adab949050a5d91b711d9d79a507815d5c,undefined FUN_1813393d8(),ghidra,clean,
WHGame.dll,release_1_5_1164953_841,0x1339488,196,FUN_181339488,,,ce253e87b78a933f6328c8cf7aa9e683bea07b74e8be2e0ff40fa8432b981e99,undefined FUN_181339488(),ghidra,clean,
WHGame.dll,release_1_5_1164953_841,0x1339544,175,FUN_181339544,,,df2effec3bb0420592c096a3e24d54339095345d69d310aa5ab5dc3a391565f2,undefined FUN_181339544(),ghidra,clean,
WHGame.dll,release_1_5_1164953_841,0x13395f4,196,FUN_1813395f4,,,054a84533059700e8ac38e5afd0aa94f08dbd6d2abf14e6910e29eb83d0584dc,undefined FUN_1813395f4(),ghidra,clean,
WHGame.dll,release_1_5_1164953_841,0x13396b0,175,FUN_1813396b0,,,d20629f93bdb3c477f85546dbd3b7619705243e9484370758d63a8c1ab8330d6,undefined FUN_1813396b0(),ghidra,clean,
WHGame.dll,release_1_5_1164953_841,0x1339760,196,FUN_181339760,,,8dbae547453f1ef30240c06f7eb4c841d3b423af06ab118810af900dd1c6f7b2,undefined FUN_181339760(),ghidra,clean,
WHGame.dll,release_1_5_1164953_841,0x133981c,175,FUN_18133981c,,,1facab6929ed258030f18a0198e7be4c0a30318283ca5432e9699735e3ae8c68,undefined FUN_18133981c(),ghidra,clean,
WHGame.dll,release_1_5_1164953_841,0x13398cc,196,FUN_1813398cc,,,afb91294848e8d48a58d621f9fef90deadec407845f422cd6893e9fbd26c8776,undefined FUN_1813398cc(),ghidra,clean,
WHGame.dll,release_1_5_1164953_841,0x1339988,175,FUN_181339988,,,c1eea6b2527df125be671d9dd3634a51684b4c7d0ba2fbf955be576460d45e81,undefined FUN_181339988(),ghidra,clean,
WHGame.dll,release_1_5_1164953_841,0x1339a38,261,FUN_181339a38,,,3dcf8effe1d468a03e445d7eeb74bee92fabdd30f3469bda9992c810c8c14ec2,undefined FUN_181339a38(),ghidra,clean,
WHGame.dll,release_1_5_1164953_841,0x1339b34,196,FUN_181339b34,,,f208611e0bea417af23e297b60c4136a88b31c8f235ddd4fabdfae76a1b30e82,undefined FUN_181339b34(),ghidra,clean,
WHGame.dll,release_1_5_1164953_841,0x1339bf8,261,FUN_181339bf8,,,d096203a23bcf9659b48fb1de5c42d94e37b3fca1488e22a3342f4dbd4dff976,undefined FUN_181339bf8(),ghidra,clean,
WHGame.dll,release_1_5_1164953_841,0x1339cf4,196,FUN_181339cf4,,,b9e3c0155e8790212ffc99ffcf4fc522c534c9a8019f8f1899f48c95d8f2d462,undefined FUN_181339cf4(),ghidra,clean,
WHGame.dll,release_1_5_1164953_841,0x1339db8,291,FUN_181339db8,,,4fbff4ed20589b85a26879d9fdb120d73aa0c6e5521a608fd2a463dce4315886,undefined FUN_181339db8(),ghidra,clean,
WHGame.dll,release_1_5_1164953_841,0x1339edc,291,FUN_181339edc,,,44e86e8b1d4610836198d9020b2f90b983fb3c19ec9bd063ec59a3de401ff479,undefined FUN_181339edc(),ghidra,clean,
WHGame.dll,release_1_5_1164953_841,0x133a000,26,FUN_18133a000,,,819234953c91d716a341edb10dcca2267107efa13f78881bbca64f4a7a11eeca,undefined FUN_18133a000(),ghidra,clean,
WHGame.dll,release_1_5_1164953_841,0x133a01c,155,FUN_18133a01c,,,112019078d2d4a4d1d61de26064dcbd03ba6dc0c6ef5379fa80920a24f3b10ea,undefined FUN_18133a01c(),ghidra,clean,
WHGame.dll,release_1_5_1164953_841,0x133a0b8,304,FUN_18133a0b8,,,def3f1d63a88d88f0200838d61593a557693a3743f8c9a05bfaad5e515a9ebf0,undefined FUN_18133a0b8(),ghidra,clean,
WHGame.dll,release_1_5_1164953_841,0x133a1e8,335,FUN_18133a1e8,,,3ac69d807fe1ec3b1b9a11bbd27b97f65f8f0555bd8bb10e8a3fef740a4b9f39,undefined FUN_18133a1e8(),ghidra,clean,
WHGame.dll,release_1_5_1164953_841,0x133a2d6,8,FUN_18133a2d6,,,d584cb1a2afef309eb33a9b90753d6c9a99b0c481366318ccddcba175a3b8c54,undefined FUN_18133a2d6(),ghidra,clean,
WHGame.dll,release_1_5_1164953_841,0x133a2e8,155,FUN_18133a2e8,,,22cb049e178573b0b1de3bf743709778e4cf1611f311fb3a317a4ec3a7cbc697,undefined FUN_18133a2e8(),ghidra,clean,
WHGame.dll,release_1_5_1164953_841,0x133a384,23,FUN_18133a384,,,5a253613ae2c8c15dc10fa4cd8a1ac5c117dd9cd21cd905320c7ac6dc8f2b3c9,undefined FUN_18133a384(),ghidra,clean,
WHGame.dll,release_1_5_1164953_841,0x133a39c,155,FUN_18133a39c,,,86b2eb76d1ad6a9b2209610ae2c28fbfbadfbd8d70f4de505f22d4275f85d24e,undefined FUN_18133a39c(),ghidra,clean,
WHGame.dll,release_1_5_1164953_841,0x133a438,155,FUN_18133a438,,,e12bce4f22e35436a139635e8cef8c84639c437b87946f269baaeebd0be04c8f,undefined FUN_18133a438(),ghidra,clean,
WHGame.dll,release_1_5_1164953_841,0x133a4d4,298,FUN_18133a4d4,,,c4bf881250c046b8ee783d37e50ade2c8a1688409c4f792a2fe8ca612b7e90b0,undefined FUN_18133a4d4(),ghidra,clean,
WHGame.dll,release_1_5_1164953_841,0x133a600,301,FUN_18133a600,,,a389c3214aa8b6b6428070a364146f9756ad84daf83833896610a536c3a08168,undefined FUN_18133a600(),ghidra,clean,
WHGame.dll,release_1_5_1164953_841,0x133a730,125,FUN_18133a730,,,eb2007ecf3b716b07bf6d4a1a78fb72782a632f3f76853c547ef5d67426acf85,undefined FUN_18133a730(),ghidra,clean,
WHGame.dll,release_1_5_1164953_841,0x133a7b0,604,FUN_18133a7b0,,,215e608448d8ea719585bbe393a5f0a90c42264f2d35071c81722f3c2ada5a97,undefined FUN_18133a7b0(),ghidra,clean,
WHGame.dll,release_1_5_1164953_841,0x133aa0c,36,FUN_18133aa0c,,,10fa741609f9ddfb806ada5e68f11023230adb42decd5260e558f874e5ad488a,undefined FUN_18133aa0c(),ghidra,clean,
WHGame.dll,release_1_5_1164953_841,0x133aa34,63,FUN_18133aa34,,,cc182bf3bcad6815af3f8442c7bc2deb00bf397b1a50dee6c1a58e32535fb922,undefined FUN_18133aa34(),ghidra,clean,
WHGame.dll,release_1_5_1164953_841,0x133aa74,83,FUN_18133aa74,,,787f3514797e2a4f776ed740ffbc5e5dcb067cbb63e9c8ab974d5c8365974c37,undefined FUN_18133aa74(),ghidra,clean,
WHGame.dll,release_1_5_1164953_841,0x133aac8,96,FUN_18133aac8,,,230828699d5065812f0d374dcb43531ae615850832e9cf696c49d6deece5e0b6,undefined FUN_18133aac8(),ghidra,clean,
WHGame.dll,release_1_5_1164953_841,0x133ab28,80,FUN_18133ab28,,,2ec90371611f84ec04b9c193aa1b6b2abee940cd056b913e284f60f7db94ad24,undefined FUN_18133ab28(),ghidra,clean,
WHGame.dll,release_1_5_1164953_841,0x133ab78,85,FUN_18133ab78,,,a8b01201ca92a63ecae05e640017f15c829fa673177540628dc7b90f08e0ff06,undefined FUN_18133ab78(),ghidra,clean,
WHGame.dll,release_1_5_1164953_841,0x133abac,301,FUN_18133abac,,,3b962cc027dfae374709e54bfeb0e627b0bd45f913a056c82cdd551fca3dcbe8,undefined FUN_18133abac(),ghidra,clean,
WHGame.dll,release_1_5_1164953_841,0x133acdc,80,FUN_18133acdc,,,60909fb229bbc90719ce492bcc5d40ca4e692fc7d6a586f075f93b6718d28576,undefined FUN_18133acdc(),ghidra,clean,
WHGame.dll,release_1_5_1164953_841,0x133ad2c,80,FUN_18133ad2c,,,2d90bebaa2776595a990b865b32f3df25b8e2f3dc05eba7f8d653c0a97de6a49,undefined FUN_18133ad2c(),ghidra,clean,
WHGame.dll,release_1_5_1164953_841,0x133ad7c,80,FUN_18133ad7c,,,92a2e8f5372a55942cb975a79e861f35cea2a97599d8093ea6c8d4c9caa958c7,undefined FUN_18133ad7c(),ghidra,clean,
WHGame.dll,release_1_5_1164953_841,0x133adcc,80,FUN_18133adcc,,,29b43195f884abc26ec58f94ddfa10faca0ee3cef159b7a0b8ed8fcdd8552744,undefined FUN_18133adcc(),ghidra,clean,
WHGame.dll,release_1_5_1164953_841,0x133ae1c,80,FUN_18133ae1c,,,e23e76fd67614425c88ae6c6b5d358ccda0731d7acec929c0aa51fc531c104b5,undefined FUN_18133ae1c(),ghidra,clean,
WHGame.dll,release_1_5_1164953_841,0x133ae6c,80,FUN_18133ae6c,,,1f2c5163657bd3b094594a82cd8cfc2624e435950e429d33b1b93a3244aeb35b,undefined FUN_18133ae6c(),ghidra,clean,
WHGame.dll,release_1_5_1164953_841,0x133aebc,80,FUN_18133aebc,,,1ed2bc85533878bd07778233b7cad408c79a9ca372a4e165aaea6b09413d2132,undefined FUN_18133aebc(),ghidra,clean,
WHGame.dll,release_1_5_1164953_841,0x133af0c,85,FUN_18133af0c,,,e517a02dc273213ead036088cd29d400437325427b69f913c2590d4509a3b4cb,undefined FUN_18133af0c(),ghidra,clean,
WHGame.dll,release_1_5_1164953_841,0x133af40,74,FUN_18133af40,,,44888560fde729e126fe9e302f557074f222dbd6abcfa9c6d36162b60607bbb6,undefined FUN_18133af40(),ghidra,clean,
WHGame.dll,release_1_5_1164953_841,0x133af8c,72,FUN_18133af8c,,,ae0949c116e49f02e3e3c882f0393414c17040da67afc26341a75cbc03d12ca9,undefined FUN_18133af8c(),ghidra,clean,
WHGame.dll,release_1_5_1164953_841,0x133afd4,146,FUN_18133afd4,,,50788a37216c0a3e11fcec6b1cec4fd9563eba2df748b09ec9035e5d0dd7ec98,undefined FUN_18133afd4(),ghidra,clean,
WHGame.dll,release_1_5_1164953_841,0x133b068,76,FUN_18133b068,,,1f865e73bbe0dc8984c3aaacdfc9574358736c2a21313325caf7bc733900af03,undefined FUN_18133b068(),ghidra,clean,
WHGame.dll,release_1_5_1164953_841,0x133b0b4,52,FUN_18133b0b4,,,059b4df94003e9b0ddf151dd344b358b3ab17d7f168da51e6db1fbb3b21c9c01,undefined FUN_18133b0b4(),ghidra,clean,
WHGame.dll,release_1_5_1164953_841,0x133b0e8,106,FUN_18133b0e8,,,6f4e2474353364ae4fb9c870f92bc9fff1b265a41a73401d369315112c6a7c54,undefined FUN_18133b0e8(),ghidra,clean,
WHGame.dll,release_1_5_1164953_841,0x133b154,62,FUN_18133b154,,,bcf2866a5df94e2e095e79e1cf46472a622eec0e8386da683f0c7f3f5cf227ce,undefined FUN_18133b154(),ghidra,clean,
WHGame.dll,release_1_5_1164953_841,0x133b180,49,FUN_18133b180,,,4ab13b2af40fd6d617776ff402eb1112b62f1a992182370d49b3b0c8566eb232,undefined FUN_18133b180(),ghidra,clean,
WHGame.dll,release_1_5_1164953_841,0x133b1b4,40,FUN_18133b1b4,,,fa743c5e309f9e19400fe09b4a1390b94d6754079c9e8e5045dfdea24f9cbf40,undefined FUN_18133b1b4(),ghidra,clean,
WHGame.dll,release_1_5_1164953_841,0x133b1dc,198,FUN_18133b1dc,,,71b15af2cac16fffbd81835a807d5810c6c50087440e972aae71dd3dc511af86,undefined FUN_18133b1dc(),ghidra,clean,
WHGame.dll,release_1_5_1164953_841,0x133b254,93,FUN_18133b254,,,ecabe660e8de169f29f4e4cfc869b8818e7b6c9ef8d9fe14da3b2235cf40da26,undefined FUN_18133b254(),ghidra,clean,
WHGame.dll,release_1_5_1164953_841,0x133b270,62,FUN_18133b270,,,efded54aa56ad85ac339f18222b6b0d36675740903aadfdf48e75142f8c61f10,undefined FUN_18133b270(),ghidra,clean,
WHGame.dll,release_1_5_1164953_841,0x133b29c,43,FUN_18133b29c,,,af60e58823e5614e7873e345b41fac5483c2fdc63cd62ec8fa686b912835f101,undefined FUN_18133b29c(),ghidra,clean,
WHGame.dll,release_1_5_1164953_841,0x133b2c8,124,FUN_18133b2c8,,,f606d50f1b6f36f99d4e840392923fcb03ad31062633f7dada7fe76911198eca,undefined FUN_18133b2c8(),ghidra,clean,
WHGame.dll,release_1_5_1164953_841,0x133b344,76,FUN_18133b344,,,07026daaebf5724213736fdf0a7d2abb8580ce0d9b85cae70b2d1123216ac571,undefined FUN_18133b344(),ghidra,clean,
WHGame.dll,release_1_5_1164953_841,0x133b380,62,FUN_18133b380,,,e6b63726f5c238d45eb07d29fb766f2b5b50aa29c3e8163266bd054a6d214a53,undefined FUN_18133b380(),ghidra,clean,
WHGame.dll,release_1_5_1164953_841,0x133b3ac,52,FUN_18133b3ac,,,b1e241ab73923e724eca713acb7ab2005945cbbca6fc36887f38b5821753051b,undefined FUN_18133b3ac(),ghidra,clean,
WHGame.dll,release_1_5_1164953_841,0x133b3e0,155,FUN_18133b3e0,,,2c4bf5a667dd7a505fa730a19b47dc20ff04f8dde94afe413c23b80ca35cf19c,undefined FUN_18133b3e0(),ghidra,clean,
WHGame.dll,release_1_5_1164953_841,0x133b47c,291,FUN_18133b47c,,,0e869f17bf121a1d8c0d2b63fbf8c34f4fb2bb986f60af35013e97b4e21395e3,undefined FUN_18133b47c(),ghidra,clean,
WHGame.dll,release_1_5_1164953_841,0x133b5a0,28,FUN_18133b5a0,,,9931e95e40c56e20588a19a7fd0ca28a9dcafa72892776d1ec414e7abb681995,undefined FUN_18133b5a0(),ghidra,clean,
WHGame.dll,release_1_5_1164953_841,0x133b5bc,411,FUN_18133b5bc,,,2c71df29b598c85d0e4f99cdacebc217e05b95e725e92b8076184f10c096ac8c,undefined FUN_18133b5bc(),ghidra,clean,
WHGame.dll,release_1_5_1164953_841,0x133b758,93,FUN_18133b758,,,bcb2a28427f5d4db5d2866fd29b3dce5f222082bd885a2f6b87d5ac86e691950,undefined FUN_18133b758(),ghidra,clean,
WHGame.dll,release_1_5_1164953_841,0x133b7b8,127,FUN_18133b7b8,,,6ae4b4f212d7e4f04a184b070e050b7ded30692f23adc06cae3497c84d6ed4a7,undefined FUN_18133b7b8(),ghidra,clean,
WHGame.dll,release_1_5_1164953_841,0x133b838,190,FUN_18133b838,,,ed03e560a1eb0a7c69b70ae0373787db499e5a95ed1e32fa2f8df312ed2bb38a,undefined FUN_18133b838(),ghidra,clean,
WHGame.dll,release_1_5_1164953_841,0x133b8f8,850,FUN_18133b8f8,,,7e387f419485afbebaabd4243db94c05d9d1343a97292340306eac395e57e97b,undefined FUN_18133b8f8(),ghidra,clean,
WHGame.dll,release_1_5_1164953_841,0x133b9bc,5,FUN_18133b9bc,,,70bf2d6deedcf734920e571ef09558025e359e9a739e5789ffaf6c9299398808,undefined FUN_18133b9bc(),ghidra,clean,
WHGame.dll,release_1_5_1164953_841,0x133b9c8,264,FUN_18133b9c8,,,1dcf647da54efa97dc982f05b7e974d1084e15b65e1f27302e5544631e5ac70d,undefined FUN_18133b9c8(),ghidra,clean,
WHGame.dll,release_1_5_1164953_841,0x133bad0,155,FUN_18133bad0,,,af43285641cd0c1f071690f91d8eefd1e04542ea29971fa41962be3054a2f2dd,undefined FUN_18133bad0(),ghidra,clean,
WHGame.dll,release_1_5_1164953_841,0x133bb6c,311,FUN_18133bb6c,,,6e04b13d733049799f0edb5a4ac8753f7086e1c1c5df856ec4c8fd207a446151,undefined FUN_18133bb6c(),ghidra,clean,
WHGame.dll,release_1_5_1164953_841,0x133bca4,26,FUN_18133bca4,,,819234953c91d716a341edb10dcca2267107efa13f78881bbca64f4a7a11eeca,undefined FUN_18133bca4(),ghidra,clean,
WHGame.dll,release_1_5_1164953_841,0x133bcc0,155,FUN_18133bcc0,,,1dd97b59a2f42f9e9a33faa977edab1299523b21969424341b42de6e49581f18,undefined FUN_18133bcc0(),ghidra,clean,
WHGame.dll,release_1_5_1164953_841,0x133bd5c,304,FUN_18133bd5c,,,380134c815254a512a4624aa676ba8ac1dfe0b78cc097349bce3e1f1cc0fbce8,undefined FUN_18133bd5c(),ghidra,clean,
WHGame.dll,release_1_5_1164953_841,0x133be8c,335,FUN_18133be8c,,,739e434d9fa1f9d07560fe2c72d99d1308591ba7f9f074a8e6c1cb8d301da3a2,undefined FUN_18133be8c(),ghidra,clean,
WHGame.dll,release_1_5_1164953_841,0x133bf7a,8,FUN_18133bf7a,,,d584cb1a2afef309eb33a9b90753d6c9a99b0c481366318ccddcba175a3b8c54,undefined FUN_18133bf7a(),ghidra,clean,
WHGame.dll,release_1_5_1164953_841,0x133bf8c,155,FUN_18133bf8c,,,87e5b7aafacac80406315f90f02262b2e24b616da4da4abe4e225391c3c5a120,undefined FUN_18133bf8c(),ghidra,clean,
WHGame.dll,release_1_5_1164953_841,0x133c028,155,FUN_18133c028,,,59b82fbb3e5db5cb43cc236482520a153b619353c5b2d929825faace4bf25fce,undefined FUN_18133c028(),ghidra,clean,
WHGame.dll,release_1_5_1164953_841,0x133c0c4,155,FUN_18133c0c4,,,b068b43506760665c7f5a1dc9a715ff5d0dc79d3866376d8fd1f6ad77eb68b15,undefined FUN_18133c0c4(),ghidra,clean,
WHGame.dll,release_1_5_1164953_841,0x133c160,240,FUN_18133c160,,,5a8f506654ec47623ea94cae73a3a6982f867beba6b9d7b8991bf0a99797d41e,undefined FUN_18133c160(),ghidra,clean,
WHGame.dll,release_1_5_1164953_841,0x133c250,18,FUN_18133c250,,,da852e90de24ee896f20aa2204dea573953f328e8eb27acbfd661fdf307af741,undefined FUN_18133c250(),ghidra,clean,
WHGame.dll,release_1_5_1164953_841,0x133c264,298,FUN_18133c264,,,a588da15863bdbed928adbeb0d90f986a21f6d6fed542459692acafca71a4c31,undefined FUN_18133c264(),ghidra,clean,
WHGame.dll,release_1_5_1164953_841,0x133c390,301,FUN_18133c390,,,32695ca107bde6335db8c222b4c2d4567a5b4731ded40c17434ad27381aa593e,undefined FUN_18133c390(),ghidra,clean,
WHGame.dll,release_1_5_1164953_841,0x133c4c0,67,FUN_18133c4c0,,,a58ff2756a88ece78cae109aa99301242277b499c75d7a8c15e1a32913ab7357,undefined FUN_18133c4c0(),ghidra,clean,
WHGame.dll,release_1_5_1164953_841,0x133c504,79,FUN_18133c504,,,b09658239e75a99dbe69c45c59d2972a00862bb298049c1b25b9a60211fc1934,undefined FUN_18133c504(),ghidra,clean,
WHGame.dll,release_1_5_1164953_841,0x133c545,7,FUN_18133c545,,,fba043b51cdb1d9ee57efa51925f8221f208529c6485a3306e008f45f9420544,undefined FUN_18133c545(),ghidra,clean,
WHGame.dll,release_1_5_1164953_841,0x133c54c,26,FUN_18133c54c,,,44adb033c7aec5cceb922769ca81334e8a61825459e3fde928708637728783f9,undefined FUN_18133c54c(),ghidra,clean,
WHGame.dll,release_1_5_1164953_841,0x133c568,48,FUN_18133c568,,,eaee8068e34d4b067b0ca936989a2a771c817be2fbe8a3d186d71a27fbf0e213,undefined FUN_18133c568(),ghidra,clean,
WHGame.dll,release_1_5_1164953_841,0x133c598,45,FUN_18133c598,,,758d868c45eb56ea75e44fd5dc8abb9f8762be020626b6508093b463b7f4913f,undefined FUN_18133c598(),ghidra,clean,
WHGame.dll,release_1_5_1164953_841,0x133c5c8,159,FUN_18133c5c8,,,0dfbaad794ce8c71038ef4f888b46bdde451383da0a870ba6c8d2b06f14b44e8,undefined FUN_18133c5c8(),ghidra,clean,
WHGame.dll,release_1_5_1164953_841,0x133c65c,184,FUN_18133c65c,,,28489a63f569025bd686f40ad6349d9e24e89988248edf8baa5b014dabd3012d,undefined FUN_18133c65c(),ghidra,clean,
WHGame.dll,release_1_5_1164953_841,0x133c714,190,FUN_18133c714,,,203c68f56eae62f7070951d8cb0cee5bf14bbee1c57f533616e53d529343c677,undefined FUN_18133c714(),ghidra,clean,
WHGame.dll,release_1_5_1164953_841,0x133c7d4,190,FUN_18133c7d4,,,e4bad9c1dc0edc514c285a5adf06e5d9a00cab947cb2fab3f93dd39d53e7e7f6,undefined FUN_18133c7d4(),ghidra,clean,
WHGame.dll,release_1_5_1164953_841,0x133c894,567,FUN_18133c894,,,73eab93e9cbaaa74d759e35eafde6a9e411cf36dcbf76e40a38c87fe12fa873e,undefined FUN_18133c894(),ghidra,clean,
WHGame.dll,release_1_5_1164953_841,0x133c9c8,133,FUN_18133c9c8,,,f1d9630f8aa24518ec1c405a27d39427810371507cbf746fd82c2c4de38d9fa9,undefined FUN_18133c9c8(),ghidra,clean,
WHGame.dll,release_1_5_1164953_841,0x133ca50,109,FUN_18133ca50,,,d1db69393400c1c989d5b0624145611bdae684cf7299e09e0dd08287cce6bb54,undefined FUN_18133ca50(),ghidra,clean,
WHGame.dll,release_1_5_1164953_841,0x133ca88,827,FUN_18133ca88,,,805d73faf9d3c7932753e2d2279bc6c85e7081e48cdfbe3694064872f2cbe429,undefined FUN_18133ca88(),ghidra,clean,
WHGame.dll,release_1_5_1164953_841,0x133cb8a,8,FUN_18133cb8a,,,a43f98eb7ae9f8fd3115816c660dffe63f1a985b3a91f570563a0463d3d90ce8,undefined FUN_18133cb8a(),ghidra,clean,
WHGame.dll,release_1_5_1164953_841,0x133cbec,23,FUN_18133cbec,,,4a2215c3e820937481093c41c3a2c4fdd1b034767afb06c5e8afd475b2e2dc6a,undefined FUN_18133cbec(),ghidra,clean,
WHGame.dll,release_1_5_1164953_841,0x133cc04,155,FUN_18133cc04,,,8b9da58d31481670d41ee422b79bf25d205c882808850100d41ad66245277d7c,undefined FUN_18133cc04(),ghidra,clean,
WHGame.dll,release_1_5_1164953_841,0x133cca0,311,FUN_18133cca0,,,b1bfbc9fc79497c0206d3245c76905e6cc15935c394305468d44a3508d4b7032,undefined FUN_18133cca0(),ghidra,clean,
WHGame.dll,release_1_5_1164953_841,0x133cdd8,50,FUN_18133cdd8,,,a09dc753bc006e65632fcd8ef85f6428018982da73551cd6173951427b89a96e,undefined FUN_18133cdd8(),ghidra,clean,
WHGame.dll,release_1_5_1164953_841,0x133ce0c,110,FUN_18133ce0c,,,1c8c53a00701d748ac680ed21ca58dc22a9021745065db7304da4a482479c425,undefined FUN_18133ce0c(),ghidra,clean,
WHGame.dll,release_1_5_1164953_841,0x133ce7c,212,FUN_18133ce7c,,,e39d28173eb836ace8a5daa1b897546c1ffb07b460e975615d561c0321af7b7b,undefined FUN_18133ce7c(),ghidra,clean,
WHGame.dll,release_1_5_1164953_841,0x133cf34,5,thunk_FUN_18133cf3c,,,b0d40b133b9394d93820ac0104b0065121d2d73df32c7bfb4e4cf5d805a8b103,undefined thunk_FUN_18133cf3c(),ghidra,clean,
WHGame.dll,release_1_5_1164953_841,0x133cf3c,103,FUN_18133cf3c,,,18c4e16fc3fa5666b48340bf192cc5a73087c78bafbd32d24810109b34985730,undefined FUN_18133cf3c(),ghidra,clean,
WHGame.dll,release_1_5_1164953_841,0x133cfa4,95,FUN_18133cfa4,,,f2ff1e612c4b4c119d2a916bc321bbf67f734a81b2facea65f6e9e9f321b58b7,undefined FUN_18133cfa4(),ghidra,clean,
WHGame.dll,release_1_5_1164953_841,0x133d004,201,FUN_18133d004,,,cbae9583830ad5bfed52570d037afa5003bd6bc5f198c7e84dfc4d49213cfd57,undefined FUN_18133d004(),ghidra,clean,
WHGame.dll,release_1_5_1164953_841,0x133d0b0,53,FUN_18133d0b0,,,342cb73114db3a59ff3a4d5207fb7b97022416ecba58637f13426684fc283f42,undefined FUN_18133d0b0(),ghidra,clean,
WHGame.dll,release_1_5_1164953_841,0x133d0e8,431,FUN_18133d0e8,,,db8defe74d87d1baa4425a194a74a851e7fb04c654ce63727a2f48b66bd5045e,undefined FUN_18133d0e8(),ghidra,clean,
WHGame.dll,release_1_5_1164953_841,0x133d244,40,FUN_18133d244,,,01b81f7733913ea96ce603edce47d50657bec765547b76143dd76d237475ca04,undefined FUN_18133d244(),ghidra,clean,
WHGame.dll,release_1_5_1164953_841,0x133d26c,42,FUN_18133d26c,,,a705417611b4b08b13d2bb9032391da6ba6017c17e3fd25913386b1bee1c84e2,undefined FUN_18133d26c(),ghidra,clean,
WHGame.dll,release_1_5_1164953_841,0x133d298,100,FUN_18133d298,,,eb3cfb7365f7e9a0c459c65ae4ba4acc91f55ee0fc844c22b13c458e5a09ff1e,undefined FUN_18133d298(),ghidra,clean,
WHGame.dll,release_1_5_1164953_841,0x133d2fc,359,FUN_18133d2fc,,,e500f278e8515a4e43d9108d23a62498180e4fab982bb576a0b2de1cf0d7421d,undefined FUN_18133d2fc(),ghidra,clean,
WHGame.dll,release_1_5_1164953_841,0x133d454,264,FUN_18133d454,,,e4482930c7b9fe5e1b393d13ceadbd5d03ebd8fd85e07bc39efe26799e030564,undefined FUN_18133d454(),ghidra,clean,
WHGame.dll,release_1_5_1164953_841,0x133d554,244,FUN_18133d554,,,daa183dffc608cf57115a376c5d3ae71016cb0bcad89918fbc35c20ec940be6b,undefined FUN_18133d554(),ghidra,clean,
WHGame.dll,release_1_5_1164953_841,0x133d648,741,FUN_18133d648,,,a887e396f2bafd6808fff392a902b8791e6af985d2d951297c8ad9f365a0484c,undefined FUN_18133d648(),ghidra,clean,
WHGame.dll,release_1_5_1164953_841,0x133d748,26,FUN_18133d748,,,819234953c91d716a341edb10dcca2267107efa13f78881bbca64f4a7a11eeca,undefined FUN_18133d748(),ghidra,clean,
WHGame.dll,release_1_5_1164953_841,0x133d764,155,FUN_18133d764,,,7a8879bf2daec920f52ba3bce5518163ae17884e253d33921f917b9c067a497d,undefined FUN_18133d764(),ghidra,clean,
WHGame.dll,release_1_5_1164953_841,0x133d800,298,FUN_18133d800,,,cc7eb663a9733f6202c9d34f5d9ea2633dc31b1d5a2b301e7bd8901b67c449ba,undefined FUN_18133d800(),ghidra,clean,
WHGame.dll,release_1_5_1164953_841,0x133d92c,155,FUN_18133d92c,,,efe53dd5f3cad067572205b2a4bbd0a6d81c05201865524eea68c7c27f51d91b,undefined FUN_18133d92c(),ghidra,clean,
WHGame.dll,release_1_5_1164953_841,0x133d9c8,311,FUN_18133d9c8,,,a5008d4e066466ece752a3c73d38606f3964fd76acf421d8834c0d675757a5c5,undefined FUN_18133d9c8(),ghidra,clean,
WHGame.dll,release_1_5_1164953_841,0x133db00,80,FUN_18133db00,,,443d95954ddd8790832beb02da8bb40b98f126974ce7decf254f572c823f2b20,undefined FUN_18133db00(),ghidra,clean,
WHGame.dll,release_1_5_1164953_841,0x133db50,23,FUN_18133db50,,,68fc10d3bdb9e3d8d0eb69d36726cd6880854d245c9575749bdedf7fc87929cc,undefined FUN_18133db50(),ghidra,clean,
WHGame.dll,release_1_5_1164953_841,0x133db68,190,FUN_18133db68,,,c6fe7377fc91fd045aaed3a29d9549356d31955628fd04b280c50566d702f857,undefined FUN_18133db68(),ghidra,clean,
WHGame.dll,release_1_5_1164953_841,0x133dc28,155,FUN_18133dc28,,,3ac0fea99aebcd22b0610df8754e191c99309fbc32fcf6f0c24aac045dde3692,undefined FUN_18133dc28(),ghidra,clean,
WHGame.dll,release_1_5_1164953_841,0x133dcc4,298,FUN_18133dcc4,,,999f25475ed38e1304a31347a42710356e986df4d42c82544f7f7b172edceb10,undefined FUN_18133dcc4(),ghidra,clean,
WHGame.dll,release_1_5_1164953_841,0x133ddf0,856,FUN_18133ddf0,,,1e8520788104b5cf48da90272baa6132a68f04f6c7d6f09e1d4e0c26338cc935,undefined FUN_18133ddf0(),ghidra,clean,
WHGame.dll,release_1_5_1164953_841,0x133e148,319,FUN_18133e148,,,2d3ebaacee510fd93c50bd52d69c7b845ffd12eeef1ae4b9179352ff6533e7ae,undefined FUN_18133e148(),ghidra,clean,
WHGame.dll,release_1_5_1164953_841,0x133e28c,345,FUN_18133e28c,,,051d1d1d8b9e93b27ae0689d28dca319daa2b6e1ecbf1f1993c9e178af229960,undefined FUN_18133e28c(),ghidra,clean,
WHGame.dll,release_1_5_1164953_841,0x133e3e8,71,FUN_18133e3e8,,,fca3c1a8cba1a23cf8a175b2138828b19d3f91966663fed855e9ceb07a479707,undefined FUN_18133e3e8(),ghidra,clean,
WHGame.dll,release_1_5_1164953_841,0x133e414,117,FUN_18133e414,,,edc9f7646ce88ac3c2fd55dd765af4136e86538ea023a03c92638b440672a93c,undefined FUN_18133e414(),ghidra,clean,
WHGame.dll,release_1_5_1164953_841,0x133e48c,176,FUN_18133e48c,,,b1e6b4dff63ea3b8acb622c23b3043da841878649652678d836db14b33a08463,undefined FUN_18133e48c(),ghidra,clean,
WHGame.dll,release_1_5_1164953_841,0x133e4fc,301,FUN_18133e4fc,,,0d82c638019ac2bfc15bd91ffb70d548f7facbdb9e0daee1a3c2e86d765f9440,undefined FUN_18133e4fc(),ghidra,clean,
WHGame.dll,release_1_5_1164953_841,0x133e62c,319,FUN_18133e62c,,,b871c4084411fa178cccde01ed9469a91d517876701f7d2435b02352e010864c,undefined FUN_18133e62c(),ghidra,clean,
WHGame.dll,release_1_5_1164953_841,0x133e734,73,FUN_18133e734,,,7027a95c1f66b7a8beec324548d17f39ebfbb2c3aea6bdd247120532f7b23076,undefined FUN_18133e734(),ghidra,clean,
WHGame.dll,release_1_5_1164953_841,0x133e780,104,FUN_18133e780,,,b35c7f28e5f777a18ae8544b031447b76f33a077731664eaf8265a26c1be8907,undefined FUN_18133e780(),ghidra,clean,
WHGame.dll,release_1_5_1164953_841,0x133e7e8,649,FUN_18133e7e8,,,f1a21ed4e666e5da357d7bfc8c103a0fb438d0f5d8f121ddecbceed418d82993,undefined FUN_18133e7e8(),ghidra,clean,
WHGame.dll,release_1_5_1164953_841,0x133ea80,8,FUN_18133ea80,,,2b7504e7d4b0f2356ae3ded617f077a348adb74133ec90173211fcd503344538,undefined FUN_18133ea80(),ghidra,clean,
WHGame.dll,release_1_5_1164953_841,0x133ea88,251,FUN_18133ea88,,,889266135bd48bbd80b07fe3d5da98df62eaa496ca43bd1f126d963e14beb42a,undefined FUN_18133ea88(),ghidra,clean,
WHGame.dll,release_1_5_1164953_841,0x133eb84,408,FUN_18133eb84,,,89076aaaa24bd70ac558df3733d9ccb1a758a9a5056df1093e489b3a5c5f0442,undefined FUN_18133eb84(),ghidra,clean,
WHGame.dll,release_1_5_1164953_841,0x133ed1c,160,FUN_18133ed1c,,,b09d4cadbdf347f496924ff8bde33058774f39145da05fdfb83a138686b55a74,undefined FUN_18133ed1c(),ghidra,clean,
WHGame.dll,release_1_5_1164953_841,0x133edac,160,FUN_18133edac,,,7ec35c1d295f08ed86a82d2776c6edca5a881ff9be65343fe999217e73a689d1,undefined FUN_18133edac(),ghidra,clean,
WHGame.dll,release_1_5_1164953_841,0x133ee3c,160,FUN_18133ee3c,,,c7ba4fafa92337c8da54dfec8812acd42628c5dd5f7a84a2b39e08672deb1c20,undefined FUN_18133ee3c(),ghidra,clean,
WHGame.dll,release_1_5_1164953_841,0x133eecc,160,FUN_18133eecc,,,eb473d64eddbfe9d1d07bfc3f7eefabb063512cf51a6f3749749ab9d132ed484,undefined FUN_18133eecc(),ghidra,clean,
WHGame.dll,release_1_5_1164953_841,0x133ef5c,160,FUN_18133ef5c,,,2a9e7f4a4e060b8e4e4ad11ff64d9170f2b78c40ef8f32d8ad0e0dac2cc59886,undefined FUN_18133ef5c(),ghidra,clean,
WHGame.dll,release_1_5_1164953_841,0x133efec,160,FUN_18133efec,,,f14c4fa78e6770ca9b44036d68f3fe09c624e48581bff429e94e050e0c0fb120,undefined FUN_18133efec(),ghidra,clean,
WHGame.dll,release_1_5_1164953_841,0x133f07c,160,FUN_18133f07c,,,8079b0ba53a2c9baa2f682fdc966b79347ff9ba005311e51105242841559840a,undefined FUN_18133f07c(),ghidra,clean,
WHGame.dll,release_1_5_1164953_841,0x133f10c,160,FUN_18133f10c,,,87010903b50b4496845708ab707602c896ac7a227be44d442b9938c51cc09a85,undefined FUN_18133f10c(),ghidra,clean,
WHGame.dll,release_1_5_1164953_841,0x133f19c,160,FUN_18133f19c,,,bf3d647b95c3926523a9d1d3cfcbe05553a3076a3b6e5b034773eb007116675e,undefined FUN_18133f19c(),ghidra,clean,
WHGame.dll,release_1_5_1164953_841,0x133f22c,160,FUN_18133f22c,,,c2f9c5e1534b67bea1e27e5389c08e784de0f20ecaf447d12b88beef8987e8a2,undefined FUN_18133f22c(),ghidra,clean,
WHGame.dll,release_1_5_1164953_841,0x133f2bc,160,FUN_18133f2bc,,,14e5335197bbf3080ec7d7729f72bade92dc490bd172fc4a67d6d6e1dec5fc1c,undefined FUN_18133f2bc(),ghidra,clean,
WHGame.dll,release_1_5_1164953_841,0x133f34c,160,FUN_18133f34c,,,ef73294c204e8bc570ff22498e301ea7051ba2b3e7e2d69016dd93f0dfa8a4ef,undefined FUN_18133f34c(),ghidra,clean,
WHGame.dll,release_1_5_1164953_841,0x133f3dc,160,FUN_18133f3dc,,,e1c87f3c8803fac8714bae08197c79e030032cd6ebddc2e7d9dc6efee68474bd,undefined FUN_18133f3dc(),ghidra,clean,
WHGame.dll,release_1_5_1164953_841,0x133f46c,160,FUN_18133f46c,,,7a1507ed4f39a40e38570a00eea5a8f4c020abc0e688f971bba81a7c2c636700,undefined FUN_18133f46c(),ghidra,clean,
WHGame.dll,release_1_5_1164953_841,0x133f4fc,160,FUN_18133f4fc,,,cbc0260e9a2bcf86e5b2c6c65ee1a9abd3589ffa1c180247cadea68a544cc608,undefined FUN_18133f4fc(),ghidra,clean,
WHGame.dll,release_1_5_1164953_841,0x133f58c,160,FUN_18133f58c,,,bc46fb634beddf59958c6395d134cab849d0af482011356f03219d7f0554f9b8,undefined FUN_18133f58c(),ghidra,clean,
WHGame.dll,release_1_5_1164953_841,0x133f61c,160,FUN_18133f61c,,,a1ee880ec9a7a29096368b749e76e97bf4ccb58685335f2d9c7ec0c23e080fe9,undefined FUN_18133f61c(),ghidra,clean,
WHGame.dll,release_1_5_1164953_841,0x133f6ac,160,FUN_18133f6ac,,,4218397a1844f7a36eb31a5f3a8d6031365a4fd97b399acb5ed2f413f2209b2b,undefined FUN_18133f6ac(),ghidra,clean,
WHGame.dll,release_1_5_1164953_841,0x133f73c,155,FUN_18133f73c,,,e29a35c9be8b790e1ac9332db079a5f29881fe814fe3397138efc7b55624a171,undefined FUN_18133f73c(),ghidra,clean,
WHGame.dll,release_1_5_1164953_841,0x133f7d8,177,FUN_18133f7d8,,,d6e5300a98257cdb356e5ebff41707881d08a1eaf2bd4f2ec9e50af1c699695b,undefined FUN_18133f7d8(),ghidra,clean,
WHGame.dll,release_1_5_1164953_841,0x133f870,264,FUN_18133f870,,,f7b7635f81adb894cf9b189dab0d9fe9e8192d9eeeecac2bcd9ce9a0e7705dc3,undefined FUN_18133f870(),ghidra,clean,
WHGame.dll,release_1_5_1164953_841,0x133f978,234,FUN_18133f978,,,9f814c1f280ca09aeeec3793bde872d148508ba184b40dcedd2c8c8e5761e1ca,undefined FUN_18133f978(),ghidra,clean,
WHGame.dll,release_1_5_1164953_841,0x133fa64,46,FUN_18133fa64,,,f6735cc4e88513da965605a4f2eb83b87b1761506a65ab76438b126f4b9da141,undefined FUN_18133fa64(),ghidra,clean,
WHGame.dll,release_1_5_1164953_841,0x133fa94,290,FUN_18133fa94,,,eab340e431f4fcf8650f81be8988aff0ad8ee0ef3395c2dca36383f3dd135a50,undefined FUN_18133fa94(),ghidra,clean,
WHGame.dll,release_1_5_1164953_841,0x133fbb8,129,FUN_18133fbb8,,,66871d7552daf0c4f82cfbcc1cc89f8dbfd0f906d5fff05fc3c30ca0fb60b472,undefined FUN_18133fbb8(),ghidra,clean,
WHGame.dll,release_1_5_1164953_841,0x133fc3c,74,FUN_18133fc3c,,,7725c5d0491c1990473e3196cd20fff6b409e0f8cd5bf29548aded146834434a,undefined FUN_18133fc3c(),ghidra,clean,
WHGame.dll,release_1_5_1164953_841,0x133fc88,177,FUN_18133fc88,,,3892a08537d45ff3c29c6f8884c866f2dce1b780c3ddfe8744f7cfa6d12ddaef,undefined FUN_18133fc88(),ghidra,clean,
WHGame.dll,release_1_5_1164953_841,0x133fd3c,235,FUN_18133fd3c,,,dd5194424f1d212d8713d869c805016dfa82be4dadd2f9f83dfdeb7996da8ef9,undefined FUN_18133fd3c(),ghidra,clean,
WHGame.dll,release_1_5_1164953_841,0x133fe1c,234,FUN_18133fe1c,,,eb9aebc5227e42d878720dd1489e86bb653a21feaf9c20058abbbfff724fb6bd,undefined FUN_18133fe1c(),ghidra,clean,
WHGame.dll,release_1_5_1164953_841,0x133ff08,850,FUN_18133ff08,,,b49f18b9f214f6054273ab5fa2c313d19c45271d659207e33bff291f5de89523,undefined FUN_18133ff08(),ghidra,clean,
WHGame.dll,release_1_5_1164953_841,0x133ffcc,5,FUN_18133ffcc,,,70bf2d6deedcf734920e571ef09558025e359e9a739e5789ffaf6c9299398808,undefined FUN_18133ffcc(),ghidra,clean,
WHGame.dll,release_1_5_1164953_841,0x133ffd8,234,FUN_18133ffd8,,,55438bc54d70fc65b82d75592e52446dca68cfa218bfe16c5e46da851368f592,undefined FUN_18133ffd8(),ghidra,clean,
WHGame.dll,release_1_5_1164953_841,0x13400c4,284,FUN_1813400c4,,,fc1f3eae8f1fb03fd18dd6dc120505b82f8795bf5bf548d740078c8e896ea913,undefined FUN_1813400c4(),ghidra,clean,
WHGame.dll,release_1_5_1164953_841,0x13401d4,207,FUN_1813401d4,,,7f80cc461090dd042b5d1ec650ddbab3eac931c0d25c35e0e549a20de719ec67,undefined FUN_1813401d4(),ghidra,clean,
WHGame.dll,release_1_5_1164953_841,0x1340294,194,FUN_181340294,,,a5a43dc33cf81c86e7b04ed73bb3dd1a40558375db8a9b24377ccfb20147deeb,undefined FUN_181340294(),ghidra,clean,
WHGame.dll,release_1_5_1164953_841,0x1340358,155,FUN_181340358,,,17ae544f36d3d98748901f0636906ec61aa75bdb0f0c1f0a604dbf10a89bd946,undefined FUN_181340358(),ghidra,clean,
WHGame.dll,release_1_5_1164953_841,0x13403f4,190,FUN_1813403f4,,,9ea665c6321b7f1e1b62a3c097d8201b0334a22edc56f892e6dfb2eb1e53029c,undefined FUN_1813403f4(),ghidra,clean,
WHGame.dll,release_1_5_1164953_841,0x13404b4,190,FUN_1813404b4,,,331f0c2f7931bf2e2085d0dfb8170d3b743e85687ef621dde0a376ca6141e364,undefined FUN_1813404b4(),ghidra,clean,
WHGame.dll,release_1_5_1164953_841,0x1340574,190,FUN_181340574,,,30472dc62d984c6e5bb55012fe2cd9f5a85361310235d6e635c3af12c1ffa010,undefined FUN_181340574(),ghidra,clean,
WHGame.dll,release_1_5_1164953_841,0x1340634,264,FUN_181340634,,,e2f74a58b43d78023d729121050df4bf347e4a985e12a66088c9c7321da25657,undefined FUN_181340634(),ghidra,clean,
WHGame.dll,release_1_5_1164953_841,0x134073c,155,FUN_18134073c,,,98ce63fc00c7c7cf276853dcbe5d44b8e679829b9fc53c593e3778aab1537550,undefined FUN_18134073c(),ghidra,clean,
WHGame.dll,release_1_5_1164953_841,0x13407d8,234,FUN_1813407d8,,,4674be7e44b5126d68450ddff7c92756f7c863e44107a75fd4e05a7198478fc6,undefined FUN_1813407d8(),ghidra,clean,
WHGame.dll,release_1_5_1164953_841,0x13408c4,207,FUN_1813408c4,,,50cca2c0eeefca45be18a6fd29a15481b7a6518517bde3f7e903892a08f0cd08,undefined FUN_1813408c4(),ghidra,clean,
WHGame.dll,release_1_5_1164953_841,0x1340984,714,FUN_181340984,,,d0d0c2296e86161509ada80f586e83a604e307e83796ca37e97dd319e283444c,undefined FUN_181340984(),ghidra,clean,
WHGame.dll,release_1_5_1164953_841,0x1340c50,238,FUN_181340c50,,,30bec5c72ad15b6033f99c3ae08160be1982ea1947b1588c4a603476623f978b,undefined FUN_181340c50(),ghidra,clean,
WHGame.dll,release_1_5_1164953_841,0x1340d40,214,FUN_181340d40,,,e771ccb87dcd8a27f682ad3f185ca17ed02f8bf446fe58dfb1557342d812ede9,undefined FUN_181340d40(),ghidra,clean,
WHGame.dll,release_1_5_1164953_841,0x1340e08,83,FUN_181340e08,,,2de5b64887df2b6c8623ffe2944b27cae52455400199838572deac55775e216b,undefined FUN_181340e08(),ghidra,clean,
WHGame.dll,release_1_5_1164953_841,0x1340e5c,77,FUN_181340e5c,,,71db7064d9e6e9f2df8c3311bd65ca0d0312ddd0fdb4ddf4b0323072965ca02c,undefined FUN_181340e5c(),ghidra,clean,
WHGame.dll,release_1_5_1164953_841,0x1340eac,30,FUN_181340eac,,,e68d0ea53a56a8a768bdf5903c90e96888a6b1f1b94b542f11de5ddf5e61fd42,undefined FUN_181340eac(),ghidra,clean,
WHGame.dll,release_1_5_1164953_841,0x1340ecc,86,FUN_181340ecc,,,f870c4375b62e9a93bd25fb137788f6f6c19273753de3dc96db05bc484fa294d,undefined FUN_181340ecc(),ghidra,clean,
WHGame.dll,release_1_5_1164953_841,0x1340f24,86,FUN_181340f24,,,fe0c1c29903bdcc495faa1109ec1e0c2e973e36f1917c40cc3eaa0e450f7e11a,undefined FUN_181340f24(),ghidra,clean,
WHGame.dll,release_1_5_1164953_841,0x1340f7c,85,FUN_181340f7c,,,37bf86074dbf01605ef36b238fdd8ad56ccf5c93809012dbe4caf8e35059ab67,undefined FUN_181340f7c(),ghidra,clean,
WHGame.dll,release_1_5_1164953_841,0x1340fb0,155,FUN_181340fb0,,,e5c179fd0406224ca1ad87ccb55b2fa72d8d6aa514f9d3ff97207756b901532f,undefined FUN_181340fb0(),ghidra,clean,
WHGame.dll,release_1_5_1164953_841,0x1341084,267,FUN_181341084,,,f2989bc1b6cbae87512573a5b5416300f9014c83df6887a350eb724182cf33f7,undefined FUN_181341084(),ghidra,clean,
WHGame.dll,release_1_5_1164953_841,0x1341190,209,FUN_181341190,,,6c0586ce7d762a87d5b47183a5bc1df8cd3ad64453b8d549942863b948e00155,undefined FUN_181341190(),ghidra,clean,
WHGame.dll,release_1_5_1164953_841,0x1341280,251,FUN_181341280,,,72c1288cdaef60bdad6f0d84bf5fe7978e85a2745e4d2ee126cb680a0b93af5c,undefined FUN_181341280(),ghidra,clean,
WHGame.dll,release_1_5_1164953_841,0x134137c,196,FUN_18134137c,,,dc13137adee5ac3830af2e9f4f9694f8eb8f1613026518dd04fd265843da2d90,undefined FUN_18134137c(),ghidra,clean,
WHGame.dll,release_1_5_1164953_841,0x1341440,87,FUN_181341440,,,b3fbba0c199bb95ff36255fb7fbcdb09061907e0c46dc853e52c62d895b982ff,undefined FUN_181341440(),ghidra,clean,
WHGame.dll,release_1_5_1164953_841,0x1341498,261,FUN_181341498,,,5164c99d6b2128cc39b3dbe0e63d61c6519e012f29a4ce7afd72e0fa2ff03c58,undefined FUN_181341498(),ghidra,clean,
WHGame.dll,release_1_5_1164953_841,0x1341594,196,FUN_181341594,,,cdc9ae1d7cae3e44f63af2c0e85b79822336171ddfa5b00baedf35ffc4a0e509,undefined FUN_181341594(),ghidra,clean,
WHGame.dll,release_1_5_1164953_841,0x1341658,261,FUN_181341658,,,c02919b2b3c9d77c98ec07549674eb79ca38cbb10f485d96f677f58df28fd3f2,undefined FUN_181341658(),ghidra,clean,
WHGame.dll,release_1_5_1164953_841,0x1341754,233,FUN_181341754,,,2c8119b620642788087f96cc86ca229e72e06e9e0839babfe6a4fa1c787ca02f,undefined FUN_181341754(),ghidra,clean,
WHGame.dll,release_1_5_1164953_841,0x1341840,26,FUN_181341840,,,819234953c91d716a341edb10dcca2267107efa13f78881bbca64f4a7a11eeca,undefined FUN_181341840(),ghidra,clean,
WHGame.dll,release_1_5_1164953_841,0x134185c,155,FUN_18134185c,,,31356bf28c4af5cf81855559c66eb24de913f7010b048ecae54dfcb92c9f1e22,undefined FUN_18134185c(),ghidra,clean,
WHGame.dll,release_1_5_1164953_841,0x13418f8,291,FUN_1813418f8,,,004b0ad7a690e256cfcbe60f994eacd5d180b29296b8d7e37a6ada48894d4c14,undefined FUN_1813418f8(),ghidra,clean,
WHGame.dll,release_1_5_1164953_841,0x1341a1c,301,FUN_181341a1c,,,edf8e1e3451709ed3470d8ea10af6068b01bb589acb217c503b143cc18eaf77d,undefined FUN_181341a1c(),ghidra,clean,
WHGame.dll,release_1_5_1164953_841,0x1341b4c,291,FUN_181341b4c,,,a79f98a54c85657de2608c19d715f68e1a844b263e555cab40656e590ed1e727,undefined FUN_181341b4c(),ghidra,clean,
WHGame.dll,release_1_5_1164953_841,0x1341c70,291,FUN_181341c70,,,822784e362ea098df34a230b33ec278124b325ae65514aba04e373c143b8d692,undefined FUN_181341c70(),ghidra,clean,
WHGame.dll,release_1_5_1164953_841,0x1341d94,5,thunk_FUN_181341d9c,,,b0d40b133b9394d93820ac0104b0065121d2d73df32c7bfb4e4cf5d805a8b103,undefined thunk_FUN_181341d9c(),ghidra,clean,
WHGame.dll,release_1_5_1164953_841,0x1341d9c,89,FUN_181341d9c,,,e8db5a5a4bbcc6fbf04e31edf05ce6ca82589ac772bd084d2518baf38a2f1783,undefined FUN_181341d9c(),ghidra,clean,
WHGame.dll,release_1_5_1164953_841,0x1341ddc,280,FUN_181341ddc,,,2d87d770f0d92a254aaf05e0172127a640d7f327be3127ffc10125a4bc9e2fd8,undefined FUN_181341ddc(),ghidra,clean,
WHGame.dll,release_1_5_1164953_841,0x1341ef4,55,FUN_181341ef4,,,72d36a2d10ed8985bf85c955902dc2f2a631ff5280ee7f105e030ff869f6868f,undefined FUN_181341ef4(),ghidra,clean,
WHGame.dll,release_1_5_1164953_841,0x1341f1c,196,FUN_181341f1c,,,89d258db830d0b385e0469146e737c91eba03801196ae2abba5f19783ebd77dd,undefined FUN_181341f1c(),ghidra,clean,
WHGame.dll,release_1_5_1164953_841,0x1341fd8,145,FUN_181341fd8,,,e42ad1ff529ed129889fb7260fb2f39b354caf13931e5fbac40292c0975c06bb,undefined FUN_181341fd8(),ghidra,clean,
WHGame.dll,release_1_5_1164953_841,0x134206c,178,FUN_18134206c,,,cbe646a74a84720aed23d484696b080fce3fb4777ab849161bf4c41f72c8bee7,undefined FUN_18134206c(),ghidra,clean,
WHGame.dll,release_1_5_1164953_841,0x1342120,450,FUN_181342120,,,faab7dcfc3cb782be99ae291feaad3d24ad33d508ad4e925b147f545a0e0d804,undefined FUN_181342120(),ghidra,clean,
WHGame.dll,release_1_5_1164953_841,0x13422e4,164,FUN_1813422e4,,,2d3056bbaeb42155b15319d7442ee65b3af72438595254bcfccd697123cf005b,undefined FUN_1813422e4(),ghidra,clean,
WHGame.dll,release_1_5_1164953_841,0x1342388,359,FUN_181342388,,,e8d823ed61a8aab7f7e7313ba50fabf1cc48955906f033c740f3aede22ce1569,undefined FUN_181342388(),ghidra,clean,
WHGame.dll,release_1_5_1164953_841,0x13424f0,235,FUN_1813424f0,,,7465285c4a54e52e1da42c7c4848df9a5742ab9583f3c03141c05753473f432b,undefined FUN_1813424f0(),ghidra,clean,
WHGame.dll,release_1_5_1164953_841,0x13425dc,193,FUN_1813425dc,,,a85eb913918af8fda51093d6106105a38c97f4a53872ecfac020dd085b58e0ea,undefined FUN_1813425dc(),ghidra,clean,
WHGame.dll,release_1_5_1164953_841,0x13426a0,86,FUN_1813426a0,,,ac7e7d8228c03945d093ac9d74a0f9747f62bf0e46f6ede0734961c18a94b622,undefined FUN_1813426a0(),ghidra,clean,
WHGame.dll,release_1_5_1164953_841,0x13426f8,102,FUN_1813426f8,,,41d11b7d5ed58f51ce2523c8a4b40b20151cb32a9d0a4de0e208f81d6db11408,undefined FUN_1813426f8(),ghidra,clean,
WHGame.dll,release_1_5_1164953_841,0x1342760,83,FUN_181342760,,,b3410607e5b206178244d96893e62347b3fefc510440a74b46e9c5833a62139e,undefined FUN_181342760(),ghidra,clean,
WHGame.dll,release_1_5_1164953_841,0x13427b4,30,FUN_1813427b4,,,bc18946e62babd8e7a2d88608fc481e7b9acde32426a67300c20a2fc72302f3b,undefined FUN_1813427b4(),ghidra,clean,
WHGame.dll,release_1_5_1164953_841,0x13427d4,155,FUN_1813427d4,,,b62948b2b38f98432fbfb1829fd6b7ec57785eaa581d3c34b610935a32d8d621,undefined FUN_1813427d4(),ghidra,clean,
WHGame.dll,release_1_5_1164953_841,0x1342870,291,FUN_181342870,,,8117e8573248001c786b77577a418f51ab6d4b81de37d442c723643c28bd46a3,undefined FUN_181342870(),ghidra,clean,
WHGame.dll,release_1_5_1164953_841,0x1342994,52,FUN_181342994,,,ac82409e9d83925b70eb217bfbb622518838e42ca3d53d7ef7d7998ad4b6848f,undefined FUN_181342994(),ghidra,clean,
WHGame.dll,release_1_5_1164953_841,0x13429c8,37,FUN_1813429c8,,,aef7b1ffa85afbe36af5ef99c23d27e6335d8b536d9cb393d6b790c869129727,undefined FUN_1813429c8(),ghidra,clean,
WHGame.dll,release_1_5_1164953_841,0x13429f0,37,FUN_1813429f0,,,a7616a43e350069c43d2d4474f3bf7f77fa5220a7197c7b452b156dcb8fd5d5e,undefined FUN_1813429f0(),ghidra,clean,
WHGame.dll,release_1_5_1164953_841,0x1342a18,110,FUN_181342a18,,,46ae81567ce9b43b06491b42ed2915a9a77d5654223cad9a1fae92f710e0c918,undefined FUN_181342a18(),ghidra,clean,
WHGame.dll,release_1_5_1164953_841,0x1342a88,191,FUN_181342a88,,,a547818d01da1902cff34214a4e034a87232d4e17a4700b95829bbcc1d6f2a43,undefined FUN_181342a88(),ghidra,clean,
WHGame.dll,release_1_5_1164953_841,0x1342b2c,130,FUN_181342b2c,,,2eabc67e54d8b372b4957a8de4a06b6d6d2968b122964e039632a686bbd3e877,undefined FUN_181342b2c(),ghidra,clean,
WHGame.dll,release_1_5_1164953_841,0x1342bb0,5,thunk_FUN_181342bb8,,,b0d40b133b9394d93820ac0104b0065121d2d73df32c7bfb4e4cf5d805a8b103,undefined thunk_FUN_181342bb8(),ghidra,clean,
WHGame.dll,release_1_5_1164953_841,0x1342bb8,103,FUN_181342bb8,,,2f918b11456fdc62008a7188abbea9694eef34d7519b942bdc6973c8479fb1e7,undefined FUN_181342bb8(),ghidra,clean,
WHGame.dll,release_1_5_1164953_841,0x1342c20,95,FUN_181342c20,,,6a6bfff626f05146c84a3d4068f247ba2f4409807588f07b0dddbb9ed250813f,undefined FUN_181342c20(),ghidra,clean,
WHGame.dll,release_1_5_1164953_841,0x1342c80,215,FUN_181342c80,,,d167d395420068f1d96d74c790eb8e3315e06f078c13b5ccf719fe57d90a337c,undefined FUN_181342c80(),ghidra,clean,
WHGame.dll,release_1_5_1164953_841,0x1342d3c,53,FUN_181342d3c,,,1b85219e689f93985349072bc303d7fcb100769df03abe50018b5e7d482f211e,undefined FUN_181342d3c(),ghidra,clean,
WHGame.dll,release_1_5_1164953_841,0x1342d74,417,FUN_181342d74,,,3ed4b9402cde4ead500417e27939168e6b22f38a66b5abbe25ece9a084b57894,undefined FUN_181342d74(),ghidra,clean,
WHGame.dll,release_1_5_1164953_841,0x1342e94,40,FUN_181342e94,,,9c9c53ffc2438609d418a40ff88c9e287c6e6dd8b1fc782d7555c0794018188c,undefined FUN_181342e94(),ghidra,clean,
WHGame.dll,release_1_5_1164953_841,0x1342ebc,42,FUN_181342ebc,,,3ec30e08252f7e148e043690641217c22f23a03175d08418b47f90b5bcede33f,undefined FUN_181342ebc(),ghidra,clean,
WHGame.dll,release_1_5_1164953_841,0x1342ee8,100,FUN_181342ee8,,,57cd8629f4e2edece34afab7e6000d267a506388fee78046fbec6eaebbd69fa3,undefined FUN_181342ee8(),ghidra,clean,
WHGame.dll,release_1_5_1164953_841,0x1342f4c,27,FUN_181342f4c,,,d5eaf99a87a32e372198df3b558bf061ce3199fbcebb17383f0e9396c8f06f2e,undefined FUN_181342f4c(),ghidra,clean,
WHGame.dll,release_1_5_1164953_841,0x1342f68,193,FUN_181342f68,,,493b831ae74a6aa8bf79de038abc458481924e3ad46098d392981f2b02fe168f,undefined FUN_181342f68(),ghidra,clean,
WHGame.dll,release_1_5_1164953_841,0x134302c,26,FUN_18134302c,,,784f42d42467bdc72bf303619520ab86d009b3466c28ed890d4202f919d16798,undefined FUN_18134302c(),ghidra,clean,
WHGame.dll,release_1_5_1164953_841,0x1343048,958,FUN_181343048,,,dcec33a1bb9b56d133993e52f11d0a0c21ce84c127a8395a1d80b28afbd812c4,undefined FUN_181343048(),ghidra,clean,
WHGame.dll,release_1_5_1164953_841,0x1343408,23,FUN_181343408,,,4a2215c3e820937481093c41c3a2c4fdd1b034767afb06c5e8afd475b2e2dc6a,undefined FUN_181343408(),ghidra,clean,
WHGame.dll,release_1_5_1164953_841,0x1343420,155,FUN_181343420,,,a8cb94e7461cd7937bf111e9630d9ff305f0dc2666f3462c5ea64e3cac456511,undefined FUN_181343420(),ghidra,clean,
WHGame.dll,release_1_5_1164953_841,0x13434bc,304,FUN_1813434bc,,,1f867ccf56d8a1db3b9d48d6eb21a93e46047f9386c634e627687ba8a9f75bba,undefined FUN_1813434bc(),ghidra,clean,
WHGame.dll,release_1_5_1164953_841,0x13435ec,155,FUN_1813435ec,,,704149fb5347970b67b096b9203fb3700bea5daab2526515c7f4fe935e9e9a6c,undefined FUN_1813435ec(),ghidra,clean,
WHGame.dll,release_1_5_1164953_841,0x1343688,298,FUN_181343688,,,dc8dc71946dff32fa63b74e64750611f26446cb9ba7f4969c32a478768f4450f,undefined FUN_181343688(),ghidra,clean,
WHGame.dll,release_1_5_1164953_841,0x13437b4,42,FUN_1813437b4,,,e9dde0f2d1b07f37e8aad9afa3b28de5810efb3134e2236599f1ceb5b99925ba,undefined FUN_1813437b4(),ghidra,clean,
WHGame.dll,release_1_5_1164953_841,0x13437e0,65,FUN_1813437e0,,,0c9b1f29a5079915b747e4493eb9d61569f6aa6191627a4b49131f6da8474ea0,undefined FUN_1813437e0(),ghidra,clean,
WHGame.dll,release_1_5_1164953_841,0x1343824,148,FUN_181343824,,,e4e4813bca551415b4c1410e6c01ac1a8d2f2313f92308ce5d8718ce05d4c46b,undefined FUN_181343824(),ghidra,clean,
WHGame.dll,release_1_5_1164953_841,0x13438b8,180,FUN_1813438b8,,,85de5b28ca3432d896667f00cf2d932152bfb40d869b1499cbe7f9c0b2a411ff,undefined FUN_1813438b8(),ghidra,clean,
WHGame.dll,release_1_5_1164953_841,0x134396c,42,FUN_18134396c,,,46244040161a19709e2149bd503d922026d3b3a2284e3467366ea974e796f22f,undefined FUN_18134396c(),ghidra,clean,
WHGame.dll,release_1_5_1164953_841,0x1343998,341,FUN_181343998,,,d07ee7df1b3b3499b21c55fe6635546a4cdbdc8e92b323523a4991135a6b9716,undefined FUN_181343998(),ghidra,clean,
WHGame.dll,release_1_5_1164953_841,0x1343a30,379,FUN_181343a30,,,f09b1fd6a3ef058c8c9bec5c3782f26dce4563a21e781602d7a08eca88010b39,undefined FUN_181343a30(),ghidra,clean,
WHGame.dll,release_1_5_1164953_841,0x1343b5c,147,FUN_181343b5c,,,ddc5aba94e7b1555c805ff456c28f51930b2801e36b02ab011fb33e659068266,undefined FUN_181343b5c(),ghidra,clean,
WHGame.dll,release_1_5_1164953_841,0x1343bf0,256,FUN_181343bf0,,,c9a5b83cf13f51246afa06eeb7a19da1daf6e06cc560471f0632028c5c39a27f,undefined FUN_181343bf0(),ghidra,clean,
WHGame.dll,release_1_5_1164953_841,0x1343cf0,384,FUN_181343cf0,,,c88a113027562ac0e20e18cc865b22af747f50ea52230b9f137753d7d72da142,undefined FUN_181343cf0(),ghidra,clean,
WHGame.dll,release_1_5_1164953_841,0x1343e70,170,FUN_181343e70,,,4a938ce03189e7a46b5612997a22aab9d14d55e29d66645c3f8f3a2058b2a280,undefined FUN_181343e70(),ghidra,clean,
WHGame.dll,release_1_5_1164953_841,0x1343f1c,180,FUN_181343f1c,,,cda84b12c7a4b4eb39fefa4403e2230b922ac73d48f2a72ebc25c6286eb79940,undefined FUN_181343f1c(),ghidra,clean,
WHGame.dll,release_1_5_1164953_841,0x1343fd0,116,FUN_181343fd0,,,3931d890c8c120ac3f164773a7173162797729c5a73d21b05979d0e3b3f53156,undefined FUN_181343fd0(),ghidra,clean,
WHGame.dll,release_1_5_1164953_841,0x1344044,54,FUN_181344044,,,1df69d55d425ceda896b8f03bd85cd1c179990dd2c4533d194e25df0a84a96e5,undefined FUN_181344044(),ghidra,clean,
WHGame.dll,release_1_5_1164953_841,0x134407c,34,FUN_18134407c,,,ada8503a0e460df0b180cf1db2ddc530f617409dc6c173254cd88dc02f23c405,undefined FUN_18134407c(),ghidra,clean,
WHGame.dll,release_1_5_1164953_841,0x13440a0,351,FUN_1813440a0,,,672c4f7f78c23e2cbc930906c878fa7ae172656b6a69f28124a77a4c63c4e24e,undefined FUN_1813440a0(),ghidra,clean,
WHGame.dll,release_1_5_1164953_841,0x1344200,56,FUN_181344200,,,d82441c8475a74f594f4954013bc59f9cee7a268e5709b8179364b88b700eff6,undefined FUN_181344200(),ghidra,clean,
WHGame.dll,release_1_5_1164953_841,0x1344238,140,FUN_181344238,,,677e23028a97a91e4a664b39de59a584369a11d745784102222d51fb7ff3e5f4,undefined FUN_181344238(),ghidra,clean,
WHGame.dll,release_1_5_1164953_841,0x13442b0,155,FUN_1813442b0,,,b9c63fd4c99fbbe1279e4fd884b93f4b84ad18d13f78eef25a421341a39d7c95,undefined FUN_1813442b0(),ghidra,clean,
WHGame.dll,release_1_5_1164953_841,0x134434c,311,FUN_18134434c,,,bdd1279250e6f273014ca1cd445714de0d0ae85fb550ec996f47dd3d4631fe7b,undefined FUN_18134434c(),ghidra,clean,
WHGame.dll,release_1_5_1164953_841,0x1344484,180,FUN_181344484,,,6ea73e887fb1a49b230815d67f22e5d98b26deaedbc508078f2ec2cd49dea0b2,undefined FUN_181344484(),ghidra,clean,
WHGame.dll,release_1_5_1164953_841,0x1344538,310,FUN_181344538,,,1606323c2cc2dd67d462e1768e009d8cb98fa15400b50838141d008bf2b00047,undefined FUN_181344538(),ghidra,clean,
WHGame.dll,release_1_5_1164953_841,0x1344670,48,FUN_181344670,,,0e24d08f89a3cb0bb2d4c26526f702127265de7bc380e73e835f14469a579b7d,undefined FUN_181344670(),ghidra,clean,
WHGame.dll,release_1_5_1164953_841,0x13446a0,335,FUN_1813446a0,,,9ab71ea4be8cefc2d131020c48478b7408fe1eb98e3b7662049d34f5797887c1,undefined FUN_1813446a0(),ghidra,clean,
WHGame.dll,release_1_5_1164953_841,0x134478e,8,FUN_18134478e,,,d584cb1a2afef309eb33a9b90753d6c9a99b0c481366318ccddcba175a3b8c54,undefined FUN_18134478e(),ghidra,clean,
WHGame.dll,release_1_5_1164953_841,0x13447a0,155,FUN_1813447a0,,,85a5f99dbd7b35d6dcd85898685fc348e4457a8582813f9b7c40eef2c88416f9,undefined FUN_1813447a0(),ghidra,clean,
WHGame.dll,release_1_5_1164953_841,0x134483c,23,FUN_18134483c,,,4a2215c3e820937481093c41c3a2c4fdd1b034767afb06c5e8afd475b2e2dc6a,undefined FUN_18134483c(),ghidra,clean,
WHGame.dll,release_1_5_1164953_841,0x1344854,155,FUN_181344854,,,18269a8ae5baf4e1a6c2133c416e220ba560dd7bf9dd61e413b409dc1fee27ad,undefined FUN_181344854(),ghidra,clean,
WHGame.dll,release_1_5_1164953_841,0x13448f0,155,FUN_1813448f0,,,00b6b56b6e5e4aa0feaae0f28ff869996c6acd39fdf44c5040f8412f7e5f17c8,undefined FUN_1813448f0(),ghidra,clean,
WHGame.dll,release_1_5_1164953_841,0x134498c,240,FUN_18134498c,,,64f47a42e93d9d7202b7a813f728818a4fbc7421660a51756c356380bd0ee8c9,undefined FUN_18134498c(),ghidra,clean,
WHGame.dll,release_1_5_1164953_841,0x1344a7c,18,FUN_181344a7c,,,ac27f6e323b896ba997230b2ae61235a8253a49363bb532337876b1673ddc3cc,undefined FUN_181344a7c(),ghidra,clean,
WHGame.dll,release_1_5_1164953_841,0x1344a90,308,FUN_181344a90,,,51f1ce46107fd9e7a28ca0fa70282fd8360c2b112aba5cb9ab2a94b96d037e67,undefined FUN_181344a90(),ghidra,clean,
WHGame.dll,release_1_5_1164953_841,0x1344bc4,311,FUN_181344bc4,,,9fd218ea95fe20b7ca792d267008cbbe44c58d0f4dbda9119efdcbbb320a45f1,undefined FUN_181344bc4(),ghidra,clean,
WHGame.dll,release_1_5_1164953_841,0x1344cfc,155,FUN_181344cfc,,,5361c9cacd8c7d268174fef9ae1ee6173ff2c9e9c3d0799d424be7cf7b643620,undefined FUN_181344cfc(),ghidra,clean,
WHGame.dll,release_1_5_1164953_841,0x1344d98,291,FUN_181344d98,,,a927ea26cb9d723295dcd69d4776ec03fbae5ed5a4266fc1b92f911b26ab6ee3,undefined FUN_181344d98(),ghidra,clean,
WHGame.dll,release_1_5_1164953_841,0x1344ebc,204,FUN_181344ebc,,,7b97bf5597e9353b74ca84e19c06a417d19fcfc21768c627d0c5a660eab5e293,undefined FUN_181344ebc(),ghidra,clean,
WHGame.dll,release_1_5_1164953_841,0x1344f68,204,FUN_181344f68,,,4cc6926f4337a645d2d812ffe85c705b5153391a98c39e1e46b65fb4fdb56002,undefined FUN_181344f68(),ghidra,clean,
WHGame.dll,release_1_5_1164953_841,0x1345014,204,FUN_181345014,,,0723b177fa28bc9897f7950c44d4ffcc5ffc5e380c99d23aab151ea6f7ebc6a2,undefined FUN_181345014(),ghidra,clean,
WHGame.dll,release_1_5_1164953_841,0x13450c0,376,FUN_1813450c0,,,732d37dd9e3862b5c914c4f56d4d8e6813c0c939585d42f3f17d578690ae6786,undefined FUN_1813450c0(),ghidra,clean,
WHGame.dll,release_1_5_1164953_841,0x13451f4,26,FUN_1813451f4,,,50d5e700f18c904fd31a8e77de294b6f945b4a4f5eb2164190e5563455b4735e,undefined FUN_1813451f4(),ghidra,clean,
WHGame.dll,release_1_5_1164953_841,0x1345210,151,FUN_181345210,,,8961a2c5de2c77b25c9f3688dd78a9017fb5d2fa4a0e6a329f16da88da2e76c6,undefined FUN_181345210(),ghidra,clean,
WHGame.dll,release_1_5_1164953_841,0x13452a8,151,FUN_1813452a8,,,3d9803a2294bbf582bebed97b6cb6e06b58428793945601cfbe9b53c01dbe551,undefined FUN_1813452a8(),ghidra,clean,
WHGame.dll,release_1_5_1164953_841,0x1345340,151,FUN_181345340,,,8bad911eeed04186caa9853e1df1ce508c04745b5fa04a82d159cccb77904bee,undefined FUN_181345340(),ghidra,clean,
WHGame.dll,release_1_5_1164953_841,0x13453d8,151,FUN_1813453d8,,,1db4b5ad40853aeea4313c35d78822bb87a30508af7343643aabc3d15a6122d4,undefined FUN_1813453d8(),ghidra,clean,
WHGame.dll,release_1_5_1164953_841,0x1345470,151,FUN_181345470,,,f9afda5e9babdf9f119766d4717d02412f1be9af0cea7d0ea223fb1da257f233,undefined FUN_181345470(),ghidra,clean,
WHGame.dll,release_1_5_1164953_841,0x1345508,949,FUN_181345508,,,3ecf4df3eb9d68256d91090a8691ad880221fe6157779f8d58f9923d4acc8f00,undefined FUN_181345508(),ghidra,clean,
WHGame.dll,release_1_5_1164953_841,0x13458c0,23,FUN_1813458c0,,,4a2215c3e820937481093c41c3a2c4fdd1b034767afb06c5e8afd475b2e2dc6a,undefined FUN_1813458c0(),ghidra,clean,
WHGame.dll,release_1_5_1164953_841,0x13458d8,155,FUN_1813458d8,,,96702f44dc67bae6b35848ca77c6b2208dea7203b43b690d67be3bd35312eb6f,undefined FUN_1813458d8(),ghidra,clean,
WHGame.dll,release_1_5_1164953_841,0x1345974,304,FUN_181345974,,,c2ee5db9ad2598b701e12f858b5b35979f02d4288b20c50eb0146b5c47a3f7b3,undefined FUN_181345974(),ghidra,clean,
WHGame.dll,release_1_5_1164953_841,0x1345aa4,155,FUN_181345aa4,,,bdc56d07c632e27d721f5c4142a32d831ebb19f9fbd098c8c04d8653eb030277,undefined FUN_181345aa4(),ghidra,clean,
WHGame.dll,release_1_5_1164953_841,0x1345b40,298,FUN_181345b40,,,539dcc01a71705ef407a4d00a68bc91ac249a9aa15c8805fd328a0a95209de52,undefined FUN_181345b40(),ghidra,clean,
WHGame.dll,release_1_5_1164953_841,0x1345c6c,151,FUN_181345c6c,,,5b6af5924458b184e98a900c8ecb7be51e073350c2f5686a6db419d16de9e0e5,undefined FUN_181345c6c(),ghidra,clean,
WHGame.dll,release_1_5_1164953_841,0x1345d04,151,FUN_181345d04,,,8a114219e1b8329ea4e0d13ffbf87c8d662cb65726e0257598e2787186ba7003,undefined FUN_181345d04(),ghidra,clean,
WHGame.dll,release_1_5_1164953_841,0x1345d9c,151,FUN_181345d9c,,,772a527004dc56a2b3ee94d97e238f449223e0fa308eb15810f23a4bd71663ba,undefined FUN_181345d9c(),ghidra,clean,
WHGame.dll,release_1_5_1164953_841,0x1345e34,151,FUN_181345e34,,,f7f4947894dd6120485afa6cd251ced870b394c03a5fb74e581db0800b4055fc,undefined FUN_181345e34(),ghidra,clean,
WHGame.dll,release_1_5_1164953_841,0x1345ecc,58,FUN_181345ecc,,,4e2334087851952f36aef7d9de7839423685ac09b32f2427b093d9c576de2892,undefined FUN_181345ecc(),ghidra,clean,
WHGame.dll,release_1_5_1164953_841,0x1345f06,62,FUN_181345f06,,,90e6dfc49fad2f0240faf6c6744c0a58ae990fd29d89b1c9ad56e8060da68c21,undefined FUN_181345f06(),ghidra,clean,
WHGame.dll,release_1_5_1164953_841,0x1345f44,79,FUN_181345f44,,,f05e5d1ca2f6585d509f54365c72b6eced3e752fe144781868011ffd1888ccfe,undefined FUN_181345f44(),ghidra,clean,
WHGame.dll,release_1_5_1164953_841,0x1345f78,194,FUN_181345f78,,,59bfccd7ef91fb34b8e1de339a79b5d0d48ad44c9b0749d298b681954c251061,undefined FUN_181345f78(),ghidra,clean,
WHGame.dll,release_1_5_1164953_841,0x134603c,155,FUN_18134603c,,,1e7e84e97a31a9c5eaefbddc7318ef8de9cffb405085c6ab41cc7f54c575b89c,undefined FUN_18134603c(),ghidra,clean,
WHGame.dll,release_1_5_1164953_841,0x13460d8,150,FUN_1813460d8,,,12cbc073c40153f7e19db29341136125dbce9e4a1c3e2b89b9614568cf81577a,undefined FUN_1813460d8(),ghidra,clean,
WHGame.dll,release_1_5_1164953_841,0x1346170,129,FUN_181346170,,,de36900034047330e5763f00eb84e55317d8a353588b5f30dfeb02640c10fd93,undefined FUN_181346170(),ghidra,clean,
WHGame.dll,release_1_5_1164953_841,0x13461f4,155,FUN_1813461f4,,,98a2ca67a6ec36c3b8a7b2a66a75949e7133ca421cdbf41976c628a5a2810c9e,undefined FUN_1813461f4(),ghidra,clean,
WHGame.dll,release_1_5_1164953_841,0x1346290,190,FUN_181346290,,,a3281d93b262d34dd5c96806c01740b8bfcfa60e5cbecea9c4bedfef1c0b0f15,undefined FUN_181346290(),ghidra,clean,
WHGame.dll,release_1_5_1164953_841,0x1346350,194,FUN_181346350,,,2d3d3617733300274c5ad7d207528d6f7ae0bce27950a2f3ff2865fa91d2b4c4,undefined FUN_181346350(),ghidra,clean,
WHGame.dll,release_1_5_1164953_841,0x1346414,155,FUN_181346414,,,0edb3b08acd47456faddc338ee1b54a87f82ed38f06d3a5e9d7bd09b93f843cb,undefined FUN_181346414(),ghidra,clean,
WHGame.dll,release_1_5_1164953_841,0x13464b0,291,FUN_1813464b0,,,9dfa0b3ef43eb881b6c7ae2e39b5a78434410d9eaf4884c605041488bdc38332,undefined FUN_1813464b0(),ghidra,clean,
WHGame.dll,release_1_5_1164953_841,0x13465d4,291,FUN_1813465d4,,,5dde6cd2a118a431200dab4496fb053c91b2bcb6fd1d6d7f25e263b41acd2def,undefined FUN_1813465d4(),ghidra,clean,
WHGame.dll,release_1_5_1164953_841,0x13466f8,298,FUN_1813466f8,,,10a7329602b54d12507ba06e8cf6d963a22791109d0eecd42355e413de6642b5,undefined FUN_1813466f8(),ghidra,clean,
WHGame.dll,release_1_5_1164953_841,0x1346840,186,FUN_181346840,,,674f41a5afbe9de4de76c9bf77f0b9c958af7e1c5b9f443554c8b4710a11623f,undefined FUN_181346840(),ghidra,clean,
WHGame.dll,release_1_5_1164953_841,0x13468fc,126,FUN_1813468fc,,,bdc605163c075f0dc159244b8a4010ad8c1d6b3778075527f80e120a348e24db,undefined FUN_1813468fc(),ghidra,clean,
WHGame.dll,release_1_5_1164953_841,0x134697c,143,FUN_18134697c,,,00b8fa268e6f76c0cadd468d29c4ba9abf921e18885671f7e0a3604ff064dc2c,undefined FUN_18134697c(),ghidra,clean,
WHGame.dll,release_1_5_1164953_841,0x1346a00,129,FUN_181346a00,,,34e1d8b94a04b8161a8f4f1f5ea7166feb556354536f0052551050df7cb42593,undefined FUN_181346a00(),ghidra,clean,
WHGame.dll,release_1_5_1164953_841,0x1346a84,174,FUN_181346a84,,,3cc2c6e9fd982f5b6b9aafe035c09fa5aed50a36356e9367eee7c4fee640abc5,undefined FUN_181346a84(),ghidra,clean,
WHGame.dll,release_1_5_1164953_841,0x1346b0c,208,FUN_181346b0c,,,7b25c1a2b60337cd66348235f879411174968df181340d94f16b35032ddabe04,undefined FUN_181346b0c(),ghidra,clean,
WHGame.dll,release_1_5_1164953_841,0x1346bbc,111,FUN_181346bbc,,,da83eae4fb5cfb86afc641ada895df917e1a18effa88d03178b68701379379ea,undefined FUN_181346bbc(),ghidra,clean,
WHGame.dll,release_1_5_1164953_841,0x1346c2c,781,FUN_181346c2c,,,d5513f0f93204d611c903637652c060a8f5f5fe53d78ba09e41e4539132f5e31,undefined FUN_181346c2c(),ghidra,clean,
WHGame.dll,release_1_5_1164953_841,0x1346f2c,446,FUN_181346f2c,,,602ec5668ae25e0625f08284e6749e44a8f1427887437ba965e82c5bd7fc6a5c,undefined FUN_181346f2c(),ghidra,clean,
WHGame.dll,release_1_5_1164953_841,0x13470e0,573,FUN_1813470e0,,,a43d5eef53ccee03f16a422fe681532a720b81c811289f3eaede84b179f1589e,undefined FUN_1813470e0(),ghidra,clean,
WHGame.dll,release_1_5_1164953_841,0x1347320,55,FUN_181347320,,,1bf505d1c154108c9591e8a5b22d9878708a8c18fb101a567871185dccbb09f4,undefined FUN_181347320(),ghidra,clean,
WHGame.dll,release_1_5_1164953_841,0x1347348,75,FUN_181347348,,,744bec89bc5731dc6010276174be981e0db187aedd46d7f9dd216ba71f5a89ce,undefined FUN_181347348(),ghidra,clean,
WHGame.dll,release_1_5_1164953_841,0x1347394,156,FUN_181347394,,,a6c3e60fc4e18fe1378704674f2819ef593f4055ccd330efb4f161223abb8a4f,undefined FUN_181347394(),ghidra,clean,
WHGame.dll,release_1_5_1164953_841,0x1347430,54,FUN_181347430,,,5372a69428d70bc58fe108a3db4549efa49200da4faaf67fe7a53aa742728b8a,undefined FUN_181347430(),ghidra,clean,
WHGame.dll,release_1_5_1164953_841,0x1347468,31,FUN_181347468,,,b2f20e097ecf82db9646b175221954b3b9c8f7270ee02bcce3a7ad7f6c536272,undefined FUN_181347468(),ghidra,clean,
WHGame.dll,release_1_5_1164953_841,0x1347488,11,FUN_181347488,,,94e0a03cfab53c4b80398d502ceda848f393f4ff69cd5c85d8a7950b5a903d6e,undefined FUN_181347488(),ghidra,clean,
WHGame.dll,release_1_5_1164953_841,0x1347494,123,FUN_181347494,,,7e5aa4956bd0a5a2e319a8a0ddaa2dbb632b900a8655ccd11c60da1a692bb351,undefined FUN_181347494(),ghidra,clean,
WHGame.dll,release_1_5_1164953_841,0x1347510,93,FUN_181347510,,,8c411012bd00782a49ac6fb5eeabbd6eaf60f3efff7040eba7de7c40871b405f,undefined FUN_181347510(),ghidra,clean,
WHGame.dll,release_1_5_1164953_841,0x1347570,250,FUN_181347570,,,526f277a4c419d687089b7835995d1722082f4270b2fa743bf14297e227de199,undefined FUN_181347570(),ghidra,clean,
WHGame.dll,release_1_5_1164953_841,0x134766c,188,FUN_18134766c,,,cad60117f7f9acbc0d8d964925db0c3bef9442c88e5cb771544982b351cdb7c9,undefined FUN_18134766c(),ghidra,clean,
WHGame.dll,release_1_5_1164953_841,0x1347728,93,FUN_181347728,,,129b8bb295ebf5f59a0b6e74242c08e2e15d7e38ae248ecf44a0220aef58c8e7,undefined FUN_181347728(),ghidra,clean,
WHGame.dll,release_1_5_1164953_841,0x1347788,330,FUN_181347788,,,98d1bd3190c5dcb7ce253e6bfdabda257cca3e1468162fd1d0ab46ec0c2ca5b4,undefined FUN_181347788(),ghidra,clean,
WHGame.dll,release_1_5_1164953_841,0x13478d4,166,FUN_1813478d4,,,b71ecf00ade2042c5c31da56143232bd6e86de6321dd7d1ff5fd35ad57678835,undefined FUN_1813478d4(),ghidra,clean,
WHGame.dll,release_1_5_1164953_841,0x134797c,132,FUN_18134797c,,,8497d401f803c13fbaf7cd5160d2f29cbf35b281c0f761218dad5d23300c0952,undefined FUN_18134797c(),ghidra,clean,
WHGame.dll,release_1_5_1164953_841,0x1347a00,72,FUN_181347a00,,,fc94eb05998dada16ee343a8847b3bdc1cd30dbd4bb0d5295d211b378c691e3d,undefined FUN_181347a00(),ghidra,clean,
WHGame.dll,release_1_5_1164953_841,0x1347a48,54,FUN_181347a48,,,ddd65db1bc10e4d879d6d3a0e7179bed0257aef2528dc1b0df9b18101fbad413,undefined FUN_181347a48(),ghidra,clean,
WHGame.dll,release_1_5_1164953_841,0x1347a80,380,FUN_181347a80,,,c4ae6532c6dbcec28962917d576844ca8b48c899c7395ae3f2a4600824e60898,undefined FUN_181347a80(),ghidra,clean,
WHGame.dll,release_1_5_1164953_841,0x1347bfc,95,FUN_181347bfc,,,641db23ccf83db3982cc7b2e2028fb8d27af0199c7f4e6087322e396eeb892de,undefined FUN_181347bfc(),ghidra,clean,
WHGame.dll,release_1_5_1164953_841,0x1347c5c,91,FUN_181347c5c,,,cd0c42a0f4f73339e6d05eefb69308fad1bab11cf2bf82217973994090619443,undefined FUN_181347c5c(),ghidra,clean,
WHGame.dll,release_1_5_1164953_841,0x1347cb8,165,FUN_181347cb8,,,9fac02cea4149986dacdf2eb596035ec7b413e3724f4005bf90f993ba3709508,undefined FUN_181347cb8(),ghidra,clean,
WHGame.dll,release_1_5_1164953_841,0x1347d60,39,FUN_181347d60,,,ff8152c6c8b60a91f3425838f7a1baf08a94ebd7aa845b1ac140d262ab8bf6f5,undefined FUN_181347d60(),ghidra,clean,
WHGame.dll,release_1_5_1164953_841,0x1347d88,138,FUN_181347d88,,,14af9b86f225d4595c2bc7b47a0c9368718ee31d1e5b088cabaa8e92a30db7c0,undefined FUN_181347d88(),ghidra,clean,
WHGame.dll,release_1_5_1164953_841,0x1347e14,381,FUN_181347e14,,,44a70d3273caf68d8956b3ee6b33bf693050113585f57173390273d73c44e3ea,undefined FUN_181347e14(),ghidra,clean,
WHGame.dll,release_1_5_1164953_841,0x1347f94,67,FUN_181347f94,,,8ba9412c933c96fd0cd1efdba2fb973e75f4367125e7d60e1b59788b14b5c8c0,undefined FUN_181347f94(),ghidra,clean,
WHGame.dll,release_1_5_1164953_841,0x1347fd8,55,FUN_181347fd8,,,d158e36941e0dbcfb601374eb8016a8323692dccc3cf04c4bd370c1469f84ff4,undefined FUN_181347fd8(),ghidra,clean,
WHGame.dll,release_1_5_1164953_841,0x1348010,77,FUN_181348010,,,0de4446fadcac52f9229aa0a1b31f9bc0e5278db3c88c73fee91f77992518f75,undefined FUN_181348010(),ghidra,clean,
WHGame.dll,release_1_5_1164953_841,0x1348040,364,FUN_181348040,,,419fc7d032787d7504fd73c140e520c589e82e950057d9de3d83c10047e36d70,undefined FUN_181348040(),ghidra,clean,
WHGame.dll,release_1_5_1164953_841,0x13481ac,81,FUN_1813481ac,,,0c20b55d81b4b90e54ea5a5973ea10f9fa28ecd5d518ed870947824c4d782785,undefined FUN_1813481ac(),ghidra,clean,
WHGame.dll,release_1_5_1164953_841,0x13481e0,570,FUN_1813481e0,,,936e5758943e4ecbbf32a678a5473e9edd04f7a10f6a0e966855495da3429802,undefined FUN_1813481e0(),ghidra,clean,
WHGame.dll,release_1_5_1164953_841,0x134841c,850,FUN_18134841c,,,400265c733b19489712999b94103adbfca205d1efaaa05198a818dcd955f1ca0,undefined FUN_18134841c(),ghidra,clean,
WHGame.dll,release_1_5_1164953_841,0x13484e0,5,FUN_1813484e0,,,70bf2d6deedcf734920e571ef09558025e359e9a739e5789ffaf6c9299398808,undefined FUN_1813484e0(),ghidra,clean,
WHGame.dll,release_1_5_1164953_841,0x13484ec,234,FUN_1813484ec,,,aed1672ea24ad060bbe0c1e9d3162a215fd0c364af02202c4e12b46e352c3b21,undefined FUN_1813484ec(),ghidra,clean,
WHGame.dll,release_1_5_1164953_841,0x13485d8,234,FUN_1813485d8,,,ec4e4bd17fde5b0504885785b461a18bc541a9cc41c56481922b0a2789b5b504,undefined FUN_1813485d8(),ghidra,clean,
WHGame.dll,release_1_5_1164953_841,0x13486c4,244,FUN_1813486c4,,,b1701db1662afb61ede730c80114e99385ae004e835fca833b1777ba11bf3d7c,undefined FUN_1813486c4(),ghidra,clean,
WHGame.dll,release_1_5_1164953_841,0x13487b8,207,FUN_1813487b8,,,e2e565970c6230c0581be49eac31faac5be5c6830c6be29cd1beb54454a48a88,undefined FUN_1813487b8(),ghidra,clean,
WHGame.dll,release_1_5_1164953_841,0x1348878,207,FUN_181348878,,,62a244792da6d41b9677be43a797decee37742306ddbeff50267c60c4719dad3,undefined FUN_181348878(),ghidra,clean,
WHGame.dll,release_1_5_1164953_841,0x1348938,26,FUN_181348938,,,25295cc9b1358bb5c4d1c3ce67aa577aea898da7e3cdd5fd2127fdc86aa05710,undefined FUN_181348938(),ghidra,clean,
WHGame.dll,release_1_5_1164953_841,0x1348954,190,FUN_181348954,,,8acbbbcf4cc7b03afb269dc6b0a3860cca1f371c5acc2797b2e6cf830995e8b3,undefined FUN_181348954(),ghidra,clean,
WHGame.dll,release_1_5_1164953_841,0x1348a14,194,FUN_181348a14,,,fe6f0186f333651f5e934437901bd72d51a2298163c1e3e150c0ad1781e40d2b,undefined FUN_181348a14(),ghidra,clean,
WHGame.dll,release_1_5_1164953_841,0x1348ad8,155,FUN_181348ad8,,,d7854bba847123797c2f6ee2c5344b8da547f8c1a202ed64c6e0f0bbc2402200,undefined FUN_181348ad8(),ghidra,clean,
WHGame.dll,release_1_5_1164953_841,0x1348b74,190,FUN_181348b74,,,b21dfc55222fc71c334a68625887fc779e42594a2b00816d7e720b34c7a98522,undefined FUN_181348b74(),ghidra,clean,
WHGame.dll,release_1_5_1164953_841,0x1348c34,190,FUN_181348c34,,,d5ceb7c9afef14eb4291107d53fd403819f3c6caedc22d11bf535bd5cf537216,undefined FUN_181348c34(),ghidra,clean,
WHGame.dll,release_1_5_1164953_841,0x1348cf4,190,FUN_181348cf4,,,5d96b59bf080b032eff7ec5d6cb2b0c4c398a7f8221b39fc3e48bca7cd6818d9,undefined FUN_181348cf4(),ghidra,clean,
WHGame.dll,release_1_5_1164953_841,0x1348db4,190,FUN_181348db4,,,42e75d80452a2ac3b49b6ba247628f7d36811fcd10187fac0c37475a70ae80f9,undefined FUN_181348db4(),ghidra,clean,
WHGame.dll,release_1_5_1164953_841,0x1348e74,264,FUN_181348e74,,,91f31dd8be484e4bbfb58390bc2c0a6067beefe5b3f2ff41b31638dbd658b6da,undefined FUN_181348e74(),ghidra,clean,
WHGame.dll,release_1_5_1164953_841,0x1348f7c,155,FUN_181348f7c,,,4febeb72f5ac8dbe2b2023b4606254573741c0b233af5a796ee5d0b8994cf15e,undefined FUN_181348f7c(),ghidra,clean,
WHGame.dll,release_1_5_1164953_841,0x1349018,86,FUN_181349018,,,dfbdd0e94302852c5206138fd864299487dbb112fb8512e76b76a441e10529ae,undefined FUN_181349018(),ghidra,clean,
WHGame.dll,release_1_5_1164953_841,0x1349070,83,FUN_181349070,,,5f21b4310f0727e63a556ce68953f3928161cb83737936527ef0e3e03204db75,undefined FUN_181349070(),ghidra,clean,
WHGame.dll,release_1_5_1164953_841,0x13490c4,77,FUN_1813490c4,,,22b85c428bffad098f5bb2616127c36d9085bf3433cbe5cb32e74b96984534d6,undefined FUN_1813490c4(),ghidra,clean,
WHGame.dll,release_1_5_1164953_841,0x1349114,85,FUN_181349114,,,055bfaf31eda9a4e23e00320fd8b2c7348d8089617659e85031ce5c7c1a0ea80,undefined FUN_181349114(),ghidra,clean,
WHGame.dll,release_1_5_1164953_841,0x1349148,155,FUN_181349148,,,dfddc5aa2ad2e8f4f82e65dd3bc57d03f6361e3219db1bc93d455bcc4c73fa85,undefined FUN_181349148(),ghidra,clean,
WHGame.dll,release_1_5_1164953_841,0x13491e4,261,FUN_1813491e4,,,fec4e29ea5ce2a362675de9e448d5dbe07e6e34c9879a0df92cf3ca0a2649cc6,undefined FUN_1813491e4(),ghidra,clean,
WHGame.dll,release_1_5_1164953_841,0x13492e0,196,FUN_1813492e0,,,74d65f853578a412976fdcf27626dd844a2caa7fdabe94dae717f1496b66c18d,undefined FUN_1813492e0(),ghidra,clean,
WHGame.dll,release_1_5_1164953_841,0x13493a4,261,FUN_1813493a4,,,e4785b52e1231c9516008e503906e15e91964e88113b0b868344477116a1baaa,undefined FUN_1813493a4(),ghidra,clean,
WHGame.dll,release_1_5_1164953_841,0x13494a0,196,FUN_1813494a0,,,90912f9a62950e10c4afa994d300e2c4408123e3d59e0256d0290da87c70d049,undefined FUN_1813494a0(),ghidra,clean,
WHGame.dll,release_1_5_1164953_841,0x1349564,261,FUN_181349564,,,64ddd9f7d53a4af9732e401831bfbb17f96f7cdc2c0c26347fb0381bf4db7de7,undefined FUN_181349564(),ghidra,clean,
WHGame.dll,release_1_5_1164953_841,0x1349660,233,FUN_181349660,,,2c0aaa0ec091a39e11786f0549815fcdcdece2ee1661c99a054cc6c537a6c6b3,undefined FUN_181349660(),ghidra,clean,
WHGame.dll,release_1_5_1164953_841,0x134974c,26,FUN_18134974c,,,819234953c91d716a341edb10dcca2267107efa13f78881bbca64f4a7a11eeca,undefined FUN_18134974c(),ghidra,clean,
WHGame.dll,release_1_5_1164953_841,0x1349768,155,FUN_181349768,,,6b06fbbebf94c2e778b7f2efd72bea474c24e688094ae7df2784a7a339b70305,undefined FUN_181349768(),ghidra,clean,
WHGame.dll,release_1_5_1164953_841,0x1349804,311,FUN_181349804,,,de2cfa7de030d6023b53f1510ea893873a0c3e0c87f36813066cf992085fe055,undefined FUN_181349804(),ghidra,clean,
WHGame.dll,release_1_5_1164953_841,0x134993c,311,FUN_18134993c,,,3cd87d97af310bb6b56aab552152a3ee72d5d17c400dad34f44de491eb6241b1,undefined FUN_18134993c(),ghidra,clean,
WHGame.dll,release_1_5_1164953_841,0x1349a74,311,FUN_181349a74,,,4d3452a3a6a35f3e32c4eaf42f7d600df051f2fb978d73ccbade840394c1db6d,undefined FUN_181349a74(),ghidra,clean,
WHGame.dll,release_1_5_1164953_841,0x1349bac,311,FUN_181349bac,,,7af55b67938dee059fbd3dc92d846aa1bedbf29d810f58714984e2450e38c6f6,undefined FUN_181349bac(),ghidra,clean,
WHGame.dll,release_1_5_1164953_841,0x1349ce4,296,FUN_181349ce4,,,2ad534dd30a56c18fd0bfcf8bcb4aeae87d334c75fe51f963ab4b6fcf44c636f,undefined FUN_181349ce4(),ghidra,clean,
WHGame.dll,release_1_5_1164953_841,0x1349e0c,234,FUN_181349e0c,,,adc3d2cef23298567557b6337cf5fa248f28524dcf993743a410a83cf7353ffc,undefined FUN_181349e0c(),ghidra,clean,
WHGame.dll,release_1_5_1164953_841,0x1349ef8,128,FUN_181349ef8,,,45213d29848f5a055f4addf95051bf053080af609d46ebcdf0768f8d1d249565,undefined FUN_181349ef8(),ghidra,clean,
WHGame.dll,release_1_5_1164953_841,0x1349f78,192,FUN_181349f78,,,79110a3cba1c62b7a7c6c3311aea87cef32fe2bfc0fb1d1d6434d2ac33e83b3a,undefined FUN_181349f78(),ghidra,clean,
WHGame.dll,release_1_5_1164953_841,0x134a038,442,FUN_18134a038,,,e4671d2948b541d3b378c52296109fde8f43d9a6846578e5c291640c303d78b8,undefined FUN_18134a038(),ghidra,clean,
WHGame.dll,release_1_5_1164953_841,0x134a1f4,86,FUN_18134a1f4,,,8cb5ff602741217ed644f625b1114fdf6bc4653814d851fc3eb9054767f312c3,undefined FUN_18134a1f4(),ghidra,clean,
WHGame.dll,release_1_5_1164953_841,0x134a24c,175,FUN_18134a24c,,,9c9c571a5a8ecee5216f301a6cbb3b300df74c5ddafc4ba0fb28505497e115fb,undefined FUN_18134a24c(),ghidra,clean,
WHGame.dll,release_1_5_1164953_841,0x134a298,95,FUN_18134a298,,,9eff666f784763e152ba13533eafbd87decbf82fdf074302a5ae7a3ef78354ef,undefined FUN_18134a298(),ghidra,clean,
WHGame.dll,release_1_5_1164953_841,0x134a2c4,69,FUN_18134a2c4,,,fb935f07218348193d33eadba0de0d18173a83383eac4dce0ab421666d1eb15b,undefined FUN_18134a2c4(),ghidra,clean,
WHGame.dll,release_1_5_1164953_841,0x134a30c,204,FUN_18134a30c,,,4938ea60b0f637cf8c76849839073eb43fdc1b314542118c2a5cb934c204c829,undefined FUN_18134a30c(),ghidra,clean,
WHGame.dll,release_1_5_1164953_841,0x134a3b8,204,FUN_18134a3b8,,,61c52dabcc936a1d521d7da8ea3eb4a5bc3547ed937295143751999b77769075,undefined FUN_18134a3b8(),ghidra,clean,
WHGame.dll,release_1_5_1164953_841,0x134a464,376,FUN_18134a464,,,f19ecd237a2ad049b25f1c7a6217f4fd33d858f06ac36273653ac970dd9bebc2,undefined FUN_18134a464(),ghidra,clean,
WHGame.dll,release_1_5_1164953_841,0x134a598,26,FUN_18134a598,,,9f58c383b7b66b6ec4baec45b8c1635d5fc231296c1c510120efc7865966156c,undefined FUN_18134a598(),ghidra,clean,
WHGame.dll,release_1_5_1164953_841,0x134a5b4,151,FUN_18134a5b4,,,d3c8ec5defe9a9e4aecce0ab0b5e9bccf119f511e577eb6490225ba8e2f6f350,undefined FUN_18134a5b4(),ghidra,clean,
WHGame.dll,release_1_5_1164953_841,0x134a64c,151,FUN_18134a64c,,,c909ecacf9a3e39c26a1c2595f71e0444266253daf0d08c6afe583715847dd54,undefined FUN_18134a64c(),ghidra,clean,
WHGame.dll,release_1_5_1164953_841,0x134a6e4,151,FUN_18134a6e4,,,0bf11d321c1c4196a4f739fbd10226b30a839ad0889e74fc0b956a909c8167bf,undefined FUN_18134a6e4(),ghidra,clean,
WHGame.dll,release_1_5_1164953_841,0x134a77c,151,FUN_18134a77c,,,927166898fa45ade0fef0cb2342dd2f48b92b04b393c2895ca15641c8ec64b68,undefined FUN_18134a77c(),ghidra,clean,
WHGame.dll,release_1_5_1164953_841,0x134a814,949,FUN_18134a814,,,43caa1b28f6de32b7e90c4a41feecc7753585056b9fad1266a4d00dec6c0c615,undefined FUN_18134a814(),ghidra,clean,
WHGame.dll,release_1_5_1164953_841,0x134abcc,23,FUN_18134abcc,,,4a2215c3e820937481093c41c3a2c4fdd1b034767afb06c5e8afd475b2e2dc6a,undefined FUN_18134abcc(),ghidra,clean,
WHGame.dll,release_1_5_1164953_841,0x134abe4,155,FUN_18134abe4,,,1a0324b3feb4ca754aff301c1088d7937018089289cfe98fcafaefc7ed05dd7e,undefined FUN_18134abe4(),ghidra,clean,
WHGame.dll,release_1_5_1164953_841,0x134ac80,304,FUN_18134ac80,,,81b2efda2c63f1cbcf6549cd8aeff114439c06fc40e01756ccfbf119f3787146,undefined FUN_18134ac80(),ghidra,clean,
WHGame.dll,release_1_5_1164953_841,0x134adb0,155,FUN_18134adb0,,,fed849557f0e8a831de1547a46a9fa4547f98a05329797c42a04b8cfa2a02520,undefined FUN_18134adb0(),ghidra,clean,
WHGame.dll,release_1_5_1164953_841,0x134ae4c,298,FUN_18134ae4c,,,62c310eefd83136a1be0d9bf98eeb26717ea1bf48251d9cd38a09b6ffd7829d6,undefined FUN_18134ae4c(),ghidra,clean,
WHGame.dll,release_1_5_1164953_841,0x134af78,151,FUN_18134af78,,,7004540159c1309112924bc81936d4c4872e34f060e977e24fbc464e2d2162a8,undefined FUN_18134af78(),ghidra,clean,
WHGame.dll,release_1_5_1164953_841,0x134b010,151,FUN_18134b010,,,e0e0242e6bf38ece8a7573cead8316023babbdea4286c69c690c62ebc29b9ec0,undefined FUN_18134b010(),ghidra,clean,
WHGame.dll,release_1_5_1164953_841,0x134b0a8,151,FUN_18134b0a8,,,3454aba2bb1554fe9b06021c6bd85ca41d9f32a54b0fdb5daad5737b70e7fa99,undefined FUN_18134b0a8(),ghidra,clean,
WHGame.dll,release_1_5_1164953_841,0x134b140,151,FUN_18134b140,,,21937e0cae649bf42f1e9a813f20a60e331acbbdf4a41594885669a35727d38f,undefined FUN_18134b140(),ghidra,clean,
WHGame.dll,release_1_5_1164953_841,0x134b1d8,488,FUN_18134b1d8,,,2fb2fa10b6a6af2555e317d8993c2cb209da7b425b9dc5646a3cec9e4aab54b0,undefined FUN_18134b1d8(),ghidra,clean,
WHGame.dll,release_1_5_1164953_841,0x134b3c0,90,FUN_18134b3c0,,,38514f23ca58058daae32c3c2a4518799936b611815a99d93fbdddb6e6bab04b,undefined FUN_18134b3c0(),ghidra,clean,
WHGame.dll,release_1_5_1164953_841,0x134b41c,41,FUN_18134b41c,,,27a66488bf0c8395f0ccc96e3670768dcf66c2f329cbba5162b05de5fb453adf,undefined FUN_18134b41c(),ghidra,clean,
WHGame.dll,release_1_5_1164953_841,0x134b448,209,FUN_18134b448,,,a063268d2697a9984504aa2b4ef2a2203476f022331e8e7e40f8e62eae542133,undefined FUN_18134b448(),ghidra,clean,
WHGame.dll,release_1_5_1164953_841,0x134b4f8,200,FUN_18134b4f8,,,a6c8a33a9120e6c6cf6e56fe80cc0b2cee7c22752a355d688e6a0d6942593d8f,undefined FUN_18134b4f8(),ghidra,clean,
WHGame.dll,release_1_5_1164953_841,0x134b5a0,204,FUN_18134b5a0,,,6d32c0585de80e5ac124753fad8a6f43dfc9416ac15096dbe520467be827189f,undefined FUN_18134b5a0(),ghidra,clean,
WHGame.dll,release_1_5_1164953_841,0x134b64c,200,FUN_18134b64c,,,6d074359e1bc18d98b084a3741b9b30dbaeffc750017474c3aa4f636444c114b,undefined FUN_18134b64c(),ghidra,clean,
WHGame.dll,release_1_5_1164953_841,0x134b6f4,26,FUN_18134b6f4,,,4030f5a9b73af1071ad6f988e6e774bdf552736738d5ea2c7f3f4c0c486b0a88,undefined FUN_18134b6f4(),ghidra,clean,
WHGame.dll,release_1_5_1164953_841,0x134b710,151,FUN_18134b710,,,3c69813949ae43ac0fd3e02736bc21611533ba005bafb8571a1a44ae5ece14b4,undefined FUN_18134b710(),ghidra,clean,
WHGame.dll,release_1_5_1164953_841,0x134b7a8,151,FUN_18134b7a8,,,6ddea3f3e95dbeade7944176ca2cc5e9db8f4746282a70c43028aad0fdc4bdc1,undefined FUN_18134b7a8(),ghidra,clean,
WHGame.dll,release_1_5_1164953_841,0x134b840,151,FUN_18134b840,,,93faa26a6271e14c34e4d353ba49786a815f1c1a3dddffee5f9923ae43976a4d,undefined FUN_18134b840(),ghidra,clean,
WHGame.dll,release_1_5_1164953_841,0x134b8d8,151,FUN_18134b8d8,,,d77273e7219871cbf6f72554324f7aba69e49da2d35ed19d7700e7a5fe4263e6,undefined FUN_18134b8d8(),ghidra,clean,
WHGame.dll,release_1_5_1164953_841,0x134b970,1137,FUN_18134b970,,,78fc02a6ddf40756b0ee448ea2a32b7eb868fce350b0e8077f2ee37823aef535,undefined FUN_18134b970(),ghidra,clean,
WHGame.dll,release_1_5_1164953_841,0x134bde4,155,FUN_18134bde4,,,46b138b4cbe41f9806b992b26c93dd54eb07d363fff6ff76d3cd874732decaf6,undefined FUN_18134bde4(),ghidra,clean,
WHGame.dll,release_1_5_1164953_841,0x134be80,314,FUN_18134be80,,,772556f978247cdb23eae09d9eda2811d258abc4ed2f47d16420b81d628fd3a7,undefined FUN_18134be80(),ghidra,clean,
WHGame.dll,release_1_5_1164953_841,0x134bfbc,155,FUN_18134bfbc,,,1d819636cfd4363e1c537ccbd25900c890c85236a3edede0ff20d3cf533f7932,undefined FUN_18134bfbc(),ghidra,clean,
WHGame.dll,release_1_5_1164953_841,0x134c058,308,FUN_18134c058,,,9ca953736a44dabaa6b73cf89bb13921023a028396f8a8db26889ddfd5c056d1,undefined FUN_18134c058(),ghidra,clean,
WHGame.dll,release_1_5_1164953_841,0x134c18c,151,FUN_18134c18c,,,fe6dff1b8aadca861479887eed194409758732ffdbf226179db06d7e9e74ab67,undefined FUN_18134c18c(),ghidra,clean,
WHGame.dll,release_1_5_1164953_841,0x134c224,498,FUN_18134c224,,,116c3cce8e76acf33abfa32f2fa717207619fdd4570852a372be225c2c756630,undefined FUN_18134c224(),ghidra,clean,
WHGame.dll,release_1_5_1164953_841,0x134c2e4,190,FUN_18134c2e4,,,e6267f17925725c2af4d982026edc3c6a377cb41667eb949dc8d581c727d2e81,undefined FUN_18134c2e4(),ghidra,clean,
WHGame.dll,release_1_5_1164953_841,0x134c3a4,30,FUN_18134c3a4,,,f40a064677eb78859cf4326db827a5f07a7fcfd5305008715955e094feb14c40,undefined FUN_18134c3a4(),ghidra,clean,
WHGame.dll,release_1_5_1164953_841,0x134c3c4,190,FUN_18134c3c4,,,3eb547d5def3bd86fd01ff6112aad1a0e1a77fe0cb91eca12065022496e815cb,undefined FUN_18134c3c4(),ghidra,clean,
WHGame.dll,release_1_5_1164953_841,0x134c464,184,FUN_18134c464,,,6abd8760468df53d2a3e3a2792b49bb878045280a02d165cbce2f36bbf98e654,undefined FUN_18134c464(),ghidra,clean,
WHGame.dll,release_1_5_1164953_841,0x134c51c,124,FUN_18134c51c,,,ea4dad8477e280e040afb08fd7f1ebce8bd8349bdae09366e145be47191e994e,undefined FUN_18134c51c(),ghidra,clean,
WHGame.dll,release_1_5_1164953_841,0x134c598,524,FUN_18134c598,,,5d07fa8298a095d2089d5dad1c633271bb590edf105e1a12506dd357242f8911,undefined FUN_18134c598(),ghidra,clean,
WHGame.dll,release_1_5_1164953_841,0x134c7a4,451,FUN_18134c7a4,,,dbf044916a63102c7575774340dacf1533c3da9f1ea763710d2505ca1b441e30,undefined FUN_18134c7a4(),ghidra,clean,
WHGame.dll,release_1_5_1164953_841,0x134c968,56,FUN_18134c968,,,e97a992e0510e7c64d154cdd29ebb2fd6bfe53c44dece5aa93b891f853a5a6b7,undefined FUN_18134c968(),ghidra,clean,
WHGame.dll,release_1_5_1164953_841,0x134c9a0,41,FUN_18134c9a0,,,092f723898f9b6a62a864fc14ffd9deeb0252a73dbadc1071f6c33d2a21e8f9f,undefined FUN_18134c9a0(),ghidra,clean,
WHGame.dll,release_1_5_1164953_841,0x134c9cc,155,FUN_18134c9cc,,,a92e73e74a884ea5943f2ba463b9875fc7cf2acaa048d0c26e35a60e03dc58e1,undefined FUN_18134c9cc(),ghidra,clean,
WHGame.dll,release_1_5_1164953_841,0x134ca68,291,FUN_18134ca68,,,d789f0d048a4b909e8daaf1a2e2ee25c9c0915f598cc426e49e1a1a53f237ba0,undefined FUN_18134ca68(),ghidra,clean,
WHGame.dll,release_1_5_1164953_841,0x134cb8c,80,FUN_18134cb8c,,,480eb7d19e4034b3f3f92f18b913d78cb7808948b2487828193213f87145a8e2,undefined FUN_18134cb8c(),ghidra,clean,
WHGame.dll,release_1_5_1164953_841,0x134cbdc,85,FUN_18134cbdc,,,dca8a555acf27daf1fade5c79322f1b9b220dac0c2db67de263c34a3039674c2,undefined FUN_18134cbdc(),ghidra,clean,
WHGame.dll,release_1_5_1164953_841,0x134cc10,82,FUN_18134cc10,,,f80d61d6af2350e188399230b69f5cb47e8e70ed89cf0b1838007fc4d20d7e97,undefined FUN_18134cc10(),ghidra,clean,
WHGame.dll,release_1_5_1164953_841,0x134cc64,742,FUN_18134cc64,,,3a591559f4b8584b2bc3107864074732afe23261652f60f917319b4166c3e804,undefined FUN_18134cc64(),ghidra,clean,
WHGame.dll,release_1_5_1164953_841,0x134cf4c,267,FUN_18134cf4c,,,1adbcfde26da64fa9a22d1e24552a867290a047bbb6ef6b2733a11f16015b763,undefined FUN_18134cf4c(),ghidra,clean,
WHGame.dll,release_1_5_1164953_841,0x134d058,217,FUN_18134d058,,,3949e0edd22a979ce24a72a0e2ddd164b530ec99078d7dcbdec5997d345a770d,undefined FUN_18134d058(),ghidra,clean,
WHGame.dll,release_1_5_1164953_841,0x134d120,265,FUN_18134d120,,,2d46c29bbc43dc9166addeb21bb8675dd7e57f76793137b93647703328b67bb8,undefined FUN_18134d120(),ghidra,clean,
WHGame.dll,release_1_5_1164953_841,0x134d22c,218,FUN_18134d22c,,,74aeea3cc375ab22909819a7b54e556ee21b21742b9e8d11cd0df184b2f49b82,undefined FUN_18134d22c(),ghidra,clean,
WHGame.dll,release_1_5_1164953_841,0x134d308,273,FUN_18134d308,,,63cf16b461213539eebca98a3aea2e56bed0507a7b4e57f209b4219598efecbf,undefined FUN_18134d308(),ghidra,clean,
WHGame.dll,release_1_5_1164953_841,0x134d40c,196,FUN_18134d40c,,,68cce53abf855158559e826d447b62aa4c77e60fd047c25ff72ea553f29ed05c,undefined FUN_18134d40c(),ghidra,clean,
WHGame.dll,release_1_5_1164953_841,0x134d4c8,175,FUN_18134d4c8,,,1a388894605411467bc1de8b37019b922cf4b704fc954912ad847b52cebc4588,undefined FUN_18134d4c8(),ghidra,clean,
WHGame.dll,release_1_5_1164953_841,0x134d578,19,FUN_18134d578,,,7df7508eaf718363c21ffc0c7c3244b32254f4d0634e6af262e762a0f57701b4,undefined FUN_18134d578(),ghidra,clean,
WHGame.dll,release_1_5_1164953_841,0x134d58c,194,FUN_18134d58c,,,a8d7945da60f9ce92040af6858f813d4130f404536cd03da5e66e1983dddc763,undefined FUN_18134d58c(),ghidra,clean,
WHGame.dll,release_1_5_1164953_841,0x134d650,117,FUN_18134d650,,,2684535df6c4e9eb5320bd2d9dd7d40fc9bd994bc82e25b1db4338e66588b2e1,undefined FUN_18134d650(),ghidra,clean,
WHGame.dll,release_1_5_1164953_841,0x134d6c8,234,FUN_18134d6c8,,,b0fd23cffbefdd450dfb9d3a3ccedcc6451dd6926a858e34b92696ee44350b27,undefined FUN_18134d6c8(),ghidra,clean,
WHGame.dll,release_1_5_1164953_841,0x134d7b4,207,FUN_18134d7b4,,,e47805fd696bf229c66ab6393c79d09666f41ee312749af5a04d8f5f73ba2c74,undefined FUN_18134d7b4(),ghidra,clean,
WHGame.dll,release_1_5_1164953_841,0x134d874,261,FUN_18134d874,,,8449651e3ba79fa63dc245f2d3e4648cd1e24546a9d8a602b2bb670bce256532,undefined FUN_18134d874(),ghidra,clean,
WHGame.dll,release_1_5_1164953_841,0x134d970,196,FUN_18134d970,,,ced2264e3613f3e0f2a1aecbc85366152770c3326fe353f21aeb93f4ba9d8897,undefined FUN_18134d970(),ghidra,clean,
WHGame.dll,release_1_5_1164953_841,0x134da34,234,FUN_18134da34,,,f588bce9274831cc6d78ba64f17271e8280ac5dce3263fc2350f2616bc250bb5,undefined FUN_18134da34(),ghidra,clean,
WHGame.dll,release_1_5_1164953_841,0x134db20,207,FUN_18134db20,,,4a2881dbd2218ebee820e88c42793796ed7db8b6127dbd2091720903df3f044b,undefined FUN_18134db20(),ghidra,clean,
WHGame.dll,release_1_5_1164953_841,0x134dbe0,261,FUN_18134dbe0,,,37833e710bac3599372b3d8019f68a43e78cd61faf54da236d5d3acd7be2b34a,undefined FUN_18134dbe0(),ghidra,clean,
WHGame.dll,release_1_5_1164953_841,0x134dcdc,196,FUN_18134dcdc,,,10d7e37b12bff7de32d669df6bd12d953f5db1824b3875f156d6d30ca522c706,undefined FUN_18134dcdc(),ghidra,clean,
WHGame.dll,release_1_5_1164953_841,0x134dda0,296,FUN_18134dda0,,,b9b180437b7ccb180a9c752a8b598180c0a87232fd671873a15911a878fd6454,undefined FUN_18134dda0(),ghidra,clean,
WHGame.dll,release_1_5_1164953_841,0x134dec8,104,FUN_18134dec8,,,894e36f129e81217be5e0fc4981fa686aad47f1ea43e4bc0bf765cd2f2a64531,undefined FUN_18134dec8(),ghidra,clean,
WHGame.dll,release_1_5_1164953_841,0x134df30,62,FUN_18134df30,,,0d83b985facab5199f398746a6b7ddfece1f98f7f3d107f9530815f9a74920f9,undefined FUN_18134df30(),ghidra,clean,
WHGame.dll,release_1_5_1164953_841,0x134df5c,52,FUN_18134df5c,,,edfd0540c86aa3a2e68c39a74a6724bca21dbb4c7871f50b6f88e23a2275ec1f,undefined FUN_18134df5c(),ghidra,clean,
WHGame.dll,release_1_5_1164953_841,0x134df90,52,FUN_18134df90,,,2726a0044b85a0ca4da65cb1435506c9ae166320ad3b89082551f6f8a8323593,undefined FUN_18134df90(),ghidra,clean,
WHGame.dll,release_1_5_1164953_841,0x134dfc4,34,FUN_18134dfc4,,,fef43826fdaddeb9407893b2b231c0395b9f4004f9b3755daec00f7ac6492bdf,undefined FUN_18134dfc4(),ghidra,clean,
WHGame.dll,release_1_5_1164953_841,0x134dfe8,262,FUN_18134dfe8,,,6c6756849ac76ef7b115f5407328cf6bfc7e5f8a9560c3389fa2592b64ec6fef,undefined FUN_18134dfe8(),ghidra,clean,
WHGame.dll,release_1_5_1164953_841,0x134e08c,147,FUN_18134e08c,,,eef532769ded6f4e6a21171411fc14fc93b320d3c13595e9f9c70af52646c082,undefined FUN_18134e08c(),ghidra,clean,
WHGame.dll,release_1_5_1164953_841,0x134e120,81,FUN_18134e120,,,f89e0162ff0ad06f859e2023c48d47d7860af4e08a24845bcaf5174e37bf4c43,undefined FUN_18134e120(),ghidra,clean,
WHGame.dll,release_1_5_1164953_841,0x134e174,155,FUN_18134e174,,,9c480794fd3a4dcca189c2aea4653432cd7cbcfe3ebf1465c3902830a7716c3e,undefined FUN_18134e174(),ghidra,clean,
WHGame.dll,release_1_5_1164953_841,0x134e210,291,FUN_18134e210,,,782f355c82b7873b74ced3831d3a435e5950f43aaf6d17b83ad84eebbeee9dac,undefined FUN_18134e210(),ghidra,clean,
WHGame.dll,release_1_5_1164953_841,0x134e334,110,FUN_18134e334,,,5df5c7bf00cb0b8f39bea6846e996fbb7b39ee9167e91319bb9cc3be96795a25,undefined FUN_18134e334(),ghidra,clean,
WHGame.dll,release_1_5_1164953_841,0x134e3a4,191,FUN_18134e3a4,,,6bfb01e6dbff6c03c3a5539d93b06aafb424b23129e8bf25a8225b85ab73387d,undefined FUN_18134e3a4(),ghidra,clean,
WHGame.dll,release_1_5_1164953_841,0x134e448,200,FUN_18134e448,,,de05bb763490a81c340713c225e74eb7e31beb7fd9e4bc0ae0af3a476addf1d7,undefined FUN_18134e448(),ghidra,clean,
WHGame.dll,release_1_5_1164953_841,0x134e4f0,200,FUN_18134e4f0,,,fb625c3dfc23ac1d972ab3b40edb41b48a781561cf5e532015d8c96fe1044bb3,undefined FUN_18134e4f0(),ghidra,clean,
WHGame.dll,release_1_5_1164953_841,0x134e598,26,FUN_18134e598,,,7e0d2701fa29f8297b48401daa3f38fc4cb7241350c67e92920459b21f8b4047,undefined FUN_18134e598(),ghidra,clean,
WHGame.dll,release_1_5_1164953_841,0x134e5b4,151,FUN_18134e5b4,,,68fec9074ce44fba6299b534cccecfe5e70e9093af57d71b882929933ab8178f,undefined FUN_18134e5b4(),ghidra,clean,
WHGame.dll,release_1_5_1164953_841,0x134e64c,151,FUN_18134e64c,,,be5e2beff33baf1a0080e9e24c001183209d1603e6e52538d0fbdbe17c093fda,undefined FUN_18134e64c(),ghidra,clean,
WHGame.dll,release_1_5_1164953_841,0x134e6e4,958,FUN_18134e6e4,,,c815968dcb42f212d0375d3055146ec276593f2e4e6d44211d6201650da80f2b,undefined FUN_18134e6e4(),ghidra,clean,
WHGame.dll,release_1_5_1164953_841,0x134eaa4,23,FUN_18134eaa4,,,4a2215c3e820937481093c41c3a2c4fdd1b034767afb06c5e8afd475b2e2dc6a,undefined FUN_18134eaa4(),ghidra,clean,
WHGame.dll,release_1_5_1164953_841,0x134eabc,155,FUN_18134eabc,,,187b6a86995c18bedbad2e88f782364ccbb51bd44f1aa507cdfab3f7546cc727,undefined FUN_18134eabc(),ghidra,clean,
WHGame.dll,release_1_5_1164953_841,0x134eb58,314,FUN_18134eb58,,,6e1a47b1c2eef89267f54d19c277354db06430129a4869ecf4f0576f5c570685,undefined FUN_18134eb58(),ghidra,clean,
WHGame.dll,release_1_5_1164953_841,0x134ec94,155,FUN_18134ec94,,,ffa583cfe64daffa3f0f8addc6e45ccfb1af6c7cb31a67bd21767efca528c42a,undefined FUN_18134ec94(),ghidra,clean,
WHGame.dll,release_1_5_1164953_841,0x134ed30,308,FUN_18134ed30,,,edb6fc0d8c5bbe6eee464eb181643f97f8f99bc936a96976b4c756853eeee2ca,undefined FUN_18134ed30(),ghidra,clean,
WHGame.dll,release_1_5_1164953_841,0x134ee64,151,FUN_18134ee64,,,698ce6d1a37c9105a902a6d6ad4d86b7ce5685cbdbdd85d287b247ed206c366f,undefined FUN_18134ee64(),ghidra,clean,
WHGame.dll,release_1_5_1164953_841,0x134eefc,155,FUN_18134eefc,,,5ffacf16b944316c79669137fc89bf34bfdf7461f10d6fd5cf928dece32e081a,undefined FUN_18134eefc(),ghidra,clean,
WHGame.dll,release_1_5_1164953_841,0x134ef98,291,FUN_18134ef98,,,3fba74edb149fe65082f8aeab7394b53b6baecfdbc3b9b623692fabef75bb805,undefined FUN_18134ef98(),ghidra,clean,
WHGame.dll,release_1_5_1164953_841,0x134f0bc,28,FUN_18134f0bc,,,bcb054290ea9f09d50c3b00f0af94e824feff0359290da89cf3032072a436f45,undefined FUN_18134f0bc(),ghidra,clean,
WHGame.dll,release_1_5_1164953_841,0x134f0d8,53,FUN_18134f0d8,,,a2dde1e91934d52e41810f8c172ceae90ebfc087f1a8011036991a474744d4e6,undefined FUN_18134f0d8(),ghidra,clean,
WHGame.dll,release_1_5_1164953_841,0x134f110,32,FUN_18134f110,,,38189524c5f5a4e76a66d8073eeb82c33567c1987f16e7de686be830fd37d0e0,undefined FUN_18134f110(),ghidra,clean,
WHGame.dll,release_1_5_1164953_841,0x134f130,323,FUN_18134f130,,,ef4d2e44101cf1558475f0d87f297069733447145a95f7c353031901e893b90b,undefined FUN_18134f130(),ghidra,clean,
WHGame.dll,release_1_5_1164953_841,0x134f274,11,FUN_18134f274,,,9a580f1c94b733fb206526097b3ab69722658b91a57d2eaef4a05603926c7272,undefined FUN_18134f274(),ghidra,clean,
WHGame.dll,release_1_5_1164953_841,0x134f280,117,FUN_18134f280,,,d81f8ae4e917cee42cd65dbeb121fe944d68557f2e637fbd6688302abee19a8d,undefined FUN_18134f280(),ghidra,clean,
WHGame.dll,release_1_5_1164953_841,0x134f2f8,118,FUN_18134f2f8,,,dff24f2d2d3f2714fad2d8f647e8c3c29000b5f8275ea902309eece2466ccbb3,undefined FUN_18134f2f8(),ghidra,clean,
WHGame.dll,release_1_5_1164953_841,0x134f370,211,FUN_18134f370,,,90c78471ab36e31cc73ba3523165b929e6585a889306ae29e9074594f585e7dd,undefined FUN_18134f370(),ghidra,clean,
WHGame.dll,release_1_5_1164953_841,0x134f444,22,FUN_18134f444,,,a8b9f6f7ef374d4197c509dbbb4334b446ddeb0818d04ad81315e18e056904b1,undefined FUN_18134f444(),ghidra,clean,
WHGame.dll,release_1_5_1164953_841,0x134f45c,333,FUN_18134f45c,,,bd1696c1a15de5752e79197c128485dfd51ddd75790409798a3b7341f7bca8b6,undefined FUN_18134f45c(),ghidra,clean,
WHGame.dll,release_1_5_1164953_841,0x134f5ac,128,FUN_18134f5ac,,,ab14910afca33e51a1d84334f12da546c9014fa6880c83bf58de503723225835,undefined FUN_18134f5ac(),ghidra,clean,
WHGame.dll,release_1_5_1164953_841,0x134f62c,214,FUN_18134f62c,,,75d91210b847afc5695c05a3f3f26088414c1ae2e8d31c45606da4d84f5ad94a,undefined FUN_18134f62c(),ghidra,clean,
WHGame.dll,release_1_5_1164953_841,0x134f704,54,FUN_18134f704,,,5afb850faf370c8a7b1791fd9607b9dd78f3be496009da657986a6046a085e07,undefined FUN_18134f704(),ghidra,clean,
WHGame.dll,release_1_5_1164953_841,0x134f73c,66,FUN_18134f73c,,,b1740ba5136749419f425912ce5bd14ee472a1873349252563d0e65d3e4dc4d7,undefined FUN_18134f73c(),ghidra,clean,
WHGame.dll,release_1_5_1164953_841,0x134f780,132,FUN_18134f780,,,ca01c64a0154199f6c0ecfabdcf2efe37ea29059d20d893dccc25ef45b460a4b,undefined FUN_18134f780(),ghidra,clean,
WHGame.dll,release_1_5_1164953_841,0x134f804,50,FUN_18134f804,,,52c65cee34e2a478be606c50bf257ad23a92fa1ba0211438e970c04423769cba,undefined FUN_18134f804(),ghidra,clean,
WHGame.dll,release_1_5_1164953_841,0x134f838,48,FUN_18134f838,,,add3201c9baa685b74b182c81342f8111fab0135bbb4f7c923cafef7db11d9e7,undefined FUN_18134f838(),ghidra,clean,
WHGame.dll,release_1_5_1164953_841,0x134f854,77,FUN_18134f854,,,95273677192e124b43707bcb7934618ca2d032fa543679d83c6db50f2087f7ff,undefined FUN_18134f854(),ghidra,clean,
WHGame.dll,release_1_5_1164953_841,0x134f8a4,148,FUN_18134f8a4,,,07351b9cd4b7d6200141d0fd278b9382c10a4d01f6bf8d6887216ebf7dda739c,undefined FUN_18134f8a4(),ghidra,clean,
WHGame.dll,release_1_5_1164953_841,0x134f938,208,FUN_18134f938,,,0eb89675cf64220a290683736bf2831ae3842ecc21d22fe8202dbd37f2ce1a5e,undefined FUN_18134f938(),ghidra,clean,
WHGame.dll,release_1_5_1164953_841,0x134f9dc,289,FUN_18134f9dc,,,7ff329ff5314adf318a8973acc4ec6a00794e3ecca0e6732a9300d8757be8025,undefined FUN_18134f9dc(),ghidra,clean,
WHGame.dll,release_1_5_1164953_841,0x134fb00,73,FUN_18134fb00,,,269f8e1cd370bca9105b06d803f75d75bec615c6e6bf73c12a7463ed8f402429,undefined FUN_18134fb00(),ghidra,clean,
WHGame.dll,release_1_5_1164953_841,0x134fb4c,128,FUN_18134fb4c,,,9b7de668a8d2e1ab67613699d523fd7acd4b0010f5fcd04dc77a2ea68ed2cea3,undefined FUN_18134fb4c(),ghidra,clean,
WHGame.dll,release_1_5_1164953_841,0x134fbcc,244,FUN_18134fbcc,,,55b701966b130f1189954c5bac528ba15649b0114cb8b729539d2fc95e3281f8,undefined FUN_18134fbcc(),ghidra,clean,
WHGame.dll,release_1_5_1164953_841,0x134fcc0,77,FUN_18134fcc0,,,9532fc6b583a19cd9bc849511b0c244a004b69ce2b6b5482b657b885bd694694,undefined FUN_18134fcc0(),ghidra,clean,
WHGame.dll,release_1_5_1164953_841,0x134fd10,142,FUN_18134fd10,,,59685081ccedc276f2d3ec25d72e1e145947088112e28727820eaeebe3d78018,undefined FUN_18134fd10(),ghidra,clean,
WHGame.dll,release_1_5_1164953_841,0x134fda0,65,FUN_18134fda0,,,c3b6393d45eee324c30482e6bb1505685630dd12d27db3cfd944f9c1ec0c78e8,undefined FUN_18134fda0(),ghidra,clean,
WHGame.dll,release_1_5_1164953_841,0x134fdd4,114,FUN_18134fdd4,,,7a25b273cb71b7dc07db977452491455faae56733ae73844fb2f8d12c684576b,undefined FUN_18134fdd4(),ghidra,clean,
WHGame.dll,release_1_5_1164953_841,0x134fe48,299,FUN_18134fe48,,,dd9348e998982004e0c0153c56200afa70cb5b3b8268df60fa22bc2b645ae89d,undefined FUN_18134fe48(),ghidra,clean,
WHGame.dll,release_1_5_1164953_841,0x134ff74,96,FUN_18134ff74,,,301ad6e6e73f92fb817ecae4c29120da41e358238677d014ddf71fcfefcad80a,undefined FUN_18134ff74(),ghidra,clean,
WHGame.dll,release_1_5_1164953_841,0x134ffd4,90,FUN_18134ffd4,,,e5d8a45031f50adb403bec9548ce41830d5d5222f692435fe4d5fe881076cba9,undefined FUN_18134ffd4(),ghidra,clean,
WHGame.dll,release_1_5_1164953_841,0x1350010,155,FUN_181350010,,,decaee7c34d8055d9652c7ee045a7ef387dd56032aca65d2e4aca88a0fcc4b0a,undefined FUN_181350010(),ghidra,clean,
WHGame.dll,release_1_5_1164953_841,0x13500ac,291,FUN_1813500ac,,,70d34c21fd200c80588ba23502d2d632cf01c96efc57a53248512d27c173a187,undefined FUN_1813500ac(),ghidra,clean,
WHGame.dll,release_1_5_1164953_841,0x13501d0,180,FUN_1813501d0,,,4ecc02e2ed2c171de9535da9ba930df6d7e64bc3dd89cc7eb548ee9eae8e4ec8,undefined FUN_1813501d0(),ghidra,clean,
WHGame.dll,release_1_5_1164953_841,0x1350284,74,FUN_181350284,,,6bd3d122244aa87b87fd1c356cf22cc980513278b66a2fa7bf61af065da57d79,undefined FUN_181350284(),ghidra,clean,
WHGame.dll,release_1_5_1164953_841,0x13502d0,414,FUN_1813502d0,,,6958fb448a95a48a468ea90f751f51a0a050349c396a0d29bfe7416c46e95e7d,undefined FUN_1813502d0(),ghidra,clean,
WHGame.dll,release_1_5_1164953_841,0x1350470,32,FUN_181350470,,,64b24cec293434a725490c967b744807a823fe94f18b4a7a0d8a9b712f16ff23,undefined FUN_181350470(),ghidra,clean,
WHGame.dll,release_1_5_1164953_841,0x1350490,101,FUN_181350490,,,a201c82cd5184dfb81c15ed7e9a528b0f7dcaee0bd86161715a371c6e59e16fc,undefined FUN_181350490(),ghidra,clean,
WHGame.dll,release_1_5_1164953_841,0x13504d4,26,FUN_1813504d4,,,c2f53c0de2599d1d7aea8e20eebc38e3a0c5dd315d067cd709b98b32ec5fd202,undefined FUN_1813504d4(),ghidra,clean,
WHGame.dll,release_1_5_1164953_841,0x13504f0,95,FUN_1813504f0,,,0ca0205f277ec2439ee10e742c47e10566e36e1007376673fc30b04e2a91429b,undefined FUN_1813504f0(),ghidra,clean,
WHGame.dll,release_1_5_1164953_841,0x1350550,69,FUN_181350550,,,75d4bc6349950e8ef04227d6f935943f60d2ec664dd4e9d7fe2a01cc936bda60,undefined FUN_181350550(),ghidra,clean,
WHGame.dll,release_1_5_1164953_841,0x1350584,43,FUN_181350584,,,cdd56ec106a0d4a9045ac6a24b195dbc8081c0825b88f5e5867b5da7a1de80b5,undefined FUN_181350584(),ghidra,clean,
WHGame.dll,release_1_5_1164953_841,0x13505b0,55,FUN_1813505b0,,,e3751be9a1b0b5ad777439ddd94a2a8357b1cb970771b75f49364b7dbceea7c4,undefined FUN_1813505b0(),ghidra,clean,
WHGame.dll,release_1_5_1164953_841,0x13505d8,181,FUN_1813505d8,,,be938a09274be86430ca21d97825f30a3922309e5ec3fc38f0d17ba98b244b8c,undefined FUN_1813505d8(),ghidra,clean,
WHGame.dll,release_1_5_1164953_841,0x1350690,67,FUN_181350690,,,48873d5ef0c7d8cd2a549bddbaa7e72fe1461eacd584d3b66ba1110e07376ba2,undefined FUN_181350690(),ghidra,clean,
WHGame.dll,release_1_5_1164953_841,0x13506d4,55,FUN_1813506d4,,,26f376d55f6b7583b73d922e519aa0bb10f8ff3f58d2b33d5f9dba7315e1a133,undefined FUN_1813506d4(),ghidra,clean,
WHGame.dll,release_1_5_1164953_841,0x13506fc,181,FUN_1813506fc,,,3588f6edcb40012f23a358af3e40f69c8f5fec84a6a77ad9d14dc1f75265c5ee,undefined FUN_1813506fc(),ghidra,clean,
WHGame.dll,release_1_5_1164953_841,0x13507b4,133,FUN_1813507b4,,,52cfd44556b22dcf6add275e4c130aa4700fbcf4c49ef0e98a03cde12a8c07f6,undefined FUN_1813507b4(),ghidra,clean,
WHGame.dll,release_1_5_1164953_841,0x135083c,215,FUN_18135083c,,,c9444046a1c8208ec2434bb82aa2743eb6aadbadd74b38754e3e3296523a6bf9,undefined FUN_18135083c(),ghidra,clean,
WHGame.dll,release_1_5_1164953_841,0x1350914,180,FUN_181350914,,,f3c88dd37ca1b8ea0b5b4d0894d8c94fd5818a8436a765375114f17e50b42f98,undefined FUN_181350914(),ghidra,clean,
WHGame.dll,release_1_5_1164953_841,0x13509c8,132,FUN_1813509c8,,,b03e200db0e6d57ce4437c71730332618a2c876a9a117ddafda44a21dd74740f,undefined FUN_1813509c8(),ghidra,clean,
WHGame.dll,release_1_5_1164953_841,0x1350a4c,20,FUN_181350a4c,,,1794f7c8059fb1a6221d51f414e4ec6bb62e7b2426f93382ac6c5222052417f9,undefined FUN_181350a4c(),ghidra,clean,
WHGame.dll,release_1_5_1164953_841,0x1350a60,6,FUN_181350a60,,,0ba43741e5257393f999abe404f10ec7a05eb0223acfb2cdeda34473ec27bec0,undefined FUN_181350a60(),ghidra,clean,
WHGame.dll,release_1_5_1164953_841,0x1350a68,155,FUN_181350a68,,,4989a63c3101c5964808051b78fcfe90e749318dfd68f36139bfffb1cc518045,undefined FUN_181350a68(),ghidra,clean,
WHGame.dll,release_1_5_1164953_841,0x1350b04,26,FUN_181350b04,,,fd4b1bf8412fd6293730bfcc4d1d800c2e78497f67bdbd3dae34b37684037bee,undefined FUN_181350b04(),ghidra,clean,
WHGame.dll,release_1_5_1164953_841,0x1350b20,86,FUN_181350b20,,,6fe23b615581a296585785a58aa3efd54cc6b5d64f0ceaf6ae0161a51276703b,undefined FUN_181350b20(),ghidra,clean,
WHGame.dll,release_1_5_1164953_841,0x1350b78,83,FUN_181350b78,,,9a8cacd4540ea3397126d3aa5dafabc8dd8a7a34901b458a9a1cec03807e1863,undefined FUN_181350b78(),ghidra,clean,
WHGame.dll,release_1_5_1164953_841,0x1350bcc,83,FUN_181350bcc,,,ab19404f37f5b11f66a98fd28ee4a092062c9ab17d700f25a38b7c7fe74335f1,undefined FUN_181350bcc(),ghidra,clean,
WHGame.dll,release_1_5_1164953_841,0x1350c20,86,FUN_181350c20,,,22a789f60a156af5d7ec6475a8c0542d0b93fe6ccdc0f17bd4366386154b764f,undefined FUN_181350c20(),ghidra,clean,
WHGame.dll,release_1_5_1164953_841,0x1350c78,85,FUN_181350c78,,,d6cde30686606c6aef2141cc636af45570c33101914e7687d91d2969e17e71cc,undefined FUN_181350c78(),ghidra,clean,
WHGame.dll,release_1_5_1164953_841,0x1350cac,109,FUN_181350cac,,,cd401f88e26391c49a999510592c2730e8a6e254e6b23fef33daff976a2e2172,undefined FUN_181350cac(),ghidra,clean,
WHGame.dll,release_1_5_1164953_841,0x1350ce4,461,FUN_181350ce4,,,80e516bfad28845d77e6f2a19f33c8a602fe50cb1ca1a416bdbc9d0b3d84204d,undefined FUN_181350ce4(),ghidra,clean,
WHGame.dll,release_1_5_1164953_841,0x1350dd4,155,FUN_181350dd4,,,6ebf927567a8ef95ef81e1d7539518e6509b09b0a4cb8336a3e90dd20e1f7a4e,undefined FUN_181350dd4(),ghidra,clean,
WHGame.dll,release_1_5_1164953_841,0x1350e70,291,FUN_181350e70,,,d98f6d9150f2403c3930426189a1d10456bb616b5a20fa3e0f422634e54dcb22,undefined FUN_181350e70(),ghidra,clean,
WHGame.dll,release_1_5_1164953_841,0x1350f94,291,FUN_181350f94,,,d4cde0e0f119e0f0af0b2c40e89b02f9fa594196e09a03660efe139f1d353250,undefined FUN_181350f94(),ghidra,clean,
WHGame.dll,release_1_5_1164953_841,0x13510b8,390,FUN_1813510b8,,,b62f2e95351a058646dced05db33d3665ff5b57f75475d7c490e753879f1cc19,undefined FUN_1813510b8(),ghidra,clean,
WHGame.dll,release_1_5_1164953_841,0x1351240,242,FUN_181351240,,,63076cff4bd49786198b96bf606d2cd46e1c3153ae269f5cae0234a599b4ef0a,undefined FUN_181351240(),ghidra,clean,
WHGame.dll,release_1_5_1164953_841,0x1351328,289,FUN_181351328,,,de001389e24bd5b576a64a8eaf64611d057ef2069803638f2c787088049a2635,undefined FUN_181351328(),ghidra,clean,
WHGame.dll,release_1_5_1164953_841,0x135144c,313,FUN_18135144c,,,279ebcea23ec54e79442ebf1d747853c9104264a21b7fd6839ea78644780941b,undefined FUN_18135144c(),ghidra,clean,
WHGame.dll,release_1_5_1164953_841,0x1351588,91,FUN_181351588,,,a710464047f6bf9c13b6850c5fabbff8e9dbef70e7cefd13b838cb2f315d9bca,undefined FUN_181351588(),ghidra,clean,
WHGame.dll,release_1_5_1164953_841,0x13515e4,91,FUN_1813515e4,,,b2540554bedcde0976533ceda550919d0a94b4b0b2e411438a558a455d9bb376,undefined FUN_1813515e4(),ghidra,clean,
WHGame.dll,release_1_5_1164953_841,0x1351640,39,FUN_181351640,,,b8c7726e9b3ba24c6d4ea07da0fd366cee3ca7c017259a264820c7fda041a629,undefined FUN_181351640(),ghidra,clean,
WHGame.dll,release_1_5_1164953_841,0x1351668,279,FUN_181351668,,,0bb3a4c8bbb240757888854f09fd2d26fe38e9cbccca7100f69bb0c5b42885e2,undefined FUN_181351668(),ghidra,clean,
WHGame.dll,release_1_5_1164953_841,0x1351780,235,FUN_181351780,,,47138c2d024ad2f81c6f56cf17159e434e3f41f8782576f5c0661561f3fb26d7,undefined FUN_181351780(),ghidra,clean,
WHGame.dll,release_1_5_1164953_841,0x135186c,276,FUN_18135186c,,,9f40177b5491413775215f6dbb6b3a99daa87d24231869befe276674e8df04e4,undefined FUN_18135186c(),ghidra,clean,
WHGame.dll,release_1_5_1164953_841,0x1351980,50,FUN_181351980,,,74fa75be97ea44176916e4d68bd66792b327b344643d1d78c3a7a1d6e3e34a2c,undefined FUN_181351980(),ghidra,clean,
WHGame.dll,release_1_5_1164953_841,0x13519b4,190,FUN_1813519b4,,,5bfcba8ce4b98169e2a3d10f91f2b6f051aa65ebb21b37e552998a83bd8b7a1e,undefined FUN_1813519b4(),ghidra,clean,
WHGame.dll,release_1_5_1164953_841,0x1351a74,180,FUN_181351a74,,,45a1ecf2c48e7e7d041d6b82a98614c40a2a8996bc90245a18baf50db7aae69e,undefined FUN_181351a74(),ghidra,clean,
WHGame.dll,release_1_5_1164953_841,0x1351b28,82,FUN_181351b28,,,fff1ff87b6a93167dfdc2c524d6428dd9a5f56f00d71f03844c86a1f2a9c91bf,undefined FUN_181351b28(),ghidra,clean,
WHGame.dll,release_1_5_1164953_841,0x1351b7c,80,FUN_181351b7c,,,e0a751a7db7dd1a0a6683b2fec8f516b9c6c4df95e0f11674436fa226a2ea6cc,undefined FUN_181351b7c(),ghidra,clean,
WHGame.dll,release_1_5_1164953_841,0x1351bcc,234,FUN_181351bcc,,,9514386c8137f9d71ac8723252d684b8eeabaecc67e56d88013aa8fb1a6dd516,undefined FUN_181351bcc(),ghidra,clean,
WHGame.dll,release_1_5_1164953_841,0x1351cb8,296,FUN_181351cb8,,,f6fe4dd3a6850e8cbfc3bc342e9c39b11b9f207cafe59a94adad4ec42b70bda5,undefined FUN_181351cb8(),ghidra,clean,
WHGame.dll,release_1_5_1164953_841,0x1351de0,536,FUN_181351de0,,,eddc34733ba33e4030a5751e3f41aa50856177359e8a66ec1d52219192468333,undefined FUN_181351de0(),ghidra,clean,
WHGame.dll,release_1_5_1164953_841,0x1351ff8,273,FUN_181351ff8,,,234d31362d14f4abb711e06d093164fb6873908c6ab2f4f8c33807384f620471,undefined FUN_181351ff8(),ghidra,clean,
WHGame.dll,release_1_5_1164953_841,0x13520fc,196,FUN_1813520fc,,,05e8a7bfa4f363b96f667553afd00f76e0b677544e53e9db01404dbd29cf37af,undefined FUN_1813520fc(),ghidra,clean,
WHGame.dll,release_1_5_1164953_841,0x13521b8,175,FUN_1813521b8,,,5832b2fa995476849d0e2aa0e72b4e3526cca6a54056ba184c5bfe21908403f5,undefined FUN_1813521b8(),ghidra,clean,
WHGame.dll,release_1_5_1164953_841,0x1352268,317,FUN_181352268,,,3186737101a28b2f5522748ab3e07ba33bd2ac2a609c3a3b287ab889a9080382,undefined FUN_181352268(),ghidra,clean,
WHGame.dll,release_1_5_1164953_841,0x1352394,264,FUN_181352394,,,d533927f2d942338a0836a9ff70f33fb23db08c3dc8c74bb6e5915d9cc3782ca,undefined FUN_181352394(),ghidra,clean,
WHGame.dll,release_1_5_1164953_841,0x1352494,243,FUN_181352494,,,7d80819619e2d75a614bac9dbe63be5d17b0a1b9777e1f6e818863d8c0c872b1,undefined FUN_181352494(),ghidra,clean,
WHGame.dll,release_1_5_1164953_841,0x1352588,55,FUN_181352588,,,775f8d335c39c3b5b2b99b7194502ea2353980118a19704c1412d3819e76b728,undefined FUN_181352588(),ghidra,clean,
WHGame.dll,release_1_5_1164953_841,0x13525b0,204,FUN_1813525b0,,,e48dd4b9c7b66c17ed29d2691508835b9462255e499a9614ae29ea9ff0585ece,undefined FUN_1813525b0(),ghidra,clean,
WHGame.dll,release_1_5_1164953_841,0x1352674,152,FUN_181352674,,,426c00421e656f8b17fc5c5e50fbbf629e34890bd5723e82d46c375e55cb01d1,undefined FUN_181352674(),ghidra,clean,
WHGame.dll,release_1_5_1164953_841,0x1352704,145,FUN_181352704,,,4f69249956dbcc71cb685868948a7b47a4c3ba0175c40bb3a6ce1a601820a8ee,undefined FUN_181352704(),ghidra,clean,
WHGame.dll,release_1_5_1164953_841,0x1352798,364,FUN_181352798,,,b72099c6371a85cad1e1ae1e6cac9d021a3cca621be48b1a9d6096579c791bca,undefined FUN_181352798(),ghidra,clean,
WHGame.dll,release_1_5_1164953_841,0x1352908,130,FUN_181352908,,,78dd5c908189267c11cb599960be4e2d182c090bf41a2a20224b49302c43059d,undefined FUN_181352908(),ghidra,clean,
WHGame.dll,release_1_5_1164953_841,0x135298c,62,FUN_18135298c,,,80641b6f16bb91e206552fba45ecb7c2f563671644b022cd104a101ecdfa5778,undefined FUN_18135298c(),ghidra,clean,
WHGame.dll,release_1_5_1164953_841,0x13529b8,204,FUN_1813529b8,,,e2c27b5541c6f3eb921b1236c853c78869ff00abee43b4aef108c4166168a9c9,undefined FUN_1813529b8(),ghidra,clean,
WHGame.dll,release_1_5_1164953_841,0x1352a64,204,FUN_181352a64,,,7814390830f0000ad6ba775dab53dc79be710e1b48f4b4fcd21914f71b622a1f,undefined FUN_181352a64(),ghidra,clean,
WHGame.dll,release_1_5_1164953_841,0x1352b10,204,FUN_181352b10,,,a84cf96debb5ad0a3fb5b795479f4cf06b95f5a23f17ad9c6a197887c7373f93,undefined FUN_181352b10(),ghidra,clean,
WHGame.dll,release_1_5_1164953_841,0x1352bbc,200,FUN_181352bbc,,,b53a78810b2371ca1c6e578a0700e8dd0207c7cdf9efead2ea5073c72d7d4f79,undefined FUN_181352bbc(),ghidra,clean,
WHGame.dll,release_1_5_1164953_841,0x1352c64,26,FUN_181352c64,,,9f58c383b7b66b6ec4baec45b8c1635d5fc231296c1c510120efc7865966156c,undefined FUN_181352c64(),ghidra,clean,
WHGame.dll,release_1_5_1164953_841,0x1352c80,151,FUN_181352c80,,,f9738207cef6277ae10d6368eb24563c394493757bafbf0bec922bc5530d9fb0,undefined FUN_181352c80(),ghidra,clean,
WHGame.dll,release_1_5_1164953_841,0x1352d18,151,FUN_181352d18,,,ee35de6cbe4eba1ef80e064fd23d0166cc2873c3fffe4d3131ea4b13f5cf9c7b,undefined FUN_181352d18(),ghidra,clean,
WHGame.dll,release_1_5_1164953_841,0x1352db0,151,FUN_181352db0,,,5475c162c52cd6b4a15ead742fc334952826717eeefae8493ec1df6049b793da,undefined FUN_181352db0(),ghidra,clean,
WHGame.dll,release_1_5_1164953_841,0x1352e48,151,FUN_181352e48,,,764b687f140625fe4ae118502ca4a30b5e637d1b7391c1da5ed004b41c65b276,undefined FUN_181352e48(),ghidra,clean,
WHGame.dll,release_1_5_1164953_841,0x1352ee0,949,FUN_181352ee0,,,eb484701beab4531d9faf7ed357172facfebcab51f814ecba6af497980b2ba5f,undefined FUN_181352ee0(),ghidra,clean,
WHGame.dll,release_1_5_1164953_841,0x1353298,23,FUN_181353298,,,4a2215c3e820937481093c41c3a2c4fdd1b034767afb06c5e8afd475b2e2dc6a,undefined FUN_181353298(),ghidra,clean,
WHGame.dll,release_1_5_1164953_841,0x13532b0,155,FUN_1813532b0,,,a657f372233256b00eccc9434d7fb638dc5657992c9789533d5dc13381ac89f9,undefined FUN_1813532b0(),ghidra,clean,
WHGame.dll,release_1_5_1164953_841,0x135334c,314,FUN_18135334c,,,9b63d151af09fb02552f9b12b9e32a284057124d7b3194f2837bafbf1fc58ae4,undefined FUN_18135334c(),ghidra,clean,
WHGame.dll,release_1_5_1164953_841,0x1353488,155,FUN_181353488,,,2a5c9f587c20210e47ad854ab60eb221f1ffbe484c57897bc4e67d9ecaef3c93,undefined FUN_181353488(),ghidra,clean,
WHGame.dll,release_1_5_1164953_841,0x1353524,308,FUN_181353524,,,27b8e94c4df8c8edea6b3ba53c3c64c22000b5fd373e46e8fab5ce622650e8ab,undefined FUN_181353524(),ghidra,clean,
WHGame.dll,release_1_5_1164953_841,0x1353658,151,FUN_181353658,,,88b36159a2c85dbbf68a68a3f304232fcd05b20274c7d97f0449494776e52201,undefined FUN_181353658(),ghidra,clean,
WHGame.dll,release_1_5_1164953_841,0x13536f0,151,FUN_1813536f0,,,d034d257134ce7e56c28ba81612f758bef5d56586f756fe12e8102b591578881,undefined FUN_1813536f0(),ghidra,clean,
WHGame.dll,release_1_5_1164953_841,0x1353788,151,FUN_181353788,,,2935baca5c7fad493292a47673d2ea3f0d2aa2f276756907624bf0cc513e6d67,undefined FUN_181353788(),ghidra,clean,
WHGame.dll,release_1_5_1164953_841,0x1353820,151,FUN_181353820,,,fb86def1b085cde6a470b81cbb7a116d6afbb7b4b7259e1ab7d06ef52dcc7c2a,undefined FUN_181353820(),ghidra,clean,
WHGame.dll,release_1_5_1164953_841,0x13538b8,109,FUN_1813538b8,,,95162e8599bca4ef9eead9934756e7291f702150c9bca832556e783701e90ea3,undefined FUN_1813538b8(),ghidra,clean,
WHGame.dll,release_1_5_1164953_841,0x13538f4,157,FUN_1813538f4,,,9dcb06ce112048304d3b9a5f2bc9d82c42ae28be96820455ca92a48b71b420fd,undefined FUN_1813538f4(),ghidra,clean,
WHGame.dll,release_1_5_1164953_841,0x1353994,381,FUN_181353994,,,21a93f185bb0a746e2008c3f2d7692b8139941da5768566ead0f6ea4da0cc916,undefined FUN_181353994(),ghidra,clean,
WHGame.dll,release_1_5_1164953_841,0x1353b14,192,FUN_181353b14,,,fdddab0085d9c720d2d30f82526901ca61afbbd44564af73ecab382e6a283af2,undefined FUN_181353b14(),ghidra,clean,
WHGame.dll,release_1_5_1164953_841,0x1353bd4,204,FUN_181353bd4,,,80d4ac6bebeb61b328515eba5e3bd8b19d545c844ec3aaeec9025ef39287617f,undefined FUN_181353bd4(),ghidra,clean,
WHGame.dll,release_1_5_1164953_841,0x1353ca0,180,FUN_181353ca0,,,49d7565e30c61ec9c7b827c1a6dbe449f8cef5c0f7ee04490881d4b6e9ab1b0f,undefined FUN_181353ca0(),ghidra,clean,
WHGame.dll,release_1_5_1164953_841,0x1353d54,172,FUN_181353d54,,,447d8a9e0ffc9abe56ea05e780bb7fc19587c6d5266b57d55b2f40cff964d76e,undefined FUN_181353d54(),ghidra,clean,
WHGame.dll,release_1_5_1164953_841,0x1353e04,75,FUN_181353e04,,,e95fd5013b11ed7304dd3769006c8d6f62d40f99cea8a15b0b5bdba7bed46b12,undefined FUN_181353e04(),ghidra,clean,
WHGame.dll,release_1_5_1164953_841,0x1353e50,76,FUN_181353e50,,,cf3b13935427492f578aa9800a9ed12cdad7f142a75a9233d03379664cbe7cd8,undefined FUN_181353e50(),ghidra,clean,
WHGame.dll,release_1_5_1164953_841,0x1353e9c,294,FUN_181353e9c,,,430e43f1d6289348e24ed183382141579d22675f17eb631c13f6b8d8e011f0fa,undefined FUN_181353e9c(),ghidra,clean,
WHGame.dll,release_1_5_1164953_841,0x1353fc4,116,FUN_181353fc4,,,0724b001dad20828e50423c4a01da93e231ca96b1fdd70c75d7f5818423b21ae,undefined FUN_181353fc4(),ghidra,clean,
WHGame.dll,release_1_5_1164953_841,0x1354038,155,FUN_181354038,,,d0a80200181ceb29d3db5a0eb974d667ef5ba10649f0d4f268ef3f9d096e037a,undefined FUN_181354038(),ghidra,clean,
WHGame.dll,release_1_5_1164953_841,0x13540d4,291,FUN_1813540d4,,,5e89005b0a709759bc8ac1f982c88b2ddad4ab03f05287cd1319d7fd863952b8,undefined FUN_1813540d4(),ghidra,clean,
WHGame.dll,release_1_5_1164953_841,0x13541f8,180,FUN_1813541f8,,,32a3b47587c5da777188a13e3e858bd2c0a443a264913cf662d10ec1ccc8e6b5,undefined FUN_1813541f8(),ghidra,clean,
WHGame.dll,release_1_5_1164953_841,0x13542ac,155,FUN_1813542ac,,,dfe9b4b66acfd581fa8ef70a96fe214750d0600bd35be0f15e0c0a2af74ccda2,undefined FUN_1813542ac(),ghidra,clean,
WHGame.dll,release_1_5_1164953_841,0x1354348,311,FUN_181354348,,,70501576a4a3afb08a158555ee450f61428f3c70290e1e9bb08621c3e68e7271,undefined FUN_181354348(),ghidra,clean,
WHGame.dll,release_1_5_1164953_841,0x1354480,145,FUN_181354480,,,3be2c679a742ab2988d9f46ae5694acd81c565785a1dbfaeeea2c2b06d6d0585,undefined FUN_181354480(),ghidra,clean,
WHGame.dll,release_1_5_1164953_841,0x1354514,261,FUN_181354514,,,e98987affbb47b90042dc7fe91966d78884d7f7f1e33e9c3ac51c98a1aa4e890,undefined FUN_181354514(),ghidra,clean,
WHGame.dll,release_1_5_1164953_841,0x135461c,144,FUN_18135461c,,,23412d75e1610f4b98be0ae156464a4644fce7060b9af930eff7d6d19278a749,undefined FUN_18135461c(),ghidra,clean,
WHGame.dll,release_1_5_1164953_841,0x13546ac,289,FUN_1813546ac,,,4dcb1f85e66d4e61d74edad958a0d85adf38f8f4c8662e3b277c6fc7d18febd2,undefined FUN_1813546ac(),ghidra,clean,
WHGame.dll,release_1_5_1164953_841,0x13547d0,69,FUN_1813547d0,,,d8c6c210d6189a43e2ad4a881dd8b2a08727625c34ba4ed62f28b80bd24050dd,undefined FUN_1813547d0(),ghidra,clean,
WHGame.dll,release_1_5_1164953_841,0x1354818,186,FUN_181354818,,,ac3c812a8caefd3fdb61dd22730f7d4a4faf8742a7f837244b7592393b897cb2,undefined FUN_181354818(),ghidra,clean,
WHGame.dll,release_1_5_1164953_841,0x13548d4,72,FUN_1813548d4,,,2caeb3ba44a0130ac90d604c497980179687df4d58db758c2af039452730b9aa,undefined FUN_1813548d4(),ghidra,clean,
WHGame.dll,release_1_5_1164953_841,0x135491c,71,FUN_18135491c,,,fc2c85fc46f98ab66b3b4b14a804d63d72c15d487016576f14a7c77948543d4d,undefined FUN_18135491c(),ghidra,clean,
WHGame.dll,release_1_5_1164953_841,0x1354964,12,FUN_181354964,,,c0fb4fe5fd80835acfcd6a8d1dea5632d384ec7499f984dc62dac1ede1861519,undefined FUN_181354964(),ghidra,clean,
WHGame.dll,release_1_5_1164953_841,0x1354970,559,FUN_181354970,,,13446334baf0a716a9abb94e458fe948d7b2f318365622b2557df6fc86e5a5fb,undefined FUN_181354970(),ghidra,clean,
WHGame.dll,release_1_5_1164953_841,0x1354ba0,359,FUN_181354ba0,,,c7d2de5ea1918a2d2ee18a546633d9b76a758b06a9c27d3b3ae335081c6b4182,undefined FUN_181354ba0(),ghidra,clean,
WHGame.dll,release_1_5_1164953_841,0x1354d08,60,FUN_181354d08,,,e2d040ac5645f92efb388721a31486e3d9ac63aed72f8665987b3ec6c226d6ce,undefined FUN_181354d08(),ghidra,clean,
WHGame.dll,release_1_5_1164953_841,0x1354d44,80,FUN_181354d44,,,eede2706208ec13d3d40dbeac96482b8cc0e6d7ac73eeb965f36f8a875b04e3e,undefined FUN_181354d44(),ghidra,clean,
WHGame.dll,release_1_5_1164953_841,0x1354d94,112,FUN_181354d94,,,0e9277dfde3fa2a58f58a7a9dc312aa60554e8662353675c0bbde753fda10b8b,undefined FUN_181354d94(),ghidra,clean,
WHGame.dll,release_1_5_1164953_841,0x1354e04,171,FUN_181354e04,,,20a9355a7c7833ebc99ec23d2f2d7384345e2677e6ed99948b2123bb086d16f1,undefined FUN_181354e04(),ghidra,clean,
WHGame.dll,release_1_5_1164953_841,0x1354eb0,211,FUN_181354eb0,,,df966c823ad502943f058cc429290913992520504ddb0f59206bef47ab56dcf3,undefined FUN_181354eb0(),ghidra,clean,
WHGame.dll,release_1_5_1164953_841,0x1354f24,11,FUN_181354f24,,,6141d6aee778a12566e70ba943ff954fe218cf39d43e414a53c57492c53c4bcc,undefined FUN_181354f24(),ghidra,clean,
WHGame.dll,release_1_5_1164953_841,0x1354f30,40,FUN_181354f30,,,e288728661aa6c33aa91a127db5f4eb5a8c8648f1760ff609c30663411be431b,undefined FUN_181354f30(),ghidra,clean,
WHGame.dll,release_1_5_1164953_841,0x1354f58,80,FUN_181354f58,,,00351b004c526818497381fe93431dc5220bd97d9b4a856ca84a2f0dc4ca650f,undefined FUN_181354f58(),ghidra,clean,
WHGame.dll,release_1_5_1164953_841,0x1354fa8,237,FUN_181354fa8,,,6bd43c303f0a45dc7d74ca848f01fbafa7075f53f3ede848762a9ba315a2fef6,undefined FUN_181354fa8(),ghidra,clean,
WHGame.dll,release_1_5_1164953_841,0x13550a0,8,FUN_1813550a0,,,cbe0edae390e2771df12b9f854f31011ddd55199f07187fe3f46bf4b10b92c0c,undefined FUN_1813550a0(),ghidra,clean,
WHGame.dll,release_1_5_1164953_841,0x13550a8,314,FUN_1813550a8,,,7bca3852ee1735dcd9a5a24436ea75d2bbb55d79f21337b065dd3208c1c2e566,undefined FUN_1813550a8(),ghidra,clean,
WHGame.dll,release_1_5_1164953_841,0x135512c,174,FUN_18135512c,,,174ecf5e862ef4485d03f6c24aaadb07c6a4b65aaf9abcdb40211dd2e08db7aa,undefined FUN_18135512c(),ghidra,clean,
WHGame.dll,release_1_5_1164953_841,0x13551dc,55,FUN_1813551dc,,,8c9cfa8834c5e921370e1b824f146d5fe466502ab9df2bbce10ff2988ab34a73,undefined FUN_1813551dc(),ghidra,clean,
WHGame.dll,release_1_5_1164953_841,0x1355204,170,FUN_181355204,,,3ae47c0e45ecddf399d82c86bea620413d588329f67c8bc7e5194bfbcf8a02e8,undefined FUN_181355204(),ghidra,clean,
WHGame.dll,release_1_5_1164953_841,0x13552a8,145,FUN_1813552a8,,,f72e815c67bc323533eabf1661a18676ff8a59e1a892dfa71edd10edfee4c69c,undefined FUN_1813552a8(),ghidra,clean,
WHGame.dll,release_1_5_1164953_841,0x135533c,129,FUN_18135533c,,,2a711ae437f0a0ef3ddbca014b185ad41440157c4f56e7075bfb4726301bf3ac,undefined FUN_18135533c(),ghidra,clean,
WHGame.dll,release_1_5_1164953_841,0x13553c0,27,FUN_1813553c0,,,9aa258bb4fb79f35d0b1a42378646ba4ae6552c51695f7107ccb4648afba0da4,undefined FUN_1813553c0(),ghidra,clean,
WHGame.dll,release_1_5_1164953_841,0x13553dc,452,FUN_1813553dc,,,45cc87303297170fd83085ca3af5b05ab43ed123f7fd75c1307c6ea410476660,undefined FUN_1813553dc(),ghidra,clean,
WHGame.dll,release_1_5_1164953_841,0x1355598,121,FUN_181355598,,,4aeab8d04b9a29cd9e71705e68c6994522379b4c4b0a9e6d8ecfc155b57cff6c,undefined FUN_181355598(),ghidra,clean,
WHGame.dll,release_1_5_1164953_841,0x1355620,131,FUN_181355620,,,27ed9ab193781871baae7b94e5d0b00a077811e0686186bc8c57a1df72f641fb,undefined FUN_181355620(),ghidra,clean,
WHGame.dll,release_1_5_1164953_841,0x13556a4,475,FUN_1813556a4,,,2d3beb60c27989f3c81284847a812beb566373093f43ff425145fd26f360cf7d,undefined FUN_1813556a4(),ghidra,clean,
WHGame.dll,release_1_5_1164953_841,0x13557bc,155,FUN_1813557bc,,,29d22c100316a904780523739cb5da29ca2a89c86faab303149159478fdbcc6f,undefined FUN_1813557bc(),ghidra,clean,
WHGame.dll,release_1_5_1164953_841,0x1355858,301,FUN_181355858,,,8c64473552930e244dc2ac79a228f2c0dd7530203487604847a46cffd6a56c97,undefined FUN_181355858(),ghidra,clean,
WHGame.dll,release_1_5_1164953_841,0x1355988,233,FUN_181355988,,,f920a8841cd883df9dfd0152cb59eb4e8e8d9a19036f47ab923f927aeccaf97b,undefined FUN_181355988(),ghidra,clean,
WHGame.dll,release_1_5_1164953_841,0x1355a74,23,FUN_181355a74,,,4a2215c3e820937481093c41c3a2c4fdd1b034767afb06c5e8afd475b2e2dc6a,undefined FUN_181355a74(),ghidra,clean,
WHGame.dll,release_1_5_1164953_841,0x1355a8c,155,FUN_181355a8c,,,d52bc05a448c1509293e27690e8664ec82df132992edc933cfd9b1408026fb9c,undefined FUN_181355a8c(),ghidra,clean,
WHGame.dll,release_1_5_1164953_841,0x1355b28,298,FUN_181355b28,,,0cc19c4d42aa695c652b09e336c8495f4e24f7d1e2535452e9b45c1465291966,undefined FUN_181355b28(),ghidra,clean,
WHGame.dll,release_1_5_1164953_841,0x1355c54,85,FUN_181355c54,,,d6d2d06262707a200402c4c4684c83e448009bf7052fdc8ce5d25239bf0bda6e,undefined FUN_181355c54(),ghidra,clean,
WHGame.dll,release_1_5_1164953_841,0x1355cac,89,FUN_181355cac,,,a30c9799187feb109598ce803f7725aca32e65a2f8b582bfb8df558993803ffc,undefined FUN_181355cac(),ghidra,clean,
WHGame.dll,release_1_5_1164953_841,0x1355d08,65,FUN_181355d08,,,dbed106e221bb07d8bd9b9fb2b77333f674a40f1b8256f017798dab4753ab4b2,undefined FUN_181355d08(),ghidra,clean,
WHGame.dll,release_1_5_1164953_841,0x1355d4c,147,FUN_181355d4c,,,12d1f3b74e0496bb7d7f8d3884a85da5bd387e08896a56cf6f91617b5943bc4f,undefined FUN_181355d4c(),ghidra,clean,
WHGame.dll,release_1_5_1164953_841,0x1355dd0,5,FUN_181355dd0,,,e23a3aded1f2214cb82fcb50299b5628721e6dd8c8b34658a2a603b376eaf318,undefined FUN_181355dd0(),ghidra,clean,
WHGame.dll,release_1_5_1164953_841,0x1355dd8,163,FUN_181355dd8,,,aa90ec4a7e7025726b8c041f3c6d0503ae8fe25362933498a54e5bfde9836562,undefined FUN_181355dd8(),ghidra,clean,
WHGame.dll,release_1_5_1164953_841,0x1355e1c,179,FUN_181355e1c,,,e355a101cd14566834ddae638b26c9e57b0feff712ddf128ed014ccbd24efd32,undefined FUN_181355e1c(),ghidra,clean,
WHGame.dll,release_1_5_1164953_841,0x1355ed0,53,FUN_181355ed0,,,9102c3ffdeac3927618b98e87a5c1181658177e22b0d1b623cf764e6ffa9422d,undefined FUN_181355ed0(),ghidra,clean,
WHGame.dll,release_1_5_1164953_841,0x1355ee8,121,FUN_181355ee8,,,88435152557314c35d4e20c88d46f57a8f07ae82d7c1966d4e19bddcd7f402ae,undefined FUN_181355ee8(),ghidra,clean,
WHGame.dll,release_1_5_1164953_841,0x1355f38,193,FUN_181355f38,,,fa8e601927fbe0b38f836d186fa10ecfa8b11869485ab4cfc2098b01c01a7459,undefined FUN_181355f38(),ghidra,clean,
WHGame.dll,release_1_5_1164953_841,0x1355ffc,142,FUN_181355ffc,,,6174857cc82ff5db5bdaf09f94a575b8e42373ff776f83f6afa6f146ac38efd2,undefined FUN_181355ffc(),ghidra,clean,
WHGame.dll,release_1_5_1164953_841,0x135608c,122,FUN_18135608c,,,483ce85c5efe2d412b69e9e7450e78d92e4a382eb9d8e8d1bd00253d5b2bc29e,undefined FUN_18135608c(),ghidra,clean,
WHGame.dll,release_1_5_1164953_841,0x1356108,5,thunk_FUN_181356110,,,b0d40b133b9394d93820ac0104b0065121d2d73df32c7bfb4e4cf5d805a8b103,undefined thunk_FUN_181356110(),ghidra,clean,
WHGame.dll,release_1_5_1164953_841,0x1356110,223,FUN_181356110,,,b8a8e7de772819b886db9b9690f757672310f6506f07129621437ba810e34067,undefined FUN_181356110(),ghidra,clean,
WHGame.dll,release_1_5_1164953_841,0x13561e8,5,thunk_FUN_1813561f0,,,b0d40b133b9394d93820ac0104b0065121d2d73df32c7bfb4e4cf5d805a8b103,undefined thunk_FUN_1813561f0(),ghidra,clean,
WHGame.dll,release_1_5_1164953_841,0x13561f0,103,FUN_1813561f0,,,352e2bec5066d2e53480fae9c039aba9eb4bef0aa30f2e1bf2a06022482f8b97,undefined FUN_1813561f0(),ghidra,clean,
WHGame.dll,release_1_5_1164953_841,0x1356258,95,FUN_181356258,,,45554cfa59ba43e8d3f1878ca99d32ea54b80e1e4e8d8a5fef90bc6c50f04940,undefined FUN_181356258(),ghidra,clean,
WHGame.dll,release_1_5_1164953_841,0x13562b8,206,FUN_1813562b8,,,7408cdd782c4908b5396b8b91504630754a2df87a8c5c5d1379226fd331ffb6e,undefined FUN_1813562b8(),ghidra,clean,
WHGame.dll,release_1_5_1164953_841,0x1356368,53,FUN_181356368,,,f71f74660ff2a4348b1a5481a3e4bab084ac95f8e5bb10e8064eb839e9bb91c3,undefined FUN_181356368(),ghidra,clean,
WHGame.dll,release_1_5_1164953_841,0x13563a0,147,FUN_1813563a0,,,8a4961b171ac94e662bfc2ceb11c9d4a4db3a90c4b3ee20999dcc64c1e79d125,undefined FUN_1813563a0(),ghidra,clean,
WHGame.dll,release_1_5_1164953_841,0x1356434,147,FUN_181356434,,,8f7029c94dcea0d2a6aff0873594ada03778da33daecf179a8f6b85db6b2315a,undefined FUN_181356434(),ghidra,clean,
WHGame.dll,release_1_5_1164953_841,0x13564c8,42,FUN_1813564c8,,,178975ceb0ab9695a44b68ed656a8a2dca0161287ee8aaebbb6c4dfe7dded8b4,undefined FUN_1813564c8(),ghidra,clean,
WHGame.dll,release_1_5_1164953_841,0x13564f4,68,FUN_1813564f4,,,89209399a178c2c6d6587cb273ad1974b5d96341c097c0b2fd3ed70806dbb5b0,undefined FUN_1813564f4(),ghidra,clean,
WHGame.dll,release_1_5_1164953_841,0x1356538,417,FUN_181356538,,,2eeb1f6f102320c75489041133dcd069ecb27062273c7dbb440f1e7fc0fb0329,undefined FUN_181356538(),ghidra,clean,
WHGame.dll,release_1_5_1164953_841,0x1356658,40,FUN_181356658,,,b610b1d44c8f184aa96f623161cbf24c62c7740639db716cfe37778636136bc5,undefined FUN_181356658(),ghidra,clean,
WHGame.dll,release_1_5_1164953_841,0x1356680,42,FUN_181356680,,,7ba5dbee8183aa6a1ad6d43d8ec72c26f9866add85d6fdfc744f4d0f719e0b88,undefined FUN_181356680(),ghidra,clean,
WHGame.dll,release_1_5_1164953_841,0x13566ac,100,FUN_1813566ac,,,413544108a627e469667fac9b9e070d8304efa1a5dd04384ba8f2bdd61eb626d,undefined FUN_1813566ac(),ghidra,clean,
WHGame.dll,release_1_5_1164953_841,0x1356710,142,FUN_181356710,,,416b897587b92f6530e48d0a7e6730771b58a781f8c0ed6d1b7b81776081f398,undefined FUN_181356710(),ghidra,clean,
WHGame.dll,release_1_5_1164953_841,0x13567a0,328,FUN_1813567a0,,,f9ac992269079be804a92dd8ce00620bf792b45e1c1d03d1b4aaa607e616d267,undefined FUN_1813567a0(),ghidra,clean,
WHGame.dll,release_1_5_1164953_841,0x13568ec,100,FUN_1813568ec,,,c887338d1dbdb14648d842c1ff2f5892c655d6dbc20472292757ece5bead325c,undefined FUN_1813568ec(),ghidra,clean,
WHGame.dll,release_1_5_1164953_841,0x1356950,155,FUN_181356950,,,701aaeb14ff1eaf65dbe600d7f15772766a0c479cb8052bf0557c637269f2b11,undefined FUN_181356950(),ghidra,clean,
WHGame.dll,release_1_5_1164953_841,0x13569ec,291,FUN_1813569ec,,,3a9ec2012e3d3d4121e55427cb133eda2eab26f37e4ccf271f73e9baf936009a,undefined FUN_1813569ec(),ghidra,clean,
WHGame.dll,release_1_5_1164953_841,0x1356b10,155,FUN_181356b10,,,4f08ac0380f73d70aefe225319b629b7a6b4958fb590258ddc2f3b1618169cd3,undefined FUN_181356b10(),ghidra,clean,
WHGame.dll,release_1_5_1164953_841,0x1356bac,291,FUN_181356bac,,,0f867c8e56c13489ad48e70afa6401319347037fcc50c6556d99f86374468067,undefined FUN_181356bac(),ghidra,clean,
WHGame.dll,release_1_5_1164953_841,0x1356cd0,521,FUN_181356cd0,,,bf6de5301656c8d23fa1bd615db0503749616fe8cd9b3c23f0a2281594b9ff5f,undefined FUN_181356cd0(),ghidra,clean,
WHGame.dll,release_1_5_1164953_841,0x1356edc,235,FUN_181356edc,,,be22ee949c8cc3c37765c021776592373b1c98d328dfc5a53628f218c353438e,undefined FUN_181356edc(),ghidra,clean,
WHGame.dll,release_1_5_1164953_841,0x1356fb0,57,FUN_181356fb0,,,726f1d824bed38e3b41c1e61208fdbe2102fd56270294ec866a67e541defb33e,undefined FUN_181356fb0(),ghidra,clean,
WHGame.dll,release_1_5_1164953_841,0x1356fec,127,FUN_181356fec,,,870b922099482d61cb9cac1f0a516b20ca12e666ca7b6c552c25d1dded5096e6,undefined FUN_181356fec(),ghidra,clean,
WHGame.dll,release_1_5_1164953_841,0x1357060,186,FUN_181357060,,,fd481bbbb55cb884d1d132acb5bdace0d7cd32aa28d550efe133b010ebcbb9b3,undefined FUN_181357060(),ghidra,clean,
WHGame.dll,release_1_5_1164953_841,0x135711c,118,FUN_18135711c,,,d1da4b9da46ee0450b3dcbdb91b65e5345a6c824d936ba49e44774b33706f61f,undefined FUN_18135711c(),ghidra,clean,
WHGame.dll,release_1_5_1164953_841,0x1357194,273,FUN_181357194,,,f2f6b8d47b83ec6ab3c35bb8eb903abba1689fd1d37fc97a8e16ca6e73afc967,undefined FUN_181357194(),ghidra,clean,
WHGame.dll,release_1_5_1164953_841,0x13572a8,202,FUN_1813572a8,,,9094fb04a24c615d5c7e4d578d5a729b8d9aff4354c0fbdc9af6b56fc007f17a,undefined FUN_1813572a8(),ghidra,clean,
WHGame.dll,release_1_5_1164953_841,0x135736c,206,FUN_18135736c,,,8f0cd7fd207275149f27a85bd437616308554e3c78f853a03d6ba8b35657830f,undefined FUN_18135736c(),ghidra,clean,
WHGame.dll,release_1_5_1164953_841,0x135743c,200,FUN_18135743c,,,41fd072f64097575745d3326516dc72d5f803bdf65638b145400cffd8b42a24e,undefined FUN_18135743c(),ghidra,clean,
WHGame.dll,release_1_5_1164953_841,0x1357504,234,FUN_181357504,,,2c7a4278a9b40c1923b949161de127c53a2cb217ea4d6325f16a4affabe8e0c3,undefined FUN_181357504(),ghidra,clean,
WHGame.dll,release_1_5_1164953_841,0x13575f0,934,FUN_1813575f0,,,f867ed7886b0e654765bdb7f1dc060c987b3d980fcd65afc5ea9c3767984c08f,undefined FUN_1813575f0(),ghidra,clean,
WHGame.dll,release_1_5_1164953_841,0x1357998,176,FUN_181357998,,,361406c589bfedfbd80ab920eed1b864f61ad63d076e079728fd46d59036a1ee,undefined FUN_181357998(),ghidra,clean,
WHGame.dll,release_1_5_1164953_841,0x1357a48,239,FUN_181357a48,,,843eda38482e5fe8ba57f5a6a2f40b4b88cd262d129b973de369f97a33355e6a,undefined FUN_181357a48(),ghidra,clean,
WHGame.dll,release_1_5_1164953_841,0x1357b38,81,FUN_181357b38,,,1bffb59befa14bae5177d96f2fb327664681e4bc7b3a9700941a0b264d7746d1,undefined FUN_181357b38(),ghidra,clean,
WHGame.dll,release_1_5_1164953_841,0x1357b8c,207,FUN_181357b8c,,,ff0982d58c680f52a453dc13cb6aa897e352ea1c4c4671d4388703554b392c93,undefined FUN_181357b8c(),ghidra,clean,
WHGame.dll,release_1_5_1164953_841,0x1357c5c,182,FUN_181357c5c,,,ea06bbddc69c1130216141c3e2e8d582c4d06a0cb4d853fa8fcb2de65011805c,undefined FUN_181357c5c(),ghidra,clean,
WHGame.dll,release_1_5_1164953_841,0x1357d14,88,FUN_181357d14,,,d0e881d28bd417d7ab27067553b14328ff0075218925f7fe66d8182c7e025ed3,undefined FUN_181357d14(),ghidra,clean,
WHGame.dll,release_1_5_1164953_841,0x1357d6c,120,FUN_181357d6c,,,8952b4f86309d47e924e77320dc3077d5606dd67fe40b3f95698ae0b8e11f23f,undefined FUN_181357d6c(),ghidra,clean,
WHGame.dll,release_1_5_1164953_841,0x1357de4,60,FUN_181357de4,,,c91ac17a3786e9f375746d4d8686dceffaa4ee4f9f63ed2d3d5b5b2dc551e800,undefined FUN_181357de4(),ghidra,clean,
WHGame.dll,release_1_5_1164953_841,0x1357e20,930,FUN_181357e20,,,1b6457ba0e1ddaadadeab49a33a2939a9f1c3df5e15e5852c1593e3a20e62914,undefined FUN_181357e20(),ghidra,clean,
WHGame.dll,release_1_5_1164953_841,0x13581c4,23,FUN_1813581c4,,,4a2215c3e820937481093c41c3a2c4fdd1b034767afb06c5e8afd475b2e2dc6a,undefined FUN_1813581c4(),ghidra,clean,
WHGame.dll,release_1_5_1164953_841,0x13581dc,155,FUN_1813581dc,,,f63dac76dc253ca050aab803741029c2c775f4a9f10bd3c02ef80a851325746e,undefined FUN_1813581dc(),ghidra,clean,
WHGame.dll,release_1_5_1164953_841,0x1358278,23,FUN_181358278,,,720a0a138dccc7c5917d01f723a155ba61b52ee77cb073a12e07c44058aee808,undefined FUN_181358278(),ghidra,clean,
WHGame.dll,release_1_5_1164953_841,0x1358290,23,FUN_181358290,,,5a253613ae2c8c15dc10fa4cd8a1ac5c117dd9cd21cd905320c7ac6dc8f2b3c9,undefined FUN_181358290(),ghidra,clean,
WHGame.dll,release_1_5_1164953_841,0x13582a8,155,FUN_1813582a8,,,9ded03f3cc56756d1bbcfd08a098afe9babaa4a1c64f2f0a8feea24191eefc81,undefined FUN_1813582a8(),ghidra,clean,
WHGame.dll,release_1_5_1164953_841,0x1358344,155,FUN_181358344,,,b35e32b86dcc36cfa6a94910549f49ebb7af39e9ea729e03f2a685be472f8b97,undefined FUN_181358344(),ghidra,clean,
WHGame.dll,release_1_5_1164953_841,0x13583e0,240,FUN_1813583e0,,,137352ac2637afcd8f3c6f71ff89cf8460270bf790457629ac306aa7b2e2aadd,undefined FUN_1813583e0(),ghidra,clean,
WHGame.dll,release_1_5_1164953_841,0x13584d0,18,FUN_1813584d0,,,f51cc29d039f8161b206b7114a8c50d0aa11d3e65d0c07634b1b3cb8dfa3a504,undefined FUN_1813584d0(),ghidra,clean,
WHGame.dll,release_1_5_1164953_841,0x13584e4,308,FUN_1813584e4,,,31fcee29bdd417424d85f07dfbe997a1ff623a6f47737a54ed3bee7269bb074b,undefined FUN_1813584e4(),ghidra,clean,
WHGame.dll,release_1_5_1164953_841,0x1358618,311,FUN_181358618,,,6033d34f4b24da5e9b4eccbd849dbac84bb7ffe42c4fbdead64c01421889d61f,undefined FUN_181358618(),ghidra,clean,
WHGame.dll,release_1_5_1164953_841,0x1358750,298,FUN_181358750,,,efb8dc023e492d8b2a40c7063e57adad57ba92b15e9554f358f772c626cfb88e,undefined FUN_181358750(),ghidra,clean,
WHGame.dll,release_1_5_1164953_841,0x135887c,328,FUN_18135887c,,,c80232df4059658cfee2f8f86a9cbb5bffe880e418ea82fdaabf0bb6aeb247e0,undefined FUN_18135887c(),ghidra,clean,
WHGame.dll,release_1_5_1164953_841,0x135896a,8,FUN_18135896a,,,8ebd64926583734547a2ea4bfda673c8eae81441cf03364977ba265ba738546a,undefined FUN_18135896a(),ghidra,clean,
WHGame.dll,release_1_5_1164953_841,0x1358972,7,FUN_181358972,,,c833b2efe6714e30c0e2d4031ada447b6d7702d1e9edbef2834e9bee58de167a,undefined FUN_181358972(),ghidra,clean,
WHGame.dll,release_1_5_1164953_841,0x135897c,155,FUN_18135897c,,,8cb451a5cb99967ba067eac1141981a82b4f327c73195bec917fe48138f6bfa0,undefined FUN_18135897c(),ghidra,clean,
WHGame.dll,release_1_5_1164953_841,0x1358a18,155,FUN_181358a18,,,798fe8bc938d2efafab4aac320547b551d320878f87f3a2124e520ab2ea78af0,undefined FUN_181358a18(),ghidra,clean,
WHGame.dll,release_1_5_1164953_841,0x1358ab4,155,FUN_181358ab4,,,e3968a28a17c5963b95b02bbbf26a54c14ecdf2da57153670d4cc379077e9d61,undefined FUN_181358ab4(),ghidra,clean,
WHGame.dll,release_1_5_1164953_841,0x1358b50,242,FUN_181358b50,,,2f4fef27743118ace9b296cc081a4334a5cdb43255150272df22cfef8eb390e3,undefined FUN_181358b50(),ghidra,clean,
WHGame.dll,release_1_5_1164953_841,0x1358c44,18,FUN_181358c44,,,3f4ffc7ef7af45db62fd2c530a671cca717ff3f3854286ce47b252d57d063d76,undefined FUN_181358c44(),ghidra,clean,
WHGame.dll,release_1_5_1164953_841,0x1358c58,298,FUN_181358c58,,,19414d8bc00a02f1b1623f90bf4b57f19d82181a0f074a73941efeb66f3dffac,undefined FUN_181358c58(),ghidra,clean,
WHGame.dll,release_1_5_1164953_841,0x1358d84,26,FUN_181358d84,,,84f370c8da6c959c4a0d1792eb829d8463fb14ea845427028219fdad1a5d584a,undefined FUN_181358d84(),ghidra,clean,
WHGame.dll,release_1_5_1164953_841,0x1358da0,156,FUN_181358da0,,,d790d43e12697301666a28fc54a9d69806a3090a29534dfd72ef93b4ac61e195,undefined FUN_181358da0(),ghidra,clean,
WHGame.dll,release_1_5_1164953_841,0x1358e3c,152,FUN_181358e3c,,,9860bc9d21fdec88e572e25dcad3218afdc914169b776173747323941ee51f00,undefined FUN_181358e3c(),ghidra,clean,
WHGame.dll,release_1_5_1164953_841,0x1358ed4,352,FUN_181358ed4,,,31cc45b44cdaca1bae9dd4e0abda1cfead3de667b179855fd87370e9cb36f030,undefined FUN_181358ed4(),ghidra,clean,
WHGame.dll,release_1_5_1164953_841,0x1359034,356,FUN_181359034,,,65cc46dc227ca88b8be5a6d31604415b0218749d1480fef3574b173b20f0c907,undefined FUN_181359034(),ghidra,clean,
WHGame.dll,release_1_5_1164953_841,0x1359198,91,FUN_181359198,,,045f997276e96ca102bdbf0f843ff2d3ac240a3af1019ff551c8f9430903aee5,undefined FUN_181359198(),ghidra,clean,
WHGame.dll,release_1_5_1164953_841,0x1359200,13,FUN_181359200,,,662a6d6adf262472f15a86d1e5865974b82c209795311367a362b8bd0766f8a6,undefined FUN_181359200(),ghidra,clean,
WHGame.dll,release_1_5_1164953_841,0x1359210,30,FUN_181359210,,,f5cd56c22378669e27a9bc0dc8c26492ce261ecf1e8ff679ed5dee28a5110804,undefined FUN_181359210(),ghidra,clean,
WHGame.dll,release_1_5_1164953_841,0x1359230,11,FUN_181359230,,,d2f2a051d4c07029f256ad62888f27425070e280237be948ca5a19f1210e2220,undefined FUN_181359230(),ghidra,clean,
WHGame.dll,release_1_5_1164953_841,0x135923c,313,FUN_18135923c,,,75ceda15a97532326d77ddbb87258e652ce2e17dc6f60e1b6f36d2a03e9818c1,undefined FUN_18135923c(),ghidra,clean,
WHGame.dll,release_1_5_1164953_841,0x13592d0,110,FUN_1813592d0,,,f50840448a81674579d415d372acb67ce4289347d182974b42475d57e238f122,undefined FUN_1813592d0(),ghidra,clean,
WHGame.dll,release_1_5_1164953_841,0x13592fc,55,FUN_1813592fc,,,65a165c5d5b6988e04974214af8e139048d2e1e66157502a14f64f3f389941f1,undefined FUN_1813592fc(),ghidra,clean,
WHGame.dll,release_1_5_1164953_841,0x1359324,196,FUN_181359324,,,740a3a35b7faaa5cc1735e3bd00d753b25f5db1156820dbc597e6790c7193545,undefined FUN_181359324(),ghidra,clean,
WHGame.dll,release_1_5_1164953_841,0x13593e0,145,FUN_1813593e0,,,170c2a19c056cc728cf5300ec946c66dbf676bbf6d3c13655b2a17a204495baf,undefined FUN_1813593e0(),ghidra,clean,
WHGame.dll,release_1_5_1164953_841,0x1359474,87,FUN_181359474,,,9619882ce17b94177dd4144164d7ef2909d7d840369156ac9f636f90657c670a,undefined FUN_181359474(),ghidra,clean,
WHGame.dll,release_1_5_1164953_841,0x13594cc,85,FUN_1813594cc,,,432324720c2934d5397817a7d513afc764cc74cd63a07325f0ae8027e5d8a450,undefined FUN_1813594cc(),ghidra,clean,
WHGame.dll,release_1_5_1164953_841,0x1359500,143,FUN_181359500,,,372830a85048232eaa284afc3c4bfb64cd2f08240fb81583a96edd539e22a4b9,undefined FUN_181359500(),ghidra,clean,
WHGame.dll,release_1_5_1164953_841,0x1359590,55,FUN_181359590,,,d5bd113dc4c49fdc837982f4cf5c113f5f3e0566a2c1f328ed079cdf7af2f02d,undefined FUN_181359590(),ghidra,clean,
WHGame.dll,release_1_5_1164953_841,0x13595b8,184,FUN_1813595b8,,,cc34f4f2b8570b5061b2bd20807920763b9b89ccf5b5b258ff08623549339edd,undefined FUN_1813595b8(),ghidra,clean,
WHGame.dll,release_1_5_1164953_841,0x1359668,145,FUN_181359668,,,3af27e44c941dc8c5a9281c6909229ee50b91e832caeb26ea5b3a9d449851cdb,undefined FUN_181359668(),ghidra,clean,
WHGame.dll,release_1_5_1164953_841,0x13596fc,70,FUN_1813596fc,,,6e27c6658220fc8af3bbfa45437bac794b17e5120f7709cb1f878bf7d1518a98,undefined FUN_1813596fc(),ghidra,clean,
WHGame.dll,release_1_5_1164953_841,0x1359744,70,FUN_181359744,,,a321f22e013440a1d0740deb677f57b00ddda10f2e48a8b1a727be019526ca31,undefined FUN_181359744(),ghidra,clean,
WHGame.dll,release_1_5_1164953_841,0x135978c,214,FUN_18135978c,,,91deb093b99689fdc0eda190fc08c6661cf877de792c24324d2b50ec2597f58f,undefined FUN_18135978c(),ghidra,clean,
WHGame.dll,release_1_5_1164953_841,0x1359864,317,FUN_181359864,,,14c08ca15719c83ed49f1c568814dba5190e0d2e84065d398d9d7543d38240e4,undefined FUN_181359864(),ghidra,clean,
WHGame.dll,release_1_5_1164953_841,0x13599a4,43,FUN_1813599a4,,,34a249a9eb338b47666e3fac10d8bddf1e72b3f766389d32b11f1d15a8ac4237,undefined FUN_1813599a4(),ghidra,clean,
WHGame.dll,release_1_5_1164953_841,0x13599d0,53,FUN_1813599d0,,,aaab30985af76cf11b282d1a84a4875cf6f0eecd15c1de2a5b95083d52e5d850,undefined FUN_1813599d0(),ghidra,clean,
WHGame.dll,release_1_5_1164953_841,0x1359a08,180,FUN_181359a08,,,402375c7f1a06f929e3906c7d8e06c36b11adb313c45cd7602bac2a17e30a682,undefined FUN_181359a08(),ghidra,clean,
WHGame.dll,release_1_5_1164953_841,0x1359abc,460,FUN_181359abc,,,3e9e7b78202293824b84147a55c4de3d80e5cb82977f2a9c7ac83fdde801b3cf,undefined FUN_181359abc(),ghidra,clean,
WHGame.dll,release_1_5_1164953_841,0x1359b84,123,FUN_181359b84,,,cb511721ea50b6fa9302dc8884ab7abfd2190467f9f3148305f9d4c77d15700d,undefined FUN_181359b84(),ghidra,clean,
WHGame.dll,release_1_5_1164953_841,0x1359c00,193,FUN_181359c00,,,20c0979e557a084030447f6899ef6b4569637808a2f89b66bd7c38fc816da704,undefined FUN_181359c00(),ghidra,clean,
WHGame.dll,release_1_5_1164953_841,0x1359cc4,111,FUN_181359cc4,,,eeb2936ab57322f1faed7097b3413b1fdaba71bb3a090e07c1d112bad3a72515,undefined FUN_181359cc4(),ghidra,clean,
WHGame.dll,release_1_5_1164953_841,0x1359d34,116,FUN_181359d34,,,3a3c493a8a9610011bdac12829d1464c22c3164b462ffd4790eb70daf51ca1ca,undefined FUN_181359d34(),ghidra,clean,
WHGame.dll,release_1_5_1164953_841,0x1359da8,304,FUN_181359da8,,,322340d26bd0fe13535e6466382b2a49717cd6126b80e61f224cbf1705752cb8,undefined FUN_181359da8(),ghidra,clean,
WHGame.dll,release_1_5_1164953_841,0x1359ec8,43,FUN_181359ec8,,,10f7f6c31e624dc013377c622784a21577d16bb86eee9cc5ca58e4741ec4c2b9,undefined FUN_181359ec8(),ghidra,clean,
WHGame.dll,release_1_5_1164953_841,0x1359ef4,42,FUN_181359ef4,,,dbbf4de294691c0fa2abc2ad417e5b16d538bef3f08bbbf629dde92fa97ef15b,undefined FUN_181359ef4(),ghidra,clean,
WHGame.dll,release_1_5_1164953_841,0x1359f20,131,FUN_181359f20,,,6141676162f9015b4355cd307405d00a01b6973a8f2abe1ea97dbeaaa041c5b2,undefined FUN_181359f20(),ghidra,clean,
WHGame.dll,release_1_5_1164953_841,0x1359fa4,11,FUN_181359fa4,,,4f3a3427a528e947700c771770f3a0e504e73d8a2c734dc287a7434dbc843139,undefined FUN_181359fa4(),ghidra,clean,
WHGame.dll,release_1_5_1164953_841,0x1359fb0,119,FUN_181359fb0,,,d3ffb338830aeee266e8cad2e28db4dd33b6fa5e6bf1473b135fa31d5d5e56ce,undefined FUN_181359fb0(),ghidra,clean,
WHGame.dll,release_1_5_1164953_841,0x135a028,30,FUN_18135a028,,,8eabffd5a238511a560e11fe6030e9b9724c016b0890d848665e8d864bfa6a53,undefined FUN_18135a028(),ghidra,clean,
WHGame.dll,release_1_5_1164953_841,0x135a048,26,FUN_18135a048,,,819234953c91d716a341edb10dcca2267107efa13f78881bbca64f4a7a11eeca,undefined FUN_18135a048(),ghidra,clean,
WHGame.dll,release_1_5_1164953_841,0x135a064,155,FUN_18135a064,,,966cd177f65aaf14e3151e3af2d25fae3be039c3d60ad79a67d79b008f8f4d1d,undefined FUN_18135a064(),ghidra,clean,
WHGame.dll,release_1_5_1164953_841,0x135a100,293,FUN_18135a100,,,f9c3a07c2f7fd55149224e5de0216004c08db26bcf5601c62538833714089b99,undefined FUN_18135a100(),ghidra,clean,
WHGame.dll,release_1_5_1164953_841,0x135a228,26,FUN_18135a228,,,d37c15b2c004078bbf54585b522623f91b7cd1151d941d9fe783fce8e476bb32,undefined FUN_18135a228(),ghidra,clean,
WHGame.dll,release_1_5_1164953_841,0x135a244,190,FUN_18135a244,,,6116f2b437bcb360aa05ffa4d268fe3db329bf3bf4e68d4a8c811f4e6f4cc33c,undefined FUN_18135a244(),ghidra,clean,
WHGame.dll,release_1_5_1164953_841,0x135a304,190,FUN_18135a304,,,63c51166c6e51c8eab4423696835a316a03edfef08e56800cf08e8e943482a8c,undefined FUN_18135a304(),ghidra,clean,
WHGame.dll,release_1_5_1164953_841,0x135a3c4,155,FUN_18135a3c4,,,86076dc88a73a5adedd4c55d20df5504ceeadd133fd535096a1f12af77a1633c,undefined FUN_18135a3c4(),ghidra,clean,
WHGame.dll,release_1_5_1164953_841,0x135a460,291,FUN_18135a460,,,5df70b78a891261eb4306d94eb3cf6e985d020ac0f35c05875638321f7e850ef,undefined FUN_18135a460(),ghidra,clean,
WHGame.dll,release_1_5_1164953_841,0x135a584,194,FUN_18135a584,,,7cdcc861215095d7b0673e9b12873747a8b09b3b392716cc40dbe79c11e6507e,undefined FUN_18135a584(),ghidra,clean,
WHGame.dll,release_1_5_1164953_841,0x135a648,155,FUN_18135a648,,,73f73f329acd5020569c52c7501f7186f2c4c91dc9c6635aa1440137eb2332d7,undefined FUN_18135a648(),ghidra,clean,
WHGame.dll,release_1_5_1164953_841,0x135a6e4,190,FUN_18135a6e4,,,c444ebad42e7b8b0ec8760898c227b7a4d7411596c57d9f3f5861bc373b77aa0,undefined FUN_18135a6e4(),ghidra,clean,
WHGame.dll,release_1_5_1164953_841,0x135a7a4,26,FUN_18135a7a4,,,819234953c91d716a341edb10dcca2267107efa13f78881bbca64f4a7a11eeca,undefined FUN_18135a7a4(),ghidra,clean,
WHGame.dll,release_1_5_1164953_841,0x135a7c0,155,FUN_18135a7c0,,,0035ba80d9373dcf38ae569d04b1484880d81d04dcd07131b4cb67ce11e7b4bb,undefined FUN_18135a7c0(),ghidra,clean,
WHGame.dll,release_1_5_1164953_841,0x135a85c,291,FUN_18135a85c,,,85ca0fd4a502319311fde1aae2bbc3bf6f2ce0d82c29f6a0411670f7044368ab,undefined FUN_18135a85c(),ghidra,clean,
WHGame.dll,release_1_5_1164953_841,0x135a980,298,FUN_18135a980,,,7073a0727015af902f7bb90fe91bf6d7215834f4b258c504d2c16266bcc78375,undefined FUN_18135a980(),ghidra,clean,
WHGame.dll,release_1_5_1164953_841,0x135aaac,86,FUN_18135aaac,,,e2fdeaee2f4931afe7db23d3c692925084df69c79084290e8c86b79e18c58487,undefined FUN_18135aaac(),ghidra,clean,
WHGame.dll,release_1_5_1164953_841,0x135ab04,85,FUN_18135ab04,,,a8d90faf9eca507d95eda17b2747316c6467d8975968717c67af6f3d904d9c9a,undefined FUN_18135ab04(),ghidra,clean,
WHGame.dll,release_1_5_1164953_841,0x135ab38,26,FUN_18135ab38,,,70509e233b81a4b980391cbde5d0f4e0f57007794a397523a1f478e8884bbf63,undefined FUN_18135ab38(),ghidra,clean,
WHGame.dll,release_1_5_1164953_841,0x135ab54,1137,FUN_18135ab54,,,0604b953015ef4ba15e59a5b7d72b44225230826c9f38038fa9bf0ecacf4c9db,undefined FUN_18135ab54(),ghidra,clean,
WHGame.dll,release_1_5_1164953_841,0x135afc8,155,FUN_18135afc8,,,bc6207942f79ca6a0468f31b81e0cc9d94ecbe34bcb4d5e48520d96f7799451e,undefined FUN_18135afc8(),ghidra,clean,
WHGame.dll,release_1_5_1164953_841,0x135b064,304,FUN_18135b064,,,fb88d3cc94b4b0f3ad5be83379e78f65735fcf575230efcf5f243999039a9fb4,undefined FUN_18135b064(),ghidra,clean,
WHGame.dll,release_1_5_1164953_841,0x135b194,155,FUN_18135b194,,,0daab1a867280995a9f1a76345ae73b55eb485b61808afe2a2a9264e23f31d0e,undefined FUN_18135b194(),ghidra,clean,
WHGame.dll,release_1_5_1164953_841,0x135b230,298,FUN_18135b230,,,edfd7bd501d4eebc6b994c35fe83d6e6ca4018238dafdbda76734f6f58294bbe,undefined FUN_18135b230(),ghidra,clean,
WHGame.dll,release_1_5_1164953_841,0x135b35c,54,FUN_18135b35c,,,0c349830612f504a070458e35cbac9e261ccfbf95b179a27209227e874ce46e2,undefined FUN_18135b35c(),ghidra,clean,
WHGame.dll,release_1_5_1164953_841,0x135b394,90,FUN_18135b394,,,3e2a0e219610e675e8b54498363f237342a85b5d82dc6f83429648df5baee106,undefined FUN_18135b394(),ghidra,clean,
WHGame.dll,release_1_5_1164953_841,0x135b3f0,298,FUN_18135b3f0,,,31eb20a3875332dbf742c1ba7fbf0dd79782d4a70ccff834653d04d3fcdd854e,undefined FUN_18135b3f0(),ghidra,clean,
WHGame.dll,release_1_5_1164953_841,0x135b51c,328,FUN_18135b51c,,,ede35843aa48255f951e47296ce7102b0aa270f6184343cc1bc559656c97b8d1,undefined FUN_18135b51c(),ghidra,clean,
WHGame.dll,release_1_5_1164953_841,0x135b60a,8,FUN_18135b60a,,,8ebd64926583734547a2ea4bfda673c8eae81441cf03364977ba265ba738546a,undefined FUN_18135b60a(),ghidra,clean,
WHGame.dll,release_1_5_1164953_841,0x135b612,7,FUN_18135b612,,,c833b2efe6714e30c0e2d4031ada447b6d7702d1e9edbef2834e9bee58de167a,undefined FUN_18135b612(),ghidra,clean,
WHGame.dll,release_1_5_1164953_841,0x135b61c,155,FUN_18135b61c,,,3a5771c6585d5a51ebb6672758212b90f0492bf916531a73b061b289cd9c374c,undefined FUN_18135b61c(),ghidra,clean,
WHGame.dll,release_1_5_1164953_841,0x135b6b8,155,FUN_18135b6b8,,,a77b6b16266eab4da73e4a80e8ba8d7b66a6de7a3c8f3b90a4d88cdfb1015f2f,undefined FUN_18135b6b8(),ghidra,clean,
WHGame.dll,release_1_5_1164953_841,0x135b754,155,FUN_18135b754,,,be888af5bc659dd3371935858dedd982d3003655186b0f188a2f36bd47397943,undefined FUN_18135b754(),ghidra,clean,
WHGame.dll,release_1_5_1164953_841,0x135b7f0,242,FUN_18135b7f0,,,17f8527b4021cdcb27672dddbb2c1ee467cc26de511ae809cbf5456db9345a0a,undefined FUN_18135b7f0(),ghidra,clean,
WHGame.dll,release_1_5_1164953_841,0x135b8e4,18,FUN_18135b8e4,,,ecec26b28f876e6b11e0b5480e98616e1bfc50da8f3eced3698883ccca6424a4,undefined FUN_18135b8e4(),ghidra,clean,
WHGame.dll,release_1_5_1164953_841,0x135b8f8,298,FUN_18135b8f8,,,4c089ea2060ca08d326b89898c705789b56267bd856db585590a64c92bcdcec1,undefined FUN_18135b8f8(),ghidra,clean,
WHGame.dll,release_1_5_1164953_841,0x135ba24,180,FUN_18135ba24,,,218120d2a362298cd5a445ae0ccdc5dcc95aa08836e77bf68b0fe2445091cdc0,undefined FUN_18135ba24(),ghidra,clean,
WHGame.dll,release_1_5_1164953_841,0x135bad8,151,FUN_18135bad8,,,689dd7efaf62a5e79d3751d96d886049100f5c302f15dd5d1544c2d933ea9168,undefined FUN_18135bad8(),ghidra,clean,
WHGame.dll,release_1_5_1164953_841,0x135bb70,151,FUN_18135bb70,,,54ae8d524683376ed41bca08be34fab0c6035ba82f8bb52f07e5e3e18ed3ff93,undefined FUN_18135bb70(),ghidra,clean,
WHGame.dll,release_1_5_1164953_841,0x135bc08,376,FUN_18135bc08,,,28ec32ffc0371c17c0d10e225a14cf771990abe7d2504034f14fbc4a6a8d6310,undefined FUN_18135bc08(),ghidra,clean,
WHGame.dll,release_1_5_1164953_841,0x135bd3c,204,FUN_18135bd3c,,,692db86abb5d9e30360ace8c10d26c4a477bb3c79a7b453906a1491f198d7897,undefined FUN_18135bd3c(),ghidra,clean,
WHGame.dll,release_1_5_1164953_841,0x135bde8,204,FUN_18135bde8,,,fb9f7a3ec80d7e6693bb7ffc300ebcd75f85ead3611593a0d224ca3c4137dce5,undefined FUN_18135bde8(),ghidra,clean,
WHGame.dll,release_1_5_1164953_841,0x135be94,376,FUN_18135be94,,,86829889b01940bfd3bcb0a905cfa91e2f447be6f2ec02700e4e191ad0cf5528,undefined FUN_18135be94(),ghidra,clean,
WHGame.dll,release_1_5_1164953_841,0x135bfc8,26,FUN_18135bfc8,,,54c0330dfd6356566c61307a573fa69e569a8e2d129d7909424bb688865eb504,undefined FUN_18135bfc8(),ghidra,clean,
WHGame.dll,release_1_5_1164953_841,0x135bfe4,151,FUN_18135bfe4,,,36a74a9a6916158ea4afa0c1b6ff19d5f8caa85e91a6a1dc1d1a60ea61e0eb2f,undefined FUN_18135bfe4(),ghidra,clean,
WHGame.dll,release_1_5_1164953_841,0x135c07c,151,FUN_18135c07c,,,ab6411572074c971cf55902e0c0994c2b5d13267bb513576962740b0b25fe453,undefined FUN_18135c07c(),ghidra,clean,
WHGame.dll,release_1_5_1164953_841,0x135c114,151,FUN_18135c114,,,8bf1491891b24412eab0a36e28afd8a244b49e9d5d26ae6bf3112ceb1376f27b,undefined FUN_18135c114(),ghidra,clean,
WHGame.dll,release_1_5_1164953_841,0x135c1ac,151,FUN_18135c1ac,,,70a8f544c6c82334bbd992eeb22db8daeb852a9304af33c48d5ff8c7ee792aed,undefined FUN_18135c1ac(),ghidra,clean,
WHGame.dll,release_1_5_1164953_841,0x135c244,155,FUN_18135c244,,,64ebcb2d27797b18a675e06a9ada5dc3f6690a78d35304a37a32b22492a02351,undefined FUN_18135c244(),ghidra,clean,
WHGame.dll,release_1_5_1164953_841,0x135c2e0,304,FUN_18135c2e0,,,e78320ec95e924534f5cee1a87364a1e311d47a159bb41f69faaa7a8126e3d80,undefined FUN_18135c2e0(),ghidra,clean,
WHGame.dll,release_1_5_1164953_841,0x135c410,155,FUN_18135c410,,,95bf4bd0e8e5068062952f865c855f9a984fbc5ffd9b867a5f093410204f0005,undefined FUN_18135c410(),ghidra,clean,
WHGame.dll,release_1_5_1164953_841,0x135c4ac,298,FUN_18135c4ac,,,e8ccc6c81dea93f8f3b6975680f4f0e2c3361af3e689c0717f8bf9a29691da49,undefined FUN_18135c4ac(),ghidra,clean,
WHGame.dll,release_1_5_1164953_841,0x135c5d8,151,FUN_18135c5d8,,,b37e22ea42443bce04ebf5d74c019fd265c65b3da810412c2945cfe7113bf857,undefined FUN_18135c5d8(),ghidra,clean,
WHGame.dll,release_1_5_1164953_841,0x135c670,26,FUN_18135c670,,,2b972060032e79d9466477e849baf84e378ee2fb255562e62ed41ed15a4c66cb,undefined FUN_18135c670(),ghidra,clean,
WHGame.dll,release_1_5_1164953_841,0x135c68c,151,FUN_18135c68c,,,36ea8907bf11a02f847db08450a72e440dedf25aa8973c1c57403f853cea61f1,undefined FUN_18135c68c(),ghidra,clean,
WHGame.dll,release_1_5_1164953_841,0x135c724,151,FUN_18135c724,,,3e181e25be24daf47e725c38158fa120bc53fc940781479f5cb781758864950e,undefined FUN_18135c724(),ghidra,clean,
WHGame.dll,release_1_5_1164953_841,0x135c7bc,155,FUN_18135c7bc,,,c77a9b26e2e703cb05d464430697c424e184d1fbb2a547ee07c36c01678f98e4,undefined FUN_18135c7bc(),ghidra,clean,
WHGame.dll,release_1_5_1164953_841,0x135c858,304,FUN_18135c858,,,fc95d922fa85e92f9573757cfa4522a0e15bf26493b9b6a04a100feea150f717,undefined FUN_18135c858(),ghidra,clean,
WHGame.dll,release_1_5_1164953_841,0x135c988,155,FUN_18135c988,,,3088f6674c7c8a1e485b810b808442fcfa36f5b77a07c1498c32d28f20c41ce8,undefined FUN_18135c988(),ghidra,clean,
WHGame.dll,release_1_5_1164953_841,0x135ca24,298,FUN_18135ca24,,,062b6335b663f8c445f31f1a20f36b82152cab43d6e93f15da850d601e7988bd,undefined FUN_18135ca24(),ghidra,clean,
WHGame.dll,release_1_5_1164953_841,0x135cb50,204,FUN_18135cb50,,,baab7015f5f90c2cb7ab59e9415da96d99d285e913751c6906e8b521129304ee,undefined FUN_18135cb50(),ghidra,clean,
WHGame.dll,release_1_5_1164953_841,0x135cbfc,204,FUN_18135cbfc,,,42472dc81f8e5ea983159be9571a7fe87d35c9f532fbd14febd254d68c1018a2,undefined FUN_18135cbfc(),ghidra,clean,
WHGame.dll,release_1_5_1164953_841,0x135cca8,376,FUN_18135cca8,,,3f93e0bea521f879ac3654524d176af181f0a126eca1ac37665ec68b71427404,undefined FUN_18135cca8(),ghidra,clean,
WHGame.dll,release_1_5_1164953_841,0x135cddc,26,FUN_18135cddc,,,c8295da899886e6310e8743421090a7537d25e7d81ffaff46e70a3b5be39cc8f,undefined FUN_18135cddc(),ghidra,clean,
WHGame.dll,release_1_5_1164953_841,0x135cdf8,110,FUN_18135cdf8,,,1c38965c4aa69ee4a046124dafa8892df32d2d3e64a7ef9a093b38a62f37951a,undefined FUN_18135cdf8(),ghidra,clean,
WHGame.dll,release_1_5_1164953_841,0x135ce58,151,FUN_18135ce58,,,5e3228b38399ea57b83777b527e618e5e7671326a52f10bfb5398c966a92619a,undefined FUN_18135ce58(),ghidra,clean,
WHGame.dll,release_1_5_1164953_841,0x135cef0,151,FUN_18135cef0,,,360fa2d99eba5d80910ac3de023765ab282c5b74a9f0ae3d6e629fb6d88dd1cf,undefined FUN_18135cef0(),ghidra,clean,
WHGame.dll,release_1_5_1164953_841,0x135cf88,151,FUN_18135cf88,,,d48f6532a201f69a497e795475f1989a4c71444d0567230fa3076c4a6dceb0bb,undefined FUN_18135cf88(),ghidra,clean,
WHGame.dll,release_1_5_1164953_841,0x135d020,151,FUN_18135d020,,,7a4b42530827edb693609675add1b4ae0bef0afa941ab670e7e458c57e8aba4f,undefined FUN_18135d020(),ghidra,clean,
WHGame.dll,release_1_5_1164953_841,0x135d0b8,151,FUN_18135d0b8,,,eafe0e9d5c766436c78c2fe62f76abe64a24b3f8711a2cea2319a45422643e11,undefined FUN_18135d0b8(),ghidra,clean,
WHGame.dll,release_1_5_1164953_841,0x135d150,155,FUN_18135d150,,,dc0a3a11ecf831688661ae84c5699911dc917c4334dfadc824d4daba8679ffd1,undefined FUN_18135d150(),ghidra,clean,
WHGame.dll,release_1_5_1164953_841,0x135d1ec,304,FUN_18135d1ec,,,6725160e1226f5c3ea1b0b5a11e7ef44b5aeb47416f07c649a5be4445b81e488,undefined FUN_18135d1ec(),ghidra,clean,
WHGame.dll,release_1_5_1164953_841,0x135d31c,155,FUN_18135d31c,,,f88b3f4e93ccaa54a92cf22082a0072a36a75539d83651ea99cc0ad793987fb0,undefined FUN_18135d31c(),ghidra,clean,
WHGame.dll,release_1_5_1164953_841,0x135d3b8,298,FUN_18135d3b8,,,30376f7d251f8bd7a88c6fb9d549a1d5a919b79d328f0d90ad0a924e70b6f246,undefined FUN_18135d3b8(),ghidra,clean,
WHGame.dll,release_1_5_1164953_841,0x135d4e4,151,FUN_18135d4e4,,,8e3a6b34f5f7403acb6ea3f604d45bb1a92272a0496f052e931e49aa40c7855a,undefined FUN_18135d4e4(),ghidra,clean,
WHGame.dll,release_1_5_1164953_841,0x135d57c,151,FUN_18135d57c,,,9d753864f5a17e65d8e00a9d80eef6580090cd529a262c61e32112fe76568e3f,undefined FUN_18135d57c(),ghidra,clean,
WHGame.dll,release_1_5_1164953_841,0x135d614,151,FUN_18135d614,,,dd61d3fee6ab72f912139633f394e15ef01bf5a4ce0720f311261b16e404999e,undefined FUN_18135d614(),ghidra,clean,
WHGame.dll,release_1_5_1164953_841,0x135d6ac,151,FUN_18135d6ac,,,43266f0354a0bef33ca95140db23cf1a73dde141fa8618f7c571d287369f721b,undefined FUN_18135d6ac(),ghidra,clean,
WHGame.dll,release_1_5_1164953_841,0x135d744,151,FUN_18135d744,,,774a23da055576aef41f1adbe8436604505759c5fe40b3b723d1990bfd14b116,undefined FUN_18135d744(),ghidra,clean,
WHGame.dll,release_1_5_1164953_841,0x135d7dc,151,FUN_18135d7dc,,,905e946f59408524d8de05137e57ce30e59c5f427720bb32c4719122929b4db4,undefined FUN_18135d7dc(),ghidra,clean,
WHGame.dll,release_1_5_1164953_841,0x135d880,26,FUN_18135d880,,,41ce2d1cfa1b649775a991c20c0be8c86cf066e8d27932a37d6839b42aa933b3,undefined FUN_18135d880(),ghidra,clean,
WHGame.dll,release_1_5_1164953_841,0x135d89c,151,FUN_18135d89c,,,c2b7ec08b740f6342d5d0742ca14437ca95caafa251b3694fbd9a343dc5af2f1,undefined FUN_18135d89c(),ghidra,clean,
WHGame.dll,release_1_5_1164953_841,0x135d934,151,FUN_18135d934,,,2b89e6312bf3176f991b677c291be72fa22a118f76e40d66ed46dcd2d8212d0b,undefined FUN_18135d934(),ghidra,clean,
WHGame.dll,release_1_5_1164953_841,0x135d9cc,151,FUN_18135d9cc,,,03e3bf14a6fdc088efcd18cff8e9afd17428d8c7d82b7d6a0f9391cf89376981,undefined FUN_18135d9cc(),ghidra,clean,
WHGame.dll,release_1_5_1164953_841,0x135da64,151,FUN_18135da64,,,b78842cc44ec7f5787530a7980190150217b64f119b7b14f841ea84c2772bfda,undefined FUN_18135da64(),ghidra,clean,
WHGame.dll,release_1_5_1164953_841,0x135dafc,151,FUN_18135dafc,,,3838ac2765c44566865c6172b747eff3924a7ab04a20a227944c5178a4c881e6,undefined FUN_18135dafc(),ghidra,clean,
WHGame.dll,release_1_5_1164953_841,0x135db94,151,FUN_18135db94,,,db9470656edcc8cd66af104fcd4bef58a38f6fcc7c1cdee7f27b99e0ea67b198,undefined FUN_18135db94(),ghidra,clean,
WHGame.dll,release_1_5_1164953_841,0x135dc2c,151,FUN_18135dc2c,,,547b746f752740e86a45a84e188990cc723e376a439e20e517af5929243524ed,undefined FUN_18135dc2c(),ghidra,clean,
WHGame.dll,release_1_5_1164953_841,0x135dcc4,151,FUN_18135dcc4,,,dadb81a8f2a3a4b986ab9881e024a2a4e628e041ef7cc4abaa2fefcabcfa511f,undefined FUN_18135dcc4(),ghidra,clean,
WHGame.dll,release_1_5_1164953_841,0x135dd5c,151,FUN_18135dd5c,,,2162d2b632d1ca17c6201cd1b02f9c408b837c24c420bf2256ff970c39dbf980,undefined FUN_18135dd5c(),ghidra,clean,
WHGame.dll,release_1_5_1164953_841,0x135ddf4,149,FUN_18135ddf4,,,4920d701432d1fd1020f95cf7758b297a51d4bfd072e7b6af856dccb315c082e,undefined FUN_18135ddf4(),ghidra,clean,
WHGame.dll,release_1_5_1164953_841,0x135de8c,149,FUN_18135de8c,,,a208e39b10b314889dff34ba57a76c9ff39bd07d97bd4ad4f7658ca565bb5204,undefined FUN_18135de8c(),ghidra,clean,
WHGame.dll,release_1_5_1164953_841,0x135df24,149,FUN_18135df24,,,f63b0096089baaad94d7f5be22c11ef6c39fb0c06007241d20c3f8392cec81cf,undefined FUN_18135df24(),ghidra,clean,
WHGame.dll,release_1_5_1164953_841,0x135dfbc,149,FUN_18135dfbc,,,e5542feb4978302fe560481950d3390f74d16392888f6a241b615ad46bf5da44,undefined FUN_18135dfbc(),ghidra,clean,
WHGame.dll,release_1_5_1164953_841,0x135e054,155,FUN_18135e054,,,5c49110291e461a34883df707accbe3565a8e6582a3bd068f1f0ce7d49d848f5,undefined FUN_18135e054(),ghidra,clean,
WHGame.dll,release_1_5_1164953_841,0x135e0f0,958,FUN_18135e0f0,,,9ae02db94a4fb83a986ea13f7dedac53ffff076b4d94a44b4ea6d7c29f74da46,undefined FUN_18135e0f0(),ghidra,clean,
WHGame.dll,release_1_5_1164953_841,0x135e4b0,23,FUN_18135e4b0,,,9bd15f31c09fd3b3e130d48b85f374dc8aac8e22fadb33bee11fbb81dc9f6206,undefined FUN_18135e4b0(),ghidra,clean,
WHGame.dll,release_1_5_1164953_841,0x135e4c8,26,FUN_18135e4c8,,,c59c4b5213ef2c567010853621a6cb04823873ed9e81479daa9b2ec06090131b,undefined FUN_18135e4c8(),ghidra,clean,
WHGame.dll,release_1_5_1164953_841,0x135e4e4,26,FUN_18135e4e4,,,445b54d111da327e88de516cdf1e5723f1411fc0dd5d78eb64f3d91d75727b47,undefined FUN_18135e4e4(),ghidra,clean,
WHGame.dll,release_1_5_1164953_841,0x135e500,149,FUN_18135e500,,,a9afaec3c68a6288fefe428dd9767eba3dc2245eca5fc7806d952bcefb93a2cf,undefined FUN_18135e500(),ghidra,clean,
WHGame.dll,release_1_5_1164953_841,0x135e598,149,FUN_18135e598,,,b940f076a8d6bd77587e98f2445c518dc527bc4785396ad2a2f5580a62b5a7b0,undefined FUN_18135e598(),ghidra,clean,
WHGame.dll,release_1_5_1164953_841,0x135e630,26,FUN_18135e630,,,4337a46c4f788d938ba52e10d9ca21ba7fa9ba62c34ee0fae730f183ad953950,undefined FUN_18135e630(),ghidra,clean,
WHGame.dll,release_1_5_1164953_841,0x135e64c,26,FUN_18135e64c,,,9cff8ab7bd119cfe3c70755056fc9478c1e308d0bf65806de01ece1f3e667aff,undefined FUN_18135e64c(),ghidra,clean,
WHGame.dll,release_1_5_1164953_841,0x135e668,1137,FUN_18135e668,,,24f17c6d3267eb5619f0b2303ccd1dc666266786a096f36b9227c3c43e58423f,undefined FUN_18135e668(),ghidra,clean,
WHGame.dll,release_1_5_1164953_841,0x135eadc,149,FUN_18135eadc,,,6df71330f51ad2b33c61b9c65260c146e6a958b3e3bd46c4de22ad40ba6def9e,undefined FUN_18135eadc(),ghidra,clean,
WHGame.dll,release_1_5_1164953_841,0x135eb74,149,FUN_18135eb74,,,bef1d2f3c4173ad19c3edc0cd2050e9d4b6183b70ff09738b04b724c44adc960,undefined FUN_18135eb74(),ghidra,clean,
WHGame.dll,release_1_5_1164953_841,0x135ec0c,1137,FUN_18135ec0c,,,cce82df2b3deed6cff9704e14aa1178ca615c3622829f65d99705d104822d3fd,undefined FUN_18135ec0c(),ghidra,clean,
WHGame.dll,release_1_5_1164953_841,0x135f080,958,FUN_18135f080,,,9f19e7c12ca2c8bbcea3201d5154e4a01820ea0054165e0676843b89d4fc79c2,undefined FUN_18135f080(),ghidra,clean,
WHGame.dll,release_1_5_1164953_841,0x135f440,23,FUN_18135f440,,,d81b9fa71a737d48f3c6f6793313cafc4018430f6a206e86e9b526431d12dcc4,undefined FUN_18135f440(),ghidra,clean,
WHGame.dll,release_1_5_1164953_841,0x135f458,209,FUN_18135f458,,,3c29c1fb3cc83de7c37c1fb0caeaa87b98ed8e7a0e695438d42bbf42ffd24dad,undefined FUN_18135f458(),ghidra,clean,
WHGame.dll,release_1_5_1164953_841,0x135f508,209,FUN_18135f508,,,a135d76d9d8f20d0d20f44aaa11a56c0742aa8db5adee84b3faf8163aea1e4da,undefined FUN_18135f508(),ghidra,clean,
WHGame.dll,release_1_5_1164953_841,0x135f5b8,209,FUN_18135f5b8,,,b83be18be0fe186d6779ddec39976c388db4535a04ef0e2b59cb54456ffdaf39,undefined FUN_18135f5b8(),ghidra,clean,
WHGame.dll,release_1_5_1164953_841,0x135f668,200,FUN_18135f668,,,b18157c3ee3d4e049692e747ccf315a5cc45c8aeefa2ab94ff993ac794bbb6cd,undefined FUN_18135f668(),ghidra,clean,
WHGame.dll,release_1_5_1164953_841,0x135f710,200,FUN_18135f710,,,0f021e8d32dfcbdbea647ab088bdb9903d8c5c05ccf82ef3155554ad044a2ffe,undefined FUN_18135f710(),ghidra,clean,
WHGame.dll,release_1_5_1164953_841,0x135f7b8,543,FUN_18135f7b8,,,9ff0a158264d67af997fc8598237317e88b3f1a4963e7b4e74deac81ee34a5f7,undefined FUN_18135f7b8(),ghidra,clean,
WHGame.dll,release_1_5_1164953_841,0x135f984,200,FUN_18135f984,,,4138413cbf84da21f5b92bea424de044723b3ed5e16358e23d27a0069453dac5,undefined FUN_18135f984(),ghidra,clean,
WHGame.dll,release_1_5_1164953_841,0x135fa2c,155,FUN_18135fa2c,,,a4fce0cbb1ea703dbd8bcca0c73616e9fe931b57770ad582719b0d8ebad9d9bc,undefined FUN_18135fa2c(),ghidra,clean,
WHGame.dll,release_1_5_1164953_841,0x135fac8,155,FUN_18135fac8,,,cd6db8bb0ce30d8a0c4ca0d00377548a44e52765191e4f12a13b3b09691827d2,undefined FUN_18135fac8(),ghidra,clean,
WHGame.dll,release_1_5_1164953_841,0x135fb64,155,FUN_18135fb64,,,5f94a09c8101d3a2b614122675b4b98a915662eeee3833c0a85eb34067d390c8,undefined FUN_18135fb64(),ghidra,clean,
WHGame.dll,release_1_5_1164953_841,0x135fc00,155,FUN_18135fc00,,,53964a591f083e7fa5845951eef39b31f90f9a8e0b5827ff0bf29a85d608a524,undefined FUN_18135fc00(),ghidra,clean,
WHGame.dll,release_1_5_1164953_841,0x135fc9c,149,FUN_18135fc9c,,,4668e21f2c52489fb507e20e4fd6968a96141b1ed2c826f727a5e8575600fd45,undefined FUN_18135fc9c(),ghidra,clean,
WHGame.dll,release_1_5_1164953_841,0x135fd34,149,FUN_18135fd34,,,b4b5d088e8b40acfc717e2e1a08afebacdc18cf3dea6e5086e1b6286a827184b,undefined FUN_18135fd34(),ghidra,clean,
WHGame.dll,release_1_5_1164953_841,0x135fdcc,149,FUN_18135fdcc,,,af321e82225573ebebe79f564058e81e1cbce8a6775ddffd1f9ddf927459a949,undefined FUN_18135fdcc(),ghidra,clean,
WHGame.dll,release_1_5_1164953_841,0x135fe64,149,FUN_18135fe64,,,7e8165ec630baf589c4bad2fa8948be9f024f0eaac457f1bdd6a528d11ae57d7,undefined FUN_18135fe64(),ghidra,clean,
WHGame.dll,release_1_5_1164953_841,0x135fefc,149,FUN_18135fefc,,,703a4e740ff30c8c3bc925e271d945f1d50c815804c833fbe6d73f27139720f0,undefined FUN_18135fefc(),ghidra,clean,
WHGame.dll,release_1_5_1164953_841,0x135ff94,149,FUN_18135ff94,,,87544ab2f3ebff55e48d7317684d428a4ca1f80d6eccc6748d5954c2c86392bd,undefined FUN_18135ff94(),ghidra,clean,
WHGame.dll,release_1_5_1164953_841,0x136002c,149,FUN_18136002c,,,a325300191c2a5efafb74c2e4d87552b1c9f6c0c2fcfcc898bd754c27a816e89,undefined FUN_18136002c(),ghidra,clean,
WHGame.dll,release_1_5_1164953_841,0x13600c4,149,FUN_1813600c4,,,0a5fb13a2684f2abaf2dca806f057eaf12131ec3bf73cb6a6706913d94ba46ed,undefined FUN_1813600c4(),ghidra,clean,
WHGame.dll,release_1_5_1164953_841,0x136015c,149,FUN_18136015c,,,418b5ed100d39da1e3060e135ebed8795d3d8d44abd1c4c0249a039d4d48c5e5,undefined FUN_18136015c(),ghidra,clean,
WHGame.dll,release_1_5_1164953_841,0x13601f4,149,FUN_1813601f4,,,9703d6750a2e5ad9192a800f78f4fd7c1175149d5fe571518a91681c9a5e8dea,undefined FUN_1813601f4(),ghidra,clean,
WHGame.dll,release_1_5_1164953_841,0x136028c,1137,FUN_18136028c,,,294585b8a5e226b0abe058c7bab49aa7d43b3302c664b5a6ec9d6d385c224fca,undefined FUN_18136028c(),ghidra,clean,
WHGame.dll,release_1_5_1164953_841,0x1360700,26,FUN_181360700,,,819234953c91d716a341edb10dcca2267107efa13f78881bbca64f4a7a11eeca,undefined FUN_181360700(),ghidra,clean,
WHGame.dll,release_1_5_1164953_841,0x136071c,155,FUN_18136071c,,,76238b4d6176b03a556da569ddcba1da75b4f988113e8a6d5122eeec9b641b72,undefined FUN_18136071c(),ghidra,clean,
WHGame.dll,release_1_5_1164953_841,0x13607b8,26,FUN_1813607b8,,,70509e233b81a4b980391cbde5d0f4e0f57007794a397523a1f478e8884bbf63,undefined FUN_1813607b8(),ghidra,clean,
WHGame.dll,release_1_5_1164953_841,0x13607d4,1137,FUN_1813607d4,,,cc92d20e8cbccbde520e1e96ba480b04b06fb0cb7949f57635c5a06d391830bc,undefined FUN_1813607d4(),ghidra,clean,
WHGame.dll,release_1_5_1164953_841,0x1360c48,155,FUN_181360c48,,,206cfeded81a8af22ef2be25025bad746e1d769711670dcd1560b9d322bef220,undefined FUN_181360c48(),ghidra,clean,
WHGame.dll,release_1_5_1164953_841,0x1360ce4,543,FUN_181360ce4,,,d2ab6d00281efdeeb16e11ee7d4c731b710d309fd8a3d79d91305972af155d61,undefined FUN_181360ce4(),ghidra,clean,
WHGame.dll,release_1_5_1164953_841,0x1360eb0,543,FUN_181360eb0,,,c2eeff82c6367a25d0e6b21af035cda48e84a13bdfca9e563833eb17e9bbdc76,undefined FUN_181360eb0(),ghidra,clean,
WHGame.dll,release_1_5_1164953_841,0x136107c,151,FUN_18136107c,,,a77ccf0587b863f5b1168f259d60295f7e84c9c8c298a41245d39927c9ceb254,undefined FUN_18136107c(),ghidra,clean,
WHGame.dll,release_1_5_1164953_841,0x1361114,151,FUN_181361114,,,878a4bec09b7c2939c4fdb9c0968dac33026db072249ec4271c753b56bb13197,undefined FUN_181361114(),ghidra,clean,
WHGame.dll,release_1_5_1164953_841,0x13611ac,304,FUN_1813611ac,,,b57b3622a77f507af2c2a2a13e081f2f361cddb4cf761b591f806e4f4666bd64,undefined FUN_1813611ac(),ghidra,clean,
WHGame.dll,release_1_5_1164953_841,0x13612dc,155,FUN_1813612dc,,,d3dea444cc45b896d5d4f5afdbdde69e21aebbb4e9e2d2583a2b17a75fea0596,undefined FUN_1813612dc(),ghidra,clean,
WHGame.dll,release_1_5_1164953_841,0x1361378,298,FUN_181361378,,,8d509dfc0fe8b05622208c2784f9d5fead1caca2c7dbb2c0794f940d5e270bc9,undefined FUN_181361378(),ghidra,clean,
WHGame.dll,release_1_5_1164953_841,0x13614a4,304,FUN_1813614a4,,,245db268e380bc3c50ab56f1e671a8c0e0f7e16aeb1591b04e4d0137e758e712,undefined FUN_1813614a4(),ghidra,clean,
WHGame.dll,release_1_5_1164953_841,0x13615d4,155,FUN_1813615d4,,,c3b565f3f204d18c9a231f5a997b035cf33841f32b558e63768f217bb5b4f59d,undefined FUN_1813615d4(),ghidra,clean,
WHGame.dll,release_1_5_1164953_841,0x1361670,298,FUN_181361670,,,241ac495af47bfc392bc2a77dad74ebcf2e6410a7bb3e28d4b82e4b55b3e17f2,undefined FUN_181361670(),ghidra,clean,
WHGame.dll,release_1_5_1164953_841,0x136179c,151,FUN_18136179c,,,e519b5cf0d8a90c7ab9f23a33ffeaf07e8cc41662a0a0b629c44dd3cc845ec0b,undefined FUN_18136179c(),ghidra,clean,
WHGame.dll,release_1_5_1164953_841,0x1361834,151,FUN_181361834,,,7075642fe253d26008adb1715b90a821138b87a553661b0a622821a5a8158077,undefined FUN_181361834(),ghidra,clean,
WHGame.dll,release_1_5_1164953_841,0x13618cc,26,FUN_1813618cc,,,2512be8f56d38fe185ce1ef0bb3f50f9103646ca5a1ee751f65219dad5b61274,undefined FUN_1813618cc(),ghidra,clean,
WHGame.dll,release_1_5_1164953_841,0x13618e8,456,FUN_1813618e8,,,dc20906a2423ee4ea74f7bad920a4d72ff177e73efbaeb390a28e5bede6adcda,undefined FUN_1813618e8(),ghidra,clean,
WHGame.dll,release_1_5_1164953_841,0x13619c8,155,FUN_1813619c8,,,6be04408f9960fca51d94db3093016ecaeea97a21ec529f1e86cd9689eab78d0,undefined FUN_1813619c8(),ghidra,clean,
WHGame.dll,release_1_5_1164953_841,0x1361a64,291,FUN_181361a64,,,de408032bd08df274ec6b67274ffa47ae4d631c3e2c6ee9d0c6b39d0abdba4fd,undefined FUN_181361a64(),ghidra,clean,
WHGame.dll,release_1_5_1164953_841,0x1361b88,339,FUN_181361b88,,,d8484eb711fb665f77f354c6aaa0dc2a1c702f7358d37f89f00f17583920c863,undefined FUN_181361b88(),ghidra,clean,
WHGame.dll,release_1_5_1164953_841,0x1361c58,92,FUN_181361c58,,,c8def17996993f83fb5c4b074c476046c07ad3df885e528f53d0414fffdefff4,undefined FUN_181361c58(),ghidra,clean,
WHGame.dll,release_1_5_1164953_841,0x1361c9c,121,FUN_181361c9c,,,b4eecfff2e99a666dc91c98a422e33be33fa23422c343f9c7feaa20f0a30a87b,undefined FUN_181361c9c(),ghidra,clean,
WHGame.dll,release_1_5_1164953_841,0x1361d18,190,FUN_181361d18,,,43e05f4c300d89db6c3c7af646b193e1fcaa7062ef51ae0b3beb729585afdebc,undefined FUN_181361d18(),ghidra,clean,
WHGame.dll,release_1_5_1164953_841,0x1361dd8,318,FUN_181361dd8,,,2f43d20c40a11d408399918afe447fc68a4022d263f8bdfd4f555611ce6a13cf,undefined FUN_181361dd8(),ghidra,clean,
WHGame.dll,release_1_5_1164953_841,0x1361e68,347,FUN_181361e68,,,a663b18fcf1084337459a8f6964758be08280d352d6862d23b4af5ddb8b8342f,undefined FUN_181361e68(),ghidra,clean,
WHGame.dll,release_1_5_1164953_841,0x1361fc4,53,FUN_181361fc4,,,48e9b809243d29a50a8091e01bef9d3191d84d35b802ee95dfee94cf4a1ac6d4,undefined FUN_181361fc4(),ghidra,clean,
WHGame.dll,release_1_5_1164953_841,0x1361ffc,53,FUN_181361ffc,,,380e6bff75da30886e9f92173d2e3a7562d827970a7f7546c5b5a163214c1477,undefined FUN_181361ffc(),ghidra,clean,
WHGame.dll,release_1_5_1164953_841,0x1362050,32,FUN_181362050,,,d0526582c304c832c39a8fccebe4348f3539b7ef15fd232971f29b2c66faea09,undefined FUN_181362050(),ghidra,clean,
WHGame.dll,release_1_5_1164953_841,0x1362070,28,FUN_181362070,,,9d824bbd3b68287bd212283f4229e88bd0d1154caea07ef9eb191161b9b01438,undefined FUN_181362070(),ghidra,clean,
WHGame.dll,release_1_5_1164953_841,0x136208c,204,FUN_18136208c,,,f93fa5f2459a8e3b02a2a450d778ce19b3b1cff2869b4ebaa3eefdf3398b5ce1,undefined FUN_18136208c(),ghidra,clean,
WHGame.dll,release_1_5_1164953_841,0x1362138,204,FUN_181362138,,,48ea19cc291956150a815982526d3fa34c3375992256180d541fcd8554a6c712,undefined FUN_181362138(),ghidra,clean,
WHGame.dll,release_1_5_1164953_841,0x13621e4,204,FUN_1813621e4,,,b87b547cb14db6104553f9cf3dc3a638883fb0e9ff85df956f28db6cde20647c,undefined FUN_1813621e4(),ghidra,clean,
WHGame.dll,release_1_5_1164953_841,0x1362290,204,FUN_181362290,,,217e7cef1af6d37beda1185f12b803fc689f9c8931733ec6d32be125b364ca11,undefined FUN_181362290(),ghidra,clean,
WHGame.dll,release_1_5_1164953_841,0x136233c,200,FUN_18136233c,,,3df3c284108c5ddc452aaac03b2d0224634e2a43f7f6c0ff7c3904bdd169b241,undefined FUN_18136233c(),ghidra,clean,
WHGame.dll,release_1_5_1164953_841,0x13623e4,26,FUN_1813623e4,,,50d5e700f18c904fd31a8e77de294b6f945b4a4f5eb2164190e5563455b4735e,undefined FUN_1813623e4(),ghidra,clean,
WHGame.dll,release_1_5_1164953_841,0x1362400,151,FUN_181362400,,,bc34219fc4d29e97d35a2baa5652bb3c5fbdfd0659289f189f14937873f73248,undefined FUN_181362400(),ghidra,clean,
WHGame.dll,release_1_5_1164953_841,0x1362498,151,FUN_181362498,,,a561f81159350cf677f0de0ac38330be3fc6d058a3d543106ca948a161995985,undefined FUN_181362498(),ghidra,clean,
WHGame.dll,release_1_5_1164953_841,0x1362530,151,FUN_181362530,,,51adb312f9ca4f2faafb6124a56674f537c3911a099fc40c3ced26a400b996f8,undefined FUN_181362530(),ghidra,clean,
WHGame.dll,release_1_5_1164953_841,0x13625c8,151,FUN_1813625c8,,,e10ead1f1ce2425940301d884d62659a58591750c431069f49ddc7445680cbe7,undefined FUN_1813625c8(),ghidra,clean,
WHGame.dll,release_1_5_1164953_841,0x1362660,151,FUN_181362660,,,af682b06c6cf70de51ee3972ebafedc67e6e001c1da84fa515be81760448a36a,undefined FUN_181362660(),ghidra,clean,
WHGame.dll,release_1_5_1164953_841,0x13626f8,949,FUN_1813626f8,,,c6f86bf1753f3eeb288e2b22696767ad01cdacd5e808fcd1504554918e21f8bd,undefined FUN_1813626f8(),ghidra,clean,
WHGame.dll,release_1_5_1164953_841,0x1362ab0,23,FUN_181362ab0,,,4a2215c3e820937481093c41c3a2c4fdd1b034767afb06c5e8afd475b2e2dc6a,undefined FUN_181362ab0(),ghidra,clean,
WHGame.dll,release_1_5_1164953_841,0x1362ac8,155,FUN_181362ac8,,,57190f15a8d3347a715c6ad81be7bdf7edcc88d75d373c12faea5863826acfe5,undefined FUN_181362ac8(),ghidra,clean,
WHGame.dll,release_1_5_1164953_841,0x1362b64,314,FUN_181362b64,,,8dcde6741bec2883a5f9def7ba945ea0cf0d93f1b3e7455cf23d67da47ee2893,undefined FUN_181362b64(),ghidra,clean,
WHGame.dll,release_1_5_1164953_841,0x1362ca0,155,FUN_181362ca0,,,1826120842b854229f509c89663e3ec50fffe0bf103d085341717c2b88979ad6,undefined FUN_181362ca0(),ghidra,clean,
WHGame.dll,release_1_5_1164953_841,0x1362d3c,308,FUN_181362d3c,,,076455ca4fc582f588aec46fe3a49fd8237627145ffdffb71d76fbf65d956b29,undefined FUN_181362d3c(),ghidra,clean,
WHGame.dll,release_1_5_1164953_841,0x1362e70,151,FUN_181362e70,,,20e7f04f7a7e90d1eba47b7b4a6348d38ce1fec98d9f63a18c7b3da7465c33fd,undefined FUN_181362e70(),ghidra,clean,
WHGame.dll,release_1_5_1164953_841,0x1362f08,151,FUN_181362f08,,,9539fa4f88bbc1aae406150cc561aa2252f922b740c4c154411ea62c1deaf9e4,undefined FUN_181362f08(),ghidra,clean,
WHGame.dll,release_1_5_1164953_841,0x1362fa0,151,FUN_181362fa0,,,af37cc8a8b4259391085755404aa65f823a5e1c1c60b6688e92ba96c8ac1b803,undefined FUN_181362fa0(),ghidra,clean,
WHGame.dll,release_1_5_1164953_841,0x1363038,151,FUN_181363038,,,7ab1f4dd8dcafc3b6f57b4e0c65909cbf7e27d20663419bc574a9b1fa50575aa,undefined FUN_181363038(),ghidra,clean,
WHGame.dll,release_1_5_1164953_841,0x13630d0,219,FUN_1813630d0,,,d54991bf68333368d4edb693b15ea3f92ada9a24aa4f7b94f28f1313ff6a0c12,undefined FUN_1813630d0(),ghidra,clean,
WHGame.dll,release_1_5_1164953_841,0x13631ac,201,FUN_1813631ac,,,f9282fbc42a5a409de44bee491a719224e5150e3c22eff476cde5752b3cc49c7,undefined FUN_1813631ac(),ghidra,clean,
WHGame.dll,release_1_5_1164953_841,0x1363278,238,FUN_181363278,,,565c4aa312aa7e9d5508c675446a393e1059bbbe8a36fc502423a382a478a39b,undefined FUN_181363278(),ghidra,clean,
WHGame.dll,release_1_5_1164953_841,0x1363368,177,FUN_181363368,,,86b1cce94f95a6c0de550bc399167349fbae1e922b314e27c355526f25c72af8,undefined FUN_181363368(),ghidra,clean,
WHGame.dll,release_1_5_1164953_841,0x136341c,86,FUN_18136341c,,,91360f719b06c33737a3149faae21a8a028ad6e82e94f44af623036b9002da58,undefined FUN_18136341c(),ghidra,clean,
WHGame.dll,release_1_5_1164953_841,0x1363474,303,FUN_181363474,,,3e17691a648244438e036a2a1b4316a393c5bdcc52f87a1bf82029a80c65d018,undefined FUN_181363474(),ghidra,clean,
WHGame.dll,release_1_5_1164953_841,0x13635a4,38,FUN_1813635a4,,,b03d8284205228e7fbb3d75b482c80406ed50fb21240ac161a8d15a8aff056fc,undefined FUN_1813635a4(),ghidra,clean,
WHGame.dll,release_1_5_1164953_841,0x13635cc,253,FUN_1813635cc,,,8f4995c3225f19020c7f04f3c06b2ff271099e6354a2375bb1fc4944cb4ebcfd,undefined FUN_1813635cc(),ghidra,clean,
WHGame.dll,release_1_5_1164953_841,0x13636cc,207,FUN_1813636cc,,,c33ec023c39c10a5557a71fcb0d5937f28e7b03d6aebf601dfa7fe4d79e106dc,undefined FUN_1813636cc(),ghidra,clean,
WHGame.dll,release_1_5_1164953_841,0x136378c,261,FUN_18136378c,,,ab2047061b889969d2f92bc16bb818b021a753db9b9c3a8cdf61894bdc04354d,undefined FUN_18136378c(),ghidra,clean,
WHGame.dll,release_1_5_1164953_841,0x1363888,196,FUN_181363888,,,fa38f43fd94e4c4db7d97cfd85392e150b97f7c7ea541acdc19afe606ba190dd,undefined FUN_181363888(),ghidra,clean,
WHGame.dll,release_1_5_1164953_841,0x136394c,253,FUN_18136394c,,,829ec8ba6f4c9f31edeaa706cd8406857db27a07abc29a4cbb4f21d8e2c43921,undefined FUN_18136394c(),ghidra,clean,
WHGame.dll,release_1_5_1164953_841,0x1363a4c,207,FUN_181363a4c,,,52d8671bc6fd20fe6e91756689fd6f1df7f848a9c62ebc81ac7e5418138b45ae,undefined FUN_181363a4c(),ghidra,clean,
WHGame.dll,release_1_5_1164953_841,0x1363b0c,261,FUN_181363b0c,,,fb3a05c1ade423e4e50daf00bcc996dc81f330c8167c9a8a943fe19c572e4e57,undefined FUN_181363b0c(),ghidra,clean,
WHGame.dll,release_1_5_1164953_841,0x1363c08,196,FUN_181363c08,,,354a31ae378912bcf574c5b27065e5926cab46fea7a78d3e7a4a938c9a4feeb2,undefined FUN_181363c08(),ghidra,clean,
WHGame.dll,release_1_5_1164953_841,0x1363ccc,2871,FUN_181363ccc,,,53bab6cc87bf97c263991e97e359f5c3ea5a2cfeaa080969f2ad6c73956caeaf,undefined FUN_181363ccc(),ghidra,clean,
WHGame.dll,release_1_5_1164953_841,0x1364804,1952,FUN_181364804,,,74215364e3ccfc68331b92aa85053fed70fc6b6fee112cf4924d762852f069fc,undefined FUN_181364804(),ghidra,clean,
WHGame.dll,release_1_5_1164953_841,0x1364fa4,115,FUN_181364fa4,,,a35664c6d0579aca8a91c3108c1e8275866c6b052dc292ba29605b71610ae087,undefined FUN_181364fa4(),ghidra,clean,
WHGame.dll,release_1_5_1164953_841,0x1365018,101,FUN_181365018,,,c14fe20cc993c1fd9a38a059130389d5ca987ade3c507b997d5155b61c5f93e5,undefined FUN_181365018(),ghidra,clean,
WHGame.dll,release_1_5_1164953_841,0x136505c,96,FUN_18136505c,,,6d9121733c7ed7480416d873f76dcf96480c46ed68717a06744ea332206dd4fc,undefined FUN_18136505c(),ghidra,clean,
WHGame.dll,release_1_5_1164953_841,0x13650bc,101,FUN_1813650bc,,,2e73a787edb896b23d9bb2ec1cc1c3a62c3c207de701021089064e59bcdf6462,undefined FUN_1813650bc(),ghidra,clean,
WHGame.dll,release_1_5_1164953_841,0x1365124,194,FUN_181365124,,,00dd21bcd9a7dc6a8dcd823adfca698571d8522aaceea90af4d9773c3c707697,undefined FUN_181365124(),ghidra,clean,
WHGame.dll,release_1_5_1164953_841,0x13651e8,155,FUN_1813651e8,,,21caf47ad5472474abb7c1fb790e8036ec86f0a6892b91d52dab6d3b3f9ab760,undefined FUN_1813651e8(),ghidra,clean,
WHGame.dll,release_1_5_1164953_841,0x1365284,291,FUN_181365284,,,06ee4b93ebec02209920e28287cb58f1cf7f7a901ec9fb2b09117b50873a5990,undefined FUN_181365284(),ghidra,clean,
WHGame.dll,release_1_5_1164953_841,0x13653a8,11,FUN_1813653a8,,,b08de259adfd5ed8d3f11808441ccf1eb0231a3ed26da76dc95f45313040d858,undefined FUN_1813653a8(),ghidra,clean,
WHGame.dll,release_1_5_1164953_841,0x13653b4,336,FUN_1813653b4,,,4fb69a8ba27db906499764390478b960b64b7443dd5c13abf0c947e2e5f44365,undefined FUN_1813653b4(),ghidra,clean,
WHGame.dll,release_1_5_1164953_841,0x1365508,250,FUN_181365508,,,e247e82bc101bfccb2482e34b82d88e6f131fd0c4d68ac633ed40142c50c465a,undefined FUN_181365508(),ghidra,clean,
WHGame.dll,release_1_5_1164953_841,0x1365604,880,FUN_181365604,,,3c7c1bb43e9db891b02e49e74418df9e146976ab01bbde486eb4014340dbe208,undefined FUN_181365604(),ghidra,clean,
WHGame.dll,release_1_5_1164953_841,0x1365974,63,FUN_181365974,,,1950201c503c7c4cd03ff02923482fbbb71a7d904995cd22ff11d8cb633e1aaf,undefined FUN_181365974(),ghidra,clean,
WHGame.dll,release_1_5_1164953_841,0x13659b4,340,FUN_1813659b4,,,01b8bb6c573858f966adceb622ff29c828fb05235d4aa3f20d56eeb30db0b537,undefined FUN_1813659b4(),ghidra,clean,
WHGame.dll,release_1_5_1164953_841,0x1365b08,822,FUN_181365b08,,,afbe659f22a4e1c5b6eedc06c7e4a0b49900df15cc0894ca7b4223a4266df2ca,undefined FUN_181365b08(),ghidra,clean,
WHGame.dll,release_1_5_1164953_841,0x1365e40,62,FUN_181365e40,,,ac59fe3edc0503ea9f3fcaaa769f17f19250fe9802fa2f2f14f3582f2f8d0274,undefined FUN_181365e40(),ghidra,clean,
WHGame.dll,release_1_5_1164953_841,0x1365e6c,89,FUN_181365e6c,,,6ad224f635b258942129080a8de522052b5fb0b8fd54c1794ef996c22411e338,undefined FUN_181365e6c(),ghidra,clean,
WHGame.dll,release_1_5_1164953_841,0x1365ec8,784,FUN_181365ec8,,,bd804ff7ada5ae1b8d769995510e85b63e2c2eda2947b826d03d263bf785d933,undefined FUN_181365ec8(),ghidra,clean,
WHGame.dll,release_1_5_1164953_841,0x13661d8,63,FUN_1813661d8,,,ac3a400860d876d7af9476ac88add657949d9af7363ed3f12b63f9af4a724e2e,undefined FUN_1813661d8(),ghidra,clean,
WHGame.dll,release_1_5_1164953_841,0x1366218,141,FUN_181366218,,,e27cda93e8bca0d9979466acbe21f1d76ecea82a16de742d08e6f6553ce96ec8,undefined FUN_181366218(),ghidra,clean,
WHGame.dll,release_1_5_1164953_841,0x13662a8,55,FUN_1813662a8,,,875db03b7ba185c111b41c10a455944d7ba0f872f2ad69c8c1062827e29ed466,undefined FUN_1813662a8(),ghidra,clean,
WHGame.dll,release_1_5_1164953_841,0x13662e0,114,FUN_1813662e0,,,77743995410aa33f0ff0645779aa2df4d5eb0250c126a49b3a945c0d67f308c1,undefined FUN_1813662e0(),ghidra,clean,
WHGame.dll,release_1_5_1164953_841,0x1366354,221,FUN_181366354,,,7c951e46e520d702601a111f77c5709892c62f2413b702eb63dcce4b764a08e7,undefined FUN_181366354(),ghidra,clean,
WHGame.dll,release_1_5_1164953_841,0x1366434,361,FUN_181366434,,,ea8eaf4783f15df1f9f60d3d70c899f69b34ea0f230f6b2866b6022314f39efd,undefined FUN_181366434(),ghidra,clean,
WHGame.dll,release_1_5_1164953_841,0x13665a0,180,FUN_1813665a0,,,aeeb147cb43461ed9f3522c68c5a5b2e2e4810dc6706ed6b220bb437e0ea1ea5,undefined FUN_1813665a0(),ghidra,clean,
WHGame.dll,release_1_5_1164953_841,0x1366654,186,FUN_181366654,,,6d4185e3401d6fe163839bc584bae3958465070e4dd0fdea29f3ad5227163990,undefined FUN_181366654(),ghidra,clean,
WHGame.dll,release_1_5_1164953_841,0x1366710,124,FUN_181366710,,,5ed5aa634fd9d993912dbce1dd2e0e06e844d91e9a205ab15c9cee5ca7ae870e,undefined FUN_181366710(),ghidra,clean,
WHGame.dll,release_1_5_1164953_841,0x136678c,293,FUN_18136678c,,,2ce5162fffd2d1e88129ec9c909fd744a2b343f30316f4b9d837eaa6e9c8afda,undefined FUN_18136678c(),ghidra,clean,
WHGame.dll,release_1_5_1164953_841,0x13668a0,126,FUN_1813668a0,,,1889f4eb069d9d97fcf478ce2aa81c868276dd00d8f44ed265e078fd98e62fca,undefined FUN_1813668a0(),ghidra,clean,
WHGame.dll,release_1_5_1164953_841,0x1366920,56,FUN_181366920,,,9fd62e86e17c6756229d72f1f9c1a47bd433f8f1568cc45dbdaf72c8a9eebde8,undefined FUN_181366920(),ghidra,clean,
WHGame.dll,release_1_5_1164953_841,0x1366958,158,FUN_181366958,,,74dee316ca71f0bdeca0f5bdb0bd7a2b90dee53049d9e61f6f04b89d3b98e191,undefined FUN_181366958(),ghidra,clean,
WHGame.dll,release_1_5_1164953_841,0x1366a00,4,FUN_181366a00,,,a7822020c7375b6495b2bf0097bd8209e4d0f50fcb4e150a4b63f5c8224dff61,undefined FUN_181366a00(),ghidra,clean,
WHGame.dll,release_1_5_1164953_841,0x1366a04,180,FUN_181366a04,,,035305aaf815b7d246bed36182e05675fc60e1bb20c7f7dd315aef02a018aa96,undefined FUN_181366a04(),ghidra,clean,
WHGame.dll,release_1_5_1164953_841,0x1366ab8,155,FUN_181366ab8,,,ac6a00661b51851e6f303b916bf24189269732ca54312ec4aaf6148accade3f0,undefined FUN_181366ab8(),ghidra,clean,
WHGame.dll,release_1_5_1164953_841,0x1366b54,293,FUN_181366b54,,,dc005274f5db449f5d2ff3cd81fe96875b89380d1de2e561e6e3dcdcd68d513b,undefined FUN_181366b54(),ghidra,clean,
WHGame.dll,release_1_5_1164953_841,0x1366c7c,184,FUN_181366c7c,,,831f5075afa1b045cae9aeb95efa9b0b845cef9e6a61d385e45713576ce616d6,undefined FUN_181366c7c(),ghidra,clean,
WHGame.dll,release_1_5_1164953_841,0x1366d1c,183,FUN_181366d1c,,,315dad97bd9cdd1156d101ef68666812b419c90bcf1b5830dbb24315599c369d,undefined FUN_181366d1c(),ghidra,clean,
WHGame.dll,release_1_5_1164953_841,0x1366dc8,173,FUN_181366dc8,,,1dc3690ac8e4790a14aa9f67700ce76876fbdbfd97f4e2d5bb0b578d5c7a3789,undefined FUN_181366dc8(),ghidra,clean,
WHGame.dll,release_1_5_1164953_841,0x1366e84,108,FUN_181366e84,,,8a9a86682bd09daf9dc8827bc218f528046b5df1d7b7f97f16bb8efe13422cd7,undefined FUN_181366e84(),ghidra,clean,
WHGame.dll,release_1_5_1164953_841,0x1366ef0,198,FUN_181366ef0,,,990b2edd71859b7160cdf4f401565770df8bb0cff5cd02ffe3ac8d210df200d9,undefined FUN_181366ef0(),ghidra,clean,
WHGame.dll,release_1_5_1164953_841,0x1366fb8,253,FUN_181366fb8,,,4f9621fdff4443598887f858addd171abf7448dfecb4d4db68ee03f8ca222a7b,undefined FUN_181366fb8(),ghidra,clean,
WHGame.dll,release_1_5_1164953_841,0x13670b8,207,FUN_1813670b8,,,d53e3318cc7f64a7f38cf9bec40177cbe5740298a6270259ac1c2d64b34d52b2,undefined FUN_1813670b8(),ghidra,clean,
WHGame.dll,release_1_5_1164953_841,0x1367178,253,FUN_181367178,,,033015ce9ea7d3975ec3fb67bac70de8d4eb9c23632eeb0e53cdd2dfbd335ece,undefined FUN_181367178(),ghidra,clean,
WHGame.dll,release_1_5_1164953_841,0x1367278,190,FUN_181367278,,,750d51ac53e5671f784a5525e089118328f4269cb2a21088cb3806f8ca3dd3f2,undefined FUN_181367278(),ghidra,clean,
WHGame.dll,release_1_5_1164953_841,0x1367324,261,FUN_181367324,,,ef400afe75c878067447389363b05c10063f74421f388b5ed66a39b4c54ccb59,undefined FUN_181367324(),ghidra,clean,
WHGame.dll,release_1_5_1164953_841,0x1367420,261,FUN_181367420,,,1ab6763beb10b1b6e6584b66304c0e8dc92e7dcfb05cfad869671d82bacee0e9,undefined FUN_181367420(),ghidra,clean,
WHGame.dll,release_1_5_1164953_841,0x136751c,196,FUN_18136751c,,,1590ef144db7b518500d21b82df285a248583b52fc46b159bb110f05c7879e31,undefined FUN_18136751c(),ghidra,clean,
WHGame.dll,release_1_5_1164953_841,0x13675e0,196,FUN_1813675e0,,,010e09fe0b8a17ef573d64c2b75902380a539bc4c17fa40178eaa224dbc894c1,undefined FUN_1813675e0(),ghidra,clean,
WHGame.dll,release_1_5_1164953_841,0x13676a4,85,FUN_1813676a4,,,b86dd8f2d81089c4915a94120914acc6f4fdd7c40c25e406a4f61fab2cfb9ddb,undefined FUN_1813676a4(),ghidra,clean,
WHGame.dll,release_1_5_1164953_841,0x13676fc,85,FUN_1813676fc,,,c03915f133fd0ea7785a2a933b7ee19ea16a16617f78fbcab66d793a3f4d8f74,undefined FUN_1813676fc(),ghidra,clean,
WHGame.dll,release_1_5_1164953_841,0x1367754,109,FUN_181367754,,,c10d6368653f8e6b8b3464ac58bed792e21ef33a09c6c119c9584c7d1cd185b5,undefined FUN_181367754(),ghidra,clean,
WHGame.dll,release_1_5_1164953_841,0x136778c,1118,FUN_18136778c,,,fd3b8ce36d5b3acce8d0a92e8d37b3fce2def3f5af8641bd8882fca81b1fe019,undefined FUN_18136778c(),ghidra,clean,
WHGame.dll,release_1_5_1164953_841,0x1367bec,26,FUN_181367bec,,,819234953c91d716a341edb10dcca2267107efa13f78881bbca64f4a7a11eeca,undefined FUN_181367bec(),ghidra,clean,
WHGame.dll,release_1_5_1164953_841,0x1367c08,155,FUN_181367c08,,,70f692a0551cb30887e7d97c1e63d8791e4392cea8ea0b03acb0bd1d3fd430a1,undefined FUN_181367c08(),ghidra,clean,
WHGame.dll,release_1_5_1164953_841,0x1367ca4,245,FUN_181367ca4,,,7cf4d17b9d02265bf4f18e50eb85c45aad0ac7ecba8bb9351da24df97d1a30a7,undefined FUN_181367ca4(),ghidra,clean,
WHGame.dll,release_1_5_1164953_841,0x1367d9c,18,FUN_181367d9c,,,921c1937be674eee94f81b27a4ee88d096943d61b8717371f04bb0d3a34ecec0,undefined FUN_181367d9c(),ghidra,clean,
WHGame.dll,release_1_5_1164953_841,0x1367db0,50,FUN_181367db0,,,1af7e03bf91229a39521083fd375c243cf02a9f19534b7b95db681303d3bc0ef,undefined FUN_181367db0(),ghidra,clean,
WHGame.dll,release_1_5_1164953_841,0x1367dcc,155,FUN_181367dcc,,,83f0ae23bc211b46fa99eb2ebe77eb76684596cf8a6e04140794256a16103d5a,undefined FUN_181367dcc(),ghidra,clean,
WHGame.dll,release_1_5_1164953_841,0x1367e68,291,FUN_181367e68,,,7ff768f9361b23c6b66a07221df033de94a8efa5fc8ffae732b2b0f75780f5a7,undefined FUN_181367e68(),ghidra,clean,
WHGame.dll,release_1_5_1164953_841,0x1367f8c,295,FUN_181367f8c,,,ba4086de81aa276b91a78a949b6db459f46ee2fe5121261caccf58ecdea339b4,undefined FUN_181367f8c(),ghidra,clean,
WHGame.dll,release_1_5_1164953_841,0x13680b4,61,FUN_1813680b4,,,99418e333240e9c16b1fb7acddbb45bd1af1ab6a022f2520170c94d7fbf9f08f,undefined FUN_1813680b4(),ghidra,clean,
WHGame.dll,release_1_5_1164953_841,0x13680f4,108,FUN_1813680f4,,,63df2af0bc2754246f83a229daa525df86eda90fd1566c59f9743d80192e2959,undefined FUN_1813680f4(),ghidra,clean,
WHGame.dll,release_1_5_1164953_841,0x1368160,57,FUN_181368160,,,0cccef16b24f51fc323f7a62205c549bff88854fddcdb611161b08fbab84896c,undefined FUN_181368160(),ghidra,clean,
WHGame.dll,release_1_5_1164953_841,0x136819c,39,FUN_18136819c,,,4a3bfdda1bf1c7e7ac3caa4fea201cffa79df15fa2bd38038364519489edb197,undefined FUN_18136819c(),ghidra,clean,
WHGame.dll,release_1_5_1164953_841,0x13681c4,52,FUN_1813681c4,,,0bc6fd7567bca01566db08a2956489443f374e15afc186d061e1446d57c3c8f3,undefined FUN_1813681c4(),ghidra,clean,
WHGame.dll,release_1_5_1164953_841,0x13681f8,127,FUN_1813681f8,,,3d2a3a95c02149d4ad4e18802af2804143326db1f45d3afcceb61ee13ade9583,undefined FUN_1813681f8(),ghidra,clean,
WHGame.dll,release_1_5_1164953_841,0x1368278,51,FUN_181368278,,,3da453eec8b264982967f40c4e2ac9788610d0d2fe3f4d3717722ea2c97452ac,undefined FUN_181368278(),ghidra,clean,
WHGame.dll,release_1_5_1164953_841,0x13682ac,89,FUN_1813682ac,,,c603aae1725744a65d041600f9da88c607a858d7a463f9b24349a91fd3f847be,undefined FUN_1813682ac(),ghidra,clean,
WHGame.dll,release_1_5_1164953_841,0x1368308,505,FUN_181368308,,,94faae9dae7a5b4529ce0898233b93bfbf99b9e948e4d5e1404c5e91f548ef2c,undefined FUN_181368308(),ghidra,clean,
WHGame.dll,release_1_5_1164953_841,0x13683ec,8,FUN_1813683ec,,,4e1ae1a0acd0eafcad3f9f363f4e653b487738a52664d1a7e13dba26860a382c,undefined FUN_1813683ec(),ghidra,clean,
WHGame.dll,release_1_5_1164953_841,0x13683f4,168,FUN_1813683f4,,,663ce9be71c7cac3898e3daa7c24888a630718983c45b23660ff3a0d2f1a2c13,undefined FUN_1813683f4(),ghidra,clean,
WHGame.dll,release_1_5_1164953_841,0x136849c,103,FUN_18136849c,,,6dae0e74353083ee981ede921bb4112d6e6dc6f82feeb69a029fb3c30983ecf4,undefined FUN_18136849c(),ghidra,clean,
WHGame.dll,release_1_5_1164953_841,0x1368504,79,FUN_181368504,,,f7b6267002d0359525d20bc3dfc8b7667042a8e1ee8bb2171a8372138401a6c8,undefined FUN_181368504(),ghidra,clean,
WHGame.dll,release_1_5_1164953_841,0x1368554,11,FUN_181368554,,,fa27cd3365d5140a2783cf1d6a7ae4549a4f254c149fefc62c4b1d2a3789510a,undefined FUN_181368554(),ghidra,clean,
WHGame.dll,release_1_5_1164953_841,0x1368560,87,FUN_181368560,,,4eb05ecaf4602723df374286f740e80da6b95fea3b315eb31f22bf9e544ec99b,undefined FUN_181368560(),ghidra,clean,
WHGame.dll,release_1_5_1164953_841,0x13685b8,165,FUN_1813685b8,,,2d75b01c08525cacada1226a5b17602bdb4ba2a0d84fc9c5496a0bb24b56ad31,undefined FUN_1813685b8(),ghidra,clean,
WHGame.dll,release_1_5_1164953_841,0x1368660,264,FUN_181368660,,,287561662e56e22bda10da8eae3af539de85151b8a3997ef6df85d8b87f7b7a7,undefined FUN_181368660(),ghidra,clean,
WHGame.dll,release_1_5_1164953_841,0x1368760,62,FUN_181368760,,,c65dafde7aee9f7dd07a9efd94359d9b22f560f022f78ef2b14bc53524c6f1a5,undefined FUN_181368760(),ghidra,clean,
WHGame.dll,release_1_5_1164953_841,0x136878c,78,FUN_18136878c,,,243356fe1d0273ba68b32741f57cc510d9520c5d054daf38e2965f868585186d,undefined FUN_18136878c(),ghidra,clean,
WHGame.dll,release_1_5_1164953_841,0x13687dc,132,FUN_1813687dc,,,7ceb0a884db2c833ce52e6efc9d312800360f9b65207e81db1adbd88d31dd9ae,undefined FUN_1813687dc(),ghidra,clean,
WHGame.dll,release_1_5_1164953_841,0x1368860,100,FUN_181368860,,,93eceaeb8ebaf1f50dffe507d723bb061b8a07803099cd41bbabf7e31bdc0162,undefined FUN_181368860(),ghidra,clean,
WHGame.dll,release_1_5_1164953_841,0x13688c4,5,thunk_FUN_1813688cc,,,b0d40b133b9394d93820ac0104b0065121d2d73df32c7bfb4e4cf5d805a8b103,undefined thunk_FUN_1813688cc(),ghidra,clean,
WHGame.dll,release_1_5_1164953_841,0x13688cc,198,FUN_1813688cc,,,d0c22c25b117fa20b588e8ed73fec2e602d28547203831fa46d145d59349f3e5,undefined FUN_1813688cc(),ghidra,clean,
WHGame.dll,release_1_5_1164953_841,0x1368988,5,thunk_FUN_181368990,,,b0d40b133b9394d93820ac0104b0065121d2d73df32c7bfb4e4cf5d805a8b103,undefined thunk_FUN_181368990(),ghidra,clean,
WHGame.dll,release_1_5_1164953_841,0x1368990,103,FUN_181368990,,,bf88afca759cf7686b03c7ce0343d3ba6623bd84fa02a336b9c6c7b9553ac004,undefined FUN_181368990(),ghidra,clean,
WHGame.dll,release_1_5_1164953_841,0x13689f8,95,FUN_1813689f8,,,3e465cffca2555b740132794a8eb300c1837d6bc268838c8ddd0b862226d143a,undefined FUN_1813689f8(),ghidra,clean,
WHGame.dll,release_1_5_1164953_841,0x1368a58,198,FUN_181368a58,,,c900de1c3e5315498f5aa88c6fdc838e58fbc731e188c74ad64400ccaa4fe47b,undefined FUN_181368a58(),ghidra,clean,
WHGame.dll,release_1_5_1164953_841,0x1368b04,53,FUN_181368b04,,,72140c3ab67b7c8d808c59604064cc477036e776c44f589e2589b79ecc284c71,undefined FUN_181368b04(),ghidra,clean,
WHGame.dll,release_1_5_1164953_841,0x1368b3c,147,FUN_181368b3c,,,05651d3ac3709baeffbc7fcf3fa2cce7955f61e4412d168ae5e2bb468861fb05,undefined FUN_181368b3c(),ghidra,clean,
WHGame.dll,release_1_5_1164953_841,0x1368bd0,147,FUN_181368bd0,,,f9b57d9bca50d0b8543bcb4bfe7c2759027d18b195cfb5782fe2fa4b371cfa0f,undefined FUN_181368bd0(),ghidra,clean,
WHGame.dll,release_1_5_1164953_841,0x1368c64,42,FUN_181368c64,,,46a802693fcf0ff4b0deccf007977a8c13d5d26432014f91bfa414afdcc251d8,undefined FUN_181368c64(),ghidra,clean,
WHGame.dll,release_1_5_1164953_841,0x1368c90,68,FUN_181368c90,,,390bb6a4cf34ff13c0280b383667a38dabf62c041fe7bb064785aa6efe4c2dd6,undefined FUN_181368c90(),ghidra,clean,
WHGame.dll,release_1_5_1164953_841,0x1368cd4,417,FUN_181368cd4,,,f66429167e22b624e3447e5a16f59f3fbbfba3ba6fbd70bf6ea32fa1daf33ba9,undefined FUN_181368cd4(),ghidra,clean,
WHGame.dll,release_1_5_1164953_841,0x1368df4,40,FUN_181368df4,,,3754f831a3cf149e6f87d0419f6c10bc982ce2fbcbb47302508689e30f505920,undefined FUN_181368df4(),ghidra,clean,
WHGame.dll,release_1_5_1164953_841,0x1368e1c,42,FUN_181368e1c,,,3573c65ef10b6acda6123d422b3c060cb47e421d68101437ced7cade5bf88abe,undefined FUN_181368e1c(),ghidra,clean,
WHGame.dll,release_1_5_1164953_841,0x1368e48,142,FUN_181368e48,,,30575460a31410d574e20905605e1846bde8a74a013491c4935fbf01403bd3fc,undefined FUN_181368e48(),ghidra,clean,
WHGame.dll,release_1_5_1164953_841,0x1368ed8,328,FUN_181368ed8,,,e7eb867be92637009c144a40ed5e724860f592ef9db6733f23975b44e1a0182a,undefined FUN_181368ed8(),ghidra,clean,
WHGame.dll,release_1_5_1164953_841,0x1369024,100,FUN_181369024,,,bde056028004fbcaa3384305e76b537478bbdeb44168a91370e468a1e98313af,undefined FUN_181369024(),ghidra,clean,
WHGame.dll,release_1_5_1164953_841,0x1369088,190,FUN_181369088,,,a58c361a50b3ebefdf24652e9da93e7366e8dff7b6304b4f25ab98d2d1e2afa7,undefined FUN_181369088(),ghidra,clean,
WHGame.dll,release_1_5_1164953_841,0x1369148,583,FUN_181369148,,,635d7a8cdb2abe9bf5e7ec437c2b0f91dcc72a8a9935e6a8ef0d085d148901f0,undefined FUN_181369148(),ghidra,clean,
WHGame.dll,release_1_5_1164953_841,0x1369390,108,FUN_181369390,,,4904c81bc8edf66179a0a20ebdfe31da2dbf158b2b3f1565f72da7fe297e7eed,undefined FUN_181369390(),ghidra,clean,
WHGame.dll,release_1_5_1164953_841,0x13693fc,30,FUN_1813693fc,,,4756fb6935c02db6a48d68e8b6efb5883738e64fdd91211fb5d4f8cd5ab45ad3,undefined FUN_1813693fc(),ghidra,clean,
WHGame.dll,release_1_5_1164953_841,0x136941c,75,FUN_18136941c,,,d1f16356a7ac016fac17b42bda6835e2248c732c0f0052dde283ebe5d3596d8f,undefined FUN_18136941c(),ghidra,clean,
WHGame.dll,release_1_5_1164953_841,0x1369468,65,FUN_181369468,,,db7812ea452a8b85cfad2d3f773a3aeb3020cd709d88e0ef7e95c145604848e2,undefined FUN_181369468(),ghidra,clean,
WHGame.dll,release_1_5_1164953_841,0x13694ac,902,FUN_1813694ac,,,5e4b33feb51a3edaa60c87ab2e7dfd2e4f6756071366470cb1b94d38a87b14a8,undefined FUN_1813694ac(),ghidra,clean,
WHGame.dll,release_1_5_1164953_841,0x136957c,131,FUN_18136957c,,,d8d3f92a873786d68efe4a5db16b200dfd19341aaaa529c75577abf3062bc7ff,undefined FUN_18136957c(),ghidra,clean,
WHGame.dll,release_1_5_1164953_841,0x1369600,74,FUN_181369600,,,9fd9ff9c869273a7dfca8dadb630d6401654b9851d7aab0da31a42e5b089ee2f,undefined FUN_181369600(),ghidra,clean,
WHGame.dll,release_1_5_1164953_841,0x136964c,49,FUN_18136964c,,,addb167e715c416b7f4e8ec8164e3f9c7bfcbc2d5346fb7ca6786b2ae7da1259,undefined FUN_18136964c(),ghidra,clean,
WHGame.dll,release_1_5_1164953_841,0x1369680,26,FUN_181369680,,,4fa42e5765628c5f94e43a036d2bc5eec82980342661f062e395a3cf40aca00f,undefined FUN_181369680(),ghidra,clean,
WHGame.dll,release_1_5_1164953_841,0x136969c,70,FUN_18136969c,,,cc4e26e8634c5458bf514ee70cd508e8c22f4bb5546d616a2346cc2cd38cb861,undefined FUN_18136969c(),ghidra,clean,
WHGame.dll,release_1_5_1164953_841,0x13696d4,149,FUN_1813696d4,,,762f347c0513ef03386d85c0db19601f056e750ec181a0c0e7bc919d6204c015,undefined FUN_1813696d4(),ghidra,clean,
WHGame.dll,release_1_5_1164953_841,0x136976c,184,FUN_18136976c,,,decf2c4561cfc78af6f5d94e75553564b82aa25f95c76eb9e899daa83cafdc61,undefined FUN_18136976c(),ghidra,clean,
WHGame.dll,release_1_5_1164953_841,0x1369824,373,FUN_181369824,,,dee5cb114e70f233a82964159e73f9af2ad64ee58ca67e512e4116bebf45f34f,undefined FUN_181369824(),ghidra,clean,
WHGame.dll,release_1_5_1164953_841,0x13698d8,320,FUN_1813698d8,,,b8e38698019c57a1aa71f2e691deffbefafe52537735cc27ba6fb242c40bee56,undefined FUN_1813698d8(),ghidra,clean,
WHGame.dll,release_1_5_1164953_841,0x1369a18,39,FUN_181369a18,,,78eb880aa8f41a6fcfc4078a717496cf20a6f871bf6d09dbead7b01b93e01627,undefined FUN_181369a18(),ghidra,clean,
WHGame.dll,release_1_5_1164953_841,0x1369a40,152,FUN_181369a40,,,f902f951d7d22e6d88dc9ac51625580a5be73186c9347d75a75e2f5640073fea,undefined FUN_181369a40(),ghidra,clean,
WHGame.dll,release_1_5_1164953_841,0x1369ad8,152,FUN_181369ad8,,,fd755a2a1f505e6cfb8c8c9b40896ac652d50735bd0ca98d34f4980ee8d78bd5,undefined FUN_181369ad8(),ghidra,clean,
WHGame.dll,release_1_5_1164953_841,0x1369b70,278,FUN_181369b70,,,6e0f66aad8aec85ca50619e190d379808eadceeff658296836ded987a4fea9fa,undefined FUN_181369b70(),ghidra,clean,
WHGame.dll,release_1_5_1164953_841,0x1369c1c,221,FUN_181369c1c,,,66bf48bb6484a9f5510f4ae2f213844ae2205ca9b2d4cd9b216614f42d199c8d,undefined FUN_181369c1c(),ghidra,clean,
WHGame.dll,release_1_5_1164953_841,0x1369cdc,307,FUN_181369cdc,,,26cc0f8151b5fd896b950019f68210c6deb5120721c190213475b8f04e07e74c,undefined FUN_181369cdc(),ghidra,clean,
WHGame.dll,release_1_5_1164953_841,0x1369e10,77,FUN_181369e10,,,2439ee702d94dea133147c7aa43fac9ece1671f3acdf7c58a485781df421af76,undefined FUN_181369e10(),ghidra,clean,
WHGame.dll,release_1_5_1164953_841,0x1369e40,102,FUN_181369e40,,,1f3b22155f4aeb367214f80608a3c7ef5a3b677a11bd1a4c8f1fbba49d67c2f1,undefined FUN_181369e40(),ghidra,clean,
WHGame.dll,release_1_5_1164953_841,0x1369ea8,80,FUN_181369ea8,,,f47d3351a2d153793e53f3fa2a21f2dbb28f723c3c002da7f1f51daf79c3eb82,undefined FUN_181369ea8(),ghidra,clean,
WHGame.dll,release_1_5_1164953_841,0x1369ef8,80,FUN_181369ef8,,,97703e9b54c2f97d6cc23c37d06fe05d7bfa90307a8913a265107c6a04b80cc7,undefined FUN_181369ef8(),ghidra,clean,
WHGame.dll,release_1_5_1164953_841,0x1369f48,129,FUN_181369f48,,,01574278766d2e40339f03c701eb7d404b2ff8d44c67cd3127742323bf15dd8c,undefined FUN_181369f48(),ghidra,clean,
WHGame.dll,release_1_5_1164953_841,0x1369fcc,83,FUN_181369fcc,,,4e7a8c88d00da42d461e56cb7030616b2c8e776e7eea4fd40fbdd179faf0e9f7,undefined FUN_181369fcc(),ghidra,clean,
WHGame.dll,release_1_5_1164953_841,0x136a020,11,FUN_18136a020,,,9e6c7b1560ffe3be2fea9faa522ba5b6b069b25d152b79121a1a6b92802c1cb0,undefined FUN_18136a020(),ghidra,clean,
WHGame.dll,release_1_5_1164953_841,0x136a02c,214,FUN_18136a02c,,,e48a752106dd5b2963fd743e9a7a3d24135b235763e4e0d3cc8c0a5a70548631,undefined FUN_18136a02c(),ghidra,clean,
WHGame.dll,release_1_5_1164953_841,0x136a104,25,FUN_18136a104,,,4ae047f9eee17fb9e138d5ab58a1438e04839481a4cca0f4eab0f5c983560e39,undefined FUN_18136a104(),ghidra,clean,
WHGame.dll,release_1_5_1164953_841,0x136a120,382,FUN_18136a120,,,dbabffa8c87a79ed501623d409591812f765bb3c3d16417cc7f1680ca1e6286d,undefined FUN_18136a120(),ghidra,clean,
WHGame.dll,release_1_5_1164953_841,0x136a2a0,40,FUN_18136a2a0,,,78c0c4e225ae7ea225edf7c7fd065ae18b1293f95e133ef3d1be3012de4f26fc,undefined FUN_18136a2a0(),ghidra,clean,
WHGame.dll,release_1_5_1164953_841,0x136a2c8,54,FUN_18136a2c8,,,1705e9de55189ac737d7daa7300534515ef3945892d84a9e66515398b6f7ac30,undefined FUN_18136a2c8(),ghidra,clean,
WHGame.dll,release_1_5_1164953_841,0x136a300,166,FUN_18136a300,,,d78d4ec24bf6066e2e02a0dd1dc44d2abb68931e86524c69c760690a5a4bbaa0,undefined FUN_18136a300(),ghidra,clean,
WHGame.dll,release_1_5_1164953_841,0x136a3a8,293,FUN_18136a3a8,,,89dee0556dba8ed10bd4fd0d7e62e2b13f25e604bf1305cea797d6bd8faceac9,undefined FUN_18136a3a8(),ghidra,clean,
WHGame.dll,release_1_5_1164953_841,0x136a4d0,83,FUN_18136a4d0,,,4b6d715e1af7437eab27e351ef9c1c857d625dd2f4f8816f0a7def9b43d599a2,undefined FUN_18136a4d0(),ghidra,clean,
WHGame.dll,release_1_5_1164953_841,0x136a524,114,FUN_18136a524,,,3855b3554d6f5de2c1be9f7f129dbe763d541f24e3283bace8f8380e9b90c659,undefined FUN_18136a524(),ghidra,clean,
WHGame.dll,release_1_5_1164953_841,0x136a598,75,FUN_18136a598,,,2117784a7ca7980de13df8ff2e8538d0004c0b312f5b9d2c5042c5fe5e3208f8,undefined FUN_18136a598(),ghidra,clean,
WHGame.dll,release_1_5_1164953_841,0x136a5e4,48,FUN_18136a5e4,,,e3ba53f3a8ce54794ef76bfba5a5239c1c175cc0b52e98660b4b6eb649eebad4,undefined FUN_18136a5e4(),ghidra,clean,
WHGame.dll,release_1_5_1164953_841,0x136a600,28,FUN_18136a600,,,a97c93374fe917ac79677084780a633d6f180d2940f62d2a262571c433d8eb92,undefined FUN_18136a600(),ghidra,clean,
WHGame.dll,release_1_5_1164953_841,0x136a61c,43,FUN_18136a61c,,,9979e07b632f39cbde4721b25dcad7dc9cc5688a1309979a356b5591889091e1,undefined FUN_18136a61c(),ghidra,clean,
WHGame.dll,release_1_5_1164953_841,0x136a648,98,FUN_18136a648,,,6b81e1f762649d0bdccd3147655c24629cd410db2ed4e6af9545460e3ea10ed3,undefined FUN_18136a648(),ghidra,clean,
WHGame.dll,release_1_5_1164953_841,0x136a6ac,43,FUN_18136a6ac,,,707df7671be0371c51ef9099c209716ce4bf91cb58b079f3e4f162f22849300a,undefined FUN_18136a6ac(),ghidra,clean,
WHGame.dll,release_1_5_1164953_841,0x136a6e4,12,FUN_18136a6e4,,,958c058db3233818b5d61690d50c33fb536bcd159d1a4061b2f453fca7ee2036,undefined FUN_18136a6e4(),ghidra,clean,
WHGame.dll,release_1_5_1164953_841,0x136a6f0,104,FUN_18136a6f0,,,ebcfe165f19b2948ed649d6b5b2dd5892dc156f197e0811dbac7ec71af2f5810,undefined FUN_18136a6f0(),ghidra,clean,
WHGame.dll,release_1_5_1164953_841,0x136a758,23,FUN_18136a758,,,ce091f8a1190f126fb0ca4d566ed8000850f0e3c14a8ca957644345b391f0314,undefined FUN_18136a758(),ghidra,clean,
WHGame.dll,release_1_5_1164953_841,0x136a770,180,FUN_18136a770,,,cb6f585c35db48530973d0c00fcc5e15768f10487b84966bb9e9b1502b0a213e,undefined FUN_18136a770(),ghidra,clean,
WHGame.dll,release_1_5_1164953_841,0x136a824,102,FUN_18136a824,,,4e36e6d28abdda27663124620a1297a88fb858a7fd295950c6d93ba32c0bfac4,undefined FUN_18136a824(),ghidra,clean,
WHGame.dll,release_1_5_1164953_841,0x136a88c,155,FUN_18136a88c,,,bea055ea1a7a9873f64129d22c528835b75af2eab1b7f2390eda025e7f4a4e5f,undefined FUN_18136a88c(),ghidra,clean,
WHGame.dll,release_1_5_1164953_841,0x136a928,291,FUN_18136a928,,,710401f2eec7fbb6fd9ee84923dbc9e8dcd8914d350855fe44b677094dd0a6f1,undefined FUN_18136a928(),ghidra,clean,
WHGame.dll,release_1_5_1164953_841,0x136aa4c,155,FUN_18136aa4c,,,2c5abcbc4a1a18d0d4f0a23e55b13ded796b70ea940b75c2535647fa098c544b,undefined FUN_18136aa4c(),ghidra,clean,
WHGame.dll,release_1_5_1164953_841,0x136aae8,291,FUN_18136aae8,,,6b6bd0b94cea6a91a3a935bdd61ecc160adc81b4c710ccedc139e73956b88ee2,undefined FUN_18136aae8(),ghidra,clean,
WHGame.dll,release_1_5_1164953_841,0x136ac0c,26,FUN_18136ac0c,,,784f42d42467bdc72bf303619520ab86d009b3466c28ed890d4202f919d16798,undefined FUN_18136ac0c(),ghidra,clean,
WHGame.dll,release_1_5_1164953_841,0x136ac28,958,FUN_18136ac28,,,e4edabd00259640024134b138e667b4ee141e87fafa6b9d9b6d4795f12c724b8,undefined FUN_18136ac28(),ghidra,clean,
WHGame.dll,release_1_5_1164953_841,0x136afe8,23,FUN_18136afe8,,,4a2215c3e820937481093c41c3a2c4fdd1b034767afb06c5e8afd475b2e2dc6a,undefined FUN_18136afe8(),ghidra,clean,
WHGame.dll,release_1_5_1164953_841,0x136b000,155,FUN_18136b000,,,a135cf01e6077c67bd1f00cf7be1dee52e08ce9d0b5437264242fbfda68a32dc,undefined FUN_18136b000(),ghidra,clean,
WHGame.dll,release_1_5_1164953_841,0x136b09c,304,FUN_18136b09c,,,3e1bdeac4288804b3a50f0306cec116a8c21911774ad7f1047c003eaad1c5831,undefined FUN_18136b09c(),ghidra,clean,
WHGame.dll,release_1_5_1164953_841,0x136b1cc,155,FUN_18136b1cc,,,1705e72c104f4edce7ede6592f65dee89e3eb6e32f0653b10452137809067010,undefined FUN_18136b1cc(),ghidra,clean,
WHGame.dll,release_1_5_1164953_841,0x136b268,298,FUN_18136b268,,,a95279d5ac8b5db6cb7e3bf3b5c9890111b8b378d56fe9f1bcf5fc31985410b8,undefined FUN_18136b268(),ghidra,clean,
WHGame.dll,release_1_5_1164953_841,0x136b394,110,FUN_18136b394,,,adad5c1ddbacf64796e828ad114979ba9781d58b0fa2e71440d4a0b3b154f9d0,undefined FUN_18136b394(),ghidra,clean,
WHGame.dll,release_1_5_1164953_841,0x136b404,79,FUN_18136b404,,,4f636c0534eeec6bb87b894630f445a497635ee80f1b49b1cc976b20c107c6d0,undefined FUN_18136b404(),ghidra,clean,
WHGame.dll,release_1_5_1164953_841,0x136b438,79,FUN_18136b438,,,e43b31dbe2d168f1340198112a4dc0b5b3c9849a97fb7e1daa63eb26f6e4322b,undefined FUN_18136b438(),ghidra,clean,
WHGame.dll,release_1_5_1164953_841,0x136b46c,59,FUN_18136b46c,,,5e985e1b308cc7cf8d3a32e98c0a57440748d70b468cc519c565c111bbf7c389,undefined FUN_18136b46c(),ghidra,clean,
WHGame.dll,release_1_5_1164953_841,0x136b498,59,FUN_18136b498,,,8a8bc4caffe95be61663bb3014e9ba6889b8bad6c50b8cf09aacd147d1a7caad,undefined FUN_18136b498(),ghidra,clean,
WHGame.dll,release_1_5_1164953_841,0x136b4c4,59,FUN_18136b4c4,,,e23f132c301ffa93edf9d0d12ec4d61204412064fdc0372e9a37df9f775d10ef,undefined FUN_18136b4c4(),ghidra,clean,
WHGame.dll,release_1_5_1164953_841,0x136b4f0,59,FUN_18136b4f0,,,1f1ddb0a06fcd692dbbc47229dbac588d517b4b7efe1428521e58ffda76dba3b,undefined FUN_18136b4f0(),ghidra,clean,
WHGame.dll,release_1_5_1164953_841,0x136b51c,59,FUN_18136b51c,,,08fc9862f94bb835cf23b70e5275b2a86996b5d9a1344571a49fef6459678fda,undefined FUN_18136b51c(),ghidra,clean,
WHGame.dll,release_1_5_1164953_841,0x136b548,79,FUN_18136b548,,,cb1f0a574d79f39fe580dcaa10a2cfd76945694e77588b08c14b9101a1097550,undefined FUN_18136b548(),ghidra,clean,
WHGame.dll,release_1_5_1164953_841,0x136b57c,52,FUN_18136b57c,,,f8a08c717d6dc214db48f7db5c4259789e42a49c6358c1b8678420f7d2e9a2f8,undefined FUN_18136b57c(),ghidra,clean,
WHGame.dll,release_1_5_1164953_841,0x136b5b0,49,FUN_18136b5b0,,,90fce8314df510e3210762759da1034c5a41eb9c256556b582fc5cf128f0664c,undefined FUN_18136b5b0(),ghidra,clean,
WHGame.dll,release_1_5_1164953_841,0x136b5e4,107,FUN_18136b5e4,,,47ca56e750b350ffd908af5fdc309b380aef8aee1a62658709d106227c79135b,undefined FUN_18136b5e4(),ghidra,clean,
WHGame.dll,release_1_5_1164953_841,0x136b650,237,FUN_18136b650,,,6223a63bbb645b450e25a0a85672ddc592f7e081678ef8c6e7e39d2eac20fda3,undefined FUN_18136b650(),ghidra,clean,
WHGame.dll,release_1_5_1164953_841,0x136b740,309,FUN_18136b740,,,cd8a4a63cf034223d3ad5b326799515b6ec29e7e93c4d8d082c91e40c1d948ce,undefined FUN_18136b740(),ghidra,clean,
WHGame.dll,release_1_5_1164953_841,0x136b878,30,FUN_18136b878,,,f965937ee30948c6ad747064b5453621061b89aea24bb91921385fa417bb19b2,undefined FUN_18136b878(),ghidra,clean,
WHGame.dll,release_1_5_1164953_841,0x136b898,414,FUN_18136b898,,,5d77723520df710bfa3e7b8395c77f1b911efcddf3cad63d7ac7feef38cb0d97,undefined FUN_18136b898(),ghidra,clean,
WHGame.dll,release_1_5_1164953_841,0x136ba38,508,FUN_18136ba38,,,5e389bd17413ac3f68fe4b4ecb818148f5fbe4de79a9b74d3572f7d0d005a7a9,undefined FUN_18136ba38(),ghidra,clean,
WHGame.dll,release_1_5_1164953_841,0x136bb60,543,FUN_18136bb60,,,9667c6a1ba960b318f8f6b544c1713e3909fe7b0dbcd74c0ffc4f9d15cc75c2e,undefined FUN_18136bb60(),ghidra,clean,
WHGame.dll,release_1_5_1164953_841,0x136bd00,270,FUN_18136bd00,,,85ac06e216d068a786f8f88b7b8564b237d6b4d4d56ac00e4085a9228bb26f3f,undefined FUN_18136bd00(),ghidra,clean,
WHGame.dll,release_1_5_1164953_841,0x136be10,446,FUN_18136be10,,,dfcba124ac2347749a5c6471c1655583fb0a628fca2bffa40241564f75969811,undefined FUN_18136be10(),ghidra,clean,
WHGame.dll,release_1_5_1164953_841,0x136bee4,439,FUN_18136bee4,,,5664e5e4963743a974b50b83a7f20f967293c1ef82ffde8da83fb1b25998a2a9,undefined FUN_18136bee4(),ghidra,clean,
WHGame.dll,release_1_5_1164953_841,0x136c09c,164,FUN_18136c09c,,,0c11d1fafc289ffbb1d90e7184d487155e416828a7d251714ba0e8b64ddea501,undefined FUN_18136c09c(),ghidra,clean,
WHGame.dll,release_1_5_1164953_841,0x136c140,136,FUN_18136c140,,,ef92150382781e8868410a66a74dca97d1df53835b83cfa5ab0e0c96830b5df8,undefined FUN_18136c140(),ghidra,clean,
WHGame.dll,release_1_5_1164953_841,0x136c1c8,195,FUN_18136c1c8,,,cf20e7aa9dfa10100401c8c8606df3ff8f3a247dcb731980cf6373ffb5b9eab2,undefined FUN_18136c1c8(),ghidra,clean,
WHGame.dll,release_1_5_1164953_841,0x136c28c,220,FUN_18136c28c,,,4f6b4ae571121f26b53a4075ed3ae63f17c618b3c6191463076c24bc631e2d6c,undefined FUN_18136c28c(),ghidra,clean,
WHGame.dll,release_1_5_1164953_841,0x136c368,160,FUN_18136c368,,,93edae4e84c9c6a921ff9f1a468a7cd1ef69e26c878087fc7b018f35c506182f,undefined FUN_18136c368(),ghidra,clean,
WHGame.dll,release_1_5_1164953_841,0x136c408,184,FUN_18136c408,,,7842c055cd088e5d48dd3ed7e5a5aa59e6aaac22ca0905b7436005d821aabbcf,undefined FUN_18136c408(),ghidra,clean,
WHGame.dll,release_1_5_1164953_841,0x136c4c0,228,FUN_18136c4c0,,,f19ac42273982154cdb2378090186804a764d02d72f96ffa482564ff057738b4,undefined FUN_18136c4c0(),ghidra,clean,
WHGame.dll,release_1_5_1164953_841,0x136c5a4,287,FUN_18136c5a4,,,341dbbd1d813290ce3071bc8591fd3919ac4e90e63bb7d87bee093eda5297340,undefined FUN_18136c5a4(),ghidra,clean,
WHGame.dll,release_1_5_1164953_841,0x136c6c4,923,FUN_18136c6c4,,,d7bb55cc7c7859639d72ddfbeff5c97f1183d525293c2d70b5679157a2857a81,undefined FUN_18136c6c4(),ghidra,clean,
WHGame.dll,release_1_5_1164953_841,0x136c7c4,1068,FUN_18136c7c4,,,81a4aab2ee2122bbabb29d44856fac983b04f647afd8c623b237b0fc29d5cb21,undefined FUN_18136c7c4(),ghidra,clean,
WHGame.dll,release_1_5_1164953_841,0x136cbf0,286,FUN_18136cbf0,,,b9b76fd76423a0dbbd703755d4359beeefaf1256f0cc7b4b90a9eae6da57ce7b,undefined FUN_18136cbf0(),ghidra,clean,
WHGame.dll,release_1_5_1164953_841,0x136cd10,232,FUN_18136cd10,,,644220b30807096a4cebb84a66e9efc0057e308192bf61cd4d6038b3f2b01d2d,undefined FUN_18136cd10(),ghidra,clean,
WHGame.dll,release_1_5_1164953_841,0x136cdf8,232,FUN_18136cdf8,,,e3eaeee741d0784cc0874650e1a6f0c76805d32e48611ffee187fc6786eaefaa,undefined FUN_18136cdf8(),ghidra,clean,
WHGame.dll,release_1_5_1164953_841,0x136cee0,175,FUN_18136cee0,,,1c313289e8cbd12c83eb2baa674acbf0c1b2c5603c3c03cc2b70f41369f172ac,undefined FUN_18136cee0(),ghidra,clean,
WHGame.dll,release_1_5_1164953_841,0x136cf80,764,FUN_18136cf80,,,374e3774e42f7b4eb6807cbc55dbb8795e6b13e9e21a9a2f4b425c71b5e3936e,undefined FUN_18136cf80(),ghidra,clean,
WHGame.dll,release_1_5_1164953_841,0x136d27c,222,FUN_18136d27c,,,1e1b7f672cbbfd44dd7722037106debde61c9dea0c43be9aed780befdc8de101,undefined FUN_18136d27c(),ghidra,clean,
WHGame.dll,release_1_5_1164953_841,0x136d35c,368,FUN_18136d35c,,,c8285951a9dadcc9f1115cff92e37db3693892e7e8c19236feef77d2b42404a5,undefined FUN_18136d35c(),ghidra,clean,
WHGame.dll,release_1_5_1164953_841,0x136d4cc,951,FUN_18136d4cc,,,d2f8f74cc20e7709e68a4128a603315c23144c6a75a6d20eb54b376209d5866d,undefined FUN_18136d4cc(),ghidra,clean,
WHGame.dll,release_1_5_1164953_841,0x136d884,833,FUN_18136d884,,,896d804fc2b4e741e2223d827638e34c5795f989f1cde240ad368a55516e987f,undefined FUN_18136d884(),ghidra,clean,
WHGame.dll,release_1_5_1164953_841,0x136dbc8,81,FUN_18136dbc8,,,bb02bbf5cd362da0320697f3aa86ebf2857f6754f9b0c44f07c7ce6c51115643,undefined FUN_18136dbc8(),ghidra,clean,
WHGame.dll,release_1_5_1164953_841,0x136dc1c,76,FUN_18136dc1c,,,bb8a591ff6a00dc33d56cb3c0848287a1484dfe91bb0848119e7f981268bdfd8,undefined FUN_18136dc1c(),ghidra,clean,
WHGame.dll,release_1_5_1164953_841,0x136dc5c,64,FUN_18136dc5c,,,336f55b7ac37375ef3aa95b78c5b410735269276690365b4dad87c79a258a7af,undefined FUN_18136dc5c(),ghidra,clean,
WHGame.dll,release_1_5_1164953_841,0x136dc9c,180,FUN_18136dc9c,,,cd8e8378467c9c974a9824b20798e76688d2ee02a1c4e560b053b64e238454cb,undefined FUN_18136dc9c(),ghidra,clean,
WHGame.dll,release_1_5_1164953_841,0x136dd50,190,FUN_18136dd50,,,10570bc27c7e7c369563c2a32704fff7a4043ba31eba68d55d161cad9a076c5d,undefined FUN_18136dd50(),ghidra,clean,
WHGame.dll,release_1_5_1164953_841,0x136de10,18,FUN_18136de10,,,cf22d1b0cdaa4dbacd2b73994f583f8168377a9cfb01256471ef5b9aed4701e4,undefined FUN_18136de10(),ghidra,clean,
WHGame.dll,release_1_5_1164953_841,0x136de24,128,FUN_18136de24,,,21ce36c66cc8f689812b168a6c551e9a6094d4b969c3983a46cadfb4b841e0f2,undefined FUN_18136de24(),ghidra,clean,
WHGame.dll,release_1_5_1164953_841,0x136dea4,335,FUN_18136dea4,,,db5143b5651e2e552bd61084d6a8240117e077bd12da013d97a588f53afa0f28,undefined FUN_18136dea4(),ghidra,clean,
WHGame.dll,release_1_5_1164953_841,0x136df92,8,FUN_18136df92,,,d584cb1a2afef309eb33a9b90753d6c9a99b0c481366318ccddcba175a3b8c54,undefined FUN_18136df92(),ghidra,clean,
WHGame.dll,release_1_5_1164953_841,0x136dfa4,155,FUN_18136dfa4,,,675237214dc3dbf899c6ca880b6275dce1f0770a230be6d479737876afd0094a,undefined FUN_18136dfa4(),ghidra,clean,
WHGame.dll,release_1_5_1164953_841,0x136e040,155,FUN_18136e040,,,342d0d3046c074c3f0ad0cdc8b226a4a9cfcc1a6fba0f9c91854e6b07320bc29,undefined FUN_18136e040(),ghidra,clean,
WHGame.dll,release_1_5_1164953_841,0x136e0dc,155,FUN_18136e0dc,,,e2ec983a6e9c7c18da67ae3f889eb85f5d3edee08c6c14f4ae92521242cb5ea8,undefined FUN_18136e0dc(),ghidra,clean,
WHGame.dll,release_1_5_1164953_841,0x136e178,301,FUN_18136e178,,,7fbdc68b09c56f72a20f57426552cf971e60acf6ea1a0eb1a2d0393617192554,undefined FUN_18136e178(),ghidra,clean,
WHGame.dll,release_1_5_1164953_841,0x136e2a8,30,FUN_18136e2a8,,,5990912feefef22f50ae2cd4a60ed5e4a0b23aa22263862c8203f2e51a3b464a,undefined FUN_18136e2a8(),ghidra,clean,
WHGame.dll,release_1_5_1164953_841,0x136e2c8,26,FUN_18136e2c8,,,25482085a8e4dec353af7379f30788379fdb3ce0bbc96df64d5bf010a6a18852,undefined FUN_18136e2c8(),ghidra,clean,
WHGame.dll,release_1_5_1164953_841,0x136e2e4,72,FUN_18136e2e4,,,cb5633503cca990165f91d24251084ce8e67169ac79cd0dd2ae8211a770b3541,undefined FUN_18136e2e4(),ghidra,clean,
WHGame.dll,release_1_5_1164953_841,0x136e32c,155,FUN_18136e32c,,,801e4b0dbf710f9decdcf0102f1b689cce8b39773e8a6b770377dbe7057438dc,undefined FUN_18136e32c(),ghidra,clean,
WHGame.dll,release_1_5_1164953_841,0x136e3c8,291,FUN_18136e3c8,,,b9dc8fe51709c0c61c9a238e9d14c9d4046a0ea06bdee48bced6d04331751623,undefined FUN_18136e3c8(),ghidra,clean,
WHGame.dll,release_1_5_1164953_841,0x136e4ec,270,FUN_18136e4ec,,,40d59e5d8f158acd5fd32118ddf659bf4b6059e0fc88c3cf9ea0054888519194,undefined FUN_18136e4ec(),ghidra,clean,
WHGame.dll,release_1_5_1164953_841,0x136e5e0,205,FUN_18136e5e0,,,42c14097391706f12593276da32674325adbb791bd7bb89cb9e9459f4cce788b,undefined FUN_18136e5e0(),ghidra,clean,
WHGame.dll,release_1_5_1164953_841,0x136e698,190,FUN_18136e698,,,1edcd93b86763a90484017668da5a97b665626d0ee9c1d2a6dc2632d48a0d0b9,undefined FUN_18136e698(),ghidra,clean,
WHGame.dll,release_1_5_1164953_841,0x136e758,891,FUN_18136e758,,,028f2acb8ef5b982ea511958a4542180e65347403bc283aa41d9636915b0e2a0,undefined FUN_18136e758(),ghidra,clean,
WHGame.dll,release_1_5_1164953_841,0x136e81c,5,FUN_18136e81c,,,6f18598b04ecccf18cabc9b8cfb84ad5811a216884b53165c22fc09631568610,undefined FUN_18136e81c(),ghidra,clean,
WHGame.dll,release_1_5_1164953_841,0x136e821,4,FUN_18136e821,,,2ffb5d7bbb9118b00324ef7ceb3fc19a0242cb1db13dcad10f5bef77fd1e45d7,undefined FUN_18136e821(),ghidra,clean,
WHGame.dll,release_1_5_1164953_841,0x136e828,264,FUN_18136e828,,,8d3720fc65814d66e282d6acb29776a799635da83d21e21e77d32ef7d6f7628e,undefined FUN_18136e828(),ghidra,clean,
WHGame.dll,release_1_5_1164953_841,0x136e930,155,FUN_18136e930,,,1b9a0c715332424ec98161453fc54f72e78aa05d0369ba05931a45960c13bba0,undefined FUN_18136e930(),ghidra,clean,
WHGame.dll,release_1_5_1164953_841,0x136e9cc,291,FUN_18136e9cc,,,ac71f47c814a7e378b0a3992b3b6abb92a73d53cb429a5794d05a621fd5f8e37,undefined FUN_18136e9cc(),ghidra,clean,
WHGame.dll,release_1_5_1164953_841,0x136eaf0,26,FUN_18136eaf0,,,819234953c91d716a341edb10dcca2267107efa13f78881bbca64f4a7a11eeca,undefined FUN_18136eaf0(),ghidra,clean,
WHGame.dll,release_1_5_1164953_841,0x136eb0c,155,FUN_18136eb0c,,,de37aa9c6c65aa5232a61e2f46966b4fca5f9ea7635fb440c81f827c209575dd,undefined FUN_18136eb0c(),ghidra,clean,
WHGame.dll,release_1_5_1164953_841,0x136eba8,26,FUN_18136eba8,,,819234953c91d716a341edb10dcca2267107efa13f78881bbca64f4a7a11eeca,undefined FUN_18136eba8(),ghidra,clean,
WHGame.dll,release_1_5_1164953_841,0x136ebc4,155,FUN_18136ebc4,,,5644d9cd06019e4267621c408c376437091405909c4e4dec6c04fb52ff794312,undefined FUN_18136ebc4(),ghidra,clean,
WHGame.dll,release_1_5_1164953_841,0x136ec60,291,FUN_18136ec60,,,02028f3f815398a65456b32078385ed729cfb7ab6aaa2de49bc0ed42486aa1d7,undefined FUN_18136ec60(),ghidra,clean,
WHGame.dll,release_1_5_1164953_841,0x136ed84,850,FUN_18136ed84,,,ab4afb817f4014b96aa467b2874dacaf22e3617422fbe395fcc11205b6a33295,undefined FUN_18136ed84(),ghidra,clean,
WHGame.dll,release_1_5_1164953_841,0x136ee48,5,FUN_18136ee48,,,70bf2d6deedcf734920e571ef09558025e359e9a739e5789ffaf6c9299398808,undefined FUN_18136ee48(),ghidra,clean,
WHGame.dll,release_1_5_1164953_841,0x136ee54,261,FUN_18136ee54,,,e056d3535589ccae21c526dc6351ef90eb97a418e6fbd1600d6f912fc623929e,undefined FUN_18136ee54(),ghidra,clean,
WHGame.dll,release_1_5_1164953_841,0x136ef50,196,FUN_18136ef50,,,b7f1d3f0b1139b7034a1476524f09eaa66a52664eb38453625194561e2379e88,undefined FUN_18136ef50(),ghidra,clean,
WHGame.dll,release_1_5_1164953_841,0x136f014,234,FUN_18136f014,,,c1a83c487a4d98b4260a244a7874c3eecf724c79ff8c8b25bd56b82d830318fd,undefined FUN_18136f014(),ghidra,clean,
WHGame.dll,release_1_5_1164953_841,0x136f100,87,FUN_18136f100,,,bbe947a2bea8ea1a630fdfd63f02ace37b5dd5169a02809b414c69d43d0bae6f,undefined FUN_18136f100(),ghidra,clean,
WHGame.dll,release_1_5_1164953_841,0x136f158,207,FUN_18136f158,,,f5add8f795580723db83c8230b437bc9cf405bb6677539a0e389068dfd34b719,undefined FUN_18136f158(),ghidra,clean,
WHGame.dll,release_1_5_1164953_841,0x136f218,26,FUN_18136f218,,,dd3ed4156aaaa13386766072fc46ad8a7489b036d9628dbcabc9eaa88cb891f3,undefined FUN_18136f218(),ghidra,clean,
WHGame.dll,release_1_5_1164953_841,0x136f234,26,FUN_18136f234,,,ac49018b4281f13937669f056b638c3c53da669e3227525c112ff3f49c919fec,undefined FUN_18136f234(),ghidra,clean,
WHGame.dll,release_1_5_1164953_841,0x136f250,304,FUN_18136f250,,,a907acf37324edcccf5a88c30ce64fe43ed3774324d26e66ee5df86e4d227f1b,undefined FUN_18136f250(),ghidra,clean,
WHGame.dll,release_1_5_1164953_841,0x136f380,298,FUN_18136f380,,,1944805a0bab8aeae2b5c2c9b97208aeab926ed35c7270714c44167a40c95c2f,undefined FUN_18136f380(),ghidra,clean,
WHGame.dll,release_1_5_1164953_841,0x136f4ac,304,FUN_18136f4ac,,,2c9e8b34ef9568db236cacca980daa31b2b7c35ea49a229502ab66112e880e90,undefined FUN_18136f4ac(),ghidra,clean,
WHGame.dll,release_1_5_1164953_841,0x136f5dc,190,FUN_18136f5dc,,,713ee36864902b964c7374a07819771cadd8ccf7792044d6cb7d62ac4140e3fe,undefined FUN_18136f5dc(),ghidra,clean,
WHGame.dll,release_1_5_1164953_841,0x136f69c,190,FUN_18136f69c,,,f8d8e6125daff2e3a00a333f99c29fd62911bcc16df6a21c76f9b08256da7418,undefined FUN_18136f69c(),ghidra,clean,
WHGame.dll,release_1_5_1164953_841,0x136f75c,194,FUN_18136f75c,,,f64eea990481854053c7dacc3ed5005024a0be6e1640d1435a4c58fec82082e5,undefined FUN_18136f75c(),ghidra,clean,
WHGame.dll,release_1_5_1164953_841,0x136f820,155,FUN_18136f820,,,96d35a75c753943f5551f84286a6b963452f57b6fcd4331a1384f391b13a772b,undefined FUN_18136f820(),ghidra,clean,
WHGame.dll,release_1_5_1164953_841,0x136f8bc,190,FUN_18136f8bc,,,14d25e57a0c72fa2f1439e090f71d004f5514fa880afe1d0c66d20b1550f7613,undefined FUN_18136f8bc(),ghidra,clean,
WHGame.dll,release_1_5_1164953_841,0x136f97c,190,FUN_18136f97c,,,c11dc52f5fcfbb9fe4564b27ee481a17d14149bde7c7df251a4b2c8b3284ae10,undefined FUN_18136f97c(),ghidra,clean,
WHGame.dll,release_1_5_1164953_841,0x136fa3c,264,FUN_18136fa3c,,,e6435fb436e5b853578e7a22be5af7e948e9f896630a5dd8913cf93ef1a4a9c7,undefined FUN_18136fa3c(),ghidra,clean,
WHGame.dll,release_1_5_1164953_841,0x136fb44,78,FUN_18136fb44,,,38fa185eea8131b7c361e807b1c187fb72f802d976ced653f1481cc3f1a484ee,undefined FUN_18136fb44(),ghidra,clean,
WHGame.dll,release_1_5_1164953_841,0x136fb84,151,FUN_18136fb84,,,39ab3b5fcf156ae1f02d9738df6ec57b5a6e5acc8ac54b98d2f91fac903578e0,undefined FUN_18136fb84(),ghidra,clean,
WHGame.dll,release_1_5_1164953_841,0x136fbe8,83,FUN_18136fbe8,,,a015093c34c3ffe59a269e44ece84fb587b4757c944924ab50ed221040d9d645,undefined FUN_18136fbe8(),ghidra,clean,
WHGame.dll,release_1_5_1164953_841,0x136fc3c,78,FUN_18136fc3c,,,2b71769927182e716b605b2606e4ba1b343e4b5377899e128cb80b5aa7d2feb0,undefined FUN_18136fc3c(),ghidra,clean,
WHGame.dll,release_1_5_1164953_841,0x136fc7c,168,FUN_18136fc7c,,,9a870b23165124ca47ddbecf614368d2bdb3a3fa915c8c4a0125d7af77381215,undefined FUN_18136fc7c(),ghidra,clean,
WHGame.dll,release_1_5_1164953_841,0x136fcf0,83,FUN_18136fcf0,,,4769f3666f3d51225dbcf5a225ced876a3410d545da21a49e04fd815e717be53,undefined FUN_18136fcf0(),ghidra,clean,
WHGame.dll,release_1_5_1164953_841,0x136fd44,30,FUN_18136fd44,,,42ce94e21a6bd491c6ea7cf019eae9264ddd9928990b6ce3bcfe947f22c76004,undefined FUN_18136fd44(),ghidra,clean,
WHGame.dll,release_1_5_1164953_841,0x136fd64,85,FUN_18136fd64,,,0827654562f1c46ab304db4411163b1547a8a6103c2ceda1c34be7d8cdb0fb77,undefined FUN_18136fd64(),ghidra,clean,
WHGame.dll,release_1_5_1164953_841,0x136fd98,155,FUN_18136fd98,,,2a7fd09dcfa115ea8545f327bae855c01102b3eb943f29cf807aa40256a40950,undefined FUN_18136fd98(),ghidra,clean,
WHGame.dll,release_1_5_1164953_841,0x136fe34,134,FUN_18136fe34,,,19e5301c5924e83051dc2ece7a47e7690de7b17b368a36a6f574d82f4664686f,undefined FUN_18136fe34(),ghidra,clean,
WHGame.dll,release_1_5_1164953_841,0x136febc,30,FUN_18136febc,,,42b58bbbbf5fab87636e0d67941889e62207a5bef4039d3a4d78b05106d362ae,undefined FUN_18136febc(),ghidra,clean,
WHGame.dll,release_1_5_1164953_841,0x136fedc,234,FUN_18136fedc,,,510c9e90a8b9612e6c72838c0f3200ebe63daea7ba6947245e02ba0e94e1fac6,undefined FUN_18136fedc(),ghidra,clean,
WHGame.dll,release_1_5_1164953_841,0x136ffc8,207,FUN_18136ffc8,,,5d923533e76be9c50c9ba6f39e70747a78466e5192a53689b64debbcbb613ba0,undefined FUN_18136ffc8(),ghidra,clean,
WHGame.dll,release_1_5_1164953_841,0x1370088,503,FUN_181370088,,,43234d8b8fee1473e1d5283aca642d68eecbb973f79f402a05c86f9084128fbe,undefined FUN_181370088(),ghidra,clean,
WHGame.dll,release_1_5_1164953_841,0x13701ac,23,FUN_1813701ac,,,2f259ec01f47ac9e7ca81b68c38d278d267191a2361e4b88fbe96788ac5191d8,undefined FUN_1813701ac(),ghidra,clean,
WHGame.dll,release_1_5_1164953_841,0x13701c4,83,FUN_1813701c4,,,5d0e9e705fa18600a179a2a2070280304cf307985bd4d6e2189891f9ac63b009,undefined FUN_1813701c4(),ghidra,clean,
WHGame.dll,release_1_5_1164953_841,0x1370218,85,FUN_181370218,,,e1737397271e1f9f13a7f4acb1fad05b2970f7b51ccd0d025e4de7482fe93fb1,undefined FUN_181370218(),ghidra,clean,
WHGame.dll,release_1_5_1164953_841,0x137024c,155,FUN_18137024c,,,6430f1cc66ac03f6c527ce4eddc4975fa704d7b1b19dc8a45adb3f4eeffc6d28,undefined FUN_18137024c(),ghidra,clean,
WHGame.dll,release_1_5_1164953_841,0x13702e8,155,FUN_1813702e8,,,4e6c86f0e42273130f55094c766d592481168e089f90329f2f667011524c5675,undefined FUN_1813702e8(),ghidra,clean,
WHGame.dll,release_1_5_1164953_841,0x1370384,251,FUN_181370384,,,efcbd9c3d3d7ff79e0fa24a32635d22fc7e750eaeadd102d16c36c4f41cc2561,undefined FUN_181370384(),ghidra,clean,
WHGame.dll,release_1_5_1164953_841,0x1370480,196,FUN_181370480,,,4ddacd91386cb3ff0f2206b9b16d6f2e699a413f1df4eee2c1066be920eb89b1,undefined FUN_181370480(),ghidra,clean,
WHGame.dll,release_1_5_1164953_841,0x1370544,138,FUN_181370544,,,64a82d1ee626e73eb5b2312b791faeecd90285de1e5c1d170822fdf0bdc5187a,undefined FUN_181370544(),ghidra,clean,
WHGame.dll,release_1_5_1164953_841,0x13705d0,77,FUN_1813705d0,,,a3fe8c1a2d70e8c6b9a4d5c68cfa1df86147e98186db5d0db010b243aa741088,undefined FUN_1813705d0(),ghidra,clean,
WHGame.dll,release_1_5_1164953_841,0x1370620,85,FUN_181370620,,,dbdb00a555aac6e06f16d9bed7de717d87e7fe558cbd06348aefe6cede3430b0,undefined FUN_181370620(),ghidra,clean,
WHGame.dll,release_1_5_1164953_841,0x1370654,30,FUN_181370654,,,f33a999c4b1aec8819728ce3bf221a624371c8587ca6aae770fd9d855903ca25,undefined FUN_181370654(),ghidra,clean,
WHGame.dll,release_1_5_1164953_841,0x1370674,505,FUN_181370674,,,eead09e223d439230d7c14ca7bb16079451b5e9de9730c9b4bf13b0a52759d62,undefined FUN_181370674(),ghidra,clean,
WHGame.dll,release_1_5_1164953_841,0x137079c,23,FUN_18137079c,,,5a253613ae2c8c15dc10fa4cd8a1ac5c117dd9cd21cd905320c7ac6dc8f2b3c9,undefined FUN_18137079c(),ghidra,clean,
WHGame.dll,release_1_5_1164953_841,0x13707b4,155,FUN_1813707b4,,,5f4816f5a3d0c4e63ee3e252572f6bb684bca64d89bc9be2a822ec4b5dd1e1b4,undefined FUN_1813707b4(),ghidra,clean,
WHGame.dll,release_1_5_1164953_841,0x1370850,155,FUN_181370850,,,625e9e8872a196ef9beed4a48c6e43d1d23bf030881ff773d96bb669662ac966,undefined FUN_181370850(),ghidra,clean,
WHGame.dll,release_1_5_1164953_841,0x13708ec,36,FUN_1813708ec,,,a4a2ec9b7e9a610e73838925e41d39dd5c6d806151bd6c855a80ede5d2238ff5,undefined FUN_1813708ec(),ghidra,clean,
WHGame.dll,release_1_5_1164953_841,0x1370910,190,FUN_181370910,,,310e1b09550f4db75a5e5c09dcf4276d9caacc34cf01fc78f02dac44253a6249,undefined FUN_181370910(),ghidra,clean,
WHGame.dll,release_1_5_1164953_841,0x13709d0,155,FUN_1813709d0,,,38d10a577f02fd72ec0c27591001e6fb8e53e4550c9de5de466f653cddde51e2,undefined FUN_1813709d0(),ghidra,clean,
WHGame.dll,release_1_5_1164953_841,0x1370a6c,286,FUN_181370a6c,,,d6b500fc21abf65485063bb90a1dde7e36187dcd6318c833a765c7322e06390e,undefined FUN_181370a6c(),ghidra,clean,
WHGame.dll,release_1_5_1164953_841,0x1370b7c,87,FUN_181370b7c,,,e872e91e2ea277bf9bb0cc03514a71208b4ec7b2280ddb445f1ccadb4ab31293,undefined FUN_181370b7c(),ghidra,clean,
WHGame.dll,release_1_5_1164953_841,0x1370bd4,240,FUN_181370bd4,,,a11e32ba5d72d3708465df87bf9212fe36eff21b9fc730fb3194b9da38d3f523,undefined FUN_181370bd4(),ghidra,clean,
WHGame.dll,release_1_5_1164953_841,0x1370cc4,18,FUN_181370cc4,,,a044b85e2674b4a93af29d9fd0ee0c4b059234e576eb146b34f14c54433bf333,undefined FUN_181370cc4(),ghidra,clean,
WHGame.dll,release_1_5_1164953_841,0x1370cd8,261,FUN_181370cd8,,,58b1c684fbcdc8809748475f758f35258e3add502536623f279fab8ab54542b7,undefined FUN_181370cd8(),ghidra,clean,
WHGame.dll,release_1_5_1164953_841,0x1370dd4,196,FUN_181370dd4,,,4f49e107c653b6721a83d3dbe1f93853063b21b60f601dc99df593856e22485f,undefined FUN_181370dd4(),ghidra,clean,
WHGame.dll,release_1_5_1164953_841,0x1370e98,26,FUN_181370e98,,,819234953c91d716a341edb10dcca2267107efa13f78881bbca64f4a7a11eeca,undefined FUN_181370e98(),ghidra,clean,
WHGame.dll,release_1_5_1164953_841,0x1370eb4,155,FUN_181370eb4,,,ffdb2ab560799907e2a271683fc09990670913e8ce394d10dc8ba858327017ed,undefined FUN_181370eb4(),ghidra,clean,
WHGame.dll,release_1_5_1164953_841,0x1370f50,291,FUN_181370f50,,,b1f5e2b863d83dec7afbe023ff7cbe85bbe891420971694f31e8082b4ca95b7f,undefined FUN_181370f50(),ghidra,clean,
WHGame.dll,release_1_5_1164953_841,0x1371074,291,FUN_181371074,,,a2b2cb7fa52e8a227a976a3d52e839cb844c72d56b9e0c95364188db356cf02d,undefined FUN_181371074(),ghidra,clean,
WHGame.dll,release_1_5_1164953_841,0x1371198,301,FUN_181371198,,,f3e809ab0c782d72ab2ebb2f559e71715972a78f7f23d562d1be8081541d2cbd,undefined FUN_181371198(),ghidra,clean,
WHGame.dll,release_1_5_1164953_841,0x13712c8,291,FUN_1813712c8,,,97c3b03814703729f3dce00a66ba2d250d6c5d054a47da3322e25bba3aa0a067,undefined FUN_1813712c8(),ghidra,clean,
WHGame.dll,release_1_5_1164953_841,0x13713ec,291,FUN_1813713ec,,,8386ad6150cbdc83b6eeb074ce1c676f4ebf4d764fb023e9048b81cd28f1ec92,undefined FUN_1813713ec(),ghidra,clean,
WHGame.dll,release_1_5_1164953_841,0x1371510,296,FUN_181371510,,,59971271ae9dd89df57e3e9a66f82d28f1059fe6dfc70dc6ac858843f88b3ce8,undefined FUN_181371510(),ghidra,clean,
WHGame.dll,release_1_5_1164953_841,0x1371638,196,FUN_181371638,,,172ebf8783675360048bba30d74e34c5e0b48377942144e960a6f4ce98a17c80,undefined FUN_181371638(),ghidra,clean,
WHGame.dll,release_1_5_1164953_841,0x13716f4,175,FUN_1813716f4,,,44a900c4c726ff4268ec339c19b983bc4577f4fee83591be8a842579c716dedd,undefined FUN_1813716f4(),ghidra,clean,
WHGame.dll,release_1_5_1164953_841,0x13717a4,30,FUN_1813717a4,,,9651fee15edd96f86d8066b429f5755e5c885a2c0e4e16a731e876675390d403,undefined FUN_1813717a4(),ghidra,clean,
WHGame.dll,release_1_5_1164953_841,0x13717c4,369,FUN_1813717c4,,,437ab8a3fa78f3038cd88f83e6562c011d7abe56f9bae3c6a48846839f905775,undefined FUN_1813717c4(),ghidra,clean,
WHGame.dll,release_1_5_1164953_841,0x1371938,353,FUN_181371938,,,d9ca075e6847cdefca69ccf76c70a1ceeece14a08ff4f64323dfee9baa8acefa,undefined FUN_181371938(),ghidra,clean,
WHGame.dll,release_1_5_1164953_841,0x1371a9c,139,FUN_181371a9c,,,891005b09915975dc6e5cccff714a2268b8d5ca57c0737b308e28dce4c400fa4,undefined FUN_181371a9c(),ghidra,clean,
WHGame.dll,release_1_5_1164953_841,0x1371b2c,26,FUN_181371b2c,,,784f42d42467bdc72bf303619520ab86d009b3466c28ed890d4202f919d16798,undefined FUN_181371b2c(),ghidra,clean,
WHGame.dll,release_1_5_1164953_841,0x1371b48,958,FUN_181371b48,,,9cd91277c4b248a9ee8fe686a559dc134ee3c7d64a2d034573b1c6ee0011f231,undefined FUN_181371b48(),ghidra,clean,
WHGame.dll,release_1_5_1164953_841,0x1371f08,23,FUN_181371f08,,,4a2215c3e820937481093c41c3a2c4fdd1b034767afb06c5e8afd475b2e2dc6a,undefined FUN_181371f08(),ghidra,clean,
WHGame.dll,release_1_5_1164953_841,0x1371f20,155,FUN_181371f20,,,3d226c376d1051e5823c96238974397ad5c89104ed7105f78fc60a01b76329b6,undefined FUN_181371f20(),ghidra,clean,
WHGame.dll,release_1_5_1164953_841,0x1371fbc,304,FUN_181371fbc,,,38f538603a373952ce7e858d6a7b6c5634bc5c07c6aa5f49a85524e6da568797,undefined FUN_181371fbc(),ghidra,clean,
WHGame.dll,release_1_5_1164953_841,0x13720ec,155,FUN_1813720ec,,,02acef8d340d12e22ab88b97b4c43ec2c0f3f2bc87a9451b7dbf0d5e758266c7,undefined FUN_1813720ec(),ghidra,clean,
WHGame.dll,release_1_5_1164953_841,0x1372188,298,FUN_181372188,,,3468379a21577400e0158d0eb96c11e94cbd46ffe74afdec8b4ed53236461250,undefined FUN_181372188(),ghidra,clean,
WHGame.dll,release_1_5_1164953_841,0x13722b4,30,FUN_1813722b4,,,0b09e1f8fd42fc236c84affacf51dcd91cafea5f85de1d4ed4c9f956272d15a7,undefined FUN_1813722b4(),ghidra,clean,
WHGame.dll,release_1_5_1164953_841,0x13722d4,55,FUN_1813722d4,,,eccaa71eb048c51383cc9a34e33baf72e1788d90f8aa54c02993a263f40e3c0c,undefined FUN_1813722d4(),ghidra,clean,
WHGame.dll,release_1_5_1164953_841,0x13722fc,211,FUN_1813722fc,,,b7aaa8b622a097f73a710fc69a1c3b0bc43a9be0db89aa231d5de4709033bd5e,undefined FUN_1813722fc(),ghidra,clean,
WHGame.dll,release_1_5_1164953_841,0x13723c4,55,FUN_1813723c4,,,90de68950419d559c47aa579f468dd484573730e30bd467d6cdd0740cee6dc86,undefined FUN_1813723c4(),ghidra,clean,
WHGame.dll,release_1_5_1164953_841,0x13723ec,222,FUN_1813723ec,,,e90a2141c3c4d730f5a0d69a62bc4e656a3ad002055bb2400298fb41a110393d,undefined FUN_1813723ec(),ghidra,clean,
WHGame.dll,release_1_5_1164953_841,0x13724c0,51,FUN_1813724c0,,,72d87e858c2b1689abad04d41c42616aac509b8c34f48ff0668dede5b22ac439,undefined FUN_1813724c0(),ghidra,clean,
WHGame.dll,release_1_5_1164953_841,0x13724f4,145,FUN_1813724f4,,,3702eb22e9f48e970cc3e690ad52effbb155823a1ac30572927a8ffced0547ba,undefined FUN_1813724f4(),ghidra,clean,
WHGame.dll,release_1_5_1164953_841,0x1372588,145,FUN_181372588,,,a5073bfa2714e2c6acede7ca9e6bed4ef177bb9bee167e8d5c845151c16db719,undefined FUN_181372588(),ghidra,clean,
WHGame.dll,release_1_5_1164953_841,0x137261c,155,FUN_18137261c,,,947c101a32b4463ba59bf7956b41dfb6f23ad742974a9399a02010dca721099e,undefined FUN_18137261c(),ghidra,clean,
WHGame.dll,release_1_5_1164953_841,0x13726b8,291,FUN_1813726b8,,,28a8b90b00f27f84041d0739bc0b44e7d1d4c361946e524d8a8450375b88836e,undefined FUN_1813726b8(),ghidra,clean,
WHGame.dll,release_1_5_1164953_841,0x13727dc,53,FUN_1813727dc,,,039ec76ecabdf7b35dbb769f6facadd871057c2750231761c0ca129b6bf4bece,undefined FUN_1813727dc(),ghidra,clean,
WHGame.dll,release_1_5_1164953_841,0x1372814,53,FUN_181372814,,,4d81cd6a551908e2f87f81924d828c4f20378f12eee50e5ba2a6f71194fbdd59,undefined FUN_181372814(),ghidra,clean,
WHGame.dll,release_1_5_1164953_841,0x137284c,14,FUN_18137284c,,,a3b1d4b73a92a1d66951780d77559fb367791f3d681b975bfb9a36338a79a95b,undefined FUN_18137284c(),ghidra,clean,
WHGame.dll,release_1_5_1164953_841,0x137285c,288,FUN_18137285c,,,b9d2edc9b2c71f1c34ae2dbe3f9be08f4e642d61b8a4f3940531581158a19dcd,undefined FUN_18137285c(),ghidra,clean,
WHGame.dll,release_1_5_1164953_841,0x137294c,288,FUN_18137294c,,,2e7d1de35c69997624820e5753264fddf148c75d55501801106da19febb21819,undefined FUN_18137294c(),ghidra,clean,
WHGame.dll,release_1_5_1164953_841,0x1372a3c,26,FUN_181372a3c,,,2b972060032e79d9466477e849baf84e378ee2fb255562e62ed41ed15a4c66cb,undefined FUN_181372a3c(),ghidra,clean,
WHGame.dll,release_1_5_1164953_841,0x1372a58,151,FUN_181372a58,,,348757deb9b495d4196d04b0831c32aee73cf12bb7b2608d939ed004b361203a,undefined FUN_181372a58(),ghidra,clean,
WHGame.dll,release_1_5_1164953_841,0x1372af0,151,FUN_181372af0,,,5b599441fab9810dfa0f24e521890a42b6fffb03f65d77a057366f5f0bb22b05,undefined FUN_181372af0(),ghidra,clean,
WHGame.dll,release_1_5_1164953_841,0x1372b88,155,FUN_181372b88,,,35ec6d6f7e3011282d45537f7cd53dd46261b45335a899728b6679606f3f1a72,undefined FUN_181372b88(),ghidra,clean,
WHGame.dll,release_1_5_1164953_841,0x1372c24,291,FUN_181372c24,,,4895e5b8af45cc6b95715d8a95bc2c12e802e3a1f5abe1e8077f999a99a2904a,undefined FUN_181372c24(),ghidra,clean,
WHGame.dll,release_1_5_1164953_841,0x1372d48,190,FUN_181372d48,,,3517501b49569a9e52d24f9c5e6d1da7d2b7032212ef844b2cec8bd2d79048af,undefined FUN_181372d48(),ghidra,clean,
WHGame.dll,release_1_5_1164953_841,0x1372e08,194,FUN_181372e08,,,c43d689686425fc02fa0187b9d351825785a8d1757fbdfaaebd2f5523627f01f,undefined FUN_181372e08(),ghidra,clean,
WHGame.dll,release_1_5_1164953_841,0x1372ecc,155,FUN_181372ecc,,,adb77db1564466f8695969e39782a806f47f813cd06c1913057fd0a28c071fb8,undefined FUN_181372ecc(),ghidra,clean,
WHGame.dll,release_1_5_1164953_841,0x1372f68,190,FUN_181372f68,,,675c4eded3fda4a5645d63994ccafea51736f11601ad631c09888bb037fd4370,undefined FUN_181372f68(),ghidra,clean,
WHGame.dll,release_1_5_1164953_841,0x1373028,26,FUN_181373028,,,54c0330dfd6356566c61307a573fa69e569a8e2d129d7909424bb688865eb504,undefined FUN_181373028(),ghidra,clean,
WHGame.dll,release_1_5_1164953_841,0x1373044,151,FUN_181373044,,,fb3323d58e1cc58c3b0fe22c232e10e9dd38232575ed6ce07f54347a8b4ffb28,undefined FUN_181373044(),ghidra,clean,
WHGame.dll,release_1_5_1164953_841,0x13730dc,151,FUN_1813730dc,,,19fe76d76bd016720b5ab7cc22a66a066f452f26d25f4ba2c0820b68c7a3f486,undefined FUN_1813730dc(),ghidra,clean,
WHGame.dll,release_1_5_1164953_841,0x1373174,151,FUN_181373174,,,9fd563fc88d6630cdfbe587ba35521246ddc00155dd4241fc9ceb97157707ec2,undefined FUN_181373174(),ghidra,clean,
WHGame.dll,release_1_5_1164953_841,0x137320c,151,FUN_18137320c,,,2d2f8e38fbc42bd7dd73b785c0c12174abc31fb0815b868a9c3a7d437edaf091,undefined FUN_18137320c(),ghidra,clean,
WHGame.dll,release_1_5_1164953_841,0x13732a4,155,FUN_1813732a4,,,6ac82bb26ae711a5cd985b8e887286c41570efaa2abc2c59aa988523b131c59a,undefined FUN_1813732a4(),ghidra,clean,
WHGame.dll,release_1_5_1164953_841,0x1373340,240,FUN_181373340,,,c2e2db9098e715aa153550b88258ac56f87ade6e6f901ce836e6a5ae19d22cca,undefined FUN_181373340(),ghidra,clean,
WHGame.dll,release_1_5_1164953_841,0x1373430,18,FUN_181373430,,,807a1363e60f26d86b35dce7ffc55bc754592f65d33cb2f1d08a494c40fb631e,undefined FUN_181373430(),ghidra,clean,
WHGame.dll,release_1_5_1164953_841,0x1373444,291,FUN_181373444,,,626957bf848906fadd3e0d47b02531aef262d910c6f420c5bd5679056ac7b0a2,undefined FUN_181373444(),ghidra,clean,
WHGame.dll,release_1_5_1164953_841,0x1373568,170,FUN_181373568,,,4f6837903bfb68d319f80b0617b786eb6fa602d595967a9e1e22bf436363588a,undefined FUN_181373568(),ghidra,clean,
WHGame.dll,release_1_5_1164953_841,0x1373614,432,FUN_181373614,,,cce8c6f22ae62376c9834383654881c2e80b77cf74c9c906fd8a59371da52ff1,undefined FUN_181373614(),ghidra,clean,
WHGame.dll,release_1_5_1164953_841,0x137379c,60,FUN_18137379c,,,adeea178f462044957f949e3c463837ca056ff8e2db85b4751d2ec057a970e53,undefined FUN_18137379c(),ghidra,clean,
WHGame.dll,release_1_5_1164953_841,0x13737d8,110,FUN_1813737d8,,,684bfb982ff091b5aa79f4502cb513baee6ad822b37af0b3dfa37f2c1950263b,undefined FUN_1813737d8(),ghidra,clean,
WHGame.dll,release_1_5_1164953_841,0x1373848,212,FUN_181373848,,,07301b927f41c20eb81730cee46380549c58892cf47345bb8d1aa0d0cf127a1a,undefined FUN_181373848(),ghidra,clean,
WHGame.dll,release_1_5_1164953_841,0x1373900,5,thunk_FUN_181373908,,,b0d40b133b9394d93820ac0104b0065121d2d73df32c7bfb4e4cf5d805a8b103,undefined thunk_FUN_181373908(),ghidra,clean,
WHGame.dll,release_1_5_1164953_841,0x1373908,103,FUN_181373908,,,c9a005f22e55efc9e37d85d14d6f816ad8532c6d4aaa3f3f9b3b99ef8309c4c6,undefined FUN_181373908(),ghidra,clean,
WHGame.dll,release_1_5_1164953_841,0x1373970,95,FUN_181373970,,,44c0e3b4b7b94d25bf34f435e68fba6af4d9b6920afd56f4361c55e21481e842,undefined FUN_181373970(),ghidra,clean,
WHGame.dll,release_1_5_1164953_841,0x13739d0,211,FUN_1813739d0,,,b00dcbd6752390f566401bcf107b011131f5633726e440da603e7b1841b0ac10,undefined FUN_1813739d0(),ghidra,clean,
WHGame.dll,release_1_5_1164953_841,0x1373a88,53,FUN_181373a88,,,553b46f6e869f7102d0d19169f8d8c742225321878ad2393b8f3f0c738acfb23,undefined FUN_181373a88(),ghidra,clean,
WHGame.dll,release_1_5_1164953_841,0x1373ac0,147,FUN_181373ac0,,,50252a3a41b79eb81ec5e15cb7498e4b5a4e5fadb13170ee6e37b0277efde944,undefined FUN_181373ac0(),ghidra,clean,
WHGame.dll,release_1_5_1164953_841,0x1373b54,147,FUN_181373b54,,,45210a9718292745e0d0d92b536062184483eb195589652b3528a23f2ea1b6ce,undefined FUN_181373b54(),ghidra,clean,
WHGame.dll,release_1_5_1164953_841,0x1373be8,147,FUN_181373be8,,,1e2ad52a49ec5d08050b09e10f53b3cd282af599a64c3fd0508c874e9de08327,undefined FUN_181373be8(),ghidra,clean,
WHGame.dll,release_1_5_1164953_841,0x1373c7c,42,FUN_181373c7c,,,0eefa0d2a6f6a70b893bc7c0cf5bdde1078b15b221fc9a3933f0087a13e75ee1,undefined FUN_181373c7c(),ghidra,clean,
WHGame.dll,release_1_5_1164953_841,0x1373ca8,68,FUN_181373ca8,,,81fabf472cc8e63ba879370327a2dd2ab45a7c9798fc399382eb3fa883ea2043,undefined FUN_181373ca8(),ghidra,clean,
WHGame.dll,release_1_5_1164953_841,0x1373cec,100,FUN_181373cec,,,6e81a0eb298537a8ccb9da28d24bef5901b1fbc1729038a8d063f88b9e8e905c,undefined FUN_181373cec(),ghidra,clean,
WHGame.dll,release_1_5_1164953_841,0x1373d50,431,FUN_181373d50,,,af55279309fd17a478d81c123ba838e189d72374c3d824540c63d5a9a942999e,undefined FUN_181373d50(),ghidra,clean,
WHGame.dll,release_1_5_1164953_841,0x1373eac,40,FUN_181373eac,,,bb71f9dabc115b51415331dfd9abf7cac70fed93e83370466ca72d03ab28c68e,undefined FUN_181373eac(),ghidra,clean,
WHGame.dll,release_1_5_1164953_841,0x1373ed4,42,FUN_181373ed4,,,2b11c0763fa968490f33840dc4618ad22a39d57bf1dc0576ddb7f3970de308c3,undefined FUN_181373ed4(),ghidra,clean,
WHGame.dll,release_1_5_1164953_841,0x1373f00,328,FUN_181373f00,,,8138d8a71f9d47338948863e66461220e5aa9fcf25d09c512a1d5e084ad247ac,undefined FUN_181373f00(),ghidra,clean,
WHGame.dll,release_1_5_1164953_841,0x137404c,100,FUN_18137404c,,,6e5fcd12c21ac0b1c5dc22c3cbf884e8a54da77c5a67af226cbc83ed55db933d,undefined FUN_18137404c(),ghidra,clean,
WHGame.dll,release_1_5_1164953_841,0x13740b0,155,FUN_1813740b0,,,d64bb47a696aa5df477b9f75e556b600aab22c0ebc76360ae2f331f87765a683,undefined FUN_1813740b0(),ghidra,clean,
WHGame.dll,release_1_5_1164953_841,0x137414c,291,FUN_18137414c,,,5597e185cf7fec87164809b1410c6aed96703e8e71f2c3516381664b967b0cb5,undefined FUN_18137414c(),ghidra,clean,
WHGame.dll,release_1_5_1164953_841,0x1374278,186,FUN_181374278,,,ca4037c2884590458478726533053ef2ce58a47d8f34af1f58d1898206728c89,undefined FUN_181374278(),ghidra,clean,
WHGame.dll,release_1_5_1164953_841,0x1374334,234,FUN_181374334,,,4bb222718b843a1f92cf2b10b5333526874d23156f95a1eb9c4ec6fb156dbc3f,undefined FUN_181374334(),ghidra,clean,
WHGame.dll,release_1_5_1164953_841,0x1374420,234,FUN_181374420,,,81103823b9e84dae4c5d9befcb5c138a69dc91ded9ada6e0cdc6bae7f18788b6,undefined FUN_181374420(),ghidra,clean,
WHGame.dll,release_1_5_1164953_841,0x137450c,296,FUN_18137450c,,,8c3da7a1f81920475adf34f1ded06c7b95e26c7000d884e9d3639babb26e3449,undefined FUN_18137450c(),ghidra,clean,
WHGame.dll,release_1_5_1164953_841,0x1374634,234,FUN_181374634,,,ba8458c5cb3862c85cdb6b6e5f6312391d0afcdf863b33b9464274a83b6d4271,undefined FUN_181374634(),ghidra,clean,
WHGame.dll,release_1_5_1164953_841,0x1374720,1647,FUN_181374720,,,306d3508cc04030e0ef66d8643461f5de5deece8fcab982bf2f373a9e296cb72,undefined FUN_181374720(),ghidra,clean,
WHGame.dll,release_1_5_1164953_841,0x1374d90,68,FUN_181374d90,,,c46ae8e1e936cb64fbe1d7fd7fcdfe3f1b318b5894aadacba74647f536997292,undefined FUN_181374d90(),ghidra,clean,
WHGame.dll,release_1_5_1164953_841,0x1374dd4,157,FUN_181374dd4,,,8321b0debf9caed903e1890b35ac3e91cd1414fc55c14a560e0d68c667e60a55,undefined FUN_181374dd4(),ghidra,clean,
WHGame.dll,release_1_5_1164953_841,0x1374e74,93,FUN_181374e74,,,595fbed378a605ccfdf4dc265af6ce540a0939c79346c49c7cdc0137a6991b1a,undefined FUN_181374e74(),ghidra,clean,
WHGame.dll,release_1_5_1164953_841,0x1374ed4,166,FUN_181374ed4,,,dbd2c4ecfbf095f0e41a247ec03c005d785f736c834d1263ca684de5cd22ccca,undefined FUN_181374ed4(),ghidra,clean,
WHGame.dll,release_1_5_1164953_841,0x1374f7c,359,FUN_181374f7c,,,51919931c0dfe878c0933ba469b36529e2a061e142d960b5565678173b66a1f5,undefined FUN_181374f7c(),ghidra,clean,
WHGame.dll,release_1_5_1164953_841,0x13750d4,254,FUN_1813750d4,,,7a663c5b759e90664f4fe8a82f89a7d2e95b927e71a6333033d410e315272c7c,undefined FUN_1813750d4(),ghidra,clean,
WHGame.dll,release_1_5_1164953_841,0x13751d4,244,FUN_1813751d4,,,f83b6a8ff6dcbe6ab741b7f8fe435daf8ca37b875eafa8fc49c90897c6448f5f,undefined FUN_1813751d4(),ghidra,clean,
WHGame.dll,release_1_5_1164953_841,0x13752c8,169,FUN_1813752c8,,,393ba5ed0cfc366fd031e54303d3b1b233aacfb437c0adf4ee60d3c885eb9ef6,undefined FUN_1813752c8(),ghidra,clean,
WHGame.dll,release_1_5_1164953_841,0x1375374,273,FUN_181375374,,,a8a8c7ce222a7ea3b785e5a91d5432168dd110ff20eb71d9e4fcfc6f14ad2bf1,undefined FUN_181375374(),ghidra,clean,
WHGame.dll,release_1_5_1164953_841,0x1375478,196,FUN_181375478,,,f5237f326875118a47806c17a793c2f6bdd5daf0c18e949aa95921331e518a5f,undefined FUN_181375478(),ghidra,clean,
WHGame.dll,release_1_5_1164953_841,0x1375534,175,FUN_181375534,,,f7078d6fa796b6045dc3b1782d2e9d047206707c400212bb65a8ba2a2383c1fd,undefined FUN_181375534(),ghidra,clean,
WHGame.dll,release_1_5_1164953_841,0x13755e4,317,FUN_1813755e4,,,4e5d44ad9f8f8fb835cd9f02303631aae6366d02d7281798f784507ae264e7a7,undefined FUN_1813755e4(),ghidra,clean,
WHGame.dll,release_1_5_1164953_841,0x1375710,264,FUN_181375710,,,263287dac4fb8b8eb8b3d4f7c65440dc3e5da617aa4c611cb9c01c00ee0f06bc,undefined FUN_181375710(),ghidra,clean,
WHGame.dll,release_1_5_1164953_841,0x1375810,243,FUN_181375810,,,6d6ae36d7baacde4887dfd2e33498ad270a1208292258584a96ff827a3e84322,undefined FUN_181375810(),ghidra,clean,
WHGame.dll,release_1_5_1164953_841,0x1375904,378,FUN_181375904,,,f4e13f72463cdda124ce242a8d7eff42b49eda111afb7392226d89c9e6ef5553,undefined FUN_181375904(),ghidra,clean,
WHGame.dll,release_1_5_1164953_841,0x1375a70,264,FUN_181375a70,,,66f494209b8cf963a8ef856e09b735da831af0a84ab43f8da545ff6d45f38c8a,undefined FUN_181375a70(),ghidra,clean,
WHGame.dll,release_1_5_1164953_841,0x1375b70,244,FUN_181375b70,,,8b673e3f911d3fd292d516be5ccff9c894a4fe7efd58317d7800eb65a863a7a8,undefined FUN_181375b70(),ghidra,clean,
WHGame.dll,release_1_5_1164953_841,0x1375c64,180,FUN_181375c64,,,d4bc92b9a072186561e989ff3a13ba2bf9d6bc32365e29617ce588594a403c14,undefined FUN_181375c64(),ghidra,clean,
WHGame.dll,release_1_5_1164953_841,0x1375d18,194,FUN_181375d18,,,947316f80c360cc86223b69ac8cd2f247e81bb6a92c52091d0b0c63fece3d9ef,undefined FUN_181375d18(),ghidra,clean,
WHGame.dll,release_1_5_1164953_841,0x1375ddc,155,FUN_181375ddc,,,d5cc570615e9edfc7e19a790cf0d4d99f06f3fc74f057b14efbf8a942c4fe8b2,undefined FUN_181375ddc(),ghidra,clean,
WHGame.dll,release_1_5_1164953_841,0x1375e78,190,FUN_181375e78,,,ca721b810128cddafd9706ca5b77201a34906691c2766374e2fa033aaea9eb16,undefined FUN_181375e78(),ghidra,clean,
WHGame.dll,release_1_5_1164953_841,0x1375f38,190,FUN_181375f38,,,e30ca7602c4ab9975e6118b189207b67d6298ec7c26e6a4534f84dcdc9ab2201,undefined FUN_181375f38(),ghidra,clean,
WHGame.dll,release_1_5_1164953_841,0x1375ff8,190,FUN_181375ff8,,,20b76416bf4fd9e1f7cd48fb7bb8860db34f6ef8a3d04f2f9d4240f0108eb8af,undefined FUN_181375ff8(),ghidra,clean,
WHGame.dll,release_1_5_1164953_841,0x13760b8,891,FUN_1813760b8,,,4d381ee7245d221623e456f16877b3d0b5fb2e0c6cbef549eec3c917a0bf3338,undefined FUN_1813760b8(),ghidra,clean,
WHGame.dll,release_1_5_1164953_841,0x137617c,5,FUN_18137617c,,,6f18598b04ecccf18cabc9b8cfb84ad5811a216884b53165c22fc09631568610,undefined FUN_18137617c(),ghidra,clean,
WHGame.dll,release_1_5_1164953_841,0x1376181,4,FUN_181376181,,,2ffb5d7bbb9118b00324ef7ceb3fc19a0242cb1db13dcad10f5bef77fd1e45d7,undefined FUN_181376181(),ghidra,clean,
WHGame.dll,release_1_5_1164953_841,0x1376188,264,FUN_181376188,,,528f8214e3f5325b273c23a5ab9e77fbc99580496129edadf7e96fa532b9f6c5,undefined FUN_181376188(),ghidra,clean,
WHGame.dll,release_1_5_1164953_841,0x1376290,155,FUN_181376290,,,cca536d349f1d8fe1c418fdbfa24dfe34d4540ae58d63ee8820e758f0a06efec,undefined FUN_181376290(),ghidra,clean,
WHGame.dll,release_1_5_1164953_841,0x137632c,238,FUN_18137632c,,,dc467c7d1261897f48f05ecafdb36cc1061958475f124ac72ee708d48792bc95,undefined FUN_18137632c(),ghidra,clean,
WHGame.dll,release_1_5_1164953_841,0x137641c,214,FUN_18137641c,,,7fcabaa44ffc5bbc5edb250fe47d5e67ab4fa2c0cd9d65e97d81356cbb7309ef,undefined FUN_18137641c(),ghidra,clean,
WHGame.dll,release_1_5_1164953_841,0x13764e4,86,FUN_1813764e4,,,05225941415e2462d3dc8a72033198eb0b8853538f14d65d799c84b0d7d7e5ad,undefined FUN_1813764e4(),ghidra,clean,
WHGame.dll,release_1_5_1164953_841,0x137653c,30,FUN_18137653c,,,1050350a2536aa453f72d3071e2a59acad151af87bf33c1312fc987819d24b3b,undefined FUN_18137653c(),ghidra,clean,
WHGame.dll,release_1_5_1164953_841,0x137655c,96,FUN_18137655c,,,531d3f43f1d4becb45383b1724062d7e36a6cdfc8c041c5ce19e1df80d6d5884,undefined FUN_18137655c(),ghidra,clean,
WHGame.dll,release_1_5_1164953_841,0x13765bc,85,FUN_1813765bc,,,49cc5c8c4839c9cafeda7f12233b39e75b84a2979d64965b29c590c91932104b,undefined FUN_1813765bc(),ghidra,clean,
WHGame.dll,release_1_5_1164953_841,0x13765f0,155,FUN_1813765f0,,,178e224ebb2579c56ea83e537c7162d2a6c65efe6f358726518d5bb2d6236561,undefined FUN_1813765f0(),ghidra,clean,
WHGame.dll,release_1_5_1164953_841,0x137668c,31,FUN_18137668c,,,b8a2a687f67a2255fe614c483b0879c01ec1e4530add951c1836711571468af8,undefined FUN_18137668c(),ghidra,clean,
WHGame.dll,release_1_5_1164953_841,0x13766ac,31,FUN_1813766ac,,,feebaec56534a38eac2c0c60dcbe726e76fa125361dbd8d079cab67d10ca8ea5,undefined FUN_1813766ac(),ghidra,clean,
WHGame.dll,release_1_5_1164953_841,0x13766cc,267,FUN_1813766cc,,,9462381e7b0578ee8a133f1265522d2973e6de6a59e50b2104cbdcb7728b2557,undefined FUN_1813766cc(),ghidra,clean,
WHGame.dll,release_1_5_1164953_841,0x13767d8,209,FUN_1813767d8,,,870bb27fc2240d5a66e6768361f02341c3090ad58eb563838bee8cd1893a928e,undefined FUN_1813767d8(),ghidra,clean,
WHGame.dll,release_1_5_1164953_841,0x13768ac,291,FUN_1813768ac,,,ef9bc035303b4ffe52c7d465339bc096476d47ff305f77f45c88cd8efea7d04b,undefined FUN_1813768ac(),ghidra,clean,
WHGame.dll,release_1_5_1164953_841,0x13769d0,291,FUN_1813769d0,,,f503e1c767d982707b4072f4e06f0265865345ba9d1459c7255b7468d2fac29f,undefined FUN_1813769d0(),ghidra,clean,
WHGame.dll,release_1_5_1164953_841,0x1376af4,291,FUN_181376af4,,,7c09477c5e5068c34bab18f9785058686f46b7c161f11cd274bdd62480da268f,undefined FUN_181376af4(),ghidra,clean,
WHGame.dll,release_1_5_1164953_841,0x1376c18,209,FUN_181376c18,,,f76e18f894ad752081ee87e8f139af7a736d115cd9e05afc52525336384d46b5,undefined FUN_181376c18(),ghidra,clean,
WHGame.dll,release_1_5_1164953_841,0x1376cb8,90,FUN_181376cb8,,,a6e8bf191e6bbfdbcf01473b0b5e6193f5b4aeb216e61370356651ad5a32b0ac,undefined FUN_181376cb8(),ghidra,clean,
WHGame.dll,release_1_5_1164953_841,0x1376d14,308,FUN_181376d14,,,9d2b500d79076b541e09f431b4d0fcd64d1fdbb0b3c6a54bad7f47604c30d970,undefined FUN_181376d14(),ghidra,clean,
WHGame.dll,release_1_5_1164953_841,0x1376e14,802,FUN_181376e14,,,76d2ad1e835de8435c2fb02bb0ecf9bbd6a015da99088a7b05030132d47883ac,undefined FUN_181376e14(),ghidra,clean,
WHGame.dll,release_1_5_1164953_841,0x137701c,30,FUN_18137701c,,,a0833e1b4f19dfca23d040736b4488cdf70f7f14fa8451ade49374a7959348af,undefined FUN_18137701c(),ghidra,clean,
WHGame.dll,release_1_5_1164953_841,0x137707c,150,FUN_18137707c,,,daae9291300b142f75748ad798338e2879920fff2b92aa3c051d8f942f3143d7,undefined FUN_18137707c(),ghidra,clean,
WHGame.dll,release_1_5_1164953_841,0x1377114,138,FUN_181377114,,,4d1eb2a940ca4e26dd8af30c68814ec58be87a921fe150d1be7da9138861dd68,undefined FUN_181377114(),ghidra,clean,
WHGame.dll,release_1_5_1164953_841,0x13771a0,26,FUN_1813771a0,,,e1b2e5b9657e1f08d5c89e8dd0cb860242448433498857571512466bd0b4d43b,undefined FUN_1813771a0(),ghidra,clean,
WHGame.dll,release_1_5_1164953_841,0x13771bc,759,FUN_1813771bc,,,8954a3feeff5d38024032ba209cd23e739fa05f2defb1765e0507a996f1638fa,undefined FUN_1813771bc(),ghidra,clean,
WHGame.dll,release_1_5_1164953_841,0x13772c4,155,FUN_1813772c4,,,a3071feb6c9d85c6ee78171707f4b3aaaa59ee83f43105a0b13299682604fa03,undefined FUN_1813772c4(),ghidra,clean,
WHGame.dll,release_1_5_1164953_841,0x1377360,298,FUN_181377360,,,3e7d9b5a4ea8082134dbe335446cafc8b9f10cfd66d3864c80aa8dccb1b1e4ae,undefined FUN_181377360(),ghidra,clean,
WHGame.dll,release_1_5_1164953_841,0x137748c,30,FUN_18137748c,,,5aa51c930d338878a9868c1c18bbc5b248ee8ec8830a26a1910e2e6c2202ec05,undefined FUN_18137748c(),ghidra,clean,
WHGame.dll,release_1_5_1164953_841,0x13774ac,184,FUN_1813774ac,,,cc4218b700e8eca2b027c0ea647858a059a5d05e7b8493b11354474470c8227e,undefined FUN_1813774ac(),ghidra,clean,
WHGame.dll,release_1_5_1164953_841,0x1377544,184,FUN_181377544,,,c9f5ac505b8d91f982dd79b3f5521725571e7c4fc756d40a60d696925cb5b3be,undefined FUN_181377544(),ghidra,clean,
WHGame.dll,release_1_5_1164953_841,0x13775dc,327,FUN_1813775dc,,,1d7d0103cf30081ceb7a7f011a4262b55bec48d76ac437fdbea10403c0d95e69,undefined FUN_1813775dc(),ghidra,clean,
WHGame.dll,release_1_5_1164953_841,0x1377724,273,FUN_181377724,,,32177b8ad2dd4eb5980245ac5fb8e80b5a8e06bf67105f73d889dd6c2f7e46a0,undefined FUN_181377724(),ghidra,clean,
WHGame.dll,release_1_5_1164953_841,0x1377838,82,FUN_181377838,,,9a024abecf4f1226c5eb3b2a57aa4e2c75af34b1943cc00742b36cff70ae759b,undefined FUN_181377838(),ghidra,clean,
WHGame.dll,release_1_5_1164953_841,0x137788c,325,FUN_18137788c,,,ae9956afd5fe88b7b986c85a09ca7e758d9ab7b49f9a809eb50f5f551e321277,undefined FUN_18137788c(),ghidra,clean,
WHGame.dll,release_1_5_1164953_841,0x13779d4,433,FUN_1813779d4,,,5df2eb0f1eae668a409d78459fedf3353417333812dbf80cc35f9e3ddd159ce3,undefined FUN_1813779d4(),ghidra,clean,
WHGame.dll,release_1_5_1164953_841,0x1377b74,433,FUN_181377b74,,,6929ca28742a27f40d4f834c54228335e00c3530e115a1687b965c11a1d96b77,undefined FUN_181377b74(),ghidra,clean,
WHGame.dll,release_1_5_1164953_841,0x1377d14,427,FUN_181377d14,,,f561111bb8dee4aed76f11953495117a8b796ad59408bd72c46984e0c089144b,undefined FUN_181377d14(),ghidra,clean,
WHGame.dll,release_1_5_1164953_841,0x1377ec0,454,FUN_181377ec0,,,86cb87382d57a5e5cbbc7a35776e7c4dac957a1f5ece6dc45277dd61ecc9b021,undefined FUN_181377ec0(),ghidra,clean,
WHGame.dll,release_1_5_1164953_841,0x1378088,298,FUN_181378088,,,4cd0d5f6c4f7bb9e2fff66170d049bbe88b920198ed39ec17fad5381ce257a7d,undefined FUN_181378088(),ghidra,clean,
WHGame.dll,release_1_5_1164953_841,0x13781a8,322,FUN_1813781a8,,,a5333697cb95db5867167c55b2ae2b1ed5965189924c2625fd03a7cc30eb99e7,undefined FUN_1813781a8(),ghidra,clean,
WHGame.dll,release_1_5_1164953_841,0x13782e0,368,FUN_1813782e0,,,6e7785757ea3bd6b1122596c31b98a67131de1b15b8194e0f27b5abebc6d5165,undefined FUN_1813782e0(),ghidra,clean,
WHGame.dll,release_1_5_1164953_841,0x1378450,327,FUN_181378450,,,3f9da0b89f202fc0cd75eb35657df1b8d7f18d13de3bbbb7446b857e6b7dc052,undefined FUN_181378450(),ghidra,clean,
WHGame.dll,release_1_5_1164953_841,0x1378598,454,FUN_181378598,,,c8acf453b6f99cbede3607351aee2c9fefaebc8588c05431cf72f04993b4bd3f,undefined FUN_181378598(),ghidra,clean,
WHGame.dll,release_1_5_1164953_841,0x1378760,427,FUN_181378760,,,88536b9da91802ee33b1d262b0494b0450eb0858d0a101d95d34bb6f882433df,undefined FUN_181378760(),ghidra,clean,
WHGame.dll,release_1_5_1164953_841,0x137890c,298,FUN_18137890c,,,389069f64afd845a601d1898f7721b26278186ee2b80c525828f94e768632a7c,undefined FUN_18137890c(),ghidra,clean,
WHGame.dll,release_1_5_1164953_841,0x1378a2c,327,FUN_181378a2c,,,91bc47ecd45c49d0be42d1bf9a2cfe03a0ab503b5a4ac118c0df4ebb8975afad,undefined FUN_181378a2c(),ghidra,clean,
WHGame.dll,release_1_5_1164953_841,0x1378b74,427,FUN_181378b74,,,892600de3400f74b68cb334b2d047a10e5a342abb3897639f7955687f7a67de2,undefined FUN_181378b74(),ghidra,clean,
WHGame.dll,release_1_5_1164953_841,0x1378d20,298,FUN_181378d20,,,f5b91d9d1f39dbfed10d856813238a52de6d65c3c0cf33aabbb99c9fc79f4475,undefined FUN_181378d20(),ghidra,clean,
WHGame.dll,release_1_5_1164953_841,0x1378e40,327,FUN_181378e40,,,9b4012e49f4f9d6304681d4309304968cd0b6fa41a6f07fa1f209ee171c3d74c,undefined FUN_181378e40(),ghidra,clean,
WHGame.dll,release_1_5_1164953_841,0x1378f88,33,FUN_181378f88,,,6cebe3cfced13f4ff63843051aa0df7df233b7128bb72eca310d9e00fff233b3,undefined FUN_181378f88(),ghidra,clean,
WHGame.dll,release_1_5_1164953_841,0x1378fac,59,FUN_181378fac,,,411dcabbe5ea939dee2c0efce4963f0e55ae9dcbeec7c6fa667958bbf91c49f5,undefined FUN_181378fac(),ghidra,clean,
WHGame.dll,release_1_5_1164953_841,0x1378fd8,134,FUN_181378fd8,,,3d2bdaa455547631a7165c3d7a8c255cf2e93ec5a510f958d332e7db8653fe84,undefined FUN_181378fd8(),ghidra,clean,
WHGame.dll,release_1_5_1164953_841,0x1379060,190,FUN_181379060,,,2286c1656db13b51c6f4f79f12120182ab9abb8365a52ea7b180bffffb7a792c,undefined FUN_181379060(),ghidra,clean,
WHGame.dll,release_1_5_1164953_841,0x1379120,87,FUN_181379120,,,4b8d0fa32c846e1e9f8afb146ea33bf5e5e507ee8ba5c83884218d3d2ced2bd5,undefined FUN_181379120(),ghidra,clean,
WHGame.dll,release_1_5_1164953_841,0x1379178,147,FUN_181379178,,,a4cb846e7bd80c657d0608bea957da04c907045396ea605f3f362aa8a2c7fa16,undefined FUN_181379178(),ghidra,clean,
WHGame.dll,release_1_5_1164953_841,0x137920c,33,FUN_18137920c,,,6cebe3cfced13f4ff63843051aa0df7df233b7128bb72eca310d9e00fff233b3,undefined FUN_18137920c(),ghidra,clean,
WHGame.dll,release_1_5_1164953_841,0x1379230,59,FUN_181379230,,,02d01ad76d66e88616585b7192f748d6579bdd0a2763ebb2b64d7c80ba4f39a2,undefined FUN_181379230(),ghidra,clean,
WHGame.dll,release_1_5_1164953_841,0x137925c,121,FUN_18137925c,,,251b0c4b2717afd2b33ad6be38ad8c2634dabb47a273d0be880d7edcd3ea86be,undefined FUN_18137925c(),ghidra,clean,
WHGame.dll,release_1_5_1164953_841,0x13792d8,75,FUN_1813792d8,,,355b6e18d221396042db549486be3bc06da2a44f5d0b6aa2f38560a3e0b6514a,undefined FUN_1813792d8(),ghidra,clean,
WHGame.dll,release_1_5_1164953_841,0x1379324,51,FUN_181379324,,,681573c5abc4344b4d4962fd0f035f710a02c1ed9ee88a8cd61668ad06780476,undefined FUN_181379324(),ghidra,clean,
WHGame.dll,release_1_5_1164953_841,0x1379358,109,FUN_181379358,,,2c3e146013388f2e0e94fe77b67a89879c3c54832922ba4c38bc3b67ca011d90,undefined FUN_181379358(),ghidra,clean,
WHGame.dll,release_1_5_1164953_841,0x1379390,177,FUN_181379390,,,773590a3a0b56e4984a00bc17b1d65fb23f85d00b85557f24866b8aabd8447bf,undefined FUN_181379390(),ghidra,clean,
WHGame.dll,release_1_5_1164953_841,0x1379444,80,FUN_181379444,,,c064c1e7b544ea013721258ba5cbfc966ba618233950ef94953a37a106f8dfe4,undefined FUN_181379444(),ghidra,clean,
WHGame.dll,release_1_5_1164953_841,0x1379484,298,FUN_181379484,,,685375cec64fa29ec14614785c08bde8c2a701299595d3e3e4473ece9b9c47bd,undefined FUN_181379484(),ghidra,clean,
WHGame.dll,release_1_5_1164953_841,0x13795a4,298,FUN_1813795a4,,,f21eb4e4545874224c52415dc608f43d2615efa769b445e0329306bc2c325aad,undefined FUN_1813795a4(),ghidra,clean,
WHGame.dll,release_1_5_1164953_841,0x13796c4,322,FUN_1813796c4,,,262d07c53af8a3e6ab0b2a637b878a636199aefaec97d01d86fd3331c820de73,undefined FUN_1813796c4(),ghidra,clean,
WHGame.dll,release_1_5_1164953_841,0x13797fc,327,FUN_1813797fc,,,0bd8e8ceae7f981ee9de4d3aea030f7abcfc34e5d637f838ee965ab5593a6a06,undefined FUN_1813797fc(),ghidra,clean,
WHGame.dll,release_1_5_1164953_841,0x1379944,327,FUN_181379944,,,811e0028d1e8058391a016cb304dca6f78cad670392bcd60bd660519c348ac2a,undefined FUN_181379944(),ghidra,clean,
WHGame.dll,release_1_5_1164953_841,0x1379a8c,368,FUN_181379a8c,,,57628c66dd6ea267cdc3c6bef004cf10cf4de6729694f5df5237746c3660aea4,undefined FUN_181379a8c(),ghidra,clean,
WHGame.dll,release_1_5_1164953_841,0x1379bfc,888,FUN_181379bfc,,,8180a7239cac3a1a32a7d116e08b0ac4db9212009ceef9f5096eb2e20136d3a9,undefined FUN_181379bfc(),ghidra,clean,
WHGame.dll,release_1_5_1164953_841,0x1379f74,26,FUN_181379f74,,,819234953c91d716a341edb10dcca2267107efa13f78881bbca64f4a7a11eeca,undefined FUN_181379f74(),ghidra,clean,
WHGame.dll,release_1_5_1164953_841,0x1379f90,155,FUN_181379f90,,,9eb156cc42859f2fd63607dce378487d2441e3b68ba5eb4f984b335c291744c8,undefined FUN_181379f90(),ghidra,clean,
WHGame.dll,release_1_5_1164953_841,0x137a02c,304,FUN_18137a02c,,,568d6f1a5b855d26c48a672d8c912d15ee19f02265c684d410316eeebf4cb0b7,undefined FUN_18137a02c(),ghidra,clean,
WHGame.dll,release_1_5_1164953_841,0x137a15c,155,FUN_18137a15c,,,db6f90b563c7aabaa928107cb6d5a7c49f6862b44e8bf693635694977d43d373,undefined FUN_18137a15c(),ghidra,clean,
WHGame.dll,release_1_5_1164953_841,0x137a1f8,298,FUN_18137a1f8,,,fe91a3fd4d89663abfc7e2c19978df9e36beb3e928e3828a8e118907803bb8a3,undefined FUN_18137a1f8(),ghidra,clean,
WHGame.dll,release_1_5_1164953_841,0x137a324,23,FUN_18137a324,,,8aac8db08715fc0c90c0b8ba465fb20a7ec8ed0819264b532ad6d9c4f86d6da2,undefined FUN_18137a324(),ghidra,clean,
WHGame.dll,release_1_5_1164953_841,0x137a33c,304,FUN_18137a33c,,,2d07f18a96d95da120dd0eaa6b5531e7391829006c71911194e461503ae54bac,undefined FUN_18137a33c(),ghidra,clean,
WHGame.dll,release_1_5_1164953_841,0x137a46c,155,FUN_18137a46c,,,2cf6cbe44cfb4f5e1b9ce53ccd084a76296d492939f15806b302fcd8d22aa0b4,undefined FUN_18137a46c(),ghidra,clean,
WHGame.dll,release_1_5_1164953_841,0x137a508,298,FUN_18137a508,,,8aa5d0ad1362370cfdb563c6c43e5b49737b5862786b9e5fd4ff857626c215ca,undefined FUN_18137a508(),ghidra,clean,
WHGame.dll,release_1_5_1164953_841,0x137a634,295,FUN_18137a634,,,2c3495ef8425a7a08a9320f9d0693c1a40271e059b3ae54a9085bba2d8ca0d87,undefined FUN_18137a634(),ghidra,clean,
WHGame.dll,release_1_5_1164953_841,0x137a75c,61,FUN_18137a75c,,,86e294d5b0e23aaccdd5a42b8d7c465c155233ce12dcd107c1b9cb28798a5eb5,undefined FUN_18137a75c(),ghidra,clean,
WHGame.dll,release_1_5_1164953_841,0x137a79c,108,FUN_18137a79c,,,56a8207871cb386d3258c3302d7a0549a465e1c1094f0336c5e3dee98d687b70,undefined FUN_18137a79c(),ghidra,clean,
WHGame.dll,release_1_5_1164953_841,0x137a808,74,FUN_18137a808,,,381e3ea73b92ea5437811c4eb5becf72ef10de4a5fce916796441eeb992f9725,undefined FUN_18137a808(),ghidra,clean,
WHGame.dll,release_1_5_1164953_841,0x137a854,177,FUN_18137a854,,,e73915f853f0fd7c3ad3fcb5d9fb676a972578dfd2f781351729476316e0c9f9,undefined FUN_18137a854(),ghidra,clean,
WHGame.dll,release_1_5_1164953_841,0x137a908,235,FUN_18137a908,,,6b380031c9f5c9827d1132b9f9dcfd0f21e17b014a60f1352f2396eae51e0762,undefined FUN_18137a908(),ghidra,clean,
WHGame.dll,release_1_5_1164953_841,0x137a9e8,100,FUN_18137a9e8,,,131659edd2e691ce73b64266598e671cf10da14eeb40c04e99af6e3b03286623,undefined FUN_18137a9e8(),ghidra,clean,
WHGame.dll,release_1_5_1164953_841,0x137aa50,62,FUN_18137aa50,,,bb6ca06505a15fdd6d55e505287446145b6cddb05b7df635c32e0a94121708ad,undefined FUN_18137aa50(),ghidra,clean,
WHGame.dll,release_1_5_1164953_841,0x137aa7c,43,FUN_18137aa7c,,,a5fd2901dccb3946c0459c451a1092121c047680abb45eb2919238d65634028f,undefined FUN_18137aa7c(),ghidra,clean,
WHGame.dll,release_1_5_1164953_841,0x137aaa8,52,FUN_18137aaa8,,,15f779b21715b6ef02d1fc63f8faba23368be96a68292dce62f819d42aebdda0,undefined FUN_18137aaa8(),ghidra,clean,
WHGame.dll,release_1_5_1164953_841,0x137aadc,34,FUN_18137aadc,,,c7ed65faf7a813df815e786987adfdcf7ea480cb6a2a3cdb5a08ee77088d7ce4,undefined FUN_18137aadc(),ghidra,clean,
WHGame.dll,release_1_5_1164953_841,0x137ab00,249,FUN_18137ab00,,,e52360ee7fbe97e3c13a37e2c41324efff9ae23e55a8691b3667ddfc2c6834ee,undefined FUN_18137ab00(),ghidra,clean,
WHGame.dll,release_1_5_1164953_841,0x137ab98,121,FUN_18137ab98,,,3ab6b364834cb851753afcb0ce93a7add44d32cd0070b9add6c739a32389bf3c,undefined FUN_18137ab98(),ghidra,clean,
WHGame.dll,release_1_5_1164953_841,0x137ac14,170,FUN_18137ac14,,,a254d6ed40f7294b289d663418e2267ad52fa3c394e696c2f93d577a69bba254,undefined FUN_18137ac14(),ghidra,clean,
WHGame.dll,release_1_5_1164953_841,0x137acc0,179,FUN_18137acc0,,,1e4ea4da23290c882271d8aebd5d77e2e45122307231bdd10aec8aa70b09d816,undefined FUN_18137acc0(),ghidra,clean,
WHGame.dll,release_1_5_1164953_841,0x137ad90,83,FUN_18137ad90,,,bda7cd498560c8067d6cf0b0bb1f59145dad0ce40422629e07649f14cc96205c,undefined FUN_18137ad90(),ghidra,clean,
WHGame.dll,release_1_5_1164953_841,0x137ade4,84,FUN_18137ade4,,,373f4e3ba265742ebb5898328f78ef0e415d9d822bb01fa7a856e92bc57761e6,undefined FUN_18137ade4(),ghidra,clean,
WHGame.dll,release_1_5_1164953_841,0x137ae38,85,FUN_18137ae38,,,ad3c50c5d600843b2bcd49bca07d2b9d34384e770b6784c22dc0fea986708fc7,undefined FUN_18137ae38(),ghidra,clean,
WHGame.dll,release_1_5_1164953_841,0x137ae6c,97,FUN_18137ae6c,,,50e131ebce928777d09d259841667a0356db48c763f70ad6e603d4b1a1356089,undefined FUN_18137ae6c(),ghidra,clean,
WHGame.dll,release_1_5_1164953_841,0x137aed0,161,FUN_18137aed0,,,a460cecad6253f027368251a3899b4607687046e33c937d6f38ba31b39067fd7,undefined FUN_18137aed0(),ghidra,clean,
WHGame.dll,release_1_5_1164953_841,0x137af74,149,FUN_18137af74,,,d6edf96dd9a803b6a6accaae3355fb80d1856d21068ac3b73bc88800fd9d9de7,undefined FUN_18137af74(),ghidra,clean,
WHGame.dll,release_1_5_1164953_841,0x137b00c,23,FUN_18137b00c,,,31fbb31375fd0702f284c973b4e212b23b9ac4a489bb6d5bc8c475d1f7f72e27,undefined FUN_18137b00c(),ghidra,clean,
WHGame.dll,release_1_5_1164953_841,0x137b024,58,FUN_18137b024,,,f8febee0be6b3e76f919a6de019c2ecfd90c06fab771712a9eb8b1531c90c851,undefined FUN_18137b024(),ghidra,clean,
WHGame.dll,release_1_5_1164953_841,0x137b060,65,FUN_18137b060,,,751d565b170f76ac7304b5dfd3ce5058685ecbc6bea5a5bb83d986d3c2cce78d,undefined FUN_18137b060(),ghidra,clean,
WHGame.dll,release_1_5_1164953_841,0x137b0a4,142,FUN_18137b0a4,,,2fa1f7a718b3495a99fc888bdd78910d84d7c452d320cca3b5114745f6f2f731,undefined FUN_18137b0a4(),ghidra,clean,
WHGame.dll,release_1_5_1164953_841,0x137b134,5,thunk_FUN_18137b13c,,,b0d40b133b9394d93820ac0104b0065121d2d73df32c7bfb4e4cf5d805a8b103,undefined thunk_FUN_18137b13c(),ghidra,clean,
WHGame.dll,release_1_5_1164953_841,0x137b13c,209,FUN_18137b13c,,,532686b6329dbe785f8ae4e338f6b4820699e300f1839b2fce0e1bd799ffc30d,undefined FUN_18137b13c(),ghidra,clean,
WHGame.dll,release_1_5_1164953_841,0x137b204,191,FUN_18137b204,,,7cb2154dbcb6c710492d4e1649727be225d881b85fb594ecb327ae5c4351e1c9,undefined FUN_18137b204(),ghidra,clean,
WHGame.dll,release_1_5_1164953_841,0x137b2a8,542,FUN_18137b2a8,,,a50a3559faf9bef7448df410b00de8416db52d8ad70f41154fa66fd81549bb09,undefined FUN_18137b2a8(),ghidra,clean,
WHGame.dll,release_1_5_1164953_841,0x137b4c8,5,thunk_FUN_18137b4d0,,,b0d40b133b9394d93820ac0104b0065121d2d73df32c7bfb4e4cf5d805a8b103,undefined thunk_FUN_18137b4d0(),ghidra,clean,
WHGame.dll,release_1_5_1164953_841,0x137b4d0,103,FUN_18137b4d0,,,66316268dde692917bad15dd9a7400ad479ce216272a052635cac631d265e9f9,undefined FUN_18137b4d0(),ghidra,clean,
WHGame.dll,release_1_5_1164953_841,0x137b538,222,FUN_18137b538,,,3c9a3de995484c6de121b3700de4587a177deb06ed49f1a6b0c0c55f327941a7,undefined FUN_18137b538(),ghidra,clean,
WHGame.dll,release_1_5_1164953_841,0x137b5f0,219,FUN_18137b5f0,,,dd7916e6bdcce71cbc315de2a1edd9242677190de9a87b1b75303b33d1f1e954,undefined FUN_18137b5f0(),ghidra,clean,
WHGame.dll,release_1_5_1164953_841,0x137b6b0,130,FUN_18137b6b0,,,bd04d0468077507f736f0749bb3bfcc2194bb0c98ef691888b7c5552f16d37d9,undefined FUN_18137b6b0(),ghidra,clean,
WHGame.dll,release_1_5_1164953_841,0x137b734,154,FUN_18137b734,,,ea5a627536560441bef2159f278770b66df1d5f90864d84246d6a1e32eac6a63,undefined FUN_18137b734(),ghidra,clean,
WHGame.dll,release_1_5_1164953_841,0x137b7d0,151,FUN_18137b7d0,,,11defa3e9c7788148882e1ccde1bda6ae65137cc2ac9f1104eebb258de4481a2,undefined FUN_18137b7d0(),ghidra,clean,
WHGame.dll,release_1_5_1164953_841,0x137b868,42,FUN_18137b868,,,be8ecca6de05b72a216e20f1bc1e48371fe2d3a6c21deb80f47fb59f4b2fcb16,undefined FUN_18137b868(),ghidra,clean,
WHGame.dll,release_1_5_1164953_841,0x137b894,68,FUN_18137b894,,,ca94027939b05a01f97b641f8c1e39dd935e2d26a5d9a2be6875c883ade90fbd,undefined FUN_18137b894(),ghidra,clean,
WHGame.dll,release_1_5_1164953_841,0x137b8d8,53,FUN_18137b8d8,,,4b37fbe6da88d58fe70aea51f7b9d165f91132fa9caf06ccbadf4259c8be573a,undefined FUN_18137b8d8(),ghidra,clean,
WHGame.dll,release_1_5_1164953_841,0x137b910,53,FUN_18137b910,,,1dc494d9b88b4449d37b745a50870148ecbe65685d61c06e3345ee869df70169,undefined FUN_18137b910(),ghidra,clean,
WHGame.dll,release_1_5_1164953_841,0x137b948,431,FUN_18137b948,,,9b6f4babb695c98bd79ef93ea2d3c9064c32d308fe6747f00a06c14929b1b922,undefined FUN_18137b948(),ghidra,clean,
WHGame.dll,release_1_5_1164953_841,0x137baa4,40,FUN_18137baa4,,,28761bfa45a90bfa000af49f739b8dd3c1c118a9102ee17074e1d64fbbc82526,undefined FUN_18137baa4(),ghidra,clean,
WHGame.dll,release_1_5_1164953_841,0x137bacc,42,FUN_18137bacc,,,c82a532b38a75f114de035fd3c75b39e3a2c8ce3cb586982bf73ca538c976311,undefined FUN_18137bacc(),ghidra,clean,
WHGame.dll,release_1_5_1164953_841,0x137baf8,100,FUN_18137baf8,,,2fe25f55cbea3fba8ac2527a8fedf079467f74065ffa76c1c6f3acfbc65c1614,undefined FUN_18137baf8(),ghidra,clean,
WHGame.dll,release_1_5_1164953_841,0x137bb5c,417,FUN_18137bb5c,,,858ebd5417944dde5eeb5dd10cb286661ba36203c8c22ab40b35187ba0e607d1,undefined FUN_18137bb5c(),ghidra,clean,
WHGame.dll,release_1_5_1164953_841,0x137bc7c,40,FUN_18137bc7c,,,881bb08f8ac0197020d7ce409bf1649d5c69c9865610202f0465fc662c7eca97,undefined FUN_18137bc7c(),ghidra,clean,
WHGame.dll,release_1_5_1164953_841,0x137bca4,42,FUN_18137bca4,,,bab7e6e68714fdc1428b7b44656e6c179a1743a15bab9e1fea4f2e184191f0fa,undefined FUN_18137bca4(),ghidra,clean,
WHGame.dll,release_1_5_1164953_841,0x137bcd0,100,FUN_18137bcd0,,,239c1eb436df355770057157bbbd598eb375872c2e59a1780739a53ea5ee08df,undefined FUN_18137bcd0(),ghidra,clean,
WHGame.dll,release_1_5_1164953_841,0x137bd34,155,FUN_18137bd34,,,974af34c1a6deba8dce15a9e8897eaa1690807dca71762f3c93aee9857d3ee6e,undefined FUN_18137bd34(),ghidra,clean,
WHGame.dll,release_1_5_1164953_841,0x137bdd0,293,FUN_18137bdd0,,,3dbc1ce1f00bd7d4534a0f515b3be17b1739cd0eda50be354916b36257ce2466,undefined FUN_18137bdd0(),ghidra,clean,
WHGame.dll,release_1_5_1164953_841,0x137bef8,76,FUN_18137bef8,`scalar_deleting_destructor',Concurrency::details::UMSFreeThreadProxyFactory,5de882e1259d83955413b3080ab2d481f6e675390d7d34465c8ac79d05665852,"void * `scalar_deleting_destructor'(UMSFreeThreadProxyFactory * this, uint param_1)",ghidra,clean,
WHGame.dll,release_1_5_1164953_841,0x137bfe4,54,FUN_18137bfe4,,,748eb3af47ba3387f21c8b5cee86f695e197aa670e9e2f9d78a83a9dba3fd9d6,undefined FUN_18137bfe4(),ghidra,clean,
WHGame.dll,release_1_5_1164953_841,0x137c01c,34,FUN_18137c01c,,,8b8b45c4c84496b56b95119c5ec2314862d89380c4b8bcc77ea21307f27cdd8d,undefined FUN_18137c01c(),ghidra,clean,
WHGame.dll,release_1_5_1164953_841,0x137c040,70,FUN_18137c040,,,9a94e436c312dcda20ae969b0bfecc72081ef97dca8f82307a7fff0a9c868ec8,undefined FUN_18137c040(),ghidra,clean,
WHGame.dll,release_1_5_1164953_841,0x137c088,155,FUN_18137c088,,,ea268c12eabbc943ad5c4ca0571e0efe75a03b66d580fa51c9cb805927718181,undefined FUN_18137c088(),ghidra,clean,
WHGame.dll,release_1_5_1164953_841,0x137c124,291,FUN_18137c124,,,0d0e2df600a3bb939dd1525e211271c5d554bf4bf496e57de8d5e12bea477896,undefined FUN_18137c124(),ghidra,clean,
WHGame.dll,release_1_5_1164953_841,0x137c248,362,FUN_18137c248,,,52fc6e6d9403421f9aeec7f6969c076c210b94ce79f7227ab75950d37bd10f27,undefined FUN_18137c248(),ghidra,clean,
WHGame.dll,release_1_5_1164953_841,0x137c3a0,310,FUN_18137c3a0,,,cc43d25dd01992cfcdbcf52b9a4529c051b0c458f7a79101e4da96bdbc70e8ff,undefined FUN_18137c3a0(),ghidra,clean,
WHGame.dll,release_1_5_1164953_841,0x137c424,185,FUN_18137c424,,,c219d31e0036fa9fb806053e90a7784c022cebf39d8a730eec573c6c9e53cb41,undefined FUN_18137c424(),ghidra,clean,
WHGame.dll,release_1_5_1164953_841,0x137c4c8,151,FUN_18137c4c8,,,435a14e032bade23ba3afe175f0de5e3c22d658c3bb006bf0653d17c296a3672,undefined FUN_18137c4c8(),ghidra,clean,
WHGame.dll,release_1_5_1164953_841,0x137c560,147,FUN_18137c560,,,058976d7d49e2ee7bcebd65633be48b60b56dc95461d6440bb7f7d8be069d9be,undefined FUN_18137c560(),ghidra,clean,
WHGame.dll,release_1_5_1164953_841,0x137c5f4,306,FUN_18137c5f4,,,776a2c56f55ce95ee7a0c66ac8ca4d59a809a172b2a53e989fa261c6675664f7,undefined FUN_18137c5f4(),ghidra,clean,
WHGame.dll,release_1_5_1164953_841,0x137c6f0,396,FUN_18137c6f0,,,334bba2393f3b92549565677ce21d865356c7e4a5b143d50115a13fbe9f1f09f,undefined FUN_18137c6f0(),ghidra,clean,
WHGame.dll,release_1_5_1164953_841,0x137c880,141,FUN_18137c880,,,a9d7c4402e1d20f16c2a3adf4051fce943c2b3bf738d0dcd8000b8ad3a860d0e,undefined FUN_18137c880(),ghidra,clean,
WHGame.dll,release_1_5_1164953_841,0x137c910,55,FUN_18137c910,,,9588858cc1438efa6576f646d13b1d485fa15674fb91329d2a64439d015f87c8,undefined FUN_18137c910(),ghidra,clean,
WHGame.dll,release_1_5_1164953_841,0x137c948,85,FUN_18137c948,,,92df9d721f5c44e656e1728598d6fcf796c2fc0f7a1c182f1884ea83342a7586,undefined FUN_18137c948(),ghidra,clean,
WHGame.dll,release_1_5_1164953_841,0x137c9a0,93,FUN_18137c9a0,,,5446e44c848cde0c741da577dc63c772b6f86ed52fbcc372022c9fbb5910f35a,undefined FUN_18137c9a0(),ghidra,clean,
WHGame.dll,release_1_5_1164953_841,0x137ca00,155,FUN_18137ca00,,,17c7af3843f73f11f3e85dbe6659399eea347d6e075a7e5df21b6a114a9831de,undefined FUN_18137ca00(),ghidra,clean,
WHGame.dll,release_1_5_1164953_841,0x137ca9c,291,FUN_18137ca9c,,,7e0978d44348c881fc0eb5427024377196eff10e0fabfc5142f7fffdf9957fd4,undefined FUN_18137ca9c(),ghidra,clean,
WHGame.dll,release_1_5_1164953_841,0x137cbc0,30,FUN_18137cbc0,,,4641168eb3bb03feace80899975159e323fba39646bf99b752d1f8154f187b90,undefined FUN_18137cbc0(),ghidra,clean,
WHGame.dll,release_1_5_1164953_841,0x137cbe0,55,FUN_18137cbe0,,,926120fd95078de3337b1031df24f867c08cac65552a47d5e6c603e409f5d844,undefined FUN_18137cbe0(),ghidra,clean,
WHGame.dll,release_1_5_1164953_841,0x137cc08,118,FUN_18137cc08,,,e8026aa8d5b61e66f8c0426b33feb453590d8c582a1adea2b54a20197f2cdbdb,undefined FUN_18137cc08(),ghidra,clean,
WHGame.dll,release_1_5_1164953_841,0x137cc80,130,FUN_18137cc80,,,1359a58888f61c42b7a1546ae0dd9ebbb6e54951909f5b187b20a1dfb2520094,undefined FUN_18137cc80(),ghidra,clean,
WHGame.dll,release_1_5_1164953_841,0x137cd04,65,FUN_18137cd04,,,3a3c45ea5d750d78687eaffeab66455ccff3c4368b2d180a0c43a10bdbcc733f,undefined FUN_18137cd04(),ghidra,clean,
WHGame.dll,release_1_5_1164953_841,0x137cd48,64,FUN_18137cd48,,,9a6cc7117361b51425089a1cbb3f205265985ca08d31144d05abb0b839535e11,undefined FUN_18137cd48(),ghidra,clean,
WHGame.dll,release_1_5_1164953_841,0x137cd88,170,FUN_18137cd88,,,91c7e00a439e99c297dcaad3e4211da23d9e313124eca489163de321fd9f06b8,undefined FUN_18137cd88(),ghidra,clean,
WHGame.dll,release_1_5_1164953_841,0x137ce34,16,FUN_18137ce34,,,9630191d34c6b10cac3d202eb4e975a405baa10130a67718ca7aa08b4ad5f1fe,undefined FUN_18137ce34(),ghidra,clean,
WHGame.dll,release_1_5_1164953_841,0x137ce44,155,FUN_18137ce44,,,3a63061e1a32f873fe4136f36ddae62d323bc2459628eef3bde35881d7c23d3f,undefined FUN_18137ce44(),ghidra,clean,
WHGame.dll,release_1_5_1164953_841,0x137cee0,311,FUN_18137cee0,,,01cbcad60c684cc4da56f396d457991b119ec2a194d68e9f7b738d40ab3de90f,undefined FUN_18137cee0(),ghidra,clean,
WHGame.dll,release_1_5_1164953_841,0x137d018,47,FUN_18137d018,,,4fafce7b398ec4fe7594968895239dcc5164eda88f90846cd4a722744f037dae,undefined FUN_18137d018(),ghidra,clean,
WHGame.dll,release_1_5_1164953_841,0x137d048,217,FUN_18137d048,,,b9a9351b20fd9c9d88cec635600821f0d0764e537db1158b825b27a93247ca6d,undefined FUN_18137d048(),ghidra,clean,
WHGame.dll,release_1_5_1164953_841,0x137d124,412,FUN_18137d124,,,4e92f4f6830accea4158c6efc0d4b4e6ce4cb25e998388da2d640320d4566d6c,undefined FUN_18137d124(),ghidra,clean,
WHGame.dll,release_1_5_1164953_841,0x137d27c,31,FUN_18137d27c,,,bd549f5bcf3d5db77992fcd2ea1eea1af23ac2a19bd2146110285f9fae5658e0,undefined FUN_18137d27c(),ghidra,clean,
WHGame.dll,release_1_5_1164953_841,0x137d29c,317,FUN_18137d29c,,,a375ddd75f36e060b18f5dc456605c949271e569b43827f3cf5b0be5c1cde198,undefined FUN_18137d29c(),ghidra,clean,
WHGame.dll,release_1_5_1164953_841,0x137d3c8,264,FUN_18137d3c8,,,a9899726c5663adc80694bd551ea19a7c103eccf0317881f570f688f935bf3a8,undefined FUN_18137d3c8(),ghidra,clean,
WHGame.dll,release_1_5_1164953_841,0x137d4c8,243,FUN_18137d4c8,,,eed29ceee11b61d9f0f5274144412667d724d17d78cc2d308daa7f4fedd741de,undefined FUN_18137d4c8(),ghidra,clean,
WHGame.dll,release_1_5_1164953_841,0x137d5bc,791,FUN_18137d5bc,,,432914f23a225b823a3febdcfcfb6c7ccd78a7e70d06e703eb112a1261ba9e03,undefined FUN_18137d5bc(),ghidra,clean,
WHGame.dll,release_1_5_1164953_841,0x137d6bc,26,FUN_18137d6bc,,,819234953c91d716a341edb10dcca2267107efa13f78881bbca64f4a7a11eeca,undefined FUN_18137d6bc(),ghidra,clean,
WHGame.dll,release_1_5_1164953_841,0x137d6d8,155,FUN_18137d6d8,,,b166293116a11aacaa28e807c82eb8a60af8c2fca5c8972d9363a6ee0f0412d5,undefined FUN_18137d6d8(),ghidra,clean,
WHGame.dll,release_1_5_1164953_841,0x137d774,298,FUN_18137d774,,,c44b1d6cc9c4be5705d7094a7381b0a4d39e32004195ba7af28c9abf86f0f4ee,undefined FUN_18137d774(),ghidra,clean,
WHGame.dll,release_1_5_1164953_841,0x137d8a0,109,FUN_18137d8a0,,,0e592cdf079803c3c43d909e035e0f396ed3a58b93c24d7b22f6fefac739a2c0,undefined FUN_18137d8a0(),ghidra,clean,
WHGame.dll,release_1_5_1164953_841,0x137d8dc,195,FUN_18137d8dc,,,a573295de045db3c939190bebf70f1fe9c5eaabec7168032099f27e348fdd98f,undefined FUN_18137d8dc(),ghidra,clean,
WHGame.dll,release_1_5_1164953_841,0x137d9a0,348,FUN_18137d9a0,,,b0a302d047a7b3bf8c105d8a1c5e5271c996f39845f5844d9d109593a60c44b9,undefined FUN_18137d9a0(),ghidra,clean,
WHGame.dll,release_1_5_1164953_841,0x137db00,101,FUN_18137db00,,,d6d668f25fcde97e5d0befc2ff1ebd1f899c0265d162b6aaccc7829bf0843c53,undefined FUN_18137db00(),ghidra,clean,
WHGame.dll,release_1_5_1164953_841,0x137db68,146,FUN_18137db68,,,b7c0961aafe0cd206dd99f08495876fb599cba7c94864eee885c73e94d3c092b,undefined FUN_18137db68(),ghidra,clean,
WHGame.dll,release_1_5_1164953_841,0x137dbfc,54,FUN_18137dbfc,,,5f97fc4ddf846ec6660297c200039f72db2fbd94172b613f13a3123cb3127207,undefined FUN_18137dbfc(),ghidra,clean,
WHGame.dll,release_1_5_1164953_841,0x137dc34,130,FUN_18137dc34,,,4f882c8e8d0b88812ea049bbf59ec85afa3c09f36489cb80ba2af6300f904875,undefined FUN_18137dc34(),ghidra,clean,
WHGame.dll,release_1_5_1164953_841,0x137dcb8,5,thunk_FUN_18137dcc0,,,b0d40b133b9394d93820ac0104b0065121d2d73df32c7bfb4e4cf5d805a8b103,undefined thunk_FUN_18137dcc0(),ghidra,clean,
WHGame.dll,release_1_5_1164953_841,0x137dcc0,103,FUN_18137dcc0,,,a63ecab62259afcd36e842bacb39d4f3245fadedd7d66fd5347fc2ce399e7c75,undefined FUN_18137dcc0(),ghidra,clean,
WHGame.dll,release_1_5_1164953_841,0x137dd28,211,FUN_18137dd28,,,e5ea7d70c5796a9cd596a8a9c9309cea86c65142d97067518a549b4b11155b10,undefined FUN_18137dd28(),ghidra,clean,
WHGame.dll,release_1_5_1164953_841,0x137ddd4,147,FUN_18137ddd4,,,da1ba32163981fd1163f779337b2507b5fa6a58d4dea5d6e2acdd0c7e1a5d140,undefined FUN_18137ddd4(),ghidra,clean,
WHGame.dll,release_1_5_1164953_841,0x137de68,144,FUN_18137de68,,,7d408f18800f1d5f86aec916e15179ef67abeda533cca917e0101b724e2266a5,undefined FUN_18137de68(),ghidra,clean,
WHGame.dll,release_1_5_1164953_841,0x137def8,328,FUN_18137def8,,,87e6849b2723907c96c2c20dff57d0281d4c23f2c07306bfa3e9843724c54348,undefined FUN_18137def8(),ghidra,clean,
WHGame.dll,release_1_5_1164953_841,0x137e044,100,FUN_18137e044,,,b159b2eba6df867c5dbd104ed4a288c8aa9336bb8405cfd62d3cc12d0a552d7b,undefined FUN_18137e044(),ghidra,clean,
WHGame.dll,release_1_5_1164953_841,0x137e0a8,40,FUN_18137e0a8,,,5c5e77e82dfc3c13946c134f5a8020c799575c36a6bd7099c6e6103fdddaeae2,undefined FUN_18137e0a8(),ghidra,clean,
WHGame.dll,release_1_5_1164953_841,0x137e0d0,68,FUN_18137e0d0,,,5f852ff947ced55f6e433f5255a66f445400399815f08b3e740856806679d967,undefined FUN_18137e0d0(),ghidra,clean,
WHGame.dll,release_1_5_1164953_841,0x137e114,130,FUN_18137e114,,,da2d131fcacc41a082d858980ea46399d141d73581116b0e27b34a7923585127,undefined FUN_18137e114(),ghidra,clean,
WHGame.dll,release_1_5_1164953_841,0x137e198,142,FUN_18137e198,,,f2d5407a34d3db58ecee59971c5a701c4b8309462b24a689fa8efec14d9acdc4,undefined FUN_18137e198(),ghidra,clean,
WHGame.dll,release_1_5_1164953_841,0x137e228,5,thunk_FUN_18137e230,,,b0d40b133b9394d93820ac0104b0065121d2d73df32c7bfb4e4cf5d805a8b103,undefined thunk_FUN_18137e230(),ghidra,clean,
WHGame.dll,release_1_5_1164953_841,0x137e230,223,FUN_18137e230,,,4e4236f936e89790ab961fad34f92f49d612ceec67529f8fd9615c8ba609cc85,undefined FUN_18137e230(),ghidra,clean,
WHGame.dll,release_1_5_1164953_841,0x137e308,147,FUN_18137e308,,,d74bb2128ec35c375e0bdb4a2d689a3a58876168b672c2086b1c93f91c2d4e46,undefined FUN_18137e308(),ghidra,clean,
WHGame.dll,release_1_5_1164953_841,0x137e39c,147,FUN_18137e39c,,,78bbc347e81a8c2d5ee7985716e13d0587ddb358441c47c47ba8779adfa1c662,undefined FUN_18137e39c(),ghidra,clean,
WHGame.dll,release_1_5_1164953_841,0x137e430,5,thunk_FUN_18137e438,,,b0d40b133b9394d93820ac0104b0065121d2d73df32c7bfb4e4cf5d805a8b103,undefined thunk_FUN_18137e438(),ghidra,clean,
WHGame.dll,release_1_5_1164953_841,0x137e438,103,FUN_18137e438,,,5af5943950900558a797db48337af520fe62637ff4492e513385eb467149523e,undefined FUN_18137e438(),ghidra,clean,
WHGame.dll,release_1_5_1164953_841,0x137e4a0,151,FUN_18137e4a0,,,b24ecfc577befae0e1dc5150707510b63bb9a667aba64e0694f54914ed8b7fa2,undefined FUN_18137e4a0(),ghidra,clean,
WHGame.dll,release_1_5_1164953_841,0x137e51c,144,FUN_18137e51c,,,77d0dd4e19e53438ae9fd1c20710384d14ee613aac201f3bbc81f46dde58ab33,undefined FUN_18137e51c(),ghidra,clean,
WHGame.dll,release_1_5_1164953_841,0x137e5ac,42,FUN_18137e5ac,,,d5c98099ea9f6750a069113c11d24a8d1c93c3c6699c72cb9136b85809d8a55b,undefined FUN_18137e5ac(),ghidra,clean,
WHGame.dll,release_1_5_1164953_841,0x137e5d8,68,FUN_18137e5d8,,,bd8a018011a5dacf9fd8415e5e683048bd714291741df2f04bea72e3df899686,undefined FUN_18137e5d8(),ghidra,clean,
WHGame.dll,release_1_5_1164953_841,0x137e61c,175,FUN_18137e61c,,,e40d0170cb5518b1c09ff4ab0fd78eeecfd56722c908665b0d504ae2a17501fa,undefined FUN_18137e61c(),ghidra,clean,
WHGame.dll,release_1_5_1164953_841,0x137e6cc,53,FUN_18137e6cc,,,d0abeaee84f0e5a8c57187d6afd0e868a9dfc5922bf7b02e0b2c008f910b81e0,undefined FUN_18137e6cc(),ghidra,clean,
WHGame.dll,release_1_5_1164953_841,0x137e704,431,FUN_18137e704,,,2da902952d6a1c6773dfb37cb7bd54500d5cfe67905e210efbf29c7291f1634c,undefined FUN_18137e704(),ghidra,clean,
WHGame.dll,release_1_5_1164953_841,0x137e860,40,FUN_18137e860,,,6f510d73c5715b1354c621bb207384d691c190ff5d6dcb65a10f05a52a2b7dbe,undefined FUN_18137e860(),ghidra,clean,
WHGame.dll,release_1_5_1164953_841,0x137e888,42,FUN_18137e888,,,892fbf16e84427164b025cafa1f19a46e34b830200e09b87db90d23217b49ed2,undefined FUN_18137e888(),ghidra,clean,
WHGame.dll,release_1_5_1164953_841,0x137e8b4,100,FUN_18137e8b4,,,43ea088f1c5d8d239bd2a21cc9b976b8e429158415a22985fb6d97346830ff4d,undefined FUN_18137e8b4(),ghidra,clean,
WHGame.dll,release_1_5_1164953_841,0x137e918,328,FUN_18137e918,,,6f21819a80689c8893be2e339a1ad7feb1042dc4218a8a155a0e4d5b8bf429f3,undefined FUN_18137e918(),ghidra,clean,
WHGame.dll,release_1_5_1164953_841,0x137ea64,100,FUN_18137ea64,,,e9c2c67fe9f9988aea4a21f1f9d91095ec9e0999f33de116e3d82d17346b63c3,undefined FUN_18137ea64(),ghidra,clean,
WHGame.dll,release_1_5_1164953_841,0x137eac8,53,FUN_18137eac8,,,4a4a8c130f517a1033ed3c971afc40b7efcf6abad1501972e100ca2598586cac,undefined FUN_18137eac8(),ghidra,clean,
WHGame.dll,release_1_5_1164953_841,0x137eb00,417,FUN_18137eb00,,,af8a46146ff60d339bdb1f76a8e65c59e2d4a592a8b6da8b70d2b8c9239bdc44,undefined FUN_18137eb00(),ghidra,clean,
WHGame.dll,release_1_5_1164953_841,0x137ec20,40,FUN_18137ec20,,,070c95c55a4fecc15c4e9a3991bf8aaa8784ea1f05c07e9fe69fb102d7677203,undefined FUN_18137ec20(),ghidra,clean,
WHGame.dll,release_1_5_1164953_841,0x137ec48,42,FUN_18137ec48,,,718e2bddb2696b80f406ae384c8a3ba0c57d0776b21fb9b02777bf13a7364281,undefined FUN_18137ec48(),ghidra,clean,
WHGame.dll,release_1_5_1164953_841,0x137ec74,891,FUN_18137ec74,,,303ed23719e28961f4c4794c796713eb5d95a6bdf3b5288ac2f4c957dbaa0df5,undefined FUN_18137ec74(),ghidra,clean,
WHGame.dll,release_1_5_1164953_841,0x137ed38,5,FUN_18137ed38,,,6f18598b04ecccf18cabc9b8cfb84ad5811a216884b53165c22fc09631568610,undefined FUN_18137ed38(),ghidra,clean,
WHGame.dll,release_1_5_1164953_841,0x137ed3d,4,FUN_18137ed3d,,,2ffb5d7bbb9118b00324ef7ceb3fc19a0242cb1db13dcad10f5bef77fd1e45d7,undefined FUN_18137ed3d(),ghidra,clean,
WHGame.dll,release_1_5_1164953_841,0x137ed44,194,FUN_18137ed44,,,552b6258ababdd1b93043cb1bc9b0a3699c02d0ad6f209473f76ef4735e2873d,undefined FUN_18137ed44(),ghidra,clean,
WHGame.dll,release_1_5_1164953_841,0x137ee08,155,FUN_18137ee08,,,6400fbef1b1c34bde63f1db42b0405f96b95cb6cbc25d82c556d77eb40843bc6,undefined FUN_18137ee08(),ghidra,clean,
WHGame.dll,release_1_5_1164953_841,0x137eea4,190,FUN_18137eea4,,,f583bfc668453629f03dff43085a8efde951039b470e8836f58aea86265806da,undefined FUN_18137eea4(),ghidra,clean,
WHGame.dll,release_1_5_1164953_841,0x137ef64,190,FUN_18137ef64,,,732829080f27585fe6cf9cc672cd795d4be90fee36325a366e8f1a85a342a5bc,undefined FUN_18137ef64(),ghidra,clean,
WHGame.dll,release_1_5_1164953_841,0x137f024,26,FUN_18137f024,,,69072249e4cc48b1e4ef02101597aa26e99a2cd56badce04ec059833fbe361f2,undefined FUN_18137f024(),ghidra,clean,
WHGame.dll,release_1_5_1164953_841,0x137f040,190,FUN_18137f040,,,64182069def4b1d262efcb9716c1ea4ead5bb05a2163b50af45873f3e585f509,undefined FUN_18137f040(),ghidra,clean,
WHGame.dll,release_1_5_1164953_841,0x137f100,264,FUN_18137f100,,,6fdf4669c01fe96213be517ac68da8cd31206a16fddfdd1e1c98a6880f555d28,undefined FUN_18137f100(),ghidra,clean,
WHGame.dll,release_1_5_1164953_841,0x137f208,86,FUN_18137f208,,,36d9c79dd78cfa94ba269f7a846dc54683b8e0e2c2a9538ad997e78299d81458,undefined FUN_18137f208(),ghidra,clean,
WHGame.dll,release_1_5_1164953_841,0x137f260,94,FUN_18137f260,,,ff6dc2c974d3b078b2050c6b080482c7556cfd057669c965c671b985cbeb12e4,undefined FUN_18137f260(),ghidra,clean,
WHGame.dll,release_1_5_1164953_841,0x137f2c0,30,FUN_18137f2c0,,,42ce94e21a6bd491c6ea7cf019eae9264ddd9928990b6ce3bcfe947f22c76004,undefined FUN_18137f2c0(),ghidra,clean,
WHGame.dll,release_1_5_1164953_841,0x137f2e0,85,FUN_18137f2e0,,,d4ed581575672abce98659e8495bbc6fd5c14bac52f5924998f981903f946529,undefined FUN_18137f2e0(),ghidra,clean,
WHGame.dll,release_1_5_1164953_841,0x137f314,155,FUN_18137f314,,,bd6e751ded8ea0b652df717b1154400deff5cd37e38636397ba5a0a01eb5e84e,undefined FUN_18137f314(),ghidra,clean,
WHGame.dll,release_1_5_1164953_841,0x137f3b0,155,FUN_18137f3b0,,,8a0cbf2ee95dcba89c869f80ada41752be8894d1ec5c4d4672965045ea246d97,undefined FUN_18137f3b0(),ghidra,clean,
WHGame.dll,release_1_5_1164953_841,0x137f44c,196,FUN_18137f44c,,,0a263ba0fef31697f5bd7181786335f9f4a06036ac1a60b9b9651e9d628cdd15,undefined FUN_18137f44c(),ghidra,clean,
WHGame.dll,release_1_5_1164953_841,0x137f508,175,FUN_18137f508,,,721853009d77428abe255239e4c8d24ad761e1c7f033f2c485e846ac2fcdf564,undefined FUN_18137f508(),ghidra,clean,
WHGame.dll,release_1_5_1164953_841,0x137f5b8,291,FUN_18137f5b8,,,9a73927948a1276907bc37a005a084e800620f346826ca6b21c3120aaff0f860,undefined FUN_18137f5b8(),ghidra,clean,
WHGame.dll,release_1_5_1164953_841,0x137f6dc,291,FUN_18137f6dc,,,f40fb62fbac2a1982491552bacfb5a55782ea4db1644431b651f4495009be0e8,undefined FUN_18137f6dc(),ghidra,clean,
WHGame.dll,release_1_5_1164953_841,0x137f800,291,FUN_18137f800,,,8734a659baed47d199673e15ed39647d132b1dc3f4f0e9301324d79b22ecacbd,undefined FUN_18137f800(),ghidra,clean,
WHGame.dll,release_1_5_1164953_841,0x137f924,26,FUN_18137f924,,,70509e233b81a4b980391cbde5d0f4e0f57007794a397523a1f478e8884bbf63,undefined FUN_18137f924(),ghidra,clean,
WHGame.dll,release_1_5_1164953_841,0x137f940,1137,FUN_18137f940,,,2a8c302ce47f9188c39e52366f356ece4d90a33b5788e608083fcadee0c54b64,undefined FUN_18137f940(),ghidra,clean,
WHGame.dll,release_1_5_1164953_841,0x137fdb4,155,FUN_18137fdb4,,,1b6d01e5964a5671ff6ad539ae651c45d9d97bf51a663e21eec6c12ed81d7423,undefined FUN_18137fdb4(),ghidra,clean,
WHGame.dll,release_1_5_1164953_841,0x137fe50,304,FUN_18137fe50,,,65d125ebf94769ac289114147afc4e2951ad91afc300d8928c0401fb9dc82fb3,undefined FUN_18137fe50(),ghidra,clean,
WHGame.dll,release_1_5_1164953_841,0x137ff80,155,FUN_18137ff80,,,90edcb6bd54da158a254fd3e4a1dddb6286a18e586e1fd7d2dd268c94b4a87b7,undefined FUN_18137ff80(),ghidra,clean,
WHGame.dll,release_1_5_1164953_841,0x138001c,298,FUN_18138001c,,,e3eade78aa236c827bbc77c956babd95171432e09387aad9cf55c46e9ceec391,undefined FUN_18138001c(),ghidra,clean,
WHGame.dll,release_1_5_1164953_841,0x1380148,30,FUN_181380148,,,5c8d1922733f29a7bada0836f7d1264347ec85c315e0388077d32bb75afc9d32,undefined FUN_181380148(),ghidra,clean,
WHGame.dll,release_1_5_1164953_841,0x1380168,5,thunk_FUN_181380170,,,b0d40b133b9394d93820ac0104b0065121d2d73df32c7bfb4e4cf5d805a8b103,undefined thunk_FUN_181380170(),ghidra,clean,
WHGame.dll,release_1_5_1164953_841,0x1380170,103,FUN_181380170,,,c8d344264f7ef2b4ffcb785af665b80d7a465aeccbe44357e26d0ea2020c8208,undefined FUN_181380170(),ghidra,clean,
WHGame.dll,release_1_5_1164953_841,0x13801d8,232,FUN_1813801d8,,,b8f0aac587fe6b486f956e862cefdb345f4d171ac15225497d4b4d35b2da5c21,undefined FUN_1813801d8(),ghidra,clean,
WHGame.dll,release_1_5_1164953_841,0x1380298,53,FUN_181380298,,,6c32270118cdfb938bdb3ff1d59f557e386d403df9d0a433f638603f1f098bb4,undefined FUN_181380298(),ghidra,clean,
WHGame.dll,release_1_5_1164953_841,0x13802d0,422,FUN_1813802d0,,,0616e8472ac1c43b7f804a47cc9563c559ad827338ad4c9b19c6142746ecc3ea,undefined FUN_1813802d0(),ghidra,clean,
WHGame.dll,release_1_5_1164953_841,0x1380368,155,FUN_181380368,,,eca32194e78d692439aafca138dffa3e04a14f2df720f80ad1d9a8707d6e40d0,undefined FUN_181380368(),ghidra,clean,
WHGame.dll,release_1_5_1164953_841,0x1380404,311,FUN_181380404,,,58052a22323f019e9138dc24983b35ed0b467ab292ab2f68a6beaf0842c8c739,undefined FUN_181380404(),ghidra,clean,
WHGame.dll,release_1_5_1164953_841,0x138053c,200,FUN_18138053c,,,4201b8d6cdb18a4ebf7944daf4649fb39ca7c93db14b0138784eca00dba1a954,undefined FUN_18138053c(),ghidra,clean,
WHGame.dll,release_1_5_1164953_841,0x13805e4,26,FUN_1813805e4,,,408a45921400e37d7cc4180628a4f6540ab8cf915b3274c336e766c1bebe2778,undefined FUN_1813805e4(),ghidra,clean,
WHGame.dll,release_1_5_1164953_841,0x1380600,151,FUN_181380600,,,67a6af5d54ae7307afd197850e261d4a58e42e75c5a5bc229ced3338b46b6e22,undefined FUN_181380600(),ghidra,clean,
WHGame.dll,release_1_5_1164953_841,0x1380698,958,FUN_181380698,,,1015c5505fd94fccafc4aba72c514c36018d659185f112e318f327c154894e5c,undefined FUN_181380698(),ghidra,clean,
WHGame.dll,release_1_5_1164953_841,0x1380a58,23,FUN_181380a58,,,4a2215c3e820937481093c41c3a2c4fdd1b034767afb06c5e8afd475b2e2dc6a,undefined FUN_181380a58(),ghidra,clean,
WHGame.dll,release_1_5_1164953_841,0x1380a70,155,FUN_181380a70,,,a5549e68656e5aa1d82bf4217935fc745b5592556400c715951ddc674e309fb1,undefined FUN_181380a70(),ghidra,clean,
WHGame.dll,release_1_5_1164953_841,0x1380b0c,304,FUN_181380b0c,,,53a0458747be174363fd671064c49fda2788ebea1240b3b8437116ba252e8515,undefined FUN_181380b0c(),ghidra,clean,
WHGame.dll,release_1_5_1164953_841,0x1380c3c,155,FUN_181380c3c,,,3b6928ba8ca8650b478afd3586d12afc1947cbeb5f9bee7966ca1d76a4f96a94,undefined FUN_181380c3c(),ghidra,clean,
WHGame.dll,release_1_5_1164953_841,0x1380cd8,298,FUN_181380cd8,,,b890be7e691ab2622cbdd6cb22b5890ea5ba930e59c0d46cc8e918170d42d627,undefined FUN_181380cd8(),ghidra,clean,
WHGame.dll,release_1_5_1164953_841,0x1380e04,850,FUN_181380e04,,,0f86e0d986da6f2e3c3f7fc8f68dba72c65612ed68eba13936997fce27cb43e2,undefined FUN_181380e04(),ghidra,clean,
WHGame.dll,release_1_5_1164953_841,0x1380ec8,5,FUN_181380ec8,,,70bf2d6deedcf734920e571ef09558025e359e9a739e5789ffaf6c9299398808,undefined FUN_181380ec8(),ghidra,clean,
WHGame.dll,release_1_5_1164953_841,0x1380ed4,264,FUN_181380ed4,,,be5011cc81b10849a51c7b82a7951887d11a502b09ed668ca7c1a64dfefc9689,undefined FUN_181380ed4(),ghidra,clean,
WHGame.dll,release_1_5_1164953_841,0x1380fdc,314,FUN_181380fdc,,,e348c0fdbb39cd7291518eae5835bcafb3ecae45bbcbfb9238a3a600afe348fe,undefined FUN_181380fdc(),ghidra,clean,
WHGame.dll,release_1_5_1164953_841,0x1381118,194,FUN_181381118,,,6f59da721a746e12d31976a57d5b7b823bb427d7fdbd78998377cd7bc797ae2c,undefined FUN_181381118(),ghidra,clean,
WHGame.dll,release_1_5_1164953_841,0x13811dc,155,FUN_1813811dc,,,4299f105f1f16b229f0ff923fe4c46b10b6fd1c9c389e0df446f91a37afcbf2f,undefined FUN_1813811dc(),ghidra,clean,
WHGame.dll,release_1_5_1164953_841,0x1381278,308,FUN_181381278,,,199571e463088b21fe06b85c6e9f0139a3ca3682ed194297be57b873a96d3d68,undefined FUN_181381278(),ghidra,clean,
WHGame.dll,release_1_5_1164953_841,0x13813ac,190,FUN_1813813ac,,,ed1651ffa767f01ecf9afa6df2bd62ae5e33625ae3b0be886ee4cc4c1dd9b4c6,undefined FUN_1813813ac(),ghidra,clean,
WHGame.dll,release_1_5_1164953_841,0x138146c,190,FUN_18138146c,,,36c8a266475ccb93aff8fc339653237527a1a5f953d0107e89f7ce2d61d08688,undefined FUN_18138146c(),ghidra,clean,
WHGame.dll,release_1_5_1164953_841,0x138152c,26,FUN_18138152c,,,95be0f2c711d3831da595744faf49b3d5deb0bac9dfbe217b281df5e785fb040,undefined FUN_18138152c(),ghidra,clean,
WHGame.dll,release_1_5_1164953_841,0x1381548,151,FUN_181381548,,,6773046cc5533c98b18439b9e03ce65c17206b4dbbc7c4d411b9bab30e8b2e6c,undefined FUN_181381548(),ghidra,clean,
WHGame.dll,release_1_5_1164953_841,0x13815e0,151,FUN_1813815e0,,,7c8710a38e2eb5dfd67f97af3aef8c81304735a5de9cb4504ba62d8bc227e90c,undefined FUN_1813815e0(),ghidra,clean,
WHGame.dll,release_1_5_1164953_841,0x1381678,169,FUN_181381678,,,ac69ba60a9d7e6202babb36b54fade16477c985e31c94e3c9f6a11ecbdb32aa4,undefined FUN_181381678(),ghidra,clean,
WHGame.dll,release_1_5_1164953_841,0x1381704,57,FUN_181381704,,,6e34625d211209496af1d729818dd52d3686a76bda5619f5d47b09d39d3ae602,undefined FUN_181381704(),ghidra,clean,
WHGame.dll,release_1_5_1164953_841,0x1381740,169,FUN_181381740,,,0aa639ec4d951996fcaed519bac52db86ef09d8117570a783f08b91b78c51266,undefined FUN_181381740(),ghidra,clean,
WHGame.dll,release_1_5_1164953_841,0x13817cc,123,FUN_1813817cc,,,f16a63e1fc55562be55b7b28f273ce3bcb079af5494ddbfd34118c526cc61bf7,undefined FUN_1813817cc(),ghidra,clean,
WHGame.dll,release_1_5_1164953_841,0x138181c,500,FUN_18138181c,,,599ce8444d4132c9a18fb70da56f2ea453240101d88d53214e57b3fbea69beb5,undefined FUN_18138181c(),ghidra,clean,
WHGame.dll,release_1_5_1164953_841,0x138192f,7,FUN_18138192f,,,5b931b3b8931375bde55ca28e6b83f4dc4ec12e6bcf4085fd76e42809c662b21,undefined FUN_18138192f(),ghidra,clean,
WHGame.dll,release_1_5_1164953_841,0x1381938,155,FUN_181381938,,,535740c64e64013494c6f5275c737c76e178bdac1fe46637c325469133d20631,undefined FUN_181381938(),ghidra,clean,
WHGame.dll,release_1_5_1164953_841,0x13819d4,1131,FUN_1813819d4,,,a29c0f4b86a4e80bc249dd48e8c8381f1ff106328c18b8a3e621e96e937d1a9e,undefined FUN_1813819d4(),ghidra,clean,
WHGame.dll,release_1_5_1164953_841,0x1381e40,155,FUN_181381e40,,,09f538f8bee0f647b4c86b8e1ac959ca3b4a02091c39467faf2dee5dac384cd6,undefined FUN_181381e40(),ghidra,clean,
WHGame.dll,release_1_5_1164953_841,0x1381edc,972,FUN_181381edc,,,92a5e7c624c210549300c8c55ebbaf1e60daf09357ecd52779cf0cbe56b9d6d4,undefined FUN_181381edc(),ghidra,clean,
WHGame.dll,release_1_5_1164953_841,0x13822a8,23,FUN_1813822a8,,,4a2215c3e820937481093c41c3a2c4fdd1b034767afb06c5e8afd475b2e2dc6a,undefined FUN_1813822a8(),ghidra,clean,
WHGame.dll,release_1_5_1164953_841,0x13822c0,155,FUN_1813822c0,,,26282efa7c28c7014c9bfd9b57d5e456be3dff9b038648e6b9f9ff31cf38fd40,undefined FUN_1813822c0(),ghidra,clean,
WHGame.dll,release_1_5_1164953_841,0x138235c,155,FUN_18138235c,,,fccb29abc4f67382c521d2f4afec8b9a303c433e083a93dcd237797f31d838ce,undefined FUN_18138235c(),ghidra,clean,
WHGame.dll,release_1_5_1164953_841,0x13823f8,26,FUN_1813823f8,,,819234953c91d716a341edb10dcca2267107efa13f78881bbca64f4a7a11eeca,undefined FUN_1813823f8(),ghidra,clean,
WHGame.dll,release_1_5_1164953_841,0x1382414,155,FUN_181382414,,,a6ca58a248e7c47a2426f25cc099af3bc3640d190533ddbe288d215ae88efca5,undefined FUN_181382414(),ghidra,clean,
WHGame.dll,release_1_5_1164953_841,0x13824b0,308,FUN_1813824b0,,,b35b7cfb3b787dfd6fdec453460ce56c6a098b5274cd0241f4887230635b03e9,undefined FUN_1813824b0(),ghidra,clean,
WHGame.dll,release_1_5_1164953_841,0x13825e4,311,FUN_1813825e4,,,5c69fc02bed820a3795fb63af94d4b36ed4a8a4c4ba775ea9dca2a86ae2e2365,undefined FUN_1813825e4(),ghidra,clean,
WHGame.dll,release_1_5_1164953_841,0x138271c,311,FUN_18138271c,,,362d8df1157dd113398f47876ffeaa31fd8b0a5f962fc4a8630e9b1f3d0dc6f4,undefined FUN_18138271c(),ghidra,clean,
WHGame.dll,release_1_5_1164953_841,0x1382854,311,FUN_181382854,,,09a75dfc71a6c2dfa1cc94c28221eff53e800a429befe2b42adf64ade2b21d5f,undefined FUN_181382854(),ghidra,clean,
WHGame.dll,release_1_5_1164953_841,0x138298c,26,FUN_18138298c,,,c8f75b32a1905f6d8a8a224b1327440ffb6983f0e740c98d9782bf405f99c7b5,undefined FUN_18138298c(),ghidra,clean,
WHGame.dll,release_1_5_1164953_841,0x13829a8,151,FUN_1813829a8,,,421898bb880feb442100eabe9de644f454f357fdcb3371b267e53254397ea821,undefined FUN_1813829a8(),ghidra,clean,
WHGame.dll,release_1_5_1164953_841,0x1382a40,1137,FUN_181382a40,,,6403cb50c13c003d1f85872bbd3869951a43877ad585a9387fb53980a389ecf3,undefined FUN_181382a40(),ghidra,clean,
WHGame.dll,release_1_5_1164953_841,0x1382eb4,155,FUN_181382eb4,,,036b85529dd922148dba97788380da3f73384cb18232577c6997d48b1c0ed624,undefined FUN_181382eb4(),ghidra,clean,
WHGame.dll,release_1_5_1164953_841,0x1382f50,304,FUN_181382f50,,,6b3c419db1eceb2876355f54aa6336196556661e0110eb95a46eb84ed106a0da,undefined FUN_181382f50(),ghidra,clean,
WHGame.dll,release_1_5_1164953_841,0x1383080,155,FUN_181383080,,,e19b8a4781aca6ddf7f039a799a677210f54968e096d93c4b7ea86e81044f3e2,undefined FUN_181383080(),ghidra,clean,
WHGame.dll,release_1_5_1164953_841,0x138311c,298,FUN_18138311c,,,43cf44306d2caae3b4076d5236e54f5d03783db2676e097881ec606c4cf9abf5,undefined FUN_18138311c(),ghidra,clean,
WHGame.dll,release_1_5_1164953_841,0x1383248,180,FUN_181383248,,,b6069c94b35c5a593a18481f32158a1068a051fa9cb382d4950b09e5ec73ed27,undefined FUN_181383248(),ghidra,clean,
WHGame.dll,release_1_5_1164953_841,0x13832fc,55,FUN_1813832fc,,,f6edb8622804aacca858ce9878cd94e92aad913edcb985d676fa80d933c4d29e,undefined FUN_1813832fc(),ghidra,clean,
WHGame.dll,release_1_5_1164953_841,0x1383324,172,FUN_181383324,,,a8924042a8fe9e971f324dc599ae47b7733fceb48b9929beb811fbd9a311a88b,undefined FUN_181383324(),ghidra,clean,
WHGame.dll,release_1_5_1164953_841,0x13833c8,145,FUN_1813833c8,,,ed3ad787dcaa96a63ce59309fb672910f51e5ecbb1b36f5b2ef6305af7e78293,undefined FUN_1813833c8(),ghidra,clean,
WHGame.dll,release_1_5_1164953_841,0x138345c,83,FUN_18138345c,,,0efba786ceacdd1761d861a2878e6b9352e7ea543dee6b18739480e4c7e1f29c,undefined FUN_18138345c(),ghidra,clean,
WHGame.dll,release_1_5_1164953_841,0x13834b0,50,FUN_1813834b0,,,00dc83d829720a115ce7baacac7b7f1cfa1c8458dd2792dcb1b31e0daad6dfe5,undefined FUN_1813834b0(),ghidra,clean,
WHGame.dll,release_1_5_1164953_841,0x13834e4,160,FUN_1813834e4,,,eaf983fea8e688b5b9d108282e96155fede97cc4596340ca9e1208e762ab6aaa,undefined FUN_1813834e4(),ghidra,clean,
WHGame.dll,release_1_5_1164953_841,0x1383584,128,FUN_181383584,,,71b86a9c39340701cb95fc54a257e340286879270a85141b3b3bab8003d240cc,undefined FUN_181383584(),ghidra,clean,
WHGame.dll,release_1_5_1164953_841,0x1383604,128,FUN_181383604,,,7f7feb2bffabaa791c93b0d8b43df07727719af7156b940f69f2451b4bd41547,undefined FUN_181383604(),ghidra,clean,
WHGame.dll,release_1_5_1164953_841,0x1383684,128,FUN_181383684,,,40071c9aa11238ffc8e39fc16ce5bc6e78a16e53b2b33ed66dc9f3f8ccd343c7,undefined FUN_181383684(),ghidra,clean,
WHGame.dll,release_1_5_1164953_841,0x1383704,55,FUN_181383704,,,23b2cea552dcfff9651497e90b352116e0f420ef3c6f740eba35bca909bf234b,undefined FUN_181383704(),ghidra,clean,
WHGame.dll,release_1_5_1164953_841,0x138372c,175,FUN_18138372c,,,8bc776720b858e7688dd826d755c578b7526f64c268f1dbb80c756fd335bd6a7,undefined FUN_18138372c(),ghidra,clean,
WHGame.dll,release_1_5_1164953_841,0x13837d4,145,FUN_1813837d4,,,58dde849c79ba9ac231b45a146ab5c7840eade23a402cbd6db0969f3e381c479,undefined FUN_1813837d4(),ghidra,clean,
WHGame.dll,release_1_5_1164953_841,0x1383868,30,FUN_181383868,,,d99cb67817276ea7cacda55a807a7804775a195a7778f2754fe0eaf5112faa4d,undefined FUN_181383868(),ghidra,clean,
WHGame.dll,release_1_5_1164953_841,0x1383888,77,FUN_181383888,,,15fa36d4725fb061801e5c75029e87f0f4301e841b08b42fab9ce42daeaaf16e,undefined FUN_181383888(),ghidra,clean,
WHGame.dll,release_1_5_1164953_841,0x13838d8,180,FUN_1813838d8,,,bd7a4753d079ed8251cf224e6e5fb087b88d3f0bdbd36a6fc1ae85ee38b6ba33,undefined FUN_1813838d8(),ghidra,clean,
WHGame.dll,release_1_5_1164953_841,0x138398c,198,FUN_18138398c,,,560a9c8bb0227946f1acf9f64cd1f789d3c6c86f7c8d01a93f7d4b36fe5eae4b,undefined FUN_18138398c(),ghidra,clean,
WHGame.dll,release_1_5_1164953_841,0x1383a54,162,FUN_181383a54,,,b40a47da3818d43cfb45a1e544701a26b4b78856a21aa0f1b8c2c19c0803b4a6,undefined FUN_181383a54(),ghidra,clean,
WHGame.dll,release_1_5_1164953_841,0x1383af8,146,FUN_181383af8,,,b6d8ae97ab1bbf16a61871fcd29760d132d9fa6837266f0abd2db3a53d979d34,undefined FUN_181383af8(),ghidra,clean,
WHGame.dll,release_1_5_1164953_841,0x1383b6c,137,FUN_181383b6c,,,81ab1f939e95aafd647a70d95d85461dd6b45d3e3a50310329120789be4a7981,undefined FUN_181383b6c(),ghidra,clean,
WHGame.dll,release_1_5_1164953_841,0x1383bf8,174,FUN_181383bf8,,,6e02ab38d91aec2b6d5a5bf624b319253adff650ceb1d13c85b8e8ad9bf43cca,undefined FUN_181383bf8(),ghidra,clean,
WHGame.dll,release_1_5_1164953_841,0x1383c80,172,FUN_181383c80,,,b7aa6dd627000389c9b8593f20e79812c4d4c6c4daf3607efa8a6d7a14d6735d,undefined FUN_181383c80(),ghidra,clean,
WHGame.dll,release_1_5_1164953_841,0x1383cbc,190,FUN_181383cbc,,,e5fab60dc7f76b6f9b30e6cebd61033f4bfa22ac83c08c7fe326cb4376209f8a,undefined FUN_181383cbc(),ghidra,clean,
WHGame.dll,release_1_5_1164953_841,0x1383d64,93,FUN_181383d64,,,2c5dbad07f4e0f982b4f13cf5ba937633dcaa0f513bc9be76a6c2401bfb70934,undefined FUN_181383d64(),ghidra,clean,
WHGame.dll,release_1_5_1164953_841,0x1383dc4,117,FUN_181383dc4,,,b5562b680da6223a7e7a81b66943a914d452f507edd72fec0d13211402163795,undefined FUN_181383dc4(),ghidra,clean,
WHGame.dll,release_1_5_1164953_841,0x1383e3c,194,FUN_181383e3c,,,744e290b56ced3ef59c649c9d0e1d8856a8b10265e1cd21ee3957c9260849ad2,undefined FUN_181383e3c(),ghidra,clean,
WHGame.dll,release_1_5_1164953_841,0x1383f00,155,FUN_181383f00,,,5ee6aa6f79f127ebb9f111f4b5015515ada0842e29c20a1f982b23f1080bb9eb,undefined FUN_181383f00(),ghidra,clean,
WHGame.dll,release_1_5_1164953_841,0x1383f9c,311,FUN_181383f9c,,,feb1e5a920a3472ae1a004125090c24f7c99ee9a06510bf0c7b20a02f152d9a6,undefined FUN_181383f9c(),ghidra,clean,
WHGame.dll,release_1_5_1164953_841,0x13840d4,55,FUN_1813840d4,,,b006c5d67e15368510f8cd056b39da869d9feeac934194c93192e7daf5f5b6b1,undefined FUN_1813840d4(),ghidra,clean,
WHGame.dll,release_1_5_1164953_841,0x13840fc,189,FUN_1813840fc,,,c7716423bfa936da50c800300241b71846a030f7f753417ffbceee448658bc4a,undefined FUN_1813840fc(),ghidra,clean,
WHGame.dll,release_1_5_1164953_841,0x13841b0,145,FUN_1813841b0,,,e5ad1cc6d5728d16daf7ad287ca2daf04b6e7f955907ec21d93b92712724c31a,undefined FUN_1813841b0(),ghidra,clean,
WHGame.dll,release_1_5_1164953_841,0x1384244,94,FUN_181384244,,,e6c356bcb381e9da968f2a841b05c192530133c57d0d1d878536df9287cb3a1a,undefined FUN_181384244(),ghidra,clean,
WHGame.dll,release_1_5_1164953_841,0x13842a4,21,FUN_1813842a4,,,bc41f757abe5b9859f98732f7cbdc689f612ef7f4af7870d040f15e8dd907a25,undefined FUN_1813842a4(),ghidra,clean,
WHGame.dll,release_1_5_1164953_841,0x13842bc,40,FUN_1813842bc,,,2df0371171c771ec1af517c262b2dc001b5b47e74431552f14cf38cb49e1af0e,undefined FUN_1813842bc(),ghidra,clean,
WHGame.dll,release_1_5_1164953_841,0x13842e4,65,FUN_1813842e4,,,c3a70233103daf02169e1f7eb14174df59df21e050f5152f1804c5e94e5e66d3,undefined FUN_1813842e4(),ghidra,clean,
WHGame.dll,release_1_5_1164953_841,0x1384328,87,FUN_181384328,,,458ba244e2e87654775a2f1b3a9ded93f926997b835c3c9a25aa7cf6c59734a2,undefined FUN_181384328(),ghidra,clean,
WHGame.dll,release_1_5_1164953_841,0x1384380,170,FUN_181384380,,,6c8f54fb5ae23730ed0b3cd82381a601039969669499094473c8774f57657cb4,undefined FUN_181384380(),ghidra,clean,
WHGame.dll,release_1_5_1164953_841,0x138442c,26,FUN_18138442c,,,7917be130006042028fdef802fbd4a5aadfce21ecd5031e6c79e9a4d2eb6dc3b,undefined FUN_18138442c(),ghidra,clean,
WHGame.dll,release_1_5_1164953_841,0x1384448,423,FUN_181384448,,,243a19b84b775f6acd021e958982f8dde081c90e75302f981f3576a4bdffa3d6,undefined FUN_181384448(),ghidra,clean,
WHGame.dll,release_1_5_1164953_841,0x13845f0,196,FUN_1813845f0,,,fb939a17ff3ff21ffede5d5b764cbf7066580fa0a8e5370d5d04a341166b6748,undefined FUN_1813845f0(),ghidra,clean,
WHGame.dll,release_1_5_1164953_841,0x13846b4,305,FUN_1813846b4,,,c368f41556f50c87ccc957e7e9695512eff57829567df15c62b260804c2f181c,undefined FUN_1813846b4(),ghidra,clean,
WHGame.dll,release_1_5_1164953_841,0x13847e8,184,FUN_1813847e8,,,81e24701cbcddaa8a5c24fa78f45661aa96cecf32a0d61478f2afd5d9e2b5b6a,undefined FUN_1813847e8(),ghidra,clean,
WHGame.dll,release_1_5_1164953_841,0x13848a0,146,FUN_1813848a0,,,fc623ad08aa77cb8eeb1ba85c429119d47ea0851dfa4d07040da13bc4b19db6f,undefined FUN_1813848a0(),ghidra,clean,
WHGame.dll,release_1_5_1164953_841,0x1384934,50,FUN_181384934,,,b924b2b84513a343b5ae3267eab1d20eb21eedf6d28d5bc676d9f3d3218d12cc,undefined FUN_181384934(),ghidra,clean,
WHGame.dll,release_1_5_1164953_841,0x1384968,268,FUN_181384968,,,42115ffabcd91730ab3a4c7bbd58972e13527e9d21711e28b6a6f1bea8f60e4d,undefined FUN_181384968(),ghidra,clean,
WHGame.dll,release_1_5_1164953_841,0x1384a74,27,FUN_181384a74,,,7321a64609194839656c2e5fb5f92f32923c9a1ad72bc45a93cd924b03bd4165,undefined FUN_181384a74(),ghidra,clean,
WHGame.dll,release_1_5_1164953_841,0x1384a90,160,FUN_181384a90,,,7dab87ec7a2ecefcd24393413d03e1280c03590a20092e59991ca2c7d1f7d728,undefined FUN_181384a90(),ghidra,clean,
WHGame.dll,release_1_5_1164953_841,0x1384b30,72,FUN_181384b30,,,e9212fd215b5eb66dbe1d5f00739f0d11968a8373bc359f0ef3fdaff6bd4691a,undefined FUN_181384b30(),ghidra,clean,
WHGame.dll,release_1_5_1164953_841,0x1384b78,74,FUN_181384b78,,,dbae01f18129250b1ae6c6eb225d211a2b61fb49715a6c5731ed486c283d7ef7,undefined FUN_181384b78(),ghidra,clean,
WHGame.dll,release_1_5_1164953_841,0x1384ba8,149,FUN_181384ba8,,,b74cb30d0657f6bd81209c17e9ba5bbde905181147963f5afb3085943b18ce75,undefined FUN_181384ba8(),ghidra,clean,
WHGame.dll,release_1_5_1164953_841,0x1384c40,49,FUN_181384c40,,,0dbabfadee44789d14d056160676b9bba353dbdd601b134c27524c7a4bc0be7a,undefined FUN_181384c40(),ghidra,clean,
WHGame.dll,release_1_5_1164953_841,0x1384c74,34,FUN_181384c74,,,e2c32d2d37ad2f50163d6232e3365121fb5538aa7cf7737f2f95e6cf6e9f4327,undefined FUN_181384c74(),ghidra,clean,
WHGame.dll,release_1_5_1164953_841,0x1384c98,208,FUN_181384c98,,,494b9a5097b0b315b8e1841057b0ef469d57d23466e84a10a2f101b3bd28b003,undefined FUN_181384c98(),ghidra,clean,
WHGame.dll,release_1_5_1164953_841,0x1384d68,49,FUN_181384d68,,,ca9c3c95425655d0bce65eddd2df11d5503b1475753a183ec38851618382dab6,undefined FUN_181384d68(),ghidra,clean,
WHGame.dll,release_1_5_1164953_841,0x1384d9c,37,FUN_181384d9c,,,ca6695a6a475b2c8eef6779f41efe30a8c4341399ccf4e8f1577b699964059b2,undefined FUN_181384d9c(),ghidra,clean,
WHGame.dll,release_1_5_1164953_841,0x1384dc4,113,FUN_181384dc4,,,015bf5215c0891a4bb4fcec89454eddab547bb9e5e66db465b30cedbd5e811fb,undefined FUN_181384dc4(),ghidra,clean,
WHGame.dll,release_1_5_1164953_841,0x1384e10,84,FUN_181384e10,,,5567d4c5466c9db29737f4199e735cc5622eb09abda4affcbcc734336ca12d04,undefined FUN_181384e10(),ghidra,clean,
WHGame.dll,release_1_5_1164953_841,0x1384e64,141,FUN_181384e64,,,cd89c74eb3b1df94c78f5ec6e9b3debecfc6f92dd3c1aa46126487de86b9d1bb,undefined FUN_181384e64(),ghidra,clean,
WHGame.dll,release_1_5_1164953_841,0x1384ef4,106,FUN_181384ef4,,,90c7fe6220833dafd7d4392f3f6031f0fb3b6475a7d5d2b6b7df177789ec766e,undefined FUN_181384ef4(),ghidra,clean,
WHGame.dll,release_1_5_1164953_841,0x1384f60,165,FUN_181384f60,,,55c9e8e6ea81bb3c29270a4386d5feb9fee23172913d8e7c7337b799b0039619,undefined FUN_181384f60(),ghidra,clean,
WHGame.dll,release_1_5_1164953_841,0x1385008,16,FUN_181385008,,,5d2279acd2eac27f5b3931d47bd479944ef50e58fb37da16a0f50627d8b51966,undefined FUN_181385008(),ghidra,clean,
WHGame.dll,release_1_5_1164953_841,0x1385018,90,FUN_181385018,,,67586f919ec9ba87d639c5ad0de8b8e8868efd20c1de636e117d6d61e71a8862,undefined FUN_181385018(),ghidra,clean,
WHGame.dll,release_1_5_1164953_841,0x1385074,300,FUN_181385074,,,095c770390f4609d3fc184fab3827065928356fc96463933d84e3ebaa76ef33b,undefined FUN_181385074(),ghidra,clean,
WHGame.dll,release_1_5_1164953_841,0x13851a0,362,FUN_1813851a0,,,702a1d43b488522150602fcd6700c59f5c10544e3e0ce1b162663a47311a1295,undefined FUN_1813851a0(),ghidra,clean,
WHGame.dll,release_1_5_1164953_841,0x138530c,74,FUN_18138530c,,,c870c131f19051ea16a1f5cdffb01c2f9e2a5b15273dfaa5221615b43ad38585,undefined FUN_18138530c(),ghidra,clean,
WHGame.dll,release_1_5_1164953_841,0x1385358,82,FUN_181385358,,,76a07ff766b72dc67c872fc108b47c2aec95986dd0a11622904085737801dfc6,undefined FUN_181385358(),ghidra,clean,
WHGame.dll,release_1_5_1164953_841,0x13853ac,161,FUN_1813853ac,,,1d8c402d8f3e4082a96ad06006bddc928067acdcd18abcd87b5be3d33cf6f285,undefined FUN_1813853ac(),ghidra,clean,
WHGame.dll,release_1_5_1164953_841,0x1385450,161,FUN_181385450,,,08c7646fdff44fe1008a4d86ff4f0899e18bd56a96153c7c3c2782100bdb96de,undefined FUN_181385450(),ghidra,clean,
WHGame.dll,release_1_5_1164953_841,0x13854f4,261,FUN_1813854f4,,,eca21904d5bc9fba64c1fc596182fd7a2ca247ffd543327ed27cbb2c1812e23b,undefined FUN_1813854f4(),ghidra,clean,
WHGame.dll,release_1_5_1164953_841,0x13855fc,186,FUN_1813855fc,,,bc930c31afd5748bf426004362e91c3c2380c6f7416854ac5d3fef8856eb9ee0,undefined FUN_1813855fc(),ghidra,clean,
WHGame.dll,release_1_5_1164953_841,0x13856b8,86,FUN_1813856b8,,,4630e78c80c4bf81db747915fe54b740e909255f78124ce9de9663950a6eece0,undefined FUN_1813856b8(),ghidra,clean,
WHGame.dll,release_1_5_1164953_841,0x1385710,85,FUN_181385710,,,977dd9c230b5a4778017df7f6dd537f44a75700124b45092ae6fff2aeea820c1,undefined FUN_181385710(),ghidra,clean,
WHGame.dll,release_1_5_1164953_841,0x1385744,209,FUN_181385744,,,2d84f13fefcc76f17be813145cb30568d497017166973bf1f399ec025d9068b2,undefined FUN_181385744(),ghidra,clean,
WHGame.dll,release_1_5_1164953_841,0x1385808,1476,FUN_181385808,,,9e13b79d89d62b50691fae0c0eb092066e326474577d91f034f2a1cdd341ee0d,undefined FUN_181385808(),ghidra,clean,
WHGame.dll,release_1_5_1164953_841,0x1385dcc,32,FUN_181385dcc,,,a9b038ace0ed30371704cc79214f8ec7f11e5de4c26c4a98118fa9406faf8d66,undefined FUN_181385dcc(),ghidra,clean,
WHGame.dll,release_1_5_1164953_841,0x1385dec,43,FUN_181385dec,,,89c7b01f0cf467c87103105561a8cf9ec1619408f6757fe4c558070f8e0b84f1,undefined FUN_181385dec(),ghidra,clean,
WHGame.dll,release_1_5_1164953_841,0x1385e18,47,FUN_181385e18,,,49b589243f59fbed80d1a7995ae0091f1007302b5ea8fef39867a502d5c2a884,undefined FUN_181385e18(),ghidra,clean,
WHGame.dll,release_1_5_1164953_841,0x1385e48,151,FUN_181385e48,,,27843cfc4eb84c656dcb7788ffb1d0c9fcc52000e7685fb2baed7113a0474106,undefined FUN_181385e48(),ghidra,clean,
WHGame.dll,release_1_5_1164953_841,0x1385ee0,310,FUN_181385ee0,,,6b53eff6dcb660968dc523378c7e98dee0f086f36615b229a8d2239399886d11,undefined FUN_181385ee0(),ghidra,clean,
WHGame.dll,release_1_5_1164953_841,0x1386018,74,FUN_181386018,,,7d91f40cd489de2cb3e1751350cca356656383d35435710a92d018265d53d4e0,undefined FUN_181386018(),ghidra,clean,
WHGame.dll,release_1_5_1164953_841,0x1386064,44,FUN_181386064,,,04f63085481bba21dd49a4640560641c9fd2b111917f8b0a9c3a9b28cd1327d9,undefined FUN_181386064(),ghidra,clean,
WHGame.dll,release_1_5_1164953_841,0x1386090,44,FUN_181386090,,,51d41a7e9efe0542b28e6adfba735da15159f9c1c0b3a74551e1637f8fdc145b,undefined FUN_181386090(),ghidra,clean,
WHGame.dll,release_1_5_1164953_841,0x13860bc,35,FUN_1813860bc,,,e96c51b278262d78ff5cbdc7ea5c6fa9f65e90cc20c906a65f84c8c26d1407c9,undefined FUN_1813860bc(),ghidra,clean,
WHGame.dll,release_1_5_1164953_841,0x13860e0,58,FUN_1813860e0,,,58332bd88d123a5aef4184576e003f9cb218e66b6a85ea7972c5b8a145bfe453,undefined FUN_1813860e0(),ghidra,clean,
WHGame.dll,release_1_5_1164953_841,0x138611c,52,FUN_18138611c,,,ff93503017378c5553798c4cf1cd876f07a162720fd15f4bd48cfb0531798fb2,undefined FUN_18138611c(),ghidra,clean,
WHGame.dll,release_1_5_1164953_841,0x1386150,579,FUN_181386150,,,7799273e4df09bf627564ac8df9129e5e326d2bcb2984b22f2d120243a14f5f9,undefined FUN_181386150(),ghidra,clean,
WHGame.dll,release_1_5_1164953_841,0x1386340,125,FUN_181386340,,,fc71b94f9879908a13d1d4df53c11a3ef5747bb45fc4382ffd1306e4e53a8d27,undefined FUN_181386340(),ghidra,clean,
WHGame.dll,release_1_5_1164953_841,0x13863c0,52,FUN_1813863c0,,,b7c94d5afad70e3128440d91d92f743b00db720599f3536b91ccd33afe7d9ac9,undefined FUN_1813863c0(),ghidra,clean,
WHGame.dll,release_1_5_1164953_841,0x13863f4,64,FUN_1813863f4,,,16d8760529364311d1a2993f5e51127cecb4533adc561b3389e58818a67957a6,undefined FUN_1813863f4(),ghidra,clean,
WHGame.dll,release_1_5_1164953_841,0x1386434,52,FUN_181386434,,,542bad752eb0871b3a4dd2c304b14fbc37cf08e90656b5cc190b0e5a9998d1fc,undefined FUN_181386434(),ghidra,clean,
WHGame.dll,release_1_5_1164953_841,0x1386468,64,FUN_181386468,,,badc273ea7725c5d57403a3a96847487bc4516070f44ff243e9c38db17b627aa,undefined FUN_181386468(),ghidra,clean,
WHGame.dll,release_1_5_1164953_841,0x13864a8,113,FUN_1813864a8,,,f9722214e67ee9c8e4ca25e19d3df3afca6188c9bec30ab91e70d4bf564fcf4e,undefined FUN_1813864a8(),ghidra,clean,
WHGame.dll,release_1_5_1164953_841,0x1386508,143,FUN_181386508,,,80de59562e98bb0588dd96f2715f7d020961baa7a1b61f05cf697991c18a578b,undefined FUN_181386508(),ghidra,clean,
WHGame.dll,release_1_5_1164953_841,0x1386598,70,FUN_181386598,,,709c941706c85b13b6a388498bb0d6c86b9376c86a55ed70ec78c2de44568cf8,undefined FUN_181386598(),ghidra,clean,
WHGame.dll,release_1_5_1164953_841,0x13865e0,40,FUN_1813865e0,,,abf641c780c3c428233c833be0bad96070b06bba0d6dd60edbea85d512de5677,undefined FUN_1813865e0(),ghidra,clean,
WHGame.dll,release_1_5_1164953_841,0x1386608,135,FUN_181386608,,,bfd45b23a5411be6c6facdb8619e10f125861266c939f35083c3e601ac34f70e,undefined FUN_181386608(),ghidra,clean,
WHGame.dll,release_1_5_1164953_841,0x1386670,12,FUN_181386670,,,7ca85d59abacf2f73c3d18a5c84b8aab89ccf666cd45a43590dd718d6a2e8fce,undefined FUN_181386670(),ghidra,clean,
WHGame.dll,release_1_5_1164953_841,0x138667c,285,FUN_18138667c,,,2af44fe28bf5bab838ec04a9bd092a4944e953da4bc7f9250595a0f8cfe72779,undefined FUN_18138667c(),ghidra,clean,
WHGame.dll,release_1_5_1164953_841,0x138671c,82,FUN_18138671c,,,0ba9e4220d91525a6320bd953bbc91d2a4559606dea1b8e060bfd651d52cd7f8,undefined FUN_18138671c(),ghidra,clean,
WHGame.dll,release_1_5_1164953_841,0x1386770,71,FUN_181386770,,,ca5e4aec3b51b89e090f4d3c12927927a19a679de29dd7ba354709570c552400,undefined FUN_181386770(),ghidra,clean,
WHGame.dll,release_1_5_1164953_841,0x13867b8,143,FUN_1813867b8,,,1170e80c693301b73a587b11c27fe33b970f81690eb6cf5f6b24b4ef64bf56d8,undefined FUN_1813867b8(),ghidra,clean,
WHGame.dll,release_1_5_1164953_841,0x138683c,161,FUN_18138683c,,,9b5cdc7f5654154994ebba2e47c908ba8cc86f782c7b262b8b11023384a9f0d1,undefined FUN_18138683c(),ghidra,clean,
WHGame.dll,release_1_5_1164953_841,0x13868e0,139,FUN_1813868e0,,,4b690c6d34969a39b9fb28f1006612abd508e7c9fcb0f1f3b9a867307a5418a0,undefined FUN_1813868e0(),ghidra,clean,
WHGame.dll,release_1_5_1164953_841,0x138696c,175,FUN_18138696c,,,284382a5b11907af6943510bf06d544a7150e0ece1628fb0d5d092384ec265c2,undefined FUN_18138696c(),ghidra,clean,
WHGame.dll,release_1_5_1164953_841,0x1386a1c,194,FUN_181386a1c,,,b99ec55509eee1779ecf3329c6a95554c3e4dda68bf65af554f5cc7e56caa755,undefined FUN_181386a1c(),ghidra,clean,
WHGame.dll,release_1_5_1164953_841,0x1386ae0,129,FUN_181386ae0,,,6279214f2624db29016d99a481ec95ebf69a79665de02a8a57b11146196dc822,undefined FUN_181386ae0(),ghidra,clean,
WHGame.dll,release_1_5_1164953_841,0x1386b64,207,FUN_181386b64,,,10285dd31037fdfeb3efbebd63087459127512b4ea3634384257e72b55049002,undefined FUN_181386b64(),ghidra,clean,
WHGame.dll,release_1_5_1164953_841,0x1386c34,25,FUN_181386c34,,,152c22d3ba51ef541967831669a81ec871788783dd3d7f0d19bfc1ea3b5f6ca9,undefined FUN_181386c34(),ghidra,clean,
WHGame.dll,release_1_5_1164953_841,0x1386c50,76,FUN_181386c50,,,fc03ff832342595fc2f887441d1ed38b0429a4e87b5c1838ef82b8a0cd1627b4,undefined FUN_181386c50(),ghidra,clean,
WHGame.dll,release_1_5_1164953_841,0x1386c9c,181,FUN_181386c9c,,,b0fd6831e7b90e29e7a899af47ca6b66d2869ed4ee83d7a8a278ec21f73312fe,undefined FUN_181386c9c(),ghidra,clean,
WHGame.dll,release_1_5_1164953_841,0x1386d54,130,FUN_181386d54,,,dc6095110ffd711fa11714ba69feab5c73ba91ca90a4abeae9ad96d2cf7031ae,undefined FUN_181386d54(),ghidra,clean,
WHGame.dll,release_1_5_1164953_841,0x1386dd8,452,FUN_181386dd8,,,10457a4b4e3334f2c98084fc1bdfa011f40e7ae289399f562da803a5d29688ec,undefined FUN_181386dd8(),ghidra,clean,
WHGame.dll,release_1_5_1164953_841,0x1386e95,5,FUN_181386e95,,,e5b3b9f102fea0a09d9822d7b0c8e91718ed0263c4aa5c1095d072901b2261f4,undefined FUN_181386e95(),ghidra,clean,
WHGame.dll,release_1_5_1164953_841,0x1386ea0,30,FUN_181386ea0,,,e4283d0b17e33991a2f7505cc1bb053ac7525e0ed30f12e685456dffceda74d2,undefined FUN_181386ea0(),ghidra,clean,
WHGame.dll,release_1_5_1164953_841,0x1386ed8,158,FUN_181386ed8,,,184f6de1cca68f4e0d8b25ccb39d010eed8802d468a7b7ebe49011fa355a838a,undefined FUN_181386ed8(),ghidra,clean,
WHGame.dll,release_1_5_1164953_841,0x1386f78,145,FUN_181386f78,,,84ae3a80b02fc2c81e51229ca08c637d910c4c448d6350fb4e88219f29ce374a,undefined FUN_181386f78(),ghidra,clean,
WHGame.dll,release_1_5_1164953_841,0x138700c,30,FUN_18138700c,,,7d1686607fb9ad94e8dd3c4174cf7321070bb358e1879d7a0516c7a3956f3428,undefined FUN_18138700c(),ghidra,clean,
WHGame.dll,release_1_5_1164953_841,0x138702c,850,FUN_18138702c,,,f1f311784f0cf900b714d14a55083e7270d51c9a2809e2bbcc3a46f5f6a7ab40,undefined FUN_18138702c(),ghidra,clean,
WHGame.dll,release_1_5_1164953_841,0x13870f0,5,FUN_1813870f0,,,70bf2d6deedcf734920e571ef09558025e359e9a739e5789ffaf6c9299398808,undefined FUN_1813870f0(),ghidra,clean,
WHGame.dll,release_1_5_1164953_841,0x13870fc,194,FUN_1813870fc,,,256642271aeab1843048758a4e6200770050cf232a9912366bfc8ba77ead2e3c,undefined FUN_1813870fc(),ghidra,clean,
WHGame.dll,release_1_5_1164953_841,0x13871c0,155,FUN_1813871c0,,,34d9e7ea8a2924bc773aef657791fe3fd2f986d28c8845242bba48e2f9dbdf58,undefined FUN_1813871c0(),ghidra,clean,
WHGame.dll,release_1_5_1164953_841,0x138725c,190,FUN_18138725c,,,cc1f96c5f2ea342dde1249b2a2ac1f45950e59d41cafae9a07e006321379792b,undefined FUN_18138725c(),ghidra,clean,
WHGame.dll,release_1_5_1164953_841,0x138731c,190,FUN_18138731c,,,e440adb495aa679011024677e192b06d89434c1ecbe830226d51a62728d96559,undefined FUN_18138731c(),ghidra,clean,
WHGame.dll,release_1_5_1164953_841,0x13873dc,190,FUN_1813873dc,,,ffbff05c31ed7aa3f24407540695ce76d3b8931e7fabd79a79ad1e655911269e,undefined FUN_1813873dc(),ghidra,clean,
WHGame.dll,release_1_5_1164953_841,0x138749c,264,FUN_18138749c,,,40e4d1d355a58db21aa23338a8cdfc01d8e863fc92bf9ca69fdc3d924f826b44,undefined FUN_18138749c(),ghidra,clean,
WHGame.dll,release_1_5_1164953_841,0x13875a4,155,FUN_1813875a4,,,9962c22990f89bad2228fadfeac29c6a3fd84d24894e2203fccdd5428af2c895,undefined FUN_1813875a4(),ghidra,clean,
WHGame.dll,release_1_5_1164953_841,0x1387640,86,FUN_181387640,,,d73b7cf2f394b0b480b07d3b0c649a18964b36533db8978e3645ef0c281f2113,undefined FUN_181387640(),ghidra,clean,
WHGame.dll,release_1_5_1164953_841,0x1387698,83,FUN_181387698,,,a6f756751d1010a664fba0c3e37a3296eaffea64a3fb9853d3dbd7fadb2ec20d,undefined FUN_181387698(),ghidra,clean,
WHGame.dll,release_1_5_1164953_841,0x13876ec,30,FUN_1813876ec,,,42ce94e21a6bd491c6ea7cf019eae9264ddd9928990b6ce3bcfe947f22c76004,undefined FUN_1813876ec(),ghidra,clean,
WHGame.dll,release_1_5_1164953_841,0x138770c,85,FUN_18138770c,,,642f6f9f2a1b30e10a1e236c791446c47b142ad705787a625eb03e58bcef2850,undefined FUN_18138770c(),ghidra,clean,
WHGame.dll,release_1_5_1164953_841,0x1387740,155,FUN_181387740,,,91755704816fe74d2be8cc71c0127c99465aba1fde214338d0fc33fe429b7612,undefined FUN_181387740(),ghidra,clean,
WHGame.dll,release_1_5_1164953_841,0x13877dc,291,FUN_1813877dc,,,b47749825b0312f8f0c0db1a852601050e527bfa9154e129bba67ae28df2d6b3,undefined FUN_1813877dc(),ghidra,clean,
WHGame.dll,release_1_5_1164953_841,0x1387900,291,FUN_181387900,,,c309aceda3892c4d1f0ccb296665af1ef7943dbdb6376b77eb5bf47fdc17fca4,undefined FUN_181387900(),ghidra,clean,
WHGame.dll,release_1_5_1164953_841,0x1387a24,291,FUN_181387a24,,,eb4ae73ffcd07e139a05fcfe42654a8b1736c4378d6dd3a3699de5adbded10d0,undefined FUN_181387a24(),ghidra,clean,
WHGame.dll,release_1_5_1164953_841,0x1387b48,110,FUN_181387b48,,,00e15d42620ea8ebe7c0ccf51c1e9b49b964e9a8a6d0da42347b1cd3e92cf698,undefined FUN_181387b48(),ghidra,clean,
WHGame.dll,release_1_5_1164953_841,0x1387bb8,212,FUN_181387bb8,,,979d97a2c2273701c15822e55fefdab733b7943b9417e8b79cfaa38c248e8d4e,undefined FUN_181387bb8(),ghidra,clean,
WHGame.dll,release_1_5_1164953_841,0x1387c70,100,FUN_181387c70,,,5bb7f3f004d27ec12a72dea2095c749d7d2a3870155536dceb2cde9d616f3701,undefined FUN_181387c70(),ghidra,clean,
WHGame.dll,release_1_5_1164953_841,0x1387cd4,5,thunk_FUN_181387cdc,,,b0d40b133b9394d93820ac0104b0065121d2d73df32c7bfb4e4cf5d805a8b103,undefined thunk_FUN_181387cdc(),ghidra,clean,
WHGame.dll,release_1_5_1164953_841,0x1387cdc,103,FUN_181387cdc,,,6d449909c304cf0319e51d73156ea05ed00b0e770bb1293b7b6bd0b921fe7c38,undefined FUN_181387cdc(),ghidra,clean,
WHGame.dll,release_1_5_1164953_841,0x1387d44,95,FUN_181387d44,,,70aff70a6181fdb25703e77f892f300cc1a865d210d45297c1cfbb1fcf798b28,undefined FUN_181387d44(),ghidra,clean,
WHGame.dll,release_1_5_1164953_841,0x1387da4,211,FUN_181387da4,,,ade30ebe14cb160cb3a0ad1c85098c634ad38cd309f3bd4d0df307d6f26592b1,undefined FUN_181387da4(),ghidra,clean,
WHGame.dll,release_1_5_1164953_841,0x1387e5c,53,FUN_181387e5c,,,ff6718c001e01af32d6568c18c1ddf9baeb0dd5beb41329353a2fdd99dc6fbe4,undefined FUN_181387e5c(),ghidra,clean,
WHGame.dll,release_1_5_1164953_841,0x1387e94,147,FUN_181387e94,,,763794db879a2c39f280498f43d24121e2ab47a9c81b9196e0daa61bb995bded,undefined FUN_181387e94(),ghidra,clean,
WHGame.dll,release_1_5_1164953_841,0x1387f28,147,FUN_181387f28,,,54026f108b945c5cfef111f672dcd45d4686191217a9c6f8e97595f992f69fcb,undefined FUN_181387f28(),ghidra,clean,
WHGame.dll,release_1_5_1164953_841,0x1387fbc,147,FUN_181387fbc,,,5732be09112bb35c35ff934d689640654b8204f8aa44ab9a6754ae54ecfd2f5d,undefined FUN_181387fbc(),ghidra,clean,
WHGame.dll,release_1_5_1164953_841,0x1388050,42,FUN_181388050,,,b4a753d0866f924faee29aee31cad1a6396f452bd4e47ebc32b66dc1b7b65106,undefined FUN_181388050(),ghidra,clean,
WHGame.dll,release_1_5_1164953_841,0x138807c,68,FUN_18138807c,,,c3a6c13c0b72908b034d772079eb9533b15b7e1748ef75191e1c3fd0500978da,undefined FUN_18138807c(),ghidra,clean,
WHGame.dll,release_1_5_1164953_841,0x13880c0,431,FUN_1813880c0,,,fe537da58acb230c80c0a1af298272bcff7dbf7e6005c0a600282658833a7adf,undefined FUN_1813880c0(),ghidra,clean,
WHGame.dll,release_1_5_1164953_841,0x138821c,40,FUN_18138821c,,,f8d0952dc50f51b8ceaeb411f2f016fea6241082fab497c2061271b38dc6f78f,undefined FUN_18138821c(),ghidra,clean,
WHGame.dll,release_1_5_1164953_841,0x1388244,42,FUN_181388244,,,fa9be9e2246fb3e546628c7a1cf0cbcf1ab3f121165554bc2bc15990379331f1,undefined FUN_181388244(),ghidra,clean,
WHGame.dll,release_1_5_1164953_841,0x1388270,328,FUN_181388270,,,c323b5884d9d9611dd6b8e1155dbdf3a190eb5d48428de52228a697f84c1f717,undefined FUN_181388270(),ghidra,clean,
WHGame.dll,release_1_5_1164953_841,0x13883bc,100,FUN_1813883bc,,,5feb41805ad02a51b27fcedbec8280fbb2c510e958be227ea25173e094ac79ab,undefined FUN_1813883bc(),ghidra,clean,
WHGame.dll,release_1_5_1164953_841,0x1388420,55,FUN_181388420,,,1b118d16059386c095b89568c51e30baf4e07cff1aa4252ed2908a08a3c26c44,undefined FUN_181388420(),ghidra,clean,
WHGame.dll,release_1_5_1164953_841,0x1388448,181,FUN_181388448,,,a5384cf342cd92a26b48dcc8ca952fbccc0075b1e56850edc036d3f29c302312,undefined FUN_181388448(),ghidra,clean,
WHGame.dll,release_1_5_1164953_841,0x1388500,81,FUN_181388500,,,6a999ac2b7bf848743b24fbdc18b0d6e361137da865f5bfad4aedef58a4de1eb,undefined FUN_181388500(),ghidra,clean,
WHGame.dll,release_1_5_1164953_841,0x1388554,72,FUN_181388554,,,2d8b7e186f4a82f91848a2b4f45aaaf6171dd4b8efd06a4801f4ee557385a20f,undefined FUN_181388554(),ghidra,clean,
WHGame.dll,release_1_5_1164953_841,0x138859c,85,FUN_18138859c,,,918062c1808591a6353d73d55d33850f6b37a9aafc457ae00fcfb4a48ac0f899,undefined FUN_18138859c(),ghidra,clean,
WHGame.dll,release_1_5_1164953_841,0x13885f4,55,FUN_1813885f4,,,48ef1229f704d8cba2c6973a6aecf40329a6ab92986c02be3190cdc89a295a74,undefined FUN_1813885f4(),ghidra,clean,
WHGame.dll,release_1_5_1164953_841,0x138861c,174,FUN_18138861c,,,646e13d3c33aad5f4b1b3a43636ec232d2248441f15c44cb7ca4f6d6ce94f8b8,undefined FUN_18138861c(),ghidra,clean,
WHGame.dll,release_1_5_1164953_841,0x13886c0,120,FUN_1813886c0,,,427f9231ca84a4a00e8edf26d6ecb51cc8590ba2e5a9e9934fe5d3af297473c3,undefined FUN_1813886c0(),ghidra,clean,
WHGame.dll,release_1_5_1164953_841,0x138873c,145,FUN_18138873c,,,d793cede7369a2c3852a1cdc67dfb54f2599833eca3d45e3c0a8e6b7e66ecb2c,undefined FUN_18138873c(),ghidra,clean,
WHGame.dll,release_1_5_1164953_841,0x13887d0,302,FUN_1813887d0,,,ec7281f94a6d6e9fa67591ab49ea47f4dc885acc27be6f43a653fe1482df6169,undefined FUN_1813887d0(),ghidra,clean,
WHGame.dll,release_1_5_1164953_841,0x1388900,176,FUN_181388900,,,03bd5ea43683d205383919d006d52b38eeb9fec047b35b3ef33c65cd34451e79,undefined FUN_181388900(),ghidra,clean,
WHGame.dll,release_1_5_1164953_841,0x13889b0,102,FUN_1813889b0,,,d15cd35a7123993027b65b70b5b91e2d38879323c24b93cd30d42d9e1655b850,undefined FUN_1813889b0(),ghidra,clean,
WHGame.dll,release_1_5_1164953_841,0x1388a18,296,FUN_181388a18,,,54bd7ba4734b96cdd84505af596c39abefe5f6b6e8e59524eb6ee91ace40a0f9,undefined FUN_181388a18(),ghidra,clean,
WHGame.dll,release_1_5_1164953_841,0x1388b40,234,FUN_181388b40,,,19601a0aeec841c8f3fbd41217292f771017ad71f14e00cbc5a61ea6d531f24b,undefined FUN_181388b40(),ghidra,clean,
WHGame.dll,release_1_5_1164953_841,0x1388c2c,1337,FUN_181388c2c,,,e34110e5512f93b5967c57c5dbd17056b8a0bf7c181f6bfdefff30364287b1c9,undefined FUN_181388c2c(),ghidra,clean,
WHGame.dll,release_1_5_1164953_841,0x1389168,359,FUN_181389168,,,20d6a9a3370254d37ffa2b757ace23a2ef88e246c4d039e211fcdf8d0b246970,undefined FUN_181389168(),ghidra,clean,
WHGame.dll,release_1_5_1164953_841,0x13892c0,264,FUN_1813892c0,,,995ebe04aa0580e112f4f4a749080a70365623b40be5a191f530d73384b3ed85,undefined FUN_1813892c0(),ghidra,clean,
WHGame.dll,release_1_5_1164953_841,0x13893c0,244,FUN_1813893c0,,,e1ec831b641b5b4b7a2ef63ed4bf0b33fee5cfe1236d9209a4300ca9a99efdcf,undefined FUN_1813893c0(),ghidra,clean,
WHGame.dll,release_1_5_1164953_841,0x13894b4,273,FUN_1813894b4,,,25d25709e26ae09669dae932ef37b21fb4b5b31c9baefee55af0bb4c9c773bc3,undefined FUN_1813894b4(),ghidra,clean,
WHGame.dll,release_1_5_1164953_841,0x13895b8,196,FUN_1813895b8,,,911185faddb3fc3713c28648672f8e43917032071a2acc1efc800ea491594502,undefined FUN_1813895b8(),ghidra,clean,
WHGame.dll,release_1_5_1164953_841,0x1389674,175,FUN_181389674,,,5828fc23e52c11c2ba6ae58547385ee81ef2d9472e17c6ae36c6d15eceabeb6d,undefined FUN_181389674(),ghidra,clean,
WHGame.dll,release_1_5_1164953_841,0x1389724,317,FUN_181389724,,,b536acfe6a46f943c8f19635e726cd9fca8e410f0ca10926157b9fda31af1a52,undefined FUN_181389724(),ghidra,clean,
WHGame.dll,release_1_5_1164953_841,0x1389850,264,FUN_181389850,,,78647b2c2f0100a065261d38f5c3b1ec3845dc83fb2151c20da2fa6590012b1f,undefined FUN_181389850(),ghidra,clean,
WHGame.dll,release_1_5_1164953_841,0x1389950,243,FUN_181389950,,,4d23f5b8c90c85fc5a271b9d146ff36a638bea3fc7ee1ef95ad1bb9538337e77,undefined FUN_181389950(),ghidra,clean,
WHGame.dll,release_1_5_1164953_841,0x1389a44,110,FUN_181389a44,,,82c6de5b1ccb707841510c4ae2644a5ce81f4d5e71f7da0fd9e320e7c111f802,undefined FUN_181389a44(),ghidra,clean,
WHGame.dll,release_1_5_1164953_841,0x1389ab4,212,FUN_181389ab4,,,b69e9c8825ea86bf577574346a0e1f20bc6e818b0182fa95ed32fd4cbeecb424,undefined FUN_181389ab4(),ghidra,clean,
WHGame.dll,release_1_5_1164953_841,0x1389b6c,100,FUN_181389b6c,,,fa6003fef2d2f3df33abb547aaf2c46ac2334c2eda5d1922cf7c8de04884ba3e,undefined FUN_181389b6c(),ghidra,clean,
WHGame.dll,release_1_5_1164953_841,0x1389bd0,5,thunk_FUN_181389bd8,,,b0d40b133b9394d93820ac0104b0065121d2d73df32c7bfb4e4cf5d805a8b103,undefined thunk_FUN_181389bd8(),ghidra,clean,
WHGame.dll,release_1_5_1164953_841,0x1389bd8,103,FUN_181389bd8,,,f827fea8a629f8419a30a4fae4314df4d550a8b9fe653ff5e06beb68b4004340,undefined FUN_181389bd8(),ghidra,clean,
WHGame.dll,release_1_5_1164953_841,0x1389c40,95,FUN_181389c40,,,ffb525f29379a1b5c2ca902f9e8da260e13841a60ac0165e57c709b3ba1c2c30,undefined FUN_181389c40(),ghidra,clean,
WHGame.dll,release_1_5_1164953_841,0x1389ca0,206,FUN_181389ca0,,,1c9f561216a1a3db17f56d8270a5282b20e99796c05bc7488e31241e2222db2f,undefined FUN_181389ca0(),ghidra,clean,
WHGame.dll,release_1_5_1164953_841,0x1389d50,53,FUN_181389d50,,,327e0f772cbc70d047f068827dc3873cec3efd6a763f869ceb8e2f83db5b5f22,undefined FUN_181389d50(),ghidra,clean,
WHGame.dll,release_1_5_1164953_841,0x1389d88,152,FUN_181389d88,,,32e7edb49c174fd43acfa8d6906f373625ac647912e6da3b5c6d9dc378edff51,undefined FUN_181389d88(),ghidra,clean,
WHGame.dll,release_1_5_1164953_841,0x1389e20,152,FUN_181389e20,,,143b3d28cc2e06194d4a3e7a4e990d97de018d2840dde0d842076c7b273836b1,undefined FUN_181389e20(),ghidra,clean,
WHGame.dll,release_1_5_1164953_841,0x1389eb8,54,FUN_181389eb8,,,dcd1557f7480f463df8c13a1fe66df7a4ca68f3312305303e08f56cc4b801f43,undefined FUN_181389eb8(),ghidra,clean,
WHGame.dll,release_1_5_1164953_841,0x1389ef0,68,FUN_181389ef0,,,c2ad29ae50641ba1c52dd874567bca87b2fdd7e346cbffbd0a47f6410fa4dafd,undefined FUN_181389ef0(),ghidra,clean,
WHGame.dll,release_1_5_1164953_841,0x1389f34,422,FUN_181389f34,,,14e22e16d5e9cd52cc5587cc5e22401e3ebe1cb8a2505aacfc3c3ccf17eff7ab,undefined FUN_181389f34(),ghidra,clean,
WHGame.dll,release_1_5_1164953_841,0x138a0dc,40,FUN_18138a0dc,,,e306f0dd19de405515daef7127911bc90050b3603b61c973d78e53d21ca7d87d,undefined FUN_18138a0dc(),ghidra,clean,
WHGame.dll,release_1_5_1164953_841,0x138a104,42,FUN_18138a104,,,0f218deb31b42813dcecb5ff3a4d9eab7368bd49c68b7591a7017eb9491eb80d,undefined FUN_18138a104(),ghidra,clean,
WHGame.dll,release_1_5_1164953_841,0x138a130,42,FUN_18138a130,,,e70b1ffef7eb071ccad5b467a2a147fcbcbcccafa9d3a3058191770b9a60dd4d,undefined FUN_18138a130(),ghidra,clean,
WHGame.dll,release_1_5_1164953_841,0x138a15c,374,FUN_18138a15c,,,7eb49485f43ca1d0394643ff60512bc95b0796586214e6e1c8e1356259263310,undefined FUN_18138a15c(),ghidra,clean,
WHGame.dll,release_1_5_1164953_841,0x138a2d4,374,FUN_18138a2d4,,,303b7cdcdb8b6506e0248e7e3038e1f326fa6899807dd0bc8759458abe108a2b,undefined FUN_18138a2d4(),ghidra,clean,
WHGame.dll,release_1_5_1164953_841,0x138a44c,142,FUN_18138a44c,,,fdce32ba153d43e5a79a75c0f76894a4f30d0093bea31982e1dd76538ebb0503,undefined FUN_18138a44c(),ghidra,clean,
WHGame.dll,release_1_5_1164953_841,0x138a4dc,5,thunk_FUN_18138a4e4,,,b0d40b133b9394d93820ac0104b0065121d2d73df32c7bfb4e4cf5d805a8b103,undefined thunk_FUN_18138a4e4(),ghidra,clean,
WHGame.dll,release_1_5_1164953_841,0x138a4e4,223,FUN_18138a4e4,,,da97800c8091617532cf21dc1660f7c518601c1d3124ef82031a1a0221190b03,undefined FUN_18138a4e4(),ghidra,clean,
WHGame.dll,release_1_5_1164953_841,0x138a5bc,147,FUN_18138a5bc,,,c2139c687166d37ce916f5e4f3d60ad01b11d7a2357ac939c838a7c5f4e7e3b0,undefined FUN_18138a5bc(),ghidra,clean,
WHGame.dll,release_1_5_1164953_841,0x138a650,147,FUN_18138a650,,,e3fdd987db698a8c674fd621b74d2ca5007641f1819fd964743a5c9a27dfdf5e,undefined FUN_18138a650(),ghidra,clean,
WHGame.dll,release_1_5_1164953_841,0x138a6e4,5,thunk_FUN_18138a6ec,,,b0d40b133b9394d93820ac0104b0065121d2d73df32c7bfb4e4cf5d805a8b103,undefined thunk_FUN_18138a6ec(),ghidra,clean,
WHGame.dll,release_1_5_1164953_841,0x138a6ec,103,FUN_18138a6ec,,,9e123c3b7900b50d220716b95e3c4adfe422f83546353ed921457804ede2fbae,undefined FUN_18138a6ec(),ghidra,clean,
WHGame.dll,release_1_5_1164953_841,0x138a754,211,FUN_18138a754,,,de0e52cdc19356b549fc360f8e005fce207e7f401a1463b3c685aa7150095109,undefined FUN_18138a754(),ghidra,clean,
WHGame.dll,release_1_5_1164953_841,0x138a800,144,FUN_18138a800,,,7e81bda2e7e1b89702ff8121e1c2217d2e13f030279709a6f724caf7b505e582,undefined FUN_18138a800(),ghidra,clean,
WHGame.dll,release_1_5_1164953_841,0x138a890,42,FUN_18138a890,,,44ce4892d82191a3b2ebc7e33a4e270b4fe042c62a36d34c86bb55dd9f0c9702,undefined FUN_18138a890(),ghidra,clean,
WHGame.dll,release_1_5_1164953_841,0x138a8bc,68,FUN_18138a8bc,,,addc8788a90af210afa2434d8ffd82447c296d36116401ee605ba6dacc984893,undefined FUN_18138a8bc(),ghidra,clean,
WHGame.dll,release_1_5_1164953_841,0x138a900,139,FUN_18138a900,,,a98e8cdb966fc7c69d3059b2fe016dae577934febee7ff179cc6afc20b0196b3,undefined FUN_18138a900(),ghidra,clean,
WHGame.dll,release_1_5_1164953_841,0x138a98c,53,FUN_18138a98c,,,82aef6636ae320060f0f3e3d2708c0d11175ca98e56ec9dbfa74e43f8102e962,undefined FUN_18138a98c(),ghidra,clean,
WHGame.dll,release_1_5_1164953_841,0x138a9c4,431,FUN_18138a9c4,,,99a8fe6dc26b9d0fe6f05a56a21c2707d1d49c1bf09a0904e35f1d115eedd403,undefined FUN_18138a9c4(),ghidra,clean,
WHGame.dll,release_1_5_1164953_841,0x138ab20,40,FUN_18138ab20,,,b250b6377df591f2fe1377e8827b84d982679b11de498d77aaaedc73f0990bb4,undefined FUN_18138ab20(),ghidra,clean,
WHGame.dll,release_1_5_1164953_841,0x138ab48,42,FUN_18138ab48,,,ea0ab0003660d44011b30d23fe8616b0e1f17fb50e7ae9e28ca893b7fba75379,undefined FUN_18138ab48(),ghidra,clean,
WHGame.dll,release_1_5_1164953_841,0x138ab74,100,FUN_18138ab74,,,1c6bb02bb70ca75b67c9e8b503f908a4384ba405b9c97577e1695f30568f648c,undefined FUN_18138ab74(),ghidra,clean,
WHGame.dll,release_1_5_1164953_841,0x138abd8,328,FUN_18138abd8,,,64440417525575074cb77e0355c137e153260ca3d2b5bd64e497917104e37a4d,undefined FUN_18138abd8(),ghidra,clean,
WHGame.dll,release_1_5_1164953_841,0x138ad24,100,FUN_18138ad24,,,92af62518b17f1fa043e36e62dbbc4292f57a6dab6d8464b53ebddb8da613c9c,undefined FUN_18138ad24(),ghidra,clean,
WHGame.dll,release_1_5_1164953_841,0x138ad88,47,FUN_18138ad88,,,4edc7e2279bf232f7b4d1af2b73b2eabe38aa4c6cbf97267c93b10d633ed308e,undefined FUN_18138ad88(),ghidra,clean,
WHGame.dll,release_1_5_1164953_841,0x138adb8,20,FUN_18138adb8,,,18051f6f20643a1904ef566636d5fae040b7d3c48eb119521a88f3e56eb6390d,undefined FUN_18138adb8(),ghidra,clean,
WHGame.dll,release_1_5_1164953_841,0x138adcc,43,FUN_18138adcc,,,a5504743e42ca996f0db60b8047f8d7288c1006142045a831ddf80ca1786015e,undefined FUN_18138adcc(),ghidra,clean,
WHGame.dll,release_1_5_1164953_841,0x138adf8,112,FUN_18138adf8,,,4d6ed397eb796da5c4f280d314d62c1ef15a4a9bafbb9031ec44e005dfe0a345,undefined FUN_18138adf8(),ghidra,clean,
WHGame.dll,release_1_5_1164953_841,0x138ae2c,151,FUN_18138ae2c,,,eb8c79e9667427fe16db8a0f55b31a92054d19abc45bae2bb7edb84db5dfe0b9,undefined FUN_18138ae2c(),ghidra,clean,
WHGame.dll,release_1_5_1164953_841,0x138aec4,46,FUN_18138aec4,,,2777b8475a32484184ee8ac84b1f78fb6ea9d9dc18e38a48b8edbdca07b4b56d,undefined FUN_18138aec4(),ghidra,clean,
WHGame.dll,release_1_5_1164953_841,0x138aef4,431,FUN_18138aef4,,,3e725a1a38404a74d8aeb370059c68e27fa27183db213e38530d0c847da11707,undefined FUN_18138aef4(),ghidra,clean,
WHGame.dll,release_1_5_1164953_841,0x138b050,40,FUN_18138b050,,,865ba2d743a901cbf987355adcf51cee4525f51c41c2c63f911838f0a6b95804,undefined FUN_18138b050(),ghidra,clean,
WHGame.dll,release_1_5_1164953_841,0x138b078,42,FUN_18138b078,,,69619a174e72680449a926ff4499e4056ff4519be12262b1314ac037af52d09f,undefined FUN_18138b078(),ghidra,clean,
WHGame.dll,release_1_5_1164953_841,0x138b0a4,234,FUN_18138b0a4,,,a516dc22388d06b67157853089bae61db5f4637e94e299dc0b8508bf2f07ef08,undefined FUN_18138b0a4(),ghidra,clean,
WHGame.dll,release_1_5_1164953_841,0x138b190,207,FUN_18138b190,,,2b81277f7f6db192bca65a705148c8acc95a5d6e4e076f97c775ad2cf2ee60aa,undefined FUN_18138b190(),ghidra,clean,
WHGame.dll,release_1_5_1164953_841,0x138b250,251,FUN_18138b250,,,fc8b5c4ba576c71c871de53545d9b842f9c4744a4d73404ff7ea8ae90ef3ad39,undefined FUN_18138b250(),ghidra,clean,
WHGame.dll,release_1_5_1164953_841,0x138b34c,196,FUN_18138b34c,,,726eb7e490ab3bd14caa620cc056b210a51a55ead5146e9e94566f1c9cefa81f,undefined FUN_18138b34c(),ghidra,clean,
WHGame.dll,release_1_5_1164953_841,0x138b410,238,FUN_18138b410,,,9409ec5502aa4ac51f66f32ce7d110b37dc87931d4ad57b596e481f9848fdd1c,undefined FUN_18138b410(),ghidra,clean,
WHGame.dll,release_1_5_1164953_841,0x138b500,214,FUN_18138b500,,,e1b2e6c72ad4e0218a5e04e2bbf43a607bc79df711fbd1464edf258c0b621fac,undefined FUN_18138b500(),ghidra,clean,
WHGame.dll,release_1_5_1164953_841,0x138b5c8,267,FUN_18138b5c8,,,aea9db18efec4db1d8c7fa8849bfac73e42cdbe77449a48e12becd4e0876a93e,undefined FUN_18138b5c8(),ghidra,clean,
WHGame.dll,release_1_5_1164953_841,0x138b6d4,209,FUN_18138b6d4,,,77590fc2229784e2df5c507885bda35e9dc5c12454982de0ad3bcb0731495c52,undefined FUN_18138b6d4(),ghidra,clean,
WHGame.dll,release_1_5_1164953_841,0x138b7a8,27,FUN_18138b7a8,,,12c5b682e0014478aede7b31333799241706e6c4b0ab78ffce00741249f1d395,undefined FUN_18138b7a8(),ghidra,clean,
WHGame.dll,release_1_5_1164953_841,0x138b7c4,143,FUN_18138b7c4,,,591a443af92d5031dd2d2c0ca838aa8dcf5860f9c820f7d7d4bf120e324c45ad,undefined FUN_18138b7c4(),ghidra,clean,
WHGame.dll,release_1_5_1164953_841,0x138b854,113,FUN_18138b854,,,ff2020b7f8d4fbb2ba0c0556a27b2d6b0dadca299daae9ecb43059ebd45e390b,undefined FUN_18138b854(),ghidra,clean,
WHGame.dll,release_1_5_1164953_841,0x138b8c8,160,FUN_18138b8c8,,,ec40872ea7ea6152b39b62b9fc819bd1354351b05138310e2363355e03a92d66,undefined FUN_18138b8c8(),ghidra,clean,
WHGame.dll,release_1_5_1164953_841,0x138b968,55,FUN_18138b968,,,cf5ad1ebc33da6b7a8a69871626182e0f92132a69608c7202631e35abf1ea871,undefined FUN_18138b968(),ghidra,clean,
WHGame.dll,release_1_5_1164953_841,0x138b990,181,FUN_18138b990,,,21e7a6146defd999edf05500b2bdae0e72c6a5ead17e69e62e041f6484e0c45a,undefined FUN_18138b990(),ghidra,clean,
WHGame.dll,release_1_5_1164953_841,0x138ba48,40,FUN_18138ba48,,,a9d6bcb18a93b5b059511cf2494281b391bc4b887c9ea2c28e621379f83d266b,undefined FUN_18138ba48(),ghidra,clean,
WHGame.dll,release_1_5_1164953_841,0x138ba70,55,FUN_18138ba70,,,fd4bf2a3a3488706adc6d4fc21a2043bfca233a41458d16ac7e89a4ce60c1bea,undefined FUN_18138ba70(),ghidra,clean,
WHGame.dll,release_1_5_1164953_841,0x138ba98,181,FUN_18138ba98,,,98471b6440cc1bee9a2b5a4ad0d0d6d82ad96c4d7e59a94cb84dcfda92f266d8,undefined FUN_18138ba98(),ghidra,clean,
WHGame.dll,release_1_5_1164953_841,0x138bb50,115,FUN_18138bb50,,,aa21ac954ddaf3c1902b25cb23cd2ab0fa22e7c7d25579b12e826030a037e918,undefined FUN_18138bb50(),ghidra,clean,
WHGame.dll,release_1_5_1164953_841,0x138bbc4,55,FUN_18138bbc4,,,4d3c490958f16408a78832c32c7f4a6ab55d5fdfc567defd911e3cc4cb8e962c,undefined FUN_18138bbc4(),ghidra,clean,
WHGame.dll,release_1_5_1164953_841,0x138bbec,200,FUN_18138bbec,,,de2280cd2c9221102f3686c6c8b3e1c373bf583c43560132928e6272d878a4d0,undefined FUN_18138bbec(),ghidra,clean,
WHGame.dll,release_1_5_1164953_841,0x138bc9c,95,FUN_18138bc9c,,,07d6eb446b09ff0a16b778c2af2ca76556072c0258c8c678a95045252f32c216,undefined FUN_18138bc9c(),ghidra,clean,
WHGame.dll,release_1_5_1164953_841,0x138bcfc,344,FUN_18138bcfc,,,553ee03792ce6db62429994ef241948c163e7a2c7acaa7c6bd951595dc245221,undefined FUN_18138bcfc(),ghidra,clean,
WHGame.dll,release_1_5_1164953_841,0x138be54,55,FUN_18138be54,,,966d59c9796448c04323173f54fb793969355b16b2642eb7f88109608c70f8d7,undefined FUN_18138be54(),ghidra,clean,
WHGame.dll,release_1_5_1164953_841,0x138be7c,175,FUN_18138be7c,,,d5ede824e11c9e397f2d4187116570b5604c9534f9ccd60426a6963d4c3a70bd,undefined FUN_18138be7c(),ghidra,clean,
WHGame.dll,release_1_5_1164953_841,0x138bf24,79,FUN_18138bf24,,,6fdecdf62f9b1992d57d8aae478db386a249ae52388fe7a0ef9e3e82cb8fe097,undefined FUN_18138bf24(),ghidra,clean,
WHGame.dll,release_1_5_1164953_841,0x138bf74,145,FUN_18138bf74,,,44ea2de199732e3afb6a9b55164cb09d798904c5aa6e984c5935d0fb97aa4702,undefined FUN_18138bf74(),ghidra,clean,
WHGame.dll,release_1_5_1164953_841,0x138c008,438,FUN_18138c008,,,186ab037fbd87934dc4dd70231c6abbbc0f38e71121d5649b7a0c2dc0ccf2f04,undefined FUN_18138c008(),ghidra,clean,
WHGame.dll,release_1_5_1164953_841,0x138c1c0,65,FUN_18138c1c0,,,1417c1fcd09f96ba396724b509c32af1dc3395c74f445672425abd79023c9d7e,undefined FUN_18138c1c0(),ghidra,clean,
WHGame.dll,release_1_5_1164953_841,0x138c204,26,FUN_18138c204,,,70509e233b81a4b980391cbde5d0f4e0f57007794a397523a1f478e8884bbf63,undefined FUN_18138c204(),ghidra,clean,
WHGame.dll,release_1_5_1164953_841,0x138c220,1137,FUN_18138c220,,,ba71d54984118a9e549756319a15c82bff82a4d7e2e7a5d1f20cdf2e79f1ec6f,undefined FUN_18138c220(),ghidra,clean,
WHGame.dll,release_1_5_1164953_841,0x138c694,155,FUN_18138c694,,,09625bd349c14a719975ae4d2e9886ebc972604a18144afb762c0d89531619df,undefined FUN_18138c694(),ghidra,clean,
WHGame.dll,release_1_5_1164953_841,0x138c730,314,FUN_18138c730,,,a3e8a6ad67e0818ef702e8c14f0ca7ba7111534599f397b3ff4713e69f9fa0c0,undefined FUN_18138c730(),ghidra,clean,
WHGame.dll,release_1_5_1164953_841,0x138c86c,155,FUN_18138c86c,,,0bafc3a46fbc6b1addf4d09b7af11233cda7ee7965ab0b1e9b0ffbac8d9a899e,undefined FUN_18138c86c(),ghidra,clean,
WHGame.dll,release_1_5_1164953_841,0x138c908,308,FUN_18138c908,,,60938d1004de480d783a3d6822444f26a08d149fdf636a5352250f494753beec,undefined FUN_18138c908(),ghidra,clean,
WHGame.dll,release_1_5_1164953_841,0x138ca3c,185,FUN_18138ca3c,,,b25c378ea06be0ab1f7aa9040fcce553265b2b0cc3b09365bb4ff88e97a83249,undefined FUN_18138ca3c(),ghidra,clean,
WHGame.dll,release_1_5_1164953_841,0x138caf8,360,FUN_18138caf8,,,2f049a777865a5d2a4ee323f7ecbfd2945cb2eca3656fafd10562ac091f25e77,undefined FUN_18138caf8(),ghidra,clean,
WHGame.dll,release_1_5_1164953_841,0x138cc60,91,FUN_18138cc60,,,9e59b7318cc9951564a74adafb7a167e09f5703de076e57709902ff677ef9e1b,undefined FUN_18138cc60(),ghidra,clean,
WHGame.dll,release_1_5_1164953_841,0x138ccbc,145,FUN_18138ccbc,,,b2d61755f872c940778f0857c330a1e3d91d52d3f761c81e7d0f649498c9e994,undefined FUN_18138ccbc(),ghidra,clean,
WHGame.dll,release_1_5_1164953_841,0x138cd50,449,FUN_18138cd50,,,c61f2c1a72c4d755a9c714c9c11ce7c1b3c6ba7d1645bd8512bc8574d63fdd3c,undefined FUN_18138cd50(),ghidra,clean,
WHGame.dll,release_1_5_1164953_841,0x138ce80,508,FUN_18138ce80,,,0eec76d5dcb50dc4d5ea17fad6857c04ad471fa1002b7cb7716c3f46dfec2838,undefined FUN_18138ce80(),ghidra,clean,
WHGame.dll,release_1_5_1164953_841,0x138d07c,268,FUN_18138d07c,,,60062b0d67c53f1a0f14a5a4c379c7556b9d7e490bbc071fb7d472252a563c09,undefined FUN_18138d07c(),ghidra,clean,
WHGame.dll,release_1_5_1164953_841,0x138d18c,26,FUN_18138d18c,,,70509e233b81a4b980391cbde5d0f4e0f57007794a397523a1f478e8884bbf63,undefined FUN_18138d18c(),ghidra,clean,
WHGame.dll,release_1_5_1164953_841,0x138d1a8,1137,FUN_18138d1a8,,,08114bf717d069046c841aeaafd8082b97f4badd6cff27de93d6ccfca7b42885,undefined FUN_18138d1a8(),ghidra,clean,
WHGame.dll,release_1_5_1164953_841,0x138d61c,155,FUN_18138d61c,,,9e4369b1a8b41ff6f1cdaca01a8578496d52c72c2d33e47430b034eacd747dc1,undefined FUN_18138d61c(),ghidra,clean,
WHGame.dll,release_1_5_1164953_841,0x138d6b8,304,FUN_18138d6b8,,,225b3b42be1708d45d868d375cc2f4ad936c3c971252a639f87a96fd00c07b67,undefined FUN_18138d6b8(),ghidra,clean,
WHGame.dll,release_1_5_1164953_841,0x138d7e8,155,FUN_18138d7e8,,,d0a5cf6df470ae2a121cf784262d8e2fbcc4b4896f67a53d6fd7e982f5617273,undefined FUN_18138d7e8(),ghidra,clean,
WHGame.dll,release_1_5_1164953_841,0x138d884,298,FUN_18138d884,,,f9f3ff98887cecf5e47060b14e1411b389c7a1f3075811b42f189a00fb6ce996,undefined FUN_18138d884(),ghidra,clean,
WHGame.dll,release_1_5_1164953_841,0x138d9b0,180,FUN_18138d9b0,,,f4583ac1ab252b79908e614d3233c220d6a61692f1f567b66587da9375927b45,undefined FUN_18138d9b0(),ghidra,clean,
WHGame.dll,release_1_5_1164953_841,0x138da64,232,FUN_18138da64,,,d88bbbbf4677ca2ef52b079792779d2ff162917821e1d1306b43121ba6ead40f,undefined FUN_18138da64(),ghidra,clean,
WHGame.dll,release_1_5_1164953_841,0x138db4c,26,FUN_18138db4c,,,e1b2e5b9657e1f08d5c89e8dd0cb860242448433498857571512466bd0b4d43b,undefined FUN_18138db4c(),ghidra,clean,
WHGame.dll,release_1_5_1164953_841,0x138db68,759,FUN_18138db68,,,d8e946a58d7097d1a94c0eb77bd6c12b09563d6e400d97df8eefbc66da3592b0,undefined FUN_18138db68(),ghidra,clean,
WHGame.dll,release_1_5_1164953_841,0x138dc70,155,FUN_18138dc70,,,fca3b7946a27043815e23f5497b27e8275f74689e592c66fa3bda9e6b8876ff9,undefined FUN_18138dc70(),ghidra,clean,
WHGame.dll,release_1_5_1164953_841,0x138dd0c,130,FUN_18138dd0c,,,2a70001a72521e90ed6318c6a5ff9efa10a9bd68dcc4cc979cc62f205510a7fe,undefined FUN_18138dd0c(),ghidra,clean,
WHGame.dll,release_1_5_1164953_841,0x138dd90,180,FUN_18138dd90,,,4ad919b4d1b4e41fc1967ed6e4d5c7d5dab3a048c77cdf6eb82dbd8ec4eb4e3b,undefined FUN_18138dd90(),ghidra,clean,
WHGame.dll,release_1_5_1164953_841,0x138de44,84,FUN_18138de44,,,516dc0fdf9f98bb1c9d0e467123aec9a3596dab4486412820b552f4d832b9923,undefined FUN_18138de44(),ghidra,clean,
WHGame.dll,release_1_5_1164953_841,0x138de98,54,FUN_18138de98,,,5c690dc757a2c16b1558b5fd3dcd655e19a6e3d797d5ed5ac5c9a38b1464a598,undefined FUN_18138de98(),ghidra,clean,
WHGame.dll,release_1_5_1164953_841,0x138ded0,155,FUN_18138ded0,,,e85a754a7ed8276b1d3568106e0f69186325bac1e65d69438140997d60f467fa,undefined FUN_18138ded0(),ghidra,clean,
WHGame.dll,release_1_5_1164953_841,0x138df6c,291,FUN_18138df6c,,,ff1e5d16df34d4a79c36ededc391e747028283de0dc2de6f16f071b5875b819c,undefined FUN_18138df6c(),ghidra,clean,
WHGame.dll,release_1_5_1164953_841,0x138e090,180,FUN_18138e090,,,629ad0ac71819a296c2c93212bb8559e195cb997f38c9be14abc8644393b2dc7,undefined FUN_18138e090(),ghidra,clean,
WHGame.dll,release_1_5_1164953_841,0x138e144,155,FUN_18138e144,,,2bd8bc687bffc997886bc0e9d21bb54f13a007e6813e10afa108ec163456b501,undefined FUN_18138e144(),ghidra,clean,
WHGame.dll,release_1_5_1164953_841,0x138e1e0,291,FUN_18138e1e0,,,a281201686c63fe62304a8f0c7ab309bbebe0d2d8d14d3e30642c901dd83644b,undefined FUN_18138e1e0(),ghidra,clean,
WHGame.dll,release_1_5_1164953_841,0x138e304,321,FUN_18138e304,,,53082d3654dafcc033cb748c1984b86b38dfe33d1ff6f3c98e496b45c5732f16,undefined FUN_18138e304(),ghidra,clean,
WHGame.dll,release_1_5_1164953_841,0x138e448,264,FUN_18138e448,,,3c37bb2db30349362e44fd7aea53ed158edb304e4985681c583adbf62b9ede00,undefined FUN_18138e448(),ghidra,clean,
WHGame.dll,release_1_5_1164953_841,0x138e550,313,FUN_18138e550,,,6963edd97fb48c41d06d41282d62df3e6965c9c78303b85ac8017ae618d22c0c,undefined FUN_18138e550(),ghidra,clean,
WHGame.dll,release_1_5_1164953_841,0x138e68c,198,FUN_18138e68c,,,9543a8a15d8618219202186c2f79b9b4fa4b585dd5aaf8c73f6b4d8c2f8e9393,undefined FUN_18138e68c(),ghidra,clean,
WHGame.dll,release_1_5_1164953_841,0x138e754,66,FUN_18138e754,,,6e3c2844935d608f6e4fc63c9eae468c9c6f9f26edfc2ac270b96f87e0bb9899,undefined FUN_18138e754(),ghidra,clean,
WHGame.dll,release_1_5_1164953_841,0x138e798,118,FUN_18138e798,,,2867905588cc4f03f73038ef1bdd07578b34de7b1c30aef906536acf44ead49d,undefined FUN_18138e798(),ghidra,clean,
WHGame.dll,release_1_5_1164953_841,0x138e810,212,FUN_18138e810,,,5bfaf5077a027cf85a4d8f9518712617859ed8231e7c490fea8a8657a1e9e60e,undefined FUN_18138e810(),ghidra,clean,
WHGame.dll,release_1_5_1164953_841,0x138e8e8,116,FUN_18138e8e8,,,df648deae4729f3b9dc4c692ac82e45eac0cc99e1a61aa4353e1bebf3e1aef19,undefined FUN_18138e8e8(),ghidra,clean,
WHGame.dll,release_1_5_1164953_841,0x138e918,68,FUN_18138e918,,,ddfc81839203933744b6baa48d07e4a18a39314176d4826235ace8909f49bd37,undefined FUN_18138e918(),ghidra,clean,
WHGame.dll,release_1_5_1164953_841,0x138e95c,72,FUN_18138e95c,,,3688f1f5dfe8781156219497f9aed28fbb822150757254426b36d9c86f96fa6f,undefined FUN_18138e95c(),ghidra,clean,
WHGame.dll,release_1_5_1164953_841,0x138e9a4,74,FUN_18138e9a4,,,023ea2cc7bfa8e7fa98a1e5de7ea2e7c2912947b9e1cef9c848b5094ca26679d,undefined FUN_18138e9a4(),ghidra,clean,
WHGame.dll,release_1_5_1164953_841,0x138e9d6,98,FUN_18138e9d6,,,086a2d4f1f6060dd1538d84e4b6d0b0c1ce1de00f73cfb042722a17c46293fc8,undefined FUN_18138e9d6(),ghidra,clean,
WHGame.dll,release_1_5_1164953_841,0x138ea38,26,FUN_18138ea38,,,819234953c91d716a341edb10dcca2267107efa13f78881bbca64f4a7a11eeca,undefined FUN_18138ea38(),ghidra,clean,
WHGame.dll,release_1_5_1164953_841,0x138ea54,155,FUN_18138ea54,,,cff4d231611bee038c93a8ceff92d6832bd63ddb161be298b9f87b03968048be,undefined FUN_18138ea54(),ghidra,clean,
WHGame.dll,release_1_5_1164953_841,0x138eaf0,304,FUN_18138eaf0,,,ee6e5985303ff9e614dacbb6a4904083a92493bfceed47757002ed1d68ea3f1b,undefined FUN_18138eaf0(),ghidra,clean,
WHGame.dll,release_1_5_1164953_841,0x138ec20,335,FUN_18138ec20,,,250b2b3878f177809bc0b9df33418c87dad266c376fbee5aa9b7c9c9b481dc50,undefined FUN_18138ec20(),ghidra,clean,
WHGame.dll,release_1_5_1164953_841,0x138ed0e,8,FUN_18138ed0e,,,d584cb1a2afef309eb33a9b90753d6c9a99b0c481366318ccddcba175a3b8c54,undefined FUN_18138ed0e(),ghidra,clean,
WHGame.dll,release_1_5_1164953_841,0x138ed20,155,FUN_18138ed20,,,cb3e45c0c7e1349382913122cd14bcd9cf9e4b01bedad955f5385be0b53dc8ff,undefined FUN_18138ed20(),ghidra,clean,
WHGame.dll,release_1_5_1164953_841,0x138edbc,155,FUN_18138edbc,,,aadc3231d977a05be71f2f8ceaf42c153cdadf38aa3d93534781549c3133c16e,undefined FUN_18138edbc(),ghidra,clean,
WHGame.dll,release_1_5_1164953_841,0x138ee58,155,FUN_18138ee58,,,4bf816eb260d44668bddaa967b233d936256ecccc3763f318fd274025adab75f,undefined FUN_18138ee58(),ghidra,clean,
WHGame.dll,release_1_5_1164953_841,0x138eef4,240,FUN_18138eef4,,,b76fc55403ea9f88c85715c229b220f832c127fbf9d7f2d663090e560abc36fa,undefined FUN_18138eef4(),ghidra,clean,
WHGame.dll,release_1_5_1164953_841,0x138efe4,18,FUN_18138efe4,,,e80cb2c9fcf21c443d8e88c2f8cc54508dad583fa7b5bf112691af625b543ba1,undefined FUN_18138efe4(),ghidra,clean,
WHGame.dll,release_1_5_1164953_841,0x138eff8,298,FUN_18138eff8,,,7d1fc1c563ffe689bd8c8fff3fe7f0489ed3258c9ad22432690276cbfe5e5596,undefined FUN_18138eff8(),ghidra,clean,
WHGame.dll,release_1_5_1164953_841,0x138f124,301,FUN_18138f124,,,7086f26c8fc72b570c291e02734b150a1a45e451f432a18ae714210fc458b919,undefined FUN_18138f124(),ghidra,clean,
WHGame.dll,release_1_5_1164953_841,0x138f254,52,FUN_18138f254,,,a22e24d2e58420cdef78e7e07498ab55b69b5eb0586e1ce2bcce85479c127839,undefined FUN_18138f254(),ghidra,clean,
WHGame.dll,release_1_5_1164953_841,0x138f288,84,FUN_18138f288,,,165b893b8112548fe7e8d242a562453f2a6649a3609f0cb4c4fa7ef10d71db4e,undefined FUN_18138f288(),ghidra,clean,
WHGame.dll,release_1_5_1164953_841,0x138f2dc,5,thunk_FUN_18138f3ec,,,9dfc0c0a5ca31d2a6f3fe3e1e8a4ac194b3463917e9dbe4030e34da2d0f8c4cd,undefined thunk_FUN_18138f3ec(),ghidra,clean,
WHGame.dll,release_1_5_1164953_841,0x138f2e4,5,thunk_FUN_18138f2ec,,,b0d40b133b9394d93820ac0104b0065121d2d73df32c7bfb4e4cf5d805a8b103,undefined thunk_FUN_18138f2ec(),ghidra,clean,
WHGame.dll,release_1_5_1164953_841,0x138f2ec,103,FUN_18138f2ec,,,7037894a342e2ef6f7a05aa09c243e985ed2eac47ab1f2b1e311d36bb87466e8,undefined FUN_18138f2ec(),ghidra,clean,
WHGame.dll,release_1_5_1164953_841,0x138f354,152,FUN_18138f354,,,f58e5cf76c610f6a49631ebe52a95ea0953ee7b1a229374d57ca941b75f15e01,undefined FUN_18138f354(),ghidra,clean,
WHGame.dll,release_1_5_1164953_841,0x138f3ec,234,FUN_18138f3ec,,,4f373342b0a92af99daf8cfa811e7b9ef2324e837de3a4c916fb2589924e40d0,undefined FUN_18138f3ec(),ghidra,clean,
WHGame.dll,release_1_5_1164953_841,0x138f4cc,193,FUN_18138f4cc,,,e6ea56b31c856e19196d6aa858d63244343412c7a8b19148fb51fc8597ab2b2e,undefined FUN_18138f4cc(),ghidra,clean,
WHGame.dll,release_1_5_1164953_841,0x138f590,198,FUN_18138f590,,,d0cd851746ab2a40de218f5f444afe6b87f6dfda15ef6a440b2437453e33cebc,undefined FUN_18138f590(),ghidra,clean,
WHGame.dll,release_1_5_1164953_841,0x138f658,52,FUN_18138f658,,,02f20aefe76679db7cc73f4223b8d14c6d3328ab3f095a8d5422f195f2f0951d,undefined FUN_18138f658(),ghidra,clean,
WHGame.dll,release_1_5_1164953_841,0x138f68c,84,FUN_18138f68c,,,1210df477842f590d8019c4082f328c70df3fbc49ce5c17a42a58b493341f0d3,undefined FUN_18138f68c(),ghidra,clean,
WHGame.dll,release_1_5_1164953_841,0x138f6e0,5,thunk_FUN_18138f6e8,,,b0d40b133b9394d93820ac0104b0065121d2d73df32c7bfb4e4cf5d805a8b103,undefined thunk_FUN_18138f6e8(),ghidra,clean,
WHGame.dll,release_1_5_1164953_841,0x138f6e8,234,FUN_18138f6e8,,,4b676d8ab9241efd65d6b4028a914fe053a49344468a84e576979faa3f92c733,undefined FUN_18138f6e8(),ghidra,clean,
WHGame.dll,release_1_5_1164953_841,0x138f7c8,107,FUN_18138f7c8,,,4f048d9731c0f9515d0a020618abef5db484738c9d3f6bdde3e042a627c0301c,undefined FUN_18138f7c8(),ghidra,clean,
WHGame.dll,release_1_5_1164953_841,0x138f834,5,thunk_FUN_18138f83c,,,b0d40b133b9394d93820ac0104b0065121d2d73df32c7bfb4e4cf5d805a8b103,undefined thunk_FUN_18138f83c(),ghidra,clean,
WHGame.dll,release_1_5_1164953_841,0x138f83c,103,FUN_18138f83c,,,0093ba0b67907ab1c6d261838194a517346095309d7060370e5b11f4fedce239,undefined FUN_18138f83c(),ghidra,clean,
WHGame.dll,release_1_5_1164953_841,0x138f8a4,152,FUN_18138f8a4,,,f4ba66983608573a62903a2b36388255f4bc160a3fbb022a8e5ced46c546a934,undefined FUN_18138f8a4(),ghidra,clean,
WHGame.dll,release_1_5_1164953_841,0x138f93c,193,FUN_18138f93c,,,3615ef5ed6145b4a273463397a5c8c1602d11ff1ba58fa6aa9e53b2ba5fa2e5b,undefined FUN_18138f93c(),ghidra,clean,
WHGame.dll,release_1_5_1164953_841,0x138fa00,198,FUN_18138fa00,,,779dce1ccfd03af4c75a79bc346712d9f7e9e33a175960949d262e478fb79669,undefined FUN_18138fa00(),ghidra,clean,
WHGame.dll,release_1_5_1164953_841,0x138fac8,61,FUN_18138fac8,,,265bf9253abbdc015ed8320683877dfde58e6f62f32cc1c8ef52390377a79891,undefined FUN_18138fac8(),ghidra,clean,
WHGame.dll,release_1_5_1164953_841,0x138fb08,100,FUN_18138fb08,,,716ce2de162f6f1a2ee2a91bdd297d076b7fe66e0f128fb53481ba11c4e73012,undefined FUN_18138fb08(),ghidra,clean,
WHGame.dll,release_1_5_1164953_841,0x138fb6c,431,FUN_18138fb6c,,,4e5fca10533dedd66101d859fdef2d1ec135df4ec63d48d91fc1cb1e7f55deb3,undefined FUN_18138fb6c(),ghidra,clean,
WHGame.dll,release_1_5_1164953_841,0x138fcc8,40,FUN_18138fcc8,,,1722f475a73d7faad9423c4ddcf07259738348307feb4155cb39d490c710de85,undefined FUN_18138fcc8(),ghidra,clean,
WHGame.dll,release_1_5_1164953_841,0x138fcf0,42,FUN_18138fcf0,,,1eb90b8886fb7e008a5c069e3409f0cd165cc3fd9757d178a173182b2e07e9b1,undefined FUN_18138fcf0(),ghidra,clean,
WHGame.dll,release_1_5_1164953_841,0x138fd1c,146,FUN_18138fd1c,,,74194294307c0d1146ffda509b2014f6f845fd63b64d4774120977bf93be27f6,undefined FUN_18138fd1c(),ghidra,clean,
WHGame.dll,release_1_5_1164953_841,0x138fdb0,61,FUN_18138fdb0,,,c7da196ead95e0eb807d7de8bc5be325d6103b13efb5f5b920c55c79a76f634e,undefined FUN_18138fdb0(),ghidra,clean,
WHGame.dll,release_1_5_1164953_841,0x138fdf0,431,FUN_18138fdf0,,,be273503fba0aacf961afef5323c86b254d8912c7fa90f8720797820810bbf21,undefined FUN_18138fdf0(),ghidra,clean,
WHGame.dll,release_1_5_1164953_841,0x138ff4c,40,FUN_18138ff4c,,,a9cfbd817083cd8ee6142ace5fb3d039f91aa5af99d28e07232d697c787e0fc2,undefined FUN_18138ff4c(),ghidra,clean,
WHGame.dll,release_1_5_1164953_841,0x138ff74,42,FUN_18138ff74,,,ef3bc3a34736a08677554e64d38e7a909137e2f3f8a30212a55ba9f24de3d2b5,undefined FUN_18138ff74(),ghidra,clean,
WHGame.dll,release_1_5_1164953_841,0x138ffa0,107,FUN_18138ffa0,,,99d637b72326a3b408d32d204c0887907f07b344b3f49c0d28f4c02e1111e5c7,undefined FUN_18138ffa0(),ghidra,clean,
WHGame.dll,release_1_5_1164953_841,0x139000c,100,FUN_18139000c,,,6f8a0e6582c4a57ef071e22be93a6318a15a66924f07cd6977495e92b63b33bc,undefined FUN_18139000c(),ghidra,clean,
WHGame.dll,release_1_5_1164953_841,0x1390070,108,FUN_181390070,,,64ad8fe3766c33ad626919b733608304da4e27efa4f0cd2a0a0fe3c9af90eb92,undefined FUN_181390070(),ghidra,clean,
WHGame.dll,release_1_5_1164953_841,0x13900dc,57,FUN_1813900dc,,,92d0981a7ada0b104e693259df1e89017304ed2f8d11f9e1b5b039cb5c6cfc3d,undefined FUN_1813900dc(),ghidra,clean,
WHGame.dll,release_1_5_1164953_841,0x1390118,73,FUN_181390118,,,3565f9eec76dd1616a95c55b189403826c095ca2a0795ae88e1b3c2850fa093f,undefined FUN_181390118(),ghidra,clean,
WHGame.dll,release_1_5_1164953_841,0x1390164,210,FUN_181390164,,,36ad7d197dc6b07d50366a15b9882c4d1852d3652b31aab8b881846a3dbf2a6c,undefined FUN_181390164(),ghidra,clean,
WHGame.dll,release_1_5_1164953_841,0x1390238,80,FUN_181390238,,,2e670f8888c85095ba818c327ad835c19a61e18e0c09c4d3b051885570ecfd7c,undefined FUN_181390238(),ghidra,clean,
WHGame.dll,release_1_5_1164953_841,0x1390288,103,FUN_181390288,,,10502df2895c998a2bd432c6a3baedd4861244dee3439bc0f51f7d5ef82a92af,undefined FUN_181390288(),ghidra,clean,
WHGame.dll,release_1_5_1164953_841,0x13902f0,35,FUN_1813902f0,,,966532a4f03a336f6e95e3820261522eed357a1a945ed2d1b32d9d1a2b150f02,undefined FUN_1813902f0(),ghidra,clean,
WHGame.dll,release_1_5_1164953_841,0x1390314,70,FUN_181390314,,,aa49ce7d98c3df9b34dac89042d619f6963895ecafae37fc29788326b9929fb1,undefined FUN_181390314(),ghidra,clean,
WHGame.dll,release_1_5_1164953_841,0x139035c,43,FUN_18139035c,,,340b20369ce042d1576dda24e1e9e0899534e656dd922302f1559ee31a100a51,undefined FUN_18139035c(),ghidra,clean,
WHGame.dll,release_1_5_1164953_841,0x1390390,43,FUN_181390390,,,159137a1bf7acacd770f147a51e7f2e61bdbaf15216fac69237eee21d047f21f,undefined FUN_181390390(),ghidra,clean,
WHGame.dll,release_1_5_1164953_841,0x13903bc,111,FUN_1813903bc,,,706ecbbea5083670324f608aa9c52c9b63c1b36146c4dc5871bf9f707912bc78,undefined FUN_1813903bc(),ghidra,clean,
WHGame.dll,release_1_5_1164953_841,0x139042c,55,FUN_18139042c,,,c6b87a97129b5c53a853c8a2e346cbfc5f189b31dde7f52e4bd3514ce01e20d5,undefined FUN_18139042c(),ghidra,clean,
WHGame.dll,release_1_5_1164953_841,0x1390454,118,FUN_181390454,,,96b39852689d9ad90203f297824f937007684e9168f48db51347e2fdcd90500e,undefined FUN_181390454(),ghidra,clean,
WHGame.dll,release_1_5_1164953_841,0x13904cc,130,FUN_1813904cc,,,64f7d7b780c8f254ef18d32c188dbbe9858cb96fdbaaf62d30e47bbee8520ee5,undefined FUN_1813904cc(),ghidra,clean,
WHGame.dll,release_1_5_1164953_841,0x1390550,43,FUN_181390550,,,90af219394f7707c4a9624c78fca03b8570f7392da6bfc7a1d77c78cae39d36e,undefined FUN_181390550(),ghidra,clean,
WHGame.dll,release_1_5_1164953_841,0x139057c,285,FUN_18139057c,,,693b00c06f47ac62152374251d7facb670efb4dc61bbfd6422d8425f6f716929,undefined FUN_18139057c(),ghidra,clean,
WHGame.dll,release_1_5_1164953_841,0x139061c,146,FUN_18139061c,,,ad1670b4a3c34de8b91f2b985c00a11304d741ce2ed2f67764fc76e4f2fc9b16,undefined FUN_18139061c(),ghidra,clean,
WHGame.dll,release_1_5_1164953_841,0x13906a4,161,FUN_1813906a4,,,89976d7965e7e5d523152eb86dfd374c6f8396bf61ba92b39a97d5d6fe8c491d,undefined FUN_1813906a4(),ghidra,clean,
WHGame.dll,release_1_5_1164953_841,0x1390748,139,FUN_181390748,,,89284b6f71e8a8a6adcf8bb3bbfc007d2d04fe2654bf6c409a56b41184de8f9d,undefined FUN_181390748(),ghidra,clean,
WHGame.dll,release_1_5_1164953_841,0x13907d4,175,FUN_1813907d4,,,ff77221debd6037438dc13a2d2688f5208c784f28700be94edda25dad4f1fae0,undefined FUN_1813907d4(),ghidra,clean,
WHGame.dll,release_1_5_1164953_841,0x1390884,238,FUN_181390884,,,9abbf90474ec65d526a322418d8e357a2a63bbfcc5fd9cf96d217675b12cae5c,undefined FUN_181390884(),ghidra,clean,
WHGame.dll,release_1_5_1164953_841,0x1390974,214,FUN_181390974,,,aefde3c1458d38127eb2f516c98df7499cce36ada1ce9c5e8e9d13e6900bd8c6,undefined FUN_181390974(),ghidra,clean,
WHGame.dll,release_1_5_1164953_841,0x1390a3c,277,FUN_181390a3c,,,931ec2f9eb383cb6528eed71f6caae0c612aa488d522934e02e31c2edf46d797,undefined FUN_181390a3c(),ghidra,clean,
WHGame.dll,release_1_5_1164953_841,0x1390b48,209,FUN_181390b48,,,4cfed89391dfda2cd2a436f082ef35837c410ae94ed0572dd237f21e85cd2234,undefined FUN_181390b48(),ghidra,clean,
WHGame.dll,release_1_5_1164953_841,0x1390c1c,101,FUN_181390c1c,,,5f82c25e2777fa199d3582c0d8eef1554efa04c101c80d7957cc8761e79b1541,undefined FUN_181390c1c(),ghidra,clean,
WHGame.dll,release_1_5_1164953_841,0x1390c84,158,FUN_181390c84,,,68f4b8572de080c82f21b022e77d3a114c84b1b016acddf9cf3a73b1b4c857f4,undefined FUN_181390c84(),ghidra,clean,
WHGame.dll,release_1_5_1164953_841,0x1390d22,82,FUN_181390d22,,,dcd990149356a1050fbe4636c61aec7ead0b3520e967d46f2b4f4536c9c5ea34,undefined FUN_181390d22(),ghidra,clean,
WHGame.dll,release_1_5_1164953_841,0x1390d74,33,FUN_181390d74,,,e1301cdf64b7941b31297b7f2a23c759acf582869c22b8849ab758920a5e7014,undefined FUN_181390d74(),ghidra,clean,
WHGame.dll,release_1_5_1164953_841,0x1390d98,238,FUN_181390d98,,,6b0794d7cc716a63e9b4ff063fe9eb3ad8b0d8bc3c97251540fae8f14572ce62,undefined FUN_181390d98(),ghidra,clean,
WHGame.dll,release_1_5_1164953_841,0x1390e88,214,FUN_181390e88,,,eb82c3c3f1c3adfd6ca0346e43842b77d29fcc5fbc294e5f6f32bf6d0627000a,undefined FUN_181390e88(),ghidra,clean,
WHGame.dll,release_1_5_1164953_841,0x1390f50,277,FUN_181390f50,,,4940a3dde4842f971490b8beb12c964facdcc57eb135db37e1bf507a921c7b66,undefined FUN_181390f50(),ghidra,clean,
WHGame.dll,release_1_5_1164953_841,0x139105c,209,FUN_18139105c,,,fd459abd2086ee45233ec4c07305fa3023f88cb013b39fed87a662f8f11db35a,undefined FUN_18139105c(),ghidra,clean,
WHGame.dll,release_1_5_1164953_841,0x1391130,11,FUN_181391130,,,603ea334b1458a24e2a2cda3bdb8c2ceae07afd906e91e7582d0fc9757ec8f88,undefined FUN_181391130(),ghidra,clean,
WHGame.dll,release_1_5_1164953_841,0x139113c,211,FUN_18139113c,,,763daa0f5523128c4f95eaef4902d2c0b4ffcdea02b0811a9b7e098bf45fe778,undefined FUN_18139113c(),ghidra,clean,
WHGame.dll,release_1_5_1164953_841,0x1391210,439,FUN_181391210,,,8ec79be92374eeeca18c719d87300865bd2f41346466fcbda8834248f1b65acf,undefined FUN_181391210(),ghidra,clean,
WHGame.dll,release_1_5_1164953_841,0x13913c8,57,FUN_1813913c8,,,3130170895f29b5cc552938b37c35f2436cc2094fc9cba8742542fb4e1ede325,undefined FUN_1813913c8(),ghidra,clean,
WHGame.dll,release_1_5_1164953_841,0x1391404,53,FUN_181391404,,,0faf054aa77ef2d41ce67909101d57f62293fb9db41073300c34b97a7ea59e9e,undefined FUN_181391404(),ghidra,clean,
WHGame.dll,release_1_5_1164953_841,0x139143c,215,FUN_18139143c,,,315c479156122f11413a6de57e48cab81819d44f478e307f504f6aad29cca41f,undefined FUN_18139143c(),ghidra,clean,
WHGame.dll,release_1_5_1164953_841,0x1391514,337,FUN_181391514,,,a63431fad2dd75f133df5f221b6b565d2e26a0b722f189d1f8952690759c34a2,undefined FUN_181391514(),ghidra,clean,
WHGame.dll,release_1_5_1164953_841,0x1391668,64,FUN_181391668,,,fe36339262acbb8c59eb4935d1b310ee5dbea78d2e6e4afb7eead6f5afa6c8a5,undefined FUN_181391668(),ghidra,clean,
WHGame.dll,release_1_5_1164953_841,0x13916a8,89,FUN_1813916a8,,,8747cae11a2fbb70c483db4afb9f9b657974f8b77f8389138c31a4269758c2c0,undefined FUN_1813916a8(),ghidra,clean,
WHGame.dll,release_1_5_1164953_841,0x1391704,146,FUN_181391704,,,954baa294ee5842c23f599092a1eb905a0d4e70018a38055fa3814af15e8f4f2,undefined FUN_181391704(),ghidra,clean,
WHGame.dll,release_1_5_1164953_841,0x1391798,53,FUN_181391798,,,97cd90868a0df4129f05f817d7953b1cb585183c3272057b42d16365c3c9c368,undefined FUN_181391798(),ghidra,clean,
WHGame.dll,release_1_5_1164953_841,0x13917d0,48,FUN_1813917d0,,,e46345216f9272c28ac828eca0a5818dea60a4a94bca722e415b69c0f25c170e,undefined FUN_1813917d0(),ghidra,clean,
WHGame.dll,release_1_5_1164953_841,0x13917ec,143,FUN_1813917ec,,,f0d6885099963e907197ddff79561868fec688119ffdedaaea625991bbf89467,undefined FUN_1813917ec(),ghidra,clean,
WHGame.dll,release_1_5_1164953_841,0x139187c,555,FUN_18139187c,,,d4cb63413d4169341aad1276de4145838471fd9aae3cfe123538cab91e40b416,undefined FUN_18139187c(),ghidra,clean,
WHGame.dll,release_1_5_1164953_841,0x1391aa8,152,FUN_181391aa8,,,826320938308ed252679480ae2db1f9a64bea7c42e54056e0eb4497a52ad255a,undefined FUN_181391aa8(),ghidra,clean,
WHGame.dll,release_1_5_1164953_841,0x1391b40,108,FUN_181391b40,,,11001156ceca8cd29c9a04c4fd3513ac4ff9fc66f5b06a1d39d8a0fa14f23437,undefined FUN_181391b40(),ghidra,clean,
WHGame.dll,release_1_5_1164953_841,0x1391bac,286,FUN_181391bac,,,594d1cac8170939fedf79d6bd4864c625e0860e597ce8a5eb56ede29899ab86d,undefined FUN_181391bac(),ghidra,clean,
WHGame.dll,release_1_5_1164953_841,0x1391cbc,130,FUN_181391cbc,,,072e5b268ead446fa223a93840be9dcd0d913d9d3461dc50151a4e08b4165121,undefined FUN_181391cbc(),ghidra,clean,
WHGame.dll,release_1_5_1164953_841,0x1391d40,52,FUN_181391d40,,,f6fa7fbaba8de7a4bcd90a92c744d29921fb50d4cc1f5894055b0034c8dab8a9,undefined FUN_181391d40(),ghidra,clean,
WHGame.dll,release_1_5_1164953_841,0x1391d74,141,FUN_181391d74,,,4fce4c4180cdb24b7b7c3603ec86c1cb471df244a5fd65c4a6764bb4e819e5fe,undefined FUN_181391d74(),ghidra,clean,
WHGame.dll,release_1_5_1164953_841,0x1391e04,63,FUN_181391e04,,,c9ec9f2e4301d3147c5afda7fc462978f0c0306b35096a4c88a7d1d4cf65c157,undefined FUN_181391e04(),ghidra,clean,
WHGame.dll,release_1_5_1164953_841,0x1391e44,169,FUN_181391e44,,,7739ff7aad9bee7683bef474ca6b434305bd0418f2e153e783e758a8294ad541,undefined FUN_181391e44(),ghidra,clean,
WHGame.dll,release_1_5_1164953_841,0x1391ef0,155,FUN_181391ef0,,,88b44870f0cea0a4e5c588acb8b2dfaa62f0af10562c284b9e9a7aae9bc12ca8,undefined FUN_181391ef0(),ghidra,clean,
WHGame.dll,release_1_5_1164953_841,0x1391f8c,291,FUN_181391f8c,,,83b2850e3d70c7a2150ac1975fcaf7d4fc61a3c250477e187efbe5f8fc6ca93e,undefined FUN_181391f8c(),ghidra,clean,
WHGame.dll,release_1_5_1164953_841,0x13920b0,155,FUN_1813920b0,,,f50572d3e03a88d46ed62653510b4b4ed905128a49323a67b8dd434e5d381197,undefined FUN_1813920b0(),ghidra,clean,
WHGame.dll,release_1_5_1164953_841,0x139214c,291,FUN_18139214c,,,3f612997d56a2994dfa8337f0a1fe70f8757a353f73b6c470b702268ccb85248,undefined FUN_18139214c(),ghidra,clean,
WHGame.dll,release_1_5_1164953_841,0x1392270,58,FUN_181392270,,,b5c2bbe566435fe61294aea9cf1fe59180c9bf57b7fcdb55da0507b6523e6e15,undefined FUN_181392270(),ghidra,clean,
WHGame.dll,release_1_5_1164953_841,0x13922ac,285,FUN_1813922ac,,,d21b8b1749b98f384e21bc350828fd419670d93cf85bf7802faa2cf00afc8865,undefined FUN_1813922ac(),ghidra,clean,
WHGame.dll,release_1_5_1164953_841,0x13922dc,26,FUN_1813922dc,,,819234953c91d716a341edb10dcca2267107efa13f78881bbca64f4a7a11eeca,undefined FUN_1813922dc(),ghidra,clean,
WHGame.dll,release_1_5_1164953_841,0x13922f8,155,FUN_1813922f8,,,faaeb1009946ea8529852573aab5f0fb89bacacc833911a24b12aa0c2ae97c52,undefined FUN_1813922f8(),ghidra,clean,
WHGame.dll,release_1_5_1164953_841,0x1392394,304,FUN_181392394,,,427a0192f338ff2949e0c398045e211a886a948996407fe6c9a98b5e3f0d22e2,undefined FUN_181392394(),ghidra,clean,
WHGame.dll,release_1_5_1164953_841,0x13924c4,335,FUN_1813924c4,,,7aa89cc6fb65a73d5020781175ce25130977969fec6f109a3659d971be91453c,undefined FUN_1813924c4(),ghidra,clean,
WHGame.dll,release_1_5_1164953_841,0x13925b2,8,FUN_1813925b2,,,d584cb1a2afef309eb33a9b90753d6c9a99b0c481366318ccddcba175a3b8c54,undefined FUN_1813925b2(),ghidra,clean,
WHGame.dll,release_1_5_1164953_841,0x13925c4,155,FUN_1813925c4,,,6c6ab853438fd88f8bf326c03d497e91f4c535000d05ba7a325c702ca1eb7e92,undefined FUN_1813925c4(),ghidra,clean,
WHGame.dll,release_1_5_1164953_841,0x1392660,155,FUN_181392660,,,e3d7e40ab8376ce54a7b6595b7286ccabc9cf6313db4455517723709e0829424,undefined FUN_181392660(),ghidra,clean,
WHGame.dll,release_1_5_1164953_841,0x13926fc,155,FUN_1813926fc,,,8368dfd64083eeb7cc21dad2169e15e8ac88acb6a88a60df3fd701f2b8c7029a,undefined FUN_1813926fc(),ghidra,clean,
WHGame.dll,release_1_5_1164953_841,0x1392798,240,FUN_181392798,,,3cd7abf3bb5fbafbd7b5886b27e7a934f6d28e500b85c00443887e1791ebf256,undefined FUN_181392798(),ghidra,clean,
WHGame.dll,release_1_5_1164953_841,0x1392888,18,FUN_181392888,,,fd35e06e2776474e3ed4282972629168dab4fade80e90716a0086103d50b2165,undefined FUN_181392888(),ghidra,clean,
WHGame.dll,release_1_5_1164953_841,0x139289c,298,FUN_18139289c,,,dc717e2e40f767c8655ba7ff78fbbe99b9d5991b65db8e807454745d708b827d,undefined FUN_18139289c(),ghidra,clean,
WHGame.dll,release_1_5_1164953_841,0x13929c8,301,FUN_1813929c8,,,412a73db8124c3cc3a60e6d23269c733d9d294332e52faf9f26fdec2452708c9,undefined FUN_1813929c8(),ghidra,clean,
WHGame.dll,release_1_5_1164953_841,0x1392af8,30,FUN_181392af8,,,2993386624525e8e0dca4e3df89438fe9489adcd97e72a1f87e94e3d34b256f1,undefined FUN_181392af8(),ghidra,clean,
WHGame.dll,release_1_5_1164953_841,0x1392b18,156,FUN_181392b18,,,aa6068ca0cbf93474b9469633061bc92a0c4746622cc5f2e03221faaa53cad7f,undefined FUN_181392b18(),ghidra,clean,
WHGame.dll,release_1_5_1164953_841,0x1392bb4,180,FUN_181392bb4,,,13a10a3e9f940183559748064ff08509af310b552b0250262cf0976f709f7822,undefined FUN_181392bb4(),ghidra,clean,
WHGame.dll,release_1_5_1164953_841,0x1392c68,55,FUN_181392c68,,,72845a0c268bac102f1878de74efa3328401b43845029744b9e81328f7e67f84,undefined FUN_181392c68(),ghidra,clean,
WHGame.dll,release_1_5_1164953_841,0x1392c9f,42,FUN_181392c9f,,,e43270249c6e9c8d65697d86a93a92766d2b850519fd73011dc5e8b0d363cf90,undefined FUN_181392c9f(),ghidra,clean,
WHGame.dll,release_1_5_1164953_841,0x1392cc9,62,FUN_181392cc9,,,cf37e2e72b45990905bfb48be0ec692b0782cb12bd4648b45ce8e75b33f62113,undefined FUN_181392cc9(),ghidra,clean,
WHGame.dll,release_1_5_1164953_841,0x1392d08,215,FUN_181392d08,,,a233d5605ba2c4e69f331e3536c33c2c707b1ed91131200294844f2a4fe652f5,undefined FUN_181392d08(),ghidra,clean,
WHGame.dll,release_1_5_1164953_841,0x1392de0,211,FUN_181392de0,,,7b66fea6900371b36c993c79fb7e046b686a2a9bef5155002117d916ee871e1b,undefined FUN_181392de0(),ghidra,clean,
WHGame.dll,release_1_5_1164953_841,0x1392eb4,75,FUN_181392eb4,,,ae90c73e7af1407864e1c212a70f4b6a1b101ff4e6846002dfc0c17d065ac525,undefined FUN_181392eb4(),ghidra,clean,
WHGame.dll,release_1_5_1164953_841,0x1392f00,42,FUN_181392f00,,,89806f3e6e1e73039f55719d127de3e5168e794632bb2fe5b203a2ecd915a453,undefined FUN_181392f00(),ghidra,clean,
WHGame.dll,release_1_5_1164953_841,0x1392f2c,9,FUN_181392f2c,,,7ecaaae93d2650b659e23482bca451a79da6668e77e15b3efecdb799fa353ef1,undefined FUN_181392f2c(),ghidra,clean,
WHGame.dll,release_1_5_1164953_841,0x1392f38,75,FUN_181392f38,,,d282f5c6bdd01667a9954a4a7c58bbb41ae33e24a64e14a14362dc786f86a8c8,undefined FUN_181392f38(),ghidra,clean,
WHGame.dll,release_1_5_1164953_841,0x1392f84,302,FUN_181392f84,,,000324b0e9cd672a6a936101436ad1e0714331771fb6779526a2fe4c01c24d34,undefined FUN_181392f84(),ghidra,clean,
WHGame.dll,release_1_5_1164953_841,0x1392fd8,76,FUN_181392fd8,,,487c63d31ea0079c3648580a0a004b1c6892aeb32a3e54d91e7e873d06438348,undefined FUN_181392fd8(),ghidra,clean,
WHGame.dll,release_1_5_1164953_841,0x1393024,67,FUN_181393024,,,7c4af0e6be05ef1b7975b9f828a554931ace8a7d87b7d8261338cf1fb910efa0,undefined FUN_181393024(),ghidra,clean,
WHGame.dll,release_1_5_1164953_841,0x1393068,31,FUN_181393068,,,8ebeba9767fa0f808ceecc569a8c97d7973b92f6199f732d58e85e917e4108ea,undefined FUN_181393068(),ghidra,clean,
WHGame.dll,release_1_5_1164953_841,0x1393088,105,FUN_181393088,,,311444579dd29302e175af441d2a4a0750a4bb05d65580f59fa64a05088ed419,undefined FUN_181393088(),ghidra,clean,
WHGame.dll,release_1_5_1164953_841,0x13930f4,120,FUN_1813930f4,,,69916cbaa541c4efd5ea6f46b97f8e3cc4bf0b7579be8d034dff43e178560727,undefined FUN_1813930f4(),ghidra,clean,
WHGame.dll,release_1_5_1164953_841,0x139316c,264,FUN_18139316c,,,767f37b6d93105147a609013db8ee08fd68c14a6eeb8102052232d088f10a2b3,undefined FUN_18139316c(),ghidra,clean,
WHGame.dll,release_1_5_1164953_841,0x1393274,114,FUN_181393274,,,a8d5fccfb4d8d3860b2bb8d696f2c6e2c7c774c7f6116f2345c7be3857296fa2,undefined FUN_181393274(),ghidra,clean,
WHGame.dll,release_1_5_1164953_841,0x13932e8,130,FUN_1813932e8,,,e1fcf36575682b34e9274f3a766f94b55179fdbf67d5313f77e2738ad3d40309,undefined FUN_1813932e8(),ghidra,clean,
WHGame.dll,release_1_5_1164953_841,0x139336c,355,FUN_18139336c,,,82d4a39f07303a59d46f8811579d154c72137a7c54ca94b56305ddc6e0ae6bf8,undefined FUN_18139336c(),ghidra,clean,
WHGame.dll,release_1_5_1164953_841,0x13934d0,99,FUN_1813934d0,,,3061d19b43223335054f447b817f67ba6efe4a322be8c11210a7f43103b62795,undefined FUN_1813934d0(),ghidra,clean,
WHGame.dll,release_1_5_1164953_841,0x1393534,339,FUN_181393534,,,c398ae857a8344d347ea61eac2ae99ac51df8fd3d940fa70484f8c726056af57,undefined FUN_181393534(),ghidra,clean,
WHGame.dll,release_1_5_1164953_841,0x1393688,356,FUN_181393688,,,e8508008db8000a227a7368872c58724ee6afea7aee3506907ed1eb87c876a15,undefined FUN_181393688(),ghidra,clean,
WHGame.dll,release_1_5_1164953_841,0x13937ec,318,FUN_1813937ec,,,49b8a07d000fd8d9b2bc2166d93fa3b3e2b3166bbcbe8f7921687b7f9609cbc6,undefined FUN_1813937ec(),ghidra,clean,
WHGame.dll,release_1_5_1164953_841,0x139392c,339,FUN_18139392c,,,e8d14adcf03eae54a0c7157938cf0eb5117654960136bbbd3c1b4d61b8e60b60,undefined FUN_18139392c(),ghidra,clean,
WHGame.dll,release_1_5_1164953_841,0x1393a80,92,FUN_181393a80,,,c61a8573a752b8f91e78461117c956b8c77f12c1cd531065443f4f9a6bb3608b,undefined FUN_181393a80(),ghidra,clean,
WHGame.dll,release_1_5_1164953_841,0x1393adc,64,FUN_181393adc,,,a531bb0dfea6d2a669541e7747b027b3c3d5af4d7df2439b2b4b7f337bee1567,undefined FUN_181393adc(),ghidra,clean,
WHGame.dll,release_1_5_1164953_841,0x1393b1c,143,FUN_181393b1c,,,092055ef2112ce24ea3726322d6192e1667e0996cca683b88018e13272fd87cf,undefined FUN_181393b1c(),ghidra,clean,
WHGame.dll,release_1_5_1164953_841,0x1393bac,62,FUN_181393bac,,,1d9ae4cce9f4f2fa289d6c2680cffa5396940c3b81dd6730a267f23f5fd71174,undefined FUN_181393bac(),ghidra,clean,
WHGame.dll,release_1_5_1164953_841,0x1393bd8,46,FUN_181393bd8,,,0886edd9e05cc5d239cd979bf1f17d85384e18aa9947501904146dbb4cd01d65,undefined FUN_181393bd8(),ghidra,clean,
WHGame.dll,release_1_5_1164953_841,0x1393c08,80,FUN_181393c08,,,a2977cf675bb99ce96f31a4740389ccb11834915266d5b9a12b574da110689fd,undefined FUN_181393c08(),ghidra,clean,
WHGame.dll,release_1_5_1164953_841,0x1393c58,85,FUN_181393c58,,,02bbb275d95ed52e1d8e0d3d03275b0fd874f7a4afe94c28d47a4f0c2fca0ded,undefined FUN_181393c58(),ghidra,clean,
WHGame.dll,release_1_5_1164953_841,0x1393c8c,29,FUN_181393c8c,,,0ff9a9ee9aef765f611000d0a4b9ed6d714fedfcfa5b3a857d18cfb86bfe1e61,undefined FUN_181393c8c(),ghidra,clean,
WHGame.dll,release_1_5_1164953_841,0x1393cac,155,FUN_181393cac,,,529e320d080fe1021ae9a3b8e3c83d42032e52a0a7cfe2911f3638428e87c2b0,undefined FUN_181393cac(),ghidra,clean,
WHGame.dll,release_1_5_1164953_841,0x1393d48,291,FUN_181393d48,,,9c4faef3b1723940ab7b24a1868cb5e4b18674d929358fcb83dbc8f3f477222e,undefined FUN_181393d48(),ghidra,clean,
WHGame.dll,release_1_5_1164953_841,0x1393e70,8,FUN_181393e70,,,26c1743543601294456a1c59c1e0d67c95fdfa8675e8cf60d0a8b469f10387d6,undefined FUN_181393e70(),ghidra,clean,
WHGame.dll,release_1_5_1164953_841,0x1393e78,30,FUN_181393e78,,,a26a70e2f4ecf722e4a99ffd2d3245d6da167a5ec4d5ccdf2a158cff9dff2e29,undefined FUN_181393e78(),ghidra,clean,
WHGame.dll,release_1_5_1164953_841,0x1393e98,59,FUN_181393e98,,,1bc7f205dfd25e4ba48b8a5cc0995994e07f05ccc90277b623a3aa68cf16e73e,undefined FUN_181393e98(),ghidra,clean,
WHGame.dll,release_1_5_1164953_841,0x1393ed4,393,FUN_181393ed4,,,501e85762a7bd1ab6ad55e3e89a1215a2fd791a0865b695a816e427c05f72e4c,undefined FUN_181393ed4(),ghidra,clean,
WHGame.dll,release_1_5_1164953_841,0x1394060,140,FUN_181394060,,,a619b5ed43aabbcdebfaede748e6071945bcd5eb7d3b0f85a720d553ccfe6a28,undefined FUN_181394060(),ghidra,clean,
WHGame.dll,release_1_5_1164953_841,0x13940ec,51,FUN_1813940ec,,,5c76d31475c6ebea39a812d708e37d5f54f2722b75e19221497cfb9fc6b2fdff,undefined FUN_1813940ec(),ghidra,clean,
WHGame.dll,release_1_5_1164953_841,0x1394120,100,FUN_181394120,,,4dfbbfa6fd9ac7c976352e557ae772a6d073b4abdf4da9a16b6db47ac049b3ff,undefined FUN_181394120(),ghidra,clean,
WHGame.dll,release_1_5_1164953_841,0x1394184,108,FUN_181394184,,,e262a40696afbc7edfe170369fdc3a80f17c162fabe251aa27d458c0440c696d,undefined FUN_181394184(),ghidra,clean,
WHGame.dll,release_1_5_1164953_841,0x13941f0,212,FUN_1813941f0,,,7bbee7b7eeb5a5ed6110f7b4cd71a04fc6838a6178182ead69e526ad2328caf2,undefined FUN_1813941f0(),ghidra,clean,
WHGame.dll,release_1_5_1164953_841,0x13942a8,142,FUN_1813942a8,,,93930f6e745374e6126272ab1efee4bd9b8448add3140d5b13bae89461057e53,undefined FUN_1813942a8(),ghidra,clean,
WHGame.dll,release_1_5_1164953_841,0x1394338,5,thunk_FUN_181394340,,,b0d40b133b9394d93820ac0104b0065121d2d73df32c7bfb4e4cf5d805a8b103,undefined thunk_FUN_181394340(),ghidra,clean,
WHGame.dll,release_1_5_1164953_841,0x1394340,223,FUN_181394340,,,9485f99fff103359d24a0840afebc5f357deee8721e170fe211257d8cef4f037,undefined FUN_181394340(),ghidra,clean,
WHGame.dll,release_1_5_1164953_841,0x1394418,147,FUN_181394418,,,38849441f3a18f862d91ff16050151ef24e74efe0bf13946613d446a04f6eb98,undefined FUN_181394418(),ghidra,clean,
WHGame.dll,release_1_5_1164953_841,0x13944ac,5,thunk_FUN_1813944b4,,,b0d40b133b9394d93820ac0104b0065121d2d73df32c7bfb4e4cf5d805a8b103,undefined thunk_FUN_1813944b4(),ghidra,clean,
WHGame.dll,release_1_5_1164953_841,0x13944b4,103,FUN_1813944b4,,,b1491e549a1cbc01e6524d05a8c92c05bce5dcb26d97ed0b802f5bf6b4d92582,undefined FUN_1813944b4(),ghidra,clean,
WHGame.dll,release_1_5_1164953_841,0x139451c,211,FUN_18139451c,,,d213bdf7e583e48636a0d8173ad23b84aebef57dece8610ea48e2414aee74098,undefined FUN_18139451c(),ghidra,clean,
WHGame.dll,release_1_5_1164953_841,0x13945c8,144,FUN_1813945c8,,,06fd413498346a9fe258f1c1cb9bf67828c9ff9e5384f6480f9bc098e0699ba8,undefined FUN_1813945c8(),ghidra,clean,
WHGame.dll,release_1_5_1164953_841,0x1394658,42,FUN_181394658,,,97a1bca15f48e0299b72f3e0e7675d6655e675eeac8d5cf67a19f2bf1beee267,undefined FUN_181394658(),ghidra,clean,
WHGame.dll,release_1_5_1164953_841,0x1394684,68,FUN_181394684,,,6ce0167721cc12d2f967d10f657d313163a838eafe8c5893977ea891b205cc84,undefined FUN_181394684(),ghidra,clean,
WHGame.dll,release_1_5_1164953_841,0x13946c8,150,FUN_1813946c8,,,28d56a349052dda54b0e558a632a8333e8c4bd2284a3bb03f7128c9b7aa823c1,undefined FUN_1813946c8(),ghidra,clean,
WHGame.dll,release_1_5_1164953_841,0x1394760,147,FUN_181394760,,,47f06477534f53f7f7488dbd1f67e569676587875f0fbfd499d32b17149f1ded,undefined FUN_181394760(),ghidra,clean,
WHGame.dll,release_1_5_1164953_841,0x13947f4,5,thunk_FUN_1813947fc,,,b0d40b133b9394d93820ac0104b0065121d2d73df32c7bfb4e4cf5d805a8b103,undefined thunk_FUN_1813947fc(),ghidra,clean,
WHGame.dll,release_1_5_1164953_841,0x13947fc,103,FUN_1813947fc,,,bf6f07b4d703d97cb205deef8a26676643984e2492f3e00ded6176c473e223d2,undefined FUN_1813947fc(),ghidra,clean,
WHGame.dll,release_1_5_1164953_841,0x1394864,211,FUN_181394864,,,d633dc584da36ca4896c3afe3d26b7c449d01f1ef64348ab116ca48c5a37cb0f,undefined FUN_181394864(),ghidra,clean,
WHGame.dll,release_1_5_1164953_841,0x1394910,144,FUN_181394910,,,7356d99a0d7c942e2035df27b961284d0514123ffb224a8c12319f94b84308a7,undefined FUN_181394910(),ghidra,clean,
WHGame.dll,release_1_5_1164953_841,0x13949a0,42,FUN_1813949a0,,,f5754bbc4c5bfb5f4a2798a223b6571f16fb82a438564692ce0db76102446f8b,undefined FUN_1813949a0(),ghidra,clean,
WHGame.dll,release_1_5_1164953_841,0x13949cc,68,FUN_1813949cc,,,4b417b474173e73888e4cc5084eeee6c6be7dbc273a1bfd568f58af4984dd200,undefined FUN_1813949cc(),ghidra,clean,
WHGame.dll,release_1_5_1164953_841,0x1394a10,132,FUN_181394a10,,,0d0ce1d69d43162072e949272afade3fe90b769d0f007facba24e18ec79d2890,undefined FUN_181394a10(),ghidra,clean,
WHGame.dll,release_1_5_1164953_841,0x1394a94,53,FUN_181394a94,,,44d3b3f813fd6da39ba26cd39ac4d3324805a48d3857bf336a2efb055e7c977c,undefined FUN_181394a94(),ghidra,clean,
WHGame.dll,release_1_5_1164953_841,0x1394acc,431,FUN_181394acc,,,87b5fd089495ac729117b93e70409dc4773bddc3eadcd6977689d49c1268da06,undefined FUN_181394acc(),ghidra,clean,
WHGame.dll,release_1_5_1164953_841,0x1394c28,40,FUN_181394c28,,,249045ea5a699516b0dd60e9f95e0de03b303d4449dfc85c31e5c13d8a44a661,undefined FUN_181394c28(),ghidra,clean,
WHGame.dll,release_1_5_1164953_841,0x1394c50,42,FUN_181394c50,,,68d0c76ab4a63316f3c6734b871d3371770af04a4ab488c8f0fa498fa6fd3d9e,undefined FUN_181394c50(),ghidra,clean,
WHGame.dll,release_1_5_1164953_841,0x1394c7c,100,FUN_181394c7c,,,1d7f2ea6db8fcda56e72a69d1307aaa04b9b4fe35c4d9b149225c0d8f08a417c,undefined FUN_181394c7c(),ghidra,clean,
WHGame.dll,release_1_5_1164953_841,0x1394ce0,53,FUN_181394ce0,,,834cda9ba04e401847400b9b58b4f94e0487cf39dd230c311b0f979e74b68ace,undefined FUN_181394ce0(),ghidra,clean,
WHGame.dll,release_1_5_1164953_841,0x1394d18,417,FUN_181394d18,,,6de235962450fa3a6e7f71e4e2196eabae38630002a6a7f7fe70754354f97086,undefined FUN_181394d18(),ghidra,clean,
WHGame.dll,release_1_5_1164953_841,0x1394e38,40,FUN_181394e38,,,446a0d1e7488e6935f2b11ea4656ab0d9aba66c37e1c25b10ca83a2285f034b1,undefined FUN_181394e38(),ghidra,clean,
WHGame.dll,release_1_5_1164953_841,0x1394e60,42,FUN_181394e60,,,c258b7dd13ed30fc8eab67541ec0df475bff2c5ae58a604e349bb532ed1b8602,undefined FUN_181394e60(),ghidra,clean,
WHGame.dll,release_1_5_1164953_841,0x1394e8c,328,FUN_181394e8c,,,182d331c78505f9137762b79b1e6362751f1de09babce5857bafc4187ee90341,undefined FUN_181394e8c(),ghidra,clean,
WHGame.dll,release_1_5_1164953_841,0x1394fd8,100,FUN_181394fd8,,,170f8f5e69bd3f07e35556cb02c1798bc1908f1c5b4298963fbf26531aa16181,undefined FUN_181394fd8(),ghidra,clean,
WHGame.dll,release_1_5_1164953_841,0x139503c,328,FUN_18139503c,,,bc12b544faf68011af386e7c49938ccfaed368d62483052cb38fd639c7c3b508,undefined FUN_18139503c(),ghidra,clean,
WHGame.dll,release_1_5_1164953_841,0x1395188,100,FUN_181395188,,,15b294c5b33a8b426f83569f669ec58d00eb781621374e0b3987d3162f7ce8f1,undefined FUN_181395188(),ghidra,clean,
WHGame.dll,release_1_5_1164953_841,0x13951ec,45,FUN_1813951ec,,,f09c68861b3628064e7b4248920c8c2e5d279999be0c0dc26e73877a74b2ce7e,undefined FUN_1813951ec(),ghidra,clean,
WHGame.dll,release_1_5_1164953_841,0x139521c,88,FUN_18139521c,,,d804df929d3ec89732c6b62b604b5be054fcce4ba2d1e9c5fec1d8ed296324cf,undefined FUN_18139521c(),ghidra,clean,
WHGame.dll,release_1_5_1164953_841,0x1395274,229,FUN_181395274,,,391b6f3e632e9fb5aa234755eec27c15e613f004f0b398cdda370c8dcfc692db,undefined FUN_181395274(),ghidra,clean,
WHGame.dll,release_1_5_1164953_841,0x1395314,448,FUN_181395314,,,be5a68b526a2f3792b9737eb39caf495def90ca7b3dcddab401176158099bc29,undefined FUN_181395314(),ghidra,clean,
WHGame.dll,release_1_5_1164953_841,0x1395408,210,FUN_181395408,,,d80ee8117a542ebbd095090f7295641c837f306ae92cc561eec6fed6e755bbcf,undefined FUN_181395408(),ghidra,clean,
WHGame.dll,release_1_5_1164953_841,0x13954ac,146,FUN_1813954ac,,,f686e7a2b4acd289e0b466baa2a88f4247ba31b20e971d713b7c0d41ec493616,undefined FUN_1813954ac(),ghidra,clean,
WHGame.dll,release_1_5_1164953_841,0x1395540,26,FUN_181395540,,,819234953c91d716a341edb10dcca2267107efa13f78881bbca64f4a7a11eeca,undefined FUN_181395540(),ghidra,clean,
WHGame.dll,release_1_5_1164953_841,0x139555c,155,FUN_18139555c,,,3da6b62153f42eb7ffeb6dda636052e6c9d1468129342fc4062f25ba89b854d4,undefined FUN_18139555c(),ghidra,clean,
WHGame.dll,release_1_5_1164953_841,0x13955f8,304,FUN_1813955f8,,,678bf967613df4226e539dc9a0735a7e33eeb007d86b06fe02713ca94b39d6e5,undefined FUN_1813955f8(),ghidra,clean,
WHGame.dll,release_1_5_1164953_841,0x1395728,335,FUN_181395728,,,a6141fcde45e96aef179d9fd895f6641865ecefd7860e7dc392935f2018861ce,undefined FUN_181395728(),ghidra,clean,
WHGame.dll,release_1_5_1164953_841,0x1395816,8,FUN_181395816,,,d584cb1a2afef309eb33a9b90753d6c9a99b0c481366318ccddcba175a3b8c54,undefined FUN_181395816(),ghidra,clean,
WHGame.dll,release_1_5_1164953_841,0x1395828,155,FUN_181395828,,,8f556f5e4dd71aaf17342e1ceec8b2247e683a942f6f172b2530322b13b80cff,undefined FUN_181395828(),ghidra,clean,
WHGame.dll,release_1_5_1164953_841,0x13958c4,155,FUN_1813958c4,,,757f9fb7e646aa1df61d0230f16ae3f5489a57df0488b9eeb8d217fab52271c4,undefined FUN_1813958c4(),ghidra,clean,
WHGame.dll,release_1_5_1164953_841,0x1395960,155,FUN_181395960,,,e56bc54915c07b0495b5456f5a85ba5b3145eaefbb560d7248c38af76ab3bb17,undefined FUN_181395960(),ghidra,clean,
WHGame.dll,release_1_5_1164953_841,0x13959fc,298,FUN_1813959fc,,,05f1cfb529b99bcd34856d2406ca518d008a896b4468a784d679aa34af5dcc9f,undefined FUN_1813959fc(),ghidra,clean,
WHGame.dll,release_1_5_1164953_841,0x1395b28,301,FUN_181395b28,,,f18b3861cd1b41070b1d97a18f39eb0caf6c5503e5ab23d08a1b32348e7931c8,undefined FUN_181395b28(),ghidra,clean,
WHGame.dll,release_1_5_1164953_841,0x1395c58,298,FUN_181395c58,,,57877afc754002af5d27098d5fa66462070d1ce217763fcaea228b1bf97db04a,undefined FUN_181395c58(),ghidra,clean,
WHGame.dll,release_1_5_1164953_841,0x1395d84,169,FUN_181395d84,,,8525cb7ce8a8cc7c0c2e261bb47706871b8e1318da90ad9de2eced5811170abd,undefined FUN_181395d84(),ghidra,clean,
WHGame.dll,release_1_5_1164953_841,0x1395e30,552,FUN_181395e30,,,d70eb8695d5ede360b856d1b703fade7f664cde496d5010335c149ba918cf4b1,undefined FUN_181395e30(),ghidra,clean,
WHGame.dll,release_1_5_1164953_841,0x1396058,230,FUN_181396058,,,9fd403d8c994eba960efc1d7a703dc30b17244e3d844af427b34d93d1f5c3f6a,undefined FUN_181396058(),ghidra,clean,
WHGame.dll,release_1_5_1164953_841,0x1396140,298,FUN_181396140,,,397b771e1413cff55a7b93137030a9dc6d865b16b16582df71f3543912bc84b4,undefined FUN_181396140(),ghidra,clean,
WHGame.dll,release_1_5_1164953_841,0x139626c,57,FUN_18139626c,,,4980c4afe9024d0fb4e302685e460922a0bdac744ad28ef5eb470431b0b7d341,undefined FUN_18139626c(),ghidra,clean,
WHGame.dll,release_1_5_1164953_841,0x13962a8,100,FUN_1813962a8,,,76700aca4884ce989b8b65df2952155172519416b3bea2a3dccd9338ada3b6b6,undefined FUN_1813962a8(),ghidra,clean,
WHGame.dll,release_1_5_1164953_841,0x139630c,80,FUN_18139630c,,,3205474e835de2a143beec5758f5640c34b0fb16d65e829bf0c26c387ec1d48e,undefined FUN_18139630c(),ghidra,clean,
WHGame.dll,release_1_5_1164953_841,0x139635c,670,FUN_18139635c,,,8630caa03b1f8b0bfc0dd394f365284fd958e36f5d795e0eb09308b0a45531e5,undefined FUN_18139635c(),ghidra,clean,
WHGame.dll,release_1_5_1164953_841,0x13965fc,43,FUN_1813965fc,,,353ed0508b82f00c92a7c59f6bf4d5dbfd4e7ed3237a974b335495483ed040c1,undefined FUN_1813965fc(),ghidra,clean,
WHGame.dll,release_1_5_1164953_841,0x1396628,132,FUN_181396628,,,4122092bd00468f903a1556ab8af152e1582a3b2a281ca6a10ec9a3099f80ae2,undefined FUN_181396628(),ghidra,clean,
WHGame.dll,release_1_5_1164953_841,0x13966ac,198,FUN_1813966ac,,,ad3ad3251b8094a598b8e8b45fccebe4207ca5f1fdca4849b9cab230d7f8ae0e,undefined FUN_1813966ac(),ghidra,clean,
WHGame.dll,release_1_5_1164953_841,0x1396774,304,FUN_181396774,,,47260456f5c007cfdd7a9d66e1c3491a00a884bb2c1fc226fb1507130b99214e,undefined FUN_181396774(),ghidra,clean,
WHGame.dll,release_1_5_1164953_841,0x13968a4,241,FUN_1813968a4,,,a8da8e8d3780f087c3df33c2dcf604d1eaa07ca3997beff733e9ca21f2438db6,undefined FUN_1813968a4(),ghidra,clean,
WHGame.dll,release_1_5_1164953_841,0x1396998,285,FUN_181396998,,,e4a69115c103b1940274c6168df61e0fb114cbe41f7689888c47baaff1ff7e3b,undefined FUN_181396998(),ghidra,clean,
WHGame.dll,release_1_5_1164953_841,0x1396a38,90,FUN_181396a38,,,2e3fd7083200279073faf4e10394b9ca9faec040664662f9ee98826d655e70eb,undefined FUN_181396a38(),ghidra,clean,
WHGame.dll,release_1_5_1164953_841,0x1396a94,78,FUN_181396a94,,,5b1459856eb7c1edb8de11d1abbd228dea54638d4205f817c50a01826e4ceb49,undefined FUN_181396a94(),ghidra,clean,
WHGame.dll,release_1_5_1164953_841,0x1396ae4,146,FUN_181396ae4,,,6b8b6eaff2f0dda18f77976df335e7a4f596e6c20bd99df1d2a6c6a823661c24,undefined FUN_181396ae4(),ghidra,clean,
WHGame.dll,release_1_5_1164953_841,0x1396b6c,161,FUN_181396b6c,,,d456cb0b3b59628f37aa71095b13960974c8e5e181ef8160ad0495e0bd692674,undefined FUN_181396b6c(),ghidra,clean,
WHGame.dll,release_1_5_1164953_841,0x1396c10,139,FUN_181396c10,,,f33a3c1468f848e28e54dd0ff3b8076b33a5c1f410a8d8e914968112abf125ba,undefined FUN_181396c10(),ghidra,clean,
WHGame.dll,release_1_5_1164953_841,0x1396c9c,175,FUN_181396c9c,,,8671cd4acc1cb7c8d0b81d3857b5c6e0c59e82dc36b192bafc3bd6f2aa750977,undefined FUN_181396c9c(),ghidra,clean,
WHGame.dll,release_1_5_1164953_841,0x1396d4c,231,FUN_181396d4c,,,93f21010be7124ba63781efb4027a3e2931489bd781381a62073e5dcf9e50876,undefined FUN_181396d4c(),ghidra,clean,
WHGame.dll,release_1_5_1164953_841,0x1396e34,284,FUN_181396e34,,,5323f7e81fc6b9ce3e572054a0951f74e705f3e1f5e8d86501324cadae6a064d,undefined FUN_181396e34(),ghidra,clean,
WHGame.dll,release_1_5_1164953_841,0x1396f44,251,FUN_181396f44,,,7d1c4b57463ee55c6f5a574128a8522c998cff0a8e0c12f15bc92b59c1bb8ac2,undefined FUN_181396f44(),ghidra,clean,
WHGame.dll,release_1_5_1164953_841,0x1397040,233,FUN_181397040,,,efa3d4b14031aedda937756f6dc590a728978da71e6f815237b0eb7131ca0071,undefined FUN_181397040(),ghidra,clean,
WHGame.dll,release_1_5_1164953_841,0x139712c,52,FUN_18139712c,,,adbe006c1e90a8b2b477c1279b0226ac0cc8504d19dc274d99d0dfe96c96b064,undefined FUN_18139712c(),ghidra,clean,
WHGame.dll,release_1_5_1164953_841,0x1397160,136,FUN_181397160,,,be25bca439b76fe7f5173296607a0ddec9b79899d2d84d3d2ac5be919d3a96ad,undefined FUN_181397160(),ghidra,clean,
WHGame.dll,release_1_5_1164953_841,0x13971e8,62,FUN_1813971e8,,,ee8167a584a364c8fa35301e1a14ea52dce4cc5ae159f7328bd643adeec48c70,undefined FUN_1813971e8(),ghidra,clean,
WHGame.dll,release_1_5_1164953_841,0x1397228,107,FUN_181397228,,,fc989ce76c80111bd6e7809c919a9d363375d4319d4e0c9caef16e77e089b912,undefined FUN_181397228(),ghidra,clean,
WHGame.dll,release_1_5_1164953_841,0x1397294,30,FUN_181397294,,,7edea325a8e4a5782a89f135cfb298dc81abe1ae1ea632304352c74c4d9b19dc,undefined FUN_181397294(),ghidra,clean,
WHGame.dll,release_1_5_1164953_841,0x13972b4,52,FUN_1813972b4,,,ec9b2d069f381bf60f6d05186184f0ae6b41eb9c9830886ae5a570be619db67c,undefined FUN_1813972b4(),ghidra,clean,
WHGame.dll,release_1_5_1164953_841,0x13972e8,46,FUN_1813972e8,,,c926d56b7e3311d20ad0c8f37492074a304cff2f8f0c2d4aaca0fb94ba89ff57,undefined FUN_1813972e8(),ghidra,clean,
WHGame.dll,release_1_5_1164953_841,0x1397318,109,FUN_181397318,,,f959e5a5e2608ec503ac21b81e44b2ce0423c926a0d9cdd45af8e734ff53fbdf,undefined FUN_181397318(),ghidra,clean,
WHGame.dll,release_1_5_1164953_841,0x1397374,52,FUN_181397374,,,f50e4082401461775190258a76079f3167a663694cb5a601171f0f5a69677761,undefined FUN_181397374(),ghidra,clean,
WHGame.dll,release_1_5_1164953_841,0x13973a8,103,FUN_1813973a8,,,875aa65d492b448ee74d19913c30997daf48d89e84c6e8fb0dd6752664047621,undefined FUN_1813973a8(),ghidra,clean,
WHGame.dll,release_1_5_1164953_841,0x1397410,121,FUN_181397410,,,0f3421befc553957d40f2fdcc0bb2f098fe90fcc555d4bdc4207d02598f219f9,undefined FUN_181397410(),ghidra,clean,
WHGame.dll,release_1_5_1164953_841,0x139748c,26,FUN_18139748c,,,408a45921400e37d7cc4180628a4f6540ab8cf915b3274c336e766c1bebe2778,undefined FUN_18139748c(),ghidra,clean,
WHGame.dll,release_1_5_1164953_841,0x13974a8,151,FUN_1813974a8,,,cd6fa8823084584edae7a4f29929bdd8a7205582429a93871e9c020eb6e704cc,undefined FUN_1813974a8(),ghidra,clean,
WHGame.dll,release_1_5_1164953_841,0x1397540,958,FUN_181397540,,,bbd8f811d9c2092143ac64dd565a7eedbbd38dd64831574e9ef0aa358e82a393,undefined FUN_181397540(),ghidra,clean,
WHGame.dll,release_1_5_1164953_841,0x1397900,23,FUN_181397900,,,4a2215c3e820937481093c41c3a2c4fdd1b034767afb06c5e8afd475b2e2dc6a,undefined FUN_181397900(),ghidra,clean,
WHGame.dll,release_1_5_1164953_841,0x1397918,155,FUN_181397918,,,496858744d9c55ec7c1f442fb304e8840ba2f3d1bddcfaba82172ed2c9ea1b3a,undefined FUN_181397918(),ghidra,clean,
WHGame.dll,release_1_5_1164953_841,0x13979b4,304,FUN_1813979b4,,,ade0c3181cba593a8f5fcd2eee53f3d442e5583b034a4117a86dc987fbba3f58,undefined FUN_1813979b4(),ghidra,clean,
WHGame.dll,release_1_5_1164953_841,0x1397ae4,155,FUN_181397ae4,,,1725726125b06e5bfb265cd851a0af825b048135d06993653220d7e5a23d5a9c,undefined FUN_181397ae4(),ghidra,clean,
WHGame.dll,release_1_5_1164953_841,0x1397b80,298,FUN_181397b80,,,dbc487ff5510687a6e2a3e69300daf790578ec8e6ba9bafb1c086030266ff870,undefined FUN_181397b80(),ghidra,clean,
WHGame.dll,release_1_5_1164953_841,0x1397cac,151,FUN_181397cac,,,abebf60434a5555cb357b570cd86c2e63300426a872bd10e0baeff8645b56c98,undefined FUN_181397cac(),ghidra,clean,
WHGame.dll,release_1_5_1164953_841,0x1397d44,293,FUN_181397d44,,,c79f5f5d541e33d834fe3050397f7a7a7518b81385f6d1105fda843f48d74aec,undefined FUN_181397d44(),ghidra,clean,
WHGame.dll,release_1_5_1164953_841,0x1397e5c,136,FUN_181397e5c,,,d369ec8c5b9605cec460c29612750eefed1e810a7d50d1814d07bd2d4bb0c00a,undefined FUN_181397e5c(),ghidra,clean,
WHGame.dll,release_1_5_1164953_841,0x1397ee4,302,FUN_181397ee4,,,9d026b55dc56b756fea9f4f10c30df0c5286de40f7b1f0f491dbb2e09e68b03c,undefined FUN_181397ee4(),ghidra,clean,
WHGame.dll,release_1_5_1164953_841,0x1397fb4,101,FUN_181397fb4,,,6bbc2489b707a060a6a5ae03ad7bb9d7e8a57f47ef471be9813815cd3620073e,undefined FUN_181397fb4(),ghidra,clean,
WHGame.dll,release_1_5_1164953_841,0x139801c,114,FUN_18139801c,,,679c2be14d7a86d34c123621c0d1777fb9c08bb2f4531805c877ecce2917de53,undefined FUN_18139801c(),ghidra,clean,
WHGame.dll,release_1_5_1164953_841,0x1398090,418,FUN_181398090,,,ddd5ae07239e0e5b15ee9d82014e10198e9f228817d82c892f6748dcdb84a084,undefined FUN_181398090(),ghidra,clean,
WHGame.dll,release_1_5_1164953_841,0x1398234,196,FUN_181398234,,,83f9e0c1faed7abfa8a8ade55c48709af62a78477bbba21c2fc16acf59b0b992,undefined FUN_181398234(),ghidra,clean,
WHGame.dll,release_1_5_1164953_841,0x13982f8,227,FUN_1813982f8,,,22c1ee3015a37d7ad6741554f580ad82cbc227e46c880480a3ef8bb09ec1c2a2,undefined FUN_1813982f8(),ghidra,clean,
WHGame.dll,release_1_5_1164953_841,0x13983dc,53,FUN_1813983dc,,,34c308f45a79d23f6eef879c84eeb521edd071f72efec5ea8fc45855564c36a6,undefined FUN_1813983dc(),ghidra,clean,
WHGame.dll,release_1_5_1164953_841,0x1398414,174,FUN_181398414,,,bfc0c3cde8600e334c1defea32a2ec2a8378175a2e66262fc7a611201ba935d3,undefined FUN_181398414(),ghidra,clean,
WHGame.dll,release_1_5_1164953_841,0x13984c4,146,FUN_1813984c4,,,467b117765d3743e86f1aa8aaecf940dcf863ca60c7e193f0d0fd2466a88a4d4,undefined FUN_1813984c4(),ghidra,clean,
WHGame.dll,release_1_5_1164953_841,0x1398558,50,FUN_181398558,,,46e37a69f522eb90746b6ed8c599307208d2c0ea24ccf42fa63fd46926d94920,undefined FUN_181398558(),ghidra,clean,
WHGame.dll,release_1_5_1164953_841,0x139858c,271,FUN_18139858c,,,0cf8729864df81157753d5c337695c1851658930cbd4b6f6f8f9ea07ccb970cb,undefined FUN_18139858c(),ghidra,clean,
WHGame.dll,release_1_5_1164953_841,0x139869c,65,FUN_18139869c,,,68515093b2e9e52048c8a572e5ad98bbcc86b0470dbfb74c0f38f40f782821a5,undefined FUN_18139869c(),ghidra,clean,
WHGame.dll,release_1_5_1164953_841,0x13986e0,384,FUN_1813986e0,,,0f43a69e6fde6a7bb31d10aae5895579dac9ddf081496d25f3f289c8d859e48a,undefined FUN_1813986e0(),ghidra,clean,
WHGame.dll,release_1_5_1164953_841,0x13987d0,196,FUN_1813987d0,,,062518baded339b519e022d23b5458d70cf5c1347b47b5fa732ce2f22cb214ad,undefined FUN_1813987d0(),ghidra,clean,
WHGame.dll,release_1_5_1164953_841,0x139888c,175,FUN_18139888c,,,b71d925b2b22f433c52737fa770b79116d61f086f9de48d4ae81035a2c5d0c6a,undefined FUN_18139888c(),ghidra,clean,
WHGame.dll,release_1_5_1164953_841,0x139893c,234,FUN_18139893c,,,7d62412c5f26dd7554387fdc04d70851043ec56852df7ee812445e657187b030,undefined FUN_18139893c(),ghidra,clean,
WHGame.dll,release_1_5_1164953_841,0x1398a28,207,FUN_181398a28,,,ad2c3a3c1db236e518dd0b1b037f663e2ab0217a784b38623602af9f5f975eb4,undefined FUN_181398a28(),ghidra,clean,
WHGame.dll,release_1_5_1164953_841,0x1398ae8,251,FUN_181398ae8,,,0b3529a273c7b454c5aba3d38a19f418c882875195cdc098abdd4b7d81c9459e,undefined FUN_181398ae8(),ghidra,clean,
WHGame.dll,release_1_5_1164953_841,0x1398be4,196,FUN_181398be4,,,351aa56b5bd9d3542ba7d5e442202182fae8caafe2c88cd6bd856767ab22f803,undefined FUN_181398be4(),ghidra,clean,
WHGame.dll,release_1_5_1164953_841,0x1398ca8,26,FUN_181398ca8,,,819234953c91d716a341edb10dcca2267107efa13f78881bbca64f4a7a11eeca,undefined FUN_181398ca8(),ghidra,clean,
WHGame.dll,release_1_5_1164953_841,0x1398cc4,155,FUN_181398cc4,,,97edcf8fb82cd603bc03069146db17e921b6f93465c63df39aeb079ea19d928e,undefined FUN_181398cc4(),ghidra,clean,
WHGame.dll,release_1_5_1164953_841,0x1398d60,304,FUN_181398d60,,,8afef1a4fa2e9ce6af9a4e96cf812894a1542379cda953371bcc918f68d6961e,undefined FUN_181398d60(),ghidra,clean,
WHGame.dll,release_1_5_1164953_841,0x1398e90,155,FUN_181398e90,,,c9bae5afd237a0b5b8dcbf8b279cfc0a82279f0adae458ea29eb6ff54501ec0c,undefined FUN_181398e90(),ghidra,clean,
WHGame.dll,release_1_5_1164953_841,0x1398f2c,240,FUN_181398f2c,,,b2489b359fb561efea3b6e90dbc3290d3c0d9b35c231a800b8a846d47f529a0c,undefined FUN_181398f2c(),ghidra,clean,
WHGame.dll,release_1_5_1164953_841,0x139901c,18,FUN_18139901c,,,9a0c04d2ecffafc14dcea52a54dc3b39a33609a886372d219283fe14a9b54544,undefined FUN_18139901c(),ghidra,clean,
WHGame.dll,release_1_5_1164953_841,0x1399030,8,FUN_181399030,,,d4c733a2710dc2109a9f6c5e83a884dc8a8630cda3d72e741b26594f424d40fc,undefined FUN_181399030(),ghidra,clean,
WHGame.dll,release_1_5_1164953_841,0x1399038,367,FUN_181399038,,,a63cddc284ea7d37253cc8f9760d9c8d97a695d7cec025986021e85bf5bc680e,undefined FUN_181399038(),ghidra,clean,
WHGame.dll,release_1_5_1164953_841,0x13991a8,57,FUN_1813991a8,,,66fd8698cb342bbf3ba3adbf8fde14ea54559b69a76d55d8fe9485fb0713efbb,undefined FUN_1813991a8(),ghidra,clean,
WHGame.dll,release_1_5_1164953_841,0x13991e4,192,FUN_1813991e4,,,03d0c253d4b6f260695b24117a324b64f445e692e16154b41d52a40ce6d25ef5,undefined FUN_1813991e4(),ghidra,clean,
WHGame.dll,release_1_5_1164953_841,0x1399288,160,FUN_181399288,,,32e969def157e92b1ccbc6554e464477aae04d44207e4f11ae25927113405f6a,undefined FUN_181399288(),ghidra,clean,
WHGame.dll,release_1_5_1164953_841,0x1399328,190,FUN_181399328,,,760da2d43f1bef57d674bf1dabf3966bc7e4a9cc9aa5daf2764bc916ac8a8421,undefined FUN_181399328(),ghidra,clean,
WHGame.dll,release_1_5_1164953_841,0x13993e8,155,FUN_1813993e8,,,ae100def30b1f59b532ccefc48298b40749bf78d0889e63ecb7903b7c3f5f85b,undefined FUN_1813993e8(),ghidra,clean,
WHGame.dll,release_1_5_1164953_841,0x1399484,291,FUN_181399484,,,c10f98abc3b2115abd6514541a42b49d691898b4d227aa5ba45029c4c082ac91,undefined FUN_181399484(),ghidra,clean,
WHGame.dll,release_1_5_1164953_841,0x13995a8,26,FUN_1813995a8,,,ae60e9ea027feb8d035c7c8c025af6d2cf4cec19241896b41bae89655b85aafe,undefined FUN_1813995a8(),ghidra,clean,
WHGame.dll,release_1_5_1164953_841,0x13995c4,294,FUN_1813995c4,,,6b1eb1725777c22dc49081688f379318ab2fe57f6fb88252819f645a1699af81,undefined FUN_1813995c4(),ghidra,clean,
WHGame.dll,release_1_5_1164953_841,0x13996ec,80,FUN_1813996ec,,,fcb739661d1eef9e8d36746f261e2231dc9c0a10190f7d5729973c7c202458a5,undefined FUN_1813996ec(),ghidra,clean,
WHGame.dll,release_1_5_1164953_841,0x139973c,80,FUN_18139973c,,,46eeed2965670b5a1f2b6c40075d51b0c68b204a5adaed759ccde06a609284bb,undefined FUN_18139973c(),ghidra,clean,
WHGame.dll,release_1_5_1164953_841,0x139978c,80,FUN_18139978c,,,d8ea7403394285ad990c7f5161f2a7039b6a6add6fa8d3639ec923d3f0a5e4db,undefined FUN_18139978c(),ghidra,clean,
WHGame.dll,release_1_5_1164953_841,0x13997dc,80,FUN_1813997dc,,,8119a2be2fc2425d02e9e1e4aca1ad2699060abec5cc7c711e037bc95be43a29,undefined FUN_1813997dc(),ghidra,clean,
WHGame.dll,release_1_5_1164953_841,0x139982c,85,FUN_18139982c,,,f8e2b210712ba95174c8453772ff8408d96290428672aa128264649da24a738a,undefined FUN_18139982c(),ghidra,clean,
WHGame.dll,release_1_5_1164953_841,0x1399860,89,FUN_181399860,,,5faeaeccf11d9f2d02d3d9415d3243dc1e978bcd84043a7c559dbacb242ffac0,undefined FUN_181399860(),ghidra,clean,
WHGame.dll,release_1_5_1164953_841,0x13998bc,65,FUN_1813998bc,,,8335dea83279b7372c28a308903d085a63430fab93868b1ca55d4dc1c9849914,undefined FUN_1813998bc(),ghidra,clean,
WHGame.dll,release_1_5_1164953_841,0x1399900,118,FUN_181399900,,,25c283b02b644cbb61be8a99b2c66efd4bf05a0eb11bd0b8aeac4fb3a5418ab3,undefined FUN_181399900(),ghidra,clean,
WHGame.dll,release_1_5_1164953_841,0x1399978,15,FUN_181399978,,,f912e9fc178587830d074d09d381c0f72020516b01408a34b104063e9fa2fb1c,undefined FUN_181399978(),ghidra,clean,
WHGame.dll,release_1_5_1164953_841,0x1399988,92,FUN_181399988,,,c24a50e6486c210d6b9746116d5bb5f9bd3667334e78707af680e32c1976a48f,undefined FUN_181399988(),ghidra,clean,
WHGame.dll,release_1_5_1164953_841,0x13999e4,20,FUN_1813999e4,,,e884479ce55665081052233c61b4a7cffcd283c8380bac856ad069adb001cfcd,undefined FUN_1813999e4(),ghidra,clean,
WHGame.dll,release_1_5_1164953_841,0x13999f8,31,FUN_1813999f8,,,846f20ee74819329758930e397899cab6d5231c8537587ffe5c13fac96847f37,undefined FUN_1813999f8(),ghidra,clean,
WHGame.dll,release_1_5_1164953_841,0x1399a18,92,FUN_181399a18,,,bc08aa02e94c8984e7d1f7455fd383f987c482d371514dd7c24e00fd958a95ea,undefined FUN_181399a18(),ghidra,clean,
WHGame.dll,release_1_5_1164953_841,0x1399a74,891,FUN_181399a74,,,305558879fd47970248fcfd48861f35f32a4dab9c3d3e6a7f50e36245e49add2,undefined FUN_181399a74(),ghidra,clean,
WHGame.dll,release_1_5_1164953_841,0x1399b38,5,FUN_181399b38,,,6f18598b04ecccf18cabc9b8cfb84ad5811a216884b53165c22fc09631568610,undefined FUN_181399b38(),ghidra,clean,
WHGame.dll,release_1_5_1164953_841,0x1399b3d,4,FUN_181399b3d,,,2ffb5d7bbb9118b00324ef7ceb3fc19a0242cb1db13dcad10f5bef77fd1e45d7,undefined FUN_181399b3d(),ghidra,clean,
WHGame.dll,release_1_5_1164953_841,0x1399b44,234,FUN_181399b44,,,68d08220e1f2b19b37d4178f7abfad212b6c3d66c627a54a44b6618703964210,undefined FUN_181399b44(),ghidra,clean,
WHGame.dll,release_1_5_1164953_841,0x1399c30,234,FUN_181399c30,,,da8c813a715a64b5e17cdcd1a05f5c1b0b6bc45443c0d033ca4fde87f12c3562,undefined FUN_181399c30(),ghidra,clean,
WHGame.dll,release_1_5_1164953_841,0x1399d1c,207,FUN_181399d1c,,,469069a7101cba02a7cb8d2a1b40f1139bc15da9ebb8972d22549d1bc168acb7,undefined FUN_181399d1c(),ghidra,clean,
WHGame.dll,release_1_5_1164953_841,0x1399ddc,207,FUN_181399ddc,,,9fdd1ce9aa8edef0cab4c0a84ae0c696b20694d4fd9f1cd3028127fa5f3f5b3a,undefined FUN_181399ddc(),ghidra,clean,
WHGame.dll,release_1_5_1164953_841,0x1399e9c,26,FUN_181399e9c,,,c38134aff3b9a2a24535d09e84a1ce9c8b1d9442ab420bd9c615936c3b757711,undefined FUN_181399e9c(),ghidra,clean,
WHGame.dll,release_1_5_1164953_841,0x1399eb8,190,FUN_181399eb8,,,dc8b0b183886ce1a222b00e21288e70977b74ef4036469b8829704a4b2aa0300,undefined FUN_181399eb8(),ghidra,clean,
WHGame.dll,release_1_5_1164953_841,0x1399f78,194,FUN_181399f78,,,95e4ee65596037826b6d6cbf2b49108f042006ea7d0ddd7de27aa8178dc83673,undefined FUN_181399f78(),ghidra,clean,
WHGame.dll,release_1_5_1164953_841,0x139a03c,155,FUN_18139a03c,,,30d6f55062310fb583308ac8c1e90313d0445b832c3df10e1f9ebef7041d8e6c,undefined FUN_18139a03c(),ghidra,clean,
WHGame.dll,release_1_5_1164953_841,0x139a0d8,190,FUN_18139a0d8,,,0070275ae2cc4bdd350cc8a39ee5de8707e70ab130e64941888cf3cc84a0ee2d,undefined FUN_18139a0d8(),ghidra,clean,
WHGame.dll,release_1_5_1164953_841,0x139a198,190,FUN_18139a198,,,97de8a48bdd42c715d628c74d96310975e0afc47c2a83fa7bf0c0fe767f471f6,undefined FUN_18139a198(),ghidra,clean,
WHGame.dll,release_1_5_1164953_841,0x139a258,190,FUN_18139a258,,,dc2bb15f77c373e8bc2b6938e8d9839b9dfa8533a8c7240f00416b7326c7f319,undefined FUN_18139a258(),ghidra,clean,
WHGame.dll,release_1_5_1164953_841,0x139a318,190,FUN_18139a318,,,bc9b3ac79bdb26d992a63d7e049f131eae2eacdcda0c7158fa3d8540603003b9,undefined FUN_18139a318(),ghidra,clean,
WHGame.dll,release_1_5_1164953_841,0x139a3d8,264,FUN_18139a3d8,,,0bd16fb4b5a9c8ce007b3bbcec1cba3788323d47e48b86fb24eb21feb7c4c2f0,undefined FUN_18139a3d8(),ghidra,clean,
WHGame.dll,release_1_5_1164953_841,0x139a4e0,155,FUN_18139a4e0,,,cbd5f072d1a7eeca1de3159bde5cd358c2b26d641d6715d2caab7f8eca178250,undefined FUN_18139a4e0(),ghidra,clean,
WHGame.dll,release_1_5_1164953_841,0x139a57c,83,FUN_18139a57c,,,e519bb521442a1d55f77fcd5409150e06779581dc2b130f457cd92816239acd1,undefined FUN_18139a57c(),ghidra,clean,
WHGame.dll,release_1_5_1164953_841,0x139a5d0,83,FUN_18139a5d0,,,780a77ae1c6ddf2661d95f6110d51d161c70d848d25c9ea9f26e9665feb29033,undefined FUN_18139a5d0(),ghidra,clean,
WHGame.dll,release_1_5_1164953_841,0x139a624,85,FUN_18139a624,,,42a81bd173e7d0a0f8e34f972042de81b1250705fa372a6e45e8d4be3cc36c55,undefined FUN_18139a624(),ghidra,clean,
WHGame.dll,release_1_5_1164953_841,0x139a658,155,FUN_18139a658,,,f876d78fa1519ace7e45defa6185dda2ece0c7d89a8b7d70e788ef9afd00aa52,undefined FUN_18139a658(),ghidra,clean,
WHGame.dll,release_1_5_1164953_841,0x139a6f4,261,FUN_18139a6f4,,,695f37a4d1012ddc6d3a4e782a6cb91cbcaca1d43ae1529039a4f8f1bd3e809c,undefined FUN_18139a6f4(),ghidra,clean,
WHGame.dll,release_1_5_1164953_841,0x139a7f0,196,FUN_18139a7f0,,,e8f833266997de3626fd72a740b4a0b8d4e5e0f2d0b36ff2e0e251ad54154b52,undefined FUN_18139a7f0(),ghidra,clean,
WHGame.dll,release_1_5_1164953_841,0x139a8b4,261,FUN_18139a8b4,,,4ffe4f548d7edbe7a88853f8298d5910294486cc4eeba250712bbf506b468e9d,undefined FUN_18139a8b4(),ghidra,clean,
WHGame.dll,release_1_5_1164953_841,0x139a9b0,196,FUN_18139a9b0,,,ed77937e8fc8d5969947c47ce2d15ec39c9e5da5779148ed377e4fbaa656094f,undefined FUN_18139a9b0(),ghidra,clean,
WHGame.dll,release_1_5_1164953_841,0x139aa74,311,FUN_18139aa74,,,9a981b1d2a9eb07862c965bd4a9f5c70f803edc077fc82bc05f27a33ed302a87,undefined FUN_18139aa74(),ghidra,clean,
WHGame.dll,release_1_5_1164953_841,0x139abac,311,FUN_18139abac,,,ebcf76ec0da3872702bdda4bdc067a1eab30e3845fa57f2f351cdfd7b8227ce3,undefined FUN_18139abac(),ghidra,clean,
WHGame.dll,release_1_5_1164953_841,0x139ace4,311,FUN_18139ace4,,,766a38d17e39222b9f065c5dad89ab9413269917e6771f78b5fc12f18b242e08,undefined FUN_18139ace4(),ghidra,clean,
WHGame.dll,release_1_5_1164953_841,0x139ae1c,296,FUN_18139ae1c,,,52aa23bf945a4798bccab7f20213eb5a47efc275bdad55bbf4f06a309337d869,undefined FUN_18139ae1c(),ghidra,clean,
WHGame.dll,release_1_5_1164953_841,0x139af44,180,FUN_18139af44,,,4d865a833e5650c0e236ae152a195189e8013ffcf7cd8e0994a89c4bd502f2f8,undefined FUN_18139af44(),ghidra,clean,
WHGame.dll,release_1_5_1164953_841,0x139aff8,5,thunk_FUN_18139b000,,,b0d40b133b9394d93820ac0104b0065121d2d73df32c7bfb4e4cf5d805a8b103,undefined thunk_FUN_18139b000(),ghidra,clean,
WHGame.dll,release_1_5_1164953_841,0x139b000,223,FUN_18139b000,,,4c1af8e4ebcd3e48c95b00ad6b58043bb17d012e6f02781e7fec42af0b848e52,undefined FUN_18139b000(),ghidra,clean,
WHGame.dll,release_1_5_1164953_841,0x139b0d8,100,FUN_18139b0d8,,,91165ca1940dabbd32599ff3db86211ccbe8ac9e4457abd508865a84959b374a,undefined FUN_18139b0d8(),ghidra,clean,
WHGame.dll,release_1_5_1164953_841,0x139b13c,5,thunk_FUN_18139b144,,,b0d40b133b9394d93820ac0104b0065121d2d73df32c7bfb4e4cf5d805a8b103,undefined thunk_FUN_18139b144(),ghidra,clean,
WHGame.dll,release_1_5_1164953_841,0x139b144,103,FUN_18139b144,,,98380efdd37daf057b6d112ab5dc9841381af4fd0caac8aa02ff027ff564812f,undefined FUN_18139b144(),ghidra,clean,
WHGame.dll,release_1_5_1164953_841,0x139b1ac,95,FUN_18139b1ac,,,c9f153f0d7ae548fe1f16d626cda84a7ef766de94aa56e54d422555de9671510,undefined FUN_18139b1ac(),ghidra,clean,
WHGame.dll,release_1_5_1164953_841,0x139b20c,206,FUN_18139b20c,,,d4560a0fec2524bf4f52003c6ceff304c01bac0ae4d135e3694a252737e3caec,undefined FUN_18139b20c(),ghidra,clean,
WHGame.dll,release_1_5_1164953_841,0x139b2bc,53,FUN_18139b2bc,,,c457b72b8130c601c7c107a8dccad2cacb06018b1192e9d191a2b29e7e8faafd,undefined FUN_18139b2bc(),ghidra,clean,
WHGame.dll,release_1_5_1164953_841,0x139b2f4,147,FUN_18139b2f4,,,158858a7ea9da55b6a514c160161a19580a835382364d29615d8fdea4e21fe8a,undefined FUN_18139b2f4(),ghidra,clean,
WHGame.dll,release_1_5_1164953_841,0x139b388,147,FUN_18139b388,,,b8218442201fc0d6a9f24127ad0a6eb4231417de7b2540c518f01e08b9887a19,undefined FUN_18139b388(),ghidra,clean,
WHGame.dll,release_1_5_1164953_841,0x139b41c,42,FUN_18139b41c,,,a6c18f13bc9876767b86c31c98bef38ef530bcd26525e34b909f58bff1ee7893,undefined FUN_18139b41c(),ghidra,clean,
WHGame.dll,release_1_5_1164953_841,0x139b448,68,FUN_18139b448,,,06c1ec995cfbd4f7b7f47eab44d86f6e9d4b063507ba8019430b5994ca19735d,undefined FUN_18139b448(),ghidra,clean,
WHGame.dll,release_1_5_1164953_841,0x139b48c,417,FUN_18139b48c,,,ccfa507fe64183a276bda1be48951bd166cfd68a4104348faa5931b3019945ba,undefined FUN_18139b48c(),ghidra,clean,
WHGame.dll,release_1_5_1164953_841,0x139b5ac,40,FUN_18139b5ac,,,27b757953908729895487ae4b40e788b7e01bbf8e1dca74f10e5314a06aec081,undefined FUN_18139b5ac(),ghidra,clean,
WHGame.dll,release_1_5_1164953_841,0x139b5d4,42,FUN_18139b5d4,,,5b0b11233ca9d72a50122f9cb31b1d3dc464d5d1aa920455e077c2100b1b932f,undefined FUN_18139b5d4(),ghidra,clean,
WHGame.dll,release_1_5_1164953_841,0x139b600,142,FUN_18139b600,,,46bbc30054ffc2f48513f87b9d35d0e361e0fb39519160256094a18dd227b807,undefined FUN_18139b600(),ghidra,clean,
WHGame.dll,release_1_5_1164953_841,0x139b690,328,FUN_18139b690,,,5e68e92bcd79f66d1e4d63ffe453cb62b2da272277c09464dd44817ab5c58d44,undefined FUN_18139b690(),ghidra,clean,
WHGame.dll,release_1_5_1164953_841,0x139b7dc,100,FUN_18139b7dc,,,b08c5b5d4d62a7ee8631f53fb3883387f50c4cb025c64ab209387dfe22c90e72,undefined FUN_18139b7dc(),ghidra,clean,
WHGame.dll,release_1_5_1164953_841,0x139b840,30,FUN_18139b840,,,870add42443b7ad3a5992a0decb46fbe8546b0ac00c67d5781c646db237f82af,undefined FUN_18139b840(),ghidra,clean,
WHGame.dll,release_1_5_1164953_841,0x139b860,140,FUN_18139b860,,,ef64d43a396a52d783aac6557b8b3cc0616e2fc6a7b42f692d925d9a9297650f,undefined FUN_18139b860(),ghidra,clean,
WHGame.dll,release_1_5_1164953_841,0x139b8bc,81,FUN_18139b8bc,,,bd9ba3882e5a3031a2b29530d0dfdd885a0cd5d52cdd926464f589c1e1bece75,undefined FUN_18139b8bc(),ghidra,clean,
WHGame.dll,release_1_5_1164953_841,0x139b910,38,FUN_18139b910,,,984be52adfcd2ddbc5daec944072c81ad07752d5eacc26421e0e0947c8b51a71,undefined FUN_18139b910(),ghidra,clean,
WHGame.dll,release_1_5_1164953_841,0x139b938,477,FUN_18139b938,,,cdde94146c95ea9c71712ee8ec2843071461ecad24a19190b30e33db6399087b,undefined FUN_18139b938(),ghidra,clean,
WHGame.dll,release_1_5_1164953_841,0x139b968,32,FUN_18139b968,,,730a48af9210f706df01adaca438e5da29479d038eccff8f29c969a345a3779f,undefined FUN_18139b968(),ghidra,clean,
WHGame.dll,release_1_5_1164953_841,0x139b990,33,FUN_18139b990,,,ab69f13940185b30fe01a29ae97675318999a2d5517daf12a6e7ab7a6e8d1ad3,undefined FUN_18139b990(),ghidra,clean,
WHGame.dll,release_1_5_1164953_841,0x139b9b4,30,FUN_18139b9b4,,,cc91c68a430121a003e5832aaf64c859680b43712c767d5494cb49cc7d7029b9,undefined FUN_18139b9b4(),ghidra,clean,
WHGame.dll,release_1_5_1164953_841,0x139b9d4,30,FUN_18139b9d4,,,11f93a1e294cb0555a0b92a667e5c04e5c662b0902f788e0df56f79135d207cd,undefined FUN_18139b9d4(),ghidra,clean,
WHGame.dll,release_1_5_1164953_841,0x139b9f4,30,FUN_18139b9f4,,,aab942223cf5faaa7737e14cae95de3a0f21a18e8c22e6b951e02a06dd8b6f00,undefined FUN_18139b9f4(),ghidra,clean,
WHGame.dll,release_1_5_1164953_841,0x139ba14,30,FUN_18139ba14,,,56d34b103b412a19d9e65f4dfc3569101cfb421fd892f36f8aa3a5d3ad246e07,undefined FUN_18139ba14(),ghidra,clean,
WHGame.dll,release_1_5_1164953_841,0x139ba34,30,FUN_18139ba34,,,f04b4db7d6d3005962b055a6476463c6d538d538a1f9ee81034381e435ce8d2f,undefined FUN_18139ba34(),ghidra,clean,
WHGame.dll,release_1_5_1164953_841,0x139ba54,30,FUN_18139ba54,,,3953ce0d4c05da541dfd8e04ceb03361d7e0f76a875a919bd2344025fd0fda7d,undefined FUN_18139ba54(),ghidra,clean,
WHGame.dll,release_1_5_1164953_841,0x139ba74,30,FUN_18139ba74,,,e049d008625e32ec9f3787324b12e65cd7602b37742385e6de0cc56e90b5f7b1,undefined FUN_18139ba74(),ghidra,clean,
WHGame.dll,release_1_5_1164953_841,0x139ba94,30,FUN_18139ba94,,,779cda8688372091eee66f4ded54e5611a8f86cc39246d804a5c14f080aef7d8,undefined FUN_18139ba94(),ghidra,clean,
WHGame.dll,release_1_5_1164953_841,0x139bab4,431,FUN_18139bab4,,,8265b142465188d01e066de61a66daaafe9ed8c5f997190a33c0431947378845,undefined FUN_18139bab4(),ghidra,clean,
WHGame.dll,release_1_5_1164953_841,0x139bc64,62,FUN_18139bc64,,,d9a40f858ac0f58532dfd59ef3683b198f0093770ca256f064ea348aa99750f5,undefined FUN_18139bc64(),ghidra,clean,
WHGame.dll,release_1_5_1164953_841,0x139bc90,37,FUN_18139bc90,,,6bbf1445a948ff91a8c0b7008848a90110a26a2071edb4e9f783fb7775de237b,undefined FUN_18139bc90(),ghidra,clean,
WHGame.dll,release_1_5_1164953_841,0x139bcb8,80,FUN_18139bcb8,,,420ee9a4e7d255f6526aa89d4b6797e472c34922c4e7684b9da7a8d88ba218fe,undefined FUN_18139bcb8(),ghidra,clean,
WHGame.dll,release_1_5_1164953_841,0x139bd08,80,FUN_18139bd08,,,556fae13b547e564e44fc463020c85580d53418dab90158b3f47baf53848269b,undefined FUN_18139bd08(),ghidra,clean,
WHGame.dll,release_1_5_1164953_841,0x139bd58,80,FUN_18139bd58,,,ca9acaa26eb422788ad26d213d5609ff0d3a5a75677b1a525ed9887c0d1810ad,undefined FUN_18139bd58(),ghidra,clean,
WHGame.dll,release_1_5_1164953_841,0x139bda8,85,FUN_18139bda8,,,63505dcd90ce455bec3012a4719349bb94ecd36f6d12e78e07adf7bad46d4ce0,undefined FUN_18139bda8(),ghidra,clean,
WHGame.dll,release_1_5_1164953_841,0x139bddc,63,FUN_18139bddc,,,3b887ae09ffba16c8a74ed224eece7a071f916dcbe8a5f635c034ac14b96d6c3,undefined FUN_18139bddc(),ghidra,clean,
WHGame.dll,release_1_5_1164953_841,0x139be1c,56,FUN_18139be1c,,,d1f24bee792baf1c9f220ac048bb3d91aed6cb8d4869df620332005a14a2e9c9,undefined FUN_18139be1c(),ghidra,clean,
WHGame.dll,release_1_5_1164953_841,0x139be54,7,FUN_18139be54,,,6502b5dcdfb749c9e4892333d1253f593320ff4cdf13c4a58d6e4659d47f888f,undefined FUN_18139be54(),ghidra,clean,
WHGame.dll,release_1_5_1164953_841,0x139be5c,356,FUN_18139be5c,,,52398666ebd55ee338c74f30b8c21a7a7dbeff2d8b7dc85047d26e3b61dc083f,undefined FUN_18139be5c(),ghidra,clean,
WHGame.dll,release_1_5_1164953_841,0x139bfc0,8,FUN_18139bfc0,,,bad996fa767d423af9b24749ebd181d4b261845e3f8e58d004b5c78a66816306,undefined FUN_18139bfc0(),ghidra,clean,
WHGame.dll,release_1_5_1164953_841,0x139bfc8,67,FUN_18139bfc8,,,9e2e48488ce77577f176682fa4f26e234b263320a5b648ff71fcff0d59a2f67c,undefined FUN_18139bfc8(),ghidra,clean,
WHGame.dll,release_1_5_1164953_841,0x139c000,59,FUN_18139c000,,,a55ea1ec63a041c32c8a5e06ba1ce0eb7aec681b9a8272e6659e5c9c86893995,undefined FUN_18139c000(),ghidra,clean,
WHGame.dll,release_1_5_1164953_841,0x139c03c,155,FUN_18139c03c,,,35b3b20dc38604d91a4005be2769157427df41ac2c275b2f75ff750cc94485ec,undefined FUN_18139c03c(),ghidra,clean,
WHGame.dll,release_1_5_1164953_841,0x139c0d8,291,FUN_18139c0d8,,,d1fbad54ee3f28a723bad95d919766872f32be8fc0dcc94862acf4ce6e06b796,undefined FUN_18139c0d8(),ghidra,clean,
WHGame.dll,release_1_5_1164953_841,0x139c1fc,17,FUN_18139c1fc,,,1d4c236415feb15ceb736f9f42fa361e957a1454d59715a12f580c7e4bc48718,undefined FUN_18139c1fc(),ghidra,clean,
WHGame.dll,release_1_5_1164953_841,0x139c210,174,FUN_18139c210,,,b96cf90a1bd2faff5d291ad925a6426f89bebdbc959b6f67b1012d5a48bd93de,undefined FUN_18139c210(),ghidra,clean,
WHGame.dll,release_1_5_1164953_841,0x139c2c0,104,FUN_18139c2c0,,,e465545f408ae1c9a998d5d3643f942cb003f81d46264a2991e57de5689297f1,undefined FUN_18139c2c0(),ghidra,clean,
WHGame.dll,release_1_5_1164953_841,0x139c31c,199,FUN_18139c31c,,,9ce4e806eaf2dd3bc185c61a59ebe2c75a91f1f99b610c5fba0fa100fab67503,undefined FUN_18139c31c(),ghidra,clean,
WHGame.dll,release_1_5_1164953_841,0x139c3e4,26,FUN_18139c3e4,,,70509e233b81a4b980391cbde5d0f4e0f57007794a397523a1f478e8884bbf63,undefined FUN_18139c3e4(),ghidra,clean,
WHGame.dll,release_1_5_1164953_841,0x139c400,1137,FUN_18139c400,,,5a55c862d453aeeb0fbb037f5860f9a7c6cc246844256ba0f424aaee60448ef9,undefined FUN_18139c400(),ghidra,clean,
WHGame.dll,release_1_5_1164953_841,0x139c874,155,FUN_18139c874,,,236dac6d946eb0cc2f446468685e901d2bde127520b44fcd1a4a2a46ad7bec28,undefined FUN_18139c874(),ghidra,clean,
WHGame.dll,release_1_5_1164953_841,0x139c910,304,FUN_18139c910,,,a77475111e2c2d57f10acb4f61533b326798a47116e7de122514a9447a58cd27,undefined FUN_18139c910(),ghidra,clean,
WHGame.dll,release_1_5_1164953_841,0x139ca40,155,FUN_18139ca40,,,5ee9bbcba60bb0e400cfeedf08e613583f5b439a1c523fc8ceb9faf0a56d41f2,undefined FUN_18139ca40(),ghidra,clean,
WHGame.dll,release_1_5_1164953_841,0x139cadc,298,FUN_18139cadc,,,f6d16610b7ab9c69f527e9249c9680f76d53fbf2d0bbc322170029b0cd7a3ff7,undefined FUN_18139cadc(),ghidra,clean,
WHGame.dll,release_1_5_1164953_841,0x139cc08,87,FUN_18139cc08,,,2770cc301541ab85bd082cdeba39ebf8d70f96a4169de357fa4e72f1c39c3ba0,undefined FUN_18139cc08(),ghidra,clean,
WHGame.dll,release_1_5_1164953_841,0x139cc60,86,FUN_18139cc60,,,6334571fc494b06ca238d30cc32b6abc047b39f442ea78c1f3851f272898f230,undefined FUN_18139cc60(),ghidra,clean,
WHGame.dll,release_1_5_1164953_841,0x139ccb8,52,FUN_18139ccb8,,,c3ad75c288f281b0d6461776760897f66a37523b9218d7ea9bde32383ceedd4b,undefined FUN_18139ccb8(),ghidra,clean,
WHGame.dll,release_1_5_1164953_841,0x139ccec,111,FUN_18139ccec,,,939aaf527c5d420796e7b6736511540c3e07f6fd4aecf9b2d3f3969f6bcfa7ef,undefined FUN_18139ccec(),ghidra,clean,
WHGame.dll,release_1_5_1164953_841,0x139cd60,26,FUN_18139cd60,,,8c48c7485bc7275c4fd01b8fae07123d3e57606197a64e78b3420f0b0f5729ed,undefined FUN_18139cd60(),ghidra,clean,
WHGame.dll,release_1_5_1164953_841,0x139cd7c,766,FUN_18139cd7c,,,8c8562a3583a0ae278f86f441071167faf56d3ea373ba13964adf3d524457141,undefined FUN_18139cd7c(),ghidra,clean,
WHGame.dll,release_1_5_1164953_841,0x139d07c,155,FUN_18139d07c,,,cace00ba5aaaacb24532f7ecf56fa8fab916632be37c58877764cf8e0fde96ce,undefined FUN_18139d07c(),ghidra,clean,
WHGame.dll,release_1_5_1164953_841,0x139d118,311,FUN_18139d118,,,6c224ae00feef2597fd5954e39b36c3835e50f62bb97b64f3e7cdb437b95f281,undefined FUN_18139d118(),ghidra,clean,
WHGame.dll,release_1_5_1164953_841,0x139d250,190,FUN_18139d250,,,bac99907b7bec00ad1d4e6d870d4d55beb2d5a681b1ad30e82e8331ad6aa20ab,undefined FUN_18139d250(),ghidra,clean,
WHGame.dll,release_1_5_1164953_841,0x139d310,25,FUN_18139d310,,,01691869f73877b8985d1d054ae3721c96de4601ffca915045d1cd3ae84b1e68,undefined FUN_18139d310(),ghidra,clean,
WHGame.dll,release_1_5_1164953_841,0x139d32c,244,FUN_18139d32c,,,cf0f093d1270e94099199737bcfac35290a49c2eadd1cf7986ab3cc12f654852,undefined FUN_18139d32c(),ghidra,clean,
WHGame.dll,release_1_5_1164953_841,0x139d420,30,FUN_18139d420,,,571bc5d073342f0b750c510eead0fd603bd4b4c255245f9646e1aeee6231cb9b,undefined FUN_18139d420(),ghidra,clean,
WHGame.dll,release_1_5_1164953_841,0x139d440,29,FUN_18139d440,,,9cfb10f71e60062634d6aa6132743670cbf1c3110754d391ec0508e39f21c90f,undefined FUN_18139d440(),ghidra,clean,
WHGame.dll,release_1_5_1164953_841,0x139d460,285,FUN_18139d460,,,4abe4522b589ce22f561144694d23c21458c8ed3b9993930299a5d188194ebfb,undefined FUN_18139d460(),ghidra,clean,
WHGame.dll,release_1_5_1164953_841,0x139d500,256,FUN_18139d500,,,84d168f7b70fc68a63fbf31b781f9745c61c3e0f9e32244d05c7e32b6ff1e4c9,undefined FUN_18139d500(),ghidra,clean,
WHGame.dll,release_1_5_1164953_841,0x139d600,121,FUN_18139d600,,,ab711d67636de68fc67758a63006d837c36e0671e1011da73d6b35e6a38648ba,undefined FUN_18139d600(),ghidra,clean,
WHGame.dll,release_1_5_1164953_841,0x139d67c,190,FUN_18139d67c,,,059f76e79503cd5dadf4cf861a60b9f6ab769512ab4478a1b5c08ea42f039e58,undefined FUN_18139d67c(),ghidra,clean,
WHGame.dll,release_1_5_1164953_841,0x139d73c,73,FUN_18139d73c,,,fd0de8b5fcf52a5f6db03cc9c0fe5c4583386cc5b77d85b4e5712b79fac1f03a,undefined FUN_18139d73c(),ghidra,clean,
WHGame.dll,release_1_5_1164953_841,0x139d778,107,FUN_18139d778,,,5bffdaa000232f40f270e58745439980d27a25afd9ae19d928cd309d5f907687,undefined FUN_18139d778(),ghidra,clean,
WHGame.dll,release_1_5_1164953_841,0x139d7e4,114,FUN_18139d7e4,,,b4bc507c0a47b3a1f969db6f9db232c9d20423c41814e63423b8ad16b3ef330e,undefined FUN_18139d7e4(),ghidra,clean,
WHGame.dll,release_1_5_1164953_841,0x139d858,161,FUN_18139d858,,,e75acf8dbb89718f15afad684a5e1b402841d16ecb2d89b64fa97ba58218b73a,undefined FUN_18139d858(),ghidra,clean,
WHGame.dll,release_1_5_1164953_841,0x139d8fc,139,FUN_18139d8fc,,,ca59760773e79ea09f48e53a4ed5f204ed84696616dd7fdd2b0a67f443df60d1,undefined FUN_18139d8fc(),ghidra,clean,
WHGame.dll,release_1_5_1164953_841,0x139d988,175,FUN_18139d988,,,57ba975b3a4da32b096d2dbd6e4457f56d936f7643ef82ed34a4ba76a18e7d90,undefined FUN_18139d988(),ghidra,clean,
WHGame.dll,release_1_5_1164953_841,0x139da38,131,FUN_18139da38,,,958f48b813850268b9d117f5a2062c0be8e78fae157689f03f2a46dfdf2edc1e,undefined FUN_18139da38(),ghidra,clean,
WHGame.dll,release_1_5_1164953_841,0x139dabc,149,FUN_18139dabc,,,64ab8fe37026fa9cdd26fb29b9fcc2d4b03c55ea25cd3077a63476b2db523be7,undefined FUN_18139dabc(),ghidra,clean,
WHGame.dll,release_1_5_1164953_841,0x139db60,33,FUN_18139db60,,,242065619ddda34bfa87552d74a983d627d8fe1723b205428d5112c0f1e4590b,undefined FUN_18139db60(),ghidra,clean,
WHGame.dll,release_1_5_1164953_841,0x139db84,30,FUN_18139db84,,,9937144d2f65d7a034bd3403a92f88da939022b60802d92903c5c1cc943dabb8,undefined FUN_18139db84(),ghidra,clean,
WHGame.dll,release_1_5_1164953_841,0x139dba4,208,FUN_18139dba4,,,f755ccc17a473f8c91f14fbfbd1842a4c9f93152b06b1e13d16b364a490c2dee,undefined FUN_18139dba4(),ghidra,clean,
WHGame.dll,release_1_5_1164953_841,0x139dc54,208,FUN_18139dc54,,,9c704d65f7b32e44d7240443fa96287a40bd898792e86ac248dbdfe6f36f1e8b,undefined FUN_18139dc54(),ghidra,clean,
WHGame.dll,release_1_5_1164953_841,0x139dd04,208,FUN_18139dd04,,,8ae5508bd50cc7fcec498681c95d59b7a6c61603bd4130a2e5d114434389cf3d,undefined FUN_18139dd04(),ghidra,clean,
WHGame.dll,release_1_5_1164953_841,0x139ddb4,184,FUN_18139ddb4,,,775186bce0744ae7e7f9ee9352c0414a07a6ca07b42237a5d671da1908380e8e,undefined FUN_18139ddb4(),ghidra,clean,
WHGame.dll,release_1_5_1164953_841,0x139de5c,184,FUN_18139de5c,,,3298f60feddf2e5a2050fa9fdf05a3f0314765dce26e18eadb44da2371268353,undefined FUN_18139de5c(),ghidra,clean,
WHGame.dll,release_1_5_1164953_841,0x139df04,508,FUN_18139df04,,,04037cf63fd056c62ffdf1f63622cd945dbb952fdc6bf9b1344a94dce32b93a9,undefined FUN_18139df04(),ghidra,clean,
WHGame.dll,release_1_5_1164953_841,0x139e0f0,368,FUN_18139e0f0,,,b17e854a0c5a1bb5f7f457caec507e445277a97f4aff097e4dc5ef6dfbe2cbee,undefined FUN_18139e0f0(),ghidra,clean,
WHGame.dll,release_1_5_1164953_841,0x139e260,327,FUN_18139e260,,,44c975ab6fbe025dd86dc292c43494e3d23c7f40852c7fd72102eb5c6aa9eb94,undefined FUN_18139e260(),ghidra,clean,
WHGame.dll,release_1_5_1164953_841,0x139e3a8,327,FUN_18139e3a8,,,89c3f4c52c1a0ac62259935d890a79803f3d713b977baf0853a1d10830c6cee8,undefined FUN_18139e3a8(),ghidra,clean,
WHGame.dll,release_1_5_1164953_841,0x139e4f0,327,FUN_18139e4f0,,,73fac5d7b27dfeae03caee20344f02e99f80219d0000f4aa0d86bb96ff6a78ca,undefined FUN_18139e4f0(),ghidra,clean,
WHGame.dll,release_1_5_1164953_841,0x139e638,327,FUN_18139e638,,,fab4956170a7595b4c59997b2405cc1b0be37375df37bb7f3fcb05abf93ea26f,undefined FUN_18139e638(),ghidra,clean,
WHGame.dll,release_1_5_1164953_841,0x139e780,208,FUN_18139e780,,,560ed3f7021f6360560d7ccb974987048e4817f0a67289f793351271f3d75741,undefined FUN_18139e780(),ghidra,clean,
WHGame.dll,release_1_5_1164953_841,0x139e830,208,FUN_18139e830,,,7d43591a2be29b93028446292dffcbe0bfff0805e20f566512633ffb6fabd25d,undefined FUN_18139e830(),ghidra,clean,
WHGame.dll,release_1_5_1164953_841,0x139e8e0,631,FUN_18139e8e0,,,8f98a942f8efdd286c1f6d26d1a3bdbcf03a04cd05d0c5e7600f94a1ec3a6271,undefined FUN_18139e8e0(),ghidra,clean,
WHGame.dll,release_1_5_1164953_841,0x139eb48,631,FUN_18139eb48,,,02524b0ef26a0112a9cb93047dd3d98a5c6242194030d04951da34ce43437c74,undefined FUN_18139eb48(),ghidra,clean,
WHGame.dll,release_1_5_1164953_841,0x139edb0,631,FUN_18139edb0,,,01f94aec58057a864776e68f1f5635d07979de9bb9c208112b18b6cf65ba4b44,undefined FUN_18139edb0(),ghidra,clean,
WHGame.dll,release_1_5_1164953_841,0x139f018,631,FUN_18139f018,,,9982e8aed9acc85d1991eacf0450f379cbb06e9ca0039b74f42cb91f83833024,undefined FUN_18139f018(),ghidra,clean,
WHGame.dll,release_1_5_1164953_841,0x139f280,378,FUN_18139f280,,,8a6eadbb6b32b504ecd42489fd3c8cc69a8151c7fcbedef093095717fe7d5c49,undefined FUN_18139f280(),ghidra,clean,
WHGame.dll,release_1_5_1164953_841,0x139f3fc,378,FUN_18139f3fc,,,753f6d5eb64b6a8d2940655bfaba839cc0d1ff7108b8cbff496ae0b96e70c13e,undefined FUN_18139f3fc(),ghidra,clean,
WHGame.dll,release_1_5_1164953_841,0x139f578,455,FUN_18139f578,,,674c98858cbd5a64f1feca6f4ff62ef23942422570aa42ce304d8b277df14787,undefined FUN_18139f578(),ghidra,clean,
WHGame.dll,release_1_5_1164953_841,0x139f740,455,FUN_18139f740,,,7bf3532f489d60e969ef4df7735068b7c2a31ee8970a3d735d68c9ec15012160,undefined FUN_18139f740(),ghidra,clean,
WHGame.dll,release_1_5_1164953_841,0x139f908,47,FUN_18139f908,,,725a0ea20b8af3ba55fc5d7a7862144cde2ef69e00ba23ab0ff398982bef5ba5,undefined FUN_18139f908(),ghidra,clean,
WHGame.dll,release_1_5_1164953_841,0x139f938,150,FUN_18139f938,,,a2deee8b2b3061ac8face8ce4afb923a2d64cfc6512e2f2d3489b1b86aa227b1,undefined FUN_18139f938(),ghidra,clean,
WHGame.dll,release_1_5_1164953_841,0x139f9d0,150,FUN_18139f9d0,,,40fb108064e488de96b549bf601719471a4a92342ffcf9d947690bf5fe127f48,undefined FUN_18139f9d0(),ghidra,clean,
WHGame.dll,release_1_5_1164953_841,0x139fa68,184,FUN_18139fa68,,,dd6beeb44a9f4034dc0aa27e41c50f627a186dc6efcd53f3ddfac784008145b2,undefined FUN_18139fa68(),ghidra,clean,
WHGame.dll,release_1_5_1164953_841,0x139fb10,184,FUN_18139fb10,,,cda48633dcf8c77b03c5a6c53c024e3899bfb448f73fc6cb2a5312bdd29be739,undefined FUN_18139fb10(),ghidra,clean,
WHGame.dll,release_1_5_1164953_841,0x139fbb8,21,FUN_18139fbb8,,,bc16f8a33b4a7ab1ee9038684ed229b3bb6b27519ca631005b298935b928ea22,undefined FUN_18139fbb8(),ghidra,clean,
WHGame.dll,release_1_5_1164953_841,0x139fbd0,455,FUN_18139fbd0,,,37287247ab06bbeeb1204357c3d2e531cbe81f83bd53fd417f56582e60c7a100,undefined FUN_18139fbd0(),ghidra,clean,
WHGame.dll,release_1_5_1164953_841,0x139fd98,455,FUN_18139fd98,,,9487108c5137f08bf957de0564822cd6397251422361f0a660e9d2246a2b16cd,undefined FUN_18139fd98(),ghidra,clean,
WHGame.dll,release_1_5_1164953_841,0x139ff60,368,FUN_18139ff60,,,5a915cb1e4cb408e10d307a1668ba88a5c86ea3c13d93d76819d7083e82ecebd,undefined FUN_18139ff60(),ghidra,clean,
WHGame.dll,release_1_5_1164953_841,0x13a00d0,332,FUN_1813a00d0,,,4a897b4c9f4fd7763f48114d9a86258b37c1d190f1b336ff4812897862ec592b,undefined FUN_1813a00d0(),ghidra,clean,
WHGame.dll,release_1_5_1164953_841,0x13a0214,388,FUN_1813a0214,,,fc2a46b0dc6725ce3a19487433aab3becc8a469a31e652d84f052f5a86a37b04,undefined FUN_1813a0214(),ghidra,clean,
WHGame.dll,release_1_5_1164953_841,0x13a0390,388,FUN_1813a0390,,,56a89beb83c0a8a3af3ddfdf6fabdb25499bfcb3ba8fd3e67e1ed72caf0c8c13,undefined FUN_1813a0390(),ghidra,clean,
WHGame.dll,release_1_5_1164953_841,0x13a050c,332,FUN_1813a050c,,,ac1ffc110623a1189fb8bb6ec0b8b44d12e3d51cffb54152daa9f8f26d6c7a60,undefined FUN_1813a050c(),ghidra,clean,
WHGame.dll,release_1_5_1164953_841,0x13a0650,314,FUN_1813a0650,,,09b507db8be84657e94bfa41214a09f173c35af3187e7c82e8e474b686068b4e,undefined FUN_1813a0650(),ghidra,clean,
WHGame.dll,release_1_5_1164953_841,0x13a0780,314,FUN_1813a0780,,,109677a812c9da18728e70d58cbf0773d206ca37813f85d1797eb8d5f01d3411,undefined FUN_1813a0780(),ghidra,clean,
WHGame.dll,release_1_5_1164953_841,0x13a08b0,302,FUN_1813a08b0,,,f9cd3b8831663a93d68304b79744bbe7f7f5bd94f8661f6dacc1ee1ccbad2e6b,undefined FUN_1813a08b0(),ghidra,clean,
WHGame.dll,release_1_5_1164953_841,0x13a09d4,314,FUN_1813a09d4,,,693cc9c31a3dd75ad47f1d3713d6cb7ab2b0af307dfa5a15392f84bdf9dceee9,undefined FUN_1813a09d4(),ghidra,clean,
WHGame.dll,release_1_5_1164953_841,0x13a0b04,492,FUN_1813a0b04,,,7acfba3c64abd69efe63cca349ce5a679368d8f6fb140656294f11406e309192,undefined FUN_1813a0b04(),ghidra,clean,
WHGame.dll,release_1_5_1164953_841,0x13a0ce0,492,FUN_1813a0ce0,,,c8b2438a6e0c1a6fb3fa316757d8c9642f0cfe7b773ea97c3e270bb60108f68a,undefined FUN_1813a0ce0(),ghidra,clean,
WHGame.dll,release_1_5_1164953_841,0x13a0ebc,516,FUN_1813a0ebc,,,7c83f6accb4340418c3b6635334d45a569c4f54896c2b186a21e9efe3f50a50f,undefined FUN_1813a0ebc(),ghidra,clean,
WHGame.dll,release_1_5_1164953_841,0x13a10b0,516,FUN_1813a10b0,,,17fa38e357f946a74f57a60d19bad63f93d6c165d9fbd3924f356875b855fa4c,undefined FUN_1813a10b0(),ghidra,clean,
WHGame.dll,release_1_5_1164953_841,0x13a12a4,478,FUN_1813a12a4,,,f4918fa92d501fbfedb87e765303a600083858b3eeadc13843c8f7b8b61c7369,undefined FUN_1813a12a4(),ghidra,clean,
WHGame.dll,release_1_5_1164953_841,0x13a1474,414,FUN_1813a1474,,,c41c7fa10d5451cfca336171aa8f9cedcc022e15a2cf9819b998d4cbfbb55635,undefined FUN_1813a1474(),ghidra,clean,
WHGame.dll,release_1_5_1164953_841,0x13a1604,302,FUN_1813a1604,,,d3f96a0849b086b8caa5474a58e66d67ab2fb935a3c8d0208ff2f055c84ed0ca,undefined FUN_1813a1604(),ghidra,clean,
WHGame.dll,release_1_5_1164953_841,0x13a1728,327,FUN_1813a1728,,,6169a26109a25fc72d95d5c678b98a5a85416f6dbe3cc142c30f69f16a1b3294,undefined FUN_1813a1728(),ghidra,clean,
WHGame.dll,release_1_5_1164953_841,0x13a1870,644,FUN_1813a1870,,,9ca63250e0a5444af1a0c4b8c25c1bcc117ade8c79721971477d0082197f5fd8,undefined FUN_1813a1870(),ghidra,clean,
WHGame.dll,release_1_5_1164953_841,0x13a1af4,492,FUN_1813a1af4,,,71b458356d59e6706f5014a06a54cf14764656b47834f78c20df7560c88e39b3,undefined FUN_1813a1af4(),ghidra,clean,
WHGame.dll,release_1_5_1164953_841,0x13a1cd0,65,FUN_1813a1cd0,,,877c348751cde64cef93ea8f704c698e5eae05f1a8809e1f114d6a7c71057763,undefined FUN_1813a1cd0(),ghidra,clean,
WHGame.dll,release_1_5_1164953_841,0x13a1d14,479,FUN_1813a1d14,,,70e5f45d2c5dfa17f4bcf815664b4904bdab594b4fb1665e25ac4428bccb0f82,undefined FUN_1813a1d14(),ghidra,clean,
WHGame.dll,release_1_5_1164953_841,0x13a1ef4,332,FUN_1813a1ef4,,,006ed24ec02f32da9c44c11d018a366871193ea7cb0f621cf388249431368b37,undefined FUN_1813a1ef4(),ghidra,clean,
WHGame.dll,release_1_5_1164953_841,0x13a2038,368,FUN_1813a2038,,,86f6643242bab2e17be2b526b6c10f39d69e03f806271201d34e0947c08c11ca,undefined FUN_1813a2038(),ghidra,clean,
WHGame.dll,release_1_5_1164953_841,0x13a21a8,465,FUN_1813a21a8,,,2440b091120d72068eec7eda8d4fc0bffec1fd6f6cfefc4be01b4ce4fae0ac15,undefined FUN_1813a21a8(),ghidra,clean,
WHGame.dll,release_1_5_1164953_841,0x13a237c,322,FUN_1813a237c,,,de6aa49b7eaf52a6375ef751ebee9771f7b145178ce62b03044db0d109746005,undefined FUN_1813a237c(),ghidra,clean,
WHGame.dll,release_1_5_1164953_841,0x13a24b4,368,FUN_1813a24b4,,,c55efce35b4c5fbda6f709ca136e59cf7ceccd631eb5767570d761a1436cea37,undefined FUN_1813a24b4(),ghidra,clean,
WHGame.dll,release_1_5_1164953_841,0x13a2624,479,FUN_1813a2624,,,1e1c50b467df00b7e2db30f8b0d519104987425a32fd1f46b0b42dadedf3622c,undefined FUN_1813a2624(),ghidra,clean,
WHGame.dll,release_1_5_1164953_841,0x13a2804,332,FUN_1813a2804,,,8ec62b623a0ce2d5bb01bda2c809d4071c1007fe06eda332c56b8e039c6744a3,undefined FUN_1813a2804(),ghidra,clean,
WHGame.dll,release_1_5_1164953_841,0x13a2948,368,FUN_1813a2948,,,605206da63c6e39a78454f9ea99f1ae44d8fcd307be87038f46ba0cc3c78a382,undefined FUN_1813a2948(),ghidra,clean,
WHGame.dll,release_1_5_1164953_841,0x13a2ab8,493,FUN_1813a2ab8,,,8bab44f2788926225cb26505bbe9c65f4d4d917e9cff7cf1c2a3e870feae65dd,undefined FUN_1813a2ab8(),ghidra,clean,
WHGame.dll,release_1_5_1164953_841,0x13a2ca8,493,FUN_1813a2ca8,,,7a328a748e25b037f326153360ee6b0acf842a9acd70de5912d1886e4d673fe1,undefined FUN_1813a2ca8(),ghidra,clean,
WHGame.dll,release_1_5_1164953_841,0x13a2e98,465,FUN_1813a2e98,,,999f9f4092a8ea1a46448144b72766e64a62a7ac8c4e0c0526800899994261a0,undefined FUN_1813a2e98(),ghidra,clean,
WHGame.dll,release_1_5_1164953_841,0x13a306c,465,FUN_1813a306c,,,aa25164960aecac7e6d60f4657eff3c73c1b78cd2b24fabafb6a2fbb1430565b,undefined FUN_1813a306c(),ghidra,clean,
WHGame.dll,release_1_5_1164953_841,0x13a3240,416,FUN_1813a3240,,,cbec37921d0b5c001fdd25c722c3ac44ce2f9b2ed7d2f501a728c811b9d7844d,undefined FUN_1813a3240(),ghidra,clean,
WHGame.dll,release_1_5_1164953_841,0x13a33e0,332,FUN_1813a33e0,,,672855035c2269987805609ed2a3d32cd3afaa41ffb2ee1d4b7478b5cf807869,undefined FUN_1813a33e0(),ghidra,clean,
WHGame.dll,release_1_5_1164953_841,0x13a3524,332,FUN_1813a3524,,,e18a50624d8aca515c4a43fa82439db56d93a5e6dd56c3fa734d4cf0f667a383,undefined FUN_1813a3524(),ghidra,clean,
WHGame.dll,release_1_5_1164953_841,0x13a3668,332,FUN_1813a3668,,,a79edbedfe762c7c7524027cabb277a2158f4b3e6eab2de801a2c9f6f44eb0fd,undefined FUN_1813a3668(),ghidra,clean,
WHGame.dll,release_1_5_1164953_841,0x13a37ac,322,FUN_1813a37ac,,,9df7053cf4c8f4130a23c57dff04e774ef782e160fa6bdea833d7f1271372010,undefined FUN_1813a37ac(),ghidra,clean,
WHGame.dll,release_1_5_1164953_841,0x13a38e4,322,FUN_1813a38e4,,,28058b5a4031fd70d84fd4664814750b5f1acb13f8056c35a1580c73a2fac07d,undefined FUN_1813a38e4(),ghidra,clean,
WHGame.dll,release_1_5_1164953_841,0x13a3a1c,291,FUN_1813a3a1c,,,e8feed866a21ab9dc4480fedf38ad01c9182995951d954bfbb9501f195e1b929,undefined FUN_1813a3a1c(),ghidra,clean,
WHGame.dll,release_1_5_1164953_841,0x13a3b34,327,FUN_1813a3b34,,,137568aaa9535068ec51592592ca5c2a2eeb2e61ef6caa0b7cdf723820cd046a,undefined FUN_1813a3b34(),ghidra,clean,
WHGame.dll,release_1_5_1164953_841,0x13a3c7c,368,FUN_1813a3c7c,,,ced928ae0b19ddff4b46644806c87bd582a44330b7d24e204050c6f29bb4bd8c,undefined FUN_1813a3c7c(),ghidra,clean,
WHGame.dll,release_1_5_1164953_841,0x13a3dec,368,FUN_1813a3dec,,,5023644beafbea5c8c3d2b270515028e1e8280548c52703b4c466f20ddcdc4a2,undefined FUN_1813a3dec(),ghidra,clean,
WHGame.dll,release_1_5_1164953_841,0x13a3f5c,368,FUN_1813a3f5c,,,b0fa9fe5598c384be0d5389a05144c6a5e6226d1ee0a366a428bb3fcad928ec5,undefined FUN_1813a3f5c(),ghidra,clean,
WHGame.dll,release_1_5_1164953_841,0x13a40cc,368,FUN_1813a40cc,,,1936502eb8442c08b70ac9be379a343b9ffe14ffaf48787e2581da7125162b6a,undefined FUN_1813a40cc(),ghidra,clean,
WHGame.dll,release_1_5_1164953_841,0x13a423c,368,FUN_1813a423c,,,ab8a7f8c6bd0819a2d11b7c4c4798a5a4ec044f0702a50d068c193c1b1c72e18,undefined FUN_1813a423c(),ghidra,clean,
WHGame.dll,release_1_5_1164953_841,0x13a43ac,150,FUN_1813a43ac,,,146b0b866147ba0b8cd6aa7bd926387ba746630434e9077dc365fcf203eb9b87,undefined FUN_1813a43ac(),ghidra,clean,
WHGame.dll,release_1_5_1164953_841,0x13a4444,150,FUN_1813a4444,,,ef6e0714a3ba466b77e3a73ab7960fb319bc84505da0abd92a30294bf2b56889,undefined FUN_1813a4444(),ghidra,clean,
WHGame.dll,release_1_5_1164953_841,0x13a44dc,493,FUN_1813a44dc,,,f3e68bc1e5e84c3be62d71cce96c7ea62bdd675531563ec7fc2609965a04981f,undefined FUN_1813a44dc(),ghidra,clean,
WHGame.dll,release_1_5_1164953_841,0x13a46cc,409,FUN_1813a46cc,,,f728532521b5b0fec1aeaa70616e63e61ed8b47ec8307af5cb98d7bf698da5e8,undefined FUN_1813a46cc(),ghidra,clean,
WHGame.dll,release_1_5_1164953_841,0x13a4868,409,FUN_1813a4868,,,060b4b6690ab7a5141a65ef316d48b93401f207bc88ef11c1f00a4e8c937ffde,undefined FUN_1813a4868(),ghidra,clean,
WHGame.dll,release_1_5_1164953_841,0x13a4a04,358,FUN_1813a4a04,,,4dc99d88f0484ef2432a0d6f06d1cd969682af10c3cf42fc54534881388be569,undefined FUN_1813a4a04(),ghidra,clean,
WHGame.dll,release_1_5_1164953_841,0x13a4b60,358,FUN_1813a4b60,,,47846cb401d6cc1b0ad81765dfeef5ac50b35ccc42e9c48ce034b10fa45493aa,undefined FUN_1813a4b60(),ghidra,clean,
WHGame.dll,release_1_5_1164953_841,0x13a4cbc,409,FUN_1813a4cbc,,,1a60cdbcf92039ebd8dfaf0c4d360c07b4063f30599a1c7e353014f3d4a9c7ae,undefined FUN_1813a4cbc(),ghidra,clean,
WHGame.dll,release_1_5_1164953_841,0x13a4e58,526,FUN_1813a4e58,,,68c3708377f1afd13345b921536d6346c307f282fc87c0804c3552cb7061bd4c,undefined FUN_1813a4e58(),ghidra,clean,
WHGame.dll,release_1_5_1164953_841,0x13a5068,526,FUN_1813a5068,,,363e98f9f7d7127b694c35e6c0190ce7d299f33832398e3d5ce6ea2241131c4f,undefined FUN_1813a5068(),ghidra,clean,
WHGame.dll,release_1_5_1164953_841,0x13a5278,73,FUN_1813a5278,,,99cb391020b5cf5185c4f297a1aad46897ba0f4b55231a2c3bcf311b5458121b,undefined FUN_1813a5278(),ghidra,clean,
WHGame.dll,release_1_5_1164953_841,0x13a52c4,340,FUN_1813a52c4,,,7f64efd6453e12d1fc472fd4e2ae7332083d76456846b6ca623faf475df5dcf5,undefined FUN_1813a52c4(),ghidra,clean,
WHGame.dll,release_1_5_1164953_841,0x13a5418,416,FUN_1813a5418,,,9b3109c347d194df645a3ef76e2fb195aac9f1e7e47dd6f9ad040b6c6f2863ae,undefined FUN_1813a5418(),ghidra,clean,
WHGame.dll,release_1_5_1164953_841,0x13a55b8,416,FUN_1813a55b8,,,dc45aa304277c724dbcee791ac3000bf4b69cb992ce98a0df88c8805f937f9f9,undefined FUN_1813a55b8(),ghidra,clean,
WHGame.dll,release_1_5_1164953_841,0x13a5758,291,FUN_1813a5758,,,7dd9f565c40d001c3f53f889d5ae88ed334adb5eae2339442abc7d2e63b25ba4,undefined FUN_1813a5758(),ghidra,clean,
WHGame.dll,release_1_5_1164953_841,0x13a5870,327,FUN_1813a5870,,,0cd163e7791e56521cdbc8926fbca61789dd0a10cad04233d3935505a6357552,undefined FUN_1813a5870(),ghidra,clean,
WHGame.dll,release_1_5_1164953_841,0x13a59b8,633,FUN_1813a59b8,,,e4365bec4b9f0e353fb1e77dabf621db5e2784c9e8d0e8a51d66300487e0a347,undefined FUN_1813a59b8(),ghidra,clean,
WHGame.dll,release_1_5_1164953_841,0x13a5be8,56,FUN_1813a5be8,,,d4640809463c286fd8a3204cfb1ab8a1959c18f3400fe602542a60eb053a4a0a,undefined FUN_1813a5be8(),ghidra,clean,
WHGame.dll,release_1_5_1164953_841,0x13a5c20,57,FUN_1813a5c20,,,ac5a588bf238d610d56e270d5f00164e67fb760f68ad0165f90a13f8198d3b43,undefined FUN_1813a5c20(),ghidra,clean,
WHGame.dll,release_1_5_1164953_841,0x13a5c5c,411,FUN_1813a5c5c,,,a12e49f68300fd1a964689f3f99122244a28733c2d04af76f0ed146d65848d02,undefined FUN_1813a5c5c(),ghidra,clean,
WHGame.dll,release_1_5_1164953_841,0x13a5de8,291,FUN_1813a5de8,,,93100b4fb2731f42fad4af496db4db24762ff638b320545d10ff7681849b9d14,undefined FUN_1813a5de8(),ghidra,clean,
WHGame.dll,release_1_5_1164953_841,0x13a5f00,327,FUN_1813a5f00,,,754081820f8ea19cbd03a561f95b668c84fd6aaef641d36078f2b4bcf98b7863,undefined FUN_1813a5f00(),ghidra,clean,
WHGame.dll,release_1_5_1164953_841,0x13a6048,405,FUN_1813a6048,,,2759a475a10c7c3295e66cf2ff7acdb221201a64e11b8d0d0d4248d4e11e01cb,undefined FUN_1813a6048(),ghidra,clean,
WHGame.dll,release_1_5_1164953_841,0x13a61e0,291,FUN_1813a61e0,,,90142db74076b0bbe1626fd658849bde40e585bd4a948bdcc70551ae0a608df0,undefined FUN_1813a61e0(),ghidra,clean,
WHGame.dll,release_1_5_1164953_841,0x13a62f8,327,FUN_1813a62f8,,,b7e2e796bbeaf4b122a4af48f02967fd4e897cbe77a7c929c97fb5098069d32f,undefined FUN_1813a62f8(),ghidra,clean,
WHGame.dll,release_1_5_1164953_841,0x13a6440,273,FUN_1813a6440,,,18f1c9874ffe79d449deac86ea4cc88240b56e234e04bc62a05ec677b5d7afd8,undefined FUN_1813a6440(),ghidra,clean,
WHGame.dll,release_1_5_1164953_841,0x13a6554,56,FUN_1813a6554,,,596723321711903bd25175e6c0edc59548859e1738ee52a961ea3206e7ef4fc7,undefined FUN_1813a6554(),ghidra,clean,
WHGame.dll,release_1_5_1164953_841,0x13a658c,327,FUN_1813a658c,,,bb637bbb959a8305c85a2e73362d8d79ab6526ec6e2fd4fe80d6898634d09da4,undefined FUN_1813a658c(),ghidra,clean,
WHGame.dll,release_1_5_1164953_841,0x13a66d4,21,FUN_1813a66d4,,,029f9fdff99990c862f90be69b015bed6e8f1b48bfe24e85b7b804b56d0b0a70,undefined FUN_1813a66d4(),ghidra,clean,
WHGame.dll,release_1_5_1164953_841,0x13a66ec,182,FUN_1813a66ec,,,f251841ae100058178d0a82dd55d6c73630efc714c8fb9723791b73b3da2cd46,undefined FUN_1813a66ec(),ghidra,clean,
WHGame.dll,release_1_5_1164953_841,0x13a67a4,307,FUN_1813a67a4,,,937a218428a844a5c29721a0617630d2fa609747e1fb6b2e8e071ebb9716fbb7,undefined FUN_1813a67a4(),ghidra,clean,
WHGame.dll,release_1_5_1164953_841,0x13a68d8,449,FUN_1813a68d8,,,9048ac1bcd63438fb0efe144d8439d10ae03f00bbd228d1544f9176d4955cfd9,undefined FUN_1813a68d8(),ghidra,clean,
WHGame.dll,release_1_5_1164953_841,0x13a6a9c,159,FUN_1813a6a9c,,,aa52bb1886b75f95675c4907f8dfcc07892cdd7b469486332e17776f3b4df2a1,undefined FUN_1813a6a9c(),ghidra,clean,
WHGame.dll,release_1_5_1164953_841,0x13a6b3c,39,FUN_1813a6b3c,,,3efcddcc0b46eba4e8893eac3940e6718dc9aca6646afc56fa1af8c60f310c11,undefined FUN_1813a6b3c(),ghidra,clean,
WHGame.dll,release_1_5_1164953_841,0x13a6b64,443,FUN_1813a6b64,,,95b327c9ddd2c1447117a946442d1320882f7e6cffd799b4ab9ce791b868a3c1,undefined FUN_1813a6b64(),ghidra,clean,
WHGame.dll,release_1_5_1164953_841,0x13a6d20,286,FUN_1813a6d20,,,f4f9c55abbb0393f5f68147f892c42a0887587e83ee925153f0cb609f030b354,undefined FUN_1813a6d20(),ghidra,clean,
WHGame.dll,release_1_5_1164953_841,0x13a6e40,311,FUN_1813a6e40,,,ae8ff8b0abf2d0e264763e228bae68add6eb116f92d32f1a68f35f4d15ce375a,undefined FUN_1813a6e40(),ghidra,clean,
WHGame.dll,release_1_5_1164953_841,0x13a6f78,21,FUN_1813a6f78,,,e602c4d4e1873d8536d0329af91563ba702fd1923fac12ee31663260b8d9203a,undefined FUN_1813a6f78(),ghidra,clean,
WHGame.dll,release_1_5_1164953_841,0x13a6f90,197,FUN_1813a6f90,,,4cc532ec0da532820c5d25c89be900a0f10ba2036c293feff4059b077d2591bc,undefined FUN_1813a6f90(),ghidra,clean,
WHGame.dll,release_1_5_1164953_841,0x13a701c,204,FUN_1813a701c,,,d996144b1d2504dc63de60f0c6db331471b245c7fe56c7b010a455cf2195edb5,undefined FUN_1813a701c(),ghidra,clean,
WHGame.dll,release_1_5_1164953_841,0x13a70e8,173,FUN_1813a70e8,,,816f0f7dd8301450015ffea245c18d11ff431d2cd8a8de5f07427e30a45be3d1,undefined FUN_1813a70e8(),ghidra,clean,
WHGame.dll,release_1_5_1164953_841,0x13a715c,173,FUN_1813a715c,,,06ee700c6d986f67de103f7f1dfc41e0d2fe536d1bf3398771ace577067b5d2a,undefined FUN_1813a715c(),ghidra,clean,
WHGame.dll,release_1_5_1164953_841,0x13a71d0,337,FUN_1813a71d0,,,265aa891453e656289bfdffb21b98fa12bb9a35146974390d5dc73fb843d8cff,undefined FUN_1813a71d0(),ghidra,clean,
WHGame.dll,release_1_5_1164953_841,0x13a7324,273,FUN_1813a7324,,,245e27c00ed1942fa54bfdebed8df20d18eb239e64f71f39f7d84a5816527964,undefined FUN_1813a7324(),ghidra,clean,
WHGame.dll,release_1_5_1164953_841,0x13a7438,273,FUN_1813a7438,,,e5f60b218899212c2bbb5926c35b706466b777bbea8b8402a13e8235be9cc2f4,undefined FUN_1813a7438(),ghidra,clean,
WHGame.dll,release_1_5_1164953_841,0x13a754c,57,FUN_1813a754c,,,df47b4f877e9bb16c6e8bd9318d18cdd2a2c3cd0f0c10883e5425ba81119df77,undefined FUN_1813a754c(),ghidra,clean,
WHGame.dll,release_1_5_1164953_841,0x13a7588,386,FUN_1813a7588,,,503a99374551998c3cb96fd8ec2d32a5dd443b496773bed92ee609e3138f7071,undefined FUN_1813a7588(),ghidra,clean,
WHGame.dll,release_1_5_1164953_841,0x13a770c,327,FUN_1813a770c,,,9675d3c9d33170c05956f526564702b1835832e52db710160e433873e4af1542,undefined FUN_1813a770c(),ghidra,clean,
WHGame.dll,release_1_5_1164953_841,0x13a7854,402,FUN_1813a7854,,,a9b1142364bb08756f0eaa13e55c20d752c87948c7c92b02c0d94838488c2259,undefined FUN_1813a7854(),ghidra,clean,
WHGame.dll,release_1_5_1164953_841,0x13a79e8,327,FUN_1813a79e8,,,7c73e4f3953be5da8798ffe3a7677200ceb9531c2af27d151c790f868fa990f0,undefined FUN_1813a79e8(),ghidra,clean,
WHGame.dll,release_1_5_1164953_841,0x13a7b30,386,FUN_1813a7b30,,,54f10b623d2c8d30bbfdb09516e0a31d6a0661ff8dbefd5725af2506c08e5721,undefined FUN_1813a7b30(),ghidra,clean,
WHGame.dll,release_1_5_1164953_841,0x13a7cb4,21,FUN_1813a7cb4,,,c6e58bee8f3b2633b9ad168cd266574473b05258d04be1e0f8108c996b5613b1,undefined FUN_1813a7cb4(),ghidra,clean,
WHGame.dll,release_1_5_1164953_841,0x13a7ccc,82,FUN_1813a7ccc,,,9ff9bb736e317e0add2a8877d0320a17c10a246c396300dea8643b1242d3f6a9,undefined FUN_1813a7ccc(),ghidra,clean,
WHGame.dll,release_1_5_1164953_841,0x13a7d20,82,FUN_1813a7d20,,,1eeb87d922a19db676d5d073fed75e148c183a11965cb1b24062c2f311e2795b,undefined FUN_1813a7d20(),ghidra,clean,
WHGame.dll,release_1_5_1164953_841,0x13a7d74,234,FUN_1813a7d74,,,62f96d175d5cb5ac502d31e77462e52e470cdb9b7f4c61da9330337199d3edb3,undefined FUN_1813a7d74(),ghidra,clean,
WHGame.dll,release_1_5_1164953_841,0x13a7e60,234,FUN_1813a7e60,,,c39b2e06f8a72332d63fde3ea81a5d2fe6d9021b73791f99e682c32342a7df23,undefined FUN_1813a7e60(),ghidra,clean,
WHGame.dll,release_1_5_1164953_841,0x13a7f4c,234,FUN_1813a7f4c,,,9aecb7af5485275edf71f978b572ed0c81316eb23a7f28117a0bbec0a351f9ec,undefined FUN_1813a7f4c(),ghidra,clean,
WHGame.dll,release_1_5_1164953_841,0x13a8038,234,FUN_1813a8038,,,2755e2d5a1344d2af26717b03a18102dfb2bd39e73f48364b422421b276d44f8,undefined FUN_1813a8038(),ghidra,clean,
WHGame.dll,release_1_5_1164953_841,0x13a8124,245,FUN_1813a8124,,,2c4c9538862a425a1d9cbbdfbd66c06772de62eba2734b3256a897adf15c0313,undefined FUN_1813a8124(),ghidra,clean,
WHGame.dll,release_1_5_1164953_841,0x13a821c,605,FUN_1813a821c,,,9e46b5bd387824ab44a7a2b4b96600b4420251a26783de09c0f37057589dd4e8,undefined FUN_1813a821c(),ghidra,clean,
WHGame.dll,release_1_5_1164953_841,0x13a845c,68,FUN_1813a845c,,,a66034126a0bd69b3c4a729090110d0f555094a30147dcebe7f14b590715d043,undefined FUN_1813a845c(),ghidra,clean,
WHGame.dll,release_1_5_1164953_841,0x13a84a0,109,FUN_1813a84a0,,,13047af709e6dd0f5f2f2dd637bb95f877a16e0f423c4dde07c4bbcc75a2ebaf,undefined FUN_1813a84a0(),ghidra,clean,
WHGame.dll,release_1_5_1164953_841,0x13a8510,163,FUN_1813a8510,,,19fa1e76f3929e8b207c109a67750499c1a1eff76d6927e6c090f9ebf24a7b02,undefined FUN_1813a8510(),ghidra,clean,
WHGame.dll,release_1_5_1164953_841,0x13a8594,385,FUN_1813a8594,,,ea09d2a3acd6927526d008478356d55d7840465800f9e3c3b279b77354b43b80,undefined FUN_1813a8594(),ghidra,clean,
WHGame.dll,release_1_5_1164953_841,0x13a8708,292,FUN_1813a8708,,,29b27486a9ecfef47bf561886d3e55c5279cb78a3ba0dc8987f874658cbdd09a,undefined FUN_1813a8708(),ghidra,clean,
WHGame.dll,release_1_5_1164953_841,0x13a882c,293,FUN_1813a882c,,,1ca5b1b8097eb446add1639d13b5f93dcbc7349ef723b5601b652d443356b4ad,undefined FUN_1813a882c(),ghidra,clean,
WHGame.dll,release_1_5_1164953_841,0x13a8954,234,FUN_1813a8954,,,f78465178a74944fcd0c9151e91465c98f01154b4c1e5768c5c9fd37de965b7b,undefined FUN_1813a8954(),ghidra,clean,
WHGame.dll,release_1_5_1164953_841,0x13a8a40,234,FUN_1813a8a40,,,96a5165975c28cac9e3fbadabf07b72c8fb28da85eb632a03b04a202110227cc,undefined FUN_1813a8a40(),ghidra,clean,
WHGame.dll,release_1_5_1164953_841,0x13a8b2c,234,FUN_1813a8b2c,,,835d8a30915122ad01a9c2687f1b49c69da3707b1287225813d246fa0215e16a,undefined FUN_1813a8b2c(),ghidra,clean,
WHGame.dll,release_1_5_1164953_841,0x13a8c18,234,FUN_1813a8c18,,,ee2e569544e761709c9e870ac2368c813795b6ab001c40c97f8a4d09d9a780b4,undefined FUN_1813a8c18(),ghidra,clean,
WHGame.dll,release_1_5_1164953_841,0x13a8d04,234,FUN_1813a8d04,,,17f703917f678c1f00852e6503dfa27cad74776dc441f0457c845308866a842a,undefined FUN_1813a8d04(),ghidra,clean,
WHGame.dll,release_1_5_1164953_841,0x13a8df0,234,FUN_1813a8df0,,,e4b117e4a2a5a86f0fc11b6cd09392c46422db6028ca41eb08c53fc3fe5c1fa4,undefined FUN_1813a8df0(),ghidra,clean,
WHGame.dll,release_1_5_1164953_841,0x13a8edc,234,FUN_1813a8edc,,,6cc7fe010898c8370c7b2636ced2d72ed5ed176f181f6e05b751669c3d0f3cd3,undefined FUN_1813a8edc(),ghidra,clean,
WHGame.dll,release_1_5_1164953_841,0x13a8fc8,234,FUN_1813a8fc8,,,f301afb5c7a50267c170253e5402eb9d7966fadb9787ec9e1ca1742a008326b3,undefined FUN_1813a8fc8(),ghidra,clean,
WHGame.dll,release_1_5_1164953_841,0x13a90b4,234,FUN_1813a90b4,,,1e8c91f7567635e44cb4cecca0b0125d4155aca8a2e590dcb8ed398d204c8af8,undefined FUN_1813a90b4(),ghidra,clean,
WHGame.dll,release_1_5_1164953_841,0x13a91a0,234,FUN_1813a91a0,,,7007907c0813fba0bca166db887ad5817d34224c125993184bfb7cc79e7cee07,undefined FUN_1813a91a0(),ghidra,clean,
WHGame.dll,release_1_5_1164953_841,0x13a928c,565,FUN_1813a928c,,,493c596f7f80587369b0a62d1761b36573f78a966924f6b686367744901eae9d,undefined FUN_1813a928c(),ghidra,clean,
WHGame.dll,release_1_5_1164953_841,0x13a94c4,773,FUN_1813a94c4,,,4ee8619c986a7c3ae8c12b76f63d4031544fb9bf96b83cf9dc040f8afd12d2e3,undefined FUN_1813a94c4(),ghidra,clean,
WHGame.dll,release_1_5_1164953_841,0x13a97cc,99,FUN_1813a97cc,,,8711156e28769dd78529e2e5f5e9a655ec4dca68bcb88c84b0ae1807f76a2efc,undefined FUN_1813a97cc(),ghidra,clean,
WHGame.dll,release_1_5_1164953_841,0x13a9830,376,FUN_1813a9830,,,d539dac32507592beffa5c80257421f54692085ad33c67ce96df1eab0fa1c475,undefined FUN_1813a9830(),ghidra,clean,
WHGame.dll,release_1_5_1164953_841,0x13a9964,26,FUN_1813a9964,,,4cccb6f8816d3a6e014f6750f1ab2e3eb886e64eb300231d53aa4866ccc6979b,undefined FUN_1813a9964(),ghidra,clean,
WHGame.dll,release_1_5_1164953_841,0x13a9980,151,FUN_1813a9980,,,618ebe8ee80be8f088824810b72c498ecb8d4ccaf260acce47727032784b75ae,undefined FUN_1813a9980(),ghidra,clean,
WHGame.dll,release_1_5_1164953_841,0x13a9a18,151,FUN_1813a9a18,,,e7fecc87f51913e61f0b0092003fae07f477fe5f33b1b9f8d7a326c0407669db,undefined FUN_1813a9a18(),ghidra,clean,
WHGame.dll,release_1_5_1164953_841,0x13a9ab0,1131,FUN_1813a9ab0,,,1cc92c62d90a838388f0163ed78e20f7f24f637b96a1e8723950b0b69ea51543,undefined FUN_1813a9ab0(),ghidra,clean,
WHGame.dll,release_1_5_1164953_841,0x13a9f1c,155,FUN_1813a9f1c,,,b5bfa99e85a205215313b52e440482158ca569bc6c21541e3e15d9ccd54a7047,undefined FUN_1813a9f1c(),ghidra,clean,
WHGame.dll,release_1_5_1164953_841,0x13a9fb8,304,FUN_1813a9fb8,,,3a34fab483d490ba63e1d841491a129e0cd66605ec5d3821ce0f1677ccbb5ef2,undefined FUN_1813a9fb8(),ghidra,clean,
WHGame.dll,release_1_5_1164953_841,0x13aa0e8,155,FUN_1813aa0e8,,,dfe1b6cbb266fc00d098c88736e3779d1c8f927c4a9617c63a39d9a29ab287d3,undefined FUN_1813aa0e8(),ghidra,clean,
WHGame.dll,release_1_5_1164953_841,0x13aa184,298,FUN_1813aa184,,,48d18cd51b8d09fc9cd690d4275882d4609fde8da44dec8d93230b4d00d9789d,undefined FUN_1813aa184(),ghidra,clean,
WHGame.dll,release_1_5_1164953_841,0x13aa2b0,151,FUN_1813aa2b0,,,20ebb8a52c79806771527373063faf4c75420d666d3599800802f813fc825270,undefined FUN_1813aa2b0(),ghidra,clean,
WHGame.dll,release_1_5_1164953_841,0x13aa348,151,FUN_1813aa348,,,da6d95902b0c335cb88634a2eef2a91ab7e673ab343334bc515bf872ff95d776,undefined FUN_1813aa348(),ghidra,clean,
WHGame.dll,release_1_5_1164953_841,0x13aa3e0,48,FUN_1813aa3e0,,,e2b8c62e45ee09ee0e73410cfbd961917fb96ce7366f7c52e6636e583e0054ac,undefined FUN_1813aa3e0(),ghidra,clean,
WHGame.dll,release_1_5_1164953_841,0x13aa410,224,FUN_1813aa410,,,e9d256877409c5848097dcb5f4f706b984b6546687eba4727b63b4aeb212865e,undefined FUN_1813aa410(),ghidra,clean,
WHGame.dll,release_1_5_1164953_841,0x13aa4f4,61,FUN_1813aa4f4,,,96702c4412ccb233a32b4d098e36f1164d4a70e7ac3730f7af99dd9e61865102,undefined FUN_1813aa4f4(),ghidra,clean,
WHGame.dll,release_1_5_1164953_841,0x13aa534,56,FUN_1813aa534,,,ce19916b3ed61dcec1b0c740325ff8b16ff9736d654a8f19dacbcc459cf7ab36,undefined FUN_1813aa534(),ghidra,clean,
WHGame.dll,release_1_5_1164953_841,0x13aa56c,366,FUN_1813aa56c,,,202cdecd5e2365e69ed6d2de7151941a55cc0240fc9123b8f9c3d45e4172b782,undefined FUN_1813aa56c(),ghidra,clean,
WHGame.dll,release_1_5_1164953_841,0x13aa610,84,FUN_1813aa610,,,5dfd4b20f3c6a19101fa2cd17a89546403eb3f813694a51bc00bae8f67eb2101,undefined FUN_1813aa610(),ghidra,clean,
WHGame.dll,release_1_5_1164953_841,0x13aa664,79,FUN_1813aa664,,,41e50e8c68ad65de81afce31e3df4ce0788e6fa9deeded57da7106775373685e,undefined FUN_1813aa664(),ghidra,clean,
WHGame.dll,release_1_5_1164953_841,0x13aa6b4,92,FUN_1813aa6b4,,,53ae3ac030cb68a4928faf9711ad8da433a09308a3b740c6e160900c863ce4ba,undefined FUN_1813aa6b4(),ghidra,clean,
WHGame.dll,release_1_5_1164953_841,0x13aa6f4,122,FUN_1813aa6f4,,,6447b41cdb7d8cfe7b876ac6f3021cd1fe3fd189195bd50128ebbb2a612d5f67,undefined FUN_1813aa6f4(),ghidra,clean,
WHGame.dll,release_1_5_1164953_841,0x13aa770,150,FUN_1813aa770,,,f82ca39746a4f49c21d47e2a7189a4cf7b7d22453729104e7843721d85f233af,undefined FUN_1813aa770(),ghidra,clean,
WHGame.dll,release_1_5_1164953_841,0x13aa7d0,343,FUN_1813aa7d0,,,84aa5e37ec3f7ba729e01705687bd4a4a8fd609ba7afd40fb3fbaabda14a3772,undefined FUN_1813aa7d0(),ghidra,clean,
WHGame.dll,release_1_5_1164953_841,0x13aa928,285,FUN_1813aa928,,,de2bff208f46f8ba6646ad1d43fcd17bec6ab4b3dcc63fb8a5947734baebd9bf,undefined FUN_1813aa928(),ghidra,clean,
WHGame.dll,release_1_5_1164953_841,0x13aa9c8,298,FUN_1813aa9c8,,,261280e6b23db1e599a15657ba424370cc591370c045a533bde583c31f1796c4,undefined FUN_1813aa9c8(),ghidra,clean,
WHGame.dll,release_1_5_1164953_841,0x13aaaf4,335,FUN_1813aaaf4,,,1833f8fe01b9280d54e2ada5e238fec5a780039531b84a9258830a78b24d4e0d,undefined FUN_1813aaaf4(),ghidra,clean,
WHGame.dll,release_1_5_1164953_841,0x13aabe2,8,FUN_1813aabe2,,,d584cb1a2afef309eb33a9b90753d6c9a99b0c481366318ccddcba175a3b8c54,undefined FUN_1813aabe2(),ghidra,clean,
WHGame.dll,release_1_5_1164953_841,0x13aabf4,155,FUN_1813aabf4,,,d0d0eee01213fc66980e73ed536899800343ba75c3d81670bb7f244cfb945921,undefined FUN_1813aabf4(),ghidra,clean,
WHGame.dll,release_1_5_1164953_841,0x13aac90,155,FUN_1813aac90,,,9f1d6378a72ff33a204bcbb8a76a751954eb49a602d2d6367f72c66062f473b6,undefined FUN_1813aac90(),ghidra,clean,
WHGame.dll,release_1_5_1164953_841,0x13aad2c,155,FUN_1813aad2c,,,cf935106701f5a312fa7e909d1f76abedbb3846338dcd9bac044c7148c7b3773,undefined FUN_1813aad2c(),ghidra,clean,
WHGame.dll,release_1_5_1164953_841,0x13aadc8,242,FUN_1813aadc8,,,e54a95e688d56d5c876ca4e6d004af587f37c7569d8189d5736dcc680ef0d5cb,undefined FUN_1813aadc8(),ghidra,clean,
WHGame.dll,release_1_5_1164953_841,0x13aaebc,18,FUN_1813aaebc,,,c227a1e4ae4429f5fa349cbf3126b0a3c12fd148901cd96b528778d1d75a9781,undefined FUN_1813aaebc(),ghidra,clean,
WHGame.dll,release_1_5_1164953_841,0x13aaed0,298,FUN_1813aaed0,,,5e06530203e7ca0bdfae23c6925b3499020d81c650052aac32a88ca5d688eea1,undefined FUN_1813aaed0(),ghidra,clean,
WHGame.dll,release_1_5_1164953_841,0x13aaffc,74,FUN_1813aaffc,,,058606c023559a5c2a272dd98d5e8f44328d11b783fdf187c609d2f39843dace,undefined FUN_1813aaffc(),ghidra,clean,
WHGame.dll,release_1_5_1164953_841,0x13ab048,129,FUN_1813ab048,,,2e298bea664af37f01613ecde1e62886c71fea0f2fcee51c6799dbe6513031d0,undefined FUN_1813ab048(),ghidra,clean,
WHGame.dll,release_1_5_1164953_841,0x13ab0cc,146,FUN_1813ab0cc,,,67943a0d1c4917deeed024e4141669f6d8795fcad21a8d3fef55df7605d6dfe8,undefined FUN_1813ab0cc(),ghidra,clean,
WHGame.dll,release_1_5_1164953_841,0x13ab160,129,FUN_1813ab160,,,803c53929eed4b69305c2f324b42aa0604945c72f29a89e7786564d2f934e68c,undefined FUN_1813ab160(),ghidra,clean,
WHGame.dll,release_1_5_1164953_841,0x13ab1cc,245,FUN_1813ab1cc,,,b5e7afdefe583eaa5909c889feeb0efec956b3667fdc910a27d7f8144125a364,undefined FUN_1813ab1cc(),ghidra,clean,
WHGame.dll,release_1_5_1164953_841,0x13ab2a8,32,FUN_1813ab2a8,,,e2fa3faebf9a21d6354dac5a7c59228a459452404bbb8a2381e96cd1586b0237,undefined FUN_1813ab2a8(),ghidra,clean,
WHGame.dll,release_1_5_1164953_841,0x13ab2c8,77,FUN_1813ab2c8,,,684640d6a8585a9b66a050612f116098522996860bf3ac2382fe41a0d29d90eb,undefined FUN_1813ab2c8(),ghidra,clean,
WHGame.dll,release_1_5_1164953_841,0x13ab318,297,FUN_1813ab318,,,49cb705c91eb71979c751bf996533e140625b5a2717be74af942a7e3ee575a92,undefined FUN_1813ab318(),ghidra,clean,
WHGame.dll,release_1_5_1164953_841,0x13ab444,129,FUN_1813ab444,,,57b23ff54e1893e3db2ccc477569c55c4e506ff42145a27f2f7f4036645f001e,undefined FUN_1813ab444(),ghidra,clean,
WHGame.dll,release_1_5_1164953_841,0x13ab4c8,356,FUN_1813ab4c8,,,c2a2621fe37207e1a43d9e83150c18579bc698f7303ffe12f58514d572d3704d,undefined FUN_1813ab4c8(),ghidra,clean,
WHGame.dll,release_1_5_1164953_841,0x13ab62c,335,FUN_1813ab62c,,,0fac9c88fe8c1682d1f8ddf0c9be816c829561dd9475ccb914ffe5f7c822e5c8,undefined FUN_1813ab62c(),ghidra,clean,
WHGame.dll,release_1_5_1164953_841,0x13ab768,63,FUN_1813ab768,,,74dd1b53cddb74cda010f2d4b64ba3766e0e2344d3383c327b569581e8598f94,undefined FUN_1813ab768(),ghidra,clean,
WHGame.dll,release_1_5_1164953_841,0x13ab7a8,1048,FUN_1813ab7a8,,,a51ffe862fc7ef9a7746356fedb691fa640606468127bee14cbaec1acfefc36a,undefined FUN_1813ab7a8(),ghidra,clean,
WHGame.dll,release_1_5_1164953_841,0x13abbc0,620,FUN_1813abbc0,,,8eb8969361db9b35ff86b9ff418593efbcca7794b30adf4db3f2b78d783cab76,undefined FUN_1813abbc0(),ghidra,clean,
WHGame.dll,release_1_5_1164953_841,0x13abc30,285,FUN_1813abc30,,,536103a6681ad97e37d655ffb1d56dd19b00eea579f2d18cbe88bc71ec7ec7b2,undefined FUN_1813abc30(),ghidra,clean,
WHGame.dll,release_1_5_1164953_841,0x13abcd0,181,FUN_1813abcd0,,,da70c1c188c3286ac410880f166dfa099ee04bc50e53bf66b2204d228891d1da,undefined FUN_1813abcd0(),ghidra,clean,
WHGame.dll,release_1_5_1164953_841,0x13abd5c,161,FUN_1813abd5c,,,b2882df7311048d90bccdfd99e9df0d6eada9f31fe77cb96a7289e69ad6d6511,undefined FUN_1813abd5c(),ghidra,clean,
WHGame.dll,release_1_5_1164953_841,0x13abe00,139,FUN_1813abe00,,,8b18b94c55792717e46cd88d2a57b916c2ec593461510e416e1950688511e126,undefined FUN_1813abe00(),ghidra,clean,
WHGame.dll,release_1_5_1164953_841,0x13abe8c,175,FUN_1813abe8c,,,d37a140cd5db55024114eba6c82309566b9041eaee7455ba780c3d70de344756,undefined FUN_1813abe8c(),ghidra,clean,
WHGame.dll,release_1_5_1164953_841,0x13abf3c,9,FUN_1813abf3c,,,fed6281e1478c71db2a373d53d9e49a15f45bde5ef47f2bebb83bfe74e35d6c3,undefined FUN_1813abf3c(),ghidra,clean,
WHGame.dll,release_1_5_1164953_841,0x13abf48,248,FUN_1813abf48,,,5b98eb926f803769f6a42aef7f022e234be893d2e18d0e4a76d6dfcbe86f1c90,undefined FUN_1813abf48(),ghidra,clean,
WHGame.dll,release_1_5_1164953_841,0x13ac040,44,FUN_1813ac040,,,bb79abb4c4452935ba7073e38912b574cec7baeb71edf8550784512863a8c089,undefined FUN_1813ac040(),ghidra,clean,
WHGame.dll,release_1_5_1164953_841,0x13ac06c,204,FUN_1813ac06c,,,549eed8801bffc8e45517ee5a8bd12cceb47fd5ce95624bc359e64fc4e5b9714,undefined FUN_1813ac06c(),ghidra,clean,
WHGame.dll,release_1_5_1164953_841,0x13ac110,80,FUN_1813ac110,,,2817e12d644d79e04721a36ec6b0fd050b53b3873788b0c82971dd98ace4a77f,undefined FUN_1813ac110(),ghidra,clean,
WHGame.dll,release_1_5_1164953_841,0x13ac160,85,FUN_1813ac160,,,02391920d02e61711ac9c5790765b4ac23e65faf45812a3510f33a200c1fa0b5,undefined FUN_1813ac160(),ghidra,clean,
WHGame.dll,release_1_5_1164953_841,0x13ac194,348,FUN_1813ac194,,,447dd1bd9ed0604d03b0187fd7d8d1e40f5002e9a32353f35d183ddd584a4730,undefined FUN_1813ac194(),ghidra,clean,
WHGame.dll,release_1_5_1164953_841,0x13ac2f4,26,FUN_1813ac2f4,,,169aea0406351407e67ca64aaeb4722cc9f5da3ca60a45b34253d333b5b2b829,undefined FUN_1813ac2f4(),ghidra,clean,
WHGame.dll,release_1_5_1164953_841,0x13ac310,136,FUN_1813ac310,,,9521129fdd685bbe2f3f6199a8e7683a9f1b8b68a49b5374dece40b988440ae1,undefined FUN_1813ac310(),ghidra,clean,
WHGame.dll,release_1_5_1164953_841,0x13ac37c,5,thunk_FUN_1813ac384,,,b0d40b133b9394d93820ac0104b0065121d2d73df32c7bfb4e4cf5d805a8b103,undefined thunk_FUN_1813ac384(),ghidra,clean,
WHGame.dll,release_1_5_1164953_841,0x13ac384,103,FUN_1813ac384,,,9b7ece4b9c44f4dcc72f5080c0d113ffe50cf1029ec71624843a8d24b36505c5,undefined FUN_1813ac384(),ghidra,clean,
WHGame.dll,release_1_5_1164953_841,0x13ac3ec,5,thunk_FUN_1813ac4b4,,,66eb758b0fa38babc795104834eff46780c3bed7e976d68ba1fadbb4b6859c08,undefined thunk_FUN_1813ac4b4(),ghidra,clean,
WHGame.dll,release_1_5_1164953_841,0x13ac3f4,232,FUN_1813ac3f4,,,2b36d385fb1dd3cadbde84ac4f8f2d0a128e7502b6864acef2abb98c1cd3e585,undefined FUN_1813ac3f4(),ghidra,clean,
WHGame.dll,release_1_5_1164953_841,0x13ac4b4,174,FUN_1813ac4b4,,,ce762127e968ab85bf741a1c54dbe1edc56a9407125ff4a6c364d17afd00ad2a,undefined FUN_1813ac4b4(),ghidra,clean,
WHGame.dll,release_1_5_1164953_841,0x13ac558,53,FUN_1813ac558,,,879d7c7b56625ba8902ce3a45c79d65dc50470356dc48a8b66e3b3dcb3c6322b,undefined FUN_1813ac558(),ghidra,clean,
WHGame.dll,release_1_5_1164953_841,0x13ac590,142,FUN_1813ac590,,,7b8bb3cac93767f4139f650f7b9e202267668e4edee1eeadb438412ed1bcd72f,undefined FUN_1813ac590(),ghidra,clean,
WHGame.dll,release_1_5_1164953_841,0x13ac620,436,FUN_1813ac620,,,0638f7f18bd3a6eb8df144d91b8c1c5bab75df8be065e1b571120867fe635eb7,undefined FUN_1813ac620(),ghidra,clean,
WHGame.dll,release_1_5_1164953_841,0x13ac700,180,FUN_1813ac700,,,0fe9800a39eff4ef35df948b26a5b4d5609079163893234a119aea5aac03d408,undefined FUN_1813ac700(),ghidra,clean,
WHGame.dll,release_1_5_1164953_841,0x13ac7b4,155,FUN_1813ac7b4,,,0259fe90adb161188965147024ac8be7b53ee66a6185c66a630c5eb7187090fe,undefined FUN_1813ac7b4(),ghidra,clean,
WHGame.dll,release_1_5_1164953_841,0x13ac850,291,FUN_1813ac850,,,454a01f67de453a985eba3b5e68975fe8cea7ee82ad09c15885881bdc3957447,undefined FUN_1813ac850(),ghidra,clean,
WHGame.dll,release_1_5_1164953_841,0x13ac974,155,FUN_1813ac974,,,d4add64feb75db27b48b34c1bb18b62eb466040373563c2daff59b9acc3e7da5,undefined FUN_1813ac974(),ghidra,clean,
WHGame.dll,release_1_5_1164953_841,0x13aca10,291,FUN_1813aca10,,,9b0a6c666e3971746ac9af655ccc92ff6f7127296db8fdce673bd4617bea16ef,undefined FUN_1813aca10(),ghidra,clean,
WHGame.dll,release_1_5_1164953_841,0x13acb34,155,FUN_1813acb34,,,874d15074f06cd27401872dfe64304643df2b1691423d9dcc5609a0fea93d6d5,undefined FUN_1813acb34(),ghidra,clean,
WHGame.dll,release_1_5_1164953_841,0x13acbd0,291,FUN_1813acbd0,,,cd75128f83453634071b8aa2b046f6e6239cbb9a5ce8a1b4eaa4a8fc1cf6bef0,undefined FUN_1813acbd0(),ghidra,clean,
WHGame.dll,release_1_5_1164953_841,0x13accf4,52,FUN_1813accf4,,,df8581ac0cd4715ccc93fc38e01476d106797263f3595acef55f1c32b2acd866,undefined FUN_1813accf4(),ghidra,clean,
WHGame.dll,release_1_5_1164953_841,0x13acd28,116,FUN_1813acd28,,,80a804fdc0e9e4d9c53d2ab52ce0883a8e685a376ce916d63a36324682ccd7d2,undefined FUN_1813acd28(),ghidra,clean,
WHGame.dll,release_1_5_1164953_841,0x13acd8c,234,FUN_1813acd8c,,,d3fa2aab1bd972c5dc053acf8b6f300b86d3b45aaa88380453a333d142390c74,undefined FUN_1813acd8c(),ghidra,clean,
WHGame.dll,release_1_5_1164953_841,0x13ace78,234,FUN_1813ace78,,,bb52a7ca1d34d8fd647455e70402dffe1a8a6339167596995ca46894fd7218c5,undefined FUN_1813ace78(),ghidra,clean,
WHGame.dll,release_1_5_1164953_841,0x13acf64,296,FUN_1813acf64,,,ba45874056bfe3c45a2a72eb5787ab8900f7a1fe90f232be75a6bf14f49190b1,undefined FUN_1813acf64(),ghidra,clean,
WHGame.dll,release_1_5_1164953_841,0x13ad08c,234,FUN_1813ad08c,,,4e5c86b4def0809723ef1ebc878d833a16e4654e5e7033cc37c363e5c2b172ed,undefined FUN_1813ad08c(),ghidra,clean,
WHGame.dll,release_1_5_1164953_841,0x13ad178,1618,FUN_1813ad178,,,ccdc0c84fc6cd890af4a79a7c8e61c81ed2cb9bed2640fefc784a36493140fdf,undefined FUN_1813ad178(),ghidra,clean,
WHGame.dll,release_1_5_1164953_841,0x13ad7cc,359,FUN_1813ad7cc,,,60a8531c971150afc7e32c5826e78304d61926d6eb84e24e9b77f8c0d2231d3f,undefined FUN_1813ad7cc(),ghidra,clean,
WHGame.dll,release_1_5_1164953_841,0x13ad924,254,FUN_1813ad924,,,f80b1a61537cefdd7bcb53a093bfcc966cfa98116f2662c6c220a6654b5c01fd,undefined FUN_1813ad924(),ghidra,clean,
WHGame.dll,release_1_5_1164953_841,0x13ada24,244,FUN_1813ada24,,,2d94840fa15f97ddaa84d8f2bd7d83643aa8e6663de47b913727c0ebb5141e76,undefined FUN_1813ada24(),ghidra,clean,
WHGame.dll,release_1_5_1164953_841,0x13adb18,142,FUN_1813adb18,,,4f9d9da9fac73724c9b2c4e62fc5f371367fec33fdd7b635026126d38fcadf6b,undefined FUN_1813adb18(),ghidra,clean,
WHGame.dll,release_1_5_1164953_841,0x13adba8,273,FUN_1813adba8,,,99138499a0d98f0d9c466723f18c7eafc351c9a7f590603584e747229802e894,undefined FUN_1813adba8(),ghidra,clean,
WHGame.dll,release_1_5_1164953_841,0x13adcac,196,FUN_1813adcac,,,71145f8f7a776126388625c0626906e0d9ab95c4ebcaa90966c325003ea90487,undefined FUN_1813adcac(),ghidra,clean,
WHGame.dll,release_1_5_1164953_841,0x13add68,175,FUN_1813add68,,,2035bd3edfeb4bf009cd3ebc85ea6b0bcbce7ace169894d21e3fcf77bf9e159f,undefined FUN_1813add68(),ghidra,clean,
WHGame.dll,release_1_5_1164953_841,0x13ade18,317,FUN_1813ade18,,,18ba2e33b437f51c9a1c88d23690eedaff984ffc15844f23fc403a5d9db192dc,undefined FUN_1813ade18(),ghidra,clean,
WHGame.dll,release_1_5_1164953_841,0x13adf44,264,FUN_1813adf44,,,41ede146d4ca317607b92df7359bfe9e61f4add6f491327bbc786378859e30ae,undefined FUN_1813adf44(),ghidra,clean,
WHGame.dll,release_1_5_1164953_841,0x13ae044,243,FUN_1813ae044,,,b73076a8af15e0104afa741a2f2049f0e4c74aec2ca52676bee2be1a86ab4502,undefined FUN_1813ae044(),ghidra,clean,
WHGame.dll,release_1_5_1164953_841,0x13ae138,791,FUN_1813ae138,,,213b60eb8d5af52e62cc54ab615295bc0e8c541b45f279e30d8069eeb0a3d726,undefined FUN_1813ae138(),ghidra,clean,
WHGame.dll,release_1_5_1164953_841,0x13ae238,26,FUN_1813ae238,,,819234953c91d716a341edb10dcca2267107efa13f78881bbca64f4a7a11eeca,undefined FUN_1813ae238(),ghidra,clean,
WHGame.dll,release_1_5_1164953_841,0x13ae254,155,FUN_1813ae254,,,f5c2bfb173104c06f50a4ffb97eb6efe2da67e6a34d18ad4a857e6de93d54eae,undefined FUN_1813ae254(),ghidra,clean,
WHGame.dll,release_1_5_1164953_841,0x13ae2f0,298,FUN_1813ae2f0,,,6687e7876591b08ac367d27232ae6446fe451e0d8e5bd99e27105cf366c20c11,undefined FUN_1813ae2f0(),ghidra,clean,
WHGame.dll,release_1_5_1164953_841,0x13ae41c,83,FUN_1813ae41c,,,65a8e4f981846ba51a67da7a2ea9fa8e15119abb923e91ff9923dd98101c2739,undefined FUN_1813ae41c(),ghidra,clean,
WHGame.dll,release_1_5_1164953_841,0x13ae470,808,FUN_1813ae470,,,cbffee7f8cfb8391aac4d56f1124e99bc8df14c3abab3d8daa95887a350b919d,undefined FUN_1813ae470(),ghidra,clean,
WHGame.dll,release_1_5_1164953_841,0x13ae770,157,FUN_1813ae770,,,6c5c48d169f9db6beb9511c2dee8d31aac4f6792f21a8897eac084fc88b17341,undefined FUN_1813ae770(),ghidra,clean,
WHGame.dll,release_1_5_1164953_841,0x13ae810,234,FUN_1813ae810,,,ab4fa17e93897628b414461c0c4d9a645af2d2fe8d40e566dd759ced6f11dc5a,undefined FUN_1813ae810(),ghidra,clean,
WHGame.dll,release_1_5_1164953_841,0x13ae8fc,234,FUN_1813ae8fc,,,e5bbb96cc218911dbc84a30dfad4ae43566f40aba67d622e247c86299c560ee5,undefined FUN_1813ae8fc(),ghidra,clean,
WHGame.dll,release_1_5_1164953_841,0x13ae9e8,234,FUN_1813ae9e8,,,8ff96adca8e43cfcd9fbd88c6c15b10a07d2dbeb2d97bcaf56e978bdefd6b0a9,undefined FUN_1813ae9e8(),ghidra,clean,
WHGame.dll,release_1_5_1164953_841,0x13aead4,296,FUN_1813aead4,,,5d3df01357e21a0fe0dabc12c363cc91558cba71e295fe64fae3b4459e4400ee,undefined FUN_1813aead4(),ghidra,clean,
WHGame.dll,release_1_5_1164953_841,0x13aebfc,378,FUN_1813aebfc,,,989d64dc56cf3447f37df3bfc361cb333df097a7b675181d2ef396d5e21fec46,undefined FUN_1813aebfc(),ghidra,clean,
WHGame.dll,release_1_5_1164953_841,0x13aed68,264,FUN_1813aed68,,,6731a4df62c5dad1d32dfcb7bc5de87dc1abc8983d63399d3788b6a9e73239cd,undefined FUN_1813aed68(),ghidra,clean,
WHGame.dll,release_1_5_1164953_841,0x13aee68,244,FUN_1813aee68,,,61b701fc5c58af874621e26670b4459f7a791497cc31bd38ff48bf3549d7048d,undefined FUN_1813aee68(),ghidra,clean,
WHGame.dll,release_1_5_1164953_841,0x13aef5c,234,FUN_1813aef5c,,,dd5470ac0a431d9c6a29cca9555236726f3ea4cb208e01243fb999520617ac4b,undefined FUN_1813aef5c(),ghidra,clean,
WHGame.dll,release_1_5_1164953_841,0x13af048,2537,FUN_1813af048,,,f423a86fa2428da2fc58d93214a55d77af3dc80ee1aab52732961f6a49de0aac,undefined FUN_1813af048(),ghidra,clean,
WHGame.dll,release_1_5_1164953_841,0x13afa34,68,FUN_1813afa34,,,9816297e9feb2d70a6cb253c1755610166c98b03f80729dc42229f0b6c4bfc1c,undefined FUN_1813afa34(),ghidra,clean,
WHGame.dll,release_1_5_1164953_841,0x13afa78,117,FUN_1813afa78,,,89f465a8a74ebfe5a41e5635628e192f51e3fab3aec9f0c22b31a49d11d75f56,undefined FUN_1813afa78(),ghidra,clean,
WHGame.dll,release_1_5_1164953_841,0x13afaf0,169,FUN_1813afaf0,,,10cebf7b0330cce55a094ef58bffab121ee168577980551707105a9644ed62c8,undefined FUN_1813afaf0(),ghidra,clean,
WHGame.dll,release_1_5_1164953_841,0x13afb9c,273,FUN_1813afb9c,,,7db5614f8e384ea49792070a8716a334c8748be10fbf208ef413723c9977615d,undefined FUN_1813afb9c(),ghidra,clean,
WHGame.dll,release_1_5_1164953_841,0x13afca0,196,FUN_1813afca0,,,7d52f896694e4d03bcba54e44ed0c59ba7f1a17b27a74812b6129d3c6193a71d,undefined FUN_1813afca0(),ghidra,clean,
WHGame.dll,release_1_5_1164953_841,0x13afd5c,175,FUN_1813afd5c,,,4aec4cc1420b02902b1aaf63c4a4c25ea80e9d4b38c443dda32ebaa40c806b68,undefined FUN_1813afd5c(),ghidra,clean,
WHGame.dll,release_1_5_1164953_841,0x13afe0c,317,FUN_1813afe0c,,,aa1067c0d762bec394f81c75a2657a04a0dbf03fc8c208bb9891a45cd37a07da,undefined FUN_1813afe0c(),ghidra,clean,
WHGame.dll,release_1_5_1164953_841,0x13aff38,264,FUN_1813aff38,,,197974b27bb2d0ccb91b9fab8c7f0cec3989f80b54e4260bdf58f805eed6c14a,undefined FUN_1813aff38(),ghidra,clean,
WHGame.dll,release_1_5_1164953_841,0x13b0038,243,FUN_1813b0038,,,b67175ef2ccc3fb55c558e69f7be74ca5f0350323782ce3187a076e3473643d8,undefined FUN_1813b0038(),ghidra,clean,
WHGame.dll,release_1_5_1164953_841,0x13b012c,741,FUN_1813b012c,,,3690671d2ae9eb0f30cdf77f70735ecc6559efdb5e34da2c0892b0ab9aebc591,undefined FUN_1813b012c(),ghidra,clean,
WHGame.dll,release_1_5_1164953_841,0x13b022c,26,FUN_1813b022c,,,819234953c91d716a341edb10dcca2267107efa13f78881bbca64f4a7a11eeca,undefined FUN_1813b022c(),ghidra,clean,
WHGame.dll,release_1_5_1164953_841,0x13b0248,155,FUN_1813b0248,,,33bcf989b58fbf7c941393581197c0f957d520803594c73d035a394ab3f0d964,undefined FUN_1813b0248(),ghidra,clean,
WHGame.dll,release_1_5_1164953_841,0x13b02e4,298,FUN_1813b02e4,,,7556414a6c1a759c7aa7fa7e0dc47d8409d7e8243bc5ec7ee627fbfe3203679e,undefined FUN_1813b02e4(),ghidra,clean,
WHGame.dll,release_1_5_1164953_841,0x13b0410,378,FUN_1813b0410,,,67bb664ff12f278b7eb240cd6de2cf4ce385f9152bc84bc5914234dfd66404dd,undefined FUN_1813b0410(),ghidra,clean,
WHGame.dll,release_1_5_1164953_841,0x13b057c,264,FUN_1813b057c,,,dcdae872442cb574fdbd898948c86e7f2c10a9257dff5619d275c60517b4d2f3,undefined FUN_1813b057c(),ghidra,clean,
WHGame.dll,release_1_5_1164953_841,0x13b067c,244,FUN_1813b067c,,,0f0f1eb884b2fa5d303f13a649ee53880bbfb278718e275487244d92304be293,undefined FUN_1813b067c(),ghidra,clean,
WHGame.dll,release_1_5_1164953_841,0x13b0770,110,FUN_1813b0770,,,d9e5b3e84f3be3ce0bdeccf1907bbf3e194a9e614ec2aedbc154350efe8ee14d,undefined FUN_1813b0770(),ghidra,clean,
WHGame.dll,release_1_5_1164953_841,0x13b07e0,180,FUN_1813b07e0,,,7895dcf66e059adb9fe40c5f49822988c247cc66ef06a975eec52a72b49150cc,undefined FUN_1813b07e0(),ghidra,clean,
WHGame.dll,release_1_5_1164953_841,0x13b0878,130,FUN_1813b0878,,,9d5a131e8a4129807a49daffe83ab7d0a96d574c2fdc3c5d48e19678c3db3b21,undefined FUN_1813b0878(),ghidra,clean,
WHGame.dll,release_1_5_1164953_841,0x13b08fc,5,thunk_FUN_1813b0904,,,b0d40b133b9394d93820ac0104b0065121d2d73df32c7bfb4e4cf5d805a8b103,undefined thunk_FUN_1813b0904(),ghidra,clean,
WHGame.dll,release_1_5_1164953_841,0x13b0904,103,FUN_1813b0904,,,a534ab1867e8ca0d567a83f3eee9432fc0adbae86b836ff238d7302948d27519,undefined FUN_1813b0904(),ghidra,clean,
WHGame.dll,release_1_5_1164953_841,0x13b096c,95,FUN_1813b096c,,,accbfdf07959af7cf1384c26b4d11b9dd1b55661c539345b0d49fa513bc6255d,undefined FUN_1813b096c(),ghidra,clean,
WHGame.dll,release_1_5_1164953_841,0x13b09cc,203,FUN_1813b09cc,,,5255d7e2394f634113050b348dff3ea7125c5c6dce2d5a66782c263e8a209d26,undefined FUN_1813b09cc(),ghidra,clean,
WHGame.dll,release_1_5_1164953_841,0x13b0a7c,53,FUN_1813b0a7c,,,efcd64f8c0d6eacefe143506dfb6e0810e7ddfaabf5c3c15675b9e5371eda514,undefined FUN_1813b0a7c(),ghidra,clean,
WHGame.dll,release_1_5_1164953_841,0x13b0ab4,147,FUN_1813b0ab4,,,b4e177f1b1168bab32f296848e35f7e47836c4681333038f855c1067c40687e4,undefined FUN_1813b0ab4(),ghidra,clean,
WHGame.dll,release_1_5_1164953_841,0x13b0b48,147,FUN_1813b0b48,,,12f4b6d5322be29c4fa049776cdc83b83e38c798da80171ea04176e54624c8cd,undefined FUN_1813b0b48(),ghidra,clean,
WHGame.dll,release_1_5_1164953_841,0x13b0bdc,147,FUN_1813b0bdc,,,2d4374faabdb0a8e66282b38f42e1a94f6ff84e2ce362932e499b31e9da60b39,undefined FUN_1813b0bdc(),ghidra,clean,
WHGame.dll,release_1_5_1164953_841,0x13b0c70,42,FUN_1813b0c70,,,66653573c736164c1b3564d093109f5dd587a430fffe892bdf0d01bbf5aeec79,undefined FUN_1813b0c70(),ghidra,clean,
WHGame.dll,release_1_5_1164953_841,0x13b0c9c,68,FUN_1813b0c9c,,,124c52118b9f9d28c6a9adc58303414694166e159e3722466d92726388bebf5b,undefined FUN_1813b0c9c(),ghidra,clean,
WHGame.dll,release_1_5_1164953_841,0x13b0ce0,100,FUN_1813b0ce0,,,7f0bcf98d30603d1801aa67aaac7ca6c3b452a57181c3da8773ad11533134b25,undefined FUN_1813b0ce0(),ghidra,clean,
WHGame.dll,release_1_5_1164953_841,0x13b0d44,431,FUN_1813b0d44,,,65d4c490168060248d20d9d595a3dde0230355aab7f7cc063a08c6ce1898c05e,undefined FUN_1813b0d44(),ghidra,clean,
WHGame.dll,release_1_5_1164953_841,0x13b0ea0,40,FUN_1813b0ea0,,,bfc54e3a6bf9f7446a18a14ec7d81f736f21443420884a4bbe1dd913980cd1dc,undefined FUN_1813b0ea0(),ghidra,clean,
WHGame.dll,release_1_5_1164953_841,0x13b0ec8,42,FUN_1813b0ec8,,,60933a3b21b2954ceae3f75671e4bd706a202e5955537365fdfa03ea116360ec,undefined FUN_1813b0ec8(),ghidra,clean,
WHGame.dll,release_1_5_1164953_841,0x13b0ef4,328,FUN_1813b0ef4,,,603d9444c44e9e2c2a7d2366fd50ea526468839d1da8a0472c0ccc02d8e0965f,undefined FUN_1813b0ef4(),ghidra,clean,
WHGame.dll,release_1_5_1164953_841,0x13b1040,100,FUN_1813b1040,,,970dc7a9b3fbdec57da462f9534f8af8a41fca4dfc53583edcf131fa99b67ce9,undefined FUN_1813b1040(),ghidra,clean,
WHGame.dll,release_1_5_1164953_841,0x13b10a4,50,FUN_1813b10a4,,,8dba564967567f00b4ae3192ee8f6f834b85a2b62ec741a8017a4103b82fb679,undefined FUN_1813b10a4(),ghidra,clean,
WHGame.dll,release_1_5_1164953_841,0x13b10d8,127,FUN_1813b10d8,,,6f27738004a717b700a23ac9cca27c5034586471d523e33ba43550ebe7ebc119,undefined FUN_1813b10d8(),ghidra,clean,
WHGame.dll,release_1_5_1164953_841,0x13b1158,119,FUN_1813b1158,,,bd2d589a6df8185795b78d8b5a97420062e30e93958fc76b9d36c2c030d1daa1,undefined FUN_1813b1158(),ghidra,clean,
WHGame.dll,release_1_5_1164953_841,0x13b11d0,143,FUN_1813b11d0,,,b55c5667de89962d25cb9284ced3cb6e735c44fc5857a87ea10328bc0ee0bdb8,undefined FUN_1813b11d0(),ghidra,clean,
WHGame.dll,release_1_5_1164953_841,0x13b1260,41,FUN_1813b1260,,,795423300e1f99fa33c478dbd81b074a78ec48a3e9a91c44857aebf1727244f7,undefined FUN_1813b1260(),ghidra,clean,
WHGame.dll,release_1_5_1164953_841,0x13b128c,174,FUN_1813b128c,,,332f8f9c59e6cb98a7a156c80c79ec7bb624931b1b20ef9ebd32728e86309152,undefined FUN_1813b128c(),ghidra,clean,
WHGame.dll,release_1_5_1164953_841,0x13b1330,139,FUN_1813b1330,,,eba13affbb3777bb49e920a62a882f694e4b0adced4d49cf5e678f3c1b085928,undefined FUN_1813b1330(),ghidra,clean,
WHGame.dll,release_1_5_1164953_841,0x13b13bc,104,FUN_1813b13bc,,,9c2998800b58f46193a1e7d531067793db8d7b31c006c37a687b685c2758858e,undefined FUN_1813b13bc(),ghidra,clean,
WHGame.dll,release_1_5_1164953_841,0x13b1424,139,FUN_1813b1424,,,f0f865d1ef2a71257a1b030a5ebcb1dc833062856e05fb74ebff5babf8ba7e79,undefined FUN_1813b1424(),ghidra,clean,
WHGame.dll,release_1_5_1164953_841,0x13b14b0,175,FUN_1813b14b0,,,deddfea2b2e3915766e47de8988e512998dafc6c9381601a9bdafe17fdfa9920,undefined FUN_1813b14b0(),ghidra,clean,
WHGame.dll,release_1_5_1164953_841,0x13b1560,285,FUN_1813b1560,,,28505428a5484c6bdcca9f8bd88a7f3e0fd3f36263b2b822b36eef505ec9b170,undefined FUN_1813b1560(),ghidra,clean,
WHGame.dll,release_1_5_1164953_841,0x13b1600,55,FUN_1813b1600,,,b2d512fe1bb66035964526b803385f2b13de2aefb8c0e7527f15ee62588ac70c,undefined FUN_1813b1600(),ghidra,clean,
WHGame.dll,release_1_5_1164953_841,0x13b1628,156,FUN_1813b1628,,,8442c1e44199d0c7c56f62e052b681aeac9609e5bdd279bdf8b3b043360f6ca0,undefined FUN_1813b1628(),ghidra,clean,
WHGame.dll,release_1_5_1164953_841,0x13b16bc,145,FUN_1813b16bc,,,ca594ae5d05f96e82b54317c4235dcaac77ede835446387df2bde5046d5f1f1c,undefined FUN_1813b16bc(),ghidra,clean,
WHGame.dll,release_1_5_1164953_841,0x13b1750,80,FUN_1813b1750,,,b0b3509c612a16bb6ac2250c94d88b0e7ee759c90c4cd1a803f5166371f955e6,undefined FUN_1813b1750(),ghidra,clean,
WHGame.dll,release_1_5_1164953_841,0x13b17a0,85,FUN_1813b17a0,,,c57f6d9633d07299230ff98e0159edf0f84336b443deee867c4936dc65be198b,undefined FUN_1813b17a0(),ghidra,clean,
WHGame.dll,release_1_5_1164953_841,0x13b17d4,105,FUN_1813b17d4,,,4349bb9acef78e3b3314e7e2d6968a7830d6af8d9ddfc7d7d9337da4c78e7c97,undefined FUN_1813b17d4(),ghidra,clean,
WHGame.dll,release_1_5_1164953_841,0x13b1840,137,FUN_1813b1840,,,e893830cc6650cb403d88fbbcde807a5fa6a99b9231b75ffa49b66acf582ab55,undefined FUN_1813b1840(),ghidra,clean,
WHGame.dll,release_1_5_1164953_841,0x13b18cc,174,FUN_1813b18cc,,,e49bede1a286ee0c87de713f07c29c55d1ec9af61a947a2b3b75c900fd6541fb,undefined FUN_1813b18cc(),ghidra,clean,
WHGame.dll,release_1_5_1164953_841,0x13b190c,150,FUN_1813b190c,,,3f04e0ec872d1f14dd2e6e8061ec94f5aac0c2ab793b33f177732b1fa6246a51,undefined FUN_1813b190c(),ghidra,clean,
WHGame.dll,release_1_5_1164953_841,0x13b19a4,119,FUN_1813b19a4,,,6f8ab274c97a346782d37023218513da9566a127c787690fa2bedc2badf20f42,undefined FUN_1813b19a4(),ghidra,clean,
WHGame.dll,release_1_5_1164953_841,0x13b1a1c,155,FUN_1813b1a1c,,,1cb398f34aea333ed2c3462227064c83ad9c40c13cb655486856d5b57e4e75c0,undefined FUN_1813b1a1c(),ghidra,clean,
WHGame.dll,release_1_5_1164953_841,0x13b1ab8,155,FUN_1813b1ab8,,,c7cba00c73cf76b6f97820fed95ae5d389d332e160f3bd1f954cf231a790322f,undefined FUN_1813b1ab8(),ghidra,clean,
WHGame.dll,release_1_5_1164953_841,0x13b1b54,155,FUN_1813b1b54,,,baadbb4cb15b64fdafd050d17bf61e99016b076cd752c375e5df04cc98827e4d,undefined FUN_1813b1b54(),ghidra,clean,
WHGame.dll,release_1_5_1164953_841,0x13b1bf0,190,FUN_1813b1bf0,,,ccf9da8f078fe60644dacaa308f8bded5ceeebc05769cd54b2e40b05c7df9180,undefined FUN_1813b1bf0(),ghidra,clean,
WHGame.dll,release_1_5_1164953_841,0x13b1cb0,190,FUN_1813b1cb0,,,d42b6940c46c4d4c55fbd041112094c1239cd722f8cead268953b530faa61ab0,undefined FUN_1813b1cb0(),ghidra,clean,
WHGame.dll,release_1_5_1164953_841,0x13b1d70,190,FUN_1813b1d70,,,50ca01c09f44510d78a6e07bc694c89e3d1f356268efa798732a7af6f416b5a2,undefined FUN_1813b1d70(),ghidra,clean,
WHGame.dll,release_1_5_1164953_841,0x13b1e30,155,FUN_1813b1e30,,,290ea8a13fb7a3e1cfb03869511c5b48a5dcd58aed9a5f5e53f30b2e82828be5,undefined FUN_1813b1e30(),ghidra,clean,
WHGame.dll,release_1_5_1164953_841,0x13b1ecc,311,FUN_1813b1ecc,,,8b353f82baa11230418a6d3fc06ba666f38449a12e2dc808a6a022e3443fedb8,undefined FUN_1813b1ecc(),ghidra,clean,
WHGame.dll,release_1_5_1164953_841,0x13b2004,311,FUN_1813b2004,,,18cb086054e8799b087cfa1871436443db45a43e093e65a3e46a7d8f9a8f6a9d,undefined FUN_1813b2004(),ghidra,clean,
WHGame.dll,release_1_5_1164953_841,0x13b213c,311,FUN_1813b213c,,,4775c1f536035e5d8d088e3f03835ea843ed2559c0a9e1bc064dca0d26be29c0,undefined FUN_1813b213c(),ghidra,clean,
WHGame.dll,release_1_5_1164953_841,0x13b2274,308,FUN_1813b2274,,,b3651d910e16de857c7387343029ab3fd2220805eac5775e1171c2600479ee57,undefined FUN_1813b2274(),ghidra,clean,
WHGame.dll,release_1_5_1164953_841,0x13b23a8,155,FUN_1813b23a8,,,50ffa60bcfb52ae2d8d51709eb24a16afe8928db218968bcd42d03f3aacda547,undefined FUN_1813b23a8(),ghidra,clean,
WHGame.dll,release_1_5_1164953_841,0x13b2444,311,FUN_1813b2444,,,72623c8eb4bce6920b200cccba50f97d8592ea7d2c0bde1a362c797a77813e01,undefined FUN_1813b2444(),ghidra,clean,
WHGame.dll,release_1_5_1164953_841,0x13b257c,215,FUN_1813b257c,,,1d6cdaf96b017e2bda4fb9fa891cfdb6f53e9d11ddfafcd1491b7d68b25c19c9,undefined FUN_1813b257c(),ghidra,clean,
WHGame.dll,release_1_5_1164953_841,0x13b2654,38,FUN_1813b2654,,,6d7a3677a9b61484516e37a3403d5fa1f63467ae2f863da3b9d05d07b9c43cc8,undefined FUN_1813b2654(),ghidra,clean,
WHGame.dll,release_1_5_1164953_841,0x13b267c,43,FUN_1813b267c,,,0606a125440d8c5e898eaa655bc9c6b22aaed04c7e22164c4e17ab1a5f3120a7,undefined FUN_1813b267c(),ghidra,clean,
WHGame.dll,release_1_5_1164953_841,0x13b26a8,180,FUN_1813b26a8,,,6daaba3eeec2b6263633abb90b74160f2e646f26eaf6b4022fe079540191a9d1,undefined FUN_1813b26a8(),ghidra,clean,
WHGame.dll,release_1_5_1164953_841,0x13b275c,43,FUN_1813b275c,,,98304957c01701b8c00332fa71a84577404537e55b3cfc08f510b5fbbd02c31d,undefined FUN_1813b275c(),ghidra,clean,
WHGame.dll,release_1_5_1164953_841,0x13b2788,150,FUN_1813b2788,,,5cfd264a30aca35d2d67aea6c810d078100501747ebeda784dabaa84cc1c9466,undefined FUN_1813b2788(),ghidra,clean,
WHGame.dll,release_1_5_1164953_841,0x13b2820,119,FUN_1813b2820,,,e11b7b54f5cfae58108a21dc8e65ef7668a31991505775ced3133755b7cc610e,undefined FUN_1813b2820(),ghidra,clean,
WHGame.dll,release_1_5_1164953_841,0x13b2898,155,FUN_1813b2898,,,c137daada4834a19ee1af630925dbf008638d5b9d63f1c88114c61c96121894c,undefined FUN_1813b2898(),ghidra,clean,
WHGame.dll,release_1_5_1164953_841,0x13b2934,155,FUN_1813b2934,,,11601ae6f0299102682fec923f3683a064e55a8d7759a19c272948485423ba35,undefined FUN_1813b2934(),ghidra,clean,
WHGame.dll,release_1_5_1164953_841,0x13b29d0,155,FUN_1813b29d0,,,4fe1f1d4f4fdfbb92893b4af95ece6c30eb891dd2a2a900cd7477301c454ddb6,undefined FUN_1813b29d0(),ghidra,clean,
WHGame.dll,release_1_5_1164953_841,0x13b2a6c,190,FUN_1813b2a6c,,,f7b0ef33b59fd366a45f21ca0daf7344d31986e29ac66a7c50799b5276aacd52,undefined FUN_1813b2a6c(),ghidra,clean,
WHGame.dll,release_1_5_1164953_841,0x13b2b2c,190,FUN_1813b2b2c,,,aef8a26ea3d6ff088d0736d92b700277490d8edc534f91adf78b01841b42a914,undefined FUN_1813b2b2c(),ghidra,clean,
WHGame.dll,release_1_5_1164953_841,0x13b2bec,190,FUN_1813b2bec,,,b12fc2456e734e1bad2a4faa6687a7a41c1cefd51c2b93d96870807237fe9da1,undefined FUN_1813b2bec(),ghidra,clean,
WHGame.dll,release_1_5_1164953_841,0x13b2cac,155,FUN_1813b2cac,,,a26199f403e9ff0b163e39ac5bf51169cd71112dd22e6856fb523f9c97dfd96d,undefined FUN_1813b2cac(),ghidra,clean,
WHGame.dll,release_1_5_1164953_841,0x13b2d48,240,FUN_1813b2d48,,,da9777707beba5c977109c9e1957612f323381fb36585486c1c324bca63d3f2b,undefined FUN_1813b2d48(),ghidra,clean,
WHGame.dll,release_1_5_1164953_841,0x13b2e38,18,FUN_1813b2e38,,,11f1b4e2e3ee87a01a3879c1366542aa0bc5e2f4760d352b7c262193948ba3b5,undefined FUN_1813b2e38(),ghidra,clean,
WHGame.dll,release_1_5_1164953_841,0x13b2e4c,311,FUN_1813b2e4c,,,36ef08d5191323f80ce44c4b887cfdea60b225d79ab2a18e58634b04d9b08b45,undefined FUN_1813b2e4c(),ghidra,clean,
WHGame.dll,release_1_5_1164953_841,0x13b2f84,311,FUN_1813b2f84,,,f6beacb6bc0401eae75977eac3a66ba32e452024c2c9386f6db8ca190b9e33f7,undefined FUN_1813b2f84(),ghidra,clean,
WHGame.dll,release_1_5_1164953_841,0x13b30bc,311,FUN_1813b30bc,,,fff3553ddd44ff4c8cf701dcb0bffe3aad05b2f1d0a23a14469f72a861326e44,undefined FUN_1813b30bc(),ghidra,clean,
WHGame.dll,release_1_5_1164953_841,0x13b31f4,50,FUN_1813b31f4,,,50babc24abc86d4e51a27e5f6d584c9aaa039a21782b55c71fe735250862da0b,undefined FUN_1813b31f4(),ghidra,clean,
WHGame.dll,release_1_5_1164953_841,0x13b3228,81,FUN_1813b3228,,,4173e68147a9650c886e069d46d0fead17653efa1a7472dcf1779a2d84c0a88b,undefined FUN_1813b3228(),ghidra,clean,
WHGame.dll,release_1_5_1164953_841,0x13b327c,81,FUN_1813b327c,,,d52c1ce62493cf8677f4c1f3ea95997c29c7d1177020a423eff3530e5af072e0,undefined FUN_1813b327c(),ghidra,clean,
WHGame.dll,release_1_5_1164953_841,0x13b32d0,81,FUN_1813b32d0,,,bdb7034c38f5ff999ee35a196dfd242c2e73cd620f55bf03e47b0160b533be71,undefined FUN_1813b32d0(),ghidra,clean,
WHGame.dll,release_1_5_1164953_841,0x13b3324,81,FUN_1813b3324,,,9beace2f28bde4fe120bac72114f28979dc4051760fe8ec8ae7cb0dda06e441a,undefined FUN_1813b3324(),ghidra,clean,
WHGame.dll,release_1_5_1164953_841,0x13b3378,224,FUN_1813b3378,,,7c0e68247fa1ff0022551298293cae4759fd78efcf82f32a015ed159fe164b7f,undefined FUN_1813b3378(),ghidra,clean,
WHGame.dll,release_1_5_1164953_841,0x13b345c,92,FUN_1813b345c,,,c13f728eebd7ca2dbdce49ed6309fd8475bf5497b73fa34ef7305b3a33320478,undefined FUN_1813b345c(),ghidra,clean,
WHGame.dll,release_1_5_1164953_841,0x13b349c,135,FUN_1813b349c,,,a79cd569a6ffa634ab0ce2316e48c7f8cc0525d5b23be89f5fb0905a5837febe,undefined FUN_1813b349c(),ghidra,clean,
WHGame.dll,release_1_5_1164953_841,0x13b3524,140,FUN_1813b3524,,,0da088e00e478447592d6e6b076c98f6a0f4c81cb8c700956bc4e343035dcf4e,undefined FUN_1813b3524(),ghidra,clean,
WHGame.dll,release_1_5_1164953_841,0x13b35b0,77,FUN_1813b35b0,,,c8058fc72f0f550a938c02bc0173747a15d9952f8d51d3314300037a50c204d2,undefined FUN_1813b35b0(),ghidra,clean,
WHGame.dll,release_1_5_1164953_841,0x13b35e0,370,FUN_1813b35e0,,,31d9f322024f0eb345d2fb19dfc3d35947296991369703cf24d9b143a28ac034,undefined FUN_1813b35e0(),ghidra,clean,
WHGame.dll,release_1_5_1164953_841,0x13b3754,28,FUN_1813b3754,,,e7407aa2d72622854e1a69306c07e2675b5c2ddb3e887df33c2026d4bef85276,undefined FUN_1813b3754(),ghidra,clean,
WHGame.dll,release_1_5_1164953_841,0x13b3770,41,FUN_1813b3770,,,26ec287b38797d7c56fa5211982588f520d0087c349234b2bb5b9349951037dd,undefined FUN_1813b3770(),ghidra,clean,
WHGame.dll,release_1_5_1164953_841,0x13b379c,52,FUN_1813b379c,,,de10c88b56430574c0e3af9fccc7e7697832379d13c24bc035ac655b501fb97c,undefined FUN_1813b379c(),ghidra,clean,
WHGame.dll,release_1_5_1164953_841,0x13b37d0,79,FUN_1813b37d0,,,fd20e6171acbc7e35e638e3dac392788f22e27ec59fa4b9a03c51f0efd782422,undefined FUN_1813b37d0(),ghidra,clean,
WHGame.dll,release_1_5_1164953_841,0x13b380c,373,FUN_1813b380c,,,4869bcd5eaf17d588a05e8dfd966b0383a5476520d9533179717eada907db89d,undefined FUN_1813b380c(),ghidra,clean,
WHGame.dll,release_1_5_1164953_841,0x13b39a0,99,FUN_1813b39a0,,,6347af8e78704f514b994362b72d4f54ca11597093ff6572367954ade01a3b8c,undefined FUN_1813b39a0(),ghidra,clean,
WHGame.dll,release_1_5_1164953_841,0x13b3a04,144,FUN_1813b3a04,,,f0159ac776739afaa66f2ee0ea9d728a97a6b030b7da8747034feb07ed2f4900,undefined FUN_1813b3a04(),ghidra,clean,
WHGame.dll,release_1_5_1164953_841,0x13b3a94,37,FUN_1813b3a94,,,04c4a64ac40a401b78d13b2cf8583fdb76eaa8d5eab55d792d60c81d7bb46f47,undefined FUN_1813b3a94(),ghidra,clean,
WHGame.dll,release_1_5_1164953_841,0x13b3abc,80,FUN_1813b3abc,,,50212f2dca6e1642a5bfea615374a6d69e9ae3584c117823e719416e9f48bdde,undefined FUN_1813b3abc(),ghidra,clean,
WHGame.dll,release_1_5_1164953_841,0x13b3b0c,80,FUN_1813b3b0c,,,cbb0b8b0cbf906d30c742eadaee060fab383d7a3143e831de67809295671487b,undefined FUN_1813b3b0c(),ghidra,clean,
WHGame.dll,release_1_5_1164953_841,0x13b3b5c,85,FUN_1813b3b5c,,,87766fcd9b545a1b3b30177eca86881abfe879326966f910b33605ec57fc34c2,undefined FUN_1813b3b5c(),ghidra,clean,
WHGame.dll,release_1_5_1164953_841,0x13b3b90,113,FUN_1813b3b90,,,ef0853366cb0b4e00a5bb537cfca1fc351d470e4e9b90440fa53c81e76fad7aa,undefined FUN_1813b3b90(),ghidra,clean,
WHGame.dll,release_1_5_1164953_841,0x13b3c04,121,FUN_1813b3c04,,,1e4ba5cf8c0260ec6c37ca89f1847eb0eeb44a66ae407b9bd55a6ee221b21815,undefined FUN_1813b3c04(),ghidra,clean,
WHGame.dll,release_1_5_1164953_841,0x13b3c64,55,FUN_1813b3c64,,,dd419bad2b60cefca9323e40ee906926e57d37cd927e6b08bef88ee3c5c0016a,undefined FUN_1813b3c64(),ghidra,clean,
WHGame.dll,release_1_5_1164953_841,0x13b3c8c,186,FUN_1813b3c8c,,,cf70e646705134366d3e084ae19151666cbfd8a9e067cf8a85e0b6266b696175,undefined FUN_1813b3c8c(),ghidra,clean,
WHGame.dll,release_1_5_1164953_841,0x13b3d48,65,FUN_1813b3d48,,,5978bac7d08d6b7346d1dcad2cee64c013fd687a6cbf22cf77c86b55211f96cc,undefined FUN_1813b3d48(),ghidra,clean,
WHGame.dll,release_1_5_1164953_841,0x13b3d8c,180,FUN_1813b3d8c,,,0ff68a88c63d223f4c9c395469c1b84eda834d1db647e18fb428c80c9a1938e2,undefined FUN_1813b3d8c(),ghidra,clean,
WHGame.dll,release_1_5_1164953_841,0x13b3e40,180,FUN_1813b3e40,,,82ba364198936f691d1f194140f30583843add7c2e111648fb557de161a507d7,undefined FUN_1813b3e40(),ghidra,clean,
WHGame.dll,release_1_5_1164953_841,0x13b3ef4,180,FUN_1813b3ef4,,,2d2a455c6b35291e3d635d5f8861282639e64fca1704b7224a4de4b0a2efda45,undefined FUN_1813b3ef4(),ghidra,clean,
WHGame.dll,release_1_5_1164953_841,0x13b3fa8,26,FUN_1813b3fa8,,,d4d46dd7f5a4ee5c64e4838699ad9442603eaece4831609e0b8b43d88e9718e0,undefined FUN_1813b3fa8(),ghidra,clean,
WHGame.dll,release_1_5_1164953_841,0x13b3fc4,155,FUN_1813b3fc4,,,260093231060f4c0148f72b9803499f7784b3a01687fc9c8cc2490b7a7f1175e,undefined FUN_1813b3fc4(),ghidra,clean,
WHGame.dll,release_1_5_1164953_841,0x13b4060,291,FUN_1813b4060,,,4c34a0673617478d2c8f8afecfdcc37452c384fd57d2ec10dc53a6aa9fabceba,undefined FUN_1813b4060(),ghidra,clean,
WHGame.dll,release_1_5_1164953_841,0x13b41a0,820,FUN_1813b41a0,,,e4e221132adf2b02921d0291dc7ac115c3cc7020017ae5484d1771385b540376,undefined FUN_1813b41a0(),ghidra,clean,
WHGame.dll,release_1_5_1164953_841,0x13b44d4,152,FUN_1813b44d4,,,c0db766127570f425367169b70bcc9d80bf099809e38dcf4d47946ddef4eeab7,undefined FUN_1813b44d4(),ghidra,clean,
WHGame.dll,release_1_5_1164953_841,0x13b456c,74,FUN_1813b456c,,,71047ba398a3f7b8560853c9bda5bfa6267f414f80ad777ef36868b1712915ef,undefined FUN_1813b456c(),ghidra,clean,
WHGame.dll,release_1_5_1164953_841,0x13b45a0,26,FUN_1813b45a0,,,784f42d42467bdc72bf303619520ab86d009b3466c28ed890d4202f919d16798,undefined FUN_1813b45a0(),ghidra,clean,
WHGame.dll,release_1_5_1164953_841,0x13b45bc,958,FUN_1813b45bc,,,9b764161596d581a13c428334f998a2bdd4d205779fc424e504cf59614d38bdd,undefined FUN_1813b45bc(),ghidra,clean,
WHGame.dll,release_1_5_1164953_841,0x13b497c,23,FUN_1813b497c,,,4a2215c3e820937481093c41c3a2c4fdd1b034767afb06c5e8afd475b2e2dc6a,undefined FUN_1813b497c(),ghidra,clean,
WHGame.dll,release_1_5_1164953_841,0x13b4994,155,FUN_1813b4994,,,d451669fcc7445b91ae920c7071d599cf1848a0782ad1809a329f9896418ddaf,undefined FUN_1813b4994(),ghidra,clean,
WHGame.dll,release_1_5_1164953_841,0x13b4a30,304,FUN_1813b4a30,,,887bea1502a79d7c06f0c55c2254ed6439947f17e97a562394edfd7dcc418dd5,undefined FUN_1813b4a30(),ghidra,clean,
WHGame.dll,release_1_5_1164953_841,0x13b4b60,155,FUN_1813b4b60,,,68b7fbe536bcfd259df0144d8e40c7f81a8b03f19ab0e687d88913b0db965199,undefined FUN_1813b4b60(),ghidra,clean,
WHGame.dll,release_1_5_1164953_841,0x13b4bfc,298,FUN_1813b4bfc,,,e01af32b5b22e9143efdc01ec8257c16afffa1b3c5770419f6f26d20eceb17c7,undefined FUN_1813b4bfc(),ghidra,clean,
WHGame.dll,release_1_5_1164953_841,0x13b4d28,55,FUN_1813b4d28,,,200e2f3fd059b9b0b3036c9251dcb0ef178669dc4a1775f7d2fc43df519489c3,undefined FUN_1813b4d28(),ghidra,clean,
WHGame.dll,release_1_5_1164953_841,0x13b4d50,181,FUN_1813b4d50,,,d316c7f3ddc60b7a0de984c3eea3d28ecc47c645174e7bbb896c7978f66a8bad,undefined FUN_1813b4d50(),ghidra,clean,
WHGame.dll,release_1_5_1164953_841,0x13b4e08,128,FUN_1813b4e08,,,c6848ee4ea30afcb007e571f503209b81420af2b64e223488d80bbadee494c54,undefined FUN_1813b4e08(),ghidra,clean,
WHGame.dll,release_1_5_1164953_841,0x13b4e88,604,FUN_1813b4e88,,,5fdb0a844288c8b84796b5bbea35cd87b5bde5b85fe09edc24a2eb6f382db6e3,undefined FUN_1813b4e88(),ghidra,clean,
WHGame.dll,release_1_5_1164953_841,0x13b50e4,37,FUN_1813b50e4,,,aabb8c1c72c54d6f23de4726524ad65cf4e5b735c7373b9aee49f3fd123cf48f,undefined FUN_1813b50e4(),ghidra,clean,
WHGame.dll,release_1_5_1164953_841,0x13b510c,844,FUN_1813b510c,,,6ddbcd318cbbedc194dc59d7f84002b7ac9c4ce33bff672dee77f5e2ecc7b48a,undefined FUN_1813b510c(),ghidra,clean,
WHGame.dll,release_1_5_1164953_841,0x13b5250,6125,FUN_1813b5250,,,0b2d7e529add3aecf228f1453c0ba0fd43fc7941f613a531e105ba3539e60747,undefined FUN_1813b5250(),ghidra,clean,
WHGame.dll,release_1_5_1164953_841,0x13b6a40,10,FUN_1813b6a40,,,35e80c06e0fd6d97ed3e9b9563e0ed5112614d943103cc334f62c3b9d37f7cfb,undefined FUN_1813b6a40(),ghidra,clean,
WHGame.dll,release_1_5_1164953_841,0x13b6a4c,73,FUN_1813b6a4c,,,3617f43faf11180f54bfffed8932a8bde20ae64365a6c93f3cd2c6661a62e9d6,undefined FUN_1813b6a4c(),ghidra,clean,
WHGame.dll,release_1_5_1164953_841,0x13b6a98,55,FUN_1813b6a98,,,713f439dd57731dbd7e34e45ba321fcbdb046c9fc400882e8f6ca7651e67a3b5,undefined FUN_1813b6a98(),ghidra,clean,
WHGame.dll,release_1_5_1164953_841,0x13b6ac0,179,FUN_1813b6ac0,,,0ea62921288791ab04a29e7eafb89cce5fb8faefc72ad40245ba31baf7669abe,undefined FUN_1813b6ac0(),ghidra,clean,
WHGame.dll,release_1_5_1164953_841,0x13b6b6c,92,FUN_1813b6b6c,,,63f2616ab6bbd60ab0585bc6d53ebb33e14dbe8bfe20792a503b8c64228fe9af,undefined FUN_1813b6b6c(),ghidra,clean,
WHGame.dll,release_1_5_1164953_841,0x13b6bcc,180,FUN_1813b6bcc,,,c51088d76d783454804c67727f8e82f6739ed084080a498e6b9e987b0be3dd6a,undefined FUN_1813b6bcc(),ghidra,clean,
WHGame.dll,release_1_5_1164953_841,0x13b6c80,204,FUN_1813b6c80,,,4c6667d73c2f89e1e51c85b216f55aa0045a7c9fa75a019b80b41f9a2911af06,undefined FUN_1813b6c80(),ghidra,clean,
WHGame.dll,release_1_5_1164953_841,0x13b6d2c,204,FUN_1813b6d2c,,,0f6b2557cd3219aaab9d709dd6c0f1ea7f7798ef472bf9979386ea538a078b37,undefined FUN_1813b6d2c(),ghidra,clean,
WHGame.dll,release_1_5_1164953_841,0x13b6dd8,204,FUN_1813b6dd8,,,4ef3bf0f745a300050ebd56182557009bacbd8de8af6a5498893d6c4c7161f43,undefined FUN_1813b6dd8(),ghidra,clean,
WHGame.dll,release_1_5_1164953_841,0x13b6e84,200,FUN_1813b6e84,,,fd12ef2b9c7225c06d48d0112ee6cfe4309931ed70ca32fa5735636340b95617,undefined FUN_1813b6e84(),ghidra,clean,
WHGame.dll,release_1_5_1164953_841,0x13b6f2c,26,FUN_1813b6f2c,,,9f58c383b7b66b6ec4baec45b8c1635d5fc231296c1c510120efc7865966156c,undefined FUN_1813b6f2c(),ghidra,clean,
WHGame.dll,release_1_5_1164953_841,0x13b6f48,151,FUN_1813b6f48,,,e6749e6ba2906d6a139b46e6181d926ff7a0fff04502eb01a111ea358ef84c44,undefined FUN_1813b6f48(),ghidra,clean,
WHGame.dll,release_1_5_1164953_841,0x13b6fe0,151,FUN_1813b6fe0,,,4788f7c02fbbdafbef889b6aac93263a3f74aeb2fdaa81f393f18e74f38c7e3a,undefined FUN_1813b6fe0(),ghidra,clean,
WHGame.dll,release_1_5_1164953_841,0x13b7078,151,FUN_1813b7078,,,fa1503f3928aec67f439629694a7eb4f8683d6a9cecaff7f806ec607ba5f7dd5,undefined FUN_1813b7078(),ghidra,clean,
WHGame.dll,release_1_5_1164953_841,0x13b7110,151,FUN_1813b7110,,,32f289128743b91183ed80878d1766dfc9b6c428caed72077ecc7affda8b4e23,undefined FUN_1813b7110(),ghidra,clean,
WHGame.dll,release_1_5_1164953_841,0x13b71a8,949,FUN_1813b71a8,,,8e5462ea023db225fb4898baf62d640155b286333bb802dc7d3327970b7dacf9,undefined FUN_1813b71a8(),ghidra,clean,
WHGame.dll,release_1_5_1164953_841,0x13b7560,23,FUN_1813b7560,,,4a2215c3e820937481093c41c3a2c4fdd1b034767afb06c5e8afd475b2e2dc6a,undefined FUN_1813b7560(),ghidra,clean,
WHGame.dll,release_1_5_1164953_841,0x13b7578,155,FUN_1813b7578,,,ce776707c8a70e1a6f7428153d091ea895eb873f4847a9914896ddce14403b1b,undefined FUN_1813b7578(),ghidra,clean,
WHGame.dll,release_1_5_1164953_841,0x13b7614,304,FUN_1813b7614,,,3894bb55c858c92ee9e3a3b7a480d1bd7cc41e11d1afc71e562c1a6e5f1f1025,undefined FUN_1813b7614(),ghidra,clean,
WHGame.dll,release_1_5_1164953_841,0x13b7744,155,FUN_1813b7744,,,39370ebfaead05b2f1432138128943dac66411dba249135707d9a87af7940bad,undefined FUN_1813b7744(),ghidra,clean,
WHGame.dll,release_1_5_1164953_841,0x13b77e0,298,FUN_1813b77e0,,,721f046ada571160b361ebd3dfffc2fbb5b9583bd563e8a89769f1b8e4ac076f,undefined FUN_1813b77e0(),ghidra,clean,
WHGame.dll,release_1_5_1164953_841,0x13b790c,151,FUN_1813b790c,,,ddc4c626d9e7fb17f9e1de6a8f2004cbf2866974ae000fe2afff7ab2586d937d,undefined FUN_1813b790c(),ghidra,clean,
WHGame.dll,release_1_5_1164953_841,0x13b79a4,151,FUN_1813b79a4,,,431fbd2352e9dc457fe06eddbf7a519ff9df3b6ce3790147fb7636ce3646c7ca,undefined FUN_1813b79a4(),ghidra,clean,
WHGame.dll,release_1_5_1164953_841,0x13b7a3c,151,FUN_1813b7a3c,,,3ab364cb39256a35adda528912ff5cf1d76e6d2fb5894296ed064006ff7b0554,undefined FUN_1813b7a3c(),ghidra,clean,
WHGame.dll,release_1_5_1164953_841,0x13b7ad4,151,FUN_1813b7ad4,,,3b630ff2ec7b6451af65b16a523371509d869ba8638e075d865ed480f7745f40,undefined FUN_1813b7ad4(),ghidra,clean,
WHGame.dll,release_1_5_1164953_841,0x13b7b6c,81,FUN_1813b7b6c,,,f798f0fa0e6bb66271b366b8178aafafc454afeddb2bb8097daab89fa6c6e4ec,undefined FUN_1813b7b6c(),ghidra,clean,
WHGame.dll,release_1_5_1164953_841,0x13b7bc0,81,FUN_1813b7bc0,,,c870c11e920e0976a58334d7d53730762fc45b116ebd084de733217c17df4d56,undefined FUN_1813b7bc0(),ghidra,clean,
WHGame.dll,release_1_5_1164953_841,0x13b7c14,81,FUN_1813b7c14,,,30ea92cfd71e04184f6915bfed767bc737cde537fc43288bbeae6e5f67896125,undefined FUN_1813b7c14(),ghidra,clean,
WHGame.dll,release_1_5_1164953_841,0x13b7c68,81,FUN_1813b7c68,,,af19ef5384a0103b5b56e9e57fccd53c2bb45953b0dff4898d0a671a46afdfbc,undefined FUN_1813b7c68(),ghidra,clean,
WHGame.dll,release_1_5_1164953_841,0x13b7cbc,49,FUN_1813b7cbc,,,6991edc1a03a740868a58504829aef94adb1c876f11b1fd76dec73159fad5ace,undefined FUN_1813b7cbc(),ghidra,clean,
WHGame.dll,release_1_5_1164953_841,0x13b7cf0,420,FUN_1813b7cf0,,,5e6ec5fee1d22d37a7608815cc4160a688c9cc0548a26e17032f06621c6cab52,undefined FUN_1813b7cf0(),ghidra,clean,
WHGame.dll,release_1_5_1164953_841,0x13b7e98,30,FUN_1813b7e98,,,dfa649f8b6208a1ad8116d3ecda2f414b3d91e5c85d3091d2d8e70d30bb7b087,undefined FUN_1813b7e98(),ghidra,clean,
WHGame.dll,release_1_5_1164953_841,0x13b7eb8,73,FUN_1813b7eb8,,,f322e1fc610f329265b175bcf4f739b1198fa068683c1f4c54796e31905fd115,undefined FUN_1813b7eb8(),ghidra,clean,
WHGame.dll,release_1_5_1164953_841,0x13b7f04,33,FUN_1813b7f04,,,c2c571f37e07842fdedfbbf607a9db64add61154bdee200d4151a4335b3af837,undefined FUN_1813b7f04(),ghidra,clean,
WHGame.dll,release_1_5_1164953_841,0x13b7f28,221,FUN_1813b7f28,,,474389d640989202a2765b19103db4e71c80f42f195cab02e9588a20f67ae5bb,undefined FUN_1813b7f28(),ghidra,clean,
WHGame.dll,release_1_5_1164953_841,0x13b8008,61,FUN_1813b8008,,,1a5d19167d07a60a71f57ab4b122afe515d679b1741e5c7fdb6ad31282ec0cf2,undefined FUN_1813b8008(),ghidra,clean,
WHGame.dll,release_1_5_1164953_841,0x13b8048,159,FUN_1813b8048,,,e532b728e14c454daddcf5907f7b28d1263e30cb0f4e692e5c6a59618c721827,undefined FUN_1813b8048(),ghidra,clean,
WHGame.dll,release_1_5_1164953_841,0x13b80e8,274,FUN_1813b80e8,,,8546e485cb364821f497bd14ffa4d124d268189460ba3b082443138c6f64aeca,undefined FUN_1813b80e8(),ghidra,clean,
WHGame.dll,release_1_5_1164953_841,0x13b81fc,153,FUN_1813b81fc,,,432a8825b3fbaa9bc38d8696f291abc89522f9b275cf502b47f9e3ae0a67931a,undefined FUN_1813b81fc(),ghidra,clean,
WHGame.dll,release_1_5_1164953_841,0x13b8298,9,FUN_1813b8298,,,3b20fe752b67e678641fbb6ee22db979723c374b4c60879d85d98a99620c33be,undefined FUN_1813b8298(),ghidra,clean,
WHGame.dll,release_1_5_1164953_841,0x13b82a4,9,FUN_1813b82a4,,,4c04b1ed5fcda2a974900c881492720920442791acfe4f8867177e2a58dd9461,undefined FUN_1813b82a4(),ghidra,clean,
WHGame.dll,release_1_5_1164953_841,0x13b82b0,170,FUN_1813b82b0,,,c730900c13c8087b830d10f4c04afee1683e2301c2829098a29eba6552f95d17,undefined FUN_1813b82b0(),ghidra,clean,
WHGame.dll,release_1_5_1164953_841,0x13b835c,114,FUN_1813b835c,,,ce3adea19b6a9b02d19077f0c3b0c8030b15e6bd87b06aa0e7531b8aec4dc65f,undefined FUN_1813b835c(),ghidra,clean,
WHGame.dll,release_1_5_1164953_841,0x13b83d0,34,FUN_1813b83d0,,,488d8a5cf7917dec5ce22688b70e843112c3576c09e14984f061e30f7bcdc2c2,undefined FUN_1813b83d0(),ghidra,clean,
WHGame.dll,release_1_5_1164953_841,0x13b83f4,140,FUN_1813b83f4,,,d3d4c961b16a629ce8d68f84cf649ad5b448d8839a22839eb6563b66272662ad,undefined FUN_1813b83f4(),ghidra,clean,
WHGame.dll,release_1_5_1164953_841,0x13b8480,190,FUN_1813b8480,,,33d1c55f56cfd81a3f1ebc93d6324ef31cbbd9b26a0a7640c6bf7d5bb9b8f498,undefined FUN_1813b8480(),ghidra,clean,
WHGame.dll,release_1_5_1164953_841,0x13b8540,190,FUN_1813b8540,,,dbccdb650b787f79ea4ebb8127526eebf71472b947c759f88a3dbd82ad6cf35d,undefined FUN_1813b8540(),ghidra,clean,
WHGame.dll,release_1_5_1164953_841,0x13b8600,190,FUN_1813b8600,,,b6fd80ae660da586fe6163790d9b525a524942e71f692029a7e2bd43205ea6e4,undefined FUN_1813b8600(),ghidra,clean,
WHGame.dll,release_1_5_1164953_841,0x13b86c0,190,FUN_1813b86c0,,,835b02f9c93967cf6b68e9a68f0b09da0bc966cc4f2714104178e294508dd52e,undefined FUN_1813b86c0(),ghidra,clean,
WHGame.dll,release_1_5_1164953_841,0x13b8780,190,FUN_1813b8780,,,b6cc8213d0fd97deddfdd98620ab6cdf5d19bf4ecb9c450d9456ee3027fa0a3a,undefined FUN_1813b8780(),ghidra,clean,
WHGame.dll,release_1_5_1164953_841,0x13b8840,155,FUN_1813b8840,,,6832c43c646f20ad7e136445a2a5ee52725836135b4ce84df2e6fd2b547b92e6,undefined FUN_1813b8840(),ghidra,clean,
WHGame.dll,release_1_5_1164953_841,0x13b88dc,291,FUN_1813b88dc,,,9a3752b4425dae0a1aebd4f4ae27965302f1a56510963bbfe72e5c388b75f461,undefined FUN_1813b88dc(),ghidra,clean,
WHGame.dll,release_1_5_1164953_841,0x13b8a00,382,FUN_1813b8a00,,,ea77a402444d60bc3d6f89272790a2cf4a2db76bf39912adb7ef1387d70eb879,undefined FUN_1813b8a00(),ghidra,clean,
WHGame.dll,release_1_5_1164953_841,0x13b8b80,251,FUN_1813b8b80,,,5b8e55cd727850a0c44bb5aea9e9a2f48b826c380bcc46cecca82195edc9d967,undefined FUN_1813b8b80(),ghidra,clean,
WHGame.dll,release_1_5_1164953_841,0x13b8c7c,142,FUN_1813b8c7c,,,ea0b4b58fa2595b5bd6af20842c475e27e0afe3b2341b43480bb42e9160c7eb5,undefined FUN_1813b8c7c(),ghidra,clean,
WHGame.dll,release_1_5_1164953_841,0x13b8d0c,268,FUN_1813b8d0c,,,2e5b998639055cf40c29fc1ed61da0d1c676a8fd98c37032d66a8bef048971e6,undefined FUN_1813b8d0c(),ghidra,clean,
WHGame.dll,release_1_5_1164953_841,0x13b8e20,27,FUN_1813b8e20,,,6c7c7fb14ef8f2999091925e74709c2bb949c3230822cbc4a1aecfdb453ba443,undefined FUN_1813b8e20(),ghidra,clean,
WHGame.dll,release_1_5_1164953_841,0x13b8e3c,155,FUN_1813b8e3c,,,ced09172448aeec1bbe007c8b1bc4134900ad62be6f333f5bafc9b6487d4fab7,undefined FUN_1813b8e3c(),ghidra,clean,
WHGame.dll,release_1_5_1164953_841,0x13b8ed8,291,FUN_1813b8ed8,,,238f2d749e0b9a6b940479e1dc59d9290ad09175a4ad11cad3d1fa0925eb60e1,undefined FUN_1813b8ed8(),ghidra,clean,
WHGame.dll,release_1_5_1164953_841,0x13b8ffc,201,FUN_1813b8ffc,,,1377de5ba850d53fbc1dd623ff08f560b2cda33c6584bf77b0d94e5f75184ead,undefined FUN_1813b8ffc(),ghidra,clean,
WHGame.dll,release_1_5_1164953_841,0x13b90c8,190,FUN_1813b90c8,,,615b662ece22746c8d1413e0a2f570f3abc09c60840b021496c942751a54e7c6,undefined FUN_1813b90c8(),ghidra,clean,
WHGame.dll,release_1_5_1164953_841,0x13b9188,269,FUN_1813b9188,,,130cbf68fc3f2a168b1b2a93ca47bd6e28137d1a4d11304ac49f7b9ff931ea84,undefined FUN_1813b9188(),ghidra,clean,
WHGame.dll,release_1_5_1164953_841,0x13b9284,302,FUN_1813b9284,,,86940864da2d8ea2bb80cc31adda478d8f211ec0eaa8ca9312586eb20cb5b761,undefined FUN_1813b9284(),ghidra,clean,
WHGame.dll,release_1_5_1164953_841,0x13b93a0,65,FUN_1813b93a0,,,fd18cc44c931b413de5ce90931c3d82a8248919344e628f48e53c556e7e05469,undefined FUN_1813b93a0(),ghidra,clean,
WHGame.dll,release_1_5_1164953_841,0x13b93e4,84,FUN_1813b93e4,,,c99e77973d6205933b5f3cb5fb0bd54c4b9230a1e664e5ef7a68fc67227c2ff8,undefined FUN_1813b93e4(),ghidra,clean,
WHGame.dll,release_1_5_1164953_841,0x13b9438,26,FUN_1813b9438,,,819234953c91d716a341edb10dcca2267107efa13f78881bbca64f4a7a11eeca,undefined FUN_1813b9438(),ghidra,clean,
WHGame.dll,release_1_5_1164953_841,0x13b9454,155,FUN_1813b9454,,,8b8c96f5548e72ee7b709427d66d9a71825bc05c4eca4ca31fc35e4150fbe83b,undefined FUN_1813b9454(),ghidra,clean,
WHGame.dll,release_1_5_1164953_841,0x13b94f0,301,FUN_1813b94f0,,,74ed8c92e89ed7380615f70fba4149e828c98ce2f1d06615dca77c1127dad7f8,undefined FUN_1813b94f0(),ghidra,clean,
WHGame.dll,release_1_5_1164953_841,0x13b9620,194,FUN_1813b9620,,,5e1301e4c238ce2f67ad442ee0eeade0eba279ecc1fd025175da1e4d3db71190,undefined FUN_1813b9620(),ghidra,clean,
WHGame.dll,release_1_5_1164953_841,0x13b96e4,155,FUN_1813b96e4,,,8608875e650eed9ebd239ff2cd323a03351927b54e2faf0ee94e924cc69f4604,undefined FUN_1813b96e4(),ghidra,clean,
WHGame.dll,release_1_5_1164953_841,0x13b9780,190,FUN_1813b9780,,,83c0af4b9dc0f0e36f5db10f4e80c6bacad534b8daa563c1e09cd58cdccc485c,undefined FUN_1813b9780(),ghidra,clean,
WHGame.dll,release_1_5_1164953_841,0x13b9840,234,FUN_1813b9840,,,409be722cde8b30868771893d62b6352c76d4f2d171cf3de1f935663d04c429f,undefined FUN_1813b9840(),ghidra,clean,
WHGame.dll,release_1_5_1164953_841,0x13b992c,207,FUN_1813b992c,,,afe1f96a6f5e750495019ffb67c602ff6d0ffd2d002fbb5eded8030e4c9d7a42,undefined FUN_1813b992c(),ghidra,clean,
WHGame.dll,release_1_5_1164953_841,0x13b99ec,251,FUN_1813b99ec,,,7f6d773a7a076c01de2b88cf1892890c52e0b8d06a6774bb21fd0fa823325863,undefined FUN_1813b99ec(),ghidra,clean,
WHGame.dll,release_1_5_1164953_841,0x13b9ae8,196,FUN_1813b9ae8,,,1b63b3af640672e6a7404f5a5ec22f0f402f52bde3a6be8d45c5dd690e59cb6e,undefined FUN_1813b9ae8(),ghidra,clean,
WHGame.dll,release_1_5_1164953_841,0x13b9bac,26,FUN_1813b9bac,,,819234953c91d716a341edb10dcca2267107efa13f78881bbca64f4a7a11eeca,undefined FUN_1813b9bac(),ghidra,clean,
WHGame.dll,release_1_5_1164953_841,0x13b9bc8,155,FUN_1813b9bc8,,,f1ce11432ee2faead74bb8b80f0d2e89b926f0d1a0a1b0ca807a066c8cd2c211,undefined FUN_1813b9bc8(),ghidra,clean,
WHGame.dll,release_1_5_1164953_841,0x13b9c64,234,FUN_1813b9c64,,,f6c0ff3500eaa9d64b0fb783feca81b7a93704b8044517fb913ad8d92422f814,undefined FUN_1813b9c64(),ghidra,clean,
WHGame.dll,release_1_5_1164953_841,0x13b9d50,207,FUN_1813b9d50,,,b146775cbba98016d5547e5fe855295eff3bda28c103278eaf95253304e3b8e8,undefined FUN_1813b9d50(),ghidra,clean,
WHGame.dll,release_1_5_1164953_841,0x13b9e10,251,FUN_1813b9e10,,,f1879db1a1e2523856064af975c9a0c3169e2bf485eac2231e6ab4ca6c9c64e7,undefined FUN_1813b9e10(),ghidra,clean,
WHGame.dll,release_1_5_1164953_841,0x13b9f0c,196,FUN_1813b9f0c,,,d90cd9084fca927aa93606198fee386f9fc6f6fdc79fcb3d5fd570749e01d99a,undefined FUN_1813b9f0c(),ghidra,clean,
WHGame.dll,release_1_5_1164953_841,0x13b9fd0,26,FUN_1813b9fd0,,,819234953c91d716a341edb10dcca2267107efa13f78881bbca64f4a7a11eeca,undefined FUN_1813b9fd0(),ghidra,clean,
WHGame.dll,release_1_5_1164953_841,0x13b9fec,155,FUN_1813b9fec,,,f1e39bbbbaaf0c4404a284ebe5ddb34a8057182a77e73e9580bb70cb66252e6e,undefined FUN_1813b9fec(),ghidra,clean,
WHGame.dll,release_1_5_1164953_841,0x13ba088,234,FUN_1813ba088,,,d9b501547049bc0b8c8b6c6d0bc51b718669481acee26782b573349cf4c6b8bd,undefined FUN_1813ba088(),ghidra,clean,
WHGame.dll,release_1_5_1164953_841,0x13ba174,207,FUN_1813ba174,,,3bad0134946f94d0120364ca664821839cc63dd9515690759e86775c517aa603,undefined FUN_1813ba174(),ghidra,clean,
WHGame.dll,release_1_5_1164953_841,0x13ba234,251,FUN_1813ba234,,,159869e9fa83aaa6f2452328c2223b978d1be3b3d846548c8ecac491a3390e71,undefined FUN_1813ba234(),ghidra,clean,
WHGame.dll,release_1_5_1164953_841,0x13ba330,196,FUN_1813ba330,,,2793f374aa76fa0beb964a06ffcc180de22c2f0dcc5fc7b8b1467af11f6cc45a,undefined FUN_1813ba330(),ghidra,clean,
WHGame.dll,release_1_5_1164953_841,0x13ba3f4,26,FUN_1813ba3f4,,,819234953c91d716a341edb10dcca2267107efa13f78881bbca64f4a7a11eeca,undefined FUN_1813ba3f4(),ghidra,clean,
WHGame.dll,release_1_5_1164953_841,0x13ba410,155,FUN_1813ba410,,,bbec3be844af2122eae1195887dc61366a043e98d906c236ec2ee9aaa9b09adf,undefined FUN_1813ba410(),ghidra,clean,
WHGame.dll,release_1_5_1164953_841,0x13ba4ac,245,FUN_1813ba4ac,,,22cb4b6c8b679c46365b1568ba30dc0dffaf2abde7b01abd50f595f007e9904c,undefined FUN_1813ba4ac(),ghidra,clean,
WHGame.dll,release_1_5_1164953_841,0x13ba5a4,18,FUN_1813ba5a4,,,af98cd8c2156110ef0cac251e1aa7b87310d50aaec1cff616b3b97f8c790a438,undefined FUN_1813ba5a4(),ghidra,clean,
WHGame.dll,release_1_5_1164953_841,0x13ba5b8,291,FUN_1813ba5b8,,,a423431e4d02cf0f1368c6b3242d9f7d645858a9d182fa8acce657069a1af73e,undefined FUN_1813ba5b8(),ghidra,clean,
WHGame.dll,release_1_5_1164953_841,0x13ba6dc,68,FUN_1813ba6dc,,,d1fb1ab1070884e5fc9fa326a4be8ef5e2f3f02c03fdef2442428141d945d82e,undefined FUN_1813ba6dc(),ghidra,clean,
WHGame.dll,release_1_5_1164953_841,0x13ba720,26,FUN_1813ba720,,,70509e233b81a4b980391cbde5d0f4e0f57007794a397523a1f478e8884bbf63,undefined FUN_1813ba720(),ghidra,clean,
WHGame.dll,release_1_5_1164953_841,0x13ba73c,1137,FUN_1813ba73c,,,a8ebc782472d164c8cbb433ef83a971d7415e6489d920a694b218f0c76811017,undefined FUN_1813ba73c(),ghidra,clean,
WHGame.dll,release_1_5_1164953_841,0x13babb0,155,FUN_1813babb0,,,360b1cfe85d8e786a89a3e211a4065ead884345d0fbeb1b60579845346f30e0d,undefined FUN_1813babb0(),ghidra,clean,
WHGame.dll,release_1_5_1164953_841,0x13bac4c,314,FUN_1813bac4c,,,387f76e4c5aea6c2026e61f196cf86eeaacb691967d5f5da7e91e91833987e64,undefined FUN_1813bac4c(),ghidra,clean,
WHGame.dll,release_1_5_1164953_841,0x13bad88,155,FUN_1813bad88,,,e24b5f145dc4de8ea6a9b6e2fc4d50dbdbca28106c5faa718ad7b68e98d57840,undefined FUN_1813bad88(),ghidra,clean,
WHGame.dll,release_1_5_1164953_841,0x13bae24,308,FUN_1813bae24,,,c73715ea986036d99bca05c3bee82819681aec240556cff1744e9d3b9483a498,undefined FUN_1813bae24(),ghidra,clean,
WHGame.dll,release_1_5_1164953_841,0x13baf58,157,FUN_1813baf58,,,750dfdb1e2155584be84fba73bbc781061f2cdd7945b93716bb340dbf73af7c9,undefined FUN_1813baf58(),ghidra,clean,
WHGame.dll,release_1_5_1164953_841,0x13baff8,155,FUN_1813baff8,,,a74681bfbd897bdc1ecd3f2e845129f0efb6fb66f939a2c57a0c1a14aa9f07b7,undefined FUN_1813baff8(),ghidra,clean,
WHGame.dll,release_1_5_1164953_841,0x13bb094,291,FUN_1813bb094,,,de7afae62522396bb3016397c1802efeb8592a51312292028c7f418c23688f67,undefined FUN_1813bb094(),ghidra,clean,
WHGame.dll,release_1_5_1164953_841,0x13bb1b8,36,FUN_1813bb1b8,,,de0b65b215fac32cb9e962cbecea4f4579b0bb89bbd2c272a8a49631933e2a45,undefined FUN_1813bb1b8(),ghidra,clean,
WHGame.dll,release_1_5_1164953_841,0x13bb1dc,181,FUN_1813bb1dc,,,b8e78eab9d41b8d155fd1fe350db0536492344ccc5afe1b33b461f559a650250,undefined FUN_1813bb1dc(),ghidra,clean,
WHGame.dll,release_1_5_1164953_841,0x13bb294,223,FUN_1813bb294,,,134e1a063c7d685c924e704cbf4c82de85cb440a6a495baf291e004df0729520,undefined FUN_1813bb294(),ghidra,clean,
WHGame.dll,release_1_5_1164953_841,0x13bb374,47,FUN_1813bb374,,,bfdbcddff42425bc688af33bfcad4ee5b78989b1574ae6cd6ac3569865f6a542,undefined FUN_1813bb374(),ghidra,clean,
WHGame.dll,release_1_5_1164953_841,0x13bb3a4,5,thunk_FUN_1813bb3ac,,,b0d40b133b9394d93820ac0104b0065121d2d73df32c7bfb4e4cf5d805a8b103,undefined thunk_FUN_1813bb3ac(),ghidra,clean,
WHGame.dll,release_1_5_1164953_841,0x13bb3ac,194,FUN_1813bb3ac,,,ac0aaa37e0dde09ddcc19072061dd5905fe10936bff847dbff4e467bb24836fa,undefined FUN_1813bb3ac(),ghidra,clean,
WHGame.dll,release_1_5_1164953_841,0x13bb470,367,FUN_1813bb470,,,ee22e153dfc6a66e3d974593b1d24da43dcf674d1d8ff273489d420f6f0ea3b9,undefined FUN_1813bb470(),ghidra,clean,
WHGame.dll,release_1_5_1164953_841,0x13bb4fc,289,FUN_1813bb4fc,,,a9e81a54b8aa38697c25fedc43217e2be3fea56cc6f3908c8d529f0b979a66f2,undefined FUN_1813bb4fc(),ghidra,clean,
WHGame.dll,release_1_5_1164953_841,0x13bb580,30,FUN_1813bb580,,,bc0f070998140635cac1ffd8440c74a236969c563b5f25bcb4c7f078be98965a,undefined FUN_1813bb580(),ghidra,clean,
WHGame.dll,release_1_5_1164953_841,0x13bb5a0,928,FUN_1813bb5a0,,,9e48da8dda4e754e0da198938634e09e633ebeff1065616bb19c408350824045,undefined FUN_1813bb5a0(),ghidra,clean,
WHGame.dll,release_1_5_1164953_841,0x13bb940,23,FUN_1813bb940,,,4a2215c3e820937481093c41c3a2c4fdd1b034767afb06c5e8afd475b2e2dc6a,undefined FUN_1813bb940(),ghidra,clean,
WHGame.dll,release_1_5_1164953_841,0x13bb958,155,FUN_1813bb958,,,2511eddd720817ac95913c7253ae2665c19626debfbfdc678f9af05ba7d8a6b6,undefined FUN_1813bb958(),ghidra,clean,
WHGame.dll,release_1_5_1164953_841,0x13bb9f4,23,FUN_1813bb9f4,,,720a0a138dccc7c5917d01f723a155ba61b52ee77cb073a12e07c44058aee808,undefined FUN_1813bb9f4(),ghidra,clean,
WHGame.dll,release_1_5_1164953_841,0x13bba0c,23,FUN_1813bba0c,,,5a253613ae2c8c15dc10fa4cd8a1ac5c117dd9cd21cd905320c7ac6dc8f2b3c9,undefined FUN_1813bba0c(),ghidra,clean,
WHGame.dll,release_1_5_1164953_841,0x13bba24,155,FUN_1813bba24,,,f12cdbb681b2d7005e226e1caf3e7d56535b13b8b5cf38bf5d20a89eddfed280,undefined FUN_1813bba24(),ghidra,clean,
WHGame.dll,release_1_5_1164953_841,0x13bbac0,155,FUN_1813bbac0,,,55ae5800a4b626d39c4be9e63ee68e3be5b128686ab7a14f92e9fc96d4d7d45e,undefined FUN_1813bbac0(),ghidra,clean,
WHGame.dll,release_1_5_1164953_841,0x13bbb5c,240,FUN_1813bbb5c,,,996779f218230dd71c9cbd5d7032b043d676a2a99cd06c852e136c25f6a14f35,undefined FUN_1813bbb5c(),ghidra,clean,
WHGame.dll,release_1_5_1164953_841,0x13bbc4c,18,FUN_1813bbc4c,,,11439b355484b5fc2ca5bfa65ba94594a95a7e9ab16955766be272ebac6d2758,undefined FUN_1813bbc4c(),ghidra,clean,
WHGame.dll,release_1_5_1164953_841,0x13bbc60,298,FUN_1813bbc60,,,42340427e6ae41d55afce98af95d0f3be7f74d0af81e6f388a3f246c6ba7710f,undefined FUN_1813bbc60(),ghidra,clean,
WHGame.dll,release_1_5_1164953_841,0x13bbd8c,301,FUN_1813bbd8c,,,f6a02b7aa0ff40fe5fc9db6670eed856565831c51503827fcd7054a9884bc533,undefined FUN_1813bbd8c(),ghidra,clean,
WHGame.dll,release_1_5_1164953_841,0x13bbebc,285,FUN_1813bbebc,,,1a6e4b5ab94d35e5352bd1450a9ec36bd4875f2526b7d572bf947baa08a9a95a,undefined FUN_1813bbebc(),ghidra,clean,
WHGame.dll,release_1_5_1164953_841,0x13bbf5c,170,FUN_1813bbf5c,,,ee1f7b7632ffd4b7b659ce468f313a2f1ca5d21a9c8f9417b935770c804e614e,undefined FUN_1813bbf5c(),ghidra,clean,
WHGame.dll,release_1_5_1164953_841,0x13bbffc,161,FUN_1813bbffc,,,90cdebbf5631e61fdeb38139893d04b04824f8b771669f0ec425f31f0e9fbd65,undefined FUN_1813bbffc(),ghidra,clean,
WHGame.dll,release_1_5_1164953_841,0x13bc0a0,139,FUN_1813bc0a0,,,2f87c93176c9396b2c57003b6b5e1df90e2718b9ef39d11aa541840eb58131ea,undefined FUN_1813bc0a0(),ghidra,clean,
WHGame.dll,release_1_5_1164953_841,0x13bc12c,175,FUN_1813bc12c,,,c5b266bfd79ccc050ade2b328582f479398c68cb5acb85adb2ad937ebf2a91d3,undefined FUN_1813bc12c(),ghidra,clean,
WHGame.dll,release_1_5_1164953_841,0x13bc1dc,170,FUN_1813bc1dc,,,a42065c0bf49b82a3252ae7caf20acb7ac55c6c595d2393f9eef7bb87118ef2e,undefined FUN_1813bc1dc(),ghidra,clean,
WHGame.dll,release_1_5_1164953_841,0x13bc288,180,FUN_1813bc288,,,09afe845d02584768b8fc132b48994b4b8156dbb0262232329b2ac288d766799,undefined FUN_1813bc288(),ghidra,clean,
WHGame.dll,release_1_5_1164953_841,0x13bc33c,391,FUN_1813bc33c,,,855a691f4c1ff02520a78c44473eda7db6ff4350c467edece44b9a8413ce5412,undefined FUN_1813bc33c(),ghidra,clean,
WHGame.dll,release_1_5_1164953_841,0x13bc4c4,430,FUN_1813bc4c4,,,9fdfa0e5f095a42836b619a5a26026ea146082e610a059da8cff60c04d8d69db,undefined FUN_1813bc4c4(),ghidra,clean,
WHGame.dll,release_1_5_1164953_841,0x13bc680,25,FUN_1813bc680,,,86a558d017965bcaa4acb9e5a0bab3e2ff7e1791f34466917c4d6950ca64dfba,undefined FUN_1813bc680(),ghidra,clean,
WHGame.dll,release_1_5_1164953_841,0x13bc69c,285,FUN_1813bc69c,,,aedc37d4c0bc4f0cd4c6f4c8425855c9c3d0444ad0e6a3f372231f6ead163769,undefined FUN_1813bc69c(),ghidra,clean,
WHGame.dll,release_1_5_1164953_841,0x13bc73c,594,FUN_1813bc73c,,,016fcd0af920f33b9f07702f7d3927565d02c319b99ae0b8bda5ad658272e7b6,undefined FUN_1813bc73c(),ghidra,clean,
WHGame.dll,release_1_5_1164953_841,0x13bc990,91,FUN_1813bc990,,,d506265e869db24104057ea2f74e93a0e5820beca67c2739e021e7cf2c826736,undefined FUN_1813bc990(),ghidra,clean,
WHGame.dll,release_1_5_1164953_841,0x13bc9ec,521,FUN_1813bc9ec,,,9384f49e9cb869a3d69fa6cbb5f43af0e1434dd492d3d50f98c0926686cee9a3,undefined FUN_1813bc9ec(),ghidra,clean,
WHGame.dll,release_1_5_1164953_841,0x13bcb88,134,FUN_1813bcb88,,,fa9b5b9208bd7961f44bddcc41f997026439473953c6056a71dd027155fc30dd,undefined FUN_1813bcb88(),ghidra,clean,
WHGame.dll,release_1_5_1164953_841,0x13bcc10,754,FUN_1813bcc10,,,f378738d1d35d3e462a22daee5f9afc3c9ddc1253fc0df098c37aef01258647c,undefined FUN_1813bcc10(),ghidra,clean,
WHGame.dll,release_1_5_1164953_841,0x13bcf04,52,FUN_1813bcf04,,,b6ee30c5d3966e459fe8446cea5e41ec1c9964da2b97f635c21a6bcd0c8412fe,undefined FUN_1813bcf04(),ghidra,clean,
WHGame.dll,release_1_5_1164953_841,0x13bcf38,50,FUN_1813bcf38,,,6a79c396d43fa9bcaf99315c0130c3a18a67ce8399826bb7d9bf305bc2274d20,undefined FUN_1813bcf38(),ghidra,clean,
WHGame.dll,release_1_5_1164953_841,0x13bcf6c,233,FUN_1813bcf6c,,,8644cb1dcb360a63035c759f176c75bb48c713ffa38578890cc3e3e0c97beed2,undefined FUN_1813bcf6c(),ghidra,clean,
WHGame.dll,release_1_5_1164953_841,0x13bd058,96,FUN_1813bd058,,,9e7c1c28988d19f654f4df82a3fb777183a4f88d6aee30798267d47a862e6204,undefined FUN_1813bd058(),ghidra,clean,
WHGame.dll,release_1_5_1164953_841,0x13bd0b8,199,FUN_1813bd0b8,,,8839b2c0e8373ef0b156a86583f8d7248821d79605290cb09c1f6d92e4f2ce2f,undefined FUN_1813bd0b8(),ghidra,clean,
WHGame.dll,release_1_5_1164953_841,0x13bd180,108,FUN_1813bd180,,,c0f1c2c41a746704b70436cb12cc4cd34e0ee95cca734dd7a4482a2cde13b89e,undefined FUN_1813bd180(),ghidra,clean,
WHGame.dll,release_1_5_1164953_841,0x13bd1d8,160,FUN_1813bd1d8,,,910ba70c922f60325932c152d76bb65aa499d4381482652afb0c90a4ab9cb7b7,undefined FUN_1813bd1d8(),ghidra,clean,
WHGame.dll,release_1_5_1164953_841,0x13bd260,251,FUN_1813bd260,,,fbc173cf45439e0f50200bcef9d1e3157846f0ea6e13375fa9cd05f8273fffd4,undefined FUN_1813bd260(),ghidra,clean,
WHGame.dll,release_1_5_1164953_841,0x13bd328,26,FUN_1813bd328,,,07131c09a06c7d929b661f4cf44ee0e33c85dd8ec442b140ef47fe56ac552130,undefined FUN_1813bd328(),ghidra,clean,
WHGame.dll,release_1_5_1164953_841,0x13bd344,190,FUN_1813bd344,,,04c6e03dbf0d168356a09ca8532c9288a56bdc046d2b5c952ee19e2a270895aa,undefined FUN_1813bd344(),ghidra,clean,
WHGame.dll,release_1_5_1164953_841,0x13bd404,26,FUN_1813bd404,,,2ee3f01cef5301ec620e66e7f10d95918d5443dc8dadd338b95fc188516182e3,undefined FUN_1813bd404(),ghidra,clean,
WHGame.dll,release_1_5_1164953_841,0x13bd420,109,FUN_1813bd420,,,3d317223fd99a8f2096dbede08ace7c5c964d1ddd68f66005e9422c12bdb2ca4,undefined FUN_1813bd420(),ghidra,clean,
WHGame.dll,release_1_5_1164953_841,0x13bd490,68,FUN_1813bd490,,,a8349bf65a35fb71d3374fb4bdfc7bb234cb33b9cf2eea9f6c836a6598e8844d,undefined FUN_1813bd490(),ghidra,clean,
WHGame.dll,release_1_5_1164953_841,0x13bd4d4,68,FUN_1813bd4d4,,,89af112b88dec0e74319e5ce660951f9f5984d419c0aca46bfbb3a5a6e3f14a9,undefined FUN_1813bd4d4(),ghidra,clean,
WHGame.dll,release_1_5_1164953_841,0x13bd518,68,FUN_1813bd518,,,4a68469938ce1087acd4cba5d6d9c678020620c161486699e9a89b05f55c2ebf,undefined FUN_1813bd518(),ghidra,clean,
WHGame.dll,release_1_5_1164953_841,0x13bd55c,68,FUN_1813bd55c,,,e8697179693f83e7645b534c0664c8975b5267f6d6aa20c54676f29320cb455f,undefined FUN_1813bd55c(),ghidra,clean,
WHGame.dll,release_1_5_1164953_841,0x13bd5a0,68,FUN_1813bd5a0,,,849128b9bcda2c43c4e232bedea885ae59f88a0a886d73a8be20a0891716c862,undefined FUN_1813bd5a0(),ghidra,clean,
WHGame.dll,release_1_5_1164953_841,0x13bd5e4,68,FUN_1813bd5e4,,,832d3633a7dedcbe2dfa47423df965111aa6cc1bb2f1042cc66b89e2c3799f36,undefined FUN_1813bd5e4(),ghidra,clean,
WHGame.dll,release_1_5_1164953_841,0x13bd628,188,FUN_1813bd628,,,c064e7400211fb306d7825e7fdf6810e8ab87bd41c73878f6aa7f2cb0f109d22,undefined FUN_1813bd628(),ghidra,clean,
WHGame.dll,release_1_5_1164953_841,0x13bd6e4,188,FUN_1813bd6e4,,,5f225ad04b0d8537d6a79d5a28e579d2a335e61c2141385d27df25190db2cbfb,undefined FUN_1813bd6e4(),ghidra,clean,
WHGame.dll,release_1_5_1164953_841,0x13bd7a0,147,FUN_1813bd7a0,,,7c37539d6c262abad6d2a4a2b15caad287341fbf5a65558d1a9b4ca7b0aaa425,undefined FUN_1813bd7a0(),ghidra,clean,
WHGame.dll,release_1_5_1164953_841,0x13bd834,147,FUN_1813bd834,,,fb4d335aca37af37a18482f01b96b787bf01615a10ddad54b846eb93c1dde417,undefined FUN_1813bd834(),ghidra,clean,
WHGame.dll,release_1_5_1164953_841,0x13bd8c8,117,FUN_1813bd8c8,,,e109f561df6fba694c1902eb11cb1303fe724a878ef0d59f76b2120a37d1a34b,undefined FUN_1813bd8c8(),ghidra,clean,
WHGame.dll,release_1_5_1164953_841,0x13bd940,190,FUN_1813bd940,,,a76614b67b8bc2fb2a26b39b85fbe968480a5fd0048e123d34c29f58f36e3a0e,undefined FUN_1813bd940(),ghidra,clean,
WHGame.dll,release_1_5_1164953_841,0x13bda00,190,FUN_1813bda00,,,eab67f85ed797b8b845e00465e4819af600549ad961055d76530968e384c4cdb,undefined FUN_1813bda00(),ghidra,clean,
WHGame.dll,release_1_5_1164953_841,0x13bdac0,251,FUN_1813bdac0,,,4a7e140596f8b496b74b1d6abfcd97f5f74d41c99f3d4d1b61777aa8c3307fb7,undefined FUN_1813bdac0(),ghidra,clean,
WHGame.dll,release_1_5_1164953_841,0x13bdbbc,224,FUN_1813bdbbc,,,94d88a064de901527e155221234141506ad284940254aaba667bac279d7f5524,undefined FUN_1813bdbbc(),ghidra,clean,
WHGame.dll,release_1_5_1164953_841,0x13bdc9c,78,FUN_1813bdc9c,,,55377089630fa0218ed0fc96b4f98945d5fcc0cb610576c7a3e2e306418d4b8c,undefined FUN_1813bdc9c(),ghidra,clean,
WHGame.dll,release_1_5_1164953_841,0x13bdce4,126,FUN_1813bdce4,,,732651738ee5b53bf2f9e7d038a9b4301097c136458206b969905d242a7112e7,undefined FUN_1813bdce4(),ghidra,clean,
WHGame.dll,release_1_5_1164953_841,0x13bdd62,14,FUN_1813bdd62,,,c24b18b2802665012c85312310a2b7be62bd3a248ca4068340450dda32860a82,undefined FUN_1813bdd62(),ghidra,clean,
WHGame.dll,release_1_5_1164953_841,0x13bdd70,26,FUN_1813bdd70,,,fe1cb3e13c13b7a4249c4434af6edd7b8d3748a30d91f66083b931a83848ac8e,undefined FUN_1813bdd70(),ghidra,clean,
WHGame.dll,release_1_5_1164953_841,0x13bdd8c,26,FUN_1813bdd8c,,,0c2726d30f39923cb183d13aa8c01401b310c869589fa511043749e2f20286c1,undefined FUN_1813bdd8c(),ghidra,clean,
WHGame.dll,release_1_5_1164953_841,0x13bdda8,11,FUN_1813bdda8,,,192e63cae4b23409462c6744af65d11a97932929b1293495c8425d2fb671983d,undefined FUN_1813bdda8(),ghidra,clean,
WHGame.dll,release_1_5_1164953_841,0x13bddb4,336,FUN_1813bddb4,,,761da145a44c92729092209692fbd3d25230abf2654a81e2391c64dff16cdd98,undefined FUN_1813bddb4(),ghidra,clean,
WHGame.dll,release_1_5_1164953_841,0x13bdf08,64,FUN_1813bdf08,,,f74cc14f9362f6abc60c59b2bc4820f10fd1135b81decbefeed8c777ec7210a5,undefined FUN_1813bdf08(),ghidra,clean,
WHGame.dll,release_1_5_1164953_841,0x13bdf48,250,FUN_1813bdf48,,,5920fa87fad5ccbf1eeb1c9a3018ad28da1b9d9d2951753491f16d57332bafbf,undefined FUN_1813bdf48(),ghidra,clean,
WHGame.dll,release_1_5_1164953_841,0x13be044,625,FUN_1813be044,,,689a27739d02a21b02101fcc2d8a23134399d01cc89e5d52caf7339fe58cb4f7,undefined FUN_1813be044(),ghidra,clean,
WHGame.dll,release_1_5_1164953_841,0x13be2b8,363,FUN_1813be2b8,,,9bc5dbd7aea53248a68bb94a0522d66f5ce12d129fde867b4e2e75142a337c71,undefined FUN_1813be2b8(),ghidra,clean,
WHGame.dll,release_1_5_1164953_841,0x13be424,532,FUN_1813be424,,,5f34b7a07a1feb7bb72f565525f40498f9d957d66b314ae448f436417bf03f23,undefined FUN_1813be424(),ghidra,clean,
WHGame.dll,release_1_5_1164953_841,0x13be638,55,FUN_1813be638,,,8a0a996c1d4878fb48ee85662ea39e50a31e3f0a70d4a9bded78ce74371fc67d,undefined FUN_1813be638(),ghidra,clean,
WHGame.dll,release_1_5_1164953_841,0x13be670,62,FUN_1813be670,,,5f8f40f69d109d2ca716a1e21a0318e3994402581323e24c6fc01cbf94ae8e0d,undefined FUN_1813be670(),ghidra,clean,
WHGame.dll,release_1_5_1164953_841,0x13be69c,89,FUN_1813be69c,,,9ab46cf10aab95ee69f8544cb1eb971687c952873d96cf2ac534405a8cb6021d,undefined FUN_1813be69c(),ghidra,clean,
WHGame.dll,release_1_5_1164953_841,0x13be6f8,51,FUN_1813be6f8,,,1b1cd366f211db259bdd2c769700bb61f2cc2698467e2e2d2261fc606473761c,undefined FUN_1813be6f8(),ghidra,clean,
WHGame.dll,release_1_5_1164953_841,0x13be72c,141,FUN_1813be72c,,,4bfcb76b6f5cbb4c48806ed7d8285103d8e3b7cd70f0952208433a4e8b820dac,undefined FUN_1813be72c(),ghidra,clean,
WHGame.dll,release_1_5_1164953_841,0x13be7bc,114,FUN_1813be7bc,,,0422e5b4f79f8c8e921b3c6f81240e90c332b6f25128903fe94125a657b7a7e8,undefined FUN_1813be7bc(),ghidra,clean,
WHGame.dll,release_1_5_1164953_841,0x13be830,564,FUN_1813be830,,,5247636525a6ac4eaad3afed67072c900400640836ee5c1700a3048f7a850145,undefined FUN_1813be830(),ghidra,clean,
WHGame.dll,release_1_5_1164953_841,0x13bea64,33,FUN_1813bea64,,,49e1267f5495f1eb93fd6e9ef1c780aba55ebb33552f31aaae761404758b7b41,undefined FUN_1813bea64(),ghidra,clean,
WHGame.dll,release_1_5_1164953_841,0x13bea90,18,FUN_1813bea90,,,c06d1793c844622da441fa5b8aff9b2b5f39f6779b4907825faa8cb4a78e91c6,undefined FUN_1813bea90(),ghidra,clean,
WHGame.dll,release_1_5_1164953_841,0x13beaa4,407,FUN_1813beaa4,,,62f53d4ebc97eae90e4f1b0a470ca2453c5d7824fc62b1944043d713d049de6d,undefined FUN_1813beaa4(),ghidra,clean,
WHGame.dll,release_1_5_1164953_841,0x13bec3c,108,FUN_1813bec3c,,,a658287c63ff9de91e4e4456d60d8ae02d4d0a2b4d81e9d5554842c3a68e6a53,undefined FUN_1813bec3c(),ghidra,clean,
WHGame.dll,release_1_5_1164953_841,0x13beca8,165,FUN_1813beca8,,,5810b06ed4235170fe64e3596902ceb085cb6de927a7c95fed3db9cd6b862300,undefined FUN_1813beca8(),ghidra,clean,
WHGame.dll,release_1_5_1164953_841,0x13bed50,156,FUN_1813bed50,,,0f3d9a5662a7791558d54e719c9edc44db03bcb181c53fd00486f67f6fae6e63,undefined FUN_1813bed50(),ghidra,clean,
WHGame.dll,release_1_5_1164953_841,0x13bedec,361,FUN_1813bedec,,,c537c8c00d66d62f644bc3f72f107041b0799ec79f5e4c88010b82e559a20356,undefined FUN_1813bedec(),ghidra,clean,
WHGame.dll,release_1_5_1164953_841,0x13bef58,180,FUN_1813bef58,,,c11ff120b1248324e2daade005e1c0ba7cf4d1e6be5eb269b761c2cd00702c90,undefined FUN_1813bef58(),ghidra,clean,
WHGame.dll,release_1_5_1164953_841,0x13bf00c,190,FUN_1813bf00c,,,92c3c61297da5bd077b59a78fa4a2df02d1692172a6e7187f51ed32b7ce34efc,undefined FUN_1813bf00c(),ghidra,clean,
WHGame.dll,release_1_5_1164953_841,0x13bf0cc,26,FUN_1813bf0cc,,,784f42d42467bdc72bf303619520ab86d009b3466c28ed890d4202f919d16798,undefined FUN_1813bf0cc(),ghidra,clean,
WHGame.dll,release_1_5_1164953_841,0x13bf0e8,958,FUN_1813bf0e8,,,7b6ea97edf60d600197b1a1e77be853ba9db3747b4ff46a917ce1091fda08ee3,undefined FUN_1813bf0e8(),ghidra,clean,
WHGame.dll,release_1_5_1164953_841,0x13bf4a8,23,FUN_1813bf4a8,,,4a2215c3e820937481093c41c3a2c4fdd1b034767afb06c5e8afd475b2e2dc6a,undefined FUN_1813bf4a8(),ghidra,clean,
WHGame.dll,release_1_5_1164953_841,0x13bf4c0,155,FUN_1813bf4c0,,,9b72b09707aa858923de6fae07a70edf9fc28fcb0ab1d99942c6326978adcb81,undefined FUN_1813bf4c0(),ghidra,clean,
WHGame.dll,release_1_5_1164953_841,0x13bf55c,304,FUN_1813bf55c,,,efcb2fb3bf74cbaa4ea80e510b10c4414c11309cb7c6e83a6285c172facd824f,undefined FUN_1813bf55c(),ghidra,clean,
WHGame.dll,release_1_5_1164953_841,0x13bf68c,155,FUN_1813bf68c,,,508f75fc164055b395c5c5bfdb1846e4bbac4381663d8598adbba43db0449d75,undefined FUN_1813bf68c(),ghidra,clean,
WHGame.dll,release_1_5_1164953_841,0x13bf728,298,FUN_1813bf728,,,9fdf694dd849f1ffba68b138b0e735e798bf57d9ddebd1bbf94b7362f1864354,undefined FUN_1813bf728(),ghidra,clean,
WHGame.dll,release_1_5_1164953_841,0x13bf854,149,FUN_1813bf854,,,bb8446f55ce092f8a80b1e45bdd2f9adc430e1d98b1c0f5ae6f031ae5b7d1d85,undefined FUN_1813bf854(),ghidra,clean,
WHGame.dll,release_1_5_1164953_841,0x13bf8ec,231,FUN_1813bf8ec,,,e2a0c81f823841b5a9b7c605d6adea1d092d51405b0cc4bce0656c640771a106,undefined FUN_1813bf8ec(),ghidra,clean,
WHGame.dll,release_1_5_1164953_841,0x13bf9b0,56,FUN_1813bf9b0,,,b9359f428c01d213a6b710245cf1b36cc49302f27aa305cfcc4147b92455494c,undefined FUN_1813bf9b0(),ghidra,clean,
WHGame.dll,release_1_5_1164953_841,0x13bf9e8,361,FUN_1813bf9e8,,,2fe8e96cba638da188d1cdedf81703e5690a57dc4f998922bc2b6551b01e5c08,undefined FUN_1813bf9e8(),ghidra,clean,
WHGame.dll,release_1_5_1164953_841,0x13bfb54,214,FUN_1813bfb54,,,b1267904aa68a14877cce11a0a670195b9dbb1b492ed12f87ad892510bf48ace,undefined FUN_1813bfb54(),ghidra,clean,
WHGame.dll,release_1_5_1164953_841,0x13bfc2c,107,FUN_1813bfc2c,,,72042e53b04c4cc12be88e852bb17cbc3ef9b173e34edc4df66320949dba7768,undefined FUN_1813bfc2c(),ghidra,clean,
WHGame.dll,release_1_5_1164953_841,0x13bfc80,233,FUN_1813bfc80,,,ef57b29748f1e38f2def133421b379fd3097dc37dd64a65e9a06c02a5ff44dc9,undefined FUN_1813bfc80(),ghidra,clean,
WHGame.dll,release_1_5_1164953_841,0x13bfd6c,312,FUN_1813bfd6c,,,23a4cdc0d474583272307ac2c8be3df07aeff4debc6cbc328fe54810e17a8a35,undefined FUN_1813bfd6c(),ghidra,clean,
WHGame.dll,release_1_5_1164953_841,0x13bfea8,60,FUN_1813bfea8,,,a1ade39a51d9b9faf01acaf263f380dd25af63483549b923fe05c37da9d69171,undefined FUN_1813bfea8(),ghidra,clean,
WHGame.dll,release_1_5_1164953_841,0x13bfee4,51,FUN_1813bfee4,,,1280aff0bf7a9af969ba62393d4f102a453023f1ed8b87d64f8abc8759094fd8,undefined FUN_1813bfee4(),ghidra,clean,
WHGame.dll,release_1_5_1164953_841,0x13bff18,94,FUN_1813bff18,,,1888e064f02697479072f0890132172458a8a2583ad9942f1dfe0696283cc072,undefined FUN_1813bff18(),ghidra,clean,
WHGame.dll,release_1_5_1164953_841,0x13bff78,94,FUN_1813bff78,,,e72043d512a8591746f3cee62ad7b68e39e0e88b1b3ad03d4ffde28d676a74b2,undefined FUN_1813bff78(),ghidra,clean,
WHGame.dll,release_1_5_1164953_841,0x13bffd8,110,FUN_1813bffd8,,,02b42e2f6fbf76577564c0fe3f1129c136cd208cf32be90ec7b3f53d36aeddc2,undefined FUN_1813bffd8(),ghidra,clean,
WHGame.dll,release_1_5_1164953_841,0x13c0048,212,FUN_1813c0048,,,beb53426e8d13c650f00b842ffe7d3ed83578acf20204dc7bebceafc289da217,undefined FUN_1813c0048(),ghidra,clean,
WHGame.dll,release_1_5_1164953_841,0x13c0100,5,thunk_FUN_1813c0108,,,b0d40b133b9394d93820ac0104b0065121d2d73df32c7bfb4e4cf5d805a8b103,undefined thunk_FUN_1813c0108(),ghidra,clean,
WHGame.dll,release_1_5_1164953_841,0x13c0108,103,FUN_1813c0108,,,77a021f0517e7b11761adac4f6bc6abcb4c67dfc51273ce9fe333cc4e4fde9e1,undefined FUN_1813c0108(),ghidra,clean,
WHGame.dll,release_1_5_1164953_841,0x13c0170,95,FUN_1813c0170,,,df0d57d60d4468919846baf002e653a40af2f09968ce7fa4241a275824ed55db,undefined FUN_1813c0170(),ghidra,clean,
WHGame.dll,release_1_5_1164953_841,0x13c01d0,221,FUN_1813c01d0,,,340407fa64f9b70f63c2b0ea8b5112111e8326ca96d69b91cd930b85792862c0,undefined FUN_1813c01d0(),ghidra,clean,
WHGame.dll,release_1_5_1164953_841,0x13c0290,53,FUN_1813c0290,,,8265cfad516c49035d3d2ee697b4423c8290583e698888e1f943e0cee9dea72e,undefined FUN_1813c0290(),ghidra,clean,
WHGame.dll,release_1_5_1164953_841,0x13c02c8,147,FUN_1813c02c8,,,194e7717b6144282eccae7a85077913986549c73ed69405f3dafcb99412b3119,undefined FUN_1813c02c8(),ghidra,clean,
WHGame.dll,release_1_5_1164953_841,0x13c035c,147,FUN_1813c035c,,,53802cf132b7ddc5de58741edac039baae0c4985259ffcefa088b1a69f667946,undefined FUN_1813c035c(),ghidra,clean,
WHGame.dll,release_1_5_1164953_841,0x13c03f0,147,FUN_1813c03f0,,,cd08cddbbf344a25ec2b356d0cb9a15c50f17e1c9fe522a467e6ba1c64e1b8c7,undefined FUN_1813c03f0(),ghidra,clean,
WHGame.dll,release_1_5_1164953_841,0x13c0484,147,FUN_1813c0484,,,6b21e8515669ab3fe6f32a6eb4b8c957e3bcc019603817b4efe51f72b33a3198,undefined FUN_1813c0484(),ghidra,clean,
WHGame.dll,release_1_5_1164953_841,0x13c0518,147,FUN_1813c0518,,,cb2583bd88161e8fd55c31103b456353dcd9fc3f235805fa50ca5bf95fb5b471,undefined FUN_1813c0518(),ghidra,clean,
WHGame.dll,release_1_5_1164953_841,0x13c05ac,42,FUN_1813c05ac,,,b317822160bdaaedf0afefe33d4010ee4ff221add7322b9969ebbb805ec9c317,undefined FUN_1813c05ac(),ghidra,clean,
WHGame.dll,release_1_5_1164953_841,0x13c05d8,68,FUN_1813c05d8,,,0165a0a6dffd9e718c7abfa286de38d5dbe76d64817c64ace0739f1eb69d717a,undefined FUN_1813c05d8(),ghidra,clean,
WHGame.dll,release_1_5_1164953_841,0x13c061c,100,FUN_1813c061c,,,1bc203d727467a1f7c42b8850981e105834149e9e55bd58575fae9f7bd072ab5,undefined FUN_1813c061c(),ghidra,clean,
WHGame.dll,release_1_5_1164953_841,0x13c0680,431,FUN_1813c0680,,,dfaadf289b9291ee3725a3a4f6e8cdfd1deb5f900342160f0932440eb38d8417,undefined FUN_1813c0680(),ghidra,clean,
WHGame.dll,release_1_5_1164953_841,0x13c07dc,40,FUN_1813c07dc,,,ab888cdb63f0b7790d40ce1972bede99960baec5f775f9619df526eb25437452,undefined FUN_1813c07dc(),ghidra,clean,
WHGame.dll,release_1_5_1164953_841,0x13c0804,42,FUN_1813c0804,,,29dfa7055362a8f2d653421ee98e067f20aa24d26f496589d0eebf7298af3c1c,undefined FUN_1813c0804(),ghidra,clean,
WHGame.dll,release_1_5_1164953_841,0x13c0830,328,FUN_1813c0830,,,1dc948634a503441ce521248983904080923b13b445d7540191122a812015d7c,undefined FUN_1813c0830(),ghidra,clean,
WHGame.dll,release_1_5_1164953_841,0x13c097c,100,FUN_1813c097c,,,f0fa26fbbdcad26e5934ca826042664ee5592f38d4d6e0aa5d5bf35c0798fd0d,undefined FUN_1813c097c(),ghidra,clean,
WHGame.dll,release_1_5_1164953_841,0x13c09e0,46,FUN_1813c09e0,,,aa899f6b1e15452dc9ca736d4eb50260ca9d61d9dde8a73dd74235402da00b6c,undefined FUN_1813c09e0(),ghidra,clean,
WHGame.dll,release_1_5_1164953_841,0x13c0a10,119,FUN_1813c0a10,,,ee98eee5ada5fd4c8d6d4fd72689a6476a677bc40e3735bc53a2be7eb0272864,undefined FUN_1813c0a10(),ghidra,clean,
WHGame.dll,release_1_5_1164953_841,0x13c0a88,142,FUN_1813c0a88,,,bcda91c8f78c27b8b270e4a97da4487076e4ed3677bf88a4f8be0679c27ee507,undefined FUN_1813c0a88(),ghidra,clean,
WHGame.dll,release_1_5_1164953_841,0x13c0b18,46,FUN_1813c0b18,,,6c2462c4788e0afb558c5db57c0e2f99848728dce7a3e67a2c8b366f181f418d,undefined FUN_1813c0b18(),ghidra,clean,
WHGame.dll,release_1_5_1164953_841,0x13c0b48,172,FUN_1813c0b48,,,418352fd8ff759ca815ef462ed48fd9a725931b3a1ee5cfb75dd0c37f1f9f43e,undefined FUN_1813c0b48(),ghidra,clean,
WHGame.dll,release_1_5_1164953_841,0x13c0bf4,62,FUN_1813c0bf4,,,2b33538428fd4d924b68a121aaf6521c978ef8c924e49c731bf653fc34d73f9c,undefined FUN_1813c0bf4(),ghidra,clean,
WHGame.dll,release_1_5_1164953_841,0x13c0c20,52,FUN_1813c0c20,,,8864e06df6323ee46dc51b65fc794ecf4ab391da18917d8c02d8077466cd5061,undefined FUN_1813c0c20(),ghidra,clean,
WHGame.dll,release_1_5_1164953_841,0x13c0c54,83,FUN_1813c0c54,,,5e9d889020077f2b5c8b21740359fe1bbbda065eccb93a308d7ea49241da6852,undefined FUN_1813c0c54(),ghidra,clean,
WHGame.dll,release_1_5_1164953_841,0x13c0c90,128,FUN_1813c0c90,,,5e1f84eec344fbf203fa485148236025ada38b41cc7b74f46456b8a618d74a55,undefined FUN_1813c0c90(),ghidra,clean,
WHGame.dll,release_1_5_1164953_841,0x13c0d10,110,FUN_1813c0d10,,,1a2bc6d64ae2a308fb8fbb2792d8634503154a3167599ac86b34c265fb005090,undefined FUN_1813c0d10(),ghidra,clean,
WHGame.dll,release_1_5_1164953_841,0x13c0d80,192,FUN_1813c0d80,,,42a56c64ff3ad7bb11845e3c723fb382862211e9efe6f804da6c7876874db77b,undefined FUN_1813c0d80(),ghidra,clean,
WHGame.dll,release_1_5_1164953_841,0x13c0e24,5,thunk_FUN_1813c0e2c,,,b0d40b133b9394d93820ac0104b0065121d2d73df32c7bfb4e4cf5d805a8b103,undefined thunk_FUN_1813c0e2c(),ghidra,clean,
WHGame.dll,release_1_5_1164953_841,0x13c0e2c,103,FUN_1813c0e2c,,,b10292c9f8594d6797f4805fbc23ed70202f6a0322c304d143aa9770c6374f3e,undefined FUN_1813c0e2c(),ghidra,clean,
WHGame.dll,release_1_5_1164953_841,0x13c0e94,232,FUN_1813c0e94,,,20a5ac5920d61b9992b9c154992902a147a2a6c96cbd30e3bccbde172795c22b,undefined FUN_1813c0e94(),ghidra,clean,
WHGame.dll,release_1_5_1164953_841,0x13c0f54,53,FUN_1813c0f54,,,ac59a9769d24cb610dd0f4f9467a0ad73c699d96c95109fae11312c5c2106092,undefined FUN_1813c0f54(),ghidra,clean,
WHGame.dll,release_1_5_1164953_841,0x13c0f8c,436,FUN_1813c0f8c,,,1067c98872e41f3db790eef89ab869a5f64950374accc05fad6107e1d5b84edd,undefined FUN_1813c0f8c(),ghidra,clean,
WHGame.dll,release_1_5_1164953_841,0x13c106c,13,FUN_1813c106c,,,8813939e2980231f0e6deaa701cc8db548e58ef51077a9e774d7211ffefff0a0,undefined FUN_1813c106c(),ghidra,clean,
WHGame.dll,release_1_5_1164953_841,0x13c107c,21,FUN_1813c107c,,,f0bc53b5303fdc743e010a7d3968b2dc5d8407446b830740d91a7674ce1cc175,undefined FUN_1813c107c(),ghidra,clean,
WHGame.dll,release_1_5_1164953_841,0x13c1094,121,FUN_1813c1094,,,b8b34010ed92c40483f65bfb99514714279d7e0d6026f005594a31776e5ab49b,undefined FUN_1813c1094(),ghidra,clean,
WHGame.dll,release_1_5_1164953_841,0x13c10e4,148,FUN_1813c10e4,,,a6cfba5c79489b5d25490209a67d7503409953531a9ce6439263d6293b55a4f8,undefined FUN_1813c10e4(),ghidra,clean,
WHGame.dll,release_1_5_1164953_841,0x13c1178,29,FUN_1813c1178,,,51fb7460f0c4d35dd74d753d4d634868f2a2383efae828f859b0cb1004711e05,undefined FUN_1813c1178(),ghidra,clean,
WHGame.dll,release_1_5_1164953_841,0x13c1198,29,FUN_1813c1198,,,7750a5d55d96e830710624ffbbce92fcee21d8af0b48efcecc6bd15e14cef5ad,undefined FUN_1813c1198(),ghidra,clean,
WHGame.dll,release_1_5_1164953_841,0x13c11a4,22,FUN_1813c11a4,,,ad1d3a92e0037e02a5376edee1f6e09ef44c149b8fff20c03f3e88ff174bf2cd,undefined FUN_1813c11a4(),ghidra,clean,
WHGame.dll,release_1_5_1164953_841,0x13c11b0,14,FUN_1813c11b0,,,d65fe01e033d1d8f3427833ea352a3fbcc999eb8337121535a7540e4f714ac0c,undefined FUN_1813c11b0(),ghidra,clean,
WHGame.dll,release_1_5_1164953_841,0x13c11c0,30,FUN_1813c11c0,,,aac21da62f35ced455dfa9a1789dae0398677872fa645118d4c9c722dd09f53b,undefined FUN_1813c11c0(),ghidra,clean,
WHGame.dll,release_1_5_1164953_841,0x13c11e0,55,FUN_1813c11e0,,,553a7550800c906463d5b83b4a3d760e01ec85f4e5d6f895361e838c70c85b97,undefined FUN_1813c11e0(),ghidra,clean,
WHGame.dll,release_1_5_1164953_841,0x13c1208,163,FUN_1813c1208,,,d71c520031342eef870c9cd32d5a0b15435acd03e5ce1ddfd66f098fd1b474d2,undefined FUN_1813c1208(),ghidra,clean,
WHGame.dll,release_1_5_1164953_841,0x13c12a4,145,FUN_1813c12a4,,,5d6e88c0e28e219fb8fac380e50657a4d8639ffb01e24ba88cc7222c8be19949,undefined FUN_1813c12a4(),ghidra,clean,
WHGame.dll,release_1_5_1164953_841,0x13c1338,228,FUN_1813c1338,,,2e28379289aa9e687afd76e711a69dc78876d3de7af52607de97a82e01b427a9,undefined FUN_1813c1338(),ghidra,clean,
WHGame.dll,release_1_5_1164953_841,0x13c141c,485,FUN_1813c141c,,,850e046ba2031c8d80fbedcbe79e00ee9513d9bfb7715661f38ff72d0cd5f463,undefined FUN_1813c141c(),ghidra,clean,
WHGame.dll,release_1_5_1164953_841,0x13c1508,92,FUN_1813c1508,,,6d9f830a98ffb73ca43a7ff59f402d78019fa15e039ef1d0ce9c8573361a8b99,undefined FUN_1813c1508(),ghidra,clean,
WHGame.dll,release_1_5_1164953_841,0x13c1564,64,FUN_1813c1564,,,4d41b40ab813faf4e741773dcd81de207995f32c2e96f3f1d14758ff029aa441,undefined FUN_1813c1564(),ghidra,clean,
WHGame.dll,release_1_5_1164953_841,0x13c15a4,234,FUN_1813c15a4,,,d063a7c395ff49f444b865235fad05fbda77e9c0eddd841e72895ee7ba531861,undefined FUN_1813c15a4(),ghidra,clean,
WHGame.dll,release_1_5_1164953_841,0x13c1690,296,FUN_1813c1690,,,8d000eed268266c9041f8c72fcf0cef3c3f1c983a0fc0cb00876a3bb9f7b675d,undefined FUN_1813c1690(),ghidra,clean,
WHGame.dll,release_1_5_1164953_841,0x13c17b8,536,FUN_1813c17b8,,,169894676dfbf5f6724a53bd08ce5fbdcbb738ec47e34f9ad0720bb9bd6ae47c,undefined FUN_1813c17b8(),ghidra,clean,
WHGame.dll,release_1_5_1164953_841,0x13c19d0,305,FUN_1813c19d0,,,226a4c1f869c8ffb7b2167b60acf8ab820d22a860c41a1743af895dd06e76064,undefined FUN_1813c19d0(),ghidra,clean,
WHGame.dll,release_1_5_1164953_841,0x13c1af0,190,FUN_1813c1af0,,,71c815565309c18c79d42a6f2c63b3ab41a740ccb90f803877374ed23dab990a,undefined FUN_1813c1af0(),ghidra,clean,
WHGame.dll,release_1_5_1164953_841,0x13c1bb0,26,FUN_1813c1bb0,,,370e6248f94565a8bf7a3d79dacef53c7081d1fbad5bc5e0acbcb10ab6efa834,undefined FUN_1813c1bb0(),ghidra,clean,
WHGame.dll,release_1_5_1164953_841,0x13c1bcc,80,FUN_1813c1bcc,,,8f1a42e30c48de033071676973318d393eee6b246121f85a615a4ea8cfff95ba,undefined FUN_1813c1bcc(),ghidra,clean,
WHGame.dll,release_1_5_1164953_841,0x13c1c1c,85,FUN_1813c1c1c,,,1bb745821b8cdea19663f11c13563efa5d0fca6be4a0cb88e73bd7b823284e3b,undefined FUN_1813c1c1c(),ghidra,clean,
WHGame.dll,release_1_5_1164953_841,0x13c1c50,264,FUN_1813c1c50,,,96c2854a6875fd16c5e0981130f5cbf7887bb496c7881a9d9618c62b2606da0f,undefined FUN_1813c1c50(),ghidra,clean,
WHGame.dll,release_1_5_1164953_841,0x13c1d50,243,FUN_1813c1d50,,,b48750fc59a73c06d8758323cae8cf797f1015695fc78714c9e8386f0747b1d4,undefined FUN_1813c1d50(),ghidra,clean,
WHGame.dll,release_1_5_1164953_841,0x13c1e44,791,FUN_1813c1e44,,,37e7ee23e5f23a686c1939fad95cca127344b2c1d37bd949bfa7eb60d72d8160,undefined FUN_1813c1e44(),ghidra,clean,
WHGame.dll,release_1_5_1164953_841,0x13c1f44,26,FUN_1813c1f44,,,819234953c91d716a341edb10dcca2267107efa13f78881bbca64f4a7a11eeca,undefined FUN_1813c1f44(),ghidra,clean,
WHGame.dll,release_1_5_1164953_841,0x13c1f60,155,FUN_1813c1f60,,,58d5149f54850b66aef91ef6fdecf374dd9733962e7a667d7f612cc154654485,undefined FUN_1813c1f60(),ghidra,clean,
WHGame.dll,release_1_5_1164953_841,0x13c1ffc,273,FUN_1813c1ffc,,,beafed03a8ce32a72376b457b8ec8f2e64a71e98bee13a5718514857632e65f5,undefined FUN_1813c1ffc(),ghidra,clean,
WHGame.dll,release_1_5_1164953_841,0x13c2100,196,FUN_1813c2100,,,2d44d7f39cf6c7107fd269c8cd5c9fc3d4e5b8b9d89d605d5fd0ff5dee49369c,undefined FUN_1813c2100(),ghidra,clean,
WHGame.dll,release_1_5_1164953_841,0x13c21bc,175,FUN_1813c21bc,,,3a5589500e9fe50d0c5bc5b681695fbc28bc9216c2e041e0c51d8adcdc1bfea1,undefined FUN_1813c21bc(),ghidra,clean,
WHGame.dll,release_1_5_1164953_841,0x13c226c,298,FUN_1813c226c,,,f09c26bc0588f879a310b501a23a7f090838c700de4616d149ebb35f788fa851,undefined FUN_1813c226c(),ghidra,clean,
WHGame.dll,release_1_5_1164953_841,0x13c2398,99,FUN_1813c2398,,,3583543f8dd7cd38f2f4832aada55579a30266ff8b3f3d8366c359d3c900bbb7,undefined FUN_1813c2398(),ghidra,clean,
WHGame.dll,release_1_5_1164953_841,0x13c23f0,80,FUN_1813c23f0,,,8563d5fe57d27ed2ee6c93c20394d40e6a3d1bbb6840846ab278a06aaca5e1eb,undefined FUN_1813c23f0(),ghidra,clean,
WHGame.dll,release_1_5_1164953_841,0x13c2440,80,FUN_1813c2440,,,a9af7029a62ff65b31c4e6b2f6c25ee9fcc75871965a30fadee778b9dd5f48d2,undefined FUN_1813c2440(),ghidra,clean,
WHGame.dll,release_1_5_1164953_841,0x13c2490,85,FUN_1813c2490,,,f98fc0b9c9ce6ca489762742bd191348e8923e986b775758e65e6af3f0f566a6,undefined FUN_1813c2490(),ghidra,clean,
WHGame.dll,release_1_5_1164953_841,0x13c24c4,55,FUN_1813c24c4,,,2f64af8edde6bb721e03dddfb5c28a0618e93845a8ec11b1b096702171d18b65,undefined FUN_1813c24c4(),ghidra,clean,
WHGame.dll,release_1_5_1164953_841,0x13c24ec,153,FUN_1813c24ec,,,0082bdb8afbaab09cb8ae47c1eab7d8590b569683b257c7de9ef7ff363ac4b06,undefined FUN_1813c24ec(),ghidra,clean,
WHGame.dll,release_1_5_1164953_841,0x13c2588,233,FUN_1813c2588,,,a64d2d655406daf2224e573bc7e5238a4d8baab8053a625afa9ca7a412614892,undefined FUN_1813c2588(),ghidra,clean,
WHGame.dll,release_1_5_1164953_841,0x13c2674,195,FUN_1813c2674,,,947ed1783f4ee4992b4037ded59bf6e078e078ae95dd12a6db459058cfdf6ba0,undefined FUN_1813c2674(),ghidra,clean,
WHGame.dll,release_1_5_1164953_841,0x13c2738,151,FUN_1813c2738,,,49297b912023d287a41691ad28d8084a7454e81494dadc117fb3e41be11e61d5,undefined FUN_1813c2738(),ghidra,clean,
WHGame.dll,release_1_5_1164953_841,0x13c27d0,27,FUN_1813c27d0,,,1163c5cf2203ac64f1b4f98ced556e25f74f64002b1566d50027224498c9f9d6,undefined FUN_1813c27d0(),ghidra,clean,
WHGame.dll,release_1_5_1164953_841,0x13c27ec,112,FUN_1813c27ec,,,fb445805017265772dec33ba5c45959f27d4653b71b03e35120fc03f1c2d62cb,undefined FUN_1813c27ec(),ghidra,clean,
WHGame.dll,release_1_5_1164953_841,0x13c285c,375,FUN_1813c285c,,,3c8c80d3eb23a83e47232085d41ddbeeba979e6ea9c085b0a731240129ac2a1b,undefined FUN_1813c285c(),ghidra,clean,
WHGame.dll,release_1_5_1164953_841,0x13c28bc,261,FUN_1813c28bc,,,e5fbed1db1e8d9de8a25c04135e162d3b476f1ee1ee2fa59239cdd472dab586b,undefined FUN_1813c28bc(),ghidra,clean,
WHGame.dll,release_1_5_1164953_841,0x13c29a8,311,FUN_1813c29a8,,,58725ae6db4d99e1bac279985d8dfe9b6738169a94e448e7559f0f4742e51282,undefined FUN_1813c29a8(),ghidra,clean,
WHGame.dll,release_1_5_1164953_841,0x13c2ae0,78,FUN_1813c2ae0,,,3443f601079b259d566d3bda3f76b09a39a8a5b6e36bbcbccfcd7a94d2285e06,undefined FUN_1813c2ae0(),ghidra,clean,
WHGame.dll,release_1_5_1164953_841,0x13c2b30,64,FUN_1813c2b30,,,20e6559b8651914e1adff5423e73c45ea27c5ceac075599adfa7557517f5c437,undefined FUN_1813c2b30(),ghidra,clean,
WHGame.dll,release_1_5_1164953_841,0x13c2b70,26,FUN_1813c2b70,,,70509e233b81a4b980391cbde5d0f4e0f57007794a397523a1f478e8884bbf63,undefined FUN_1813c2b70(),ghidra,clean,
WHGame.dll,release_1_5_1164953_841,0x13c2b8c,1137,FUN_1813c2b8c,,,f885a92cde7068ca6bc780e81b706866e2faf9aa43a999c422eff5bee0c628a8,undefined FUN_1813c2b8c(),ghidra,clean,
WHGame.dll,release_1_5_1164953_841,0x13c3000,155,FUN_1813c3000,,,3d3254b412e293d2d4a077941f12c6f0614457759aeced1627c730b801da83e8,undefined FUN_1813c3000(),ghidra,clean,
WHGame.dll,release_1_5_1164953_841,0x13c309c,304,FUN_1813c309c,,,bf64b3926a07b0703fceb01023daf18b7b0530c56b2de8919d6e4266a73c6273,undefined FUN_1813c309c(),ghidra,clean,
WHGame.dll,release_1_5_1164953_841,0x13c31cc,155,FUN_1813c31cc,,,230a7eb6f71fbf08bbdc9c9d8d5976a4655291a7391624b538e8afb4d4fc7f98,undefined FUN_1813c31cc(),ghidra,clean,
WHGame.dll,release_1_5_1164953_841,0x13c3268,298,FUN_1813c3268,,,26042eb60aee5cf36781dbf409897f660a32aea8d631dc17d6536cf2b7d7d8c1,undefined FUN_1813c3268(),ghidra,clean,
WHGame.dll,release_1_5_1164953_841,0x13c3394,30,FUN_1813c3394,,,5854cbcfb2e1438f5306e377adea9a08d12b9af967831bf13911c5b1aa2e88e7,undefined FUN_1813c3394(),ghidra,clean,
WHGame.dll,release_1_5_1164953_841,0x13c33b4,30,FUN_1813c33b4,,,996acedf093b7314dec104756f595e9cd09bf9ee5147ad7e6064494605050b23,undefined FUN_1813c33b4(),ghidra,clean,
WHGame.dll,release_1_5_1164953_841,0x13c33d4,30,FUN_1813c33d4,,,eb2964c276c645973ef5a6cba481797385f8a4017fe60f3dc100733717fa671d,undefined FUN_1813c33d4(),ghidra,clean,
WHGame.dll,release_1_5_1164953_841,0x13c33f4,105,FUN_1813c33f4,,,f889f7d15ec46c57c81e1ed21e1f83a438a41f044fdc137e2c38b75f29cecfc2,undefined FUN_1813c33f4(),ghidra,clean,
WHGame.dll,release_1_5_1164953_841,0x13c3460,190,FUN_1813c3460,,,8c24c142830665d161c5aa5c751cf70684d32e4273b8e0363f240acfc8ebaae4,undefined FUN_1813c3460(),ghidra,clean,
WHGame.dll,release_1_5_1164953_841,0x13c3520,96,FUN_1813c3520,,,830f63d2e0d2ec15a1ded828790f0ecda7836b5cab3994000149cd9690955a1b,undefined FUN_1813c3520(),ghidra,clean,
WHGame.dll,release_1_5_1164953_841,0x13c3580,85,FUN_1813c3580,,,e565330b5850ea932facef40fa7d8d1e21ccf4d6a0f699b868b61501e2b01555,undefined FUN_1813c3580(),ghidra,clean,
WHGame.dll,release_1_5_1164953_841,0x13c35b4,60,FUN_1813c35b4,,,57f81dcf620e72b677e25826baeb5e9015364459c67d891893e516941b568957,undefined FUN_1813c35b4(),ghidra,clean,
WHGame.dll,release_1_5_1164953_841,0x13c35f0,196,FUN_1813c35f0,,,9abd57ddce2c78a2827df7f37e6581023821df3b63b27dc7e44e229ca42778e6,undefined FUN_1813c35f0(),ghidra,clean,
WHGame.dll,release_1_5_1164953_841,0x13c36ac,175,FUN_1813c36ac,,,3f300148a4255a96f2e0370b7dd257f07886e704bfb4c57cc00cb8d8451769a5,undefined FUN_1813c36ac(),ghidra,clean,
WHGame.dll,release_1_5_1164953_841,0x13c375c,86,FUN_1813c375c,,,4f33d8858a2f324b24a19e970d7338ae40cba1caed35f210d2fd29f8c2d34a51,undefined FUN_1813c375c(),ghidra,clean,
WHGame.dll,release_1_5_1164953_841,0x13c37c8,52,FUN_1813c37c8,,,0e15af5295fae59fafc89f92691125f5482481914e462ff53305847c732b8498,undefined FUN_1813c37c8(),ghidra,clean,
WHGame.dll,release_1_5_1164953_841,0x13c37fc,168,FUN_1813c37fc,,,e51abb061521337423124bb00fdb26568b7b752667f307bd85d30dd1755dd98f,undefined FUN_1813c37fc(),ghidra,clean,
WHGame.dll,release_1_5_1164953_841,0x13c3844,53,FUN_1813c3844,,,23f5686fcea57c8d5b816887a635f7bb431b617b0d6417fb4f5e2f703876c4a6,undefined FUN_1813c3844(),ghidra,clean,
WHGame.dll,release_1_5_1164953_841,0x13c386c,26,FUN_1813c386c,,,819234953c91d716a341edb10dcca2267107efa13f78881bbca64f4a7a11eeca,undefined FUN_1813c386c(),ghidra,clean,
WHGame.dll,release_1_5_1164953_841,0x13c3888,155,FUN_1813c3888,,,78780f81d169c068010bbebb2b8e9e3ed2e08a53b9e8cedebf5fcc2a1abea311,undefined FUN_1813c3888(),ghidra,clean,
WHGame.dll,release_1_5_1164953_841,0x13c3924,304,FUN_1813c3924,,,08017f663006f8ecd8ec60e3fba642cc43bb2ee892a94e0cc75dc4de27d96d83,undefined FUN_1813c3924(),ghidra,clean,
WHGame.dll,release_1_5_1164953_841,0x13c3a54,335,FUN_1813c3a54,,,d9f546c06047c30c176357e960a61f10b04e02e04880d6eb02079fecc471b459,undefined FUN_1813c3a54(),ghidra,clean,
WHGame.dll,release_1_5_1164953_841,0x13c3b42,8,FUN_1813c3b42,,,d584cb1a2afef309eb33a9b90753d6c9a99b0c481366318ccddcba175a3b8c54,undefined FUN_1813c3b42(),ghidra,clean,
WHGame.dll,release_1_5_1164953_841,0x13c3b54,155,FUN_1813c3b54,,,8789dd904b51e8f23ae588102e9447b3709b7a05b6d3799037c61aac551cf44d,undefined FUN_1813c3b54(),ghidra,clean,
WHGame.dll,release_1_5_1164953_841,0x13c3bf0,155,FUN_1813c3bf0,,,6eb2d6312d172869cae781c30aa674ccca6e594dd0ab9bf2d49e04be57e28d63,undefined FUN_1813c3bf0(),ghidra,clean,
WHGame.dll,release_1_5_1164953_841,0x13c3c8c,155,FUN_1813c3c8c,,,ed975944d5d6464b03fbaa7bd1893c4859b52b16f932ace9d5e8907be6ecda51,undefined FUN_1813c3c8c(),ghidra,clean,
WHGame.dll,release_1_5_1164953_841,0x13c3d28,240,FUN_1813c3d28,,,c1056cd280ee8500e66589c031571a3f0bd14d4256db182b001c731a2714fd84,undefined FUN_1813c3d28(),ghidra,clean,
WHGame.dll,release_1_5_1164953_841,0x13c3e18,18,FUN_1813c3e18,,,ce2f0ea99f451a4e66bfcccbafbce2f9364b757a834931d4896975a7faba6d5c,undefined FUN_1813c3e18(),ghidra,clean,
WHGame.dll,release_1_5_1164953_841,0x13c3e2c,298,FUN_1813c3e2c,,,5557775aa031f4bfbb6317c6ebacc5f66f9458e5e75efca40af72f8b2dee801a,undefined FUN_1813c3e2c(),ghidra,clean,
WHGame.dll,release_1_5_1164953_841,0x13c3f58,301,FUN_1813c3f58,,,deed63451c0012f2c1804b3599f98505d9c70ca30ca776aa97495e088910821e,undefined FUN_1813c3f58(),ghidra,clean,
WHGame.dll,release_1_5_1164953_841,0x13c4088,26,FUN_1813c4088,,,4b2a749c49c0a9b010050c1f0fc6a9927d9e520a9e11e716e68679f801234ee9,undefined FUN_1813c4088(),ghidra,clean,
WHGame.dll,release_1_5_1164953_841,0x13c40a4,190,FUN_1813c40a4,,,de9cc87f68594116b9f568a910787f39b109bea50e54213d162b839fd20073c2,undefined FUN_1813c40a4(),ghidra,clean,
WHGame.dll,release_1_5_1164953_841,0x13c4164,479,FUN_1813c4164,,,d7c416d5a514cba4ce30c74ef97a3367b9514d6d939c84aa3047d3b992622d05,undefined FUN_1813c4164(),ghidra,clean,
WHGame.dll,release_1_5_1164953_841,0x13c4220,926,FUN_1813c4220,,,6adb3482882ad91a566fa6dc02eb1bccee33fba5b202da2799d74fcf3189c8aa,undefined FUN_1813c4220(),ghidra,clean,
WHGame.dll,release_1_5_1164953_841,0x13c45c0,23,FUN_1813c45c0,,,4a2215c3e820937481093c41c3a2c4fdd1b034767afb06c5e8afd475b2e2dc6a,undefined FUN_1813c45c0(),ghidra,clean,
WHGame.dll,release_1_5_1164953_841,0x13c45d8,155,FUN_1813c45d8,,,09d582bdd82dcdaee9f0610701dcc14dfd2d9e898af80dd18b3e305893de6362,undefined FUN_1813c45d8(),ghidra,clean,
WHGame.dll,release_1_5_1164953_841,0x13c4674,291,FUN_1813c4674,,,a44bdb05502c96db7f6a40413c5a750730eb64106a260d05f75dc105fea05d93,undefined FUN_1813c4674(),ghidra,clean,
WHGame.dll,release_1_5_1164953_841,0x13c4798,150,FUN_1813c4798,,,9cbbbd50b6dee3d006384e2e7cc4ceb3caf82d32b1423c9f702444c8864ce05c,undefined FUN_1813c4798(),ghidra,clean,
WHGame.dll,release_1_5_1164953_841,0x13c4824,163,FUN_1813c4824,,,60f13daacbcbfa632534fe4355dddf8f6ddf4f4ab63c78f408e936d117995456,undefined FUN_1813c4824(),ghidra,clean,
WHGame.dll,release_1_5_1164953_841,0x13c48ac,90,FUN_1813c48ac,,,e460f8a103a9f52bf21d0221d2a8b31af6207ad28971ab1ad60de858a163e44c,undefined FUN_1813c48ac(),ghidra,clean,
WHGame.dll,release_1_5_1164953_841,0x13c48e8,184,FUN_1813c48e8,,,84f4f02ac7da1f6cc097c3a64412dad448df635adb86a5cb33a3d467f3d3ed6a,undefined FUN_1813c48e8(),ghidra,clean,
WHGame.dll,release_1_5_1164953_841,0x13c4990,396,FUN_1813c4990,,,0f63105f1647941b9698f3fd2bd629b871098a9b9e845f67b4c4f8a6a70aae5e,undefined FUN_1813c4990(),ghidra,clean,
WHGame.dll,release_1_5_1164953_841,0x13c4b1c,180,FUN_1813c4b1c,,,6a1fc3fb75b690584e6e225ef68cbec770df66c502e8c715acee49bd85713560,undefined FUN_1813c4b1c(),ghidra,clean,
WHGame.dll,release_1_5_1164953_841,0x13c4c00,267,FUN_1813c4c00,,,3b39474d16f147865578696fe6918fa4f88117f96ea05b602dbc69033688fde5,undefined FUN_1813c4c00(),ghidra,clean,
WHGame.dll,release_1_5_1164953_841,0x13c4d0c,301,FUN_1813c4d0c,,,5531cf347e5df529ec6421d77dffee45b15a8e2686dd581fae08f9953f0a8282,undefined FUN_1813c4d0c(),ghidra,clean,
WHGame.dll,release_1_5_1164953_841,0x13c4df8,30,FUN_1813c4df8,,,793e75f7d121cf344adf049a6902d5919ed1f829e9b90aae6feed2caa5945c9c,undefined FUN_1813c4df8(),ghidra,clean,
WHGame.dll,release_1_5_1164953_841,0x13c4e18,42,FUN_1813c4e18,,,d4437f2893b9515f10e3fc1a059f01b96e61e0e3b5e6f2eebf6dc552c5430864,undefined FUN_1813c4e18(),ghidra,clean,
WHGame.dll,release_1_5_1164953_841,0x13c4e44,109,FUN_1813c4e44,,,d0874aafc62f97b9260dcac3fc54702dfe89a9f82ceb570cf407a1a4515b7309,undefined FUN_1813c4e44(),ghidra,clean,
WHGame.dll,release_1_5_1164953_841,0x13c4eb4,65,FUN_1813c4eb4,,,956a45a589471b9b46a4fb1001bc7788ad3b6b417f6d65b151fda722e26c4e7b,undefined FUN_1813c4eb4(),ghidra,clean,
WHGame.dll,release_1_5_1164953_841,0x13c4ef8,169,FUN_1813c4ef8,,,22e1761c2661b4d0757f7f0af4d4cce9112cd5f7a0c14d419d76ee02b728f6f1,undefined FUN_1813c4ef8(),ghidra,clean,
WHGame.dll,release_1_5_1164953_841,0x13c4fa4,176,FUN_1813c4fa4,,,84587502a62fd97e6b6e86ac02024d5873dfaf22f5bc9673b6ff194b9c92a65d,undefined FUN_1813c4fa4(),ghidra,clean,
WHGame.dll,release_1_5_1164953_841,0x13c5054,56,FUN_1813c5054,,,ce19916b3ed61dcec1b0c740325ff8b16ff9736d654a8f19dacbcc459cf7ab36,undefined FUN_1813c5054(),ghidra,clean,
WHGame.dll,release_1_5_1164953_841,0x13c508c,205,FUN_1813c508c,,,cb2fb1cbf1c54f875a401776dd2cef84dd99e940b365c15991350bb5a794c0db,undefined FUN_1813c508c(),ghidra,clean,
WHGame.dll,release_1_5_1164953_841,0x13c515c,42,FUN_1813c515c,,,9421216497aaeddbe0317a7477f40b7acbaf48b92d041125db7ea085a6e43a55,undefined FUN_1813c515c(),ghidra,clean,
WHGame.dll,release_1_5_1164953_841,0x13c5188,140,FUN_1813c5188,,,8f0e3ff4a5c6b96eb5041b7ac6c1f494e945b26beab45265afa05c2f75ba32cd,undefined FUN_1813c5188(),ghidra,clean,
WHGame.dll,release_1_5_1164953_841,0x13c5208,73,FUN_1813c5208,,,be45ecf10312ab0e2576e95aefe18c062ce8a04e9ac2729e1b8dfd0f522ef5ec,undefined FUN_1813c5208(),ghidra,clean,
WHGame.dll,release_1_5_1164953_841,0x13c5244,128,FUN_1813c5244,,,93e7533b3da75e9d440b6f8096df4c301fdce5948821af95863da64c3f5dbba6,undefined FUN_1813c5244(),ghidra,clean,
WHGame.dll,release_1_5_1164953_841,0x13c52c4,326,FUN_1813c52c4,,,97e48258d4e4729b0a3848069e89d66c1fc632a4f8af9c9d132b0c92b2ef784a,undefined FUN_1813c52c4(),ghidra,clean,
WHGame.dll,release_1_5_1164953_841,0x13c540c,46,FUN_1813c540c,,,5ff7e39762c413b143b9d5e4f8a4a73b4368544ec1da2354930f66c6dfebf0cb,undefined FUN_1813c540c(),ghidra,clean,
WHGame.dll,release_1_5_1164953_841,0x13c5440,106,FUN_1813c5440,,,3d05a607b59f7c49e9b911c932a35a96908276d53f5f55b4a2dfc16e7ea128bc,undefined FUN_1813c5440(),ghidra,clean,
WHGame.dll,release_1_5_1164953_841,0x13c54ac,136,FUN_1813c54ac,,,d817ab8e9ad94369e50a43eb70c4e8962d84684f64300df182e49753cf26b5ff,undefined FUN_1813c54ac(),ghidra,clean,
WHGame.dll,release_1_5_1164953_841,0x13c5534,810,FUN_1813c5534,,,3b1e5d293da46348296d4b380ce20e7bfb6cb9e943719809b8b5272828cbcdd2,undefined FUN_1813c5534(),ghidra,clean,
WHGame.dll,release_1_5_1164953_841,0x13c5860,117,FUN_1813c5860,,,91f5f031b6c8b0fd1e978a28052aa2b7e08c5794a73b87a39c62726575554ebc,undefined FUN_1813c5860(),ghidra,clean,
WHGame.dll,release_1_5_1164953_841,0x13c58d8,415,FUN_1813c58d8,,,c7bde7f4225de75ebcfdf31f04d7740563146b7db80ca6694584eaef8fb1db39,undefined FUN_1813c58d8(),ghidra,clean,
WHGame.dll,release_1_5_1164953_841,0x13c59cc,96,FUN_1813c59cc,,,9b48b1912f59a1b3616a808fbc382d4c31eef4f520ea9cce41b0b0fa3a4bf32b,undefined FUN_1813c59cc(),ghidra,clean,
WHGame.dll,release_1_5_1164953_841,0x13c5a04,53,FUN_1813c5a04,,,c330f0c80f14d58e8cf404dbc34fd4f7de69ae1c2c679b9ffbe5bf1dd20af053,undefined FUN_1813c5a04(),ghidra,clean,
WHGame.dll,release_1_5_1164953_841,0x13c5a2c,55,FUN_1813c5a2c,,,8d05b67a01d5e980ac246bfda547643ada9e82ceb7141e1e4e46bd480333e394,undefined FUN_1813c5a2c(),ghidra,clean,
WHGame.dll,release_1_5_1164953_841,0x13c5a54,181,FUN_1813c5a54,,,8a4af3d4617892ad36831941c570474e5220a75dea7f78062f07835283cec3eb,undefined FUN_1813c5a54(),ghidra,clean,
WHGame.dll,release_1_5_1164953_841,0x13c5b0c,67,FUN_1813c5b0c,,,026ebd3da93fc231ae0866f5a184461f7f11db0278bda8af96be14cdf0107a86,undefined FUN_1813c5b0c(),ghidra,clean,
WHGame.dll,release_1_5_1164953_841,0x13c5b50,62,FUN_1813c5b50,,,c57a6c3f1983ef464cbe69637510e603a34d36fee4dbb10ed4a4f1e66f8d695c,undefined FUN_1813c5b50(),ghidra,clean,
WHGame.dll,release_1_5_1164953_841,0x13c5b7c,61,FUN_1813c5b7c,,,cea0d76a2a1d8ff92bea4f1d7cab312d3f48490fbe535e38ee96196edf41a8ff,undefined FUN_1813c5b7c(),ghidra,clean,
WHGame.dll,release_1_5_1164953_841,0x13c5bbc,119,FUN_1813c5bbc,,,ac8b4f90f12f31c9ce9b2d67a7d020e9ffeb873009be9133276e611dcb3f6d10,undefined FUN_1813c5bbc(),ghidra,clean,
WHGame.dll,release_1_5_1164953_841,0x13c5bf8,77,FUN_1813c5bf8,,,f19eff61cc1bc570f2ee018c5da96cccf9ca550c77846fe3aa0c4b0b3cda441f,undefined FUN_1813c5bf8(),ghidra,clean,
WHGame.dll,release_1_5_1164953_841,0x13c5c48,155,FUN_1813c5c48,,,6c2a34c8fd0322fdeb2658dbe15bd7378051394e3fcadc977467558b3c726417,undefined FUN_1813c5c48(),ghidra,clean,
WHGame.dll,release_1_5_1164953_841,0x13c5cb8,16,FUN_1813c5cb8,,,27203f611d755129e6b571205b155155f0de0740aa96754963b1cb1e1adeb1ad,undefined FUN_1813c5cb8(),ghidra,clean,
WHGame.dll,release_1_5_1164953_841,0x13c5cc8,22,FUN_1813c5cc8,,,c980638a039dd8752f380a7dca1708a04b1033460bab484388e5683c8404265e,undefined FUN_1813c5cc8(),ghidra,clean,
WHGame.dll,release_1_5_1164953_841,0x13c5ce0,180,FUN_1813c5ce0,,,e501e71eb9d851cb6305ec1099607313d6ee5b4b0c2516233b30572b5c7ba15a,undefined FUN_1813c5ce0(),ghidra,clean,
WHGame.dll,release_1_5_1164953_841,0x13c5d94,73,FUN_1813c5d94,,,248f0e416a3905cb261093a476019d2264f7a3acab02f1b32983986d4d682221,undefined FUN_1813c5d94(),ghidra,clean,
WHGame.dll,release_1_5_1164953_841,0x13c5de0,183,FUN_1813c5de0,,,e9f18978fe0709543cc045f09898fd673f0f5451349b58b509bd20b750146f1a,undefined FUN_1813c5de0(),ghidra,clean,
WHGame.dll,release_1_5_1164953_841,0x13c5e98,115,FUN_1813c5e98,,,d258a5a514b752d7f7114c2f2edabef99d1d7ee7d61ea618758cfc89ae4c587b,undefined FUN_1813c5e98(),ghidra,clean,
WHGame.dll,release_1_5_1164953_841,0x13c5f0c,305,FUN_1813c5f0c,,,fe2413a3c9354bb274069f19454c4e97648b29d9c6079012b379e52dc4dae310,undefined FUN_1813c5f0c(),ghidra,clean,
WHGame.dll,release_1_5_1164953_841,0x13c6040,30,FUN_1813c6040,,,af93659d9eaf6d155f38367f09d0305b08cfe2cc0e680ef7b7b72d5c246e50bf,undefined FUN_1813c6040(),ghidra,clean,
WHGame.dll,release_1_5_1164953_841,0x13c6060,141,FUN_1813c6060,,,dca65490ecf1edac82f141f4cf948c392dd7ffb5d4180eacde2e1d79cede3288,undefined FUN_1813c6060(),ghidra,clean,
WHGame.dll,release_1_5_1164953_841,0x13c60f0,293,FUN_1813c60f0,,,76c629e737a5f0a223b85353bcc8e3184626cafb7f9320cfb5c8ea7e12563dcb,undefined FUN_1813c60f0(),ghidra,clean,
WHGame.dll,release_1_5_1164953_841,0x13c61e0,119,FUN_1813c61e0,,,844962a8cc508f2a7d4a8db10942a1132027bf6be79351ac495af5c7e40aa90a,undefined FUN_1813c61e0(),ghidra,clean,
WHGame.dll,release_1_5_1164953_841,0x13c6258,44,FUN_1813c6258,,,9aa29fe015d8019eb188701191566834a3a77a9f8822940306b48cbed399c5c1,undefined FUN_1813c6258(),ghidra,clean,
WHGame.dll,release_1_5_1164953_841,0x13c6284,105,FUN_1813c6284,,,96bf0a5a4fbc5cc13c44243ac337d85148d9fc7f986a2358683c24e61f271941,undefined FUN_1813c6284(),ghidra,clean,
WHGame.dll,release_1_5_1164953_841,0x13c62c4,65,FUN_1813c62c4,,,632cf690793830f502336d31e9d8a9f00b64f4e216da31ad6e39dca0b0592890,undefined FUN_1813c62c4(),ghidra,clean,
WHGame.dll,release_1_5_1164953_841,0x13c6308,76,FUN_1813c6308,,,f1f63d87444144606c3a4369efe44f0804c62fa25516c021540f104eb18c78c0,undefined FUN_1813c6308(),ghidra,clean,
WHGame.dll,release_1_5_1164953_841,0x13c6354,98,FUN_1813c6354,,,c456d0bef2a84e6452acdc7cbe1af1d55a3ae997b73c517c0d191060f20f645a,undefined FUN_1813c6354(),ghidra,clean,
WHGame.dll,release_1_5_1164953_841,0x13c63b8,19,FUN_1813c63b8,,,c433ae6964deb915193ed49ee00f064ba9095b4e87281d4d1acd54425d7dce67,undefined FUN_1813c63b8(),ghidra,clean,
WHGame.dll,release_1_5_1164953_841,0x13c63cc,670,FUN_1813c63cc,,,a07a6d9cf8c2ce21727a8a3cebc80685e0d98317d4e870d120306d7b6ab6ee76,undefined FUN_1813c63cc(),ghidra,clean,
WHGame.dll,release_1_5_1164953_841,0x13c666c,707,FUN_1813c666c,,,e82dd800a9f78b36ed30f27f43a2b8859c0cbc9b317c61106bd4fc7f00bb6271,undefined FUN_1813c666c(),ghidra,clean,
WHGame.dll,release_1_5_1164953_841,0x13c6930,707,FUN_1813c6930,,,089789534595b583d52826cae08245edd4442385c1244a4c55a5f389599704d4,undefined FUN_1813c6930(),ghidra,clean,
WHGame.dll,release_1_5_1164953_841,0x13c6bf4,29,FUN_1813c6bf4,,,76ac0d0447ffcb35ccd90bde48aa68029b15e0f94e41a98d9222eb61df6d1792,undefined FUN_1813c6bf4(),ghidra,clean,
WHGame.dll,release_1_5_1164953_841,0x13c6c14,85,FUN_1813c6c14,,,8609a9cfe054d06550eb7f80a06eaab18580e463b35db5e1a06e255179397f0d,undefined FUN_1813c6c14(),ghidra,clean,
WHGame.dll,release_1_5_1164953_841,0x13c6c6c,61,FUN_1813c6c6c,,,d69a6e5c317480331ae0252390ae4607823b928b87eb196112f433ffa1b9f5d7,undefined FUN_1813c6c6c(),ghidra,clean,
WHGame.dll,release_1_5_1164953_841,0x13c6cac,66,FUN_1813c6cac,,,25e3251040b45df737e0b38d82b2fd8c14cf3ef76e90c72e227e9d57f285ca93,undefined FUN_1813c6cac(),ghidra,clean,
WHGame.dll,release_1_5_1164953_841,0x13c6cf0,196,FUN_1813c6cf0,,,6382025a33787fbb5292ea290de4f03bebee88f78c21fcc9a954f4a579c0e571,undefined FUN_1813c6cf0(),ghidra,clean,
WHGame.dll,release_1_5_1164953_841,0x13c6dac,175,FUN_1813c6dac,,,0beaf55d638dc25341597e263171f5354ac8cb5e4e62c7897c559a8292b3dc11,undefined FUN_1813c6dac(),ghidra,clean,
WHGame.dll,release_1_5_1164953_841,0x13c6e5c,68,FUN_1813c6e5c,,,03acb36a3372c46a4f09d71c4ee28231a0571c0285cfc147b8f62d0a56742044,undefined FUN_1813c6e5c(),ghidra,clean,
WHGame.dll,release_1_5_1164953_841,0x13c6ea0,117,FUN_1813c6ea0,,,6549a479ddac591c445448475dd9fbd855191505a85ac46ac4b2eaf44e2d3b62,undefined FUN_1813c6ea0(),ghidra,clean,
WHGame.dll,release_1_5_1164953_841,0x13c6f18,55,FUN_1813c6f18,,,7e931bdacd1a91c8d5db6eb16d2881c7b3902ea1986e6b6bf2186647fef4f89f,undefined FUN_1813c6f18(),ghidra,clean,
WHGame.dll,release_1_5_1164953_841,0x13c6f50,196,FUN_1813c6f50,,,fb735dcffac9d9f62dffa4bef1779fa8f6bfc3f0f789e86de26dc08b36823467,undefined FUN_1813c6f50(),ghidra,clean,
WHGame.dll,release_1_5_1164953_841,0x13c700c,175,FUN_1813c700c,,,2b1f74bd64a42695e1a4856251a4e7a3eee915a398279649c43de24d96e23af6,undefined FUN_1813c700c(),ghidra,clean,
WHGame.dll,release_1_5_1164953_841,0x13c70bc,196,FUN_1813c70bc,,,f0638dba4337d55a866a53770d5fc4735c687c450a8f883371956f6cfde7c285,undefined FUN_1813c70bc(),ghidra,clean,
WHGame.dll,release_1_5_1164953_841,0x13c7178,175,FUN_1813c7178,,,65360daee26169ad34924f96335202e2c9db19a526cb5331c73cf851a78ee5b9,undefined FUN_1813c7178(),ghidra,clean,
WHGame.dll,release_1_5_1164953_841,0x13c7228,196,FUN_1813c7228,,,d8cbbf040b9ed4fd92faabf17be4d6a48c897497c9272873a9598fbce8e3cfd4,undefined FUN_1813c7228(),ghidra,clean,
WHGame.dll,release_1_5_1164953_841,0x13c72e4,175,FUN_1813c72e4,,,ff269ded17c7ea817b6fbf088387467eca50b163cf1bc05a629503072749d4d4,undefined FUN_1813c72e4(),ghidra,clean,
WHGame.dll,release_1_5_1164953_841,0x13c7394,196,FUN_1813c7394,,,008a984925234768ad2fbf003da7d58cb22d3fbfe9edea0727798e3e0f98f7c6,undefined FUN_1813c7394(),ghidra,clean,
WHGame.dll,release_1_5_1164953_841,0x13c7450,175,FUN_1813c7450,,,a80ec1416fa696d0427eb672e255a541611f6c62637dc0ac309d9881706a1f41,undefined FUN_1813c7450(),ghidra,clean,
WHGame.dll,release_1_5_1164953_841,0x13c7500,30,FUN_1813c7500,,,8e3101d7b5cff1661469e432135330b7695f7e67bdb953b624a9a3a07b86edcc,undefined FUN_1813c7500(),ghidra,clean,
WHGame.dll,release_1_5_1164953_841,0x13c7520,26,FUN_1813c7520,,,1933a4da4d967caef48156bf5ccdf0c7e6508da9d9a4549fef0de666624c4aa0,undefined FUN_1813c7520(),ghidra,clean,
WHGame.dll,release_1_5_1164953_841,0x13c753c,213,FUN_1813c753c,,,87b6d50fb2072de72e7ed9cb97faef810b07f708699674833348ed2061b2bf3f,undefined FUN_1813c753c(),ghidra,clean,
WHGame.dll,release_1_5_1164953_841,0x13c7604,326,FUN_1813c7604,,,7417f2a8223b424df936ae91317f55ad0618331beb6bcce347a3c0a621293d16,undefined FUN_1813c7604(),ghidra,clean,
WHGame.dll,release_1_5_1164953_841,0x13c774c,190,FUN_1813c774c,,,486debedaabf5f71c82f6ecc57117a8666d5df43da2efe31793483fbef5af325,undefined FUN_1813c774c(),ghidra,clean,
WHGame.dll,release_1_5_1164953_841,0x13c780c,55,FUN_1813c780c,,,08869e8293a9bb939fb6b537f1af5c20acad27d6736447a844708829ec9dec23,undefined FUN_1813c780c(),ghidra,clean,
WHGame.dll,release_1_5_1164953_841,0x13c7834,219,FUN_1813c7834,,,49e892d35c17d9d1744b89960b1469e93f27b747a2505f562be0da9533247e1a,undefined FUN_1813c7834(),ghidra,clean,
WHGame.dll,release_1_5_1164953_841,0x13c7908,145,FUN_1813c7908,,,c9ffe0ee715110bb5d2ad69102602ed1aa5d96eb22275f3b3976b5feeb458148,undefined FUN_1813c7908(),ghidra,clean,
WHGame.dll,release_1_5_1164953_841,0x13c799c,68,FUN_1813c799c,,,68498c7de86bb4d52b2a09719b5c42c10628732f49c7fce0d264a984a7ecec15,undefined FUN_1813c799c(),ghidra,clean,
WHGame.dll,release_1_5_1164953_841,0x13c79e0,365,FUN_1813c79e0,,,40d16eb0089abf8c5357a83dafbbec4d24db5d15b20125ed5fef94abb9a4d7af,undefined FUN_1813c79e0(),ghidra,clean,
WHGame.dll,release_1_5_1164953_841,0x13c7b50,140,FUN_1813c7b50,,,2763e15281d7ded378e5af0aae99ab4d52d8858d322cf454798e44476836f790,undefined FUN_1813c7b50(),ghidra,clean,
WHGame.dll,release_1_5_1164953_841,0x13c7bdc,51,FUN_1813c7bdc,,,377968396dc33e0de3df25185cd5dd57da940628c096458ae9b73c682e01a7c1,undefined FUN_1813c7bdc(),ghidra,clean,
WHGame.dll,release_1_5_1164953_841,0x13c7c10,155,FUN_1813c7c10,,,0b909d04c33e1f4a44c9fecb7203545efa5c711ff6889fc698fda16eb875a6d6,undefined FUN_1813c7c10(),ghidra,clean,
WHGame.dll,release_1_5_1164953_841,0x13c7cac,291,FUN_1813c7cac,,,4261c778a126b5f71967d3a53b990b1298c0f1968197e7f7580e3a884156c382,undefined FUN_1813c7cac(),ghidra,clean,
WHGame.dll,release_1_5_1164953_841,0x13c7dd0,30,FUN_1813c7dd0,,,b15638eeeaad0170b7abd499dc53418f57b2febf1f723d4435fc6f185bbf4b04,undefined FUN_1813c7dd0(),ghidra,clean,
WHGame.dll,release_1_5_1164953_841,0x13c7df0,118,FUN_1813c7df0,,,42a1fa82e087f661102df192cc56eb94300b4dafe76a5a0be4fc65540d462496,undefined FUN_1813c7df0(),ghidra,clean,
WHGame.dll,release_1_5_1164953_841,0x13c7e68,384,FUN_1813c7e68,,,8d1dc5aac2e4186843a01dc569ab185fd27b1e8f6a4d65be3b2f29f2ff84189b,undefined FUN_1813c7e68(),ghidra,clean,
WHGame.dll,release_1_5_1164953_841,0x13c7fe8,147,FUN_1813c7fe8,,,298513065d1ed114c0017ccff4224382ee258e0e9e325004d461204d61228570,undefined FUN_1813c7fe8(),ghidra,clean,
WHGame.dll,release_1_5_1164953_841,0x13c807c,147,FUN_1813c807c,,,191d4c7aa2bba81b8c231ef03e41636e87894046fe4f26c9b93d66f8761ce28c,undefined FUN_1813c807c(),ghidra,clean,
WHGame.dll,release_1_5_1164953_841,0x13c8110,147,FUN_1813c8110,,,29bad9cbdf6d6d34bd60f956285f63c384b92a84aaeda3d78ae88720875c4849,undefined FUN_1813c8110(),ghidra,clean,
WHGame.dll,release_1_5_1164953_841,0x13c81a4,147,FUN_1813c81a4,,,0c9482a7cc35d6cdc0671aa3b2e50a520aa5b9e3d531c49c8b4c327c79af2fef,undefined FUN_1813c81a4(),ghidra,clean,
WHGame.dll,release_1_5_1164953_841,0x13c8238,5,thunk_FUN_1813c8240,,,b0d40b133b9394d93820ac0104b0065121d2d73df32c7bfb4e4cf5d805a8b103,undefined thunk_FUN_1813c8240(),ghidra,clean,
WHGame.dll,release_1_5_1164953_841,0x13c8240,103,FUN_1813c8240,,,ca84c3975af7278358038e52dd916a3bdb6a563c9bcbaf71d9fb351561441657,undefined FUN_1813c8240(),ghidra,clean,
WHGame.dll,release_1_5_1164953_841,0x13c82a8,211,FUN_1813c82a8,,,5d94863a481df25d126511bc7877cae07a91c0755114e55c819d4e4e026946c6,undefined FUN_1813c82a8(),ghidra,clean,
WHGame.dll,release_1_5_1164953_841,0x13c8354,149,FUN_1813c8354,,,003903befdd097780c564b29ac46eb063ac0ed37247e9378495519dd7a69e66e,undefined FUN_1813c8354(),ghidra,clean,
WHGame.dll,release_1_5_1164953_841,0x13c83ec,42,FUN_1813c83ec,,,b39520f99a01298ef0868154cca519173b4e8653297dc0c6c8ddb7f341f33153,undefined FUN_1813c83ec(),ghidra,clean,
WHGame.dll,release_1_5_1164953_841,0x13c8418,68,FUN_1813c8418,,,69ede128e65f10f814c1b009ca4c7073a321fcda9579d024488af4807f7b7fbd,undefined FUN_1813c8418(),ghidra,clean,
WHGame.dll,release_1_5_1164953_841,0x13c845c,179,FUN_1813c845c,,,f4d82b963e58b484dd03e3b6bfe7cf3417c005231ecc0d694c882d67ce285486,undefined FUN_1813c845c(),ghidra,clean,
WHGame.dll,release_1_5_1164953_841,0x13c8510,53,FUN_1813c8510,,,6d1f1929a1dc991772f1dec9579137c68be97a2cff514aa422b1b9159e5bc54e,undefined FUN_1813c8510(),ghidra,clean,
WHGame.dll,release_1_5_1164953_841,0x13c8548,417,FUN_1813c8548,,,bfa5b6c0c151569394eb073b27edb3d0e63ea971419de5767474cc99dff862f5,undefined FUN_1813c8548(),ghidra,clean,
WHGame.dll,release_1_5_1164953_841,0x13c8668,40,FUN_1813c8668,,,8e530a9597229e71b5304aec14c2504d27f0ba3242450c974b676d8dc755f6a1,undefined FUN_1813c8668(),ghidra,clean,
WHGame.dll,release_1_5_1164953_841,0x13c8690,42,FUN_1813c8690,,,89185148d18d50bd5e196cb87bfc1f64f9d511745fb7452af0440d78f9730b66,undefined FUN_1813c8690(),ghidra,clean,
WHGame.dll,release_1_5_1164953_841,0x13c86bc,328,FUN_1813c86bc,,,25c1bf5540f752954ab209e2e2c43094ee1225e18889f082ef55f329b8e36498,undefined FUN_1813c86bc(),ghidra,clean,
WHGame.dll,release_1_5_1164953_841,0x13c8808,100,FUN_1813c8808,,,c7a5db9507fd379e513500518832e92739ffff5260a67c6d5fd8cbee453d6b1a,undefined FUN_1813c8808(),ghidra,clean,
WHGame.dll,release_1_5_1164953_841,0x13c886c,850,FUN_1813c886c,,,64b279985a1d54008f3de06ae1a8ba80834c4e5e03719cbb3b271917f9d50f9f,undefined FUN_1813c886c(),ghidra,clean,
WHGame.dll,release_1_5_1164953_841,0x13c8930,5,FUN_1813c8930,,,70bf2d6deedcf734920e571ef09558025e359e9a739e5789ffaf6c9299398808,undefined FUN_1813c8930(),ghidra,clean,
WHGame.dll,release_1_5_1164953_841,0x13c893c,194,FUN_1813c893c,,,e71215f83747359345324ea84e235b7051771c6bd094100b06719d8518aac813,undefined FUN_1813c893c(),ghidra,clean,
WHGame.dll,release_1_5_1164953_841,0x13c8a00,155,FUN_1813c8a00,,,5a41aed9e9843f60adc00305a489423f878599ff3894cc6e9a2b9d593d44a59e,undefined FUN_1813c8a00(),ghidra,clean,
WHGame.dll,release_1_5_1164953_841,0x13c8a9c,190,FUN_1813c8a9c,,,88b83fb6a7c93d35ef1abafdf01d5c3a0373ffe78e22625666c8fb1f23bb3767,undefined FUN_1813c8a9c(),ghidra,clean,
WHGame.dll,release_1_5_1164953_841,0x13c8b5c,190,FUN_1813c8b5c,,,cad99f2b7e2bbafd0eb52ddec47c34aaa3ae12a89451f82918b43e9619ad91b8,undefined FUN_1813c8b5c(),ghidra,clean,
WHGame.dll,release_1_5_1164953_841,0x13c8c1c,26,FUN_1813c8c1c,,,69072249e4cc48b1e4ef02101597aa26e99a2cd56badce04ec059833fbe361f2,undefined FUN_1813c8c1c(),ghidra,clean,
WHGame.dll,release_1_5_1164953_841,0x13c8c38,190,FUN_1813c8c38,,,5237f3ef70c4afcef47442acfeb39441073c30e2003837a8dd2fc19eacbf68e7,undefined FUN_1813c8c38(),ghidra,clean,
WHGame.dll,release_1_5_1164953_841,0x13c8cf8,264,FUN_1813c8cf8,,,93b8f53cce60afe3191e4370e5d36650d744b1a90933efd1b9e946a369129e71,undefined FUN_1813c8cf8(),ghidra,clean,
WHGame.dll,release_1_5_1164953_841,0x13c8e00,86,FUN_1813c8e00,,,34a1e15d46ab1959edd8b156c7019666e389d8dc3f5aa684e1ee1b078cbd60a8,undefined FUN_1813c8e00(),ghidra,clean,
WHGame.dll,release_1_5_1164953_841,0x13c8e58,96,FUN_1813c8e58,,,e3680c945af8b823386e382efb830e3ad6bdc3ec20a5ff949da2f4fa8438bf6f,undefined FUN_1813c8e58(),ghidra,clean,
WHGame.dll,release_1_5_1164953_841,0x13c8eb8,30,FUN_1813c8eb8,,,42ce94e21a6bd491c6ea7cf019eae9264ddd9928990b6ce3bcfe947f22c76004,undefined FUN_1813c8eb8(),ghidra,clean,
WHGame.dll,release_1_5_1164953_841,0x13c8ed8,85,FUN_1813c8ed8,,,5d9669a032c6dd7265e3f23e6b858da683bb9d68248cfbcba62b556a8d15a44c,undefined FUN_1813c8ed8(),ghidra,clean,
WHGame.dll,release_1_5_1164953_841,0x13c8f0c,155,FUN_1813c8f0c,,,c9b06a3848e343c978b94a4704caa40bcf53ca372224320ff4c5be52e333640d,undefined FUN_1813c8f0c(),ghidra,clean,
WHGame.dll,release_1_5_1164953_841,0x13c8fa8,236,FUN_1813c8fa8,,,c35aa3805f687fa8c4d7ab394e520d7510d2524867e659e25e3344763a6b8c6d,undefined FUN_1813c8fa8(),ghidra,clean,
WHGame.dll,release_1_5_1164953_841,0x13c9094,155,FUN_1813c9094,,,86893ee6fc0908af13cf49e47be005ee503393c360bd379b0bb6cf52445bbd75,undefined FUN_1813c9094(),ghidra,clean,
WHGame.dll,release_1_5_1164953_841,0x13c9130,291,FUN_1813c9130,,,26adb0b2086ae9ed0c54041f6f36ad6ce79eb949bc1f21dd1d43cd18cca44226,undefined FUN_1813c9130(),ghidra,clean,
WHGame.dll,release_1_5_1164953_841,0x13c9254,291,FUN_1813c9254,,,7ebb8f3ad843a1ec91795126a65883ae62712a37cdf43f1d0288d8b718d72944,undefined FUN_1813c9254(),ghidra,clean,
WHGame.dll,release_1_5_1164953_841,0x13c9378,291,FUN_1813c9378,,,195f2fe6b4a75323d79b7639be9ee8456c84bd16c48bb83b75098457f1279666,undefined FUN_1813c9378(),ghidra,clean,
WHGame.dll,release_1_5_1164953_841,0x13c949c,8,FUN_1813c949c,,,bc82b54d9ff5c661893aaf0841aee5a660a5339199534cd47b0f6f907f3dec83,undefined FUN_1813c949c(),ghidra,clean,
WHGame.dll,release_1_5_1164953_841,0x13c94a4,176,FUN_1813c94a4,,,9e8bbf68f4b483cf6f5407c479e7364dc168bc85667c11813e38bc3494902022,undefined FUN_1813c94a4(),ghidra,clean,
WHGame.dll,release_1_5_1164953_841,0x13c94f3,4,FUN_1813c94f3,,,f51f828867a6df80dd7f6e566b854d815061864af0f5127cbb2acd1ad67e06f1,undefined FUN_1813c94f3(),ghidra,clean,
WHGame.dll,release_1_5_1164953_841,0x13c9504,180,FUN_1813c9504,,,0b06cd8ad24e759f4e07fed1ee6f27011be571564233680dddb73e64de12fe0d,undefined FUN_1813c9504(),ghidra,clean,
WHGame.dll,release_1_5_1164953_841,0x13c95b8,194,FUN_1813c95b8,,,070d23173c59c8d4913f15377bacabb2f50a824a11c6b19cb85edbab55238a94,undefined FUN_1813c95b8(),ghidra,clean,
WHGame.dll,release_1_5_1164953_841,0x13c967c,190,FUN_1813c967c,,,aa53425cf0e7a4f612f212a3fd45c07cc7b35f0c4f332562dc2033528db3a0c2,undefined FUN_1813c967c(),ghidra,clean,
WHGame.dll,release_1_5_1164953_841,0x13c973c,190,FUN_1813c973c,,,9fbe8ce1dec748443fe720443850c0fb289510dc2e9be4bc7600fb6e28586a13,undefined FUN_1813c973c(),ghidra,clean,
WHGame.dll,release_1_5_1164953_841,0x13c97fc,891,FUN_1813c97fc,,,0d7c2afc47f4245e93e8277a106b9f819e93e6cafbbd8d9c58a91db6e2727761,undefined FUN_1813c97fc(),ghidra,clean,
WHGame.dll,release_1_5_1164953_841,0x13c98c0,5,FUN_1813c98c0,,,6f18598b04ecccf18cabc9b8cfb84ad5811a216884b53165c22fc09631568610,undefined FUN_1813c98c0(),ghidra,clean,
WHGame.dll,release_1_5_1164953_841,0x13c98c5,4,FUN_1813c98c5,,,2ffb5d7bbb9118b00324ef7ceb3fc19a0242cb1db13dcad10f5bef77fd1e45d7,undefined FUN_1813c98c5(),ghidra,clean,
WHGame.dll,release_1_5_1164953_841,0x13c98cc,26,FUN_1813c98cc,,,667cf8972ea4bd5fd03ed84eee536f178c58749129f30a30cc0d9d3b9f82f088,undefined FUN_1813c98cc(),ghidra,clean,
WHGame.dll,release_1_5_1164953_841,0x13c98e8,264,FUN_1813c98e8,,,10eade44674268d5b24031399ea0e320587216326b02627b463f04c7ffddcff7,undefined FUN_1813c98e8(),ghidra,clean,
WHGame.dll,release_1_5_1164953_841,0x13c99f0,86,FUN_1813c99f0,,,737fbb8824df3873910e2b99a2f899d1cc86eb7d8e8c4a49a6119cf8476cc0f8,undefined FUN_1813c99f0(),ghidra,clean,
WHGame.dll,release_1_5_1164953_841,0x13c9a48,77,FUN_1813c9a48,,,d75b7ba9eecae30beddda41f42d32b470aa944b8ad5ca41cb8c3221e544b06c4,undefined FUN_1813c9a48(),ghidra,clean,
WHGame.dll,release_1_5_1164953_841,0x13c9a98,85,FUN_1813c9a98,,,6e5ce21dddc250b064e88546ba91754b32277566229e49115a656d9ae56b7a6a,undefined FUN_1813c9a98(),ghidra,clean,
WHGame.dll,release_1_5_1164953_841,0x13c9acc,155,FUN_1813c9acc,,,4965452633f083d134bdbca384b79c53234b75af30d260d2bae43f5742d612f4,undefined FUN_1813c9acc(),ghidra,clean,
WHGame.dll,release_1_5_1164953_841,0x13c9b68,155,FUN_1813c9b68,,,4badfaaa6369da99c935136fe93cda55f3e369cfa6d78ffcfd6490d08b0472fe,undefined FUN_1813c9b68(),ghidra,clean,
WHGame.dll,release_1_5_1164953_841,0x13c9c04,291,FUN_1813c9c04,,,daac1b0092d30fdc6850fa9f54568f134acb27bf69c68d9fc7d696b8de907a63,undefined FUN_1813c9c04(),ghidra,clean,
WHGame.dll,release_1_5_1164953_841,0x13c9d28,291,FUN_1813c9d28,,,9ddc077e04feb4c9d593dc45022ae48434b0060043b5eaf624a8ffb8b934e6e9,undefined FUN_1813c9d28(),ghidra,clean,
WHGame.dll,release_1_5_1164953_841,0x13c9e4c,160,FUN_1813c9e4c,,,20cb6896c174c556def2b474dd4cfb0ea95069427dcfcded46f7d622ee4963d9,undefined FUN_1813c9e4c(),ghidra,clean,
WHGame.dll,release_1_5_1164953_841,0x13c9eec,65,FUN_1813c9eec,,,651984c57f30b3c90a791c9f4258f54219f2f5e238c2db08eb5f609917244b80,undefined FUN_1813c9eec(),ghidra,clean,
WHGame.dll,release_1_5_1164953_841,0x13c9f30,173,FUN_1813c9f30,,,547cfabde5f83b7e75db7953e66843bf505cfaf1d2842304e42f3681e62b1bb7,undefined FUN_1813c9f30(),ghidra,clean,
WHGame.dll,release_1_5_1164953_841,0x13c9fd4,55,FUN_1813c9fd4,,,57c016a71d81202d56668cdc91b31c99082a9f675c7f863b5ee7258e4b02f3f9,undefined FUN_1813c9fd4(),ghidra,clean,
WHGame.dll,release_1_5_1164953_841,0x13c9ffc,153,FUN_1813c9ffc,,,9df9ca9f54c62d01b7048e1d9ac88d0947f8578201f5eaa9d6161804b2a7d678,undefined FUN_1813c9ffc(),ghidra,clean,
WHGame.dll,release_1_5_1164953_841,0x13ca098,259,FUN_1813ca098,,,7a0a6c8af73a87b82f86cf7eeed5f451bb858ebad850bfbf217a41d6d8547998,undefined FUN_1813ca098(),ghidra,clean,
WHGame.dll,release_1_5_1164953_841,0x13ca19c,25,FUN_1813ca19c,,,2ec370352f3df7d9b87766e8f98c241465fb95b3cb20983bc1c52b86dee4c9f2,undefined FUN_1813ca19c(),ghidra,clean,
WHGame.dll,release_1_5_1164953_841,0x13ca1b8,252,FUN_1813ca1b8,,,9323535fd51e3297ebce237c396659a8a47cb0ee387f8b12799e20d4e65ea9e4,undefined FUN_1813ca1b8(),ghidra,clean,
WHGame.dll,release_1_5_1164953_841,0x13ca2b4,62,FUN_1813ca2b4,,,eb3dfdaf9c35780d2469b0169a7ce1dafc521f7ea06ad4ddf75ff70ad9670c9d,undefined FUN_1813ca2b4(),ghidra,clean,
WHGame.dll,release_1_5_1164953_841,0x13ca2f4,152,FUN_1813ca2f4,,,5cfd9ca8a1c833af01bdd25b2b495e28835badd61d68e624fdfd85e32733c94a,undefined FUN_1813ca2f4(),ghidra,clean,
WHGame.dll,release_1_5_1164953_841,0x13ca38c,96,FUN_1813ca38c,,,ff0733c8e4a8cf5ca8a36cba9964033138f45e01128c5d95a507b2510361c5e0,undefined FUN_1813ca38c(),ghidra,clean,
WHGame.dll,release_1_5_1164953_841,0x13ca3ec,173,FUN_1813ca3ec,,,1240e7327d4bdc84f165d96e02498556a89d2c9cb5d92edca7340767e83ff701,undefined FUN_1813ca3ec(),ghidra,clean,
WHGame.dll,release_1_5_1164953_841,0x13ca49c,246,FUN_1813ca49c,,,55d10c571a867106ddd2ec0b5cfd7f8c89c1a8803560a1f9ca1b079c54212e2d,undefined FUN_1813ca49c(),ghidra,clean,
WHGame.dll,release_1_5_1164953_841,0x13ca590,292,FUN_1813ca590,,,a8d53e4490f61fda32fd8eb17bca137fbf84913139f86f7d444010f4afad24fe,undefined FUN_1813ca590(),ghidra,clean,
WHGame.dll,release_1_5_1164953_841,0x13ca6a4,500,FUN_1813ca6a4,,,1a55d297a69a6463b49fe8d89fd811ec5b9dc70117fc056f1d9e8587f46bd64d,undefined FUN_1813ca6a4(),ghidra,clean,
WHGame.dll,release_1_5_1164953_841,0x13ca7b7,7,FUN_1813ca7b7,,,5b931b3b8931375bde55ca28e6b83f4dc4ec12e6bcf4085fd76e42809c662b21,undefined FUN_1813ca7b7(),ghidra,clean,
WHGame.dll,release_1_5_1164953_841,0x13ca7c0,155,FUN_1813ca7c0,,,78331df01ab2b1d3a8d7232d32d8ef313133fd21b58cc56e2ee2f2248312d4d8,undefined FUN_1813ca7c0(),ghidra,clean,
WHGame.dll,release_1_5_1164953_841,0x13ca85c,301,FUN_1813ca85c,,,06c012350e060635ec0962ec18a8f329937c7e19e08d46e6f9c1e6eb8ec6bca3,undefined FUN_1813ca85c(),ghidra,clean,
WHGame.dll,release_1_5_1164953_841,0x13ca98c,55,FUN_1813ca98c,,,43444ee8a6681cbe3f00dfc7007de0ea29c99a9f160802f601f3a8a0253e1629,undefined FUN_1813ca98c(),ghidra,clean,
WHGame.dll,release_1_5_1164953_841,0x13ca9b4,158,FUN_1813ca9b4,,,b91f0e878d0bf2af4c3119d4db36ecca973782b2eff068f7ef3447305d56a476,undefined FUN_1813ca9b4(),ghidra,clean,
WHGame.dll,release_1_5_1164953_841,0x13caa4c,145,FUN_1813caa4c,,,0e70a15784dd1867cedf8867bbfd23965d8a9a7a5c1b25f9910822049a67a3bf,undefined FUN_1813caa4c(),ghidra,clean,
WHGame.dll,release_1_5_1164953_841,0x13caae0,99,FUN_1813caae0,,,fb6ec65f55c3cf46c31a95859d9368f9ab59ea832334a462659ccefc93138c82,undefined FUN_1813caae0(),ghidra,clean,
WHGame.dll,release_1_5_1164953_841,0x13cab44,47,FUN_1813cab44,,,4dc1b322cefcaee599e358647d077173f38de6694f46e26184eafcdf8ef4459f,undefined FUN_1813cab44(),ghidra,clean,
WHGame.dll,release_1_5_1164953_841,0x13cab74,180,FUN_1813cab74,,,8b406f1cfa43bf29dbdef4572c132be81b9f4e23e7b5e1db660595f2b8914b81,undefined FUN_1813cab74(),ghidra,clean,
WHGame.dll,release_1_5_1164953_841,0x13cac28,291,FUN_1813cac28,,,5e296cf549f014134ecc3ab7a0234520966522205dd995733796d4275261638d,undefined FUN_1813cac28(),ghidra,clean,
WHGame.dll,release_1_5_1164953_841,0x13cad4c,30,FUN_1813cad4c,,,9c4e5fa4ce84688e5f066c8e785dc35f5a69ebcfc63324981f3ebe8554026a11,undefined FUN_1813cad4c(),ghidra,clean,
WHGame.dll,release_1_5_1164953_841,0x13cad6c,47,FUN_1813cad6c,,,0ffaf15320f0301c9b29fc736a9cf45244224a0fd31316583bba5251a7e0a2d4,undefined FUN_1813cad6c(),ghidra,clean,
WHGame.dll,release_1_5_1164953_841,0x13cada0,16,FUN_1813cada0,,,c92a1861c28b8d53d0d57e1a100aaa8e042f0c0b6e5eee532bf25deb9ee8b571,undefined FUN_1813cada0(),ghidra,clean,
WHGame.dll,release_1_5_1164953_841,0x13cadbc,55,FUN_1813cadbc,,,1907f89ebc22ca14f20d1847f6852c91d2ca4131824447408af3e76962941536,undefined FUN_1813cadbc(),ghidra,clean,
WHGame.dll,release_1_5_1164953_841,0x13cade4,166,FUN_1813cade4,,,32a2e1014ccb6e7b22ae8e6fe6fc0e258195294dd6e70a973b204bfdd57e9a60,undefined FUN_1813cade4(),ghidra,clean,
WHGame.dll,release_1_5_1164953_841,0x13cae84,145,FUN_1813cae84,,,ccb36750c9014d371c2772842c26651c91ba77fbc3e50e30034155c77eea0f93,undefined FUN_1813cae84(),ghidra,clean,
WHGame.dll,release_1_5_1164953_841,0x13caf18,180,FUN_1813caf18,,,c5cd41f1222edadc7599fffffdf9734713deb010c2fd559500c25560b86dfaec,undefined FUN_1813caf18(),ghidra,clean,
WHGame.dll,release_1_5_1164953_841,0x13cafcc,134,FUN_1813cafcc,,,be2c4d025a57f0b4d0dac1264167992933e314cda8b071aeb4496dd36090e9e6,undefined FUN_1813cafcc(),ghidra,clean,
WHGame.dll,release_1_5_1164953_841,0x13cb054,439,FUN_1813cb054,,,02b3e1e64cd946282749a1da9fb55919e63142d65b3ae3c2dc1bfe486dcb0682,undefined FUN_1813cb054(),ghidra,clean,
WHGame.dll,release_1_5_1164953_841,0x13cb1c4,155,FUN_1813cb1c4,,,6dffc5cdb7de20646dd55902c7219b54004410f4f69509df7ebf74f3206ce444,undefined FUN_1813cb1c4(),ghidra,clean,
WHGame.dll,release_1_5_1164953_841,0x13cb260,291,FUN_1813cb260,,,c6158e3f8e2031822a043d52d1b997dcb8aeed6a07cf10e0f8e4564d1ee5e9d6,undefined FUN_1813cb260(),ghidra,clean,
WHGame.dll,release_1_5_1164953_841,0x13cb384,26,FUN_1813cb384,,,0e4e57765485c7b793741fa0f76fb0ddc47f8078680f9cd10dd5902b2c7609f5,undefined FUN_1813cb384(),ghidra,clean,
WHGame.dll,release_1_5_1164953_841,0x13cb3a0,245,FUN_1813cb3a0,,,2fc0032d632c89951a796b2ac2ea683f3be87fbe6d718ffb6b3ecb7fc8aabc59,undefined FUN_1813cb3a0(),ghidra,clean,
WHGame.dll,release_1_5_1164953_841,0x13cb498,234,FUN_1813cb498,,,76520fa0208ca23401d3a8eb73ded37185debfcc094c36adaf2b5c5b42f18a6d,undefined FUN_1813cb498(),ghidra,clean,
WHGame.dll,release_1_5_1164953_841,0x13cb584,207,FUN_1813cb584,,,9501043334690f14b737b56866d806077987a4c6f652116a924404157f298e2f,undefined FUN_1813cb584(),ghidra,clean,
WHGame.dll,release_1_5_1164953_841,0x13cb644,261,FUN_1813cb644,,,d707480bdbe37cf5ead553d0bf60ab04844e03d3885d35963d7b7f3d748814ca,undefined FUN_1813cb644(),ghidra,clean,
WHGame.dll,release_1_5_1164953_841,0x13cb740,196,FUN_1813cb740,,,fd4e78177cef6d720530cfba078cc5d1b7f4a8bd81a236f792dce04ec6ec2c14,undefined FUN_1813cb740(),ghidra,clean,
WHGame.dll,release_1_5_1164953_841,0x13cb804,54,FUN_1813cb804,,,6b2d496703255efd3f127e21d80aef301b5138a7071e56308a91d685358bc0d4,undefined FUN_1813cb804(),ghidra,clean,
WHGame.dll,release_1_5_1164953_841,0x13cb83c,155,FUN_1813cb83c,,,1d682f9a844262247fbaa723657338e0bb5f60ed88b0a2b80c1a9f55b71751be,undefined FUN_1813cb83c(),ghidra,clean,
WHGame.dll,release_1_5_1164953_841,0x13cb8d8,291,FUN_1813cb8d8,,,001c62033b7d8f24f76239a3e371f315928ec0ee6d4c725db2298fadab30f184,undefined FUN_1813cb8d8(),ghidra,clean,
WHGame.dll,release_1_5_1164953_841,0x13cb9fc,680,FUN_1813cb9fc,,,1eb5558a75804ccf737e79db63963e00960b2cc3059119c1707d3c75b3d2c9c4,undefined FUN_1813cb9fc(),ghidra,clean,
WHGame.dll,release_1_5_1164953_841,0x13cbc64,43,FUN_1813cbc64,,,ccef40efca1519a6ef864c8e438872e68f2f2d909aa1028a998b8d25087005c2,undefined FUN_1813cbc64(),ghidra,clean,
WHGame.dll,release_1_5_1164953_841,0x13cbc90,8,FUN_1813cbc90,,,ec6cf40614c3e4ed0461966da70873b235a2b22a5374be9eac68a6e141a8e9fe,undefined FUN_1813cbc90(),ghidra,clean,
WHGame.dll,release_1_5_1164953_841,0x13cbca0,8,FUN_1813cbca0,,,2ca483c1ff36f0a63ba3c3a4d4abd16d4e4c475699a7ed6ed73883067d498d5f,undefined FUN_1813cbca0(),ghidra,clean,
WHGame.dll,release_1_5_1164953_841,0x13cbca8,36,FUN_1813cbca8,,,2a6e490b389a6f8c6705808ce0bee9b8f27adf66b3c934252533619a0eab1bac,undefined FUN_1813cbca8(),ghidra,clean,
WHGame.dll,release_1_5_1164953_841,0x13cbccc,129,FUN_1813cbccc,,,2dbbec2d121c7ec0a183e6e88d98f1a00d32f24d7fe750939d621d4b515be979,undefined FUN_1813cbccc(),ghidra,clean,
WHGame.dll,release_1_5_1164953_841,0x13cbd50,303,FUN_1813cbd50,,,6515e9fc561c06ac22fe51232bb1cb9d900ac49ae1c5f9d6123c2f2dc895fe35,undefined FUN_1813cbd50(),ghidra,clean,
WHGame.dll,release_1_5_1164953_841,0x13cbe80,55,FUN_1813cbe80,,,69f138a989effe6cd0b3a5cb1da1203e5c54951931c17d7a1c30afb310409034,undefined FUN_1813cbe80(),ghidra,clean,
WHGame.dll,release_1_5_1164953_841,0x13cbea8,181,FUN_1813cbea8,,,f3a7738796c10a1465a62bd954b35008f288b85b69f535bbfcc1fd35b91ca979,undefined FUN_1813cbea8(),ghidra,clean,
WHGame.dll,release_1_5_1164953_841,0x13cbf60,90,FUN_1813cbf60,,,8a4d6f3e939365540cda820103f49d44d2b123e4729cd26f723932f4fec52029,undefined FUN_1813cbf60(),ghidra,clean,
WHGame.dll,release_1_5_1164953_841,0x13cbfbc,267,FUN_1813cbfbc,,,db6ce4b6ff90b3180ddcff9f29e46ad152d7cd5aedf3440380e116350b50fcf5,undefined FUN_1813cbfbc(),ghidra,clean,
WHGame.dll,release_1_5_1164953_841,0x13cc0c8,217,FUN_1813cc0c8,,,69e9355edc389e5002465d0f83290bed0f3dd70e51225cf4783ec33878a910ec,undefined FUN_1813cc0c8(),ghidra,clean,
WHGame.dll,release_1_5_1164953_841,0x13cc190,275,FUN_1813cc190,,,c27f2cfae7390d1ad08926136bbf0c07e898f85868079b2056ed97b99be84a41,undefined FUN_1813cc190(),ghidra,clean,
WHGame.dll,release_1_5_1164953_841,0x13cc298,218,FUN_1813cc298,,,52cba1ed2ad678fb60f70043226980d69d7189dc171d920b0da6f8051bb8d12c,undefined FUN_1813cc298(),ghidra,clean,
WHGame.dll,release_1_5_1164953_841,0x13cc374,84,FUN_1813cc374,,,2393e0334f24cf16268b15d686bfdc3e0a979198229a3d05dda4b22d3e2e5431,undefined FUN_1813cc374(),ghidra,clean,
WHGame.dll,release_1_5_1164953_841,0x13cc3c8,86,FUN_1813cc3c8,,,be2f4789f5db0d21e996b575561f43dbb398075166855866e0c64ea1bdc4ee83,undefined FUN_1813cc3c8(),ghidra,clean,
WHGame.dll,release_1_5_1164953_841,0x13cc420,234,FUN_1813cc420,,,87ef2d747d139173bce513e440080c54896a90296926f54c59dfbe4187ea330f,undefined FUN_1813cc420(),ghidra,clean,
WHGame.dll,release_1_5_1164953_841,0x13cc50c,296,FUN_1813cc50c,,,356dc2ed095b3c8dc202c14d170b08e23f13d81b42d49a36cd6290196c3c139c,undefined FUN_1813cc50c(),ghidra,clean,
WHGame.dll,release_1_5_1164953_841,0x13cc634,536,FUN_1813cc634,,,9063f62d99eacaec56d5b28ab4b966ba6ae6d77a0780655f0e49c4a8fc7d1970,undefined FUN_1813cc634(),ghidra,clean,
WHGame.dll,release_1_5_1164953_841,0x13cc84c,273,FUN_1813cc84c,,,4a517c31a951f59afd33569ecb198adc0fd99844482712dbf6c2a9feda01c95e,undefined FUN_1813cc84c(),ghidra,clean,
WHGame.dll,release_1_5_1164953_841,0x13cc950,196,FUN_1813cc950,,,2f86aac93b31432f037386fc0c7761e4439472985aea56fc9ea0cbde5ed4bb92,undefined FUN_1813cc950(),ghidra,clean,
WHGame.dll,release_1_5_1164953_841,0x13cca0c,175,FUN_1813cca0c,,,8c12697141925be9deb4745e0e3ad10fc8d71e6b14c4e02fb188740a1fd72acc,undefined FUN_1813cca0c(),ghidra,clean,
WHGame.dll,release_1_5_1164953_841,0x13ccabc,317,FUN_1813ccabc,,,7e6151a1f3f91b5946c893803355efe1e1145d58e41ad06106b9f8e3e5feca42,undefined FUN_1813ccabc(),ghidra,clean,
WHGame.dll,release_1_5_1164953_841,0x13ccbe8,264,FUN_1813ccbe8,,,1db7c2d988f5e36445f659dc24e6aadd4c60055fea2e61575ffb4d0106c9087c,undefined FUN_1813ccbe8(),ghidra,clean,
WHGame.dll,release_1_5_1164953_841,0x13ccce8,243,FUN_1813ccce8,,,3c41ab52f124a3488707bf932e56d61bf89b2fad7660a854e4947843ca186309,undefined FUN_1813ccce8(),ghidra,clean,
WHGame.dll,release_1_5_1164953_841,0x13ccddc,791,FUN_1813ccddc,,,a85bbb59feb16103d18768bf4ae908b373fe787002de122b5ceea9685592244c,undefined FUN_1813ccddc(),ghidra,clean,
WHGame.dll,release_1_5_1164953_841,0x13ccedc,26,FUN_1813ccedc,,,819234953c91d716a341edb10dcca2267107efa13f78881bbca64f4a7a11eeca,undefined FUN_1813ccedc(),ghidra,clean,
WHGame.dll,release_1_5_1164953_841,0x13ccef8,155,FUN_1813ccef8,,,b78b58c59f15be242e64f6099e57a7cbed32e9e64f68e64a89cf4e64e682bb46,undefined FUN_1813ccef8(),ghidra,clean,
WHGame.dll,release_1_5_1164953_841,0x13ccf94,298,FUN_1813ccf94,,,46e7d877ea3a8c7c41fce4ec6739d0e79e9c94594386d4a61cebdf5410a06256,undefined FUN_1813ccf94(),ghidra,clean,
WHGame.dll,release_1_5_1164953_841,0x13cd0c0,80,FUN_1813cd0c0,,,141d79de7b61802266826174c9344a95a7052c375f2c81588af69278f1078718,undefined FUN_1813cd0c0(),ghidra,clean,
WHGame.dll,release_1_5_1164953_841,0x13cd110,19,FUN_1813cd110,,,6c425a51958ab207a150431c5a2e11ec6707530ba1ca14768b07b5719b59667e,undefined FUN_1813cd110(),ghidra,clean,
WHGame.dll,release_1_5_1164953_841,0x13cd124,22,FUN_1813cd124,,,a19ab63510fa08b5e55f0106533d77bbc99dfba48d81da3d3258b80bcc209004,undefined FUN_1813cd124(),ghidra,clean,
WHGame.dll,release_1_5_1164953_841,0x13cd13c,170,FUN_1813cd13c,,,9744d2a80e2f713137ea7c205858b68c2f24afdef21081fb88e4f06066a37a67,undefined FUN_1813cd13c(),ghidra,clean,
WHGame.dll,release_1_5_1164953_841,0x13cd1e8,288,FUN_1813cd1e8,,,88baa436a870fd4fda30c43bf56907a7169129d6c496e776abb7ad77c91d2fe9,undefined FUN_1813cd1e8(),ghidra,clean,
WHGame.dll,release_1_5_1164953_841,0x13cd308,63,FUN_1813cd308,,,a9bf90899374557b22a283a38fd2bb8ae1e2e234457c8eac421a24daa37fa556,undefined FUN_1813cd308(),ghidra,clean,
WHGame.dll,release_1_5_1164953_841,0x13cd348,190,FUN_1813cd348,,,69a3c58c493fb702715d8f560321f7e751ff78987cab450428d1f955e6bac324,undefined FUN_1813cd348(),ghidra,clean,
WHGame.dll,release_1_5_1164953_841,0x13cd408,130,FUN_1813cd408,,,4bbbc34fc46ac485d1ded5d4a932a83c33eee0220a3673280e3d18a11e04ca53,undefined FUN_1813cd408(),ghidra,clean,
WHGame.dll,release_1_5_1164953_841,0x13cd460,155,FUN_1813cd460,,,2fc26361747c860dc390f79a44d298a4f66138fce70e9f3650643d997be621ac,undefined FUN_1813cd460(),ghidra,clean,
WHGame.dll,release_1_5_1164953_841,0x13cd4fc,291,FUN_1813cd4fc,,,5274ac6f309c8b0601a804888b483f653a9e0254c2019c4d2b4a683732d3a667,undefined FUN_1813cd4fc(),ghidra,clean,
WHGame.dll,release_1_5_1164953_841,0x13cd620,65,FUN_1813cd620,,,c78d4e7fe48a09b550fbb742778a455923a300794b375efcc3f9c3240d7f9ddd,undefined FUN_1813cd620(),ghidra,clean,
WHGame.dll,release_1_5_1164953_841,0x13cd664,78,FUN_1813cd664,,,c22adcf6a6ca26414a821da7ddbe7b03cc41c9330a4b6e32e3fc04d98e97fd55,undefined FUN_1813cd664(),ghidra,clean,
WHGame.dll,release_1_5_1164953_841,0x13cd6a0,191,FUN_1813cd6a0,,,9522356e7326843d35586da898155dd4825ec488a2bc5d4d7362c43a1ba59079,undefined FUN_1813cd6a0(),ghidra,clean,
WHGame.dll,release_1_5_1164953_841,0x13cd758,55,FUN_1813cd758,,,42bc56fd6f232d802afa5b475b8da33003577bb324cca53927ab6e412baeeea2,undefined FUN_1813cd758(),ghidra,clean,
WHGame.dll,release_1_5_1164953_841,0x13cd780,196,FUN_1813cd780,,,114f6e12fd0ad33885eb867e902ec248bbaef58d5cb3bd51aacb475fa8de014c,undefined FUN_1813cd780(),ghidra,clean,
WHGame.dll,release_1_5_1164953_841,0x13cd83c,145,FUN_1813cd83c,,,6af9219787c90c5afeafebeb68675ed921f738917b0fe79eb2132a3a4adb4bb9,undefined FUN_1813cd83c(),ghidra,clean,
WHGame.dll,release_1_5_1164953_841,0x13cd8d0,155,FUN_1813cd8d0,,,45b0a600e282a4edd7d8c54d1018cf5988b52f12ab5b36800b5953731e27f3bf,undefined FUN_1813cd8d0(),ghidra,clean,
WHGame.dll,release_1_5_1164953_841,0x13cd96c,291,FUN_1813cd96c,,,e64ccb9a9aec4c2cc03a0c3259ba7f05eab37394bfd084ac0ecba574d806d16e,undefined FUN_1813cd96c(),ghidra,clean,
WHGame.dll,release_1_5_1164953_841,0x13cda90,184,FUN_1813cda90,,,5d18bf38bd28a2624fd3b8a5ce154c2d4004c21b048ad4a6cfbb95e5ee8af099,undefined FUN_1813cda90(),ghidra,clean,
WHGame.dll,release_1_5_1164953_841,0x13cdb48,30,FUN_1813cdb48,,,4af6ffd5cd143a7c6e80a2ffe2e04878441551987480e52164d250d8dd2a9713,undefined FUN_1813cdb48(),ghidra,clean,
WHGame.dll,release_1_5_1164953_841,0x13cdb68,52,FUN_1813cdb68,,,5e21fec7eccee9696957ad3374cdb93fa8ec608a54edc8220b247d8c0b5426f0,undefined FUN_1813cdb68(),ghidra,clean,
WHGame.dll,release_1_5_1164953_841,0x13cdb9c,55,FUN_1813cdb9c,,,5ba967cc86f7091792179c0df9a542b07fe88b1420f215f19cb8b04520cb1dba,undefined FUN_1813cdb9c(),ghidra,clean,
WHGame.dll,release_1_5_1164953_841,0x13cdbd4,64,FUN_1813cdbd4,,,278a1ba6c22725fb516da0d5c9a7ca68870635080689b6d70944640eed9d3b56,undefined FUN_1813cdbd4(),ghidra,clean,
WHGame.dll,release_1_5_1164953_841,0x13cdc14,182,FUN_1813cdc14,,,cf3d085ea2707bdf7e48d02e349431549caf2b36846df40dc3baa26bc9fc0a9e,undefined FUN_1813cdc14(),ghidra,clean,
WHGame.dll,release_1_5_1164953_841,0x13cdc84,155,FUN_1813cdc84,,,9a21a2deea9c87d7a4feb68c785dbdafcdf31e96f2df7bdee07918818800bc10,undefined FUN_1813cdc84(),ghidra,clean,
WHGame.dll,release_1_5_1164953_841,0x13cdd20,291,FUN_1813cdd20,,,22621db1fc1aee6d667d55a1a3998664c0c856c46d72aa922f8ce667397abf71,undefined FUN_1813cdd20(),ghidra,clean,
WHGame.dll,release_1_5_1164953_841,0x13cde44,168,FUN_1813cde44,,,799b3d3aedb58980a6c63ceb7856e678e7f53ed1fe3db3ad8c0fbdcbfff2c79f,undefined FUN_1813cde44(),ghidra,clean,
WHGame.dll,release_1_5_1164953_841,0x13cdeec,204,FUN_1813cdeec,,,612120ed47e07147cdf111a5a31e716121f22d898a400888155a95aa1e92d8d4,undefined FUN_1813cdeec(),ghidra,clean,
WHGame.dll,release_1_5_1164953_841,0x13cdf98,204,FUN_1813cdf98,,,4f0fb34cb0f66a17946affab082411af127ed1f5e81d06f43e314691cc865af1,undefined FUN_1813cdf98(),ghidra,clean,
WHGame.dll,release_1_5_1164953_841,0x13ce044,376,FUN_1813ce044,,,6ca1941f51c90a212949f5be834482d7b0b229ba46d847c2d95d021661d144ef,undefined FUN_1813ce044(),ghidra,clean,
WHGame.dll,release_1_5_1164953_841,0x13ce178,26,FUN_1813ce178,,,9f58c383b7b66b6ec4baec45b8c1635d5fc231296c1c510120efc7865966156c,undefined FUN_1813ce178(),ghidra,clean,
WHGame.dll,release_1_5_1164953_841,0x13ce194,151,FUN_1813ce194,,,58a341b755acab245886be0632eef778e7f3cf25f956a1e6e1dcc81ab9685237,undefined FUN_1813ce194(),ghidra,clean,
WHGame.dll,release_1_5_1164953_841,0x13ce22c,151,FUN_1813ce22c,,,9a6796bdf27a7f7f8cfa09473422d651fe1d3f820e93d435bb0419b9494806e5,undefined FUN_1813ce22c(),ghidra,clean,
WHGame.dll,release_1_5_1164953_841,0x13ce2c4,151,FUN_1813ce2c4,,,6e2ce253a1d277ac0812b3f5664b22f7dc782d2e722e2f2ef2dea59a6da6ec75,undefined FUN_1813ce2c4(),ghidra,clean,
WHGame.dll,release_1_5_1164953_841,0x13ce35c,151,FUN_1813ce35c,,,ee6ec8974bd1816dd6712bbecfaf6cd6cfd620863186be4715e4c9f86b04ecad,undefined FUN_1813ce35c(),ghidra,clean,
WHGame.dll,release_1_5_1164953_841,0x13ce3f4,949,FUN_1813ce3f4,,,a2ed2f163f733631ba89d193c07dce13c8aa98e32517a798a87fb401ba5f8718,undefined FUN_1813ce3f4(),ghidra,clean,
WHGame.dll,release_1_5_1164953_841,0x13ce7ac,23,FUN_1813ce7ac,,,4a2215c3e820937481093c41c3a2c4fdd1b034767afb06c5e8afd475b2e2dc6a,undefined FUN_1813ce7ac(),ghidra,clean,
WHGame.dll,release_1_5_1164953_841,0x13ce7c4,155,FUN_1813ce7c4,,,2b08d4a2cf8bc7ed83e4936812826ade3b74c5f373859d058b78e8cf6cd7b6c2,undefined FUN_1813ce7c4(),ghidra,clean,
WHGame.dll,release_1_5_1164953_841,0x13ce860,304,FUN_1813ce860,,,01bf565c854949f550e79d4fb38dcf39311bcef09e401161852d6895bae1f71f,undefined FUN_1813ce860(),ghidra,clean,
WHGame.dll,release_1_5_1164953_841,0x13ce990,155,FUN_1813ce990,,,0ca0aab57e500fee6129f1e073ba3dc1915245ec6f7bbac9472eb6d0b3e656dc,undefined FUN_1813ce990(),ghidra,clean,
WHGame.dll,release_1_5_1164953_841,0x13cea2c,298,FUN_1813cea2c,,,9392172742ab6db8a0dbf33fc4cf867dfbcc9dc943e2d43014dfc20f1a2bcf1b,undefined FUN_1813cea2c(),ghidra,clean,
WHGame.dll,release_1_5_1164953_841,0x13ceb58,151,FUN_1813ceb58,,,d6f3cca27895725e900a48b0bf6af259409fac8c7b0985668448a754c8871e7c,undefined FUN_1813ceb58(),ghidra,clean,
WHGame.dll,release_1_5_1164953_841,0x13cebf0,155,FUN_1813cebf0,,,cdc9b6da9e11e11e01a6bce59cf58177a19facba53470a81af80c951376e2c83,undefined FUN_1813cebf0(),ghidra,clean,
WHGame.dll,release_1_5_1164953_841,0x13cec8c,291,FUN_1813cec8c,,,51f2b6265550c470b2126755aefbcd1996336310cb00690d09f68746773ec396,undefined FUN_1813cec8c(),ghidra,clean,
WHGame.dll,release_1_5_1164953_841,0x13cedb0,96,FUN_1813cedb0,,,c439a728121588fbe7fc43cc2e58c6f18478f0d43dec72271ec07fcac3371e20,undefined FUN_1813cedb0(),ghidra,clean,
WHGame.dll,release_1_5_1164953_841,0x13cee04,98,FUN_1813cee04,,,e4abf88d60e1b488c626e3727196a65fd5cfcb1a2f5978fbf4d1f2bfb11f0c0f,undefined FUN_1813cee04(),ghidra,clean,
WHGame.dll,release_1_5_1164953_841,0x13cee68,69,FUN_1813cee68,,,028e7a192210654233f022b57e2e999137a0c418a5ffd575544168c262e38fc5,undefined FUN_1813cee68(),ghidra,clean,
WHGame.dll,release_1_5_1164953_841,0x13ceeb0,105,FUN_1813ceeb0,,,8434a3beff7290dcf407cbd65ab3bdab94a497cd6fc4f772c7e641b04b6bbb49,undefined FUN_1813ceeb0(),ghidra,clean,
WHGame.dll,release_1_5_1164953_841,0x13cef1c,194,FUN_1813cef1c,,,c5bdde14cd1c0fe3fdc03b70f3580b3092a4ea4947c276b279fed26966044bc8,undefined FUN_1813cef1c(),ghidra,clean,
WHGame.dll,release_1_5_1164953_841,0x13cefe0,190,FUN_1813cefe0,,,9abe60e0f2b7c792e439dcfb5a7e145a8757e4754df57adb70c24d72e3c6c636,undefined FUN_1813cefe0(),ghidra,clean,
WHGame.dll,release_1_5_1164953_841,0x13cf0a0,155,FUN_1813cf0a0,,,0d7082b04ef51661572f6d3dc0637adc97e7b4e23c32c998541a184ca1dedf40,undefined FUN_1813cf0a0(),ghidra,clean,
WHGame.dll,release_1_5_1164953_841,0x13cf13c,291,FUN_1813cf13c,,,de0aa958aef9220fc668c1dd67a5538367f13200c45da70bbb5faf26961f9508,undefined FUN_1813cf13c(),ghidra,clean,
WHGame.dll,release_1_5_1164953_841,0x13cf260,110,FUN_1813cf260,,,4c2567e8f1331dc3d299460248fea940becb6bbf4de5a1a08fdda186d9a9f6ab,undefined FUN_1813cf260(),ghidra,clean,
WHGame.dll,release_1_5_1164953_841,0x13cf2d0,212,FUN_1813cf2d0,,,837a3e3a4786a88f411cf624e4af8bab4ba8a2bf3ff78d917d58b358d1147280,undefined FUN_1813cf2d0(),ghidra,clean,
WHGame.dll,release_1_5_1164953_841,0x13cf388,100,FUN_1813cf388,,,ff94123c89092ced311c9494c41216823d03e3ca997f87aadcea50eaf11e2c4a,undefined FUN_1813cf388(),ghidra,clean,
WHGame.dll,release_1_5_1164953_841,0x13cf3ec,5,thunk_FUN_1813cf3f4,,,b0d40b133b9394d93820ac0104b0065121d2d73df32c7bfb4e4cf5d805a8b103,undefined thunk_FUN_1813cf3f4(),ghidra,clean,
WHGame.dll,release_1_5_1164953_841,0x13cf3f4,103,FUN_1813cf3f4,,,f73e44b83a0da4eb68fc062346fb7d7aee4aba1a72ed32e84de6fa535c58c6df,undefined FUN_1813cf3f4(),ghidra,clean,
WHGame.dll,release_1_5_1164953_841,0x13cf45c,95,FUN_1813cf45c,,,88154ac4d3f786b5b16ba1fb84167225263e5bcf97c2b1702beb4ee057f709f9,undefined FUN_1813cf45c(),ghidra,clean,
WHGame.dll,release_1_5_1164953_841,0x13cf4bc,211,FUN_1813cf4bc,,,204c6b93cb2d36f4ab71b9288c7cc6977ec78391a4b067538a03fbbc0c6d4ed0,undefined FUN_1813cf4bc(),ghidra,clean,
WHGame.dll,release_1_5_1164953_841,0x13cf574,53,FUN_1813cf574,,,eac5a576668f1b8388701c69fd4d5a8128e98f2afbf8852589aa70b7d35f5cbc,undefined FUN_1813cf574(),ghidra,clean,
WHGame.dll,release_1_5_1164953_841,0x13cf5ac,147,FUN_1813cf5ac,,,3d3b0086b4eca9de8f6c74349fc02ab14aa2e762f2b51715eefbd85f652cfea7,undefined FUN_1813cf5ac(),ghidra,clean,
WHGame.dll,release_1_5_1164953_841,0x13cf640,147,FUN_1813cf640,,,9d7732cfd0f190da7606ece16e91b96d30ea77003a6037415ed5807e54dbec3e,undefined FUN_1813cf640(),ghidra,clean,
WHGame.dll,release_1_5_1164953_841,0x13cf6d4,147,FUN_1813cf6d4,,,58b7f908a6cf91dd18071eec7f487da3ebb4bc5a38a57e71ffd2a9316be7a4e2,undefined FUN_1813cf6d4(),ghidra,clean,
WHGame.dll,release_1_5_1164953_841,0x13cf768,42,FUN_1813cf768,,,61a5fc9d2d25e1c9a7ad2f6bdfba9433f1452f2f9531e628bea818ac5e3a9a09,undefined FUN_1813cf768(),ghidra,clean,
WHGame.dll,release_1_5_1164953_841,0x13cf794,68,FUN_1813cf794,,,4c9c0d7c9a42b1e68268bc5a4de063c4cf5aadf3ff6348bcc33fa0a75a464ea3,undefined FUN_1813cf794(),ghidra,clean,
WHGame.dll,release_1_5_1164953_841,0x13cf7d8,417,FUN_1813cf7d8,,,4da03cc8def6110c9ab1958ca9d06c0793fb46c118c98858d9639852897f056e,undefined FUN_1813cf7d8(),ghidra,clean,
WHGame.dll,release_1_5_1164953_841,0x13cf8f8,40,FUN_1813cf8f8,,,23a62e1a9fef2dba994e9e90ecf9fd8840debf60cc1496c1ead94e06e504806c,undefined FUN_1813cf8f8(),ghidra,clean,
WHGame.dll,release_1_5_1164953_841,0x13cf920,42,FUN_1813cf920,,,88ce55e92d9491377d05b8c917396b34b5c0919b9969c582e073145ee3cb42bd,undefined FUN_1813cf920(),ghidra,clean,
WHGame.dll,release_1_5_1164953_841,0x13cf94c,328,FUN_1813cf94c,,,c0bea218240fdefa0fdf52b5cae6c0348af6b66d221da82f437f851adeeded23,undefined FUN_1813cf94c(),ghidra,clean,
WHGame.dll,release_1_5_1164953_841,0x13cfa98,100,FUN_1813cfa98,,,e9c33c13260167800a6147966118898decc72aa59c06a7a6c985bc8a9d555901,undefined FUN_1813cfa98(),ghidra,clean,
WHGame.dll,release_1_5_1164953_841,0x13cfafc,155,FUN_1813cfafc,,,e568ae81f43829f844b431cdf9eecca3300708e776a98d33817577cfac5e0300,undefined FUN_1813cfafc(),ghidra,clean,
WHGame.dll,release_1_5_1164953_841,0x13cfb98,291,FUN_1813cfb98,,,ebcda00ce328900eb4a9a1e3f59aaade61511bf45a0151e6975bac4ea9c77400,undefined FUN_1813cfb98(),ghidra,clean,
WHGame.dll,release_1_5_1164953_841,0x13cfcbc,86,FUN_1813cfcbc,,,f4aba0dbb2c7cf5c31bfb55353e399f8afa5c1050e3a743f3f59a1fecb2210db,undefined FUN_1813cfcbc(),ghidra,clean,
WHGame.dll,release_1_5_1164953_841,0x13cfd14,85,FUN_1813cfd14,,,a87a092ec1de68dbcc049323ed888c05b2ec232623cd7c54e7469343d4fd6f15,undefined FUN_1813cfd14(),ghidra,clean,
WHGame.dll,release_1_5_1164953_841,0x13cfd48,61,FUN_1813cfd48,,,c79b2ca2fdb637e586332ccf84b916cd70c9b295e8d184834dd36fc7c6dcc444,undefined FUN_1813cfd48(),ghidra,clean,
WHGame.dll,release_1_5_1164953_841,0x13cfd88,55,FUN_1813cfd88,,,db185329d3a39efad7daa4a82b074464d82d9b32b47b66f9ec79c10450ea64e1,undefined FUN_1813cfd88(),ghidra,clean,
WHGame.dll,release_1_5_1164953_841,0x13cfdb0,157,FUN_1813cfdb0,,,771082e370a15d4da1af32cd4284fcac15593201787d90081c2435d802cedd62,undefined FUN_1813cfdb0(),ghidra,clean,
WHGame.dll,release_1_5_1164953_841,0x13cfe44,75,FUN_1813cfe44,,,86ec4a70c99b21e7c2252979c6f12fd8f458a1c5e02ca69c1ca5a30e6a421f6b,undefined FUN_1813cfe44(),ghidra,clean,
WHGame.dll,release_1_5_1164953_841,0x13cfe90,145,FUN_1813cfe90,,,cd4f4b76750ccf77ded61955dc59426035b3a06a929d22689a153ae617627081,undefined FUN_1813cfe90(),ghidra,clean,
WHGame.dll,release_1_5_1164953_841,0x13cff24,104,FUN_1813cff24,,,d85afc674a9fc1667f0741c94585afa510b4777d0640edf4931dc22f4877da9e,undefined FUN_1813cff24(),ghidra,clean,
WHGame.dll,release_1_5_1164953_841,0x13cff8c,194,FUN_1813cff8c,,,84b0e1b7ab45d10983e5d273e60b834694d4a0c0fb54784f3c55a9cfcb7ac6ea,undefined FUN_1813cff8c(),ghidra,clean,
WHGame.dll,release_1_5_1164953_841,0x13d0050,155,FUN_1813d0050,,,1ec0b007eca2ca3458e2c4822aae1353dbb55966466b9d423783503e882265e2,undefined FUN_1813d0050(),ghidra,clean,
WHGame.dll,release_1_5_1164953_841,0x13d00ec,190,FUN_1813d00ec,,,0fb54e10e7b23144c1bc0d629f515deb8ea1131da61f8ebd8e33b532f8551a65,undefined FUN_1813d00ec(),ghidra,clean,
WHGame.dll,release_1_5_1164953_841,0x13d01ac,155,FUN_1813d01ac,,,ebc8d2df420fdac703def5b9e9540e8e3e1f2d4e23b0a93d5bc07eb4281433f6,undefined FUN_1813d01ac(),ghidra,clean,
WHGame.dll,release_1_5_1164953_841,0x13d0248,291,FUN_1813d0248,,,d2c40c8187f86ef620a76ec4ee005e7edc70e68be6b860414485e5297a1046fe,undefined FUN_1813d0248(),ghidra,clean,
WHGame.dll,release_1_5_1164953_841,0x13d036c,304,FUN_1813d036c,,,ddc3aa9bd9972f9840fc9d0fa94e1ea56791f987bda69fd4bda8f278966c3562,undefined FUN_1813d036c(),ghidra,clean,
WHGame.dll,release_1_5_1164953_841,0x13d049c,155,FUN_1813d049c,,,28ea417ddbcb4f8fab4827c66b2df257f6e12ece093feea832f7ac269fb3d78e,undefined FUN_1813d049c(),ghidra,clean,
WHGame.dll,release_1_5_1164953_841,0x13d0538,298,FUN_1813d0538,,,07e52c67fedf4445f8d5c69e178cd4663f6dc253957ca595cbc9790d15b033a5,undefined FUN_1813d0538(),ghidra,clean,
WHGame.dll,release_1_5_1164953_841,0x13d0664,110,FUN_1813d0664,,,ad69cbfa3830763f84c8ded7869b313a066fd5839dc39cb9439cc86f567dab9a,undefined FUN_1813d0664(),ghidra,clean,
WHGame.dll,release_1_5_1164953_841,0x13d06a4,146,FUN_1813d06a4,,,af8bd117a32d7dd2e743eaebdbd713e482681b843a839c18c3ffef034b5f8e11,undefined FUN_1813d06a4(),ghidra,clean,
WHGame.dll,release_1_5_1164953_841,0x13d0740,30,FUN_1813d0740,,,971ea45e712c0e73c4af78c2852484e2d95cc98a1cf9bf4164239b4afb279f92,undefined FUN_1813d0740(),ghidra,clean,
WHGame.dll,release_1_5_1164953_841,0x13d0760,55,FUN_1813d0760,,,6661acf127b976b79e312d690e848dc919c4862435c74d58a02a29c5ddcf342c,undefined FUN_1813d0760(),ghidra,clean,
WHGame.dll,release_1_5_1164953_841,0x13d0788,196,FUN_1813d0788,,,b2fa30d06162af2d2171d8fb2ca14b851d3dd2d89131790b5b98cb059d6dd1ad,undefined FUN_1813d0788(),ghidra,clean,
WHGame.dll,release_1_5_1164953_841,0x13d0844,145,FUN_1813d0844,,,7545736eb2b4c14d857747559005b6a859902417c27f64048521e33a5790430d,undefined FUN_1813d0844(),ghidra,clean,
WHGame.dll,release_1_5_1164953_841,0x13d08d8,55,FUN_1813d08d8,,,c4c01096ac05d76d5744038448f8a0d137cf6e617b0e366b0c7c5b63c41bbb2b,undefined FUN_1813d08d8(),ghidra,clean,
WHGame.dll,release_1_5_1164953_841,0x13d0900,181,FUN_1813d0900,,,d98c9644350b6f82266fc140a536b93d1f6fbb67d273fc0585027f7bc335958d,undefined FUN_1813d0900(),ghidra,clean,
WHGame.dll,release_1_5_1164953_841,0x13d09b8,130,FUN_1813d09b8,,,22e58d3159846cbf55e26686a924c8db68740ad25b3ef2304c6d9a3488191f8a,undefined FUN_1813d09b8(),ghidra,clean,
WHGame.dll,release_1_5_1164953_841,0x13d0a3c,66,FUN_1813d0a3c,,,8b44e932cb9e8580559be3c0d07eb513dda28658fafc05d215da77ed1855bbbf,undefined FUN_1813d0a3c(),ghidra,clean,
WHGame.dll,release_1_5_1164953_841,0x13d0a80,147,FUN_1813d0a80,,,968519c203e96e10ea1e90c53137ce3adc66be3136c1941d1ef6604f54f9d076,undefined FUN_1813d0a80(),ghidra,clean,
WHGame.dll,release_1_5_1164953_841,0x13d0b14,176,FUN_1813d0b14,,,c02b90b393ec0908ed3e11ce76320b3e55ff4f04d43a6020a1c79b5b9149459f,undefined FUN_1813d0b14(),ghidra,clean,
WHGame.dll,release_1_5_1164953_841,0x13d0bc4,52,FUN_1813d0bc4,,,492ec941975c8a98b6f1660b5daa8a15b72b9b04a414fe96aa4521a06da4857c,undefined FUN_1813d0bc4(),ghidra,clean,
WHGame.dll,release_1_5_1164953_841,0x13d0bf8,145,FUN_1813d0bf8,,,7a161c4e787dfeee07663c1cf00817b30c06549d4674e29bb699ec0f3a474a55,undefined FUN_1813d0bf8(),ghidra,clean,
WHGame.dll,release_1_5_1164953_841,0x13d0c8c,35,FUN_1813d0c8c,,,4ac96b93951830cb41e8b82ee91319a7963231f125010944d604884fa25ea745,undefined FUN_1813d0c8c(),ghidra,clean,
WHGame.dll,release_1_5_1164953_841,0x13d0cf8,72,FUN_1813d0cf8,,,8d99424db9aad95484ad3e7b47fad522194b704e6a2f10f40ceb5e6aba619c95,undefined FUN_1813d0cf8(),ghidra,clean,
WHGame.dll,release_1_5_1164953_841,0x13d0d1c,103,FUN_1813d0d1c,,,cb040f59d8a6d75aa2ce53556a7d3ec1bccbb5a917dc1123d28e25bfa6f77095,undefined FUN_1813d0d1c(),ghidra,clean,
WHGame.dll,release_1_5_1164953_841,0x13d0d84,80,FUN_1813d0d84,,,67517cb36a15a47f830c0955afdb97b5e374d8991aeda8ff2ab75a552a15eb58,undefined FUN_1813d0d84(),ghidra,clean,
WHGame.dll,release_1_5_1164953_841,0x13d0dd4,85,FUN_1813d0dd4,,,2f110fed93bdd809259f9d86af98904d83aae735351b9488c614d12e7182f75e,undefined FUN_1813d0dd4(),ghidra,clean,
WHGame.dll,release_1_5_1164953_841,0x13d0e08,180,FUN_1813d0e08,,,a52ad478e3be75d701d00d8c49e3b99bb08beb563328c44cd619203d0890ef5c,undefined FUN_1813d0e08(),ghidra,clean,
WHGame.dll,release_1_5_1164953_841,0x13d0ebc,55,FUN_1813d0ebc,,,b11fce3e99b3924b27e16e45b09283e0ab31d366981ceb1cef1b9e9388407898,undefined FUN_1813d0ebc(),ghidra,clean,
WHGame.dll,release_1_5_1164953_841,0x13d0ee4,186,FUN_1813d0ee4,,,dbfec9f65d1b5d2bcecf45fdf50b064f6c26336ed44980bafc20ceb5abc41036,undefined FUN_1813d0ee4(),ghidra,clean,
WHGame.dll,release_1_5_1164953_841,0x13d0fa0,204,FUN_1813d0fa0,,,cfb476d0c2019a58040a70e90c6e92ef13d5ca6608bf127486cd8ee19f455534,undefined FUN_1813d0fa0(),ghidra,clean,
WHGame.dll,release_1_5_1164953_841,0x13d104c,204,FUN_1813d104c,,,1a9e7c8ae62d5384894d8a0039359c795b868f41180701a373547252e26be945,undefined FUN_1813d104c(),ghidra,clean,
WHGame.dll,release_1_5_1164953_841,0x13d10f8,204,FUN_1813d10f8,,,16d38954b2ce3ec0cf82231945954fa6e1e3231f7a6db3d5a2b6ccff4094faa6,undefined FUN_1813d10f8(),ghidra,clean,
WHGame.dll,release_1_5_1164953_841,0x13d11a4,200,FUN_1813d11a4,,,735ac191c567bec3ea52c4b6dbd409f1f532253590247aee3d22ff530d4b74de,undefined FUN_1813d11a4(),ghidra,clean,
WHGame.dll,release_1_5_1164953_841,0x13d124c,26,FUN_1813d124c,,,9f58c383b7b66b6ec4baec45b8c1635d5fc231296c1c510120efc7865966156c,undefined FUN_1813d124c(),ghidra,clean,
WHGame.dll,release_1_5_1164953_841,0x13d1268,151,FUN_1813d1268,,,e02949a3ad2843427a922aaf98d08322989266d4ab81ff1bbc68c0410a1812da,undefined FUN_1813d1268(),ghidra,clean,
WHGame.dll,release_1_5_1164953_841,0x13d1300,151,FUN_1813d1300,,,b32a5269cdbaaa324a40b89824b6ede0e3b32127a9fec3f50d72921b166c447b,undefined FUN_1813d1300(),ghidra,clean,
WHGame.dll,release_1_5_1164953_841,0x13d1398,151,FUN_1813d1398,,,bc4d31eb3fb6c41a1d9d34b60b78c03e3245e1c381fc88783ca493354b1b21e7,undefined FUN_1813d1398(),ghidra,clean,
WHGame.dll,release_1_5_1164953_841,0x13d1430,151,FUN_1813d1430,,,6c62c5bbfed750369e19133fcfae6182fdc53df57e941e5df8eb4e37f5c11a07,undefined FUN_1813d1430(),ghidra,clean,
WHGame.dll,release_1_5_1164953_841,0x13d14c8,949,FUN_1813d14c8,,,f8797e88b3c4b40e2167cd1b1f86d36741b41f43beaa1d7e15460a22e4cc7ffb,undefined FUN_1813d14c8(),ghidra,clean,
WHGame.dll,release_1_5_1164953_841,0x13d1880,23,FUN_1813d1880,,,4a2215c3e820937481093c41c3a2c4fdd1b034767afb06c5e8afd475b2e2dc6a,undefined FUN_1813d1880(),ghidra,clean,
WHGame.dll,release_1_5_1164953_841,0x13d1898,155,FUN_1813d1898,,,8e10e43a0d78a8d894839d2fc3ccf358ffd565adea7d8f20b7dd2e172cf95117,undefined FUN_1813d1898(),ghidra,clean,
WHGame.dll,release_1_5_1164953_841,0x13d1934,304,FUN_1813d1934,,,2c8fd5772da0e7851c3a5fa2c860bb8e8f9a5f096729f3f3ad454baf9473af57,undefined FUN_1813d1934(),ghidra,clean,
WHGame.dll,release_1_5_1164953_841,0x13d1a64,155,FUN_1813d1a64,,,6bcb2ff28157031d85345532cbfe68ece0df0b5a80cce64ee8f7a5107a7f4fc5,undefined FUN_1813d1a64(),ghidra,clean,
WHGame.dll,release_1_5_1164953_841,0x13d1b00,298,FUN_1813d1b00,,,e492dfffee4345b7d213ec84c1af9ea48037fbaaaac9d60e6cfbf3e36659a300,undefined FUN_1813d1b00(),ghidra,clean,
WHGame.dll,release_1_5_1164953_841,0x13d1c2c,151,FUN_1813d1c2c,,,ab892f6e958ee8fb056403c3d725f0f880e8a29ea2901f845dbc890386807d1c,undefined FUN_1813d1c2c(),ghidra,clean,
WHGame.dll,release_1_5_1164953_841,0x13d1cc4,151,FUN_1813d1cc4,,,0e0cdd6e92f7bd8622ddce98e8da235224e874550cc557114400803be2c54150,undefined FUN_1813d1cc4(),ghidra,clean,
WHGame.dll,release_1_5_1164953_841,0x13d1d5c,151,FUN_1813d1d5c,,,d29c65ab6170b880120270418f09821ca65857942ac7f27b7265810cb26da0d1,undefined FUN_1813d1d5c(),ghidra,clean,
WHGame.dll,release_1_5_1164953_841,0x13d1df4,151,FUN_1813d1df4,,,7ef4bd8c0a76181dee7264815c5143dc0ac85a56b26ab0a21a5816578d1c8fa8,undefined FUN_1813d1df4(),ghidra,clean,
WHGame.dll,release_1_5_1164953_841,0x13d1e8c,194,FUN_1813d1e8c,,,90b3021aecb0c0b43c5fc7cc8947a2dc5b48dc56732bfa89c6fffcd884835d02,undefined FUN_1813d1e8c(),ghidra,clean,
WHGame.dll,release_1_5_1164953_841,0x13d1f50,190,FUN_1813d1f50,,,b514c8a788c93f6ed2a4a2c40ea82095f98906226ac5b238a452ec65447c852c,undefined FUN_1813d1f50(),ghidra,clean,
WHGame.dll,release_1_5_1164953_841,0x13d2010,155,FUN_1813d2010,,,110e3877a4ce51302abb4349c323a16c04cdc50186e859372a24c638d0480539,undefined FUN_1813d2010(),ghidra,clean,
WHGame.dll,release_1_5_1164953_841,0x13d20ac,291,FUN_1813d20ac,,,38863e193e563131f4544e09f2454e1bc68567d9bfbb86fa5fb2ad22e175265d,undefined FUN_1813d20ac(),ghidra,clean,
WHGame.dll,release_1_5_1164953_841,0x13d21d0,341,FUN_1813d21d0,,,ad60d228aa22f49fff2affa3bbe2b12ed6ddfbc79ef573bc68800a285c8ebbc0,undefined FUN_1813d21d0(),ghidra,clean,
WHGame.dll,release_1_5_1164953_841,0x13d2328,216,FUN_1813d2328,,,acf3beaba8f8163ef7c1252b50296748606e41c04a907635ebc0826f5bcea3b7,undefined FUN_1813d2328(),ghidra,clean,
WHGame.dll,release_1_5_1164953_841,0x13d2400,185,FUN_1813d2400,,,7895c5c2cb7cfd1b914576045e76db8e6c18be33dacd0b4d45f7fb62a2f71e3c,undefined FUN_1813d2400(),ghidra,clean,
WHGame.dll,release_1_5_1164953_841,0x13d24bc,324,FUN_1813d24bc,,,84042dc90c8aa80179ca0c3663a7a07193db760087fcfc58f86188e68731d907,undefined FUN_1813d24bc(),ghidra,clean,
WHGame.dll,release_1_5_1164953_841,0x13d2600,62,FUN_1813d2600,,,3b2a46d8134dc4809822fb6a2990282e1471d1b65102fa823812a6603f78c70b,undefined FUN_1813d2600(),ghidra,clean,
WHGame.dll,release_1_5_1164953_841,0x13d2640,139,FUN_1813d2640,,,f2db8d8b814e5dff1bb748a4754b498594a07bc631948aa53e003535a5f8087c,undefined FUN_1813d2640(),ghidra,clean,
WHGame.dll,release_1_5_1164953_841,0x13d26cc,191,FUN_1813d26cc,,,d983a1acab7435466a86461e2971b0bc8bf798417bf8456e593859745423c50a,undefined FUN_1813d26cc(),ghidra,clean,
WHGame.dll,release_1_5_1164953_841,0x13d278c,132,FUN_1813d278c,,,5ae65d3b48e52e1e56bf71a767e5846e6b2c9210bc74d5cf22da1cc65aa68d7d,undefined FUN_1813d278c(),ghidra,clean,
WHGame.dll,release_1_5_1164953_841,0x13d2810,50,FUN_1813d2810,,,6e2fa15ea6099c040409d1958753e3d8bddeba6c6a3f6e0da6cb2a6c1449261f,undefined FUN_1813d2810(),ghidra,clean,
WHGame.dll,release_1_5_1164953_841,0x13d2844,51,FUN_1813d2844,,,d8d47d2fce6731a6381deb6ddbfd225b72590d9e6de8dfc7a44f2d5a0cc910fe,undefined FUN_1813d2844(),ghidra,clean,
WHGame.dll,release_1_5_1164953_841,0x13d2878,153,FUN_1813d2878,,,afd19910436dd68fc606fa0b7fd98e04a3dd7d4edee4595be1ef8e2ca6baa3f8,undefined FUN_1813d2878(),ghidra,clean,
WHGame.dll,release_1_5_1164953_841,0x13d28a8,294,FUN_1813d28a8,,,b598ed818daba08b17bb2c8fae85c22aeec31b2591ec0de7b77a9d11cc44e61e,undefined FUN_1813d28a8(),ghidra,clean,
WHGame.dll,release_1_5_1164953_841,0x13d29d0,180,FUN_1813d29d0,,,c50bd5b1880e044fc3ac67c88ef9cb5531b53a2101cb560160a99ec868cf16e6,undefined FUN_1813d29d0(),ghidra,clean,
WHGame.dll,release_1_5_1164953_841,0x13d2a84,52,FUN_1813d2a84,,,a68b0e850bbc3c0010d0ce5d7195b8ce2347871fdf63f81b81d0ea369ad1f715,undefined FUN_1813d2a84(),ghidra,clean,
WHGame.dll,release_1_5_1164953_841,0x13d2ab8,37,FUN_1813d2ab8,,,472a94d75dee591727744ffe4038e3555f8613c5b90cc49f43d4e45dd1ac8b95,undefined FUN_1813d2ab8(),ghidra,clean,
WHGame.dll,release_1_5_1164953_841,0x13d2ae0,37,FUN_1813d2ae0,,,05becc475094b4ab42b0d2fabc61324e9838d8e2d3fb4cd8b8ee63226b1b6ca6,undefined FUN_1813d2ae0(),ghidra,clean,
WHGame.dll,release_1_5_1164953_841,0x13d2b08,110,FUN_1813d2b08,,,bc8577e118a5f27a5d9170bc176d075c1ecf5595c3d15f70153f20faf84b634f,undefined FUN_1813d2b08(),ghidra,clean,
WHGame.dll,release_1_5_1164953_841,0x13d2b78,191,FUN_1813d2b78,,,7ffb5742fa1bc6c58a94f28f4c9ab37f9a5943d3d719e1a6c42b798f4c28788e,undefined FUN_1813d2b78(),ghidra,clean,
WHGame.dll,release_1_5_1164953_841,0x13d2c1c,130,FUN_1813d2c1c,,,a1b41036b6164cde00d6f8c803158c12f21895aaf99103901246c6f44106ab92,undefined FUN_1813d2c1c(),ghidra,clean,
WHGame.dll,release_1_5_1164953_841,0x13d2ca0,5,thunk_FUN_1813d2ca8,,,b0d40b133b9394d93820ac0104b0065121d2d73df32c7bfb4e4cf5d805a8b103,undefined thunk_FUN_1813d2ca8(),ghidra,clean,
WHGame.dll,release_1_5_1164953_841,0x13d2ca8,103,FUN_1813d2ca8,,,5430cbdd4a21060329b01ddccb6752d82ed833cb4323f3a9a485387b16b05ee8,undefined FUN_1813d2ca8(),ghidra,clean,
WHGame.dll,release_1_5_1164953_841,0x13d2d10,95,FUN_1813d2d10,,,f9e68fbf786752780992d3ab8298677673c83ef70b6b8c7fc76743fda13f7766,undefined FUN_1813d2d10(),ghidra,clean,
WHGame.dll,release_1_5_1164953_841,0x13d2d70,220,FUN_1813d2d70,,,f2a246c2d8b4a08231080514e5f834908b137c13bc8ba365dcc738ad68131c20,undefined FUN_1813d2d70(),ghidra,clean,
WHGame.dll,release_1_5_1164953_841,0x13d2e30,53,FUN_1813d2e30,,,e3466549af93607264add497a504fb7e2850cf1e3ca821f1b645483c739674b0,undefined FUN_1813d2e30(),ghidra,clean,
WHGame.dll,release_1_5_1164953_841,0x13d2e68,147,FUN_1813d2e68,,,3b8533b01d187b8c13cc7a0e956371e999fc4591ad944c8f47e1f04a54c80834,undefined FUN_1813d2e68(),ghidra,clean,
WHGame.dll,release_1_5_1164953_841,0x13d2efc,147,FUN_1813d2efc,,,4ff21e57ac05c92614201e3446ea1ea2cdabd4870c33d2888da4b83f3c479e46,undefined FUN_1813d2efc(),ghidra,clean,
WHGame.dll,release_1_5_1164953_841,0x13d2f90,42,FUN_1813d2f90,,,2e41f30e917c13025b960af3c92254acfa54bc0db18039bf032eedf63d3fe020,undefined FUN_1813d2f90(),ghidra,clean,
WHGame.dll,release_1_5_1164953_841,0x13d2fbc,68,FUN_1813d2fbc,,,fcf8682d2af731de8dfe71c4158e0ecf74f6fc10783087d0e8bc0e469898ad3e,undefined FUN_1813d2fbc(),ghidra,clean,
WHGame.dll,release_1_5_1164953_841,0x13d3000,431,FUN_1813d3000,,,056720c6cb5685c9138aec3523ce9defbe8bb6a24c326e5c5f3ec7480be56713,undefined FUN_1813d3000(),ghidra,clean,
WHGame.dll,release_1_5_1164953_841,0x13d315c,40,FUN_1813d315c,,,9e95650d4d170eb40895bc5e9bd0dafeedc80332b22409a78378d9aded018f65,undefined FUN_1813d315c(),ghidra,clean,
WHGame.dll,release_1_5_1164953_841,0x13d3184,42,FUN_1813d3184,,,5ffdd558e355a7d3974d7b35d3a42981ddd29663d70afa6932748569479712a6,undefined FUN_1813d3184(),ghidra,clean,
WHGame.dll,release_1_5_1164953_841,0x13d31b0,100,FUN_1813d31b0,,,5a84ba5df82714300c172d1c157a5fc9afdd732e3ab7fc2327328eba6f61423b,undefined FUN_1813d31b0(),ghidra,clean,
WHGame.dll,release_1_5_1164953_841,0x13d3214,328,FUN_1813d3214,,,ee490b87e61774cebf62a751fe60461784e2a6d26d5a93174c172867028e8c4f,undefined FUN_1813d3214(),ghidra,clean,
WHGame.dll,release_1_5_1164953_841,0x13d3360,100,FUN_1813d3360,,,c060c952a3b04093d99eef7452f85ae453f52cb1709b7cd2451c107106cd01e6,undefined FUN_1813d3360(),ghidra,clean,
WHGame.dll,release_1_5_1164953_841,0x13d33c4,155,FUN_1813d33c4,,,f617970d7d9164b811412d9febf299ed23fccdaf75e94bc09ece6d50e9c8714c,undefined FUN_1813d33c4(),ghidra,clean,
WHGame.dll,release_1_5_1164953_841,0x13d3460,291,FUN_1813d3460,,,1af64182f4e5c67a2d2d7ff56f071a2d7812578eed9600109eeecdda17b9a51e,undefined FUN_1813d3460(),ghidra,clean,
WHGame.dll,release_1_5_1164953_841,0x13d3584,147,FUN_1813d3584,,,5064eb76302c3d5684a7cbb2ff46d8679be5881c0d8c00ab078750eeb17b5b8c,undefined FUN_1813d3584(),ghidra,clean,
WHGame.dll,release_1_5_1164953_841,0x13d3618,197,FUN_1813d3618,,,c1d1e129ff2079d6f6d462caaeea5281c7911ced661067db3abf1b429adf10a9,undefined FUN_1813d3618(),ghidra,clean,
WHGame.dll,release_1_5_1164953_841,0x13d36e0,190,FUN_1813d36e0,,,e8739a78d7328b35d388ab45f6969024b50094920f703fcd90349e810d6d4132,undefined FUN_1813d36e0(),ghidra,clean,
WHGame.dll,release_1_5_1164953_841,0x13d37a0,19,FUN_1813d37a0,,,d0a445533cd6faccd8b120e7fc8b6bf85013d5ea35d67fdeba6bd24e9ebba631,undefined FUN_1813d37a0(),ghidra,clean,
WHGame.dll,release_1_5_1164953_841,0x13d37b4,284,FUN_1813d37b4,,,03cfd0cc7c8bf69be60bc66b60da0422624cf4b68fa76ec87614cd012aa3c63b,undefined FUN_1813d37b4(),ghidra,clean,
WHGame.dll,release_1_5_1164953_841,0x13d38c4,261,FUN_1813d38c4,,,8aad508e12aaccb6852c05559b0b4d41ff1a288599d5a9bcdeac593affc3c402,undefined FUN_1813d38c4(),ghidra,clean,
WHGame.dll,release_1_5_1164953_841,0x13d39c0,233,FUN_1813d39c0,,,807ccdbf53e4f401b360b4156ff3cb30da581fa90cc58f067614978cf39f222a,undefined FUN_1813d39c0(),ghidra,clean,
WHGame.dll,release_1_5_1164953_841,0x13d3aac,52,FUN_1813d3aac,,,4d9484053dec2eb300bf326e05c42b2ae98f4c635a601561e1cbc197e6807629,undefined FUN_1813d3aac(),ghidra,clean,
WHGame.dll,release_1_5_1164953_841,0x13d3ae0,45,FUN_1813d3ae0,,,15e1214ac222e379659298b9129c0cd77fa038185f8e81ea0c4d8045481c2b6a,undefined FUN_1813d3ae0(),ghidra,clean,
WHGame.dll,release_1_5_1164953_841,0x13d3b10,21,FUN_1813d3b10,,,d870d7b94880864ee7b28e55aa1d75e173bed9fd14356cd570d28e3b8c937132,undefined FUN_1813d3b10(),ghidra,clean,
WHGame.dll,release_1_5_1164953_841,0x13d3b28,285,FUN_1813d3b28,,,8bf57618ee5453478ab9b2993fe292da38b4f04ccc522bd5f2d2797c0bc49589,undefined FUN_1813d3b28(),ghidra,clean,
WHGame.dll,release_1_5_1164953_841,0x13d3bc8,72,FUN_1813d3bc8,,,cdb6e1b227b35d744db4d4a775eefd7ec004d02c038429d26c7b16c94bc465ab,undefined FUN_1813d3bc8(),ghidra,clean,
WHGame.dll,release_1_5_1164953_841,0x13d3c10,129,FUN_1813d3c10,,,9037b4df28d709250eec3753004f3f22bde7769f64e4e530c2f78faa5657e88b,undefined FUN_1813d3c10(),ghidra,clean,
WHGame.dll,release_1_5_1164953_841,0x13d3c94,129,FUN_1813d3c94,,,8b33202acef3011e5146277790218a55d05d4691a794864dee505309a69475cb,undefined FUN_1813d3c94(),ghidra,clean,
WHGame.dll,release_1_5_1164953_841,0x13d3d18,136,FUN_1813d3d18,,,273be0ea6618744fa052c6778ee805e3d4a88eea7cef5724f7556b16c5d30f5e,undefined FUN_1813d3d18(),ghidra,clean,
WHGame.dll,release_1_5_1164953_841,0x13d3da0,161,FUN_1813d3da0,,,e0a90eb00520ba3c0f6c7c7d54ac47262c5c5d4123f0cda4912648e1607c1c0a,undefined FUN_1813d3da0(),ghidra,clean,
WHGame.dll,release_1_5_1164953_841,0x13d3e44,139,FUN_1813d3e44,,,92ab6e7683b259c89a1b52aaa0f39ae2de2b7939549297694c578b1391b06f42,undefined FUN_1813d3e44(),ghidra,clean,
WHGame.dll,release_1_5_1164953_841,0x13d3ed0,175,FUN_1813d3ed0,,,b6080d736a9956a0054a5ee0d39e04d0fef82bb2d5d6980a6ba0347e89e7cefc,undefined FUN_1813d3ed0(),ghidra,clean,
WHGame.dll,release_1_5_1164953_841,0x13d3f80,80,FUN_1813d3f80,,,c188e093e19e9e73f6061f7f998b8de1e1f8101bc0323aa814171764d9256629,undefined FUN_1813d3f80(),ghidra,clean,
WHGame.dll,release_1_5_1164953_841,0x13d3fd0,80,FUN_1813d3fd0,,,ef2eb66f4cd03b0881e92a03c6ce313503086362348924e8dd2c64017470f87b,undefined FUN_1813d3fd0(),ghidra,clean,
WHGame.dll,release_1_5_1164953_841,0x13d4020,85,FUN_1813d4020,,,c82f5b0f7fb4d2f78f2b24d20836b8fd8e73369f9d1f7a23807dcd38f55793fb,undefined FUN_1813d4020(),ghidra,clean,
WHGame.dll,release_1_5_1164953_841,0x13d4054,30,FUN_1813d4054,,,bf507bf1cd620696e031bd5db44e0f7466f97f4e4c7e79ec14ba8c1217f5b703,undefined FUN_1813d4054(),ghidra,clean,
WHGame.dll,release_1_5_1164953_841,0x13d4074,197,FUN_1813d4074,,,e03a62cc8922463eeedd5ae7e9989fa51cd25f65efc10b82a29fa5d2bf17d741,undefined FUN_1813d4074(),ghidra,clean,
WHGame.dll,release_1_5_1164953_841,0x13d413c,374,FUN_1813d413c,,,9f1db4dcee982d64acc32194b05efd9fbec8e2df815f29b288694541349a9722,undefined FUN_1813d413c(),ghidra,clean,
WHGame.dll,release_1_5_1164953_841,0x13d42b4,155,FUN_1813d42b4,,,7d33b7e61108a6e1c5c708fff621cba130863aaf2d67660d7d92c9cd96d2a84d,undefined FUN_1813d42b4(),ghidra,clean,
WHGame.dll,release_1_5_1164953_841,0x13d4350,291,FUN_1813d4350,,,da1aa614caf5da7d5ef07f5d2ec8f4922feab61d042123c7e7b73d1ab5092b67,undefined FUN_1813d4350(),ghidra,clean,
WHGame.dll,release_1_5_1164953_841,0x13d4474,257,FUN_1813d4474,,,703d0c67a810705eebe092021715e558758309fd794ecc933d5f2275a7128dcc,undefined FUN_1813d4474(),ghidra,clean,
WHGame.dll,release_1_5_1164953_841,0x13d4540,376,FUN_1813d4540,,,f7d39bc98b790e0f8b5ee069e5a1bbccf3243e5d20f85aeb824216ccbd69db1a,undefined FUN_1813d4540(),ghidra,clean,
WHGame.dll,release_1_5_1164953_841,0x13d4658,376,FUN_1813d4658,,,47c2a39ea5d601435f5120227bf5338658ae64648c6de29f762808b76b056dc4,undefined FUN_1813d4658(),ghidra,clean,
WHGame.dll,release_1_5_1164953_841,0x13d4770,187,FUN_1813d4770,,,2f027cc84a2aa4c00394e9a3037a5b0f133e6e683caa7a042c9b8e60f83af178,undefined FUN_1813d4770(),ghidra,clean,
WHGame.dll,release_1_5_1164953_841,0x13d4804,36,FUN_1813d4804,,,472429b1fba08aa853971da9c3dfd115240dca330c360851e7de84291158c09a,undefined FUN_1813d4804(),ghidra,clean,
WHGame.dll,release_1_5_1164953_841,0x13d4828,36,FUN_1813d4828,,,da0e987d4c8587cc7cda9a3a8bbf17472a185a16e6bdb3acc5062d9ad0b183cc,undefined FUN_1813d4828(),ghidra,clean,
WHGame.dll,release_1_5_1164953_841,0x13d484c,196,FUN_1813d484c,,,0bacdc33866b9fda271c4b4379b71b1ade807e48cd6070f5a316acc65a48a13a,undefined FUN_1813d484c(),ghidra,clean,
WHGame.dll,release_1_5_1164953_841,0x13d4908,175,FUN_1813d4908,,,7767ef33bd3f4f2b575a0ef4d452928f9cdd39c4c4d342aa78839916e0d1658f,undefined FUN_1813d4908(),ghidra,clean,
WHGame.dll,release_1_5_1164953_841,0x13d49b8,234,FUN_1813d49b8,,,fb2fe8b528f5e3160eac00e6ab02f0249e7f2f6ae2af8bbfdb323f7518d4d78f,undefined FUN_1813d49b8(),ghidra,clean,
WHGame.dll,release_1_5_1164953_841,0x13d4aa4,207,FUN_1813d4aa4,,,3b3a54954b5f87630c189225da459ef09097c28c6345d51e83b77eff6ed69e74,undefined FUN_1813d4aa4(),ghidra,clean,
WHGame.dll,release_1_5_1164953_841,0x13d4b64,251,FUN_1813d4b64,,,6672c7693d756fb5c63eb10605ec86dc16b12feb56926b0bbc53402462ecf414,undefined FUN_1813d4b64(),ghidra,clean,
WHGame.dll,release_1_5_1164953_841,0x13d4c60,196,FUN_1813d4c60,,,61adc1465f10b7a6ecb622242f0b06127489b0aaf27c0b6ec21ed35f25deff78,undefined FUN_1813d4c60(),ghidra,clean,
WHGame.dll,release_1_5_1164953_841,0x13d4d24,234,FUN_1813d4d24,,,652aecd1523d8920116a91f06f4e18216d89ce7e0e4ddb993cd076d267bda816,undefined FUN_1813d4d24(),ghidra,clean,
WHGame.dll,release_1_5_1164953_841,0x13d4e10,207,FUN_1813d4e10,,,683ce7acd828740d97ac29f61ebf1d33a6ff7b6a23e8af640f8ba395a0a23437,undefined FUN_1813d4e10(),ghidra,clean,
WHGame.dll,release_1_5_1164953_841,0x13d4ed0,251,FUN_1813d4ed0,,,e7e5fe41fbdea22c4cfbdc3a657008605630b69f4850d2a25f2d843723ff1a6d,undefined FUN_1813d4ed0(),ghidra,clean,
WHGame.dll,release_1_5_1164953_841,0x13d4fcc,196,FUN_1813d4fcc,,,a7ea52f016e375ea8cf6acc2d49aa21a7ad9fa747f6b6f031d60e98c4f4578d2,undefined FUN_1813d4fcc(),ghidra,clean,
WHGame.dll,release_1_5_1164953_841,0x13d5090,234,FUN_1813d5090,,,5c11a450239c7e5e5204f91a8ec649431090d99dccb536dac8cc8c0dbc35c0aa,undefined FUN_1813d5090(),ghidra,clean,
WHGame.dll,release_1_5_1164953_841,0x13d517c,234,FUN_1813d517c,,,171141b29bfd2222a52283278c44e9f21df9f8e5fd6767688116d07e203301a8,undefined FUN_1813d517c(),ghidra,clean,
WHGame.dll,release_1_5_1164953_841,0x13d5268,234,FUN_1813d5268,,,d6fafd60171b471ee5aab16fd873fdaecfcc04605f23c31f33b0c2f5a0831b8f,undefined FUN_1813d5268(),ghidra,clean,
WHGame.dll,release_1_5_1164953_841,0x13d5354,234,FUN_1813d5354,,,fd06a8014719db2d66d8c48e00d571aa999c651b9a8d2006b63779632d291f18,undefined FUN_1813d5354(),ghidra,clean,
WHGame.dll,release_1_5_1164953_841,0x13d5440,207,FUN_1813d5440,,,80a324df268b07b7a8c642ed34f3343f9478b0db3c17d53be42ee559231147ef,undefined FUN_1813d5440(),ghidra,clean,
WHGame.dll,release_1_5_1164953_841,0x13d5500,261,FUN_1813d5500,,,04b20af0b15177cfd964a2a344036a4a0406a93a6bbbcc9506f048deafd7718b,undefined FUN_1813d5500(),ghidra,clean,
WHGame.dll,release_1_5_1164953_841,0x13d55fc,224,FUN_1813d55fc,,,83de9df07d6c94b57404e57d2db18f1110065cb2a247183edca061a334a0c008,undefined FUN_1813d55fc(),ghidra,clean,
WHGame.dll,release_1_5_1164953_841,0x13d56dc,234,FUN_1813d56dc,,,19523929dd6595d492898404f494fa5cef9202541dad21ce66ad8028ec350adc,undefined FUN_1813d56dc(),ghidra,clean,
WHGame.dll,release_1_5_1164953_841,0x13d57c8,207,FUN_1813d57c8,,,5b38c02d65b20ae444806fe1ce39f839f563c07dafd251af22e7aedba275a255,undefined FUN_1813d57c8(),ghidra,clean,
WHGame.dll,release_1_5_1164953_841,0x13d5888,261,FUN_1813d5888,,,8fab1f291b462bb5d01aa15b321629689199ea1c1f55a863374f8d2b3bd26cd7,undefined FUN_1813d5888(),ghidra,clean,
WHGame.dll,release_1_5_1164953_841,0x13d5984,224,FUN_1813d5984,,,7ed92a4aa82ea841480919cd7d0f48fd1e8fa363d5748c96bcf1d8dff32e5f4a,undefined FUN_1813d5984(),ghidra,clean,
WHGame.dll,release_1_5_1164953_841,0x13d5a64,877,FUN_1813d5a64,,,715bdd0a3fa5c4bc10ed3bf35fa31831a16c851bdb82d00cd616c710c4128ddd,undefined FUN_1813d5a64(),ghidra,clean,
WHGame.dll,release_1_5_1164953_841,0x13d5d90,146,FUN_1813d5d90,,,6caf5b83cce4ab233be10f99977f47da68cf27fc9d7eaf03299ecb22a7d4af31,undefined FUN_1813d5d90(),ghidra,clean,
WHGame.dll,release_1_5_1164953_841,0x13d5e24,146,FUN_1813d5e24,,,5732318aba3c2087118e317720c89c9f34c243f5435147ecc08edab140a76ea0,undefined FUN_1813d5e24(),ghidra,clean,
WHGame.dll,release_1_5_1164953_841,0x13d5eb8,146,FUN_1813d5eb8,,,7104acb36b28b246b5bc0714e6a35b58082fe096d64a631e1e876ceb38442ce0,undefined FUN_1813d5eb8(),ghidra,clean,
WHGame.dll,release_1_5_1164953_841,0x13d5f4c,146,FUN_1813d5f4c,,,76f04c0fb3295c687f8eda0d536477f8b8e36730dfdb957adb72a94136b3694a,undefined FUN_1813d5f4c(),ghidra,clean,
WHGame.dll,release_1_5_1164953_841,0x13d5fe0,146,FUN_1813d5fe0,,,d68cf595febb4ee1256f5daffaf36d639249d477e28e1bc1908f4b3217d95beb,undefined FUN_1813d5fe0(),ghidra,clean,
WHGame.dll,release_1_5_1164953_841,0x13d6074,504,FUN_1813d6074,,,e377b6a6c15daa9706edd8c410e6bf7fc1ce7b8307ba4c7912addc6a476033d5,undefined FUN_1813d6074(),ghidra,clean,
WHGame.dll,release_1_5_1164953_841,0x13d6260,356,FUN_1813d6260,,,958b3cf19f6170e7761d534949d58a2734611a15bb7984254f6135e6221fe5d0,undefined FUN_1813d6260(),ghidra,clean,
WHGame.dll,release_1_5_1164953_841,0x13d63b8,349,FUN_1813d63b8,,,a1c30eabd8325869ab4b52a5704cae3cb10ea3d3b2a6ddce10ea071531434db1,undefined FUN_1813d63b8(),ghidra,clean,
WHGame.dll,release_1_5_1164953_841,0x13d6504,190,FUN_1813d6504,,,5d43e4f36b51bc3f83047f446137381a3131d6ef247805311bc6db5fe9ea3f1a,undefined FUN_1813d6504(),ghidra,clean,
WHGame.dll,release_1_5_1164953_841,0x13d65c4,284,FUN_1813d65c4,,,4873332f2a0109268eb96243075d1c2bc8616236b08e56eb96182ed30031a4f5,undefined FUN_1813d65c4(),ghidra,clean,
WHGame.dll,release_1_5_1164953_841,0x13d66d8,288,FUN_1813d66d8,,,608083faee3ae018409994617fbea50dca75622335fc3de802fbdffa0d04fd26,undefined FUN_1813d66d8(),ghidra,clean,
WHGame.dll,release_1_5_1164953_841,0x13d67f8,319,FUN_1813d67f8,,,8bd64e83c087b70c5548ee7014ad627a479c769c279cc01720317c5a82aa26e0,undefined FUN_1813d67f8(),ghidra,clean,
WHGame.dll,release_1_5_1164953_841,0x13d692c,332,FUN_1813d692c,,,77fb8edbdbcbd51ca728e9d968e523a8ccb7fa2b1e6208038e17345710f4ea9a,undefined FUN_1813d692c(),ghidra,clean,
WHGame.dll,release_1_5_1164953_841,0x13d6a78,392,FUN_1813d6a78,,,1ee81b3026fb57b84e057df2ce031ac30aca190d6ea7655d3a1d0f7419cae961,undefined FUN_1813d6a78(),ghidra,clean,
WHGame.dll,release_1_5_1164953_841,0x13d6bf8,435,FUN_1813d6bf8,,,59f8401bb81f200bbbd34ccdea03712c9c7ccac48c7c489c76b2aafcc13797a6,undefined FUN_1813d6bf8(),ghidra,clean,
WHGame.dll,release_1_5_1164953_841,0x13d6dac,952,FUN_1813d6dac,,,66ccb41f1fa82598b25900cce27e987a79b399a3754b47aba55f73cb4e21a69d,undefined FUN_1813d6dac(),ghidra,clean,
WHGame.dll,release_1_5_1164953_841,0x13d7138,5997,FUN_1813d7138,,,f689a4e5f803eceac90376ea35c32c4baafefa409ea380b0d76cd1ba9bbf3c6a,undefined FUN_1813d7138(),ghidra,clean,
WHGame.dll,release_1_5_1164953_841,0x13d88a8,276,FUN_1813d88a8,,,55a54d72f472cd8987a6bba59b0b69655a7b96ba16bee789e2aad2e0d951d5cb,undefined FUN_1813d88a8(),ghidra,clean,
WHGame.dll,release_1_5_1164953_841,0x13d89bc,2434,FUN_1813d89bc,,,fc02f2e9bb81f3baccee913d50a915020be3d37e4a9588ba8abaa05462d83f34,undefined FUN_1813d89bc(),ghidra,clean,
WHGame.dll,release_1_5_1164953_841,0x13d9340,67,FUN_1813d9340,,,dd6be36e904bf3564a8c5ede3972c15cac000b1900341924d12f095d81f4beb2,undefined FUN_1813d9340(),ghidra,clean,
WHGame.dll,release_1_5_1164953_841,0x13d9384,30,FUN_1813d9384,,,4ca4a85eccda600d52e008bb55492c9357c3ce775cccbac191c1e5e91f97c78b,undefined FUN_1813d9384(),ghidra,clean,
WHGame.dll,release_1_5_1164953_841,0x13d93a4,155,FUN_1813d93a4,,,e823a2c253afaf29671627a459672b5291c135f6a45aa752553fa49831bd611c,undefined FUN_1813d93a4(),ghidra,clean,
WHGame.dll,release_1_5_1164953_841,0x13d9440,311,FUN_1813d9440,,,ffd272d75c83a8265865b3da4c36a32ca5241e1f1469f2227c0314f8185e06e4,undefined FUN_1813d9440(),ghidra,clean,
WHGame.dll,release_1_5_1164953_841,0x13d9578,54,FUN_1813d9578,,,397eef6854f2704129a4dcea702bf765abcc06fae81859d51283cd8b179326f6,undefined FUN_1813d9578(),ghidra,clean,
WHGame.dll,release_1_5_1164953_841,0x13d95b0,34,FUN_1813d95b0,,,67627ff83a61a99be391945b83bb62855f4f6fc66e5b47a1d2bc85ceb1d51f51,undefined FUN_1813d95b0(),ghidra,clean,
WHGame.dll,release_1_5_1164953_841,0x13d95d4,96,FUN_1813d95d4,,,cbd50978ed4620605715150eca5eabdf89d7bd0cae386be1e24228109062c050,undefined FUN_1813d95d4(),ghidra,clean,
WHGame.dll,release_1_5_1164953_841,0x13d9634,13,FUN_1813d9634,,,0b1a91214dfc3ea451028dbb83f4ea18a678562da9d122458bf1e886c8398010,undefined FUN_1813d9634(),ghidra,clean,
WHGame.dll,release_1_5_1164953_841,0x13d9644,83,FUN_1813d9644,,,c9aee7b764afa8395668980ff5f8ec1915511faffe3b4107ff0ffa1e6bc68762,undefined FUN_1813d9644(),ghidra,clean,
WHGame.dll,release_1_5_1164953_841,0x13d9698,87,FUN_1813d9698,,,4f3550b12d95a1d6a3ca0e83bd0734eea1f3d91f7ef3ad453a1c493caa4d62ab,undefined FUN_1813d9698(),ghidra,clean,
WHGame.dll,release_1_5_1164953_841,0x13d96f0,91,FUN_1813d96f0,,,79301188a3e82be443dcf0fb1e1c307485f7a253a5e44ce10c8ca37d04e9e783,undefined FUN_1813d96f0(),ghidra,clean,
WHGame.dll,release_1_5_1164953_841,0x13d9730,180,FUN_1813d9730,,,e0bb0e10436343a393eccb1c616f696953dd71c31009dd989bd305ee03247bd8,undefined FUN_1813d9730(),ghidra,clean,
WHGame.dll,release_1_5_1164953_841,0x13d97e4,315,FUN_1813d97e4,,,14d6ac181286e7394ca384b1d2e597a0ed502cfa7cfd03cfecfdfd1cb124df6a,undefined FUN_1813d97e4(),ghidra,clean,
WHGame.dll,release_1_5_1164953_841,0x13d9920,75,FUN_1813d9920,,,60d4bc3a4f9c58e87b90460c82b12b689c46e2223f185326d4b0138cfd830da3,undefined FUN_1813d9920(),ghidra,clean,
WHGame.dll,release_1_5_1164953_841,0x13d996c,143,FUN_1813d996c,,,3077703becfe93fe38dac3a68f241b43bf67e6bc7085a0c8ab5393ec56e2c729,undefined FUN_1813d996c(),ghidra,clean,
WHGame.dll,release_1_5_1164953_841,0x13d99cc,491,FUN_1813d99cc,,,0eed593722980f36b2d0f046263aece50d7a590db1b3dcd9fce764db73fc4fd5,undefined FUN_1813d99cc(),ghidra,clean,
WHGame.dll,release_1_5_1164953_841,0x13d9bb8,180,FUN_1813d9bb8,,,da60391761e514540a9e7468bd29acc48d2ffc55916b710754ebb47257536fda,undefined FUN_1813d9bb8(),ghidra,clean,
WHGame.dll,release_1_5_1164953_841,0x13d9c6c,34,FUN_1813d9c6c,,,a427faf534139de1a5c38d4f28c53ca3345a2853d8081519e4ba0bc81d37d0ee,undefined FUN_1813d9c6c(),ghidra,clean,
WHGame.dll,release_1_5_1164953_841,0x13d9c90,82,FUN_1813d9c90,,,22a15d91fe14077efe5f64b8c3df2bd96f457ebae7496f095a911a3ce91ea2be,undefined FUN_1813d9c90(),ghidra,clean,
WHGame.dll,release_1_5_1164953_841,0x13d9ccc,134,FUN_1813d9ccc,,,464dc987606bda63db36e13988219a992de47b2b040238c01272baf0a3c084f8,undefined FUN_1813d9ccc(),ghidra,clean,
WHGame.dll,release_1_5_1164953_841,0x13d9d54,83,FUN_1813d9d54,,,a81de202c4c4e18523c95f09a5744b0da80a4e8a4b646db4125660839e2e3dda,undefined FUN_1813d9d54(),ghidra,clean,
WHGame.dll,release_1_5_1164953_841,0x13d9da8,155,FUN_1813d9da8,,,e19ac430af93f2257590c0e48847fd8e6c681e5867fa4becff0b3fc7c16235c7,undefined FUN_1813d9da8(),ghidra,clean,
WHGame.dll,release_1_5_1164953_841,0x13d9e44,94,FUN_1813d9e44,,,4c5275c45ba77d6af50eb79c57548d709be6bc7c5699f67b6b19fb4f6a716a17,undefined FUN_1813d9e44(),ghidra,clean,
WHGame.dll,release_1_5_1164953_841,0x13d9ea4,207,FUN_1813d9ea4,,,e9fdad023ccff3fd278849c628341b9773e4d76a6e2c493d4189bfeaf1ed4a28,undefined FUN_1813d9ea4(),ghidra,clean,
WHGame.dll,release_1_5_1164953_841,0x13d9f74,64,FUN_1813d9f74,,,b3b760a9046e5a9bfa68cfc037cb47a9e23ee867e53c12d602b74625cf23b163,undefined FUN_1813d9f74(),ghidra,clean,
WHGame.dll,release_1_5_1164953_841,0x13d9fb4,81,FUN_1813d9fb4,,,b8123ee3c6cdfd6a46c102024c804ad0f270cf065decf4cd2b558915b43c5263,undefined FUN_1813d9fb4(),ghidra,clean,
WHGame.dll,release_1_5_1164953_841,0x13d9fe8,145,FUN_1813d9fe8,,,6d231836acb29c480a63e050bd02291bd09128681d1d4e583663343237f65ac6,undefined FUN_1813d9fe8(),ghidra,clean,
WHGame.dll,release_1_5_1164953_841,0x13da050,204,FUN_1813da050,,,8482da411123ad62c84b5f4e38c54c40d4676c7a0ba835db6f4d6b4e79f16d3b,undefined FUN_1813da050(),ghidra,clean,
WHGame.dll,release_1_5_1164953_841,0x13da0fc,204,FUN_1813da0fc,,,c163c4d44ec7d2e3ebb98383ccc2ae0465a078a07f901690ef1ee4d72c5fe1de,undefined FUN_1813da0fc(),ghidra,clean,
WHGame.dll,release_1_5_1164953_841,0x13da1a8,204,FUN_1813da1a8,,,a5665c4b53148276112dd378ad27ceaab5148a8947fe4a8f30d7ff97128592f2,undefined FUN_1813da1a8(),ghidra,clean,
WHGame.dll,release_1_5_1164953_841,0x13da254,376,FUN_1813da254,,,79f665bb7c500ae6d8952ca788715c031d02376be95b68784f408f287503fff0,undefined FUN_1813da254(),ghidra,clean,
WHGame.dll,release_1_5_1164953_841,0x13da388,26,FUN_1813da388,,,cb99ec748da6af0e9ab065fdbe7c774402fa9e6a3cce0a16026a4fd00fe09b3b,undefined FUN_1813da388(),ghidra,clean,
WHGame.dll,release_1_5_1164953_841,0x13da3a4,304,FUN_1813da3a4,,,eddb445ba910c5846e0a843a78fb25cba0f71ed026dfb62da8b85f4bc12b9aae,undefined FUN_1813da3a4(),ghidra,clean,
WHGame.dll,release_1_5_1164953_841,0x13da4d4,151,FUN_1813da4d4,,,8e86bbf46d3512e6ffcdcdbd3bff22312be439ee365739863f91561b9b88f470,undefined FUN_1813da4d4(),ghidra,clean,
WHGame.dll,release_1_5_1164953_841,0x13da56c,151,FUN_1813da56c,,,8eeecaafad1624d17910b2510f6f28541204cd69da2c91b78a55612ec636d221,undefined FUN_1813da56c(),ghidra,clean,
WHGame.dll,release_1_5_1164953_841,0x13da604,151,FUN_1813da604,,,ca57d5c484946012dca15e7643ded01558b1e61a07dd7aa2eddee0503c855d5b,undefined FUN_1813da604(),ghidra,clean,
WHGame.dll,release_1_5_1164953_841,0x13da69c,151,FUN_1813da69c,,,3c613d40a42e0dacb75cba08360e7105c2358ef4e822fcdd32fbc5537ff7afff,undefined FUN_1813da69c(),ghidra,clean,
WHGame.dll,release_1_5_1164953_841,0x13da734,298,FUN_1813da734,,,ee51c5df40a60c767552e81772ca8cad6d7a89885e19fcc38096894d102647e3,undefined FUN_1813da734(),ghidra,clean,
WHGame.dll,release_1_5_1164953_841,0x13da860,151,FUN_1813da860,,,387206a51d122c56ec108d034f15f5f813a6eaae41193bac756ba47b75cefd0e,undefined FUN_1813da860(),ghidra,clean,
WHGame.dll,release_1_5_1164953_841,0x13da8f8,949,FUN_1813da8f8,,,78b69af62ade6be88e585bd5cc4b21b2948c67c9e1c314311484d8704a67cf4d,undefined FUN_1813da8f8(),ghidra,clean,
WHGame.dll,release_1_5_1164953_841,0x13dacb0,23,FUN_1813dacb0,,,41051179d5a48d0d5c7c17a87318009b5ae1ff06028bc2d61cc2f8ad6fd186c8,undefined FUN_1813dacb0(),ghidra,clean,
WHGame.dll,release_1_5_1164953_841,0x13dacc8,30,FUN_1813dacc8,,,4bfc8cf9fdcb28974aebd4f05b119a6fac37cfaa0548fc321d1234f8c98874d7,undefined FUN_1813dacc8(),ghidra,clean,
WHGame.dll,release_1_5_1164953_841,0x13dace8,155,FUN_1813dace8,,,9078eb0690baa42d26bd005ed464b282f2f794bc5ee58e15da37b9fde5306582,undefined FUN_1813dace8(),ghidra,clean,
WHGame.dll,release_1_5_1164953_841,0x13dad84,23,FUN_1813dad84,,,720a0a138dccc7c5917d01f723a155ba61b52ee77cb073a12e07c44058aee808,undefined FUN_1813dad84(),ghidra,clean,
WHGame.dll,release_1_5_1164953_841,0x13dad9c,23,FUN_1813dad9c,,,5a253613ae2c8c15dc10fa4cd8a1ac5c117dd9cd21cd905320c7ac6dc8f2b3c9,undefined FUN_1813dad9c(),ghidra,clean,
WHGame.dll,release_1_5_1164953_841,0x13dadb4,155,FUN_1813dadb4,,,bd4d931344e4702c5c0d2a156f27c67056d16965c1d29bdf36c1a23f75c7ee5c,undefined FUN_1813dadb4(),ghidra,clean,
WHGame.dll,release_1_5_1164953_841,0x13dae50,155,FUN_1813dae50,,,1fdc335295b0a29cc4e3d2abe90658778821a68305163e2bfc5d34becb7ceb8b,undefined FUN_1813dae50(),ghidra,clean,
WHGame.dll,release_1_5_1164953_841,0x13daeec,298,FUN_1813daeec,,,c2fefefe66a1f19b1b7da1af1a05a11f3abf2579825f14abcbfd0c2fcec6fe95,undefined FUN_1813daeec(),ghidra,clean,
WHGame.dll,release_1_5_1164953_841,0x13db018,151,FUN_1813db018,,,6468df6069740b9ef144318ed31a40f683a0c576fbf7ba7c95d4acde9e0c95b2,undefined FUN_1813db018(),ghidra,clean,
WHGame.dll,release_1_5_1164953_841,0x13db0b0,151,FUN_1813db0b0,,,899361d19340cb3530e63379fa94eca02dbbd095deeb13f8d03dfa4e90d8563c,undefined FUN_1813db0b0(),ghidra,clean,
WHGame.dll,release_1_5_1164953_841,0x13db148,204,FUN_1813db148,,,af69bb06be1e8bdb83e52ec9111b03c15ae0ff4378f004962fd0b8b168a693b6,undefined FUN_1813db148(),ghidra,clean,
WHGame.dll,release_1_5_1164953_841,0x13db1f4,204,FUN_1813db1f4,,,2ecfb2afa8fc6bd83c9c760ffed60bacbc9485ff9b9045a35a320ba523839d18,undefined FUN_1813db1f4(),ghidra,clean,
WHGame.dll,release_1_5_1164953_841,0x13db2a0,376,FUN_1813db2a0,,,4be8ca835a216b4eb99d75cb3e43c7e837ac0729f4c89b4cd6690e4fbe0ee73f,undefined FUN_1813db2a0(),ghidra,clean,
WHGame.dll,release_1_5_1164953_841,0x13db3d4,26,FUN_1813db3d4,,,0b7242014190ff36f6a5df3954dc1150e2efebaf195010ec1c5b75fdf1516d3d,undefined FUN_1813db3d4(),ghidra,clean,
WHGame.dll,release_1_5_1164953_841,0x13db3f0,151,FUN_1813db3f0,,,e9dc85c58e347323c1ccccfc370ae9680bbbd092b49ceddc4eec56b82b639ec2,undefined FUN_1813db3f0(),ghidra,clean,
WHGame.dll,release_1_5_1164953_841,0x13db488,151,FUN_1813db488,,,d1f6efee1e705b09ef3a2cb8b0b7f2d4f82759e62da1669d48abf744903c6c25,undefined FUN_1813db488(),ghidra,clean,
WHGame.dll,release_1_5_1164953_841,0x13db520,151,FUN_1813db520,,,cbeafb221d96bf0e6c9e4171d5a07b239926b519476394f26f50f554abfd4fdd,undefined FUN_1813db520(),ghidra,clean,
WHGame.dll,release_1_5_1164953_841,0x13db5b8,151,FUN_1813db5b8,,,0218dae44ae2f1222f6bd50f83c7677da9f3d89124115d431fde42efe1136601,undefined FUN_1813db5b8(),ghidra,clean,
WHGame.dll,release_1_5_1164953_841,0x13db650,151,FUN_1813db650,,,2280edbfe20818dfc347570ecb24b78bd9336e81d1597ba903d5007324157fed,undefined FUN_1813db650(),ghidra,clean,
WHGame.dll,release_1_5_1164953_841,0x13db6e8,151,FUN_1813db6e8,,,563a45212820873b7a0aae03fc80370ecf55d6eec18901e27d4fb388ca2b74d3,undefined FUN_1813db6e8(),ghidra,clean,
WHGame.dll,release_1_5_1164953_841,0x13db780,155,FUN_1813db780,,,5673f5d260abe93d4f0fdefd12ffc18515a66c81cdcba30fa6fc18c6f21e2768,undefined FUN_1813db780(),ghidra,clean,
WHGame.dll,release_1_5_1164953_841,0x13db81c,304,FUN_1813db81c,,,5492b3f6fd457a7d34bf7bafc5a7c815b89c2d7bcb4029565a84ef153d1cca71,undefined FUN_1813db81c(),ghidra,clean,
WHGame.dll,release_1_5_1164953_841,0x13db94c,155,FUN_1813db94c,,,a55d2e617ac9497198fb4c229011bba4c1a6c97a3041a3a1dcb212c031982eab,undefined FUN_1813db94c(),ghidra,clean,
WHGame.dll,release_1_5_1164953_841,0x13db9e8,298,FUN_1813db9e8,,,4cbd7ca13302f51580c3c3d89d31b7591ff0e27b0b00c10aa704544b122f0b89,undefined FUN_1813db9e8(),ghidra,clean,
WHGame.dll,release_1_5_1164953_841,0x13dbb14,151,FUN_1813dbb14,,,6fe940c8af0f41d34ee29a4692b6abdc46e60d7bc8f4bd7a89f468ab12064170,undefined FUN_1813dbb14(),ghidra,clean,
WHGame.dll,release_1_5_1164953_841,0x13dbbac,151,FUN_1813dbbac,,,27adfb885cc4418107dc8f457b2703f0e087bf7089838037cdf4c88adb1aa839,undefined FUN_1813dbbac(),ghidra,clean,
WHGame.dll,release_1_5_1164953_841,0x13dbc44,204,FUN_1813dbc44,,,2bc0b820aaf3ed3ff25fd5a6b87cc6900093245c0fa314b7dc67658e3788d323,undefined FUN_1813dbc44(),ghidra,clean,
WHGame.dll,release_1_5_1164953_841,0x13dbcf0,204,FUN_1813dbcf0,,,e02a64076f37c292180beffba2581a933a40cd65462ae05726b693113ce22630,undefined FUN_1813dbcf0(),ghidra,clean,
WHGame.dll,release_1_5_1164953_841,0x13dbd9c,204,FUN_1813dbd9c,,,fd31642bc6315c783ed91c00617e7cb4a80e045fbfb424ce5d4b7bfb0f7940ae,undefined FUN_1813dbd9c(),ghidra,clean,
WHGame.dll,release_1_5_1164953_841,0x13dbe48,376,FUN_1813dbe48,,,e9a42f451183f3f06622fecd90544e955724614a4293a8a2f4ca1c6631820636,undefined FUN_1813dbe48(),ghidra,clean,
WHGame.dll,release_1_5_1164953_841,0x13dbf7c,26,FUN_1813dbf7c,,,ac1f39edbc98763c34c5de58d855a9bd3e8374ccdca3bca21add8075d69e8114,undefined FUN_1813dbf7c(),ghidra,clean,
WHGame.dll,release_1_5_1164953_841,0x13dbf98,304,FUN_1813dbf98,,,43364578ca5cb6d1c5dbc1614bf85b2b2c849a764ad43128f3980ea9064a45cf,undefined FUN_1813dbf98(),ghidra,clean,
WHGame.dll,release_1_5_1164953_841,0x13dc0c8,151,FUN_1813dc0c8,,,12e96e951fc96f7c540429229e8a3e0db4e35ebaa5ac90581b957a0afc7353e9,undefined FUN_1813dc0c8(),ghidra,clean,
WHGame.dll,release_1_5_1164953_841,0x13dc160,151,FUN_1813dc160,,,3e5d179f19ed4329c5be70ac6630ea8c066e226a0cbe886cddc2edc0db657d08,undefined FUN_1813dc160(),ghidra,clean,
WHGame.dll,release_1_5_1164953_841,0x13dc1f8,151,FUN_1813dc1f8,,,b200873dd5ae82236a02192455f514d723d027c0ed3cf9523924d8ce452c2e1e,undefined FUN_1813dc1f8(),ghidra,clean,
WHGame.dll,release_1_5_1164953_841,0x13dc290,151,FUN_1813dc290,,,76b35d0cee6dc540f57a5dd0535751096d36310a66458aa377f1f6140740e220,undefined FUN_1813dc290(),ghidra,clean,
WHGame.dll,release_1_5_1164953_841,0x13dc328,298,FUN_1813dc328,,,30b069cbd44098629adf81c8d53526f632f893c157baa386a7ab7b0d841b4b5d,undefined FUN_1813dc328(),ghidra,clean,
WHGame.dll,release_1_5_1164953_841,0x13dc454,151,FUN_1813dc454,,,49e4dd5476df99167b89a9500fe42b603ec6ee2786ccfed08f9d9db9c5ccf2e5,undefined FUN_1813dc454(),ghidra,clean,
WHGame.dll,release_1_5_1164953_841,0x13dc4ec,1137,FUN_1813dc4ec,,,0583e1a281cf706e5a5a4983d5dcfe88c0a8470834863c11b03ab29a36d0783d,undefined FUN_1813dc4ec(),ghidra,clean,
WHGame.dll,release_1_5_1164953_841,0x13dc960,30,FUN_1813dc960,,,4bfc8cf9fdcb28974aebd4f05b119a6fac37cfaa0548fc321d1234f8c98874d7,undefined FUN_1813dc960(),ghidra,clean,
WHGame.dll,release_1_5_1164953_841,0x13dc980,155,FUN_1813dc980,,,d869177ab53091251d8acd9891b2a4acc03ac7cb84a87ea421e44586794b6bb3,undefined FUN_1813dc980(),ghidra,clean,
WHGame.dll,release_1_5_1164953_841,0x13dca1c,155,FUN_1813dca1c,,,d941a68811f784f64e3caea92a35fda980b5f51afc449fe33f4e1caade1b49f9,undefined FUN_1813dca1c(),ghidra,clean,
WHGame.dll,release_1_5_1164953_841,0x13dcab8,155,FUN_1813dcab8,,,d2823192e6a382612910e051b9f0daa7d63843566691a9014012fc43522da4c8,undefined FUN_1813dcab8(),ghidra,clean,
WHGame.dll,release_1_5_1164953_841,0x13dcb54,298,FUN_1813dcb54,,,d43c8774efa20de745643273be21b173001498cb9a621554a2290604c2efe636,undefined FUN_1813dcb54(),ghidra,clean,
WHGame.dll,release_1_5_1164953_841,0x13dcc80,151,FUN_1813dcc80,,,12836416f93b34781e080d2b38ef58b6fbdb2b11b2a67433f2a84c91edfd96c3,undefined FUN_1813dcc80(),ghidra,clean,
WHGame.dll,release_1_5_1164953_841,0x13dcd18,151,FUN_1813dcd18,,,6bc759a7dfd5857676d0f3c5e5c6d741c68da7383dddfe05e30c0baa9386e6d1,undefined FUN_1813dcd18(),ghidra,clean,
WHGame.dll,release_1_5_1164953_841,0x13dcdb0,162,FUN_1813dcdb0,,,9d36910f63dc4b65b4b2e04637882f901e9ff4813bd4fb145a2898fffcdb92a8,undefined FUN_1813dcdb0(),ghidra,clean,
WHGame.dll,release_1_5_1164953_841,0x13dce54,201,FUN_1813dce54,,,612ca281cda4282a094acb3a5cebab922e9ab19a969532b1607ece5610b6e3b1,undefined FUN_1813dce54(),ghidra,clean,
WHGame.dll,release_1_5_1164953_841,0x13dcf20,180,FUN_1813dcf20,,,6db2b505fdbf5644e83174ac4cd29f8ce9437687b224c3dbacc21315226284c6,undefined FUN_1813dcf20(),ghidra,clean,
WHGame.dll,release_1_5_1164953_841,0x13dcfd4,52,FUN_1813dcfd4,,,0d773b5b4da714f98f4811968647423ff76f5b6b957c2b41485bf3ba3066b117,undefined FUN_1813dcfd4(),ghidra,clean,
WHGame.dll,release_1_5_1164953_841,0x13dd008,122,FUN_1813dd008,,,f26de6ab81322351563f6dcd0d86b72e4d52eb13ba1ef992c516e0dd8268173e,undefined FUN_1813dd008(),ghidra,clean,
WHGame.dll,release_1_5_1164953_841,0x13dd084,24,FUN_1813dd084,,,233e5cf579ba11fd3641af060e49eab6374461e565f533d84b5cee95caf92dd2,undefined FUN_1813dd084(),ghidra,clean,
WHGame.dll,release_1_5_1164953_841,0x13dd09c,74,FUN_1813dd09c,,,c427d6000195e54e4f2c268380dec148b887151fc2e2dfa7741fa4d8b3b27455,undefined FUN_1813dd09c(),ghidra,clean,
WHGame.dll,release_1_5_1164953_841,0x13dd0d4,62,FUN_1813dd0d4,,,96d1303ec64cc2f84a6c577a0fa6ebef604f4453835b9871a65b7c67495a81fb,undefined FUN_1813dd0d4(),ghidra,clean,
WHGame.dll,release_1_5_1164953_841,0x13dd114,190,FUN_1813dd114,,,586d96871a219db8d18e1676ffc603fbe628487f714b48201aacb51fd8440c30,undefined FUN_1813dd114(),ghidra,clean,
WHGame.dll,release_1_5_1164953_841,0x13dd1d4,26,FUN_1813dd1d4,,,5ca61cbb31706e8cff1b8018c9ccc2c64890fce2f1d4e10222a71417672a55ed,undefined FUN_1813dd1d4(),ghidra,clean,
WHGame.dll,release_1_5_1164953_841,0x13dd1f0,456,FUN_1813dd1f0,,,34b2e13c246d42143d8139b51022385db3f900c1df5212fedf3b45c815352ac7,undefined FUN_1813dd1f0(),ghidra,clean,
WHGame.dll,release_1_5_1164953_841,0x13dd2d0,23,FUN_1813dd2d0,,,4a2215c3e820937481093c41c3a2c4fdd1b034767afb06c5e8afd475b2e2dc6a,undefined FUN_1813dd2d0(),ghidra,clean,
WHGame.dll,release_1_5_1164953_841,0x13dd2e8,155,FUN_1813dd2e8,,,1a45a0b8a9322a1703b0c357ec901eca756ca58971976ad2725cbbba067c4181,undefined FUN_1813dd2e8(),ghidra,clean,
WHGame.dll,release_1_5_1164953_841,0x13dd384,291,FUN_1813dd384,,,f23a46a7ed02aecae7590f79c9d3adc4aa4ebf1ff7aa9d28055cc171d39ba4c9,undefined FUN_1813dd384(),ghidra,clean,
WHGame.dll,release_1_5_1164953_841,0x13dd4a8,180,FUN_1813dd4a8,,,425fcf3e64fd605893092b437e4e96ed24afbd1d29f9db080f798199f411f3ed,undefined FUN_1813dd4a8(),ghidra,clean,
WHGame.dll,release_1_5_1164953_841,0x13dd55c,26,FUN_1813dd55c,,,70509e233b81a4b980391cbde5d0f4e0f57007794a397523a1f478e8884bbf63,undefined FUN_1813dd55c(),ghidra,clean,
WHGame.dll,release_1_5_1164953_841,0x13dd578,1137,FUN_1813dd578,,,a5685fbd1a5bbd2f96c2bbb1db7b3153ff1fbf87910d36a8d09c375a5bced260,undefined FUN_1813dd578(),ghidra,clean,
WHGame.dll,release_1_5_1164953_841,0x13dd9ec,155,FUN_1813dd9ec,,,8ea5f99535edf2fa37d0b23522be4191ee4bbaf58849368664dd3866dfef4ab2,undefined FUN_1813dd9ec(),ghidra,clean,
WHGame.dll,release_1_5_1164953_841,0x13dda88,304,FUN_1813dda88,,,136ba94af7803feae1ab6b0a9ce66fdbf182a7d5b65aa5f069a1e1470b3fc984,undefined FUN_1813dda88(),ghidra,clean,
WHGame.dll,release_1_5_1164953_841,0x13ddbb8,155,FUN_1813ddbb8,,,dc535b0bb3ac0f4bed92d54c20be0a09fa99138dde8f29efd5b4bb68984751e5,undefined FUN_1813ddbb8(),ghidra,clean,
WHGame.dll,release_1_5_1164953_841,0x13ddc54,298,FUN_1813ddc54,,,99a9b6dc5533b15e5debd3dacb19a34b0e4c2ddcae66a57e90bcd633320e6e5b,undefined FUN_1813ddc54(),ghidra,clean,
WHGame.dll,release_1_5_1164953_841,0x13ddd80,26,FUN_1813ddd80,,,70509e233b81a4b980391cbde5d0f4e0f57007794a397523a1f478e8884bbf63,undefined FUN_1813ddd80(),ghidra,clean,
WHGame.dll,release_1_5_1164953_841,0x13ddd9c,1137,FUN_1813ddd9c,,,5827af41f72e9c0cce48c49f32e6112b8118d3bfeb2a32054aaadb9aff43ef32,undefined FUN_1813ddd9c(),ghidra,clean,
WHGame.dll,release_1_5_1164953_841,0x13de210,155,FUN_1813de210,,,999127196d8c8846b995288aec4f5afaf2b164aa4f92c2229ee4cbab45ad5efe,undefined FUN_1813de210(),ghidra,clean,
WHGame.dll,release_1_5_1164953_841,0x13de2ac,314,FUN_1813de2ac,,,115b11a4eb6f46894c4141277a4d93260d9e952fba8012f032906fa94da11175,undefined FUN_1813de2ac(),ghidra,clean,
WHGame.dll,release_1_5_1164953_841,0x13de3e8,155,FUN_1813de3e8,,,c2acd08e953f51afa23deb554d2992656ac021a6183a5e8b7368b4fceaefdafc,undefined FUN_1813de3e8(),ghidra,clean,
WHGame.dll,release_1_5_1164953_841,0x13de484,308,FUN_1813de484,,,7c2026900e0e4f1a0e8af02e689f8ae772c9e3d0c669f2ff8ca0aab4af1d8fcd,undefined FUN_1813de484(),ghidra,clean,
WHGame.dll,release_1_5_1164953_841,0x13de5b8,180,FUN_1813de5b8,,,d74c3320259733a97da78757002090d9ab7c313b419da36982279e86b3440f5e,undefined FUN_1813de5b8(),ghidra,clean,
WHGame.dll,release_1_5_1164953_841,0x13de66c,26,FUN_1813de66c,,,6bd2d4432771c6c70a50ac8edc919de08379f4187facf737155e64a0ce5d13e7,undefined FUN_1813de66c(),ghidra,clean,
WHGame.dll,release_1_5_1164953_841,0x13de688,67,FUN_1813de688,,,a7bcbea98733395fe5dc0730f7c8d2fc780c5af33aa7c569015b914d1d9ce738,undefined FUN_1813de688(),ghidra,clean,
WHGame.dll,release_1_5_1164953_841,0x13de6cc,146,FUN_1813de6cc,,,abc55e7eea50f49dd04f716b30ce122a6825334372e3414f6da9c961e5ae21e9,undefined FUN_1813de6cc(),ghidra,clean,
WHGame.dll,release_1_5_1164953_841,0x13de760,88,FUN_1813de760,,,d10197b08d1fad231e037979d28894413050594d94d12687a449abd6fd226092,undefined FUN_1813de760(),ghidra,clean,
WHGame.dll,release_1_5_1164953_841,0x13de7b8,66,FUN_1813de7b8,,,1ca54b33e1c604138432186c08fc2880b658c53ebb48975e0dea18a94e00420a,undefined FUN_1813de7b8(),ghidra,clean,
WHGame.dll,release_1_5_1164953_841,0x13de7fc,55,FUN_1813de7fc,,,ce991eaf53bae7dbde52854e6a7b7b28d14beec5d31fe09eca5eea3d3f0487b1,undefined FUN_1813de7fc(),ghidra,clean,
WHGame.dll,release_1_5_1164953_841,0x13de824,182,FUN_1813de824,,,d4540640d2965e788a34dd65a36b7b7b22142a93a69d2d3a13a4448903efbf0e,undefined FUN_1813de824(),ghidra,clean,
WHGame.dll,release_1_5_1164953_841,0x13de8d0,162,FUN_1813de8d0,,,03e387b85888caacd776aa8174cfc5754810a9ac53dc77b9e0e51c5db0e08a51,undefined FUN_1813de8d0(),ghidra,clean,
WHGame.dll,release_1_5_1164953_841,0x13de974,145,FUN_1813de974,,,b61fe89f3150ab011dd95e538f519e09b20b6b4ee61f8e3bc6f1c847a092b2e7,undefined FUN_1813de974(),ghidra,clean,
WHGame.dll,release_1_5_1164953_841,0x13dea08,274,FUN_1813dea08,,,456d88bf78de9eaf77977d15c388b61b701f282dbf6bb1ddfd2b78284c2705c2,undefined FUN_1813dea08(),ghidra,clean,
WHGame.dll,release_1_5_1164953_841,0x13deaf8,250,FUN_1813deaf8,,,5098406e78a148c42bd4c8ddac8e978609ccc8d7146a6655d788c42ce23d332b,undefined FUN_1813deaf8(),ghidra,clean,
WHGame.dll,release_1_5_1164953_841,0x13debf4,558,FUN_1813debf4,,,6fba10faf0f757ec2f52891bdefdfceb8a10b656998a9bb175c98681fe10e6f1,undefined FUN_1813debf4(),ghidra,clean,
WHGame.dll,release_1_5_1164953_841,0x13dee24,182,FUN_1813dee24,,,d0d5274f96eda037857e825b93b5fae45d943e309fbd2271a48467ce5552535e,undefined FUN_1813dee24(),ghidra,clean,
WHGame.dll,release_1_5_1164953_841,0x13deedc,180,FUN_1813deedc,,,50e4ee19880a97ad454fba2b503fb8094e972f26049fe9394fedcc82c3feec57,undefined FUN_1813deedc(),ghidra,clean,
WHGame.dll,release_1_5_1164953_841,0x13def90,25,FUN_1813def90,,,f43c917ffb1f6564137232ec65d7cf3c012d8c9cd09290ba195d08bc501d5d90,undefined FUN_1813def90(),ghidra,clean,
WHGame.dll,release_1_5_1164953_841,0x13defac,130,FUN_1813defac,,,5a12369997a882379431b35a7826cb11f73dd06418395f85f7c005c016888747,undefined FUN_1813defac(),ghidra,clean,
WHGame.dll,release_1_5_1164953_841,0x13df030,34,FUN_1813df030,,,a4b901cf4709e898fd1c0a7a1d442d963ddb11425fea889186e3ebd05f808ffc,undefined FUN_1813df030(),ghidra,clean,
WHGame.dll,release_1_5_1164953_841,0x13df054,103,FUN_1813df054,,,17c788a43bfe5b53d2436105f38c84e4c294931e0102df331ccb69fc33cac728,undefined FUN_1813df054(),ghidra,clean,
WHGame.dll,release_1_5_1164953_841,0x13df0bc,43,FUN_1813df0bc,,,be1364571089149c89f01370c7da95baa01134a49939e8a1c182dfd7826490da,undefined FUN_1813df0bc(),ghidra,clean,
WHGame.dll,release_1_5_1164953_841,0x13df0e8,335,FUN_1813df0e8,,,170dd35eaa6c73f2ee7e24abc187cb91e9c2290c6a090c3b8280e05c5c263d0f,undefined FUN_1813df0e8(),ghidra,clean,
WHGame.dll,release_1_5_1164953_841,0x13df1d6,8,FUN_1813df1d6,,,d584cb1a2afef309eb33a9b90753d6c9a99b0c481366318ccddcba175a3b8c54,undefined FUN_1813df1d6(),ghidra,clean,
WHGame.dll,release_1_5_1164953_841,0x13df1e8,155,FUN_1813df1e8,,,4abd3fba421399ba1b4b50d63ed43edaa77b3aa704e17d03220d4276c4740243,undefined FUN_1813df1e8(),ghidra,clean,
WHGame.dll,release_1_5_1164953_841,0x13df284,155,FUN_1813df284,,,a54a20e02f7d3c705b3a538aeb7b2be1f8b28e948f348f91d803af3514ca35ab,undefined FUN_1813df284(),ghidra,clean,
WHGame.dll,release_1_5_1164953_841,0x13df320,155,FUN_1813df320,,,287347a8c5856426cc461e5ff51b37c4a8e965f1f55b8ba6c078d2cf6d48fd2f,undefined FUN_1813df320(),ghidra,clean,
WHGame.dll,release_1_5_1164953_841,0x13df3bc,240,FUN_1813df3bc,,,6e793f16807dd8d77c31aafdeb1c4cc8593a95731af35d4d6ae8a96043e4c84a,undefined FUN_1813df3bc(),ghidra,clean,
WHGame.dll,release_1_5_1164953_841,0x13df4ac,18,FUN_1813df4ac,,,5b198ca5e99e3f88409c069725803f807178092405f07ce214311ca8d4c2efdf,undefined FUN_1813df4ac(),ghidra,clean,
WHGame.dll,release_1_5_1164953_841,0x13df4c0,298,FUN_1813df4c0,,,2a146eff963c211c84f5317694a5f14668fcb495410f4bbc587d5597886fe864,undefined FUN_1813df4c0(),ghidra,clean,
WHGame.dll,release_1_5_1164953_841,0x13df5ec,301,FUN_1813df5ec,,,9de7ae1bcecc7f95515f0d9d6adc220fe7e1740883c6a40c7cac36b46cabff2b,undefined FUN_1813df5ec(),ghidra,clean,
WHGame.dll,release_1_5_1164953_841,0x13df71c,37,FUN_1813df71c,,,b80a419df4c9d244aec86d387aed9e44b598219756273cdb4a902aefa6f1e011,undefined FUN_1813df71c(),ghidra,clean,
WHGame.dll,release_1_5_1164953_841,0x13df744,359,FUN_1813df744,,,fb512c58c93ac390dda5867b4d6ddbd1cd4da23f775ab750383013287136252c,undefined FUN_1813df744(),ghidra,clean,
WHGame.dll,release_1_5_1164953_841,0x13df8ac,326,FUN_1813df8ac,,,e7ec68a651cc5d94d6dbac20170f85b1c0acbfa56796fa289c68c72996fd4b5a,undefined FUN_1813df8ac(),ghidra,clean,
WHGame.dll,release_1_5_1164953_841,0x13df9f4,85,FUN_1813df9f4,,,922e0ea4a50d5a7cc06040d20d8d8b032478857c51b87ea0e8c4d27ef35b2565,undefined FUN_1813df9f4(),ghidra,clean,
WHGame.dll,release_1_5_1164953_841,0x13dfa4c,11,FUN_1813dfa4c,,,66ed5145cbcc92cb07e831cad159fd7c07d3e98d131c3b7292c17927c843e064,undefined FUN_1813dfa4c(),ghidra,clean,
WHGame.dll,release_1_5_1164953_841,0x13dfa58,142,FUN_1813dfa58,,,e8be6e4b12b940aedde44a37a31bb295092762da1dcd78bae1eae21cf1b721f1,undefined FUN_1813dfa58(),ghidra,clean,
WHGame.dll,release_1_5_1164953_841,0x13dfae8,51,FUN_1813dfae8,,,1065db7be492e7b7e2335cbef24aac29478ac70643519c1a3f1c390d2dd57775,undefined FUN_1813dfae8(),ghidra,clean,
WHGame.dll,release_1_5_1164953_841,0x13dfb1c,254,FUN_1813dfb1c,,,261c2b8b654889cb1539d05b7b963a93d86cc20bfd1c2c25956de75b2d14c342,undefined FUN_1813dfb1c(),ghidra,clean,
WHGame.dll,release_1_5_1164953_841,0x13dfbbc,50,FUN_1813dfbbc,,,d973cb0ecd42e428544a2fd82bfa39ff3f4f249726b702868b93057d3cfaec15,undefined FUN_1813dfbbc(),ghidra,clean,
WHGame.dll,release_1_5_1164953_841,0x13dfbf0,30,FUN_1813dfbf0,,,b63a3a20f78d1392d100fd6cdcf9edb934aa7a7b398ad4aea005bb4423c336be,undefined FUN_1813dfbf0(),ghidra,clean,
WHGame.dll,release_1_5_1164953_841,0x13dfc10,37,FUN_1813dfc10,,,49c60a1d56e09add09087b85d4f91e9f595f2b1645472fba93fd968116ebc1b6,undefined FUN_1813dfc10(),ghidra,clean,
WHGame.dll,release_1_5_1164953_841,0x13dfc38,803,FUN_1813dfc38,,,ecc2f0daf9db61c2cd3ee6e0b07a4cf647aa39c354164249a7323f3bc2cfe918,undefined FUN_1813dfc38(),ghidra,clean,
WHGame.dll,release_1_5_1164953_841,0x13dff28,74,FUN_1813dff28,,,5e3acad9efd15e83ed99d141c1c5822f8b1fa2e657093edb0e52f4b4c2c47310,undefined FUN_1813dff28(),ghidra,clean,
WHGame.dll,release_1_5_1164953_841,0x13dff74,177,FUN_1813dff74,,,295edf7e882ed8479b1a64fff2006bf6d60123467a8dad6d8f3f3936c8d87c50,undefined FUN_1813dff74(),ghidra,clean,
WHGame.dll,release_1_5_1164953_841,0x13e0028,235,FUN_1813e0028,,,8e099291a47246c0b41a4e9796f550939055041fd6c978f968d7585744aa500e,undefined FUN_1813e0028(),ghidra,clean,
WHGame.dll,release_1_5_1164953_841,0x13e0108,72,FUN_1813e0108,,,30d80f42a6f390bb63b209fc3dfae01fee99d1ec10c8eb7475c00e1f5d32ae1b,undefined FUN_1813e0108(),ghidra,clean,
WHGame.dll,release_1_5_1164953_841,0x13e0150,225,FUN_1813e0150,,,fd0d9090d791b5bc40b191a2dd262df976aa9c206554e67916e6370234261117,undefined FUN_1813e0150(),ghidra,clean,
WHGame.dll,release_1_5_1164953_841,0x13e0234,213,FUN_1813e0234,,,2fe23df1a4703ac0e85b799ae4872353a9ce9c8a873e15b30a7aa959af6bd07f,undefined FUN_1813e0234(),ghidra,clean,
WHGame.dll,release_1_5_1164953_841,0x13e030c,357,FUN_1813e030c,,,29bda2e44ef74f7dc6bcfa747f744754b7f385875ba41f50a07e70bf89181d2f,undefined FUN_1813e030c(),ghidra,clean,
WHGame.dll,release_1_5_1164953_841,0x13e0474,163,FUN_1813e0474,,,69562bca4ad62da55af8055407919adb365c3bd07ff2a46f31c7d394619913cd,undefined FUN_1813e0474(),ghidra,clean,
WHGame.dll,release_1_5_1164953_841,0x13e0518,106,FUN_1813e0518,,,d30b45b5521a69ed1926be34e631b1c921d1304cdafe52c04e85c9cfbd9ebc37,undefined FUN_1813e0518(),ghidra,clean,
WHGame.dll,release_1_5_1164953_841,0x13e0584,577,FUN_1813e0584,,,8ff4f355691ce1a8d0adbd39e4e831aa75607873f658fd9c56bf8ee0b046a179,undefined FUN_1813e0584(),ghidra,clean,
WHGame.dll,release_1_5_1164953_841,0x13e05f8,322,FUN_1813e05f8,,,3cc9ad70cdea8b374fcd9640c617bba832c7cb0c409219a7ab091f39910e22e9,undefined FUN_1813e05f8(),ghidra,clean,
WHGame.dll,release_1_5_1164953_841,0x13e0724,416,FUN_1813e0724,,,820a46688628919c1ddd37c1abf523f33acd93f1357e4e64bab7de9fa41380f6,undefined FUN_1813e0724(),ghidra,clean,
WHGame.dll,release_1_5_1164953_841,0x13e08b8,26,FUN_1813e08b8,,,70509e233b81a4b980391cbde5d0f4e0f57007794a397523a1f478e8884bbf63,undefined FUN_1813e08b8(),ghidra,clean,
WHGame.dll,release_1_5_1164953_841,0x13e08d4,1137,FUN_1813e08d4,,,5a7b88c977b36c3f2b2f8ab6f459c49c154686cc408b0694f22dce0dd5173066,undefined FUN_1813e08d4(),ghidra,clean,
WHGame.dll,release_1_5_1164953_841,0x13e0d48,155,FUN_1813e0d48,,,88545588667f3d24be965dd9a8dd91380c2751ed1886d74b881c1f53db1f604d,undefined FUN_1813e0d48(),ghidra,clean,
WHGame.dll,release_1_5_1164953_841,0x13e0de4,304,FUN_1813e0de4,,,1f133ec1e6a06169dce8a808f54d994259d014b2ea7e33b65f218238a3d6dd5d,undefined FUN_1813e0de4(),ghidra,clean,
WHGame.dll,release_1_5_1164953_841,0x13e0f14,155,FUN_1813e0f14,,,f668471908e26d3fbdcfd02a7974f058fbc63c0cbfb7a8d7026e0691506e50ef,undefined FUN_1813e0f14(),ghidra,clean,
WHGame.dll,release_1_5_1164953_841,0x13e0fb0,298,FUN_1813e0fb0,,,5e0ed9e1e90a9f313d6ebc85e2f7e81c50e39cede10923cb6d57a294670e65ab,undefined FUN_1813e0fb0(),ghidra,clean,
WHGame.dll,release_1_5_1164953_841,0x13e10dc,90,FUN_1813e10dc,,,71ac39169dfa2c0edb0d21dd6be263cfbc5d06b1f28cb50164baeec26b9aec54,undefined FUN_1813e10dc(),ghidra,clean,
WHGame.dll,release_1_5_1164953_841,0x13e1138,30,FUN_1813e1138,,,c1b12b7574ef3fc7d9f4cad4501945579d9c42e1dcd14ee201cb45c1b2ad1e1c,undefined FUN_1813e1138(),ghidra,clean,
WHGame.dll,release_1_5_1164953_841,0x13e1158,155,FUN_1813e1158,,,0c99012c9143b76ab031f39e1e5664aa44928aaad6eebd6ff032931af9382d31,undefined FUN_1813e1158(),ghidra,clean,
WHGame.dll,release_1_5_1164953_841,0x13e11f4,291,FUN_1813e11f4,,,92b69208df8ed994c9d0fe8dc5e60aaa85197b89cefabfff82f58d160deab058,undefined FUN_1813e11f4(),ghidra,clean,
WHGame.dll,release_1_5_1164953_841,0x13e1318,155,FUN_1813e1318,,,0caab1d7ff3aa747f13c6047b4be7fce2fbc43dbd53be6f4d4a82b152c2763f6,undefined FUN_1813e1318(),ghidra,clean,
WHGame.dll,release_1_5_1164953_841,0x13e13b4,291,FUN_1813e13b4,,,4b1bf6d5e1787eb0c7c6d3de0665f065e4194e67ce83e6672be1fa7eca839a6e,undefined FUN_1813e13b4(),ghidra,clean,
WHGame.dll,release_1_5_1164953_841,0x13e14d8,163,FUN_1813e14d8,,,ee4ffbaac31b82698b7e2de872c5643bcca4fdbe77ebba278171f3b3318d0051,undefined FUN_1813e14d8(),ghidra,clean,
WHGame.dll,release_1_5_1164953_841,0x13e157c,212,FUN_1813e157c,,,692fd2f515926b6e4a91a372eee227f043b6677a509586a10d68ad1c7815d26e,undefined FUN_1813e157c(),ghidra,clean,
WHGame.dll,release_1_5_1164953_841,0x13e1650,277,FUN_1813e1650,,,8a4d307300e9ac69d5c09ddab45df9e84b55b5d1ae23bbedab385e9ea413a39d,undefined FUN_1813e1650(),ghidra,clean,
WHGame.dll,release_1_5_1164953_841,0x13e1768,335,FUN_1813e1768,,,1883d627637e4597796dda795ce6900b4e9a25cd1c406d7f66a4f4938ea46fce,undefined FUN_1813e1768(),ghidra,clean,
WHGame.dll,release_1_5_1164953_841,0x13e1856,8,FUN_1813e1856,,,d584cb1a2afef309eb33a9b90753d6c9a99b0c481366318ccddcba175a3b8c54,undefined FUN_1813e1856(),ghidra,clean,
WHGame.dll,release_1_5_1164953_841,0x13e1868,155,FUN_1813e1868,,,5698d882919fe808800af0d8e42c0f41653f6c5fd2f73a83e9868283e42a884f,undefined FUN_1813e1868(),ghidra,clean,
WHGame.dll,release_1_5_1164953_841,0x13e1904,155,FUN_1813e1904,,,d82b2654c0ceb85834ddb04c791659c569b77a3998fba292ae0f65595da3ffdd,undefined FUN_1813e1904(),ghidra,clean,
WHGame.dll,release_1_5_1164953_841,0x13e19a0,155,FUN_1813e19a0,,,54fd8f01e8b737ecf161bd29c1f15c83b58e7a41bc28549c4ff4a88301338338,undefined FUN_1813e19a0(),ghidra,clean,
WHGame.dll,release_1_5_1164953_841,0x13e1a3c,240,FUN_1813e1a3c,,,40f98983b3e3c6c0754ee34097527375836e4f6c1c89075dee3a827681c22320,undefined FUN_1813e1a3c(),ghidra,clean,
WHGame.dll,release_1_5_1164953_841,0x13e1b2c,18,FUN_1813e1b2c,,,9e3d71dde935a7f8d2f6acea448dbd1d3c33c307d102cda05c6d10f348bae7d3,undefined FUN_1813e1b2c(),ghidra,clean,
WHGame.dll,release_1_5_1164953_841,0x13e1b40,298,FUN_1813e1b40,,,dc24ee20f820273dc2ca672fd96345e47c9d73d3e5ee6aeb57e39a476fce761f,undefined FUN_1813e1b40(),ghidra,clean,
WHGame.dll,release_1_5_1164953_841,0x13e1c6c,301,FUN_1813e1c6c,,,fdaec6e37dfa7000af80a21802f613d2ecd882212ffa5a26503775f85cca5bd8,undefined FUN_1813e1c6c(),ghidra,clean,
WHGame.dll,release_1_5_1164953_841,0x13e1d9c,30,FUN_1813e1d9c,,,854dd38e7d7776d5a1ae8400ca9c0905ac2ec73a471fe71da6343f3c4c5fd794,undefined FUN_1813e1d9c(),ghidra,clean,
WHGame.dll,release_1_5_1164953_841,0x13e1dbc,28,FUN_1813e1dbc,,,8e7bfb6d5f62ff430ec39393fb6c4e7fdc037c1bb2596f68744d74c446f7b1c1,undefined FUN_1813e1dbc(),ghidra,clean,
WHGame.dll,release_1_5_1164953_841,0x13e1dd8,180,FUN_1813e1dd8,,,b94de664c9815f09a63e1508793652994c369df74a997640344c4c73aeb52336,undefined FUN_1813e1dd8(),ghidra,clean,
WHGame.dll,release_1_5_1164953_841,0x13e1e8c,28,FUN_1813e1e8c,,,ecf615790bdc15426f1b32c11931078527055eeedc0e6976d8d7927890ff6916,undefined FUN_1813e1e8c(),ghidra,clean,
WHGame.dll,release_1_5_1164953_841,0x13e1ea8,77,FUN_1813e1ea8,,,c1a166a6c915b7611342c3c0aae6bdcabdbd15bd68a77eb47fb491ae596dae49,undefined FUN_1813e1ea8(),ghidra,clean,
WHGame.dll,release_1_5_1164953_841,0x13e1ed8,370,FUN_1813e1ed8,,,480ae36b2aefa9da8e7efab79a1047bfcc4d0b90641001fb02501f7d6378a74e,undefined FUN_1813e1ed8(),ghidra,clean,
WHGame.dll,release_1_5_1164953_841,0x13e204c,41,FUN_1813e204c,,,93ff0a1942f4741049d12e4e1329402277a589c46b880be7a00b82100f1b2694,undefined FUN_1813e204c(),ghidra,clean,
WHGame.dll,release_1_5_1164953_841,0x13e2078,373,FUN_1813e2078,,,05087291a9ddf2ca182613c7c08a5ea927d3ea8e9b8a7bf5e8807dceede8ef4c,undefined FUN_1813e2078(),ghidra,clean,
WHGame.dll,release_1_5_1164953_841,0x13e21f0,227,FUN_1813e21f0,,,20cd1a8df23f5b43b2ae9233919e3a107895314d296d148c5f1c1edc40d6f99f,undefined FUN_1813e21f0(),ghidra,clean,
WHGame.dll,release_1_5_1164953_841,0x13e22d4,148,FUN_1813e22d4,,,7901071b83f7beadc317ccf40abc5a24bddf0868337be37ae47e2bcb500676d6,undefined FUN_1813e22d4(),ghidra,clean,
WHGame.dll,release_1_5_1164953_841,0x13e22fc,55,FUN_1813e22fc,,,5637bd3cf7f75ca6eece0707ba0bab12fae690cf66f38fc34b23c751357ec7eb,undefined FUN_1813e22fc(),ghidra,clean,
WHGame.dll,release_1_5_1164953_841,0x13e2334,146,FUN_1813e2334,,,401b84cd66ec93cac74892a6a45b530ea9fc85f4b26c351ec579919372045ead,undefined FUN_1813e2334(),ghidra,clean,
WHGame.dll,release_1_5_1164953_841,0x13e23c8,52,FUN_1813e23c8,,,e86c20cbd612911b92ab9dc2a2a669c5d3b6c3b8a3ccfc08b6acb21a20840a76,undefined FUN_1813e23c8(),ghidra,clean,
WHGame.dll,release_1_5_1164953_841,0x13e23fc,43,FUN_1813e23fc,,,1d1163d4d17969c6e1c4bb24f0593a31624d38a8742d115f28c7b4219b27c161,undefined FUN_1813e23fc(),ghidra,clean,
WHGame.dll,release_1_5_1164953_841,0x13e2418,26,FUN_1813e2418,,,819234953c91d716a341edb10dcca2267107efa13f78881bbca64f4a7a11eeca,undefined FUN_1813e2418(),ghidra,clean,
WHGame.dll,release_1_5_1164953_841,0x13e2434,155,FUN_1813e2434,,,55b51a09fede3975517ce7fc0b4684f141064cb32ed653a88429d46b70e70d6e,undefined FUN_1813e2434(),ghidra,clean,
WHGame.dll,release_1_5_1164953_841,0x13e24d0,291,FUN_1813e24d0,,,6147002ecefe5d5f639965ac7432b743249d8423feaa9f31a3af183d43e464fd,undefined FUN_1813e24d0(),ghidra,clean,
WHGame.dll,release_1_5_1164953_841,0x13e25f4,210,FUN_1813e25f4,,,5bc11a1e9be3bd7e70693e9b8c04722d692c1899421cb5ba1cf7861b935d5ec1,undefined FUN_1813e25f4(),ghidra,clean,
WHGame.dll,release_1_5_1164953_841,0x13e26c8,220,FUN_1813e26c8,,,b26802108299a146dff3f0460884758ace168ee9d0ecb149e5e55e2bed48afcf,undefined FUN_1813e26c8(),ghidra,clean,
WHGame.dll,release_1_5_1164953_841,0x13e27a4,80,FUN_1813e27a4,,,b57ff00e08b1e31885e5c14dee93270d5ef952379d563a6103f477c1c3f9abfd,undefined FUN_1813e27a4(),ghidra,clean,
WHGame.dll,release_1_5_1164953_841,0x13e27f4,70,FUN_1813e27f4,,,a003873ba34d712c91ad1758f6e3cfdad10ec27ac56b8c4011e0bc5bda0e5283,undefined FUN_1813e27f4(),ghidra,clean,
WHGame.dll,release_1_5_1164953_841,0x13e283c,25,FUN_1813e283c,,,01691869f73877b8985d1d054ae3721c96de4601ffca915045d1cd3ae84b1e68,undefined FUN_1813e283c(),ghidra,clean,
WHGame.dll,release_1_5_1164953_841,0x13e2858,143,FUN_1813e2858,,,ca5963242f1634b1e9023a05206593212a2e33e5d125bbcf57bfe52bc95b74e2,undefined FUN_1813e2858(),ghidra,clean,
WHGame.dll,release_1_5_1164953_841,0x13e28e8,180,FUN_1813e28e8,,,9acb37cc5e61d468119bebe4421f73bb5aa01c8736638bc83c955b0df16aa142,undefined FUN_1813e28e8(),ghidra,clean,
WHGame.dll,release_1_5_1164953_841,0x13e299c,180,FUN_1813e299c,,,2b825227639082fada1a1fc1c306e06c34a17fae7feb817cd5c811becca4fb80,undefined FUN_1813e299c(),ghidra,clean,
WHGame.dll,release_1_5_1164953_841,0x13e2a50,62,FUN_1813e2a50,,,b0efc9027607cc713a5e740a430ef99d6468300e00ed67391dc28f6210bdf545,undefined FUN_1813e2a50(),ghidra,clean,
WHGame.dll,release_1_5_1164953_841,0x13e2a7c,52,FUN_1813e2a7c,,,43a002f0c89462f6967234b0921e979dcce86a15dd8a3a16058d0e86672547e8,undefined FUN_1813e2a7c(),ghidra,clean,
WHGame.dll,release_1_5_1164953_841,0x13e2ab0,145,FUN_1813e2ab0,,,e900e87635cd6222bde200ee770ac3959e817e13c0985c621d800154fb9b842e,undefined FUN_1813e2ab0(),ghidra,clean,
WHGame.dll,release_1_5_1164953_841,0x13e2b44,155,FUN_1813e2b44,,,e34c8f840e24a6a88070f4fd7dbefad032047c304ea2c348cefc53042c97ee8a,undefined FUN_1813e2b44(),ghidra,clean,
WHGame.dll,release_1_5_1164953_841,0x13e2be0,291,FUN_1813e2be0,,,36897b8ddc5b6636d92dcdad7882240e554c585e7addde793fdad386e91b9721,undefined FUN_1813e2be0(),ghidra,clean,
WHGame.dll,release_1_5_1164953_841,0x13e2d04,180,FUN_1813e2d04,,,599c43a47ff5769b1d1fc0112a94399ee5e84fedeacd9382ff38945bdec00063,undefined FUN_1813e2d04(),ghidra,clean,
WHGame.dll,release_1_5_1164953_841,0x13e2db8,279,FUN_1813e2db8,,,292d699cc5c3b877f41b93094f1218ad194534971f7a79d8dbff975577344ba1,undefined FUN_1813e2db8(),ghidra,clean,
WHGame.dll,release_1_5_1164953_841,0x13e2ed0,80,FUN_1813e2ed0,,,d4ff7dee95e13a99ed736ae7936fee3b6ce6baf9dd29e24a7cdf01fbd55f1b19,undefined FUN_1813e2ed0(),ghidra,clean,
WHGame.dll,release_1_5_1164953_841,0x13e2f20,80,FUN_1813e2f20,,,4954928cf6070c2b5cf3d0884dc623e5307cd6627ca8d3c3cb6767977feaef87,undefined FUN_1813e2f20(),ghidra,clean,
WHGame.dll,release_1_5_1164953_841,0x13e2f70,80,FUN_1813e2f70,,,ffdadc9879bb870c237d1f16b992c494004797b79a16de44c6c018333844473c,undefined FUN_1813e2f70(),ghidra,clean,
WHGame.dll,release_1_5_1164953_841,0x13e2fc0,80,FUN_1813e2fc0,,,adbb95498d46d5e3e75ad57f55151b26d194a8f1ac53dd5e8590566650d3c0ee,undefined FUN_1813e2fc0(),ghidra,clean,
WHGame.dll,release_1_5_1164953_841,0x13e3010,80,FUN_1813e3010,,,fb45effdcd0d22592b45cf4ec2d25272b74937a10b73b8405dead23dd190a46b,undefined FUN_1813e3010(),ghidra,clean,
WHGame.dll,release_1_5_1164953_841,0x13e3060,85,FUN_1813e3060,,,9039fc2dda845e6980f81987ade151c68996141450fbbcc49822d83eae8797ae,undefined FUN_1813e3060(),ghidra,clean,
WHGame.dll,release_1_5_1164953_841,0x13e3094,52,FUN_1813e3094,,,55092bbbf20dc1045fdefe72c0fb37594d20fa4188a1189bcadf78c4d9a77d9d,undefined FUN_1813e3094(),ghidra,clean,
WHGame.dll,release_1_5_1164953_841,0x13e30c8,37,FUN_1813e30c8,,,60e3b408870eb16c036539c6c2e1199ae5eec05642bfb60f285e0b057f08fcae,undefined FUN_1813e30c8(),ghidra,clean,
WHGame.dll,release_1_5_1164953_841,0x13e30f0,37,FUN_1813e30f0,,,118de742a8f54b1a11bd9f21e2da9bac52d3faa21f783c3cbd2959f4a1d00421,undefined FUN_1813e30f0(),ghidra,clean,
WHGame.dll,release_1_5_1164953_841,0x13e3118,130,FUN_1813e3118,,,314f2f4e126c7f47eb308637faed5b9b9f6e376cad7c4c34292356b5cc4e4fd2,undefined FUN_1813e3118(),ghidra,clean,
WHGame.dll,release_1_5_1164953_841,0x13e319c,5,thunk_FUN_1813e31a4,,,b0d40b133b9394d93820ac0104b0065121d2d73df32c7bfb4e4cf5d805a8b103,undefined thunk_FUN_1813e31a4(),ghidra,clean,
WHGame.dll,release_1_5_1164953_841,0x13e31a4,103,FUN_1813e31a4,,,25580e158e6f2525d51b54c431c5b5a1d69c32e6c3e6b6d32ffa603769eab04e,undefined FUN_1813e31a4(),ghidra,clean,
WHGame.dll,release_1_5_1164953_841,0x13e320c,136,FUN_1813e320c,,,636ab9a079ad13bdf2308aa9ebfcaed39e1faab58acd74c2f19fc326efd617b6,undefined FUN_1813e320c(),ghidra,clean,
WHGame.dll,release_1_5_1164953_841,0x13e3294,222,FUN_1813e3294,,,01d96c279abb5d75bce18f0c57a931b6c3dece8292bbddf45d429f23455c26ba,undefined FUN_1813e3294(),ghidra,clean,
WHGame.dll,release_1_5_1164953_841,0x13e334c,5,thunk_FUN_1813e3354,,,b0d40b133b9394d93820ac0104b0065121d2d73df32c7bfb4e4cf5d805a8b103,undefined thunk_FUN_1813e3354(),ghidra,clean,
WHGame.dll,release_1_5_1164953_841,0x13e3354,209,FUN_1813e3354,,,572ac5dce016885e3a99e5e5a772c39030038b42ccac0f6d233dd9f9a576d825,undefined FUN_1813e3354(),ghidra,clean,
WHGame.dll,release_1_5_1164953_841,0x13e341c,142,FUN_1813e341c,,,ac8f98599d85b2a0df0ebee30573024e0ae7ce7bfd1d9a631f5937c62fa4b777,undefined FUN_1813e341c(),ghidra,clean,
WHGame.dll,release_1_5_1164953_841,0x13e34ac,188,FUN_1813e34ac,,,1b15494f90782b837572bbce750177b6aa77454a2df97ee7157b5a8589479e0a,undefined FUN_1813e34ac(),ghidra,clean,
WHGame.dll,release_1_5_1164953_841,0x13e3568,53,FUN_1813e3568,,,dc18fd8ac7caadb5564cb3654a937d270ca73a0b14fc21f59c0d16892de36c94,undefined FUN_1813e3568(),ghidra,clean,
WHGame.dll,release_1_5_1164953_841,0x13e35a0,417,FUN_1813e35a0,,,2dd937bfe674cd970dda5b2e53440870c241fc4e4737ceeb411d4a1c34ede7e4,undefined FUN_1813e35a0(),ghidra,clean,
WHGame.dll,release_1_5_1164953_841,0x13e36c0,40,FUN_1813e36c0,,,fa19a7bc7ecc60ee354944ee6ec9379aac215ca944c504007fbffd5c2f69aff1,undefined FUN_1813e36c0(),ghidra,clean,
WHGame.dll,release_1_5_1164953_841,0x13e36e8,42,FUN_1813e36e8,,,044c879d182caa4011819b80094d45a9280f6f029b74902299629e44283d61b0,undefined FUN_1813e36e8(),ghidra,clean,
WHGame.dll,release_1_5_1164953_841,0x13e3714,100,FUN_1813e3714,,,01084566995fddba05da509517f5c1d18cf7806fa35eb4fa3f91ae9abcdd66c2,undefined FUN_1813e3714(),ghidra,clean,
WHGame.dll,release_1_5_1164953_841,0x13e3778,328,FUN_1813e3778,,,3e3191c1724fe92afd04eae8b8e58f860bdcd1b1e0547d91ade1fdc747eb05b2,undefined FUN_1813e3778(),ghidra,clean,
WHGame.dll,release_1_5_1164953_841,0x13e38c4,100,FUN_1813e38c4,,,54c7f74b45a9073dc61a0b00d00dc7458df812b7f9c01bdc4a5ad633b2f78f07,undefined FUN_1813e38c4(),ghidra,clean,
WHGame.dll,release_1_5_1164953_841,0x13e3928,23,FUN_1813e3928,,,1edbc6325c8b43d77ce61aca5db93928c28f26e314479b51fdcd9f439f0fbaea,undefined FUN_1813e3928(),ghidra,clean,
WHGame.dll,release_1_5_1164953_841,0x13e3940,148,FUN_1813e3940,,,8bfae61d19a753e3a36afc9187c6bb0026f4b0c9ee79fd3cffa68c6b242995b5,undefined FUN_1813e3940(),ghidra,clean,
WHGame.dll,release_1_5_1164953_841,0x13e39d4,227,FUN_1813e39d4,,,9c0d8c20f9f6bd2f80803ba1ab54524f9fd8e4560d19da8baa92dae24b42c4a4,undefined FUN_1813e39d4(),ghidra,clean,
WHGame.dll,release_1_5_1164953_841,0x13e3ab8,290,FUN_1813e3ab8,,,c413a21da7979afc65ad6f0b49e34c0a7ea55130bb84f692c9b8e1af5240d996,undefined FUN_1813e3ab8(),ghidra,clean,
WHGame.dll,release_1_5_1164953_841,0x13e3bdc,83,FUN_1813e3bdc,,,c6a5443c0e0a41af6356de39387ceaa5b978251d06719bf6425d38a8111c2616,undefined FUN_1813e3bdc(),ghidra,clean,
WHGame.dll,release_1_5_1164953_841,0x13e3c30,529,FUN_1813e3c30,,,73af62ed6d46a38a753d1f7c69d06a215392220f164e4ceda176466596d803dd,undefined FUN_1813e3c30(),ghidra,clean,
WHGame.dll,release_1_5_1164953_841,0x13e3d64,359,FUN_1813e3d64,,,1f3630586ffd6f85c07c005d6e4c7b4179d1346cfb1f0a9b134c084f5f34d05f,undefined FUN_1813e3d64(),ghidra,clean,
WHGame.dll,release_1_5_1164953_841,0x13e3ecc,461,FUN_1813e3ecc,,,d2c314368700e38d8163ee1ae7f3e8b99225afa7f106bc937852d9c036379598,undefined FUN_1813e3ecc(),ghidra,clean,
WHGame.dll,release_1_5_1164953_841,0x13e3fbc,169,FUN_1813e3fbc,,,6d0af1f424893b8007e93f87c47cba6b8e384c390d48cc624912af45d7ed3108,undefined FUN_1813e3fbc(),ghidra,clean,
WHGame.dll,release_1_5_1164953_841,0x13e4068,18,FUN_1813e4068,,,a05ddb0f0f03ae0153eabaa2cebaa7ecfe2c6435ec3dea9025fec6e3bdfd603f,undefined FUN_1813e4068(),ghidra,clean,
WHGame.dll,release_1_5_1164953_841,0x13e407c,35,FUN_1813e407c,,,26df37f707bed7da0dac74aecba879616f25f91b0f79d6ce478b6d894ef594ab,undefined FUN_1813e407c(),ghidra,clean,
WHGame.dll,release_1_5_1164953_841,0x13e40a0,66,FUN_1813e40a0,,,753cb6761120629690e7716a1c0bf4c3ec5b9c133b9eb8272aad289f8736de82,undefined FUN_1813e40a0(),ghidra,clean,
WHGame.dll,release_1_5_1164953_841,0x13e40e4,29,FUN_1813e40e4,,,c79af261f704d04297e632d37f4ad2e02b93841a284fd310fd4fc013461e2117,undefined FUN_1813e40e4(),ghidra,clean,
WHGame.dll,release_1_5_1164953_841,0x13e4104,48,FUN_1813e4104,,,e84c0a0cf0f9892f205de435d6d6e2007f24cba714461bdc2eead3a7e537c22b,undefined FUN_1813e4104(),ghidra,clean,
WHGame.dll,release_1_5_1164953_841,0x13e4120,153,FUN_1813e4120,,,23427dcee8a2ad66651914de836348df5bce9df6790df80f8b66bc787991288c,undefined FUN_1813e4120(),ghidra,clean,
WHGame.dll,release_1_5_1164953_841,0x13e4150,331,FUN_1813e4150,,,43cc9990a30bf5f721aa12a337ec5b11e12c7a946f339b27182f2a379ff6003d,undefined FUN_1813e4150(),ghidra,clean,
WHGame.dll,release_1_5_1164953_841,0x13e4210,55,FUN_1813e4210,,,d768c30825ef30b5bbd9e5889c9bc0ca6b1e8f366403cbe48160a49b9c7673c1,undefined FUN_1813e4210(),ghidra,clean,
WHGame.dll,release_1_5_1164953_841,0x13e4238,183,FUN_1813e4238,,,ad5ec632d2ff5f20d8a3a6aa249a71d26e162b4acc7e1e35030aef348f02203e,undefined FUN_1813e4238(),ghidra,clean,
WHGame.dll,release_1_5_1164953_841,0x13e42e8,145,FUN_1813e42e8,,,239483f9cad465102f013dae17b56f72509e09438684d68997d103685b3aff39,undefined FUN_1813e42e8(),ghidra,clean,
WHGame.dll,release_1_5_1164953_841,0x13e437c,390,FUN_1813e437c,,,ca306dced598f6387245d43babbca4f94d3025d30b0ac0df5aa5b17fadae41fd,undefined FUN_1813e437c(),ghidra,clean,
WHGame.dll,release_1_5_1164953_841,0x13e4504,194,FUN_1813e4504,,,cd6022891d97a1739804e91aacc3f696fa7690bb528193d33acee2adee3c76ab,undefined FUN_1813e4504(),ghidra,clean,
WHGame.dll,release_1_5_1164953_841,0x13e45c8,155,FUN_1813e45c8,,,865d2d6c292a417dc43f7f4983000136ee2ff64eec3c5c7685c53a2faa94f678,undefined FUN_1813e45c8(),ghidra,clean,
WHGame.dll,release_1_5_1164953_841,0x13e4664,190,FUN_1813e4664,,,d1069b3f40bfe9f415dac8add78035ef2b469e73009f4781aeb503f9a814c990,undefined FUN_1813e4664(),ghidra,clean,
WHGame.dll,release_1_5_1164953_841,0x13e4724,155,FUN_1813e4724,,,145cb797a3ccfa1831ff40946ede143287a1e67a7da2c71e334d2b04d3915fe4,undefined FUN_1813e4724(),ghidra,clean,
WHGame.dll,release_1_5_1164953_841,0x13e47c0,291,FUN_1813e47c0,,,69e7d367e34a2b8fb11534f3b8f8afb1398a5fab620ca19811d56f344ae122e9,undefined FUN_1813e47c0(),ghidra,clean,
WHGame.dll,release_1_5_1164953_841,0x13e48e4,304,FUN_1813e48e4,,,4045cc2bdfdb8d60c9a6cae9ac8b9bd09481e5d2af030c668d84faec30d4a834,undefined FUN_1813e48e4(),ghidra,clean,
WHGame.dll,release_1_5_1164953_841,0x13e4a14,155,FUN_1813e4a14,,,09e6822c0415c83c4a6c49b7ebff042c94e52a22f20298769678151dfd037b83,undefined FUN_1813e4a14(),ghidra,clean,
WHGame.dll,release_1_5_1164953_841,0x13e4ab0,298,FUN_1813e4ab0,,,72f77bb90c8f778c1b55bb8f6a87a5eaa48230a45787341a8063f579af9268c1,undefined FUN_1813e4ab0(),ghidra,clean,
WHGame.dll,release_1_5_1164953_841,0x13e4bdc,194,FUN_1813e4bdc,,,31866aff568078d44b05ce2d069ceb5806615b9ed8fe7e2ea0081cc75a40e40e,undefined FUN_1813e4bdc(),ghidra,clean,
WHGame.dll,release_1_5_1164953_841,0x13e4ca0,155,FUN_1813e4ca0,,,aa9f68da33253c55bd72d80c75ebb5e01577eb5fdacb4fb68f7b043c009fa231,undefined FUN_1813e4ca0(),ghidra,clean,
WHGame.dll,release_1_5_1164953_841,0x13e4d3c,190,FUN_1813e4d3c,,,716de090e3a7a08463a4e042a779d40e98354b1af7f9cd467815fc354331c09a,undefined FUN_1813e4d3c(),ghidra,clean,
WHGame.dll,release_1_5_1164953_841,0x13e4dfc,155,FUN_1813e4dfc,,,819c3df60cec4b6547f5c21f03e4d77f7031d1c766e278049dbb154596333a9f,undefined FUN_1813e4dfc(),ghidra,clean,
WHGame.dll,release_1_5_1164953_841,0x13e4e98,291,FUN_1813e4e98,,,c185dbb8a3a276461973322f42abc99905c9ddca5c0889bca7cf392e50d209f8,undefined FUN_1813e4e98(),ghidra,clean,
WHGame.dll,release_1_5_1164953_841,0x13e4fbc,304,FUN_1813e4fbc,,,e2d0788a5337db08aab06796fefe14ed5709009b7cb7e6c21af44dcb19be608b,undefined FUN_1813e4fbc(),ghidra,clean,
WHGame.dll,release_1_5_1164953_841,0x13e50ec,155,FUN_1813e50ec,,,d70beac7668c0120b395af7cb15758a7cb9da935c4c809f3453f1aafffd33506,undefined FUN_1813e50ec(),ghidra,clean,
WHGame.dll,release_1_5_1164953_841,0x13e5188,298,FUN_1813e5188,,,9ad828b4cc09cac8e792155b191fbaad305af94d0c5fd08d132a46dce708a8ee,undefined FUN_1813e5188(),ghidra,clean,
WHGame.dll,release_1_5_1164953_841,0x13e52b4,81,FUN_1813e52b4,,,d66461ee442592dd64c521d65423c74602ef758f7a1b2e9de60cda33e306e1e8,undefined FUN_1813e52b4(),ghidra,clean,
WHGame.dll,release_1_5_1164953_841,0x13e5308,635,FUN_1813e5308,,,e3958f07ab020fca0c7c1bf383361c8c97ee3284fcf3accff813f64e751567ef,undefined FUN_1813e5308(),ghidra,clean,
WHGame.dll,release_1_5_1164953_841,0x13e5584,123,FUN_1813e5584,,,8e622dec0c7081921b42e1f039dda4d82e2c06ab909d9f4b2266eea9331bafd3,undefined FUN_1813e5584(),ghidra,clean,
WHGame.dll,release_1_5_1164953_841,0x13e5600,92,FUN_1813e5600,,,6c6742d16c3647c5d4229f9cb4f7735ba165795419257fb9a607c6c5ed427750,undefined FUN_1813e5600(),ghidra,clean,
WHGame.dll,release_1_5_1164953_841,0x13e565c,180,FUN_1813e565c,,,7a7cca5b5912c41645d1621f3ff8aa5859ba9695548eb177cc8786e8501946cb,undefined FUN_1813e565c(),ghidra,clean,
WHGame.dll,release_1_5_1164953_841,0x13e5710,196,FUN_1813e5710,,,5f9b73ef733ea438a1b5f2a9ba073d9fc455ed1bbf5eb12d1173f30fa27c995a,undefined FUN_1813e5710(),ghidra,clean,
WHGame.dll,release_1_5_1164953_841,0x13e57cc,175,FUN_1813e57cc,,,b046f13685d599e5a68ab3fb24ef6020f0b853dcd4d36d3d0df7157bd48a5c1e,undefined FUN_1813e57cc(),ghidra,clean,
WHGame.dll,release_1_5_1164953_841,0x13e587c,196,FUN_1813e587c,,,c1d467d700b05ffef9aed3c435e874fb06530bf35baca4e0a20a0807bb8ba1ca,undefined FUN_1813e587c(),ghidra,clean,
WHGame.dll,release_1_5_1164953_841,0x13e5938,175,FUN_1813e5938,,,0f45fedcfd97efa2a1c169a9ee2dd674372c62cbc4bbd536fd778c689ee2c111,undefined FUN_1813e5938(),ghidra,clean,
WHGame.dll,release_1_5_1164953_841,0x13e59e8,196,FUN_1813e59e8,,,3bdcc57d7393431f507ad46f74cb28196613a0e764fc75a1bf52d0e6afa6dec9,undefined FUN_1813e59e8(),ghidra,clean,
WHGame.dll,release_1_5_1164953_841,0x13e5aa4,175,FUN_1813e5aa4,,,d4b79fd0b51186fdcd1e44e4711902def429d6100855b56547a93c6851c023dd,undefined FUN_1813e5aa4(),ghidra,clean,
WHGame.dll,release_1_5_1164953_841,0x13e5b54,196,FUN_1813e5b54,,,b8acea5be7a48a0a321ad90b4781c9583d2a2a90091ce905d10854b609743702,undefined FUN_1813e5b54(),ghidra,clean,
WHGame.dll,release_1_5_1164953_841,0x13e5c10,175,FUN_1813e5c10,,,b86d537d2dca52b4bcd6fcd7945460a9bfb8d3ab98d5f5d570130917fb52c9c5,undefined FUN_1813e5c10(),ghidra,clean,
WHGame.dll,release_1_5_1164953_841,0x13e5cc0,196,FUN_1813e5cc0,,,85b6e52d5c2bc441f07728b379fb053537b2ebc797174070364fb2f405f358c2,undefined FUN_1813e5cc0(),ghidra,clean,
WHGame.dll,release_1_5_1164953_841,0x13e5d7c,175,FUN_1813e5d7c,,,12965a30c6187ad828d3417458c2a85205def0a1c22bc66a2a591cbe19ab9de7,undefined FUN_1813e5d7c(),ghidra,clean,
WHGame.dll,release_1_5_1164953_841,0x13e5e2c,161,FUN_1813e5e2c,,,3e446d2b6512bf7d1136ba09ca8da9665d7fca79aa566ecbb8fe988bc5aeb5c0,undefined FUN_1813e5e2c(),ghidra,clean,
WHGame.dll,release_1_5_1164953_841,0x13e5ec4,443,FUN_1813e5ec4,,,ae7db9ca2a455100c2d39cdea74e1ba4ecf329a02df3aa49bfc79bc9e3568792,undefined FUN_1813e5ec4(),ghidra,clean,
WHGame.dll,release_1_5_1164953_841,0x13e6084,14,FUN_1813e6084,,,a7978cc5afaac77eba7909d3472cc9c85bbe2bf2fc20dce4f30d5baa3eb34322,undefined FUN_1813e6084(),ghidra,clean,
WHGame.dll,release_1_5_1164953_841,0x13e6094,180,FUN_1813e6094,,,f5624dd77561345a76a5f931193d8c74d1a7a9f71dd313f7ddd6ba436733ea92,undefined FUN_1813e6094(),ghidra,clean,
WHGame.dll,release_1_5_1164953_841,0x13e6148,204,FUN_1813e6148,,,07a9f5ba958b17f8e9f424e43b0cbe4e8a549e19c6265676042e3c3fc5d746c2,undefined FUN_1813e6148(),ghidra,clean,
WHGame.dll,release_1_5_1164953_841,0x13e61f4,204,FUN_1813e61f4,,,c611c9569167a9f6d5644da633d3b7fde0cda056cfa602c91fe90504e41df538,undefined FUN_1813e61f4(),ghidra,clean,
WHGame.dll,release_1_5_1164953_841,0x13e62a0,204,FUN_1813e62a0,,,b0cd59c725df9a8cd444a0bbc7b998e33c957bfbcb0704f46902e96c758c2788,undefined FUN_1813e62a0(),ghidra,clean,
WHGame.dll,release_1_5_1164953_841,0x13e634c,200,FUN_1813e634c,,,177627330d0a106b6ade344a6961c91d22deb61e752d5c8cc6f61d37e0100a84,undefined FUN_1813e634c(),ghidra,clean,
WHGame.dll,release_1_5_1164953_841,0x13e63f4,26,FUN_1813e63f4,,,487caffa1ae04ae7d65cfe69ac760954815a552df58a9d6fca1dcca7800ad982,undefined FUN_1813e63f4(),ghidra,clean,
WHGame.dll,release_1_5_1164953_841,0x13e6410,151,FUN_1813e6410,,,e67736f80098a209f500956c8f10416faec8a29fccf56e749f4154c78b91b9f6,undefined FUN_1813e6410(),ghidra,clean,
WHGame.dll,release_1_5_1164953_841,0x13e64a8,151,FUN_1813e64a8,,,4c5c5168eda05a2ecc95304873d59a106746a50f927a3da88d66ed80de81f499,undefined FUN_1813e64a8(),ghidra,clean,
WHGame.dll,release_1_5_1164953_841,0x13e6540,151,FUN_1813e6540,,,75a0ae5b7138969580f5b8e0f5dab6526bc78c19a3969258454d59b613aeb2d5,undefined FUN_1813e6540(),ghidra,clean,
WHGame.dll,release_1_5_1164953_841,0x13e65d8,151,FUN_1813e65d8,,,b62fa41be9c035f25222ca548e1854accf64cb3d80bcdec4cd9a54317badcab1,undefined FUN_1813e65d8(),ghidra,clean,
WHGame.dll,release_1_5_1164953_841,0x13e6670,1131,FUN_1813e6670,,,c4482a5e7e20b6ee748dbae4b081a28138739bf4af136a6dd0d366f9952f2f7c,undefined FUN_1813e6670(),ghidra,clean,
WHGame.dll,release_1_5_1164953_841,0x13e6adc,155,FUN_1813e6adc,,,bc43485bd21799764f778f4f8dff3ad9b48405e1c8780204727ac5ce99fc261d,undefined FUN_1813e6adc(),ghidra,clean,
WHGame.dll,release_1_5_1164953_841,0x13e6b78,304,FUN_1813e6b78,,,41f424bb017ac409cad7324f8d1835e4e0b70eff80b0c60f7cdeecffdaef7ce3,undefined FUN_1813e6b78(),ghidra,clean,
WHGame.dll,release_1_5_1164953_841,0x13e6ca8,155,FUN_1813e6ca8,,,4984aa0b4fef1740c93e34bc2c5111537f21ee68bff19fcee5c14f7f6853456b,undefined FUN_1813e6ca8(),ghidra,clean,
WHGame.dll,release_1_5_1164953_841,0x13e6d44,298,FUN_1813e6d44,,,3d3d7292451282ac82bb855b34d7ce4f87f03d9c2ce739dd9f375ca2a3371926,undefined FUN_1813e6d44(),ghidra,clean,
WHGame.dll,release_1_5_1164953_841,0x13e6e70,151,FUN_1813e6e70,,,4cbf62b5afc4c3843f8b5514fcb837ae4a8f8a6b818ca77f951960d545280016,undefined FUN_1813e6e70(),ghidra,clean,
WHGame.dll,release_1_5_1164953_841,0x13e6f08,151,FUN_1813e6f08,,,bf36065ba2f8e2371224434d08ef5b6b273e0ce75ea22bf075e7f9bea8acdffa,undefined FUN_1813e6f08(),ghidra,clean,
WHGame.dll,release_1_5_1164953_841,0x13e6fa0,151,FUN_1813e6fa0,,,9136a2de58d713c3af54eecda3f8d07ff60036bce8e6ddd69ac157ea86a0864b,undefined FUN_1813e6fa0(),ghidra,clean,
WHGame.dll,release_1_5_1164953_841,0x13e7038,380,FUN_1813e7038,,,9f630c5def225d8c2a2f5e55c8ce01f20dce6208ae6dd783d4b4fa07e74a8785,undefined FUN_1813e7038(),ghidra,clean,
WHGame.dll,release_1_5_1164953_841,0x13e71b8,55,FUN_1813e71b8,,,b2ec3bedc5af521c146db007e941a692088db268ce66ed96ae7d4c53fae95990,undefined FUN_1813e71b8(),ghidra,clean,
WHGame.dll,release_1_5_1164953_841,0x13e71f0,35,FUN_1813e71f0,,,55bf5b73aa3137808e3b425c2435910e1a7348a24d6459550bdf25f19bed4d60,undefined FUN_1813e71f0(),ghidra,clean,
WHGame.dll,release_1_5_1164953_841,0x13e7214,155,FUN_1813e7214,,,336b2157e0bc70c1207fd62afae12eb71d38c92d0fc85a8d5735913272d941f7,undefined FUN_1813e7214(),ghidra,clean,
WHGame.dll,release_1_5_1164953_841,0x13e72b0,291,FUN_1813e72b0,,,38563ba3f24a7cd72411721e457ec3c5379702d1ca51e0d974fdfcd458e2865b,undefined FUN_1813e72b0(),ghidra,clean,
WHGame.dll,release_1_5_1164953_841,0x13e73d4,62,FUN_1813e73d4,,,4c1540f88d80e73067c31682a093d4072bc0d9998baf3fbffcfb1b8dd5580854,undefined FUN_1813e73d4(),ghidra,clean,
WHGame.dll,release_1_5_1164953_841,0x13e7414,62,FUN_1813e7414,,,b6ad6cd8df03e40451e5b7d4a89a8a0361a26bf958fbc07da40523ed1f63b49b,undefined FUN_1813e7414(),ghidra,clean,
WHGame.dll,release_1_5_1164953_841,0x13e7440,43,FUN_1813e7440,,,9a423810a7215fb3ab716be66832a42064f5eaceea14558b5573a35919823a28,undefined FUN_1813e7440(),ghidra,clean,
WHGame.dll,release_1_5_1164953_841,0x13e746c,26,FUN_1813e746c,,,408a45921400e37d7cc4180628a4f6540ab8cf915b3274c336e766c1bebe2778,undefined FUN_1813e746c(),ghidra,clean,
WHGame.dll,release_1_5_1164953_841,0x13e7488,151,FUN_1813e7488,,,df9c7040a19c2a8651d6a9fabc75ed21f0d827066b7867557c68f608d7636eb3,undefined FUN_1813e7488(),ghidra,clean,
WHGame.dll,release_1_5_1164953_841,0x13e7520,958,FUN_1813e7520,,,49aa997f34d7e4e426f20b725a9b1fdee2ca57af2803621415e6c3cccce3da1c,undefined FUN_1813e7520(),ghidra,clean,
WHGame.dll,release_1_5_1164953_841,0x13e78e0,23,FUN_1813e78e0,,,4a2215c3e820937481093c41c3a2c4fdd1b034767afb06c5e8afd475b2e2dc6a,undefined FUN_1813e78e0(),ghidra,clean,
WHGame.dll,release_1_5_1164953_841,0x13e78f8,155,FUN_1813e78f8,,,aac5ebcb0a1493dfd30576ae5515213f7f77321636190192ea4c2783e8d5065c,undefined FUN_1813e78f8(),ghidra,clean,
WHGame.dll,release_1_5_1164953_841,0x13e7994,304,FUN_1813e7994,,,a81b616f3c4b2db72937200bd611188eebfb4380d5ac5cd03b36e3d478fda02c,undefined FUN_1813e7994(),ghidra,clean,
WHGame.dll,release_1_5_1164953_841,0x13e7ac4,155,FUN_1813e7ac4,,,5e9b2c25049155eef187c16d69289832b5673c97f6460bccb28ae6246699a6a6,undefined FUN_1813e7ac4(),ghidra,clean,
WHGame.dll,release_1_5_1164953_841,0x13e7b60,298,FUN_1813e7b60,,,8904b14d6bff9d411e775ac9200495297f790012753d7bd12d19e03e6f63dbf8,undefined FUN_1813e7b60(),ghidra,clean,
WHGame.dll,release_1_5_1164953_841,0x13e7c8c,151,FUN_1813e7c8c,,,226471a4d4afd3509991042dbd7177290ca0839ed00ca16a2f9f861f9b788b51,undefined FUN_1813e7c8c(),ghidra,clean,
WHGame.dll,release_1_5_1164953_841,0x13e7d24,85,FUN_1813e7d24,,,14f6d733beda5f02295f45009f62312a9281ca3496baa5d9e96a96ef538a5dc1,undefined FUN_1813e7d24(),ghidra,clean,
WHGame.dll,release_1_5_1164953_841,0x13e7d7c,71,FUN_1813e7d7c,,,fc6ce8156680a2b2dc534e7a1d37eab37ef276bfa83051d0f64fac8e3aaae3b7,undefined FUN_1813e7d7c(),ghidra,clean,
WHGame.dll,release_1_5_1164953_841,0x13e7dc4,194,FUN_1813e7dc4,,,88a349f824cecbd6ac906c1abfcc7373c4004b56d02a4ecd8d0dcb2443f3f8d1,undefined FUN_1813e7dc4(),ghidra,clean,
WHGame.dll,release_1_5_1164953_841,0x13e7e88,155,FUN_1813e7e88,,,e3202779b81c2328b74f5c9a9dd757e1ff5acf5ee60831516002f7e01b45e89e,undefined FUN_1813e7e88(),ghidra,clean,
WHGame.dll,release_1_5_1164953_841,0x13e7f24,291,FUN_1813e7f24,,,84e069af3ba7774cbd720f316591868d23afa0c860894a28b8bf3ba291685310,undefined FUN_1813e7f24(),ghidra,clean,
WHGame.dll,release_1_5_1164953_841,0x13e8048,148,FUN_1813e8048,,,47df35fdc04d4532cf49eea159d06d106380fb7dacb58bbf427790f8d04a8958,undefined FUN_1813e8048(),ghidra,clean,
WHGame.dll,release_1_5_1164953_841,0x13e80dc,436,FUN_1813e80dc,,,9c7455ec4d917dd880e42434a5f922510ad36dafede1e860cfba180154a192d1,undefined FUN_1813e80dc(),ghidra,clean,
WHGame.dll,release_1_5_1164953_841,0x13e81bc,53,FUN_1813e81bc,,,2a513f628960b2efd8e58ac2f9daa2ec844a904971ab909d8ee68af6c99ee90f,undefined FUN_1813e81bc(),ghidra,clean,
WHGame.dll,release_1_5_1164953_841,0x13e81f4,130,FUN_1813e81f4,,,6eb68b7fdfc5961fc48da125c27183bab30cbf010ff23af7814c4630ccecf683,undefined FUN_1813e81f4(),ghidra,clean,
WHGame.dll,release_1_5_1164953_841,0x13e8278,5,thunk_FUN_1813e8280,,,b0d40b133b9394d93820ac0104b0065121d2d73df32c7bfb4e4cf5d805a8b103,undefined thunk_FUN_1813e8280(),ghidra,clean,
WHGame.dll,release_1_5_1164953_841,0x13e8280,103,FUN_1813e8280,,,923478afc75639391f5052a29a14effd6ab80bf3d10f333d74a736cc16cf37b0,undefined FUN_1813e8280(),ghidra,clean,
WHGame.dll,release_1_5_1164953_841,0x13e82e8,232,FUN_1813e82e8,,,ed8593439058a9ca7782ee99af468c7c9895dcc6fd91d293d9dee7e52b23ea20,undefined FUN_1813e82e8(),ghidra,clean,
WHGame.dll,release_1_5_1164953_841,0x13e83a8,5,thunk_FUN_1813e83b0,,,b0d40b133b9394d93820ac0104b0065121d2d73df32c7bfb4e4cf5d805a8b103,undefined thunk_FUN_1813e83b0(),ghidra,clean,
WHGame.dll,release_1_5_1164953_841,0x13e83b0,248,FUN_1813e83b0,,,7f571e635bb83b3c3941fda2947db11e06d17e4e2246ec397e7cffdc6797a172,undefined FUN_1813e83b0(),ghidra,clean,
WHGame.dll,release_1_5_1164953_841,0x13e8480,109,FUN_1813e8480,,,6fdc1dcb7ca5cc81d8ab4fd339dd5666d54f700d115a151dae245a8254bded85,undefined FUN_1813e8480(),ghidra,clean,
WHGame.dll,release_1_5_1164953_841,0x13e84bc,142,FUN_1813e84bc,,,b487b46aaa805831ba0891cf69846559ac9707b29efd37dd3c92f12341b3acab,undefined FUN_1813e84bc(),ghidra,clean,
WHGame.dll,release_1_5_1164953_841,0x13e854c,5,thunk_FUN_1813e8554,,,b0d40b133b9394d93820ac0104b0065121d2d73df32c7bfb4e4cf5d805a8b103,undefined thunk_FUN_1813e8554(),ghidra,clean,
WHGame.dll,release_1_5_1164953_841,0x13e8554,198,FUN_1813e8554,,,7549e6734b6dcb08856525d2307a9512353288d5f5f4ef5dcb3515440f86fa50,undefined FUN_1813e8554(),ghidra,clean,
WHGame.dll,release_1_5_1164953_841,0x13e8610,112,FUN_1813e8610,,,1b7f540761f20f71333ddc577ef9bc11305a79f1bb17bef6a2f0c9cc24192252,undefined FUN_1813e8610(),ghidra,clean,
WHGame.dll,release_1_5_1164953_841,0x13e8680,100,FUN_1813e8680,,,d2f595a53b299ba4b20852e95071b39a26e814ee24a44f87849cc61c47cc508c,undefined FUN_1813e8680(),ghidra,clean,
WHGame.dll,release_1_5_1164953_841,0x13e86e4,130,FUN_1813e86e4,,,b90c0d1d37ee94251fd712be3948a1bcd2133ffeb8157df3384c0b899238d901,undefined FUN_1813e86e4(),ghidra,clean,
WHGame.dll,release_1_5_1164953_841,0x13e8768,5,thunk_FUN_1813e8770,,,b0d40b133b9394d93820ac0104b0065121d2d73df32c7bfb4e4cf5d805a8b103,undefined thunk_FUN_1813e8770(),ghidra,clean,
WHGame.dll,release_1_5_1164953_841,0x13e8770,103,FUN_1813e8770,,,950d65b7f7ff54066931fe2a012288623cd589307abbc3347755b4fd0092ab65,undefined FUN_1813e8770(),ghidra,clean,
WHGame.dll,release_1_5_1164953_841,0x13e87d8,95,FUN_1813e87d8,,,1fc9155e09b17605f5cf32a43fe476c3fc5ea4c12c5d161287afef70819db727,undefined FUN_1813e87d8(),ghidra,clean,
WHGame.dll,release_1_5_1164953_841,0x13e8838,193,FUN_1813e8838,,,71b49960aefedaddefab490dc2cc72f8df50df7cd7b324f971f096ff056b89ab,undefined FUN_1813e8838(),ghidra,clean,
WHGame.dll,release_1_5_1164953_841,0x13e88e0,126,FUN_1813e88e0,,,9bcea80c73ee5fedec6f26d326b08fc6a9492dde8da60e84e4dfeda9d8888d8c,undefined FUN_1813e88e0(),ghidra,clean,
WHGame.dll,release_1_5_1164953_841,0x13e8944,135,FUN_1813e8944,,,53eb7749bdc82a12b1872eda861b45d6dbf23ab0898352bee90f5ef19b55f5a2,undefined FUN_1813e8944(),ghidra,clean,
WHGame.dll,release_1_5_1164953_841,0x13e89cc,147,FUN_1813e89cc,,,4cd87d66ef756e1065e0dca55f4234a2bbf3212d341a94e2315044cbf8bab990,undefined FUN_1813e89cc(),ghidra,clean,
WHGame.dll,release_1_5_1164953_841,0x13e8a60,147,FUN_1813e8a60,,,c2a282d75324c3138be59be76ae87328432a1bfab399a285f296c3f96e5dbf4f,undefined FUN_1813e8a60(),ghidra,clean,
WHGame.dll,release_1_5_1164953_841,0x13e8af4,144,FUN_1813e8af4,,,6bc64e1ec00b5194fe54b18bc3e7734f422dadec91c1f4b6876b60701eeb6280,undefined FUN_1813e8af4(),ghidra,clean,
WHGame.dll,release_1_5_1164953_841,0x13e8b84,42,FUN_1813e8b84,,,8f12702dfcbb51ebd3e81434002ef3a3a712d0ee24754dda7f18d72cef903837,undefined FUN_1813e8b84(),ghidra,clean,
WHGame.dll,release_1_5_1164953_841,0x13e8bb0,68,FUN_1813e8bb0,,,7eea922926273f325a0a3bf549d4c1a06523930d65186bf1107aaa5105797485,undefined FUN_1813e8bb0(),ghidra,clean,
WHGame.dll,release_1_5_1164953_841,0x13e8bf4,53,FUN_1813e8bf4,,,0ca9144f042eed845515f15b78e2dbf71d3e9bebeb63180ed29f076cb8eb28d1,undefined FUN_1813e8bf4(),ghidra,clean,
WHGame.dll,release_1_5_1164953_841,0x13e8c2c,53,FUN_1813e8c2c,,,3c122055fd6b84822148b91e572d219a7831b8e34e9329dde4540cffe199a9be,undefined FUN_1813e8c2c(),ghidra,clean,
WHGame.dll,release_1_5_1164953_841,0x13e8c64,417,FUN_1813e8c64,,,32fa2b8857525377a4f644742f873bbed0a7f81f64a45e768a319d03fbf870d6,undefined FUN_1813e8c64(),ghidra,clean,
WHGame.dll,release_1_5_1164953_841,0x13e8d84,40,FUN_1813e8d84,,,e7aedb9bcf48e177b65d2bbfa3aec4b808bde6d959fea4e3abc85ca27d480e06,undefined FUN_1813e8d84(),ghidra,clean,
WHGame.dll,release_1_5_1164953_841,0x13e8dac,42,FUN_1813e8dac,,,e563536225fdfd9d5e71a36da4448cbf91dfe18c65949d4e9e76f232f3880730,undefined FUN_1813e8dac(),ghidra,clean,
WHGame.dll,release_1_5_1164953_841,0x13e8dd8,431,FUN_1813e8dd8,,,23269ca7f9b29f3ddfe8e7da3b27f83503a2857b26a233099cf6797db50a259e,undefined FUN_1813e8dd8(),ghidra,clean,
WHGame.dll,release_1_5_1164953_841,0x13e8f34,40,FUN_1813e8f34,,,a8545b1c9435f27ee6071512e19dbd9e0d11492257b3dc609e2f7297abb560d6,undefined FUN_1813e8f34(),ghidra,clean,
WHGame.dll,release_1_5_1164953_841,0x13e8f5c,42,FUN_1813e8f5c,,,887fc34a917231e3a2dc8083f60a3e94b329ce8038c9c7a9f0adf877333af5dd,undefined FUN_1813e8f5c(),ghidra,clean,
WHGame.dll,release_1_5_1164953_841,0x13e8f88,5,thunk_FUN_1813e8f90,,,b0d40b133b9394d93820ac0104b0065121d2d73df32c7bfb4e4cf5d805a8b103,undefined thunk_FUN_1813e8f90(),ghidra,clean,
WHGame.dll,release_1_5_1164953_841,0x13e8f90,198,FUN_1813e8f90,,,453e8ee8efaddbd0e32c9a8d702f88633851cb72b44af0646705bc2b104aebb5,undefined FUN_1813e8f90(),ghidra,clean,
WHGame.dll,release_1_5_1164953_841,0x13e904c,160,FUN_1813e904c,,,2e70f5fb543717b02184ba74bd709615556878da38397f555674ccddf2ef013c,undefined FUN_1813e904c(),ghidra,clean,
WHGame.dll,release_1_5_1164953_841,0x13e90d0,142,FUN_1813e90d0,,,a10d279abfb5dbedd8fbd52ac9287d787a269d6e424806a101559b59f6e1dc12,undefined FUN_1813e90d0(),ghidra,clean,
WHGame.dll,release_1_5_1164953_841,0x13e9160,142,FUN_1813e9160,,,566005736b7ca5a7dc6040a9c3d0d4161cfd27233dfc3aeaaa3ea029d106c1e4,undefined FUN_1813e9160(),ghidra,clean,
WHGame.dll,release_1_5_1164953_841,0x13e91f0,328,FUN_1813e91f0,,,37734457f9967093deb717ce3c8e4abf37c820aeb4130f0364a6f060149ec47f,undefined FUN_1813e91f0(),ghidra,clean,
WHGame.dll,release_1_5_1164953_841,0x13e933c,100,FUN_1813e933c,,,d3405c4673ab1c2293721e9903bf660fce9c592b5fbece3b0fd036630b528996,undefined FUN_1813e933c(),ghidra,clean,
WHGame.dll,release_1_5_1164953_841,0x13e93a0,26,FUN_1813e93a0,,,2f0c175a934a33a136758b1d72e1d8b4476b4e1a0f1fc86923d8eccaa92e4c46,undefined FUN_1813e93a0(),ghidra,clean,
WHGame.dll,release_1_5_1164953_841,0x13e93bc,31,FUN_1813e93bc,,,f118b5c56d9a523f6cba07de734c3edfd955454493dee05cb38a393e0d2efcae,undefined FUN_1813e93bc(),ghidra,clean,
WHGame.dll,release_1_5_1164953_841,0x13e93dc,28,FUN_1813e93dc,,,5659c85f6a3d8c62899d3a05ce05feff5012ac5dbc5daee7e69b9da22153625e,undefined FUN_1813e93dc(),ghidra,clean,
WHGame.dll,release_1_5_1164953_841,0x13e9400,23,FUN_1813e9400,,,899452a30e4e24c35699d28ed11ed0682de7d136f87c58c6bddd8ace8c34e28c,undefined FUN_1813e9400(),ghidra,clean,
WHGame.dll,release_1_5_1164953_841,0x13e9450,55,FUN_1813e9450,,,0a40d41b75283c8f6912db803b140268190fd5f0e6227e97579b96137ad87a64,undefined FUN_1813e9450(),ghidra,clean,
WHGame.dll,release_1_5_1164953_841,0x13e9478,200,FUN_1813e9478,,,b76b4f0cb1bbf6008cad9c61e625cce456b0c08ab18d7d866d20a5c1f13b957f,undefined FUN_1813e9478(),ghidra,clean,
WHGame.dll,release_1_5_1164953_841,0x13e9528,109,FUN_1813e9528,,,402d1727c150e49c50b6a7ed0253f16f2992eec8bffc5bd68de5f552c8ce432c,undefined FUN_1813e9528(),ghidra,clean,
WHGame.dll,release_1_5_1164953_841,0x13e9598,142,FUN_1813e9598,,,74bc92c7eac9925abeeb7ea45abf35d7409fe3c506b3cf8b0d505e26fe1001b3,undefined FUN_1813e9598(),ghidra,clean,
WHGame.dll,release_1_5_1164953_841,0x13e9628,5,thunk_FUN_1813e9630,,,b0d40b133b9394d93820ac0104b0065121d2d73df32c7bfb4e4cf5d805a8b103,undefined thunk_FUN_1813e9630(),ghidra,clean,
WHGame.dll,release_1_5_1164953_841,0x13e9630,223,FUN_1813e9630,,,15cac6db53efefebed9aad59798d16abbb3c1f3edd8915a37190c9101d1e6195,undefined FUN_1813e9630(),ghidra,clean,
WHGame.dll,release_1_5_1164953_841,0x13e9708,5,thunk_FUN_1813e9710,,,b0d40b133b9394d93820ac0104b0065121d2d73df32c7bfb4e4cf5d805a8b103,undefined thunk_FUN_1813e9710(),ghidra,clean,
WHGame.dll,release_1_5_1164953_841,0x13e9710,103,FUN_1813e9710,,,43026f26bb8ceb5c4512b21af623c03af6502ffdb45b95256ce5d50e57bdc11c,undefined FUN_1813e9710(),ghidra,clean,
WHGame.dll,release_1_5_1164953_841,0x13e9778,95,FUN_1813e9778,,,d87233f5c40c58451f24735f338a5750dabfe0fd2c14de83bd2a7fb552e7a167,undefined FUN_1813e9778(),ghidra,clean,
WHGame.dll,release_1_5_1164953_841,0x13e97d8,214,FUN_1813e97d8,,,0bd10ad903561d687b56080576ecad4005732e462b789eea5be11cf07f368b02,undefined FUN_1813e97d8(),ghidra,clean,
WHGame.dll,release_1_5_1164953_841,0x13e9890,53,FUN_1813e9890,,,770b2ab057be80508d569cfbee5aa714b4d28f651a14fa51341eef86b103cffa,undefined FUN_1813e9890(),ghidra,clean,
WHGame.dll,release_1_5_1164953_841,0x13e98c8,152,FUN_1813e98c8,,,16bc81aae383de5c48ec12a4243831d24f07f4a10c0337d9dc34ff35a7e11ecc,undefined FUN_1813e98c8(),ghidra,clean,
WHGame.dll,release_1_5_1164953_841,0x13e9960,156,FUN_1813e9960,,,546178d7d8db471ebf460fe078c48f4409968b3036af6b08d41144445ef1db39,undefined FUN_1813e9960(),ghidra,clean,
WHGame.dll,release_1_5_1164953_841,0x13e99fc,54,FUN_1813e99fc,,,70f7c7e05c8b2ba5d5d2e7bcf3bfb35d43927d2cb4bbe13462390fa7d31ff18c,undefined FUN_1813e99fc(),ghidra,clean,
WHGame.dll,release_1_5_1164953_841,0x13e9a34,68,FUN_1813e9a34,,,f1890cf46dc06096b962168cde1e6c07e3971c723153d382e7de54f49ec08391,undefined FUN_1813e9a34(),ghidra,clean,
WHGame.dll,release_1_5_1164953_841,0x13e9a78,422,FUN_1813e9a78,,,fc0f882fcc74627d1bd41c1beb980febe83f932a4ea8cd7f6247ce3ffba1396e,undefined FUN_1813e9a78(),ghidra,clean,
WHGame.dll,release_1_5_1164953_841,0x13e9c20,40,FUN_1813e9c20,,,4e4482598b68729bb36ee7972f504341ead2e2b0bbf7ce801d06ac75f19c2243,undefined FUN_1813e9c20(),ghidra,clean,
WHGame.dll,release_1_5_1164953_841,0x13e9c48,42,FUN_1813e9c48,,,68ba0fc8813fc07e9a84e921a5faca6b1fbe48748df113d9526367677e0f5fe3,undefined FUN_1813e9c48(),ghidra,clean,
WHGame.dll,release_1_5_1164953_841,0x13e9c74,42,FUN_1813e9c74,,,9d9a9626ce97cbd9406d0ab86c0f0faed503d81e5d9da63f5924aec1879daa3d,undefined FUN_1813e9c74(),ghidra,clean,
WHGame.dll,release_1_5_1164953_841,0x13e9ca0,374,FUN_1813e9ca0,,,5ca34a62a23b4769fb4173199ae9912158294b6ca08f148510d2c36020a77046,undefined FUN_1813e9ca0(),ghidra,clean,
WHGame.dll,release_1_5_1164953_841,0x13e9e18,374,FUN_1813e9e18,,,f89f67b47423c8e8d2934956847999eae129fb1bc1861310251c8181f78f7d2a,undefined FUN_1813e9e18(),ghidra,clean,
WHGame.dll,release_1_5_1164953_841,0x13e9f90,5,thunk_FUN_1813ea4f0,,,3f458c06ae4e78fb8ccd210c6fec63f2c578f28e15fe60e90b8665350886d0ba,undefined thunk_FUN_1813ea4f0(),ghidra,clean,
WHGame.dll,release_1_5_1164953_841,0x13e9f98,110,FUN_1813e9f98,,,757cd068475c7ab7da8546edd3d8db8f83bd593d24286fde49d2113e429eb830,undefined FUN_1813e9f98(),ghidra,clean,
WHGame.dll,release_1_5_1164953_841,0x13ea008,146,FUN_1813ea008,,,ea8062861ca9d0c0465cdf36ae390a6738a83e267184ed68cb5d121427d36138,undefined FUN_1813ea008(),ghidra,clean,
WHGame.dll,release_1_5_1164953_841,0x13ea09c,5,thunk_FUN_1813ea0a4,,,b0d40b133b9394d93820ac0104b0065121d2d73df32c7bfb4e4cf5d805a8b103,undefined thunk_FUN_1813ea0a4(),ghidra,clean,
WHGame.dll,release_1_5_1164953_841,0x13ea0a4,103,FUN_1813ea0a4,,,00cb675a4f772769cbf843474bcf0eda44280a8f735a5a43cfac5a83a1b7de28,undefined FUN_1813ea0a4(),ghidra,clean,
WHGame.dll,release_1_5_1164953_841,0x13ea10c,211,FUN_1813ea10c,,,e24e53040f63ec34f6c8432d295210c52b8daa0005372d0028bda7780e5599b6,undefined FUN_1813ea10c(),ghidra,clean,
WHGame.dll,release_1_5_1164953_841,0x13ea1b8,153,FUN_1813ea1b8,,,2efef747f8699809fd94383045aef95ae3755584e7fe8450082fcfc3213b7dca,undefined FUN_1813ea1b8(),ghidra,clean,
WHGame.dll,release_1_5_1164953_841,0x13ea254,53,FUN_1813ea254,,,e8b7cc75f4c4eaac2d39083ba4a1a4c02f340737c163bb6f8443dd9435fd8c7b,undefined FUN_1813ea254(),ghidra,clean,
WHGame.dll,release_1_5_1164953_841,0x13ea28c,53,FUN_1813ea28c,,,4ed8284ed0f4e3de556b1e035376ee50ae846b3f9a0c2d1218770271d1ee8750,undefined FUN_1813ea28c(),ghidra,clean,
WHGame.dll,release_1_5_1164953_841,0x13ea2c4,147,FUN_1813ea2c4,,,096337409e33493757b1a149efa76e68c36948bfc8d84740d2704be1375e5e40,undefined FUN_1813ea2c4(),ghidra,clean,
WHGame.dll,release_1_5_1164953_841,0x13ea358,141,FUN_1813ea358,,,811c4c65b134bda91482a9ddc47e1d3ef784a393064a0cadcc7d64565307367e,undefined FUN_1813ea358(),ghidra,clean,
WHGame.dll,release_1_5_1164953_841,0x13ea3e8,42,FUN_1813ea3e8,,,0a325f0c2f6cee86900edc10ead7fc391f533063d175b47f1671ded08d703849,undefined FUN_1813ea3e8(),ghidra,clean,
WHGame.dll,release_1_5_1164953_841,0x13ea414,68,FUN_1813ea414,,,10fb1f328cf664771750ec92b195c0433d8e1000fac949ce362ef4ef821ad706,undefined FUN_1813ea414(),ghidra,clean,
WHGame.dll,release_1_5_1164953_841,0x13ea458,422,FUN_1813ea458,,,0f34829506c627e3f35577b20d545033b5f19a1760b02774c054f393ddfe525d,undefined FUN_1813ea458(),ghidra,clean,
WHGame.dll,release_1_5_1164953_841,0x13ea4f0,100,FUN_1813ea4f0,,,021b706c6c41606731fb95d7928f55569cf469fa1bac4daa1fac95ff3685710a,undefined FUN_1813ea4f0(),ghidra,clean,
WHGame.dll,release_1_5_1164953_841,0x13ea554,417,FUN_1813ea554,,,37849b4ce0bdfd631f2d62af0eda9d712bdd2f58caca419b02d4fe7e075fde4e,undefined FUN_1813ea554(),ghidra,clean,
WHGame.dll,release_1_5_1164953_841,0x13ea674,40,FUN_1813ea674,,,cef15e3994f96cb83bd98277204e0d9f6d8199fd6cb88a74997610f84b383e35,undefined FUN_1813ea674(),ghidra,clean,
WHGame.dll,release_1_5_1164953_841,0x13ea69c,42,FUN_1813ea69c,,,633d34354617eafe868e1e03b70b16fd4e75c9d20f379492fcb20ef2e06598c1,undefined FUN_1813ea69c(),ghidra,clean,
WHGame.dll,release_1_5_1164953_841,0x13ea6c8,142,FUN_1813ea6c8,,,062b1ce9eb77e332ac92eee37b05e8b4a2af52a0103553f7736e9e77f1c0b22d,undefined FUN_1813ea6c8(),ghidra,clean,
WHGame.dll,release_1_5_1164953_841,0x13ea758,56,FUN_1813ea758,,,9cb1561e04625bf458d72f470bd19f924287339fdc6394bf9f0b5f2dfb13bfc8,undefined FUN_1813ea758(),ghidra,clean,
WHGame.dll,release_1_5_1164953_841,0x13ea790,109,FUN_1813ea790,,,e78be85e4564b0ed9f2b547f3df744e2221e69e99019eb45c27204276fd1cb04,undefined FUN_1813ea790(),ghidra,clean,
WHGame.dll,release_1_5_1164953_841,0x13ea7cc,875,FUN_1813ea7cc,,,ca54f5024146cf358b3ff33fbe27f27a182679f97c14a61a96cb660af99dad85,undefined FUN_1813ea7cc(),ghidra,clean,
WHGame.dll,release_1_5_1164953_841,0x13ea870,328,FUN_1813ea870,,,62b7d47bacd35122307db5f8abfe81011140fa6bb89be8b395a463116daaa324,undefined FUN_1813ea870(),ghidra,clean,
WHGame.dll,release_1_5_1164953_841,0x13ea9bc,100,FUN_1813ea9bc,,,baab9cf6f2d66168d7254de57204607903ee220fe21fd12da62c086503d62ebf,undefined FUN_1813ea9bc(),ghidra,clean,
WHGame.dll,release_1_5_1164953_841,0x13eaa20,131,FUN_1813eaa20,,,9440b84f31e7af3bf92464af30ecfca6d6bb834b27a64d68dcaac2d69b971cdb,undefined FUN_1813eaa20(),ghidra,clean,
WHGame.dll,release_1_5_1164953_841,0x13eaaa4,145,FUN_1813eaaa4,,,a131574cd621cfd0958c20da9f2f8aebdb69c6d3f4c14e2f430ea9ec9771325b,undefined FUN_1813eaaa4(),ghidra,clean,
WHGame.dll,release_1_5_1164953_841,0x13eab38,1016,FUN_1813eab38,,,b624f02d288d7297190ff3f62ea8e83f478e1be330ba8581c4101af9707dc664,undefined FUN_1813eab38(),ghidra,clean,
WHGame.dll,release_1_5_1164953_841,0x13eac1c,26,FUN_1813eac1c,,,502d6658c4c637cea5b5fe0bbe65d574710e19c874b9049ec1d9d1b9c69bf405,undefined FUN_1813eac1c(),ghidra,clean,
WHGame.dll,release_1_5_1164953_841,0x13eac38,3033,FUN_1813eac38,,,d65b46cb853d1fcba8883bf035b2bcb2d544ada32c7860289280ee465eddcb50,undefined FUN_1813eac38(),ghidra,clean,
WHGame.dll,release_1_5_1164953_841,0x13eb814,264,FUN_1813eb814,,,f961d65095c0ed5d5d94b78e64f0eed11b05740d33bf3e3f93a1bcc8c5f1c804,undefined FUN_1813eb814(),ghidra,clean,
WHGame.dll,release_1_5_1164953_841,0x13eb91c,155,FUN_1813eb91c,,,541c904585cf8e6cc0903ae0779a5e65fad25c34102068fa822b283fc731ab44,undefined FUN_1813eb91c(),ghidra,clean,
WHGame.dll,release_1_5_1164953_841,0x13eb9b8,155,FUN_1813eb9b8,,,176d35b8aa3949da96337d6bd83eb0dfadf8b6abb817b43c092efcb3dd30de8f,undefined FUN_1813eb9b8(),ghidra,clean,
WHGame.dll,release_1_5_1164953_841,0x13eba54,26,FUN_1813eba54,,,819234953c91d716a341edb10dcca2267107efa13f78881bbca64f4a7a11eeca,undefined FUN_1813eba54(),ghidra,clean,
WHGame.dll,release_1_5_1164953_841,0x13eba70,155,FUN_1813eba70,,,5048f2fcc530924f7369057df65d48f8d888f0ce011c28cbf2d190161bddc179,undefined FUN_1813eba70(),ghidra,clean,
WHGame.dll,release_1_5_1164953_841,0x13ebb0c,298,FUN_1813ebb0c,,,0c8fe0d9ecc1b703b5c78944c5611cc8b1773f69ab0eb69780abfd77db33a9c8,undefined FUN_1813ebb0c(),ghidra,clean,
WHGame.dll,release_1_5_1164953_841,0x13ebc38,298,FUN_1813ebc38,,,0f0fcfd2384728b20be249b8c83996c84dc765d19d39c55fda05f29ee29d13e3,undefined FUN_1813ebc38(),ghidra,clean,
WHGame.dll,release_1_5_1164953_841,0x13ebd64,291,FUN_1813ebd64,,,333e587e32d07692ea2461af5cc7fb168fab5c109e3e13541424d86a33f67b58,undefined FUN_1813ebd64(),ghidra,clean,
WHGame.dll,release_1_5_1164953_841,0x13ebe88,180,FUN_1813ebe88,,,6bef5a4cb603ef470f475bb15152be8bc2f4378d0978a2a92dcc8e162d86e429,undefined FUN_1813ebe88(),ghidra,clean,
WHGame.dll,release_1_5_1164953_841,0x13ebf3c,114,FUN_1813ebf3c,,,1ce557f00b8cf806dd4762853f7bd40557e4e0781c145027cde0f6b81c58cb75,undefined FUN_1813ebf3c(),ghidra,clean,
WHGame.dll,release_1_5_1164953_841,0x13ebfb0,49,FUN_1813ebfb0,,,d588aa3f4e8774f66ebba0720adc6d87f639b08cfbfbf0af069ca3944cdfd73c,undefined FUN_1813ebfb0(),ghidra,clean,
WHGame.dll,release_1_5_1164953_841,0x13ebfe4,649,FUN_1813ebfe4,,,f7aafffe5eec4c445de1af577ac557cc30ba379ee0fb1797e11aeca032b64169,undefined FUN_1813ebfe4(),ghidra,clean,
WHGame.dll,release_1_5_1164953_841,0x13ec270,971,FUN_1813ec270,,,a77247d4f47e051a522bf2e80a8f376aff4f9549bfc4c39229dddef2112b10c8,undefined FUN_1813ec270(),ghidra,clean,
WHGame.dll,release_1_5_1164953_841,0x13ec53c,972,FUN_1813ec53c,,,6a9b84bd89a06906394ea317584f850e564c457c9103120fec44d65376a8a880,undefined FUN_1813ec53c(),ghidra,clean,
WHGame.dll,release_1_5_1164953_841,0x13ec860,119,FUN_1813ec860,,,3c3fb6c4a4fcbc8c88633400ca8947f4dbaa3f096d60cd9eb8e285721b22d2bc,undefined FUN_1813ec860(),ghidra,clean,
WHGame.dll,release_1_5_1164953_841,0x13ec8d8,30,FUN_1813ec8d8,,,8eabffd5a238511a560e11fe6030e9b9724c016b0890d848665e8d864bfa6a53,undefined FUN_1813ec8d8(),ghidra,clean,
WHGame.dll,release_1_5_1164953_841,0x13ec8f8,26,FUN_1813ec8f8,,,819234953c91d716a341edb10dcca2267107efa13f78881bbca64f4a7a11eeca,undefined FUN_1813ec8f8(),ghidra,clean,
WHGame.dll,release_1_5_1164953_841,0x13ec914,155,FUN_1813ec914,,,33c77fdf7ef4e210c9833bbb5df50e4ca985fd9d7d746b6548e674e43f74e8be,undefined FUN_1813ec914(),ghidra,clean,
WHGame.dll,release_1_5_1164953_841,0x13ec9b0,291,FUN_1813ec9b0,,,dba8e4ec11bbb8dfaff59c2b2f83ca6cc3ceed17ba9d4f71d6729598a8de734f,undefined FUN_1813ec9b0(),ghidra,clean,
WHGame.dll,release_1_5_1164953_841,0x13ecad4,67,FUN_1813ecad4,,,3081d6fe9dc8d2690cecdc24ede5889b4e1142e9601689806f6ad2437a0a7188,undefined FUN_1813ecad4(),ghidra,clean,
WHGame.dll,release_1_5_1164953_841,0x13ecb18,286,FUN_1813ecb18,,,1d88f9d5ce05686d4438ac826ad2e7b56c7cd9c8842c7cd9a67dc09003b3784d,undefined FUN_1813ecb18(),ghidra,clean,
WHGame.dll,release_1_5_1164953_841,0x13ecc28,306,FUN_1813ecc28,,,63db24e5c593ce691de774e9e7eed58a544b79b7c0165ec878811839f9f57b00,undefined FUN_1813ecc28(),ghidra,clean,
WHGame.dll,release_1_5_1164953_841,0x13ecd5c,228,FUN_1813ecd5c,,,a234adb7515e0dc6e4268e55fbad4943cf50bc0339ca9f617a4efddea0efe7a1,undefined FUN_1813ecd5c(),ghidra,clean,
WHGame.dll,release_1_5_1164953_841,0x13ece40,51,FUN_1813ece40,,,f7ebc22aaf3c104310a275c38776e1986b83aa61a14ad813fd45a29333400c66,undefined FUN_1813ece40(),ghidra,clean,
WHGame.dll,release_1_5_1164953_841,0x13ece74,306,FUN_1813ece74,,,a869b9f4dab58d04b4c3577274d3978418da590886a6f673faf85d31afb6931c,undefined FUN_1813ece74(),ghidra,clean,
WHGame.dll,release_1_5_1164953_841,0x13ecfa8,335,FUN_1813ecfa8,,,d9f6727786ebefc0ca2984012d3fe5795ee2b1cb27420bdfb7916737357df763,undefined FUN_1813ecfa8(),ghidra,clean,
WHGame.dll,release_1_5_1164953_841,0x13ed096,8,FUN_1813ed096,,,d584cb1a2afef309eb33a9b90753d6c9a99b0c481366318ccddcba175a3b8c54,undefined FUN_1813ed096(),ghidra,clean,
WHGame.dll,release_1_5_1164953_841,0x13ed0a8,155,FUN_1813ed0a8,,,2e6e161ad571add67f3f48e9b5781d2dbcd8a19cc0b20bf05755e1f909c03c46,undefined FUN_1813ed0a8(),ghidra,clean,
WHGame.dll,release_1_5_1164953_841,0x13ed144,155,FUN_1813ed144,,,2bbd50381f5464e80e0d08fd4a26ff876e0df77d60f34a5209a3ca7a0d004efe,undefined FUN_1813ed144(),ghidra,clean,
WHGame.dll,release_1_5_1164953_841,0x13ed1e0,155,FUN_1813ed1e0,,,c5a2cbf244a1d2475543977afa9eafd06ea26a89ce3df511eaa0c4ef879daaae,undefined FUN_1813ed1e0(),ghidra,clean,
WHGame.dll,release_1_5_1164953_841,0x13ed27c,240,FUN_1813ed27c,,,bd171e6ec15951899257c619ee00fa0c4e9280d4444609ed505eb7bbedfcf08d,undefined FUN_1813ed27c(),ghidra,clean,
WHGame.dll,release_1_5_1164953_841,0x13ed36c,18,FUN_1813ed36c,,,f4791a5e24cf3a854644bad3ef4a2209ad3baebba525deee391b797826e6c468,undefined FUN_1813ed36c(),ghidra,clean,
WHGame.dll,release_1_5_1164953_841,0x13ed380,298,FUN_1813ed380,,,fc2bbea09ef803eec3033759a1bc74848fca42f43f2fa8045c2eef8302a7c90c,undefined FUN_1813ed380(),ghidra,clean,
WHGame.dll,release_1_5_1164953_841,0x13ed4ac,301,FUN_1813ed4ac,,,c0f2499f9993347a2c1c848f37d302c012173efce8b817987556d478c48a43a0,undefined FUN_1813ed4ac(),ghidra,clean,
WHGame.dll,release_1_5_1164953_841,0x13ed5dc,98,FUN_1813ed5dc,,,c41827a0d6db51b8c31c2728dce7dd26cac05260a70e4306cef2f6c19cb04d9c,undefined FUN_1813ed5dc(),ghidra,clean,
WHGame.dll,release_1_5_1164953_841,0x13ed640,250,FUN_1813ed640,,,21cd5a54f6fa8460945466af5ef935e06148b41e20cd0f857331241f55cb339a,undefined FUN_1813ed640(),ghidra,clean,
WHGame.dll,release_1_5_1164953_841,0x13ed73c,253,FUN_1813ed73c,,,8dbfae517c43f5327dd899d1ec48257912327422413daa807f73e80607ee0995,undefined FUN_1813ed73c(),ghidra,clean,
WHGame.dll,release_1_5_1164953_841,0x13ed83c,333,FUN_1813ed83c,,,a1fc4290f9513538ff45decac9d020b3b95e500e35d84c484423680186954259,undefined FUN_1813ed83c(),ghidra,clean,
WHGame.dll,release_1_5_1164953_841,0x13ed98c,175,FUN_1813ed98c,,,f8d3bce6d07bdb03cc7ed63316b88776277965c45164c31067e0c58b5abf1682,undefined FUN_1813ed98c(),ghidra,clean,
WHGame.dll,release_1_5_1164953_841,0x13eda3c,149,FUN_1813eda3c,,,3948e1b9c3864a7160ad777373be45427b79832e36510f76303d70588349f188,undefined FUN_1813eda3c(),ghidra,clean,
WHGame.dll,release_1_5_1164953_841,0x13edad4,72,FUN_1813edad4,,,f587c4dc2d63b4c02d115c3aa3321012f3f059bcd3213184e03f69915cc4047c,undefined FUN_1813edad4(),ghidra,clean,
WHGame.dll,release_1_5_1164953_841,0x13edb1c,268,FUN_1813edb1c,,,0385ef9004d10b8430e6d67e4fbd84b9252d16e1894798ef05fcd3d1739347d1,undefined FUN_1813edb1c(),ghidra,clean,
WHGame.dll,release_1_5_1164953_841,0x13edc28,39,FUN_1813edc28,,,71a629b0e8531b409ea197578cc80d5795c413775c46584640ebe79b31878eaf,undefined FUN_1813edc28(),ghidra,clean,
WHGame.dll,release_1_5_1164953_841,0x13edc50,443,FUN_1813edc50,,,524f4eb496b84f6d342e020162055eeea4a6e684d38afd47407d170b29995ce8,undefined FUN_1813edc50(),ghidra,clean,
WHGame.dll,release_1_5_1164953_841,0x13ede0c,290,FUN_1813ede0c,,,6d72f5904ffc26e07812df610a9d6f95badefbbcedad13dd47cbe4e1dbc79da2,undefined FUN_1813ede0c(),ghidra,clean,
WHGame.dll,release_1_5_1164953_841,0x13edf30,11,FUN_1813edf30,,,c33fc56d0d7168ccc1a027570ff2e9b920299cf1dd7984e7f587c0107db7ee64,undefined FUN_1813edf30(),ghidra,clean,
WHGame.dll,release_1_5_1164953_841,0x13edf3c,114,FUN_1813edf3c,,,d9055d1af647641f888410b62089ec7eacd834857df7c1183e5f361a597b30f5,undefined FUN_1813edf3c(),ghidra,clean,
WHGame.dll,release_1_5_1164953_841,0x13edfb0,63,FUN_1813edfb0,,,4e3f029f6523b6a836128bb177dae3eed4d4cfa836d0d631ea38dd1eeb04fd95,undefined FUN_1813edfb0(),ghidra,clean,
WHGame.dll,release_1_5_1164953_841,0x13edff0,180,FUN_1813edff0,,,3a8cc935ab33bd54384722eb926724b970c368888aaf37be5d8226afc4bb609b,undefined FUN_1813edff0(),ghidra,clean,
WHGame.dll,release_1_5_1164953_841,0x13ee0a4,219,FUN_1813ee0a4,,,73d305b553dedddf01cf22ea5868dac221ca435945fdad59d81f9f3479127d64,undefined FUN_1813ee0a4(),ghidra,clean,
WHGame.dll,release_1_5_1164953_841,0x13ee168,66,FUN_1813ee168,,,5e2711fb9c00f922c9e8b408028b9280203b98778cc3bb558914694cb7e6d85e,undefined FUN_1813ee168(),ghidra,clean,
WHGame.dll,release_1_5_1164953_841,0x13ee1ac,43,FUN_1813ee1ac,,,6279ff1f9e9af2c67847074266a1ce20d39b1105e81b163f91f642299cc8cdc5,undefined FUN_1813ee1ac(),ghidra,clean,
WHGame.dll,release_1_5_1164953_841,0x13ee1d8,164,FUN_1813ee1d8,,,91fa7d9304e7039af3477172756c9d933aabad7f0b6ee4d1033f5a0cd9c60315,undefined FUN_1813ee1d8(),ghidra,clean,
WHGame.dll,release_1_5_1164953_841,0x13ee27c,155,FUN_1813ee27c,,,5403f219b29bc39ed1ab0e389afc862e97a22ce3e30ccc1a81ddd4d57164ee23,undefined FUN_1813ee27c(),ghidra,clean,
WHGame.dll,release_1_5_1164953_841,0x13ee318,291,FUN_1813ee318,,,263e10b6f84876e4fbfb2ca79ba5786ea49c961c5a209259b1c7eb98706bb185,undefined FUN_1813ee318(),ghidra,clean,
WHGame.dll,release_1_5_1164953_841,0x13ee43c,5,thunk_FUN_1813ee444,,,b0d40b133b9394d93820ac0104b0065121d2d73df32c7bfb4e4cf5d805a8b103,undefined thunk_FUN_1813ee444(),ghidra,clean,
WHGame.dll,release_1_5_1164953_841,0x13ee444,223,FUN_1813ee444,,,5d04b8ec5f3d0bef0353c1cd823a2ff080f8e33b2f62aa9f3ad6f47f34fab703,undefined FUN_1813ee444(),ghidra,clean,
WHGame.dll,release_1_5_1164953_841,0x13ee51c,100,FUN_1813ee51c,,,d929edb02c4b9414a34537f7963282be18f3cd76d83ad88f7e36d67e4460f046,undefined FUN_1813ee51c(),ghidra,clean,
WHGame.dll,release_1_5_1164953_841,0x13ee580,5,thunk_FUN_1813ee588,,,b0d40b133b9394d93820ac0104b0065121d2d73df32c7bfb4e4cf5d805a8b103,undefined thunk_FUN_1813ee588(),ghidra,clean,
WHGame.dll,release_1_5_1164953_841,0x13ee588,103,FUN_1813ee588,,,d30c6da6122c3b8a313cdce34922f8ee01c207cd3791968224bd05671275d4b4,undefined FUN_1813ee588(),ghidra,clean,
WHGame.dll,release_1_5_1164953_841,0x13ee5f0,95,FUN_1813ee5f0,,,c74cb78aa27b81d7e931209afae92e477d6da8a20b54ec0130eff532f264dc0b,undefined FUN_1813ee5f0(),ghidra,clean,
WHGame.dll,release_1_5_1164953_841,0x13ee650,206,FUN_1813ee650,,,eee554bd070d12ea00c9350a58d6bd32793cf3650968a9c5012fb176adb063c3,undefined FUN_1813ee650(),ghidra,clean,
WHGame.dll,release_1_5_1164953_841,0x13ee700,53,FUN_1813ee700,,,8cd7d64cc66827887f8f6812dcc6e5ca3f166b65cd99dcdef14d97c9b290f1d5,undefined FUN_1813ee700(),ghidra,clean,
WHGame.dll,release_1_5_1164953_841,0x13ee738,147,FUN_1813ee738,,,8259d5b540d3eb4639d64beb0cd34e9d03a5cc4a332d82b0473bbd248bd2efa9,undefined FUN_1813ee738(),ghidra,clean,
WHGame.dll,release_1_5_1164953_841,0x13ee7cc,147,FUN_1813ee7cc,,,a3b5e151e870d0e04d9b46a4d6e9d805d74c02f670e7286f0bb0cd7748c31700,undefined FUN_1813ee7cc(),ghidra,clean,
WHGame.dll,release_1_5_1164953_841,0x13ee860,42,FUN_1813ee860,,,d3fb5361d2c0288d6123cd8efc3b80df97fd8b049b6445b227ed548a8fc18fe2,undefined FUN_1813ee860(),ghidra,clean,
WHGame.dll,release_1_5_1164953_841,0x13ee88c,68,FUN_1813ee88c,,,5b67eaf9e4c7ed57438c66ece18dd46fb2f99297064cf55aef078c8413746330,undefined FUN_1813ee88c(),ghidra,clean,
WHGame.dll,release_1_5_1164953_841,0x13ee8d0,417,FUN_1813ee8d0,,,ae4ad9de380cd949fe04af63f9d745f655d33aea4e79e6074e118addfb96703c,undefined FUN_1813ee8d0(),ghidra,clean,
WHGame.dll,release_1_5_1164953_841,0x13ee9f0,40,FUN_1813ee9f0,,,6cbe5abb20703f1d6ffcb301f691626485d6327c0c9823b646a000e429dedc61,undefined FUN_1813ee9f0(),ghidra,clean,
WHGame.dll,release_1_5_1164953_841,0x13eea18,42,FUN_1813eea18,,,9259f55f79ad0f532c902223dca4cf6a25e2b34cd56bb73361b094d8ef51947c,undefined FUN_1813eea18(),ghidra,clean,
WHGame.dll,release_1_5_1164953_841,0x13eea44,142,FUN_1813eea44,,,7c1335f17877a1924136d85f7dfb47d806ed17d176f6a946bc9492800a781ea5,undefined FUN_1813eea44(),ghidra,clean,
WHGame.dll,release_1_5_1164953_841,0x13eead4,328,FUN_1813eead4,,,564ee45ad0cc1afad2b74b03e0c8d3f32d22151fcf1948edec1ca9a8973c911a,undefined FUN_1813eead4(),ghidra,clean,
WHGame.dll,release_1_5_1164953_841,0x13eec20,100,FUN_1813eec20,,,6171a952d8c733424c757f8a069695c2958c2c75b8434886ce7ffc63a1783d31,undefined FUN_1813eec20(),ghidra,clean,
WHGame.dll,release_1_5_1164953_841,0x13eec84,86,FUN_1813eec84,,,72deddc82bc8c9fa6a3756dbb29f28c28f886c4bacca90e0c1757708d2d5a9c8,undefined FUN_1813eec84(),ghidra,clean,
WHGame.dll,release_1_5_1164953_841,0x13eecdc,80,FUN_1813eecdc,,,9ba3ec35b55088443eef9354ba3d1302eee5b617f205edfeddfd63946776c544,undefined FUN_1813eecdc(),ghidra,clean,
WHGame.dll,release_1_5_1164953_841,0x13eed2c,85,FUN_1813eed2c,,,65808a4510d0f80e1b36a36e02ffea50c883e810e907f4639af03fb1edc8996d,undefined FUN_1813eed2c(),ghidra,clean,
WHGame.dll,release_1_5_1164953_841,0x13eed60,1460,FUN_1813eed60,,,c4c263099f2aed42180589cf96153deefdcdbb282cc68fe4b352df58f5f52e49,undefined FUN_1813eed60(),ghidra,clean,
WHGame.dll,release_1_5_1164953_841,0x13ef314,74,FUN_1813ef314,,,0296a939adbde18e551ab8a535c0d8bd34bdddcd6b3663d19ab6e6fe91b6059d,undefined FUN_1813ef314(),ghidra,clean,
WHGame.dll,release_1_5_1164953_841,0x13ef360,190,FUN_1813ef360,,,1bbcb19f157dd4f57436d6411f09db947a70d31f6cc83cf5d355744504714e8b,undefined FUN_1813ef360(),ghidra,clean,
WHGame.dll,release_1_5_1164953_841,0x13ef420,95,FUN_1813ef420,,,7a4e58786745dc1b6291b57c6bbbde83fccb32e0a5b7675d5613c44e9991e01d,undefined FUN_1813ef420(),ghidra,clean,
WHGame.dll,release_1_5_1164953_841,0x13ef480,169,FUN_1813ef480,,,f9cf2407186fc7dd775e7724503b010da80ae96a19c6083738bdb3c9b4b51381,undefined FUN_1813ef480(),ghidra,clean,
WHGame.dll,release_1_5_1164953_841,0x13ef52c,18,FUN_1813ef52c,,,de19d98da978409d9d7e9cf3fff8445bb2b889ffb9967d9d0af0d65afd25cc97,undefined FUN_1813ef52c(),ghidra,clean,
WHGame.dll,release_1_5_1164953_841,0x13ef540,300,FUN_1813ef540,,,faf416f0896da2ddf2dffa3239c311da2b07dfbd881cf743c8d02dc84222b73a,undefined FUN_1813ef540(),ghidra,clean,
WHGame.dll,release_1_5_1164953_841,0x13ef66c,66,FUN_1813ef66c,,,e833a5bdd1a6e0c073759e282ad9c87a9b03552f866cc0e576fa2acf1e15dd43,undefined FUN_1813ef66c(),ghidra,clean,
WHGame.dll,release_1_5_1164953_841,0x13ef6b0,133,FUN_1813ef6b0,,,81834668198e4f709918d4a253ac45e0de165624edc498514fcefd3cac2862de,undefined FUN_1813ef6b0(),ghidra,clean,
WHGame.dll,release_1_5_1164953_841,0x13ef738,330,FUN_1813ef738,,,46578a8e389c582bb989d26bddf6ca086a5966d9f942b0aca1070479631b9e10,undefined FUN_1813ef738(),ghidra,clean,
WHGame.dll,release_1_5_1164953_841,0x13ef884,174,FUN_1813ef884,,,dfb50287368889c9e70acd228027b4293be03dea21cf6d90699d8ba37ac314ff,undefined FUN_1813ef884(),ghidra,clean,
WHGame.dll,release_1_5_1164953_841,0x13ef934,132,FUN_1813ef934,,,7034e24c5a924bc72e0ce6bb552846c1685ec1adf7feb6904e5f28208b36e8b2,undefined FUN_1813ef934(),ghidra,clean,
WHGame.dll,release_1_5_1164953_841,0x13ef9b8,50,FUN_1813ef9b8,,,34fe527adde755a2b2af65af755e9050dee9d8f6d3e7a1c2571aa97664918b55,undefined FUN_1813ef9b8(),ghidra,clean,
WHGame.dll,release_1_5_1164953_841,0x13ef9ec,48,FUN_1813ef9ec,,,137c976aa4e8dd9e4c7d06125418b8df654ae8954be4ed7cc90243f00167f23c,undefined FUN_1813ef9ec(),ghidra,clean,
WHGame.dll,release_1_5_1164953_841,0x13efa08,264,FUN_1813efa08,,,2e6c7c02beb61a0d5bca1af3e79c129b7d7c44bb767f41413d40a8a5797a3199,undefined FUN_1813efa08(),ghidra,clean,
WHGame.dll,release_1_5_1164953_841,0x13efb10,27,FUN_1813efb10,,,61e080172f38949e880112874a7841fe5abb20a2adab33b22c33fd2d0a130c6d,undefined FUN_1813efb10(),ghidra,clean,
WHGame.dll,release_1_5_1164953_841,0x13efb2c,142,FUN_1813efb2c,,,54f04354ac198dc52c81d127399d2eccdc360192fa50a585bfe19cd5c706b3c3,undefined FUN_1813efb2c(),ghidra,clean,
WHGame.dll,release_1_5_1164953_841,0x13efbbc,5,thunk_FUN_1813efbc4,,,b0d40b133b9394d93820ac0104b0065121d2d73df32c7bfb4e4cf5d805a8b103,undefined thunk_FUN_1813efbc4(),ghidra,clean,
WHGame.dll,release_1_5_1164953_841,0x13efbc4,223,FUN_1813efbc4,,,a5b6eb24337f9f4bf3eb39f8963ae15c6431776931fdde9077e5049eda793e37,undefined FUN_1813efbc4(),ghidra,clean,
WHGame.dll,release_1_5_1164953_841,0x13efc9c,100,FUN_1813efc9c,,,9b3c01aaae9cd5ca5cc8fc054ff0acd75230e4df2b25b060e31a2f30a585b5d6,undefined FUN_1813efc9c(),ghidra,clean,
WHGame.dll,release_1_5_1164953_841,0x13efd00,5,thunk_FUN_1813efd08,,,b0d40b133b9394d93820ac0104b0065121d2d73df32c7bfb4e4cf5d805a8b103,undefined thunk_FUN_1813efd08(),ghidra,clean,
WHGame.dll,release_1_5_1164953_841,0x13efd08,103,FUN_1813efd08,,,652b3ea37f160fecbc2cef7a193f8ddc9186427decbbfb8a448ca3f268bccf97,undefined FUN_1813efd08(),ghidra,clean,
WHGame.dll,release_1_5_1164953_841,0x13efd70,95,FUN_1813efd70,,,501eedac2f17be33fb95eccbf1f07343b6aba2812198e13b8c80e32b744eadea,undefined FUN_1813efd70(),ghidra,clean,
WHGame.dll,release_1_5_1164953_841,0x13efdd0,211,FUN_1813efdd0,,,30f92be8c16023026344a850f7f71069b732efee75b9da8cad057aa8bc25138b,undefined FUN_1813efdd0(),ghidra,clean,
WHGame.dll,release_1_5_1164953_841,0x13efe88,53,FUN_1813efe88,,,70446b048612876416e4811a13619416a25176ff12e3344b8414275adaf23e37,undefined FUN_1813efe88(),ghidra,clean,
WHGame.dll,release_1_5_1164953_841,0x13efec0,147,FUN_1813efec0,,,e51ffa5ff8f711d96355b2e800b123e3adacc1f6c2834f7535dcfb3412f725f5,undefined FUN_1813efec0(),ghidra,clean,
WHGame.dll,release_1_5_1164953_841,0x13eff54,147,FUN_1813eff54,,,38ec68ccb25d4115f3c0b502d622762c2a6d1f0bb2fd4685e212906a9cbf9734,undefined FUN_1813eff54(),ghidra,clean,
WHGame.dll,release_1_5_1164953_841,0x13effe8,147,FUN_1813effe8,,,73d8fc876dc2eafcafbd14261fafe6e9e35be9ec8fb714086d4fa78f279725a2,undefined FUN_1813effe8(),ghidra,clean,
WHGame.dll,release_1_5_1164953_841,0x13f007c,42,FUN_1813f007c,,,63fe2a4ee625d8144a2393d83caeaa9e5d5dfb579bdd1a1071061a76cbcdff49,undefined FUN_1813f007c(),ghidra,clean,
WHGame.dll,release_1_5_1164953_841,0x13f00a8,68,FUN_1813f00a8,,,77051a7e754e23588cc0bae9ceaef5647223ddc71ba33f3d805c3c5642cd0ee7,undefined FUN_1813f00a8(),ghidra,clean,
WHGame.dll,release_1_5_1164953_841,0x13f00ec,431,FUN_1813f00ec,,,98d88bf43f7c71cf151695e8237b9a0be509442c686c2f54f54255a03d07aa7d,undefined FUN_1813f00ec(),ghidra,clean,
WHGame.dll,release_1_5_1164953_841,0x13f0248,40,FUN_1813f0248,,,aa4e8f7328dc29e8192c989703673ab8ef80e360769364b5806631be19aa4d17,undefined FUN_1813f0248(),ghidra,clean,
WHGame.dll,release_1_5_1164953_841,0x13f0270,42,FUN_1813f0270,,,1d27d83bbd91c9b9c7e7777785496df14967d4a2e53cb06b00085eec132a9727,undefined FUN_1813f0270(),ghidra,clean,
WHGame.dll,release_1_5_1164953_841,0x13f029c,328,FUN_1813f029c,,,6998c9eb83021beb3e7b705536f872e9487103e123b57b74b9a501582cce12af,undefined FUN_1813f029c(),ghidra,clean,
WHGame.dll,release_1_5_1164953_841,0x13f03e8,100,FUN_1813f03e8,,,e8122d1f9629e05017ebc1bcf3a09a2522a86e9062bb8af52d0af4611fab7a37,undefined FUN_1813f03e8(),ghidra,clean,
WHGame.dll,release_1_5_1164953_841,0x13f044c,70,FUN_1813f044c,,,72977854565ff7f9c383849c9f88716d39e9132ee9f53a1cd2c0fad2ae2afd90,undefined FUN_1813f044c(),ghidra,clean,
WHGame.dll,release_1_5_1164953_841,0x13f0494,180,FUN_1813f0494,,,697f561da1aa4b27d5de43533dca24bbd7ab22f2517038323c9764880f8381bb,undefined FUN_1813f0494(),ghidra,clean,
WHGame.dll,release_1_5_1164953_841,0x13f0548,282,FUN_1813f0548,,,2b3405554ec534b6919fd62cad6a931413cab5bd5d2c0a9fe96b30abf8cd3faa,undefined FUN_1813f0548(),ghidra,clean,
WHGame.dll,release_1_5_1164953_841,0x13f0638,2769,FUN_1813f0638,,,00555599c6bc8b282b1624e4b0666003460c23e039517478210fe099a27e4e6c,undefined FUN_1813f0638(),ghidra,clean,
WHGame.dll,release_1_5_1164953_841,0x13f110c,30,FUN_1813f110c,,,3843d5401e79bee924128628c64c6988131a837550b0f8afb06ec9a0e73a62b8,undefined FUN_1813f110c(),ghidra,clean,
WHGame.dll,release_1_5_1164953_841,0x13f112c,26,FUN_1813f112c,,,86ed9c60994f89014264bd5397e2fe825265960ebf059763111b426ef1e3d20e,undefined FUN_1813f112c(),ghidra,clean,
WHGame.dll,release_1_5_1164953_841,0x13f1148,26,FUN_1813f1148,,,3fe26c90fd940e9b1e0340aea23a490b119fadcfbf821b9c9edde621a44d2cf7,undefined FUN_1813f1148(),ghidra,clean,
WHGame.dll,release_1_5_1164953_841,0x13f1164,204,FUN_1813f1164,,,9b25f8acce6d5b4e8cf751ad5fcfca81638e665bfefa255b9cf9b4f52dfdceba,undefined FUN_1813f1164(),ghidra,clean,
WHGame.dll,release_1_5_1164953_841,0x13f1210,204,FUN_1813f1210,,,e2a1fc09110d41bb98439200c1bc8cf5ac9c8bc0278288720a0997aba672b1c1,undefined FUN_1813f1210(),ghidra,clean,
WHGame.dll,release_1_5_1164953_841,0x13f12bc,204,FUN_1813f12bc,,,465e94241ca0662e0c93b6622799135e2040bea1505caec9992cb687ebe3079b,undefined FUN_1813f12bc(),ghidra,clean,
WHGame.dll,release_1_5_1164953_841,0x13f1368,376,FUN_1813f1368,,,0a819a6177116fba19f47ccb3190d8f964025ec43ddf674f416f85c15df365f7,undefined FUN_1813f1368(),ghidra,clean,
WHGame.dll,release_1_5_1164953_841,0x13f149c,26,FUN_1813f149c,,,a81ec84aef5b88e6417f6a7b0dab70d3eb30af35d2a71b47669979a825b0084d,undefined FUN_1813f149c(),ghidra,clean,
WHGame.dll,release_1_5_1164953_841,0x13f14b8,151,FUN_1813f14b8,,,fbfa6b4a2b22ad95daf4a9aec445145c7031d85839fcce57a04146bdca0a93a9,undefined FUN_1813f14b8(),ghidra,clean,
WHGame.dll,release_1_5_1164953_841,0x13f1550,151,FUN_1813f1550,,,3ad63e8bdc7a898c68250bfdc6ddb6021382b468276a1ed86ab4af56feab3220,undefined FUN_1813f1550(),ghidra,clean,
WHGame.dll,release_1_5_1164953_841,0x13f15e8,151,FUN_1813f15e8,,,a553a7eb308415bb2405003a29223141e27695259d672629cf77a88438e1d468,undefined FUN_1813f15e8(),ghidra,clean,
WHGame.dll,release_1_5_1164953_841,0x13f1680,151,FUN_1813f1680,,,c743f084083341b6f9fd14ce91db32e1e3863e22f0b3cbee422238bf85015475,undefined FUN_1813f1680(),ghidra,clean,
WHGame.dll,release_1_5_1164953_841,0x13f1718,151,FUN_1813f1718,,,7bd8c47ab873ee1723b67f77d28e15c0b604e10fdb8c72c04d8e91f42cbbd3c4,undefined FUN_1813f1718(),ghidra,clean,
WHGame.dll,release_1_5_1164953_841,0x13f17b0,1131,FUN_1813f17b0,,,34c57f699cf38cc4c3c4c9ff847c06037c29d55aed5644a630f7b6334cfd119b,undefined FUN_1813f17b0(),ghidra,clean,
WHGame.dll,release_1_5_1164953_841,0x13f1c1c,155,FUN_1813f1c1c,,,69696bce9500ceef5672a045c690cd731b1ec9ec568a2af89ba8d780ea10808d,undefined FUN_1813f1c1c(),ghidra,clean,
WHGame.dll,release_1_5_1164953_841,0x13f1cb8,314,FUN_1813f1cb8,,,f07bbde39152665c60fb231e11c4e3afad7daca0e71ad274a66f883e0c3c3ad7,undefined FUN_1813f1cb8(),ghidra,clean,
WHGame.dll,release_1_5_1164953_841,0x13f1df4,155,FUN_1813f1df4,,,7d577487e5d097ae52cc2c3019abbbafa10e0a3f4c8f83e10a564f2177e6522e,undefined FUN_1813f1df4(),ghidra,clean,
WHGame.dll,release_1_5_1164953_841,0x13f1e90,308,FUN_1813f1e90,,,9515ee33b1133506a1484b6394e9513b96d2eafd32abacef8444b57344714d0e,undefined FUN_1813f1e90(),ghidra,clean,
WHGame.dll,release_1_5_1164953_841,0x13f1fc4,151,FUN_1813f1fc4,,,f60928002f5aea4dd0a555e0757c6b648b7d961ff075693fc34103f303295ad3,undefined FUN_1813f1fc4(),ghidra,clean,
WHGame.dll,release_1_5_1164953_841,0x13f205c,151,FUN_1813f205c,,,13d1861b34579c6fa3b1038e6b2ff675b2e75a1d31474757bd9b392737d0e77d,undefined FUN_1813f205c(),ghidra,clean,
WHGame.dll,release_1_5_1164953_841,0x13f20f4,151,FUN_1813f20f4,,,389d455bf4f08524014ea0e885163ba93b35252030c79d78f136e59bddd8aa9a,undefined FUN_1813f20f4(),ghidra,clean,
WHGame.dll,release_1_5_1164953_841,0x13f218c,151,FUN_1813f218c,,,4aab51ca08290771b2e229ae19cbe671f57c553b39f926ee9b2991bd4f68132f,undefined FUN_1813f218c(),ghidra,clean,
WHGame.dll,release_1_5_1164953_841,0x13f2224,26,FUN_1813f2224,,,2b972060032e79d9466477e849baf84e378ee2fb255562e62ed41ed15a4c66cb,undefined FUN_1813f2224(),ghidra,clean,
WHGame.dll,release_1_5_1164953_841,0x13f2240,151,FUN_1813f2240,,,14e54e867ac38b55150720ffaec59583095cc6e1d910bed7cb161da17dc8c842,undefined FUN_1813f2240(),ghidra,clean,
WHGame.dll,release_1_5_1164953_841,0x13f22d8,151,FUN_1813f22d8,,,e320630f29ea681b90226b9719b181758e350f22dae32fc980530c31c89d0b88,undefined FUN_1813f22d8(),ghidra,clean,
WHGame.dll,release_1_5_1164953_841,0x13f2370,155,FUN_1813f2370,,,47aaf465b6a930c5104d0da8313ad5ebafed9c14adfc807dab3f1adbaab287c3,undefined FUN_1813f2370(),ghidra,clean,
WHGame.dll,release_1_5_1164953_841,0x13f240c,304,FUN_1813f240c,,,2dfc699bae2de6ba19d2f9c4eb62c833b0b019fab298ed716376e0fbe8cf7739,undefined FUN_1813f240c(),ghidra,clean,
WHGame.dll,release_1_5_1164953_841,0x13f253c,155,FUN_1813f253c,,,7acee85637b88eca0a51abff419806c7be40cb3a2a2d985840b4cc206b171a74,undefined FUN_1813f253c(),ghidra,clean,
WHGame.dll,release_1_5_1164953_841,0x13f25d8,298,FUN_1813f25d8,,,fed6adfa12bd746083ab3085d6a6989acaa1205b350733eb5a86ff7f28106ea0,undefined FUN_1813f25d8(),ghidra,clean,
WHGame.dll,release_1_5_1164953_841,0x13f2704,204,FUN_1813f2704,,,65dce2c16fb9338917f4b3f53b0934f42c428e07f97b16ddbd67c6e8311a7b58,undefined FUN_1813f2704(),ghidra,clean,
WHGame.dll,release_1_5_1164953_841,0x13f27b0,204,FUN_1813f27b0,,,4acf8a421aac84b8052fb6841bc518501bdbd5916935279a7df58d5a3204d975,undefined FUN_1813f27b0(),ghidra,clean,
WHGame.dll,release_1_5_1164953_841,0x13f285c,204,FUN_1813f285c,,,95f4bf27211d103865ac198ac365ed445f8b0431e2be89ced3b39cb02f6e0cf7,undefined FUN_1813f285c(),ghidra,clean,
WHGame.dll,release_1_5_1164953_841,0x13f2908,376,FUN_1813f2908,,,80978c0673ef9e36a6f373ed4e44583b7f92c953eb4d51735aa2bb2bbb3bf39a,undefined FUN_1813f2908(),ghidra,clean,
WHGame.dll,release_1_5_1164953_841,0x13f2a3c,26,FUN_1813f2a3c,,,a81ec84aef5b88e6417f6a7b0dab70d3eb30af35d2a71b47669979a825b0084d,undefined FUN_1813f2a3c(),ghidra,clean,
WHGame.dll,release_1_5_1164953_841,0x13f2a58,151,FUN_1813f2a58,,,f34c970792839af47408695cdcd0abea24ca74ba90c857c2fb57ee60885248de,undefined FUN_1813f2a58(),ghidra,clean,
WHGame.dll,release_1_5_1164953_841,0x13f2af0,151,FUN_1813f2af0,,,0ad84894f65516905c409e960029f01f981abe5aed9d2f33644272174589517a,undefined FUN_1813f2af0(),ghidra,clean,
WHGame.dll,release_1_5_1164953_841,0x13f2b88,151,FUN_1813f2b88,,,2a11c1b071774a3ea20b3dc4ce4be76ba6d459c791b713f57f6cd1423b8a013b,undefined FUN_1813f2b88(),ghidra,clean,
WHGame.dll,release_1_5_1164953_841,0x13f2c20,151,FUN_1813f2c20,,,02fbbfe7685f9cacee3e49e89b1adb9e5a8f632409eb345ec36af0a289be22e3,undefined FUN_1813f2c20(),ghidra,clean,
WHGame.dll,release_1_5_1164953_841,0x13f2cb8,151,FUN_1813f2cb8,,,0df0a5b1c18865788f638af2745c3389d16e71399d06c746611a09737966460f,undefined FUN_1813f2cb8(),ghidra,clean,
WHGame.dll,release_1_5_1164953_841,0x13f2d50,1131,FUN_1813f2d50,,,899e5cf04452531179a58202215bcbb013972a98369ee80784647c4fd20d160a,undefined FUN_1813f2d50(),ghidra,clean,
WHGame.dll,release_1_5_1164953_841,0x13f31bc,155,FUN_1813f31bc,,,5fe737e07ea8013c391d6b8ecf7567d5f9046e89a27272ce71a6d8e3029dc791,undefined FUN_1813f31bc(),ghidra,clean,
WHGame.dll,release_1_5_1164953_841,0x13f3258,304,FUN_1813f3258,,,228ff2c7236526035a88417a124dd5be137366733df61a5e14d4abe86309ff92,undefined FUN_1813f3258(),ghidra,clean,
WHGame.dll,release_1_5_1164953_841,0x13f3388,155,FUN_1813f3388,,,482569d6ab5eb650af3ef12d2d3b3683650bc7051148ac955230006105e44b37,undefined FUN_1813f3388(),ghidra,clean,
WHGame.dll,release_1_5_1164953_841,0x13f3424,298,FUN_1813f3424,,,b8a3a1a7b7c930083a07dbd70f4e17a008b23d8e918c4a848e45800dfd97c1be,undefined FUN_1813f3424(),ghidra,clean,
WHGame.dll,release_1_5_1164953_841,0x13f3550,151,FUN_1813f3550,,,5c9aa5f80f4afcb393705e2a1505bf6bda4f1988baf353e1cc81cd26e1102db6,undefined FUN_1813f3550(),ghidra,clean,
WHGame.dll,release_1_5_1164953_841,0x13f35e8,151,FUN_1813f35e8,,,0eb7d5c011db5947991c9f8bd299d5117681a33f17a6a45c6c696443736b645f,undefined FUN_1813f35e8(),ghidra,clean,
WHGame.dll,release_1_5_1164953_841,0x13f3680,151,FUN_1813f3680,,,c5e01cfd1c8a0a0a85c1460b2d5b42dd502407e12966fd3bb989a0b0f3fd9b29,undefined FUN_1813f3680(),ghidra,clean,
WHGame.dll,release_1_5_1164953_841,0x13f3718,151,FUN_1813f3718,,,5e23d53c3d32b417f54d89d9a7049533febcfe4afa9f52d76e970f199f5704dd,undefined FUN_1813f3718(),ghidra,clean,
WHGame.dll,release_1_5_1164953_841,0x13f37b0,86,FUN_1813f37b0,,,60483ef84c552d92e8a7c828e5ce1b4c35ef9c3667df035bf3ba99cb4f6a6b97,undefined FUN_1813f37b0(),ghidra,clean,
WHGame.dll,release_1_5_1164953_841,0x13f37f8,108,FUN_1813f37f8,,,a83c48d299d3d348c94ff8b223567fc511850aeadfc0a24d0e7a360c05e022d5,undefined FUN_1813f37f8(),ghidra,clean,
WHGame.dll,release_1_5_1164953_841,0x13f384c,306,FUN_1813f384c,,,f719f7a930a0b8601675ea2cd2258c5f4c3cb6d0d3ec52fb334d080c8b2faa07,undefined FUN_1813f384c(),ghidra,clean,
WHGame.dll,release_1_5_1164953_841,0x13f3980,262,FUN_1813f3980,,,9d3eb5ac363c2e3cd8988d1164305aacb9e87bf6d8696481ea0e414e98e524b4,undefined FUN_1813f3980(),ghidra,clean,
WHGame.dll,release_1_5_1164953_841,0x13f3a7c,106,FUN_1813f3a7c,,,bd1acbb51079ee819b102f85a7d479c3ae62d9b96de443699d23a051f8614f59,undefined FUN_1813f3a7c(),ghidra,clean,
WHGame.dll,release_1_5_1164953_841,0x13f3ae8,170,FUN_1813f3ae8,,,d6847a95ea68a20d4bbc8137b9af46cfba8d0db2078a90ed1ee8983e6314151d,undefined FUN_1813f3ae8(),ghidra,clean,
WHGame.dll,release_1_5_1164953_841,0x13f3b8c,43,FUN_1813f3b8c,,,d742107a23b78d932e7a7f5ef797624888cf96ff43ef1bd4f73374cc2afd43de,undefined FUN_1813f3b8c(),ghidra,clean,
WHGame.dll,release_1_5_1164953_841,0x13f3bb8,12,FUN_1813f3bb8,,,f0d51d8f4e17e6efd2da5a582dff541e005b7903d97de6431c3204b3e02e3837,undefined FUN_1813f3bb8(),ghidra,clean,
WHGame.dll,release_1_5_1164953_841,0x13f3bd0,72,FUN_1813f3bd0,,,93a151477cab9950d0779c0c9d41d56f23f09a83dc0ad9e3fbdc4a4848446e5d,undefined FUN_1813f3bd0(),ghidra,clean,
WHGame.dll,release_1_5_1164953_841,0x13f3c18,177,FUN_1813f3c18,,,140f1608d56db1edd539d119203b1be91b76cdc18e59cccb6a507b57b3462283,undefined FUN_1813f3c18(),ghidra,clean,
WHGame.dll,release_1_5_1164953_841,0x13f3ccc,161,FUN_1813f3ccc,,,2332876104f36a93268087cccf8f9cf761a78fef1a50f39d8b8a76df8f3b46b2,undefined FUN_1813f3ccc(),ghidra,clean,
WHGame.dll,release_1_5_1164953_841,0x13f3d70,1072,FUN_1813f3d70,,,ac1e564c325e0b935d8cfafa39c3921e76798ce1161159c0c4fd9bdaed839e0c,undefined FUN_1813f3d70(),ghidra,clean,
WHGame.dll,release_1_5_1164953_841,0x13f41a0,27,FUN_1813f41a0,,,f01cb6ed0fd57a91999d62c34debd1b60b62d046fae764613d3ff6c99bdc83a3,undefined FUN_1813f41a0(),ghidra,clean,
WHGame.dll,release_1_5_1164953_841,0x13f41bc,281,FUN_1813f41bc,,,4eb68f3ecd9a338be439eae11d5919d329cfebd50e71cfae4e0ea343a6a012b3,undefined FUN_1813f41bc(),ghidra,clean,
WHGame.dll,release_1_5_1164953_841,0x13f42d8,64,FUN_1813f42d8,,,717bd96b0dd0e94c797c4a607f3a34f172ca35b0005b5a7413deaceb45aa4f6d,undefined FUN_1813f42d8(),ghidra,clean,
WHGame.dll,release_1_5_1164953_841,0x13f4318,47,FUN_1813f4318,,,7fe4bcf9725d49fe7eb6c1f5ebf30ef3bdd4a88919a745367c00f9beca812ff7,undefined FUN_1813f4318(),ghidra,clean,
WHGame.dll,release_1_5_1164953_841,0x13f4348,31,FUN_1813f4348,,,5846189166e8aa3d351d72c629d4788f209ce40dc01b2ae9efd00557e57fed80,undefined FUN_1813f4348(),ghidra,clean,
WHGame.dll,release_1_5_1164953_841,0x13f4358,22,FUN_1813f4358,,,7982e3f847bb2f15d95863f201d609fd61fc2af3351d00ae9fc687d74bed73e2,undefined FUN_1813f4358(),ghidra,clean,
WHGame.dll,release_1_5_1164953_841,0x13f4364,61,FUN_1813f4364,,,5ca2b50405b70628e82ae9b5068469b0276bc0f0454d7607e4a054a53911d818,undefined FUN_1813f4364(),ghidra,clean,
WHGame.dll,release_1_5_1164953_841,0x13f43a4,153,FUN_1813f43a4,,,d39c3c6d843bb44ad185d214fa3f623242ffa7a11f203079f809f7be5599bc3e,undefined FUN_1813f43a4(),ghidra,clean,
WHGame.dll,release_1_5_1164953_841,0x13f4440,110,FUN_1813f4440,,,d48e71d902a8a3aba33091fefcaff3332e17a0a293ace1545df5b41db17b6d9c,undefined FUN_1813f4440(),ghidra,clean,
WHGame.dll,release_1_5_1164953_841,0x13f44b0,139,FUN_1813f44b0,,,cb6fbd27599606d01c462d397ba46ba0e7be9e9e71e5da7e88b877ffcc00efbf,undefined FUN_1813f44b0(),ghidra,clean,
WHGame.dll,release_1_5_1164953_841,0x13f451c,297,FUN_1813f451c,,,7ceb3562be3f8c7f06e92efd8e1320125e98aeac7550e166d4e9ce285886d034,undefined FUN_1813f451c(),ghidra,clean,
WHGame.dll,release_1_5_1164953_841,0x13f4608,175,FUN_1813f4608,,,eb1536a1e2489766cd24ed3bb79772de73ef022d5a3ce2f36d7ec7501205bb1d,undefined FUN_1813f4608(),ghidra,clean,
WHGame.dll,release_1_5_1164953_841,0x13f46b8,188,FUN_1813f46b8,,,e20ebfeb542b3381b21e4444be02bc8a11c71815d17014b1be9484ccedd4cce7,undefined FUN_1813f46b8(),ghidra,clean,
WHGame.dll,release_1_5_1164953_841,0x13f4774,1291,FUN_1813f4774,,,eadd7b90b036135300014eb14423fd6705f5860202d940a3f049a2fbd1b4dc2d,undefined FUN_1813f4774(),ghidra,clean,
WHGame.dll,release_1_5_1164953_841,0x13f4820,180,FUN_1813f4820,,,53399c0c76645913da3296c1ab00c3f2819c9dea6865def6e915d7803d0fb1d9,undefined FUN_1813f4820(),ghidra,clean,
WHGame.dll,release_1_5_1164953_841,0x13f48d4,26,FUN_1813f48d4,,,819234953c91d716a341edb10dcca2267107efa13f78881bbca64f4a7a11eeca,undefined FUN_1813f48d4(),ghidra,clean,
WHGame.dll,release_1_5_1164953_841,0x13f48f0,155,FUN_1813f48f0,,,1214f8a4676aaf61424c2b90684c7f89a67dc420c7f57988d0b7e4fbcfdc9685,undefined FUN_1813f48f0(),ghidra,clean,
WHGame.dll,release_1_5_1164953_841,0x13f498c,304,FUN_1813f498c,,,7c58c2ece399c88f89f5a7a25ae954fd8014b74b547660647dde2e1ecd9c2ace,undefined FUN_1813f498c(),ghidra,clean,
WHGame.dll,release_1_5_1164953_841,0x13f4abc,298,FUN_1813f4abc,,,dd0557effdcd6d053d0c130f143220ef0718c5781a1b85bd9d28e863adb1d587,undefined FUN_1813f4abc(),ghidra,clean,
WHGame.dll,release_1_5_1164953_841,0x13f4be8,328,FUN_1813f4be8,,,f1bc44cfd467ba5abf4aa67263c4922f4530541670f41397cbcc5d1040cbf0fd,undefined FUN_1813f4be8(),ghidra,clean,
WHGame.dll,release_1_5_1164953_841,0x13f4cd6,8,FUN_1813f4cd6,,,8ebd64926583734547a2ea4bfda673c8eae81441cf03364977ba265ba738546a,undefined FUN_1813f4cd6(),ghidra,clean,
WHGame.dll,release_1_5_1164953_841,0x13f4cde,7,FUN_1813f4cde,,,c833b2efe6714e30c0e2d4031ada447b6d7702d1e9edbef2834e9bee58de167a,undefined FUN_1813f4cde(),ghidra,clean,
WHGame.dll,release_1_5_1164953_841,0x13f4ce8,155,FUN_1813f4ce8,,,504fc95279912896852b422b36d3ce808519a43169f13db3f12aff9f5a5819ca,undefined FUN_1813f4ce8(),ghidra,clean,
WHGame.dll,release_1_5_1164953_841,0x13f4d84,155,FUN_1813f4d84,,,9ff7bf002d7aca9885e29c67a4cdb7207835f3da5aae824d09b49ba0f8546eaa,undefined FUN_1813f4d84(),ghidra,clean,
WHGame.dll,release_1_5_1164953_841,0x13f4e20,155,FUN_1813f4e20,,,142ebb0b6785dbf1b8c75e38b02c42d968fa9ce339cbd3d2816805a7ac68e953,undefined FUN_1813f4e20(),ghidra,clean,
WHGame.dll,release_1_5_1164953_841,0x13f4ebc,242,FUN_1813f4ebc,,,72f7512e8cb5f2de6f4782a8c0218007f3270f0ab72b64ec8887ca69e3347520,undefined FUN_1813f4ebc(),ghidra,clean,
WHGame.dll,release_1_5_1164953_841,0x13f4fb0,18,FUN_1813f4fb0,,,e2e59be560646b40920803cfef6fe4ed8865d5ce218b9e54bb13b3b99a84fb85,undefined FUN_1813f4fb0(),ghidra,clean,
WHGame.dll,release_1_5_1164953_841,0x13f4fc4,298,FUN_1813f4fc4,,,42f11de5e0d07dbeedfb588d14c2edf5947eff8e200a8829fb189fba409364ba,undefined FUN_1813f4fc4(),ghidra,clean,
WHGame.dll,release_1_5_1164953_841,0x13f50f0,121,FUN_1813f50f0,,,d05d7733d48ade3bdd541a3bdc15693728572bc2a4852a7cfca30320b6bb880b,undefined FUN_1813f50f0(),ghidra,clean,
WHGame.dll,release_1_5_1164953_841,0x13f516c,109,FUN_1813f516c,,,8165238259c726f98e9b2bf3adeb450d7693c4f274b5bf62f0cd4967059cd24b,undefined FUN_1813f516c(),ghidra,clean,
WHGame.dll,release_1_5_1164953_841,0x13f51a8,39,FUN_1813f51a8,,,a333ae621aee003fa7d7dc43428adf178cfda2e3961983139c7d4af04bcb0755,undefined FUN_1813f51a8(),ghidra,clean,
WHGame.dll,release_1_5_1164953_841,0x13f51d0,839,FUN_1813f51d0,,,80a538afe75ec1caca9830bbea5cf8f07c92365bac33a3072b36f3f9e8f363b9,undefined FUN_1813f51d0(),ghidra,clean,
WHGame.dll,release_1_5_1164953_841,0x13f53d8,110,FUN_1813f53d8,,,8f4be12c4c46d705af4fd69e6aa62cd40eb25b20f202090a2b643b8f38e42ad6,undefined FUN_1813f53d8(),ghidra,clean,
WHGame.dll,release_1_5_1164953_841,0x13f5448,2431,FUN_1813f5448,,,082ec6f2ac0fd30a2996d3c6c804ce7624d218850a6ab532605e6c29d14285d7,undefined FUN_1813f5448(),ghidra,clean,
WHGame.dll,release_1_5_1164953_841,0x13f5dc8,712,FUN_1813f5dc8,,,e7a8bbc81b3b59c8fab62d0c40d32c754db3172c746c5df56df52fea6465b21f,undefined FUN_1813f5dc8(),ghidra,clean,
WHGame.dll,release_1_5_1164953_841,0x13f6090,5,thunk_FUN_1813f6098,,,b0d40b133b9394d93820ac0104b0065121d2d73df32c7bfb4e4cf5d805a8b103,undefined thunk_FUN_1813f6098(),ghidra,clean,
WHGame.dll,release_1_5_1164953_841,0x13f6098,160,FUN_1813f6098,,,d647af0a27f1ab48be7706803ffa2ddd9b1b8c4efdc6a2e9fdd58205f0406b6f,undefined FUN_1813f6098(),ghidra,clean,
WHGame.dll,release_1_5_1164953_841,0x13f6138,295,FUN_1813f6138,,,ed3dae7e5c337118ad755febacedc5e4d4a4254df83762cb95234407106b03f0,undefined FUN_1813f6138(),ghidra,clean,
WHGame.dll,release_1_5_1164953_841,0x13f6260,61,FUN_1813f6260,,,6674247913af142e1900054cc8c9223e96fb03618d32650cb5c0afd3848c73db,undefined FUN_1813f6260(),ghidra,clean,
WHGame.dll,release_1_5_1164953_841,0x13f62a0,110,FUN_1813f62a0,,,74f240b34f571a19770a6011bb1105ea10084ae48fd7f4d24e0529496c8fa121,undefined FUN_1813f62a0(),ghidra,clean,
WHGame.dll,release_1_5_1164953_841,0x13f6310,83,FUN_1813f6310,,,2ac423583af8ed701899a33b2eb43c9fd0ca46899a1a294fee5e8022e3e4ae72,undefined FUN_1813f6310(),ghidra,clean,
WHGame.dll,release_1_5_1164953_841,0x13f6370,8,FUN_1813f6370,,,583289b3f92edb42427bead80778bd82f4a029f9304ca553b298f8bb1278ce1a,undefined FUN_1813f6370(),ghidra,clean,
WHGame.dll,release_1_5_1164953_841,0x13f6378,138,FUN_1813f6378,,,6f283c90487e7023d8f9cba4bf88031dc043cbe89fa95fabc83c45f4939b98c6,undefined FUN_1813f6378(),ghidra,clean,
WHGame.dll,release_1_5_1164953_841,0x13f6404,26,FUN_1813f6404,,,18f3915e1b03b1b35971175307edb9c7c81e268cf9c3ffd6067d5c5fbd757063,undefined FUN_1813f6404(),ghidra,clean,
WHGame.dll,release_1_5_1164953_841,0x13f6420,370,FUN_1813f6420,,,e62dbec4c9db9a4dce2ce747e647df6a58d8753d4c7c1dbcc0be66183660afa2,undefined FUN_1813f6420(),ghidra,clean,
WHGame.dll,release_1_5_1164953_841,0x13f6578,137,FUN_1813f6578,,,c73cb644b45a24acc815a27640c06c1ad7af674d37176a78cebc1354b0d65f2c,undefined FUN_1813f6578(),ghidra,clean,
WHGame.dll,release_1_5_1164953_841,0x13f6604,74,FUN_1813f6604,,,8d13f803d68ac7e64d909e20641548326465b1a93e925915e78aa836b042fe31,undefined FUN_1813f6604(),ghidra,clean,
WHGame.dll,release_1_5_1164953_841,0x13f6650,94,FUN_1813f6650,,,c7102407bd0b1d2313dda7a915b6f213653e2b59ae23f2bbeb4dd5617d204a6e,undefined FUN_1813f6650(),ghidra,clean,
WHGame.dll,release_1_5_1164953_841,0x13f66b4,112,FUN_1813f66b4,,,c9e83ef2158206cca6745918e2be3a9351b0de7de7ac8d10ade91a47f8af76cf,undefined FUN_1813f66b4(),ghidra,clean,
WHGame.dll,release_1_5_1164953_841,0x13f6724,155,FUN_1813f6724,,,520725cc14c83fdef83758ec78b6a6bc85b6736dbc0d9af531ce4df675fb2536,undefined FUN_1813f6724(),ghidra,clean,
WHGame.dll,release_1_5_1164953_841,0x13f67c0,291,FUN_1813f67c0,,,59624853ed78c6894f16672a1ad447768c119ddca6b1424c2254e353d7841f73,undefined FUN_1813f67c0(),ghidra,clean,
WHGame.dll,release_1_5_1164953_841,0x13f68e4,142,FUN_1813f68e4,,,8e8c637d7e67327de43e7c6698abc328bbff69303a7abf32f9b156668977dcc8,undefined FUN_1813f68e4(),ghidra,clean,
WHGame.dll,release_1_5_1164953_841,0x13f6974,44,FUN_1813f6974,,,977ace0923e05df54c1bf56453a1be8b878d125ad3881440a2a77f28a9f6862b,undefined FUN_1813f6974(),ghidra,clean,
WHGame.dll,release_1_5_1164953_841,0x13f69a0,70,FUN_1813f69a0,,,1080c18e59e4c5e3b01768ff91eb9ded41a6d5736b173074a728bb4550ee51ec,undefined FUN_1813f69a0(),ghidra,clean,
WHGame.dll,release_1_5_1164953_841,0x13f69e8,144,FUN_1813f69e8,,,7532c1004166fb44fba90a445b97d568274e4f9f67e417a96a988417ed7159d6,undefined FUN_1813f69e8(),ghidra,clean,
WHGame.dll,release_1_5_1164953_841,0x13f6a78,44,FUN_1813f6a78,,,7c9aac6ee25fb2f866deb35302ca5669664865c26e664528b39c092db1ba218c,undefined FUN_1813f6a78(),ghidra,clean,
WHGame.dll,release_1_5_1164953_841,0x13f6aa4,211,FUN_1813f6aa4,,,0dbd157d12f7cbbe18f0e58ea3a9cb49f8f52fc44540fc7ae2c12be2d81de524,undefined FUN_1813f6aa4(),ghidra,clean,
WHGame.dll,release_1_5_1164953_841,0x13f6b78,74,FUN_1813f6b78,,,e098badbb3e96a1ee58ec9c368ce6b5a048388a036d1e0cc25a0d62a234ba05b,undefined FUN_1813f6b78(),ghidra,clean,
WHGame.dll,release_1_5_1164953_841,0x13f6bc4,475,FUN_1813f6bc4,,,4d8e9b7815ef16d6b22e4851a29a746181beb43e02813dcc13b4f52fe6789162,undefined FUN_1813f6bc4(),ghidra,clean,
WHGame.dll,release_1_5_1164953_841,0x13f6cdc,155,FUN_1813f6cdc,,,2a111c6a73376806fc13acf61a6d0d80bd2677b57e16df89bdbf159f03f17aa4,undefined FUN_1813f6cdc(),ghidra,clean,
WHGame.dll,release_1_5_1164953_841,0x13f6d78,301,FUN_1813f6d78,,,8a3991067a1c20195e6521db302b0cbd8071ff6e145903aeb84c2f5bb6540863,undefined FUN_1813f6d78(),ghidra,clean,
WHGame.dll,release_1_5_1164953_841,0x13f6ea8,1026,FUN_1813f6ea8,,,e04732d39f6bd42de7125b47246497cc60cc05fc96290d107236d37832a7bcf8,undefined FUN_1813f6ea8(),ghidra,clean,
WHGame.dll,release_1_5_1164953_841,0x13f6f60,56,FUN_1813f6f60,`scalar_deleting_destructor',MRECmpImpl,add0169f6af0a5602269c3dab776e3a0b9d5d1e6c1f5d84375da621503fb5eb0,"void * `scalar_deleting_destructor'(MRECmpImpl * this, uint param_1)",ghidra,clean,
WHGame.dll,release_1_5_1164953_841,0x13f6f98,155,FUN_1813f6f98,,,93440640902adb9b72ccd6c5ef040f8de169b30f2793b92a904bde73a1f782e0,undefined FUN_1813f6f98(),ghidra,clean,
WHGame.dll,release_1_5_1164953_841,0x13f7034,291,FUN_1813f7034,,,b58866e5f6cda1c9de5609d2d03acde8d244810ed844edf71b2b633f661cbba2,undefined FUN_1813f7034(),ghidra,clean,
WHGame.dll,release_1_5_1164953_841,0x13f7158,75,FUN_1813f7158,,,4430ce4869b22323f73093e9ffefce825490d86fa75877bd97abbc208acdf714,undefined FUN_1813f7158(),ghidra,clean,
WHGame.dll,release_1_5_1164953_841,0x13f71a4,33,FUN_1813f71a4,,,c65772826f71854120d5fa6461b9765e1802b1b1f27f55737e38dd019350b33c,undefined FUN_1813f71a4(),ghidra,clean,
WHGame.dll,release_1_5_1164953_841,0x13f71c8,82,FUN_1813f71c8,,,217fc5096fbfd9f1505c311a0a7b218cae4ee34286d9ef9bdb2a0eddef1b19dc,undefined FUN_1813f71c8(),ghidra,clean,
WHGame.dll,release_1_5_1164953_841,0x13f720c,23,FUN_1813f720c,,,fff50d588969bd4de3dbf279f389d0cebbefef3763e662bb88fe0c7e70e51999,undefined FUN_1813f720c(),ghidra,clean,
WHGame.dll,release_1_5_1164953_841,0x13f7224,178,FUN_1813f7224,,,6716a7cc1688b0b89ca53d4f4c3a8e07706f02a215fde9c6222deff7c23b12a5,undefined FUN_1813f7224(),ghidra,clean,
WHGame.dll,release_1_5_1164953_841,0x13f72d8,26,FUN_1813f72d8,,,68540751973ca71f77a1ee65ebfa4b39f96e568d82c5f2a7fe190cbede44927d,undefined FUN_1813f72d8(),ghidra,clean,
WHGame.dll,release_1_5_1164953_841,0x13f72f4,146,FUN_1813f72f4,,,c8d8248dd1192109707a599f7f7dc6d8cc84a425e4ffac04d1d5cca2bb9e8f01,undefined FUN_1813f72f4(),ghidra,clean,
WHGame.dll,release_1_5_1164953_841,0x13f735c,290,FUN_1813f735c,,,e04ee86517a1313d9a78f4ddf92e0bd786ea6e3bc041c1ada940e3649a4938b5,undefined FUN_1813f735c(),ghidra,clean,
WHGame.dll,release_1_5_1164953_841,0x13f7434,114,FUN_1813f7434,,,baac6bb47f3c00a8d055e1cdf396dfe8907474e7c16cc9a2117d3f4c6f45b2ae,undefined FUN_1813f7434(),ghidra,clean,
WHGame.dll,release_1_5_1164953_841,0x13f74a8,72,FUN_1813f74a8,,,cf1f810670207715e8b452e2b4c5bce933dabeab03ecc7f65e55d397f3c718f9,undefined FUN_1813f74a8(),ghidra,clean,
WHGame.dll,release_1_5_1164953_841,0x13f74f0,86,FUN_1813f74f0,,,6f7caf31696e6be9908f3c4a643af1fbaffb1f6f45dbc9e5428b1bea6f3c4f0a,undefined FUN_1813f74f0(),ghidra,clean,
WHGame.dll,release_1_5_1164953_841,0x13f7548,130,FUN_1813f7548,,,5cb1fa003ab116bd87260064269747a96813ca987e52f00cc12d46130e471799,undefined FUN_1813f7548(),ghidra,clean,
WHGame.dll,release_1_5_1164953_841,0x13f75cc,33,FUN_1813f75cc,,,05473829e5384dae1667f8d42ca1c8fd9ebed3e138f2607b35badb612de05bfd,undefined FUN_1813f75cc(),ghidra,clean,
WHGame.dll,release_1_5_1164953_841,0x13f75f0,951,FUN_1813f75f0,,,5f2721b92a8eff621179cbae5c21bcebd7b40a391efa9855e70af3c251dc5540,undefined FUN_1813f75f0(),ghidra,clean,
WHGame.dll,release_1_5_1164953_841,0x13f79a8,62,FUN_1813f79a8,,,e6b5f90d8407af26880b7dbc952165fa464c1628ccce7114a364569afacb3e36,undefined FUN_1813f79a8(),ghidra,clean,
WHGame.dll,release_1_5_1164953_841,0x13f79d4,62,FUN_1813f79d4,,,a897a9c55a2c5dc5a133699a51f23c6048509922a65c3865b283c4bb7f8857f1,undefined FUN_1813f79d4(),ghidra,clean,
WHGame.dll,release_1_5_1164953_841,0x13f7a00,81,FUN_1813f7a00,,,47e312c4f4cfb268f850e95b0371a500431070a5e9c4c497902f0948eea3049c,undefined FUN_1813f7a00(),ghidra,clean,
WHGame.dll,release_1_5_1164953_841,0x13f7a40,62,FUN_1813f7a40,,,4402f4d37b21fd0be19b85c01e0e7689f2029afb7b82623413724f842277e88a,undefined FUN_1813f7a40(),ghidra,clean,
WHGame.dll,release_1_5_1164953_841,0x13f7a6c,35,FUN_1813f7a6c,,,7fb2ed96260bfc55c079d7e1c36e7ec95e7bb1250c7c6b5ab2ce8904e4109999,undefined FUN_1813f7a6c(),ghidra,clean,
WHGame.dll,release_1_5_1164953_841,0x13f7a90,61,FUN_1813f7a90,,,18e53794349ae6ae5af3d1cc64d4b6b418682dbccb3a9dab0a0abdf483f447b4,undefined FUN_1813f7a90(),ghidra,clean,
WHGame.dll,release_1_5_1164953_841,0x13f7ad0,113,FUN_1813f7ad0,,,9816b977fad2d8659edc29e4d92f2363e2ea6aa01f0748c20bb5f5db0178242d,undefined FUN_1813f7ad0(),ghidra,clean,
WHGame.dll,release_1_5_1164953_841,0x13f7b44,180,FUN_1813f7b44,,,edb1b087b13a6f41bae71f38422724f515dd50710f7e22901c14c814135e98e1,undefined FUN_1813f7b44(),ghidra,clean,
WHGame.dll,release_1_5_1164953_841,0x13f7bf8,105,FUN_1813f7bf8,,,48b484181acab75d4a6455e89f891fe844d742df5819e8bf20079ac20e03cabb,undefined FUN_1813f7bf8(),ghidra,clean,
WHGame.dll,release_1_5_1164953_841,0x13f7c70,27,FUN_1813f7c70,,,b34e67a651823c42a3cd2d577e452e0b716034a921137ae3171ca05c09f1429f,undefined FUN_1813f7c70(),ghidra,clean,
WHGame.dll,release_1_5_1164953_841,0x13f7c8c,1069,FUN_1813f7c8c,,,d6d4bd66b2c6664039950d6253b94e42a1985ebc48dd100cd6ec0f4b73f9cec2,undefined FUN_1813f7c8c(),ghidra,clean,
WHGame.dll,release_1_5_1164953_841,0x13f7d5e,4,FUN_1813f7d5e,,,3d7ddba4ab46d7db207796cf3f8db30dd043acdb48b096e8c7aaff80cc7b1b38,undefined FUN_1813f7d5e(),ghidra,clean,
WHGame.dll,release_1_5_1164953_841,0x13f7d64,190,FUN_1813f7d64,,,1440f937235d4f621b26d62e0550c081dffae47e48b5c03ee367d97b3e6949d7,undefined FUN_1813f7d64(),ghidra,clean,
WHGame.dll,release_1_5_1164953_841,0x13f7e24,190,FUN_1813f7e24,,,4aabb72983628bd086ed6160c2d3654daf28df198acfcda5e436a9e5dd7224a0,undefined FUN_1813f7e24(),ghidra,clean,
WHGame.dll,release_1_5_1164953_841,0x13f7ee4,194,FUN_1813f7ee4,,,521577d3eb1492806c7d4718c19374be251dfae0fe95a239477ba02ae267c612,undefined FUN_1813f7ee4(),ghidra,clean,
WHGame.dll,release_1_5_1164953_841,0x13f7fa8,155,FUN_1813f7fa8,,,61707aac16238456463a175b682651c035a485f5c15496ec7ab85574dc7f18f8,undefined FUN_1813f7fa8(),ghidra,clean,
WHGame.dll,release_1_5_1164953_841,0x13f8044,23,FUN_1813f8044,,,2e53b6f7649b0f28a3b4e94799e8709634fb325c62b4c010c33498c220441e54,undefined FUN_1813f8044(),ghidra,clean,
WHGame.dll,release_1_5_1164953_841,0x13f805c,190,FUN_1813f805c,,,ec94d0542f4cbd6efb0c7c56870c362c466f95e73c34157c01e1c7ab038958c2,undefined FUN_1813f805c(),ghidra,clean,
WHGame.dll,release_1_5_1164953_841,0x13f811c,26,FUN_1813f811c,,,20da820ceb14d73f55a4c15f3147874c960eee1acff4ace16e1804f823b6e6c6,undefined FUN_1813f811c(),ghidra,clean,
WHGame.dll,release_1_5_1164953_841,0x13f8138,264,FUN_1813f8138,,,300148c64a29e85fff256bc1412c6ebea603ffadff55967b54082a5652e8347e,undefined FUN_1813f8138(),ghidra,clean,
WHGame.dll,release_1_5_1164953_841,0x13f8240,26,FUN_1813f8240,,,819234953c91d716a341edb10dcca2267107efa13f78881bbca64f4a7a11eeca,undefined FUN_1813f8240(),ghidra,clean,
WHGame.dll,release_1_5_1164953_841,0x13f825c,155,FUN_1813f825c,,,24ffb05d2871c8e19112de317deb95c09e1bf78f58965bd06549cd08988f0fa8,undefined FUN_1813f825c(),ghidra,clean,
WHGame.dll,release_1_5_1164953_841,0x13f82f8,155,FUN_1813f82f8,,,e8f23d40d3c20b416d8a85794bb0eb30c86877bbfec9be38bab889e53a61de22,undefined FUN_1813f82f8(),ghidra,clean,
WHGame.dll,release_1_5_1164953_841,0x13f8394,291,FUN_1813f8394,,,597dff9330252437134c7fbd3222f34b49006d9dc9e682927306d1b7a24aad5c,undefined FUN_1813f8394(),ghidra,clean,
WHGame.dll,release_1_5_1164953_841,0x13f84b8,298,FUN_1813f84b8,,,13dbd8c78642a1f8dd76af5116f838538eec81745cdef8391f37de921e49a1aa,undefined FUN_1813f84b8(),ghidra,clean,
WHGame.dll,release_1_5_1164953_841,0x13f85e4,291,FUN_1813f85e4,,,693e3013c74430e726970c5594591e19715143f5ebd4e1e606d6e829369af173,undefined FUN_1813f85e4(),ghidra,clean,
WHGame.dll,release_1_5_1164953_841,0x13f8708,227,FUN_1813f8708,,,6dec51ff100c7ac306e359bc0399f0723beec2f12e707493fcd3d29a794e9476,undefined FUN_1813f8708(),ghidra,clean,
WHGame.dll,release_1_5_1164953_841,0x13f87ec,64,FUN_1813f87ec,,,825d43b06a1fbb53612a05c9e1ec63793f903945e618edab6189ec69b220f65e,undefined FUN_1813f87ec(),ghidra,clean,
WHGame.dll,release_1_5_1164953_841,0x13f882c,120,FUN_1813f882c,,,70859223b9b2954d4c065b853954de15b416f241642c3bd6f4606c1b10dd39bb,undefined FUN_1813f882c(),ghidra,clean,
WHGame.dll,release_1_5_1164953_841,0x13f88a4,92,FUN_1813f88a4,,,7a0fd44d229449846c0ab4cff010d499a21bd0eefa5d75a7dbfec3b2516f8434,undefined FUN_1813f88a4(),ghidra,clean,
WHGame.dll,release_1_5_1164953_841,0x13f88e4,156,FUN_1813f88e4,,,01e31148d1ae40f56b039909f08f464b1c938cf8412bb7c65816c523771f4f67,undefined FUN_1813f88e4(),ghidra,clean,
WHGame.dll,release_1_5_1164953_841,0x13f8948,62,FUN_1813f8948,,,ca94fc3375acfd71775657c1aef2da10112e8313252c7ddaf6ff95cc100a88fd,undefined FUN_1813f8948(),ghidra,clean,
WHGame.dll,release_1_5_1164953_841,0x13f8974,54,FUN_1813f8974,,,5c9956e01fc7c75a3a17466e52e072d0612f79511a9cf0dbffc00a3a80de8967,undefined FUN_1813f8974(),ghidra,clean,
WHGame.dll,release_1_5_1164953_841,0x13f89ac,84,FUN_1813f89ac,,,29ccdf985225e5b77498cc962a9b9879840f2eb3905a4bdab121c14369636f4b,undefined FUN_1813f89ac(),ghidra,clean,
WHGame.dll,release_1_5_1164953_841,0x13f8a00,85,FUN_1813f8a00,,,c4be98670ea4b1aa1ff70b9a995309f1a38a0bb1f4fe0f14a7ca657188d2ff9f,undefined FUN_1813f8a00(),ghidra,clean,
WHGame.dll,release_1_5_1164953_841,0x13f8a34,121,FUN_1813f8a34,,,8b9320fb17c7dfe9278cd15951aa0224b370894279873a66fcf3eb13a3d5d7eb,undefined FUN_1813f8a34(),ghidra,clean,
WHGame.dll,release_1_5_1164953_841,0x13f8ab0,209,FUN_1813f8ab0,,,606d91cefe32d9d8ee9e3fa4ae6133e9c774d91af3805589966c361afd8fbed7,undefined FUN_1813f8ab0(),ghidra,clean,
WHGame.dll,release_1_5_1164953_841,0x13f8b84,203,FUN_1813f8b84,,,a97bd0186cbdc5bf295db031b44ffb0ad32792c22cc633825a4f4bae60dc422a,undefined FUN_1813f8b84(),ghidra,clean,
WHGame.dll,release_1_5_1164953_841,0x13f8c40,138,FUN_1813f8c40,,,1308f1235b367e00579210e2b100c15cc6a5cd10671e0edbb68496ec10ce1c61,undefined FUN_1813f8c40(),ghidra,clean,
WHGame.dll,release_1_5_1164953_841,0x13f8cca,100,FUN_1813f8cca,,,60011ec9f6abbf94a165ca44af41fe81d660db1cffcdc6c64c7ae9a5aa97b909,undefined FUN_1813f8cca(),ghidra,clean,
WHGame.dll,release_1_5_1164953_841,0x13f8d18,75,FUN_1813f8d18,,,f26f2be49e5e4530e2bf8a0435c9027c5c9166636121fcf7852b6bafc75679f8,undefined FUN_1813f8d18(),ghidra,clean,
WHGame.dll,release_1_5_1164953_841,0x13f8d40,191,FUN_1813f8d40,,,2467d36ed5a29eda812ea9b531b1da2bc89075deab7e1a5dccd0ed8f9e4a5bf5,undefined FUN_1813f8d40(),ghidra,clean,
WHGame.dll,release_1_5_1164953_841,0x13f8e00,55,FUN_1813f8e00,,,dd7abbd51bb6d9e0b8ac9681907fa242b253ac0bdf72bbb0ffad15ddbf0865c3,undefined FUN_1813f8e00(),ghidra,clean,
WHGame.dll,release_1_5_1164953_841,0x13f8e28,163,FUN_1813f8e28,,,c975ff57b5df26a22e0e5cb55d0550baa62f72949b3364c86152d6a011e68a95,undefined FUN_1813f8e28(),ghidra,clean,
WHGame.dll,release_1_5_1164953_841,0x13f8ec4,96,FUN_1813f8ec4,,,419d953a29704727c1e746b712ac6ff144029e968dbcf5b3196140f4040f518d,undefined FUN_1813f8ec4(),ghidra,clean,
WHGame.dll,release_1_5_1164953_841,0x13f8f24,52,FUN_1813f8f24,,,b50d2709a2caf029dba8b42d031a164bc70784851afe9523ff3afa058b5c0129,undefined FUN_1813f8f24(),ghidra,clean,
WHGame.dll,release_1_5_1164953_841,0x13f8f58,140,FUN_1813f8f58,,,4f35da14de5383a9c42a87b69f87d64f1601e95a331bb72038e10ded848f726d,undefined FUN_1813f8f58(),ghidra,clean,
WHGame.dll,release_1_5_1164953_841,0x13f8fe4,51,FUN_1813f8fe4,,,5647f46670a0c0842e62b84059d409f4c24d7af200985eb39fcade3f9f2b6855,undefined FUN_1813f8fe4(),ghidra,clean,
WHGame.dll,release_1_5_1164953_841,0x13f9018,43,FUN_1813f9018,,,7d099edbd744a79c846912dca9494534abbab375055cbc5314a83e2e5249d820,undefined FUN_1813f9018(),ghidra,clean,
WHGame.dll,release_1_5_1164953_841,0x13f9044,241,FUN_1813f9044,,,93fab5e1278ad98c5191914175347b52824c362787e896194eaff6c45b462f80,undefined FUN_1813f9044(),ghidra,clean,
WHGame.dll,release_1_5_1164953_841,0x13f90d0,154,FUN_1813f90d0,,,7b4e897fbf8e0f620baf2f7064f98625cd15c1c16c7847f9f171741036383231,undefined FUN_1813f90d0(),ghidra,clean,
WHGame.dll,release_1_5_1164953_841,0x13f916c,347,FUN_1813f916c,,,371ce65e8207013866600b43bc48d2c99096dd62772dde7ec7e2961821cf13e1,undefined FUN_1813f916c(),ghidra,clean,
WHGame.dll,release_1_5_1164953_841,0x13f92c7,26,FUN_1813f92c7,,,6817e1854dbe42b1284f33737b89ceb64fa35418a8b60c2e7e9b961537fd1196,undefined FUN_1813f92c7(),ghidra,clean,
WHGame.dll,release_1_5_1164953_841,0x13f92e4,272,FUN_1813f92e4,,,0e27155b492f9a24a1341f810d45ce0c4316295d8ccd1c31313642af4f264956,undefined FUN_1813f92e4(),ghidra,clean,
WHGame.dll,release_1_5_1164953_841,0x13f93f8,234,FUN_1813f93f8,,,de0eebf81f68dfe5460d0e29110bd63fd97d71473b590b5731dbdb36bbfb9cad,undefined FUN_1813f93f8(),ghidra,clean,
WHGame.dll,release_1_5_1164953_841,0x13f9460,28,FUN_1813f9460,,,fad9f03df87921f3f3ed07333d23e7b9760dcb23e4491e15b82181684474dfd5,undefined FUN_1813f9460(),ghidra,clean,
WHGame.dll,release_1_5_1164953_841,0x13f947c,54,FUN_1813f947c,,,85b708d6147cf1301e2c9b9b5306a73e6bc2d275e0cb6f6a7efa05bb1829a6ab,undefined FUN_1813f947c(),ghidra,clean,
WHGame.dll,release_1_5_1164953_841,0x13f94a0,52,FUN_1813f94a0,,,efd88c0aa8d9c9afaab519a997e4709aee8a52f11c7b194623f8ec1d905ae50c,undefined FUN_1813f94a0(),ghidra,clean,
WHGame.dll,release_1_5_1164953_841,0x13f94d4,69,FUN_1813f94d4,,,39eeecde57ce04f254510b1359522ac863c1aa890ce2e5e8d77ecb23087b59c0,undefined FUN_1813f94d4(),ghidra,clean,
WHGame.dll,release_1_5_1164953_841,0x13f951c,43,FUN_1813f951c,,,9a4c25ccae4472e6ada174d19b5179e9c0dc3de742196b7e2acbf9b9dbd273e8,undefined FUN_1813f951c(),ghidra,clean,
WHGame.dll,release_1_5_1164953_841,0x13f9548,52,FUN_1813f9548,,,0f28d26f7f2cdbe6467c293d711b50cc90e674f0d97c8e6fbe657cd48f4af204,undefined FUN_1813f9548(),ghidra,clean,
WHGame.dll,release_1_5_1164953_841,0x13f957c,43,FUN_1813f957c,,,428a679a3fd7324f6b3b2c74f9a52daf098371c6713ecf6f2375900791e86864,undefined FUN_1813f957c(),ghidra,clean,
WHGame.dll,release_1_5_1164953_841,0x13f95a8,249,FUN_1813f95a8,,,48231f71909d47a9a24e2ea932189a49c1ae611c5f3149af23675ec305f28247,undefined FUN_1813f95a8(),ghidra,clean,
WHGame.dll,release_1_5_1164953_841,0x13f96a4,52,FUN_1813f96a4,,,02d801f7b0465fbdd8f3f28f843672aa9dc7ecc5fd6c92c3d0676843c98d3c5c,undefined FUN_1813f96a4(),ghidra,clean,
WHGame.dll,release_1_5_1164953_841,0x13f96d8,141,FUN_1813f96d8,,,c8ab20ad1d5116988c48dd8b77ae419ca0151a5ed4e25d3fa4c56575ac845c49,undefined FUN_1813f96d8(),ghidra,clean,
WHGame.dll,release_1_5_1164953_841,0x13f975c,139,FUN_1813f975c,,,df22b7a626c8ff2eab98cf3300d053c191887d9af6353c9de6231982fc5ba86f,undefined FUN_1813f975c(),ghidra,clean,
WHGame.dll,release_1_5_1164953_841,0x13f97ec,43,FUN_1813f97ec,,,04988c92d24f891fd500ccbcab948275b697dfd355b397132561756a89271764,undefined FUN_1813f97ec(),ghidra,clean,
WHGame.dll,release_1_5_1164953_841,0x13f9818,89,FUN_1813f9818,,,35244193d818371c2ae6552b73500521b3dbfea84722e59624a6208602992006,undefined FUN_1813f9818(),ghidra,clean,
WHGame.dll,release_1_5_1164953_841,0x13f9854,206,FUN_1813f9854,,,4ba8a3e39aa0c761bcbbedb0e11a6487c6c776d49b9affa3951ba3f544136bd2,undefined FUN_1813f9854(),ghidra,clean,
WHGame.dll,release_1_5_1164953_841,0x13f98bc,200,FUN_1813f98bc,,,cad5032b060b37bbca31c6c5561d0a1cc384e14616944ec4ff11d194a57f44e5,undefined FUN_1813f98bc(),ghidra,clean,
WHGame.dll,release_1_5_1164953_841,0x13f9974,139,FUN_1813f9974,,,aef5aea3252b1493780ff94064bf74d1f8b27aea1a34a118d9801822c7726008,undefined FUN_1813f9974(),ghidra,clean,
WHGame.dll,release_1_5_1164953_841,0x13f9a00,311,FUN_1813f9a00,,,e348c8e398635fc95da86d8996bafa208d28c0c57c0606952558d06f365708d1,undefined FUN_1813f9a00(),ghidra,clean,
WHGame.dll,release_1_5_1164953_841,0x13f9b24,140,FUN_1813f9b24,,,b051d248f005596f5c0926ed44f07b249c82ede02fe3feaf4ddc915f5d676c3c,undefined FUN_1813f9b24(),ghidra,clean,
WHGame.dll,release_1_5_1164953_841,0x13f9bb0,65,FUN_1813f9bb0,,,6f5b62e365d6ccbf7696aa105dbd7b8dcbb81f193eee2113a4a4ba120bd66d08,undefined FUN_1813f9bb0(),ghidra,clean,
WHGame.dll,release_1_5_1164953_841,0x13f9bdc,510,FUN_1813f9bdc,,,8a97cac7f60aa9d0f8a4f4c5466cf353ecbc4c1b1d158c5582c0bd36e1d85e4d,undefined FUN_1813f9bdc(),ghidra,clean,
WHGame.dll,release_1_5_1164953_841,0x13f9d18,80,FUN_1813f9d18,,,f99c8b180b15f1fc0696e0aae3c9fce2b1a2a174f3e19b34c45608daa09e2c27,undefined FUN_1813f9d18(),ghidra,clean,
WHGame.dll,release_1_5_1164953_841,0x13f9d68,343,FUN_1813f9d68,,,41b2c9d915018e942effdf9340b9c59e195c2d5051906bf7e44b4cdf906666da,undefined FUN_1813f9d68(),ghidra,clean,
WHGame.dll,release_1_5_1164953_841,0x13f9ec0,291,FUN_1813f9ec0,,,939aa952a4e47dfbcc7fef818a5fe230ebf0ab44836c1bc01b0171669e11a88e,undefined FUN_1813f9ec0(),ghidra,clean,
WHGame.dll,release_1_5_1164953_841,0x13f9f64,96,FUN_1813f9f64,,,bd5b60216add7a3e3a4bb779640a76675f6fc070eefdff556cee9bf5c8e6ad68,undefined FUN_1813f9f64(),ghidra,clean,
WHGame.dll,release_1_5_1164953_841,0x13f9fc4,241,FUN_1813f9fc4,,,f5fe3b01dbbe7a139671438f92e5bc5715e8aac7e7eb4c59d7859ba4d51ab702,undefined FUN_1813f9fc4(),ghidra,clean,
WHGame.dll,release_1_5_1164953_841,0x13fa0b8,215,FUN_1813fa0b8,,,25c52e053b1277e03d2e623022ddfe418d0707c5ae8708edb4bb68b64e252098,undefined FUN_1813fa0b8(),ghidra,clean,
WHGame.dll,release_1_5_1164953_841,0x13fa188,55,FUN_1813fa188,,,7cbfe537c3231b94f14cff5bd0bdc90c623ee23b804c216fc5a9129c858a9558,undefined FUN_1813fa188(),ghidra,clean,
WHGame.dll,release_1_5_1164953_841,0x13fa1c0,182,FUN_1813fa1c0,,,b0d0461598097a30a074cdbe9a9bdce3e63fc14ff3e1ba38f1e679cdc5476d16,undefined FUN_1813fa1c0(),ghidra,clean,
WHGame.dll,release_1_5_1164953_841,0x13fa278,167,FUN_1813fa278,,,1b623566e58938ba4b7cb6a57a5f2e9e8e51024ab49f3157b0b8d7264f9a1496,undefined FUN_1813fa278(),ghidra,clean,
WHGame.dll,release_1_5_1164953_841,0x13fa320,113,FUN_1813fa320,,,18ba58b5c10ee94a1921bec4d57e2905d3a1b6333628e755661f182917ca993a,undefined FUN_1813fa320(),ghidra,clean,
WHGame.dll,release_1_5_1164953_841,0x13fa370,126,FUN_1813fa370,,,9872167e6a0580ccce09b330715642789e4112551864ab84ddfe29331d88eb62,undefined FUN_1813fa370(),ghidra,clean,
WHGame.dll,release_1_5_1164953_841,0x13fa3c1,76,FUN_1813fa3c1,,,674049a4306c0e49d30aeefe30ccd447eef6c52da1f49278df71434fea17fdbe,undefined FUN_1813fa3c1(),ghidra,clean,
WHGame.dll,release_1_5_1164953_841,0x13fa410,184,FUN_1813fa410,,,dc4406af2f329563140da0c9c21219d48bfc1b46811590db0e0b05adb46f00f9,undefined FUN_1813fa410(),ghidra,clean,
WHGame.dll,release_1_5_1164953_841,0x13fa464,145,FUN_1813fa464,,,ae42cc2f3c9137c9fc72e1820980583595f795191b26d57c09c2dc3e9e1715db,undefined FUN_1813fa464(),ghidra,clean,
WHGame.dll,release_1_5_1164953_841,0x13fa4f8,68,FUN_1813fa4f8,,,2f8ab511c67d1adac52dac087b5b09bbe7b4e7444e2640e73e4307ae03cf7268,undefined FUN_1813fa4f8(),ghidra,clean,
WHGame.dll,release_1_5_1164953_841,0x13fa53c,236,FUN_1813fa53c,,,1ecf768025ce0581616c1069a59ce63a22bb4ee039184eb8b67a33bcc84d064f,undefined FUN_1813fa53c(),ghidra,clean,
WHGame.dll,release_1_5_1164953_841,0x13fa628,236,FUN_1813fa628,,,a67880817fcde5d2d8f07ce3f18a1239f465f9a79c467ce13e68bd886bc8de45,undefined FUN_1813fa628(),ghidra,clean,
WHGame.dll,release_1_5_1164953_841,0x13fa6dc,71,FUN_1813fa6dc,,,3d77127ab433b6e30fa576f0d6cac54d237b4851eb32b1304419ebe5ebc04f6f,undefined FUN_1813fa6dc(),ghidra,clean,
WHGame.dll,release_1_5_1164953_841,0x13fa704,141,FUN_1813fa704,,,3cc01660bd185262e2ddb6fd903f3cb6620bcbf7078db547dbcdcf02b9ff9429,undefined FUN_1813fa704(),ghidra,clean,
WHGame.dll,release_1_5_1164953_841,0x13fa794,27,FUN_1813fa794,,,fcad3897a73c4b5e012eacadeb8b7c92bfc5d7648e66d808bf2146366e41ce6b,undefined FUN_1813fa794(),ghidra,clean,
WHGame.dll,release_1_5_1164953_841,0x13fa7b0,66,FUN_1813fa7b0,,,0c59fbb803bacdc89ff419aec4618d9b8be97a647c23f25c9c012e876608ce00,undefined FUN_1813fa7b0(),ghidra,clean,
WHGame.dll,release_1_5_1164953_841,0x13fa7f4,155,FUN_1813fa7f4,,,daad0715937f6dda6d7b584258576cb805799486e53ba96d93436188cdff755e,undefined FUN_1813fa7f4(),ghidra,clean,
WHGame.dll,release_1_5_1164953_841,0x13fa890,291,FUN_1813fa890,,,7a9231231bade0d55a33132c16054247c7db904e0c99e9d2e0b85d18bd8d1cc5,undefined FUN_1813fa890(),ghidra,clean,
WHGame.dll,release_1_5_1164953_841,0x13fa9b4,223,FUN_1813fa9b4,,,07f485bd22be3a740a00948b5aaa826fbad9a01991380f8598b43cf46a657adb,undefined FUN_1813fa9b4(),ghidra,clean,
WHGame.dll,release_1_5_1164953_841,0x13faa94,81,FUN_1813faa94,,,ec9737ce39aabbf0e95a62f80ba6635c8d7331c461e28fe1cccea497a7eb471c,undefined FUN_1813faa94(),ghidra,clean,
WHGame.dll,release_1_5_1164953_841,0x13faac8,72,FUN_1813faac8,,,6c8deb2212f74c7ac6af33191ab46b0ef3a7c25fe72c5ca9a2ae3bd063afbc25,undefined FUN_1813faac8(),ghidra,clean,
WHGame.dll,release_1_5_1164953_841,0x13fab10,117,FUN_1813fab10,,,adb2291581d88ae504ffd87af0743c713fb0c5aa008a19634bc0ec3abf2d6cb6,undefined FUN_1813fab10(),ghidra,clean,
WHGame.dll,release_1_5_1164953_841,0x13fab88,160,FUN_1813fab88,,,c4092398d5293114a572c1366a2ae98f1d2e47d891da5f1d6ab633eb949106a4,undefined FUN_1813fab88(),ghidra,clean,
WHGame.dll,release_1_5_1164953_841,0x13fac28,67,FUN_1813fac28,,,e5b1a2e064e16346ab3d24113b45632fd981478e72023a24a666b87651916b7e,undefined FUN_1813fac28(),ghidra,clean,
WHGame.dll,release_1_5_1164953_841,0x13fac6c,88,FUN_1813fac6c,,,9b19623ff039cf7f2c9fb8f28ab00ddef7570d9ee8cc9fff16d72179daa3ce2b,undefined FUN_1813fac6c(),ghidra,clean,
WHGame.dll,release_1_5_1164953_841,0x13facc4,143,FUN_1813facc4,,,02ef9d82b0190828b838c6ed63ac26c5874ab4bb31b3bf256b9b2d99103443ce,undefined FUN_1813facc4(),ghidra,clean,
WHGame.dll,release_1_5_1164953_841,0x13fad54,36,FUN_1813fad54,,,f8513f2a038e630b4598687f8b0458016f1743da743005dc7b7707fd8c1a035a,undefined FUN_1813fad54(),ghidra,clean,
WHGame.dll,release_1_5_1164953_841,0x13fad78,165,FUN_1813fad78,,,6cd9969e428bdc7ef01683c61eea6b51ff4b69c5cfa764c086c5d8970925138b,undefined FUN_1813fad78(),ghidra,clean,
WHGame.dll,release_1_5_1164953_841,0x13fade0,68,FUN_1813fade0,,,d00064f4da3ea3ada5534d5a8d73ea259574cfd97368ffca62dcea142aca9c31,undefined FUN_1813fade0(),ghidra,clean,
WHGame.dll,release_1_5_1164953_841,0x13fae24,117,FUN_1813fae24,,,f5a83bda5460bf2543e5c6ddf25a5bfe83c2fde0330e0e057637386579a7d54e,undefined FUN_1813fae24(),ghidra,clean,
WHGame.dll,release_1_5_1164953_841,0x13fae9c,219,FUN_1813fae9c,,,8874e7dd28b66246e018c9ca6f4f10486050ea5ea7239fb202d7ca8cddbb82b5,undefined FUN_1813fae9c(),ghidra,clean,
WHGame.dll,release_1_5_1164953_841,0x13faf6c,60,FUN_1813faf6c,,,421c9bc7431e420e920a9a94723fc5b69de1d8468afb120a1df6d1b7906f7379,undefined FUN_1813faf6c(),ghidra,clean,
WHGame.dll,release_1_5_1164953_841,0x13fafd4,77,FUN_1813fafd4,,,6cf9a2a83d6c0bb53d0b1aa730c3bcc3d402b033fbb991ed74126399c1e5ac04,undefined FUN_1813fafd4(),ghidra,clean,
WHGame.dll,release_1_5_1164953_841,0x13fb024,162,FUN_1813fb024,,,ab6809cef9c3e37ea69d56752d337c2a43653e8828fd3aaeee9a0c11fa9b4f9f,undefined FUN_1813fb024(),ghidra,clean,
WHGame.dll,release_1_5_1164953_841,0x13fb0e8,336,FUN_1813fb0e8,,,b542c85941a6bb071ece1ac74705c5b53db21ffe206cbb2ca618c1159aae6ec3,undefined FUN_1813fb0e8(),ghidra,clean,
WHGame.dll,release_1_5_1164953_841,0x13fb238,68,FUN_1813fb238,,,e62329887476460f5da2e37eef7d401f3ad1b9089e7a5d68f5d85b616a73ef48,undefined FUN_1813fb238(),ghidra,clean,
WHGame.dll,release_1_5_1164953_841,0x13fb27c,78,FUN_1813fb27c,,,e7658f7a2fad551c8f05d4484e09da3b362ab7d9733ee33c5913408ec559650d,undefined FUN_1813fb27c(),ghidra,clean,
WHGame.dll,release_1_5_1164953_841,0x13fb2cc,106,FUN_1813fb2cc,,,31529ba32905f8bb9d1f70bfd571403c7d795c09340d489bcd68af2e4e038181,undefined FUN_1813fb2cc(),ghidra,clean,
WHGame.dll,release_1_5_1164953_841,0x13fb338,52,FUN_1813fb338,,,2af236ef55da8b4ef7642b3849d4027a7199408c37b4c462ccd721b032630b2b,undefined FUN_1813fb338(),ghidra,clean,
WHGame.dll,release_1_5_1164953_841,0x13fb36c,37,FUN_1813fb36c,,,9b95ab71187e465ef4526cd3eb12fffb75c326509e8765840cea0072152fe689,undefined FUN_1813fb36c(),ghidra,clean,
WHGame.dll,release_1_5_1164953_841,0x13fb394,37,FUN_1813fb394,,,d5b7d507ac2eb2956049f7ef7241396a3fdef3dce04a4dd0af1cdf16ba0d3494,undefined FUN_1813fb394(),ghidra,clean,
WHGame.dll,release_1_5_1164953_841,0x13fb3bc,5,thunk_FUN_1813fb3c4,,,b0d40b133b9394d93820ac0104b0065121d2d73df32c7bfb4e4cf5d805a8b103,undefined thunk_FUN_1813fb3c4(),ghidra,clean,
WHGame.dll,release_1_5_1164953_841,0x13fb3c4,185,FUN_1813fb3c4,,,d44817628513c0d23548920ca0f4007afe6b9a2078f282fbad5e1910a6743ebe,undefined FUN_1813fb3c4(),ghidra,clean,
WHGame.dll,release_1_5_1164953_841,0x13fb474,130,FUN_1813fb474,,,039ae1e0eae21712763d13a324477aaa209f10df07d04635552359ee67625331,undefined FUN_1813fb474(),ghidra,clean,
WHGame.dll,release_1_5_1164953_841,0x13fb4f8,5,thunk_FUN_1813fb500,,,b0d40b133b9394d93820ac0104b0065121d2d73df32c7bfb4e4cf5d805a8b103,undefined thunk_FUN_1813fb500(),ghidra,clean,
WHGame.dll,release_1_5_1164953_841,0x13fb500,103,FUN_1813fb500,,,f022ef315ffff84c976638ee1edb48487750236315a930d9ff405004260d325f,undefined FUN_1813fb500(),ghidra,clean,
WHGame.dll,release_1_5_1164953_841,0x13fb568,95,FUN_1813fb568,,,f61dcbcffd1253817b105df57e34091628147a798d7c02269664625735f6db26,undefined FUN_1813fb568(),ghidra,clean,
WHGame.dll,release_1_5_1164953_841,0x13fb5c8,158,FUN_1813fb5c8,,,ca79ae30613d5b4599e537cc49f1c47d12e5b0c6d2cf7c599a9bc0c880f8ba40,undefined FUN_1813fb5c8(),ghidra,clean,
WHGame.dll,release_1_5_1164953_841,0x13fb64c,53,FUN_1813fb64c,,,e33be1341c65c696352a9d367d07fce3927ccdaa089e82037b4e54c82105a629,undefined FUN_1813fb64c(),ghidra,clean,
WHGame.dll,release_1_5_1164953_841,0x13fb684,422,FUN_1813fb684,,,893aabbcecc5ee18a13cdd2c0c688b20a6b1b9de7284044445c815025429e4fd,undefined FUN_1813fb684(),ghidra,clean,
WHGame.dll,release_1_5_1164953_841,0x13fb71c,142,FUN_1813fb71c,,,83372b2d01560c6aebd4b5de0a79ef40da67582142b7776a00736673f3e43c87,undefined FUN_1813fb71c(),ghidra,clean,
WHGame.dll,release_1_5_1164953_841,0x13fb7b0,7,FUN_1813fb7b0,,,c4a21d85773e65b1376b6053849f96090b164c84ff15748fd5d8ea4dbf6ae64f,undefined FUN_1813fb7b0(),ghidra,clean,
WHGame.dll,release_1_5_1164953_841,0x13fb7b8,80,FUN_1813fb7b8,,,3049cd4ac85d726f0e2093ee45c716de7665e23a78fa739c65e8abc7256e4f44,undefined FUN_1813fb7b8(),ghidra,clean,
WHGame.dll,release_1_5_1164953_841,0x13fb808,80,FUN_1813fb808,,,e4509d7a8db98edb115de68e8de5fdeab9fd4907c4901f78e790702b7564d180,undefined FUN_1813fb808(),ghidra,clean,
WHGame.dll,release_1_5_1164953_841,0x13fb858,85,FUN_1813fb858,,,5434d153a710e432fd2287b420a53f214a3745075326f66a586967cca3a13fe5,undefined FUN_1813fb858(),ghidra,clean,
WHGame.dll,release_1_5_1164953_841,0x13fb8a8,261,FUN_1813fb8a8,,,e8f3e33d55ea12c6c0121b52e86665e0f62f260e7c57d0e0c4af71cbb2d27e96,undefined FUN_1813fb8a8(),ghidra,clean,
WHGame.dll,release_1_5_1164953_841,0x13fb9a4,196,FUN_1813fb9a4,,,f73052282e7c9c6f746983e6c1bd96e1e55e689ace8c3996d3c62d117191eb42,undefined FUN_1813fb9a4(),ghidra,clean,
WHGame.dll,release_1_5_1164953_841,0x13fba68,26,FUN_1813fba68,,,819234953c91d716a341edb10dcca2267107efa13f78881bbca64f4a7a11eeca,undefined FUN_1813fba68(),ghidra,clean,
WHGame.dll,release_1_5_1164953_841,0x13fba84,155,FUN_1813fba84,,,6041d291535997b7e61324d8e7fafd521adf85e3663a04fbfa414d39a2b9bc0b,undefined FUN_1813fba84(),ghidra,clean,
WHGame.dll,release_1_5_1164953_841,0x13fbb20,311,FUN_1813fbb20,,,e34f96ef640cbce330b8ac0e7c8e55cdeece75ad623aa077df7087232956ff16,undefined FUN_1813fbb20(),ghidra,clean,
WHGame.dll,release_1_5_1164953_841,0x13fbc58,234,FUN_1813fbc58,,,e935a5cfb12dd6f5e8851786ef779fd8a34e2b726e4254dfeb9fd603f37e5f3d,undefined FUN_1813fbc58(),ghidra,clean,
WHGame.dll,release_1_5_1164953_841,0x13fbd44,296,FUN_1813fbd44,,,940e23a27ae7256764a4fd514640b867c5468d79f2cdb6bed340ed2bcee5cac1,undefined FUN_1813fbd44(),ghidra,clean,
WHGame.dll,release_1_5_1164953_841,0x13fbe6c,234,FUN_1813fbe6c,,,4a9f8ee856f4d205d5208c758db0d69586ea4689d485e23ef7449132a8099f4b,undefined FUN_1813fbe6c(),ghidra,clean,
WHGame.dll,release_1_5_1164953_841,0x13fbf58,1426,FUN_1813fbf58,,,139dcc9cdad5800c8eed2f2d849cbcf24a540e06e5cbfe617aa34e57cd5bcb26,undefined FUN_1813fbf58(),ghidra,clean,
WHGame.dll,release_1_5_1164953_841,0x13fc4ec,359,FUN_1813fc4ec,,,9676055440c43b342bf4840874f92da0f6e33a7a1e01891b0c85524d5f5a6555,undefined FUN_1813fc4ec(),ghidra,clean,
WHGame.dll,release_1_5_1164953_841,0x13fc644,254,FUN_1813fc644,,,c439bd490d0a656302575bc37dc8f1046b59580bf8828a6069094b2f99b078cd,undefined FUN_1813fc644(),ghidra,clean,
WHGame.dll,release_1_5_1164953_841,0x13fc744,244,FUN_1813fc744,,,ee5b7a4fc6f98b7d9b204c71d0d473115b01192933f6782ff217ee10b9251b83,undefined FUN_1813fc744(),ghidra,clean,
WHGame.dll,release_1_5_1164953_841,0x13fc838,273,FUN_1813fc838,,,0b0e3fc2d8f29635306c9d7ab9f88f841a1cc193343689f157b76c188b158362,undefined FUN_1813fc838(),ghidra,clean,
WHGame.dll,release_1_5_1164953_841,0x13fc93c,196,FUN_1813fc93c,,,625f721c4234a8c3e87e59f8dffc9ebf97ae65fafc33b5695da5e6057435cf37,undefined FUN_1813fc93c(),ghidra,clean,
WHGame.dll,release_1_5_1164953_841,0x13fc9f8,175,FUN_1813fc9f8,,,0a6f814819ccd9a9bf4c5d316cf2b7fff7f0a5a8fcaa29fd6bfe3dc63f101f0d,undefined FUN_1813fc9f8(),ghidra,clean,
WHGame.dll,release_1_5_1164953_841,0x13fcaa8,200,FUN_1813fcaa8,,,d788e73a1217702ebc52db9fbe2e0ad6dc2f01816af6bf11bcf0bb617c50dcc9,undefined FUN_1813fcaa8(),ghidra,clean,
WHGame.dll,release_1_5_1164953_841,0x13fcb50,26,FUN_1813fcb50,,,ab65d70f09fb65a36bda9ba02566544daf4b439ef19ee4cdfc95292bddcc184a,undefined FUN_1813fcb50(),ghidra,clean,
WHGame.dll,release_1_5_1164953_841,0x13fcb6c,151,FUN_1813fcb6c,,,2e9ba9a2c694436d8f68c21d38f02c5e422d5fd2e171e41701d14640579d028f,undefined FUN_1813fcb6c(),ghidra,clean,
WHGame.dll,release_1_5_1164953_841,0x13fcc04,155,FUN_1813fcc04,,,02ebf6f1aec533b0129685cf8cff393eae96bd26aac4e7849cd8e6d645b4a567,undefined FUN_1813fcc04(),ghidra,clean,
WHGame.dll,release_1_5_1164953_841,0x13fcca0,291,FUN_1813fcca0,,,f1ebaf3f0052a4244ae0c33f62b545c2af55625ffd8521df05a2f58a2836637b,undefined FUN_1813fcca0(),ghidra,clean,
WHGame.dll,release_1_5_1164953_841,0x13fcdc4,23,FUN_1813fcdc4,,,093c5646794e80f5c59e77948d036c1f53d7f8072aeff5d6027503bd8c657267,undefined FUN_1813fcdc4(),ghidra,clean,
WHGame.dll,release_1_5_1164953_841,0x13fcddc,194,FUN_1813fcddc,,,49b8773922deb55be94aa9e458a292c5c9f180e92f24961cf0e17ed9e5b9417e,undefined FUN_1813fcddc(),ghidra,clean,
WHGame.dll,release_1_5_1164953_841,0x13fcea0,155,FUN_1813fcea0,,,f58718f2e41c3f8e19d07a2369295ddb27f65e1d9cdf6e160930816e962398d0,undefined FUN_1813fcea0(),ghidra,clean,
WHGame.dll,release_1_5_1164953_841,0x13fcf3c,190,FUN_1813fcf3c,,,3da936b9c3243d5f4e349940ccbf39d9212c68525995549fda38cf89182d448b,undefined FUN_1813fcf3c(),ghidra,clean,
WHGame.dll,release_1_5_1164953_841,0x13fcffc,190,FUN_1813fcffc,,,5ca737e2b87b25bf1b425d0592dc22bd1e3d0a1735b93380e8d5d7ea1763cd4a,undefined FUN_1813fcffc(),ghidra,clean,
WHGame.dll,release_1_5_1164953_841,0x13fd0bc,26,FUN_1813fd0bc,,,ab65d70f09fb65a36bda9ba02566544daf4b439ef19ee4cdfc95292bddcc184a,undefined FUN_1813fd0bc(),ghidra,clean,
WHGame.dll,release_1_5_1164953_841,0x13fd0d8,151,FUN_1813fd0d8,,,4c0dc0abd27ad1fd5ca07d2ecfff64b7c6ce6cc2ab2d25d974c849bb2814bb9b,undefined FUN_1813fd0d8(),ghidra,clean,
WHGame.dll,release_1_5_1164953_841,0x13fd170,155,FUN_1813fd170,,,f8e0c47639893697f26e5e50aa3988dee4374b6971fc9d4646d8fc0a611f5714,undefined FUN_1813fd170(),ghidra,clean,
WHGame.dll,release_1_5_1164953_841,0x13fd20c,291,FUN_1813fd20c,,,ff4ab9fe18115e7b8779c25886a49e0b1049e820f4f430eb6dee1d3a4db07e8a,undefined FUN_1813fd20c(),ghidra,clean,
WHGame.dll,release_1_5_1164953_841,0x13fd330,298,FUN_1813fd330,,,fc920902b98c0220c9bd2130b48fec7b29ff5aedf3521053b6d8e5ef76d9b0d2,undefined FUN_1813fd330(),ghidra,clean,
WHGame.dll,release_1_5_1164953_841,0x13fd45c,251,FUN_1813fd45c,,,ba1505748e556f3b83429a36d4d9320272e62ab3e6c4b9138bee379f2cd99bd0,undefined FUN_1813fd45c(),ghidra,clean,
WHGame.dll,release_1_5_1164953_841,0x13fd520,194,FUN_1813fd520,,,bab0b3f4dd489e247937f786f6a51c2c3ff39a7961d28c7257059ede87ef1f54,undefined FUN_1813fd520(),ghidra,clean,
WHGame.dll,release_1_5_1164953_841,0x13fd5e4,118,FUN_1813fd5e4,,,5f83563aec6a194458ffba33877713515ef22a09cbd98f432e80ed953b5be2e4,undefined FUN_1813fd5e4(),ghidra,clean,
WHGame.dll,release_1_5_1164953_841,0x13fd65c,106,FUN_1813fd65c,,,6da7810becb2870c6eec9fdf099a5fc51c29e237a1930d7153c5bcf13f6a33e5,undefined FUN_1813fd65c(),ghidra,clean,
WHGame.dll,release_1_5_1164953_841,0x13fd6c8,514,FUN_1813fd6c8,,,52cba9bfdcbc4f31e1dc94067b2d44d7247b8164c0f8a98d1f5db058c6ba4def,undefined FUN_1813fd6c8(),ghidra,clean,
WHGame.dll,release_1_5_1164953_841,0x13fd858,226,FUN_1813fd858,,,0259ff2e15a8e7cd74e55a279b0a245d9585c1b5eece60e0622c48fb26268594,undefined FUN_1813fd858(),ghidra,clean,
WHGame.dll,release_1_5_1164953_841,0x13fd93c,26,FUN_1813fd93c,,,dbee972b48b350eca388cc41904425de38c74d599623c5cfb4df84c6be65795b,undefined FUN_1813fd93c(),ghidra,clean,
WHGame.dll,release_1_5_1164953_841,0x13fd958,68,FUN_1813fd958,,,5a023286c3e531a110420ee9a9a10d6063e5b2d15ecdb70fd00c632d90720564,undefined FUN_1813fd958(),ghidra,clean,
WHGame.dll,release_1_5_1164953_841,0x13fd99c,43,FUN_1813fd99c,,,b5f9ffeef8c6050b3fa6de6f41e2b5f68dcb95a34a413a398171266e92cde2e2,undefined FUN_1813fd99c(),ghidra,clean,
WHGame.dll,release_1_5_1164953_841,0x13fd9c8,51,FUN_1813fd9c8,,,013d381e8cd78e6895b4d73a9ed7338ce2d51e2eeb29094985bbc24cfd608c75,undefined FUN_1813fd9c8(),ghidra,clean,
WHGame.dll,release_1_5_1164953_841,0x13fd9e0,32,FUN_1813fd9e0,,,5186a1f420622c2fff51548df147ca7d64960afffd4502dee3d96b42abc82bd3,undefined FUN_1813fd9e0(),ghidra,clean,
WHGame.dll,release_1_5_1164953_841,0x13fda00,155,FUN_1813fda00,,,474b061e6c6ce8d444fd91d7705640a49fcf3757b28d58261564361343bdd08b,undefined FUN_1813fda00(),ghidra,clean,
WHGame.dll,release_1_5_1164953_841,0x13fda9c,291,FUN_1813fda9c,,,f8f210e981c6f639d96cb695773fa350223e01579c2b27dda5edc9e8005cf271,undefined FUN_1813fda9c(),ghidra,clean,
WHGame.dll,release_1_5_1164953_841,0x13fdbc0,53,FUN_1813fdbc0,,,6132c4ab55a520123808f8c5a2839ce07b54a2675c49c62599dc53e28402a9a8,undefined FUN_1813fdbc0(),ghidra,clean,
WHGame.dll,release_1_5_1164953_841,0x13fdbe8,152,FUN_1813fdbe8,,,b2dffc4a48c0f3cf2a4f33e1751d7317f0df89e0960640af2b6a16a33b9d9683,undefined FUN_1813fdbe8(),ghidra,clean,
WHGame.dll,release_1_5_1164953_841,0x13fdc80,25,FUN_1813fdc80,,,18ac801447d90cbfa031c1e58fe0d9061851afd596b3fdbce88b8dd69763684c,undefined FUN_1813fdc80(),ghidra,clean,
WHGame.dll,release_1_5_1164953_841,0x13fdc9c,152,FUN_1813fdc9c,,,3599e0b67970daa37e062101919dc007c1bf8012556e3441609f878c7e9d4eaf,undefined FUN_1813fdc9c(),ghidra,clean,
WHGame.dll,release_1_5_1164953_841,0x13fdd34,15,FUN_1813fdd34,,,b81eeb760f2050ce38ed35a31af846e7e613543e980bccecef8a7a36ebb7d19b,undefined FUN_1813fdd34(),ghidra,clean,
WHGame.dll,release_1_5_1164953_841,0x13fdd44,94,FUN_1813fdd44,,,d05595c11a9c56ddf2cbb388c9e0c035672c22bebf91bff8278368dcbcd9d491,undefined FUN_1813fdd44(),ghidra,clean,
WHGame.dll,release_1_5_1164953_841,0x13fdda4,155,FUN_1813fdda4,,,d5436d80b1711736c9e563bebf2a1c01dd30351496a5b8e1ed0243b639e18e34,undefined FUN_1813fdda4(),ghidra,clean,
WHGame.dll,release_1_5_1164953_841,0x13fde40,308,FUN_1813fde40,,,824a9f55edd38c68dd552d7ccfceea84b33532e13b9ea403bebbcf54f04c8fbe,undefined FUN_1813fde40(),ghidra,clean,
WHGame.dll,release_1_5_1164953_841,0x13fdf74,64,FUN_1813fdf74,,,82ed8cc3e32afbb71da616e5c7b65a5bad73bdccf8fc718ea41f84aa39390e0c,undefined FUN_1813fdf74(),ghidra,clean,
WHGame.dll,release_1_5_1164953_841,0x13fdfb4,52,FUN_1813fdfb4,,,85b58d5953341e214d67b716bc00f244a5d7b8da4aa0d39f91b98ef3cce9c6c8,undefined FUN_1813fdfb4(),ghidra,clean,
WHGame.dll,release_1_5_1164953_841,0x13fdfe8,348,FUN_1813fdfe8,,,5b5bf91fd27556f6352e49dd02468189369b1704cf016775fa9af2b42943fa22,undefined FUN_1813fdfe8(),ghidra,clean,
WHGame.dll,release_1_5_1164953_841,0x13fe144,105,FUN_1813fe144,,,1637a1090ad17f76cdb169e39c4b2422f7413e841f41265295b101a35c6d8907,undefined FUN_1813fe144(),ghidra,clean,
WHGame.dll,release_1_5_1164953_841,0x13fe1b0,215,FUN_1813fe1b0,,,cec0128b417bdf0c0c1a07a94cf8bbf81cd5e5f18e17d2ff30671402fff95556,undefined FUN_1813fe1b0(),ghidra,clean,
WHGame.dll,release_1_5_1164953_841,0x13fe288,293,FUN_1813fe288,,,83f04bf05360c302e2bf2a2e5383d61e9f7cf7aa7c9edfc922bf34f9a3da95f9,undefined FUN_1813fe288(),ghidra,clean,
WHGame.dll,release_1_5_1164953_841,0x13fe378,130,FUN_1813fe378,,,e946ee977f92707e872a2a4d4cece447b6136023b38c82b4f6544798de6b1431,undefined FUN_1813fe378(),ghidra,clean,
WHGame.dll,release_1_5_1164953_841,0x13fe3fc,320,FUN_1813fe3fc,,,a7fe768e611d7fbea187cd8ae598eaca6577caf1e1a5ad434ebf56473844eba6,undefined FUN_1813fe3fc(),ghidra,clean,
WHGame.dll,release_1_5_1164953_841,0x13fe4d0,87,FUN_1813fe4d0,,,82b4a56d70b7bc05dc51f20c6b35ad26095c30539eea9eed467930ae9144b865,undefined FUN_1813fe4d0(),ghidra,clean,
WHGame.dll,release_1_5_1164953_841,0x13fe528,155,FUN_1813fe528,,,16fa3e98e67ac6b9e905192357c2d9e696c97327ab876bc2147cf42fad3c37a1,undefined FUN_1813fe528(),ghidra,clean,
WHGame.dll,release_1_5_1164953_841,0x13fe5c4,291,FUN_1813fe5c4,,,5a8a7a8d3ab266baed9a4e738e42e83e01d8a305ad1cc531ed1c871f604b83f9,undefined FUN_1813fe5c4(),ghidra,clean,
WHGame.dll,release_1_5_1164953_841,0x13fe6e8,217,FUN_1813fe6e8,,,77da56c987ef85c9b9d134d33e8fbacb7f8c09a4895d673663ae119d21fa04c0,undefined FUN_1813fe6e8(),ghidra,clean,
WHGame.dll,release_1_5_1164953_841,0x13fe768,238,FUN_1813fe768,,,dd5786cec74fefc00ebeae7aaae84a6ab8d90eeec617940a7f4c7704a68af690,undefined FUN_1813fe768(),ghidra,clean,
WHGame.dll,release_1_5_1164953_841,0x13fe7d0,197,FUN_1813fe7d0,,,8a37d522e5eaba982fddad42f62b600f68ad0ee1f6d9a9477bb8a6fce6be24e2,undefined FUN_1813fe7d0(),ghidra,clean,
WHGame.dll,release_1_5_1164953_841,0x13fe898,197,FUN_1813fe898,,,56e53093f6a50ddb3e3084ace3322d84ccfd5f2e0dfc0e1b56b08b7bf83b2682,undefined FUN_1813fe898(),ghidra,clean,
WHGame.dll,release_1_5_1164953_841,0x13fe960,197,FUN_1813fe960,,,e691e4bf14d5126ebdddd90f6ace910a8882d436d0038ce9f393f078e01154ed,undefined FUN_1813fe960(),ghidra,clean,
WHGame.dll,release_1_5_1164953_841,0x13fea28,374,FUN_1813fea28,,,5be25a2e0424a8758f9a0a9e8a11c4435421d9f100ecd2ba5ade1af05fe02900,undefined FUN_1813fea28(),ghidra,clean,
WHGame.dll,release_1_5_1164953_841,0x13feba0,374,FUN_1813feba0,,,d63104f36fca4dac8ce176167c887b355fc114f354e5867639428edc8380d9ce,undefined FUN_1813feba0(),ghidra,clean,
WHGame.dll,release_1_5_1164953_841,0x13fed18,374,FUN_1813fed18,,,893049b973302a322da5cd80abd345aa226ac57758e846cebe99f4a134254c89,undefined FUN_1813fed18(),ghidra,clean,
WHGame.dll,release_1_5_1164953_841,0x13fee90,279,FUN_1813fee90,,,79ba859ee672f067d975eda07c2468400146598cdd6a5b09b0ac254fb1d7ef8a,undefined FUN_1813fee90(),ghidra,clean,
WHGame.dll,release_1_5_1164953_841,0x13fef9c,262,FUN_1813fef9c,,,9e72b04f009200338e16c4576c94ed1c196a9c67d404fb909a926b3dd8c141d8,undefined FUN_1813fef9c(),ghidra,clean,
WHGame.dll,release_1_5_1164953_841,0x13ff0a4,238,FUN_1813ff0a4,,,8caa2f1e501432aa0cb45eeca64594a26ef9a1fbf78002d2f3ac2b15a9684dee,undefined FUN_1813ff0a4(),ghidra,clean,
WHGame.dll,release_1_5_1164953_841,0x13ff194,11,FUN_1813ff194,,,92544ce643f7e990a52b0a5ee40b435e65658d66de7b1526645c00a4f00ee395,undefined FUN_1813ff194(),ghidra,clean,
WHGame.dll,release_1_5_1164953_841,0x13ff1a0,11,FUN_1813ff1a0,,,b6d5a87e841e09403eeb0e9e88c0d4e40362a857d9bb9deb272993a59311462b,undefined FUN_1813ff1a0(),ghidra,clean,
WHGame.dll,release_1_5_1164953_841,0x13ff1ac,11,FUN_1813ff1ac,,,6800922b66383463fcd778a6ec21ecdccd6ffb982af603f8c5250a75634390f9,undefined FUN_1813ff1ac(),ghidra,clean,
WHGame.dll,release_1_5_1164953_841,0x13ff1b8,180,FUN_1813ff1b8,,,effc369f572a66597def96b35c7dd01a7632c3e2303d2022b0bcadf4d703bbc5,undefined FUN_1813ff1b8(),ghidra,clean,
WHGame.dll,release_1_5_1164953_841,0x13ff26c,938,FUN_1813ff26c,,,e84a20546b02037374d2a621e3c7fbb8fd13f83c5762e9927689305eb90d30e3,undefined FUN_1813ff26c(),ghidra,clean,
WHGame.dll,release_1_5_1164953_841,0x13ff618,54,FUN_1813ff618,,,54cfb25b0b84ed6cad220e0118510c70a15506261a17d427c3d040a9cf65e3d5,undefined FUN_1813ff618(),ghidra,clean,
WHGame.dll,release_1_5_1164953_841,0x13ff650,34,FUN_1813ff650,,,7fda53363c7b31a902591d3d0ae01c0bd05bd96572cf441ffe03a5d5ba9b7b48,undefined FUN_1813ff650(),ghidra,clean,
WHGame.dll,release_1_5_1164953_841,0x13ff674,41,FUN_1813ff674,,,7ae6daa7a2748d1fde8c161337285f1a33d2ffa22e415a5df1ce7a77a93bc738,undefined FUN_1813ff674(),ghidra,clean,
WHGame.dll,release_1_5_1164953_841,0x13ff6a0,75,FUN_1813ff6a0,,,4dcb0a5fa3c9aed206798a3ac96f50566b3a942a7180bf45a3e49d457263a08b,undefined FUN_1813ff6a0(),ghidra,clean,
WHGame.dll,release_1_5_1164953_841,0x13ff6ec,62,FUN_1813ff6ec,,,2f1a98e098643f5a745a88b7fd0baab91c2e46fa23755b89f9bc9a7a0a566f0e,undefined FUN_1813ff6ec(),ghidra,clean,
WHGame.dll,release_1_5_1164953_841,0x13ff72c,296,FUN_1813ff72c,,,88cabb667ade5bfc137e702cbdda5dfa81de896e3a67332bab065f3b5518177d,undefined FUN_1813ff72c(),ghidra,clean,
WHGame.dll,release_1_5_1164953_841,0x13ff854,234,FUN_1813ff854,,,ef5672595004ae9bebcbb1b9e98019ec09d05d22573e018a55750976cea32c93,undefined FUN_1813ff854(),ghidra,clean,
WHGame.dll,release_1_5_1164953_841,0x13ff940,1513,FUN_1813ff940,,,12b3c67bc95bb19c9023f24ef0c32834fff9eff6d62184761f78fa20ca3f018f,undefined FUN_1813ff940(),ghidra,clean,
WHGame.dll,release_1_5_1164953_841,0x13fff2c,359,FUN_1813fff2c,,,07130569553bad5c1773df461dbabaac4d367f2244e29fe68dcbdd0082770148,undefined FUN_1813fff2c(),ghidra,clean,
