module,game_version,rva,length,auto_name,function_name,namespace,content_hash,signature,signature_source,decompile_quality,edge_reason
WHGame.dll,release_1_5_1164953_841,0x600280,159,FUN_180600280,,,0e1bad24dff1b6d488d15e4949acb2493b9ae865c632e3e1d58f38430b777d21,undefined FUN_180600280(),ghidra,clean,
WHGame.dll,release_1_5_1164953_841,0x600320,181,FUN_180600320,,,7abacb3cd57c35deb9e440b189f3a0727d2a59061bcac7e5a2feb7e4e0d7c0a4,undefined FUN_180600320(),ghidra,clean,
WHGame.dll,release_1_5_1164953_841,0x6003d8,305,FUN_1806003d8,,,aa3794047199ae0961347951fcf88909070fce9c61744f1f38f8a2efb803e721,undefined FUN_1806003d8(),ghidra,clean,
WHGame.dll,release_1_5_1164953_841,0x6004d0,344,FUN_1806004d0,,,16434410a5a8d5a732cfc50077518fa75885ae20d64285c5c328101e10225148,undefined FUN_1806004d0(),ghidra,clean,
WHGame.dll,release_1_5_1164953_841,0x600628,49,FUN_180600628,,,e6144449cd8658373bee1508285e2f3e8c1841838830d52bf31607d1c8e38bbc,undefined FUN_180600628(),ghidra,clean,
WHGame.dll,release_1_5_1164953_841,0x60065c,183,FUN_18060065c,,,73d124e12e18d54efbd79b20db443948d12255001f4153085cbb5b3e2e4aa562,undefined FUN_18060065c(),ghidra,clean,
WHGame.dll,release_1_5_1164953_841,0x60070c,158,FUN_18060070c,,,e42a321abfb82d04171c2e1b37af59d84ff8043cdc39fae7488e09c02a11e5d9,undefined FUN_18060070c(),ghidra,clean,
WHGame.dll,release_1_5_1164953_841,0x6007a4,2983,FUN_1806007a4,,,54257db499b1d50172b2448eaf22d42c5ad612160f9440af255e43d2a0b38b9a,undefined FUN_1806007a4(),ghidra,clean,
WHGame.dll,release_1_5_1164953_841,0x60134c,941,FUN_18060134c,,,d1fbbf7847775a887df84701597ccd219b2e3210204cf050a59293a5dd40430a,undefined FUN_18060134c(),ghidra,clean,
WHGame.dll,release_1_5_1164953_841,0x6016fc,132,FUN_1806016fc,,,efc2859d885a31283979dde9f569d754a956dba413569704720ddeb2c31585d7,undefined FUN_1806016fc(),ghidra,clean,
WHGame.dll,release_1_5_1164953_841,0x601784,183,FUN_180601784,,,1acc9275832cf5149c4564e55987fbbead022a14463309bef494388e6c7d0519,undefined FUN_180601784(),ghidra,clean,
WHGame.dll,release_1_5_1164953_841,0x601834,168,FUN_180601834,,,d8422009213f5ea57613225c5519e5c5c58ff0b78e63cb47bdd3fe495a4f0b24,undefined FUN_180601834(),ghidra,clean,
WHGame.dll,release_1_5_1164953_841,0x6018e0,27,FUN_1806018e0,,,033256ffd1f94f8edf5478c042d70ec839c3f4eac259e6e589c1004ee9b0f6c3,undefined FUN_1806018e0(),ghidra,clean,
WHGame.dll,release_1_5_1164953_841,0x6018fc,1512,FUN_1806018fc,,,e1152ed9333d6dff7870cbcdecfd59b61a1acba1d26c43a65b2ade3982ef179f,undefined FUN_1806018fc(),ghidra,clean,
WHGame.dll,release_1_5_1164953_841,0x601ee4,54,FUN_180601ee4,,,fe2ffd2713b89ffae90de63a3e1ccae75da120e6084f0b9dbd2ee0a79fcfcc2f,undefined FUN_180601ee4(),ghidra,clean,
WHGame.dll,release_1_5_1164953_841,0x601f00,179,FUN_180601f00,,,239aae886ef6fc340cb49746b8c15371259899a60e3075e071414c054e383aea,undefined FUN_180601f00(),ghidra,clean,
WHGame.dll,release_1_5_1164953_841,0x601fac,80,FUN_180601fac,,,56c3b64f8ee1ca0928fbd030db168bbd8e9189b948f24aac02b97da6a6aa777a,undefined FUN_180601fac(),ghidra,clean,
WHGame.dll,release_1_5_1164953_841,0x601fdc,349,FUN_180601fdc,,,09806bd6771fe5d148faf91f304819a542f98f1fbb61fa680832aac80ee5245f,undefined FUN_180601fdc(),ghidra,clean,
WHGame.dll,release_1_5_1164953_841,0x60213c,214,FUN_18060213c,,,aecb70162899dcd8465edd3b73268a4e71844a86787c7d8789311df49761a7e9,undefined FUN_18060213c(),ghidra,clean,
WHGame.dll,release_1_5_1164953_841,0x602214,204,FUN_180602214,,,bcc88edb092b88ab7a668c06131f140c3636d053f242de4c60e8c1107210b781,undefined FUN_180602214(),ghidra,clean,
WHGame.dll,release_1_5_1164953_841,0x6022e0,511,FUN_1806022e0,,,8ce0572c8993b02d6435172bbf44ba3ae3206668ff86237e743224cb6ffe1782,undefined FUN_1806022e0(),ghidra,clean,
WHGame.dll,release_1_5_1164953_841,0x6024e0,8,FUN_1806024e0,,,322cb33adafbabc8c50e140d69af34e30a256299a69d868856642de60b1263b7,undefined FUN_1806024e0(),ghidra,clean,
WHGame.dll,release_1_5_1164953_841,0x6024f0,8,FUN_1806024f0,,,baad0f43824845bb4b90c7697262c500510fffa4d08b5029b89fc3e37b3feebb,undefined FUN_1806024f0(),ghidra,clean,
WHGame.dll,release_1_5_1164953_841,0x6024f8,200,FUN_1806024f8,,,5d58b8ca9d1216b816ec86c2e02998f52d7ec355f43a9b33ae8fab829c53e721,undefined FUN_1806024f8(),ghidra,clean,
WHGame.dll,release_1_5_1164953_841,0x6025c0,5,FUN_1806025c0,,,d49c2eb1dced84bedda5cb728e395ab9eff80520cec40e3b02df645615aca595,undefined FUN_1806025c0(),ghidra,clean,
WHGame.dll,release_1_5_1164953_841,0x6025c8,28,FUN_1806025c8,,,63b9742298448a5399c272489f3b1b6dad7ab800fb6a6543041adf4f95780cee,undefined FUN_1806025c8(),ghidra,clean,
WHGame.dll,release_1_5_1164953_841,0x6025e4,77,FUN_1806025e4,,,05a47b888e2d6d0855f13aa57fd98c2a5218e65887392b5a369f17b1322e3009,undefined FUN_1806025e4(),ghidra,clean,
WHGame.dll,release_1_5_1164953_841,0x602634,49,FUN_180602634,,,f26a8148160e74f743d00d9c11fa8d0db630ee38e319a4704c63a90be8af4a42,undefined FUN_180602634(),ghidra,clean,
WHGame.dll,release_1_5_1164953_841,0x602670,13,FUN_180602670,,,e87ca37c07b1654afb3d2e2cdccf12f3df946df17dcd618a772ddb05fe93ea50,undefined FUN_180602670(),ghidra,clean,
WHGame.dll,release_1_5_1164953_841,0x602680,35,FUN_180602680,,,1600e524d6969fe28156b147e5452d6330ac1aceb04ab163756d4fa757fbf51e,undefined FUN_180602680(),ghidra,clean,
WHGame.dll,release_1_5_1164953_841,0x6026a4,43,FUN_1806026a4,,,fe5d650fa2b49d25a49f5c1f96b614347eb4727ef6d9ec4fd4a2164ac82bf5a7,undefined FUN_1806026a4(),ghidra,clean,
WHGame.dll,release_1_5_1164953_841,0x6026d0,132,FUN_1806026d0,,,970a52727b1c6a524d80ccfbc37ed55d0cfe31b4ba0fdcda989e4dbf7db00705,undefined FUN_1806026d0(),ghidra,clean,
WHGame.dll,release_1_5_1164953_841,0x602754,36,FUN_180602754,,,5eaca585f19db0698215d86c8ba78361929434c7bd8e1bc194801498287064a8,undefined FUN_180602754(),ghidra,clean,
WHGame.dll,release_1_5_1164953_841,0x602778,159,FUN_180602778,,,fc577fa540a54d409d704e7663367201fc76d14033e9dd4de446e46bd7b26b83,undefined FUN_180602778(),ghidra,clean,
WHGame.dll,release_1_5_1164953_841,0x602818,139,FUN_180602818,,,f2067acb43b66ea8425b4e3a41ab2a1bbadcec62729f0d405891d12bd4379360,undefined FUN_180602818(),ghidra,clean,
WHGame.dll,release_1_5_1164953_841,0x6028a4,162,FUN_1806028a4,,,92224d0cae6aa375187e1db3d0f081a24648fe4b5f9db63087cf33fc7a28a6e0,undefined FUN_1806028a4(),ghidra,clean,
WHGame.dll,release_1_5_1164953_841,0x602948,24,FUN_180602948,,,8adcdf7fe83d0069672142009da0d457fa5d7c6fda8190eee612d9aae459587a,undefined FUN_180602948(),ghidra,clean,
WHGame.dll,release_1_5_1164953_841,0x602960,468,FUN_180602960,,,5971e548ce37448faf1e4f2a868bd86a26fe3873e324a4f8fd804c5a598e8dcd,undefined FUN_180602960(),ghidra,clean,
WHGame.dll,release_1_5_1164953_841,0x602a7c,76,FUN_180602a7c,,,e43493f5a52e8a54d3184e9ffd783a40c3c7d530b8c7817523605461ea4592e9,undefined FUN_180602a7c(),ghidra,clean,
WHGame.dll,release_1_5_1164953_841,0x602ac8,369,FUN_180602ac8,,,f30d044cf3d2658d68f002544b0eb3a3a6b12d56074e99638716f41da60268bf,undefined FUN_180602ac8(),ghidra,clean,
WHGame.dll,release_1_5_1164953_841,0x602bd0,724,FUN_180602bd0,,,89ba79813c914e8545ae5d748ed24c307ee1ad901f8bee481313b776cac1b7ef,undefined FUN_180602bd0(),ghidra,clean,
WHGame.dll,release_1_5_1164953_841,0x602ea4,168,FUN_180602ea4,,,1283a5246f8a6e6e263fc59ceefc37581f45eebad1513b291f2638dc38c44416,undefined FUN_180602ea4(),ghidra,clean,
WHGame.dll,release_1_5_1164953_841,0x602f4c,269,FUN_180602f4c,,,5bc218ecc9f4ee8aa2f51968ebb3d5fd2aad951649f49029f4f3c54f6069f469,undefined FUN_180602f4c(),ghidra,clean,
WHGame.dll,release_1_5_1164953_841,0x603024,277,FUN_180603024,,,aa69e21716136ebe5f80b3d6e2c2cfc201b901a960c1828569d2969df981800d,undefined FUN_180603024(),ghidra,clean,
WHGame.dll,release_1_5_1164953_841,0x60312c,267,FUN_18060312c,,,befd6a4deb55146f0190b50688b5f4caef514c4b0d984f9c3f10473b3a919abb,undefined FUN_18060312c(),ghidra,clean,
WHGame.dll,release_1_5_1164953_841,0x603238,231,FUN_180603238,,,4d9f90000a641468997c0ccfa5dddd9115cb802f1b0310161a917a5838103733,undefined FUN_180603238(),ghidra,clean,
WHGame.dll,release_1_5_1164953_841,0x603320,36,FUN_180603320,,,bd413443aa27e7129f3bc0f0c3e074b44463c3a4f2141cbad296226cb7a35918,undefined FUN_180603320(),ghidra,clean,
WHGame.dll,release_1_5_1164953_841,0x603344,122,FUN_180603344,,,1e230ae9b37d2a5cfdd6edb620cbb57aff09d066e08b19801c9526bc71401833,undefined FUN_180603344(),ghidra,clean,
WHGame.dll,release_1_5_1164953_841,0x6033c0,260,FUN_1806033c0,,,6cfd33b165c381f13c9156cfa5738666e98082fd30d9eb947f75a69ab3ad79e7,undefined FUN_1806033c0(),ghidra,clean,
WHGame.dll,release_1_5_1164953_841,0x6034c4,592,FUN_1806034c4,,,9cf2da8ba94badcdb9d648eb1b9f774d9077584faeff52e488ab70fd2a2b7ee1,undefined FUN_1806034c4(),ghidra,clean,
WHGame.dll,release_1_5_1164953_841,0x603714,1787,FUN_180603714,,,f2f905f71373d18fb27e189d97a3e40532d037deb26ab3d70277aff57df46492,undefined FUN_180603714(),ghidra,clean,
WHGame.dll,release_1_5_1164953_841,0x603e10,5,thunk_FUN_181957428,,,38dc4acd1e7241606655af49b2b77f4de8417a561f00c822f3dc94a9a0a01cd8,undefined thunk_FUN_181957428(),ghidra,clean,
WHGame.dll,release_1_5_1164953_841,0x603e18,30,FUN_180603e18,,,782b6034e8969eee13c53b7ae2c71f34b1190eebaae08c8742da1c52d168f977,undefined FUN_180603e18(),ghidra,clean,
WHGame.dll,release_1_5_1164953_841,0x603e38,23,FUN_180603e38,,,f9d6bb1e931582e9e770b3aa1b38276041c68b057e6dfe44a44d5bc985b54704,undefined FUN_180603e38(),ghidra,clean,
WHGame.dll,release_1_5_1164953_841,0x603e50,23,FUN_180603e50,,,0ee26e4a7dc69d6c49bb535d73030c93f75e6f6d2f0ba427ca6d81256865d890,undefined FUN_180603e50(),ghidra,clean,
WHGame.dll,release_1_5_1164953_841,0x603e68,61,FUN_180603e68,,,f964071c2ed6f52e27010e46bc6b4c85a7b9407a77525b33ca23b0f0c4eb0d2d,undefined FUN_180603e68(),ghidra,clean,
WHGame.dll,release_1_5_1164953_841,0x603ea8,53,FUN_180603ea8,,,0a644cb84bfe361f1e82e58642cd976f6e311b6f694569c171f27d756625abfe,undefined FUN_180603ea8(),ghidra,clean,
WHGame.dll,release_1_5_1164953_841,0x603ee0,67,FUN_180603ee0,,,c26bf64c3aff9fde5dabaa391c793d920a66551b5ba74482b3ab5fa4365cbb5e,undefined FUN_180603ee0(),ghidra,clean,
WHGame.dll,release_1_5_1164953_841,0x603f24,91,FUN_180603f24,,,11f1f0a83c47ae711e062474601670aa0d5ad30bf52cef0bceaac19b5d6abf31,undefined FUN_180603f24(),ghidra,clean,
WHGame.dll,release_1_5_1164953_841,0x603f80,90,FUN_180603f80,,,08f13832d9e3f168741892325507ad15d3cb4963667c44e458d0b37ae307d10f,undefined FUN_180603f80(),ghidra,clean,
WHGame.dll,release_1_5_1164953_841,0x603fdc,83,FUN_180603fdc,,,dba6f9e082d2592d3eff940df6dde8e5629e35b1bf4ad4a28bdcea2524d130e8,undefined FUN_180603fdc(),ghidra,clean,
WHGame.dll,release_1_5_1164953_841,0x604030,103,FUN_180604030,,,51a0aab6db2fdf952d10f74f6d5bb84636a7588e86dcdfc8b752e144c5c43db6,undefined FUN_180604030(),ghidra,clean,
WHGame.dll,release_1_5_1164953_841,0x604098,116,FUN_180604098,,,7c12215781dd73609e2ccb342afad3187056d235d90aa1dd5232c79e7abf7ddf,undefined FUN_180604098(),ghidra,clean,
WHGame.dll,release_1_5_1164953_841,0x60410c,134,FUN_18060410c,,,7370613c7bbdb7ead50cc055f7c8025911011c151ca51a1986f7af7e9c2138fc,undefined FUN_18060410c(),ghidra,clean,
WHGame.dll,release_1_5_1164953_841,0x604194,146,FUN_180604194,,,548bce8024efa1dab1a19e6d46d2c2a2bdca82217dff719b9f0c3480b7a9aa53,undefined FUN_180604194(),ghidra,clean,
WHGame.dll,release_1_5_1164953_841,0x604228,156,FUN_180604228,,,5302518fcc33e27f954405894f6383230cf95c44594120cfff20484a963193a3,undefined FUN_180604228(),ghidra,clean,
WHGame.dll,release_1_5_1164953_841,0x6042c4,192,FUN_1806042c4,,,e617de7b6dfae49b793232d0682217140c0db6bbe47aa49c996f2463a4ad2618,undefined FUN_1806042c4(),ghidra,clean,
WHGame.dll,release_1_5_1164953_841,0x604384,207,FUN_180604384,,,6b2516b2fb76ece606ed889ce49dd18a339fcf5768e839b0b3210439aaa4bddd,undefined FUN_180604384(),ghidra,clean,
WHGame.dll,release_1_5_1164953_841,0x604454,99,FUN_180604454,,,316d9f653678fb032a7a98ed88132eb5d2d5e72c16958c8eaa7129a17a0fde0e,undefined FUN_180604454(),ghidra,clean,
WHGame.dll,release_1_5_1164953_841,0x6044b8,93,FUN_1806044b8,,,50c9c0f29d0f4c804f4d068f110c85d56e9656a8a78e1984ad46a08c5f5a190a,undefined FUN_1806044b8(),ghidra,clean,
WHGame.dll,release_1_5_1164953_841,0x604518,79,FUN_180604518,,,1df081de5b5cf0bf6eb588fc47aa63de2c7fc60050e66dcdf4371b386fdc3171,undefined FUN_180604518(),ghidra,clean,
WHGame.dll,release_1_5_1164953_841,0x604568,205,FUN_180604568,,,6dc513a973ce5f659f4c4ee4320d444f9738ca2b2066c99e13f29b01e269e7d9,undefined FUN_180604568(),ghidra,clean,
WHGame.dll,release_1_5_1164953_841,0x604638,202,FUN_180604638,,,5710321583a634d03fb4c171c9f6dc0524b6968e72077d32c0d722982da38c8b,undefined FUN_180604638(),ghidra,clean,
WHGame.dll,release_1_5_1164953_841,0x604704,109,FUN_180604704,,,0c96e22140f48c3dfca6fa3a8fdd3249840986563a090e2c9e7cf8b10aaee110,undefined FUN_180604704(),ghidra,clean,
WHGame.dll,release_1_5_1164953_841,0x604774,100,FUN_180604774,,,c349763cf4d511a1ae1a09961b5e57caea289ab8324ccd7c33b8302ee3119bb7,undefined FUN_180604774(),ghidra,clean,
WHGame.dll,release_1_5_1164953_841,0x6047d8,3578,FUN_1806047d8,,,757ca4fa9cb6fe8240c6cec736946c0a5a45af0cb664c5eb2febbb46971f456e,undefined FUN_1806047d8(),ghidra,clean,
WHGame.dll,release_1_5_1164953_841,0x6055d4,143,FUN_1806055d4,,,b00209a20520b1e811f3e194aa394305bc3bfb356f823bea95823141342ecc86,undefined FUN_1806055d4(),ghidra,clean,
WHGame.dll,release_1_5_1164953_841,0x605664,199,FUN_180605664,,,f739d47327a9df661d1d2a29eefded3c0a3288053216042191fa5e86d7f3d14b,undefined FUN_180605664(),ghidra,clean,
WHGame.dll,release_1_5_1164953_841,0x605720,157,FUN_180605720,,,2228f1a13a692532191fc88a20d40747c8be5cf308b3bf124d1fb20d09c55bae,undefined FUN_180605720(),ghidra,clean,
WHGame.dll,release_1_5_1164953_841,0x605790,195,FUN_180605790,,,e6d13b3e62fb03a32f15867fc15f0ab961fc2342eb87f2333ab4f37ea9ca443a,undefined FUN_180605790(),ghidra,clean,
WHGame.dll,release_1_5_1164953_841,0x605848,16,FUN_180605848,,,83a115edb5c1425189085187cb8d9ea39c91046281529972073db544556905e8,undefined FUN_180605848(),ghidra,clean,
WHGame.dll,release_1_5_1164953_841,0x605858,594,FUN_180605858,,,5f7311990a0711816f9a7894871460c4c89a83e0647ee1b45e9de945b8a34f7e,undefined FUN_180605858(),ghidra,clean,
WHGame.dll,release_1_5_1164953_841,0x60596c,106,FUN_18060596c,,,0410b9d2c35533ea69341fce2ac3982b892283265d5f7cc12efe859baa40e914,undefined FUN_18060596c(),ghidra,clean,
WHGame.dll,release_1_5_1164953_841,0x605994,124,FUN_180605994,,,25de159ad573be75c6fe5df3a84e89db22657821c89cbf9d35feb074ce9c3c4a,undefined FUN_180605994(),ghidra,clean,
WHGame.dll,release_1_5_1164953_841,0x605a10,25,FUN_180605a10,,,42cba153ed7fa1c074eb55df39acc79f895b8d888a7a07b04e2d40a282f32971,undefined FUN_180605a10(),ghidra,clean,
WHGame.dll,release_1_5_1164953_841,0x605a2c,43,FUN_180605a2c,,,3018274d20854992a336e48ec865ca5c5315d4f9ae71a9caa549acf3f94cde67,undefined FUN_180605a2c(),ghidra,clean,
WHGame.dll,release_1_5_1164953_841,0x605a58,328,FUN_180605a58,,,57e20f2ab98e494e926d10eaeec34e4886ccc3b55082fb76f5537396d49a99d5,undefined FUN_180605a58(),ghidra,clean,
WHGame.dll,release_1_5_1164953_841,0x605ba4,146,FUN_180605ba4,,,b32f6c6d915df4f6a2b15c9feca57050bb4f7f83145d32dbd3509a8940458ff9,undefined FUN_180605ba4(),ghidra,clean,
WHGame.dll,release_1_5_1164953_841,0x605c38,70,FUN_180605c38,,,79842c9fa1c2e29b05fc0635472a4bc908e5576fd16b24493f0a9c6605ede21d,undefined FUN_180605c38(),ghidra,clean,
WHGame.dll,release_1_5_1164953_841,0x605c80,25,FUN_180605c80,,,9ca7e4f7d6ee4d76be7b19cc1141d1ee4ccab0d43de50553ec2c90a08c63c4b3,undefined FUN_180605c80(),ghidra,clean,
WHGame.dll,release_1_5_1164953_841,0x605c9c,151,FUN_180605c9c,,,e4f7ae8cfc703e0654751303a5503457000dee7900e182fbe47661a615a23f7f,undefined FUN_180605c9c(),ghidra,clean,
WHGame.dll,release_1_5_1164953_841,0x605d34,65,FUN_180605d34,,,06514c20c83b0f720e980cf2e95717818ac9231ab1a54abcaeaf20edf07cbb3e,undefined FUN_180605d34(),ghidra,clean,
WHGame.dll,release_1_5_1164953_841,0x605d78,387,FUN_180605d78,,,362652e26e66eb361e43315f5aea2023b4678594ffb0e50fa4c9a925d093d955,undefined FUN_180605d78(),ghidra,clean,
WHGame.dll,release_1_5_1164953_841,0x605e00,8,FUN_180605e00,,,0ac675302de99c90d0febc9c9abb14882e0d482ca13f3509a6067ceadab34b6b,undefined FUN_180605e00(),ghidra,clean,
WHGame.dll,release_1_5_1164953_841,0x605e08,95,FUN_180605e08,,,6d0a9cc0cdfd2ca1fb76670e77840f8f903442e69e294f0631ef7f94db5b3a76,undefined FUN_180605e08(),ghidra,clean,
WHGame.dll,release_1_5_1164953_841,0x605e68,9,FUN_180605e68,,,fa0893ca08365f43ed485bde245e0f00acc3128e3d1b20773592875afdb3277b,undefined FUN_180605e68(),ghidra,clean,
WHGame.dll,release_1_5_1164953_841,0x605e74,83,FUN_180605e74,,,85ac7076313a999fe033c53a9974d7bbf626eb1e23c1300e5f265bfc9b01e8de,undefined FUN_180605e74(),ghidra,clean,
WHGame.dll,release_1_5_1164953_841,0x605e98,6,FUN_180605e98,,,df6381bd80dc531163c5751f93cec609ac70eed8036a182bd44d6a0d867438a2,undefined FUN_180605e98(),ghidra,clean,
WHGame.dll,release_1_5_1164953_841,0x605ea0,83,FUN_180605ea0,,,9a67a6f7cf69cd3c4ff96bfd674317620f7c727772f332f07c0130b9a6b9a0d8,undefined FUN_180605ea0(),ghidra,clean,
WHGame.dll,release_1_5_1164953_841,0x605ef4,52,FUN_180605ef4,,,af59dcb977cd54edb85e84f92f42c08d3302ce6efba3777263cb33fcc2c2831f,undefined FUN_180605ef4(),ghidra,clean,
WHGame.dll,release_1_5_1164953_841,0x605f28,99,FUN_180605f28,,,34831014f3a3e8ddf2e6f7c9a300bf0f777ace5fdab8a7c235cd37ed864f4117,undefined FUN_180605f28(),ghidra,clean,
WHGame.dll,release_1_5_1164953_841,0x605f8c,467,FUN_180605f8c,,,e8abe1ad8cc84837448e081e3cabb40af90f1c2c795d803408a08b1f54d2749a,undefined FUN_180605f8c(),ghidra,clean,
WHGame.dll,release_1_5_1164953_841,0x606160,157,FUN_180606160,,,0fb31f1a859143d952105a28c9a28794a894c62872e6be00b36fa34b94a8ae1c,undefined FUN_180606160(),ghidra,clean,
WHGame.dll,release_1_5_1164953_841,0x606200,153,FUN_180606200,,,a81e0b6c2c62987d1a39a403ea2574d14aab3bbf238a8a18c81affef0869f4fa,undefined FUN_180606200(),ghidra,clean,
WHGame.dll,release_1_5_1164953_841,0x60629c,54,FUN_18060629c,,,d21c35e34f781136dd6f22a93ed676b2687958c86f7fa24c2252befc27877865,undefined FUN_18060629c(),ghidra,clean,
WHGame.dll,release_1_5_1164953_841,0x6062d4,68,FUN_1806062d4,,,64b06e16865dd901525e60dff99f08a688837264efac664f1d60cc080878e4b2,undefined FUN_1806062d4(),ghidra,clean,
WHGame.dll,release_1_5_1164953_841,0x606318,5,thunk_FUN_180606320,,,b0d40b133b9394d93820ac0104b0065121d2d73df32c7bfb4e4cf5d805a8b103,undefined thunk_FUN_180606320(),ghidra,clean,
WHGame.dll,release_1_5_1164953_841,0x606320,103,FUN_180606320,,,97e51cc9a0670f7eacf419ea0aed5051fae12081d9b9ba21212b01ce0abc871d,undefined FUN_180606320(),ghidra,clean,
WHGame.dll,release_1_5_1164953_841,0x606388,133,FUN_180606388,,,91b74110270bf4a6b576905a4092e262b81cdb04f7dc234bb288a026cf3c682f,undefined FUN_180606388(),ghidra,clean,
WHGame.dll,release_1_5_1164953_841,0x606410,172,FUN_180606410,,,d6fbf42bbe3339ddfb53ac5070a00e351c88343e70bbe4c44859566c284d657c,undefined FUN_180606410(),ghidra,clean,
WHGame.dll,release_1_5_1164953_841,0x6064bc,769,FUN_1806064bc,,,82f2e99e4047a23b983366ac63c331b59aeba666530c145484ea43dcfe7e70f0,undefined FUN_1806064bc(),ghidra,clean,
WHGame.dll,release_1_5_1164953_841,0x606750,61,FUN_180606750,,,2ceed1224c0e904dd80cc7a5c809f9d8a9b9629ee9f523e08bf0516d50761513,undefined FUN_180606750(),ghidra,clean,
WHGame.dll,release_1_5_1164953_841,0x606790,422,FUN_180606790,,,562eb3a5e4f9541d09d1e697e63fa6e7590d7acf07a6d7ca9125434b8b9dbca0,undefined FUN_180606790(),ghidra,clean,
WHGame.dll,release_1_5_1164953_841,0x606938,40,FUN_180606938,,,ac75c77c00716eed89747aa07b7ff30a728f17440700804bb07604f8738248a2,undefined FUN_180606938(),ghidra,clean,
WHGame.dll,release_1_5_1164953_841,0x606960,42,FUN_180606960,,,ec89d1709809272228532bc7b9971b4151fa0f5c696d91881d48460d6661861d,undefined FUN_180606960(),ghidra,clean,
WHGame.dll,release_1_5_1164953_841,0x60698c,42,FUN_18060698c,,,4f75b59833ae4bb0c2f89a26c6aef82eb74b10c5e951e661df7a83956a249b7e,undefined FUN_18060698c(),ghidra,clean,
WHGame.dll,release_1_5_1164953_841,0x6069b8,66,FUN_1806069b8,,,8c405b406331530c283efc620541d1125fc268ff6b577b5be169c5a52777d4c6,undefined FUN_1806069b8(),ghidra,clean,
WHGame.dll,release_1_5_1164953_841,0x6069fc,113,FUN_1806069fc,,,c8659887bb105ace4665ac2e33ff9021716d5755c0a6536960f9b87247edc2e3,undefined FUN_1806069fc(),ghidra,clean,
WHGame.dll,release_1_5_1164953_841,0x606a70,52,FUN_180606a70,,,3f025822f279e32b7e837b039ba17499f9336d09f738de717d4c4d854e08b0fa,undefined FUN_180606a70(),ghidra,clean,
WHGame.dll,release_1_5_1164953_841,0x606aa4,111,FUN_180606aa4,,,cc30a10aadf6ec75951bf5629f73ccf903cd9a3cf44713a46168b0d547dda779,undefined FUN_180606aa4(),ghidra,clean,
WHGame.dll,release_1_5_1164953_841,0x606b14,44,FUN_180606b14,,,750727e86cafbf47440df087d47e86d6d634c34bc1d56a4bb02200cc0d84f364,undefined FUN_180606b14(),ghidra,clean,
WHGame.dll,release_1_5_1164953_841,0x606b40,60,FUN_180606b40,,,da4ffbea80f1fb0d20c17abf7e2d66115036da8c52ae2ed7c89bf591e1d2b076,undefined FUN_180606b40(),ghidra,clean,
WHGame.dll,release_1_5_1164953_841,0x606b7c,54,FUN_180606b7c,,,56936ba88b1e4dfd18c457f94848f135efc85d3e853ff934c0c3283a1bd82ec4,undefined FUN_180606b7c(),ghidra,clean,
WHGame.dll,release_1_5_1164953_841,0x606bb4,85,FUN_180606bb4,,,6b8f5acfcc7a9df12f6fb491bd11bb56d0ed37957974912b7a40cf42f5746629,undefined FUN_180606bb4(),ghidra,clean,
WHGame.dll,release_1_5_1164953_841,0x606c0c,70,FUN_180606c0c,,,8e889310fb0968fc3460bb8c80041d209ed5408fbbe238890e03562d9ee50555,undefined FUN_180606c0c(),ghidra,clean,
WHGame.dll,release_1_5_1164953_841,0x606c54,25,FUN_180606c54,,,a87374ea98aa21bb46ae2f9828332db0f2edf814d4f128fbcf41496d017f354a,undefined FUN_180606c54(),ghidra,clean,
WHGame.dll,release_1_5_1164953_841,0x606c70,70,FUN_180606c70,,,3df9ed729ce0bd1e383d4cf8382bc9865cb12c476df9e9c788f7e912c1ad3f1e,undefined FUN_180606c70(),ghidra,clean,
WHGame.dll,release_1_5_1164953_841,0x606cb8,29,FUN_180606cb8,,,7c2f1296ecaca35746bc5fbe3eed14b9607f84ff4f4f17b350e03da1378de7c7,undefined FUN_180606cb8(),ghidra,clean,
WHGame.dll,release_1_5_1164953_841,0x606cd8,70,FUN_180606cd8,,,80f40c576eb277349aa1a759e11b4483b61480188d83a7b05287f0e4b954e9ae,undefined FUN_180606cd8(),ghidra,clean,
WHGame.dll,release_1_5_1164953_841,0x606d20,29,FUN_180606d20,,,6ca148a8acbc211a35982497d95a8df8b71e72f15fddccc5f600cb65feaf69a2,undefined FUN_180606d20(),ghidra,clean,
WHGame.dll,release_1_5_1164953_841,0x606d40,96,FUN_180606d40,,,17d88ddd6b48a401279dfa407e3bce99654af46d46288da76b66fd2e9ea82137,undefined FUN_180606d40(),ghidra,clean,
WHGame.dll,release_1_5_1164953_841,0x606da0,67,FUN_180606da0,,,5787f8cee0eb585fb432e2387cbf3a876986f9012f6aa9b084ababd92ffe5da6,undefined FUN_180606da0(),ghidra,clean,
WHGame.dll,release_1_5_1164953_841,0x606de4,173,FUN_180606de4,,,e0f5055dc9fe5512e06cfe62468abfb311e6cb9fe931a81f34a6c2f4490ab2bc,undefined FUN_180606de4(),ghidra,clean,
WHGame.dll,release_1_5_1164953_841,0x606e94,65,FUN_180606e94,,,b82ff8c28a05753bfda6423054a364ec168cc3f6ef305c0b45e017e7680a0382,undefined FUN_180606e94(),ghidra,clean,
WHGame.dll,release_1_5_1164953_841,0x606ed8,52,FUN_180606ed8,,,7a3f01d63cba864f55f3b48c099a0b95f9e3c26fcd1756ef04fb24944314a0b1,undefined FUN_180606ed8(),ghidra,clean,
WHGame.dll,release_1_5_1164953_841,0x606f0c,44,FUN_180606f0c,,,8d1d3d202545182462f203679e7f07c66f8b4d6e15f009addfbf3fbabaa3f2af,undefined FUN_180606f0c(),ghidra,clean,
WHGame.dll,release_1_5_1164953_841,0x606f38,44,FUN_180606f38,,,4376147cc85e5e9b5f978a86cc06420d98c45265d7ceb6ad2ba679c1d1f3cf7c,undefined FUN_180606f38(),ghidra,clean,
WHGame.dll,release_1_5_1164953_841,0x606f64,70,FUN_180606f64,,,85d3c5f01f9bfc3f11eebcb5c2c8a785ee29d5b1f73fcdec6cb50332b7cd515e,undefined FUN_180606f64(),ghidra,clean,
WHGame.dll,release_1_5_1164953_841,0x606fac,28,FUN_180606fac,,,a496b15dbd2716127e462c2cc129bf03d042eefdade4bec8543da8b1dc1cb206,undefined FUN_180606fac(),ghidra,clean,
WHGame.dll,release_1_5_1164953_841,0x606fc8,136,FUN_180606fc8,,,6ca1a6f691c994ecabb240ee5a6a2ba825a581803b4cb88941eef5f8a07a641a,undefined FUN_180606fc8(),ghidra,clean,
WHGame.dll,release_1_5_1164953_841,0x607050,47,FUN_180607050,,,758ed43ef45355429bd60c3b01bcc22b885621f0862df19692735fd5d432834c,undefined FUN_180607050(),ghidra,clean,
WHGame.dll,release_1_5_1164953_841,0x607080,43,FUN_180607080,,,aef19ee34be25e92971747dfc38b33943431440ab6f9d183b6aece4351cdd3e6,undefined FUN_180607080(),ghidra,clean,
WHGame.dll,release_1_5_1164953_841,0x6070ac,64,FUN_1806070ac,,,1bf39b51dc95d12707d1c388e612510cf63f010488fb11b4c7fbd43f907a4a4e,undefined FUN_1806070ac(),ghidra,clean,
WHGame.dll,release_1_5_1164953_841,0x6070ec,70,FUN_1806070ec,,,387557373b440991bfcb311079cf4a2c01bb6b9a87d7e45aa669a19e144a9529,undefined FUN_1806070ec(),ghidra,clean,
WHGame.dll,release_1_5_1164953_841,0x607134,25,FUN_180607134,,,531934fb0ef06a1dfbb909392b0c1919409dd421f69a9d09e61f1cb523945f43,undefined FUN_180607134(),ghidra,clean,
WHGame.dll,release_1_5_1164953_841,0x607150,77,FUN_180607150,,,f95c583b41ca4d72567db45f249bd9b7d24d318478fc2f3cce43baf0207dca11,undefined FUN_180607150(),ghidra,clean,
WHGame.dll,release_1_5_1164953_841,0x6071a0,86,FUN_1806071a0,,,2249611e206c509cf9faa463c1b3d5ba438455e808772cc91cc845b4f6ee1ada,undefined FUN_1806071a0(),ghidra,clean,
WHGame.dll,release_1_5_1164953_841,0x6071f8,1188,FUN_1806071f8,,,404109f13b654b480e443c1ebd7668df73a296533d42f8749301382e5b22dfaf,undefined FUN_1806071f8(),ghidra,clean,
WHGame.dll,release_1_5_1164953_841,0x6076b8,466,FUN_1806076b8,,,cb31421ef1b42555931e0f6140c7f2d352f05be3b4565510e4e43f9892a57f87,undefined FUN_1806076b8(),ghidra,clean,
WHGame.dll,release_1_5_1164953_841,0x607814,1021,FUN_180607814,,,4afa506afcfa6c9855b6fd459f3d7d2d2212333bcbc5f396ec8448fa2c8d9bca,undefined FUN_180607814(),ghidra,clean,
WHGame.dll,release_1_5_1164953_841,0x607c14,21,FUN_180607c14,,,57aec30892d651771dec2a2bdf92ffaff46a6926e9b4eabff65b151f66fdd3a6,undefined FUN_180607c14(),ghidra,clean,
WHGame.dll,release_1_5_1164953_841,0x607c2c,72,FUN_180607c2c,,,831b8c8eb0dc49635b0ae6ba6d5b720f6ed035a9b813b13cbe84709c654c8f26,undefined FUN_180607c2c(),ghidra,clean,
WHGame.dll,release_1_5_1164953_841,0x607c74,136,FUN_180607c74,,,13082360d773e01a728d347a088a013ce2041aecff57e4c4803f3f1ebefa0e23,undefined FUN_180607c74(),ghidra,clean,
WHGame.dll,release_1_5_1164953_841,0x607cfc,140,FUN_180607cfc,,,03cf9356bb58d527ffd9727661ae75afb88d2c8583b7f191441a4f7a3df74871,undefined FUN_180607cfc(),ghidra,clean,
WHGame.dll,release_1_5_1164953_841,0x607d88,52,FUN_180607d88,,,d417f3d571448343dfe6db03b5360267f7c17fa391052ea207d81d8fbb5f41fe,undefined FUN_180607d88(),ghidra,clean,
WHGame.dll,release_1_5_1164953_841,0x607dbc,76,FUN_180607dbc,,,4afbdef739c440ee8751a1a998cfd6ac88cd748eb232744ec9217fd9c4219af5,undefined FUN_180607dbc(),ghidra,clean,
WHGame.dll,release_1_5_1164953_841,0x607e08,70,FUN_180607e08,,,260ab65213446e7975c279e1a84e51ede20e8990f7513c9ee85743b3152e337d,undefined FUN_180607e08(),ghidra,clean,
WHGame.dll,release_1_5_1164953_841,0x607e50,29,FUN_180607e50,,,0fbfb8fd3b90452c2fdd230122a77d5266fb712ef1fc7b7ff349492d1cb4e397,undefined FUN_180607e50(),ghidra,clean,
WHGame.dll,release_1_5_1164953_841,0x607e70,70,FUN_180607e70,,,a7c41c5e85ba25ffac5db5453524406741a967a73dd8f5fc7c29c5fdf53a8aa0,undefined FUN_180607e70(),ghidra,clean,
WHGame.dll,release_1_5_1164953_841,0x607eb8,72,FUN_180607eb8,,,991c581c135171dc5bf173f5d30d6d145e47916229b19481ccc8274028b5933c,undefined FUN_180607eb8(),ghidra,clean,
WHGame.dll,release_1_5_1164953_841,0x607f00,70,FUN_180607f00,,,cb1cdcca4f934b010e67ffc0fecae6374c7089943c71a27ceb1b77af78993425,undefined FUN_180607f00(),ghidra,clean,
WHGame.dll,release_1_5_1164953_841,0x607f48,198,FUN_180607f48,,,172317cf7c67f61673382d03fe7da71d0e9c9c59210786d304fdd8d469ebca15,undefined FUN_180607f48(),ghidra,clean,
WHGame.dll,release_1_5_1164953_841,0x608010,70,FUN_180608010,,,843ce0780eb537135864e2cd6cf32b89ef20920045fdc33a377ac81736166f2c,undefined FUN_180608010(),ghidra,clean,
WHGame.dll,release_1_5_1164953_841,0x608058,31,FUN_180608058,,,8813a87bfbbae1084a163b7890f691bd4ecb3fe74d27ccde8378eb308ef15d46,undefined FUN_180608058(),ghidra,clean,
WHGame.dll,release_1_5_1164953_841,0x608078,152,FUN_180608078,,,145a944d500101a7807f7e6643356b24056bb70a857e820f7ca74b49cf554851,undefined FUN_180608078(),ghidra,clean,
WHGame.dll,release_1_5_1164953_841,0x608110,85,FUN_180608110,,,9a9aad3257f3db82bfbfefca3fc0bc0d71137e5dea85f10bb031425df9392b8c,undefined FUN_180608110(),ghidra,clean,
WHGame.dll,release_1_5_1164953_841,0x608168,103,FUN_180608168,,,5d07df1113f1e492a1fec3f606c8f9861187a7005f514470bff08c1827e11c36,undefined FUN_180608168(),ghidra,clean,
WHGame.dll,release_1_5_1164953_841,0x6081d0,71,FUN_1806081d0,,,6f7fa2e562cfdc4ea0ef08c33edd235dcc2b89f63c6fa09a8222e1fd3ed01d79,undefined FUN_1806081d0(),ghidra,clean,
WHGame.dll,release_1_5_1164953_841,0x608218,124,FUN_180608218,,,055b1b1ff1248a2cce2de24deb38a8041868d582a4af7cf914ec35888d79d0d3,undefined FUN_180608218(),ghidra,clean,
WHGame.dll,release_1_5_1164953_841,0x608294,102,FUN_180608294,,,3d2445c8dd17e739de92b376a5cef1144362cc03bb30f19128d042bc03643114,undefined FUN_180608294(),ghidra,clean,
WHGame.dll,release_1_5_1164953_841,0x6082fc,43,FUN_1806082fc,,,c6c119102a8da7dc5b7b6ef6e49b6bb6d94ea2a09d738ec9111d5598d5f79631,undefined FUN_1806082fc(),ghidra,clean,
WHGame.dll,release_1_5_1164953_841,0x608328,86,FUN_180608328,,,a36fd9f758056ff5c5a5bb73be448b6e3c4309da639ce99f2fa25558f334c35c,undefined FUN_180608328(),ghidra,clean,
WHGame.dll,release_1_5_1164953_841,0x608380,88,FUN_180608380,,,165bd379ce11e040e150e37096bd1a0102354bc9c920aef51473811373b26d28,undefined FUN_180608380(),ghidra,clean,
WHGame.dll,release_1_5_1164953_841,0x6083d8,101,FUN_1806083d8,,,23c7102a64e028aa32d7b5b800e47eed405db138d9aee87d3fcd83e9633e2ea4,undefined FUN_1806083d8(),ghidra,clean,
WHGame.dll,release_1_5_1164953_841,0x608440,107,FUN_180608440,,,6dbf66d7941547f8469759e218e0cd289147b3e69e1d874e7738a8ac9f5ef3df,undefined FUN_180608440(),ghidra,clean,
WHGame.dll,release_1_5_1164953_841,0x6084ac,78,FUN_1806084ac,,,25e6a5e781180853df89127634f743afe62fdab0f64f3971ab6cfd6f5cb2f7d3,undefined FUN_1806084ac(),ghidra,clean,
WHGame.dll,release_1_5_1164953_841,0x6084fc,176,FUN_1806084fc,,,66638d2041096a2fe0638bf6ba8dab801989ceea81bb41958e467300aa8af1f3,undefined FUN_1806084fc(),ghidra,clean,
WHGame.dll,release_1_5_1164953_841,0x6085ac,797,FUN_1806085ac,,,180770cf7db7407148e8a4ba727d77d2e0c18b0fb808f6dd390b1f4dec076ad8,undefined FUN_1806085ac(),ghidra,clean,
WHGame.dll,release_1_5_1164953_841,0x6088bc,107,FUN_1806088bc,,,0fd5f22bd6804a03d89ef239c072d48618dadaa74cf775707f9e1a08b986469f,undefined FUN_1806088bc(),ghidra,clean,
WHGame.dll,release_1_5_1164953_841,0x608908,234,FUN_180608908,,,752e3fc16a0dbe8a9c88d01e8a3b977f32293f414d82dc7c9c2d0253141076c7,undefined FUN_180608908(),ghidra,clean,
WHGame.dll,release_1_5_1164953_841,0x6089f4,164,FUN_1806089f4,,,af1dcd8e7b77ee671ea70a31e1786c66f67a4181518b3debba6bf395e42b9876,undefined FUN_1806089f4(),ghidra,clean,
WHGame.dll,release_1_5_1164953_841,0x608a9c,880,FUN_180608a9c,,,7cfc77946709c99fc1e8942a981418a1eeff502c05a05d5cf01538d0430b3c58,undefined FUN_180608a9c(),ghidra,clean,
WHGame.dll,release_1_5_1164953_841,0x608e10,52,FUN_180608e10,,,b6f014ba4a7ed7e14171dec34f8ca9419500559c7bec5b9dcd94e96852a11ab4,undefined FUN_180608e10(),ghidra,clean,
WHGame.dll,release_1_5_1164953_841,0x608e44,235,FUN_180608e44,,,ee6e2b7a14022f0f57084aced9316072af98b510b7baa81d96e2dc949cc3a8fb,undefined FUN_180608e44(),ghidra,clean,
WHGame.dll,release_1_5_1164953_841,0x608f34,148,FUN_180608f34,,,57d570038df75b2d80e9a0642e71b7ea45b5ae414a254aa48affc7236ff07470,undefined FUN_180608f34(),ghidra,clean,
WHGame.dll,release_1_5_1164953_841,0x608fc8,203,FUN_180608fc8,,,7296399044f84670014e3ff0a935870114d94116c5075207989a76dfd8fd5b18,undefined FUN_180608fc8(),ghidra,clean,
WHGame.dll,release_1_5_1164953_841,0x609098,245,FUN_180609098,,,bee4912e64a09d7526d3ba2aec1be4adbc01f63d77dee7d568c8e181f86826f1,undefined FUN_180609098(),ghidra,clean,
WHGame.dll,release_1_5_1164953_841,0x609190,84,FUN_180609190,,,766ee2dc8999b26cd4faf1c71a1e02bbc90fde603c2c9a7f0eea29550983f382,undefined FUN_180609190(),ghidra,clean,
WHGame.dll,release_1_5_1164953_841,0x6091e4,1215,FUN_1806091e4,,,b45218d7fc75115683c706aa18b441aeb1c9af128dc06c0de7c83bfa60590610,undefined FUN_1806091e4(),ghidra,clean,
WHGame.dll,release_1_5_1164953_841,0x6096a8,81,FUN_1806096a8,,,918062e871f8f0343ce79ac5aa63827bff35552f9e0e0438d4619b28ebc51da2,undefined FUN_1806096a8(),ghidra,clean,
WHGame.dll,release_1_5_1164953_841,0x6096fc,1190,FUN_1806096fc,,,7e29483377a730ec4114f1a0e4aa1051b59be468f47f35df37b74d44b7acf3da,undefined FUN_1806096fc(),ghidra,clean,
WHGame.dll,release_1_5_1164953_841,0x609ba4,103,FUN_180609ba4,,,3495d553b51816a40a264d1beda6903a149291ba82e03f34accab8ac0b735d5f,undefined FUN_180609ba4(),ghidra,clean,
WHGame.dll,release_1_5_1164953_841,0x609c10,98,FUN_180609c10,,,44f9c3f90e74c5b08a0568255ecd986b2b7ef98a1466a1511de7a30f0390c62c,undefined FUN_180609c10(),ghidra,clean,
WHGame.dll,release_1_5_1164953_841,0x609c74,62,FUN_180609c74,,,5f1ca8057f573c6ba3119dfda7fe51c35ce789c0035cc8e1a8e8de5f4e78a0e5,undefined FUN_180609c74(),ghidra,clean,
WHGame.dll,release_1_5_1164953_841,0x609cb4,438,FUN_180609cb4,,,840e51a7147b231b3e6ab090b7540665f37178da69a17f2a2de006a96827607e,undefined FUN_180609cb4(),ghidra,clean,
WHGame.dll,release_1_5_1164953_841,0x609e6c,226,FUN_180609e6c,,,6e0bd0fc43afbf28635971fc8451bd8f6143fbff652f356bb72d3e3b44a27031,undefined FUN_180609e6c(),ghidra,clean,
WHGame.dll,release_1_5_1164953_841,0x609f50,92,FUN_180609f50,,,2f34e31573663ccba5da23d43ef5e7bf93ab861f8c631af0520df33ef757d1a0,undefined FUN_180609f50(),ghidra,clean,
WHGame.dll,release_1_5_1164953_841,0x609fac,677,FUN_180609fac,,,eebbc38a5833fa6165642918cc0f1ee9c509b725733da19815177669d1339cc4,undefined FUN_180609fac(),ghidra,clean,
WHGame.dll,release_1_5_1164953_841,0x60a254,170,FUN_18060a254,,,8b16739b5ea44dd4314c55f6ac0d932a0d480b16fa820855e59427e9ffc15ddb,undefined FUN_18060a254(),ghidra,clean,
WHGame.dll,release_1_5_1164953_841,0x60a300,819,FUN_18060a300,,,88286cc73b302840b2247e6fbaeea94076776e7862572eeafeb300359f30e673,undefined FUN_18060a300(),ghidra,clean,
WHGame.dll,release_1_5_1164953_841,0x60a634,112,FUN_18060a634,,,49a32da6a4fbfe7456a264f7972167c29082c63a1b6863f84f8b995abae3eb26,undefined FUN_18060a634(),ghidra,clean,
WHGame.dll,release_1_5_1164953_841,0x60a66c,58,FUN_18060a66c,,,59675d5ad9b89d3512faeb09c66c3517e540dc4499a9eea860c76f3cfa16e742,undefined FUN_18060a66c(),ghidra,clean,
WHGame.dll,release_1_5_1164953_841,0x60a6a8,188,FUN_18060a6a8,,,47dffb90d0d2da2ff3681a0dc7d2b129e53d4144ff747e42009050e6dcf90478,undefined FUN_18060a6a8(),ghidra,clean,
WHGame.dll,release_1_5_1164953_841,0x60a768,117,FUN_18060a768,,,e60d86da9feac525ca61c16b2b08803fb1897dff903d803c68f5e28b733a8704,undefined FUN_18060a768(),ghidra,clean,
WHGame.dll,release_1_5_1164953_841,0x60a7e0,42,FUN_18060a7e0,,,c37eb2da6e28fb4f7c8fad468a713ab9d593c800233090194128ac8a29329f23,undefined FUN_18060a7e0(),ghidra,clean,
WHGame.dll,release_1_5_1164953_841,0x60a80c,76,FUN_18060a80c,,,799b70032b41ecf98be31f21f44ef93724e2afa00ae73da06baced1e8ab6bdf7,undefined FUN_18060a80c(),ghidra,clean,
WHGame.dll,release_1_5_1164953_841,0x60a858,221,FUN_18060a858,,,916eef8398246f7105e266118986469f8e57489fcaf3fb71589835f4c86d4c82,undefined FUN_18060a858(),ghidra,clean,
WHGame.dll,release_1_5_1164953_841,0x60a92c,34,FUN_18060a92c,,,9e17bf8f5b5fcb56c04a3aa26a37da596db0936678ad781e6bc199fcb262e808,undefined FUN_18060a92c(),ghidra,clean,
WHGame.dll,release_1_5_1164953_841,0x60a950,300,FUN_18060a950,,,93d1deff59cb1bfb52c900c3011dbda9d98361855645dd5abb39178b703c4a1f,undefined FUN_18060a950(),ghidra,clean,
WHGame.dll,release_1_5_1164953_841,0x60aa80,2241,FUN_18060aa80,,,78d6f85e3491246410f603b5a8209ea93e333b38a85a3f360fc91b3251b8dc3b,undefined FUN_18060aa80(),ghidra,clean,
WHGame.dll,release_1_5_1164953_841,0x60b37c,150,FUN_18060b37c,,,d38bcefd22b1ffe94fd83431171ef2964a269bb39222406a1b64e240b16c5756,undefined FUN_18060b37c(),ghidra,clean,
WHGame.dll,release_1_5_1164953_841,0x60b414,297,FUN_18060b414,,,9ef086911e2aaf4b010655876fd1b49f9fb620f16034d147a8f34fa4f1a98dd7,undefined FUN_18060b414(),ghidra,clean,
WHGame.dll,release_1_5_1164953_841,0x60b540,226,FUN_18060b540,,,40b10972094cc21ff842e98cd272b612f8931bdef4f9ff08207703c1afba91ee,undefined FUN_18060b540(),ghidra,clean,
WHGame.dll,release_1_5_1164953_841,0x60b624,343,FUN_18060b624,,,787a6032d38342bc5908d176b2e3802898ba6d4df24c7c698e91dffe62d3b44e,undefined FUN_18060b624(),ghidra,clean,
WHGame.dll,release_1_5_1164953_841,0x60b77c,226,FUN_18060b77c,,,f6cdb952a87f41ff18ca50faa2e4cd82d056bf22fb73b701e3201f814a320e99,undefined FUN_18060b77c(),ghidra,clean,
WHGame.dll,release_1_5_1164953_841,0x60b860,71,FUN_18060b860,,,ae334e910b120202d6720c07f01af195e87ae1442bcc5f96d9f7fc2441303f9c,undefined FUN_18060b860(),ghidra,clean,
WHGame.dll,release_1_5_1164953_841,0x60b8a8,255,FUN_18060b8a8,,,4c3e685ca863f45f09b449a982bba092dc09affd1d1cbc7b8c1c88ff4c11352a,undefined FUN_18060b8a8(),ghidra,clean,
WHGame.dll,release_1_5_1164953_841,0x60b9ac,109,FUN_18060b9ac,,,3b4f0a80ae3ff664234093a448ab9b9404dea80f28331a1145f51e52a225e5de,undefined FUN_18060b9ac(),ghidra,clean,
WHGame.dll,release_1_5_1164953_841,0x60ba1c,264,FUN_18060ba1c,,,80ae817094dc66d6e80fe07ced63f0851ff09215795725fad11606f54c26a8ad,undefined FUN_18060ba1c(),ghidra,clean,
WHGame.dll,release_1_5_1164953_841,0x60baf8,39,FUN_18060baf8,,,29f17c1bf36227c5b6dfda5529198029994e82309778ebc65ef4b2ab6f4634ab,undefined FUN_18060baf8(),ghidra,clean,
WHGame.dll,release_1_5_1164953_841,0x60bb20,81,FUN_18060bb20,,,05ebdafc152c4dfe20f923bbddb6bf36304aae2bf424304600e392873f40d996,undefined FUN_18060bb20(),ghidra,clean,
WHGame.dll,release_1_5_1164953_841,0x60bb5c,51,FUN_18060bb5c,,,e8fee67cfcd7f80fb5924a00cc9c9d1e7bc517b67be0b134b1c8a8b754c3574c,undefined FUN_18060bb5c(),ghidra,clean,
WHGame.dll,release_1_5_1164953_841,0x60bb90,482,FUN_18060bb90,,,8fae28398338a813542577e96ccc523d0c8d5eeb138f4df696a6edffb31c986e,undefined FUN_18060bb90(),ghidra,clean,
WHGame.dll,release_1_5_1164953_841,0x60bd74,130,FUN_18060bd74,,,4e06aa0b71dfb7c1dbe348989a4e5118b99d3238ab0eadef00372d8e45e0f729,undefined FUN_18060bd74(),ghidra,clean,
WHGame.dll,release_1_5_1164953_841,0x60bdf8,27,FUN_18060bdf8,,,ad3c951cc0a7f2673bc990b0b175d4d3bc07bccc34b57a2c633167eb40d5d1b3,undefined FUN_18060bdf8(),ghidra,clean,
WHGame.dll,release_1_5_1164953_841,0x60be14,321,FUN_18060be14,,,c598ad6efd0923461b14704c4775feedeed1b912c9f902447cdd254e5f49bd56,undefined FUN_18060be14(),ghidra,clean,
WHGame.dll,release_1_5_1164953_841,0x60bf58,64,FUN_18060bf58,,,29b810ac4985c3c61505aa1f41442841088babc8839a8559c2f21502e76fa435,undefined FUN_18060bf58(),ghidra,clean,
WHGame.dll,release_1_5_1164953_841,0x60bf98,50,FUN_18060bf98,,,b1da660c1a616cd6f24bcc4972a45673f7a1792ba2e47263eec4eae91593a131,undefined FUN_18060bf98(),ghidra,clean,
WHGame.dll,release_1_5_1164953_841,0x60bfcc,146,FUN_18060bfcc,,,c811cc427d76d1a6c5cc2572639de3112965adf87b66f551bda3b1cffc690922,undefined FUN_18060bfcc(),ghidra,clean,
WHGame.dll,release_1_5_1164953_841,0x60c060,388,FUN_18060c060,,,61d7e3381b9fce28d4da160363cd686e11f805b778ee9b187df165830f620571,undefined FUN_18060c060(),ghidra,clean,
WHGame.dll,release_1_5_1164953_841,0x60c1e8,49,FUN_18060c1e8,,,180807c54bc1a7eea3a3d0fbf465aa25d5004de9c4471b7c9442e204b3ca0ee5,undefined FUN_18060c1e8(),ghidra,clean,
WHGame.dll,release_1_5_1164953_841,0x60c208,155,FUN_18060c208,,,adbfd00879b71a42fde19b6c048785f5f5dc628f2aab50bb01e9068f9d443be5,undefined FUN_18060c208(),ghidra,clean,
WHGame.dll,release_1_5_1164953_841,0x60c2a4,70,FUN_18060c2a4,,,96666ccd07323e59f22d6071303a436e5439ea578ab368d1791754287df68061,undefined FUN_18060c2a4(),ghidra,clean,
WHGame.dll,release_1_5_1164953_841,0x60c2ec,76,FUN_18060c2ec,,,a64b9a9f1cdc7967ebfc079d92e417bb86ec3bf8fc2389c6efbbabf322ac57ac,undefined FUN_18060c2ec(),ghidra,clean,
WHGame.dll,release_1_5_1164953_841,0x60c338,233,FUN_18060c338,,,d753ec073be2f277d2886538b39fc5a95dc67988681df0a67d5da2b6f5a8634a,undefined FUN_18060c338(),ghidra,clean,
WHGame.dll,release_1_5_1164953_841,0x60c424,582,FUN_18060c424,,,71b4cfa2c1b7737871bb34454e49ae6b6726a5595b6c1295da0aeaeb716f7a28,undefined FUN_18060c424(),ghidra,clean,
WHGame.dll,release_1_5_1164953_841,0x60c50c,819,FUN_18060c50c,,,815d1eb7a1f0b5573fa98fb910a9816d247b7cf3bbc549b4f113a104c40f168f,undefined FUN_18060c50c(),ghidra,clean,
WHGame.dll,release_1_5_1164953_841,0x60c840,109,FUN_18060c840,,,e537b20953038d732dd44ecb3e2e0862df6457f580e4a9a1b2ca773f851995e8,undefined FUN_18060c840(),ghidra,clean,
WHGame.dll,release_1_5_1164953_841,0x60c8b0,109,FUN_18060c8b0,,,5a2730c39a68e95f0311f37b89a7b3a365f681179e0b82aa1777bfbb8aa09bbc,undefined FUN_18060c8b0(),ghidra,clean,
WHGame.dll,release_1_5_1164953_841,0x60c920,125,FUN_18060c920,,,02bdc429472afb038cc51258413aa929512d16711e549a28374c864f52267373,undefined FUN_18060c920(),ghidra,clean,
WHGame.dll,release_1_5_1164953_841,0x60c9a0,425,FUN_18060c9a0,,,990c9defc396273f8d16269c71d72443f33161d991bba94a45b914462b373f34,undefined FUN_18060c9a0(),ghidra,clean,
WHGame.dll,release_1_5_1164953_841,0x60cb10,33,FUN_18060cb10,,,2e9c8938984aee5b95ee70f93ed2d7780fe94d0402f3604c252ca2b23c3097a6,undefined FUN_18060cb10(),ghidra,clean,
WHGame.dll,release_1_5_1164953_841,0x60cb34,58,FUN_18060cb34,,,59675d5ad9b89d3512faeb09c66c3517e540dc4499a9eea860c76f3cfa16e742,undefined FUN_18060cb34(),ghidra,clean,
WHGame.dll,release_1_5_1164953_841,0x60cb70,106,FUN_18060cb70,,,238c77e00d2b97701cc2ca80ce5eec1660912ad7643673e778703eebd5e0c734,undefined FUN_18060cb70(),ghidra,clean,
WHGame.dll,release_1_5_1164953_841,0x60cbdc,270,FUN_18060cbdc,,,45373e25bca2b409b0f56af77dcc2ed1ea54fa3d75765b3447305388e4fa315e,undefined FUN_18060cbdc(),ghidra,clean,
WHGame.dll,release_1_5_1164953_841,0x60ccec,52,FUN_18060ccec,,,8696400d7ddf9bcb9f51f8210b731f15a9de50fc19f150ee36c60e6765bdf3ef,undefined FUN_18060ccec(),ghidra,clean,
WHGame.dll,release_1_5_1164953_841,0x60cd20,424,FUN_18060cd20,,,2e4e1ffcfca7734fc9333c1c4e9a7ababe32c070271c492bed6d56ff348440e2,undefined FUN_18060cd20(),ghidra,clean,
WHGame.dll,release_1_5_1164953_841,0x60cec8,59,FUN_18060cec8,,,6d8e9619ce689ac002715a28fe7ed7c849ee836a771fb7434ab658031a87b9a9,undefined FUN_18060cec8(),ghidra,clean,
WHGame.dll,release_1_5_1164953_841,0x60cef4,52,FUN_18060cef4,,,0d66b3c7ee9e6e9007e1d7f48c2ac557f28205daec8c7430d29d5305bde2aed7,undefined FUN_18060cef4(),ghidra,clean,
WHGame.dll,release_1_5_1164953_841,0x60cf28,815,FUN_18060cf28,,,955bbd06aa67bbb949d40f1a897e72800af0cc8e565b0d00061c58a8cafd57a6,undefined FUN_18060cf28(),ghidra,clean,
WHGame.dll,release_1_5_1164953_841,0x60d1e0,13,FUN_18060d1e0,,,ae25c503aba81e73d3ad2f73905c23f2c7d57c3d9a890e5f6a89df53c99f6354,undefined FUN_18060d1e0(),ghidra,clean,
WHGame.dll,release_1_5_1164953_841,0x60d1f0,64,FUN_18060d1f0,,,bd8178d57a41ce541e3936f2801b7948852e1243e12e89bc18cf9e1eee05411a,undefined FUN_18060d1f0(),ghidra,clean,
WHGame.dll,release_1_5_1164953_841,0x60d230,71,FUN_18060d230,,,1cac259e18c966a7c892d532807e262015eb43a382475b4724cbf7a84dcbbc1d,undefined FUN_18060d230(),ghidra,clean,
WHGame.dll,release_1_5_1164953_841,0x60d278,196,FUN_18060d278,,,04c9e15cf73f7133fd0f79d97b11b0960abf410ff42daaab562c21fe21a8f9fb,undefined FUN_18060d278(),ghidra,clean,
WHGame.dll,release_1_5_1164953_841,0x60d33c,231,FUN_18060d33c,,,a9624a73f4d3a97b06226f1994c46f408c6bee07c07901ef3f7d0dfa05405867,undefined FUN_18060d33c(),ghidra,clean,
WHGame.dll,release_1_5_1164953_841,0x60d414,27,FUN_18060d414,,,f8c9071ec99b3416f0da3ae1e1663fbce45b038671bfd69a983e03d9e6fea9e3,undefined FUN_18060d414(),ghidra,clean,
WHGame.dll,release_1_5_1164953_841,0x60d430,722,FUN_18060d430,,,1d2d91fedf5855c9df4342db4a1521f441098d93feec7742b6b82934705a404e,undefined FUN_18060d430(),ghidra,clean,
WHGame.dll,release_1_5_1164953_841,0x60d704,157,FUN_18060d704,,,eca761030491bd8c150a472f9d37c56d8415e15ec7056bdb0dd250bc6f41b538,undefined FUN_18060d704(),ghidra,clean,
WHGame.dll,release_1_5_1164953_841,0x60d7a4,92,FUN_18060d7a4,,,286c76450c4d2ebb055fc05d59ac8436fc1f8104a981a578bffe8e228ea2c977,undefined FUN_18060d7a4(),ghidra,clean,
WHGame.dll,release_1_5_1164953_841,0x60d800,42,FUN_18060d800,,,7b3b621102dd804292e6fbc2730966fdb865ddbc0bbda5f8def44bde466b1eed,undefined FUN_18060d800(),ghidra,clean,
WHGame.dll,release_1_5_1164953_841,0x60d830,7,FUN_18060d830,,,789dcaabdd62e26e3ea8aa929ef5f977b314c3c3e31831184ef14a0175fc5e70,undefined FUN_18060d830(),ghidra,clean,
WHGame.dll,release_1_5_1164953_841,0x60d838,45,FUN_18060d838,,,0bef62d3bce7cabbc3114d28a86d737e7db1f1a66143ad5558f75e29a9def3ec,undefined FUN_18060d838(),ghidra,clean,
WHGame.dll,release_1_5_1164953_841,0x60d868,191,FUN_18060d868,,,8aceea7cfc838da703ba14d900c5db285bfad9560538ae9eb605c459042b6620,undefined FUN_18060d868(),ghidra,clean,
WHGame.dll,release_1_5_1164953_841,0x60d928,784,FUN_18060d928,,,560569b3c165c930e3258b893fae6710ac7a99ca2c3f071a3f1e61a5e5957926,undefined FUN_18060d928(),ghidra,clean,
WHGame.dll,release_1_5_1164953_841,0x60dc40,8,FUN_18060dc40,,,34306968365337eff5ef34ce9939966e3eb9ad51ca4196990832a3a2bd50e03e,undefined FUN_18060dc40(),ghidra,clean,
WHGame.dll,release_1_5_1164953_841,0x60dc50,8,FUN_18060dc50,,,c2911522a802e19f87f89a23a6d82d62334d93c9ef8747f3d5229f667c1fdab2,undefined FUN_18060dc50(),ghidra,clean,
WHGame.dll,release_1_5_1164953_841,0x60dc60,8,FUN_18060dc60,,,6acaf22b66218bd9369604e3451f861c6a7a0f3506f22f6f00b8a64f8da8b920,undefined FUN_18060dc60(),ghidra,clean,
WHGame.dll,release_1_5_1164953_841,0x60dc70,7,FUN_18060dc70,,,07f60388efb0a9b1f2d00441c4aad08d43d5b23c8207a865fc7cb14396246fad,undefined FUN_18060dc70(),ghidra,clean,
WHGame.dll,release_1_5_1164953_841,0x60dc80,8,FUN_18060dc80,,,c762fdda939d35a1e302768ceb458d7868d854c74a0cd312cbdfe8f1c0e7f409,undefined FUN_18060dc80(),ghidra,clean,
WHGame.dll,release_1_5_1164953_841,0x60dc88,56,FUN_18060dc88,,,e58b91c2410c139403dd774d22dc77c070a319e67b06816af1612c60e6e5db7f,undefined FUN_18060dc88(),ghidra,clean,
WHGame.dll,release_1_5_1164953_841,0x60dcc0,28,FUN_18060dcc0,,,284b00cf4ecf35f61bef8731775a9d797ad87a1bfaffb1621fc1a715c16d370c,undefined FUN_18060dcc0(),ghidra,clean,
WHGame.dll,release_1_5_1164953_841,0x60dcdc,4666,FUN_18060dcdc,,,e153f9b7b52676ba5c5fd685e34a513117b7f928548a80560dc28fd654e05ebd,undefined FUN_18060dcdc(),ghidra,clean,
WHGame.dll,release_1_5_1164953_841,0x60ef18,558,FUN_18060ef18,,,4bece088d2a0875046d88fec7e0b0ef3a289766200f2029a7e2392d1b61c2e07,undefined FUN_18060ef18(),ghidra,clean,
WHGame.dll,release_1_5_1164953_841,0x60f148,1013,FUN_18060f148,,,a2a8813d4ce1e5c65f5b8a6b8898e92d7804854092e7388a4f1f0ff32f58345a,undefined FUN_18060f148(),ghidra,clean,
WHGame.dll,release_1_5_1164953_841,0x60f540,55,FUN_18060f540,,,a3ab0826628363e19ce857c6a13220003d2ea7eb41785a99e615f001e16a9f0c,undefined FUN_18060f540(),ghidra,clean,
WHGame.dll,release_1_5_1164953_841,0x60f578,287,FUN_18060f578,,,08745c0bbfe6e107cea71fc4769dacc25b8ef1f141b6cd90d79cb9cca25f55c4,undefined FUN_18060f578(),ghidra,clean,
WHGame.dll,release_1_5_1164953_841,0x60f618,16,FUN_18060f618,,,a79aa93ad51131b11626bb9b94e2db1b3a8530cce1b150fc64328983488d2154,undefined FUN_18060f618(),ghidra,clean,
WHGame.dll,release_1_5_1164953_841,0x60f628,260,FUN_18060f628,,,eb8a6c7a0acc975406f9f7a98b4103c8b71ee935a42d9db16bd2f854169b7815,undefined FUN_18060f628(),ghidra,clean,
WHGame.dll,release_1_5_1164953_841,0x60f72c,211,FUN_18060f72c,,,fd7d47fed5e8e22c64d0ebe73e03d91fdeefa731fd2bb187d378a704b2a0a356,undefined FUN_18060f72c(),ghidra,clean,
WHGame.dll,release_1_5_1164953_841,0x60f794,465,FUN_18060f794,,,7b239dc6a81bb98e72211aeba1945803baa64dd1716bd241e449198f2bdd31a9,undefined FUN_18060f794(),ghidra,clean,
WHGame.dll,release_1_5_1164953_841,0x60f968,239,FUN_18060f968,,,0092a6614b3d8e46416c7b114fa542a96c8aefcef4d0050580fb58f0df551006,undefined FUN_18060f968(),ghidra,clean,
WHGame.dll,release_1_5_1164953_841,0x60fa58,41,FUN_18060fa58,,,9437bdba199aaf6c3396ccb5333961a54b06b77d71b40dea1bc3996d0c0e49bc,undefined FUN_18060fa58(),ghidra,clean,
WHGame.dll,release_1_5_1164953_841,0x60fa84,1190,FUN_18060fa84,,,8f5aba8271f33b6813d89752148f50b41856d51453baa716b48d761dc428c887,undefined FUN_18060fa84(),ghidra,clean,
WHGame.dll,release_1_5_1164953_841,0x60ff2c,152,FUN_18060ff2c,,,252ca72c1aa304408bc332d9e7af467343cdfd22e197c95d34d101083429e77c,undefined FUN_18060ff2c(),ghidra,clean,
WHGame.dll,release_1_5_1164953_841,0x60ffc8,92,FUN_18060ffc8,,,8f1888e2698bab16a0f3465eeffcfe796bbcce0c783bedd2e249431d95721f90,undefined FUN_18060ffc8(),ghidra,clean,
WHGame.dll,release_1_5_1164953_841,0x610028,311,FUN_180610028,,,bdf195f763add5ac7eaea4a7155bc94f24da90b76cabb345b2877d004d264c51,undefined FUN_180610028(),ghidra,clean,
WHGame.dll,release_1_5_1164953_841,0x610160,203,FUN_180610160,,,21d3e9c0ed456c8eb37750aad96939630f50924aa1d599030f4098d60482637c,undefined FUN_180610160(),ghidra,clean,
WHGame.dll,release_1_5_1164953_841,0x61022c,24,FUN_18061022c,,,917d154b45b547de81a37d8bae3821ec00c3666611a5601a683231c5c5f1029e,undefined FUN_18061022c(),ghidra,clean,
WHGame.dll,release_1_5_1164953_841,0x610244,334,FUN_180610244,,,0b279151b5075a1943f4253580dab292965b7c31a3a4f9e833b5bad3fdba4e4d,undefined FUN_180610244(),ghidra,clean,
WHGame.dll,release_1_5_1164953_841,0x61028c,104,FUN_18061028c,,,6f13e13154a3f97c85623fb3d85abc5a4e4adcbb88aa1647d20b372a82d2ad6e,undefined FUN_18061028c(),ghidra,clean,
WHGame.dll,release_1_5_1164953_841,0x6102f4,530,FUN_1806102f4,,,34922e017bd1a1e9bd7c967f03ab9f0f6c7b081639cab4f9a9501723b0ce7395,undefined FUN_1806102f4(),ghidra,clean,
WHGame.dll,release_1_5_1164953_841,0x610508,415,FUN_180610508,,,35a7d8ae24f630f38ddf9f4cc81af33182c8e0ef260460954ee7465a3ff86b1f,undefined FUN_180610508(),ghidra,clean,
WHGame.dll,release_1_5_1164953_841,0x6106a8,653,FUN_1806106a8,,,919068fbe35d51cc1aaf79b66f82d2ac48ecd7b47817ab45627dbff50f6acbc1,undefined FUN_1806106a8(),ghidra,clean,
WHGame.dll,release_1_5_1164953_841,0x610784,82,FUN_180610784,,,e18141a63d4ac68449dc4bad4a60321c9172f4615d32b4630d1b1e491e7f90f3,undefined FUN_180610784(),ghidra,clean,
WHGame.dll,release_1_5_1164953_841,0x6107d8,1424,FUN_1806107d8,,,efa3a2714030209bdb43fe2eda35dd31fcfde69ab3ee34c641aed28f7525b8a2,undefined FUN_1806107d8(),ghidra,clean,
WHGame.dll,release_1_5_1164953_841,0x610d70,8,FUN_180610d70,,,b31d88b1c23e69ab18b46ddca3b5ccdda4f5782a1f45221b871198d327ab44dd,undefined FUN_180610d70(),ghidra,clean,
WHGame.dll,release_1_5_1164953_841,0x610d78,96,FUN_180610d78,,,25f35a172c85ee00403dea13a89900e50874d075769c89c8997b10ee86df56fd,undefined FUN_180610d78(),ghidra,clean,
WHGame.dll,release_1_5_1164953_841,0x610dd8,1226,FUN_180610dd8,,,171c04921c3fba11792dc7009cf71f19723871af308bc37016f47a6d7990c45b,undefined FUN_180610dd8(),ghidra,clean,
WHGame.dll,release_1_5_1164953_841,0x6112a4,71,FUN_1806112a4,,,219c9341352bc74d331312039f9e4c5975ac0beb314ed846a4800e1df007bab2,undefined FUN_1806112a4(),ghidra,clean,
WHGame.dll,release_1_5_1164953_841,0x6112ec,135,FUN_1806112ec,,,5294e4293692c0d5fecb403469cec536d13b25f56658c3321a595f2f1c9ab3d9,undefined FUN_1806112ec(),ghidra,clean,
WHGame.dll,release_1_5_1164953_841,0x611374,82,FUN_180611374,,,c6b5666da68a2a6ce09976780af1b315ff942cf5e69c4445fe34990c67e798ce,undefined FUN_180611374(),ghidra,clean,
WHGame.dll,release_1_5_1164953_841,0x6113c8,119,FUN_1806113c8,,,79195abd962dd457c99577e0add4760585221d628bab4c8a132ca4a9be99085a,undefined FUN_1806113c8(),ghidra,clean,
WHGame.dll,release_1_5_1164953_841,0x611444,53,FUN_180611444,,,0958f15ba2b022f0a10bec031dce2fc2fdba8bd5a78c60e06355a2980dc5e269,undefined FUN_180611444(),ghidra,clean,
WHGame.dll,release_1_5_1164953_841,0x61147c,468,FUN_18061147c,,,5618baeeac1b4a6353fd0cde4f97eba0fc2f9e15f62b3ae65805ef81f5539220,undefined FUN_18061147c(),ghidra,clean,
WHGame.dll,release_1_5_1164953_841,0x61155c,57,FUN_18061155c,,,152d3affd0ae772b8dfc3ebef8d4bbc2f0d62c388f54cd3ee9781620837d7088,undefined FUN_18061155c(),ghidra,clean,
WHGame.dll,release_1_5_1164953_841,0x611578,14,FUN_180611578,,,beb87617515b4aa13c33434077a4af440ae9152c657141e1e60ca83e71d79c9f,undefined FUN_180611578(),ghidra,clean,
WHGame.dll,release_1_5_1164953_841,0x611588,15,FUN_180611588,,,cec3172b1184f70885fd833aa013e41d8f2afb0238d0dadaa28cff0c339f0ff1,undefined FUN_180611588(),ghidra,clean,
WHGame.dll,release_1_5_1164953_841,0x611598,55,FUN_180611598,,,71fb1e0e72786d72189a98a5eeb931153c9d873b6f1be1796d84edce8237426e,undefined FUN_180611598(),ghidra,clean,
WHGame.dll,release_1_5_1164953_841,0x6115d0,242,FUN_1806115d0,,,bf3ddf5052fbda861d2e848da49b7a17ed0a44f6130596b0678baaab4359c200,undefined FUN_1806115d0(),ghidra,clean,
WHGame.dll,release_1_5_1164953_841,0x6116c4,91,FUN_1806116c4,,,23b8fb3105d9fd5c11935ac6cfaa628678ecd4bf074c6b3a0f144a866da6893d,undefined FUN_1806116c4(),ghidra,clean,
WHGame.dll,release_1_5_1164953_841,0x61170c,343,FUN_18061170c,,,186eccdbd250305a8eb06093823d5b59ecc831e1a746d2ca0375cdbdd685cfc8,undefined FUN_18061170c(),ghidra,clean,
WHGame.dll,release_1_5_1164953_841,0x611850,64,FUN_180611850,,,5646759ce8644cd5c9e5e5b668ac458f77bda73618c1a2b04ac3f11df3ff86ec,undefined FUN_180611850(),ghidra,clean,
WHGame.dll,release_1_5_1164953_841,0x611890,1006,FUN_180611890,,,7b3cdb0d0a5e454546d953722456ae6da2466b3181aae33125c349c59faa1487,undefined FUN_180611890(),ghidra,clean,
WHGame.dll,release_1_5_1164953_841,0x611c80,73,FUN_180611c80,,,a82a7693fd962fb028238b2f17dfb005fadbb3d857eb1a6a7eec37fd9b17a252,undefined FUN_180611c80(),ghidra,clean,
WHGame.dll,release_1_5_1164953_841,0x611ccc,26,FUN_180611ccc,,,e3e350e9e0d30f9acd5a2406caa2f8bbf02079bf14b9fe539585d3b67237416c,undefined FUN_180611ccc(),ghidra,clean,
WHGame.dll,release_1_5_1164953_841,0x611ce8,533,FUN_180611ce8,,,c88dccc1b60204eac37173bce3718fa09df9018ef352b9a48d68432ee09d676c,undefined FUN_180611ce8(),ghidra,clean,
WHGame.dll,release_1_5_1164953_841,0x611f00,41,FUN_180611f00,,,49e1bf4e1e20d77045ef299216bb76e3bccda158e19fa034ac8286b6e3f54b72,undefined FUN_180611f00(),ghidra,clean,
WHGame.dll,release_1_5_1164953_841,0x611f2c,300,FUN_180611f2c,,,4e232199233f53bc6cea6d322094858781123603b6f81d7d1fe0ce6765553e36,undefined FUN_180611f2c(),ghidra,clean,
WHGame.dll,release_1_5_1164953_841,0x612058,289,FUN_180612058,,,daa071ae60fecc3fcdc1bcccad6b966b0714f808ae8cd882d60412b5af141383,undefined FUN_180612058(),ghidra,clean,
WHGame.dll,release_1_5_1164953_841,0x61217c,25,FUN_18061217c,,,57632d124950bc972d70b8601e081df31f47ade2e3dbbbf312ef11d737c01695,undefined FUN_18061217c(),ghidra,clean,
WHGame.dll,release_1_5_1164953_841,0x612198,62,FUN_180612198,,,47a63c8b2631c154a6a7e8570d057957896454b0fa87d2e272a6eb3bebb9325a,undefined FUN_180612198(),ghidra,clean,
WHGame.dll,release_1_5_1164953_841,0x6121d8,42,FUN_1806121d8,,,02dc868fca4c2ff18e8293470e6165cd3f4fbd76832eda88e64c758f44c37dc1,undefined FUN_1806121d8(),ghidra,clean,
WHGame.dll,release_1_5_1164953_841,0x612204,202,FUN_180612204,,,1798b3c3bd79b3d26b6a9e8eed19ed43573d900ca719953baab8a6fec2b366bc,undefined FUN_180612204(),ghidra,clean,
WHGame.dll,release_1_5_1164953_841,0x6122d0,60,FUN_1806122d0,,,43c28671dc283ef9d406a532fae6819125b27ff9ece58eac72a081d2d0281327,undefined FUN_1806122d0(),ghidra,clean,
WHGame.dll,release_1_5_1164953_841,0x61230c,24,FUN_18061230c,,,d42b6c80c012e5d3326199504e8dcc9e31150c0ae4948356d645f071711bfe0c,undefined FUN_18061230c(),ghidra,clean,
WHGame.dll,release_1_5_1164953_841,0x612324,207,FUN_180612324,,,27185925e6cb9113ad97ade5555bcda0133cd5b9dafa3d7bd609149b375beee1,undefined FUN_180612324(),ghidra,clean,
WHGame.dll,release_1_5_1164953_841,0x6123f4,127,FUN_1806123f4,,,7035bd7086833c755bb8d73d7ef9a70da09490eb23de45be6c3ef2ce8915a80b,undefined FUN_1806123f4(),ghidra,clean,
WHGame.dll,release_1_5_1164953_841,0x612474,99,FUN_180612474,,,40cff0b4c0414cd4a4ba189d0c4699539ce0055566730a1d3db4d0c4822139d8,undefined FUN_180612474(),ghidra,clean,
WHGame.dll,release_1_5_1164953_841,0x6124d8,132,FUN_1806124d8,,,70140e1b4ca30c80a14069b1a2d0dcd87c35c8265e1c136b9f30c514482ee224,undefined FUN_1806124d8(),ghidra,clean,
WHGame.dll,release_1_5_1164953_841,0x612560,804,FUN_180612560,,,a00b0ffa8d75063a2e994eb3c96da7b78dca20e607a3a9137197f4eee8185e2f,undefined FUN_180612560(),ghidra,clean,
WHGame.dll,release_1_5_1164953_841,0x612860,386,FUN_180612860,,,80ebd31746829598dd4c4f4dd8bf580cd9d2019e68e9bb96fe6a5cc00ae9f712,undefined FUN_180612860(),ghidra,clean,
WHGame.dll,release_1_5_1164953_841,0x6129e4,78,FUN_1806129e4,,,5482273ff23dc9ea8ff0293d77a17df0765a5a43570e50a7c049fc37263c85f3,undefined FUN_1806129e4(),ghidra,clean,
WHGame.dll,release_1_5_1164953_841,0x612a34,132,FUN_180612a34,,,c69ea6d66df69a8f9623851755f0fd9a5d27e6c3c90cd2eb304f0cf28c9060af,undefined FUN_180612a34(),ghidra,clean,
WHGame.dll,release_1_5_1164953_841,0x612ab8,251,FUN_180612ab8,,,a655229e69271f0bf817579fcbe16e8724cae5940babe945c9a0b988e8666c6f,undefined FUN_180612ab8(),ghidra,clean,
WHGame.dll,release_1_5_1164953_841,0x612b98,232,FUN_180612b98,,,a6815b8ecdedd42769ef59e32de54ba911dbf3f080539993bddfa51e651162b6,undefined FUN_180612b98(),ghidra,clean,
WHGame.dll,release_1_5_1164953_841,0x612c78,329,FUN_180612c78,,,bd8bdf8156db9a6dd6f0dbdade8297718e4a1e93fe11a901ccc830a2918c4114,undefined FUN_180612c78(),ghidra,clean,
WHGame.dll,release_1_5_1164953_841,0x612dc4,209,FUN_180612dc4,,,a814234011b0f211326efc569a9943978dea6ad256ac9126d9f2e30111430248,undefined FUN_180612dc4(),ghidra,clean,
WHGame.dll,release_1_5_1164953_841,0x612e98,222,FUN_180612e98,,,a7aef22142dcb8f41a87b7f90235abed141cf2a7e35d0953be2cb2c801487c27,undefined FUN_180612e98(),ghidra,clean,
WHGame.dll,release_1_5_1164953_841,0x612f78,1954,FUN_180612f78,,,ebcc4c55c2944931baadff15309224684ba0c2023109f93f58359ea674dd04a0,undefined FUN_180612f78(),ghidra,clean,
WHGame.dll,release_1_5_1164953_841,0x61371c,62,FUN_18061371c,,,7a956f4465cb93e5949b50f3a7b746f5f9bbc96ac47d7ad3314e75fe9d905615,undefined FUN_18061371c(),ghidra,clean,
WHGame.dll,release_1_5_1164953_841,0x613760,75,FUN_180613760,,,a4bc4ef31e4ad13621868aa707e9a3f22e0d3e648720c9d8d95b5c50e090f393,undefined FUN_180613760(),ghidra,clean,
WHGame.dll,release_1_5_1164953_841,0x6137ac,59,FUN_1806137ac,,,e67e3eab8503b262919ca1f95664f1dbda58be7a3e5a0cbbf0a31451bb2ef00a,undefined FUN_1806137ac(),ghidra,clean,
WHGame.dll,release_1_5_1164953_841,0x6137e8,93,FUN_1806137e8,,,a803716079a25bed770b2a952ad1c9c83730d95873e02d4daca670325e86bdfe,undefined FUN_1806137e8(),ghidra,clean,
WHGame.dll,release_1_5_1164953_841,0x613848,61,FUN_180613848,,,f7bb9504d7e223d4c953f5ff57455ecbe515f0b56d2a48414dce89798af284d2,undefined FUN_180613848(),ghidra,clean,
WHGame.dll,release_1_5_1164953_841,0x613888,85,FUN_180613888,,,98859fbe6014fb4fdd38d38dc5efa4ada9e143c448a985798490e768f57ae2e5,undefined FUN_180613888(),ghidra,clean,
WHGame.dll,release_1_5_1164953_841,0x6138e0,43,FUN_1806138e0,,,bedb2945de469727372a4617179acd3069cf375619975d93e9516170f4306f25,undefined FUN_1806138e0(),ghidra,clean,
WHGame.dll,release_1_5_1164953_841,0x61390c,156,FUN_18061390c,,,317c5e01dcbc1a8705e8ebccfddeba9190a0b92a2baf2a6f45fc1113101fe849,undefined FUN_18061390c(),ghidra,clean,
WHGame.dll,release_1_5_1164953_841,0x613998,68,FUN_180613998,,,195a972a4f1dd810301ba6a632d4b41b699d0df0e601510857293b33fd819090,undefined FUN_180613998(),ghidra,clean,
WHGame.dll,release_1_5_1164953_841,0x6139dc,873,FUN_1806139dc,,,2a2eeb7a81c49367991735172606aacfb54f8f10198186bf20f6dc1c1ce8cc8e,undefined FUN_1806139dc(),ghidra,clean,
WHGame.dll,release_1_5_1164953_841,0x613d48,78,FUN_180613d48,,,bbbf34b7c13953a0f9a046db71968b4423e6f2a33339ce8372f29bbbef24e01b,undefined FUN_180613d48(),ghidra,clean,
WHGame.dll,release_1_5_1164953_841,0x613d98,62,FUN_180613d98,,,eb2878ed0ca97809367a8c1864ec482cc5e2e9dfb2d41db320867955ec73b0da,undefined FUN_180613d98(),ghidra,clean,
WHGame.dll,release_1_5_1164953_841,0x613dd8,307,FUN_180613dd8,,,77dba43cb0b41846ae4c37d674c005ddfb99a4362691b531972aecffa4471bcb,undefined FUN_180613dd8(),ghidra,clean,
WHGame.dll,release_1_5_1164953_841,0x613e78,145,FUN_180613e78,,,63c8a568256d8576b9d3cae22343c2c60e4d870140421f511689f12344570400,undefined FUN_180613e78(),ghidra,clean,
WHGame.dll,release_1_5_1164953_841,0x613efc,85,FUN_180613efc,,,e0da0d4d8d699b6ca183e74400c77b18ee73f101bc5430bd8a75151ade1eaa67,undefined FUN_180613efc(),ghidra,clean,
WHGame.dll,release_1_5_1164953_841,0x613f54,40,FUN_180613f54,,,cba12f57565033195613be6846ea2c8c7fe624558fa82f82defead9ca1ad8dd5,undefined FUN_180613f54(),ghidra,clean,
WHGame.dll,release_1_5_1164953_841,0x613f7c,161,FUN_180613f7c,,,cbafb283ff109358d51d9ba0b37f9c98eb42d53eb3fede8547c4ef1b70f1b4ca,undefined FUN_180613f7c(),ghidra,clean,
WHGame.dll,release_1_5_1164953_841,0x614020,135,FUN_180614020,,,243709e49d8ce3adcba8dd9bc0aba7170bb2f3c780a9f96a4c5e0d7f587d43a7,undefined FUN_180614020(),ghidra,clean,
WHGame.dll,release_1_5_1164953_841,0x6140a8,175,FUN_1806140a8,,,a4f40c57a4779b0f2ae8a93d52d775ebca96860efebd39e4fcb9c54bf49b898c,undefined FUN_1806140a8(),ghidra,clean,
WHGame.dll,release_1_5_1164953_841,0x614158,78,FUN_180614158,,,108f4f577af0ee6d6602317486ad8b1837b3d35b102ea3d5c26ed45d50b43d1a,undefined FUN_180614158(),ghidra,clean,
WHGame.dll,release_1_5_1164953_841,0x6141a8,78,FUN_1806141a8,,,e73d049cbe4785a02a787e0c8490a5c3ac5c099d75c4c8a5ec85c6a92d70385f,undefined FUN_1806141a8(),ghidra,clean,
WHGame.dll,release_1_5_1164953_841,0x6141f8,78,FUN_1806141f8,,,ec459fe56e49c940a65ea214c63218ee8ae8e9428c7a068758bba9c8f74ed60b,undefined FUN_1806141f8(),ghidra,clean,
WHGame.dll,release_1_5_1164953_841,0x614248,185,FUN_180614248,,,c6f2fac265cc8e658273cdf900de3eea4b19b41b35f1511c37fe4564db90748a,undefined FUN_180614248(),ghidra,clean,
WHGame.dll,release_1_5_1164953_841,0x6142d8,63,FUN_1806142d8,,,84136a27cc0b9dbe6b38fddadf270fc2099a0082de028625225091d41d989216,undefined FUN_1806142d8(),ghidra,clean,
WHGame.dll,release_1_5_1164953_841,0x614318,161,FUN_180614318,,,b60ee3c296edcd370528ddd7eebd97329c2124c9f82ca5fc6a0eb560fe8d37a4,undefined FUN_180614318(),ghidra,clean,
WHGame.dll,release_1_5_1164953_841,0x6143bc,139,FUN_1806143bc,,,d634bac81803bd372cabe181e61ded82f442b73baeff0607e122fb51bd826e83,undefined FUN_1806143bc(),ghidra,clean,
WHGame.dll,release_1_5_1164953_841,0x614448,175,FUN_180614448,,,cbd4a2e0685e3d77fd0b6872121e3e5006a0b4f515979e757ae59b811fef6eb2,undefined FUN_180614448(),ghidra,clean,
WHGame.dll,release_1_5_1164953_841,0x6144f8,109,FUN_1806144f8,,,9903f8cd27b8cc3808a06851ebb096ac811aec11337715f1034b36151fb6799d,undefined FUN_1806144f8(),ghidra,clean,
WHGame.dll,release_1_5_1164953_841,0x614568,205,FUN_180614568,,,564e519d5c23639b72020a9d4f70d8091b9c8b7b09be4a54ce20492c9b14e1ed,undefined FUN_180614568(),ghidra,clean,
WHGame.dll,release_1_5_1164953_841,0x6145f4,193,FUN_1806145f4,,,4046beac89b6976e5829a8705b25fcee075992224d0538e2972cd147e8430971,undefined FUN_1806145f4(),ghidra,clean,
WHGame.dll,release_1_5_1164953_841,0x61467c,73,FUN_18061467c,,,fe024cd486c9e51808b70c0ecbd33bdad03ad18a2e8216032269127987f92f89,undefined FUN_18061467c(),ghidra,clean,
WHGame.dll,release_1_5_1164953_841,0x6146c8,293,FUN_1806146c8,,,bfbd50ecdea99b32194807afa86e185b705c251aed683b8be7d6f62c0f5ec310,undefined FUN_1806146c8(),ghidra,clean,
WHGame.dll,release_1_5_1164953_841,0x6147f0,228,FUN_1806147f0,,,5b7f798cd55bda5d8857074e7c166969c062c118a748d4fa0b389456681364b9,undefined FUN_1806147f0(),ghidra,clean,
WHGame.dll,release_1_5_1164953_841,0x61485c,147,FUN_18061485c,,,1d826d8aaaf4ad3e15e3b420db5c4bb08a8c631603a8e96407aaed79995d3a7a,undefined FUN_18061485c(),ghidra,clean,
WHGame.dll,release_1_5_1164953_841,0x6148f0,336,FUN_1806148f0,,,af1de7ec3df01d6bc062e684f2e9b1a755814b10354d0f67474daaa591d8977f,undefined FUN_1806148f0(),ghidra,clean,
WHGame.dll,release_1_5_1164953_841,0x614a28,165,FUN_180614a28,,,887c0c5a8dc235aea3d4cc5b496bba6f4d8b730d0ac2d2be980765829b04d7a3,undefined FUN_180614a28(),ghidra,clean,
WHGame.dll,release_1_5_1164953_841,0x614ad0,33,FUN_180614ad0,,,7e6d08015c81ef71a8a52c1b90090a370004517cbb3249f3fc85834c0376248b,undefined FUN_180614ad0(),ghidra,clean,
WHGame.dll,release_1_5_1164953_841,0x614af4,74,FUN_180614af4,,,11f1e6052afe38f2fd47fea646de2e6b7a305dd22e38f5341b7752fe4483b1dc,undefined FUN_180614af4(),ghidra,clean,
WHGame.dll,release_1_5_1164953_841,0x614b40,926,FUN_180614b40,,,7bfbdf58e999028adab353ab7d7b53535226fa6a27697e9b2880a062af3e8010,undefined FUN_180614b40(),ghidra,clean,
WHGame.dll,release_1_5_1164953_841,0x614ee0,52,FUN_180614ee0,,,74592f5066ec8337d4b9797c42c58a740d9d60c9f8f140d7aba6ec7a3c61b063,undefined FUN_180614ee0(),ghidra,clean,
WHGame.dll,release_1_5_1164953_841,0x614f14,129,FUN_180614f14,,,ba574bd0c85b9d49710bdce24698d776a615e5db083962b3879a89951e6d1154,undefined FUN_180614f14(),ghidra,clean,
WHGame.dll,release_1_5_1164953_841,0x614f98,147,FUN_180614f98,,,99ab560addf20424370048cd6289ffcb4bee176dbd9c8239810733b1dd01f6f7,undefined FUN_180614f98(),ghidra,clean,
WHGame.dll,release_1_5_1164953_841,0x61502c,220,FUN_18061502c,,,a362aa7d1f36bc426c13bfb25d2977f6df4b88990367bd8541aa38768dd11481,undefined FUN_18061502c(),ghidra,clean,
WHGame.dll,release_1_5_1164953_841,0x615108,106,FUN_180615108,,,3be03c615244f4b22ae89f7bdd1951dd17a7f974ac234530d1a3d99118e1d5bf,undefined FUN_180615108(),ghidra,clean,
WHGame.dll,release_1_5_1164953_841,0x615174,123,FUN_180615174,,,91f4251c00ddc6062dc9a0bc846b8a4c7d1f0b2930fc3ccceec58dcb95e514c6,undefined FUN_180615174(),ghidra,clean,
WHGame.dll,release_1_5_1164953_841,0x6151f0,228,FUN_1806151f0,,,5a7d25144d3f6fa22751a3eebd2dfcf8b17caf01353dd43cbd4f09ac0c4e1bc1,undefined FUN_1806151f0(),ghidra,clean,
WHGame.dll,release_1_5_1164953_841,0x6152d4,130,FUN_1806152d4,,,425ab8c8c2c7d471a4fda662929e4b653334ed225bcd1e31dd22a8f8d8a02c58,undefined FUN_1806152d4(),ghidra,clean,
WHGame.dll,release_1_5_1164953_841,0x615358,40,FUN_180615358,,,2d229b5fdf954f2d28cb9399ed83cd2dea9df52fd70c409d1096a4b4c8e4aeb4,undefined FUN_180615358(),ghidra,clean,
WHGame.dll,release_1_5_1164953_841,0x615380,40,FUN_180615380,,,30d8b3e7f86df314ea2b67c915d6a52db88733d12194ef1933a6be851ae12cb9,undefined FUN_180615380(),ghidra,clean,
WHGame.dll,release_1_5_1164953_841,0x6153a8,285,FUN_1806153a8,,,84777a0786b31c1d595db293a50cf7ca638fd9d8909d2e38574e89ea48b55c59,undefined FUN_1806153a8(),ghidra,clean,
WHGame.dll,release_1_5_1164953_841,0x615448,285,FUN_180615448,,,4f63b3b503278d67c3d00d344fafd031db84fb959fa558c674d7ef638111ecf1,undefined FUN_180615448(),ghidra,clean,
WHGame.dll,release_1_5_1164953_841,0x6154e8,55,FUN_1806154e8,,,a80832023a1f67235ad81f790a7f9c4b125708cbd461370a23dc07abf1a00920,undefined FUN_1806154e8(),ghidra,clean,
WHGame.dll,release_1_5_1164953_841,0x615520,55,FUN_180615520,,,a5782545eaf494081f38aa4f5053bfddaadbdfc6ca96a098268aa9446a14c6ec,undefined FUN_180615520(),ghidra,clean,
WHGame.dll,release_1_5_1164953_841,0x615558,55,FUN_180615558,,,ef5ab43679bf09562bd8d967f664a041285f577f695f075a82804530edca9925,undefined FUN_180615558(),ghidra,clean,
WHGame.dll,release_1_5_1164953_841,0x615590,143,FUN_180615590,,,491838307aa739f8efa333c0cf7518fcfb458c62db985a56ecf5fe543ed1b60f,undefined FUN_180615590(),ghidra,clean,
WHGame.dll,release_1_5_1164953_841,0x615614,143,FUN_180615614,,,4eb21257c508d24dff34d3230ed94f43a9f19caa4296c0b8fa34537a9aa8ecbe,undefined FUN_180615614(),ghidra,clean,
WHGame.dll,release_1_5_1164953_841,0x615698,184,FUN_180615698,,,8f8ff6cdd05c6db68f24acefe79647ad273630f5478ee0304031ea89072f7a9d,undefined FUN_180615698(),ghidra,clean,
WHGame.dll,release_1_5_1164953_841,0x615750,184,FUN_180615750,,,5327366805d689a5dc43585ce1fab1503af21ff3874de8488c37148de66ff079,undefined FUN_180615750(),ghidra,clean,
WHGame.dll,release_1_5_1164953_841,0x615808,55,FUN_180615808,,,539c8c22dc11cf5c18a36cb47047b43519d5ed6d25c630c315704ba037e0041b,undefined FUN_180615808(),ghidra,clean,
WHGame.dll,release_1_5_1164953_841,0x615840,55,FUN_180615840,,,d30c55317789bc3891bc4ced05b040774456c5904f381799a9e95777bbc50291,undefined FUN_180615840(),ghidra,clean,
WHGame.dll,release_1_5_1164953_841,0x615878,55,FUN_180615878,,,7edba44580a50cd069211481a9ec18a6ee474ff0fc7ae87c744678cb2bc8a6da,undefined FUN_180615878(),ghidra,clean,
WHGame.dll,release_1_5_1164953_841,0x6158b0,285,FUN_1806158b0,,,07d5600b4c24d5bf403840862e3df7efd715838903d817bb3375fddd9b534668,undefined FUN_1806158b0(),ghidra,clean,
WHGame.dll,release_1_5_1164953_841,0x615950,143,FUN_180615950,,,fad80a825a7b358640affb7062be590a6e94d98ce5ef155fce9dc8f3cd99da62,undefined FUN_180615950(),ghidra,clean,
WHGame.dll,release_1_5_1164953_841,0x6159d4,40,FUN_1806159d4,,,3ec833645ae51fecc0f07b435e051dfbb9412df3a8c267e27251aa078134d3de,undefined FUN_1806159d4(),ghidra,clean,
WHGame.dll,release_1_5_1164953_841,0x6159fc,161,FUN_1806159fc,,,c21d12cc8f1d4fccbe58f49bc3b04e8682c5c63e9902965876f308a30e1b1b05,undefined FUN_1806159fc(),ghidra,clean,
WHGame.dll,release_1_5_1164953_841,0x615aa0,139,FUN_180615aa0,,,51062195d78628b98ad2d285f0286a9ec21af352a9a82a1b0e913ef899d0701f,undefined FUN_180615aa0(),ghidra,clean,
WHGame.dll,release_1_5_1164953_841,0x615b2c,175,FUN_180615b2c,,,cc39d4617596e4957365cbbc998d4a7bb77e943620b23423c0cd524d7d4f3331,undefined FUN_180615b2c(),ghidra,clean,
WHGame.dll,release_1_5_1164953_841,0x615bdc,40,FUN_180615bdc,,,a07abf9d610de4f856daf560521c6e46119a5ff4d7c558ad812b03f9815494b6,undefined FUN_180615bdc(),ghidra,clean,
WHGame.dll,release_1_5_1164953_841,0x615c04,40,FUN_180615c04,,,99f31eb735dcf225cab677511deb08d2aae2148c2bb4dc2134a98ee7bd5f26f2,undefined FUN_180615c04(),ghidra,clean,
WHGame.dll,release_1_5_1164953_841,0x615c2c,40,FUN_180615c2c,,,84b51aa0ce694d0bfb42f9377d125d959f3066fc1c4b4c369c5248085435a6f1,undefined FUN_180615c2c(),ghidra,clean,
WHGame.dll,release_1_5_1164953_841,0x615c54,40,FUN_180615c54,,,266d436f42de9a3725f549819f2485c4540f14b3ed4e5bbbb9e18a1fe6c003ac,undefined FUN_180615c54(),ghidra,clean,
WHGame.dll,release_1_5_1164953_841,0x615c7c,285,FUN_180615c7c,,,5324f0053d7583c832f2a91b0e808119d84db67f5a9e416974c2f9068335a452,undefined FUN_180615c7c(),ghidra,clean,
WHGame.dll,release_1_5_1164953_841,0x615d1c,129,FUN_180615d1c,,,a603a2d644fc1aacf3288042d84862228a72f29187a1e516ef762cb4162582f3,undefined FUN_180615d1c(),ghidra,clean,
WHGame.dll,release_1_5_1164953_841,0x615da0,161,FUN_180615da0,,,2625f8835e0024cc3129437c7a0c8b5fb36b3ac215b4a54f1ff50876e9cf8975,undefined FUN_180615da0(),ghidra,clean,
WHGame.dll,release_1_5_1164953_841,0x615e44,139,FUN_180615e44,,,7ac5a89607165b18dd4f0038f7c5e4c74ce8fd9afaa258031d0e0d01ea645da4,undefined FUN_180615e44(),ghidra,clean,
WHGame.dll,release_1_5_1164953_841,0x615ed0,175,FUN_180615ed0,,,84075a6b93942f45406c84f2edf86dc763e164d015a769ad5846ffd384d1ac4c,undefined FUN_180615ed0(),ghidra,clean,
WHGame.dll,release_1_5_1164953_841,0x615f80,161,FUN_180615f80,,,7d48691f24d4ca8d19a6e2bf7b4b044f3a1c89df2c13e29242adb5cfe8f55afb,undefined FUN_180615f80(),ghidra,clean,
WHGame.dll,release_1_5_1164953_841,0x616024,139,FUN_180616024,,,4fd2e8758d91c9baa0f60393bb01a6aa630e833712aed9765c0d392b9e9a1468,undefined FUN_180616024(),ghidra,clean,
WHGame.dll,release_1_5_1164953_841,0x6160b0,175,FUN_1806160b0,,,3173c2f1ce3df50570b7330460dba8d9ea6f2c71450faa85dc279316519bbf45,undefined FUN_1806160b0(),ghidra,clean,
WHGame.dll,release_1_5_1164953_841,0x616160,161,FUN_180616160,,,88d548d259858c073ee610ad4f821945c08ab43869ac456906d31573315f403b,undefined FUN_180616160(),ghidra,clean,
WHGame.dll,release_1_5_1164953_841,0x616204,139,FUN_180616204,,,4b7227609f537c04a680e0314351a44ccabb0538dc1808b7cc8f0b71c46945f6,undefined FUN_180616204(),ghidra,clean,
WHGame.dll,release_1_5_1164953_841,0x616290,175,FUN_180616290,,,8418b335d28207ce0dcb626b99a9de0f79b98cac5e9641a93e8bf55b7ca249a8,undefined FUN_180616290(),ghidra,clean,
WHGame.dll,release_1_5_1164953_841,0x616340,12,FUN_180616340,,,255f106132875797b3e7152edf2160d9714988199757ed44de26408390b1d460,undefined FUN_180616340(),ghidra,clean,
WHGame.dll,release_1_5_1164953_841,0x61634c,57,FUN_18061634c,,,27591cdaa31b29a4a49736722ee9061f27d9af13612c2655b7202f4b5d3102c3,undefined FUN_18061634c(),ghidra,clean,
WHGame.dll,release_1_5_1164953_841,0x616388,133,FUN_180616388,,,d36ee3f253d38a5d1b20d39b1ec1f978bd0f6f74b40faa22f4cce3cf9f80eeeb,undefined FUN_180616388(),ghidra,clean,
WHGame.dll,release_1_5_1164953_841,0x616410,364,FUN_180616410,,,7a7892ede746ecc843b507ab84bf97d4ef98e106a5d80fabe76909de57f7cdd8,undefined FUN_180616410(),ghidra,clean,
WHGame.dll,release_1_5_1164953_841,0x61657c,953,FUN_18061657c,,,d6aa23c3372dc1d14f9b4aa252a00c09d657ac02378c4cdbf7d15f64e5f74e2d,undefined FUN_18061657c(),ghidra,clean,
WHGame.dll,release_1_5_1164953_841,0x616938,240,FUN_180616938,,,7df6db1a5458317947c1fc5c106d6af087dab1843b68cf891e7b0c669c5beecc,undefined FUN_180616938(),ghidra,clean,
WHGame.dll,release_1_5_1164953_841,0x616a28,29,FUN_180616a28,,,d37abe8451829ed0b00b1df537279f6ff44b2ee8294d6df8a95f73acf6772f27,undefined FUN_180616a28(),ghidra,clean,
WHGame.dll,release_1_5_1164953_841,0x616a48,99,FUN_180616a48,,,eba80831c5294b771e2f85536ff3a1943bf0e57e0b524b3229dac21adab80d3c,undefined FUN_180616a48(),ghidra,clean,
WHGame.dll,release_1_5_1164953_841,0x616aac,361,FUN_180616aac,,,ee64d23d7e1273272b72b34ea26829ec513dfdb4f98cf670de7469f31181c7f3,undefined FUN_180616aac(),ghidra,clean,
WHGame.dll,release_1_5_1164953_841,0x616c18,25,FUN_180616c18,,,78aa0f1bcb19dac76114b9a2082873c915b7d84c30f9c3dde53ca4853b460219,undefined FUN_180616c18(),ghidra,clean,
WHGame.dll,release_1_5_1164953_841,0x616c34,25,FUN_180616c34,,,f1e075e3c198b6d150a780ba258d2fc0c16afca786854a19072ec6e92dbca9d1,undefined FUN_180616c34(),ghidra,clean,
WHGame.dll,release_1_5_1164953_841,0x616c50,329,FUN_180616c50,,,8ae7ac12f8b6823ce06eeff345e9793c83445582c92bcbc12e8fc2536c612dda,undefined FUN_180616c50(),ghidra,clean,
WHGame.dll,release_1_5_1164953_841,0x616d0c,296,FUN_180616d0c,,,53496d5da498c0100b72060c39659969391dd93048840bdc1dcdc7b02b637a42,undefined FUN_180616d0c(),ghidra,clean,
WHGame.dll,release_1_5_1164953_841,0x616de8,401,FUN_180616de8,,,8d6d68b53e5bc593eead06a711880fcbe1c7e913b407bba438a5ef021cb318db,undefined FUN_180616de8(),ghidra,clean,
WHGame.dll,release_1_5_1164953_841,0x616f80,8,FUN_180616f80,,,17aaf9084c2f91a96ed708334cce2da5eece5abdf8aa1b21632d2a93f7db9980,undefined FUN_180616f80(),ghidra,clean,
WHGame.dll,release_1_5_1164953_841,0x616f88,130,FUN_180616f88,,,eba85e50616dfcca197de6c0963e50caa9415d6a9a854eef02600137d3cae3e5,undefined FUN_180616f88(),ghidra,clean,
WHGame.dll,release_1_5_1164953_841,0x61700c,645,FUN_18061700c,,,55ac135307790ddcc7b365a149bee26b6d48f2eed54e8125743d41e7e6765e0f,undefined FUN_18061700c(),ghidra,clean,
WHGame.dll,release_1_5_1164953_841,0x61712c,26,FUN_18061712c,,,d0d61c28cb3562c8f270542e9687f220afd9209b7c4d892b9fc20e2e6797afb3,undefined FUN_18061712c(),ghidra,clean,
WHGame.dll,release_1_5_1164953_841,0x617148,183,FUN_180617148,,,65a9497286b5cf42a6a09a36399e19dc3dc402db309f450e91d0908aa14dd314,undefined FUN_180617148(),ghidra,clean,
WHGame.dll,release_1_5_1164953_841,0x617200,58,FUN_180617200,,,fd83b27392d3865436905b912eb00b4f18dfd74861bfc77d30d037a329646ad9,undefined FUN_180617200(),ghidra,clean,
WHGame.dll,release_1_5_1164953_841,0x61723c,289,FUN_18061723c,,,98528b9fe4c4eb0106c7875b9147069268e5bf073c6570d4dafd89590899dd1a,undefined FUN_18061723c(),ghidra,clean,
WHGame.dll,release_1_5_1164953_841,0x617360,186,FUN_180617360,,,7c264dc1f1dabfb670bc72778f6c022da937ccd47c875044b0e58443e25e7c90,undefined FUN_180617360(),ghidra,clean,
WHGame.dll,release_1_5_1164953_841,0x61741c,152,FUN_18061741c,,,4798ae7c85e71bae06f5d04d1c4f02a0ce2a90f9a55215390f76dddb56af9914,undefined FUN_18061741c(),ghidra,clean,
WHGame.dll,release_1_5_1164953_841,0x6174b4,802,FUN_1806174b4,,,5ead4a6388f9d760f6442e7155f293720c3eaedb97f249f358ca7baec7837b84,undefined FUN_1806174b4(),ghidra,clean,
WHGame.dll,release_1_5_1164953_841,0x6177bc,79,FUN_1806177bc,,,6ca108297afc0b82d4b46a77200868d6c17ee93464670aaefb4fba8747d8315c,undefined FUN_1806177bc(),ghidra,clean,
WHGame.dll,release_1_5_1164953_841,0x61780c,152,FUN_18061780c,,,12796228b3447d17e18f4bc6987efc93f5600dd726a044b10484682ec8c1022f,undefined FUN_18061780c(),ghidra,clean,
WHGame.dll,release_1_5_1164953_841,0x6178a4,373,FUN_1806178a4,,,a427ca94f915212b45ab45e9fe852b6de9686a0950060a269555d154c918ab15,undefined FUN_1806178a4(),ghidra,clean,
WHGame.dll,release_1_5_1164953_841,0x617958,114,FUN_180617958,,,86c55e35f9bae9932a6876a74955ac9d8568081c76d499a3fa2488ac0e2b914b,undefined FUN_180617958(),ghidra,clean,
WHGame.dll,release_1_5_1164953_841,0x6179cc,306,FUN_1806179cc,,,8f6fa094a579ad458566f0d58cc04a5ba6c1fbe71c321ac01f1642ef78daf5f9,undefined FUN_1806179cc(),ghidra,clean,
WHGame.dll,release_1_5_1164953_841,0x617b00,52,FUN_180617b00,,,82d1d250d5e84e674fdb14253425d55e7df3f0ceef2847442ac861cc88d424fa,undefined FUN_180617b00(),ghidra,clean,
WHGame.dll,release_1_5_1164953_841,0x617b34,77,FUN_180617b34,,,71a58814c5749a40aa7ece98867cb8c2acd1ae179665a1d3e38a1cc5dc019d39,undefined FUN_180617b34(),ghidra,clean,
WHGame.dll,release_1_5_1164953_841,0x617b84,259,FUN_180617b84,,,b9c1ec6eb5d8f761468bc71dfb651e2e37e2352f8dbfdb34d7f35275da31f7a2,undefined FUN_180617b84(),ghidra,clean,
WHGame.dll,release_1_5_1164953_841,0x617c88,68,FUN_180617c88,,,fc194d6a2af8cbd57ac355588f3548539e403ac38f7e6b7830d1b64762d8bbad,undefined FUN_180617c88(),ghidra,clean,
WHGame.dll,release_1_5_1164953_841,0x617ccc,22,FUN_180617ccc,,,9ecd7047737824ee79f855cd44f9110ad2c533c3e383ab2704395035b19b0011,undefined FUN_180617ccc(),ghidra,clean,
WHGame.dll,release_1_5_1164953_841,0x617cf0,22,FUN_180617cf0,,,c44a916c3b3d8e9ffd099a95de80d1c157508b322085d61cacc9b618dbec0dd9,undefined FUN_180617cf0(),ghidra,clean,
WHGame.dll,release_1_5_1164953_841,0x617d08,282,FUN_180617d08,,,ee62a9727c1203e7591e31f7d37b68b426f9b8421d6d31b5e81cad1519422c78,undefined FUN_180617d08(),ghidra,clean,
WHGame.dll,release_1_5_1164953_841,0x617e08,210,FUN_180617e08,,,2a2c56f1294f8215a0dadd567fd0b3449407db883730143b304f8e2d8eac828f,undefined FUN_180617e08(),ghidra,clean,
WHGame.dll,release_1_5_1164953_841,0x617edc,122,FUN_180617edc,,,c24229a2403e68353ee8474f41a019e625feb98aa1e9c6920576d953d5ed814b,undefined FUN_180617edc(),ghidra,clean,
WHGame.dll,release_1_5_1164953_841,0x617f14,84,FUN_180617f14,,,5ca5e37889e53026aef81cfc98dc4d3a9336d3c3bc4d5b937fdc2cf4e8e02a17,undefined FUN_180617f14(),ghidra,clean,
WHGame.dll,release_1_5_1164953_841,0x617f68,729,FUN_180617f68,,,5f768ffa32dd609fa6818b597bfebd2b180b7be1ca6a91a7e6ad8d633ddb5c7b,undefined FUN_180617f68(),ghidra,clean,
WHGame.dll,release_1_5_1164953_841,0x618234,68,FUN_180618234,,,697383e86940d7a544248a13489a99a7c0089536cce1b83877a7761eacf87a50,undefined FUN_180618234(),ghidra,clean,
WHGame.dll,release_1_5_1164953_841,0x618278,469,FUN_180618278,,,fc54e167b79570a1e7b9145bfe5a7a39e3e7468573ccd959cff85a1ecb9233bd,undefined FUN_180618278(),ghidra,clean,
WHGame.dll,release_1_5_1164953_841,0x618450,14,FUN_180618450,,,f1d35450902e8a084745f27b1277f746dae840804b744a743f7d8e1c610107b4,undefined FUN_180618450(),ghidra,clean,
WHGame.dll,release_1_5_1164953_841,0x618460,57,FUN_180618460,,,4799e31ebb60f3c4677b04431a758f827e9429a6d141da4375b55f9351cbdad6,undefined FUN_180618460(),ghidra,clean,
WHGame.dll,release_1_5_1164953_841,0x61849c,57,FUN_18061849c,,,84d3d8c229db7b8b37bd2c64e3b614268000b03ebccbe98dbd46f191c077a929,undefined FUN_18061849c(),ghidra,clean,
WHGame.dll,release_1_5_1164953_841,0x6184d8,57,FUN_1806184d8,,,2a2cf5d0eb402e0d48048e0337b717224a97ab245ad79f6212e7ce6945308ad3,undefined FUN_1806184d8(),ghidra,clean,
WHGame.dll,release_1_5_1164953_841,0x618514,128,FUN_180618514,,,b139a935e1c7eae8826830110eccb6ce113c136e17ad76986fd463fa6db2a882,undefined FUN_180618514(),ghidra,clean,
WHGame.dll,release_1_5_1164953_841,0x618594,155,FUN_180618594,,,1a7a46fc6369cc8ec608394e094fe4e5491a2139cf0b1f38cba6e11c0e4a99dc,undefined FUN_180618594(),ghidra,clean,
WHGame.dll,release_1_5_1164953_841,0x618630,85,FUN_180618630,,,40a6b8cfb2edfa7611790e4df48b0d3e3e5edbe727900b4fb0d4affa3a01d840,undefined FUN_180618630(),ghidra,clean,
WHGame.dll,release_1_5_1164953_841,0x618688,74,FUN_180618688,,,d86aad48c97f3fab6796ce16be0862a04d329793b04d0847d2b446f10d5ad853,undefined FUN_180618688(),ghidra,clean,
WHGame.dll,release_1_5_1164953_841,0x6186d4,65,FUN_1806186d4,,,ca4f38958174ea86af578c054453cd6d1ec29953a8d11c2072797b11e2b99385,undefined FUN_1806186d4(),ghidra,clean,
WHGame.dll,release_1_5_1164953_841,0x618718,125,FUN_180618718,,,057eff06679c9954379786789f42b4fba74dc8ad66edd60a93c7ae86990fb174,undefined FUN_180618718(),ghidra,clean,
WHGame.dll,release_1_5_1164953_841,0x618798,40,FUN_180618798,,,82ad47eb97b71298c80f8ad01f08b26414968cef3fb1d434a7ad7f8007c79239,undefined FUN_180618798(),ghidra,clean,
WHGame.dll,release_1_5_1164953_841,0x6187c0,41,FUN_1806187c0,,,0539c2c5dd05eb59c0124d9fa83e87755730ba01ed2760f02fc2428d287f3e30,undefined FUN_1806187c0(),ghidra,clean,
WHGame.dll,release_1_5_1164953_841,0x6187ec,65,FUN_1806187ec,,,7f85dca439aa368a92b89c2d55a7a10e4328b84ace27717e5300c52315bb6838,undefined FUN_1806187ec(),ghidra,clean,
WHGame.dll,release_1_5_1164953_841,0x618830,19,FUN_180618830,,,1cd204434d4470499df22c4ec54b3637267c48cf6c76565a3b987378f1b8d560,undefined FUN_180618830(),ghidra,clean,
WHGame.dll,release_1_5_1164953_841,0x618844,126,FUN_180618844,,,c524da557b1d0b5b247cc59956e47dfaa95ea04eafaffa825791962b6acc97a1,undefined FUN_180618844(),ghidra,clean,
WHGame.dll,release_1_5_1164953_841,0x6188c4,37,FUN_1806188c4,,,6705fe330a8c6909c8a61ce94e2069d8a48e7c5b2285cd5624e48f23ecdc469e,undefined FUN_1806188c4(),ghidra,clean,
WHGame.dll,release_1_5_1164953_841,0x6188ec,213,FUN_1806188ec,,,72866b8a5d79ab3d06641bde974ceb884863ce6612400f37c781487a62fe407a,undefined FUN_1806188ec(),ghidra,clean,
WHGame.dll,release_1_5_1164953_841,0x6189b8,103,FUN_1806189b8,,,5747254e86a969343e703aeda067e9ac2305ec08f6b742094d4ecab9786a70e7,undefined FUN_1806189b8(),ghidra,clean,
WHGame.dll,release_1_5_1164953_841,0x618a20,66,FUN_180618a20,,,8a5e5825718786d470dc401a929617b6146e2f133b4bec3ef8e1a0d5b97fd960,undefined FUN_180618a20(),ghidra,clean,
WHGame.dll,release_1_5_1164953_841,0x618a64,66,FUN_180618a64,,,228704d027e865f2c6df1b3540825abdebe4eb7a46a43ef3d29ed0a7254de1b7,undefined FUN_180618a64(),ghidra,clean,
WHGame.dll,release_1_5_1164953_841,0x618ab0,9,FUN_180618ab0,,,07c34b29dc712dc9b7392a0761e890ba38dec6952b61a071453b52fba3bb386d,undefined FUN_180618ab0(),ghidra,clean,
WHGame.dll,release_1_5_1164953_841,0x618abc,218,FUN_180618abc,,,f152dc08c276a84e47146712f25c4beb662879065f1e3eff2099698b6614d157,undefined FUN_180618abc(),ghidra,clean,
WHGame.dll,release_1_5_1164953_841,0x618b98,290,FUN_180618b98,,,85f1ff6cc8319afdfb2b421d031ff57c81f35999255d54f4891526046dbea63a,undefined FUN_180618b98(),ghidra,clean,
WHGame.dll,release_1_5_1164953_841,0x618cbc,55,FUN_180618cbc,,,2d27f272ad65e89175132531199dc486186986ad87addbcb6d2ce9d5cdab5509,undefined FUN_180618cbc(),ghidra,clean,
WHGame.dll,release_1_5_1164953_841,0x618cf4,227,FUN_180618cf4,,,a8a8098920c94df1c7f6d70f7220c70f3a97f67c8e31efeb8273f7536674877a,undefined FUN_180618cf4(),ghidra,clean,
WHGame.dll,release_1_5_1164953_841,0x618dd8,371,FUN_180618dd8,,,5183d289e7fc4fcc616e4a6c7f38ee2381c19eb072ddca307123005210cdd7b0,undefined FUN_180618dd8(),ghidra,clean,
WHGame.dll,release_1_5_1164953_841,0x618e78,93,FUN_180618e78,,,672d87768d650c25784ecabd289b1a863b05c8407c47e27e06f916e486ff1960,undefined FUN_180618e78(),ghidra,clean,
WHGame.dll,release_1_5_1164953_841,0x618ed8,309,FUN_180618ed8,,,d841ec7cab0415ac780db3731c176431bd4feeb0028a15d529406dc0dc714b90,undefined FUN_180618ed8(),ghidra,clean,
WHGame.dll,release_1_5_1164953_841,0x619010,161,FUN_180619010,,,4e606a166d9cfd6bfb95178d911df6726c876ae42a55d6a45bbf30ca9036fd48,undefined FUN_180619010(),ghidra,clean,
WHGame.dll,release_1_5_1164953_841,0x6190b4,59,FUN_1806190b4,,,1fe39ee8119c4ecf00e70f76c306454919fac5fd2228ad482d52c72993e8b75b,undefined FUN_1806190b4(),ghidra,clean,
WHGame.dll,release_1_5_1164953_841,0x6190f0,354,FUN_1806190f0,,,0287a38b0d9915758835be8f78077834b97a278cd18ab5ec12a969323a839b81,undefined FUN_1806190f0(),ghidra,clean,
WHGame.dll,release_1_5_1164953_841,0x619254,207,FUN_180619254,,,8a712cea666842bdf25f209ef40d94be5168e3a9e4cd64b518d935131bd720c9,undefined FUN_180619254(),ghidra,clean,
WHGame.dll,release_1_5_1164953_841,0x619324,54,FUN_180619324,,,8f01d89264f5ede86d20edd9f8db2718d76c04b35822e118ce7c4ca362ae6082,undefined FUN_180619324(),ghidra,clean,
WHGame.dll,release_1_5_1164953_841,0x61935c,60,FUN_18061935c,,,55361869b97ea69de584c5c995784df3ddb528397f2e20c7e0a5937e20d8c82f,undefined FUN_18061935c(),ghidra,clean,
WHGame.dll,release_1_5_1164953_841,0x619398,143,FUN_180619398,,,66a6e9b64d18141185ca651d7bed3545b7f71a0101ebf8ca36d692316cf374f1,undefined FUN_180619398(),ghidra,clean,
WHGame.dll,release_1_5_1164953_841,0x619428,71,FUN_180619428,,,cfc7ec9ae279eca218e8fd94dc5a3aa1dcf980a729070ec41fa432a7bf88f7f1,undefined FUN_180619428(),ghidra,clean,
WHGame.dll,release_1_5_1164953_841,0x619470,397,FUN_180619470,,,fc4ae7817fd9598e2084d2b0102c72b38598b2ce072ae4b4eca90fa6aba46d02,undefined FUN_180619470(),ghidra,clean,
WHGame.dll,release_1_5_1164953_841,0x619600,74,FUN_180619600,,,b2967e21d589c7d366ac533b9c074ac87dc69f01e3da851a37039b5716e3bf4d,undefined FUN_180619600(),ghidra,clean,
WHGame.dll,release_1_5_1164953_841,0x61964c,18,FUN_18061964c,,,e653f69a91a1338870f55105e5ed302c9c0a9deeef02c698660673220d41a416,undefined FUN_18061964c(),ghidra,clean,
WHGame.dll,release_1_5_1164953_841,0x619660,123,FUN_180619660,,,560c6e089cd80d09e9c61461f9ac9a350446e112e1c6b4ba46ee6aad036d2ae0,undefined FUN_180619660(),ghidra,clean,
WHGame.dll,release_1_5_1164953_841,0x6196dc,639,FUN_1806196dc,,,e49c4a1b159ff626a8ce211a79f50696232ac1918baf50a17a5ff918429d9e4f,undefined FUN_1806196dc(),ghidra,clean,
WHGame.dll,release_1_5_1164953_841,0x61995c,301,FUN_18061995c,,,889fd82944b6e4b56ad06c2fe37a22c20b155ee640201d956cfad5ff970ce4a0,undefined FUN_18061995c(),ghidra,clean,
WHGame.dll,release_1_5_1164953_841,0x619a8c,57,FUN_180619a8c,,,7b5d2a7d64e4415a7dba260eb645467cc4e98586fe6ad73e1b7a5ce6a76316ec,undefined FUN_180619a8c(),ghidra,clean,
WHGame.dll,release_1_5_1164953_841,0x619ac8,38,FUN_180619ac8,,,1abfa5ab260a9ebc5b7bb53339cdeb573ac3a1f8ba523da54995c55ecc903f9d,undefined FUN_180619ac8(),ghidra,clean,
WHGame.dll,release_1_5_1164953_841,0x619af0,59,FUN_180619af0,,,b05974843b6ec6af3f9e700dd163ff2fd0a6dfe8956be0311ec6a0bf2139a77b,undefined FUN_180619af0(),ghidra,clean,
WHGame.dll,release_1_5_1164953_841,0x619b2c,146,FUN_180619b2c,,,682e0373d23bfc2841bf58109605cdc5924b90478cb3fd943c16ce2f691d6070,undefined FUN_180619b2c(),ghidra,clean,
WHGame.dll,release_1_5_1164953_841,0x619bc0,209,FUN_180619bc0,,,ab31fa68bfcdfa3a079cf064974aff57e66c11168518701b409f7a7d70c216ad,undefined FUN_180619bc0(),ghidra,clean,
WHGame.dll,release_1_5_1164953_841,0x619c94,232,FUN_180619c94,,,f996d7c37bd45aa1b40bb3ec9fc7f89d1085175a3c5b08f7e508463ada697d90,undefined FUN_180619c94(),ghidra,clean,
WHGame.dll,release_1_5_1164953_841,0x619d7c,23,FUN_180619d7c,,,739b0b91b4bbedf9055911378d6c9d0c5022a3791a3132d5b2057572ad6c31dd,undefined FUN_180619d7c(),ghidra,clean,
WHGame.dll,release_1_5_1164953_841,0x619d94,166,FUN_180619d94,,,171c83013c164e909927b28e0ed81275473ffd5815883adbf81866ebfefc92a4,undefined FUN_180619d94(),ghidra,clean,
WHGame.dll,release_1_5_1164953_841,0x619e3c,89,FUN_180619e3c,,,68f1bdfe1bdba680dc8c1d8a23c44db2b909fbcb0e5c57a858f5064a0992a690,undefined FUN_180619e3c(),ghidra,clean,
WHGame.dll,release_1_5_1164953_841,0x619e98,93,FUN_180619e98,,,9277482b1ce1f10d063d485270057eb8298031e86b14496945ef507faa1ad6a7,undefined FUN_180619e98(),ghidra,clean,
WHGame.dll,release_1_5_1164953_841,0x619ef8,118,FUN_180619ef8,,,d8ffc189922bd2a290d1df40876137e8b93c20c4b55d4beac85ba7d544256bfb,undefined FUN_180619ef8(),ghidra,clean,
WHGame.dll,release_1_5_1164953_841,0x619f70,6,FUN_180619f70,,,158b9bfa0a3ac28119788af192d1426492254ba4420006b7a934a9d9ae270810,undefined FUN_180619f70(),ghidra,clean,
WHGame.dll,release_1_5_1164953_841,0x619f78,36,FUN_180619f78,,,bfb37d8c36d18aa7524450ed188e4512cde06f4c856147f14d18c166b5d7a44e,undefined FUN_180619f78(),ghidra,clean,
WHGame.dll,release_1_5_1164953_841,0x619f9c,162,FUN_180619f9c,,,f5d371d882c4488cec8e9fe2b7177eb2cd876d6700e30b9b46a47efff9719450,undefined FUN_180619f9c(),ghidra,clean,
WHGame.dll,release_1_5_1164953_841,0x61a040,50,FUN_18061a040,,,f7110e12afe7fdc44714910de4c2b2c17eb46ca5548652131b1c46be1643f84c,undefined FUN_18061a040(),ghidra,clean,
WHGame.dll,release_1_5_1164953_841,0x61a074,55,FUN_18061a074,,,cf3aa9d0eb3decd35235e303bdeaa4fda65a084e2f1d934ccecf340ebd2080e1,undefined FUN_18061a074(),ghidra,clean,
WHGame.dll,release_1_5_1164953_841,0x61a0ac,91,FUN_18061a0ac,,,0dcca1697a84c2c1be425d63beffc4a18f558f7c89a7edc922acfb1e85ffa856,undefined FUN_18061a0ac(),ghidra,clean,
WHGame.dll,release_1_5_1164953_841,0x61a108,227,FUN_18061a108,,,44254c1c043107b6e59d30d0f5c692fd6d6a3c316f6ada18e7917b45dbbec81b,undefined FUN_18061a108(),ghidra,clean,
WHGame.dll,release_1_5_1164953_841,0x61a1ec,419,FUN_18061a1ec,,,80cf487f15f20fc1b60ce2b97b5e11372601831272f65fd6efe6a296b1c20fe4,undefined FUN_18061a1ec(),ghidra,clean,
WHGame.dll,release_1_5_1164953_841,0x61a390,161,FUN_18061a390,,,0f6d3de1f12285969fd53d0d47b5fe9d607a6bab514ae6c65a5b10b7488a2962,undefined FUN_18061a390(),ghidra,clean,
WHGame.dll,release_1_5_1164953_841,0x61a434,334,FUN_18061a434,,,4e4725b9277e302a11b93dc503ce2d034340f480fb47904cd34fe05c3622ed51,undefined FUN_18061a434(),ghidra,clean,
WHGame.dll,release_1_5_1164953_841,0x61a584,63,FUN_18061a584,,,491b6756779618e5cbdcf5c1967c379294407ec69daa69159e15279f73d426b8,undefined FUN_18061a584(),ghidra,clean,
WHGame.dll,release_1_5_1164953_841,0x61a5c4,300,FUN_18061a5c4,,,1fa9e1325a2d29fd837df32b71cd21f067b0af835ed9bc8e7da3e28583399fef,undefined FUN_18061a5c4(),ghidra,clean,
WHGame.dll,release_1_5_1164953_841,0x61a6f0,73,FUN_18061a6f0,,,55de961f0177aa71ff896dc888343e0e424b5388ec6b863859182be19a018c70,undefined FUN_18061a6f0(),ghidra,clean,
WHGame.dll,release_1_5_1164953_841,0x61a73c,41,FUN_18061a73c,,,a04fdd6f3889c49c684c1bb5d49b79da585f51bb65346edc039a243f110d671b,undefined FUN_18061a73c(),ghidra,clean,
WHGame.dll,release_1_5_1164953_841,0x61a768,149,FUN_18061a768,,,af2401544edc75dfc4fd68559cbc78f85440b22b381c09a2d1b2ba6f1186304d,undefined FUN_18061a768(),ghidra,clean,
WHGame.dll,release_1_5_1164953_841,0x61a800,169,FUN_18061a800,,,79e54704284577fc0be60b08004a65476bcb5a585754b8946625bc08eca646bd,undefined FUN_18061a800(),ghidra,clean,
WHGame.dll,release_1_5_1164953_841,0x61a8ac,36,FUN_18061a8ac,,,0b8b4f15dd341076479771394bbff157a464b1d118b4fdf85ff11263034b1ff9,undefined FUN_18061a8ac(),ghidra,clean,
WHGame.dll,release_1_5_1164953_841,0x61a8d0,216,FUN_18061a8d0,,,f8d05f863a524975a83e9e148a97d4cad2e2eb12d4158cbf770b2756c4136e80,undefined FUN_18061a8d0(),ghidra,clean,
WHGame.dll,release_1_5_1164953_841,0x61a9a8,364,FUN_18061a9a8,,,c6c6cbad4bfb5f9399544cbc5a7333f7e57d5f82e2e57999367b496d6016aed7,undefined FUN_18061a9a8(),ghidra,clean,
WHGame.dll,release_1_5_1164953_841,0x61ab14,236,FUN_18061ab14,,,04320a27ee1837fa151b6890a1950c9e525cf116bae56bc54cbd0cceb8127e2c,undefined FUN_18061ab14(),ghidra,clean,
WHGame.dll,release_1_5_1164953_841,0x61ac00,58,FUN_18061ac00,,,59b3181d1cf10b0aca75867aed76d52b388a83e3320fda43c2c26d3d445083c2,undefined FUN_18061ac00(),ghidra,clean,
WHGame.dll,release_1_5_1164953_841,0x61ac3c,135,FUN_18061ac3c,,,a066dde662ae6c147838c1316aa645ece32b2a3dd68c98ce6e2ce47d3c3e3153,undefined FUN_18061ac3c(),ghidra,clean,
WHGame.dll,release_1_5_1164953_841,0x61acc4,42,FUN_18061acc4,,,23778cad0c78436f1c325c4a01819844e2d7c277a7a991b057e71ad0f82325cb,undefined FUN_18061acc4(),ghidra,clean,
WHGame.dll,release_1_5_1164953_841,0x61acf0,125,FUN_18061acf0,,,7b383700b279f97029735e7268259da5a6fc63c1f51dcb7f661779c6c4dc5a27,undefined FUN_18061acf0(),ghidra,clean,
WHGame.dll,release_1_5_1164953_841,0x61ad70,122,FUN_18061ad70,,,949ccfa4b085abb9dd5127fa63ea65af0b5c52645a9e702ee15fa90f26efe400,undefined FUN_18061ad70(),ghidra,clean,
WHGame.dll,release_1_5_1164953_841,0x61adec,316,FUN_18061adec,,,7bf9c88d9ab0ff67433a38f82e581fe50b386c2bd37a7e32d35898cf00bc2d62,undefined FUN_18061adec(),ghidra,clean,
WHGame.dll,release_1_5_1164953_841,0x61af28,10,FUN_18061af28,,,66fd25c4bb73270e9978058c05a2d6504dc6965a88c7a1b411533d1f8bb37642,undefined FUN_18061af28(),ghidra,clean,
WHGame.dll,release_1_5_1164953_841,0x61af34,161,FUN_18061af34,,,b723bee779619dd53c2381c34938d62750e3ee3403d39eb38b829708bfd5fcd3,undefined FUN_18061af34(),ghidra,clean,
WHGame.dll,release_1_5_1164953_841,0x61afd8,143,FUN_18061afd8,,,aef8b1ecf2518cc4a4cadd7222d7133db3d0d81a8fbdb1f4cf3b751eb5c10cea,undefined FUN_18061afd8(),ghidra,clean,
WHGame.dll,release_1_5_1164953_841,0x61b068,203,FUN_18061b068,,,d44ba48178bc09834f07f0ec15ff88ed3358d6d938c7a11c006630427668d039,undefined FUN_18061b068(),ghidra,clean,
WHGame.dll,release_1_5_1164953_841,0x61b0dc,26,FUN_18061b0dc,,,48e3d6a04bd4e8dd03d65ef98f021d48418cb06e168073429144dbf673e0a914,undefined FUN_18061b0dc(),ghidra,clean,
WHGame.dll,release_1_5_1164953_841,0x61b0f8,119,FUN_18061b0f8,,,78b2e2bd9e00bad3c0391a0bbf542a927b745d1f6e8e91d861b507f35df6fe02,undefined FUN_18061b0f8(),ghidra,clean,
WHGame.dll,release_1_5_1164953_841,0x61b170,110,FUN_18061b170,,,91c81513260f00619ccd467f37eb5caf548c532ceaa9f9867d3c0bb20ee82957,undefined FUN_18061b170(),ghidra,clean,
WHGame.dll,release_1_5_1164953_841,0x61b1e0,53,FUN_18061b1e0,,,85e380852dedae26d858d96f74506c85c3892de696c95425427090d669f319df,undefined FUN_18061b1e0(),ghidra,clean,
WHGame.dll,release_1_5_1164953_841,0x61b218,106,FUN_18061b218,,,605f2c0fb5f24209db44cca92e8fe8b3e7c793d12f0851e2bcd2094587bd4d6d,undefined FUN_18061b218(),ghidra,clean,
WHGame.dll,release_1_5_1164953_841,0x61b284,78,FUN_18061b284,,,dcdca10e14740ccc4f1030ce618467d3f8799607bcb47000d24bf9405d0e71a7,undefined FUN_18061b284(),ghidra,clean,
WHGame.dll,release_1_5_1164953_841,0x61b2d4,266,FUN_18061b2d4,,,570228f31b9d9648395c33b7269139fd9eaed570939398bba089cd9322024a22,undefined FUN_18061b2d4(),ghidra,clean,
WHGame.dll,release_1_5_1164953_841,0x61b3e0,337,FUN_18061b3e0,,,92b2824207c19a29afe082e4c8bbbbfbe35e0078746f500d92accc7faf82b690,undefined FUN_18061b3e0(),ghidra,clean,
WHGame.dll,release_1_5_1164953_841,0x61b534,42,FUN_18061b534,,,a15f929f4567e34a490790f6515958212740343744fff0d721b83c51b0d859d3,undefined FUN_18061b534(),ghidra,clean,
WHGame.dll,release_1_5_1164953_841,0x61b560,83,FUN_18061b560,,,12bdbf9a73e54947b19808af8f78260a2c585ca421fefbe53c7f3d308295d5d5,undefined FUN_18061b560(),ghidra,clean,
WHGame.dll,release_1_5_1164953_841,0x61b5b4,179,FUN_18061b5b4,,,7b111ec5baf4b38e4426b0efa5bb5da59124fb47d6ceac97f51f6d606b1f8733,undefined FUN_18061b5b4(),ghidra,clean,
WHGame.dll,release_1_5_1164953_841,0x61b668,119,FUN_18061b668,,,39805611fe1b202744012ebc54228ea87991dac748f7b0ef3cd1c1bde72f7d4d,undefined FUN_18061b668(),ghidra,clean,
WHGame.dll,release_1_5_1164953_841,0x61b6e0,47,FUN_18061b6e0,,,61fdf5f94649767580cc4309f3cd3ce6ac2643ce8ba8a09f1157d065e0705287,undefined FUN_18061b6e0(),ghidra,clean,
WHGame.dll,release_1_5_1164953_841,0x61b710,153,FUN_18061b710,,,7291d4a3d771adbf72216b54432954feb7d108bf229797adffa6cd3e6f242299,undefined FUN_18061b710(),ghidra,clean,
WHGame.dll,release_1_5_1164953_841,0x61b7ac,16,FUN_18061b7ac,,,39f33609d93d06dba85d61acc311549dee2f337b37a0eebdfedd0fd3cf623384,undefined FUN_18061b7ac(),ghidra,clean,
WHGame.dll,release_1_5_1164953_841,0x61b7bc,255,FUN_18061b7bc,,,a188c04cd18cd6bac895be11b465711d1bde2ca9bf9127b064062243e97ff1a6,undefined FUN_18061b7bc(),ghidra,clean,
WHGame.dll,release_1_5_1164953_841,0x61b8bc,59,FUN_18061b8bc,,,81ae0460026bd6a6526061ec8d2e51a06016e3eb0da2e2cd4a85b6d698bd10eb,undefined FUN_18061b8bc(),ghidra,clean,
WHGame.dll,release_1_5_1164953_841,0x61b8f8,26,FUN_18061b8f8,,,119a846555545926a220ff214cc8a0b7e47fad7edcb797a13e806987be3fdaa4,undefined FUN_18061b8f8(),ghidra,clean,
WHGame.dll,release_1_5_1164953_841,0x61b914,119,FUN_18061b914,,,37c9a5a18c76be679fc16483a2f2399a7c1b72e9db6309f3a75917279114a176,undefined FUN_18061b914(),ghidra,clean,
WHGame.dll,release_1_5_1164953_841,0x61b98c,59,FUN_18061b98c,,,d98398f7a9112d2eb120c99fddb71ecba642f7bcb2f6a7af990f69d994c6c965,undefined FUN_18061b98c(),ghidra,clean,
WHGame.dll,release_1_5_1164953_841,0x61b9c8,119,FUN_18061b9c8,,,454f5f43b63ae0b3f4df6d4a7c49ce79609004c31040bed7173593379293880b,undefined FUN_18061b9c8(),ghidra,clean,
WHGame.dll,release_1_5_1164953_841,0x61ba40,59,FUN_18061ba40,,,702dfcfe2243ef8cd66a04e3e402572c12dfa4ac90ca7ac394def404a6b7f469,undefined FUN_18061ba40(),ghidra,clean,
WHGame.dll,release_1_5_1164953_841,0x61ba7c,26,FUN_18061ba7c,,,3e02c389cd3455e5cf30a44f89d7e7fdb2849f0e6c6799948d86d3a1a9b37db9,undefined FUN_18061ba7c(),ghidra,clean,
WHGame.dll,release_1_5_1164953_841,0x61ba98,119,FUN_18061ba98,,,524aee8896f52de1f41a61ea534d6aaa4049b2ab3533973ec1c3b097bf833380,undefined FUN_18061ba98(),ghidra,clean,
WHGame.dll,release_1_5_1164953_841,0x61bb10,50,FUN_18061bb10,,,33c90183c16e33da483f9cb0706ec0f7679bc4b35e66b0e6c92d914c5f06c336,undefined FUN_18061bb10(),ghidra,clean,
WHGame.dll,release_1_5_1164953_841,0x61bb44,34,FUN_18061bb44,,,4d14b396c2126d21441ddd27e604fa46ed0470c910d629400a65593e31886be8,undefined FUN_18061bb44(),ghidra,clean,
WHGame.dll,release_1_5_1164953_841,0x61bb68,26,FUN_18061bb68,,,c04a6407087d79e4ef9116f3525acadd577fb41a78b804851d032ae3e0db6912,undefined FUN_18061bb68(),ghidra,clean,
WHGame.dll,release_1_5_1164953_841,0x61bb84,26,FUN_18061bb84,,,42994c42949b8bd72fcfa9abef7df21e1215d6e6ab0789a2e2066dcec00001a1,undefined FUN_18061bb84(),ghidra,clean,
WHGame.dll,release_1_5_1164953_841,0x61bba0,26,FUN_18061bba0,,,4c2335a5a925a7eef30ed2fabe1b0d5f071955aee73a69ddbcff2a8cf21098ff,undefined FUN_18061bba0(),ghidra,clean,
WHGame.dll,release_1_5_1164953_841,0x61bbbc,73,FUN_18061bbbc,,,967b0d7d4e00e5b8a093989745bdbf0dfab3136edaa44fe5f2d55917523feb04,undefined FUN_18061bbbc(),ghidra,clean,
WHGame.dll,release_1_5_1164953_841,0x61bc08,335,FUN_18061bc08,,,587d10656654f95a39163ae59c3a949683836c2844a7afce9da3b5b492b07570,undefined FUN_18061bc08(),ghidra,clean,
WHGame.dll,release_1_5_1164953_841,0x61bd58,141,FUN_18061bd58,,,86f8f9574c5017bde678592d455ef45efc5dccbc4975c1eae74610e8551a4be7,undefined FUN_18061bd58(),ghidra,clean,
WHGame.dll,release_1_5_1164953_841,0x61bde8,571,FUN_18061bde8,,,baeb0660e5286faf7fa2bfbeae5c63cca5c063c6c5cb34c8245a1eeee8a4bc52,undefined FUN_18061bde8(),ghidra,clean,
WHGame.dll,release_1_5_1164953_841,0x61c024,145,FUN_18061c024,,,de3aa9fdcd1a66bde229c85d6dc9eb8fe89502e6527f93d65dedd0b08d59f14c,undefined FUN_18061c024(),ghidra,clean,
WHGame.dll,release_1_5_1164953_841,0x61c0b8,26,FUN_18061c0b8,,,c8366212f81dfbf7762afc32afcab47f3af65f8d4635f39e08f1579137341c39,undefined FUN_18061c0b8(),ghidra,clean,
WHGame.dll,release_1_5_1164953_841,0x61c0d4,77,FUN_18061c0d4,,,69ca23a30203ada9ef9a8f69438433f8dc64affcff75e4312718c683c2966c2c,undefined FUN_18061c0d4(),ghidra,clean,
WHGame.dll,release_1_5_1164953_841,0x61c124,236,FUN_18061c124,,,a24f56ba435d93835a121aaf78a9108dfb12c4ef95cba79d31a96760fa1e6a80,undefined FUN_18061c124(),ghidra,clean,
WHGame.dll,release_1_5_1164953_841,0x61c210,60,FUN_18061c210,,,9566785ec2cf7f645f871476051ce2648e30fe782d090494b4ee18290fe6116b,undefined FUN_18061c210(),ghidra,clean,
WHGame.dll,release_1_5_1164953_841,0x61c22c,36,FUN_18061c22c,,,bfbc078fb3fd7d59214d6f73e1ec74702a3153c7f690af8b34d1d198a00c6d0b,undefined FUN_18061c22c(),ghidra,clean,
WHGame.dll,release_1_5_1164953_841,0x61c250,36,FUN_18061c250,,,1e7305246a72fe10676abf81d74ad9e90bf5ebd678a4b5013e4e2c9727c19e80,undefined FUN_18061c250(),ghidra,clean,
WHGame.dll,release_1_5_1164953_841,0x61c274,159,FUN_18061c274,,,b2f3747c16ebcf59d55c38dc25aab494579321ed76cd076bef1577a3b8c49aa2,undefined FUN_18061c274(),ghidra,clean,
WHGame.dll,release_1_5_1164953_841,0x61c314,56,FUN_18061c314,,,c60be7a618e9066c5250d505d4288a75d7a148dfda5e2421a8cdaf785fc62919,undefined FUN_18061c314(),ghidra,clean,
WHGame.dll,release_1_5_1164953_841,0x61c34c,157,FUN_18061c34c,,,5254fef47ffc81de71c4b20eebe3d938956b49378e381f791d1afce1c1c32eae,undefined FUN_18061c34c(),ghidra,clean,
WHGame.dll,release_1_5_1164953_841,0x61c3ec,16,FUN_18061c3ec,,,72df13b0ab098ad60c79c91bd4284afcc677910ed6741295f9a6f5217a2770e5,undefined FUN_18061c3ec(),ghidra,clean,
WHGame.dll,release_1_5_1164953_841,0x61c3fc,469,FUN_18061c3fc,,,209aa3c6bb4febf3d242c1a2461454edd112484686ec8befbad40cd8118e4424,undefined FUN_18061c3fc(),ghidra,clean,
WHGame.dll,release_1_5_1164953_841,0x61c5d4,119,FUN_18061c5d4,,,77037119ff927b8686d62a9414e2f4b22310e73fa56fcaf9cc3a77a8c755e873,undefined FUN_18061c5d4(),ghidra,clean,
WHGame.dll,release_1_5_1164953_841,0x61c64c,121,FUN_18061c64c,,,bdc178893182d84b31ebc7878f35f2de5a1a3620986a737b26842d2e2b52bd7c,undefined FUN_18061c64c(),ghidra,clean,
WHGame.dll,release_1_5_1164953_841,0x61c6c8,60,FUN_18061c6c8,,,2c98c15210756a8a9b43b97106c6c2233632de1a9722411dec6723fdacd6d9a6,undefined FUN_18061c6c8(),ghidra,clean,
WHGame.dll,release_1_5_1164953_841,0x61c704,137,FUN_18061c704,,,507d70221042010c0631356e97c8ada4eba56b852be65fa1a16212aad1db3fd9,undefined FUN_18061c704(),ghidra,clean,
WHGame.dll,release_1_5_1164953_841,0x61c790,74,FUN_18061c790,,,9fe458827553112d5df9566b59c7d31a3db1e0c9b88bfb311d57ba5b013ec17f,undefined FUN_18061c790(),ghidra,clean,
WHGame.dll,release_1_5_1164953_841,0x61c7dc,786,FUN_18061c7dc,,,c3ca0607edb20300cc075997a4a98cc7725eed26884481d7dcf37db5ce5f8c4a,undefined FUN_18061c7dc(),ghidra,clean,
WHGame.dll,release_1_5_1164953_841,0x61cae0,154,FUN_18061cae0,,,3b361070e630b42e78002f1c64eb6062a032a719bebb31cc86f5cb331ba25630,undefined FUN_18061cae0(),ghidra,clean,
WHGame.dll,release_1_5_1164953_841,0x61cb7c,167,FUN_18061cb7c,,,b44c386b83e2b156a089e35811cda08f97a4e2c34b65bbf57dd41533fd0a1313,undefined FUN_18061cb7c(),ghidra,clean,
WHGame.dll,release_1_5_1164953_841,0x61cc24,43,FUN_18061cc24,,,a12bce78e8b4fff35206f0a01370108e82968b49853b80940cc99dc0e3095aff,undefined FUN_18061cc24(),ghidra,clean,
WHGame.dll,release_1_5_1164953_841,0x61cc50,193,FUN_18061cc50,,,feac0435b32d0f15c5c4b58ed4e30302cd58e0c2b66302a863e1c9d95476089c,undefined FUN_18061cc50(),ghidra,clean,
WHGame.dll,release_1_5_1164953_841,0x61cd14,315,FUN_18061cd14,,,0c149685d7168406b5934c1e14d66b44585059e66c19a589e1934a26f63275dc,undefined FUN_18061cd14(),ghidra,clean,
WHGame.dll,release_1_5_1164953_841,0x61ce50,91,FUN_18061ce50,,,ef2ac23afc6366b531c7d6df2c092088cbdaa6cfd2f980352e98aea19b539145,undefined FUN_18061ce50(),ghidra,clean,
WHGame.dll,release_1_5_1164953_841,0x61ceac,29,FUN_18061ceac,,,5909378cb157913e8fa85ae71f03e5325752772502b2abeca537c68bcacddf50,undefined FUN_18061ceac(),ghidra,clean,
WHGame.dll,release_1_5_1164953_841,0x61cecc,300,FUN_18061cecc,,,5579f784215fd40dff46dd3a9101db8ae1c51965f2b424690764ae6457e4f887,undefined FUN_18061cecc(),ghidra,clean,
WHGame.dll,release_1_5_1164953_841,0x61cff8,363,FUN_18061cff8,,,5b64e13e1c9c5c4879ffde1e4ca8fa779c82c80a011a351d32d86754ac75b854,undefined FUN_18061cff8(),ghidra,clean,
WHGame.dll,release_1_5_1164953_841,0x61d164,53,FUN_18061d164,,,6cc65f700881fff8e8e0dc3ad9a4dce34b9c475aab171808e520873a357bf84e,undefined FUN_18061d164(),ghidra,clean,
WHGame.dll,release_1_5_1164953_841,0x61d19c,37,FUN_18061d19c,,,17d4b97f825b5fb0b9b99be0105277f06e833e059fd00070bac53046c82ef277,undefined FUN_18061d19c(),ghidra,clean,
WHGame.dll,release_1_5_1164953_841,0x61d1c4,45,FUN_18061d1c4,,,385db894646aba443a87168f70c54fdeb4fdea4563a82eb4b81b91adf2889b54,undefined FUN_18061d1c4(),ghidra,clean,
WHGame.dll,release_1_5_1164953_841,0x61d1f4,342,FUN_18061d1f4,,,f6843c96881d05804c0d6dd158c82c25058053ab90e09e3c01cc11856927d298,undefined FUN_18061d1f4(),ghidra,clean,
WHGame.dll,release_1_5_1164953_841,0x61d34c,137,FUN_18061d34c,,,8011016e702600198aee99f350ecde144bcf282066bfd5bd3fefd2758cd39c49,undefined FUN_18061d34c(),ghidra,clean,
WHGame.dll,release_1_5_1164953_841,0x61d3e0,84,FUN_18061d3e0,,,bb103cf5892df7151414023840ca334cdea89da087f3a0f204ac219b810eac8f,undefined FUN_18061d3e0(),ghidra,clean,
WHGame.dll,release_1_5_1164953_841,0x61d434,70,FUN_18061d434,,,2ea7100af2457e026f60905f2f599691fb8cbbdf1ccb05f8f32025d5efed44e4,undefined FUN_18061d434(),ghidra,clean,
WHGame.dll,release_1_5_1164953_841,0x61d47c,59,FUN_18061d47c,,,15bcb3792600c1bcdf61f72619f6c71ec64057b5f7b7c4ff0a8b2ab2c0418802,undefined FUN_18061d47c(),ghidra,clean,
WHGame.dll,release_1_5_1164953_841,0x61d4b8,84,FUN_18061d4b8,,,c031a8cc37772a1d00ddb569af3a6f5c08ab7f1fc04835f39d51a4b8f9503fb2,undefined FUN_18061d4b8(),ghidra,clean,
WHGame.dll,release_1_5_1164953_841,0x61d50c,86,FUN_18061d50c,,,8f542e7856829b9cd7525af8798492a9b390f84a046b256395c3913fd204cb42,undefined FUN_18061d50c(),ghidra,clean,
WHGame.dll,release_1_5_1164953_841,0x61d564,80,FUN_18061d564,,,ef6eb325e4efc9b578ac806c39b5c7b657a71bf5479b2940512ba0b3e307cf89,undefined FUN_18061d564(),ghidra,clean,
WHGame.dll,release_1_5_1164953_841,0x61d5b4,49,FUN_18061d5b4,,,a66105e00ac7717d2778e4a9562b57fd33aaf7963db48eb43c235337259cfef4,undefined FUN_18061d5b4(),ghidra,clean,
WHGame.dll,release_1_5_1164953_841,0x61d5e8,61,FUN_18061d5e8,,,69329fde11a2ea6ded8ac92fb4fe69437c65dabacbe37c7d975c6e1688c864b1,undefined FUN_18061d5e8(),ghidra,clean,
WHGame.dll,release_1_5_1164953_841,0x61d628,256,FUN_18061d628,,,20babb6409579220f1d2884771bcc13a42c553684f5b8035d2b64e87ae31398a,undefined FUN_18061d628(),ghidra,clean,
WHGame.dll,release_1_5_1164953_841,0x61d728,446,FUN_18061d728,,,e3afabf4daf8c24574f6f18b390a947d07b7c659771d759965513ca29ff9e7f8,undefined FUN_18061d728(),ghidra,clean,
WHGame.dll,release_1_5_1164953_841,0x61d8e8,471,FUN_18061d8e8,,,81dd90280192224c5f4bee5a3f43a6658052282ae6a9bacf62a96aa4a27c0bb0,undefined FUN_18061d8e8(),ghidra,clean,
WHGame.dll,release_1_5_1164953_841,0x61dac0,188,FUN_18061dac0,,,a4b94849a70aae2e2c7a45b5e83f5e062a4873dfc60335e0edbefc35a828fe7a,undefined FUN_18061dac0(),ghidra,clean,
WHGame.dll,release_1_5_1164953_841,0x61db7c,306,FUN_18061db7c,,,f566213e5abfcecabb5a5730198cea9445adbb703a44af531269169a1e5c73cb,undefined FUN_18061db7c(),ghidra,clean,
WHGame.dll,release_1_5_1164953_841,0x61dc60,625,FUN_18061dc60,,,9557060c17d5e913e3b588b2d9c45a8dc634b43ac34ec6b3745ca26ca11adedf,undefined FUN_18061dc60(),ghidra,clean,
WHGame.dll,release_1_5_1164953_841,0x61ded4,146,FUN_18061ded4,,,ec230ff64c8ddc26a47e6307aa4bde7ed332d5b2e5e22719c0a9da13ef0252ed,undefined FUN_18061ded4(),ghidra,clean,
WHGame.dll,release_1_5_1164953_841,0x61df68,52,FUN_18061df68,,,2f4b7c17aa1d37923c56abfce062ab4d8edb496ff7caa6b1a0b50b29deb80ba9,undefined FUN_18061df68(),ghidra,clean,
WHGame.dll,release_1_5_1164953_841,0x61df9c,261,FUN_18061df9c,,,3845780cbb89c01b972e845c39b1e149cbe93dae9375d20674ada786914dbdc1,undefined FUN_18061df9c(),ghidra,clean,
WHGame.dll,release_1_5_1164953_841,0x61e0a4,148,FUN_18061e0a4,,,30f387782c955bade626b9f1f5455b06615229497e4b5e49463d27ace4df0efa,undefined FUN_18061e0a4(),ghidra,clean,
WHGame.dll,release_1_5_1164953_841,0x61e138,41,FUN_18061e138,,,483d09998c6370c99385c0efd681bc782b6af358d3ed9a78f021ef84d3ffacb5,undefined FUN_18061e138(),ghidra,clean,
WHGame.dll,release_1_5_1164953_841,0x61e164,55,FUN_18061e164,,,5a2ce21674ddc241e3248fe940513b4e98802b84b77341c5c70385efabcaec02,undefined FUN_18061e164(),ghidra,clean,
WHGame.dll,release_1_5_1164953_841,0x61e19c,67,FUN_18061e19c,,,b487d193f5794c95bf1231d1d166cb6979420de2ca0b2e19c99e5d805cc5fd39,undefined FUN_18061e19c(),ghidra,clean,
WHGame.dll,release_1_5_1164953_841,0x61e1e0,44,FUN_18061e1e0,,,02ffc78b3e8ada31b152ee9c076982d51949b5feca35f5458e73bc1da9b0eb8a,undefined FUN_18061e1e0(),ghidra,clean,
WHGame.dll,release_1_5_1164953_841,0x61e20c,52,FUN_18061e20c,,,a0964aec585962e5edf1e5f9a60d6525936cfe93464bc753b066adab4296a289,undefined FUN_18061e20c(),ghidra,clean,
WHGame.dll,release_1_5_1164953_841,0x61e240,136,FUN_18061e240,,,ec311ab8e384b5f644b27c7f6f89302a011bd08dc21abc0c67720f76a13387e5,undefined FUN_18061e240(),ghidra,clean,
WHGame.dll,release_1_5_1164953_841,0x61e2c8,130,FUN_18061e2c8,,,5f9a90b45b1a26c457194060ca62fe85ee49ddd8cff7924b904dd98765887097,undefined FUN_18061e2c8(),ghidra,clean,
WHGame.dll,release_1_5_1164953_841,0x61e34c,33,FUN_18061e34c,,,cfb2def74b3ecde93a046b42d13aa832276270b59693f9fecee3634530de0a10,undefined FUN_18061e34c(),ghidra,clean,
WHGame.dll,release_1_5_1164953_841,0x61e370,64,FUN_18061e370,,,554fe8bb1f618c88e0c228b72a4566b877953d1064b3734be960dcb2b84af575,undefined FUN_18061e370(),ghidra,clean,
WHGame.dll,release_1_5_1164953_841,0x61e3b0,262,FUN_18061e3b0,,,71416778e37e6d2747e45c66d3948c3e69ad0d7ec67069f3166e7389386ef57b,undefined FUN_18061e3b0(),ghidra,clean,
WHGame.dll,release_1_5_1164953_841,0x61e464,191,FUN_18061e464,,,e5417e716ccdfca9d9228648d0e026a9001d18bea4b0241f716ea0a63b357bcf,undefined FUN_18061e464(),ghidra,clean,
WHGame.dll,release_1_5_1164953_841,0x61e524,606,FUN_18061e524,,,559e5aff6a232b20930620afc3177e00a94560a7113d620f3160bb2aaaaa4d6a,undefined FUN_18061e524(),ghidra,clean,
WHGame.dll,release_1_5_1164953_841,0x61e624,379,FUN_18061e624,,,3ea50039e2282b494d53681df2e1212acd86735eb2b696001dba606e2c36a03e,undefined FUN_18061e624(),ghidra,clean,
WHGame.dll,release_1_5_1164953_841,0x61e7a0,174,FUN_18061e7a0,,,c9acc555950206696fd7302440142d4017b38b8ae7d9aa8a0c4c315ae8bb6e54,undefined FUN_18061e7a0(),ghidra,clean,
WHGame.dll,release_1_5_1164953_841,0x61e850,82,FUN_18061e850,,,a47f4ba7c96502db480dedf2c81fc9ad2674d6cba6f938bfa9c5e1498a4bf45a,undefined FUN_18061e850(),ghidra,clean,
WHGame.dll,release_1_5_1164953_841,0x61e8a4,102,FUN_18061e8a4,,,dc37a010683e4920ad3c2a3860ae5357d81e8991238c859a9b9f6e7675768c35,undefined FUN_18061e8a4(),ghidra,clean,
WHGame.dll,release_1_5_1164953_841,0x61e90c,214,FUN_18061e90c,,,f8008be69f7f6d3095a4785846b89cbcb4aaf1d5f9f87a2d68ec53ac601cc1eb,undefined FUN_18061e90c(),ghidra,clean,
WHGame.dll,release_1_5_1164953_841,0x61e9e4,27,FUN_18061e9e4,,,0695b888617634f0eed2d0354ae85881a177a5a615c3de3ec10266f7f1b4a0a3,undefined FUN_18061e9e4(),ghidra,clean,
WHGame.dll,release_1_5_1164953_841,0x61ea00,38,FUN_18061ea00,,,0ca904ec4683149da53647caa0536c45dd296efa454b055da9e569e6d374dced,undefined FUN_18061ea00(),ghidra,clean,
WHGame.dll,release_1_5_1164953_841,0x61ea28,340,FUN_18061ea28,,,510a7eb94a266a05e652c5a4457fbdf77d918ae1884beaf2138362d113401347,undefined FUN_18061ea28(),ghidra,clean,
WHGame.dll,release_1_5_1164953_841,0x61eb7c,497,FUN_18061eb7c,,,18644814a85c51ae273cfc38723967bfd8cc548b5c69bfb0de1c9703aeacb6b6,undefined FUN_18061eb7c(),ghidra,clean,
WHGame.dll,release_1_5_1164953_841,0x61ed70,30,FUN_18061ed70,,,8e0d29bad16db74421dc8dc8faa65182dbd05f709b51cb27336eabec99eb81e6,undefined FUN_18061ed70(),ghidra,clean,
WHGame.dll,release_1_5_1164953_841,0x61ed90,326,FUN_18061ed90,,,1c85b8def6cda901608bb11252df06b3094d0689614a2548e2df1cb0ae6a3f4c,undefined FUN_18061ed90(),ghidra,clean,
WHGame.dll,release_1_5_1164953_841,0x61eed8,69,FUN_18061eed8,,,7f8a459689ce087ae2ae7e4f2e0204a50b6b9940840ed85c8f5a3163eaaa6bbd,undefined FUN_18061eed8(),ghidra,clean,
WHGame.dll,release_1_5_1164953_841,0x61ef20,604,FUN_18061ef20,,,29cca6df0ca1ddecbab9a3cf6a4ff942afdcf02e2b4a96d30e5cf0e960fa44ac,undefined FUN_18061ef20(),ghidra,clean,
WHGame.dll,release_1_5_1164953_841,0x61f0d8,69,FUN_18061f0d8,,,daef4ebddf4e9e7e5e6ab33bbe3b352e1935976dbad52c5d13b752f695d16249,undefined FUN_18061f0d8(),ghidra,clean,
WHGame.dll,release_1_5_1164953_841,0x61f120,107,FUN_18061f120,,,278e8de0cb3c9f2c5b0fcbf9807e23980e86fb4dcc544e0086acdffb75e86f2a,undefined FUN_18061f120(),ghidra,clean,
WHGame.dll,release_1_5_1164953_841,0x61f18c,30,FUN_18061f18c,,,341f3d1695c11c777c5b506bac4f5e427076d712aac3d69c90d1d5df9d9126a3,undefined FUN_18061f18c(),ghidra,clean,
WHGame.dll,release_1_5_1164953_841,0x61f1ac,34,FUN_18061f1ac,,,bb12e2dd43b3c8db0eea0e990ac42087af34a82839ff5278e0902fc7bb035e88,undefined FUN_18061f1ac(),ghidra,clean,
WHGame.dll,release_1_5_1164953_841,0x61f1d0,65,FUN_18061f1d0,,,bce5eccd17dce4692243f07aa75bd5adc2121b0f577e1f82f02922e553ff886b,undefined FUN_18061f1d0(),ghidra,clean,
WHGame.dll,release_1_5_1164953_841,0x61f214,164,FUN_18061f214,,,39d72e8b71da6ee7ff538e412002b813b58dc67415281f6b038347a2171160df,undefined FUN_18061f214(),ghidra,clean,
WHGame.dll,release_1_5_1164953_841,0x61f2a0,55,FUN_18061f2a0,,,2a78dee9740ca61668aa5c32e258c66a4472266c6c67383c4ad6132f7e3c547f,undefined FUN_18061f2a0(),ghidra,clean,
WHGame.dll,release_1_5_1164953_841,0x61f2c8,153,FUN_18061f2c8,,,27a597ffcbc7d84f851dc4c1d3d093d6987ec2109a272fbf97f1fba85b630211,undefined FUN_18061f2c8(),ghidra,clean,
WHGame.dll,release_1_5_1164953_841,0x61f364,182,FUN_18061f364,,,3940a289dd1d25ae9eb7cfaba8c9b8890ed9263412e81354444bac6f07d4b684,undefined FUN_18061f364(),ghidra,clean,
WHGame.dll,release_1_5_1164953_841,0x61f41c,126,FUN_18061f41c,,,f0ea92aa4b64ada44db74ca846591c1b1d11c2545a6cae538683986520a7c4b0,undefined FUN_18061f41c(),ghidra,clean,
WHGame.dll,release_1_5_1164953_841,0x61f49c,113,FUN_18061f49c,,,aa08496d25d011e1c2eb4231790c2cd954d09e906007709f7442bd18e25d8577,undefined FUN_18061f49c(),ghidra,clean,
WHGame.dll,release_1_5_1164953_841,0x61f510,241,FUN_18061f510,,,0a087970e0989803c329279eb8d2368a084d4ce2732a30272d04e0a616ca1cc9,undefined FUN_18061f510(),ghidra,clean,
WHGame.dll,release_1_5_1164953_841,0x61f604,214,FUN_18061f604,,,feebd140ec28b2567f22b5187d4a02f0426ed4b0ed5a1dadea49e6a6808cdd31,undefined FUN_18061f604(),ghidra,clean,
WHGame.dll,release_1_5_1164953_841,0x61f6dc,154,FUN_18061f6dc,,,f62c4b9a6fef6aecee965ef45c2808b91ed8215c5451804fe7d5d5e063c86c36,undefined FUN_18061f6dc(),ghidra,clean,
WHGame.dll,release_1_5_1164953_841,0x61f778,8,FUN_18061f778,,,55ff10a1c7079216e2be4e8092d5553c70a9282eb7b14b8b04e8453f2e2e7894,undefined FUN_18061f778(),ghidra,clean,
WHGame.dll,release_1_5_1164953_841,0x61f780,285,FUN_18061f780,,,6f687f7a173b08a33b32966f3f080a7b1494bff9499838675de140412562395f,undefined FUN_18061f780(),ghidra,clean,
WHGame.dll,release_1_5_1164953_841,0x61f820,129,FUN_18061f820,,,a603a2d644fc1aacf3288042d84862228a72f29187a1e516ef762cb4162582f3,undefined FUN_18061f820(),ghidra,clean,
WHGame.dll,release_1_5_1164953_841,0x61f8a4,161,FUN_18061f8a4,,,c88d129e6808580388e577618103b9b14af6cfddfacf4fcd2755aa42c0bd60a6,undefined FUN_18061f8a4(),ghidra,clean,
WHGame.dll,release_1_5_1164953_841,0x61f948,139,FUN_18061f948,,,689fb8db6ee7618e55d152c9ed23d5d49e98389b95e0c49f6d6ab245c94495cb,undefined FUN_18061f948(),ghidra,clean,
WHGame.dll,release_1_5_1164953_841,0x61f9d4,175,FUN_18061f9d4,,,9b06a123b42618ba870e4437c24d6d3cafc7c9f43c9ab7aae3c71bf5c3dd59b5,undefined FUN_18061f9d4(),ghidra,clean,
WHGame.dll,release_1_5_1164953_841,0x61fa84,52,FUN_18061fa84,,,11367e36b206efeaca8f9f27e89d5b74db29b85bb4384430d99337d353667953,undefined FUN_18061fa84(),ghidra,clean,
WHGame.dll,release_1_5_1164953_841,0x61fab8,255,FUN_18061fab8,,,0bee44c8967c91b350cfe31e9a3a132e17900744880438efd6ae15163715babe,undefined FUN_18061fab8(),ghidra,clean,
WHGame.dll,release_1_5_1164953_841,0x61fbb8,82,FUN_18061fbb8,,,ee06b2a468446425e242c026e8650735e6b729a9a7d47b5391b47e1236ce5646,undefined FUN_18061fbb8(),ghidra,clean,
WHGame.dll,release_1_5_1164953_841,0x61fc0c,153,FUN_18061fc0c,,,e35f0a4082d0eb566eb5d781acd43b08348e2d0d04d25d19455eaa723737a05c,undefined FUN_18061fc0c(),ghidra,clean,
WHGame.dll,release_1_5_1164953_841,0x61fca8,51,FUN_18061fca8,,,a4473cb545d30b100d84312c1b4790f57ec1bc9c1eece6c018cb194d749a3af5,undefined FUN_18061fca8(),ghidra,clean,
WHGame.dll,release_1_5_1164953_841,0x61fcdc,121,FUN_18061fcdc,,,0ded94b273d3c5f4d56260ad8e5add48c337a7b8e6955d7ac4826cbf0e4da3a1,undefined FUN_18061fcdc(),ghidra,clean,
WHGame.dll,release_1_5_1164953_841,0x61fd58,277,FUN_18061fd58,,,ded9abd2e8bea2801d9652b9ba248b80847677d42c48c782b817f4cba56fc414,undefined FUN_18061fd58(),ghidra,clean,
WHGame.dll,release_1_5_1164953_841,0x61fe70,162,FUN_18061fe70,,,8698f5b186baf567e9168200bec5223e96fd2bffa5e19e555d180889d5355f67,undefined FUN_18061fe70(),ghidra,clean,
WHGame.dll,release_1_5_1164953_841,0x61fee0,86,FUN_18061fee0,,,d26098c1094c0b1aa7058ee7a0cafb3bbb2a7ab4667e777340440367269c9683,undefined FUN_18061fee0(),ghidra,clean,
WHGame.dll,release_1_5_1164953_841,0x61ff38,85,FUN_18061ff38,,,eec7bc48e42dced1fcaa285b424a15f628034e2657a49ff1ba1e23d3201b3680,undefined FUN_18061ff38(),ghidra,clean,
WHGame.dll,release_1_5_1164953_841,0x61ff6c,26,FUN_18061ff6c,,,cafddb66c59cea4b879d8103db4cf8d7d8fc0a7a51d9335bc47530bc513ecd4f,undefined FUN_18061ff6c(),ghidra,clean,
WHGame.dll,release_1_5_1164953_841,0x61ff88,931,FUN_18061ff88,,,1615efc90ab3fc3d22e1288e599a5f3be1e6bfc1297343643bae36afd8d41986,undefined FUN_18061ff88(),ghidra,clean,
WHGame.dll,release_1_5_1164953_841,0x62009c,23,FUN_18062009c,,,4a2215c3e820937481093c41c3a2c4fdd1b034767afb06c5e8afd475b2e2dc6a,undefined FUN_18062009c(),ghidra,clean,
WHGame.dll,release_1_5_1164953_841,0x6200b4,155,FUN_1806200b4,,,04770d1cfc2ea4dc7a1204cff0961a3fa283b28e7a7f66e504cfca98595d69a7,undefined FUN_1806200b4(),ghidra,clean,
WHGame.dll,release_1_5_1164953_841,0x620150,40,FUN_180620150,,,9b37942ad9ac0cd18b4cfbe69afd32fa31ccb4b09f1409c8262c84c20cacd4e7,undefined FUN_180620150(),ghidra,clean,
WHGame.dll,release_1_5_1164953_841,0x620178,40,FUN_180620178,,,a8c6b8ab3365b1ba037fbaa3e146fdb6987d00bf69a4ef1c3579dc67648fbd78,undefined FUN_180620178(),ghidra,clean,
WHGame.dll,release_1_5_1164953_841,0x6201a0,125,FUN_1806201a0,,,175ff7f53103bfa9b33931fc2c1a9b7cc1f3b4041f8c580f95349f82c72ec4f5,undefined FUN_1806201a0(),ghidra,clean,
WHGame.dll,release_1_5_1164953_841,0x620220,444,FUN_180620220,,,5a07f2cedfe84ef8493156e5aaa04cb2eb2c2cf4cdf81715b12b6bb1e81b962a,undefined FUN_180620220(),ghidra,clean,
WHGame.dll,release_1_5_1164953_841,0x6203dc,124,FUN_1806203dc,,,c992f6ba081621f630a0a7f7fabd25424e21167b66c07b6fbe882e706770b3d0,undefined FUN_1806203dc(),ghidra,clean,
WHGame.dll,release_1_5_1164953_841,0x620458,204,FUN_180620458,,,672b67cb8103d8ea98cd4cbeb6e5566e2930e87bc830aa25317cb030f28dcbce,undefined FUN_180620458(),ghidra,clean,
WHGame.dll,release_1_5_1164953_841,0x620524,124,FUN_180620524,,,88314423154ff49c7c559f2bc2b6f65c8ce0a5e3bf82fe66ed754345ae8bfd82,undefined FUN_180620524(),ghidra,clean,
WHGame.dll,release_1_5_1164953_841,0x6205a0,787,FUN_1806205a0,,,60ea31bb50f4b47cfad5c0e9344ff08ac6f2866f971625646ebbf74395c3589f,undefined FUN_1806205a0(),ghidra,clean,
WHGame.dll,release_1_5_1164953_841,0x6208b4,92,FUN_1806208b4,,,86ed50fa8543d13bde8ffb57b97f212853ad6f657ae5f3621995b1f8e81516f7,undefined FUN_1806208b4(),ghidra,clean,
WHGame.dll,release_1_5_1164953_841,0x6208f8,111,FUN_1806208f8,,,685d1c73bc837b26cc4b9ce706b47540410f32f567138fb3a667a9923652d022,undefined FUN_1806208f8(),ghidra,clean,
WHGame.dll,release_1_5_1164953_841,0x620968,167,FUN_180620968,,,8b47d08e8f7a75ee0ec7531ff03cef7f4a9fa17ca89370b17c1422fe6ad3c2a2,undefined FUN_180620968(),ghidra,clean,
WHGame.dll,release_1_5_1164953_841,0x620a10,40,FUN_180620a10,,,eab3039c1aab6f2db44ac6fe9a6c362e1b85e56ba64471c346ecfdce8ced90cc,undefined FUN_180620a10(),ghidra,clean,
WHGame.dll,release_1_5_1164953_841,0x620a38,72,FUN_180620a38,,,50168e1a48a37d20d3aa4ce84449c1b48450d4c22fad9292d12271080295c693,undefined FUN_180620a38(),ghidra,clean,
WHGame.dll,release_1_5_1164953_841,0x620a80,197,FUN_180620a80,,,091711827b4b6d665c218dbca2c6890d79839f48a5294036523cb2a2a9ba0824,undefined FUN_180620a80(),ghidra,clean,
WHGame.dll,release_1_5_1164953_841,0x620b48,167,FUN_180620b48,,,71fb5ce32dfb28f3cf4798cf9fc05b797916f60b31bc4e343683ebb23ae11d92,undefined FUN_180620b48(),ghidra,clean,
WHGame.dll,release_1_5_1164953_841,0x620bf0,145,FUN_180620bf0,,,5f2adac7ea04276b4cb6a2fc097b1cc0d09ccc5ce1f13c94b5255bd852616724,undefined FUN_180620bf0(),ghidra,clean,
WHGame.dll,release_1_5_1164953_841,0x620c84,110,FUN_180620c84,,,3047594e67c40070f537a1d044f80eb4a7605910a112af2f4cdf3b653230283a,undefined FUN_180620c84(),ghidra,clean,
WHGame.dll,release_1_5_1164953_841,0x620cf4,584,FUN_180620cf4,,,c1a389eaa6a2411c625fb7d2a7327c39ad80875211971e8452c2217735c1929e,undefined FUN_180620cf4(),ghidra,clean,
WHGame.dll,release_1_5_1164953_841,0x620f40,85,FUN_180620f40,,,1a75f35a4faa13ac32e86f6eaa3381f42384b1ac0bffb1cd947809dddf806d7a,undefined FUN_180620f40(),ghidra,clean,
WHGame.dll,release_1_5_1164953_841,0x620f98,176,FUN_180620f98,,,a74f2e118dd9b860bcc714e6632df2362384d3a7c61cdf698420c1934db7f1bd,undefined FUN_180620f98(),ghidra,clean,
WHGame.dll,release_1_5_1164953_841,0x621048,313,FUN_180621048,,,42c8d6c667a05181c17beade2c98ee1b23b1241b99d232cebc004650476b4fd1,undefined FUN_180621048(),ghidra,clean,
WHGame.dll,release_1_5_1164953_841,0x621190,64,FUN_180621190,,,2d98c7887fe73fcdb1808c747a66210dc9c309f314154016974b37ec7dd49c0d,undefined FUN_180621190(),ghidra,clean,
WHGame.dll,release_1_5_1164953_841,0x6211d0,132,FUN_1806211d0,,,9900a8d7fdf24f6dd572902150e81f1491499f6884f7d5306fe6b9376954493c,undefined FUN_1806211d0(),ghidra,clean,
WHGame.dll,release_1_5_1164953_841,0x621254,52,FUN_180621254,,,6e7ab7befc659d1ffad504e809b20a8414450af74cdafd1d71cc153f8679b671,undefined FUN_180621254(),ghidra,clean,
WHGame.dll,release_1_5_1164953_841,0x621288,23,FUN_180621288,,,4a2215c3e820937481093c41c3a2c4fdd1b034767afb06c5e8afd475b2e2dc6a,undefined FUN_180621288(),ghidra,clean,
WHGame.dll,release_1_5_1164953_841,0x6212a0,167,FUN_1806212a0,,,f4b10a315d9a6280af1d55bdbd8e21fa12391e5ee55d11328570607562ea6c7a,undefined FUN_1806212a0(),ghidra,clean,
WHGame.dll,release_1_5_1164953_841,0x621348,414,FUN_180621348,,,d01b9e9d915b773c7cd8c579ee41349f4c41655e4c349e9e5262460b8baeaec3,undefined FUN_180621348(),ghidra,clean,
WHGame.dll,release_1_5_1164953_841,0x6214e8,160,FUN_1806214e8,,,619fb13adae25f35aa9fe567724c71a903489704856cf145a7533de64108a172,undefined FUN_1806214e8(),ghidra,clean,
WHGame.dll,release_1_5_1164953_841,0x621588,66,FUN_180621588,,,8b4018c23babd24a834f49405f70796f6030e3854e8b6ffc949b37ac8426acdf,undefined FUN_180621588(),ghidra,clean,
WHGame.dll,release_1_5_1164953_841,0x6215cc,335,FUN_1806215cc,,,f40f830d03f4717e00ec7830e1df02e5d85b83e45fa72cff6c6de6f650f63779,undefined FUN_1806215cc(),ghidra,clean,
WHGame.dll,release_1_5_1164953_841,0x62171c,123,FUN_18062171c,,,e9ae06b22c7bb9065c30f2da1221e4ff03d85eb7e5f83a160dffac6898971c41,undefined FUN_18062171c(),ghidra,clean,
WHGame.dll,release_1_5_1164953_841,0x621778,87,FUN_180621778,,,37ad99d420ce11e628262eef72dd5ba5388f557a8823dc095a31019306d016a6,undefined FUN_180621778(),ghidra,clean,
WHGame.dll,release_1_5_1164953_841,0x6217d0,124,FUN_1806217d0,,,c49af14c9cbf391afc330e6445ba19b2a987d7c2b40e276204d13274403e284f,undefined FUN_1806217d0(),ghidra,clean,
WHGame.dll,release_1_5_1164953_841,0x62184c,33,FUN_18062184c,,,be7491d2a54a584d1dd5d588a280ae22bc2b3efe123f65da2a2332da357f3520,undefined FUN_18062184c(),ghidra,clean,
WHGame.dll,release_1_5_1164953_841,0x621870,95,FUN_180621870,,,6df09bb0f5e739ab4f76f8ee1c61447fa3ddaabd581938bb9cea3639739880f8,undefined FUN_180621870(),ghidra,clean,
WHGame.dll,release_1_5_1164953_841,0x6218d0,75,FUN_1806218d0,,,602f2f972cf4de328b2f772f0f8ddbd6309c1d4dd1f35450ecf230061a3aa153,undefined FUN_1806218d0(),ghidra,clean,
WHGame.dll,release_1_5_1164953_841,0x62191c,239,FUN_18062191c,,,83ad36d54d3a59a3aae571678ff720754caa9c4cf214ab2e8a6fde84cd170d8a,undefined FUN_18062191c(),ghidra,clean,
WHGame.dll,release_1_5_1164953_841,0x621a0c,446,FUN_180621a0c,,,729ebc4c3a03cd559cfce3e4b4065d62f35e9806e87544f28f2ee29610e9f7d2,undefined FUN_180621a0c(),ghidra,clean,
WHGame.dll,release_1_5_1164953_841,0x621bcc,229,FUN_180621bcc,,,551bdd937a2f4077b7e20f5e3b93dba1704c431cc8fd00fcb082e1588725ee1e,undefined FUN_180621bcc(),ghidra,clean,
WHGame.dll,release_1_5_1164953_841,0x621cb4,261,FUN_180621cb4,,,0966cb81001812ea398f9e6a152e815aa44f5c0908aa3dedb145f92550c9b652,undefined FUN_180621cb4(),ghidra,clean,
WHGame.dll,release_1_5_1164953_841,0x621da4,193,FUN_180621da4,,,edc0d3d15f0aa98efe1c06cb862985903bee463dcfecc79282313f8c17ac99a0,undefined FUN_180621da4(),ghidra,clean,
WHGame.dll,release_1_5_1164953_841,0x621e68,286,FUN_180621e68,,,8c6389c6a35647129555c0a5ffbe450f8dae9aa97543836f2b709b8d699cf26a,undefined FUN_180621e68(),ghidra,clean,
WHGame.dll,release_1_5_1164953_841,0x621f88,232,FUN_180621f88,,,e83dff301e58a3602bf9bc465d66932808c21527b5a4324f478b780ce4a4ec83,undefined FUN_180621f88(),ghidra,clean,
WHGame.dll,release_1_5_1164953_841,0x622070,64,FUN_180622070,,,77eb4029d6f0c24e37faeaafde0979e0c88757d99b1d1c2bc05048324196231d,undefined FUN_180622070(),ghidra,clean,
WHGame.dll,release_1_5_1164953_841,0x6220b0,174,FUN_1806220b0,,,dea5ea1e64e2489df5380a1d735925e220b0a4c8fe86e2e2d76753d3760f95ae,undefined FUN_1806220b0(),ghidra,clean,
WHGame.dll,release_1_5_1164953_841,0x622160,29,FUN_180622160,,,21a009ab03bf578c77007e2ef74d34afe20d0ef3356b02d7cfe1683209697285,undefined FUN_180622160(),ghidra,clean,
WHGame.dll,release_1_5_1164953_841,0x622180,202,FUN_180622180,,,fc086254a614be58bc2751815c1b323e7cfcac7d0e892bddc9db94f1a91b9330,undefined FUN_180622180(),ghidra,clean,
WHGame.dll,release_1_5_1164953_841,0x622220,37,FUN_180622220,,,2d19488d60623c8ee65ed315c2009b27af5e5d42cea43d84a63a61cbd5139e6f,undefined FUN_180622220(),ghidra,clean,
WHGame.dll,release_1_5_1164953_841,0x622248,33,FUN_180622248,,,fc48dba373cb40151051b6a0ef7f5907178400f410ed4a7d1c27b2c81c1a329f,undefined FUN_180622248(),ghidra,clean,
WHGame.dll,release_1_5_1164953_841,0x62226c,65,FUN_18062226c,,,03a09223bd42930077b30b2b1926467c98bf024d1dad27ee2fc4b95466daf408,undefined FUN_18062226c(),ghidra,clean,
WHGame.dll,release_1_5_1164953_841,0x6222b0,163,FUN_1806222b0,,,5f27a7063937f6686d7849f89beb0e2ee3e806c05c8295fd36aba53e4166f467,undefined FUN_1806222b0(),ghidra,clean,
WHGame.dll,release_1_5_1164953_841,0x622354,152,FUN_180622354,,,65c1a61f4d542e12773407a4e898d77a539c92901b42cd3da6ffb01b1bbe7fc3,undefined FUN_180622354(),ghidra,clean,
WHGame.dll,release_1_5_1164953_841,0x6223ec,18,FUN_1806223ec,,,5ea7d6599fcc0eb8dfad24c5c6dd8958350bb73605d11263dcfc5ec73908e08c,undefined FUN_1806223ec(),ghidra,clean,
WHGame.dll,release_1_5_1164953_841,0x622400,53,FUN_180622400,,,73803bce6cdd237b7b4da23309bc1422b0b098cb8a498b88277daab2132831e9,undefined FUN_180622400(),ghidra,clean,
WHGame.dll,release_1_5_1164953_841,0x622438,77,FUN_180622438,,,8b7c93bcc6864a814c1dd6b572a67774d3f20bb5f1331dae09a548c11750b6a5,undefined FUN_180622438(),ghidra,clean,
WHGame.dll,release_1_5_1164953_841,0x622488,10,FUN_180622488,,,8921e38f92b1a72fcf3eb3e4d557090e2d87863b4a2d9981bdd437420d48c6a8,undefined FUN_180622488(),ghidra,clean,
WHGame.dll,release_1_5_1164953_841,0x622494,92,FUN_180622494,,,70f8b0817e03d7e4d48666f4e537aabb34917e11f4d349052aabff333453841b,undefined FUN_180622494(),ghidra,clean,
WHGame.dll,release_1_5_1164953_841,0x6224c4,17,FUN_1806224c4,,,c52ed60bf1987d34e2ca5e2dfb20c813b31051a6dd089d3c21b3dfbad18275d3,undefined FUN_1806224c4(),ghidra,clean,
WHGame.dll,release_1_5_1164953_841,0x6224d8,205,FUN_1806224d8,,,38ece03a3dec6280b02fea7782c405d80839161ba448051e37cb460d5fe208f5,undefined FUN_1806224d8(),ghidra,clean,
WHGame.dll,release_1_5_1164953_841,0x6225a8,590,FUN_1806225a8,,,7e406e7726225fbf5d0217ae3aa5bc1d15821b239ed95ecff24f1efae0ce1b7e,undefined FUN_1806225a8(),ghidra,clean,
WHGame.dll,release_1_5_1164953_841,0x6227f8,33,FUN_1806227f8,,,5cb33a8e149fdee3320972c8e5e89156f502260b4cf9563fe3ecc34b241c10c2,undefined FUN_1806227f8(),ghidra,clean,
WHGame.dll,release_1_5_1164953_841,0x62281c,165,FUN_18062281c,,,b8009e4bd8aee38265804c80b58efd9c34f1a292b1f4edac9c793b196455e111,undefined FUN_18062281c(),ghidra,clean,
WHGame.dll,release_1_5_1164953_841,0x6228c4,38,FUN_1806228c4,,,29e9f47d63a2758ccb63dc6d5b04847418c2d83b027c2b26c4fea5329ce8c99d,undefined FUN_1806228c4(),ghidra,clean,
WHGame.dll,release_1_5_1164953_841,0x6228ec,357,FUN_1806228ec,,,ec6928cac62a7631887bdc2b79cc12a7cff1767d1c46c16b5bf5a4ea75745715,undefined FUN_1806228ec(),ghidra,clean,
WHGame.dll,release_1_5_1164953_841,0x622a54,53,FUN_180622a54,,,2a13d1f9f1d7898292fd5b149d7a957df3168c50c778cb9a8b5b6dc9ce39d83d,undefined FUN_180622a54(),ghidra,clean,
WHGame.dll,release_1_5_1164953_841,0x622a8c,161,FUN_180622a8c,,,8c192c1fa5126bc542c0ada03742baa44630dc23ddc6bcdafb7aedc9cf226106,undefined FUN_180622a8c(),ghidra,clean,
WHGame.dll,release_1_5_1164953_841,0x622b30,91,FUN_180622b30,,,d7a2a0d955bcb2d2f919d4e951c05932b413fefb0a4b871685406a0a712ea3b0,undefined FUN_180622b30(),ghidra,clean,
WHGame.dll,release_1_5_1164953_841,0x622b8c,99,FUN_180622b8c,,,669d926b8bf61c7fb0544f569e6bdb0c6587cc54f6719d804b5a18cd6e5b8d97,undefined FUN_180622b8c(),ghidra,clean,
WHGame.dll,release_1_5_1164953_841,0x622bf0,43,FUN_180622bf0,,,9ccbb5e532b3b3ee3e29a3cc159df4c81e7123a3a7c391c069c6297ee430f182,undefined FUN_180622bf0(),ghidra,clean,
WHGame.dll,release_1_5_1164953_841,0x622c08,280,FUN_180622c08,,,c0c7054d6a09076e99ff3b3ae11f0d950028aa757895e3855b9d6a0897fc7174,undefined FUN_180622c08(),ghidra,clean,
WHGame.dll,release_1_5_1164953_841,0x622d20,55,FUN_180622d20,,,3cb3036d99d02876e016db872c912c7a4b0edca11fad5c094d9fcb13d0a16da2,undefined FUN_180622d20(),ghidra,clean,
WHGame.dll,release_1_5_1164953_841,0x622d58,60,FUN_180622d58,,,6f145f6dddb3ea5d5ee022b575d09c496edbcddf2f8a366c3f7af86c64915f3f,undefined FUN_180622d58(),ghidra,clean,
WHGame.dll,release_1_5_1164953_841,0x622d94,364,FUN_180622d94,,,f709c42d17a8b071b5425e89853aa9022cc547e3a92df0adbbb30e1a0d2a8a39,undefined FUN_180622d94(),ghidra,clean,
WHGame.dll,release_1_5_1164953_841,0x622f00,100,FUN_180622f00,,,1f95d1ab8faa33160a4eb8cf94b5aa89b5e982994c34277f567e52dd12cdb961,undefined FUN_180622f00(),ghidra,clean,
WHGame.dll,release_1_5_1164953_841,0x622f64,82,FUN_180622f64,,,09fdcd6c82ec13573156a7c15d1a729ac5ab22c5b7a50303824c2aa73a11e690,undefined FUN_180622f64(),ghidra,clean,
WHGame.dll,release_1_5_1164953_841,0x622fa4,131,FUN_180622fa4,,,e40e10329dd595b0eb42c0d88bd3c4f65ba818d54222a81f459b3b8ac2ce09f5,undefined FUN_180622fa4(),ghidra,clean,
WHGame.dll,release_1_5_1164953_841,0x623028,5,thunk_FUN_1811ff25c,,,6f86fa5d67da9e80d4eea135198a5f8616e258101fa2649574a16135787a9ae3,undefined thunk_FUN_1811ff25c(),ghidra,clean,
WHGame.dll,release_1_5_1164953_841,0x623030,40,FUN_180623030,,,ed3f1b899912715f44dfda8882fa12524a5ffa352b5cb3835552b6a599f13746,undefined FUN_180623030(),ghidra,clean,
WHGame.dll,release_1_5_1164953_841,0x623060,7,FUN_180623060,,,fbde87128a7ce6679e9ea9a897794b082bc79658707d267bc6b36689fef99b8b,undefined FUN_180623060(),ghidra,clean,
WHGame.dll,release_1_5_1164953_841,0x623068,11,FUN_180623068,,,236a24317120e069182ac0be8c7c2aa493f04f42eab7ff877f2c3b3ee7726532,undefined FUN_180623068(),ghidra,clean,
WHGame.dll,release_1_5_1164953_841,0x623074,17,FUN_180623074,,,f6b2de9c06082b54013637e90e6418ef5b78182f5094b5581e7881036ab8db26,undefined FUN_180623074(),ghidra,clean,
WHGame.dll,release_1_5_1164953_841,0x623088,62,FUN_180623088,,,fbdb377dfd26a806adc0c64ca1ae5fd9dd6080ea20143e4b12a7260f3fc9f0e2,undefined FUN_180623088(),ghidra,clean,
WHGame.dll,release_1_5_1164953_841,0x6230d0,40,FUN_1806230d0,,,7360dc652ff06e7a6fdcb36a0e5750ea0ac70c605f2a3242be59600ee2b91b7d,undefined FUN_1806230d0(),ghidra,clean,
WHGame.dll,release_1_5_1164953_841,0x6230f8,62,FUN_1806230f8,,,c92c7eba594dbe9a4b476702af275e066bf14db6131dd069092f59f68389c419,undefined FUN_1806230f8(),ghidra,clean,
WHGame.dll,release_1_5_1164953_841,0x623138,155,FUN_180623138,,,8dde602b1cabedd7123e63094808e479100f29a34b5486760c0766f3b863bffe,undefined FUN_180623138(),ghidra,clean,
WHGame.dll,release_1_5_1164953_841,0x6231d4,188,FUN_1806231d4,,,aafab43c1b2dce4e08f2a2891939aa12581e2bff8f757a8296c3ad6321415695,undefined FUN_1806231d4(),ghidra,clean,
WHGame.dll,release_1_5_1164953_841,0x623290,219,FUN_180623290,,,bcf29862b1269fe6307e7a054d9b0b243e706bca8c52108f1cad01e01d473a6a,undefined FUN_180623290(),ghidra,clean,
WHGame.dll,release_1_5_1164953_841,0x62336c,5,thunk_FUN_18178a08c,,,70dbebaf27fda1ebc6c2b5d400767606e57c918f7fd0e2cc9e6f9df7b31a4590,undefined thunk_FUN_18178a08c(),ghidra,clean,
WHGame.dll,release_1_5_1164953_841,0x623374,690,FUN_180623374,,,bb5f25ad590bfaf20aa9b7163575ad12f41186694e692bf0bc69e8fb3a3e355e,undefined FUN_180623374(),ghidra,clean,
WHGame.dll,release_1_5_1164953_841,0x623628,28,FUN_180623628,,,6440816792e394aad4419c8bf51eaf3b10d72f2b4ed971f343a5f55dba11ab73,undefined FUN_180623628(),ghidra,clean,
WHGame.dll,release_1_5_1164953_841,0x623644,11,FUN_180623644,,,5dc6dca0035c11ca035ca631af03001b831460117d97bd8613c2f7f0e2451d13,undefined FUN_180623644(),ghidra,clean,
WHGame.dll,release_1_5_1164953_841,0x623650,164,FUN_180623650,,,bfa9f7d4f535706d4b35a72c2f77bb2265285bb0fff04d7dbb1492a82e36816d,undefined FUN_180623650(),ghidra,clean,
WHGame.dll,release_1_5_1164953_841,0x6236d4,237,FUN_1806236d4,,,bca80ce4495fdfd8631bb3b38f06c7e7e44b0471b7f2694d69fce08c87916816,undefined FUN_1806236d4(),ghidra,clean,
WHGame.dll,release_1_5_1164953_841,0x6237c4,38,FUN_1806237c4,,,51a89124158cc1875cf23c3e688ce0f6a67da6394109be03cf58b6960be79916,undefined FUN_1806237c4(),ghidra,clean,
WHGame.dll,release_1_5_1164953_841,0x6237ec,80,FUN_1806237ec,,,8406b149f43a015e99b4d0a3451b2c2a41f6302827a2316af092435bba310d16,undefined FUN_1806237ec(),ghidra,clean,
WHGame.dll,release_1_5_1164953_841,0x62383c,51,FUN_18062383c,,,cc97373755bf2755c578176f81a7c01988b4734f8350d278db20892ffc9585a6,undefined FUN_18062383c(),ghidra,clean,
WHGame.dll,release_1_5_1164953_841,0x623870,216,FUN_180623870,,,f3c2a4013db85a3b1d14833bce872283894e3b5f627bf20446928844098f6112,undefined FUN_180623870(),ghidra,clean,
WHGame.dll,release_1_5_1164953_841,0x623948,220,FUN_180623948,,,8d49e9cc22d13695508a92c66f4b8d6117faed7d7751919d8a356a4f92b379bb,undefined FUN_180623948(),ghidra,clean,
WHGame.dll,release_1_5_1164953_841,0x623a24,91,FUN_180623a24,,,74197bb80f0b11523523081bf16feb3a2561a758780aeb536cca218a21dcc861,undefined FUN_180623a24(),ghidra,clean,
WHGame.dll,release_1_5_1164953_841,0x623a80,215,FUN_180623a80,,,1c37ccb1e21aecee488448cf6df0fbfb7e19d2db98a6698bf448da4cb5aceb8c,undefined FUN_180623a80(),ghidra,clean,
WHGame.dll,release_1_5_1164953_841,0x623b48,190,FUN_180623b48,,,065378f8da12bbe76a4ee7ed10307235c769989d9c913277f4dc0e37bcd67a42,undefined FUN_180623b48(),ghidra,clean,
WHGame.dll,release_1_5_1164953_841,0x623c08,5,thunk_FUN_18145c4a0,,,5f30a42d84d3f727719a49a032c7635ec8a6ed5cd9a9673cd489598bcce36345,undefined thunk_FUN_18145c4a0(),ghidra,clean,
WHGame.dll,release_1_5_1164953_841,0x623c10,5,thunk_FUN_181003b84,,,2d966df52ac25e8cc0be9ca141dde799bb234810177fb7a72a3ac3a19868814a,undefined thunk_FUN_181003b84(),ghidra,clean,
WHGame.dll,release_1_5_1164953_841,0x623c18,201,FUN_180623c18,,,097c076c69ad25e01de62a2465314f3eadd6e3eacb2d6b54f08357a51970a43d,undefined FUN_180623c18(),ghidra,clean,
WHGame.dll,release_1_5_1164953_841,0x623ce4,183,FUN_180623ce4,,,4df0ed90a54d2bd11eaf451c8409b11ce7017b08d793de70eb456126e129ebf4,undefined FUN_180623ce4(),ghidra,clean,
WHGame.dll,release_1_5_1164953_841,0x623d9c,157,FUN_180623d9c,,,b57ea1a9714393d6f1dd6c3c853aedbed6cce05682a129c772ec8af8571df2cf,undefined FUN_180623d9c(),ghidra,clean,
WHGame.dll,release_1_5_1164953_841,0x623e3c,274,FUN_180623e3c,,,21e764ddbe51c74a8c962b9bbb38c1c2b80d12f9772b3b6a46180a811ae8727e,undefined FUN_180623e3c(),ghidra,clean,
WHGame.dll,release_1_5_1164953_841,0x623f50,119,FUN_180623f50,,,316a489f56dac07de3811fc7f7d17b78bdf8cd2c27f10a6cef9489b61f2f11ff,undefined FUN_180623f50(),ghidra,clean,
WHGame.dll,release_1_5_1164953_841,0x623fc8,9,FUN_180623fc8,,,a8763439daea9c7ad50744bc395717a1d5df94602a5a763e3d0c64702a7d5944,undefined FUN_180623fc8(),ghidra,clean,
WHGame.dll,release_1_5_1164953_841,0x623fd4,249,FUN_180623fd4,,,188c377c674759eb55c180330838346c1dbc897fc0913e49b2e88eabaa03d535,undefined FUN_180623fd4(),ghidra,clean,
WHGame.dll,release_1_5_1164953_841,0x6240d0,23,FUN_1806240d0,,,52ec23258aa4fd6606ef3ac7f6e22d0ae7969d79683bf063f7c26e2dff114b48,undefined FUN_1806240d0(),ghidra,clean,
WHGame.dll,release_1_5_1164953_841,0x6240e8,156,FUN_1806240e8,,,5215f445f848520917275b10fe7d7a706a76ce58f034150475e6ded01985c64f,undefined FUN_1806240e8(),ghidra,clean,
WHGame.dll,release_1_5_1164953_841,0x624148,242,FUN_180624148,,,b1148b6370605e165abecd999792c038fbec73dda644c54ab863e2718d301ffa,undefined FUN_180624148(),ghidra,clean,
WHGame.dll,release_1_5_1164953_841,0x62423c,232,FUN_18062423c,,,42512cff615771dd382c444a50039ce42a06610889892251dd296f905d2be629,undefined FUN_18062423c(),ghidra,clean,
WHGame.dll,release_1_5_1164953_841,0x624324,222,FUN_180624324,,,c6ace9fe280f9b68d0fc40ec5dd3f06f27dcbf8d30d50e1d8ebf305b5273da1a,undefined FUN_180624324(),ghidra,clean,
WHGame.dll,release_1_5_1164953_841,0x624404,183,FUN_180624404,,,96908118de92e243ec54d0db81f7a7200a9ac6008b814bf7a2a415c7863f56b0,undefined FUN_180624404(),ghidra,clean,
WHGame.dll,release_1_5_1164953_841,0x6244bc,23,FUN_1806244bc,,,dac4df5c95aee114e5e159d50254d7f78d743a32a467631dd95a8d738d7b083e,undefined FUN_1806244bc(),ghidra,clean,
WHGame.dll,release_1_5_1164953_841,0x6244d4,253,FUN_1806244d4,,,2e4a08a23f0bdd69bfa164e38941df14ad0b7d6de2522cd24c0b2977508b641c,undefined FUN_1806244d4(),ghidra,clean,
WHGame.dll,release_1_5_1164953_841,0x6245d4,184,FUN_1806245d4,,,7a4ceab1456beea43600ee261b420ea9dee49032708ebcadfb9c2275823bb320,undefined FUN_1806245d4(),ghidra,clean,
WHGame.dll,release_1_5_1164953_841,0x62468c,829,FUN_18062468c,,,11b1316287fe68a0910f4507a1c6c6999dc7ec606fd7db847800c8c4f5f07154,undefined FUN_18062468c(),ghidra,clean,
WHGame.dll,release_1_5_1164953_841,0x6249cc,292,FUN_1806249cc,,,a0736077dbedbf33a15db652dbf6774bfdf24f5903c40e78e5bf5a7c771918c8,undefined FUN_1806249cc(),ghidra,clean,
WHGame.dll,release_1_5_1164953_841,0x624af0,291,FUN_180624af0,,,55fcd101addc832fb1c4688e344cbf9cd2c529d0969773a9100b6e125eee952f,undefined FUN_180624af0(),ghidra,clean,
WHGame.dll,release_1_5_1164953_841,0x624c14,167,FUN_180624c14,,,bbe1baeade28f30e1e4506d371aca7a29e5c3ff16f09e754ed7b41452a23b250,undefined FUN_180624c14(),ghidra,clean,
WHGame.dll,release_1_5_1164953_841,0x624cbc,17,FUN_180624cbc,,,de70b0d3395ef441fa0be1386eb8c9c441d873c5a2fe0c10c1458febdb4e135b,undefined FUN_180624cbc(),ghidra,clean,
WHGame.dll,release_1_5_1164953_841,0x624cd0,17,FUN_180624cd0,,,58c366fa36f0be4eace5f48fa20a97cde69de7052668d71a5072ed493ca170a5,undefined FUN_180624cd0(),ghidra,clean,
WHGame.dll,release_1_5_1164953_841,0x624ce4,202,FUN_180624ce4,,,d32db8ca1254ceffcad9b9177ed1ebb261724c963dffa18d11c0a9d7a1dac50c,undefined FUN_180624ce4(),ghidra,clean,
WHGame.dll,release_1_5_1164953_841,0x624db0,111,FUN_180624db0,,,4114ba63e35e51fa142e6cecff0cfcdde49f1874bb94fab3acc630a24f6d2c8f,undefined FUN_180624db0(),ghidra,clean,
WHGame.dll,release_1_5_1164953_841,0x624e20,122,FUN_180624e20,,,51949ce9127bee548fa4d097e93d667698d706120a8d797d8f2c963bc40186cc,undefined FUN_180624e20(),ghidra,clean,
WHGame.dll,release_1_5_1164953_841,0x624ea0,43,FUN_180624ea0,,,fe54de04654d3aabb492ca11f320a7d8fa3b784d527a5c88b359b8e41a2d447a,undefined FUN_180624ea0(),ghidra,clean,
WHGame.dll,release_1_5_1164953_841,0x624ecc,324,FUN_180624ecc,,,7464a1c7c3b89c88d5cba5a637926cc331283963a668df26b2723af34a10741b,undefined FUN_180624ecc(),ghidra,clean,
WHGame.dll,release_1_5_1164953_841,0x624fb8,43,FUN_180624fb8,,,12204ba211db3d6ee92bedd0481ea8a8a9cb00a37a1f602d07c609acd360baf8,undefined FUN_180624fb8(),ghidra,clean,
WHGame.dll,release_1_5_1164953_841,0x624fd8,74,FUN_180624fd8,,,36bc46db2b419e0d341629a1d6e49f8834b3ca8ebf6285a74ec935e820b4b40f,undefined FUN_180624fd8(),ghidra,clean,
WHGame.dll,release_1_5_1164953_841,0x625024,73,FUN_180625024,,,aee2ce7ec561667c7dc0b08489beab641fbcd2e7a2c7bfe867660b8c3973c6d5,undefined FUN_180625024(),ghidra,clean,
WHGame.dll,release_1_5_1164953_841,0x625070,994,FUN_180625070,,,e8655b52ad508c54f010a38f06202757b8072db1027bfad8c057d835eb2c643c,undefined FUN_180625070(),ghidra,clean,
WHGame.dll,release_1_5_1164953_841,0x625454,1039,FUN_180625454,,,f5494e947fc88c15d8539cc48b9722501b9e1f7302d729e920ae00139be78ea1,undefined FUN_180625454(),ghidra,clean,
WHGame.dll,release_1_5_1164953_841,0x625864,412,FUN_180625864,,,5c95dabc08ddd2639ae82dbfc5f17e11a4a6e34127f33a583de9ba8799e1ec8c,undefined FUN_180625864(),ghidra,clean,
WHGame.dll,release_1_5_1164953_841,0x625a00,410,FUN_180625a00,,,2888e3d600caa30c038626e1d499336e01d066fa63c14f5b12d5e0579c5afdfb,undefined FUN_180625a00(),ghidra,clean,
WHGame.dll,release_1_5_1164953_841,0x625b9c,798,FUN_180625b9c,,,74098b3f928ef395100b2e3a390dabd808f184e18611551a3af9a6f2d428c9ab,undefined FUN_180625b9c(),ghidra,clean,
WHGame.dll,release_1_5_1164953_841,0x625e98,240,FUN_180625e98,,,cec5eb9dd3fc81fdfd515d7d2b9906c7af9199466c06954502f0c3cb7172ab73,undefined FUN_180625e98(),ghidra,clean,
WHGame.dll,release_1_5_1164953_841,0x625f74,223,FUN_180625f74,,,5fac09dbcdf6f2bbb49a86e33aedeaf983e645440876ddf15ba05ee5f4a8d8a7,undefined FUN_180625f74(),ghidra,clean,
WHGame.dll,release_1_5_1164953_841,0x626054,110,FUN_180626054,,,a856bbdfcf343ecb1d80fd8beab9e78ae4b194911850b606e271b52c4690b9da,undefined FUN_180626054(),ghidra,clean,
WHGame.dll,release_1_5_1164953_841,0x6260c4,578,FUN_1806260c4,,,e82258c1acc1df5b5e561e594abdf6d7b0d416c16dfb0bac8019a207b92a07b5,undefined FUN_1806260c4(),ghidra,clean,
WHGame.dll,release_1_5_1164953_841,0x626308,140,FUN_180626308,,,c7fb9f4e241f52670c814d46f86904a7c74211294f4a2f1fdbeeb6cc28010914,undefined FUN_180626308(),ghidra,clean,
WHGame.dll,release_1_5_1164953_841,0x626394,91,FUN_180626394,,,570259b9974c391eeed1ee0e92fbf9f6bc52f0994a3479f44a5b0ec90839c006,undefined FUN_180626394(),ghidra,clean,
WHGame.dll,release_1_5_1164953_841,0x6263f0,137,FUN_1806263f0,,,5a0695dfb0c6fa22eceb778da6b496f614441e701db01ed7554d046deded027f,undefined FUN_1806263f0(),ghidra,clean,
WHGame.dll,release_1_5_1164953_841,0x62647c,142,FUN_18062647c,,,139a0e1f850999a4b2bdc75b341d93f7fa089d0ff002bd6f80f771fa4cf733d4,undefined FUN_18062647c(),ghidra,clean,
WHGame.dll,release_1_5_1164953_841,0x62650c,64,FUN_18062650c,,,0b23fe3c4ab715a8a9354988f3c38910b9ad48a83756137cd6cfa692dc6e9ca8,undefined FUN_18062650c(),ghidra,clean,
WHGame.dll,release_1_5_1164953_841,0x62654c,134,FUN_18062654c,,,d73191fadc9bb76f54d2a0a6a92f9cf24c590ac68d98e839e6814b3ed0d31b53,undefined FUN_18062654c(),ghidra,clean,
WHGame.dll,release_1_5_1164953_841,0x6265d4,92,FUN_1806265d4,,,af55f7518d3ce2b63c3cd84c92ab7a6b9a082b405fd2cf901e167ce084264a5f,undefined FUN_1806265d4(),ghidra,clean,
WHGame.dll,release_1_5_1164953_841,0x626630,52,FUN_180626630,,,97a470180fb7e34096c3c95a9f43c32494f55ffece501cc23c2e03bf470fce8f,undefined FUN_180626630(),ghidra,clean,
WHGame.dll,release_1_5_1164953_841,0x626664,43,FUN_180626664,,,df3fe275ff79ffda19e0b95770110df7ddadf2074ab8f0a0986064f87102d646,undefined FUN_180626664(),ghidra,clean,
WHGame.dll,release_1_5_1164953_841,0x626680,75,FUN_180626680,,,bf6613d291da3aa501c5b4ef3bd4a130ee50cdbf71972b00858010d361d39f2e,undefined FUN_180626680(),ghidra,clean,
WHGame.dll,release_1_5_1164953_841,0x6266cc,186,FUN_1806266cc,,,18bc6166a76521d336ad56cdb0860f3088e5fa7599ff2bc12a4c0e17a7133e3b,undefined FUN_1806266cc(),ghidra,clean,
WHGame.dll,release_1_5_1164953_841,0x626788,108,FUN_180626788,,,1ecab669a1ade9bbfd1cf6326ef944a84eaadfb0816cfffddbde81f2419ad4c5,undefined FUN_180626788(),ghidra,clean,
WHGame.dll,release_1_5_1164953_841,0x6267f4,66,FUN_1806267f4,,,943e5b1ee71f22a2979974ec410cc5d11a9de39ed0a422e8cccb1a136f303172,undefined FUN_1806267f4(),ghidra,clean,
WHGame.dll,release_1_5_1164953_841,0x626838,92,FUN_180626838,,,9221948c75642cfd7bc0c002246f661ac0eb24f4b619f4b41c8ee665e6c35502,undefined FUN_180626838(),ghidra,clean,
WHGame.dll,release_1_5_1164953_841,0x6268a0,9,FUN_1806268a0,,,15e4447c3bc33506784a3ebbf314b6cfae168a0a0a34f467096dfe85e82619a8,undefined FUN_1806268a0(),ghidra,clean,
WHGame.dll,release_1_5_1164953_841,0x6268ac,366,FUN_1806268ac,,,edc63a6a9d1394c0986169aee50952a4babc4d5f2843863ee4d396af47150d83,undefined FUN_1806268ac(),ghidra,clean,
WHGame.dll,release_1_5_1164953_841,0x626a1c,143,FUN_180626a1c,,,59b064456d43e862e1d9acd3156a086baca5f79ab3a7b120a62c62bd99c8ac23,undefined FUN_180626a1c(),ghidra,clean,
WHGame.dll,release_1_5_1164953_841,0x626aac,73,FUN_180626aac,,,e2a20c25a7a069ec95e0d75a2dedea65e11b1ec1308f5c9b72d29669ffa3c4a7,undefined FUN_180626aac(),ghidra,clean,
WHGame.dll,release_1_5_1164953_841,0x626ae8,206,FUN_180626ae8,,,d46335b139391b5faeb5ed2569ac91679c1caccd94db6e04d484c2a9118f7e20,undefined FUN_180626ae8(),ghidra,clean,
WHGame.dll,release_1_5_1164953_841,0x626bb8,92,FUN_180626bb8,,,93c24744879ff5877f32e74f354db8a46e9b8e48d32d46b2c0b15eb3d624b8db,undefined FUN_180626bb8(),ghidra,clean,
WHGame.dll,release_1_5_1164953_841,0x626bf8,73,FUN_180626bf8,,,6c816e91c92861b42584d198ae553e2a801d11e02482eadd03eaa63ab47e76e9,undefined FUN_180626bf8(),ghidra,clean,
WHGame.dll,release_1_5_1164953_841,0x626c44,118,FUN_180626c44,,,e462b90f2c84f4dc5056e4e4398b23caa0be57c4017854947725acb2af5e3cb3,undefined FUN_180626c44(),ghidra,clean,
WHGame.dll,release_1_5_1164953_841,0x626c98,5,thunk_FUN_1806a12e0,,,bf8b7015e0d81edb168e56eca5936eca7ce7c5a546951eb6f37228eac1a1e6ff,undefined thunk_FUN_1806a12e0(),ghidra,clean,
WHGame.dll,release_1_5_1164953_841,0x626ca0,115,FUN_180626ca0,,,3e90c648b010964aae2e8674abab99d6bfc7f828c3d62fd15fd9ed358b238439,undefined FUN_180626ca0(),ghidra,clean,
WHGame.dll,release_1_5_1164953_841,0x626d14,112,FUN_180626d14,,,5374d96d5c1299d54bbde220698945ecac3b3268fec8120f386aaed033a33ebe,undefined FUN_180626d14(),ghidra,clean,
WHGame.dll,release_1_5_1164953_841,0x626d84,183,FUN_180626d84,,,f3b007cf1882b6f8b5ad70bfea19b83bbeb1a94bc62314a93d7db0987895b228,undefined FUN_180626d84(),ghidra,clean,
WHGame.dll,release_1_5_1164953_841,0x626e3c,118,FUN_180626e3c,,,dbf5cf1edf2ed82bf7a56238f872e0f5538473b0bdfe915918a5b48917b62874,undefined FUN_180626e3c(),ghidra,clean,
WHGame.dll,release_1_5_1164953_841,0x626eb4,5,thunk_FUN_181172c0c,,,93f0ca8e3c98edad7736d196ad0015fb5e5ebe49d8b8e9b9ef3baed4dd6b85a6,undefined thunk_FUN_181172c0c(),ghidra,clean,
WHGame.dll,release_1_5_1164953_841,0x626ebc,290,FUN_180626ebc,,,8c39ba595e6538da429e2d2327b68663436cb6455c5b9c9bdc389f14a7eac7d1,undefined FUN_180626ebc(),ghidra,clean,
WHGame.dll,release_1_5_1164953_841,0x626fe0,809,FUN_180626fe0,,,3995f37b697ad87d4cd16285df79f9ead14752ff9c75009bab0f08d0c3ab3b31,undefined FUN_180626fe0(),ghidra,clean,
WHGame.dll,release_1_5_1164953_841,0x62730c,192,FUN_18062730c,,,a24905591a5a8b719e1b5cf00520f62d434a8a1c97d01914cb75f01e550520ac,undefined FUN_18062730c(),ghidra,clean,
WHGame.dll,release_1_5_1164953_841,0x627358,118,FUN_180627358,,,63fbf8d809b5b3c480c220be634457544a9e5d5ca1dc3b0a7e73ec5a9b038a38,undefined FUN_180627358(),ghidra,clean,
WHGame.dll,release_1_5_1164953_841,0x6273d0,132,FUN_1806273d0,,,8148911267d6897ffb527c5e4dc9d9d1ec64d43e03559b7ed4f6b22883abb596,undefined FUN_1806273d0(),ghidra,clean,
WHGame.dll,release_1_5_1164953_841,0x627454,373,FUN_180627454,,,c0495e1f82b33e693e0de52585f0118ef5e7e9d99f5eccfa3a82d86267bae617,undefined FUN_180627454(),ghidra,clean,
WHGame.dll,release_1_5_1164953_841,0x6275cc,40,FUN_1806275cc,,,8c585bfe9026679c4ff157a23ee18add9296d58d48c7068dd2644c7f59d9e743,undefined FUN_1806275cc(),ghidra,clean,
WHGame.dll,release_1_5_1164953_841,0x6275f4,122,FUN_1806275f4,,,a927176d1f350fa145360d61fd532519002d0ce1afc8632a479302f1172ce435,undefined FUN_1806275f4(),ghidra,clean,
WHGame.dll,release_1_5_1164953_841,0x627670,96,FUN_180627670,,,d73d5349dba3227a3439adaa530c643f765bd93ce21e6fbe91d20c608c25feeb,undefined FUN_180627670(),ghidra,clean,
WHGame.dll,release_1_5_1164953_841,0x6276c4,659,FUN_1806276c4,,,fbac528c5f5a36ecdfda7e27dde1599bae475207cc02c89b16954fe91c0feab0,undefined FUN_1806276c4(),ghidra,clean,
WHGame.dll,release_1_5_1164953_841,0x627958,228,FUN_180627958,,,c29902c128d42e563d6ba0c1a051c570b3c9a3d6f9d075e7418f6b8be6a679bc,undefined FUN_180627958(),ghidra,clean,
WHGame.dll,release_1_5_1164953_841,0x627a08,140,FUN_180627a08,,,690c3f910b474317acede5c016a2f04021ac332a9cfe0da918e9925883774baa,undefined FUN_180627a08(),ghidra,clean,
WHGame.dll,release_1_5_1164953_841,0x627a70,115,FUN_180627a70,,,272f55538aae2bc3cf76d9008124c1bcf2b42a53503a90ee4878dada22d5a915,undefined FUN_180627a70(),ghidra,clean,
WHGame.dll,release_1_5_1164953_841,0x627af0,9,FUN_180627af0,,,4ccbed02bc33213b2c8d65e2532152a4bf516e4f2b749503c750ae259a81140a,undefined FUN_180627af0(),ghidra,clean,
WHGame.dll,release_1_5_1164953_841,0x627afc,812,FUN_180627afc,,,35f6351ac648cabb35d885e30c8d690901fa2d4c5e4b3e4069a81e27c9fabc72,undefined FUN_180627afc(),ghidra,clean,
WHGame.dll,release_1_5_1164953_841,0x627ddc,51,FUN_180627ddc,,,6d07e87f318e6a1762f1843f035f5d1cb937b286d6bf1b9a3feda84e79f739bb,undefined FUN_180627ddc(),ghidra,clean,
WHGame.dll,release_1_5_1164953_841,0x627e10,37,FUN_180627e10,,,66068150e57606d719b8e17cb95c29c181ce06d9dd46c0201595ea1e76db7395,undefined FUN_180627e10(),ghidra,clean,
WHGame.dll,release_1_5_1164953_841,0x627e38,227,FUN_180627e38,,,79790a14675e4791cd77c412a14bbe5d61431554d6ec3d32f479aaddee9280b0,undefined FUN_180627e38(),ghidra,clean,
WHGame.dll,release_1_5_1164953_841,0x627f1c,226,FUN_180627f1c,,,db160ac3cc6dfa0e19afc6e89b10fb0d6db37acae13aabb635ae9b7a0fafcf26,undefined FUN_180627f1c(),ghidra,clean,
WHGame.dll,release_1_5_1164953_841,0x628014,75,FUN_180628014,,,f663adb85316c8dce96db4fb809338185f354b978b90818960a3f355d0dc7e2f,undefined FUN_180628014(),ghidra,clean,
WHGame.dll,release_1_5_1164953_841,0x628060,119,FUN_180628060,,,8ac23e726e115b3563b7571f14522981d17b4aa3806c5d738bad529f5b91ec86,undefined FUN_180628060(),ghidra,clean,
WHGame.dll,release_1_5_1164953_841,0x6280d8,196,FUN_1806280d8,,,7c539a94ecd157aa6536bd6f4eb08e7216189d00766e901711e67ffc94a40000,undefined FUN_1806280d8(),ghidra,clean,
WHGame.dll,release_1_5_1164953_841,0x62819c,513,FUN_18062819c,,,97cc858ad9d93b0fcdafd18e94def82f09d09dda5c6193b001d48ac5e412112c,undefined FUN_18062819c(),ghidra,clean,
WHGame.dll,release_1_5_1164953_841,0x6283a0,155,FUN_1806283a0,,,f046cb032da3d5177694d6272f863556a0514077a9c2c658b92d77e6daf65a99,undefined FUN_1806283a0(),ghidra,clean,
WHGame.dll,release_1_5_1164953_841,0x62843c,151,FUN_18062843c,,,738d124b8d916f79bcdc3aff6fd9e5b87e0637d59c2bb81bcb2eaf85f5025405,undefined FUN_18062843c(),ghidra,clean,
WHGame.dll,release_1_5_1164953_841,0x6284d4,1144,FUN_1806284d4,,,c8ab0b41529210a35aee34ed873277a5e70df0e4c84b59f1f9a99d011c629ffd,undefined FUN_1806284d4(),ghidra,clean,
WHGame.dll,release_1_5_1164953_841,0x62894c,236,FUN_18062894c,,,609b39d7291d32b8c35efc790be430e545fe9a297e1b1047657089fb2d3f5c5f,undefined FUN_18062894c(),ghidra,clean,
WHGame.dll,release_1_5_1164953_841,0x628a38,204,FUN_180628a38,,,f8efcfb4cd0c7aa079b522eb964ef4e10ee0157fa7dc573f1849483b2be42b62,undefined FUN_180628a38(),ghidra,clean,
WHGame.dll,release_1_5_1164953_841,0x628acc,168,FUN_180628acc,,,2d3e7ab96fa9f27f1918653505f07153324b0a4a999333519493013513e50e35,undefined FUN_180628acc(),ghidra,clean,
WHGame.dll,release_1_5_1164953_841,0x628b74,239,FUN_180628b74,,,9b5579dc850064cd4bcda484f900c59af8393ea6e055321e1cdfcfa66e8a0e33,undefined FUN_180628b74(),ghidra,clean,
WHGame.dll,release_1_5_1164953_841,0x628c64,227,FUN_180628c64,,,8a177b57cc001291d8f699119027e86bff4385af7187b7b19240f4c6bdb14a06,undefined FUN_180628c64(),ghidra,clean,
WHGame.dll,release_1_5_1164953_841,0x628d48,99,FUN_180628d48,,,35a22934f610ab9f50e9173fa7260f6781c214708824ba1b611c66735c5cfe34,undefined FUN_180628d48(),ghidra,clean,
WHGame.dll,release_1_5_1164953_841,0x628dac,671,FUN_180628dac,,,97aafeff11ed21724d145c58d83eb4a03d7943c30bab1e5834ec8d5f1838b429,undefined FUN_180628dac(),ghidra,clean,
WHGame.dll,release_1_5_1164953_841,0x62904c,342,FUN_18062904c,,,3d7d6dfeb54a437319b3898b305c3d52d2602ba5868de15048be3a85af346a5b,undefined FUN_18062904c(),ghidra,clean,
WHGame.dll,release_1_5_1164953_841,0x6291a4,490,FUN_1806291a4,,,30ff56b02eb0b02f820a45a6db88a2523dcb7d106235a82513cefb92d76c3ed5,undefined FUN_1806291a4(),ghidra,clean,
WHGame.dll,release_1_5_1164953_841,0x629390,108,FUN_180629390,,,b401e6a2e2a8bd6863fecd827f4811deeafa3223f09eb1f989d7e23b7570f83b,undefined FUN_180629390(),ghidra,clean,
WHGame.dll,release_1_5_1164953_841,0x6293fc,217,FUN_1806293fc,,,a6d8437337298f9d71adf824bdcfe1ee41f97d71c5e71eb83bd51ff7e0be03d5,undefined FUN_1806293fc(),ghidra,clean,
WHGame.dll,release_1_5_1164953_841,0x6294e0,5,thunk_FUN_1803e2620,,,bdd86747a4f825c0f37ad701189e3723c6d927489a4364eae0eee56c8c5559f2,undefined thunk_FUN_1803e2620(),ghidra,clean,
WHGame.dll,release_1_5_1164953_841,0x6294e8,100,FUN_1806294e8,,,afe74af54587af9c2e908ce6bf8af4315730f4e5674655c967e0451301d8a3c5,undefined FUN_1806294e8(),ghidra,clean,
WHGame.dll,release_1_5_1164953_841,0x62954c,434,FUN_18062954c,,,232d903a9ff77a87f3e12e6f8b25fa6df747d6e193de3c5984a7ba695fb3e19a,undefined FUN_18062954c(),ghidra,clean,
WHGame.dll,release_1_5_1164953_841,0x6296a1,15,FUN_1806296a1,,,4d53fba611222f0672d0576ff3d42d732cf57524f7c1484b5d0a1a63946c71d9,undefined FUN_1806296a1(),ghidra,clean,
WHGame.dll,release_1_5_1164953_841,0x6296f4,496,FUN_1806296f4,,,adb73c551fbfb1e2ab5e562f8922e4e7192a39ec95bf0f37b31c5d3c1af05ece,undefined FUN_1806296f4(),ghidra,clean,
WHGame.dll,release_1_5_1164953_841,0x6298dc,527,FUN_1806298dc,,,0709a6361188475072425742eea15b8600686c37475629ae5a0acde59eeacbff,undefined FUN_1806298dc(),ghidra,clean,
WHGame.dll,release_1_5_1164953_841,0x629ae4,789,FUN_180629ae4,,,ba7838ad3317b1c0c9b44653be6005f98540fb5508f6ab6cc5cc719dee8da3e8,undefined FUN_180629ae4(),ghidra,clean,
WHGame.dll,release_1_5_1164953_841,0x629dc8,61,FUN_180629dc8,,,d0d51ef0a79bfe1559d08a6011ef6cc09f07265c04c2a91cb914d5cc4ca6bf55,undefined FUN_180629dc8(),ghidra,clean,
WHGame.dll,release_1_5_1164953_841,0x629e08,248,FUN_180629e08,,,5b05556978f26e46197dc063aaf3d63e6f2548ad93399484de61cae484d5c6e5,undefined FUN_180629e08(),ghidra,clean,
WHGame.dll,release_1_5_1164953_841,0x629ef4,2109,FUN_180629ef4,,,886290b29385cd0f829646c571917b05a50755b753089391718c692867bbdf58,undefined FUN_180629ef4(),ghidra,clean,
WHGame.dll,release_1_5_1164953_841,0x62a734,1755,FUN_18062a734,,,8f486e9ac10a2dc6dbac0c00a72a556bbc10d05700ce15fa1ca804bd36b29600,undefined FUN_18062a734(),ghidra,clean,
WHGame.dll,release_1_5_1164953_841,0x62ae10,404,FUN_18062ae10,,,247441643e9336eca95dcab3bd8aa184e76eb5ea31b91b2c40c41af922aaf353,undefined FUN_18062ae10(),ghidra,clean,
WHGame.dll,release_1_5_1164953_841,0x62af94,342,FUN_18062af94,,,a82bbb95d9f4991e4ea221c8a4f9c23f686097991356d9c052cdc115f109f50c,undefined FUN_18062af94(),ghidra,clean,
WHGame.dll,release_1_5_1164953_841,0x62b0ec,170,FUN_18062b0ec,,,be939586937591b620a136a759667a6731efa3db28ad032c3a47fe83f6beed6b,undefined FUN_18062b0ec(),ghidra,clean,
WHGame.dll,release_1_5_1164953_841,0x62b198,643,FUN_18062b198,,,b160e198427e1f1cbc3b755e7ebc1c4451d70cb2e7ac2479be8ab19db99c0a3e,undefined FUN_18062b198(),ghidra,clean,
WHGame.dll,release_1_5_1164953_841,0x62b3fa,4,FUN_18062b3fa,,,713015deedfbe9f066623a02f15f72174da07d257e6e1bd6b72e2e3d6f2402ac,undefined FUN_18062b3fa(),ghidra,clean,
WHGame.dll,release_1_5_1164953_841,0x62b400,542,FUN_18062b400,,,f31130a174e7160eb5c5bf343ca7edb49e96001d54788147901143f61324fafa,undefined FUN_18062b400(),ghidra,clean,
WHGame.dll,release_1_5_1164953_841,0x62b5fc,165,FUN_18062b5fc,,,f1b34ce1233caad3a7dbe981616c0ca341d18acae5e6de9565ced2337fcfe9bb,undefined FUN_18062b5fc(),ghidra,clean,
WHGame.dll,release_1_5_1164953_841,0x62b6a4,84,FUN_18062b6a4,,,5976cd3e06bbce8819d61ec7ffa75d8317d4c67786593d85a99ce08298a30c7f,undefined FUN_18062b6a4(),ghidra,clean,
WHGame.dll,release_1_5_1164953_841,0x62b6f8,191,FUN_18062b6f8,,,ec4ce57cec456579bab21b287b1f17b6973268b623a2b8cc98d1efc3ac0f65e6,undefined FUN_18062b6f8(),ghidra,clean,
WHGame.dll,release_1_5_1164953_841,0x62b7b8,895,FUN_18062b7b8,,,b80a65b0261095282d0ae664de1386695ebf184afd3fbe2ab3d4229eeaf355b1,undefined FUN_18062b7b8(),ghidra,clean,
WHGame.dll,release_1_5_1164953_841,0x62bb0c,125,FUN_18062bb0c,,,ca7dba245b2000b3f2e16bb29d163386702753a2ebd0f0d1b5dc8da8dc16bb82,undefined FUN_18062bb0c(),ghidra,clean,
WHGame.dll,release_1_5_1164953_841,0x62bb8c,228,FUN_18062bb8c,,,a794b8ad52ea52d6a7ff01a8439826369e0823e9500b483d0e1a8549166990e0,undefined FUN_18062bb8c(),ghidra,clean,
WHGame.dll,release_1_5_1164953_841,0x62bc70,197,FUN_18062bc70,,,eb954b3b4b9f02cd501509c2feb0710264b3363603d818495a2b2cdfa4946e2a,undefined FUN_18062bc70(),ghidra,clean,
WHGame.dll,release_1_5_1164953_841,0x62bd38,41,FUN_18062bd38,,,bef7d94dbfc8114bb1324bbe26d9b8c6a535511455c0f8baaa18faeeb9ccf63d,undefined FUN_18062bd38(),ghidra,clean,
WHGame.dll,release_1_5_1164953_841,0x62bd64,202,FUN_18062bd64,,,7b365aa9068b4c206931e3458524b6c753e60d58086dd5dbdfdd2272a96c142a,undefined FUN_18062bd64(),ghidra,clean,
WHGame.dll,release_1_5_1164953_841,0x62be30,342,FUN_18062be30,,,fe04edb1571aae2aecea3f393f648661c4ce17e32faa4db8c7c53ea9b88a7484,undefined FUN_18062be30(),ghidra,clean,
WHGame.dll,release_1_5_1164953_841,0x62bf88,230,FUN_18062bf88,,,f2faa6f20d72a5680bca5351f642791052ccb89b0f91545d92d7bfb1583f4125,undefined FUN_18062bf88(),ghidra,clean,
WHGame.dll,release_1_5_1164953_841,0x62c070,479,FUN_18062c070,,,b0c73891f28ffd53874854f7e05c846abbccf5f6a55236cb3742ec77acf3642d,undefined FUN_18062c070(),ghidra,clean,
WHGame.dll,release_1_5_1164953_841,0x62c250,78,FUN_18062c250,,,7a2cf3a57b8daa44f57e4b71aa2e9ae1ab49355270f61094721e331621ac3488,undefined FUN_18062c250(),ghidra,clean,
WHGame.dll,release_1_5_1164953_841,0x62c2a0,655,FUN_18062c2a0,,,2fcb0449c53f061ef1aafc129308cc4ef2a5113f0243c131413435a47baab7fe,undefined FUN_18062c2a0(),ghidra,clean,
WHGame.dll,release_1_5_1164953_841,0x62c530,251,FUN_18062c530,,,09322244b70d69b0927632e809b61188d76a09d53584af2103ad7e21d61e7872,undefined FUN_18062c530(),ghidra,clean,
WHGame.dll,release_1_5_1164953_841,0x62c62c,513,FUN_18062c62c,,,fe36ff2ae0cd3f512ad439d19780a87e53c200151db324b2c94b76546f57b937,undefined FUN_18062c62c(),ghidra,clean,
WHGame.dll,release_1_5_1164953_841,0x62c830,145,FUN_18062c830,,,5d3496d3d1ddbdcd640ef5db6b3332ae32e3ac0e922ab8334165baa55766c285,undefined FUN_18062c830(),ghidra,clean,
WHGame.dll,release_1_5_1164953_841,0x62c8c4,230,FUN_18062c8c4,,,01ae8dd8c7eb59a7ae8bc421cee4f562356e52fd75b022386d374b327c4b7216,undefined FUN_18062c8c4(),ghidra,clean,
WHGame.dll,release_1_5_1164953_841,0x62c9ac,157,FUN_18062c9ac,,,e40c5202c752f6960e783ed5e349f354fcc82c409ef6cafbf56a5cd1df6d35cc,undefined FUN_18062c9ac(),ghidra,clean,
WHGame.dll,release_1_5_1164953_841,0x62ca4c,87,FUN_18062ca4c,,,749d00801d938367b98638e48ee4a1249ee5ed7d64d39f74d2a8c92848f28dba,undefined FUN_18062ca4c(),ghidra,clean,
WHGame.dll,release_1_5_1164953_841,0x62ca98,590,FUN_18062ca98,,,2a0d57750a4054bcc44e18f6469a7633b3780ab4d5de009b7177066cd8ed127e,undefined FUN_18062ca98(),ghidra,clean,
WHGame.dll,release_1_5_1164953_841,0x62cce8,1339,FUN_18062cce8,,,537a300dc0a5e18aa0e8178f7eb06da5b7c3f25b89e57e3a93c5c133b0d20b11,undefined FUN_18062cce8(),ghidra,clean,
WHGame.dll,release_1_5_1164953_841,0x62d224,62,FUN_18062d224,,,e30c486ad281396e7697e24496962d9392c08d0c271968fa4f4e77105fd82eb8,undefined FUN_18062d224(),ghidra,clean,
WHGame.dll,release_1_5_1164953_841,0x62d264,224,FUN_18062d264,,,c43025e7224c20549775360261a9e59424d1774525d78b5ac08e2cda880ad620,undefined FUN_18062d264(),ghidra,clean,
WHGame.dll,release_1_5_1164953_841,0x62d348,317,FUN_18062d348,,,a276f05f65e28b04e1a787b9e643c5511d0869ccff993d7fce169aaa843687d1,undefined FUN_18062d348(),ghidra,clean,
WHGame.dll,release_1_5_1164953_841,0x62d488,271,FUN_18062d488,,,55ba5653f6d863131b8dd1b45223a8efbdf062276d8fe78a80ea64e64d9f0da1,undefined FUN_18062d488(),ghidra,clean,
WHGame.dll,release_1_5_1164953_841,0x62d5a0,2467,FUN_18062d5a0,,,65ef70836932ee0eab54d7a6cf07742376a0175b6fc563ed32e48386ca43fbc4,undefined FUN_18062d5a0(),ghidra,clean,
WHGame.dll,release_1_5_1164953_841,0x62df44,97,FUN_18062df44,,,3f0547034f9369805c79a1ae69a91d02b01f0c066c1ae2b88f3280645bb07180,undefined FUN_18062df44(),ghidra,clean,
WHGame.dll,release_1_5_1164953_841,0x62dfa8,203,FUN_18062dfa8,,,c91ee30fe902ccb50a1022ad742378b93f7f0d81ea3d09a593d962b169971493,undefined FUN_18062dfa8(),ghidra,clean,
WHGame.dll,release_1_5_1164953_841,0x62e080,26,FUN_18062e080,,,8ce5846344c9797965e196dee606e118c7da8c8b6f7f9dce933f98ca23b68177,undefined FUN_18062e080(),ghidra,clean,
WHGame.dll,release_1_5_1164953_841,0x62e09c,661,FUN_18062e09c,,,ab07908832da9fba7fd416a7dffa1a09d1a07427cfefe5bcde0fb7a95b5b90ca,undefined FUN_18062e09c(),ghidra,clean,
WHGame.dll,release_1_5_1164953_841,0x62e334,580,FUN_18062e334,,,f3da4c22a4b7e47bea262e87f1269e32e6821c7cf8d4c3c95f6fdb3193f77bbd,undefined FUN_18062e334(),ghidra,clean,
WHGame.dll,release_1_5_1164953_841,0x62e57c,57,FUN_18062e57c,,,5748f176d3aaf2334192ca96a7255306a9c4924801704d189bb8afcf08ee3d49,undefined FUN_18062e57c(),ghidra,clean,
WHGame.dll,release_1_5_1164953_841,0x62e5b8,318,FUN_18062e5b8,,,beaa3889049a08c0c5446d6e007d8b152084b6bdf74be7bc46f1e63444deddc1,undefined FUN_18062e5b8(),ghidra,clean,
WHGame.dll,release_1_5_1164953_841,0x62e6f8,37,FUN_18062e6f8,,,8a74e38a25b91ef868de911de273b321559b8527f271719a15ca3673358f96d0,undefined FUN_18062e6f8(),ghidra,clean,
WHGame.dll,release_1_5_1164953_841,0x62e720,78,FUN_18062e720,,,2118e82331db2387f7605f4632d7a1ecf3b2987099a2542dd63b5f5cb884ffa3,undefined FUN_18062e720(),ghidra,clean,
WHGame.dll,release_1_5_1164953_841,0x62e770,128,FUN_18062e770,,,826100d0b929345f7332b39dd79fd4b3e04aa11e981b6cecc787ff47ffeb4eaf,undefined FUN_18062e770(),ghidra,clean,
WHGame.dll,release_1_5_1164953_841,0x62e7f0,197,FUN_18062e7f0,,,400d1f311f21b5cbc94f597755dc7f68f6225970a0e80e277eefea1de93b1ad1,undefined FUN_18062e7f0(),ghidra,clean,
WHGame.dll,release_1_5_1164953_841,0x62e8b8,81,FUN_18062e8b8,,,a39326d6c6e02cb8987aa5725c6abed6120504a4d7e89ec8ed843bffa655bc11,undefined FUN_18062e8b8(),ghidra,clean,
WHGame.dll,release_1_5_1164953_841,0x62e90c,144,FUN_18062e90c,,,c8fc759635304b62688e1b9e3ae8888ecce86d5e945f9fa5a8daad3689ce8250,undefined FUN_18062e90c(),ghidra,clean,
WHGame.dll,release_1_5_1164953_841,0x62e968,279,FUN_18062e968,,,535d4801b9cc56f7b8e13be242ee9b4efd676f48d313b42002a48869aa563f79,undefined FUN_18062e968(),ghidra,clean,
WHGame.dll,release_1_5_1164953_841,0x62ea80,56,FUN_18062ea80,,,161c1b4f6db315b87a369c172124bb47355cf0fc877597a1899133846c0cb574,undefined FUN_18062ea80(),ghidra,clean,
WHGame.dll,release_1_5_1164953_841,0x62eab8,152,FUN_18062eab8,,,fff361ce601843d30f93c642896d3a479b923f5a875bfed9887c0a63080f7236,undefined FUN_18062eab8(),ghidra,clean,
WHGame.dll,release_1_5_1164953_841,0x62eb50,131,FUN_18062eb50,,,6e012b5d120a0fea8734ed0484539799c1052e4d69290a0b03cb9a3b9ca526ca,undefined FUN_18062eb50(),ghidra,clean,
WHGame.dll,release_1_5_1164953_841,0x62ebd4,616,FUN_18062ebd4,,,592d34399a45c1819aa19f9c4badd34e3ec9914f9a84aafd589f3adfbcd3f241,undefined FUN_18062ebd4(),ghidra,clean,
WHGame.dll,release_1_5_1164953_841,0x62ee3c,46,FUN_18062ee3c,,,0eb619f812cb992605f08bc30b4fc76500fb506242ad5f671386f8ff75513073,undefined FUN_18062ee3c(),ghidra,clean,
WHGame.dll,release_1_5_1164953_841,0x62ee5c,400,FUN_18062ee5c,,,e853f16817caea142215b474230089df8fe7a1b5bb90bc8aecdd8e0f851a4ddb,undefined FUN_18062ee5c(),ghidra,clean,
WHGame.dll,release_1_5_1164953_841,0x62efd8,153,FUN_18062efd8,,,b9925be864a82ef5a28d9e0667121cbf7e932648b67665df9ad233a0db4339b8,undefined FUN_18062efd8(),ghidra,clean,
WHGame.dll,release_1_5_1164953_841,0x62f074,157,FUN_18062f074,,,14b3b8b8e235e4e323593676f8e60cb33cecc369d54019fa7115fccc193b4e44,undefined FUN_18062f074(),ghidra,clean,
WHGame.dll,release_1_5_1164953_841,0x62f114,138,FUN_18062f114,,,9c923fc7872439fc28bb9e8c18f5e73e35b4655e3b3a916166a3e6e1a398065f,undefined FUN_18062f114(),ghidra,clean,
WHGame.dll,release_1_5_1164953_841,0x62f174,87,FUN_18062f174,,,6a1bb696262985f5c05beba47ea0e44a7a365b22030a6d740fe2a3e1ca0f5880,undefined FUN_18062f174(),ghidra,clean,
WHGame.dll,release_1_5_1164953_841,0x62f1c0,321,FUN_18062f1c0,,,7854d821ed1d4295aa18581c1a4558227ccd419f89f95acae1a8b235df29af95,undefined FUN_18062f1c0(),ghidra,clean,
WHGame.dll,release_1_5_1164953_841,0x62f304,221,FUN_18062f304,,,9ac979b3a808870d8c353241d446b4d2de81336622aa5b826bc9b691b1b2c530,undefined FUN_18062f304(),ghidra,clean,
WHGame.dll,release_1_5_1164953_841,0x62f3e4,31,FUN_18062f3e4,,,c122dc0ee0a6a917f5424f183c6197ed999fff3010e58cb28852afb33c8742c5,undefined FUN_18062f3e4(),ghidra,clean,
WHGame.dll,release_1_5_1164953_841,0x62f404,65,FUN_18062f404,,,afc010562ba2d3a6f45a60945516e97878c5e79bb62c8f81cef377eeee713b9f,undefined FUN_18062f404(),ghidra,clean,
WHGame.dll,release_1_5_1164953_841,0x62f448,100,FUN_18062f448,,,63e5bf745927f923c572f6c24b5b5f1a8509fe566479778d14f6bd6e1b6f3e33,undefined FUN_18062f448(),ghidra,clean,
WHGame.dll,release_1_5_1164953_841,0x62f4ac,107,FUN_18062f4ac,,,27912441a70933ccdb0f89c0fa0ba34b2cfd74d75c2b64060e24aa673d55fbf6,undefined FUN_18062f4ac(),ghidra,clean,
WHGame.dll,release_1_5_1164953_841,0x62f518,42,FUN_18062f518,,,0ad38b9c88dca48eb65cc2527835085ee5ca1ca24fee7522a4a6484194ccdd03,undefined FUN_18062f518(),ghidra,clean,
WHGame.dll,release_1_5_1164953_841,0x62f544,122,FUN_18062f544,,,b5d14960f161a2245ad06be02217cffef8855ac8e737b460181dce3b432c39bc,undefined FUN_18062f544(),ghidra,clean,
WHGame.dll,release_1_5_1164953_841,0x62f5cc,128,FUN_18062f5cc,,,05a9493fa78462c4e6c1ed1e46996288658afed591f6985e2cfae669d4c2bb2d,undefined FUN_18062f5cc(),ghidra,clean,
WHGame.dll,release_1_5_1164953_841,0x62f64c,110,FUN_18062f64c,,,93942d2f24a2bc6c537a8b3a3b112c42192549c52fba844487cbb3edc993013b,undefined FUN_18062f64c(),ghidra,clean,
WHGame.dll,release_1_5_1164953_841,0x62f6bc,119,FUN_18062f6bc,,,e268083dff9f9d7df15a10f0c476e046df084070a5a50e281706955e57ba53de,undefined FUN_18062f6bc(),ghidra,clean,
WHGame.dll,release_1_5_1164953_841,0x62f734,416,FUN_18062f734,,,b3db39c90e53d20f6057afe8d38b0ec72f7aa77e3f089f92f0f6d30a3e355afb,undefined FUN_18062f734(),ghidra,clean,
WHGame.dll,release_1_5_1164953_841,0x62f8d4,179,FUN_18062f8d4,,,4237a7f73f85ea7278496b7453623bdcbc815fce360401c74482e55c078aaa06,undefined FUN_18062f8d4(),ghidra,clean,
WHGame.dll,release_1_5_1164953_841,0x62f988,580,FUN_18062f988,,,dc40ac68bd2eaf49fb035fad233e189ef5419dc80bafd9f3095f83b97a119b24,undefined FUN_18062f988(),ghidra,clean,
WHGame.dll,release_1_5_1164953_841,0x62fbcc,150,FUN_18062fbcc,,,aa29f9ffb569549e2b3c4237055d03726aeff373cc7a677560c5fff9074c639a,undefined FUN_18062fbcc(),ghidra,clean,
WHGame.dll,release_1_5_1164953_841,0x62fc64,83,FUN_18062fc64,,,e2cfa0b0b16e8207f8077652d5a0f2e9bbdad23c8ff047ae5238e306e25de219,undefined FUN_18062fc64(),ghidra,clean,
WHGame.dll,release_1_5_1164953_841,0x62fcb8,174,FUN_18062fcb8,,,a722cf35cff1e1151e4b25f1efb234f8e1bca05a4b05d314b2875fed049a2029,undefined FUN_18062fcb8(),ghidra,clean,
WHGame.dll,release_1_5_1164953_841,0x62fd58,303,FUN_18062fd58,,,4adf42f822fe29648f7aeb0990789ce21ee7b866b0c1021055ea815fb9e529cf,undefined FUN_18062fd58(),ghidra,clean,
WHGame.dll,release_1_5_1164953_841,0x62fe88,52,FUN_18062fe88,,,d5a68a495f06520ecb5d167919d7d5c2f361f76e155fa29998d654aa547a96ac,undefined FUN_18062fe88(),ghidra,clean,
WHGame.dll,release_1_5_1164953_841,0x62febc,284,FUN_18062febc,,,55e2ec7323e5a189591caef81a440a43d3ed7297052d0305151b378cc5bc7ddf,undefined FUN_18062febc(),ghidra,clean,
WHGame.dll,release_1_5_1164953_841,0x62ffd8,51,FUN_18062ffd8,,,4ab84dddc30a44a7c441becee1550e081ba9cef3d43a4a0145acde4e32eb6c37,undefined FUN_18062ffd8(),ghidra,clean,
WHGame.dll,release_1_5_1164953_841,0x63000c,5,thunk_FUN_180630bf8,,,bfcad2d00ba927fef2cd23efdce6284c02b5edb7b41cb7ce972b90908afb5804,undefined thunk_FUN_180630bf8(),ghidra,clean,
WHGame.dll,release_1_5_1164953_841,0x630014,51,FUN_180630014,,,d1b59e76c8f256f5d10bc8a620356a42250bbb1bd525d36f531ef81f4a3ed31a,undefined FUN_180630014(),ghidra,clean,
WHGame.dll,release_1_5_1164953_841,0x63002c,32,FUN_18063002c,,,579c7ab8b5c7d2500fd043adcce8347f2e2b5b4af4dd2b2dd6f3d859716f37ae,undefined FUN_18063002c(),ghidra,clean,
WHGame.dll,release_1_5_1164953_841,0x63004c,12,FUN_18063004c,,,67cb009015dfb755cc62f8bed85b83d037b4e7a080378e960f9d35543e6851eb,undefined FUN_18063004c(),ghidra,clean,
WHGame.dll,release_1_5_1164953_841,0x630058,248,FUN_180630058,,,a622bd7f87b61959c95ee1ffe362d46f425e3bf7a89c2a98a43d3b0776b8e61a,undefined FUN_180630058(),ghidra,clean,
WHGame.dll,release_1_5_1164953_841,0x630150,152,FUN_180630150,,,e732dfe61e4da8b48e1f758523889341a3b963005f934cac41c1ebc7635d86d7,undefined FUN_180630150(),ghidra,clean,
WHGame.dll,release_1_5_1164953_841,0x6301e8,58,FUN_1806301e8,,,ca5fe61eeeb765bd4c79b4701ce7d17123a59db2e34482df765414446fad8e07,undefined FUN_1806301e8(),ghidra,clean,
WHGame.dll,release_1_5_1164953_841,0x630224,80,FUN_180630224,,,b007fd71cd5c590f76122f34844478ae61ede835a7062d745846f9b5073d06b9,undefined FUN_180630224(),ghidra,clean,
WHGame.dll,release_1_5_1164953_841,0x630274,213,FUN_180630274,,,f345b4cbb0ae3b6e38b29dbd71d3519b54d4cd03da7bbd4facc52848835251ae,undefined FUN_180630274(),ghidra,clean,
WHGame.dll,release_1_5_1164953_841,0x63034c,518,FUN_18063034c,,,c1d22e9c29ba18e6f4523f5ad2f7a37e50f2530099ed4db77b0f312c0791b3eb,undefined FUN_18063034c(),ghidra,clean,
WHGame.dll,release_1_5_1164953_841,0x630554,60,FUN_180630554,,,77b7c8bbfb474b159afeb5fac37aefa5703b9b7d890691adf43565facab54b3e,undefined FUN_180630554(),ghidra,clean,
WHGame.dll,release_1_5_1164953_841,0x630590,41,FUN_180630590,,,e659f7053fcb43f66385a7c0b1df15dc7670669d5295d871776d3fa37e454845,undefined FUN_180630590(),ghidra,clean,
WHGame.dll,release_1_5_1164953_841,0x6305bc,106,FUN_1806305bc,,,5061c87e5ebe7fb8f101e075e2dae06e4691b0aeb9b0e5544573b31fb5b70462,undefined FUN_1806305bc(),ghidra,clean,
WHGame.dll,release_1_5_1164953_841,0x630628,28,FUN_180630628,,,7b0fe71e966c91665634ed5e765901cb174f7772b37ef25a2c5532bc19f2c0dd,undefined FUN_180630628(),ghidra,clean,
WHGame.dll,release_1_5_1164953_841,0x630644,80,FUN_180630644,,,b9ec948867c8c2991942652457fa2525527d9d1cd90ff387c349ba143ab2d5da,undefined FUN_180630644(),ghidra,clean,
WHGame.dll,release_1_5_1164953_841,0x630694,256,FUN_180630694,,,6643f763958e0a753ed179675cf14248d669e56792f63091b33181a9c2fb2d1d,undefined FUN_180630694(),ghidra,clean,
WHGame.dll,release_1_5_1164953_841,0x630794,155,FUN_180630794,,,2eafe208b1cb2570a89c8226bbb01a366598d8ca53021b55948990797b24f906,undefined FUN_180630794(),ghidra,clean,
WHGame.dll,release_1_5_1164953_841,0x630830,144,FUN_180630830,,,8bbc8e762dc2c1911e00208b9bcfd4b1baa841aead686300ab53d263cc16163f,undefined FUN_180630830(),ghidra,clean,
WHGame.dll,release_1_5_1164953_841,0x6308c0,135,FUN_1806308c0,,,8076fd3d8e9f7f4c6a00a4d11b333ef6ec6a108c5b67107166f96bf86a17c45f,undefined FUN_1806308c0(),ghidra,clean,
WHGame.dll,release_1_5_1164953_841,0x630948,107,FUN_180630948,,,833250d01e264117c140c5ff1885e77eb846a3af5707a466e4a81361d186ba7a,undefined FUN_180630948(),ghidra,clean,
WHGame.dll,release_1_5_1164953_841,0x63099c,40,FUN_18063099c,,,cd401813f3959025c6787d1633a264090317db0f0f24eccd8ea530e3db4184d5,undefined FUN_18063099c(),ghidra,clean,
WHGame.dll,release_1_5_1164953_841,0x6309c4,359,FUN_1806309c4,,,3ad016c0cb8b01def2d6f6d8c3a253cc2134f0c61909d728b4cc9ab1822ec31d,undefined FUN_1806309c4(),ghidra,clean,
WHGame.dll,release_1_5_1164953_841,0x630b2c,201,FUN_180630b2c,,,06d4b1b47f48cfc0d95556732e35d638e20745fd8f1ec35d7b744d5c8ce2d706,undefined FUN_180630b2c(),ghidra,clean,
WHGame.dll,release_1_5_1164953_841,0x630bf8,2051,FUN_180630bf8,,,3bfb4777ad842a7bfa89aa04d5cbac17630ac4e297a4998a9899167210c312b5,undefined FUN_180630bf8(),ghidra,clean,
WHGame.dll,release_1_5_1164953_841,0x6313fc,146,FUN_1806313fc,,,7ba3bd828d93e93440b794afc8b942cc0524da808d0cc6d50abff3c9f76aa9da,undefined FUN_1806313fc(),ghidra,clean,
WHGame.dll,release_1_5_1164953_841,0x631490,93,FUN_180631490,,,f9f7b726f8bbda8739fde130961f12eaf69321e35c617db343c71b049be96bf7,undefined FUN_180631490(),ghidra,clean,
WHGame.dll,release_1_5_1164953_841,0x6314f0,161,FUN_1806314f0,,,529ea216f35b6cfe9d4ea92874d712d795dc566a37e1dbd8f06ae64b5995f723,undefined FUN_1806314f0(),ghidra,clean,
WHGame.dll,release_1_5_1164953_841,0x631594,444,FUN_180631594,,,503914bb57ff62d1eaef09b1faa2c9787e5370c477b4748504bb4e52b8280ba9,undefined FUN_180631594(),ghidra,clean,
WHGame.dll,release_1_5_1164953_841,0x631754,86,FUN_180631754,,,cac4362bcb2cf386e8bf1e5a7eadf9a3b99c703c577b2d72122b86fe0ac98172,undefined FUN_180631754(),ghidra,clean,
WHGame.dll,release_1_5_1164953_841,0x6317ac,281,FUN_1806317ac,,,5c8b5053b1b69b516a58de13f0cad95df4568f9d492bf397898496d7e2dc066e,undefined FUN_1806317ac(),ghidra,clean,
WHGame.dll,release_1_5_1164953_841,0x6318c8,109,FUN_1806318c8,,,c5aec7b2cbfffc0a74634657c185ee4d3d63e80e8dcda0ffa5c8745f45d4c47b,undefined FUN_1806318c8(),ghidra,clean,
WHGame.dll,release_1_5_1164953_841,0x631938,8,FUN_180631938,,,8996a52e4ebb0182b0386e110cc622046343441b168c7d1bb7861d18a57811ba,undefined FUN_180631938(),ghidra,clean,
WHGame.dll,release_1_5_1164953_841,0x631940,62,FUN_180631940,,,ae838f3c576b5514641a643d0eb717acda8859c0dcbb027ab24cb47d80383680,undefined FUN_180631940(),ghidra,clean,
WHGame.dll,release_1_5_1164953_841,0x63196c,52,FUN_18063196c,,,a5f95aaaef3169de4232c8c09865b9e703686c097280e83956982fd878be32f8,undefined FUN_18063196c(),ghidra,clean,
WHGame.dll,release_1_5_1164953_841,0x6319a0,50,FUN_1806319a0,,,a12b15f0e831f8559bc18530935a6257cbfe1ef733672154af768570a9e33970,undefined FUN_1806319a0(),ghidra,clean,
WHGame.dll,release_1_5_1164953_841,0x6319d4,160,FUN_1806319d4,,,1dfd59f366ab502082fad6ce4a28b7e5649f0f3d7e1f3d2e9b7c7ce825d174fa,undefined FUN_1806319d4(),ghidra,clean,
WHGame.dll,release_1_5_1164953_841,0x631a74,125,FUN_180631a74,,,607f60940cef1f8fea80e233273b4814bfc6aeb34e8c92164437127e2a04265a,undefined FUN_180631a74(),ghidra,clean,
WHGame.dll,release_1_5_1164953_841,0x631af4,200,FUN_180631af4,,,a1d6dc862151ee7db705915e693e09a0b877038acc248a2a2277c4e7e4f41282,undefined FUN_180631af4(),ghidra,clean,
WHGame.dll,release_1_5_1164953_841,0x631b5c,102,FUN_180631b5c,,,0946a567d48e5dbb35b4880e91bfef57b50de9165927aafa494b8aaa763f39f5,undefined FUN_180631b5c(),ghidra,clean,
WHGame.dll,release_1_5_1164953_841,0x631bc4,34,FUN_180631bc4,,,49db84bb09644ba6ac99863fc122cfec1eaf25ba30b76ab7623cf8627c0eecfb,undefined FUN_180631bc4(),ghidra,clean,
WHGame.dll,release_1_5_1164953_841,0x631be8,106,FUN_180631be8,,,dbb0cfd9f47244541db6e5004f79d2a835783fb868ed5dc085ced9927e2ee67e,undefined FUN_180631be8(),ghidra,clean,
WHGame.dll,release_1_5_1164953_841,0x631c54,62,FUN_180631c54,,,97abfa834ab70e45b1808aea2f7dde248c608f19b05ccfb47ea219f06014d2eb,undefined FUN_180631c54(),ghidra,clean,
WHGame.dll,release_1_5_1164953_841,0x631c80,422,FUN_180631c80,,,7439b0bdaf8e20e8285b924b6cb5569830f278bc4edd3d23fff1f01de0361b92,undefined FUN_180631c80(),ghidra,clean,
WHGame.dll,release_1_5_1164953_841,0x631e2c,62,FUN_180631e2c,,,ab90316342b71f7a76b7c50df23be2f45095695430806288a0ceef86f4b58af7,undefined FUN_180631e2c(),ghidra,clean,
WHGame.dll,release_1_5_1164953_841,0x631e58,112,FUN_180631e58,,,f2592893c901820f3b6993a59c44a6f7875fd2a84e160fb4fd04ee8c7902cc54,undefined FUN_180631e58(),ghidra,clean,
WHGame.dll,release_1_5_1164953_841,0x631ec8,52,FUN_180631ec8,,,39884aa6d89885e2c7d2f751697cb1c61da3093e1465df81f46c24eb6d03598d,undefined FUN_180631ec8(),ghidra,clean,
WHGame.dll,release_1_5_1164953_841,0x631efc,52,FUN_180631efc,,,d9c262e5298b3d75eab016a1d8e7626d668ede4794d6b4fbb0d7afe32a52750e,undefined FUN_180631efc(),ghidra,clean,
WHGame.dll,release_1_5_1164953_841,0x631f30,34,FUN_180631f30,,,d651534702a3e85dc8f2b3db27f10992f7ea9d9e92b0a691b9dc4a13b9f6bd6f,undefined FUN_180631f30(),ghidra,clean,
WHGame.dll,release_1_5_1164953_841,0x631f54,631,FUN_180631f54,,,f84bfac30f444daf05bf26500297ba5e896df6332fe0d98974003ffbab33c480,undefined FUN_180631f54(),ghidra,clean,
WHGame.dll,release_1_5_1164953_841,0x6320f4,233,FUN_1806320f4,,,16d01882c4e459c62660882ba9119ceaa059810ba9188ea3ed91db8525740985,undefined FUN_1806320f4(),ghidra,clean,
WHGame.dll,release_1_5_1164953_841,0x6321e0,54,FUN_1806321e0,,,e71816f3a52b287fe81b5afaf2d043ae5bc31171382b06dcdcf87388fe0c9d41,undefined FUN_1806321e0(),ghidra,clean,
WHGame.dll,release_1_5_1164953_841,0x632218,62,FUN_180632218,,,6975edc8a0334b96f72daab99cbb632ea6384f1b577a6ed1e37d51aa4dce2034,undefined FUN_180632218(),ghidra,clean,
WHGame.dll,release_1_5_1164953_841,0x632244,43,FUN_180632244,,,31f36bbb03c38ceaaeba2dc1c110c75d5fba1c4a683bc269956643a3d3ca98e2,undefined FUN_180632244(),ghidra,clean,
WHGame.dll,release_1_5_1164953_841,0x632270,46,FUN_180632270,,,e300c88f2fd372c4c2ea801af31958ff6d35c2d72d5a11f6a5c0cb7fea4c97c1,undefined FUN_180632270(),ghidra,clean,
WHGame.dll,release_1_5_1164953_841,0x6322a0,52,FUN_1806322a0,,,91c434429cf29df7f927801ffeadcea487be80d082a5d966e8da096f5c4dae78,undefined FUN_1806322a0(),ghidra,clean,
WHGame.dll,release_1_5_1164953_841,0x6322d4,34,FUN_1806322d4,,,d01692ae3585a04a8b19e05ecc6db89fb508a7de2796692f081c396e3c75a426,undefined FUN_1806322d4(),ghidra,clean,
WHGame.dll,release_1_5_1164953_841,0x6322f8,263,FUN_1806322f8,,,6dd89ee0b58dc185ebbefef7f0abd2f8afa26a0695d8555c9d3726a6f10e2d84,undefined FUN_1806322f8(),ghidra,clean,
WHGame.dll,release_1_5_1164953_841,0x632394,66,FUN_180632394,,,f5c404245002c911b7bae4daa6dc77185ed6b7af97601dff9f6ead5efff3ad09,undefined FUN_180632394(),ghidra,clean,
WHGame.dll,release_1_5_1164953_841,0x6323d8,62,FUN_1806323d8,,,d9775066282e710361c33fdb2ae817d93c1db567b4a394b7fcfe3296e5913c59,undefined FUN_1806323d8(),ghidra,clean,
WHGame.dll,release_1_5_1164953_841,0x632404,44,FUN_180632404,,,8454e0150bfafb27a7e057117c0b31076562b8810175b12093060ebbdf23a26c,undefined FUN_180632404(),ghidra,clean,
WHGame.dll,release_1_5_1164953_841,0x632430,34,FUN_180632430,,,46a2c379a9dcd2d0209fa658eb76daaa489c56d389eb605144f6ea3b62d58ac5,undefined FUN_180632430(),ghidra,clean,
WHGame.dll,release_1_5_1164953_841,0x632454,52,FUN_180632454,,,c59f58854b80712f8b599006463f7ac717420a109caa669b34394f6a287caf99,undefined FUN_180632454(),ghidra,clean,
WHGame.dll,release_1_5_1164953_841,0x632488,55,FUN_180632488,,,571775abd604f78863057e37a360b76ec93d30bcc7e514ba2d7f1cd4df806166,undefined FUN_180632488(),ghidra,clean,
WHGame.dll,release_1_5_1164953_841,0x6324c0,62,FUN_1806324c0,,,86118f7c1f35fddf709e9f845107f2d34262b8fdc7a9fe1f548715a000182468,undefined FUN_1806324c0(),ghidra,clean,
WHGame.dll,release_1_5_1164953_841,0x6324ec,34,FUN_1806324ec,,,6da5ec24e053711b0a8953d7b47877470ff9f181f51c0a681ba5806923d564c9,undefined FUN_1806324ec(),ghidra,clean,
WHGame.dll,release_1_5_1164953_841,0x632510,61,FUN_180632510,,,d012b95e07ad048a51ee2479ca1a20e5dc435ad58684a4173df0874f304697c7,undefined FUN_180632510(),ghidra,clean,
WHGame.dll,release_1_5_1164953_841,0x632550,576,FUN_180632550,,,697cb1e53cacf06daaf921c3057fa266c4a85fc8204f6ec88027fc6cd3e4e56e,undefined FUN_180632550(),ghidra,clean,
WHGame.dll,release_1_5_1164953_841,0x632790,34,FUN_180632790,,,131426ce32cb62b384ec09aa90aedf540749b54476f8983d497c549408344326,undefined FUN_180632790(),ghidra,clean,
WHGame.dll,release_1_5_1164953_841,0x6327b4,119,FUN_1806327b4,,,ad20d228006c31948272d403d5f9e60ae53b59d2e51ecfc795b99c924cf339aa,undefined FUN_1806327b4(),ghidra,clean,
WHGame.dll,release_1_5_1164953_841,0x63282c,34,FUN_18063282c,,,e28a5b53fd43c2241bb300f5521a08d2947a70c4cb71b2eea831527a6f8c4e51,undefined FUN_18063282c(),ghidra,clean,
WHGame.dll,release_1_5_1164953_841,0x632850,132,FUN_180632850,,,7d1378b86528bf5daa567ac99d18bc87186621c23213de1e42bc4091fb640213,undefined FUN_180632850(),ghidra,clean,
WHGame.dll,release_1_5_1164953_841,0x6328d4,34,FUN_1806328d4,,,091794c475af5a4f66a5a3064aa880ea13cc3a0d440201ed227c3e423a37ce80,undefined FUN_1806328d4(),ghidra,clean,
WHGame.dll,release_1_5_1164953_841,0x6328f8,156,FUN_1806328f8,,,961459f654fb2219ec40d69ac3baf8c6d11a7f542bedb674bf709e70de324366,undefined FUN_1806328f8(),ghidra,clean,
WHGame.dll,release_1_5_1164953_841,0x632994,62,FUN_180632994,,,541fcb91e1814904fd08860b75a263916c246641ab8de63a7af06b884ecc3d51,undefined FUN_180632994(),ghidra,clean,
WHGame.dll,release_1_5_1164953_841,0x6329c0,66,FUN_1806329c0,,,2680b1eb9e05bb65d9206c9f3168271ad4ae50ab72340902b40d701eb8592cf0,undefined FUN_1806329c0(),ghidra,clean,
WHGame.dll,release_1_5_1164953_841,0x632a04,34,FUN_180632a04,,,04e7362df17d5a96dcc0c69e20c8faaf00dadac3d1815999d9e9dec1e078c9b6,undefined FUN_180632a04(),ghidra,clean,
WHGame.dll,release_1_5_1164953_841,0x632a28,114,FUN_180632a28,,,97230a233b6d98f8486e54508f4997eb6605e947d9870e49275895d25af94122,undefined FUN_180632a28(),ghidra,clean,
WHGame.dll,release_1_5_1164953_841,0x632a9c,62,FUN_180632a9c,,,b92213d5124e297a5355009e70675aaa53e2cd0a8bc87053e6d7655b68197b47,undefined FUN_180632a9c(),ghidra,clean,
WHGame.dll,release_1_5_1164953_841,0x632ac8,43,FUN_180632ac8,,,7b877f179e9ae599d479031d5b561ba07fecd2f5db179d70a9d943dde5fa69e7,undefined FUN_180632ac8(),ghidra,clean,
WHGame.dll,release_1_5_1164953_841,0x632af4,34,FUN_180632af4,,,4cc1ced8f69cd8b8ecf8858c8119435aecba1466990cbe0a74fc9f33e1fe9c0b,undefined FUN_180632af4(),ghidra,clean,
WHGame.dll,release_1_5_1164953_841,0x632b18,127,FUN_180632b18,,,c81a4c7cd7374f5be4da91fbbbf4930b2772e4260d02b0f578570b6edc77e4bd,undefined FUN_180632b18(),ghidra,clean,
WHGame.dll,release_1_5_1164953_841,0x632b98,52,FUN_180632b98,,,a10d1e44a0916bb7761b8dd920331df179bc712f5fdd8813ca07c4adbac7f5ea,undefined FUN_180632b98(),ghidra,clean,
WHGame.dll,release_1_5_1164953_841,0x632bcc,184,FUN_180632bcc,,,829c1b163b2717bd89bb6cbb1040e68960b5654e496a2b23d1931c290e29c9f0,undefined FUN_180632bcc(),ghidra,clean,
WHGame.dll,release_1_5_1164953_841,0x632c84,62,FUN_180632c84,,,d48045ac680622a2ee863c7499777cda8862edc1c2bc1aec8996bb3340c44fe3,undefined FUN_180632c84(),ghidra,clean,
WHGame.dll,release_1_5_1164953_841,0x632cb0,117,FUN_180632cb0,,,acdcc6793ce69e9d518d3575a38ae2f4d395f4cbbb3aef2f19b5b3d890e8882f,undefined FUN_180632cb0(),ghidra,clean,
WHGame.dll,release_1_5_1164953_841,0x632d28,58,FUN_180632d28,,,d6d2eb6b01c38636a645895352224ef352dadfc80676e0c9f86f3608ae9c5737,undefined FUN_180632d28(),ghidra,clean,
WHGame.dll,release_1_5_1164953_841,0x632d64,34,FUN_180632d64,,,0fd396c6d72e858c142a921eaba25825e2b05edfb0e28c6c103fd1b4ca3ab09f,undefined FUN_180632d64(),ghidra,clean,
WHGame.dll,release_1_5_1164953_841,0x632d88,83,FUN_180632d88,,,15fda874df13923475dd041679d9aaa0e0e59802fe38bed6b5828665eae5b2fe,undefined FUN_180632d88(),ghidra,clean,
WHGame.dll,release_1_5_1164953_841,0x632ddc,44,FUN_180632ddc,,,cab9896a7d226c62a6384ff3f2d0297a33c64978416ca51fd0e4db90f49dcda2,undefined FUN_180632ddc(),ghidra,clean,
WHGame.dll,release_1_5_1164953_841,0x632e08,168,FUN_180632e08,,,4fec9ac3021faf84a589165a6e38c77354243ac8889004742ae54fd1c8bbc17b,undefined FUN_180632e08(),ghidra,clean,
WHGame.dll,release_1_5_1164953_841,0x632eb0,106,FUN_180632eb0,,,c353f26ae117189f70977582fbd4f9a50da9f1e9ef7aa74b9c501efeb157e018,undefined FUN_180632eb0(),ghidra,clean,
WHGame.dll,release_1_5_1164953_841,0x632f1c,210,FUN_180632f1c,,,bd1df84045fc2091da288f03cc68f8e54c6fa05590c4064a05cd3c73b34bb880,undefined FUN_180632f1c(),ghidra,clean,
WHGame.dll,release_1_5_1164953_841,0x632ff0,50,FUN_180632ff0,,,f30d4ca3cfc51f70c5030c79e4c3ba4e6f96de1d7cfab1188a90dfe7e5acc05f,undefined FUN_180632ff0(),ghidra,clean,
WHGame.dll,release_1_5_1164953_841,0x633024,160,FUN_180633024,,,ec6682fe601675a01a583b964b20c6622e36fa4eda5832d44301c189c5481e09,undefined FUN_180633024(),ghidra,clean,
WHGame.dll,release_1_5_1164953_841,0x6330c4,52,FUN_1806330c4,,,5388c3169c7990fc3d36d8e9fcc7d78d2028154531957954f32bfd040021555e,undefined FUN_1806330c4(),ghidra,clean,
WHGame.dll,release_1_5_1164953_841,0x6330f8,162,FUN_1806330f8,,,cfa5767dfc03f7b2e7d857d469307cca431d015df0e3c30baf8ca5a51a02a064,undefined FUN_1806330f8(),ghidra,clean,
WHGame.dll,release_1_5_1164953_841,0x63319c,771,FUN_18063319c,,,ba464c8a6dd0efb5680af201d145a68917e18f129a9f1fa055c376bbcbcb1182,undefined FUN_18063319c(),ghidra,clean,
WHGame.dll,release_1_5_1164953_841,0x6334a0,44,FUN_1806334a0,,,f0d473f9602fc7a88aba05b94bed9edd564c043a486e167271916e05962678ac,undefined FUN_1806334a0(),ghidra,clean,
WHGame.dll,release_1_5_1164953_841,0x6334cc,163,FUN_1806334cc,,,321e9f3113235930f2aa1bdf892c69f6181951883089546de3140422f1f903de,undefined FUN_1806334cc(),ghidra,clean,
WHGame.dll,release_1_5_1164953_841,0x633570,76,FUN_180633570,,,2e481e6dbebd682db7c174bc0ea5535e7fe10576b6a0a976936eac8d0c16060c,undefined FUN_180633570(),ghidra,clean,
WHGame.dll,release_1_5_1164953_841,0x6335ac,135,FUN_1806335ac,,,5f50c010145bdb1964a44c478618e7f8c254d8c9c17073e6ccc5c04468741522,undefined FUN_1806335ac(),ghidra,clean,
WHGame.dll,release_1_5_1164953_841,0x633634,34,FUN_180633634,,,ba8911cacfbae4961ebf5d25156f60b685afbe2081807bd75a1f192a2be5f8db,undefined FUN_180633634(),ghidra,clean,
WHGame.dll,release_1_5_1164953_841,0x633658,27,FUN_180633658,,,43ae723596df2e0914f95f7ba020c55d250440e81a1ff6b2d9ae007be1e5fcd5,undefined FUN_180633658(),ghidra,clean,
WHGame.dll,release_1_5_1164953_841,0x633674,62,FUN_180633674,,,5fc0693f94eb68030e361249c7dfed81a98007914e4f227996ef21afd04b379d,undefined FUN_180633674(),ghidra,clean,
WHGame.dll,release_1_5_1164953_841,0x6336a0,50,FUN_1806336a0,,,8b121a9366e9e9baa5f7e8e1138b9eae03d5d5059acb419497253ad8b02d20f6,undefined FUN_1806336a0(),ghidra,clean,
WHGame.dll,release_1_5_1164953_841,0x6336d4,45,FUN_1806336d4,,,97d632e9782ac11f3eadc0617f8882f253b7fb57b584f46c95ec3e3dbf48885d,undefined FUN_1806336d4(),ghidra,clean,
WHGame.dll,release_1_5_1164953_841,0x633704,40,FUN_180633704,,,883cc32c3e2de7f3be3034fb462c8b47d5aa496cbdbb7f4a028804f2b5782a16,undefined FUN_180633704(),ghidra,clean,
WHGame.dll,release_1_5_1164953_841,0x63372c,25,FUN_18063372c,,,a365242ffe61d75be290d4a0585e0411063aab6e239fe21bfea1af2c78f59fd6,undefined FUN_18063372c(),ghidra,clean,
WHGame.dll,release_1_5_1164953_841,0x633748,93,FUN_180633748,,,a8f6ec627310b11fa6ba5aebd51a17a54591b7fb17cf86aa299643cc6fc5a71c,undefined FUN_180633748(),ghidra,clean,
WHGame.dll,release_1_5_1164953_841,0x6337a8,74,FUN_1806337a8,,,703f0f2a6e052de59013ecf68491deb64a4f31f1cf30d29964b01311e6fe4d2d,undefined FUN_1806337a8(),ghidra,clean,
WHGame.dll,release_1_5_1164953_841,0x6337e0,137,FUN_1806337e0,,,7ec69fc840b986621ab2d7bf5b317a7e31cf0d12a8bfab8053d885eb9ae28203,undefined FUN_1806337e0(),ghidra,clean,
WHGame.dll,release_1_5_1164953_841,0x63386c,52,FUN_18063386c,,,e6a1bf4cc0363e44666d4e0873d8460f6725a6facb78b015aa4296705f59f958,undefined FUN_18063386c(),ghidra,clean,
WHGame.dll,release_1_5_1164953_841,0x6338a0,70,FUN_1806338a0,,,9225e452ca224fde28f60b462d831d3689ed916deb44dd6e5c48c73e97cc091d,undefined FUN_1806338a0(),ghidra,clean,
WHGame.dll,release_1_5_1164953_841,0x6338e8,117,FUN_1806338e8,,,dbf8b53897652a0d0dc170ad0c7c9b8fdf461915acd3c0d902fc726c1663d844,undefined FUN_1806338e8(),ghidra,clean,
WHGame.dll,release_1_5_1164953_841,0x633960,66,FUN_180633960,,,09cc445b9e07ac7b9751e939d65fcf4b65d88fa1954e638b4c238ae31a98000d,undefined FUN_180633960(),ghidra,clean,
WHGame.dll,release_1_5_1164953_841,0x6339a8,25,FUN_1806339a8,,,7757529411bead304e30d93e08540c4f31e2c39b99e9f0f87b4eceb912efe074,undefined FUN_1806339a8(),ghidra,clean,
WHGame.dll,release_1_5_1164953_841,0x6339c4,87,FUN_1806339c4,,,731f76374fbfbe8f78f8c6e846231051c16028b866beac9ff1c25bb51fe485ac,undefined FUN_1806339c4(),ghidra,clean,
WHGame.dll,release_1_5_1164953_841,0x633a1c,25,FUN_180633a1c,,,18a07bc041aca3e2e267df309884c273e48c45b07afb6bb9302f67ea89f572de,undefined FUN_180633a1c(),ghidra,clean,
WHGame.dll,release_1_5_1164953_841,0x633a38,97,FUN_180633a38,,,64b29b7d7fb589085f4f97ddeaba8ed08255cf46a9b8f5915fc7b93ccd3ce6c2,undefined FUN_180633a38(),ghidra,clean,
WHGame.dll,release_1_5_1164953_841,0x633a9c,61,FUN_180633a9c,,,acac8708850fcf50a69be4804602a76fdd5471452f803d13f95457196f6ccc1f,undefined FUN_180633a9c(),ghidra,clean,
WHGame.dll,release_1_5_1164953_841,0x633adc,62,FUN_180633adc,,,7bbc11ce001ffcf847b0d3cf543b3f87b2323d6eaa7ccdb0b6d77aea760b19a0,undefined FUN_180633adc(),ghidra,clean,
WHGame.dll,release_1_5_1164953_841,0x633b08,60,FUN_180633b08,,,162065499f095d874c5592bfb6b0db50b998f7430cbe998df88c2c9c0a9d2c54,undefined FUN_180633b08(),ghidra,clean,
WHGame.dll,release_1_5_1164953_841,0x633b44,195,FUN_180633b44,,,2b2f764258aa3e2b548cd307d55800de3d5ae72e7608c34fc563ffc8f6dec30a,undefined FUN_180633b44(),ghidra,clean,
WHGame.dll,release_1_5_1164953_841,0x633c08,99,FUN_180633c08,,,0451b5f013a30b10fe1bd872d96e4c0dc50536edc8abfe4c71ea6ea007429158,undefined FUN_180633c08(),ghidra,clean,
WHGame.dll,release_1_5_1164953_841,0x633c6c,108,FUN_180633c6c,,,18dbe7f68a9b4138197dbb91ebed0e8f21bea21bdd9fbf57a4e4827bde1261b1,undefined FUN_180633c6c(),ghidra,clean,
WHGame.dll,release_1_5_1164953_841,0x633cd8,70,FUN_180633cd8,,,ae19f5a87a486259ad3cf43dfdf43adf4bbff6dc4dc60d2a810a41067719a772,undefined FUN_180633cd8(),ghidra,clean,
WHGame.dll,release_1_5_1164953_841,0x633d20,461,FUN_180633d20,,,c2cd1b091cff569b8590369a850287e2937532087fb952b9163ddbb4ac0f1760,undefined FUN_180633d20(),ghidra,clean,
WHGame.dll,release_1_5_1164953_841,0x633ef0,99,FUN_180633ef0,,,c83b15ca5df518d83b87009ac0b89fd2bd5aa5421cf3df614db5c2ea13353fda,undefined FUN_180633ef0(),ghidra,clean,
WHGame.dll,release_1_5_1164953_841,0x633f54,623,FUN_180633f54,,,074402e92d7d65423364c9582bbe8bc0eda92bf0fec6a30332fada65aa0260ef,undefined FUN_180633f54(),ghidra,clean,
WHGame.dll,release_1_5_1164953_841,0x6341c4,27,FUN_1806341c4,,,88a94c3c22e02c349f18635172529a8841d85919e7eb0777602612fd2de70ecc,undefined FUN_1806341c4(),ghidra,clean,
WHGame.dll,release_1_5_1164953_841,0x6341e0,258,FUN_1806341e0,,,ec066425a5c52654a89c8a215e85f1a2344ad846ac732eed47fc0d33874994d7,undefined FUN_1806341e0(),ghidra,clean,
WHGame.dll,release_1_5_1164953_841,0x6342e4,83,FUN_1806342e4,,,ff250ca230d70f296548557f51a3d0e8a5c3a1d262a5f8166013516fc623ac9d,undefined FUN_1806342e4(),ghidra,clean,
WHGame.dll,release_1_5_1164953_841,0x634338,34,FUN_180634338,,,98423834cdc9ac5c0f79c46015a1cb2286c156e59d649c7c0b6f108648c4751c,undefined FUN_180634338(),ghidra,clean,
WHGame.dll,release_1_5_1164953_841,0x63435c,357,FUN_18063435c,,,61a6117c37a1e72bd1ea68643277fe67daae2471ef1818668ef4872dc3547566,undefined FUN_18063435c(),ghidra,clean,
WHGame.dll,release_1_5_1164953_841,0x634460,309,FUN_180634460,,,baab624ff6b129ea4ba65f4955a896c8efba23f97c3535ca51d72b5bff56976f,undefined FUN_180634460(),ghidra,clean,
WHGame.dll,release_1_5_1164953_841,0x634598,38,FUN_180634598,,,7bdb40f673a3408950ec6a9c910bfcbc190f9cc3e3eea42cb736e8ebe76e87f6,undefined FUN_180634598(),ghidra,clean,
WHGame.dll,release_1_5_1164953_841,0x6345c0,5,thunk_FUN_180635a38,,,fe8a137da4a71e0224570455245a1e1d5235c9975e70506028e5b8b26df24ee7,undefined thunk_FUN_180635a38(),ghidra,clean,
WHGame.dll,release_1_5_1164953_841,0x6345c8,38,FUN_1806345c8,,,ff5d5b884dd8f93a93791e5e1293b6990abc6a26330135010321f15f90a17e04,undefined FUN_1806345c8(),ghidra,clean,
WHGame.dll,release_1_5_1164953_841,0x6345f0,115,FUN_1806345f0,,,7641c862d302262bb1f7945b00f3a5422b7e4ce4c49a093f1b9ad2788b461c25,undefined FUN_1806345f0(),ghidra,clean,
WHGame.dll,release_1_5_1164953_841,0x634664,49,FUN_180634664,,,b0695ef527a582c198edfb4c7bb7695cf152bb5e08b860e6b63fb20fc2bd0be6,undefined FUN_180634664(),ghidra,clean,
WHGame.dll,release_1_5_1164953_841,0x634698,111,FUN_180634698,,,852dfa73d4fe52a22c32f8c9cf74827e78e301fc07cb8e8c9e3c3598ad3f4a02,undefined FUN_180634698(),ghidra,clean,
WHGame.dll,release_1_5_1164953_841,0x634708,535,FUN_180634708,,,31c7a121679cc28e0fd45f6fb49a26589014bbaa567fd56c20b0c5775cce9ff0,undefined FUN_180634708(),ghidra,clean,
WHGame.dll,release_1_5_1164953_841,0x634920,246,FUN_180634920,,,d9a3da40a19e55f646d097139d4a1c83645ba94e951577ab690bccd16464cd42,undefined FUN_180634920(),ghidra,clean,
WHGame.dll,release_1_5_1164953_841,0x634a18,91,FUN_180634a18,,,2d9e34976be09612727d381baa9a556850ff570b3731052cbb2b3693b2084408,undefined FUN_180634a18(),ghidra,clean,
WHGame.dll,release_1_5_1164953_841,0x634a74,118,FUN_180634a74,,,3fc11a42af0a9a39aa1a92d7e4193ff7a6805366397432de90150e82de3152c9,undefined FUN_180634a74(),ghidra,clean,
WHGame.dll,release_1_5_1164953_841,0x634aec,416,FUN_180634aec,,,ae6176cb5919d6a088ce813b99604075bdc2ac59cd91c482a57ce8f91cd1c6db,undefined FUN_180634aec(),ghidra,clean,
WHGame.dll,release_1_5_1164953_841,0x634c8c,65,FUN_180634c8c,,,915fd53be1d74d661315f117b3575ecf9c678adfce8040a3ded30e9041ad291a,undefined FUN_180634c8c(),ghidra,clean,
WHGame.dll,release_1_5_1164953_841,0x634cd0,190,FUN_180634cd0,,,d6325c4bbb1288b79bd05d2e4828c8d2f61233f12654f7f157ec333b1623b22b,undefined FUN_180634cd0(),ghidra,clean,
WHGame.dll,release_1_5_1164953_841,0x634d90,100,FUN_180634d90,,,aa53e509a28ca14da542a4242cd559fac0549fdc34c681b01de87e4b434ddea5,undefined FUN_180634d90(),ghidra,clean,
WHGame.dll,release_1_5_1164953_841,0x634df4,93,FUN_180634df4,,,699cc7d25cfe5b1d69b99a22c4993771ebc8e2887fd3f3a921b0dce2c84fbdd2,undefined FUN_180634df4(),ghidra,clean,
WHGame.dll,release_1_5_1164953_841,0x634e54,74,FUN_180634e54,,,0c8879758286a0f4be54909111de23150f16f11e2d9156725e029fc4ee6c6a34,undefined FUN_180634e54(),ghidra,clean,
WHGame.dll,release_1_5_1164953_841,0x634e90,162,FUN_180634e90,,,5978bb2ac27abf820015e9cb25c493d4176b072af5033f789502949d1defd0c1,undefined FUN_180634e90(),ghidra,clean,
WHGame.dll,release_1_5_1164953_841,0x634f34,47,FUN_180634f34,,,77b3db77413af5ea10a2a651ed3ebc57c73c2a66ecfb50461c53582d397b149c,undefined FUN_180634f34(),ghidra,clean,
WHGame.dll,release_1_5_1164953_841,0x634f64,106,FUN_180634f64,,,81532598b09659003974b1f203d37c5fafdff4ce7446f422c2c2b31de148bd6c,undefined FUN_180634f64(),ghidra,clean,
WHGame.dll,release_1_5_1164953_841,0x634fd0,182,FUN_180634fd0,,,89ec7f60491f1f843cac45c08ffd989eefa6261520153a6d6a1dee2bbc90e03a,undefined FUN_180634fd0(),ghidra,clean,
WHGame.dll,release_1_5_1164953_841,0x635088,47,FUN_180635088,,,af99abdbafd8637dc75810c6821e8412a8850b370befaefe73d0844bc20a64cf,undefined FUN_180635088(),ghidra,clean,
WHGame.dll,release_1_5_1164953_841,0x6350b8,132,FUN_1806350b8,,,4999f94f015e3fb6d3e300898d801c683e23373641b181170b867a638af3dbf6,undefined FUN_1806350b8(),ghidra,clean,
WHGame.dll,release_1_5_1164953_841,0x635118,27,FUN_180635118,,,f9e3a5488a4fbc7742154e29e7bd942f14fb4d3ef340c969c90d76efc07abfc7,undefined FUN_180635118(),ghidra,clean,
WHGame.dll,release_1_5_1164953_841,0x635134,353,FUN_180635134,,,e1c6cfbda5fea56ecd30facca7ce7572fd1333ab2bf2f88fe63b13935846e411,undefined FUN_180635134(),ghidra,clean,
WHGame.dll,release_1_5_1164953_841,0x635298,95,FUN_180635298,,,e3106b029b47d1368f64cbc558231c2255646b3da50a5c36b1216aabff4fa0af,undefined FUN_180635298(),ghidra,clean,
WHGame.dll,release_1_5_1164953_841,0x6352f8,48,FUN_1806352f8,,,89a9cc60dbf2e09847e5e40fffbfe45ab09c98fabd3d8844a9958fa97fed829d,undefined FUN_1806352f8(),ghidra,clean,
WHGame.dll,release_1_5_1164953_841,0x635328,24,FUN_180635328,,,611cb58b88b34fc92399f363af470dcc79d96073796fe30b4d75c7413b342580,undefined FUN_180635328(),ghidra,clean,
WHGame.dll,release_1_5_1164953_841,0x635340,71,FUN_180635340,,,ce72bd020df89baae8925affa7461fc797b246d0d956f53479843024a66ad5aa,undefined FUN_180635340(),ghidra,clean,
WHGame.dll,release_1_5_1164953_841,0x635388,88,FUN_180635388,,,53e18cf8811b5f47b1af5a6f29dc9121b61444c872a5c7d14d5df2bf7a44e69c,undefined FUN_180635388(),ghidra,clean,
WHGame.dll,release_1_5_1164953_841,0x6353e0,285,FUN_1806353e0,,,5d1832a54a72f25e3f281eecde3c28e3b429228b2509eb37e93779f5b8d8e567,undefined FUN_1806353e0(),ghidra,clean,
WHGame.dll,release_1_5_1164953_841,0x635480,129,FUN_180635480,,,a603a2d644fc1aacf3288042d84862228a72f29187a1e516ef762cb4162582f3,undefined FUN_180635480(),ghidra,clean,
WHGame.dll,release_1_5_1164953_841,0x635504,161,FUN_180635504,,,986c37c396ea77eaf19db13b8bb03685669830b709db326e5a867a1fb96d8707,undefined FUN_180635504(),ghidra,clean,
WHGame.dll,release_1_5_1164953_841,0x6355a8,139,FUN_1806355a8,,,b6ab10a88146601a65da3f2b57c80f79a14a79c0ab1405ac393fa12b71e07674,undefined FUN_1806355a8(),ghidra,clean,
WHGame.dll,release_1_5_1164953_841,0x635634,175,FUN_180635634,,,d91172437f6c15f0740f50c82dd7f1e9fd62f495b4d6a2dbcf2d67d7f4129894,undefined FUN_180635634(),ghidra,clean,
WHGame.dll,release_1_5_1164953_841,0x6356e4,203,FUN_1806356e4,,,4960b5dc925c42a186f4d6765fb6154a26ababb611ead771c0524601269c942f,undefined FUN_1806356e4(),ghidra,clean,
WHGame.dll,release_1_5_1164953_841,0x6357b0,25,FUN_1806357b0,,,eff5863ffd83b6b40c7c4b04e8f92cdf98b234c438972f42382c528a40ffb841,undefined FUN_1806357b0(),ghidra,clean,
WHGame.dll,release_1_5_1164953_841,0x6357cc,229,FUN_1806357cc,,,055468cbb2ac7a59afa2c8e6c2f5c00f1f6e63b5688877eae6cfc7c6278e4737,undefined FUN_1806357cc(),ghidra,clean,
WHGame.dll,release_1_5_1164953_841,0x6358b4,34,FUN_1806358b4,,,4582d64f1a99363f9399d6267f91699890b9920f7049dee10f4de108fb96ba3b,undefined FUN_1806358b4(),ghidra,clean,
WHGame.dll,release_1_5_1164953_841,0x6358d8,122,FUN_1806358d8,,,61abd089550ad0f00c8eb2927487c324371b65817d984b2487a885633d54210c,undefined FUN_1806358d8(),ghidra,clean,
WHGame.dll,release_1_5_1164953_841,0x635954,155,FUN_180635954,,,925f36544423bc8a38879f11cb2b9fb234ec5f23a135bb9bbccc863bb9a220e0,undefined FUN_180635954(),ghidra,clean,
WHGame.dll,release_1_5_1164953_841,0x6359f0,72,FUN_1806359f0,,,a521b1b5b547124c94f37f4762b8098b0360a81deafd2f024b4e93473daf2c84,undefined FUN_1806359f0(),ghidra,clean,
WHGame.dll,release_1_5_1164953_841,0x635a38,103,FUN_180635a38,,,c4e3334bcdaa7791f74a47bdf66999c3ee7e744c9f1f26aedcc5275663686464,undefined FUN_180635a38(),ghidra,clean,
WHGame.dll,release_1_5_1164953_841,0x635aa0,9,FUN_180635aa0,,,e9998ccf85a032b75d9d019bc744a6fb0767e4a305c42ce34d168b2313946435,undefined FUN_180635aa0(),ghidra,clean,
WHGame.dll,release_1_5_1164953_841,0x635aac,25,FUN_180635aac,,,31f5f822992a94e868e74ea2c2693422eb2123c77505bde3cdf8ceae6b355c57,undefined FUN_180635aac(),ghidra,clean,
WHGame.dll,release_1_5_1164953_841,0x635ac8,148,FUN_180635ac8,,,b16f2f1402b63f0ba6420560393b2322f82aca42aec15fa832f353ab81f8e826,undefined FUN_180635ac8(),ghidra,clean,
WHGame.dll,release_1_5_1164953_841,0x635b4c,347,FUN_180635b4c,,,f3ed3ccd572e64b29fa28366df013583930d9c4bfa92eb0be846ceaae0b59a48,undefined FUN_180635b4c(),ghidra,clean,
WHGame.dll,release_1_5_1164953_841,0x635ca8,122,FUN_180635ca8,,,7d950cdded05e1545860e85530b50a4fdc2562c382c590a15a8c12275142bfd0,undefined FUN_180635ca8(),ghidra,clean,
WHGame.dll,release_1_5_1164953_841,0x635d24,11,FUN_180635d24,,,8c2d2047b3c925ae052475c49ce635e6f14679033ab18e405857461b4ce70e55,undefined FUN_180635d24(),ghidra,clean,
WHGame.dll,release_1_5_1164953_841,0x635d30,106,FUN_180635d30,,,66728324fd1be249c338d51f626bdd10215135579eaae0c7ca2290c0a9657571,undefined FUN_180635d30(),ghidra,clean,
WHGame.dll,release_1_5_1164953_841,0x635d9c,71,FUN_180635d9c,,,a6998b7f5edd29707c021604c32187098d5ed06c59d98f9ed581bb0248887ad8,undefined FUN_180635d9c(),ghidra,clean,
WHGame.dll,release_1_5_1164953_841,0x635dd8,98,FUN_180635dd8,,,d03025d0e59541109a4149571d627b0fe436b57cdc7c1c58a91082d3e53df50f,undefined FUN_180635dd8(),ghidra,clean,
WHGame.dll,release_1_5_1164953_841,0x635e3c,75,FUN_180635e3c,,,c1c549a265c6ae5cd873b196f28d9cf0fe06f9f11a56e3e852c94d53b4b0a185,undefined FUN_180635e3c(),ghidra,clean,
WHGame.dll,release_1_5_1164953_841,0x635e88,463,FUN_180635e88,,,02ad0bc8f96c5aea499871b9a5d77ef3157d12c3b57acf3bb1233d910f82d21d,undefined FUN_180635e88(),ghidra,clean,
WHGame.dll,release_1_5_1164953_841,0x636058,552,FUN_180636058,,,b6d102d298214e8874e9f038db4d92033836eb488af04c40e7104381863cca21,undefined FUN_180636058(),ghidra,clean,
WHGame.dll,release_1_5_1164953_841,0x636280,33,FUN_180636280,,,11544a524430430281fd346ab60950ab057084cde8650bb08b619057ad128ef1,undefined FUN_180636280(),ghidra,clean,
WHGame.dll,release_1_5_1164953_841,0x6362a4,735,FUN_1806362a4,,,9f691798d4c47f0276fabc9ccf87bfad0fb573482fce6f7184339090ca106ee9,undefined FUN_1806362a4(),ghidra,clean,
WHGame.dll,release_1_5_1164953_841,0x636590,13,FUN_180636590,,,564d57520e74ad9a7b256581a96a6b4f4ab32529616eae925be6da8e76d3de63,undefined FUN_180636590(),ghidra,clean,
WHGame.dll,release_1_5_1164953_841,0x6365a0,892,FUN_1806365a0,,,48f852325726b665427841524b74cbd7884faa4281aaff683cf66ca19b963a7a,undefined FUN_1806365a0(),ghidra,clean,
WHGame.dll,release_1_5_1164953_841,0x63691c,164,FUN_18063691c,,,386d6e3b3fc426685fe4c3589fb1a21491b419e814a8747418f3b5404eed30da,undefined FUN_18063691c(),ghidra,clean,
WHGame.dll,release_1_5_1164953_841,0x6369c0,121,FUN_1806369c0,,,09aee4aa3b6ba3ce581a06df908e22d517abfd09c1d6c4c2cc874ea25f709440,undefined FUN_1806369c0(),ghidra,clean,
WHGame.dll,release_1_5_1164953_841,0x636a3c,84,FUN_180636a3c,,,a47dd98979ca22a0cb7f78bd35831a257976e205b456cefd9ba6dbeb574867d8,undefined FUN_180636a3c(),ghidra,clean,
WHGame.dll,release_1_5_1164953_841,0x636a90,123,FUN_180636a90,,,6977bd91c8faf0eaf19902793cbde078cf8b8bdadfb86434449c5fa8fa704978,undefined FUN_180636a90(),ghidra,clean,
WHGame.dll,release_1_5_1164953_841,0x636b0c,118,FUN_180636b0c,,,46363ea0909cd2cc09ffc8682b107d21bf2a4b68b848b528a84f3fba145b6d86,undefined FUN_180636b0c(),ghidra,clean,
WHGame.dll,release_1_5_1164953_841,0x636b84,118,FUN_180636b84,,,b60019d2c61f08b96c65c07d8ed50ca41b44b2904885bd504d7d4d20c4c9cb4d,undefined FUN_180636b84(),ghidra,clean,
WHGame.dll,release_1_5_1164953_841,0x636bfc,377,FUN_180636bfc,,,588d82f8569a55121c90cbfe018dbc537add65bfcb0dd2102e9c4e0fcd1cd602,undefined FUN_180636bfc(),ghidra,clean,
WHGame.dll,release_1_5_1164953_841,0x636d78,40,FUN_180636d78,,,d3b4bf5ea1f9229b8b4a132b91b3e7f18d796b2a8c80ce3d1ac95a565bf99210,undefined FUN_180636d78(),ghidra,clean,
WHGame.dll,release_1_5_1164953_841,0x636da0,326,FUN_180636da0,,,73dd10492aa3d73ae4704042ee47db759b7890b44425c3af04d4e0a05ec41b0c,undefined FUN_180636da0(),ghidra,clean,
WHGame.dll,release_1_5_1164953_841,0x636ee8,11,FUN_180636ee8,,,b1e834ff0e4cb88a81815ca16bbce66f3a985c680603ad8d9373d0a570b7bd32,undefined FUN_180636ee8(),ghidra,clean,
WHGame.dll,release_1_5_1164953_841,0x636ef4,112,FUN_180636ef4,,,c4b4fbecf181b8d38edfeaaf07d6641141250dd1781b14c5072aba598f51360e,undefined FUN_180636ef4(),ghidra,clean,
WHGame.dll,release_1_5_1164953_841,0x636f4c,263,FUN_180636f4c,,,1587de6e5a80f0ece8bddf867f69f807acf416b06b081cfff30bc71cc6311d58,undefined FUN_180636f4c(),ghidra,clean,
WHGame.dll,release_1_5_1164953_841,0x637054,18,FUN_180637054,,,bd1cb1a878998d13498f76885dd08424443b605e9849d5770befd85bc61fe51b,undefined FUN_180637054(),ghidra,clean,
WHGame.dll,release_1_5_1164953_841,0x637068,226,FUN_180637068,,,487c6315ae67f903d297824c17f48dec7f247c40c4d5efbe6f907094a4d67c07,undefined FUN_180637068(),ghidra,clean,
WHGame.dll,release_1_5_1164953_841,0x63714c,417,FUN_18063714c,,,26f6601b7d6cf3644f0d337a03e9354caba98ccf950ffe1151164df53e3b1141,undefined FUN_18063714c(),ghidra,clean,
WHGame.dll,release_1_5_1164953_841,0x6372f0,94,FUN_1806372f0,,,c6e339896603c4fb05c857113a15199428dcefa74c4ef1b4197d91ae08883dab,undefined FUN_1806372f0(),ghidra,clean,
WHGame.dll,release_1_5_1164953_841,0x637350,41,FUN_180637350,,,4513d75ed7d034bdfe6ab0ca5ab026a2716f13fa3397ffb1357665718bfcd7b4,undefined FUN_180637350(),ghidra,clean,
WHGame.dll,release_1_5_1164953_841,0x637380,12,FUN_180637380,,,ebd73deedeac53431dd7ea738de41d682acacca1d4ad579af1932b28767a0c76,undefined FUN_180637380(),ghidra,clean,
WHGame.dll,release_1_5_1164953_841,0x63738c,46,FUN_18063738c,,,ea6688686c379e8df2ec60d0e3b196e41dcb03450ed59ad328dec4936f5ee203,undefined FUN_18063738c(),ghidra,clean,
WHGame.dll,release_1_5_1164953_841,0x6373bc,92,FUN_1806373bc,,,66cf825e98401481e0ce6248d7bc06710069072bc30be5aabb231c2ad6a1517e,undefined FUN_1806373bc(),ghidra,clean,
WHGame.dll,release_1_5_1164953_841,0x637418,28,FUN_180637418,,,939e07fa299c4ded56a2fa1497597bc3741fe9a5f80fdc15cc8a8b9d5e3cbf6c,undefined FUN_180637418(),ghidra,clean,
WHGame.dll,release_1_5_1164953_841,0x637434,20,FUN_180637434,,,aeae75de56b249273d9a8ddcca9b0187ca5d83a88db5c0ce9284c12470852860,undefined FUN_180637434(),ghidra,clean,
WHGame.dll,release_1_5_1164953_841,0x637448,150,FUN_180637448,,,bf4d79b59e5eb462b1d3aee89394eb828182d99a330311a408165e51f64d90ad,undefined FUN_180637448(),ghidra,clean,
WHGame.dll,release_1_5_1164953_841,0x6374e0,50,FUN_1806374e0,,,fdb340133655ff545f2e9ef675a95887c20f094b88fe682a7b8bc653cf56044c,undefined FUN_1806374e0(),ghidra,clean,
WHGame.dll,release_1_5_1164953_841,0x637500,296,FUN_180637500,,,e04e080050d66952f4f34362ccfe24f9ced3e815f088a7efbac51b3e5f66ae33,undefined FUN_180637500(),ghidra,clean,
WHGame.dll,release_1_5_1164953_841,0x637628,156,FUN_180637628,,,35531a95742fc5e12518e7e41d922df35ad4a793a2134519e6bf68b837db4f42,undefined FUN_180637628(),ghidra,clean,
WHGame.dll,release_1_5_1164953_841,0x6376c4,194,FUN_1806376c4,,,19b19c944c91d4bd99f1d4e7e3556c53497eb23fad90415d15b1af2306739d6f,undefined FUN_1806376c4(),ghidra,clean,
WHGame.dll,release_1_5_1164953_841,0x637788,255,FUN_180637788,,,8bf31d6f0657d743cb7e8129cd0f9029f72357d94ef1d15ca3f54d329b5a5ff9,undefined FUN_180637788(),ghidra,clean,
WHGame.dll,release_1_5_1164953_841,0x637884,251,FUN_180637884,,,f53c730250f2f4c51092196ba940a7fe6546d6196a086d86fff0a0c9a13f1547,undefined FUN_180637884(),ghidra,clean,
WHGame.dll,release_1_5_1164953_841,0x637970,45,FUN_180637970,,,533c9a5fcae952cba1130c277aa3eaf0301492922ba42552e58bde69d8127346,undefined FUN_180637970(),ghidra,clean,
WHGame.dll,release_1_5_1164953_841,0x637988,11,FUN_180637988,,,6123e40ab58c7d42ce7aad7c379b66fe2549c3b1207ffabc04d9043592a75ef4,undefined FUN_180637988(),ghidra,clean,
WHGame.dll,release_1_5_1164953_841,0x637994,8,FUN_180637994,,,1c29f5a495055606c3ea26230c5534f8206e27bb5b10967329d269a78c308b9a,undefined FUN_180637994(),ghidra,clean,
WHGame.dll,release_1_5_1164953_841,0x63799c,318,FUN_18063799c,,,3c62080769cf04aca677629fefc2feed4c528e6031ab82e982dcf984e8d14bb1,undefined FUN_18063799c(),ghidra,clean,
WHGame.dll,release_1_5_1164953_841,0x637adc,9,FUN_180637adc,,,23a0c77a2572f92cef2c15ecd2228be53b525c5d17dc1f0cc416519ed95eb8b7,undefined FUN_180637adc(),ghidra,clean,
WHGame.dll,release_1_5_1164953_841,0x637ae8,23,FUN_180637ae8,,,46b98b9cf60d93135ed5b1f06e1806ce257a5878d006f34d2aea4928a3680115,undefined FUN_180637ae8(),ghidra,clean,
WHGame.dll,release_1_5_1164953_841,0x637b00,519,FUN_180637b00,,,ca4d8f76be4f53cde1ad8bfc4f1fb445e6236f9bda55fc6c3c03129c2a38e5ab,undefined FUN_180637b00(),ghidra,clean,
WHGame.dll,release_1_5_1164953_841,0x637d08,21,FUN_180637d08,,,b013f8438671583c4eee478f6d7599237cd1419f5aa36186fae27403669b5e4c,undefined FUN_180637d08(),ghidra,clean,
WHGame.dll,release_1_5_1164953_841,0x637d20,126,FUN_180637d20,,,9d8f19a963519443b432b2e38baab5fcca38d8ef89970ee4699bb94ba1a04332,undefined FUN_180637d20(),ghidra,clean,
WHGame.dll,release_1_5_1164953_841,0x637da0,15,FUN_180637da0,,,905aa3009657374f91cfc2e7007166609e03afa8fca8405931cea479c4608e0b,undefined FUN_180637da0(),ghidra,clean,
WHGame.dll,release_1_5_1164953_841,0x637db0,22,FUN_180637db0,,,343f628c716ffdfd09a66c3496311b912085a805fb6820af5c59b1c63c3c13f3,undefined FUN_180637db0(),ghidra,clean,
WHGame.dll,release_1_5_1164953_841,0x637dc8,39,FUN_180637dc8,,,0669f60f865148f15ca9af3f4d858ef4196f24ff8ceee4e94d0ad7d80e9edcd4,undefined FUN_180637dc8(),ghidra,clean,
WHGame.dll,release_1_5_1164953_841,0x637df0,35,FUN_180637df0,,,47b51efcace56a31f4caf673bc068dd01d69d24fa48dc77476b55baff58928de,undefined FUN_180637df0(),ghidra,clean,
WHGame.dll,release_1_5_1164953_841,0x637e14,184,FUN_180637e14,,,da02caafb096dc97a522061a4f00aac5ec57164c75b4ea0a43e52fcf967a87df,undefined FUN_180637e14(),ghidra,clean,
WHGame.dll,release_1_5_1164953_841,0x637ea8,179,FUN_180637ea8,,,2c94db53c354e783f926671de759c841f18331b99c2ec52b800a25c0a27c80cb,undefined FUN_180637ea8(),ghidra,clean,
WHGame.dll,release_1_5_1164953_841,0x637f40,60,FUN_180637f40,,,c0b6cf2eaa2085538ac8cf139b3c5c9886d3801adb98befea4c875dfb57e2735,undefined FUN_180637f40(),ghidra,clean,
WHGame.dll,release_1_5_1164953_841,0x637f5c,132,FUN_180637f5c,,,ecbfbadd82b0fdd1b860559003d9ada97af688af95c70a5d808c8946cef83e5c,undefined FUN_180637f5c(),ghidra,clean,
WHGame.dll,release_1_5_1164953_841,0x637fe0,262,FUN_180637fe0,,,1a49ac25d3d7f045574aef50196e11e9ad41b86c8d2f74c691a6dcc8f966467f,undefined FUN_180637fe0(),ghidra,clean,
WHGame.dll,release_1_5_1164953_841,0x6380e8,151,FUN_1806380e8,,,247b57e2b73a379ab5f8ef70b8ff1d7cd423b2b1c5c03bd00a8313107310459a,undefined FUN_1806380e8(),ghidra,clean,
WHGame.dll,release_1_5_1164953_841,0x638180,219,FUN_180638180,,,62737e4efcc7a8df44ec8b80358e237df9a97fe2e570b4f9c96037a63e3090d3,undefined FUN_180638180(),ghidra,clean,
WHGame.dll,release_1_5_1164953_841,0x63825c,54,FUN_18063825c,,,da78dd9f84353c4ecc21a7a1c91cddda662c514216147b8680e988a00514f451,undefined FUN_18063825c(),ghidra,clean,
WHGame.dll,release_1_5_1164953_841,0x638294,151,FUN_180638294,,,cc3644f90bbc04520089baab72c86f9858e652c53b62da2d01bb24a81fe78ead,undefined FUN_180638294(),ghidra,clean,
WHGame.dll,release_1_5_1164953_841,0x63832c,151,FUN_18063832c,,,34c8456fb358ab6088a4b189a77da6b23c619bea1a81228e5f58706c3d769efd,undefined FUN_18063832c(),ghidra,clean,
WHGame.dll,release_1_5_1164953_841,0x6383c4,138,FUN_1806383c4,,,6380dceee0ece188aaf2f2645ff0b29619ee3399622321e7e2f9e3e5bc9abb42,undefined FUN_1806383c4(),ghidra,clean,
WHGame.dll,release_1_5_1164953_841,0x638450,33,FUN_180638450,,,048701f4a8d4c3c711fafbec0f5d8e99397bafa47f88b7d801388b485fb9f83b,undefined FUN_180638450(),ghidra,clean,
WHGame.dll,release_1_5_1164953_841,0x638474,165,FUN_180638474,,,db368342be3792f92d15bc702dceedd9054eb575d51347b480eaa8d06ff925e0,undefined FUN_180638474(),ghidra,clean,
WHGame.dll,release_1_5_1164953_841,0x63851c,72,FUN_18063851c,,,f19601e7402cbcc2a2a6d103b89adee03b2bce8584925cfb61e98ad19a472d44,undefined FUN_18063851c(),ghidra,clean,
WHGame.dll,release_1_5_1164953_841,0x638564,12,FUN_180638564,,,939a2e85d76044f999561e6c1ca7ee221dc8c7ce420e8c9747d35ae69febf8c9,undefined FUN_180638564(),ghidra,clean,
WHGame.dll,release_1_5_1164953_841,0x638570,12,FUN_180638570,,,bbe4a06d2447195f3fdedc3312e66d317afff278759a5bbc2ed2d59d7dd02823,undefined FUN_180638570(),ghidra,clean,
WHGame.dll,release_1_5_1164953_841,0x63857c,23,FUN_18063857c,,,cd210ae2b7d018061a292098f8b315944074927f97cb1a4efd8d2cc351b9e46a,undefined FUN_18063857c(),ghidra,clean,
WHGame.dll,release_1_5_1164953_841,0x638594,253,FUN_180638594,,,bcbf918868bb27e46de8dd68da7de3b4315c45338ad5bff397873f06cb559daf,undefined FUN_180638594(),ghidra,clean,
WHGame.dll,release_1_5_1164953_841,0x638694,74,FUN_180638694,,,2094a9a694e3b31a23d375a3e4da174dada1204bf940db5abef9aed12ceeed08,undefined FUN_180638694(),ghidra,clean,
WHGame.dll,release_1_5_1164953_841,0x6386e0,5,FUN_1806386e0,,,8a9845837f74cc745fbd93a87c281aadaedea0e1accb465ccaaba0eb44af7900,undefined FUN_1806386e0(),ghidra,clean,
WHGame.dll,release_1_5_1164953_841,0x6386f0,10,FUN_1806386f0,,,71bb09d290afd4737594c8cef0007555a6fa1256e9bae906ec2ac09eaae4645a,undefined FUN_1806386f0(),ghidra,clean,
WHGame.dll,release_1_5_1164953_841,0x6386fc,36,FUN_1806386fc,,,7745a70fceaf139e2cd88c00a498336d88d336b0e387d9fb63173bdd3321ad08,undefined FUN_1806386fc(),ghidra,clean,
WHGame.dll,release_1_5_1164953_841,0x638720,50,FUN_180638720,,,2dc2cc4506663ddf93c0de440941ee17536d211fa8fae9f7a2f07c40235510ce,undefined FUN_180638720(),ghidra,clean,
WHGame.dll,release_1_5_1164953_841,0x638754,65,FUN_180638754,,,40d691bf62abf672cc5a89220bfbdc802f2c183b1691e28d2ce77a7fb9148d8f,undefined FUN_180638754(),ghidra,clean,
WHGame.dll,release_1_5_1164953_841,0x638798,15,FUN_180638798,,,6bb473a583ec9b9641a6f88c58ba36dea5272b26045e6d13f47faa16ac07343c,undefined FUN_180638798(),ghidra,clean,
WHGame.dll,release_1_5_1164953_841,0x6387a8,451,FUN_1806387a8,,,66f24957acd772595588c6b2f59e13bbc388586e53924e2f640a605e7e2c42ac,undefined FUN_1806387a8(),ghidra,clean,
WHGame.dll,release_1_5_1164953_841,0x63896c,97,FUN_18063896c,,,b9d281400089f4c1213b7bc84bf8899a081ba4e507bfbeb3f05265dade8a9485,undefined FUN_18063896c(),ghidra,clean,
WHGame.dll,release_1_5_1164953_841,0x6389d0,8,FUN_1806389d0,,,dbec92b3231dd96cc28bfed1a53521eecb0f7fec2686fb1b9108104540d6744c,undefined FUN_1806389d0(),ghidra,clean,
WHGame.dll,release_1_5_1164953_841,0x6389d8,33,FUN_1806389d8,,,c86d4b6230669b988c6e510db703ca5df53cb49fc318552c381d93e99f225dac,undefined FUN_1806389d8(),ghidra,clean,
WHGame.dll,release_1_5_1164953_841,0x6389fc,152,FUN_1806389fc,,,44b01bad1cfb1a9795a5e6ab1ee15d7207d55089d2133c78eab91a9f21025c9a,undefined FUN_1806389fc(),ghidra,clean,
WHGame.dll,release_1_5_1164953_841,0x638a94,219,FUN_180638a94,,,248332fded1c18dd47e5dba8f7d0028e31b7eec716506584de9688e305dd0228,undefined FUN_180638a94(),ghidra,clean,
WHGame.dll,release_1_5_1164953_841,0x638b70,130,FUN_180638b70,,,36c42564ee1dd096a2546dd47a9b46f05798defdd3a6d382f74c8684defcc3bb,undefined FUN_180638b70(),ghidra,clean,
WHGame.dll,release_1_5_1164953_841,0x638bf4,152,FUN_180638bf4,,,e55cc468a075e4cec8db0ee8098b656fcd326c464e2667fbe95b0e34cfbad9e1,undefined FUN_180638bf4(),ghidra,clean,
WHGame.dll,release_1_5_1164953_841,0x638c8c,34,FUN_180638c8c,,,429d8825a7c7004967064ca9b33f602069bdb924d4e0428be6d92880d6834b9e,undefined FUN_180638c8c(),ghidra,clean,
WHGame.dll,release_1_5_1164953_841,0x638cb0,168,FUN_180638cb0,,,1cb8988d82a710877bbab9c51e773261191dbead002ebaa16d6c259f9980f6a8,undefined FUN_180638cb0(),ghidra,clean,
WHGame.dll,release_1_5_1164953_841,0x638d48,181,FUN_180638d48,,,21bddc344d1e734e389821b62853dde2823ebd8dd5a46e02752e0f86231d5d84,undefined FUN_180638d48(),ghidra,clean,
WHGame.dll,release_1_5_1164953_841,0x638e00,232,FUN_180638e00,,,1f758251b8f5093224a597fa6473a0185b6d57223dbdffcf0c0df2a66f9a2566,undefined FUN_180638e00(),ghidra,clean,
WHGame.dll,release_1_5_1164953_841,0x638ee8,99,FUN_180638ee8,,,c3299254b37ed9d72511cb518c09f5f44643add22f2c7651e2a7649d6ba95c1c,undefined FUN_180638ee8(),ghidra,clean,
WHGame.dll,release_1_5_1164953_841,0x638f4c,41,FUN_180638f4c,,,afd14ca3cc13c33542f51b17b017fcd45e5501be215b002125bf692e2effe5ed,undefined FUN_180638f4c(),ghidra,clean,
WHGame.dll,release_1_5_1164953_841,0x638f78,161,FUN_180638f78,,,7c02b6ec4ac66071bfed868f6cf21a8fa248d0ac0e7862a6f2747685466fca13,undefined FUN_180638f78(),ghidra,clean,
WHGame.dll,release_1_5_1164953_841,0x63901c,55,FUN_18063901c,,,2a7f0939ad692720d4d84d745703dc630d7124a0b0ef4314fac678098fdb0bfc,undefined FUN_18063901c(),ghidra,clean,
WHGame.dll,release_1_5_1164953_841,0x639054,88,FUN_180639054,,,674d058ec0d43908c0d0835937fecd8a394974811e8df9120971558b8bbad92d,undefined FUN_180639054(),ghidra,clean,
WHGame.dll,release_1_5_1164953_841,0x6390b0,9,FUN_1806390b0,,,9b2f9c5ded62b4857751ce18e91891397b7c083b7065164be49a3f7cdd6bd2ba,undefined FUN_1806390b0(),ghidra,clean,
WHGame.dll,release_1_5_1164953_841,0x6390bc,148,FUN_1806390bc,,,683ed5c3d149ba5258240076916ee7c6926ff5489eea1c6dc9dd0387d9baeea9,undefined FUN_1806390bc(),ghidra,clean,
WHGame.dll,release_1_5_1164953_841,0x639150,74,FUN_180639150,,,07dd93fbd18f84dc3ae9851c7b7055766480fc73bf2d23a8362a2da1dd3d6d9e,undefined FUN_180639150(),ghidra,clean,
WHGame.dll,release_1_5_1164953_841,0x63919c,26,FUN_18063919c,,,33945f961f415b6db39fdb2c58127f938ef38a5185a144c08e73dd4ce41455a8,undefined FUN_18063919c(),ghidra,clean,
WHGame.dll,release_1_5_1164953_841,0x6391b8,43,FUN_1806391b8,,,57c13a3148eb74f941c22521ed3d7345275612cdcca4258d8ce994de03fe6d3e,undefined FUN_1806391b8(),ghidra,clean,
WHGame.dll,release_1_5_1164953_841,0x6391e4,174,FUN_1806391e4,,,ac048a2f6e2e53a6fc9a6f5614c800701670c1d72482c5786e066fa3281eea45,undefined FUN_1806391e4(),ghidra,clean,
WHGame.dll,release_1_5_1164953_841,0x639294,43,FUN_180639294,,,8857e79e8965de785850ccf383dec4814c8419d21fa3d47a2d61b0f95e5b9a81,undefined FUN_180639294(),ghidra,clean,
WHGame.dll,release_1_5_1164953_841,0x6392c0,27,FUN_1806392c0,,,ab0aa5c80bc4e947c3a036aae22da5659c7f54810e075fe24774a42f689ceb95,undefined FUN_1806392c0(),ghidra,clean,
WHGame.dll,release_1_5_1164953_841,0x6392dc,87,FUN_1806392dc,,,9fbe91f09442eaf1224b8fed6431dfc43c08a6a3b016d3513d2915b9da428004,undefined FUN_1806392dc(),ghidra,clean,
WHGame.dll,release_1_5_1164953_841,0x639320,652,FUN_180639320,,,27113b6913e075574ad755cb7f90c597751ada9ca4e4150f4a3864bdeeba79cf,undefined FUN_180639320(),ghidra,clean,
WHGame.dll,release_1_5_1164953_841,0x6394d8,92,FUN_1806394d8,,,b74219b9e783e969da1b03a51dd0a9f3e2755444425f68f07fd659132a2e37e9,undefined FUN_1806394d8(),ghidra,clean,
WHGame.dll,release_1_5_1164953_841,0x639534,85,FUN_180639534,,,fced4f18883bee08765b2cdaa5831e70cb6bd48a4aaaa835853cb87e6e52b5c9,undefined FUN_180639534(),ghidra,clean,
WHGame.dll,release_1_5_1164953_841,0x63958c,12,FUN_18063958c,,,ee9f5d66b82dce2dffa67d2588378927e2e6a77edfaaff50cbb9f76ba7f8d264,undefined FUN_18063958c(),ghidra,clean,
WHGame.dll,release_1_5_1164953_841,0x639598,451,FUN_180639598,,,1be3e88676bb0379370f6c1c09ceaadbef68e1d0d440b786bd94c6a9dc3effa0,undefined FUN_180639598(),ghidra,clean,
WHGame.dll,release_1_5_1164953_841,0x639740,143,FUN_180639740,,,e56e969a9f99e239fb8cbe632f144b617df292ddeee5505503cdc57e05406a13,undefined FUN_180639740(),ghidra,clean,
WHGame.dll,release_1_5_1164953_841,0x6397d0,132,FUN_1806397d0,,,d1c44a88fbb765e27df6885262fc389851b3ac86e3544a06559ac6d81d857f33,undefined FUN_1806397d0(),ghidra,clean,
WHGame.dll,release_1_5_1164953_841,0x639854,189,FUN_180639854,,,356f2cf87d1a4a7c990f81c8c190d28eebdb91f97adf085cbb3795996a95d6b7,undefined FUN_180639854(),ghidra,clean,
WHGame.dll,release_1_5_1164953_841,0x639914,136,FUN_180639914,,,7c74a58d66ab40e86d05ae66873485c01e3d3bf053a132a4100979459dfde56f,undefined FUN_180639914(),ghidra,clean,
WHGame.dll,release_1_5_1164953_841,0x63999c,268,FUN_18063999c,,,c6769c157821fa1fe7eed24aee276acd5f1c5862b2ee531e9aa78181b3ca6448,undefined FUN_18063999c(),ghidra,clean,
WHGame.dll,release_1_5_1164953_841,0x639aa8,366,FUN_180639aa8,,,66dfac103dbdd96ae8452496ae0a3429d57c63822a9438fc39d5009e79a3e2d5,undefined FUN_180639aa8(),ghidra,clean,
WHGame.dll,release_1_5_1164953_841,0x639c18,58,FUN_180639c18,,,bd5a07c7eeb50ec94b3515de49777acb073285964093c0afc5d3b9e8171a2d29,undefined FUN_180639c18(),ghidra,clean,
WHGame.dll,release_1_5_1164953_841,0x639c54,9,FUN_180639c54,,,8dec5bf173d4c6498aecd42290a309e7c56813bff0c3a1180119045fdee5123e,undefined FUN_180639c54(),ghidra,clean,
WHGame.dll,release_1_5_1164953_841,0x639c60,24,FUN_180639c60,,,49a34118dbb916c069ea32f5a364da739ef8dd83277b4027395c75359728d1b4,undefined FUN_180639c60(),ghidra,clean,
WHGame.dll,release_1_5_1164953_841,0x639c78,121,FUN_180639c78,,,4994882f304c5be8c43d84742d8e0514545bf7beff0bd6d4d52fcae431c8c390,undefined FUN_180639c78(),ghidra,clean,
WHGame.dll,release_1_5_1164953_841,0x639cf4,116,FUN_180639cf4,,,d12b7e436ffa7875d142778c482c9ce26d3432db81d147fa1d6a6bb1633711ff,undefined FUN_180639cf4(),ghidra,clean,
WHGame.dll,release_1_5_1164953_841,0x639d68,273,FUN_180639d68,,,e40e047d74cf7a3eaf947116d7530f6b2d1c5838e876be8aa82d3b3f7de5dc75,undefined FUN_180639d68(),ghidra,clean,
WHGame.dll,release_1_5_1164953_841,0x639e7c,142,FUN_180639e7c,,,ac5ae8cae7abce940cbe644dc17ef43275e6d2d719f40955effefb85a0afda42,undefined FUN_180639e7c(),ghidra,clean,
WHGame.dll,release_1_5_1164953_841,0x639f0c,25,FUN_180639f0c,,,d60b782b32615af9538e81009f75304efcbb9fa7bef0041740e73b7bdef57268,undefined FUN_180639f0c(),ghidra,clean,
WHGame.dll,release_1_5_1164953_841,0x639f28,75,FUN_180639f28,,,07b0475dec5b08612e6fd5b7000fb568cc4c62f3bc309d4b047e58c589043507,undefined FUN_180639f28(),ghidra,clean,
WHGame.dll,release_1_5_1164953_841,0x639f74,193,FUN_180639f74,,,e59c947c239b5ae617f29de5aa1437cb46793c0104926f255da3747b96bab647,undefined FUN_180639f74(),ghidra,clean,
WHGame.dll,release_1_5_1164953_841,0x63a038,292,FUN_18063a038,,,4ef8d791c36035d88850b3f02e2fa84d9d79cdadbc5808f37bb4b6e216e14aea,undefined FUN_18063a038(),ghidra,clean,
WHGame.dll,release_1_5_1164953_841,0x63a15c,92,FUN_18063a15c,,,aa15d4978f24c3a6e21b62a8d268953aeb5d39e55b8e19b66a6dad9738f1319d,undefined FUN_18063a15c(),ghidra,clean,
WHGame.dll,release_1_5_1164953_841,0x63a1b8,929,FUN_18063a1b8,,,bcab06f90a3709b50789b31f0204a208d0e5265837f6000717cc675f5cf90a17,undefined FUN_18063a1b8(),ghidra,clean,
WHGame.dll,release_1_5_1164953_841,0x63a524,108,FUN_18063a524,,,52e7400f7550606c7aa409b2045d8bba21ccbb497427e336a67cf95730597b94,undefined FUN_18063a524(),ghidra,clean,
WHGame.dll,release_1_5_1164953_841,0x63a590,92,FUN_18063a590,,,c0311e7096f25df3ec8aa739e7304745e9aa3d24f86e5703dd5564b5152d8cc5,undefined FUN_18063a590(),ghidra,clean,
WHGame.dll,release_1_5_1164953_841,0x63a5ec,80,FUN_18063a5ec,,,9885ff2b95f5542cb93f5a95e6a70d600295603ce246f169202a228eaade1ded,undefined FUN_18063a5ec(),ghidra,clean,
WHGame.dll,release_1_5_1164953_841,0x63a63c,76,FUN_18063a63c,,,6b5b8d81749bd39af59c593ccc09b200cfe8558e5f9040e6204a8cdef8841143,undefined FUN_18063a63c(),ghidra,clean,
WHGame.dll,release_1_5_1164953_841,0x63a67c,323,FUN_18063a67c,,,398a545a9e3725b33a1a55ebd4a5c246b8f6c2effbb6d277d655c6ca183309d7,undefined FUN_18063a67c(),ghidra,clean,
WHGame.dll,release_1_5_1164953_841,0x63a7c0,37,FUN_18063a7c0,,,71f05dc44dbd0f158ea1687a5b1e5b8c674bc20ebb99b7554cf6bcdc2cb7f11b,undefined FUN_18063a7c0(),ghidra,clean,
WHGame.dll,release_1_5_1164953_841,0x63a7e8,8,FUN_18063a7e8,,,0e2d0bfcf7a353a4e3ad9b36f6503a79a2da108c7234b8f056df1f5ef0865fe6,undefined FUN_18063a7e8(),ghidra,clean,
WHGame.dll,release_1_5_1164953_841,0x63a7f0,68,FUN_18063a7f0,,,928c21760c8dc3fd79a6fe4b2c15b943fe43f2ef6b9ff5b29c832cc1cb4c0699,undefined FUN_18063a7f0(),ghidra,clean,
WHGame.dll,release_1_5_1164953_841,0x63a834,33,FUN_18063a834,,,0b4cd3e9a7325bfb0b46e7722fa9f79f9767b3defab138188bb82634acda1678,undefined FUN_18063a834(),ghidra,clean,
WHGame.dll,release_1_5_1164953_841,0x63a858,105,FUN_18063a858,,,53e7ce64d464d621fa05a37d3cc554e90919d6edfde192141d27a5920eb46499,undefined FUN_18063a858(),ghidra,clean,
WHGame.dll,release_1_5_1164953_841,0x63a8c4,43,FUN_18063a8c4,,,1be109ae958b457632cd4e87dddeb73ce920199044c05d6d11514d707518acd7,undefined FUN_18063a8c4(),ghidra,clean,
WHGame.dll,release_1_5_1164953_841,0x63a8f0,176,FUN_18063a8f0,,,1d866d8524d6f6fa4cd4003fcce22c90e7b66e9adec476cacfba589fe8aa6527,undefined FUN_18063a8f0(),ghidra,clean,
WHGame.dll,release_1_5_1164953_841,0x63a9a0,138,FUN_18063a9a0,,,beb9e4ca261b34e5fca18b9705c480d41fe7ad6d96fc3c03bb291c618a8cb7c9,undefined FUN_18063a9a0(),ghidra,clean,
WHGame.dll,release_1_5_1164953_841,0x63aa2c,62,FUN_18063aa2c,,,0bd93e8b921efe523e869a87c1cf2aa27536dcd6011e0c4d5c332b785824b34e,undefined FUN_18063aa2c(),ghidra,clean,
WHGame.dll,release_1_5_1164953_841,0x63aa6c,228,FUN_18063aa6c,,,0a681273df0822d6c0985f377cf9d230b6632faa3ad97e0ac75d4b08dbd74f06,undefined FUN_18063aa6c(),ghidra,clean,
WHGame.dll,release_1_5_1164953_841,0x63ab50,68,FUN_18063ab50,,,9533b1adb6a6d087928ad5fffc624b5cac115b8ca5b9388856070d63bbb6ea5e,undefined FUN_18063ab50(),ghidra,clean,
WHGame.dll,release_1_5_1164953_841,0x63ab94,33,FUN_18063ab94,,,8ad28d3eab6f427cd0d71c61dc0eeefb99a99159a69151f2bcb19f3a8707d0f1,undefined FUN_18063ab94(),ghidra,clean,
WHGame.dll,release_1_5_1164953_841,0x63abb8,14,FUN_18063abb8,,,016367c8a683fc496b0cbb54ba8b1640d1aeda9147b3fb80f5aae4b56522f833,undefined FUN_18063abb8(),ghidra,clean,
WHGame.dll,release_1_5_1164953_841,0x63abc8,42,FUN_18063abc8,,,959f791d1b9bc37c489f1dcc9a1bf248a55a4b1dc622d02b233d172ba058b92b,undefined FUN_18063abc8(),ghidra,clean,
WHGame.dll,release_1_5_1164953_841,0x63abf4,167,FUN_18063abf4,,,edb32bafad0c0de22062403c814bb417d8d051ca3a837c72b912d1c2ef92aee1,undefined FUN_18063abf4(),ghidra,clean,
WHGame.dll,release_1_5_1164953_841,0x63ac9c,619,FUN_18063ac9c,,,080e500fa644dc02f0e32f88e6e7f6278e351044500bc2d1557006ba2a4e471a,undefined FUN_18063ac9c(),ghidra,clean,
WHGame.dll,release_1_5_1164953_841,0x63aecc,65,FUN_18063aecc,,,51260982b450bbbceef17f11c20182bf392142ef93cbe558e273f622ecd9c72e,undefined FUN_18063aecc(),ghidra,clean,
WHGame.dll,release_1_5_1164953_841,0x63af10,49,FUN_18063af10,,,d7ab4cea3a2ecd989431c7fd4841754528127cf5d94884d7f67f52b14052565a,undefined FUN_18063af10(),ghidra,clean,
WHGame.dll,release_1_5_1164953_841,0x63af44,346,FUN_18063af44,,,ff0ddda9e7ad00c146b97922d54ece8e98c36931e1b37ee007403f6d9f16d14a,undefined FUN_18063af44(),ghidra,clean,
WHGame.dll,release_1_5_1164953_841,0x63b075,27,FUN_18063b075,,,d2fbf17063290d72773e1b6b1e7ab6eaa179f95bb7696bb8b7616072f871b9f9,undefined FUN_18063b075(),ghidra,clean,
WHGame.dll,release_1_5_1164953_841,0x63b0a0,154,FUN_18063b0a0,,,a432910d719f69924e9f3e696c7142ce84bc94895f5aeeec97f24dde232bd433,undefined FUN_18063b0a0(),ghidra,clean,
WHGame.dll,release_1_5_1164953_841,0x63b13c,108,FUN_18063b13c,,,9daa5bbfdb9d9db75023f5c52eff45710c38206c5b5cff0804dbeda56767db4a,undefined FUN_18063b13c(),ghidra,clean,
WHGame.dll,release_1_5_1164953_841,0x63b19c,199,FUN_18063b19c,,,85d6a2a8ad3ffbf1f5afb5af9e7d751b69663440f10fc89a3609e294687ba993,undefined FUN_18063b19c(),ghidra,clean,
WHGame.dll,release_1_5_1164953_841,0x63b264,220,FUN_18063b264,,,c2b9df5fed5ea5f64bec8b6a4b4fc9e36bf9073fb4c7296331ce08ffd1f308f3,undefined FUN_18063b264(),ghidra,clean,
WHGame.dll,release_1_5_1164953_841,0x63b340,2,thunk_FUN_18063b359,,,d582e6d68ee8b0a8195962f99a9ea10826cc5e928b24c755456d55cce5428fb1,undefined thunk_FUN_18063b359(),ghidra,clean,
WHGame.dll,release_1_5_1164953_841,0x63b359,33,FUN_18063b359,,,e87abd5b712014694ec4d38d29002aed0a70697e43a89c9202ddabd02f9815fa,undefined FUN_18063b359(),ghidra,clean,
WHGame.dll,release_1_5_1164953_841,0x63b364,103,FUN_18063b364,,,e85cc3e7ae53e3acdb2c0b1ffb0597f5adde0e68c451c05066328bf6efbff87b,undefined FUN_18063b364(),ghidra,clean,
WHGame.dll,release_1_5_1164953_841,0x63b3cc,120,FUN_18063b3cc,,,37b9a0231244702668c608a54c24c52031202ec2959457f0c527efda2d0effe1,undefined FUN_18063b3cc(),ghidra,clean,
WHGame.dll,release_1_5_1164953_841,0x63b444,41,FUN_18063b444,,,94a8d62e98cd665043cb25f68807572f681c72133e9e89134ae33cafcee50f63,undefined FUN_18063b444(),ghidra,clean,
WHGame.dll,release_1_5_1164953_841,0x63b470,144,FUN_18063b470,,,3518bcd9697e2e438a2c527d09db60d3efa5b255477fc51f7655b5bb53436da3,undefined FUN_18063b470(),ghidra,clean,
WHGame.dll,release_1_5_1164953_841,0x63b500,12,FUN_18063b500,,,3a5d724c6c55681491a871a0ff40f65bfb5040a9a979b81ff5c29c5816afc6c8,undefined FUN_18063b500(),ghidra,clean,
WHGame.dll,release_1_5_1164953_841,0x63b50c,83,FUN_18063b50c,,,fd50159c3a8a9f07cc41ed2b7e3763ea9630d3fb9078fae05e8ea827df11e61d,undefined FUN_18063b50c(),ghidra,clean,
WHGame.dll,release_1_5_1164953_841,0x63b560,623,FUN_18063b560,,,a1e160ebbfab0dd7e1e3993b47ec0eff9121e8e08cd543ab8ca1bb79d59bf9dd,undefined FUN_18063b560(),ghidra,clean,
WHGame.dll,release_1_5_1164953_841,0x63b7d0,426,FUN_18063b7d0,,,170212ddcbaa4c6f1d05103ed2832c582097a35c3a182de20447c11554ef14ba,undefined FUN_18063b7d0(),ghidra,clean,
WHGame.dll,release_1_5_1164953_841,0x63b82c,67,FUN_18063b82c,,,5a6b08b54cefd135e76abc98dbebcd83ecbab4e8101b4305390f0fda9af751e5,undefined FUN_18063b82c(),ghidra,clean,
WHGame.dll,release_1_5_1164953_841,0x63b870,192,FUN_18063b870,,,7584798ab6542439f8138727eaf657d442dc80df2678e34fbb768e4e99fc9f6b,undefined FUN_18063b870(),ghidra,clean,
WHGame.dll,release_1_5_1164953_841,0x63b930,359,FUN_18063b930,,,07515559d821550e68ba784cda25c82781fd970238a21add3d50dbe9c7f0a1c7,undefined FUN_18063b930(),ghidra,clean,
WHGame.dll,release_1_5_1164953_841,0x63b9e8,63,FUN_18063b9e8,,,0485f9a569b7a8bb381ad6cf1bf85da43da04df800bbcd7c7581cec7da82deee,undefined FUN_18063b9e8(),ghidra,clean,
WHGame.dll,release_1_5_1164953_841,0x63ba28,644,FUN_18063ba28,,,fda25c7026c43669f37cd39c503d6a79f4bdbf1f983b3f2b479750ab3a216e5e,undefined FUN_18063ba28(),ghidra,clean,
WHGame.dll,release_1_5_1164953_841,0x63bcac,216,FUN_18063bcac,,,be4a037f6707da38ec5396d0874c58e5d7e2cdbc1584ae5027cd9160d25b1635,undefined FUN_18063bcac(),ghidra,clean,
WHGame.dll,release_1_5_1164953_841,0x63bd74,39,FUN_18063bd74,,,0debb8995d2b7d255776c023f8b2aebca592ee9f1afa670f4e85123e81f20600,undefined FUN_18063bd74(),ghidra,clean,
WHGame.dll,release_1_5_1164953_841,0x63bd9b,31,FUN_18063bd9b,,,8968a44bc9e821487de80e251204e56f4c83f1b5c824c8fe82a266d21b7262db,undefined FUN_18063bd9b(),ghidra,clean,
WHGame.dll,release_1_5_1164953_841,0x63bdbc,162,FUN_18063bdbc,,,e23fbd5e9cf58f841864cf60134a14884333458da126c8f364f303123d04863b,undefined FUN_18063bdbc(),ghidra,clean,
WHGame.dll,release_1_5_1164953_841,0x63be60,25,FUN_18063be60,,,8adf06458e37019f25f3bdf1d708cb82c24d0e411bd04931543216da8141755d,undefined FUN_18063be60(),ghidra,clean,
WHGame.dll,release_1_5_1164953_841,0x63be7c,54,FUN_18063be7c,,,10434f882fabee85d9a28d670ba1c77536bde32c1586f88d6ec528c12b10e316,undefined FUN_18063be7c(),ghidra,clean,
WHGame.dll,release_1_5_1164953_841,0x63beb4,202,FUN_18063beb4,,,567282b7ec370c849aea0e7913a00d4f9ee0e74f24a0a8d11c7296e79856a222,undefined FUN_18063beb4(),ghidra,clean,
WHGame.dll,release_1_5_1164953_841,0x63bf80,55,FUN_18063bf80,,,9f698444e948a183bc91098db616a04d955048755ebeebdaa2911c619fa26c01,undefined FUN_18063bf80(),ghidra,clean,
WHGame.dll,release_1_5_1164953_841,0x63bfb8,515,FUN_18063bfb8,,,ce6fa97d76094b20656456b5b404c7fc8178b9fe89e474dfa06e278bf42644cb,undefined FUN_18063bfb8(),ghidra,clean,
WHGame.dll,release_1_5_1164953_841,0x63c1bc,29,FUN_18063c1bc,,,f02073ad1d50422743b5a64f89c2af28aa26cad5fb6275c6954ca5a7444a81b3,undefined FUN_18063c1bc(),ghidra,clean,
WHGame.dll,release_1_5_1164953_841,0x63c1dc,2457,FUN_18063c1dc,,,b394ad2c5fae8d1c6a8ba5a3384dd15bd8c79ab71fc21c2706eb53dcd1c29620,undefined FUN_18063c1dc(),ghidra,clean,
WHGame.dll,release_1_5_1164953_841,0x63cb78,86,FUN_18063cb78,,,8f7b93279380f3403824e39cf68893579cd80f49a538d600d93cbf6f9abcd736,undefined FUN_18063cb78(),ghidra,clean,
WHGame.dll,release_1_5_1164953_841,0x63cbd0,469,FUN_18063cbd0,,,c9c8241c4039a8249c5aa29442f6301852083ee952e80465781b9dd1083acbd8,undefined FUN_18063cbd0(),ghidra,clean,
WHGame.dll,release_1_5_1164953_841,0x63cda8,325,FUN_18063cda8,,,6e3d3c57802efbe42a015fe40c629b963cfb01e5bd453c96a9c02b84e4043281,undefined FUN_18063cda8(),ghidra,clean,
WHGame.dll,release_1_5_1164953_841,0x63cef0,132,FUN_18063cef0,,,5b39967bf695eb0b6de42f7429871be542e82634309b98dae022c3c8698c3052,undefined FUN_18063cef0(),ghidra,clean,
WHGame.dll,release_1_5_1164953_841,0x63cf74,30,FUN_18063cf74,,,80cc630cd07766b94af4f258ab1391f7ef68439ef436bb2b27db40df367ce1ea,undefined FUN_18063cf74(),ghidra,clean,
WHGame.dll,release_1_5_1164953_841,0x63cf94,107,FUN_18063cf94,,,c4f6a97d0e2916b17cd38b8ad1bf1638ad777837730bd2ef4aa7b21fe3ca1f3d,undefined FUN_18063cf94(),ghidra,clean,
WHGame.dll,release_1_5_1164953_841,0x63d000,570,FUN_18063d000,,,0e95721cd586491eb6f8db45b46f40d99705c57cd2fece2d3dc2b3fbf8b530a9,undefined FUN_18063d000(),ghidra,clean,
WHGame.dll,release_1_5_1164953_841,0x63d23c,119,FUN_18063d23c,,,129a41959dcfaaeeba9e139d2c1c3bc855d53e54d62f4767f85aec1d378e217e,undefined FUN_18063d23c(),ghidra,clean,
WHGame.dll,release_1_5_1164953_841,0x63d2b4,196,FUN_18063d2b4,,,88649b4f1f94677b5d1f5a73b236805c7d1d96f29c1525fa082fbde72a46107a,undefined FUN_18063d2b4(),ghidra,clean,
WHGame.dll,release_1_5_1164953_841,0x63d378,711,FUN_18063d378,,,596462a49d9ca8252a5bdfc9eccefadadde65f622f75304b5a4fa89867d5135b,undefined FUN_18063d378(),ghidra,clean,
WHGame.dll,release_1_5_1164953_841,0x63d640,289,FUN_18063d640,,,dbdf4a667f4e0aee53bae45edf38032566093428efc260ecea50479c7a2f3a9b,undefined FUN_18063d640(),ghidra,clean,
WHGame.dll,release_1_5_1164953_841,0x63d764,173,FUN_18063d764,,,b04883345e21dbbbbe5991abc8d19e7976d0478ebda9d0e8354432a684180152,undefined FUN_18063d764(),ghidra,clean,
WHGame.dll,release_1_5_1164953_841,0x63d814,98,FUN_18063d814,,,78f8545faec809ea9cc46e0da82388e1e60cc33bdf69956cac06b4b6406ef279,undefined FUN_18063d814(),ghidra,clean,
WHGame.dll,release_1_5_1164953_841,0x63d878,226,FUN_18063d878,,,0414ecfd321293b5a4005b6f34403c71f8418847325619743435930788a945cc,undefined FUN_18063d878(),ghidra,clean,
WHGame.dll,release_1_5_1164953_841,0x63d95c,100,FUN_18063d95c,,,312f8e18b4ae116cf3c4b7d3912c2274904a98323fbfc38075b67c893d3b27ab,undefined FUN_18063d95c(),ghidra,clean,
WHGame.dll,release_1_5_1164953_841,0x63d9c0,243,FUN_18063d9c0,,,e48761f37f63ae148fba3720fe8878aa6d45e169f25cdef0af4798cf86525905,undefined FUN_18063d9c0(),ghidra,clean,
WHGame.dll,release_1_5_1164953_841,0x63dab4,1140,FUN_18063dab4,,,801f0bfe45cb06a43c7ee8d59537579dc66094c9d5e5040d75b0a191801acd21,undefined FUN_18063dab4(),ghidra,clean,
WHGame.dll,release_1_5_1164953_841,0x63df1c,394,FUN_18063df1c,,,3d1e2b34021691938f911431b58e25e3dd005ed976dbc03fe334080417d2b63c,undefined FUN_18063df1c(),ghidra,clean,
WHGame.dll,release_1_5_1164953_841,0x63e0a8,489,FUN_18063e0a8,,,1f2c35c864da6b2ad022c3523ab48ecfeb703e9552d4d4aa706aba357727a65b,undefined FUN_18063e0a8(),ghidra,clean,
WHGame.dll,release_1_5_1164953_841,0x63e294,659,FUN_18063e294,,,e8759ed3d8c0f9bc25f1f7cb1e20ba0f7cc86fcdea6c074cf29714b5c2e9473d,undefined FUN_18063e294(),ghidra,clean,
WHGame.dll,release_1_5_1164953_841,0x63e528,1230,FUN_18063e528,,,de20e3a9d1ab5b008560db17587807812e35c173917fe56b07675f0432b74432,undefined FUN_18063e528(),ghidra,clean,
WHGame.dll,release_1_5_1164953_841,0x63e9f8,770,FUN_18063e9f8,,,f1c3e445345348e7425918312032f6e4702b650723b10365f80e68a96b7b5f61,undefined FUN_18063e9f8(),ghidra,clean,
WHGame.dll,release_1_5_1164953_841,0x63ecb0,2653,FUN_18063ecb0,,,73c799fd026445819c7a874fce50ec4237c23b397638c95d3b3662ebdcd66f6a,undefined FUN_18063ecb0(),ghidra,clean,
WHGame.dll,release_1_5_1164953_841,0x63f57c,108,FUN_18063f57c,,,1343b33ff9d8fc214f8fe17f6a5ddf1eac0c56af05287959496b365630297797,undefined FUN_18063f57c(),ghidra,clean,
WHGame.dll,release_1_5_1164953_841,0x63f5f0,8,FUN_18063f5f0,,,174bfe214b0cda2a024433beedf2f6a0d1fe5056538816ea6404c27f7caccd8a,undefined FUN_18063f5f0(),ghidra,clean,
WHGame.dll,release_1_5_1164953_841,0x63f5f8,140,FUN_18063f5f8,,,edc9ace44a444ab474c684cc9bf28bf899e841c2bd70fe17fb37bd74aee208ea,undefined FUN_18063f5f8(),ghidra,clean,
WHGame.dll,release_1_5_1164953_841,0x63f684,179,FUN_18063f684,,,f3a214f86b1d3be475365d13cc8a9fa353acfb7119fbb91b6549d333c97adea4,undefined FUN_18063f684(),ghidra,clean,
WHGame.dll,release_1_5_1164953_841,0x63f730,19,FUN_18063f730,,,c3edb78ef35a6a7653799d7705b9b8122c11c8f05f45f728c1f379f800397fd1,undefined FUN_18063f730(),ghidra,clean,
WHGame.dll,release_1_5_1164953_841,0x63f744,29,FUN_18063f744,,,ad961444d0ec4519a61a47749c1314ff0d56c17d4b5be98fe6e50ee700348811,undefined FUN_18063f744(),ghidra,clean,
WHGame.dll,release_1_5_1164953_841,0x63f764,12,FUN_18063f764,,,c3f968d4861e19ba3e1347ba7e96fc2e0948e9ec9906ef294d2225619ca07ef8,undefined FUN_18063f764(),ghidra,clean,
WHGame.dll,release_1_5_1164953_841,0x63f770,431,FUN_18063f770,,,2ca2b546d772f723aac807f811e3ac657fb779def154fbc102ecb4efd6c686dd,undefined FUN_18063f770(),ghidra,clean,
WHGame.dll,release_1_5_1164953_841,0x63f920,235,FUN_18063f920,,,e5b519c881729325ae9f6aaa7ae2648691026a199227614b1c9d564d255e93be,undefined FUN_18063f920(),ghidra,clean,
WHGame.dll,release_1_5_1164953_841,0x63fa00,250,FUN_18063fa00,,,20f1cf0ae5dde78d302867b70d4969f35f3c3ba379712aad40affedb9d9d7d4f,undefined FUN_18063fa00(),ghidra,clean,
WHGame.dll,release_1_5_1164953_841,0x63fae4,64,FUN_18063fae4,,,58a034c81c9fd418388f63680636dc7ae3c81b7fd8ac4df7f67232dee4239695,undefined FUN_18063fae4(),ghidra,clean,
WHGame.dll,release_1_5_1164953_841,0x63fb30,19,FUN_18063fb30,,,6a3c815f5ab633500db32ac290c34d26c2580506c82ef610ff43dff8ead8e7f5,undefined FUN_18063fb30(),ghidra,clean,
WHGame.dll,release_1_5_1164953_841,0x63fb44,226,FUN_18063fb44,,,120c43b64547fbac3d0b8c2ab07f0ea2e309009dbe0558e417d1d78f09a699c9,undefined FUN_18063fb44(),ghidra,clean,
WHGame.dll,release_1_5_1164953_841,0x63fc0c,3138,FUN_18063fc0c,,,4e1865773db106ac0fe9de6dc8b370cc6b957e0fcafbaa8a4f45844925ec5fbd,undefined FUN_18063fc0c(),ghidra,clean,
WHGame.dll,release_1_5_1164953_841,0x640850,91,FUN_180640850,,,65662bc99e89aeeb185ed0c96f279e16d9e63eb70bb8afaa65a20e110398afbd,undefined FUN_180640850(),ghidra,clean,
WHGame.dll,release_1_5_1164953_841,0x6408b0,11,FUN_1806408b0,,,327d39701ff04024536a38fca14ca64d5e44750ad76c6816e34018354a5b1ba3,undefined FUN_1806408b0(),ghidra,clean,
WHGame.dll,release_1_5_1164953_841,0x6408bc,219,FUN_1806408bc,,,0cf0d2f0b2f745f24efa4629c7d5b29add9834f2f088b92d2f3ec573c1bfc6a4,undefined FUN_1806408bc(),ghidra,clean,
WHGame.dll,release_1_5_1164953_841,0x64098c,89,FUN_18064098c,,,a540d7e17e38eb0b950caa0a46cd9f50a2303be1d06d24c977e2685a773798ca,undefined FUN_18064098c(),ghidra,clean,
WHGame.dll,release_1_5_1164953_841,0x6409e8,20,FUN_1806409e8,,,9ecf81c90486d0a7782b9c4092e678fcb24b7a53a8c88b7cce01602ce8b1f1b9,undefined FUN_1806409e8(),ghidra,clean,
WHGame.dll,release_1_5_1164953_841,0x6409fc,436,FUN_1806409fc,,,9e6e0dcdc97b2da0c2f5509874db434f09d1cff3d4cef6dd2fb365d6c276ee9b,undefined FUN_1806409fc(),ghidra,clean,
WHGame.dll,release_1_5_1164953_841,0x640bb0,1039,FUN_180640bb0,,,d6aed4e82c80b157c9abc841742b852665de097c1b89026d3d66bdbe73bab5f4,undefined FUN_180640bb0(),ghidra,clean,
WHGame.dll,release_1_5_1164953_841,0x640fc0,139,FUN_180640fc0,,,0b72771e1a4be79ac4ca46ce0d65fb9ddec79eb098be11d619864bd3e330dc3b,undefined FUN_180640fc0(),ghidra,clean,
WHGame.dll,release_1_5_1164953_841,0x64104c,857,FUN_18064104c,,,34119166ef7ab3c368ba07ecadb3844d4fcf2481052220133526bbf907227586,undefined FUN_18064104c(),ghidra,clean,
WHGame.dll,release_1_5_1164953_841,0x6413b0,8,FUN_1806413b0,,,21f02a0d0a2a82500a91717291960bd9cd33e7b24b37d6f340c20380a5fb31e7,undefined FUN_1806413b0(),ghidra,clean,
WHGame.dll,release_1_5_1164953_841,0x6413b8,83,FUN_1806413b8,,,0c3ab30abeb163863c93f9fd36b72859d8639f69bc79d0e8f976bc0ea1e089a7,undefined FUN_1806413b8(),ghidra,clean,
WHGame.dll,release_1_5_1164953_841,0x64140c,50,FUN_18064140c,,,85a86c7eac45f79bb9bd63409d91bfec1f59b8efb3c66e88f90516ca0e8a6e39,undefined FUN_18064140c(),ghidra,clean,
WHGame.dll,release_1_5_1164953_841,0x641440,68,FUN_180641440,,,67b83d2de800c80401adcce372893e8c36adb8057357392a6ed16e2f8810f6d4,undefined FUN_180641440(),ghidra,clean,
WHGame.dll,release_1_5_1164953_841,0x641484,23,FUN_180641484,,,46f042c82652fc5eff8b193ceb778d0fae79d57acb6daf44a7fb53296b7e2143,undefined FUN_180641484(),ghidra,clean,
WHGame.dll,release_1_5_1164953_841,0x64149c,18,FUN_18064149c,,,e35751cf6d470efd74a9c2ff822b75b1219b0d45316aaf738c59b4e6612be222,undefined FUN_18064149c(),ghidra,clean,
WHGame.dll,release_1_5_1164953_841,0x6414b0,67,FUN_1806414b0,,,11971fd30d62e73b3eb2178744c87d64291651ca1fcc353d4746582d3093ba8d,undefined FUN_1806414b0(),ghidra,clean,
WHGame.dll,release_1_5_1164953_841,0x641500,9,FUN_180641500,,,d6f90bca4a3f1ffb3d9952c95b0c0d055e0d283963df588472397042467c8c81,undefined FUN_180641500(),ghidra,clean,
WHGame.dll,release_1_5_1164953_841,0x64150c,6200,FUN_18064150c,,,2eed5af6d5b9fb5cd4a12b3dff5ba2d341c8a5b5be6bdf73b7c799cf191b62c1,undefined FUN_18064150c(),ghidra,clean,
WHGame.dll,release_1_5_1164953_841,0x642d50,11,FUN_180642d50,,,23a52796748172e888d7d2412e82de99da158ce8c6a6caa8ad25044e2ebfef98,undefined FUN_180642d50(),ghidra,clean,
WHGame.dll,release_1_5_1164953_841,0x642d60,9,FUN_180642d60,,,7bcba94135f55906fc814d22ccfac41f6d0c1e5b52910abdccdaaf2991711707,undefined FUN_180642d60(),ghidra,clean,
WHGame.dll,release_1_5_1164953_841,0x642d6c,40,FUN_180642d6c,,,c9bf6a680a0a289ad2bb3ffa3e62f07ef38203fafd1744d6e0452e53a3623394,undefined FUN_180642d6c(),ghidra,clean,
WHGame.dll,release_1_5_1164953_841,0x642d90,12,FUN_180642d90,,,4d534c9e305c9e5b33e46301044d7af0a9d8f2c0778a9f2a52d80326476ae6f0,undefined FUN_180642d90(),ghidra,clean,
WHGame.dll,release_1_5_1164953_841,0x642d9c,258,FUN_180642d9c,,,d142321b578d5f2fb72c32d1bc9415ca3356ca0473cbd598f2cccce9679755b0,undefined FUN_180642d9c(),ghidra,clean,
WHGame.dll,release_1_5_1164953_841,0x642ea0,87,FUN_180642ea0,,,fb0b9d9a9cc3e74d816003b6520f5c8ffa52dde5238a9034c554c317dab585fc,undefined FUN_180642ea0(),ghidra,clean,
WHGame.dll,release_1_5_1164953_841,0x642ef8,47,FUN_180642ef8,,,5f267dadc3235159dcf02f096509d71bc857e650b9ab4aef17b0174833042395,undefined FUN_180642ef8(),ghidra,clean,
WHGame.dll,release_1_5_1164953_841,0x642f28,26,FUN_180642f28,,,a7e1478049d24894e3ba2bc97e081b7e57a2f5eca94233d7de4ceab39426c5a8,undefined FUN_180642f28(),ghidra,clean,
WHGame.dll,release_1_5_1164953_841,0x642f44,153,FUN_180642f44,,,0b86bb3078889b9b3c26ffc96f652394026ee65272682c8700e97aec1f7a62ac,undefined FUN_180642f44(),ghidra,clean,
WHGame.dll,release_1_5_1164953_841,0x642fe0,136,FUN_180642fe0,,,1dcf9801263452a864419a6c85686f8fabd70aee4c6dab5c61c9f7becc22e746,undefined FUN_180642fe0(),ghidra,clean,
WHGame.dll,release_1_5_1164953_841,0x643068,178,FUN_180643068,,,512797b0d967316218de89d5229e62771eac5338674483e3b67c7241b1425670,undefined FUN_180643068(),ghidra,clean,
WHGame.dll,release_1_5_1164953_841,0x64311c,98,FUN_18064311c,,,6179def2a9397f41c45ae3fe3e80e63425a20a551a24a1e3c61a7244ef9c7146,undefined FUN_18064311c(),ghidra,clean,
WHGame.dll,release_1_5_1164953_841,0x643180,44,FUN_180643180,,,413229053af2106541b4c308e13881b07cf7ab8b0a2f4720f7cd749b907697ca,undefined FUN_180643180(),ghidra,clean,
WHGame.dll,release_1_5_1164953_841,0x6431ac,779,FUN_1806431ac,,,99b520a3debda4a8c0a4a21765ebcb9c4fb0b33c6a3ee7d3b490254e9ee5f192,undefined FUN_1806431ac(),ghidra,clean,
WHGame.dll,release_1_5_1164953_841,0x6434b8,54,FUN_1806434b8,,,d0abef916788399d3f8d2be7748a89877aa342bc0279c3f3d9ed5797b9d41e22,undefined FUN_1806434b8(),ghidra,clean,
WHGame.dll,release_1_5_1164953_841,0x6434f0,667,FUN_1806434f0,,,05de2caabe528856cd4d2a1170cff9458b8ffb9b7eb49821bfc9e11b8c4c56da,undefined FUN_1806434f0(),ghidra,clean,
WHGame.dll,release_1_5_1164953_841,0x64378c,74,FUN_18064378c,,,d3a2e77694c00051ca6c140010b3f18232c5548701cf3adf5c647f58e13c6815,undefined FUN_18064378c(),ghidra,clean,
WHGame.dll,release_1_5_1164953_841,0x6437d8,245,FUN_1806437d8,,,e73382505610652660dabb41565bb046c7dc40c6160c966e4a0fb82a87a1107b,undefined FUN_1806437d8(),ghidra,clean,
WHGame.dll,release_1_5_1164953_841,0x6438d0,71,FUN_1806438d0,,,b3c3869ae39e25211cedb1ffc1dab0eebe99897fb0d9959446ea89b71e1f7e1e,undefined FUN_1806438d0(),ghidra,clean,
WHGame.dll,release_1_5_1164953_841,0x643918,194,FUN_180643918,,,e18bad8b44e9e55dcb8f63b961e855c4c005431dcac669c4fa16103b1a597c1a,undefined FUN_180643918(),ghidra,clean,
WHGame.dll,release_1_5_1164953_841,0x6439dc,239,FUN_1806439dc,,,fc9a781b5c2cee328907404c613e8bb39287dacaa6adf557881c24aab5fb7118,undefined FUN_1806439dc(),ghidra,clean,
WHGame.dll,release_1_5_1164953_841,0x643acc,238,FUN_180643acc,,,a048d80ab6b358d706083a869fc84c4ed2cf4573091d3318b258fc8d994fcddb,undefined FUN_180643acc(),ghidra,clean,
WHGame.dll,release_1_5_1164953_841,0x643bbc,748,FUN_180643bbc,,,23c01d5176ddbb1e9464187d839bd74e0d71c349c478a7c2addc7fd02aa1eace,undefined FUN_180643bbc(),ghidra,clean,
WHGame.dll,release_1_5_1164953_841,0x643ea8,338,FUN_180643ea8,,,dbbdfef0fcb4c416c309bbeca9b883d206dfcee62f661e24331d5b7ccba2ee89,undefined FUN_180643ea8(),ghidra,clean,
WHGame.dll,release_1_5_1164953_841,0x643ffc,32,FUN_180643ffc,,,f55c008feb79d4f90d29915a769e7dc82eb3a080e663ee62453894d76d459fec,undefined FUN_180643ffc(),ghidra,clean,
WHGame.dll,release_1_5_1164953_841,0x64401c,69,FUN_18064401c,,,80ecd52bc8bcc30798078207604c160ee2685c28c5ae78a1b6631d1cdab6fd79,undefined FUN_18064401c(),ghidra,clean,
WHGame.dll,release_1_5_1164953_841,0x644064,68,FUN_180644064,,,54eb81e85c05aeb14b281c41290d818163e47c7d134f03cebe4b7cd84ca903a4,undefined FUN_180644064(),ghidra,clean,
WHGame.dll,release_1_5_1164953_841,0x6440a8,385,FUN_1806440a8,,,a498ac3bcd8dd8258f4e2066dd3ab2e1bcd3105f467b230ea31e91e3b101a076,undefined FUN_1806440a8(),ghidra,clean,
WHGame.dll,release_1_5_1164953_841,0x644174,232,FUN_180644174,,,b590ed1806e6a89be414b96beb2c60526c4004beef107f95160526cddfdec38d,undefined FUN_180644174(),ghidra,clean,
WHGame.dll,release_1_5_1164953_841,0x644270,32,FUN_180644270,,,771f170346319a37a2e3fd71c560e02322959e4e0efdd7a0ef8ab8c6585aee4f,undefined FUN_180644270(),ghidra,clean,
WHGame.dll,release_1_5_1164953_841,0x644290,14,FUN_180644290,,,5e1196ebe6a0ed42128c992142b94531cc0e966073287805cd192b1743480639,undefined FUN_180644290(),ghidra,clean,
WHGame.dll,release_1_5_1164953_841,0x6442a0,93,FUN_1806442a0,,,9b824fcc85017ea85f9b9d23c1d6878a06573cfe71d83abf491af4729118d751,undefined FUN_1806442a0(),ghidra,clean,
WHGame.dll,release_1_5_1164953_841,0x644300,12,FUN_180644300,,,74505853cba9e9ac7fbf780c4d1c2726048ebee575648da80d65291e8ec9c8d1,undefined FUN_180644300(),ghidra,clean,
WHGame.dll,release_1_5_1164953_841,0x64430c,496,FUN_18064430c,,,d2da4d18fa6ae78ee61923de38e9d838bf5f33e691c413356e93c2c1a5c760be,undefined FUN_18064430c(),ghidra,clean,
WHGame.dll,release_1_5_1164953_841,0x6444fc,12,FUN_1806444fc,,,74505853cba9e9ac7fbf780c4d1c2726048ebee575648da80d65291e8ec9c8d1,undefined FUN_1806444fc(),ghidra,clean,
WHGame.dll,release_1_5_1164953_841,0x644508,470,FUN_180644508,,,a5a05223f553b6540f7597a82bc5b840f8fb430fce1cd5e534107fa5b0dea3d2,undefined FUN_180644508(),ghidra,clean,
WHGame.dll,release_1_5_1164953_841,0x6446e0,39,FUN_1806446e0,,,59776734f2c3033263ee6e7083c98a1803abbb24888323288c80e6ffe12f025e,undefined FUN_1806446e0(),ghidra,clean,
WHGame.dll,release_1_5_1164953_841,0x644708,80,FUN_180644708,,,e0a84e0c045e9cf3e66ea82bda4d7b274e790d2e5b1e01b47ffb91290f34558f,undefined FUN_180644708(),ghidra,clean,
WHGame.dll,release_1_5_1164953_841,0x644758,19,FUN_180644758,,,867cbbe449e6fee28cc547ff21bda92f461d6765d36a3951bdb088b3685cd783,undefined FUN_180644758(),ghidra,clean,
WHGame.dll,release_1_5_1164953_841,0x64476c,574,FUN_18064476c,,,ef296be67db75e82c35950bfa4ac87c49dda95c1955a042308646a163fdc9b94,undefined FUN_18064476c(),ghidra,clean,
WHGame.dll,release_1_5_1164953_841,0x6449ac,276,FUN_1806449ac,,,6cee4477bd62d7b6951469091a223fb9bee5a174be696460a6aa7fa4c555492f,undefined FUN_1806449ac(),ghidra,clean,
WHGame.dll,release_1_5_1164953_841,0x644ac0,500,FUN_180644ac0,,,056e953f3ea2561b4540f3ed92f7e2f0b9f9c233f1e2faf1b11b926ba3a57080,undefined FUN_180644ac0(),ghidra,clean,
WHGame.dll,release_1_5_1164953_841,0x644cb4,111,FUN_180644cb4,,,92a3afcbd4284be76567d9ffa84913782eb1b7bd11ea5c7717cb882b1be33c09,undefined FUN_180644cb4(),ghidra,clean,
WHGame.dll,release_1_5_1164953_841,0x644d24,77,FUN_180644d24,,,803aaf704cf01bd3091d781be7a7f387910897a9134b0edf3425c2146c518a47,undefined FUN_180644d24(),ghidra,clean,
WHGame.dll,release_1_5_1164953_841,0x644d74,420,FUN_180644d74,,,394e06492799c0150efb2c27a97c5d7c7f5b5f72da6104ba9d15b9c485ca34b5,undefined FUN_180644d74(),ghidra,clean,
WHGame.dll,release_1_5_1164953_841,0x644f18,22,FUN_180644f18,,,73b6510d0e777c1256cb52101979d4fe2b048ec0916db50c23ddb7f207257c33,undefined FUN_180644f18(),ghidra,clean,
WHGame.dll,release_1_5_1164953_841,0x644f30,504,FUN_180644f30,,,50ed1fe52cc85c13deff1a2e19f5bb3372c9d51bc01d206ce7bdca4377adce50,undefined FUN_180644f30(),ghidra,clean,
WHGame.dll,release_1_5_1164953_841,0x6450e0,24,FUN_1806450e0,,,c2a5c04769c590fb82cea7260db86ab0f4a127767150bf2eeabb78b2fb29d416,undefined FUN_1806450e0(),ghidra,clean,
WHGame.dll,release_1_5_1164953_841,0x645100,8,FUN_180645100,,,9b7fb045e7c9f11bdfbae87b99b95cefcc68d6d28a6bc7fb7c3ff5da9db4bd30,undefined FUN_180645100(),ghidra,clean,
WHGame.dll,release_1_5_1164953_841,0x645108,41,FUN_180645108,,,5f30b0a077b30279dec809f97dd2be3a3762c9b8c2f03bc3c7ca154457677451,undefined FUN_180645108(),ghidra,clean,
WHGame.dll,release_1_5_1164953_841,0x645140,7,FUN_180645140,,,356dac35884703437db205326258b7f38186d009ef1014eb6e26f9b1f985ef10,undefined FUN_180645140(),ghidra,clean,
WHGame.dll,release_1_5_1164953_841,0x645148,711,FUN_180645148,,,828a435ebe8ed95963d12f79fcef339b868e1c5351afacb71bc3d185c3214419,undefined FUN_180645148(),ghidra,clean,
WHGame.dll,release_1_5_1164953_841,0x645410,868,FUN_180645410,,,ebf027bd9dc4645b9b8488961a686b710ba1bce4a722eaa8a66082b6a3a746f7,undefined FUN_180645410(),ghidra,clean,
WHGame.dll,release_1_5_1164953_841,0x645774,353,FUN_180645774,,,cb4d878ee9e65b5d32cacad0ed1cfb5d61152a1239f068cf681d7ecfbc9b685c,undefined FUN_180645774(),ghidra,clean,
WHGame.dll,release_1_5_1164953_841,0x6458e0,8,FUN_1806458e0,,,bdc177d4ebdec1664ac826d2400e89671d0af20d2273c0f59124536cbdcc5917,undefined FUN_1806458e0(),ghidra,clean,
WHGame.dll,release_1_5_1164953_841,0x6458e8,136,FUN_1806458e8,,,00287e5b20bfce8e6f233440e08a3875221d14bd30965abf9ffc9348bf5c45a1,undefined FUN_1806458e8(),ghidra,clean,
WHGame.dll,release_1_5_1164953_841,0x645970,297,FUN_180645970,,,43a4eb4d60db73f82fccb56fc34ffbf574704febda954c13a2e238e157594e78,undefined FUN_180645970(),ghidra,clean,
WHGame.dll,release_1_5_1164953_841,0x645a9c,36,FUN_180645a9c,,,1b4d02d7e56c718a5853782770d9fa4e4b5cc8acd7607f513896f10ca2da9d06,undefined FUN_180645a9c(),ghidra,clean,
WHGame.dll,release_1_5_1164953_841,0x645ac0,14,FUN_180645ac0,,,914a9943250e54874c06243c475ac0f966e89d337622a6a40e49753f65a396f4,undefined FUN_180645ac0(),ghidra,clean,
WHGame.dll,release_1_5_1164953_841,0x645ad0,22,FUN_180645ad0,,,f085da9f205aa3c078fda192f74f76b6851b2946245879ebb19d99e0b7ef7fa1,undefined FUN_180645ad0(),ghidra,clean,
WHGame.dll,release_1_5_1164953_841,0x645ae8,59,FUN_180645ae8,,,0d1cd49b09cad75d77a3c25035c0f2c927d0ef6d7152c30da1fdb3f31a721e83,undefined FUN_180645ae8(),ghidra,clean,
WHGame.dll,release_1_5_1164953_841,0x645b24,28,FUN_180645b24,,,970be79fae672fc4fe97e14b54ecfab90c31af1f1560fc3e8ce7d410c9943940,undefined FUN_180645b24(),ghidra,clean,
WHGame.dll,release_1_5_1164953_841,0x645b40,185,FUN_180645b40,,,8f25068a0073e23fbb4f9901f3bf375354dfbc41505465ec94e8951e3124caba,undefined FUN_180645b40(),ghidra,clean,
WHGame.dll,release_1_5_1164953_841,0x645bc8,18,FUN_180645bc8,,,e78294e21d64b6862ae104ad01bf45dd0c9e8724b4e43590ea4843a13e077c5a,undefined FUN_180645bc8(),ghidra,clean,
WHGame.dll,release_1_5_1164953_841,0x645bdc,480,FUN_180645bdc,,,d997b7300a944ffbbe29d3d1ebfc792ebf3bca1c15e85ee3b0a53240ddd060b3,undefined FUN_180645bdc(),ghidra,clean,
WHGame.dll,release_1_5_1164953_841,0x645dbc,20,FUN_180645dbc,,,60cc7740e78443266ca8fa07cfb857753d15508cfa371a1808e64f88ebf8df62,undefined FUN_180645dbc(),ghidra,clean,
WHGame.dll,release_1_5_1164953_841,0x645dd0,425,FUN_180645dd0,,,4d861937fd7490c8790d1bfd2f9773cfa6faa8e4b26508b1930ee884441ec657,undefined FUN_180645dd0(),ghidra,clean,
WHGame.dll,release_1_5_1164953_841,0x645f7c,38,FUN_180645f7c,,,6f82a7f4d94c95e5c12ff08eef6bb23c9573576bc6b4d9464b6efdc4d18daa9c,undefined FUN_180645f7c(),ghidra,clean,
WHGame.dll,release_1_5_1164953_841,0x645fa4,234,FUN_180645fa4,,,470e2685ca6f6e1f7165219c207ce40f745f7a35f512ea082b3a3e28546185cc,undefined FUN_180645fa4(),ghidra,clean,
WHGame.dll,release_1_5_1164953_841,0x646090,66,FUN_180646090,,,dd052a1cbc379bb64991ef4ac447368b262a78330e76f44ed4a4e0aacd4e333d,undefined FUN_180646090(),ghidra,clean,
WHGame.dll,release_1_5_1164953_841,0x6460d4,180,FUN_1806460d4,,,3c4144eb4e4b876f8650deb7b2e8b1aa93c188fabd202bf1b110642c353e9978,undefined FUN_1806460d4(),ghidra,clean,
WHGame.dll,release_1_5_1164953_841,0x646188,103,FUN_180646188,,,8eac17278da34d67e37228825296f220e656172312d3ed7d545a2199cb2c8b7a,undefined FUN_180646188(),ghidra,clean,
WHGame.dll,release_1_5_1164953_841,0x6461f0,373,FUN_1806461f0,,,df41bf7a7db595075979997d3cb52932b64e3d495f2523fdf98bed151fe65343,undefined FUN_1806461f0(),ghidra,clean,
WHGame.dll,release_1_5_1164953_841,0x646368,342,FUN_180646368,,,dd747397f649fd713f99a00ca957932d273b06a5ab0d1e02de65383d06bbc92c,undefined FUN_180646368(),ghidra,clean,
WHGame.dll,release_1_5_1164953_841,0x6464c0,156,FUN_1806464c0,,,8aa63fcaeab880f79a0aad7c7ee31183694fe865348eaf160364a3f2f0fcfe55,undefined FUN_1806464c0(),ghidra,clean,
WHGame.dll,release_1_5_1164953_841,0x646550,423,FUN_180646550,,,2b2f146af0fb265c098573f672e4c03cae330594d1ad06cadd1cf8fdabcdf59b,undefined FUN_180646550(),ghidra,clean,
WHGame.dll,release_1_5_1164953_841,0x6466f8,282,FUN_1806466f8,,,447f46457b0aaeb4cc6281cbdcc20d6fd288c57dffce3e164e43795fefce4128,undefined FUN_1806466f8(),ghidra,clean,
WHGame.dll,release_1_5_1164953_841,0x646814,376,FUN_180646814,,,4b5a2cf2b7b2c1400de69772356ef3ea6b632dfd285192d9645c5b650aadbc48,undefined FUN_180646814(),ghidra,clean,
WHGame.dll,release_1_5_1164953_841,0x646990,8,FUN_180646990,,,cec330ff0c3a807646e7921b4896c3faaf5b91f866b8f71daa62b3052d085ea3,undefined FUN_180646990(),ghidra,clean,
WHGame.dll,release_1_5_1164953_841,0x646998,259,FUN_180646998,,,aec735086a2808613ce4ea36c59c93127704060b69f16fc2c7c63db8fe0792a1,undefined FUN_180646998(),ghidra,clean,
WHGame.dll,release_1_5_1164953_841,0x646a9c,371,FUN_180646a9c,,,0b33475a1239b7b57ae8ff48801c0e7174997c2699721348284e1b705bd195f2,undefined FUN_180646a9c(),ghidra,clean,
WHGame.dll,release_1_5_1164953_841,0x646c10,15,FUN_180646c10,,,b25b4d5c6405db666ca04330452ee6602c1d09716e0ea9933b40c9a7d3c1815f,undefined FUN_180646c10(),ghidra,clean,
WHGame.dll,release_1_5_1164953_841,0x646c20,210,FUN_180646c20,,,4b51e387312a267eed85b0ed8a7f51e3f6ced92f41b0042f215c8d9dd2bde86b,undefined FUN_180646c20(),ghidra,clean,
WHGame.dll,release_1_5_1164953_841,0x646cf4,91,FUN_180646cf4,,,477375c8fab41afee69a153a68d573fe1fce1acf59a3541d6dfb2a61009a848b,undefined FUN_180646cf4(),ghidra,clean,
WHGame.dll,release_1_5_1164953_841,0x646d50,21,FUN_180646d50,,,746fc46407eb769c51b8de9bcf110537255fe1ab1b747ec57fac8c6bd93bbdac,undefined FUN_180646d50(),ghidra,clean,
WHGame.dll,release_1_5_1164953_841,0x646d70,580,FUN_180646d70,,,cdef6b0ebae8442b30f9e32e94a2bf1d10833cd1aab428085cc996067e9fe29c,undefined FUN_180646d70(),ghidra,clean,
WHGame.dll,release_1_5_1164953_841,0x646fb4,128,FUN_180646fb4,,,05185ddcd3726c6a5b3efc4b3c95ecd48c53d21fd7e64d5b7730450d985ba6ea,undefined FUN_180646fb4(),ghidra,clean,
WHGame.dll,release_1_5_1164953_841,0x647034,29,FUN_180647034,,,3d3b51aaaa94332afe1c73406d576e02277fcdbfa15406cf83254d18f7a93a78,undefined FUN_180647034(),ghidra,clean,
WHGame.dll,release_1_5_1164953_841,0x647054,325,FUN_180647054,,,8d563b81e3bee77e5b5ddca5dcfccebeeaab8f435cca35bf53e2104d011ad371,undefined FUN_180647054(),ghidra,clean,
WHGame.dll,release_1_5_1164953_841,0x64719c,36,FUN_18064719c,,,17a7678c71219f7efca444a5f14bdec131edc727ef04f8339cfd52379424b98f,undefined FUN_18064719c(),ghidra,clean,
WHGame.dll,release_1_5_1164953_841,0x6471c0,461,FUN_1806471c0,,,74f2caf02edef3340cb9c79100d9bebf81e6cec16b28e09bb6e47f3bdafd9854,undefined FUN_1806471c0(),ghidra,clean,
WHGame.dll,release_1_5_1164953_841,0x647390,1805,FUN_180647390,,,8814a06f5489119be187565de2f262d887844524a627e62283464fa841f1c2dd,undefined FUN_180647390(),ghidra,clean,
WHGame.dll,release_1_5_1164953_841,0x647aa0,779,FUN_180647aa0,,,a636b6b13be3307a96d72a4b8bfb31b7424c14c8fdf0103774cdf6b192907d4f,undefined FUN_180647aa0(),ghidra,clean,
WHGame.dll,release_1_5_1164953_841,0x647d20,818,FUN_180647d20,,,88e7cef5f445d8dee91a9a7e861a4b49749e457cc642d1326b3a6d67c1ef6e6e,undefined FUN_180647d20(),ghidra,clean,
WHGame.dll,release_1_5_1164953_841,0x648010,143,FUN_180648010,,,8dc479b4c312735de9220e9998ac22208e93c5247c7d6411c9ca1f6f995cca44,undefined FUN_180648010(),ghidra,clean,
WHGame.dll,release_1_5_1164953_841,0x6480a0,56,FUN_1806480a0,,,c37fbf4c9ab89d80de8e265fbf25945d4520869d7d6ee24ae04ee1e1269e99ee,undefined FUN_1806480a0(),ghidra,clean,
WHGame.dll,release_1_5_1164953_841,0x6480d8,30,FUN_1806480d8,,,f28c02435cd9ea675fb5583ba182641e794daab35b648c1b011f0702e39ef6ec,undefined FUN_1806480d8(),ghidra,clean,
WHGame.dll,release_1_5_1164953_841,0x6480f8,11,FUN_1806480f8,,,a43053313328da299695b755753e128285c73f227e095010bb69fb9377c15934,undefined FUN_1806480f8(),ghidra,clean,
WHGame.dll,release_1_5_1164953_841,0x648104,381,FUN_180648104,,,1e6f804c645d27c28a6c4a60d4a077cf8e2e746a378a263b30fb1067468e82fa,undefined FUN_180648104(),ghidra,clean,
WHGame.dll,release_1_5_1164953_841,0x648290,24,FUN_180648290,,,dca760854cdf5fe08f0523ed1e959df60a01688c6efa38d33a54d8a41daeb4dc,undefined FUN_180648290(),ghidra,clean,
WHGame.dll,release_1_5_1164953_841,0x6482a8,158,FUN_1806482a8,,,4ccd2daabbeadb6fed064aaf2e7ed80aaf529ee22f506cd414baa1f4562fb1c8,undefined FUN_1806482a8(),ghidra,clean,
WHGame.dll,release_1_5_1164953_841,0x648348,810,FUN_180648348,,,2398f42913ecd46c83640740b8a1aa27cc31ca9241ed34ef6d5ba056aee1722c,undefined FUN_180648348(),ghidra,clean,
WHGame.dll,release_1_5_1164953_841,0x648674,34,FUN_180648674,,,616d861b47463658340b7c162dddcb4035b271de116b707d58d4b63c374603da,undefined FUN_180648674(),ghidra,clean,
WHGame.dll,release_1_5_1164953_841,0x648698,98,FUN_180648698,,,6c98e10f5cd381933e6f5dcc266088699a6ebe8cde58ae7489c2f59043ee5380,undefined FUN_180648698(),ghidra,clean,
WHGame.dll,release_1_5_1164953_841,0x6486fc,568,FUN_1806486fc,,,fb82e6daae8bed76db771fc54dede6ad25ca2fcafd0d8c21cc27004c064450f6,undefined FUN_1806486fc(),ghidra,clean,
WHGame.dll,release_1_5_1164953_841,0x648894,19,FUN_180648894,,,8bb446fa6fc342662cdc1e9d7349dc444888ee71cf5a55de7baf71832cf724f2,undefined FUN_180648894(),ghidra,clean,
WHGame.dll,release_1_5_1164953_841,0x6488a8,69,FUN_1806488a8,,,b044e8f6761ec0b4db92f906ad0bcc86cda2e2e2e87790dd83b37d1ba110fde6,undefined FUN_1806488a8(),ghidra,clean,
WHGame.dll,release_1_5_1164953_841,0x6488f0,31,FUN_1806488f0,,,8e98b40918644c83f6afb6ffebed3b9f80cb1259429d8b1464a971f3e04ecea9,undefined FUN_1806488f0(),ghidra,clean,
WHGame.dll,release_1_5_1164953_841,0x648910,202,FUN_180648910,,,00388c5a3c89b1e78aa3dcf1325a8747dffd29fea93b9796e64531a05f9eba3a,undefined FUN_180648910(),ghidra,clean,
WHGame.dll,release_1_5_1164953_841,0x6489dc,56,FUN_1806489dc,,,b475cc9809d88bb63719b98a5fd842910e34033ad3243f23ec8160d95fdf9c15,undefined FUN_1806489dc(),ghidra,clean,
WHGame.dll,release_1_5_1164953_841,0x648a14,817,FUN_180648a14,,,7801760debf52415e6d241f6f8b39107d2bb37124cbadf37bc562f1c79c24220,undefined FUN_180648a14(),ghidra,clean,
WHGame.dll,release_1_5_1164953_841,0x648d48,60,FUN_180648d48,,,7000a0aa975d3f1ba06f6c82cf938c76e63c27b4709bd41476ffbe420d43a5b9,undefined FUN_180648d48(),ghidra,clean,
WHGame.dll,release_1_5_1164953_841,0x648d78,182,FUN_180648d78,,,528b7d2c53258e1091da1e76ed285801998365a327ad8b37e8f06028725a0cbf,undefined FUN_180648d78(),ghidra,clean,
WHGame.dll,release_1_5_1164953_841,0x648e30,643,FUN_180648e30,,,f3f6f6cdd10d7e52f93e44040abf07447a9ab18acbbbf5c95e6da71af10bd7de,undefined FUN_180648e30(),ghidra,clean,
WHGame.dll,release_1_5_1164953_841,0x6490b4,3722,FUN_1806490b4,,,b8e64010842ac41afad702cccc07bd6b3d683c677b6f42a8022c108828fc2e71,undefined FUN_1806490b4(),ghidra,clean,
WHGame.dll,release_1_5_1164953_841,0x649f40,80,FUN_180649f40,,,695daf21e096655c046b8874f3e06327473be58ac7626919895b6b8a8200ae36,undefined FUN_180649f40(),ghidra,clean,
WHGame.dll,release_1_5_1164953_841,0x649f90,91,FUN_180649f90,,,80494000e3fecd4f31fa39c0b4760c9399b888f03fdacfdb31c45d9e883ab26f,undefined FUN_180649f90(),ghidra,clean,
WHGame.dll,release_1_5_1164953_841,0x649fec,120,FUN_180649fec,,,d64f80f405f033d17b87f66cfebd6ac6cea0daec60fba8cde5a5d28d42918f37,undefined FUN_180649fec(),ghidra,clean,
WHGame.dll,release_1_5_1164953_841,0x64a034,120,FUN_18064a034,,,557e701a8d846201cea7d6b1f81d2b2e1c17c8eafc77c2d604ffe07603c4d129,undefined FUN_18064a034(),ghidra,clean,
WHGame.dll,release_1_5_1164953_841,0x64a07c,207,FUN_18064a07c,,,2e5a254574fb58f717b020e4d3e2fbacaa61fbf4e768105dfb0d253f508f4c56,undefined FUN_18064a07c(),ghidra,clean,
WHGame.dll,release_1_5_1164953_841,0x64a0d4,5,thunk_FUN_180649f90,,,0f29dfdfc36e75625805f2ec863452497efda07bbf20254faa4865fd894d43fb,undefined thunk_FUN_180649f90(),ghidra,clean,
WHGame.dll,release_1_5_1164953_841,0x64a0dc,22,FUN_18064a0dc,,,0d7c5e863a40e18cd3e838ae442fb70cb7cf341ba7ca32177dce8f10f96d4e42,undefined FUN_18064a0dc(),ghidra,clean,
WHGame.dll,release_1_5_1164953_841,0x64a0f4,214,FUN_18064a0f4,,,aa02f02b9ce7fea36d662b4936cf55085af990d7a6253a01181133973e4e0d76,undefined FUN_18064a0f4(),ghidra,clean,
WHGame.dll,release_1_5_1164953_841,0x64a17c,235,FUN_18064a17c,,,ea023c90450bdf938337ced09b33300e4685ba98508481dfe752a86796410de6,undefined FUN_18064a17c(),ghidra,clean,
WHGame.dll,release_1_5_1164953_841,0x64a25c,40,FUN_18064a25c,,,48c9cb597ba06283fcd92ae09a21027eadef42fb54b1e410937740d20de2d7ee,undefined FUN_18064a25c(),ghidra,clean,
WHGame.dll,release_1_5_1164953_841,0x64a284,148,FUN_18064a284,,,8528f58da7993667cc6747088a6cfcd3ab4e7170188993f6995fce78b1f9a914,undefined FUN_18064a284(),ghidra,clean,
WHGame.dll,release_1_5_1164953_841,0x64a318,813,FUN_18064a318,,,3ff6ef81f9c6d86df2b976382269d1f22504d82cc647fc789cae3dd628d36b6e,undefined FUN_18064a318(),ghidra,clean,
WHGame.dll,release_1_5_1164953_841,0x64a648,240,FUN_18064a648,,,c06cdf6aad8081f738896ba5bf05d03f59915e518bf9c6cb455c7b97361b5b81,undefined FUN_18064a648(),ghidra,clean,
WHGame.dll,release_1_5_1164953_841,0x64a740,482,FUN_18064a740,,,a0298438233b96ae16ef6e7ba72b769351dec9c47a938a38b4592e0fabb8d691,undefined FUN_18064a740(),ghidra,clean,
WHGame.dll,release_1_5_1164953_841,0x64a924,30,FUN_18064a924,,,2bcc11146e4fb33f5dde0becc0b67c8a99cecb2af0cf8689317ce9ae5de2def8,undefined FUN_18064a924(),ghidra,clean,
WHGame.dll,release_1_5_1164953_841,0x64a944,92,FUN_18064a944,,,d846a91aa1f5a56216134c96bed692dfc96732d013ad6270f1d547c7f18372ba,undefined FUN_18064a944(),ghidra,clean,
WHGame.dll,release_1_5_1164953_841,0x64a9a0,4069,FUN_18064a9a0,,,fc6972dc00826e66a57f625e80abc3cc6e32a64dbca37612f1208e3ebbfe3e88,undefined FUN_18064a9a0(),ghidra,clean,
WHGame.dll,release_1_5_1164953_841,0x64b988,80,FUN_18064b988,,,605c69d84eea72c2d7d310339a5cc4f6db262b969a5cefb6b9cfab6669e102e6,undefined FUN_18064b988(),ghidra,clean,
WHGame.dll,release_1_5_1164953_841,0x64b9d8,1502,FUN_18064b9d8,,,8b01ec3529d0749edd609e8e6bab3fbf582fe28c6d4e1f0e947c64b815765731,undefined FUN_18064b9d8(),ghidra,clean,
WHGame.dll,release_1_5_1164953_841,0x64bfb8,1230,FUN_18064bfb8,,,01897aa40833d7d6196c0c059772b1df32769cb2f38cde1bef2d9b7c09cb232f,undefined FUN_18064bfb8(),ghidra,clean,
WHGame.dll,release_1_5_1164953_841,0x64c488,184,FUN_18064c488,,,9a80e6841e2aced7454395ba55c6931ba25a156c9773642be9829d205dbdfcd5,undefined FUN_18064c488(),ghidra,clean,
WHGame.dll,release_1_5_1164953_841,0x64c540,1046,FUN_18064c540,,,5ecfc295f5410366d29bd61122ad7e5a1488710bc8c6f9f27455d706014dc82f,undefined FUN_18064c540(),ghidra,clean,
WHGame.dll,release_1_5_1164953_841,0x64c894,373,FUN_18064c894,,,fa63b22c4a6dbcb9d7b1d046166e6407776e89b11a9b58c7916ad01a1e0712ff,undefined FUN_18064c894(),ghidra,clean,
WHGame.dll,release_1_5_1164953_841,0x64ca0c,134,FUN_18064ca0c,,,5db0eeabec291a36c4e304a9fae2052ce85a7a2bb1d11091c690f3797df7b80d,undefined FUN_18064ca0c(),ghidra,clean,
WHGame.dll,release_1_5_1164953_841,0x64ca94,452,FUN_18064ca94,,,918d214da7fb0952b3b0dd4ffc9f8e6d362c08531188e8a4e314a0f2cd686e6c,undefined FUN_18064ca94(),ghidra,clean,
WHGame.dll,release_1_5_1164953_841,0x64cc58,761,FUN_18064cc58,,,02f698c65096724118c218506a9880a5e6a5c993507fde062607608196314ec3,undefined FUN_18064cc58(),ghidra,clean,
WHGame.dll,release_1_5_1164953_841,0x64cf60,14,FUN_18064cf60,,,cea9e7a6ad4117b13846193ced79363bbdd5736aff2e3cb89416a250a53ca9fc,undefined FUN_18064cf60(),ghidra,clean,
WHGame.dll,release_1_5_1164953_841,0x64cf70,256,FUN_18064cf70,,,d17bab468acb22eaff562d0ac623793f3a5a42f416329397384683d2d30866aa,undefined FUN_18064cf70(),ghidra,clean,
WHGame.dll,release_1_5_1164953_841,0x64d058,228,FUN_18064d058,,,51707d43b48cac52356e5a789da7a9b88e10a7b9001ef7478d94db1cfc5b0885,undefined FUN_18064d058(),ghidra,clean,
WHGame.dll,release_1_5_1164953_841,0x64d124,2379,FUN_18064d124,,,608feee18ee7b093a6cdb47cd3a93ce250d2875894a3f4a83c63f633420e18b7,undefined FUN_18064d124(),ghidra,clean,
WHGame.dll,release_1_5_1164953_841,0x64da70,142,FUN_18064da70,,,113888a8c0ed8ec3ea21219728b8e2a0d022f4c877b4b358655c7886c9411882,undefined FUN_18064da70(),ghidra,clean,
WHGame.dll,release_1_5_1164953_841,0x64db00,174,FUN_18064db00,,,5136b35127148d5d0db76a3694f2eea3f214af8fc762eb49ae17bb3546fa4cf6,undefined FUN_18064db00(),ghidra,clean,
WHGame.dll,release_1_5_1164953_841,0x64db90,386,FUN_18064db90,,,37d05841c9f2ccaabbe761082d02b77a41c76356aa8889501fd67120db5c5f1e,undefined FUN_18064db90(),ghidra,clean,
WHGame.dll,release_1_5_1164953_841,0x64dd14,921,FUN_18064dd14,,,f47863a7487f76d906075d4335710556323c1dc098bc7b6730037d1168f33ce5,undefined FUN_18064dd14(),ghidra,clean,
WHGame.dll,release_1_5_1164953_841,0x64e0b0,845,FUN_18064e0b0,,,e55e955e3acf21814da1c776ec8f688b6de5bc1b32156a10b82e31b53e09773b,undefined FUN_18064e0b0(),ghidra,clean,
WHGame.dll,release_1_5_1164953_841,0x64e400,60,FUN_18064e400,,,9982202b02a5ad9cc2dce1adb13c295bc16acb5952430897417ee8a31156b642,undefined FUN_18064e400(),ghidra,clean,
WHGame.dll,release_1_5_1164953_841,0x64e43c,142,FUN_18064e43c,,,c06581a64fbb738b9669ca0384c027c9159a7c4c9067fe0ccdf8429458bdaf7f,undefined FUN_18064e43c(),ghidra,clean,
WHGame.dll,release_1_5_1164953_841,0x64e4bc,154,FUN_18064e4bc,,,35cddb7fe023691b6cf165ad8b5542c44fd56b68e3b842d7135a7cc78862191f,undefined FUN_18064e4bc(),ghidra,clean,
WHGame.dll,release_1_5_1164953_841,0x64e53c,66,FUN_18064e53c,,,d9e9bace57fbf2d727f94c46cea1b2f32a76240ee4d1e54e173e430305905041,undefined FUN_18064e53c(),ghidra,clean,
WHGame.dll,release_1_5_1164953_841,0x64e580,57,FUN_18064e580,,,bc3e572c3753604a23833d7e40ba62c3d1dbce4236d20e754296e844445b8862,undefined FUN_18064e580(),ghidra,clean,
WHGame.dll,release_1_5_1164953_841,0x64e5bc,98,FUN_18064e5bc,,,2a242d15f6a421c568e8293fa8d52671d1d5efc5eb991f20e72638707809a602,undefined FUN_18064e5bc(),ghidra,clean,
WHGame.dll,release_1_5_1164953_841,0x64e620,57,FUN_18064e620,,,e53e3e627ea23210dec8a91034618c01a0e4cc7e54494ade3b1d40f68b70141b,undefined FUN_18064e620(),ghidra,clean,
WHGame.dll,release_1_5_1164953_841,0x64e63c,29,FUN_18064e63c,,,3808e95204b9de36fb0f2f4e9a59f3269980ffe44c1236c15257d35bc8b6ab8f,undefined FUN_18064e63c(),ghidra,clean,
WHGame.dll,release_1_5_1164953_841,0x64e65c,15,FUN_18064e65c,,,2c63fcec7ee724489de1ee1eec10d092c2bf4cda856e655115aa93bfa7d985d8,undefined FUN_18064e65c(),ghidra,clean,
WHGame.dll,release_1_5_1164953_841,0x64e66c,11,FUN_18064e66c,,,3d04c27620bd2e339f3fbc91c5c155cef60d3271ee0472c9635c5f77d1472316,undefined FUN_18064e66c(),ghidra,clean,
WHGame.dll,release_1_5_1164953_841,0x64e678,1255,FUN_18064e678,,,02079f3015b12b6613717cf99dc2e3cd6f74d2406e359f124de9a90ac87d94ab,undefined FUN_18064e678(),ghidra,clean,
WHGame.dll,release_1_5_1164953_841,0x64eb60,140,FUN_18064eb60,,,4778ae24831fcbced4cb56551d34a3156005da211284c1a125d441c7640d06c6,undefined FUN_18064eb60(),ghidra,clean,
WHGame.dll,release_1_5_1164953_841,0x64ebd4,166,FUN_18064ebd4,,,3375e4020e11581f8659a679b5a63f7a76d5f8006351536752497664e7cbbf4a,undefined FUN_18064ebd4(),ghidra,clean,
WHGame.dll,release_1_5_1164953_841,0x64ec54,33,FUN_18064ec54,,,c0f07b32e9990a77d4895f8a537bfbfa2c441877f6ae4ec7656dfc85458b864e,undefined FUN_18064ec54(),ghidra,clean,
WHGame.dll,release_1_5_1164953_841,0x64ec78,131,FUN_18064ec78,,,85d5dd9418a27f1f937ede927549f7bad5c9a7009f4eb9b4b9427d76c7980ffa,undefined FUN_18064ec78(),ghidra,clean,
WHGame.dll,release_1_5_1164953_841,0x64ecfc,75,FUN_18064ecfc,,,8e9472533ca8ef72cde915c00b256ab7b4bbdd9f22ec74fcf93d402bb7a19c45,undefined FUN_18064ecfc(),ghidra,clean,
WHGame.dll,release_1_5_1164953_841,0x64ed48,336,FUN_18064ed48,,,c7ec3985f67e6858e287b119b3c1fdf8243d9e250e77c0e86af0e0bcb409987c,undefined FUN_18064ed48(),ghidra,clean,
WHGame.dll,release_1_5_1164953_841,0x64ee98,740,FUN_18064ee98,,,4726983b5e171b08f17f23540476dcce60622892d876bf77d785596d58284ce0,undefined FUN_18064ee98(),ghidra,clean,
WHGame.dll,release_1_5_1164953_841,0x64f17c,414,FUN_18064f17c,,,1789a3556c312595a83b5013c8a9c798113ac8a36b862024535ceb82eb294cc6,undefined FUN_18064f17c(),ghidra,clean,
WHGame.dll,release_1_5_1164953_841,0x64f31c,944,FUN_18064f31c,,,62ad89207986d7bf19415bc177d6c11baedab551d2fb0617947586a0554a17d8,undefined FUN_18064f31c(),ghidra,clean,
WHGame.dll,release_1_5_1164953_841,0x64f6cc,1262,FUN_18064f6cc,,,527c09631029d07f75c5df820abeb1cb65571d916d280ade59a80b0af7f0847e,undefined FUN_18064f6cc(),ghidra,clean,
WHGame.dll,release_1_5_1164953_841,0x64fbbc,1471,FUN_18064fbbc,,,eb3faf145611187fac6c405be8720dbb14c1332ef71b9e16aa1c6ac328c9f2f0,undefined FUN_18064fbbc(),ghidra,clean,
WHGame.dll,release_1_5_1164953_841,0x65017c,3509,FUN_18065017c,,,1e4257f410ceef80fd5f513e606b373626044b827548036f648c14f07e7c4b0d,undefined FUN_18065017c(),ghidra,clean,
WHGame.dll,release_1_5_1164953_841,0x650f34,47,FUN_180650f34,,,d344aebb6ceeed35584d6a0631e34beb1e687afe6f177640302ca7926f9b51c2,undefined FUN_180650f34(),ghidra,clean,
WHGame.dll,release_1_5_1164953_841,0x650f64,28,FUN_180650f64,,,a4204df746e3569da803ab4d4e26dc293e3bdbebe19dad837524d12829f9fedd,undefined FUN_180650f64(),ghidra,clean,
WHGame.dll,release_1_5_1164953_841,0x650f80,1070,FUN_180650f80,,,8ba5276bc859633af2587334a79c3ec02dfcaee6f016ad42d1fa7eff578e8355,undefined FUN_180650f80(),ghidra,clean,
WHGame.dll,release_1_5_1164953_841,0x6513b0,1000,FUN_1806513b0,,,49c5cf7ae77df7f0f0495dc3c6122fb722c9a04f2b9aa5100df320595909fb23,undefined FUN_1806513b0(),ghidra,clean,
WHGame.dll,release_1_5_1164953_841,0x651798,643,FUN_180651798,,,76dbcdc4626a600e6fef557526fa95d6bb7674dd5524f7ea5cfb26672aa9e6fd,undefined FUN_180651798(),ghidra,clean,
WHGame.dll,release_1_5_1164953_841,0x651a1c,555,FUN_180651a1c,,,5aa16d10ac5bd8bced8224e62e385c6599ec22ccebdd4a2d358a5ca41b8c574e,undefined FUN_180651a1c(),ghidra,clean,
WHGame.dll,release_1_5_1164953_841,0x651c48,807,FUN_180651c48,,,d1c547009354bb4c59b9605b6b2731e26805fef3c6307085796647549bb59306,undefined FUN_180651c48(),ghidra,clean,
WHGame.dll,release_1_5_1164953_841,0x651f70,56,FUN_180651f70,,,3b1b1811f761f74f26a643a1dc7a0938e084db8068c160b8408d443973aa390d,undefined FUN_180651f70(),ghidra,clean,
WHGame.dll,release_1_5_1164953_841,0x651fa8,1494,FUN_180651fa8,,,984aeb20242dc4ccc74eaa810eba4170681aa8327d78cff243882938d62d1795,undefined FUN_180651fa8(),ghidra,clean,
WHGame.dll,release_1_5_1164953_841,0x65224c,26,FUN_18065224c,,,220c4de697c0e719a6d0f1fe8ec865b2b331c9fbb86a9f3af38241ee6513ea2f,undefined FUN_18065224c(),ghidra,clean,
WHGame.dll,release_1_5_1164953_841,0x652268,196,FUN_180652268,,,b095050c1b0a642fc8309a5545cd628ca63e8f08879971a3fe70228698118c18,undefined FUN_180652268(),ghidra,clean,
WHGame.dll,release_1_5_1164953_841,0x6522a0,947,FUN_1806522a0,,,c9d5943cf64a6e4c63687ae816371ed1bde8d45b3b5cdb3f4959fd3a5b7b0e8d,undefined FUN_1806522a0(),ghidra,clean,
WHGame.dll,release_1_5_1164953_841,0x652654,44,FUN_180652654,,,f33815cb5f7a01e8fd7eadc39c8663121731fc13f1810c08a2dcad4d873d520b,undefined FUN_180652654(),ghidra,clean,
WHGame.dll,release_1_5_1164953_841,0x652680,644,FUN_180652680,,,e4f5211952d57d70fde8e22e7a6779a268d6115e4a36e9a49424825cc0798717,undefined FUN_180652680(),ghidra,clean,
WHGame.dll,release_1_5_1164953_841,0x65284c,22,FUN_18065284c,,,85730b03475b85eb782bf09ced5807dbbeb145b07c275e4c3b0597c94a09b3e5,undefined FUN_18065284c(),ghidra,clean,
WHGame.dll,release_1_5_1164953_841,0x652864,130,FUN_180652864,,,292bf322eeb42b49757f2e84ea6876e51a2999ef44e6a56afd274bb27fc04775,undefined FUN_180652864(),ghidra,clean,
WHGame.dll,release_1_5_1164953_841,0x65288c,77,FUN_18065288c,,,26d221ff10799cc800186d88c37ec87be66e57da46dd0a08d7e6377de01eade8,undefined FUN_18065288c(),ghidra,clean,
WHGame.dll,release_1_5_1164953_841,0x6528dc,19,FUN_1806528dc,,,b3c0caef1a86bc5776ea669b45bb9cacab8492d8f60d4d19f6631c3c1cd26fdf,undefined FUN_1806528dc(),ghidra,clean,
WHGame.dll,release_1_5_1164953_841,0x6528f0,94,FUN_1806528f0,,,ebdf2b1f862855c5a7ecd9ba1774f4d0972958db9fa806ef683948ea47b16e61,undefined FUN_1806528f0(),ghidra,clean,
WHGame.dll,release_1_5_1164953_841,0x652950,1896,FUN_180652950,,,753d1e962a98a7c1037d9b0e10c0422c99c26c01f2a4db7eda9d576869b60c76,undefined FUN_180652950(),ghidra,clean,
WHGame.dll,release_1_5_1164953_841,0x6530b8,150,FUN_1806530b8,,,6ff178c267dfb07f56c4c4234665b43ca1b0b4778cee77d5b7d73b14945ca3ef,undefined FUN_1806530b8(),ghidra,clean,
WHGame.dll,release_1_5_1164953_841,0x653150,148,FUN_180653150,,,f7d2e377a309c83eaec242f86a92bbf92fc1158aae6321a9243e5388cc71b578,undefined FUN_180653150(),ghidra,clean,
WHGame.dll,release_1_5_1164953_841,0x6531e4,109,FUN_1806531e4,,,cb797be12dcfeec0541f5dd92573d72760b971ee4fb1d966aa51427cf2f4493b,undefined FUN_1806531e4(),ghidra,clean,
WHGame.dll,release_1_5_1164953_841,0x653254,173,FUN_180653254,,,27c5a2514b46528e474c35580cc6d1b4316e6fd6bc7003cfb6585e90cdaef06a,undefined FUN_180653254(),ghidra,clean,
WHGame.dll,release_1_5_1164953_841,0x6532d0,106,FUN_1806532d0,,,59d22e0e904af44fe2ce9ede00257491fab108299a90b864ed29b439511ecac7,undefined FUN_1806532d0(),ghidra,clean,
WHGame.dll,release_1_5_1164953_841,0x653330,94,FUN_180653330,,,167f5e90327b2e42eabacc58f80976ece84f749214165b3c35c581e7db796d2b,undefined FUN_180653330(),ghidra,clean,
WHGame.dll,release_1_5_1164953_841,0x653390,94,FUN_180653390,,,5b0b83c45904600c5a452abebe49e04563f9a43c4aa285586a7f98781fe9c38c,undefined FUN_180653390(),ghidra,clean,
WHGame.dll,release_1_5_1164953_841,0x6533f0,18,FUN_1806533f0,,,43c4dcfafe3875c7983cde4e43dfc12984555bdb94e4580d31508573f623023e,undefined FUN_1806533f0(),ghidra,clean,
WHGame.dll,release_1_5_1164953_841,0x653404,520,FUN_180653404,,,078298d86d8f17d7abf1c18bd6acfabf1c6c6355d2ef00fe6d14c1b5f4f8fd4b,undefined FUN_180653404(),ghidra,clean,
WHGame.dll,release_1_5_1164953_841,0x6535a4,98,FUN_1806535a4,,,898af278f2872da102e3edcd763d008d9951707bb3369e93f7b08163546af244,undefined FUN_1806535a4(),ghidra,clean,
WHGame.dll,release_1_5_1164953_841,0x653608,2219,FUN_180653608,,,96b00ed331bd04716c862bf38e25591130fc476646997124b9399e19db9d9357,undefined FUN_180653608(),ghidra,clean,
WHGame.dll,release_1_5_1164953_841,0x653b60,62,FUN_180653b60,,,fe0070111e2be631bec6a3e6268ae66efc0dce20fb3f176d643e787a3f2c5095,undefined FUN_180653b60(),ghidra,clean,
WHGame.dll,release_1_5_1164953_841,0x653ba0,5511,FUN_180653ba0,,,3faa75ee288052005f4600b9703cda1b703156ca51baa44f8f494cecb113dea8,undefined FUN_180653ba0(),ghidra,clean,
WHGame.dll,release_1_5_1164953_841,0x655128,120,FUN_180655128,,,a77ee812c53d2028e1708dda1f602e8cf1aef1d06fa0715aa280cfedeba592cd,undefined FUN_180655128(),ghidra,clean,
WHGame.dll,release_1_5_1164953_841,0x6551a0,49,FUN_1806551a0,,,90a78d0de6a579e1dad138ae6b57018f3939820b6c8d31d595d8ecd6ec7e2468,undefined FUN_1806551a0(),ghidra,clean,
WHGame.dll,release_1_5_1164953_841,0x6551d0,30,FUN_1806551d0,,,0e6d437f1e0ef6b19770288a451e63728c31104646079de65e8be787cc7a64c2,undefined FUN_1806551d0(),ghidra,clean,
WHGame.dll,release_1_5_1164953_841,0x6551f0,105,FUN_1806551f0,,,33ada9fbacdb881741d90227f9450fcdfcdb1cf0e9cadd54548f2c62eec24fd7,undefined FUN_1806551f0(),ghidra,clean,
WHGame.dll,release_1_5_1164953_841,0x65525c,46,FUN_18065525c,,,862ade5441276a8cb9d621ce0358124ed9e286bc9786f6d71e62696f9cf99902,undefined FUN_18065525c(),ghidra,clean,
WHGame.dll,release_1_5_1164953_841,0x65528c,3206,FUN_18065528c,,,cbc2a1c4a5e54f0abd4d537d22195a2c5522a10e52539adc9f51118754064fc3,undefined FUN_18065528c(),ghidra,clean,
WHGame.dll,release_1_5_1164953_841,0x655f14,139,FUN_180655f14,,,719a1a503d9a0c3ce999d66039e6ea92f03460bf034e507f773d2f60bebbe19b,undefined FUN_180655f14(),ghidra,clean,
WHGame.dll,release_1_5_1164953_841,0x655f7c,2522,FUN_180655f7c,,,bf8106829bc4656c36b326a638090073a680bff388d8a9b67f07a7c0d0ea563d,undefined FUN_180655f7c(),ghidra,clean,
WHGame.dll,release_1_5_1164953_841,0x656958,800,FUN_180656958,,,aecba5ac315c0ddf10d3e75a46acc824ae219b94dbb7844c2691ad5e91307745,undefined FUN_180656958(),ghidra,clean,
WHGame.dll,release_1_5_1164953_841,0x656c78,9,FUN_180656c78,,,5c644987ce507b4201aeee27e8cd7c0b9ce321cb03011df6190566f91fc971d8,undefined FUN_180656c78(),ghidra,clean,
WHGame.dll,release_1_5_1164953_841,0x656c84,139,FUN_180656c84,,,9dc9fc06f8619b33e401c6b60221232ef84f84bb2ac202a3d41f356ed09647ff,undefined FUN_180656c84(),ghidra,clean,
WHGame.dll,release_1_5_1164953_841,0x656d10,151,FUN_180656d10,,,77eafc8300b33ad06b0df8c78f5b06f0d67d28e963cc2c1623a89d843ff47e12,undefined FUN_180656d10(),ghidra,clean,
WHGame.dll,release_1_5_1164953_841,0x656d60,17,FUN_180656d60,,,1dc4356c21b5ae840906f35b70499f632d331986fe7f9bfe20c07c018c72232b,undefined FUN_180656d60(),ghidra,clean,
WHGame.dll,release_1_5_1164953_841,0x656d74,66,FUN_180656d74,,,5aa6b302efa07fc440485df82165b0d0b9cbd6a526b660dc99b4616a4ead10c0,undefined FUN_180656d74(),ghidra,clean,
WHGame.dll,release_1_5_1164953_841,0x656db8,844,FUN_180656db8,,,aeb38ae755c71fcb5d99dbdcfc17a6c464baa3a06ed5f77992420124d2fd0860,undefined FUN_180656db8(),ghidra,clean,
WHGame.dll,release_1_5_1164953_841,0x657104,152,FUN_180657104,,,6a343f52e8f483f5990aa2fd122edb8d00dff1d941d4faffc877f377fc3842b1,undefined FUN_180657104(),ghidra,clean,
WHGame.dll,release_1_5_1164953_841,0x65719c,112,FUN_18065719c,,,553d6f642ff3d880385e8a1419004aae43a0a915860223a83d296a3ba30834f1,undefined FUN_18065719c(),ghidra,clean,
WHGame.dll,release_1_5_1164953_841,0x65720c,372,FUN_18065720c,,,2713d80249165a3c89e9dff34028f77d2b3aa28d6d7e61596a9e3afc310c4e27,undefined FUN_18065720c(),ghidra,clean,
WHGame.dll,release_1_5_1164953_841,0x657380,1824,FUN_180657380,,,fdd6de261127fb43b08e561ce70aadf7af5e6656d4415083056a060da14374d7,undefined FUN_180657380(),ghidra,clean,
WHGame.dll,release_1_5_1164953_841,0x657aa0,148,FUN_180657aa0,,,b73922c47b64879250a84467fa9571717fe5dadfcd1779232dbe4be294aca5a0,undefined FUN_180657aa0(),ghidra,clean,
WHGame.dll,release_1_5_1164953_841,0x657b34,36,FUN_180657b34,,,ec6ac2e4eff1604a6ebdbfe1af75a11aafe6fe9e808343a9091d103e86dc4c44,undefined FUN_180657b34(),ghidra,clean,
WHGame.dll,release_1_5_1164953_841,0x657b58,438,FUN_180657b58,,,82f13cdfb0b83dd953d971eb6a1bb1d4a20c7b00ac1efe4392906605828b49c4,undefined FUN_180657b58(),ghidra,clean,
WHGame.dll,release_1_5_1164953_841,0x657d10,8,FUN_180657d10,,,4e7811a9488c4bcf3e54fc87304f26bd8a5c38824f724937586a5000f84eaf17,undefined FUN_180657d10(),ghidra,clean,
WHGame.dll,release_1_5_1164953_841,0x657d18,1295,FUN_180657d18,,,7dcc36f75262d7086469bb99a706ee08c605e199cc79d33585e10da2f2d9ed15,undefined FUN_180657d18(),ghidra,clean,
WHGame.dll,release_1_5_1164953_841,0x658228,57,FUN_180658228,,,aaa682197ad0407122838cb4eb00f78910d9e75712b23e8d554f6356b65f3188,undefined FUN_180658228(),ghidra,clean,
WHGame.dll,release_1_5_1164953_841,0x658264,816,FUN_180658264,,,f9ad6eee59ac4e0192f788241afb4c6f8c8d77ac062c85e9d8b2d92bc6f9c4b2,undefined FUN_180658264(),ghidra,clean,
WHGame.dll,release_1_5_1164953_841,0x658594,57,FUN_180658594,,,12d81ee2043161c75b683ab546f1eefb90a910dd04af0a4b48a340044ae68cd1,undefined FUN_180658594(),ghidra,clean,
WHGame.dll,release_1_5_1164953_841,0x6585d0,57,FUN_1806585d0,,,3126f91a43d6e1b2a5ceaee32f9f6f22960daed73252c9f88535e9bc0ea70292,undefined FUN_1806585d0(),ghidra,clean,
WHGame.dll,release_1_5_1164953_841,0x65860c,2317,FUN_18065860c,,,fa6d4a88203777183e28bf43eb2cb836090d1a1fa350ee5db17c7a94845c6a2b,undefined FUN_18065860c(),ghidra,clean,
WHGame.dll,release_1_5_1164953_841,0x658f1c,2707,FUN_180658f1c,,,c648e2ee6cbd123b31372872fc8afe1cdbe725130909d3c38329ef22baa0ea4f,undefined FUN_180658f1c(),ghidra,clean,
WHGame.dll,release_1_5_1164953_841,0x6599b0,18,FUN_1806599b0,,,7a5ed92fb02c3efebd4906330e6dacc70c356b7a8f55048a52d13266b41fd0be,undefined FUN_1806599b0(),ghidra,clean,
WHGame.dll,release_1_5_1164953_841,0x6599d0,5,FUN_1806599d0,,,b4cc0aed043083a830969c82f48d682c0e6d9d0d5b1819e86b257a73e10093e6,undefined FUN_1806599d0(),ghidra,clean,
WHGame.dll,release_1_5_1164953_841,0x6599e0,36,FUN_1806599e0,,,298b8c6d71152c5e582c6865c7e1c395ebefe7611b729d805d32f14e02ff7ba8,undefined FUN_1806599e0(),ghidra,clean,
WHGame.dll,release_1_5_1164953_841,0x659a04,57,FUN_180659a04,,,9a82ea24935253bc50142d72fbe585062322654bbfd9c0a8ba76dad37c348ee3,undefined FUN_180659a04(),ghidra,clean,
WHGame.dll,release_1_5_1164953_841,0x659a40,19,FUN_180659a40,,,b6b7ac9a441a230560497c93a1a75d303e99850ce3c47ed36203c76ea614dad4,undefined FUN_180659a40(),ghidra,clean,
WHGame.dll,release_1_5_1164953_841,0x659a54,111,FUN_180659a54,,,7f7c6bff3677d917dacf5addd7a3ac8a67fa000a27c2d487127b9fa069151380,undefined FUN_180659a54(),ghidra,clean,
WHGame.dll,release_1_5_1164953_841,0x659ac4,841,FUN_180659ac4,,,909401fa15ee64d5c25ff6a7afeffc4c7823bc91dea007d0fdde09420aafba3c,undefined FUN_180659ac4(),ghidra,clean,
WHGame.dll,release_1_5_1164953_841,0x659e10,19,FUN_180659e10,,,cd76c9e8fa3878ffb7ec889d20daf918241205529097873ad6f1953596e22b36,undefined FUN_180659e10(),ghidra,clean,
WHGame.dll,release_1_5_1164953_841,0x659e24,860,FUN_180659e24,,,d899b88eab2feb47b49f8e10923f7a793c83641dfef9f576580f1d819890aba4,undefined FUN_180659e24(),ghidra,clean,
WHGame.dll,release_1_5_1164953_841,0x65a180,405,FUN_18065a180,,,33f450b7767eec8d4f677439dfd2b6506a16c04cfe8fb8499754afbc62834265,undefined FUN_18065a180(),ghidra,clean,
WHGame.dll,release_1_5_1164953_841,0x65a318,1192,FUN_18065a318,,,ee63597954d5bc1686fdc6604ea3fc4153c1f8af2e619a6324bcc560e536702f,undefined FUN_18065a318(),ghidra,clean,
WHGame.dll,release_1_5_1164953_841,0x65a7c0,1438,FUN_18065a7c0,,,234d50dede95098db5fc3e673917114c573a0cf17745add4670a0bcc81c7b129,undefined FUN_18065a7c0(),ghidra,clean,
WHGame.dll,release_1_5_1164953_841,0x65ad0c,128,FUN_18065ad0c,,,ba1733ab61d68ba4b42d8881af105b7a4ed725e1c725d072408bbeeb352d8336,undefined FUN_18065ad0c(),ghidra,clean,
WHGame.dll,release_1_5_1164953_841,0x65ad8c,151,FUN_18065ad8c,,,8ccc0e7566313627aba2756a378208a135a26ec3a229ae527aebfd56b03efe96,undefined FUN_18065ad8c(),ghidra,clean,
WHGame.dll,release_1_5_1164953_841,0x65ae24,196,FUN_18065ae24,,,3e468daa74fdc2a69dfb7c961aad805a035d66434256bc7409afa52f5e9aae3f,undefined FUN_18065ae24(),ghidra,clean,
WHGame.dll,release_1_5_1164953_841,0x65aee8,203,FUN_18065aee8,,,7defeaa9ff535747ed7f614f044cc0af062ce4767fcab49b09471e6ff240e0a0,undefined FUN_18065aee8(),ghidra,clean,
WHGame.dll,release_1_5_1164953_841,0x65afb4,280,FUN_18065afb4,,,daa744df6b340d47b71aff92254b91835caa262d8efc706f33219adf2d0dde4a,undefined FUN_18065afb4(),ghidra,clean,
WHGame.dll,release_1_5_1164953_841,0x65b0ac,238,FUN_18065b0ac,,,cff9b6795dfc27701e5cda5e071d316b1f26b53dd792292b97cda439c07cc39b,undefined FUN_18065b0ac(),ghidra,clean,
WHGame.dll,release_1_5_1164953_841,0x65b19c,8,FUN_18065b19c,,,6ed6413de832d95e23030b238c0285d7f61e23bec4f7d7d98b50c7f63dff612f,undefined FUN_18065b19c(),ghidra,clean,
WHGame.dll,release_1_5_1164953_841,0x65b1a4,76,FUN_18065b1a4,,,16387f51df1bdf02255e3dd96e00c6ce286bedc5cf512a4b123116f5498b8de5,undefined FUN_18065b1a4(),ghidra,clean,
WHGame.dll,release_1_5_1164953_841,0x65b1f0,94,FUN_18065b1f0,,,7590d9ec8f069eec794cccd6750462df3813e7103fb088929eee71aea91c3f29,undefined FUN_18065b1f0(),ghidra,clean,
WHGame.dll,release_1_5_1164953_841,0x65b250,143,FUN_18065b250,,,33aa6389594f531c1f9ab4b800e6dab31d6530e9102f487f58d2cc1c079f339e,undefined FUN_18065b250(),ghidra,clean,
WHGame.dll,release_1_5_1164953_841,0x65b2e0,3340,FUN_18065b2e0,,,4212fc9de9452668345cb4ac4450fdea9c41cde17aa968ae8a1b3ee7454cd8b3,undefined FUN_18065b2e0(),ghidra,clean,
WHGame.dll,release_1_5_1164953_841,0x65bfec,1114,FUN_18065bfec,,,67a9222ee0bc2a3ae2ef7ff6147ce204e0b54a1702e6720b7ca1aa78c80998af,undefined FUN_18065bfec(),ghidra,clean,
WHGame.dll,release_1_5_1164953_841,0x65c448,76,FUN_18065c448,,,32d992544ec38adcf9380e3335843de7305261ed717c30e1a5243704d9505448,undefined FUN_18065c448(),ghidra,clean,
WHGame.dll,release_1_5_1164953_841,0x65c494,94,FUN_18065c494,,,2715629c66a29687efd0b7132cf836c48dda20ada43b901ca11be95c87abf05e,undefined FUN_18065c494(),ghidra,clean,
WHGame.dll,release_1_5_1164953_841,0x65c4f4,1442,FUN_18065c4f4,,,9884aea1c0dbb3759389d6634f8f03cc063e6de696415048f6dafb1e651f5aa0,undefined FUN_18065c4f4(),ghidra,clean,
WHGame.dll,release_1_5_1164953_841,0x65ca98,421,FUN_18065ca98,,,9a27ae2ac4923ef655f77570897b597ef8b2b8bcef77c1c2df194e57bbfc5b92,undefined FUN_18065ca98(),ghidra,clean,
WHGame.dll,release_1_5_1164953_841,0x65cc40,320,FUN_18065cc40,,,4c5e6432c4f20f8f53953e1684e5dce657303f6a0aaa99acad1f28c6a48e16f6,undefined FUN_18065cc40(),ghidra,clean,
WHGame.dll,release_1_5_1164953_841,0x65cd80,121,FUN_18065cd80,,,c913c5d76bf0bb5430d7b3c10a0ca91c1b47e6e51b6324a19139f422f2c79e58,undefined FUN_18065cd80(),ghidra,clean,
WHGame.dll,release_1_5_1164953_841,0x65cdfc,134,FUN_18065cdfc,,,eca5e0dbebec4de35565187d34ed239cdaa320cfb032cb173a0f7e1bfaffd400,undefined FUN_18065cdfc(),ghidra,clean,
WHGame.dll,release_1_5_1164953_841,0x65ce84,259,FUN_18065ce84,,,090d7ca258ab40a9a840ac87c8a53a7feb1dce1e400f9546464a29da7629b603,undefined FUN_18065ce84(),ghidra,clean,
WHGame.dll,release_1_5_1164953_841,0x65cf88,90,FUN_18065cf88,,,439849efb4346a6e82bbdac697a5933e1281330002144df45ba2b3dd2e50f100,undefined FUN_18065cf88(),ghidra,clean,
WHGame.dll,release_1_5_1164953_841,0x65cfe4,1047,FUN_18065cfe4,,,c5769a55ba698469423d779c5c98da70bb7463ac09a3b94aa6d9d86c4a9f6e92,undefined FUN_18065cfe4(),ghidra,clean,
WHGame.dll,release_1_5_1164953_841,0x65d3fc,38,FUN_18065d3fc,,,18193d0340bb734cd4da6eb53d4f3945a73dd0c39e8fa7dc9cdfda8fe47315af,undefined FUN_18065d3fc(),ghidra,clean,
WHGame.dll,release_1_5_1164953_841,0x65d424,694,FUN_18065d424,,,050680cdeea7402d4aba4a2ba76bfad9f8d77be518c97e1cdeb91f32c122182f,undefined FUN_18065d424(),ghidra,clean,
WHGame.dll,release_1_5_1164953_841,0x65d6dc,67,FUN_18065d6dc,,,440db9ddb372c32c9f99631f49073c51cfa2a2d9fe496de590f0142e5a4ddfcd,undefined FUN_18065d6dc(),ghidra,clean,
WHGame.dll,release_1_5_1164953_841,0x65d720,415,FUN_18065d720,,,3ebab4f1854722a25c168015b0685805007775cee4616f9ee70b66abb92b6394,undefined FUN_18065d720(),ghidra,clean,
WHGame.dll,release_1_5_1164953_841,0x65d8c0,113,FUN_18065d8c0,,,927a215b8788aa363fec4f22cf59a207e3f981c233f73f3757db3d104dfb0b3b,undefined FUN_18065d8c0(),ghidra,clean,
WHGame.dll,release_1_5_1164953_841,0x65d934,412,FUN_18065d934,,,01be090065e5edd5facca1541037686933939028dd4469de20b6a7719426573d,undefined FUN_18065d934(),ghidra,clean,
WHGame.dll,release_1_5_1164953_841,0x65dab8,217,FUN_18065dab8,,,d118faf9426c2109467c5398260b70b9b7cfa7e01e3b5979aac8064faa27b3e4,undefined FUN_18065dab8(),ghidra,clean,
WHGame.dll,release_1_5_1164953_841,0x65db94,150,FUN_18065db94,,,d1cc668f19c393a36def34c230c32a845353aa43eb963d8d13324f6f3e6f63e2,undefined FUN_18065db94(),ghidra,clean,
WHGame.dll,release_1_5_1164953_841,0x65dc2c,523,FUN_18065dc2c,,,e627ac0bb7cdb6c61adc590dec3a93e319ebb8dc712b8ee31c7d4ff5d121307d,undefined FUN_18065dc2c(),ghidra,clean,
WHGame.dll,release_1_5_1164953_841,0x65de38,5068,FUN_18065de38,,,e37906f530976ac65872e3647a4fa4975f2dfae11408e7fb690ad4f19dc6b90c,undefined FUN_18065de38(),ghidra,clean,
WHGame.dll,release_1_5_1164953_841,0x65f204,1025,FUN_18065f204,,,912a3f888963d9a3c3033e79975bfdc50c1808a29e08f97f3ee55fa9462b31b1,undefined FUN_18065f204(),ghidra,clean,
WHGame.dll,release_1_5_1164953_841,0x65f608,417,FUN_18065f608,,,41d724b8cf32b8c8c1327b9f019989b271f258e71c75f09c5689f48890ea54ca,undefined FUN_18065f608(),ghidra,clean,
WHGame.dll,release_1_5_1164953_841,0x65f7ac,47,FUN_18065f7ac,,,fcb10af5b43692b240e5081acc13d306491f0bc46ff6f3e0e0b49f58afcf6ada,undefined FUN_18065f7ac(),ghidra,clean,
WHGame.dll,release_1_5_1164953_841,0x65f7dc,117,FUN_18065f7dc,,,dc29302d4d2e9b8e280f696618d8a7fdbf73c7789157575fac33f068e49c3f6a,undefined FUN_18065f7dc(),ghidra,clean,
WHGame.dll,release_1_5_1164953_841,0x65f838,2307,FUN_18065f838,,,c59a72e7fba1f0aeaf213acad2d9c661ef2803983c449abe9086aa547874f86f,undefined FUN_18065f838(),ghidra,clean,
WHGame.dll,release_1_5_1164953_841,0x66013c,3476,FUN_18066013c,,,674b23d2ec8e3adad643c16a15fa7c99ef2a1c618d290fb8d40b6f1e7bb33356,undefined FUN_18066013c(),ghidra,clean,
WHGame.dll,release_1_5_1164953_841,0x660ed0,3033,FUN_180660ed0,,,82a058e51b78bc884189bf1d2bce86a093508dbec1fbeff52b0e6a1a89974fb9,undefined FUN_180660ed0(),ghidra,clean,
WHGame.dll,release_1_5_1164953_841,0x661aac,687,FUN_180661aac,,,1f1aeff48d51945a1597503d842066f7dcd7aa1f413f7a07d2ed3f7075d997ef,undefined FUN_180661aac(),ghidra,clean,
WHGame.dll,release_1_5_1164953_841,0x661d5c,749,FUN_180661d5c,,,563f686c27c054a52d4bff414e4a64a8e1f6e0c636bc6d656d0fd8f6f40191cf,undefined FUN_180661d5c(),ghidra,clean,
WHGame.dll,release_1_5_1164953_841,0x66204c,6064,FUN_18066204c,,,ca950c62d942bb42512b5568fd093de09930722375a3e82f8ee0917e10783560,undefined FUN_18066204c(),ghidra,clean,
WHGame.dll,release_1_5_1164953_841,0x6637fc,1803,FUN_1806637fc,,,850f40b37e6fdb22f0e505d8336429248c8da1f22d127542acc190e2d0ee0285,undefined FUN_1806637fc(),ghidra,clean,
WHGame.dll,release_1_5_1164953_841,0x663f08,955,FUN_180663f08,,,132962dcc09f0f07843363002f7770a1bdc077ace36cd1fa2df1f64d3e8ceacc,undefined FUN_180663f08(),ghidra,clean,
WHGame.dll,release_1_5_1164953_841,0x6642c4,73,FUN_1806642c4,,,9186215ebfc6940bbd9724771c4fbff886d97eaebba37885a05ccd7ebf711249,undefined FUN_1806642c4(),ghidra,clean,
WHGame.dll,release_1_5_1164953_841,0x6642fc,646,FUN_1806642fc,,,f62a44e0ee80886777e62ccd257d32167ca123933bc060cc95b760af9623058f,undefined FUN_1806642fc(),ghidra,clean,
WHGame.dll,release_1_5_1164953_841,0x6644b4,34,FUN_1806644b4,,,6389b496ab0d165d555581dbf1a505ee31d1ce4cecc178d3c187421228955c2d,undefined FUN_1806644b4(),ghidra,clean,
WHGame.dll,release_1_5_1164953_841,0x6644d8,35,FUN_1806644d8,,,d0bbfad389aca1668f49e7f8723de901d51b1810e9210534f63a89ca20ae4194,undefined FUN_1806644d8(),ghidra,clean,
WHGame.dll,release_1_5_1164953_841,0x6644fc,74,FUN_1806644fc,,,9fdb3ed0634f7683ec34c62198acf5feb6d257848ea252716754d3b3f23dd9cb,undefined FUN_1806644fc(),ghidra,clean,
WHGame.dll,release_1_5_1164953_841,0x664548,203,FUN_180664548,,,17ceda2d039aa36071d7d03831bb9e534a71da2c42f37fa889fe6ce4b4314a06,undefined FUN_180664548(),ghidra,clean,
WHGame.dll,release_1_5_1164953_841,0x66460c,71,FUN_18066460c,,,a938ad98e412b3ee86a7f3bc135ddab4f7f8451fdaa926a742133e32e6749fa3,undefined FUN_18066460c(),ghidra,clean,
WHGame.dll,release_1_5_1164953_841,0x664654,36,FUN_180664654,,,37fbe5a36c7e6d24e0a01cfe10e5c5301040b1a594bb893921c46daf00e1aa81,undefined FUN_180664654(),ghidra,clean,
WHGame.dll,release_1_5_1164953_841,0x664678,3256,FUN_180664678,,,9ae4be4cbb4a436ea61a4d6f6f029cb2afe7940a2e26434f3c36264066e63c60,undefined FUN_180664678(),ghidra,clean,
WHGame.dll,release_1_5_1164953_841,0x665324,39,FUN_180665324,,,99e166d5bb792dbb1a5532295cedb07bc453a7a9531f4a94bef21dc774f74739,undefined FUN_180665324(),ghidra,clean,
WHGame.dll,release_1_5_1164953_841,0x66534c,240,FUN_18066534c,,,53154dc9dd4b5faaca4ae7d4b84f81c1a786e13ab04de0a5d1316a08de4c903a,undefined FUN_18066534c(),ghidra,clean,
WHGame.dll,release_1_5_1164953_841,0x66543c,55,FUN_18066543c,,,ced567f421e34e9985e954a7e23623d84e6f3f75d772a60f97c393a1f8e09d18,undefined FUN_18066543c(),ghidra,clean,
WHGame.dll,release_1_5_1164953_841,0x665474,45,FUN_180665474,,,8748d53d8b87646121b84447041480c0455b8b570442394908423c09dad28acf,undefined FUN_180665474(),ghidra,clean,
WHGame.dll,release_1_5_1164953_841,0x6654a4,84,FUN_1806654a4,,,70c81d92c33a70385221b3e118d33cb2dffc370a811d37d803bdd0149761812a,undefined FUN_1806654a4(),ghidra,clean,
WHGame.dll,release_1_5_1164953_841,0x6654f8,60,FUN_1806654f8,,,d000307d9a471660b2a30c4b8d692b1e9445724fb2076563432979f3b6a25626,undefined FUN_1806654f8(),ghidra,clean,
WHGame.dll,release_1_5_1164953_841,0x665534,393,FUN_180665534,,,cc53a59571581b5c4ef972619164d2b7de4d05580ef80f59f7d0eea6defb3c46,undefined FUN_180665534(),ghidra,clean,
WHGame.dll,release_1_5_1164953_841,0x6656b0,3433,FUN_1806656b0,,,b7a85f64dc2e35be4e33d2b492a92ebfa53f4970c20e40b858923891b1271b68,undefined FUN_1806656b0(),ghidra,clean,
WHGame.dll,release_1_5_1164953_841,0x6663c0,1256,FUN_1806663c0,,,8e2eea9be8046004d0091295c61c97eb663d5d9295d967946e75567e7256c2da,undefined FUN_1806663c0(),ghidra,clean,
WHGame.dll,release_1_5_1164953_841,0x6668a8,92,FUN_1806668a8,,,7a1317b532cb0ea6338e1ecb143aec1664d330f6052ca3fe9a7071e6c3b7b372,undefined FUN_1806668a8(),ghidra,clean,
WHGame.dll,release_1_5_1164953_841,0x666904,140,FUN_180666904,,,74f201a84ba583fd08571ac7f46bd1d8d5a966ecb62ff78dae1ddf7425852d2f,undefined FUN_180666904(),ghidra,clean,
WHGame.dll,release_1_5_1164953_841,0x666968,78,FUN_180666968,,,990a26d63d8fdc5250681b41b411c16812c6e970ecb053c6f06f659dd9565362,undefined FUN_180666968(),ghidra,clean,
WHGame.dll,release_1_5_1164953_841,0x6669b8,71,FUN_1806669b8,,,1870afd27097651f02d2da6f624d9bdb6636fd4f7ffd053667e1d0442f730594,undefined FUN_1806669b8(),ghidra,clean,
WHGame.dll,release_1_5_1164953_841,0x6669f4,16,FUN_1806669f4,,,4631e72affe90d13726c55dc777f098e1b83b27dcf9f9c3e00ec99f8a35e9884,undefined FUN_1806669f4(),ghidra,clean,
WHGame.dll,release_1_5_1164953_841,0x666a04,53,FUN_180666a04,,,fa7485e6f74e09f8e00aabf16138582700220eeba419766961db849bcbc53a43,undefined FUN_180666a04(),ghidra,clean,
WHGame.dll,release_1_5_1164953_841,0x666a3c,50,FUN_180666a3c,,,a62ee05d1fc263a54640664917ed8d298ed66f4b5922ae924d274b43f1850b10,undefined FUN_180666a3c(),ghidra,clean,
WHGame.dll,release_1_5_1164953_841,0x666a64,93,FUN_180666a64,,,09e8c4acabb86bb601772a69425dfdd59f707d7f147fe3a333eb54284605e490,undefined FUN_180666a64(),ghidra,clean,
WHGame.dll,release_1_5_1164953_841,0x666ac4,83,FUN_180666ac4,,,72203ae4c23e59bb2308d9f26e7ba0ca95d461eba4c3ac44fb64d63085c27654,undefined FUN_180666ac4(),ghidra,clean,
WHGame.dll,release_1_5_1164953_841,0x666b20,9,FUN_180666b20,,,70a5b3c42524efb41ffbbe5f6d1a1df2ebd0f05dbe7b9e753e696c9a31d856c5,undefined FUN_180666b20(),ghidra,clean,
WHGame.dll,release_1_5_1164953_841,0x666b2c,245,FUN_180666b2c,,,62b0c63b38c5572eeafa87ffedd2611a1ee4812b0a419df9d02dc951d22e7f7a,undefined FUN_180666b2c(),ghidra,clean,
WHGame.dll,release_1_5_1164953_841,0x666c04,103,FUN_180666c04,,,7f9b760f5deb233bf4c80f24536ff64ebf7232d6e87a21c782809756790761fd,undefined FUN_180666c04(),ghidra,clean,
WHGame.dll,release_1_5_1164953_841,0x666c6c,59,FUN_180666c6c,,,cf0cdf7f55224d4e2bb4db4d02459b1d482abc7f6656425d69e3000df77fb81d,undefined FUN_180666c6c(),ghidra,clean,
WHGame.dll,release_1_5_1164953_841,0x666ca8,20,FUN_180666ca8,,,cb5e200ea27984c2c25b79225f230d5f14a767193d7e6894991d29401f18ca90,undefined FUN_180666ca8(),ghidra,clean,
WHGame.dll,release_1_5_1164953_841,0x666cc0,8,FUN_180666cc0,,,58536a1862f56c8557d49e5e974da51f4a9ad0d4ead95991e9cbbe95a193a170,undefined FUN_180666cc0(),ghidra,clean,
WHGame.dll,release_1_5_1164953_841,0x666cc8,144,FUN_180666cc8,,,ff4d8a72d37dd9e8a745c95814c2d8ab29d6e4864461f5bab59b7308c3d7accd,undefined FUN_180666cc8(),ghidra,clean,
WHGame.dll,release_1_5_1164953_841,0x666d58,498,FUN_180666d58,,,c6b801ca5890574174e8754971eef4714045863f655c18f62a06d1988d4282a3,undefined FUN_180666d58(),ghidra,clean,
WHGame.dll,release_1_5_1164953_841,0x666f4c,54,FUN_180666f4c,,,df9e7124607bd927a21f385b18ad40106716c7679cde8dabdc0af1b6bc904816,undefined FUN_180666f4c(),ghidra,clean,
WHGame.dll,release_1_5_1164953_841,0x666f84,170,FUN_180666f84,,,1d8cd89c7e1a5edf5d5a2e492433399875b74d93d048ed484caf95d83fb8b03d,undefined FUN_180666f84(),ghidra,clean,
WHGame.dll,release_1_5_1164953_841,0x667030,198,FUN_180667030,,,801586e5f5f8a1a45c9a20580aef5055b539087bd5a26e841e4a6538882f50b3,undefined FUN_180667030(),ghidra,clean,
WHGame.dll,release_1_5_1164953_841,0x6670f8,70,FUN_1806670f8,,,8c2b834dc9c004c04361800e7c30d303ace97252a4de958f74515eb9b41e0393,undefined FUN_1806670f8(),ghidra,clean,
WHGame.dll,release_1_5_1164953_841,0x667140,5,thunk_FUN_180eaf528,,,894929e02ad9ac29b785087c251b36620b32ee3c96b9c4e42b29420aabcce530,undefined thunk_FUN_180eaf528(),ghidra,clean,
WHGame.dll,release_1_5_1164953_841,0x667148,140,FUN_180667148,,,3064075114cc6dc9d6375d190eb748457e803c6149170539ca534b9b6ebffbd2,undefined FUN_180667148(),ghidra,clean,
WHGame.dll,release_1_5_1164953_841,0x6671d4,22,FUN_1806671d4,,,638fa48bc8bf1fa6e679487e7c146a38e1409a152d3bc93ae7600d49c3f27682,undefined FUN_1806671d4(),ghidra,clean,
WHGame.dll,release_1_5_1164953_841,0x6671ec,14,FUN_1806671ec,,,84c12819ae0cbde9b78605eb12db095dd60692a2da9676e23d2343c9d54ebd42,undefined FUN_1806671ec(),ghidra,clean,
WHGame.dll,release_1_5_1164953_841,0x6671fc,16,FUN_1806671fc,,,e2019d3ba6a0c24fefcf05be59c23f3638dff08a11391f28b2a304b76851075b,undefined FUN_1806671fc(),ghidra,clean,
WHGame.dll,release_1_5_1164953_841,0x66720c,1297,FUN_18066720c,,,a2d65402113ba8fe08b8a79e41081a8047471703189a7093848b6899f809d3c1,undefined FUN_18066720c(),ghidra,clean,
WHGame.dll,release_1_5_1164953_841,0x667530,217,FUN_180667530,,,664adabd12f4e3e9547a6a8e33d99471f04c456abed34bfe9724a0c270219669,undefined FUN_180667530(),ghidra,clean,
WHGame.dll,release_1_5_1164953_841,0x66760c,145,FUN_18066760c,,,81d4fb7beb9bc5e86fb3542e0307f0d1307385eb84fb6a66794ea2460a4f201c,undefined FUN_18066760c(),ghidra,clean,
WHGame.dll,release_1_5_1164953_841,0x667678,186,FUN_180667678,,,fa2ae92861dce558cfeb2abdd217fa93d9a31e06daff4cc9fa6c0edd5adb99e3,undefined FUN_180667678(),ghidra,clean,
WHGame.dll,release_1_5_1164953_841,0x667720,946,FUN_180667720,,,756a9f71e9df2df5e4ca0e85d24b2358e6eb39c0603c78722377d9ed5c920884,undefined FUN_180667720(),ghidra,clean,
WHGame.dll,release_1_5_1164953_841,0x667ab0,49,FUN_180667ab0,,,ab815be7dc7c691589d02614ca1afb8368f19671b22e5943e58b5769600815c8,undefined FUN_180667ab0(),ghidra,clean,
WHGame.dll,release_1_5_1164953_841,0x667ae4,30,FUN_180667ae4,,,c45eae39d82610ed7e337f6220584e904fb2b1bb2556c3b1d7a9b9b569dda278,undefined FUN_180667ae4(),ghidra,clean,
WHGame.dll,release_1_5_1164953_841,0x667b04,30,FUN_180667b04,,,dc2699534d550b86f201a27d28b8f721e5c38e269143d7ebef664becb2f69a56,undefined FUN_180667b04(),ghidra,clean,
WHGame.dll,release_1_5_1164953_841,0x667b24,5249,FUN_180667b24,,,23ba5b8b8f310b3f1cc5427e6ecd791affd6d333290851f2545d7c500be720b9,undefined FUN_180667b24(),ghidra,clean,
WHGame.dll,release_1_5_1164953_841,0x668fa8,522,FUN_180668fa8,,,327d3fa02af4857a88f3fc4b3c7decde5baa26e5d1ecc27b2e296781b5167dfb,undefined FUN_180668fa8(),ghidra,clean,
WHGame.dll,release_1_5_1164953_841,0x66919c,70,FUN_18066919c,,,ce433def7faec45f0cb7a54791087ac049f360008b16fb9f62aa500b8bb42538,undefined FUN_18066919c(),ghidra,clean,
WHGame.dll,release_1_5_1164953_841,0x6691e4,19,FUN_1806691e4,,,8cf87f355ffa6b7e931b8967544896c44a0bd1cae771a14797c1a7ec1feb685a,undefined FUN_1806691e4(),ghidra,clean,
WHGame.dll,release_1_5_1164953_841,0x6691f0,45,FUN_1806691f0,,,b3e482d29641485291c7c5dc56b2c6f0302ff82abb960fc235e0b7461348b286,undefined FUN_1806691f0(),ghidra,clean,
WHGame.dll,release_1_5_1164953_841,0x669220,116,FUN_180669220,,,eed23b3e66ac7bddeda9f0e1d73b8dc1a433c2910c26bca7bf8394d514230824,undefined FUN_180669220(),ghidra,clean,
WHGame.dll,release_1_5_1164953_841,0x669250,66,FUN_180669250,,,ae4daa89ef33bb5ef6a98082567e5eff6f004126637fd991d47e701e7aa7b413,undefined FUN_180669250(),ghidra,clean,
WHGame.dll,release_1_5_1164953_841,0x669294,56,FUN_180669294,,,5c74c0bfa2f471494543967768b52c42b434848bded0b5b5af7d194399229f60,undefined FUN_180669294(),ghidra,clean,
WHGame.dll,release_1_5_1164953_841,0x6692a4,39,FUN_1806692a4,,,a1253bc2e5db6e5c7912eae85d193b10b6c60b76aaec4004b473a4ffe2de0455,undefined FUN_1806692a4(),ghidra,clean,
WHGame.dll,release_1_5_1164953_841,0x6692cc,64,FUN_1806692cc,,,ba44cb45a18abfba75ced947a98dc7c9a33a3439f8804d592bd3297a30e12b82,undefined FUN_1806692cc(),ghidra,clean,
WHGame.dll,release_1_5_1164953_841,0x66930c,615,FUN_18066930c,,,5e4189d1daafe42d8a5961f3587f134f3e46f5c35bf810a14bce4a3f97f231f9,undefined FUN_18066930c(),ghidra,clean,
WHGame.dll,release_1_5_1164953_841,0x6694a0,755,FUN_1806694a0,,,16caedb854cec303f6bc4e9faeff2a4ed114d2a2181ecef1f5d7aee307a96d01,undefined FUN_1806694a0(),ghidra,clean,
WHGame.dll,release_1_5_1164953_841,0x6697a0,8,FUN_1806697a0,,,9460bf213c10d9f77eb9e5cfa5b7bb3bf617816e47d5a27b16d19f4669a9fe58,undefined FUN_1806697a0(),ghidra,clean,
WHGame.dll,release_1_5_1164953_841,0x6697a8,729,FUN_1806697a8,,,b6c4f59e531a4ff6f7a6b320482979af5a326b759863e7036ef12f47f559399e,undefined FUN_1806697a8(),ghidra,clean,
WHGame.dll,release_1_5_1164953_841,0x669a84,13,FUN_180669a84,,,373eb9189703e9e7ec8556cee2d5be47692257a4ea72cf222dcda2ed44329e33,undefined FUN_180669a84(),ghidra,clean,
WHGame.dll,release_1_5_1164953_841,0x669a94,77,FUN_180669a94,,,51a20d5d1fe42a30a5b697dca1c76719e8d836bac7c5ed236cfabba09ad726b3,undefined FUN_180669a94(),ghidra,clean,
WHGame.dll,release_1_5_1164953_841,0x669ae4,132,FUN_180669ae4,,,ce1209b8114181399acb0876addc3eda2ec1d65735a3c14b4d1b0304033a9b30,undefined FUN_180669ae4(),ghidra,clean,
WHGame.dll,release_1_5_1164953_841,0x669b68,231,FUN_180669b68,,,e2a0c9ef951379e0347774e038f4c9424d191a743d688cc77faf82125a3c525b,undefined FUN_180669b68(),ghidra,clean,
WHGame.dll,release_1_5_1164953_841,0x669c50,163,FUN_180669c50,,,2de9bc5e5e998d15ab79b5f6dd02faecb23a09ca5acbfc616e1616d8f0e734ac,undefined FUN_180669c50(),ghidra,clean,
WHGame.dll,release_1_5_1164953_841,0x669cf4,266,FUN_180669cf4,,,985ae79a848c6db9e94753950a40ea333741b4bcd12d14a20d0930219e1b5af0,undefined FUN_180669cf4(),ghidra,clean,
WHGame.dll,release_1_5_1164953_841,0x669e00,34,FUN_180669e00,,,3e15596ea55dcf6cf0b9e11a6b21f87b8c03d222867f34170cd557da5bc07fdf,undefined FUN_180669e00(),ghidra,clean,
WHGame.dll,release_1_5_1164953_841,0x669e24,63,FUN_180669e24,,,695b89a646bacca436a76aa205f16e10dadd4d408f00669f2404bdc43811ff85,undefined FUN_180669e24(),ghidra,clean,
WHGame.dll,release_1_5_1164953_841,0x669e64,29,FUN_180669e64,,,d3c1fcd182ad4b0a8ebac823b87b6fe8a337fb341c44a43246563a2407ca46a3,undefined FUN_180669e64(),ghidra,clean,
WHGame.dll,release_1_5_1164953_841,0x669e84,99,FUN_180669e84,,,70240187f4c3f461ea23f908cb90d678cf62844b535d980e4bd0cae1709ca14a,undefined FUN_180669e84(),ghidra,clean,
WHGame.dll,release_1_5_1164953_841,0x669ee8,1562,FUN_180669ee8,,,f50f858754f036aea7109689c46a7c3a6d8a690d48cba6698c68de3f8d097d84,undefined FUN_180669ee8(),ghidra,clean,
WHGame.dll,release_1_5_1164953_841,0x66a28c,154,FUN_18066a28c,,,5407bea2f17b14c5898879ad56949386972122dfd2af96357bfd8129cea2f472,undefined FUN_18066a28c(),ghidra,clean,
WHGame.dll,release_1_5_1164953_841,0x66a30c,192,FUN_18066a30c,,,7ea3a734fa752594cdd9604982c0c1cc8b005653a307294aaf2ccf06c8480ac2,undefined FUN_18066a30c(),ghidra,clean,
WHGame.dll,release_1_5_1164953_841,0x66a3d0,8,FUN_18066a3d0,,,a331b757d7d0bdf84e03652f59129ea391d8684932c6ad39e99b4ff807d0ae54,undefined FUN_18066a3d0(),ghidra,clean,
WHGame.dll,release_1_5_1164953_841,0x66a3d8,82,FUN_18066a3d8,,,b94646f710d063344a7f63f9fac1ddb4b8cbf4b6eede8c1576ce448ca6c4b104,undefined FUN_18066a3d8(),ghidra,clean,
WHGame.dll,release_1_5_1164953_841,0x66a418,94,FUN_18066a418,,,6411a27dab17d958f4a95f58cbd0a3011d5c167c915dbbff9dadda8bcb2573b7,undefined FUN_18066a418(),ghidra,clean,
WHGame.dll,release_1_5_1164953_841,0x66a478,39,FUN_18066a478,,,0895d27063966793a5da08dea590460396da936bec1e2b6714924985fa277de4,undefined FUN_18066a478(),ghidra,clean,
WHGame.dll,release_1_5_1164953_841,0x66a4a0,166,FUN_18066a4a0,,,498aff314f336dc82b93784dcde2bf020ec941e26a5c3b177d6dee1dd76e2fc0,undefined FUN_18066a4a0(),ghidra,clean,
WHGame.dll,release_1_5_1164953_841,0x66a4e0,422,FUN_18066a4e0,,,48a3d88770e77ce5eddacb04e1680c4f3adddf1eed3c511242f467b6fd2d7791,undefined FUN_18066a4e0(),ghidra,clean,
WHGame.dll,release_1_5_1164953_841,0x66a688,117,FUN_18066a688,,,43f8418670249acba91c445c1ad0618a629265cf9d4f6d3cb1bbdc96725b8a52,undefined FUN_18066a688(),ghidra,clean,
WHGame.dll,release_1_5_1164953_841,0x66a700,1211,FUN_18066a700,,,3dd048e178f41bf69a3c0d48f71ecb7f932621f5a6db3adb142c3f94288f02e6,undefined FUN_18066a700(),ghidra,clean,
WHGame.dll,release_1_5_1164953_841,0x66abf0,253,FUN_18066abf0,,,848d921d630e9f9f4b5b15baf4dc1dfaf8706698033bec3c1660297e33e7c1d0,undefined FUN_18066abf0(),ghidra,clean,
WHGame.dll,release_1_5_1164953_841,0x66acf0,461,FUN_18066acf0,,,bd42202a7e77011dcd2b71febc62cd96f558df179ca9bb2bbd8b4ab2847526b1,undefined FUN_18066acf0(),ghidra,clean,
WHGame.dll,release_1_5_1164953_841,0x66aec0,61,FUN_18066aec0,,,c104838cca32cc2762fbdb4ffdc58da6b632eb1fc83a95734e93df9352260466,undefined FUN_18066aec0(),ghidra,clean,
WHGame.dll,release_1_5_1164953_841,0x66af00,573,FUN_18066af00,,,6ae7146ddf4df35672bcf620d01f3240a0f6c30dbba24d96730c3ab80f90035e,undefined FUN_18066af00(),ghidra,clean,
WHGame.dll,release_1_5_1164953_841,0x66b150,187,FUN_18066b150,,,8b94803be1b8e6198de0651498c1daa9b2b02d24e6113e1289886d2254d839e1,undefined FUN_18066b150(),ghidra,clean,
WHGame.dll,release_1_5_1164953_841,0x66b20c,211,FUN_18066b20c,,,73203f194b15edde859da01faa605e9fa9e5d4a7863675a77f97d1e8cef2534a,undefined FUN_18066b20c(),ghidra,clean,
WHGame.dll,release_1_5_1164953_841,0x66b254,178,FUN_18066b254,,,79099ff2a2ce640b9772401593805601f99bc26f7930b8056056c6413d67f13a,undefined FUN_18066b254(),ghidra,clean,
WHGame.dll,release_1_5_1164953_841,0x66b284,74,FUN_18066b284,,,3198d958b0ab349535bae9fba1913210f9671d76975cb3e4d821dca3c3bffbf6,undefined FUN_18066b284(),ghidra,clean,
WHGame.dll,release_1_5_1164953_841,0x66b2b4,280,FUN_18066b2b4,,,b5e3b9fa3de60068fea05c90b639c75f37276509b9df46196c2f393405110e19,undefined FUN_18066b2b4(),ghidra,clean,
WHGame.dll,release_1_5_1164953_841,0x66b3b8,58,FUN_18066b3b8,,,3dd9bdc376043fb732a002178a0a06e319fc198825a1de354bb6b2364454e0df,undefined FUN_18066b3b8(),ghidra,clean,
WHGame.dll,release_1_5_1164953_841,0x66b3f4,203,FUN_18066b3f4,,,1677da62debc8c0e53a9a26a301c8aeae2f5487be11d4079e526bc0256594fdf,undefined FUN_18066b3f4(),ghidra,clean,
WHGame.dll,release_1_5_1164953_841,0x66b4c0,145,FUN_18066b4c0,,,28af59f3ed588bab493a37cd2238dd55ce68c6ee79cd8ff5220a15f80b126287,undefined FUN_18066b4c0(),ghidra,clean,
WHGame.dll,release_1_5_1164953_841,0x66b544,41,FUN_18066b544,,,8863beac6294ccdd51d4db460dc1853a85955241cced1be00da1338eb8ac4f12,undefined FUN_18066b544(),ghidra,clean,
WHGame.dll,release_1_5_1164953_841,0x66b570,95,FUN_18066b570,,,e75a7d08ca64d53fdea290710ad91d547cd7df0fd78f328f9a1d6b9b8b9b38e0,undefined FUN_18066b570(),ghidra,clean,
WHGame.dll,release_1_5_1164953_841,0x66b5c0,153,FUN_18066b5c0,,,8fd31962c64a941ec21c4b2182b0e8d7cad4f9d052ddc95eee2bfe7ea2badf1e,undefined FUN_18066b5c0(),ghidra,clean,
WHGame.dll,release_1_5_1164953_841,0x66b65c,107,FUN_18066b65c,,,116ade0db42eccafdf8c705a561e18252d5e69bfa77683dfac8a00f38304ceaf,undefined FUN_18066b65c(),ghidra,clean,
WHGame.dll,release_1_5_1164953_841,0x66b6c8,29,FUN_18066b6c8,,,d50a075b8e804666560658dcd2e1826801f9ea1e5fe167f5928e0c1d9374d851,undefined FUN_18066b6c8(),ghidra,clean,
WHGame.dll,release_1_5_1164953_841,0x66b6e8,275,FUN_18066b6e8,,,2bcdac5c79600fe722bd7ba0265b33ff2c1c2006b354413cad87ba1380eacc7d,undefined FUN_18066b6e8(),ghidra,clean,
WHGame.dll,release_1_5_1164953_841,0x66b7a8,805,FUN_18066b7a8,,,23438ca115ead157a1b1ba5d20fb24485f51d87b3d2fef2b2e37bb63a683efe6,undefined FUN_18066b7a8(),ghidra,clean,
WHGame.dll,release_1_5_1164953_841,0x66bacd,346,FUN_18066bacd,,,3ee27fad9b42f932ca855c130b8cf5686fd8902835daf31c2197a95ce5acb706,undefined FUN_18066bacd(),ghidra,clean,
WHGame.dll,release_1_5_1164953_841,0x66bb5c,118,FUN_18066bb5c,,,f0fb5ad706abb4c901c128af1f1d16f7ae27e5bf195141fcb223bf46eabb43a0,undefined FUN_18066bb5c(),ghidra,clean,
WHGame.dll,release_1_5_1164953_841,0x66bbd4,25,FUN_18066bbd4,,,14f4eb9e05b6d7d02b183efab601095d5dd50b1d71530ec952b926a52e394f7c,undefined FUN_18066bbd4(),ghidra,clean,
WHGame.dll,release_1_5_1164953_841,0x66bbf0,19,FUN_18066bbf0,,,b05b0ce6e68eb2045b8dfad8a11d3c07b38f51025633d1b150838228b3fa4fd3,undefined FUN_18066bbf0(),ghidra,clean,
WHGame.dll,release_1_5_1164953_841,0x66bc04,88,FUN_18066bc04,,,3c48e568d10f6290e7abe2752e3e64a8222bee85329c2170acf8ab35f86952db,undefined FUN_18066bc04(),ghidra,clean,
WHGame.dll,release_1_5_1164953_841,0x66bc5c,106,FUN_18066bc5c,,,48445ec08c286b003c63039914e9e8716340c7aa500f6123c41ed80acd583af2,undefined FUN_18066bc5c(),ghidra,clean,
WHGame.dll,release_1_5_1164953_841,0x66bcc8,57,FUN_18066bcc8,,,5e258079728c018a918c0e62a0453a676df8cd48875ab02916f49ab9a1768bd1,undefined FUN_18066bcc8(),ghidra,clean,
WHGame.dll,release_1_5_1164953_841,0x66bd04,21,FUN_18066bd04,,,8031660ba870db4cb4266e2c612f2b413bdeb0a4c29c8e8d6bc86d3fbec3efa2,undefined FUN_18066bd04(),ghidra,clean,
WHGame.dll,release_1_5_1164953_841,0x66bd1c,71,FUN_18066bd1c,,,5bd3119e2a701c577ab4cc7ae3c68250d347afdc0cf816e69845aa1f14edd06a,undefined FUN_18066bd1c(),ghidra,clean,
WHGame.dll,release_1_5_1164953_841,0x66bd64,19,FUN_18066bd64,,,89082816301bf47e4946c35cef9d95296dc2c4a8acc20559de5a1a323437384a,undefined FUN_18066bd64(),ghidra,clean,
WHGame.dll,release_1_5_1164953_841,0x66bd78,584,FUN_18066bd78,,,0fc5847266e03e276fc1dae9a65c901a25e3e12fd7cb8eff0eb22cf622965f47,undefined FUN_18066bd78(),ghidra,clean,
WHGame.dll,release_1_5_1164953_841,0x66bfc0,10,FUN_18066bfc0,,,9cf3e43669fea874a1f65f7290426dcd17158d43e84c515372cfd094f0fadaea,undefined FUN_18066bfc0(),ghidra,clean,
WHGame.dll,release_1_5_1164953_841,0x66bfcc,320,FUN_18066bfcc,,,6ce1cd5570f83ba1a5eb1364a5d9e115623475d87b19f55af4b1c79f3f5837f1,undefined FUN_18066bfcc(),ghidra,clean,
WHGame.dll,release_1_5_1164953_841,0x66c10c,95,FUN_18066c10c,,,0f189edad9b339f8034d727d8fb0aa796c73b29cc297c91ecd18fe60a9eb8329,undefined FUN_18066c10c(),ghidra,clean,
WHGame.dll,release_1_5_1164953_841,0x66c150,246,FUN_18066c150,,,8d8d497523f8ec561b69af05fd75c146f00d7d23f0a26995aa38c57deaef86c7,undefined FUN_18066c150(),ghidra,clean,
WHGame.dll,release_1_5_1164953_841,0x66c248,1487,FUN_18066c248,,,f4014e9d8ca13881dac59a673afaa56354b5dc811ffc3ff8a7e66e2ea289f78d,undefined FUN_18066c248(),ghidra,clean,
WHGame.dll,release_1_5_1164953_841,0x66c818,18,FUN_18066c818,,,92f8041aea56e0eff38ed51e2f2dcf2d976951a4049ca97e39471f1fcb7f824a,undefined FUN_18066c818(),ghidra,clean,
WHGame.dll,release_1_5_1164953_841,0x66c82c,1583,FUN_18066c82c,,,7b17c5caa319615fd97fa2ccfdbdfa1692b368f815bb3db1df3b08f00c4fa05a,undefined FUN_18066c82c(),ghidra,clean,
WHGame.dll,release_1_5_1164953_841,0x66ce5c,274,FUN_18066ce5c,,,20bf420e5f05042145b41c335897e114cef4ad6658ca579a80220da4abecfa50,undefined FUN_18066ce5c(),ghidra,clean,
WHGame.dll,release_1_5_1164953_841,0x66cf70,3,FUN_18066cf70,,,17667e59a04855c7ee414418e5b111934bb3dd8f0f59c0966d2c4e5f064ac075,undefined FUN_18066cf70(),ghidra,clean,
WHGame.dll,release_1_5_1164953_841,0x66cf74,9,FUN_18066cf74,,,bb8f8020aa1c5c5a07b39a3c8a501a0ec0df29d2d78c2fb12253b1c3fbd4ed85,undefined FUN_18066cf74(),ghidra,clean,
WHGame.dll,release_1_5_1164953_841,0x66cf80,9,FUN_18066cf80,,,6af9af22eeb24406134fe6449d8f1165e55cd85603e0e3c18524bb5b6adadad5,undefined FUN_18066cf80(),ghidra,clean,
WHGame.dll,release_1_5_1164953_841,0x66cf8c,88,FUN_18066cf8c,,,ee997033808b53f89e86076a05ef87c69ee7692e1b0b3e1b15a9e2ca188d648d,undefined FUN_18066cf8c(),ghidra,clean,
WHGame.dll,release_1_5_1164953_841,0x66cfe4,61,FUN_18066cfe4,,,c2cb7adce3b947e994cf9495d44448fd5629d01d9aeb9b5f2ac0ebe4217c5c1c,undefined FUN_18066cfe4(),ghidra,clean,
WHGame.dll,release_1_5_1164953_841,0x66d024,220,FUN_18066d024,,,f0dabb323c1600f4e8dcddb696a3b2088005ea5dc0101a7f65b7b58dc569ae5b,undefined FUN_18066d024(),ghidra,clean,
WHGame.dll,release_1_5_1164953_841,0x66d100,26,FUN_18066d100,,,7a2c78e50114641646b0b5f900808adde883e8acf8beda421323fbe7ba0c7c99,undefined FUN_18066d100(),ghidra,clean,
WHGame.dll,release_1_5_1164953_841,0x66d11c,183,FUN_18066d11c,,,28d755ef9137083338bf329fd875560faa140fb35785c91f610a163ce7e81923,undefined FUN_18066d11c(),ghidra,clean,
WHGame.dll,release_1_5_1164953_841,0x66d1d4,71,FUN_18066d1d4,,,412912ddf03fca6f50950a1fd760de30896192e3054ebd3db0c790aa67cf128f,undefined FUN_18066d1d4(),ghidra,clean,
WHGame.dll,release_1_5_1164953_841,0x66d21c,210,FUN_18066d21c,,,7fe1bb879f5ee9551771e96480008fc37f1904656f2a0dbf3db8ee9312b5609e,undefined FUN_18066d21c(),ghidra,clean,
WHGame.dll,release_1_5_1164953_841,0x66d2f0,100,FUN_18066d2f0,,,bd52558013a8f40ab1bdbcb0d12e0829fd4d2f15471b259c0dbbbf8201e6dd6b,undefined FUN_18066d2f0(),ghidra,clean,
WHGame.dll,release_1_5_1164953_841,0x66d354,22,FUN_18066d354,,,1f557e4c15fdf61d5ae0c812b8aeb646304b446655fee5982fab89dc2ee40933,undefined FUN_18066d354(),ghidra,clean,
WHGame.dll,release_1_5_1164953_841,0x66d36c,48,FUN_18066d36c,,,4694cae0d8a3072481ed5f564502b8e5943e575bb47dc2b78ceb86e8cf67b2f1,undefined FUN_18066d36c(),ghidra,clean,
WHGame.dll,release_1_5_1164953_841,0x66d39c,62,FUN_18066d39c,,,ec263714acdf273932eb6e35e2bf7993d0013dd475a784a62721d22b51504968,undefined FUN_18066d39c(),ghidra,clean,
WHGame.dll,release_1_5_1164953_841,0x66d3c8,153,FUN_18066d3c8,,,bbef96ceaea887fa230cbe66184cd52ccfe53f5c0cdf70ee300ccf06b752d063,undefined FUN_18066d3c8(),ghidra,clean,
WHGame.dll,release_1_5_1164953_841,0x66d464,236,FUN_18066d464,,,a972f0adf3da8e5b671b4868f08bd31cfe77dde6641e92fa2baba9152e0574b3,undefined FUN_18066d464(),ghidra,clean,
WHGame.dll,release_1_5_1164953_841,0x66d550,51,FUN_18066d550,,,18ee90243d575418256e73b50555a937cdfc73d85af1205ebd64ed408e4970a1,undefined FUN_18066d550(),ghidra,clean,
WHGame.dll,release_1_5_1164953_841,0x66d584,102,FUN_18066d584,,,f29a4348954628c52b8870ad0671f660ae3928eb042d73de791512368f1caef1,undefined FUN_18066d584(),ghidra,clean,
WHGame.dll,release_1_5_1164953_841,0x66d5ec,106,FUN_18066d5ec,,,d56439f22b4131a63474f208f441f8b1a4b4cef9a8d7b2632bf93ea1fc24352e,undefined FUN_18066d5ec(),ghidra,clean,
WHGame.dll,release_1_5_1164953_841,0x66d63c,424,FUN_18066d63c,,,ae86c5f0de8518c55cd39ea9cb86ff8025b81d636a489b629a6868fa3ad17b2d,undefined FUN_18066d63c(),ghidra,clean,
WHGame.dll,release_1_5_1164953_841,0x66d7e4,120,FUN_18066d7e4,,,62989b4df4ef8db9bd306d8a81913854730b2bbeebc820221489a664c9092bce,undefined FUN_18066d7e4(),ghidra,clean,
WHGame.dll,release_1_5_1164953_841,0x66d85c,179,FUN_18066d85c,,,80603199bbb850320212aa584607e6000ae458728261c229f9758b39ff40dd36,undefined FUN_18066d85c(),ghidra,clean,
WHGame.dll,release_1_5_1164953_841,0x66d910,320,FUN_18066d910,,,837903feeea41e5d1676cff1f04b5ad1d94cdd357a9547f2747e50214ceea9cf,undefined FUN_18066d910(),ghidra,clean,
WHGame.dll,release_1_5_1164953_841,0x66da50,9,FUN_18066da50,,,72af3ae11b4d5b3111b618d9e17de51d83db3b47d3273c8af42c0542a6bd185c,undefined FUN_18066da50(),ghidra,clean,
WHGame.dll,release_1_5_1164953_841,0x66da5c,163,FUN_18066da5c,,,f49cf125d9592d8c66c0713a4e632ca95c4b95d3ef71280a2ac3565a1ae8268c,undefined FUN_18066da5c(),ghidra,clean,
WHGame.dll,release_1_5_1164953_841,0x66db00,156,FUN_18066db00,,,f13affaf38134523e1e9c2fe9ea7a57ca9d13c95be5777d4f1744042ed543b08,undefined FUN_18066db00(),ghidra,clean,
WHGame.dll,release_1_5_1164953_841,0x66db9c,71,FUN_18066db9c,,,bfab4c8aa09f195deed8c60e6b6ec95f1982378bd07daafba701d3fcd026ffa3,undefined FUN_18066db9c(),ghidra,clean,
WHGame.dll,release_1_5_1164953_841,0x66dbe4,61,FUN_18066dbe4,,,f166a95c1614dd2384320bfaa08715a5805a15ff1b96227d310b9f48b1236781,undefined FUN_18066dbe4(),ghidra,clean,
WHGame.dll,release_1_5_1164953_841,0x66dc24,51,FUN_18066dc24,,,215f2798ca09addb81c157e2573219b12ed45be1a41b14a558764e53b7702ef4,undefined FUN_18066dc24(),ghidra,clean,
WHGame.dll,release_1_5_1164953_841,0x66dc58,303,FUN_18066dc58,,,721fb475882be7c37a198c2b44b057d0dc944696e194c4ac65257f76722a0cdf,undefined FUN_18066dc58(),ghidra,clean,
WHGame.dll,release_1_5_1164953_841,0x66dd88,225,FUN_18066dd88,,,a4b03e84aa796b606026699a821ce9188bf9c14cd617762def06f89a2574dcd6,undefined FUN_18066dd88(),ghidra,clean,
WHGame.dll,release_1_5_1164953_841,0x66de6c,233,FUN_18066de6c,,,5d903bbd2d08985b8db9e3c38cf2d0d9a63385e694089baf4942782f8a7d957f,undefined FUN_18066de6c(),ghidra,clean,
WHGame.dll,release_1_5_1164953_841,0x66df00,604,FUN_18066df00,,,dbf850d45f4fb0f0fb932a0e7f3696c805cc556d250c3728fbf15a5bedac514b,undefined FUN_18066df00(),ghidra,clean,
WHGame.dll,release_1_5_1164953_841,0x66e15c,39,FUN_18066e15c,,,e76a0cc42de3f435a53f46ede37f4b03f3b79576002bac396327d3c1771bb7f0,undefined FUN_18066e15c(),ghidra,clean,
WHGame.dll,release_1_5_1164953_841,0x66e184,39,FUN_18066e184,,,e66e6eecd825630179d7a731a23b396fd66adcb93ab412f7e0b204da708fff6d,undefined FUN_18066e184(),ghidra,clean,
WHGame.dll,release_1_5_1164953_841,0x66e1ac,51,FUN_18066e1ac,,,34ef538edc2f12f48f0ed52f03e7452cc811261601ce99ce57f5c641bfe7d6b3,undefined FUN_18066e1ac(),ghidra,clean,
WHGame.dll,release_1_5_1164953_841,0x66e1e0,89,FUN_18066e1e0,,,8396fb78fca18e60e6991d43314ab4531a939ccf57960b12de473bf8da7e041f,undefined FUN_18066e1e0(),ghidra,clean,
WHGame.dll,release_1_5_1164953_841,0x66e23c,84,FUN_18066e23c,,,9a12b1cefe9bfacb6ac6abf7c655e215374c122c6b68d74405d21d5bdb688fb4,undefined FUN_18066e23c(),ghidra,clean,
WHGame.dll,release_1_5_1164953_841,0x66e280,57,FUN_18066e280,,,0bd97a8456db54b69f5092160b0cd953f33099e1c5841f49d210d441da188442,undefined FUN_18066e280(),ghidra,clean,
WHGame.dll,release_1_5_1164953_841,0x66e2bc,200,FUN_18066e2bc,,,dff7e17eef580fa2f384372644b67fa879b8f976f2d6ecd8bd888702b6d86c3f,undefined FUN_18066e2bc(),ghidra,clean,
WHGame.dll,release_1_5_1164953_841,0x66e374,56,FUN_18066e374,,,4416e51c7ca26829e02cd18f2367e4e34a5a7066d0610ac1c5475fe50f3bf2a8,undefined FUN_18066e374(),ghidra,clean,
WHGame.dll,release_1_5_1164953_841,0x66e3ac,329,FUN_18066e3ac,,,1e78c015e64fed75db56b11174b3b8c3a26b7b0d3f159521696792e2ba8d158a,undefined FUN_18066e3ac(),ghidra,clean,
WHGame.dll,release_1_5_1164953_841,0x66e4f8,91,FUN_18066e4f8,,,7c6b820fbe723f64e6ce36a4201ec197552ef1f3eb41a4c9c7eb1780c55e4685,undefined FUN_18066e4f8(),ghidra,clean,
WHGame.dll,release_1_5_1164953_841,0x66e53c,243,FUN_18066e53c,,,cb9181f0061b14ffcb49b362a616f3d9662be3a05b7e59274e269b02e42b85c3,undefined FUN_18066e53c(),ghidra,clean,
WHGame.dll,release_1_5_1164953_841,0x66e630,89,FUN_18066e630,,,245ffb723c3ef5ea9e09ef9ecb8e7764631b2ae4a77e073f32d7604e032e5cc3,undefined FUN_18066e630(),ghidra,clean,
WHGame.dll,release_1_5_1164953_841,0x66e68c,120,FUN_18066e68c,,,a063119b69b1c56c0638de8ba5deaaf7f7b1dae25b6931a7014f9852d91b3a3b,undefined FUN_18066e68c(),ghidra,clean,
WHGame.dll,release_1_5_1164953_841,0x66e704,482,FUN_18066e704,,,b30684954963b284b7ebb2c966ee648f7aaf30ed318a5b8c085810968d721b6e,undefined FUN_18066e704(),ghidra,clean,
WHGame.dll,release_1_5_1164953_841,0x66e8c8,334,FUN_18066e8c8,,,c6d917f449c83c897b50e3d9c795c965fce7416ac9bb27d853be83e77b95f027,undefined FUN_18066e8c8(),ghidra,clean,
WHGame.dll,release_1_5_1164953_841,0x66ea18,316,FUN_18066ea18,,,55c391dc5a49183d73cc35d0ec1d06c81abc3a9d6a4a84191b934a760c376891,undefined FUN_18066ea18(),ghidra,clean,
WHGame.dll,release_1_5_1164953_841,0x66ea78,176,FUN_18066ea78,,,51a2f57b426c57837696d864f8598567884069c49557e0bd68a5d8bb04d0a98a,undefined FUN_18066ea78(),ghidra,clean,
WHGame.dll,release_1_5_1164953_841,0x66eb28,176,FUN_18066eb28,,,d44820b96a6981252b7096adc17040b51dff7eadec2131aa4e2460d34488cbe5,undefined FUN_18066eb28(),ghidra,clean,
WHGame.dll,release_1_5_1164953_841,0x66eb90,696,FUN_18066eb90,,,43a2a0098f51d9babbe45e5721f25b74ea4a3cc4c0468054338e49362d6610c9,undefined FUN_18066eb90(),ghidra,clean,
WHGame.dll,release_1_5_1164953_841,0x66ec14,40,FUN_18066ec14,,,359481dc2c1749c776c29375210d2daf3b14ef51a4eebe38c45b5cc21f99268a,undefined FUN_18066ec14(),ghidra,clean,
WHGame.dll,release_1_5_1164953_841,0x66ec3c,403,FUN_18066ec3c,,,be3cd8470436f0636b3f8e3e4c83a11a824b356f24f82b45d8420b7dd86e3d30,undefined FUN_18066ec3c(),ghidra,clean,
WHGame.dll,release_1_5_1164953_841,0x66edb0,1108,FUN_18066edb0,,,7506def5e1fcfeab920c3b90084405b9054e56efef4efe705c08ca83f7386307,undefined FUN_18066edb0(),ghidra,clean,
WHGame.dll,release_1_5_1164953_841,0x66f204,2585,FUN_18066f204,,,d5a96fb954fa7d6837618e82bc2ddf5777e91ffc872b81eb14f89f2eda028234,undefined FUN_18066f204(),ghidra,clean,
WHGame.dll,release_1_5_1164953_841,0x66fc20,2550,FUN_18066fc20,,,54068225704e21fa8a0d5917260061b381495a850732491838e7fba2b087b88a,undefined FUN_18066fc20(),ghidra,clean,
WHGame.dll,release_1_5_1164953_841,0x670618,179,FUN_180670618,,,c964dde9d235b97efcb9a711a6d78a233d0f6dbdfd510d955b1cc9e9fad1264a,undefined FUN_180670618(),ghidra,clean,
WHGame.dll,release_1_5_1164953_841,0x6706cc,131,FUN_1806706cc,,,ba38817d0ba291bb09160abf804e208fa4df9c7b11555ad348034bbd1b57fd39,undefined FUN_1806706cc(),ghidra,clean,
WHGame.dll,release_1_5_1164953_841,0x670750,3427,FUN_180670750,,,f79f417bc8c32879514784bcc10499fba568cb751969b9e4d0a1c3eef0468815,undefined FUN_180670750(),ghidra,clean,
WHGame.dll,release_1_5_1164953_841,0x6709a8,62,FUN_1806709a8,,,7c2fd7ca49397ebb503903d98d6a24844d07f668d178bf9ba24552b21d646ac3,undefined FUN_1806709a8(),ghidra,clean,
WHGame.dll,release_1_5_1164953_841,0x6709e8,8567,FUN_1806709e8,,,de603353188fa72856fb9526c27ec85635daec5e0db5e6f0913af9e76e74064b,undefined FUN_1806709e8(),ghidra,clean,
WHGame.dll,release_1_5_1164953_841,0x6722e0,648,FUN_1806722e0,,,a200d98eada8631c831fe8dd51d2609e16ef373facae96dce3157c63ef60cc11,undefined FUN_1806722e0(),ghidra,clean,
WHGame.dll,release_1_5_1164953_841,0x67254c,4230,FUN_18067254c,,,b5039f994540d524ce8e36131d81ae80cca2916d84936034b216c4095f5e32dd,undefined FUN_18067254c(),ghidra,clean,
WHGame.dll,release_1_5_1164953_841,0x673280,83,FUN_180673280,,,1740b39a6e2ddaab015e34eedb4aa09fca41d08b242ce2f23474705bd5a501f1,undefined FUN_180673280(),ghidra,clean,
WHGame.dll,release_1_5_1164953_841,0x6732e0,102,FUN_1806732e0,,,29f3f783c8eb0817ff348603f7ab8ca49a68faad25fcc8cb5500da9686dc1b1a,undefined FUN_1806732e0(),ghidra,clean,
WHGame.dll,release_1_5_1164953_841,0x673348,223,FUN_180673348,,,e1a3586cfca91798c1646ae975ff1961961d7586bfd5db63894175778cda8007,undefined FUN_180673348(),ghidra,clean,
WHGame.dll,release_1_5_1164953_841,0x673428,301,FUN_180673428,,,90105fa1dbbc990db9764a1c54e378c97183ce999170777bbd622a58b5109e8e,undefined FUN_180673428(),ghidra,clean,
WHGame.dll,release_1_5_1164953_841,0x673558,323,FUN_180673558,,,0de127fdbbd1640e3c14a87a29a5fdb4f401fae2580ad1586cae54e5c3505b9a,undefined FUN_180673558(),ghidra,clean,
WHGame.dll,release_1_5_1164953_841,0x67369c,10,FUN_18067369c,,,eabdf5f52d717b7beb6d4f2e58a5a7aa0b446264462430b4b5486ab0cddd97d1,undefined FUN_18067369c(),ghidra,clean,
WHGame.dll,release_1_5_1164953_841,0x6736a8,334,FUN_1806736a8,,,451c66e6135b2e6db90b5a2725bd7cd8dcdfc1bb7777d4e08291ab8e2b95930f,undefined FUN_1806736a8(),ghidra,clean,
WHGame.dll,release_1_5_1164953_841,0x6737b8,411,FUN_1806737b8,,,07d25ecfd1abf48eeda43ce6d25a9860376c10519b364b0e412866ea0e3c3952,undefined FUN_1806737b8(),ghidra,clean,
WHGame.dll,release_1_5_1164953_841,0x673940,358,FUN_180673940,,,29acabf9584464a7d20b2830c2a871bf40e7ed52db08ea77071d8ad9739ede31,undefined FUN_180673940(),ghidra,clean,
WHGame.dll,release_1_5_1164953_841,0x6739e0,8,FUN_1806739e0,,,d8b909b2f4acf0baf3ebf8e51ce8e395f32043899f3a0a8d143f0088f3158148,undefined FUN_1806739e0(),ghidra,clean,
WHGame.dll,release_1_5_1164953_841,0x6739e8,1924,FUN_1806739e8,,,b4456ca5cad729891d4cc296e2a138e28edddf3b5eefc287ff16fd72b064fc8d,undefined FUN_1806739e8(),ghidra,clean,
WHGame.dll,release_1_5_1164953_841,0x673d08,11510,FUN_180673d08,,,e7bbf496c682810ba44b2f1c47c3ebdb1bcfa3d187fd117b982715047c8a2090,undefined FUN_180673d08(),ghidra,clean,
WHGame.dll,release_1_5_1164953_841,0x6764d0,55,FUN_1806764d0,,,9f47d4d740122743c67ee64b6b33f3c805c80f199f3f3c216fe1f0dc8bda0537,undefined FUN_1806764d0(),ghidra,clean,
WHGame.dll,release_1_5_1164953_841,0x6764f8,145,FUN_1806764f8,,,10ed34bd9f154a58ebfe97a95cea9647985b3ba44700fb7af110a106223ad0d1,undefined FUN_1806764f8(),ghidra,clean,
WHGame.dll,release_1_5_1164953_841,0x67658c,168,FUN_18067658c,,,21905d547b9e190ef83398127010344be6036d967f37b6ad3879a5d470b141c8,undefined FUN_18067658c(),ghidra,clean,
WHGame.dll,release_1_5_1164953_841,0x67662c,55,FUN_18067662c,,,f13b582d16477a75bf65f4430c6cad0257f2393e08fba944bfed7c25d857cf60,undefined FUN_18067662c(),ghidra,clean,
WHGame.dll,release_1_5_1164953_841,0x676654,145,FUN_180676654,,,f2c6b376ad578099862b7debed350d62cae59e54edd6c403027f58cc47ca8d81,undefined FUN_180676654(),ghidra,clean,
WHGame.dll,release_1_5_1164953_841,0x6766e8,177,FUN_1806766e8,,,b8c30d0b870b64d1b96920f5fc161217aee22cf9edca2e0de479b60b22769726,undefined FUN_1806766e8(),ghidra,clean,
WHGame.dll,release_1_5_1164953_841,0x676790,55,FUN_180676790,,,0b7e6a436dfba8ed21578e493d61c9f42ed99a68377e47a8a1135b11d05bf7af,undefined FUN_180676790(),ghidra,clean,
WHGame.dll,release_1_5_1164953_841,0x6767b8,299,FUN_1806767b8,,,d63b6d7a78fbd7cef7d29e02ad86b1ba20ec8f9b0a7dc36c9111f3a914f0cc7f,undefined FUN_1806767b8(),ghidra,clean,
WHGame.dll,release_1_5_1164953_841,0x6768d0,176,FUN_1806768d0,,,32dff5d97579ca82f88d1d82dde8be31284acb33a5f16ef5168dedd4402b26d6,undefined FUN_1806768d0(),ghidra,clean,
WHGame.dll,release_1_5_1164953_841,0x676978,204,FUN_180676978,,,b4019dcd4e69733b7c0789ee07213ee3c4ef3d5cf4bb6292584bfe9a747c4d5e,undefined FUN_180676978(),ghidra,clean,
WHGame.dll,release_1_5_1164953_841,0x676a3c,146,FUN_180676a3c,,,8d1b3305e6e106ce01faf720a60275f363a14bacbe6623c0d94ec1727dc377bb,undefined FUN_180676a3c(),ghidra,clean,
WHGame.dll,release_1_5_1164953_841,0x676ad0,146,FUN_180676ad0,,,559f3869f4202e3e44475a82936241fb04f4ffe6d1c30165aedd682673945e51,undefined FUN_180676ad0(),ghidra,clean,
WHGame.dll,release_1_5_1164953_841,0x676b64,55,FUN_180676b64,,,d2a01768afa93bfd53e2d368c008bfa166c97d10b8e1c56ec10c85689510751d,undefined FUN_180676b64(),ghidra,clean,
WHGame.dll,release_1_5_1164953_841,0x676b8c,55,FUN_180676b8c,,,3be16738279cd6c03b75d452582e048e16bb34c44a0441b3154cca6dae650f11,undefined FUN_180676b8c(),ghidra,clean,
WHGame.dll,release_1_5_1164953_841,0x676bb4,161,FUN_180676bb4,,,c23aca120f4f13bceb4a34ef747b7ed06543076d9205e48609be2b5cf5344cb4,undefined FUN_180676bb4(),ghidra,clean,
WHGame.dll,release_1_5_1164953_841,0x676c4c,168,FUN_180676c4c,,,8add2aeded670ad97d2c74c84f985eba2890fabc49b6d61f211d3fdda3ba8a6c,undefined FUN_180676c4c(),ghidra,clean,
WHGame.dll,release_1_5_1164953_841,0x676cec,122,FUN_180676cec,,,66fe94bffe0bb56208afb3e83ca3f985ba29c6f559c7845ee888295ce1f92696,undefined FUN_180676cec(),ghidra,clean,
WHGame.dll,release_1_5_1164953_841,0x676d68,132,FUN_180676d68,,,d3f933e14e6bff010383525b9cd21d3fcc185900484438934efe5aa7b27cbecf,undefined FUN_180676d68(),ghidra,clean,
WHGame.dll,release_1_5_1164953_841,0x676df0,122,FUN_180676df0,,,8b78ae79a047527c7d38275a43b512393febc110cccc052fd4eac1e3c7912f21,undefined FUN_180676df0(),ghidra,clean,
WHGame.dll,release_1_5_1164953_841,0x676e6c,55,FUN_180676e6c,,,845497d8f7d457462643f610ccc325c565926b351bf1fcdce7ff1b597e1ae895,undefined FUN_180676e6c(),ghidra,clean,
WHGame.dll,release_1_5_1164953_841,0x676e94,166,FUN_180676e94,,,334e04b167d2b14036dc9bab87e6de5c087a4d80ed3475228ff48c722aaa320b,undefined FUN_180676e94(),ghidra,clean,
WHGame.dll,release_1_5_1164953_841,0x676f34,165,FUN_180676f34,,,c9fcae61fadf819dcc42237371f429be33a31c650041a4df24efc8794885f7b8,undefined FUN_180676f34(),ghidra,clean,
WHGame.dll,release_1_5_1164953_841,0x676fd0,138,FUN_180676fd0,,,d4f9ac2ba267ebc76bb57547a55bd70639aa9da6a7f3a48518eff555376fcf8d,undefined FUN_180676fd0(),ghidra,clean,
WHGame.dll,release_1_5_1164953_841,0x67705c,132,FUN_18067705c,,,cf6fa6ee5c1599bf2a54dd0a913b74b67046be43c90ec258fd808cdc0982b9d0,undefined FUN_18067705c(),ghidra,clean,
WHGame.dll,release_1_5_1164953_841,0x6770e4,132,FUN_1806770e4,,,003e834f284c83fd604aa98e8dfeb226752c47429768f7d0cb19719671f7c81d,undefined FUN_1806770e4(),ghidra,clean,
WHGame.dll,release_1_5_1164953_841,0x67716c,55,FUN_18067716c,,,14a32a1d655eb67f63b145f7ecab3abb6de54f64017252120d8beba9d16c3b13,undefined FUN_18067716c(),ghidra,clean,
WHGame.dll,release_1_5_1164953_841,0x677194,163,FUN_180677194,,,dfecae30f123ae8bb39ff0649def175b5df3d7de06f03a90af9772431b3fa9ad,undefined FUN_180677194(),ghidra,clean,
WHGame.dll,release_1_5_1164953_841,0x677230,55,FUN_180677230,,,85fc5a208fcd6cb88069a95bcc1a7c32fc06b13962ee7340097bbe3901806c94,undefined FUN_180677230(),ghidra,clean,
WHGame.dll,release_1_5_1164953_841,0x677258,161,FUN_180677258,,,41d514ab259d5c5f156097efd0dae46bf22ecffae56e00351c1ed247d4c21089,undefined FUN_180677258(),ghidra,clean,
WHGame.dll,release_1_5_1164953_841,0x6772f0,132,FUN_1806772f0,,,56ccad3bea4478d422d1669c34e01506fa13a98af41311ca8a5997c597bd8f4b,undefined FUN_1806772f0(),ghidra,clean,
WHGame.dll,release_1_5_1164953_841,0x677378,138,FUN_180677378,,,8d255b82f287ec1a0159711fee1a38043949150fcc6230ed33d6be0a9e262bca,undefined FUN_180677378(),ghidra,clean,
WHGame.dll,release_1_5_1164953_841,0x677404,145,FUN_180677404,,,faefac6a82c9c00bad96a6279dc6c1c5b46b6ee0a7b18ebba4a3b1f1d7c42db0,undefined FUN_180677404(),ghidra,clean,
WHGame.dll,release_1_5_1164953_841,0x677498,145,FUN_180677498,,,9f24d53052cc2547a3c41a762dda9ed86d11028c550289ec50294698fe4d7dd0,undefined FUN_180677498(),ghidra,clean,
WHGame.dll,release_1_5_1164953_841,0x67752c,55,FUN_18067752c,,,60bbaa8eaf70856f7a288fb5f525b7d8297503db3de1688e436394ca0bb246bc,undefined FUN_18067752c(),ghidra,clean,
WHGame.dll,release_1_5_1164953_841,0x677554,161,FUN_180677554,,,60ab77f3dd5b79f076e4c03563e72ee6b1737ed4cc3d0b79774341e667777419,undefined FUN_180677554(),ghidra,clean,
WHGame.dll,release_1_5_1164953_841,0x6775ec,145,FUN_1806775ec,,,f450d394adbfa922ede65170244903277898da79d694c327ff5266a4018b2c0e,undefined FUN_1806775ec(),ghidra,clean,
WHGame.dll,release_1_5_1164953_841,0x677680,145,FUN_180677680,,,06f8dc6acef0b95d971e439f9c732c1b84ff38c9c46173010f55c2358d336d69,undefined FUN_180677680(),ghidra,clean,
WHGame.dll,release_1_5_1164953_841,0x677714,55,FUN_180677714,,,b885e396731c51eb61097747b5eb20f24a8bb4277860937b46b5feba1f51e5a5,undefined FUN_180677714(),ghidra,clean,
WHGame.dll,release_1_5_1164953_841,0x67773c,161,FUN_18067773c,,,f7990d5a5069573c2f43c4b4c0e9abd3810c7213ca964a949b12f27835900e4f,undefined FUN_18067773c(),ghidra,clean,
WHGame.dll,release_1_5_1164953_841,0x6777d4,145,FUN_1806777d4,,,36688073b377eb688deb0ed168783cf8512588b030db4f683b52bb2dc20bc483,undefined FUN_1806777d4(),ghidra,clean,
WHGame.dll,release_1_5_1164953_841,0x677868,145,FUN_180677868,,,cc0988936dba7508de30e3ab5a2a2fa792fe8d68b633ccbe78681b19b25636ee,undefined FUN_180677868(),ghidra,clean,
WHGame.dll,release_1_5_1164953_841,0x6778fc,145,FUN_1806778fc,,,eed9224ad01bc5fd8ed4f0a2d79e1fd90ab4619d898f814b148c494f72c57b11,undefined FUN_1806778fc(),ghidra,clean,
WHGame.dll,release_1_5_1164953_841,0x677990,145,FUN_180677990,,,5b62011c48bf6f83d7f98d09c05cf2fc710907726b46591e7f73bbd03b31f0c0,undefined FUN_180677990(),ghidra,clean,
WHGame.dll,release_1_5_1164953_841,0x677a24,277,FUN_180677a24,,,7bbb533edd3285c39ee0d6c3471e45174dfbbd5bba1bfffa4e47f4b27036290e,undefined FUN_180677a24(),ghidra,clean,
WHGame.dll,release_1_5_1164953_841,0x677b3c,5,thunk_FUN_180677c08,,,041988cc1a0c6f5d0c0bf618002b0ebe7b9d338f986258f1ebcdf8c8da4076b3,undefined thunk_FUN_180677c08(),ghidra,clean,
WHGame.dll,release_1_5_1164953_841,0x677b44,204,FUN_180677b44,,,7437d99690d90883828a43259688b410904606c8af3a78aaca793eda22b4f086,undefined FUN_180677b44(),ghidra,clean,
WHGame.dll,release_1_5_1164953_841,0x677c08,563,FUN_180677c08,,,a43fe27c39e241ee51d0698d716c75b455f7153294d328d5e5c526ba81863d7a,undefined FUN_180677c08(),ghidra,clean,
WHGame.dll,release_1_5_1164953_841,0x677e3c,283,FUN_180677e3c,,,2b79522b0585c54acd18ed3de4fe383d082126cf5d88df72770812e53b73d0cf,undefined FUN_180677e3c(),ghidra,clean,
WHGame.dll,release_1_5_1164953_841,0x677f58,192,FUN_180677f58,,,21f7c431057fbde7528b8dbe713696ae4c04061c026866abc534cfc2fc11e13e,undefined FUN_180677f58(),ghidra,clean,
WHGame.dll,release_1_5_1164953_841,0x678018,82,FUN_180678018,,,a080e22c3a1d7085af1bf9064f525784b033ebbbe46eec4ca3ecd3c685619b09,undefined FUN_180678018(),ghidra,clean,
WHGame.dll,release_1_5_1164953_841,0x67806c,271,FUN_18067806c,,,7789ac98930a0f9046c1d9c62939992177ed014008da356ea2304e0946e23a7d,undefined FUN_18067806c(),ghidra,clean,
WHGame.dll,release_1_5_1164953_841,0x67817c,68,FUN_18067817c,,,5107a0cc86c77bf89fcd5e7bb289f92cba7d7fe63b43ddd0a6737ac7ba006128,undefined FUN_18067817c(),ghidra,clean,
WHGame.dll,release_1_5_1164953_841,0x6781c0,412,FUN_1806781c0,,,7eb026680d64697f64866129bd77c3bee81cac3ddada0e0a1f23c9f2fc0e21e5,undefined FUN_1806781c0(),ghidra,clean,
WHGame.dll,release_1_5_1164953_841,0x67834c,334,FUN_18067834c,,,80cfd7a5d192eeae8e1105d18e12d3299ab539db654049b7897b36989759f0c3,undefined FUN_18067834c(),ghidra,clean,
WHGame.dll,release_1_5_1164953_841,0x67849c,284,FUN_18067849c,,,54aac4b8f5f47a602f05febaede4a294fe275754d23b0694bd6da5b96fc4f1af,undefined FUN_18067849c(),ghidra,clean,
WHGame.dll,release_1_5_1164953_841,0x6785b8,55,FUN_1806785b8,,,9b80f248cb5493575615db4c13cac1754372c85b601be812c7af2b5b45b81543,undefined FUN_1806785b8(),ghidra,clean,
WHGame.dll,release_1_5_1164953_841,0x6785e0,180,FUN_1806785e0,,,244fc44a09fa9a83aa4d0c4efba59c0cf0cd25f1bd62f4ecbc3d79b037a86c77,undefined FUN_1806785e0(),ghidra,clean,
WHGame.dll,release_1_5_1164953_841,0x67868c,55,FUN_18067868c,,,1338a9b5cb8fd2f04a6fbdb71b66be6dda5b6beaa34d65eeaf62be4f155fb337,undefined FUN_18067868c(),ghidra,clean,
WHGame.dll,release_1_5_1164953_841,0x6786b4,173,FUN_1806786b4,,,e12c7c7d66b5b3416cdf6c643bb2ed4a218546df0c3c0c90e8e10efa7110d7fb,undefined FUN_1806786b4(),ghidra,clean,
WHGame.dll,release_1_5_1164953_841,0x678758,213,FUN_180678758,,,9709d198d219231c57c1238ba5eb4c9c73a93c56320f0ddcd3911f8fb9f5c9da,undefined FUN_180678758(),ghidra,clean,
WHGame.dll,release_1_5_1164953_841,0x678824,225,FUN_180678824,,,0c795ef0a5a98ff79ece980e0e48325f363b06d850b9de543a0c5391e52ac66b,undefined FUN_180678824(),ghidra,clean,
WHGame.dll,release_1_5_1164953_841,0x6788fc,213,FUN_1806788fc,,,fb536a98d439f7062ddd14b0ed228f3c049f7861d7a77f3df8d95e64955cdf9c,undefined FUN_1806788fc(),ghidra,clean,
WHGame.dll,release_1_5_1164953_841,0x6789c8,139,FUN_1806789c8,,,c065b8baaa5a0f6c106898cfa704a348f44d8db039f751eff31b72010abb8f25,undefined FUN_1806789c8(),ghidra,clean,
WHGame.dll,release_1_5_1164953_841,0x678a54,218,FUN_180678a54,,,4fafd19e477fc149e6436111d29c1bea6e14d4c994d3d95c8bf46bf94795f0b0,undefined FUN_180678a54(),ghidra,clean,
WHGame.dll,release_1_5_1164953_841,0x678b28,206,FUN_180678b28,,,27dff9866e664d77a8c79687efb1b4e7516ab9bb593388c013105c7e9240c794,undefined FUN_180678b28(),ghidra,clean,
WHGame.dll,release_1_5_1164953_841,0x678bf0,206,FUN_180678bf0,,,358560ad1c0ba59f8e12d57dc6a039161dc9a58d5606f6759515e9ea2550540d,undefined FUN_180678bf0(),ghidra,clean,
WHGame.dll,release_1_5_1164953_841,0x678cb8,127,FUN_180678cb8,,,b2669ba99a4a97987f7aa695742aa12b1a872840ed4aee53ed5cb605f4f8bcfb,undefined FUN_180678cb8(),ghidra,clean,
WHGame.dll,release_1_5_1164953_841,0x678d38,114,FUN_180678d38,,,6b111e134c3ca07b992d323df9d8529fea8d88f7a7fd84145df6c0c4fbd4536e,undefined FUN_180678d38(),ghidra,clean,
WHGame.dll,release_1_5_1164953_841,0x678dac,146,FUN_180678dac,,,267e545ad3bff1a8c94287897e622d4fb319c7f39aa499b0316ba6a24591c027,undefined FUN_180678dac(),ghidra,clean,
WHGame.dll,release_1_5_1164953_841,0x678e40,127,FUN_180678e40,,,6ee78220d3863dbdec6b11a023a102769d8f56fa05ce5c4b3cccd8fb9fcf51d7,undefined FUN_180678e40(),ghidra,clean,
WHGame.dll,release_1_5_1164953_841,0x678ec0,145,FUN_180678ec0,,,71532360a4e0f9a9fd14e1e608437d078334b710f1675e6761f6b78e151ddf95,undefined FUN_180678ec0(),ghidra,clean,
WHGame.dll,release_1_5_1164953_841,0x678f54,145,FUN_180678f54,,,835c56b0d19567ed358a51ce82ebc66146e303c08de709fbed06e6b7df05067b,undefined FUN_180678f54(),ghidra,clean,
WHGame.dll,release_1_5_1164953_841,0x678fe8,122,FUN_180678fe8,,,83eb2a3c1cefe5f021e0653c4d557a9193244095c38618c43b96411e5c86d476,undefined FUN_180678fe8(),ghidra,clean,
WHGame.dll,release_1_5_1164953_841,0x679064,215,FUN_180679064,,,7f908bd8b3532b981c0f809f34dfad5ea50bed9a6981ae57bec08f51df12cb7e,undefined FUN_180679064(),ghidra,clean,
WHGame.dll,release_1_5_1164953_841,0x679130,108,FUN_180679130,,,858a6332d63092ca1fe52d53db6f94bba8fe1edc64aadc3c242e2bcf3242be9c,undefined FUN_180679130(),ghidra,clean,
WHGame.dll,release_1_5_1164953_841,0x67919c,7,thunk_FUN_18067947c,,,b80cabcf0339cdff4d9b44308c2ca1f5af2ac4e1d3d7026c2038e6aba29e087c,undefined thunk_FUN_18067947c(),ghidra,clean,
WHGame.dll,release_1_5_1164953_841,0x6791a4,533,FUN_1806791a4,,,d2e9dfed84611713c3485d275c4afcb288f5b3ee6371c654543a291fa514a2d3,undefined FUN_1806791a4(),ghidra,clean,
WHGame.dll,release_1_5_1164953_841,0x6793bc,189,FUN_1806793bc,,,36dbc8c9dbd5f4a091274da8d0bc2e0a388cfb735fed1a1ea3c7456e12a9a020,undefined FUN_1806793bc(),ghidra,clean,
WHGame.dll,release_1_5_1164953_841,0x67947c,660,FUN_18067947c,,,643d7755ee4a8de95c8ab9aba57b022a85d393e0247cc1d4bb47d88e08a62d78,undefined FUN_18067947c(),ghidra,clean,
WHGame.dll,release_1_5_1164953_841,0x679710,49,FUN_180679710,,,2bb202d292b455fa3442e9d589f73900e6c5be19d488ae87fb4e05f3d353d1a0,undefined FUN_180679710(),ghidra,clean,
WHGame.dll,release_1_5_1164953_841,0x679744,124,FUN_180679744,,,a10472698072eb3c583cc7ce59c6136ea6fb8739c514a1e8fe13efde1fbfb91b,undefined FUN_180679744(),ghidra,clean,
WHGame.dll,release_1_5_1164953_841,0x6797c0,132,FUN_1806797c0,,,b270b60bc70d98485d7a2653d0547b70d5298930bd2746d247b3cfc804be6c11,undefined FUN_1806797c0(),ghidra,clean,
WHGame.dll,release_1_5_1164953_841,0x679844,184,FUN_180679844,,,3ce277c57e77c080b17d5322d4cceb136f490a771956362036547de5906b5aa9,undefined FUN_180679844(),ghidra,clean,
WHGame.dll,release_1_5_1164953_841,0x6798f4,212,FUN_1806798f4,,,43aad76b291cf1817cffe03235f1eece1c41d90017aaf0ae2a8d2f152dc15a5e,undefined FUN_1806798f4(),ghidra,clean,
WHGame.dll,release_1_5_1164953_841,0x6799c0,224,FUN_1806799c0,,,3681763d88f348c11f523a663a6a0378aeb8a1c572f10750a82276197ceb2441,undefined FUN_1806799c0(),ghidra,clean,
WHGame.dll,release_1_5_1164953_841,0x679aa4,296,FUN_180679aa4,,,f34b3d9d3f4fcfdef5693037dfdd4e50d367394d75906fedf8f453e56fdb64c0,undefined FUN_180679aa4(),ghidra,clean,
WHGame.dll,release_1_5_1164953_841,0x679bcc,77,FUN_180679bcc,,,8833baf119b042350bd536fd5458237f8b05eef8d0e512843192139edd3c0e82,undefined FUN_180679bcc(),ghidra,clean,
WHGame.dll,release_1_5_1164953_841,0x679c1c,37,FUN_180679c1c,,,bc95942d0aad4bcf1903877ad00ef74ed60747c46379e51869babf5d7f87c475,undefined FUN_180679c1c(),ghidra,clean,
WHGame.dll,release_1_5_1164953_841,0x679c44,187,FUN_180679c44,,,817fb54914c39dfcb17d771b693002983288b7463c8c624b41abb0206108a742,undefined FUN_180679c44(),ghidra,clean,
WHGame.dll,release_1_5_1164953_841,0x679d00,717,FUN_180679d00,,,cdec7e24c79f2b917d603b4913e7349ac42c5ed15bfb88e88354649d67eac5af,undefined FUN_180679d00(),ghidra,clean,
WHGame.dll,release_1_5_1164953_841,0x679f54,40,FUN_180679f54,,,b161cc562b5ca3991b28b367d9dfa2bc00ecc6b147dcbc6a2fb302e5c505eb28,undefined FUN_180679f54(),ghidra,clean,
WHGame.dll,release_1_5_1164953_841,0x679f7c,190,FUN_180679f7c,,,543a4dc5444c7d5d9a1400a7756402f3b1f231a2ea20ce773451f04bc7daf819,undefined FUN_180679f7c(),ghidra,clean,
WHGame.dll,release_1_5_1164953_841,0x67a03c,66,FUN_18067a03c,,,c431f5dd469c0063f17e8e45021c95a021520fb95b9ec074926cd9e8e2aa7ea0,undefined FUN_18067a03c(),ghidra,clean,
WHGame.dll,release_1_5_1164953_841,0x67a080,189,FUN_18067a080,,,b8e9df5085792ef29c40c53bacc874c5253e91280748653b8fe884e3a119d5ed,undefined FUN_18067a080(),ghidra,clean,
WHGame.dll,release_1_5_1164953_841,0x67a140,52,FUN_18067a140,,,e54cc77603b0cfd10d76b28f57034c922a7f00db8b9eff7ce3b3a34caebdf0f6,undefined FUN_18067a140(),ghidra,clean,
WHGame.dll,release_1_5_1164953_841,0x67a174,43,FUN_18067a174,,,ea61e37fbdda950e6313b56eecc188412c4e97debc1ac5d9173ab29fc14b8ea6,undefined FUN_18067a174(),ghidra,clean,
WHGame.dll,release_1_5_1164953_841,0x67a1a0,152,FUN_18067a1a0,,,bd5f3f4ef277d8d8c56d7ee7271e7f254090ba38442ff22989281439877cfc86,undefined FUN_18067a1a0(),ghidra,clean,
WHGame.dll,release_1_5_1164953_841,0x67a238,221,FUN_18067a238,,,ce35480363277baed531876977a72c0321c20eefbf16efe184421bf124cc8084,undefined FUN_18067a238(),ghidra,clean,
WHGame.dll,release_1_5_1164953_841,0x67a318,43,FUN_18067a318,,,d9fa0ae0aff13c50a927c8c90c05a41774db60f031ec6bd2ab3c332fbfe5bc5b,undefined FUN_18067a318(),ghidra,clean,
WHGame.dll,release_1_5_1164953_841,0x67a344,52,FUN_18067a344,,,3816425d4247fc98a529ef2ac7d61fb85c5f5e024a9dc6437a2a83a1d2ffb271,undefined FUN_18067a344(),ghidra,clean,
WHGame.dll,release_1_5_1164953_841,0x67a378,52,FUN_18067a378,,,067177e4c9d473b1ddbc5e3f782194360f590232d73d7920cc8d28a67d610a03,undefined FUN_18067a378(),ghidra,clean,
WHGame.dll,release_1_5_1164953_841,0x67a3ac,43,FUN_18067a3ac,,,b26505313729d706123f1ff842a7d39a575614dbb83d88e10c867517f510c277,undefined FUN_18067a3ac(),ghidra,clean,
WHGame.dll,release_1_5_1164953_841,0x67a3d8,164,FUN_18067a3d8,,,9ce3e252d9b5624a93fe041d4fe9597e007d0ac371be5f4efab3b731f49e3c26,undefined FUN_18067a3d8(),ghidra,clean,
WHGame.dll,release_1_5_1164953_841,0x67a47c,191,FUN_18067a47c,,,18906644cca901771c7d57a78965b2ecb12504e90d4eb32c0d607d131f996873,undefined FUN_18067a47c(),ghidra,clean,
WHGame.dll,release_1_5_1164953_841,0x67a540,52,FUN_18067a540,,,f24c44e3308e38bde403374f798f387174deba898ee2bc3d0898a10ff64ee465,undefined FUN_18067a540(),ghidra,clean,
WHGame.dll,release_1_5_1164953_841,0x67a574,240,FUN_18067a574,,,c975f30f0b8483391f12e8ea9c46688c38857aad469b8ffdb50bcdac91ef7fe4,undefined FUN_18067a574(),ghidra,clean,
WHGame.dll,release_1_5_1164953_841,0x67a664,70,FUN_18067a664,,,fac923ff9f4aa428718e05991380e56cd918fb49727cd1c9bffd21c9aba469a4,undefined FUN_18067a664(),ghidra,clean,
WHGame.dll,release_1_5_1164953_841,0x67a6ac,70,FUN_18067a6ac,,,9f8e683622e61719fa3ecb552465d139ffbadcba5f0b4aff551e488ccfb50a59,undefined FUN_18067a6ac(),ghidra,clean,
WHGame.dll,release_1_5_1164953_841,0x67a6f4,228,FUN_18067a6f4,,,6cdefa60daec5d81e8c442bb993ba6e5df6f50ee81bdb7f9cf854a21ad98c6b7,undefined FUN_18067a6f4(),ghidra,clean,
WHGame.dll,release_1_5_1164953_841,0x67a7d8,218,FUN_18067a7d8,,,b36db2b0d4be5cbc7c9575081673c831352c90b1600a0894031c00de27d41ca1,undefined FUN_18067a7d8(),ghidra,clean,
WHGame.dll,release_1_5_1164953_841,0x67a8b4,126,FUN_18067a8b4,,,a117d804d8089726ac1ac3ef75979f2445e72532128393a8458e585989062ad2,undefined FUN_18067a8b4(),ghidra,clean,
WHGame.dll,release_1_5_1164953_841,0x67a934,100,FUN_18067a934,,,2ef63614a8965ed640e0243d26f55c3e2bf7805377d9d64ea186b38ea65bc408,undefined FUN_18067a934(),ghidra,clean,
WHGame.dll,release_1_5_1164953_841,0x67a998,78,FUN_18067a998,,,f3cbdd270c3cb74b064effbe007a367f39dc0201028615a705f4b9d92fae10ac,undefined FUN_18067a998(),ghidra,clean,
WHGame.dll,release_1_5_1164953_841,0x67a9e8,43,FUN_18067a9e8,,,4a67bacc15f6ed218c6fdef3f91ee0c8538bf00d2fb08a50a904bf6bbaa514e9,undefined FUN_18067a9e8(),ghidra,clean,
WHGame.dll,release_1_5_1164953_841,0x67aa14,54,FUN_18067aa14,,,60e3fc097cac8dff47025e4606203164c509f8d40b86b075e614eaee8fd470b1,undefined FUN_18067aa14(),ghidra,clean,
WHGame.dll,release_1_5_1164953_841,0x67aa4c,51,FUN_18067aa4c,,,8db66901556ff61918205f16e16b5110aa027d9eea07c70ef21326b6b1278cb1,undefined FUN_18067aa4c(),ghidra,clean,
WHGame.dll,release_1_5_1164953_841,0x67aa80,86,FUN_18067aa80,,,168ceb74ab9131e0618c7ed673ca9a7fa240d6774ffd7a63defa9f36fda55a7f,undefined FUN_18067aa80(),ghidra,clean,
WHGame.dll,release_1_5_1164953_841,0x67aad8,86,FUN_18067aad8,,,42baed60fc660221f63a5ca7007bd6da95567e7be235895f050d939af08b5d8f,undefined FUN_18067aad8(),ghidra,clean,
WHGame.dll,release_1_5_1164953_841,0x67ab30,45,FUN_18067ab30,,,d21f515e3a71b248b27bcbd612c28cfdb9ec83d9d6c6ad2e789ed2ad169fe28d,undefined FUN_18067ab30(),ghidra,clean,
WHGame.dll,release_1_5_1164953_841,0x67ab60,45,FUN_18067ab60,,,97ed78dc463af5479fa24e71576f5c453d34e199a1cd12c2c63b204908572456,undefined FUN_18067ab60(),ghidra,clean,
WHGame.dll,release_1_5_1164953_841,0x67ab90,43,FUN_18067ab90,,,0d28b32475e163beacf4d266d04c459e5d273d90b424a4ee13a7d91e94357e98,undefined FUN_18067ab90(),ghidra,clean,
WHGame.dll,release_1_5_1164953_841,0x67abbc,31,FUN_18067abbc,,,a9315bfb55b57298351f52c23bb0eb3be83581afc65b8daef16ef09e904a5e49,undefined FUN_18067abbc(),ghidra,clean,
WHGame.dll,release_1_5_1164953_841,0x67abdc,52,FUN_18067abdc,,,92b07378bab3d199c7ec320665a24071e9402d822e416c2fe5fb32a6ca2e3b7d,undefined FUN_18067abdc(),ghidra,clean,
WHGame.dll,release_1_5_1164953_841,0x67ac10,115,FUN_18067ac10,,,a98175652e7a7090af28ab60307a6b50a3f9b2d8ebcb3d6de9bc7380d1d1da28,undefined FUN_18067ac10(),ghidra,clean,
WHGame.dll,release_1_5_1164953_841,0x67ac84,50,FUN_18067ac84,,,7500f98bf7356794ffc37c9848be3ef1fcd04894cd0040eaf47c5d5af5044b76,undefined FUN_18067ac84(),ghidra,clean,
WHGame.dll,release_1_5_1164953_841,0x67acb8,91,FUN_18067acb8,,,fceea2acbeef7dbee70d2bdef8e61210c3dc9f1c2eabe3757d2768322b5d089d,undefined FUN_18067acb8(),ghidra,clean,
WHGame.dll,release_1_5_1164953_841,0x67ad14,53,FUN_18067ad14,,,75f376be73e91717c6e8c9b2489280126fa68c6146838db1a7529def097f7b19,undefined FUN_18067ad14(),ghidra,clean,
WHGame.dll,release_1_5_1164953_841,0x67ad4c,117,FUN_18067ad4c,,,f412a51e5edefee8b7b16008278b6abbe57fac455205301d9f8924d3c486da61,undefined FUN_18067ad4c(),ghidra,clean,
WHGame.dll,release_1_5_1164953_841,0x67adc4,273,FUN_18067adc4,,,27582bac2697649b8ead05db95eb83e906f21c97c58dc274e2b10fe1fa1beab4,undefined FUN_18067adc4(),ghidra,clean,
WHGame.dll,release_1_5_1164953_841,0x67aed8,499,FUN_18067aed8,,,d10c9126805d7503ae8a862a52c07db5cade9217d0b3cda819eb15b795641750,undefined FUN_18067aed8(),ghidra,clean,
WHGame.dll,release_1_5_1164953_841,0x67b0cc,328,FUN_18067b0cc,,,373b42082e6d242f5bfb7f062ce220fd529ae6c59b7fa83b44fa59fad624eb30,undefined FUN_18067b0cc(),ghidra,clean,
WHGame.dll,release_1_5_1164953_841,0x67b214,759,FUN_18067b214,,,c14724274a4a8739b4018968e2eb07a289074fcc70372e172a5f1fdddb37c1d5,undefined FUN_18067b214(),ghidra,clean,
WHGame.dll,release_1_5_1164953_841,0x67b50c,135,FUN_18067b50c,,,114d3dec23f55132e54eecbb6530e6723848c6bb6494743938af50c10fe2cc2b,undefined FUN_18067b50c(),ghidra,clean,
WHGame.dll,release_1_5_1164953_841,0x67b594,234,FUN_18067b594,,,b52ef6ba4f670a94c98dda9d06362fb7dd4961c01aa09476314a9ab61d371dc6,undefined FUN_18067b594(),ghidra,clean,
WHGame.dll,release_1_5_1164953_841,0x67b680,365,FUN_18067b680,,,96bef64cdd625a14d2f8a399205ea62c9e542031972cad748985bd26a6901319,undefined FUN_18067b680(),ghidra,clean,
WHGame.dll,release_1_5_1164953_841,0x67b7f0,82,FUN_18067b7f0,,,4e59ff1690c846c8deaad8361f8c374ae42c765f388e09727b355208ae8e1935,undefined FUN_18067b7f0(),ghidra,clean,
WHGame.dll,release_1_5_1164953_841,0x67b844,589,FUN_18067b844,,,2cac78e2b58b758f3c8f0e91e519d6d99d51ac0b45f851498b71ca856c57c320,undefined FUN_18067b844(),ghidra,clean,
WHGame.dll,release_1_5_1164953_841,0x67ba94,783,FUN_18067ba94,,,b2d97bf8892ea6d2edff9518cb9ab184e217a78c4616ac3bbcec19cae7b585a1,undefined FUN_18067ba94(),ghidra,clean,
WHGame.dll,release_1_5_1164953_841,0x67bbb4,274,FUN_18067bbb4,,,343bcc3e478463a56543cf68a5a0f5a0bde0cf4741abe9d116ba00fcee85c85d,undefined FUN_18067bbb4(),ghidra,clean,
WHGame.dll,release_1_5_1164953_841,0x67bcc8,54,FUN_18067bcc8,,,66047687ed393091d520959b03e1e8626072803a3ff598d167f07ddfff0199a4,undefined FUN_18067bcc8(),ghidra,clean,
WHGame.dll,release_1_5_1164953_841,0x67bd00,192,FUN_18067bd00,,,6b546d3b9e6b4df877c2a2a68936e8ef39dd0282783de09f9b22692b4fa1abe9,undefined FUN_18067bd00(),ghidra,clean,
WHGame.dll,release_1_5_1164953_841,0x67bdc0,107,FUN_18067bdc0,,,ea5add72362b71f694d75aa02ff86d927ec4b7adef513a8af28ff41c5bfd4865,undefined FUN_18067bdc0(),ghidra,clean,
WHGame.dll,release_1_5_1164953_841,0x67be2c,363,FUN_18067be2c,,,4a96d0e58f35fa7df0f577e8bdea780e686fd5e1e18e7f047823a7cb8b909509,undefined FUN_18067be2c(),ghidra,clean,
WHGame.dll,release_1_5_1164953_841,0x67bf98,87,FUN_18067bf98,,,458ea9b83d298bfa5a4a541de1fbfe9cc0d68ef3894556fb8683384543ab5226,undefined FUN_18067bf98(),ghidra,clean,
WHGame.dll,release_1_5_1164953_841,0x67bff0,193,FUN_18067bff0,,,b317db9580f0513baebd5d2b999b054d5cab507b39f072b94722ef537ce649df,undefined FUN_18067bff0(),ghidra,clean,
WHGame.dll,release_1_5_1164953_841,0x67c0b4,118,FUN_18067c0b4,,,d3690b1090eb2f4e14cae61d7e31f9c5ba4ef921672120259ddd615c2ad209b7,undefined FUN_18067c0b4(),ghidra,clean,
WHGame.dll,release_1_5_1164953_841,0x67c12c,292,FUN_18067c12c,,,e9a89d9e1d359a9ef698827e9193e7e09de59d67f514262d830a5958549bcd39,undefined FUN_18067c12c(),ghidra,clean,
WHGame.dll,release_1_5_1164953_841,0x67c250,231,FUN_18067c250,,,b838670b79dfe0b2e1fe9f1c714ae4d55884ee77753d77bbbad20defe9618ecb,undefined FUN_18067c250(),ghidra,clean,
WHGame.dll,release_1_5_1164953_841,0x67c338,204,FUN_18067c338,,,108bdd589dd1c7539a978e4bcce179e984207ebd93c32692554a25442178329c,undefined FUN_18067c338(),ghidra,clean,
WHGame.dll,release_1_5_1164953_841,0x67c3f8,121,FUN_18067c3f8,,,597d9924561497a621084cbd4f67822e3332577ee70bf1bcd421e7ea07a505b0,undefined FUN_18067c3f8(),ghidra,clean,
WHGame.dll,release_1_5_1164953_841,0x67c474,26,FUN_18067c474,,,3888e54b8f74de8a00db70aa44d21c6d0f6c8d331323da737b4be1611315fa97,undefined FUN_18067c474(),ghidra,clean,
WHGame.dll,release_1_5_1164953_841,0x67c490,273,FUN_18067c490,,,200ee396a4eca209d24be41345a43f03af396dfaa9d3aa7de829b35d6c502298,undefined FUN_18067c490(),ghidra,clean,
WHGame.dll,release_1_5_1164953_841,0x67c5a4,116,FUN_18067c5a4,,,d0827437b684acb1a8081941b08770ad849af69322f38755148a5c9b3521150a,undefined FUN_18067c5a4(),ghidra,clean,
WHGame.dll,release_1_5_1164953_841,0x67c618,143,FUN_18067c618,,,d140c6dbb31e137ef39dda3f12fafef6075fd036a4ad1ab8374c9eb5f24e84a9,undefined FUN_18067c618(),ghidra,clean,
WHGame.dll,release_1_5_1164953_841,0x67c6a8,26,FUN_18067c6a8,,,7e212ba12f247d2b4c0c48c185cdb5d9fdb919c451a7ce4859a4805b45df4f8e,undefined FUN_18067c6a8(),ghidra,clean,
WHGame.dll,release_1_5_1164953_841,0x67c6c4,74,FUN_18067c6c4,,,7c32ceea8580c9ff30b0b9acaa19b18f01b8e5896228aab2a6b63965d4ff4645,undefined FUN_18067c6c4(),ghidra,clean,
WHGame.dll,release_1_5_1164953_841,0x67c710,274,FUN_18067c710,,,1e3db0f637260c92492e8f9e0182e8b3d916b19ff8115bceb0118f200c169c50,undefined FUN_18067c710(),ghidra,clean,
WHGame.dll,release_1_5_1164953_841,0x67c824,273,FUN_18067c824,,,04c403585b51eecec0a1a5272b7d2ab262ee5fe7627e940ef2fd54bc2823b0d1,undefined FUN_18067c824(),ghidra,clean,
WHGame.dll,release_1_5_1164953_841,0x67c938,61,FUN_18067c938,,,669a34fe94645383be37df6acf033db57b16089b9c3fdcd932cf619ff0ef1d4d,undefined FUN_18067c938(),ghidra,clean,
WHGame.dll,release_1_5_1164953_841,0x67c978,114,FUN_18067c978,,,f61a7fc21f37a69309e3707451abe430f20ad8b1821330e2a0ccb99a94fbab47,undefined FUN_18067c978(),ghidra,clean,
WHGame.dll,release_1_5_1164953_841,0x67c9ec,50,FUN_18067c9ec,,,6e1f3218f7a0ba9628463a238374c9d425c7286f78877c99a416d64a143fe817,undefined FUN_18067c9ec(),ghidra,clean,
WHGame.dll,release_1_5_1164953_841,0x67ca20,143,FUN_18067ca20,,,a6340e361acdc1c06623f48783d97b1685d7b6b6c711fe74998f7d46fb40a21c,undefined FUN_18067ca20(),ghidra,clean,
WHGame.dll,release_1_5_1164953_841,0x67cab4,164,FUN_18067cab4,,,c2dd97a3a97af5d908d8ab2a90a42fdc87c756ba1cb2cc74e2ff7a6af6fe53fb,undefined FUN_18067cab4(),ghidra,clean,
WHGame.dll,release_1_5_1164953_841,0x67cb58,72,FUN_18067cb58,,,1b1beb525bf8231bacbff875f63a3d50d75d1593a6d0830f960245b40ce88513,undefined FUN_18067cb58(),ghidra,clean,
WHGame.dll,release_1_5_1164953_841,0x67cba0,99,FUN_18067cba0,,,1b67e7ac7618276f2f18d07804003fa34c2d040c9a4a5f2bfe67d95f63db1118,undefined FUN_18067cba0(),ghidra,clean,
WHGame.dll,release_1_5_1164953_841,0x67cc04,125,FUN_18067cc04,,,a5c3265813d690f373b8ba7b29dc05ae080f8b842f799e6b951a5d336158d707,undefined FUN_18067cc04(),ghidra,clean,
WHGame.dll,release_1_5_1164953_841,0x67cc84,143,FUN_18067cc84,,,d37b13f1ae77fead37e22ae2e2f5088e8625ed0be23bd7f645cf9c1f45239078,undefined FUN_18067cc84(),ghidra,clean,
WHGame.dll,release_1_5_1164953_841,0x67cd18,51,FUN_18067cd18,,,261a59f5f966cc794b8eedb262a5bfde9319a0bb35c3c2a9733d1616f41f483d,undefined FUN_18067cd18(),ghidra,clean,
WHGame.dll,release_1_5_1164953_841,0x67cd4c,126,FUN_18067cd4c,,,add427cda4fd61f26f1c3718fcd6b6aa9f28a1bc261a043ac2ae9a9ebbb036d2,undefined FUN_18067cd4c(),ghidra,clean,
WHGame.dll,release_1_5_1164953_841,0x67cdcc,56,FUN_18067cdcc,,,4d5aece1db8371ab40b6dc1a8bb54bc8af686539049c68d37f9c01730069c9c1,undefined FUN_18067cdcc(),ghidra,clean,
WHGame.dll,release_1_5_1164953_841,0x67ce08,62,FUN_18067ce08,,,2765a926db21d44a49636d1af431fbd5a464b80cd687dc276885a068100de98a,undefined FUN_18067ce08(),ghidra,clean,
WHGame.dll,release_1_5_1164953_841,0x67ce48,51,FUN_18067ce48,,,e95eb29bf5e47ba0d6c3a1046531143f714ddb2c35f86825711a259e12848dd0,undefined FUN_18067ce48(),ghidra,clean,
WHGame.dll,release_1_5_1164953_841,0x67ce7c,74,FUN_18067ce7c,,,26cc1f69f3b3c4846ee06faca7cfaf4fab2b3fa22a2d5b18e74c1dcad87b4254,undefined FUN_18067ce7c(),ghidra,clean,
WHGame.dll,release_1_5_1164953_841,0x67cec8,63,FUN_18067cec8,,,f851b442941c12ffe6014bb122779e4a6e607facdbed9309ecc88c04257270bb,undefined FUN_18067cec8(),ghidra,clean,
WHGame.dll,release_1_5_1164953_841,0x67cf08,235,FUN_18067cf08,,,accdeb7552511d7e9e0d7463d558560a173d65723d08e7e63ebb06372a23ea33,undefined FUN_18067cf08(),ghidra,clean,
WHGame.dll,release_1_5_1164953_841,0x67cff4,203,FUN_18067cff4,,,579d8fbc0f59910b67dcb5d7d68da117df79fcb95e812f886272181cb0148919,undefined FUN_18067cff4(),ghidra,clean,
WHGame.dll,release_1_5_1164953_841,0x67d0c0,245,FUN_18067d0c0,,,c55995fbcf6d78185f96358a450c53ceb105a19a6b0d3c486ae8cd3153bbe273,undefined FUN_18067d0c0(),ghidra,clean,
WHGame.dll,release_1_5_1164953_841,0x67d1b8,275,FUN_18067d1b8,,,8f866a6dfd862f539c2963c620ac3fad129359b6f8c2283dbf80722734c849ae,undefined FUN_18067d1b8(),ghidra,clean,
WHGame.dll,release_1_5_1164953_841,0x67d278,322,FUN_18067d278,,,3bc3fa6ff9c16497b49dfc9a3ec38639843d1a338c33c5900cb1ae961a8ddb8d,undefined FUN_18067d278(),ghidra,clean,
WHGame.dll,release_1_5_1164953_841,0x67d3bc,448,FUN_18067d3bc,,,ab59ad8d072111c9749f25667169d1ce8af5ecfa957932377b2346cc72b9e99d,undefined FUN_18067d3bc(),ghidra,clean,
WHGame.dll,release_1_5_1164953_841,0x67d580,441,FUN_18067d580,,,f093d0c04fc46659564d7df3cb7fea507b4c51bb11a651ae8195468402553dd6,undefined FUN_18067d580(),ghidra,clean,
WHGame.dll,release_1_5_1164953_841,0x67d73c,75,FUN_18067d73c,,,9072c710ccf895ec0c531cc7568aaaa88b1a7bbc83db55c897875255c84315de,undefined FUN_18067d73c(),ghidra,clean,
WHGame.dll,release_1_5_1164953_841,0x67d77f,68,FUN_18067d77f,,,c3c4c00772e504f2e7efbd9f28d154691c9da84ccbd2d6ed123c4af37376f086,undefined FUN_18067d77f(),ghidra,clean,
WHGame.dll,release_1_5_1164953_841,0x67d7ec,182,FUN_18067d7ec,,,04922e8ba308ebe5bcd915f6a736a5317a3e8642b2daab46f2416af6299d0887,undefined FUN_18067d7ec(),ghidra,clean,
WHGame.dll,release_1_5_1164953_841,0x67d8a4,216,FUN_18067d8a4,,,067cac4f6417fd196c4f05246780a01c7a171e9615e9bc43d181395856c93885,undefined FUN_18067d8a4(),ghidra,clean,
WHGame.dll,release_1_5_1164953_841,0x67d918,111,FUN_18067d918,,,7b59aa001bfdab4670161cb46822d2c756c133325bd79886e9314ce2d3bb097d,undefined FUN_18067d918(),ghidra,clean,
WHGame.dll,release_1_5_1164953_841,0x67d988,65,FUN_18067d988,,,0152befe7735af526cbc3bc545e31a203f5be1d9f47219811c80b16f015d9423,undefined FUN_18067d988(),ghidra,clean,
WHGame.dll,release_1_5_1164953_841,0x67d9cc,338,FUN_18067d9cc,,,8837433fd311d938ea9c706b615a157eeab5cf2759679409933a9455c0c23325,undefined FUN_18067d9cc(),ghidra,clean,
WHGame.dll,release_1_5_1164953_841,0x67db08,125,FUN_18067db08,,,c193559c0b34d3ee8b4a0545dd264cab9077abf40b623b52de749043a6948251,undefined FUN_18067db08(),ghidra,clean,
WHGame.dll,release_1_5_1164953_841,0x67db88,2156,FUN_18067db88,,,3cc1432869969ba55c14da2a47f24d2dc7607efb680b69801dc0baf8c5334805,undefined FUN_18067db88(),ghidra,clean,
WHGame.dll,release_1_5_1164953_841,0x67e3f4,4691,FUN_18067e3f4,,,77fbe379fbf7d12503f8fe58a1cdf5ed731374b31e17ea424442b04ba27c9fdb,undefined FUN_18067e3f4(),ghidra,clean,
WHGame.dll,release_1_5_1164953_841,0x67f650,8,FUN_18067f650,,,806304b3c1b3216a056807e14154c8c4d9e2f42838e483502b88bc0d11ec061d,undefined FUN_18067f650(),ghidra,clean,
WHGame.dll,release_1_5_1164953_841,0x67f658,5,thunk_FUN_1813e8048,,,f13050640c4dd86109cd635de1c3346a4595b7437b6e29aff1178e9c80250909,undefined thunk_FUN_1813e8048(),ghidra,clean,
WHGame.dll,release_1_5_1164953_841,0x67f660,146,FUN_18067f660,,,4d98c67bbb3118c07adb7050fcb4ced45d3f6e2b75aebdc84942836384db840c,undefined FUN_18067f660(),ghidra,clean,
WHGame.dll,release_1_5_1164953_841,0x67f6bc,203,FUN_18067f6bc,,,79f7e1978b1e74b792a559da4e82197fda9affb16bf6809d6a6016702d671bcd,undefined FUN_18067f6bc(),ghidra,clean,
WHGame.dll,release_1_5_1164953_841,0x67f788,78,FUN_18067f788,,,2f20261583ff396b0477b4b9cae116b0c2ce96b1bb91e2f1cdfb1efd7acfa63a,undefined FUN_18067f788(),ghidra,clean,
WHGame.dll,release_1_5_1164953_841,0x67f7d8,60,FUN_18067f7d8,,,1b19d90d26fe3814c8d8475b099ac727bf1d9bb8bdbbfa617dcda2afa1a92a63,undefined FUN_18067f7d8(),ghidra,clean,
WHGame.dll,release_1_5_1164953_841,0x67f814,60,FUN_18067f814,,,978471881dbd73fea008fef198d487092da2496502adc13aac4283165f6496e9,undefined FUN_18067f814(),ghidra,clean,
WHGame.dll,release_1_5_1164953_841,0x67f850,51,FUN_18067f850,,,aff706e09d51698fd03c5429979b4e64307c715117d731a91f962d28baeb80d2,undefined FUN_18067f850(),ghidra,clean,
WHGame.dll,release_1_5_1164953_841,0x67f884,60,FUN_18067f884,,,7da9937dff5fb3cda1d55c4b7a3e8ebb2cce783bcf04102aaae52d0708a1359d,undefined FUN_18067f884(),ghidra,clean,
WHGame.dll,release_1_5_1164953_841,0x67f8c0,226,FUN_18067f8c0,,,1ace1fec5b1aabd65082ab304666b7781200ac83b2b08d0c5013b92488c5a0f7,undefined FUN_18067f8c0(),ghidra,clean,
WHGame.dll,release_1_5_1164953_841,0x67f9a4,212,FUN_18067f9a4,,,97940a29a86f29826c1f171a8ebe3e7f4077af36a425915ca93e90f7d5c1bada,undefined FUN_18067f9a4(),ghidra,clean,
WHGame.dll,release_1_5_1164953_841,0x67fa7c,338,FUN_18067fa7c,,,34fd1f7425bd35b5d96a19250c9a282a52e53a3b78c1638df7a213ca809380c9,undefined FUN_18067fa7c(),ghidra,clean,
WHGame.dll,release_1_5_1164953_841,0x67fbd0,38,FUN_18067fbd0,,,f18d17684953d0731ecd1816019b88f9b527d31c2fea0facc961df276cd6f7bf,undefined FUN_18067fbd0(),ghidra,clean,
WHGame.dll,release_1_5_1164953_841,0x67fbf8,86,FUN_18067fbf8,,,b380f1040a81ce6d52aaf4981524b9c7f647908ab95df168ec4f411af4e3a8f9,undefined FUN_18067fbf8(),ghidra,clean,
WHGame.dll,release_1_5_1164953_841,0x67fc50,90,FUN_18067fc50,,,aae90f3a47f03d2a0b63175d6b223b88ae5bd67bb0462f4a7c2a455361aca80b,undefined FUN_18067fc50(),ghidra,clean,
WHGame.dll,release_1_5_1164953_841,0x67fc74,55,FUN_18067fc74,,,8fff3ce27654c476b59faee1679303d5f7f96b379ac14b5e91b7718b4c0c0475,undefined FUN_18067fc74(),ghidra,clean,
WHGame.dll,release_1_5_1164953_841,0x67fcac,80,FUN_18067fcac,,,adde6dc9925a525962fd6d59e460941a6223d5d5c9bf5f237636c3935d0f6d3a,undefined FUN_18067fcac(),ghidra,clean,
WHGame.dll,release_1_5_1164953_841,0x67fcfc,152,FUN_18067fcfc,,,680e53c2b09d2e4b78b96d6068baee1836ac0329915b6384394a0fa0310f40ba,undefined FUN_18067fcfc(),ghidra,clean,
WHGame.dll,release_1_5_1164953_841,0x67fda0,7,FUN_18067fda0,,,1b52a9bcc40dc99c1c7e493b7c86a850442bc284d887c62545bdadb93931cf60,undefined FUN_18067fda0(),ghidra,clean,
WHGame.dll,release_1_5_1164953_841,0x67fda8,33,FUN_18067fda8,,,b77dc553df2c197ca10bcb3407abcefcce2fd8ad8c173b9718bdb044b3f3331c,undefined FUN_18067fda8(),ghidra,clean,
WHGame.dll,release_1_5_1164953_841,0x67fdcc,47,FUN_18067fdcc,,,fb6d6e4aa5083c8a236dc7c6d5e06a38630829f89f6cea6b707d795425c8eae9,undefined FUN_18067fdcc(),ghidra,clean,
WHGame.dll,release_1_5_1164953_841,0x67fdfc,254,FUN_18067fdfc,,,ccd304d823e987df62f8009d26045801623550b57a4d774a6a3a3954761adcc5,undefined FUN_18067fdfc(),ghidra,clean,
WHGame.dll,release_1_5_1164953_841,0x67fefc,270,FUN_18067fefc,,,998a653a5e777679f7f8a4a54522a926d0f7ad858f4fd9f662a322114ac26904,undefined FUN_18067fefc(),ghidra,clean,
WHGame.dll,release_1_5_1164953_841,0x68000c,62,FUN_18068000c,,,e01de793c4616a766c56ccc74b4064b89e4420e76e12c918665d265d3fbd6f97,undefined FUN_18068000c(),ghidra,clean,
WHGame.dll,release_1_5_1164953_841,0x68004c,65,FUN_18068004c,,,fe8b4867a0880174f955c15a28ddae28a091cf0a1b792e940b166fe691ed8349,undefined FUN_18068004c(),ghidra,clean,
WHGame.dll,release_1_5_1164953_841,0x680090,245,FUN_180680090,,,57de9f7c3c6d80e0a02caae2049613633724158f70339f074945c0886e540415,undefined FUN_180680090(),ghidra,clean,
WHGame.dll,release_1_5_1164953_841,0x680188,148,FUN_180680188,,,fd8712936be519cf13f11a5d56b5c31e1d888c8f48f05b67752bb26bf08302b0,undefined FUN_180680188(),ghidra,clean,
WHGame.dll,release_1_5_1164953_841,0x68021c,103,FUN_18068021c,,,98c13a0cc12425379448df865ee8ec6baf6145ee1c7a4f6c9fc0c1146f776ec1,undefined FUN_18068021c(),ghidra,clean,
WHGame.dll,release_1_5_1164953_841,0x680284,102,FUN_180680284,,,d580ef4e7f0d6b54162ef8cca3d486751df9dfb82e9de8676d2d0b873ca978aa,undefined FUN_180680284(),ghidra,clean,
WHGame.dll,release_1_5_1164953_841,0x6802ec,214,FUN_1806802ec,,,788503e58bf42b9e4485a028030db59c820093899dbeaf4d8e2e6fd52f160861,undefined FUN_1806802ec(),ghidra,clean,
WHGame.dll,release_1_5_1164953_841,0x6803c4,90,FUN_1806803c4,,,eaa8afac6633000473f35cd2e42d88e4e3ff895c50337cb1603b94b2a1baf902,undefined FUN_1806803c4(),ghidra,clean,
WHGame.dll,release_1_5_1164953_841,0x680420,57,FUN_180680420,,,35ea66b65c7c73f5fea6969ef833136a6cdfb565bb3020337d16fbbb1bb2651d,undefined FUN_180680420(),ghidra,clean,
WHGame.dll,release_1_5_1164953_841,0x68045c,75,FUN_18068045c,,,3afb15b33cc5a58adbe7b42cc00e7d91d892e38dba2fc7b3f919f17c73d68952,undefined FUN_18068045c(),ghidra,clean,
WHGame.dll,release_1_5_1164953_841,0x68048c,145,FUN_18068048c,,,232c5ce61e54126dbfbccd2010282cea5e5a4b8443e395c021372ef99f68c83a,undefined FUN_18068048c(),ghidra,clean,
WHGame.dll,release_1_5_1164953_841,0x680500,50,FUN_180680500,,,610bdfc8ad83d2d4f56bcaa775885e04e104d7a441c93293f83b4980bfdcf6b7,undefined FUN_180680500(),ghidra,clean,
WHGame.dll,release_1_5_1164953_841,0x680534,65,FUN_180680534,,,a74fcf99370a825c5d29c8e10aadaa7a0142a872db0a6755f140b9edda7b1093,undefined FUN_180680534(),ghidra,clean,
WHGame.dll,release_1_5_1164953_841,0x680578,39,FUN_180680578,,,74e7aa9ea10d85f46d06c813d86eebe7c563d8b07b7467419e462a19f1681aa3,undefined FUN_180680578(),ghidra,clean,
WHGame.dll,release_1_5_1164953_841,0x6805a0,79,FUN_1806805a0,,,e5c8187692dcd372dc39d647ec89c26f74695cee2abe6426a89b2dc05d60cf15,undefined FUN_1806805a0(),ghidra,clean,
WHGame.dll,release_1_5_1164953_841,0x6805f4,34,FUN_1806805f4,,,ae46bce5e2cb746289141a54a94a083214ca231af7fbf14f9a3d54ac19e0b124,undefined FUN_1806805f4(),ghidra,clean,
WHGame.dll,release_1_5_1164953_841,0x680618,14,FUN_180680618,,,d0cd0d2aac9cedbc1c920ea0427fec851ca408ce0983e4db5f4a986cf5540cc0,undefined FUN_180680618(),ghidra,clean,
WHGame.dll,release_1_5_1164953_841,0x680628,402,FUN_180680628,,,8929b4b1fc3742ee6968b1030707070f44d076b3bd60268a59f7bc7b46932326,undefined FUN_180680628(),ghidra,clean,
WHGame.dll,release_1_5_1164953_841,0x6807bc,1705,FUN_1806807bc,,,5cc3d7c1dd06769fdc111ef425e37a3296e0e0f425259df88abed1cc709e0b6f,undefined FUN_1806807bc(),ghidra,clean,
WHGame.dll,release_1_5_1164953_841,0x680e68,33,FUN_180680e68,,,aa627606e36e3f1bba02ab072ff7bb754326afee74968e9244a38aa568ad6647,undefined FUN_180680e68(),ghidra,clean,
WHGame.dll,release_1_5_1164953_841,0x680e8c,197,FUN_180680e8c,,,c14067af9cc7d187ac8d5e660aa77054e0029a1a3c974e23affd46bc76ea01ba,undefined FUN_180680e8c(),ghidra,clean,
WHGame.dll,release_1_5_1164953_841,0x680f28,124,FUN_180680f28,,,e217f5380dc2e93b5c5103ba066ac06d19158e842d05ac7925fd191dd7000e2f,undefined FUN_180680f28(),ghidra,clean,
WHGame.dll,release_1_5_1164953_841,0x680fa4,116,FUN_180680fa4,,,3dddfd98947b7485ddcc994b27453bb7d4b0b4158e9cafc3c56cadc62ab23ebf,undefined FUN_180680fa4(),ghidra,clean,
WHGame.dll,release_1_5_1164953_841,0x681018,39,FUN_180681018,,,ba1ff9c686275233143421bd8b8604822f4c3383a397bce128aeeb73b6911458,undefined FUN_180681018(),ghidra,clean,
WHGame.dll,release_1_5_1164953_841,0x681040,148,FUN_180681040,,,26c09ae575adab38b88b2e7f8b153b2b0f0993b3b826f01d5a7a21a863d3b2dd,undefined FUN_180681040(),ghidra,clean,
WHGame.dll,release_1_5_1164953_841,0x6810d4,33,FUN_1806810d4,,,dfb6a71e10cdc95e5e5b4b179f9816b3236f0c2130dc26b86d15178d618ccebc,undefined FUN_1806810d4(),ghidra,clean,
WHGame.dll,release_1_5_1164953_841,0x6810f8,189,FUN_1806810f8,,,216768cd834df81cb72f05ca8e68b57b57ed5f6f0d29c4b2112def46bbab59f2,undefined FUN_1806810f8(),ghidra,clean,
WHGame.dll,release_1_5_1164953_841,0x6811b8,114,FUN_1806811b8,,,d054a599d980f5beb0895dd77318d67dc96765c6ac205e368f8d0c4178f7c35b,undefined FUN_1806811b8(),ghidra,clean,
WHGame.dll,release_1_5_1164953_841,0x68122c,189,FUN_18068122c,,,c6e06cd117355fb715c821013c775a117797b48bdc59a2c2c625c83ee9db3678,undefined FUN_18068122c(),ghidra,clean,
WHGame.dll,release_1_5_1164953_841,0x6812ec,30,FUN_1806812ec,,,9c3cd32456f5b75ac0ee3438c2ecca70f6f441991d312e56d798d3d7f6837740,undefined FUN_1806812ec(),ghidra,clean,
WHGame.dll,release_1_5_1164953_841,0x68130c,49,FUN_18068130c,,,c49fd141f96443136cdf9449d97420cb1a4688b44be06f7f0d04da0312bcf7c4,undefined FUN_18068130c(),ghidra,clean,
WHGame.dll,release_1_5_1164953_841,0x681340,55,FUN_180681340,,,2ebbf5cdc4736172c54297d54afb1875027b37dc3ff3139cd6402ae34b37a2bd,undefined FUN_180681340(),ghidra,clean,
WHGame.dll,release_1_5_1164953_841,0x681378,37,FUN_180681378,,,26cf4480e2c6468ab6a8de7b2836e95cd1bc4f80e46ee289e9c7f2bde7eea6a4,undefined FUN_180681378(),ghidra,clean,
WHGame.dll,release_1_5_1164953_841,0x6813a0,90,FUN_1806813a0,,,f8d3725e152c284d4e7c1cff3c0ac2a5ab94be9c8c2db2f1ba6bdaba3964da2e,undefined FUN_1806813a0(),ghidra,clean,
WHGame.dll,release_1_5_1164953_841,0x6813fc,184,FUN_1806813fc,,,da62097b7df10bdeb3ceb45e919c41632199d5787e50e6caac09e7e9b8649827,undefined FUN_1806813fc(),ghidra,clean,
WHGame.dll,release_1_5_1164953_841,0x6814ac,114,FUN_1806814ac,,,e439b24f764ffeb8354125444685617714c200f38a0b0f1aa331c6d886213df8,undefined FUN_1806814ac(),ghidra,clean,
WHGame.dll,release_1_5_1164953_841,0x681520,333,FUN_180681520,,,8e6e9d530c5f2f3f93fb85157ab4daabc2815b3a475bae7cf14a7d1fd47842fb,undefined FUN_180681520(),ghidra,clean,
WHGame.dll,release_1_5_1164953_841,0x681670,129,FUN_180681670,,,eee19a7ac97f8cfa62f165e341d844edaed130967eb272c4120a3e0f6831d2b3,undefined FUN_180681670(),ghidra,clean,
WHGame.dll,release_1_5_1164953_841,0x6816f4,294,FUN_1806816f4,,,56ca51b558ca7977fee4b29b100ce439dbef836a0930f4dfa5a565e73cabf23c,undefined FUN_1806816f4(),ghidra,clean,
WHGame.dll,release_1_5_1164953_841,0x68181c,71,FUN_18068181c,,,a567a325c1292da660bd269db8fd67a32256be4559567d0d51478ca0126514f1,undefined FUN_18068181c(),ghidra,clean,
WHGame.dll,release_1_5_1164953_841,0x681864,83,FUN_180681864,,,9cf2ba39a12744487c8bd6d45b052ee7e5ba79caf80590d57d3da6812a2c770c,undefined FUN_180681864(),ghidra,clean,
WHGame.dll,release_1_5_1164953_841,0x6818b8,336,FUN_1806818b8,,,9f88cecfc31dd05bca096606e8e5fd6c82e155a84bce5ca21f42ae17ff6fb0f6,undefined FUN_1806818b8(),ghidra,clean,
WHGame.dll,release_1_5_1164953_841,0x681a08,123,FUN_180681a08,,,7fae64158438795c7114536aab6b9443a9cfb25f684036e05d1e2d064cca92be,undefined FUN_180681a08(),ghidra,clean,
WHGame.dll,release_1_5_1164953_841,0x681a88,88,FUN_180681a88,,,3150ef2eb6a7e49057e562312d98f022d037095f8756e738e3cd5d441e9ccc25,undefined FUN_180681a88(),ghidra,clean,
WHGame.dll,release_1_5_1164953_841,0x681ae4,155,FUN_180681ae4,,,a867ddf19110d4aa16dc40f84cb88a66a6c1fa345d395783136d8d2b616a3786,undefined FUN_180681ae4(),ghidra,clean,
WHGame.dll,release_1_5_1164953_841,0x681b84,123,FUN_180681b84,,,665dbba95d17de769da33ae774ad13e2b64ef55c3c227935197769f0e96219db,undefined FUN_180681b84(),ghidra,clean,
WHGame.dll,release_1_5_1164953_841,0x681c00,88,FUN_180681c00,,,5b8fdc75bc18cb4eb611f071fec4c7e42b0c17005f19560e2c1be427d6a2c3c6,undefined FUN_180681c00(),ghidra,clean,
WHGame.dll,release_1_5_1164953_841,0x681c58,48,FUN_180681c58,,,e7f2ad0af0a6d9362ae3ac1e74672a925f35a396a0bf75238dbbce4803b46bac,undefined FUN_180681c58(),ghidra,clean,
WHGame.dll,release_1_5_1164953_841,0x681c88,66,FUN_180681c88,,,864eddc3c6a190ee883ded3c48ac64d8131eccc3a70362342bd4e393f8d0bd47,undefined FUN_180681c88(),ghidra,clean,
WHGame.dll,release_1_5_1164953_841,0x681ccc,100,FUN_180681ccc,,,088a47adfc9a87836911c033fbe6eff0bb1d0479e0ad2d74c7abcfd4c1743a9c,undefined FUN_180681ccc(),ghidra,clean,
WHGame.dll,release_1_5_1164953_841,0x681d34,263,FUN_180681d34,,,6c96d2c7326fad7b018af76928db84d3d873a6531308a0ca8cc8b16387aaf8be,undefined FUN_180681d34(),ghidra,clean,
WHGame.dll,release_1_5_1164953_841,0x681df8,12,FUN_180681df8,,,0bce47909a5e39f34dd76fe20869e0672036509965d2f7980d27a5c344b937c9,undefined FUN_180681df8(),ghidra,clean,
WHGame.dll,release_1_5_1164953_841,0x681e04,249,FUN_180681e04,,,698f858fa8b685c89bb4517fa17f5188b3a57593815141b7b162cbef40f0d5a8,undefined FUN_180681e04(),ghidra,clean,
WHGame.dll,release_1_5_1164953_841,0x681f00,570,FUN_180681f00,,,4d8634294e032da3a52813f4898fd1cd08e669da14b29ba02c2f981e8f6339fa,undefined FUN_180681f00(),ghidra,clean,
WHGame.dll,release_1_5_1164953_841,0x68213c,26,FUN_18068213c,,,cc62dd7736e9f4d6c3ff338d7967257f0a5a8f09742286dc1d3f2701e85c3ae4,undefined FUN_18068213c(),ghidra,clean,
WHGame.dll,release_1_5_1164953_841,0x682158,65,FUN_180682158,,,b554fea2da8b29ffa33083c6871eac68714c49ae1df2c2cfeb5dc03d60495653,undefined FUN_180682158(),ghidra,clean,
WHGame.dll,release_1_5_1164953_841,0x68219c,21,FUN_18068219c,,,9b7bac426ecfdb8b0b76bcffa763571697e79330358bfce164450adbaca3f13b,undefined FUN_18068219c(),ghidra,clean,
WHGame.dll,release_1_5_1164953_841,0x6821c4,69,FUN_1806821c4,,,0d744b6719e4991f0f7e3b6eb2527ac26500c632d2d2fdef508bfc6625642758,undefined FUN_1806821c4(),ghidra,clean,
WHGame.dll,release_1_5_1164953_841,0x68220c,95,FUN_18068220c,,,6d61c5560749c2b6c024254b1cd25a17c7cc064e79305919da3b3ebca8879698,undefined FUN_18068220c(),ghidra,clean,
WHGame.dll,release_1_5_1164953_841,0x682250,81,FUN_180682250,,,6dfed0884b37de0ecae24f9e1245fa1067007c804d88cfc4fccec1c9895b002f,undefined FUN_180682250(),ghidra,clean,
WHGame.dll,release_1_5_1164953_841,0x6822a4,527,FUN_1806822a4,,,8fd578e3063c7c0d076c1662f2774ed49e7f3f6adf0c140d851afafc89b61620,undefined FUN_1806822a4(),ghidra,clean,
WHGame.dll,release_1_5_1164953_841,0x682488,69,FUN_180682488,,,21e3a5ea76f646512be2725e098ddba22bb5e96c76e9baa696bb1af2fcaf6db6,undefined FUN_180682488(),ghidra,clean,
WHGame.dll,release_1_5_1164953_841,0x6824d0,21,FUN_1806824d0,,,ea235bc3de6a0b65fe5f46f3911b3bce2503641add9db30006a19750f8b5602d,undefined FUN_1806824d0(),ghidra,clean,
WHGame.dll,release_1_5_1164953_841,0x6824e8,31,FUN_1806824e8,,,7e3a666a777a452c5f7db43af513714abf109756eb1abd59095388a9071514dd,undefined FUN_1806824e8(),ghidra,clean,
WHGame.dll,release_1_5_1164953_841,0x682508,171,FUN_180682508,,,c9c1feb4e171c07a0b39f4e39c1a1c5069f334fbbc7c233979b64c5b495b40a6,undefined FUN_180682508(),ghidra,clean,
WHGame.dll,release_1_5_1164953_841,0x6825b4,58,FUN_1806825b4,,,6aa7452032d678032fe50a687d0bcb1760eacf331271c0df0a92b42afda67129,undefined FUN_1806825b4(),ghidra,clean,
WHGame.dll,release_1_5_1164953_841,0x6825c0,129,FUN_1806825c0,,,6564bf91ad8af58fb94b82dcc1116f795a1144d3aa10d998c06021b17fe733c7,undefined FUN_1806825c0(),ghidra,clean,
WHGame.dll,release_1_5_1164953_841,0x6825ec,16,FUN_1806825ec,,,814591b2375eeb6312c83872175e121c8df6229edbed445aa4032e87c0b0096b,undefined FUN_1806825ec(),ghidra,clean,
WHGame.dll,release_1_5_1164953_841,0x6825fc,65,FUN_1806825fc,,,f76de49cdf739044aaa95418e19920634ed558f137c6b52ce0345de5b58d95d7,undefined FUN_1806825fc(),ghidra,clean,
WHGame.dll,release_1_5_1164953_841,0x682640,115,FUN_180682640,,,83f0e54c79ee0cac5b23109b70b86e87bbde425f43f05efa70279049345ea335,undefined FUN_180682640(),ghidra,clean,
WHGame.dll,release_1_5_1164953_841,0x6826b4,245,FUN_1806826b4,,,1392046862d673606d7da2ab142dfc996f994062e49c4ebb9793c6a2d664c152,undefined FUN_1806826b4(),ghidra,clean,
WHGame.dll,release_1_5_1164953_841,0x6827ac,46,FUN_1806827ac,,,ab76b842ec0798f28c55b209a70405ea32892e67505c4e978d2749ad972810ef,undefined FUN_1806827ac(),ghidra,clean,
WHGame.dll,release_1_5_1164953_841,0x6827dc,95,FUN_1806827dc,,,110350d1c2c253858b8d753aebda29a5d04ddb880c1c0500a6662a143d5c95d4,undefined FUN_1806827dc(),ghidra,clean,
WHGame.dll,release_1_5_1164953_841,0x682824,192,FUN_180682824,,,87aff89625bd88f99c206bad7ca8e13626d1936bb179852675b62414e090ee1f,undefined FUN_180682824(),ghidra,clean,
WHGame.dll,release_1_5_1164953_841,0x6828e4,75,FUN_1806828e4,,,d386593182e49be1aab55d5aea34ce8fa1886aae2839f9f9ab49a88bb8459466,undefined FUN_1806828e4(),ghidra,clean,
WHGame.dll,release_1_5_1164953_841,0x682930,126,FUN_180682930,,,b3e9179ac43036090230015ca682b8299ef7721be7f3df44c38dcceffb57b3b7,undefined FUN_180682930(),ghidra,clean,
WHGame.dll,release_1_5_1164953_841,0x68296c,77,FUN_18068296c,,,3ed26bf85a7637b0ed0abdf69beb5ab90f5410563e943961851a3e0cf581079a,undefined FUN_18068296c(),ghidra,clean,
WHGame.dll,release_1_5_1164953_841,0x6829bc,74,FUN_1806829bc,,,f4cbb7659ce64dd4d1975160d23e85e3a57a0c1757062ef988551cc49f133fd5,undefined FUN_1806829bc(),ghidra,clean,
WHGame.dll,release_1_5_1164953_841,0x682a08,611,FUN_180682a08,,,2b43a1c0477aff58bd35d8d9b04cdc9f9f1fded79eaac550062a46c67e2bf246,undefined FUN_180682a08(),ghidra,clean,
WHGame.dll,release_1_5_1164953_841,0x682c6c,115,FUN_180682c6c,,,862c9d1d2a13b399b66a2cac7210963269a9e8d766c1b27db7d6a73cda89cd2c,undefined FUN_180682c6c(),ghidra,clean,
WHGame.dll,release_1_5_1164953_841,0x682ce0,46,FUN_180682ce0,,,7bd050a7b2f0111d1f802d6d47f5b779383aa79acd9736899e2bad57a24a7b51,undefined FUN_180682ce0(),ghidra,clean,
WHGame.dll,release_1_5_1164953_841,0x682d10,48,FUN_180682d10,,,d983c39270cf2ca192bf75bab2e0ea64c988beba986749cd651c7745cd478148,undefined FUN_180682d10(),ghidra,clean,
WHGame.dll,release_1_5_1164953_841,0x682d40,100,FUN_180682d40,,,93a0d778fa86f10abafc7fe51b35b66b365f14224a0379c839c11c8b029b4e21,undefined FUN_180682d40(),ghidra,clean,
WHGame.dll,release_1_5_1164953_841,0x682da4,120,FUN_180682da4,,,2ca373b72e29b0ce165009c0828344c5b1181bc5d092c582f5e8c645c40a87ee,undefined FUN_180682da4(),ghidra,clean,
WHGame.dll,release_1_5_1164953_841,0x682e1c,143,FUN_180682e1c,,,3990e19ac5b0fda6aa5675fdacd8e843d20044181f47e712260a7456e4b31e60,undefined FUN_180682e1c(),ghidra,clean,
WHGame.dll,release_1_5_1164953_841,0x682ea0,77,FUN_180682ea0,,,d7bbc645edfd7d0098d9bb5e4ef376300d78a9a4d672badf6ca57dffca6d99c7,undefined FUN_180682ea0(),ghidra,clean,
WHGame.dll,release_1_5_1164953_841,0x682ef0,65,FUN_180682ef0,,,51e22c7c56b4e72526608c1190367380f68b2446854de28aafbb8589fbeb786d,undefined FUN_180682ef0(),ghidra,clean,
WHGame.dll,release_1_5_1164953_841,0x682f34,81,FUN_180682f34,,,3dd7a15f957a0a298f8e1576f950354d9f53d403cd9b1ce982a9b35b42a714c6,undefined FUN_180682f34(),ghidra,clean,
WHGame.dll,release_1_5_1164953_841,0x682f88,71,FUN_180682f88,,,2207fd3f98e08ec1ebe19ac0bb5d7d8bc760ec8aaae4d8daa64721dfdfadbef8,undefined FUN_180682f88(),ghidra,clean,
WHGame.dll,release_1_5_1164953_841,0x682fd0,53,FUN_180682fd0,,,f598e1b73261f616f332b1bf32c3359b7f36007a94379b0371a03057c2f0c968,undefined FUN_180682fd0(),ghidra,clean,
WHGame.dll,release_1_5_1164953_841,0x683008,247,FUN_180683008,,,5db3fc25070d1fba94839fd922f5e73da9fa57b6201b959b0d2b26f7f4df974a,undefined FUN_180683008(),ghidra,clean,
WHGame.dll,release_1_5_1164953_841,0x683100,439,FUN_180683100,,,1bde6dabc7c878fc82daa85295459e22f1002e806a8d27c9b75e9ad0e701dd59,undefined FUN_180683100(),ghidra,clean,
WHGame.dll,release_1_5_1164953_841,0x683270,36,FUN_180683270,,,b0de2d1ed9cd936468fd2e86cd68bbf1856e6abe1e459d66dcfff39d34ff15f6,undefined FUN_180683270(),ghidra,clean,
WHGame.dll,release_1_5_1164953_841,0x683294,78,FUN_180683294,,,5487df07ed4e4444de5e30d9332fdbca9d4f7de40e6036310d67c63e8ea11bca,undefined FUN_180683294(),ghidra,clean,
WHGame.dll,release_1_5_1164953_841,0x6832e4,51,FUN_1806832e4,,,5cf247c5a5d5afa056943f6e1468d3e03f7724ebd4fdd276e5ec35f69a4aa153,undefined FUN_1806832e4(),ghidra,clean,
WHGame.dll,release_1_5_1164953_841,0x683318,139,FUN_180683318,,,320cf4cbf545516d305917db9aab4628894eb243767d9781382fa8626ad400c0,undefined FUN_180683318(),ghidra,clean,
WHGame.dll,release_1_5_1164953_841,0x6833a4,36,FUN_1806833a4,,,b83144a98d9628ea0ec0bf5628feb03fcb3b2f33d3eec3b1a72a3c568ac12ad3,undefined FUN_1806833a4(),ghidra,clean,
WHGame.dll,release_1_5_1164953_841,0x6833c8,34,FUN_1806833c8,,,da912c0cd4e68d550cef0282a3daed11cfebbe2abb318963d9c640e288494908,undefined FUN_1806833c8(),ghidra,clean,
WHGame.dll,release_1_5_1164953_841,0x6833ec,5,thunk_FUN_1806833f4,,,b0d40b133b9394d93820ac0104b0065121d2d73df32c7bfb4e4cf5d805a8b103,undefined thunk_FUN_1806833f4(),ghidra,clean,
WHGame.dll,release_1_5_1164953_841,0x6833f4,160,FUN_1806833f4,,,b3f4c6daa95a5aedfe19e249128d533fd808e3cef14689522eb41d9fe30b80b7,undefined FUN_1806833f4(),ghidra,clean,
WHGame.dll,release_1_5_1164953_841,0x683494,68,FUN_180683494,,,1db597aec14594126629f7dad0fc9d982be3b4168992437e07ec73b7191ebaa6,undefined FUN_180683494(),ghidra,clean,
WHGame.dll,release_1_5_1164953_841,0x6834d8,68,FUN_1806834d8,,,cbebc080b907c3a063cbdf74f8954b70677be9680df90a80cfe5b1f4befe0a70,undefined FUN_1806834d8(),ghidra,clean,
WHGame.dll,release_1_5_1164953_841,0x68351c,81,FUN_18068351c,,,89a4f8212649260507f8bb9ffd31c4d8afc5920ead96347025b6b42d1ee36635,undefined FUN_18068351c(),ghidra,clean,
WHGame.dll,release_1_5_1164953_841,0x683570,118,FUN_180683570,,,473798fe6059937b2291ef473619dd248102414889f0faab16fd0324d15d1d5d,undefined FUN_180683570(),ghidra,clean,
WHGame.dll,release_1_5_1164953_841,0x6835e8,157,FUN_1806835e8,,,72fa27a8844bb110e9bba9552236034cbdc93b2681643ef05d09c7e9237df445,undefined FUN_1806835e8(),ghidra,clean,
WHGame.dll,release_1_5_1164953_841,0x683630,59,FUN_180683630,,,4991a7255455db1c1bbe2b2d70ea710b86b0cd792e6c665d189b142851b13984,undefined FUN_180683630(),ghidra,clean,
WHGame.dll,release_1_5_1164953_841,0x68366c,20,FUN_18068366c,,,b952593f8310576f0e64581a37ca5889782cbcb8b16152670a38f609313eb585,undefined FUN_18068366c(),ghidra,clean,
WHGame.dll,release_1_5_1164953_841,0x683680,60,FUN_180683680,,,50a8c47ec370b0031c2c79886d527afa145877bbd62e1226487beb54362877c9,undefined FUN_180683680(),ghidra,clean,
WHGame.dll,release_1_5_1164953_841,0x6836bc,184,FUN_1806836bc,,,25b8e436d01212fcc878dec60edd5f4e8ae1a265987c58067a12124fe2bc322b,undefined FUN_1806836bc(),ghidra,clean,
WHGame.dll,release_1_5_1164953_841,0x683774,20,FUN_180683774,,,b952593f8310576f0e64581a37ca5889782cbcb8b16152670a38f609313eb585,undefined FUN_180683774(),ghidra,clean,
WHGame.dll,release_1_5_1164953_841,0x683788,60,FUN_180683788,,,0430c653a5f9ba7351bede4e9368699063f0a5f444cf74ce356c89311824d7a3,undefined FUN_180683788(),ghidra,clean,
WHGame.dll,release_1_5_1164953_841,0x6837c4,184,FUN_1806837c4,,,ea824ba6fd447e615c4eace87c44bce3d87351426cbe37b4fe80c874bdea9e37,undefined FUN_1806837c4(),ghidra,clean,
WHGame.dll,release_1_5_1164953_841,0x68387c,20,FUN_18068387c,,,0cb2d9441fd1fc228d8d63a0df4f450e5ab9c934ccc7940a90d77625b8497f6a,undefined FUN_18068387c(),ghidra,clean,
WHGame.dll,release_1_5_1164953_841,0x683890,20,FUN_180683890,,,b952593f8310576f0e64581a37ca5889782cbcb8b16152670a38f609313eb585,undefined FUN_180683890(),ghidra,clean,
WHGame.dll,release_1_5_1164953_841,0x6838a4,60,FUN_1806838a4,,,0b0360d58c7b99d737febee188b51f8e708b2f18dfaaf8026801d88fb31b86d9,undefined FUN_1806838a4(),ghidra,clean,
WHGame.dll,release_1_5_1164953_841,0x6838e0,184,FUN_1806838e0,,,f0f96a1c0ed92d77f2b476145d1152ab1b1c18755d83f0c7c3750170807be782,undefined FUN_1806838e0(),ghidra,clean,
WHGame.dll,release_1_5_1164953_841,0x683998,20,FUN_180683998,,,cef5a81037a25728bca374de3a6e4b6cc1ccfb9d4863bf261efc11567870e165,undefined FUN_180683998(),ghidra,clean,
WHGame.dll,release_1_5_1164953_841,0x6839ac,5,thunk_FUN_180683570,,,03197204ae7527929f154dc6bffdeca4b364cba0190dacc3f6cd739bf553f7b1,undefined thunk_FUN_180683570(),ghidra,clean,
WHGame.dll,release_1_5_1164953_841,0x6839b4,186,FUN_1806839b4,,,e3cb299ea12a403f45ce187f28c64e37d6242e5f2b85887d395c9f85829c934f,undefined FUN_1806839b4(),ghidra,clean,
WHGame.dll,release_1_5_1164953_841,0x683a60,68,FUN_180683a60,,,c5821ab2eff571450a558d56a431a1c457d16323425cd1e93d95cfdab9e58a46,undefined FUN_180683a60(),ghidra,clean,
WHGame.dll,release_1_5_1164953_841,0x683aa4,105,FUN_180683aa4,,,e13224ac81790ea65d190f000099c0f9f00bfdff07e857c98dce437c4fbec9ba,undefined FUN_180683aa4(),ghidra,clean,
WHGame.dll,release_1_5_1164953_841,0x683b00,205,FUN_180683b00,,,00ea2cf08672252fa968f04000472386c6746d9b0a327ded7bc6ecb1212aa38b,undefined FUN_180683b00(),ghidra,clean,
WHGame.dll,release_1_5_1164953_841,0x683bc0,127,FUN_180683bc0,,,6456275d87de47bb2738e9000980710f5d76f110f5c9c74db972b45c00b21c74,undefined FUN_180683bc0(),ghidra,clean,
WHGame.dll,release_1_5_1164953_841,0x683c40,305,FUN_180683c40,,,e1eaf53c149d9e4065bf76818961a164f2f5ec747f474f81fa2f26d1758e4722,undefined FUN_180683c40(),ghidra,clean,
WHGame.dll,release_1_5_1164953_841,0x683d74,60,FUN_180683d74,,,0a6bbab18fdd38d6cc9d2c0e056df09f63c884ef8f0061e7349b7dfa7178bd50,undefined FUN_180683d74(),ghidra,clean,
WHGame.dll,release_1_5_1164953_841,0x683db0,157,FUN_180683db0,,,baa54a1957e5bf5229c925f9ee8eb1e63ad0bb73a06561c6793ee83d4e860153,undefined FUN_180683db0(),ghidra,clean,
WHGame.dll,release_1_5_1164953_841,0x683e50,115,FUN_180683e50,,,faa3d0a8e0c2ee245f2980831225b40369dcf78f5a32631387a163edf476b628,undefined FUN_180683e50(),ghidra,clean,
WHGame.dll,release_1_5_1164953_841,0x683ed0,8,FUN_180683ed0,,,3fd824d6c5d76b41bcfaa766cb085044d68f723c8494e313b0c2bfa7471a5c2e,undefined FUN_180683ed0(),ghidra,clean,
WHGame.dll,release_1_5_1164953_841,0x683ed8,266,FUN_180683ed8,,,099a62fcc690d1d17081f50c6a9482cdd44a7eb8b63b214f7b92acd094d9f357,undefined FUN_180683ed8(),ghidra,clean,
WHGame.dll,release_1_5_1164953_841,0x683fe4,428,FUN_180683fe4,,,dab2fef91c5ea020c83e389d846077abab15a1d252aa29d2146814107a823ca5,undefined FUN_180683fe4(),ghidra,clean,
WHGame.dll,release_1_5_1164953_841,0x684150,135,FUN_180684150,,,04db026f0b80201af9a1095c2aec9ee18494cd7105bac3e8944e0efc64d112a3,undefined FUN_180684150(),ghidra,clean,
WHGame.dll,release_1_5_1164953_841,0x6841d8,81,FUN_1806841d8,,,e4fd84c9de0ff68009fe60c53d62b4f471ba10abdf35f3fcef3cb6ecc91696ea,undefined FUN_1806841d8(),ghidra,clean,
WHGame.dll,release_1_5_1164953_841,0x68422c,155,FUN_18068422c,,,0134c8aa9e2c83835e3fcb387052424c9cca957ed319958c067cf18de3ac85ae,undefined FUN_18068422c(),ghidra,clean,
WHGame.dll,release_1_5_1164953_841,0x6842c8,736,FUN_1806842c8,,,7ef222ba0756d292569f47a2c454d8c270d68ed31c349c57a8459a5631c6c760,undefined FUN_1806842c8(),ghidra,clean,
WHGame.dll,release_1_5_1164953_841,0x68456c,52,FUN_18068456c,,,67667c305d95d4eb5ea06bcbf2d02bcd26182f5c9996af7bbbfd89a4864e48c1,undefined FUN_18068456c(),ghidra,clean,
WHGame.dll,release_1_5_1164953_841,0x6845a0,658,FUN_1806845a0,,,33d9e04ecfe177d46ba44ec0075fcc34105313a6b0919394b5f902b786cd9210,undefined FUN_1806845a0(),ghidra,clean,
WHGame.dll,release_1_5_1164953_841,0x684834,113,FUN_180684834,,,66bff0479462f11d756674bd43702775a44a59a3ef91edbb403514d302d12212,undefined FUN_180684834(),ghidra,clean,
WHGame.dll,release_1_5_1164953_841,0x6848a8,100,FUN_1806848a8,,,a60dba6901fcafd602257868dfbbe1c7ae0f63b58c046203314b4945989439bf,undefined FUN_1806848a8(),ghidra,clean,
WHGame.dll,release_1_5_1164953_841,0x6848ec,36,FUN_1806848ec,,,eae8c8ca88a52353c7d483e8ba64ee90ff6ca127dfec69a16275020a476e728b,undefined FUN_1806848ec(),ghidra,clean,
WHGame.dll,release_1_5_1164953_841,0x684910,348,FUN_180684910,,,58766a3c5fa1a3662a86593cd550c5fcb99e1be48586012183804bf5eec005d2,undefined FUN_180684910(),ghidra,clean,
WHGame.dll,release_1_5_1164953_841,0x684a6c,273,FUN_180684a6c,,,c2e40146b5d31a01a3c60f7fa7de1617f11f5ec3cbb6f5ad8a371f96faca8a12,undefined FUN_180684a6c(),ghidra,clean,
WHGame.dll,release_1_5_1164953_841,0x684b80,5,thunk_FUN_18068504c,,,093039147f2c4f7e5568078c2177e1badbf6e622939dd5212f32930ff5e9373e,undefined thunk_FUN_18068504c(),ghidra,clean,
WHGame.dll,release_1_5_1164953_841,0x684b88,756,FUN_180684b88,,,c1b88fdbf1d7efa86d55fc8b88e943f48320e6209fbf0ee8386b36376935a247,undefined FUN_180684b88(),ghidra,clean,
WHGame.dll,release_1_5_1164953_841,0x684e7c,367,FUN_180684e7c,,,56aef884ac89e289a820eb45bd5682c52202d2cee042128857e63fe80d5db0b1,undefined FUN_180684e7c(),ghidra,clean,
WHGame.dll,release_1_5_1164953_841,0x684fec,54,FUN_180684fec,,,37c305ba7e54ded666ee72e180303451fe26e0c0e93f9f54c3ead78e9e973258,undefined FUN_180684fec(),ghidra,clean,
WHGame.dll,release_1_5_1164953_841,0x685024,40,FUN_180685024,,,ab5964ca4132e63a6b8f279c14b52b60a232979dd12de0d3121afa0419a5ccf1,undefined FUN_180685024(),ghidra,clean,
WHGame.dll,release_1_5_1164953_841,0x68504c,268,FUN_18068504c,,,1f2419f92b73f7baa3d5adcc9652df2f0d43c43eae2ae5ad7639fe3f08538182,undefined FUN_18068504c(),ghidra,clean,
WHGame.dll,release_1_5_1164953_841,0x685158,192,FUN_180685158,,,02b4bf6abd5f89b2471dec5d766adfbabc1cc898acdca3ece856f8967bafc137,undefined FUN_180685158(),ghidra,clean,
WHGame.dll,release_1_5_1164953_841,0x685218,50,FUN_180685218,,,30db4cba8ba1baad9350b459f8bcc3b4ecbce89932b8583fa8f190ca2795c86b,undefined FUN_180685218(),ghidra,clean,
WHGame.dll,release_1_5_1164953_841,0x68524c,116,FUN_18068524c,,,4e1ae14e8408f1e02267064e2578385f29eb6727580257bd2d1b49eee9c01237,undefined FUN_18068524c(),ghidra,clean,
WHGame.dll,release_1_5_1164953_841,0x6852c0,273,FUN_1806852c0,,,bc787ffb52dcab3e6215e8de81d6e94a91cdae4afc2191228f745444fe72956b,undefined FUN_1806852c0(),ghidra,clean,
WHGame.dll,release_1_5_1164953_841,0x6853d4,61,FUN_1806853d4,,,9b9fd0b07ca7a15848490d7d3b449c9ecba0f3b95b69297b6c71e7a8910c92bf,undefined FUN_1806853d4(),ghidra,clean,
WHGame.dll,release_1_5_1164953_841,0x685414,108,FUN_180685414,,,4ea3747f073f9fa838d2d2158761578598e930a688b0294c6c68f7c6a71b6fd0,undefined FUN_180685414(),ghidra,clean,
WHGame.dll,release_1_5_1164953_841,0x685480,50,FUN_180685480,,,0b4e4929f1e6317bec7bce667b9fa7867ec475f444c421875a52238f27d1e326,undefined FUN_180685480(),ghidra,clean,
WHGame.dll,release_1_5_1164953_841,0x6854b4,448,FUN_1806854b4,,,2012394556378d0ad84c0f812b70c711ee0aa1e8ae55a24734a09de561215726,undefined FUN_1806854b4(),ghidra,clean,
WHGame.dll,release_1_5_1164953_841,0x68566c,63,FUN_18068566c,,,c0d2db4778d13ee95e1647ce80ef67173aeada2fc6d1d5e9b23e1be0d6f3b208,undefined FUN_18068566c(),ghidra,clean,
WHGame.dll,release_1_5_1164953_841,0x6856ac,41,FUN_1806856ac,,,d172a0aa7b6f7cd863e5fc53900c251f124125d3857d796c3e5946453c58f920,undefined FUN_1806856ac(),ghidra,clean,
WHGame.dll,release_1_5_1164953_841,0x6856d8,152,FUN_1806856d8,,,03770aa8eb41eff1492806369ee0e294f2d10bc143415ee9e18aff4f78b3510f,undefined FUN_1806856d8(),ghidra,clean,
WHGame.dll,release_1_5_1164953_841,0x685770,68,FUN_180685770,,,6bff5dbc57b85539d7fc084f97a845131e7dea10a66a27934a7bc563cee3fedc,undefined FUN_180685770(),ghidra,clean,
WHGame.dll,release_1_5_1164953_841,0x6857b4,60,FUN_1806857b4,,,1a89eac53ffebaf9e3548684b5fb9b0ee92d0a3f25d3dde21e19be4b90ac0f62,undefined FUN_1806857b4(),ghidra,clean,
WHGame.dll,release_1_5_1164953_841,0x6857f0,184,FUN_1806857f0,,,75c224a021c09077faec59f0b845a049a27396ed0141a7cceba126971f247da5,undefined FUN_1806857f0(),ghidra,clean,
WHGame.dll,release_1_5_1164953_841,0x6858a8,68,FUN_1806858a8,,,a7834f0fd5cb5c08910325b63e44aedb80bba9ef932b6e30e993c3354cddab39,undefined FUN_1806858a8(),ghidra,clean,
WHGame.dll,release_1_5_1164953_841,0x6858ec,60,FUN_1806858ec,,,eee95a1d3629847dace0dd7bb27477cd8317da956c5e75e70efe295abfdf7caf,undefined FUN_1806858ec(),ghidra,clean,
WHGame.dll,release_1_5_1164953_841,0x685928,184,FUN_180685928,,,963d24cb0bf82b62044d77cf4fd8b1a796bff5ec552283631859a6aef45b37e2,undefined FUN_180685928(),ghidra,clean,
WHGame.dll,release_1_5_1164953_841,0x6859e0,78,FUN_1806859e0,,,89dbbe0f341988c06199239ea6dcbf24ea3c0b35e76e0daac513dc4561991dcb,undefined FUN_1806859e0(),ghidra,clean,
WHGame.dll,release_1_5_1164953_841,0x685a30,213,FUN_180685a30,,,8beee6416384393764cb1d843baf25a1ecb0130862f50ec5f273721ae13f24d1,undefined FUN_180685a30(),ghidra,clean,
WHGame.dll,release_1_5_1164953_841,0x685b08,52,FUN_180685b08,,,3fe720982b04fab15f46065886fe1cc5d1f76301474f5f04825c4a6e9ce2405c,undefined FUN_180685b08(),ghidra,clean,
WHGame.dll,release_1_5_1164953_841,0x685b3c,345,FUN_180685b3c,,,4d553c1d68b59f12a821f6aad96bd1aa50f6b555537341b3afd2097b2b450dd2,undefined FUN_180685b3c(),ghidra,clean,
WHGame.dll,release_1_5_1164953_841,0x685c8c,44,FUN_180685c8c,,,4e1a6af518dc4c89e27347c20400aef57497037a7dbc1b7fd2a862f22b7b1435,undefined FUN_180685c8c(),ghidra,clean,
WHGame.dll,release_1_5_1164953_841,0x685cb8,135,FUN_180685cb8,,,55238782650d2f4782e712dd568e86ef208514ecc8fff9d4bb2a1fa24631d0ba,undefined FUN_180685cb8(),ghidra,clean,
WHGame.dll,release_1_5_1164953_841,0x685d40,67,FUN_180685d40,,,16069a2dfa45b7ad1102566b9dd00aa398219dd54850bb277e024df5781c4a5f,undefined FUN_180685d40(),ghidra,clean,
WHGame.dll,release_1_5_1164953_841,0x685d84,78,FUN_180685d84,,,f8cc011722ad8dce6ac0e0e982bb87bac8741cd0ff66134b8e026d5d179723a2,undefined FUN_180685d84(),ghidra,clean,
WHGame.dll,release_1_5_1164953_841,0x685dd4,139,FUN_180685dd4,,,2f65e0d3fbf47b92ac542916be74fe1f69d5e2ea8d2ff9818c6196bb3b23326c,undefined FUN_180685dd4(),ghidra,clean,
WHGame.dll,release_1_5_1164953_841,0x685e60,172,FUN_180685e60,,,cbe28f3e5437395a1f1fa86f57eed1f7f68ac7867f81a3ad8f49727dc3e1328a,undefined FUN_180685e60(),ghidra,clean,
WHGame.dll,release_1_5_1164953_841,0x685f0c,46,FUN_180685f0c,,,850d3ef412875138b1a971d34e6c439e5801ac852d0f00b32066fc3e5651e479,undefined FUN_180685f0c(),ghidra,clean,
WHGame.dll,release_1_5_1164953_841,0x685f3c,149,FUN_180685f3c,,,8c5d94bba83a749757f8e9fde108b3f7ba3ca113eeb8e7fed86030452f4ef13e,undefined FUN_180685f3c(),ghidra,clean,
WHGame.dll,release_1_5_1164953_841,0x685fd4,62,FUN_180685fd4,,,e6914ba16bc41d64d1b770e0c72e269af395cd7e08026b151b727b28da0ad73f,undefined FUN_180685fd4(),ghidra,clean,
WHGame.dll,release_1_5_1164953_841,0x686014,40,FUN_180686014,,,b4789895ae5ca23c8057e5ba0eccd8a3f27ef4ceb1b23aece269231de0678f7f,undefined FUN_180686014(),ghidra,clean,
WHGame.dll,release_1_5_1164953_841,0x68603c,40,FUN_18068603c,,,605c9db78a752ed2510c1ae872da35d4158342ffc24f57bacf0368dd0a3e95e2,undefined FUN_18068603c(),ghidra,clean,
WHGame.dll,release_1_5_1164953_841,0x686064,161,FUN_180686064,,,e88ea11858aff5a811cefe63a87e8e382a8ddc2ef163c42a90c7b3f0240748e9,undefined FUN_180686064(),ghidra,clean,
WHGame.dll,release_1_5_1164953_841,0x686108,139,FUN_180686108,,,a48d8d080dd69fa2bc202e0f478b0fbc945985b7097a2127581ecf58e1a0823f,undefined FUN_180686108(),ghidra,clean,
WHGame.dll,release_1_5_1164953_841,0x686194,175,FUN_180686194,,,1f8c9cf538a1e8d13528d23d727d993d48dda2370cffdda7709b69141cfb424b,undefined FUN_180686194(),ghidra,clean,
WHGame.dll,release_1_5_1164953_841,0x686244,161,FUN_180686244,,,7f7fc256028436f8a16865996f2a0382ce2dc4a49e0140fdb32b523a8ecae38b,undefined FUN_180686244(),ghidra,clean,
WHGame.dll,release_1_5_1164953_841,0x6862e8,139,FUN_1806862e8,,,888d47a812c9146285f690335d727840eb684d040b2ac00a4dc44315d163f640,undefined FUN_1806862e8(),ghidra,clean,
WHGame.dll,release_1_5_1164953_841,0x686374,175,FUN_180686374,,,5e94f59c1a7f70f95c75ac6fc33aab8a0d8c2e03419642e7462892f27885b23e,undefined FUN_180686374(),ghidra,clean,
WHGame.dll,release_1_5_1164953_841,0x686424,141,FUN_180686424,,,e40b5907f00b4e14683839c8ee25a40cf4cbed5eb9fd29ad18a084cd17b2bff7,undefined FUN_180686424(),ghidra,clean,
WHGame.dll,release_1_5_1164953_841,0x6864b4,462,FUN_1806864b4,,,8c252008800235b7b20ad41c17bdb19eadb45a16998b084c7d0de95b17ab8e1e,undefined FUN_1806864b4(),ghidra,clean,
WHGame.dll,release_1_5_1164953_841,0x686684,39,FUN_180686684,,,e4487fb8e18aaf1c43cfbd485938ae261c9181ba65b30d0878723ffaedadaaac,undefined FUN_180686684(),ghidra,clean,
WHGame.dll,release_1_5_1164953_841,0x6866ac,50,FUN_1806866ac,,,3fe05973b20d585256b233954f9009e812001fce532b545789b9d649552d3b1d,undefined FUN_1806866ac(),ghidra,clean,
WHGame.dll,release_1_5_1164953_841,0x6866e0,107,FUN_1806866e0,,,6797d40e13a9b92d84a2630b56f95eb87ed1281887dfd9c4ff11bb42954eaa9d,undefined FUN_1806866e0(),ghidra,clean,
WHGame.dll,release_1_5_1164953_841,0x68674c,70,FUN_18068674c,,,54d438c528209866e8fd571dbbbf74f6822b1a208747be45e0211e1b4973d3a2,undefined FUN_18068674c(),ghidra,clean,
WHGame.dll,release_1_5_1164953_841,0x686794,52,FUN_180686794,,,f47225c54b8d53ccd30d878a5eb5ebe951aa18db1a977c25e2a7798c6af7e8f2,undefined FUN_180686794(),ghidra,clean,
WHGame.dll,release_1_5_1164953_841,0x6867c8,180,FUN_1806867c8,,,29cfdea2d8f9ea6eedfa0f4cca357277959b628c434422ca30848694af15efbc,undefined FUN_1806867c8(),ghidra,clean,
WHGame.dll,release_1_5_1164953_841,0x68687c,313,FUN_18068687c,,,25ba3b1a7f294425d19536e27da1b57fecab5381259f075fe9dbc4a834168496,undefined FUN_18068687c(),ghidra,clean,
WHGame.dll,release_1_5_1164953_841,0x6869b8,137,FUN_1806869b8,,,6f56a411f461411b1c9017769d32ba777dc7e6895019bd2a94f28cfa1ba05c24,undefined FUN_1806869b8(),ghidra,clean,
WHGame.dll,release_1_5_1164953_841,0x686a44,98,FUN_180686a44,,,26f742441913ff0340ff7a0f7a966c70497e1ef29c05a751fba72515b31a4c2b,undefined FUN_180686a44(),ghidra,clean,
WHGame.dll,release_1_5_1164953_841,0x686aa8,274,FUN_180686aa8,,,09a94299a0d903ca823ab7565f72837377289080241a84a572587b7617d61c14,undefined FUN_180686aa8(),ghidra,clean,
WHGame.dll,release_1_5_1164953_841,0x686ba8,271,FUN_180686ba8,,,c21a33f9c2d02a31474c4362d6d9da6583ff4cbe4908305b196770164fdefb5d,undefined FUN_180686ba8(),ghidra,clean,
WHGame.dll,release_1_5_1164953_841,0x686cb0,862,FUN_180686cb0,,,254c6d1ff967db4311cc02a7434f7f072b4bbdebc7162317a8fa80ab4892513f,undefined FUN_180686cb0(),ghidra,clean,
WHGame.dll,release_1_5_1164953_841,0x687010,190,FUN_180687010,,,c254f3e959221196e4392b10d01c2db6d54a072ffa07cf4910408cd51b8bf02c,undefined FUN_180687010(),ghidra,clean,
WHGame.dll,release_1_5_1164953_841,0x6870d0,178,FUN_1806870d0,,,59a8159ed489f5cb3a2ce38dfc94909bf9efe61f70e36c2a7242fa3e34025e0a,undefined FUN_1806870d0(),ghidra,clean,
WHGame.dll,release_1_5_1164953_841,0x687190,15,FUN_180687190,,,f06f80ca341ad9d11c8cb36fc62c4b6ea722bfd91f3fc2799d3f44f04c3fd738,undefined FUN_180687190(),ghidra,clean,
WHGame.dll,release_1_5_1164953_841,0x6871a0,154,FUN_1806871a0,,,47104e3ee6c31d91f4b33013d3e535ef9f7ddcc855923be54f0935ca5e6f3cae,undefined FUN_1806871a0(),ghidra,clean,
WHGame.dll,release_1_5_1164953_841,0x68723c,338,FUN_18068723c,,,dbdf4eb7a0768f979332e43bf57af77579c3f6e7cca5ea050a4480c030f64f2e,undefined FUN_18068723c(),ghidra,clean,
WHGame.dll,release_1_5_1164953_841,0x687390,214,FUN_180687390,,,8b7310faddcee02cf225bc8ffc6329e14d653ec6c6d3dd5df9adeac757b4c876,undefined FUN_180687390(),ghidra,clean,
WHGame.dll,release_1_5_1164953_841,0x68745c,295,FUN_18068745c,,,7877cca962e1cbe429893cea5a613d258a1cd6b0ae82b140b823ed26f4299ecf,undefined FUN_18068745c(),ghidra,clean,
WHGame.dll,release_1_5_1164953_841,0x687568,80,FUN_180687568,,,c918449f6a5c08a1306ff598a89bb7299f03565624bf627c97d4ff5676445fc9,undefined FUN_180687568(),ghidra,clean,
WHGame.dll,release_1_5_1164953_841,0x6875b8,120,FUN_1806875b8,,,06bdcae9177e8191187d99f7259ec0dbc3c81835a80bbe51c197a707bef998e5,undefined FUN_1806875b8(),ghidra,clean,
WHGame.dll,release_1_5_1164953_841,0x687630,116,FUN_180687630,,,b8c9e1e8c2420169d1fe9c08e6bdc38a7d39dd86bb69d92015ba791d1e8de51f,undefined FUN_180687630(),ghidra,clean,
WHGame.dll,release_1_5_1164953_841,0x6876a4,65,FUN_1806876a4,,,3859ae657804d5e8a8fb44469288294817912293517c54284f54e64c64ef8a78,undefined FUN_1806876a4(),ghidra,clean,
WHGame.dll,release_1_5_1164953_841,0x6876e8,282,FUN_1806876e8,,,371aae6f6d57e63b2b510cd18393cafe1f73a6a514bd63e4976ada76a76d4ee0,undefined FUN_1806876e8(),ghidra,clean,
WHGame.dll,release_1_5_1164953_841,0x687804,22,FUN_180687804,,,c02a5784d52c619f3760a11182622d963c207e5be3c32e80093adb61305d6e37,undefined FUN_180687804(),ghidra,clean,
WHGame.dll,release_1_5_1164953_841,0x68781c,327,FUN_18068781c,,,f55135ab47c98d5e1b9143628c9efef42b0020da61e6eae9519fbaec73b20cfe,undefined FUN_18068781c(),ghidra,clean,
WHGame.dll,release_1_5_1164953_841,0x687964,375,FUN_180687964,,,4f79fd3aa3d0f77cc90100cf910172c647e31abcab2de99d3ea0c6f83182a723,undefined FUN_180687964(),ghidra,clean,
WHGame.dll,release_1_5_1164953_841,0x687adc,30,FUN_180687adc,,,67b05905c10f3d30edcf2c27ac27267a49a32c2904b9cd259439c7f66e61f51c,undefined FUN_180687adc(),ghidra,clean,
WHGame.dll,release_1_5_1164953_841,0x687afc,176,FUN_180687afc,,,1f5d765aff86b752a6aa07ebe58d4998ae4594e64819ef861b80d6725f76254d,undefined FUN_180687afc(),ghidra,clean,
WHGame.dll,release_1_5_1164953_841,0x687b44,68,FUN_180687b44,,,3952ccc4b665f9ed25da98060df95b54bd82099a93d364ebcb66d0228bff7076,undefined FUN_180687b44(),ghidra,clean,
WHGame.dll,release_1_5_1164953_841,0x687b88,74,FUN_180687b88,,,6976ab87ab880e45b22d73191135495dc32b10639ccc8b0bbbd03986aa6d9ab8,undefined FUN_180687b88(),ghidra,clean,
WHGame.dll,release_1_5_1164953_841,0x687bd4,150,FUN_180687bd4,,,22d303cd05dce52957e83e4fc5586313c97cfdf3bf4d4b5d7e994674a7d292c6,undefined FUN_180687bd4(),ghidra,clean,
WHGame.dll,release_1_5_1164953_841,0x687c6c,110,FUN_180687c6c,,,d8357d44a1e816561a629d7e48b5e0ae426a04830c4cc0d8c95e1f900b6fd5d1,undefined FUN_180687c6c(),ghidra,clean,
WHGame.dll,release_1_5_1164953_841,0x687cdc,80,FUN_180687cdc,,,30bb810313f5a0040c3e31f6aee26ab5c68d04ac5d113e97e95d7764d8407b46,undefined FUN_180687cdc(),ghidra,clean,
WHGame.dll,release_1_5_1164953_841,0x687d18,138,FUN_180687d18,,,c1377293415ea69cb6a812c2ead1cf778c1153b30c9f29dcf46fe844803872c2,undefined FUN_180687d18(),ghidra,clean,
WHGame.dll,release_1_5_1164953_841,0x687da4,69,FUN_180687da4,,,66ab9f9fa74d26f1468a3c0c69fb2e20001f6a3d5b752b8c8b0984beb1987ac1,undefined FUN_180687da4(),ghidra,clean,
WHGame.dll,release_1_5_1164953_841,0x687dec,46,FUN_180687dec,,,cd8d276500df00d3c5712242d322360add2b69154eb7265374acf18254878400,undefined FUN_180687dec(),ghidra,clean,
WHGame.dll,release_1_5_1164953_841,0x687e1c,263,FUN_180687e1c,,,90379b36d2e2903827a78817a53c5570972a046f64eec4aa0eb494f837515f81,undefined FUN_180687e1c(),ghidra,clean,
WHGame.dll,release_1_5_1164953_841,0x687f24,79,FUN_180687f24,,,67a06925626aa96e80e5463e67ad9681a3c5b955bcf90a4c3a9a6ecf578abd52,undefined FUN_180687f24(),ghidra,clean,
WHGame.dll,release_1_5_1164953_841,0x687f74,145,FUN_180687f74,,,4ff8895176743af4de3dc01cd0a42263e5a0621f770207b0bac19d935bf02c36,undefined FUN_180687f74(),ghidra,clean,
WHGame.dll,release_1_5_1164953_841,0x688008,124,FUN_180688008,,,faa31ce54286f1cb13c50b3689643e6b5c0ac6c8c6acc44d68b8ff3a32a48942,undefined FUN_180688008(),ghidra,clean,
WHGame.dll,release_1_5_1164953_841,0x688084,279,FUN_180688084,,,332a9f4c3da6dfe5018882c5f24191696d0f011e9a045ec28f828f877854f19c,undefined FUN_180688084(),ghidra,clean,
WHGame.dll,release_1_5_1164953_841,0x68819c,193,FUN_18068819c,,,5d64460dcd5936c72f8981c71f2a08b4ae9d4b6e19f09aa58dd2064256ae553a,undefined FUN_18068819c(),ghidra,clean,
WHGame.dll,release_1_5_1164953_841,0x688260,375,FUN_180688260,,,da772d0644a4eec88ba62d31fcb35351d6f9e5191d11d75792a7b54002fa2dd3,undefined FUN_180688260(),ghidra,clean,
WHGame.dll,release_1_5_1164953_841,0x6882c0,249,FUN_1806882c0,,,32ac514ac82697c83ad36bfca12eee217d8abd7aa74afe0d9595259c00725eb9,undefined FUN_1806882c0(),ghidra,clean,
WHGame.dll,release_1_5_1164953_841,0x6883bc,106,FUN_1806883bc,,,374ffc7cc8e5b87ffc1da5465df39e06cf60269188e5003b3043c94c66b17a53,undefined FUN_1806883bc(),ghidra,clean,
WHGame.dll,release_1_5_1164953_841,0x688428,182,FUN_180688428,,,cd4941b0fc29538e699eeb10fd50504054c77d1f3b2dece3f1906adf0a923058,undefined FUN_180688428(),ghidra,clean,
WHGame.dll,release_1_5_1164953_841,0x6884e0,95,FUN_1806884e0,,,c641df8b29a59815524db11e167df6d144bf464844d995a3ad9fb457162e9de5,undefined FUN_1806884e0(),ghidra,clean,
WHGame.dll,release_1_5_1164953_841,0x688540,687,FUN_180688540,,,3de62ec26ce6220227a19412d94c40758b5f1fa95f45471cba4ec7dac62d7ba4,undefined FUN_180688540(),ghidra,clean,
WHGame.dll,release_1_5_1164953_841,0x6887f0,190,FUN_1806887f0,,,956388bcfcfdc058229ebe94c76fc5f5187956fb41423da9906f596b0960a6e6,undefined FUN_1806887f0(),ghidra,clean,
WHGame.dll,release_1_5_1164953_841,0x6888b0,130,FUN_1806888b0,,,94fd0598e23ddbf7450bbd3418aa5ca7074e12d34c47b7e3696cba2e8ff6703d,undefined FUN_1806888b0(),ghidra,clean,
WHGame.dll,release_1_5_1164953_841,0x688908,536,FUN_180688908,,,6ef5d258ab4c8a89f64aac7e7161bf0af7810e53fdafe9351f9091b6a8fc7edf,undefined FUN_180688908(),ghidra,clean,
WHGame.dll,release_1_5_1164953_841,0x688b20,123,FUN_180688b20,,,10af15410b0598d66ffb9de9d54ff5e73df3e66e5b86ac79802383af8f371c21,undefined FUN_180688b20(),ghidra,clean,
WHGame.dll,release_1_5_1164953_841,0x688b9c,208,FUN_180688b9c,,,ad94294444315933927a7139a009d29fdcbbc1cd5a8aa6ac92c9d70932952928,undefined FUN_180688b9c(),ghidra,clean,
WHGame.dll,release_1_5_1164953_841,0x688c6c,309,FUN_180688c6c,,,63d4ff5d53a13d2026c334e89ebbb4f625a1de2749ffab68eba6a66f4ecb0b86,undefined FUN_180688c6c(),ghidra,clean,
WHGame.dll,release_1_5_1164953_841,0x688da4,34,FUN_180688da4,,,f46777a9fab10367f3943f04f14337b4701cad342af97355608a1b15b1e052e5,undefined FUN_180688da4(),ghidra,clean,
WHGame.dll,release_1_5_1164953_841,0x688dc8,349,FUN_180688dc8,,,81695a7c654a2bad009c83e1c5a7999a9b7ea9df13224c90ffd6aae318fa0484,undefined FUN_180688dc8(),ghidra,clean,
WHGame.dll,release_1_5_1164953_841,0x688e1c,306,FUN_180688e1c,,,15be82d072598d5618fdf53a66893565d1806d09ec4ba2bc1d9a912ab05ecb7d,undefined FUN_180688e1c(),ghidra,clean,
WHGame.dll,release_1_5_1164953_841,0x688eb8,18,FUN_180688eb8,,,cf8c8174100ffb5c18640252166f8e96c534ae15731afc0bd77b48ebb0e9b352,undefined FUN_180688eb8(),ghidra,clean,
WHGame.dll,release_1_5_1164953_841,0x688ecc,106,FUN_180688ecc,,,8879310245678e6a593e258c33ea53970b17028e686201fb26517be197dd7d0b,undefined FUN_180688ecc(),ghidra,clean,
WHGame.dll,release_1_5_1164953_841,0x688f38,42,FUN_180688f38,,,663980e95fdc55595a338a090210fe685ef86a890c22e1be0c7f2319be30e5e3,undefined FUN_180688f38(),ghidra,clean,
WHGame.dll,release_1_5_1164953_841,0x688f64,202,FUN_180688f64,,,3f2d912d16cd72847722918649fcc1e20931744d39aa8dc55ecdaa2a6531b8a1,undefined FUN_180688f64(),ghidra,clean,
WHGame.dll,release_1_5_1164953_841,0x688fb0,58,FUN_180688fb0,,,59675d5ad9b89d3512faeb09c66c3517e540dc4499a9eea860c76f3cfa16e742,undefined FUN_180688fb0(),ghidra,clean,
WHGame.dll,release_1_5_1164953_841,0x688fec,106,FUN_180688fec,,,173dae6489a344dee6d1116f60e6cab101f6bb3b32dbce1986cb411b897d4680,undefined FUN_180688fec(),ghidra,clean,
WHGame.dll,release_1_5_1164953_841,0x689058,145,FUN_180689058,,,5ca5824d4cf78bb1228fd6798853d967c875647f188fc8d06be0ebe21cd03cd4,undefined FUN_180689058(),ghidra,clean,
WHGame.dll,release_1_5_1164953_841,0x6890ec,272,FUN_1806890ec,,,b650d30580cf3bd122c6b7e90b066cc2f844885431bb639109c04935db38080c,undefined FUN_1806890ec(),ghidra,clean,
WHGame.dll,release_1_5_1164953_841,0x6891fc,46,FUN_1806891fc,,,87434130f75026827b95301c029f36debd3664cc6b76f2ba25ab96a0d0ba40b2,undefined FUN_1806891fc(),ghidra,clean,
WHGame.dll,release_1_5_1164953_841,0x68921c,416,FUN_18068921c,,,c1b534a38af768738fa009f2675532eaa893a0a037b56c0f7c094a2f6007a60a,undefined FUN_18068921c(),ghidra,clean,
WHGame.dll,release_1_5_1164953_841,0x6893b0,277,FUN_1806893b0,,,0ed6ca65b9489000daa4ca65ca4dd213bda4a7a644eeb2ea434ecde6aa5f1cbb,undefined FUN_1806893b0(),ghidra,clean,
WHGame.dll,release_1_5_1164953_841,0x6894c8,7,FUN_1806894c8,,,989d7e485cd30ff87092c88d933da66ab6591ff3e065f4f32b29add21803f737,undefined FUN_1806894c8(),ghidra,clean,
WHGame.dll,release_1_5_1164953_841,0x6894d0,408,FUN_1806894d0,,,b3d8ffdc948e89efb1327965b05fd03db7f66adbf5bcefc4fb3acaf199d6e3fd,undefined FUN_1806894d0(),ghidra,clean,
WHGame.dll,release_1_5_1164953_841,0x68966c,272,FUN_18068966c,,,d0bd4d8993a85f1732ce0199b3ce2314e1f122ce5c16688528c345f8c8916be7,undefined FUN_18068966c(),ghidra,clean,
WHGame.dll,release_1_5_1164953_841,0x68977c,421,FUN_18068977c,,,781b26dc7dd35cf428e7247f11e09b9798090ab4a16323c2d081d91ad1e52263,undefined FUN_18068977c(),ghidra,clean,
WHGame.dll,release_1_5_1164953_841,0x689924,401,FUN_180689924,,,bccdf18e272405c24e5de9838535b35b5c9844abea280495739c5da321f76ca6,undefined FUN_180689924(),ghidra,clean,
WHGame.dll,release_1_5_1164953_841,0x689ab8,45,FUN_180689ab8,,,cf657ed7c574293387d4218b469f7be225f273dace089da77dfd7322303404e9,undefined FUN_180689ab8(),ghidra,clean,
WHGame.dll,release_1_5_1164953_841,0x689ae8,53,FUN_180689ae8,,,556a7ebace9e69ce6dfcdcc150dd69d49064241c237a391dc2f5082e70d5db7b,undefined FUN_180689ae8(),ghidra,clean,
WHGame.dll,release_1_5_1164953_841,0x689b20,61,FUN_180689b20,,,7e14399b44997d781bfba19eb4c042acdddc0c1700f2ff58ff9b44c966a58ae1,undefined FUN_180689b20(),ghidra,clean,
WHGame.dll,release_1_5_1164953_841,0x689b60,144,FUN_180689b60,,,998f8167f31bce6cc2464cb579746c8911dbf1624bdc6ef9a4b1b5e99b300bbb,undefined FUN_180689b60(),ghidra,clean,
WHGame.dll,release_1_5_1164953_841,0x689bf0,126,FUN_180689bf0,,,94343319c5af7639dda56ca88123941657a7bb7ea614869aa462c5fca5e8d6cb,undefined FUN_180689bf0(),ghidra,clean,
WHGame.dll,release_1_5_1164953_841,0x689c70,33,FUN_180689c70,,,f10f482be306d025d02479715a43d9bbfa6486d02fe0bef6ec66524d42ce47b8,undefined FUN_180689c70(),ghidra,clean,
WHGame.dll,release_1_5_1164953_841,0x689c94,106,FUN_180689c94,,,8dbf674b891f837134a068709dcc7a51f9d1841366163d508d8fa9d3de103c1e,undefined FUN_180689c94(),ghidra,clean,
WHGame.dll,release_1_5_1164953_841,0x689d00,410,FUN_180689d00,,,e6a6d397da236fab2b52512f874078d2e1b7426d25bf7108289d48db575fbc96,undefined FUN_180689d00(),ghidra,clean,
WHGame.dll,release_1_5_1164953_841,0x689e9c,416,FUN_180689e9c,,,4e676510b5954097ad98538c1b3c230964ff5da96bd14216e5418798aa30305b,undefined FUN_180689e9c(),ghidra,clean,
WHGame.dll,release_1_5_1164953_841,0x68a038,146,FUN_18068a038,,,f95ba4f4af1c60e8a61cb1918ee3dfbec333e048e496f15ff5c35efde7ddd382,undefined FUN_18068a038(),ghidra,clean,
WHGame.dll,release_1_5_1164953_841,0x68a0cc,75,FUN_18068a0cc,,,a71ac72f9e1a9ae80fd7e34d0f2ad897a9968dacdefc5ad13f2b4b1fd42daaa3,undefined FUN_18068a0cc(),ghidra,clean,
WHGame.dll,release_1_5_1164953_841,0x68a10c,52,FUN_18068a10c,,,06bd0ed95dac82112f05116c5922e643f92b080d02f8a92dce0298af38f432f9,undefined FUN_18068a10c(),ghidra,clean,
WHGame.dll,release_1_5_1164953_841,0x68a140,22,FUN_18068a140,,,1f94aa87669aeeb3667eeb8ffe4e59f9a5efc1d6bd98d943b346c73e9fc6bbf9,undefined FUN_18068a140(),ghidra,clean,
WHGame.dll,release_1_5_1164953_841,0x68a158,19,FUN_18068a158,,,e01178a14254016310e2cc690afa3e60f9bbc49d5fdc245e05de01ddcf121ea7,undefined FUN_18068a158(),ghidra,clean,
WHGame.dll,release_1_5_1164953_841,0x68a16c,58,FUN_18068a16c,,,a932d7888b1338098d1c598ccafac167818fa303a807c96b2c806e1ad00bb7d1,undefined FUN_18068a16c(),ghidra,clean,
WHGame.dll,release_1_5_1164953_841,0x68a1a8,37,FUN_18068a1a8,,,b0a087ab8186f614fae7ab5744c607fa5805c15b1e46928899a53cbbb60e1c24,undefined FUN_18068a1a8(),ghidra,clean,
WHGame.dll,release_1_5_1164953_841,0x68a1d0,37,FUN_18068a1d0,,,40eec7dad0932a18259b3091a141539376e61bbbf40872df1bcbfdcc3edd61f4,undefined FUN_18068a1d0(),ghidra,clean,
WHGame.dll,release_1_5_1164953_841,0x68a1f8,272,FUN_18068a1f8,,,ad3ff3b14765d9d923a0c9a8ce6890baa0f10d78a3020a6b15f52412afe92557,undefined FUN_18068a1f8(),ghidra,clean,
WHGame.dll,release_1_5_1164953_841,0x68a308,416,FUN_18068a308,,,b0fa80021c465fc9d159b45f1724ad453155f1f3588b29a54054c24fa8247c70,undefined FUN_18068a308(),ghidra,clean,
WHGame.dll,release_1_5_1164953_841,0x68a4a4,222,FUN_18068a4a4,,,56b89a4f0daaaff8e52ef24b6636a8a721f3811444dcf4e241c10b708d95dff4,undefined FUN_18068a4a4(),ghidra,clean,
WHGame.dll,release_1_5_1164953_841,0x68a584,198,FUN_18068a584,,,02a635a31ea45c0f8314063002eb59e7b564c79929da300945a3794ce60b4b2c,undefined FUN_18068a584(),ghidra,clean,
WHGame.dll,release_1_5_1164953_841,0x68a64c,5,thunk_FUN_1809d2a48,,,3e3c6e033bcadc67aadce8d6f8b6ecc00b952f7bc48409156ccfb5bdaf7c31b2,undefined thunk_FUN_1809d2a48(),ghidra,clean,
WHGame.dll,release_1_5_1164953_841,0x68a654,80,FUN_18068a654,,,55587aa7dcef512764383e23781d1a6aecc5c2dd46a9cab2c93a0515e6b85116,undefined FUN_18068a654(),ghidra,clean,
WHGame.dll,release_1_5_1164953_841,0x68a6a4,249,FUN_18068a6a4,,,6799bd9b3ca0f515d7b4cfcda3ea979e9812503e98932209e29f2fda15177a3a,undefined FUN_18068a6a4(),ghidra,clean,
WHGame.dll,release_1_5_1164953_841,0x68a7a0,213,FUN_18068a7a0,,,edf85af936d5c2d4e1d62999b5ede711306ea6037e4af23eec01d227e2e06c10,undefined FUN_18068a7a0(),ghidra,clean,
WHGame.dll,release_1_5_1164953_841,0x68a878,272,FUN_18068a878,,,faabada4756c12a3718795cbce1e28f974b9d7e7df24f30c3050517d47cabd46,undefined FUN_18068a878(),ghidra,clean,
WHGame.dll,release_1_5_1164953_841,0x68a988,272,FUN_18068a988,,,741af8e38222d491869ed2bdfcd9086aa8298190ea7b2cb6085b4edf0baf3324,undefined FUN_18068a988(),ghidra,clean,
WHGame.dll,release_1_5_1164953_841,0x68aa98,142,FUN_18068aa98,,,09b69b78f86df566eb69e88d4891bc074bfdfdcead604bf3d855f5a01bcf2342,undefined FUN_18068aa98(),ghidra,clean,
WHGame.dll,release_1_5_1164953_841,0x68ab28,142,FUN_18068ab28,,,40085c08979fbc6acd340149310609ea59be4c0d026d592686544f71d72d65a0,undefined FUN_18068ab28(),ghidra,clean,
WHGame.dll,release_1_5_1164953_841,0x68abb8,270,FUN_18068abb8,,,c351ee5ce2b9f64413596dbc9ea69425ebf32932ed4bf5afd1c4dfb0f840a606,undefined FUN_18068abb8(),ghidra,clean,
WHGame.dll,release_1_5_1164953_841,0x68acb4,270,FUN_18068acb4,,,a3b5bb38e4b0bb87f387cf45d2ac983e8bdb9c8846a31ab7b3153e75d667dc92,undefined FUN_18068acb4(),ghidra,clean,
WHGame.dll,release_1_5_1164953_841,0x68adb0,28,FUN_18068adb0,,,785e2f5d0708fcf02931bcbbf4dec28d1768a440c85b844c50fa16945cb2c837,undefined FUN_18068adb0(),ghidra,clean,
WHGame.dll,release_1_5_1164953_841,0x68adcc,140,FUN_18068adcc,,,fd724c2af0471577f9fc4e862bb69dbfadef7084b3f7e8beb844007aaf04a843,undefined FUN_18068adcc(),ghidra,clean,
WHGame.dll,release_1_5_1164953_841,0x68ae58,227,FUN_18068ae58,,,b6d13549a5294c20974bbf75d2441d6010d17c9335f8ff9b6ce4117d46eee56d,undefined FUN_18068ae58(),ghidra,clean,
WHGame.dll,release_1_5_1164953_841,0x68af3c,173,FUN_18068af3c,,,35f5f68c97ac54be6607b0675f732b1d46bcdc3b67cccffa2ada8df91daec9d2,undefined FUN_18068af3c(),ghidra,clean,
WHGame.dll,release_1_5_1164953_841,0x68afec,152,FUN_18068afec,,,ff78ec993939ddd340eb0056ad53f82f7ef35717c00901da6ac31fe639686e65,undefined FUN_18068afec(),ghidra,clean,
WHGame.dll,release_1_5_1164953_841,0x68b084,43,FUN_18068b084,,,34c9673d2ab375fcc7c77a7bd9835df04e94963ba3ea87546a3bd692a314b309,undefined FUN_18068b084(),ghidra,clean,
WHGame.dll,release_1_5_1164953_841,0x68b0b0,285,FUN_18068b0b0,,,26814e777d8365465d78f1e1ea7eeb53e8b820d2749d80a29f24d6ed5cb41fb6,undefined FUN_18068b0b0(),ghidra,clean,
WHGame.dll,release_1_5_1164953_841,0x68b150,129,FUN_18068b150,,,a603a2d644fc1aacf3288042d84862228a72f29187a1e516ef762cb4162582f3,undefined FUN_18068b150(),ghidra,clean,
WHGame.dll,release_1_5_1164953_841,0x68b1d4,165,FUN_18068b1d4,,,33c94fafacb58b57b6afa6bd0a62fbf20cee43e572057f9fc6362fbd68c073e5,undefined FUN_18068b1d4(),ghidra,clean,
WHGame.dll,release_1_5_1164953_841,0x68b268,43,FUN_18068b268,,,25992cb2368dd317a7f7a7ad82e3d8cb31a1b0dfd1f9567a74d55701440a8ca8,undefined FUN_18068b268(),ghidra,clean,
WHGame.dll,release_1_5_1164953_841,0x68b294,161,FUN_18068b294,,,e45838387f2a27d03b1da632a43b871005dc60d91e0a75384b5a031c4e968019,undefined FUN_18068b294(),ghidra,clean,
WHGame.dll,release_1_5_1164953_841,0x68b338,139,FUN_18068b338,,,abd97e7c0a36a79cbc509bcd278c6c6188192127d3a8d747bfe1a8f93e8ae437,undefined FUN_18068b338(),ghidra,clean,
WHGame.dll,release_1_5_1164953_841,0x68b3c4,175,FUN_18068b3c4,,,bc2cc212426a3398181e07a14763a043df7701ed82e5eaa91c75b84f05383e1f,undefined FUN_18068b3c4(),ghidra,clean,
WHGame.dll,release_1_5_1164953_841,0x68b474,138,FUN_18068b474,,,d14ed8f567a40a6f02a9cf7c754f204e1f43699063cd898000707495fa33f287,undefined FUN_18068b474(),ghidra,clean,
WHGame.dll,release_1_5_1164953_841,0x68b500,218,FUN_18068b500,,,1603d9969c52046d73707ec68a69188e8ba2bdde32ceabe485e9c56bc0c36f23,undefined FUN_18068b500(),ghidra,clean,
WHGame.dll,release_1_5_1164953_841,0x68b5dc,26,FUN_18068b5dc,,,47213232c8b85c94189b4f0633b24316e521fcf87a5f0e683cfcb291597ec883,undefined FUN_18068b5dc(),ghidra,clean,
WHGame.dll,release_1_5_1164953_841,0x68b5f8,189,FUN_18068b5f8,,,b0391a8d3493bdd08692ebfcbc5a17d1f2ebb25df214a06e6e67214ffcfd8aec,undefined FUN_18068b5f8(),ghidra,clean,
WHGame.dll,release_1_5_1164953_841,0x68b6b8,99,FUN_18068b6b8,,,755b33f220a9d76e06e8b819824c504540cb2df43f89ca12e22836a569a12d06,undefined FUN_18068b6b8(),ghidra,clean,
WHGame.dll,release_1_5_1164953_841,0x68b71c,82,FUN_18068b71c,,,f19e62b6c4352492bac43b8a4dacc5b1eb264184861e3adf6c75dc52b765f186,undefined FUN_18068b71c(),ghidra,clean,
WHGame.dll,release_1_5_1164953_841,0x68b770,147,FUN_18068b770,,,35406d10c94471e3e199c2c1d0e674659a4e4dcf212b25a3eb243dbab8d7b810,undefined FUN_18068b770(),ghidra,clean,
WHGame.dll,release_1_5_1164953_841,0x68b804,39,FUN_18068b804,,,97ffff7e9a3fe317c69ec782e1c0bafd90475fd58396f6023f496a98c5580434,undefined FUN_18068b804(),ghidra,clean,
WHGame.dll,release_1_5_1164953_841,0x68b82c,546,FUN_18068b82c,,,ed0dad61c8dd5324d15287890179d45ea2aea9d75098f438de6c6bfe13ff0551,undefined FUN_18068b82c(),ghidra,clean,
WHGame.dll,release_1_5_1164953_841,0x68ba50,64,FUN_18068ba50,,,769b2066496600e91d99ab6837460e8c2dc5038fedcae124a316e1c0e7ba7196,undefined FUN_18068ba50(),ghidra,clean,
WHGame.dll,release_1_5_1164953_841,0x68ba90,27,FUN_18068ba90,,,78103093ff5cf298debd58751f610173d2720b8e823a461533e89d8cc8e16df7,undefined FUN_18068ba90(),ghidra,clean,
WHGame.dll,release_1_5_1164953_841,0x68baac,101,FUN_18068baac,,,7aec14f7c7a7afe2c3f19fddaa3f522aabda8f4b836785bb18df53eba089b577,undefined FUN_18068baac(),ghidra,clean,
WHGame.dll,release_1_5_1164953_841,0x68bb14,257,FUN_18068bb14,,,6792cd62f8afbc5dccd76c6415ff53d1f1929f6a30177c2a5611ff963fe22c08,undefined FUN_18068bb14(),ghidra,clean,
WHGame.dll,release_1_5_1164953_841,0x68bbf0,54,FUN_18068bbf0,,,8c1f06400285608888ba8c824317d604f271428c9d6ba28ae0b45038082bde7c,undefined FUN_18068bbf0(),ghidra,clean,
WHGame.dll,release_1_5_1164953_841,0x68bc28,42,FUN_18068bc28,,,3b11283b6391303a022105c4e080e2607b7e1cbe55ea417f5d764c7190b03c7e,undefined FUN_18068bc28(),ghidra,clean,
WHGame.dll,release_1_5_1164953_841,0x68bc54,61,FUN_18068bc54,,,83ab9f7cc34912cc800bb9521ec762c0cef2f0f37c42810ee93400109fa93635,undefined FUN_18068bc54(),ghidra,clean,
WHGame.dll,release_1_5_1164953_841,0x68bc94,68,FUN_18068bc94,,,a614b7c43c20a0b413c556600733e4e0c7d3a5c8c55d9176519903b2403b0b0a,undefined FUN_18068bc94(),ghidra,clean,
WHGame.dll,release_1_5_1164953_841,0x68bcd8,24,FUN_18068bcd8,,,8fb7b9696bf74501b386187e7c2911b27caa81a92f87aaf92bbe1ad5c2cff504,undefined FUN_18068bcd8(),ghidra,clean,
WHGame.dll,release_1_5_1164953_841,0x68bcf0,8,FUN_18068bcf0,,,3752f21fe07777b4d6bbc56ef6aef4b49890679e7db77ce1f1d427d5f0900885,undefined FUN_18068bcf0(),ghidra,clean,
WHGame.dll,release_1_5_1164953_841,0x68bcf8,42,FUN_18068bcf8,,,502636a1a18b6b016f1dff9f5dea1622d692d7a005534b896282cb0cd8b793f3,undefined FUN_18068bcf8(),ghidra,clean,
WHGame.dll,release_1_5_1164953_841,0x68bd24,514,FUN_18068bd24,,,f73f86d7be2461b2cd46fb77bd963b375957372d6c3822307ff105248257963d,undefined FUN_18068bd24(),ghidra,clean,
WHGame.dll,release_1_5_1164953_841,0x68bf28,66,FUN_18068bf28,,,8af7d8aace1e444b63435f9c3c151d6342d801362b741432275323750db43e62,undefined FUN_18068bf28(),ghidra,clean,
WHGame.dll,release_1_5_1164953_841,0x68bf6c,189,FUN_18068bf6c,,,32d39c607c600ab8f73fe5b8791ec7f4ed5ab4612ce4c96440d65c017d13158a,undefined FUN_18068bf6c(),ghidra,clean,
WHGame.dll,release_1_5_1164953_841,0x68c02c,105,FUN_18068c02c,,,f965cb57ddb69abe13c27e667cfe8d1949f7f41214a9bc6cf63aaa814688d058,undefined FUN_18068c02c(),ghidra,clean,
WHGame.dll,release_1_5_1164953_841,0x68c098,36,FUN_18068c098,,,a18ad87621fe59e22e4e05c4731cde4716c915f86e243e6ccbe7fde8a11ede31,undefined FUN_18068c098(),ghidra,clean,
WHGame.dll,release_1_5_1164953_841,0x68c0bc,40,FUN_18068c0bc,,,5623d85420ee840832e7e8704447cb1cc1de2a81f59fd6cfa40e82f78ee3e44c,undefined FUN_18068c0bc(),ghidra,clean,
WHGame.dll,release_1_5_1164953_841,0x68c0e4,32,FUN_18068c0e4,,,46729ed1d7a33e928127719eb1c12cb0aa9b82cc2a73232ef306c2fb356806c4,undefined FUN_18068c0e4(),ghidra,clean,
WHGame.dll,release_1_5_1164953_841,0x68c104,39,FUN_18068c104,,,7b5ce56af3a5b112f4fde761f878ba566ec628792ded2ba4c0fec9b310e8d4fe,undefined FUN_18068c104(),ghidra,clean,
WHGame.dll,release_1_5_1164953_841,0x68c12c,243,FUN_18068c12c,,,c578552f05a975fa30379562922b4032caf94e2dddcbf1c9466e30fbf6d08b61,undefined FUN_18068c12c(),ghidra,clean,
WHGame.dll,release_1_5_1164953_841,0x68c1f8,171,FUN_18068c1f8,,,b6095a9ff4843d350900780e7ccc05e4ef99549bc24528b0521020e65e209431,undefined FUN_18068c1f8(),ghidra,clean,
WHGame.dll,release_1_5_1164953_841,0x68c2a4,128,FUN_18068c2a4,,,e13dfcdac643068f05ce9ba070d24dc5f0451aebb49169fbc6f8b368b1d88158,undefined FUN_18068c2a4(),ghidra,clean,
WHGame.dll,release_1_5_1164953_841,0x68c324,334,FUN_18068c324,,,af645bda2669bdba12ecf2bdc79a0a6c13a1354e6844162744e4f600408c7e23,undefined FUN_18068c324(),ghidra,clean,
WHGame.dll,release_1_5_1164953_841,0x68c474,307,FUN_18068c474,,,f150496f5f0d6a2660c46ac9b590fd523c7dbfeb5c66f83ec5b256428d49a454,undefined FUN_18068c474(),ghidra,clean,
WHGame.dll,release_1_5_1164953_841,0x68c5a8,206,FUN_18068c5a8,,,35d519e7cd97f876e16d4b3bc4f62f26d806841093c857724750262091f874f9,undefined FUN_18068c5a8(),ghidra,clean,
WHGame.dll,release_1_5_1164953_841,0x68c678,461,FUN_18068c678,,,4a6227ffd75d8e1ffa0990ee4459520934518bff5bd1d0794434a051f762e6c5,undefined FUN_18068c678(),ghidra,clean,
WHGame.dll,release_1_5_1164953_841,0x68c848,153,FUN_18068c848,,,b8186553860274de2290b31325a53e714ac2d3b98b1ea03dd45218c680d2fc08,undefined FUN_18068c848(),ghidra,clean,
WHGame.dll,release_1_5_1164953_841,0x68c8e4,32,FUN_18068c8e4,,,5ccb5372d3bbc327d4cddf1f62597c65c158498566c68d1cb987582ab027d44e,undefined FUN_18068c8e4(),ghidra,clean,
WHGame.dll,release_1_5_1164953_841,0x68c904,32,FUN_18068c904,,,05793b5d4a15a79cc312a8fd2de2ec589eadda0c60f1cbe09c177a7e03f61c55,undefined FUN_18068c904(),ghidra,clean,
WHGame.dll,release_1_5_1164953_841,0x68c924,82,FUN_18068c924,,,e3a393beff14a29086df85c2a497b6511d3fe74afe16efacc5cbc5669d1654a0,undefined FUN_18068c924(),ghidra,clean,
WHGame.dll,release_1_5_1164953_841,0x68c978,85,FUN_18068c978,,,62fbfdf3374ec70f7d3668641b7adc9b9edc246c6ca16d9abf2bb5a8114fd1e4,undefined FUN_18068c978(),ghidra,clean,
WHGame.dll,release_1_5_1164953_841,0x68c9d0,86,FUN_18068c9d0,,,88658102d03277b806f5c9afbf4dcb642977c59b331845766b15b17c636ae505,undefined FUN_18068c9d0(),ghidra,clean,
WHGame.dll,release_1_5_1164953_841,0x68ca28,184,FUN_18068ca28,,,0bf9d5ac61cb4acc04065fd68beacecb79e948590d34cdc00b169df1f09d9e39,undefined FUN_18068ca28(),ghidra,clean,
WHGame.dll,release_1_5_1164953_841,0x68cae0,152,FUN_18068cae0,,,8943c29d6f3b103695763fbe03f2fe44eca49d474eb85727c0e441535fc03459,undefined FUN_18068cae0(),ghidra,clean,
WHGame.dll,release_1_5_1164953_841,0x68cb78,373,FUN_18068cb78,,,db48e3437fcad7282379d194bd65873e6a17155c07494e5b67072e6cce3b563c,undefined FUN_18068cb78(),ghidra,clean,
WHGame.dll,release_1_5_1164953_841,0x68cc2c,310,FUN_18068cc2c,,,6e933d2f90085d61175a23daa6aac84e73be9c640bb30e735af26198cbe47606,undefined FUN_18068cc2c(),ghidra,clean,
WHGame.dll,release_1_5_1164953_841,0x68cd64,246,FUN_18068cd64,,,889546cdf98568f8c8c5fbf958421e1ec69c107a2c6706c010091480ba01ced7,undefined FUN_18068cd64(),ghidra,clean,
WHGame.dll,release_1_5_1164953_841,0x68ce5c,85,FUN_18068ce5c,,,0e831184075f35c10d2a975a5fee752d67412f2a9edba1cddd6a0b50cd9c8ad2,undefined FUN_18068ce5c(),ghidra,clean,
WHGame.dll,release_1_5_1164953_841,0x68ceb4,85,FUN_18068ceb4,,,fe7cf248fa4fa34f6848a902db07984d2c5e9f4ff0d520927dd7bd41d8fe51f1,undefined FUN_18068ceb4(),ghidra,clean,
WHGame.dll,release_1_5_1164953_841,0x68cf0c,85,FUN_18068cf0c,,,9b4d30547765a31dda995a16478ff74da4c223405d100362d13d075603ec3621,undefined FUN_18068cf0c(),ghidra,clean,
WHGame.dll,release_1_5_1164953_841,0x68cf64,223,FUN_18068cf64,,,fe338019bfe0dc3ab40fabee6c63d0fca70c593dde7efe6638e5db581d052607,undefined FUN_18068cf64(),ghidra,clean,
WHGame.dll,release_1_5_1164953_841,0x68d044,109,FUN_18068d044,,,a38f6e51a044dbce3bc57c222f3912afaabf9f11822ff32e816755c5052f097a,undefined FUN_18068d044(),ghidra,clean,
WHGame.dll,release_1_5_1164953_841,0x68d07c,461,FUN_18068d07c,,,55aecd108230f9a345980504bb830ff6836e74e1f3775c89d709dcbe79d79f23,undefined FUN_18068d07c(),ghidra,clean,
WHGame.dll,release_1_5_1164953_841,0x68d170,26,FUN_18068d170,,,819234953c91d716a341edb10dcca2267107efa13f78881bbca64f4a7a11eeca,undefined FUN_18068d170(),ghidra,clean,
WHGame.dll,release_1_5_1164953_841,0x68d18c,155,FUN_18068d18c,,,142e178cddc2b04db1dfd2d8740b1636050e108254084f9773db64b7b9286913,undefined FUN_18068d18c(),ghidra,clean,
WHGame.dll,release_1_5_1164953_841,0x68d228,83,FUN_18068d228,,,d8aa1b36d5ba5bcb391d3d59531704fde7c5ea5df426ce9224f05d15a6df29df,undefined FUN_18068d228(),ghidra,clean,
WHGame.dll,release_1_5_1164953_841,0x68d27c,283,FUN_18068d27c,,,85d4e49d33cc6c6af338cabbeac4c7db9c57eb792fc562e9a9b79a52d534e08d,undefined FUN_18068d27c(),ghidra,clean,
WHGame.dll,release_1_5_1164953_841,0x68d398,385,FUN_18068d398,,,405656c2e2114d5235edbddf81bde39d6d7a922fe25957965d15cf33f60d1dc0,undefined FUN_18068d398(),ghidra,clean,
WHGame.dll,release_1_5_1164953_841,0x68d51c,86,FUN_18068d51c,,,6d909743fc288af132aa2435a76e0cd608b94c1cf8165fe88115345f04cbafe9,undefined FUN_18068d51c(),ghidra,clean,
WHGame.dll,release_1_5_1164953_841,0x68d574,83,FUN_18068d574,,,65bf710449311879fac16bb3f7a0445a191ca5186a032b45a090cd4c7f98a0fd,undefined FUN_18068d574(),ghidra,clean,
WHGame.dll,release_1_5_1164953_841,0x68d5c8,83,FUN_18068d5c8,,,2f18250b8b1ebaed0cdaeb9ccc08ce08b8d85bdbe31b77a00b3cc1cf2d6b3b9a,undefined FUN_18068d5c8(),ghidra,clean,
WHGame.dll,release_1_5_1164953_841,0x68d61c,83,FUN_18068d61c,,,1474f7e8bd485db2f5f7d4b243142d6bf7540eab341e6c99702266a4c2ea3c37,undefined FUN_18068d61c(),ghidra,clean,
WHGame.dll,release_1_5_1164953_841,0x68d670,77,FUN_18068d670,,,844f78de87fcc324a2e466489415790e6e428baa8f04e945836b48bfd884f3d4,undefined FUN_18068d670(),ghidra,clean,
WHGame.dll,release_1_5_1164953_841,0x68d6c0,85,FUN_18068d6c0,,,c3a0ea49d076ab024e4e2304e3546650c2a5eb4418faa53e4608f2061a20557a,undefined FUN_18068d6c0(),ghidra,clean,
WHGame.dll,release_1_5_1164953_841,0x68d6f4,109,FUN_18068d6f4,,,d8ac5b9ba3cf94a5ea9465b5cc5bbe232681610035102f5736b872213ab5359d,undefined FUN_18068d6f4(),ghidra,clean,
WHGame.dll,release_1_5_1164953_841,0x68d72c,461,FUN_18068d72c,,,54d1e131245a98e85b61b7abeb4521fe2440e091377916c96eb7c851310b1ca6,undefined FUN_18068d72c(),ghidra,clean,
WHGame.dll,release_1_5_1164953_841,0x68d81c,26,FUN_18068d81c,,,819234953c91d716a341edb10dcca2267107efa13f78881bbca64f4a7a11eeca,undefined FUN_18068d81c(),ghidra,clean,
WHGame.dll,release_1_5_1164953_841,0x68d838,155,FUN_18068d838,,,fbecab9a5eac6da3426cdfe12fb6a460d6fe9a3d65b7bb00646b52e7c85e0c09,undefined FUN_18068d838(),ghidra,clean,
WHGame.dll,release_1_5_1164953_841,0x68d8d4,109,FUN_18068d8d4,,,cb1b5d0ee45d9380fb8b1af974f38754103fefb14a3f706f03f85f02dfa5ae7b,undefined FUN_18068d8d4(),ghidra,clean,
WHGame.dll,release_1_5_1164953_841,0x68d90c,461,FUN_18068d90c,,,81ea8de75235d5ff6513e3703aa26d9b20bc7492221d728b0953d6beb7a995fc,undefined FUN_18068d90c(),ghidra,clean,
WHGame.dll,release_1_5_1164953_841,0x68d9fc,26,FUN_18068d9fc,,,819234953c91d716a341edb10dcca2267107efa13f78881bbca64f4a7a11eeca,undefined FUN_18068d9fc(),ghidra,clean,
WHGame.dll,release_1_5_1164953_841,0x68da18,155,FUN_18068da18,,,ee5c10a8c56b9c3d0386cfde627c8e346cbd66c152d8f62c4a378dfbcdb5dd46,undefined FUN_18068da18(),ghidra,clean,
WHGame.dll,release_1_5_1164953_841,0x68dab4,109,FUN_18068dab4,,,530f4f1120381dc55cdac2a46304bd8602e8fdce024c003e45fc38323a92fcfc,undefined FUN_18068dab4(),ghidra,clean,
WHGame.dll,release_1_5_1164953_841,0x68daec,461,FUN_18068daec,,,2cbf828ae31da699c4ad84c0640d06ea67be311fdd2525a79ce37c612c9d0b7b,undefined FUN_18068daec(),ghidra,clean,
WHGame.dll,release_1_5_1164953_841,0x68dbdc,26,FUN_18068dbdc,,,819234953c91d716a341edb10dcca2267107efa13f78881bbca64f4a7a11eeca,undefined FUN_18068dbdc(),ghidra,clean,
WHGame.dll,release_1_5_1164953_841,0x68dbf8,155,FUN_18068dbf8,,,bbfd5916fcbac1c9ed8ae15d164c3f01300a3b20d4bafdff224aee4fc883adb7,undefined FUN_18068dbf8(),ghidra,clean,
WHGame.dll,release_1_5_1164953_841,0x68dc94,949,FUN_18068dc94,,,f7512da08eeda1de419dd8c544add7a0c1a06ee06351e1d7d5886f3bd808529c,undefined FUN_18068dc94(),ghidra,clean,
WHGame.dll,release_1_5_1164953_841,0x68e04c,23,FUN_18068e04c,,,4a2215c3e820937481093c41c3a2c4fdd1b034767afb06c5e8afd475b2e2dc6a,undefined FUN_18068e04c(),ghidra,clean,
WHGame.dll,release_1_5_1164953_841,0x68e064,155,FUN_18068e064,,,776c3b5f0bda7050284441a8fb8f179fcb2dcfcbc4ecc916066e3111440b13ec,undefined FUN_18068e064(),ghidra,clean,
WHGame.dll,release_1_5_1164953_841,0x68e100,86,FUN_18068e100,,,3e2cca9b9f59ec8ccad82c36acc0c01ac29b3caf36b2cc0717c6ef92ad91dedc,undefined FUN_18068e100(),ghidra,clean,
WHGame.dll,release_1_5_1164953_841,0x68e158,85,FUN_18068e158,,,ecc4a1c6e1ab630da2dd7a952cc37003db89ef8442320f7902aedecf7e3e0a2c,undefined FUN_18068e158(),ghidra,clean,
WHGame.dll,release_1_5_1164953_841,0x68e18c,490,FUN_18068e18c,,,85157022ad7b2e92d8eef1b4ef32b26ec8df53562b20df79cb497d1f22ba52dc,undefined FUN_18068e18c(),ghidra,clean,
WHGame.dll,release_1_5_1164953_841,0x68e298,155,FUN_18068e298,,,60ced055f7ad96cebe4bdef8514b68d0f9b86032955f71d5a9160a724e8e2b16,undefined FUN_18068e298(),ghidra,clean,
WHGame.dll,release_1_5_1164953_841,0x68e334,155,FUN_18068e334,,,515fd5da547f206b5c78f4e58ee956ed288b8b20c247e7846a5cd8ee9d601851,undefined FUN_18068e334(),ghidra,clean,
WHGame.dll,release_1_5_1164953_841,0x68e3d0,83,FUN_18068e3d0,,,7c7427e1c97dcfe320cb993de32462d1e7c0f64b888827dc3fd9d8c011c91e03,undefined FUN_18068e3d0(),ghidra,clean,
WHGame.dll,release_1_5_1164953_841,0x68e430,27,FUN_18068e430,,,c1a4647098220362749d325a7df9125763fdc8388a8a3ca468c15067f2889010,undefined FUN_18068e430(),ghidra,clean,
WHGame.dll,release_1_5_1164953_841,0x68e450,27,FUN_18068e450,,,8d43fe7847388f618a6221260627e836d7ee6269e4d4ba5719765490ac03edbb,undefined FUN_18068e450(),ghidra,clean,
WHGame.dll,release_1_5_1164953_841,0x68e470,27,FUN_18068e470,,,260c7ca7da16e24b8e834f9c5feb6c9cbb65c15d90178224229c80aba18265a8,undefined FUN_18068e470(),ghidra,clean,
WHGame.dll,release_1_5_1164953_841,0x68e48c,86,FUN_18068e48c,,,794fc0bf1d40f509b9d05464b1ba9b96e09316a7f079a58f6a3ad90fabf64060,undefined FUN_18068e48c(),ghidra,clean,
WHGame.dll,release_1_5_1164953_841,0x68e4e4,85,FUN_18068e4e4,,,fd0a5633d5432a1bc02c11f22b053c4f3b34d98eab6a2fd573aae483e60223a0,undefined FUN_18068e4e4(),ghidra,clean,
WHGame.dll,release_1_5_1164953_841,0x68e518,76,FUN_18068e518,,,56479640c232188b4bec0e10f444adc0ff91b9a8e61eb4ae87c1c1980a74d78f,undefined FUN_18068e518(),ghidra,clean,
WHGame.dll,release_1_5_1164953_841,0x68e564,155,FUN_18068e564,,,628ad9db2bb910b36d0e0de9383dac6ab640ad423289c24114e9d29fd6bf2346,undefined FUN_18068e564(),ghidra,clean,
WHGame.dll,release_1_5_1164953_841,0x68e600,754,FUN_18068e600,,,b3c9a8c26c72640b5172c33f149d5c695b46e4fbb18d6f224d234395dfa6e7ef,undefined FUN_18068e600(),ghidra,clean,
WHGame.dll,release_1_5_1164953_841,0x68e6a8,5,FUN_18068e6a8,,,4be761149b903b9a15b86a4ddc40c58ade6c0df8a17ec00f714a52b648e8b967,undefined FUN_18068e6a8(),ghidra,clean,
WHGame.dll,release_1_5_1164953_841,0x68e758,283,FUN_18068e758,,,546124858ee2019c26d81b1f91b24a07498f068c9efdefc3c2c141b7ebbdc815,undefined FUN_18068e758(),ghidra,clean,
WHGame.dll,release_1_5_1164953_841,0x68e874,93,FUN_18068e874,,,8480bbfd07213bc97fef97140e54c04275c16f121a69c3f70779aa53c7cfbcfd,undefined FUN_18068e874(),ghidra,clean,
WHGame.dll,release_1_5_1164953_841,0x68e8d4,226,FUN_18068e8d4,,,fa19ae2fb170dc0aac2c9e85f23f01ffbe1932f2ff7c5eef36636bc5aa7c27fd,undefined FUN_18068e8d4(),ghidra,clean,
WHGame.dll,release_1_5_1164953_841,0x68e9b8,62,FUN_18068e9b8,,,3d86e4c9edafa3b4a2216930cacdc31647518fa82913b808d14334d9c1e30bd7,undefined FUN_18068e9b8(),ghidra,clean,
WHGame.dll,release_1_5_1164953_841,0x68e9f8,85,FUN_18068e9f8,,,10a5d9a11dfe659bdc1be29aecdaca5c74686c68c4208c0e037a1de4fa8b957c,undefined FUN_18068e9f8(),ghidra,clean,
WHGame.dll,release_1_5_1164953_841,0x68ea50,84,FUN_18068ea50,,,5965ba3c7731e9723e6c9d043535885e7028c3c44617804cc7d06b439ea61222,undefined FUN_18068ea50(),ghidra,clean,
WHGame.dll,release_1_5_1164953_841,0x68eaa4,86,FUN_18068eaa4,,,17b3ca1b94361246b1007bc6e67ef7c41f03662825046436fcb6000522a1d61a,undefined FUN_18068eaa4(),ghidra,clean,
WHGame.dll,release_1_5_1164953_841,0x68eafc,86,FUN_18068eafc,,,e31e83fd55371e6e108cf178102855ea1590b8f06aeca9dd584e12fb120cb9f4,undefined FUN_18068eafc(),ghidra,clean,
WHGame.dll,release_1_5_1164953_841,0x68eb54,33,FUN_18068eb54,,,7f19c780acc2bababa2f9b635fdca7ec8cb402edf59b66b5664dde089ca4baa8,undefined FUN_18068eb54(),ghidra,clean,
WHGame.dll,release_1_5_1164953_841,0x68eb78,71,FUN_18068eb78,,,a9849797d176646c172bfced8ca7758980e94291af0c8fff677eb5f11bfc36a8,undefined FUN_18068eb78(),ghidra,clean,
WHGame.dll,release_1_5_1164953_841,0x68ebc0,75,FUN_18068ebc0,,,b68996efcb2b53ea2e87ccfa8e7d27be8158ae16344fcc2dcb0c4bcd98e2227a,undefined FUN_18068ebc0(),ghidra,clean,
WHGame.dll,release_1_5_1164953_841,0x68ec24,461,FUN_18068ec24,,,00fbdc0dd12da50d89c8db88e1bc862d53ea60a945f8d7b2489ac8f5e95af3e1,undefined FUN_18068ec24(),ghidra,clean,
WHGame.dll,release_1_5_1164953_841,0x68ed14,109,FUN_18068ed14,,,e5105aa5efca7316a88878c62859134600d30be877baceddd8bad3443162024c,undefined FUN_18068ed14(),ghidra,clean,
WHGame.dll,release_1_5_1164953_841,0x68ed4c,26,FUN_18068ed4c,,,819234953c91d716a341edb10dcca2267107efa13f78881bbca64f4a7a11eeca,undefined FUN_18068ed4c(),ghidra,clean,
WHGame.dll,release_1_5_1164953_841,0x68ed68,155,FUN_18068ed68,,,2717d15f16f0d3f142be98db31cb99632c9dc8e97aefba44e205d344938a488d,undefined FUN_18068ed68(),ghidra,clean,
WHGame.dll,release_1_5_1164953_841,0x68ee04,83,FUN_18068ee04,,,8f6502b0a2ed69fee85b5b6baa3468820fe4e3ca708718e0f3eea7ce7604c184,undefined FUN_18068ee04(),ghidra,clean,
WHGame.dll,release_1_5_1164953_841,0x68ee58,77,FUN_18068ee58,,,605c4a6389969abc4a090f58f1171f239648d7387dc1ff7f61d3e5775ed522a1,undefined FUN_18068ee58(),ghidra,clean,
WHGame.dll,release_1_5_1164953_841,0x68eea8,86,FUN_18068eea8,,,bd92d05242b45c5f6759c028058adf8501d3f4f52af204e82a7d6865948da85f,undefined FUN_18068eea8(),ghidra,clean,
WHGame.dll,release_1_5_1164953_841,0x68ef00,85,FUN_18068ef00,,,32368ca4ca839d22a9d85548de305082f3f743b54168f7987c0c15d9f613522e,undefined FUN_18068ef00(),ghidra,clean,
WHGame.dll,release_1_5_1164953_841,0x68ef34,86,FUN_18068ef34,,,dba10f1a8c24ac252ea22bec4ecfc8dea872be9837c3499a70748cbd53daf397,undefined FUN_18068ef34(),ghidra,clean,
WHGame.dll,release_1_5_1164953_841,0x68ef8c,86,FUN_18068ef8c,,,96d6c7c0c27f4cd71747bbc92f19fffddd1b1de8e70eade9a62afcc0e65c7daa,undefined FUN_18068ef8c(),ghidra,clean,
WHGame.dll,release_1_5_1164953_841,0x68efe4,85,FUN_18068efe4,,,d66fef9b35e49011d8bfad9573dae0fa8b600c3ed254b4815d584fae58e5002b,undefined FUN_18068efe4(),ghidra,clean,
WHGame.dll,release_1_5_1164953_841,0x68f018,109,FUN_18068f018,,,b3a723096ff5d1504d57f9abc997f46b7adc3c5cfb54d201974635809b4a1f87,undefined FUN_18068f018(),ghidra,clean,
WHGame.dll,release_1_5_1164953_841,0x68f050,461,FUN_18068f050,,,f46cb717f03b09d35ade6d2689170f619488256fadc17f691331d592a975740a,undefined FUN_18068f050(),ghidra,clean,
WHGame.dll,release_1_5_1164953_841,0x68f140,26,FUN_18068f140,,,819234953c91d716a341edb10dcca2267107efa13f78881bbca64f4a7a11eeca,undefined FUN_18068f140(),ghidra,clean,
WHGame.dll,release_1_5_1164953_841,0x68f15c,155,FUN_18068f15c,,,7f0b5283c643537a07e7f00a7b21e863893ee44336fb20c8db9b1af7a06c82da,undefined FUN_18068f15c(),ghidra,clean,
WHGame.dll,release_1_5_1164953_841,0x68f1f8,86,FUN_18068f1f8,,,ecb335fd8646f42e244297617c19bc61d9c3c2dae33612c2b0d3998a23cd48de,undefined FUN_18068f1f8(),ghidra,clean,
WHGame.dll,release_1_5_1164953_841,0x68f250,360,FUN_18068f250,,,93b67b319b0c3eca37c64a6964f03685d8e83245706477dbf2210f337deaa465,undefined FUN_18068f250(),ghidra,clean,
WHGame.dll,release_1_5_1164953_841,0x68f3b8,41,FUN_18068f3b8,,,3d5205dd802810c852a91e0d1c0baab997f74b8686a758b6e4fa4d092f6f8a6d,undefined FUN_18068f3b8(),ghidra,clean,
WHGame.dll,release_1_5_1164953_841,0x68f3e4,36,FUN_18068f3e4,,,b5799b0082466ed3c9d7feb1c2adddd10e561d774e0a0c33627a9d540f5fb804,undefined FUN_18068f3e4(),ghidra,clean,
WHGame.dll,release_1_5_1164953_841,0x68f408,149,FUN_18068f408,,,7593d65a2ce3c2347769db294cdd9571f23c563c6c956fabfa221bc51a8716a9,undefined FUN_18068f408(),ghidra,clean,
WHGame.dll,release_1_5_1164953_841,0x68f460,218,FUN_18068f460,,,9a21e42f663f4ed38dd7ad80924d3ca905b99a0cbdfaf1fad1f34b3de8f9ca9c,undefined FUN_18068f460(),ghidra,clean,
WHGame.dll,release_1_5_1164953_841,0x68f53c,75,FUN_18068f53c,,,dc09602181911935ced5ae4f13ced09b7606d81b727b58a2dfa61d60202fe55d,undefined FUN_18068f53c(),ghidra,clean,
WHGame.dll,release_1_5_1164953_841,0x68f588,78,FUN_18068f588,,,6b9fa2232f7ed334315cfd89c3c02e12596df8b01566689aeaf0e194a166b7a6,undefined FUN_18068f588(),ghidra,clean,
WHGame.dll,release_1_5_1164953_841,0x68f5c8,973,FUN_18068f5c8,,,6c567331ad53d53d36f45e3da8e5ea8a02b2a247e68164557afa8a5195b3390e,undefined FUN_18068f5c8(),ghidra,clean,
WHGame.dll,release_1_5_1164953_841,0x68f998,23,FUN_18068f998,,,41051179d5a48d0d5c7c17a87318009b5ae1ff06028bc2d61cc2f8ad6fd186c8,undefined FUN_18068f998(),ghidra,clean,
WHGame.dll,release_1_5_1164953_841,0x68f9b0,30,FUN_18068f9b0,,,4bfc8cf9fdcb28974aebd4f05b119a6fac37cfaa0548fc321d1234f8c98874d7,undefined FUN_18068f9b0(),ghidra,clean,
WHGame.dll,release_1_5_1164953_841,0x68f9d0,155,FUN_18068f9d0,,,b16b46b751f0d7f0eac87586996790be7f8810c7f66fe6ca252049291428cfc1,undefined FUN_18068f9d0(),ghidra,clean,
WHGame.dll,release_1_5_1164953_841,0x68fa6c,23,FUN_18068fa6c,,,720a0a138dccc7c5917d01f723a155ba61b52ee77cb073a12e07c44058aee808,undefined FUN_18068fa6c(),ghidra,clean,
WHGame.dll,release_1_5_1164953_841,0x68fa84,23,FUN_18068fa84,,,5a253613ae2c8c15dc10fa4cd8a1ac5c117dd9cd21cd905320c7ac6dc8f2b3c9,undefined FUN_18068fa84(),ghidra,clean,
WHGame.dll,release_1_5_1164953_841,0x68fa9c,155,FUN_18068fa9c,,,8abe5aa0cfa7b9ba064a282ce72b1c4f4d3f6cd3a8fb7c9e41984a470b9fa435,undefined FUN_18068fa9c(),ghidra,clean,
WHGame.dll,release_1_5_1164953_841,0x68fb38,155,FUN_18068fb38,,,56bf196cf514806e016a125661e587f263da3356242c127ce3d2fd3a60c06be4,undefined FUN_18068fb38(),ghidra,clean,
WHGame.dll,release_1_5_1164953_841,0x68fbd4,119,FUN_18068fbd4,,,c6cb642058c7c13d7889c563d14357f6f9f1e98c5c418b9301ac811c5da85fce,undefined FUN_18068fbd4(),ghidra,clean,
WHGame.dll,release_1_5_1164953_841,0x68fc4c,30,FUN_18068fc4c,,,13432e24a7ed3ed0983d3b40f32a4d6fa959a75e105ca204279a213652dc2efa,undefined FUN_18068fc4c(),ghidra,clean,
WHGame.dll,release_1_5_1164953_841,0x68fc6c,30,FUN_18068fc6c,,,4bfc8cf9fdcb28974aebd4f05b119a6fac37cfaa0548fc321d1234f8c98874d7,undefined FUN_18068fc6c(),ghidra,clean,
WHGame.dll,release_1_5_1164953_841,0x68fc8c,155,FUN_18068fc8c,,,18423f1086ec4fe82abee0e9db605e1ae413a903f0336306201460f746415d27,undefined FUN_18068fc8c(),ghidra,clean,
WHGame.dll,release_1_5_1164953_841,0x68fd28,119,FUN_18068fd28,,,e5f205de8047ad4ba6cb3e3a511c5284849b0e1a6894642bb73762c85350ed1a,undefined FUN_18068fd28(),ghidra,clean,
WHGame.dll,release_1_5_1164953_841,0x68fda0,464,FUN_18068fda0,,,98e31e0e9406afbb19b37e54669fd1a73dbaaa25ffa03c5b077d2f62d76f4de6,undefined FUN_18068fda0(),ghidra,clean,
WHGame.dll,release_1_5_1164953_841,0x68fe58,170,FUN_18068fe58,,,bfc85014d4d4d94b6bda1cdab7d8f9237f01a731ad623e21779d3eeb4477a06a,undefined FUN_18068fe58(),ghidra,clean,
WHGame.dll,release_1_5_1164953_841,0x68ff04,385,FUN_18068ff04,,,7b094fd720fa79fbe9267be496366f826b0347905f8a0dcf3704760361c602db,undefined FUN_18068ff04(),ghidra,clean,
WHGame.dll,release_1_5_1164953_841,0x690088,168,FUN_180690088,,,ee3b31354480ac483888df2ffbd51f67c2843c67c761b8eeb65ebb7b1206fab3,undefined FUN_180690088(),ghidra,clean,
WHGame.dll,release_1_5_1164953_841,0x690104,80,FUN_180690104,,,3e9e7ab00df8368605e43ba24468136a0676ea43bf2ddc36656ae20133095474,undefined FUN_180690104(),ghidra,clean,
WHGame.dll,release_1_5_1164953_841,0x690144,41,FUN_180690144,,,c4b47eb4a35bd703d1e996762f6f82f107f9e74052d74da6aca575f6e3c09376,undefined FUN_180690144(),ghidra,clean,
WHGame.dll,release_1_5_1164953_841,0x690170,104,FUN_180690170,,,ac3fb738b5f9ba40284b5be5cfda76f75f6379e70660a9a182f12e0c45a1a15f,undefined FUN_180690170(),ghidra,clean,
WHGame.dll,release_1_5_1164953_841,0x6901d8,98,FUN_1806901d8,,,8dcdb294dc62411a0f938feaea4d70e4c055a363e7dd406310ba5e86f4a413bf,undefined FUN_1806901d8(),ghidra,clean,
WHGame.dll,release_1_5_1164953_841,0x69023c,51,FUN_18069023c,,,8d068ae730f43ff5d3f3e9d041b54f4d189218b4feca253d797fdf46fc02aea8,undefined FUN_18069023c(),ghidra,clean,
WHGame.dll,release_1_5_1164953_841,0x690270,113,FUN_180690270,,,3ba2c37d54f8dbc1c8d5ec1ad50cf18880e428dbc77d6dcc7e225e4fddd577ea,undefined FUN_180690270(),ghidra,clean,
WHGame.dll,release_1_5_1164953_841,0x6902e4,367,FUN_1806902e4,,,68981e7e7727ebd97c4eff013a00426f4b195c859977ef12463ab976c633df81,undefined FUN_1806902e4(),ghidra,clean,
WHGame.dll,release_1_5_1164953_841,0x690386,5,FUN_180690386,,,4f1950b303bbf7c0176dd6da099441a7b9bf79d8f05e165440ed6c434333c982,undefined FUN_180690386(),ghidra,clean,
WHGame.dll,release_1_5_1164953_841,0x6903cc,155,FUN_1806903cc,,,8f6a281010b6306122c2d727082ef9aa03f09d96b7a50e55387d0e4fd9cd0916,undefined FUN_1806903cc(),ghidra,clean,
WHGame.dll,release_1_5_1164953_841,0x690468,90,FUN_180690468,,,28ba9fd95bd36f996f7f0ddee93addbfdbcf3a584c36ed859625832afcba42d8,undefined FUN_180690468(),ghidra,clean,
WHGame.dll,release_1_5_1164953_841,0x6904c4,78,FUN_1806904c4,,,1e5ca757c8671f7c11582afec8838429f8606249d02028326ddb79713e4dd8e4,undefined FUN_1806904c4(),ghidra,clean,
WHGame.dll,release_1_5_1164953_841,0x690504,78,FUN_180690504,,,d9e028252d6da6145bd373fc145bcd7b3314ab5fa5d92480eb8ad7af803d902a,undefined FUN_180690504(),ghidra,clean,
WHGame.dll,release_1_5_1164953_841,0x690544,34,FUN_180690544,,,9607c98b2579482c95f7b6cfc33d1866864cf9a50815e67a543cfe1a382723f5,undefined FUN_180690544(),ghidra,clean,
WHGame.dll,release_1_5_1164953_841,0x690568,75,FUN_180690568,,,81274e3a7c95a282c32509fcdd51247f8fcb7c618c3cfea8d2df68c1aadc3de2,undefined FUN_180690568(),ghidra,clean,
WHGame.dll,release_1_5_1164953_841,0x6905b4,75,FUN_1806905b4,,,f0fc3fdcffd8c9c1e1183c174a1b537c512cefe2f68bcf8475b2f5963fd958e8,undefined FUN_1806905b4(),ghidra,clean,
WHGame.dll,release_1_5_1164953_841,0x690600,30,FUN_180690600,,,75391a19474d2b92039ff5595006f19ecd395c314f95be8d75682ee6a2745fff,undefined FUN_180690600(),ghidra,clean,
WHGame.dll,release_1_5_1164953_841,0x690620,17,FUN_180690620,,,00b9c0889f225647523e80001da23989dbee01e671744958ea2b62ac454f186b,undefined FUN_180690620(),ghidra,clean,
WHGame.dll,release_1_5_1164953_841,0x690634,123,FUN_180690634,,,70f7b0d5fdc1387b0738949b235f895a102570f9ca2718363df4d0669e504d88,undefined FUN_180690634(),ghidra,clean,
WHGame.dll,release_1_5_1164953_841,0x6906b0,67,FUN_1806906b0,,,389cafb80a37352ac3b0a0055d03f15faa7d0793031ea235d5876fd0fd963a14,undefined FUN_1806906b0(),ghidra,clean,
WHGame.dll,release_1_5_1164953_841,0x6906f4,471,FUN_1806906f4,,,b6f2d867ad6c10af1567dbb0d12208d2f49140a40020fd26c82a3c7b2d0cdbf6,undefined FUN_1806906f4(),ghidra,clean,
WHGame.dll,release_1_5_1164953_841,0x6907fa,6,FUN_1806907fa,,,3fbfff8b1833e5ef39562bc35d53f8ed23fe244640a8c2199140c7954dde25ad,undefined FUN_1806907fa(),ghidra,clean,
WHGame.dll,release_1_5_1164953_841,0x690800,23,FUN_180690800,,,9bee75ae4550b12f9652dd2d481d45b8f6c81672fbad95813a24c0b42f339568,undefined FUN_180690800(),ghidra,clean,
WHGame.dll,release_1_5_1164953_841,0x690818,30,FUN_180690818,,,38de02723dfa65b08e6f44f35c29597887601f579d7451c5511d2816f074de2d,undefined FUN_180690818(),ghidra,clean,
WHGame.dll,release_1_5_1164953_841,0x690840,8,FUN_180690840,,,d62d7402faff5f7a801226db52783260669a1735c797ad5850bb9618032dfd63,undefined FUN_180690840(),ghidra,clean,
WHGame.dll,release_1_5_1164953_841,0x690848,38,FUN_180690848,,,d602da74cfb21ba4f7208192371b16d177b8777acfe5958b78da972cc235219e,undefined FUN_180690848(),ghidra,clean,
WHGame.dll,release_1_5_1164953_841,0x690870,155,FUN_180690870,,,4f29ee732bf47e07fb5f59c023b48503cffc54f192ea307f01b3466b15c1fa64,undefined FUN_180690870(),ghidra,clean,
WHGame.dll,release_1_5_1164953_841,0x69090c,52,FUN_18069090c,,,fff69e05d9921dfae098323fe987ec5dcf211b38ee26c09d4d759b8c3df38708,undefined FUN_18069090c(),ghidra,clean,
WHGame.dll,release_1_5_1164953_841,0x690940,673,FUN_180690940,,,bbc88562e8bca5c071872a5805e4bd879fdda82859bac199e88c8994c1f591e9,undefined FUN_180690940(),ghidra,clean,
WHGame.dll,release_1_5_1164953_841,0x690be4,199,FUN_180690be4,,,5b0e7cf6da1d8af94599d972a2647b2f3b315d92c2920af050f49663f692076e,undefined FUN_180690be4(),ghidra,clean,
WHGame.dll,release_1_5_1164953_841,0x690cac,840,FUN_180690cac,,,95ac74d4f635028ff2d6f10b2cab80a3fdd23347e02c417f82be8f707980754e,undefined FUN_180690cac(),ghidra,clean,
WHGame.dll,release_1_5_1164953_841,0x690ff4,26,FUN_180690ff4,,,c3f43ae43cad9d87dc468d87e82fab099c639a79da16307858dad64e28a10dc9,undefined FUN_180690ff4(),ghidra,clean,
WHGame.dll,release_1_5_1164953_841,0x691010,324,FUN_180691010,,,d01cc08fdfc3d0fe88951f18e7cc49d0d5f3424a261d4b642b1616294c008a0e,undefined FUN_180691010(),ghidra,clean,
WHGame.dll,release_1_5_1164953_841,0x691158,64,FUN_180691158,,,f89893e40a0326d0c70d6cc2d3efeecf6fac6ea0dad368db74c070b24d159bb7,undefined FUN_180691158(),ghidra,clean,
WHGame.dll,release_1_5_1164953_841,0x691198,151,FUN_180691198,,,b7b1d19abbf5652cc798d22d5c9006d1c67d75eaa22a0bfcf4a7e8b58e8e65d2,undefined FUN_180691198(),ghidra,clean,
WHGame.dll,release_1_5_1164953_841,0x691230,52,FUN_180691230,,,ff0098e184d8a8519b6f8438c431c592e8bf287e985573db3e8b348dc1b06db4,undefined FUN_180691230(),ghidra,clean,
WHGame.dll,release_1_5_1164953_841,0x691264,72,FUN_180691264,,,9e28921876cc31795b34eaddd8ce88fb18f5ae2245bdf6299b19d2db54bbf869,undefined FUN_180691264(),ghidra,clean,
WHGame.dll,release_1_5_1164953_841,0x6912ac,83,FUN_1806912ac,,,101b785970b5cf8ff097e4ae731d870a0b4831a06fe615f1562a27584e6f33b6,undefined FUN_1806912ac(),ghidra,clean,
WHGame.dll,release_1_5_1164953_841,0x691300,42,FUN_180691300,,,044915f1645e1c470055fb228bb2cd0f3603f47cf590461755d53b8887bc13b0,undefined FUN_180691300(),ghidra,clean,
WHGame.dll,release_1_5_1164953_841,0x69132c,146,FUN_18069132c,,,f78628d4926bfadd5628a263749b44ffec4b615fb558e68139038c2f0e5134b8,undefined FUN_18069132c(),ghidra,clean,
WHGame.dll,release_1_5_1164953_841,0x6913c0,220,FUN_1806913c0,,,7dc758f88212c0d49a6ed9e67bdf2f752bd74030fa417003e6968f61fc089d73,undefined FUN_1806913c0(),ghidra,clean,
WHGame.dll,release_1_5_1164953_841,0x69149c,30,FUN_18069149c,,,62eac93d636dceaed5321ba8c19ae89d092e94e59b81205fd4d698f167efaf9c,undefined FUN_18069149c(),ghidra,clean,
WHGame.dll,release_1_5_1164953_841,0x6914bc,30,FUN_1806914bc,,,48c9ac49bf489be64faa33a1a5a9a452b83fdddae803ba641ac54a73e476ad6b,undefined FUN_1806914bc(),ghidra,clean,
WHGame.dll,release_1_5_1164953_841,0x6914dc,190,FUN_1806914dc,,,931a0d2c2ef44268c9a707e069b81af60fe12e5be823fa5d595c429a09086b67,undefined FUN_1806914dc(),ghidra,clean,
WHGame.dll,release_1_5_1164953_841,0x69159c,158,FUN_18069159c,,,33f2c8be151adcf2ce97f8ab8a25bf38ac3ad9613f8ee5305e07ade3a24108c4,undefined FUN_18069159c(),ghidra,clean,
WHGame.dll,release_1_5_1164953_841,0x69162c,51,FUN_18069162c,,,3a1dca85704be1f3fae277d0677d1f227fa868d9d10dd88457ec968c507ad8a2,undefined FUN_18069162c(),ghidra,clean,
WHGame.dll,release_1_5_1164953_841,0x691660,334,FUN_180691660,,,a722d189c578e9a60afc4baaa9833d785e1035e44db0190411b520a6d7f39283,undefined FUN_180691660(),ghidra,clean,
WHGame.dll,release_1_5_1164953_841,0x6917b0,315,FUN_1806917b0,,,06aebfee1559d74037ebb46905adb13597f2bc014d244fae742f50ad85c965ac,undefined FUN_1806917b0(),ghidra,clean,
WHGame.dll,release_1_5_1164953_841,0x6918ec,83,FUN_1806918ec,,,3819cb9ef3e834fabb8eeb46404f7ab8ad5e682b167c3460c78ba2a6408b322f,undefined FUN_1806918ec(),ghidra,clean,
WHGame.dll,release_1_5_1164953_841,0x691940,23,FUN_180691940,,,652ab142d0a0d0c21eb75f53c22ccbb407e0d4bfbc88b2d1040e50fc79c1302d,undefined FUN_180691940(),ghidra,clean,
WHGame.dll,release_1_5_1164953_841,0x691958,9,FUN_180691958,,,3930d08173bd0fcbfa66c2d5fe1d78559eccb392ee97be63ec78e183c648d5dc,undefined FUN_180691958(),ghidra,clean,
WHGame.dll,release_1_5_1164953_841,0x691964,423,FUN_180691964,,,2425c59e856c3f6bfccf37067b6c2a4b7224609322ba9016c639e70f5143320c,undefined FUN_180691964(),ghidra,clean,
WHGame.dll,release_1_5_1164953_841,0x691b0c,176,FUN_180691b0c,,,bde3e46e27944f7e042171175bbe686a2073bdd8879c6049356a4889bfd00d39,undefined FUN_180691b0c(),ghidra,clean,
WHGame.dll,release_1_5_1164953_841,0x691bb4,43,FUN_180691bb4,,,c1811c82b683502dfe0c5c5d6a692a7d5cbe44f3674337a55bb1829f20273fe3,undefined FUN_180691bb4(),ghidra,clean,
WHGame.dll,release_1_5_1164953_841,0x691be0,80,FUN_180691be0,,,7856dd812011ee66580af9e17422e272962aa0be1ed2c31d4f3ec5d73ade2882,undefined FUN_180691be0(),ghidra,clean,
WHGame.dll,release_1_5_1164953_841,0x691c30,869,FUN_180691c30,,,9fd7fee27f3474aa803eed251e241e118125f79430accb81d2b0cf889ec57180,undefined FUN_180691c30(),ghidra,clean,
WHGame.dll,release_1_5_1164953_841,0x691f98,359,FUN_180691f98,,,f52c92d09d8d7df01e1b9341ae4ae81c0d0d16849030ac9d9895f85c750d7b51,undefined FUN_180691f98(),ghidra,clean,
WHGame.dll,release_1_5_1164953_841,0x692100,9,FUN_180692100,,,2ff97168236aa5b3513cff843d8dee002d7df669eceaf09533029351312ff8e6,undefined FUN_180692100(),ghidra,clean,
WHGame.dll,release_1_5_1164953_841,0x69210c,436,FUN_18069210c,,,d03bccd61222d103151e2193f63408f6b44e4bc2463f8aba9469804e651bd2f6,undefined FUN_18069210c(),ghidra,clean,
WHGame.dll,release_1_5_1164953_841,0x6922c0,115,FUN_1806922c0,,,2ac5b83ade8055f695e846d2f726e858b9d53d0952f0ac43c353fea6b3fdd80f,undefined FUN_1806922c0(),ghidra,clean,
WHGame.dll,release_1_5_1164953_841,0x692334,151,FUN_180692334,,,3da8a22758542a02684cbe376223dc7e0842e28c43ff45b19d25bbc325f3429b,undefined FUN_180692334(),ghidra,clean,
WHGame.dll,release_1_5_1164953_841,0x6923cc,80,FUN_1806923cc,,,bbe85af11793b707005e3ef3d17eb723fc712eb67d65156613ab343a0129892a,undefined FUN_1806923cc(),ghidra,clean,
WHGame.dll,release_1_5_1164953_841,0x692420,26,FUN_180692420,,,a2e944b74b59d5d927a30483db38170ba89ed63c56ac1b8ddaf9ad0036350a3f,undefined FUN_180692420(),ghidra,clean,
WHGame.dll,release_1_5_1164953_841,0x69243c,73,FUN_18069243c,,,4230d23117ea769dbf9ebc0a59a3cf6301f74d7ff98171661bab714d83f9f497,undefined FUN_18069243c(),ghidra,clean,
WHGame.dll,release_1_5_1164953_841,0x692488,190,FUN_180692488,,,a5e1a5fa0bc19dbee8d120b72d38370b2e619b4a4574489b3a56aab505980ffb,undefined FUN_180692488(),ghidra,clean,
WHGame.dll,release_1_5_1164953_841,0x692548,26,FUN_180692548,,,819234953c91d716a341edb10dcca2267107efa13f78881bbca64f4a7a11eeca,undefined FUN_180692548(),ghidra,clean,
WHGame.dll,release_1_5_1164953_841,0x692564,155,FUN_180692564,,,e3f72391a24579aa1bc99e2f17fd3fdcca6cae8e974cb840e549132a46af424e,undefined FUN_180692564(),ghidra,clean,
WHGame.dll,release_1_5_1164953_841,0x692600,791,FUN_180692600,,,214db6340a90bfc5a4607d14654b310336c0583b519acbe7ab21463e55cb0eba,undefined FUN_180692600(),ghidra,clean,
WHGame.dll,release_1_5_1164953_841,0x692700,139,FUN_180692700,,,93d0b30d724f9d30ae3bfd03120884751a34f0b943524d9e3d2daeb5714e908e,undefined FUN_180692700(),ghidra,clean,
WHGame.dll,release_1_5_1164953_841,0x692790,26,FUN_180692790,,,8bab9d8a36f3e7a073ab1301aea27f991d91247aa8ebb2cba98223cd313a7ed8,undefined FUN_180692790(),ghidra,clean,
WHGame.dll,release_1_5_1164953_841,0x6927ac,347,FUN_1806927ac,,,5831cb93ca7417c163ac99e2a6a544b759db2f1fe362a73209f4ba29cedc914a,undefined FUN_1806927ac(),ghidra,clean,
WHGame.dll,release_1_5_1164953_841,0x692908,60,FUN_180692908,,,6e496d3c8ff0829af8a24551a6956208f88e3c15d66de7ddc42c3d9ab294dead,undefined FUN_180692908(),ghidra,clean,
WHGame.dll,release_1_5_1164953_841,0x692944,94,FUN_180692944,,,d0e7a8d7b6f2e0505dceb1396c2b19d12e0e7afe38a376468fb1d86f5f63e70d,undefined FUN_180692944(),ghidra,clean,
WHGame.dll,release_1_5_1164953_841,0x6929a4,89,FUN_1806929a4,,,e27e6a2a4e32d75e86f16959219006bb4a58e3c3e3bb74728a03bc2760e09e52,undefined FUN_1806929a4(),ghidra,clean,
WHGame.dll,release_1_5_1164953_841,0x692a00,166,FUN_180692a00,,,06f69c556aa8e3f6219a57a057ee446b911495eb4563371ba445baf3a179c929,undefined FUN_180692a00(),ghidra,clean,
WHGame.dll,release_1_5_1164953_841,0x692aa8,344,FUN_180692aa8,,,61a33587ec1516a0c8f363d1aade05016c3e1c7e8fe72512ef65d0d3b7bfee01,undefined FUN_180692aa8(),ghidra,clean,
WHGame.dll,release_1_5_1164953_841,0x692c00,190,FUN_180692c00,,,298c2e875c4b9a9d7498dfba2ee358d805e319507d01b58120595df9b46b4ae8,undefined FUN_180692c00(),ghidra,clean,
WHGame.dll,release_1_5_1164953_841,0x692cc0,104,FUN_180692cc0,,,faea5c940ee3b31102b8d33068571623612d085d20571caa6f9c04cfe7bb5919,undefined FUN_180692cc0(),ghidra,clean,
WHGame.dll,release_1_5_1164953_841,0x692d28,190,FUN_180692d28,,,21b4014ddffc8058dc5bda1ce03333fb4a0f5bf505554512bb92cbf59d8ee5d3,undefined FUN_180692d28(),ghidra,clean,
WHGame.dll,release_1_5_1164953_841,0x692de8,190,FUN_180692de8,,,3cac469fbd38777c9b7b165ea3b5b02543394b19d6fec37aa9b31fe0c490b469,undefined FUN_180692de8(),ghidra,clean,
WHGame.dll,release_1_5_1164953_841,0x692ea8,180,FUN_180692ea8,,,babb7689f9ad932bf1b6cdc8c3107d5c7e4cd4ac335a5d690a2fb286b522a7db,undefined FUN_180692ea8(),ghidra,clean,
WHGame.dll,release_1_5_1164953_841,0x692f5c,155,FUN_180692f5c,,,5faca2129338ef1a9c023e103cbee3df0ff59da220b43d4b0f79dd8ce223a246,undefined FUN_180692f5c(),ghidra,clean,
WHGame.dll,release_1_5_1164953_841,0x692ff8,190,FUN_180692ff8,,,631855928da6a374f856e68f287a46031e201d5dc31508432fddb72f39a65e3e,undefined FUN_180692ff8(),ghidra,clean,
WHGame.dll,release_1_5_1164953_841,0x6930b8,190,FUN_1806930b8,,,f9725b7ebbf8cee2dede7a5542174c177c73a0e2b8a35b161b68861a021ddc0e,undefined FUN_1806930b8(),ghidra,clean,
WHGame.dll,release_1_5_1164953_841,0x693178,190,FUN_180693178,,,6d9d03694d605ce2ca7133408bde58ba83b71860468a65f8d6108d5bca5fad84,undefined FUN_180693178(),ghidra,clean,
WHGame.dll,release_1_5_1164953_841,0x693238,190,FUN_180693238,,,4ce9f76d985005c8775a68a4ff1e1acaa61957244ceb42eb2c9326b9c4cecc67,undefined FUN_180693238(),ghidra,clean,
WHGame.dll,release_1_5_1164953_841,0x6932f8,190,FUN_1806932f8,,,190fc82689735abc2cdafd70a1b60290df61ff40cf681872078e4ca27c14eed2,undefined FUN_1806932f8(),ghidra,clean,
WHGame.dll,release_1_5_1164953_841,0x6933b8,190,FUN_1806933b8,,,3356059fd0f3d0c2dbb627c6eb5e3ad95fcbf8dee96c002ab59b3aa4837d0b9b,undefined FUN_1806933b8(),ghidra,clean,
WHGame.dll,release_1_5_1164953_841,0x693478,190,FUN_180693478,,,2efc47684eb91014e580fe9856cc4405588ad32b570d45daead4481f8ad77c22,undefined FUN_180693478(),ghidra,clean,
WHGame.dll,release_1_5_1164953_841,0x693538,190,FUN_180693538,,,deb92c9e8ac20baaab3e416ea4d5d995a29a60a964ac4b97ad13b6a592d6ef7a,undefined FUN_180693538(),ghidra,clean,
WHGame.dll,release_1_5_1164953_841,0x6935f8,190,FUN_1806935f8,,,76677da37eab728291aeebaa292d521361efe6f5bf2afe693b8aff2851353bbc,undefined FUN_1806935f8(),ghidra,clean,
WHGame.dll,release_1_5_1164953_841,0x6936b8,180,FUN_1806936b8,,,6c007cc761da4c5b60f669594c398a094db39a18e431c57d5e537f625b2f97d1,undefined FUN_1806936b8(),ghidra,clean,
WHGame.dll,release_1_5_1164953_841,0x69376c,155,FUN_18069376c,,,39858e0b1e774bfea9a3b0e35bd9cfb64572f022f88da5bd7a3f5c457275b558,undefined FUN_18069376c(),ghidra,clean,
WHGame.dll,release_1_5_1164953_841,0x693808,190,FUN_180693808,,,3a1b917182ab2e9b0f9e641bba77d155ead3be9327c2862489e362eeb27e2f29,undefined FUN_180693808(),ghidra,clean,
WHGame.dll,release_1_5_1164953_841,0x6938c8,302,FUN_1806938c8,,,ec94ffab6c39574fa0a5bfc1a3c31995f47cbf51f444f678fc23ffb85038ba38,undefined FUN_1806938c8(),ghidra,clean,
WHGame.dll,release_1_5_1164953_841,0x6939b8,83,FUN_1806939b8,,,271e0f88173c8dd0261bccbfd7f4494783a2ad6bb102093f6b3edf0ab33685d9,undefined FUN_1806939b8(),ghidra,clean,
WHGame.dll,release_1_5_1164953_841,0x693a0c,212,FUN_180693a0c,,,3217baa000a4c5679df9bce4cf721f56ca38ddf2d90a12ae463a868f3850ba21,undefined FUN_180693a0c(),ghidra,clean,
WHGame.dll,release_1_5_1164953_841,0x693ae0,284,FUN_180693ae0,,,1d182e6cf08377e1af6c46dbb8cb965ffcf9b214fadf6ef79e0f13061640a0a6,undefined FUN_180693ae0(),ghidra,clean,
WHGame.dll,release_1_5_1164953_841,0x693c00,126,FUN_180693c00,,,b3070922df75c272040387dee7a7ddd0579f6c364a99ff0eb4727315c8621a59,undefined FUN_180693c00(),ghidra,clean,
WHGame.dll,release_1_5_1164953_841,0x693c80,91,FUN_180693c80,,,8f1e38aa1fedfca33d7c633bd3465fe5f603fd4abb55b66fc623c86f15196a60,undefined FUN_180693c80(),ghidra,clean,
WHGame.dll,release_1_5_1164953_841,0x693cd0,67,FUN_180693cd0,,,4a736ca2b56fffd6a53bd23dc4c876c245cb85bee2147fb6ffb2bbdafc07fb94,undefined FUN_180693cd0(),ghidra,clean,
WHGame.dll,release_1_5_1164953_841,0x693d14,295,FUN_180693d14,,,cdd448fdcbac0074996fcb1a6414a0ae8a8e80640ef404f2313caa75133ccc95,undefined FUN_180693d14(),ghidra,clean,
WHGame.dll,release_1_5_1164953_841,0x693e3c,64,FUN_180693e3c,,,2893300e6bccba3e732829aacc44ac509e791373c0bee4106fbd26bd2b44e9ba,undefined FUN_180693e3c(),ghidra,clean,
WHGame.dll,release_1_5_1164953_841,0x693e7c,190,FUN_180693e7c,,,f124b27523eafe2154541112f854097fc9ff17e2a20fd359e229b176e7404661,undefined FUN_180693e7c(),ghidra,clean,
WHGame.dll,release_1_5_1164953_841,0x693f3c,26,FUN_180693f3c,,,819234953c91d716a341edb10dcca2267107efa13f78881bbca64f4a7a11eeca,undefined FUN_180693f3c(),ghidra,clean,
WHGame.dll,release_1_5_1164953_841,0x693f58,155,FUN_180693f58,,,b146602cc07eac994120dc253edddccbc266cc0a822328a55ecc7bbfafedd43d,undefined FUN_180693f58(),ghidra,clean,
WHGame.dll,release_1_5_1164953_841,0x693ff4,190,FUN_180693ff4,,,0e701afa82b4a098eb8549b798d7f5944c11f4ac61b26242a099dfb8acee9243,undefined FUN_180693ff4(),ghidra,clean,
WHGame.dll,release_1_5_1164953_841,0x6940b4,26,FUN_1806940b4,,,819234953c91d716a341edb10dcca2267107efa13f78881bbca64f4a7a11eeca,undefined FUN_1806940b4(),ghidra,clean,
WHGame.dll,release_1_5_1164953_841,0x6940d0,155,FUN_1806940d0,,,804b7db3cc735e37f162756caa0909a777bd9acbd1ff1a2de6779f170837575e,undefined FUN_1806940d0(),ghidra,clean,
WHGame.dll,release_1_5_1164953_841,0x69416c,26,FUN_18069416c,,,819234953c91d716a341edb10dcca2267107efa13f78881bbca64f4a7a11eeca,undefined FUN_18069416c(),ghidra,clean,
WHGame.dll,release_1_5_1164953_841,0x694188,155,FUN_180694188,,,528378aff06280b306378380dd629fe7a26475605e78722a3f902f8b0b84c71f,undefined FUN_180694188(),ghidra,clean,
WHGame.dll,release_1_5_1164953_841,0x694224,26,FUN_180694224,,,819234953c91d716a341edb10dcca2267107efa13f78881bbca64f4a7a11eeca,undefined FUN_180694224(),ghidra,clean,
WHGame.dll,release_1_5_1164953_841,0x694240,155,FUN_180694240,,,01bdb5c3c17e3cdad2d4bde7a78c78ed70842421b9dc6687bb72ae126b122a68,undefined FUN_180694240(),ghidra,clean,
WHGame.dll,release_1_5_1164953_841,0x6942dc,190,FUN_1806942dc,,,98475866f3a774fbfff52561d2a0b42fae2dba59612e48868aef1d79cee74746,undefined FUN_1806942dc(),ghidra,clean,
WHGame.dll,release_1_5_1164953_841,0x69439c,190,FUN_18069439c,,,513087e103448d94143a3776103e4e1a8987b5980200dc7234cb44b9db8d55ba,undefined FUN_18069439c(),ghidra,clean,
WHGame.dll,release_1_5_1164953_841,0x69445c,190,FUN_18069445c,,,e451127a58e4a959de3433d745391fcae2709c0888bde1e1bba878d3879ef920,undefined FUN_18069445c(),ghidra,clean,
WHGame.dll,release_1_5_1164953_841,0x69451c,190,FUN_18069451c,,,6d0d2992c4dce864f8f057fa7a02e4ec75e84ee8db6017f3c2e12916ed3871ae,undefined FUN_18069451c(),ghidra,clean,
WHGame.dll,release_1_5_1164953_841,0x6945dc,38,FUN_1806945dc,,,c55aa9062a66e3351ee41c133fb8259cb0cd04ce438bf13b3577d1c5629b16e7,undefined FUN_1806945dc(),ghidra,clean,
WHGame.dll,release_1_5_1164953_841,0x694604,36,FUN_180694604,,,d72630879bc8b47cd7e1bd30220b25cddb61154ab6a6e104e3ef70648f0f437c,undefined FUN_180694604(),ghidra,clean,
WHGame.dll,release_1_5_1164953_841,0x694628,244,FUN_180694628,,,b1e5747fcdd24fa72b9286b342650528e09916f8a2540401782929f36d259e8c,undefined FUN_180694628(),ghidra,clean,
WHGame.dll,release_1_5_1164953_841,0x694680,114,FUN_180694680,,,47ea8c3ca7d8c0a4c4387c061cfc05797c530da9aa34e0c2f1f0da1df5786b0f,undefined FUN_180694680(),ghidra,clean,
WHGame.dll,release_1_5_1164953_841,0x694700,26,FUN_180694700,,,7942a740b02b6fec0a8675a2ba009997c61ada596db1e6555e4789b05f9fb825,undefined FUN_180694700(),ghidra,clean,
WHGame.dll,release_1_5_1164953_841,0x69471c,50,FUN_18069471c,,,e28c2d5a7ce1b2878affeecb1602766b9eff57670eb099c45d0a6cfde9e729b8,undefined FUN_18069471c(),ghidra,clean,
WHGame.dll,release_1_5_1164953_841,0x694750,26,FUN_180694750,,,819234953c91d716a341edb10dcca2267107efa13f78881bbca64f4a7a11eeca,undefined FUN_180694750(),ghidra,clean,
WHGame.dll,release_1_5_1164953_841,0x69476c,155,FUN_18069476c,,,c9d046c655f939c0301c63bcde83129fe6b994d39dc1f0ba37fefc8da4f405bd,undefined FUN_18069476c(),ghidra,clean,
WHGame.dll,release_1_5_1164953_841,0x694808,183,FUN_180694808,,,2ea8c3687b9e126622eed79eb99d1fbb10e842e65f2d7ad1f758cc5ee2609ba5,undefined FUN_180694808(),ghidra,clean,
WHGame.dll,release_1_5_1164953_841,0x6948c0,26,FUN_1806948c0,,,17ff12966e472bde40137640ed2b379b6423e192c8492fc06eb42bfd729d310b,undefined FUN_1806948c0(),ghidra,clean,
WHGame.dll,release_1_5_1164953_841,0x6948dc,285,FUN_1806948dc,,,67119b3245787d2a283faf3e444b2071f8cec58a9062bde0700832098c4276de,undefined FUN_1806948dc(),ghidra,clean,
WHGame.dll,release_1_5_1164953_841,0x6949fc,81,FUN_1806949fc,,,d8c8dce3ce050479ec09f88c3564fa1d4d03e8d3e974e61b2285505f5f7c83f8,undefined FUN_1806949fc(),ghidra,clean,
WHGame.dll,release_1_5_1164953_841,0x694a50,42,FUN_180694a50,,,48a1b1f14aa3e47241ac82c98aff31b9313d2738fcb84b35cb4e2c67822ef911,undefined FUN_180694a50(),ghidra,clean,
WHGame.dll,release_1_5_1164953_841,0x694a7c,119,FUN_180694a7c,,,298c7c6754474fba7742ae49ff8f8a1a8446b4fa1e6fcb21313b55e2cdade120,undefined FUN_180694a7c(),ghidra,clean,
WHGame.dll,release_1_5_1164953_841,0x694af4,110,FUN_180694af4,,,ead5a50f26c6dad728930b9cd15611683f662ef12051ede9020115d3cec06a6e,undefined FUN_180694af4(),ghidra,clean,
WHGame.dll,release_1_5_1164953_841,0x694b64,215,FUN_180694b64,,,67e1d25f81c2677f850302f794cc9a3631d4cb4009f2b9aeecc0079d99d34c4d,undefined FUN_180694b64(),ghidra,clean,
WHGame.dll,release_1_5_1164953_841,0x694c3c,36,FUN_180694c3c,,,0472f1fd09e5f6d1de21d3bbb6eeca089608d6c2f94428d92fd23f675d037081,undefined FUN_180694c3c(),ghidra,clean,
WHGame.dll,release_1_5_1164953_841,0x694c64,150,FUN_180694c64,,,f4cc467ca8dcacb58dbe19e49bf70fc2ad8a61ffd242df8b402fbed90700c458,undefined FUN_180694c64(),ghidra,clean,
WHGame.dll,release_1_5_1164953_841,0x694cfc,65,FUN_180694cfc,,,bbb6529f8db1007058d55ab3de8066b947eaa26cd103adc1df951d56e3d4386a,undefined FUN_180694cfc(),ghidra,clean,
WHGame.dll,release_1_5_1164953_841,0x694d40,174,FUN_180694d40,,,16b453f8f5aa3d841a28331c74331237573c6ccbfd03e3646f43468e60948692,undefined FUN_180694d40(),ghidra,clean,
WHGame.dll,release_1_5_1164953_841,0x694df0,61,FUN_180694df0,,,3ca9886904e091ca574870ae6537ffbca45d2b040fb1c46149c2e1ccafd67a56,undefined FUN_180694df0(),ghidra,clean,
WHGame.dll,release_1_5_1164953_841,0x694e30,116,FUN_180694e30,,,bf3f8b16a097c66f7cae843560b2521de6f1c1ff77bfd39a11acbf9171a5d716,undefined FUN_180694e30(),ghidra,clean,
WHGame.dll,release_1_5_1164953_841,0x694ea4,289,FUN_180694ea4,,,a8c87efdd123a66500b3d3f33dff8dac0acf3f53d7a63634c2d988d93f61e349,undefined FUN_180694ea4(),ghidra,clean,
WHGame.dll,release_1_5_1164953_841,0x694fc8,163,FUN_180694fc8,,,0e147a3477cd3d845053ed9d3db9cbcbc0fa5e9734c824dba7151b93d78999a9,undefined FUN_180694fc8(),ghidra,clean,
WHGame.dll,release_1_5_1164953_841,0x69506c,86,FUN_18069506c,,,48eec8611890de6943c918cd2aeb33bad73cd760007c40ee310b5afa872c4ad0,undefined FUN_18069506c(),ghidra,clean,
WHGame.dll,release_1_5_1164953_841,0x6950c4,38,FUN_1806950c4,,,9dbd6401fa3e402f93174fc1ca7bd49278a1dcea478e89d705b31e61d0216184,undefined FUN_1806950c4(),ghidra,clean,
WHGame.dll,release_1_5_1164953_841,0x6950ec,104,FUN_1806950ec,,,c900fb7fb44741dc724f5c8c0de5b5bbbfb58ee09ec303d7d87c4265243b9eab,undefined FUN_1806950ec(),ghidra,clean,
WHGame.dll,release_1_5_1164953_841,0x695154,453,FUN_180695154,,,e751f3efbf83fcf9c6113d4ada28ff23c4248dede4d8f3a6b7342c7ff586507e,undefined FUN_180695154(),ghidra,clean,
WHGame.dll,release_1_5_1164953_841,0x695320,26,FUN_180695320,,,18939f7f96abe3f2812c52fa945da0248d7e817289fb63cb2b78ed75bce9d4c3,undefined FUN_180695320(),ghidra,clean,
WHGame.dll,release_1_5_1164953_841,0x69533c,67,FUN_18069533c,,,e32b080351134eb329a31052eeb2a198e4145053017bdccce5991fa140342561,undefined FUN_18069533c(),ghidra,clean,
WHGame.dll,release_1_5_1164953_841,0x695380,59,FUN_180695380,,,21fa89c80e2186457fdb764bed7d20571c6ccb91cac02d4e7ebb02da5bde9638,undefined FUN_180695380(),ghidra,clean,
WHGame.dll,release_1_5_1164953_841,0x6953bc,236,FUN_1806953bc,,,9d7352e05d992dc0183e582be880780a64894a2d382f3b46cf7e58ab659be5c6,undefined FUN_1806953bc(),ghidra,clean,
WHGame.dll,release_1_5_1164953_841,0x6954a8,88,FUN_1806954a8,,,0f628d6c2207a495e8b0f11b90bacfc86458927e195dab0d94c288fa1ecdd613,undefined FUN_1806954a8(),ghidra,clean,
WHGame.dll,release_1_5_1164953_841,0x695500,63,FUN_180695500,,,757c04a723fbc7c1476c835f44591cbabae5b8917fa7d03e2de942744924d8e6,undefined FUN_180695500(),ghidra,clean,
WHGame.dll,release_1_5_1164953_841,0x695540,72,FUN_180695540,,,533b2820a2638a552dd6fc7e48a87c727a8b633bba78aa818389d1c248a6915a,undefined FUN_180695540(),ghidra,clean,
WHGame.dll,release_1_5_1164953_841,0x695588,93,FUN_180695588,,,540b7ade1270932a2085d78ce558482b7bd423f711d3489d9e408cdeb1b161d9,undefined FUN_180695588(),ghidra,clean,
WHGame.dll,release_1_5_1164953_841,0x6955e8,26,FUN_1806955e8,,,9357d3f7b290317d9c46a10caef6173aa40516f5480faf0e9d8daa6afd669c44,undefined FUN_1806955e8(),ghidra,clean,
WHGame.dll,release_1_5_1164953_841,0x695604,91,FUN_180695604,,,6921e6d205576c8f7d695d476196d0d56c0bad59fa67e85140bf3281fb57d3e3,undefined FUN_180695604(),ghidra,clean,
WHGame.dll,release_1_5_1164953_841,0x695660,124,FUN_180695660,,,accd7fd382e0fa4a9845022ecff80f347dc6f82715d7fa21e1811a4351501cb8,undefined FUN_180695660(),ghidra,clean,
WHGame.dll,release_1_5_1164953_841,0x6956dc,125,FUN_1806956dc,,,66ed7716afd9b097d562ae69c1f76b1af4d5e30e1a8d8a415728fbff5f690e9f,undefined FUN_1806956dc(),ghidra,clean,
WHGame.dll,release_1_5_1164953_841,0x69575c,30,FUN_18069575c,,,a1ae511765cf0ecf41e99d8e46b512b669fd19857e23fcd8fd7903deff2d9260,undefined FUN_18069575c(),ghidra,clean,
WHGame.dll,release_1_5_1164953_841,0x69577c,94,FUN_18069577c,,,e13ec1adffcee78650d0e1fcd6fb5eaa1b4574f0d7177a46e95ea61312928260,undefined FUN_18069577c(),ghidra,clean,
WHGame.dll,release_1_5_1164953_841,0x6957dc,39,FUN_1806957dc,,,c4c6d90438f2a5d0b12953bc39d14000d8728457d5e87cbdda0fb74a277de6a1,undefined FUN_1806957dc(),ghidra,clean,
WHGame.dll,release_1_5_1164953_841,0x695804,173,FUN_180695804,,,94c9031e9a4f8020d6073c477374f2c2ea4e29266dcb0801c2bc2018ac25324a,undefined FUN_180695804(),ghidra,clean,
WHGame.dll,release_1_5_1164953_841,0x6958b4,210,FUN_1806958b4,,,036a92e7a580d801fdfd15c38a222c7a01c6833566b8162d5e227d36fbd0fa5d,undefined FUN_1806958b4(),ghidra,clean,
WHGame.dll,release_1_5_1164953_841,0x695988,217,FUN_180695988,,,f3d4e609d25f0cc4b9a546497829833cd24c08621dced20e1b3963fcd5737700,undefined FUN_180695988(),ghidra,clean,
WHGame.dll,release_1_5_1164953_841,0x695a64,26,FUN_180695a64,,,a1949f83b82fcbcc59e1c8e9998c29564b9499ebfee9135f8f1210f7af916ff9,undefined FUN_180695a64(),ghidra,clean,
WHGame.dll,release_1_5_1164953_841,0x695a80,67,FUN_180695a80,,,cfa5e015ad7013966ee3a5045dea6bacdd93d84e3e0f10c63dd00272da33444a,undefined FUN_180695a80(),ghidra,clean,
WHGame.dll,release_1_5_1164953_841,0x695ac4,59,FUN_180695ac4,,,b151093b8a10f1c0426542d939db9ea14376232ca820fec896d9c0eb289677ef,undefined FUN_180695ac4(),ghidra,clean,
WHGame.dll,release_1_5_1164953_841,0x695b00,155,FUN_180695b00,,,aac1431239baf0f9f46aea4cc64434f855566618cd1bc88fee2dad77cbcf9b46,undefined FUN_180695b00(),ghidra,clean,
WHGame.dll,release_1_5_1164953_841,0x695b9c,26,FUN_180695b9c,,,f2454a745d216df0ac29a36c9d37f8de49dafed97ef609f158fa2e89265cce68,undefined FUN_180695b9c(),ghidra,clean,
WHGame.dll,release_1_5_1164953_841,0x695bb8,26,FUN_180695bb8,,,819234953c91d716a341edb10dcca2267107efa13f78881bbca64f4a7a11eeca,undefined FUN_180695bb8(),ghidra,clean,
WHGame.dll,release_1_5_1164953_841,0x695bd4,155,FUN_180695bd4,,,6eab9bbb93b1411d2f242d68cdc57a0ac4ea0b240680d4d2f8dd24e26ac17cc1,undefined FUN_180695bd4(),ghidra,clean,
WHGame.dll,release_1_5_1164953_841,0x695c70,26,FUN_180695c70,,,819234953c91d716a341edb10dcca2267107efa13f78881bbca64f4a7a11eeca,undefined FUN_180695c70(),ghidra,clean,
WHGame.dll,release_1_5_1164953_841,0x695c8c,155,FUN_180695c8c,,,ddcc7603dec8e5700f0bef679d0514f7e4749ab4f2ebd2c6feacd3f782be2ba3,undefined FUN_180695c8c(),ghidra,clean,
WHGame.dll,release_1_5_1164953_841,0x695d28,467,FUN_180695d28,,,3fad150499cc1cf2fd18c5661ec2c09f7662b672f60ae95034def6535fb3df20,undefined FUN_180695d28(),ghidra,clean,
WHGame.dll,release_1_5_1164953_841,0x695efc,105,FUN_180695efc,,,83565b112ceda6dae2ebe9a518c5909150160941521f042d196ed078570f45c7,undefined FUN_180695efc(),ghidra,clean,
WHGame.dll,release_1_5_1164953_841,0x695f68,78,FUN_180695f68,,,7d3498dacc474876ecc3839200d73424da5b96d72e3a2a77ebc0d07212f861ac,undefined FUN_180695f68(),ghidra,clean,
WHGame.dll,release_1_5_1164953_841,0x695fb8,59,FUN_180695fb8,,,7cad6678e6d3fdc645f5638be442146c5a743b32caa96874784472214ab1d8ba,undefined FUN_180695fb8(),ghidra,clean,
WHGame.dll,release_1_5_1164953_841,0x695ff4,54,FUN_180695ff4,,,4e916ba10364f258058ccc3d8231aaa2762dd81a5617b34c343b368f1a0a0ce5,undefined FUN_180695ff4(),ghidra,clean,
WHGame.dll,release_1_5_1164953_841,0x69602c,228,FUN_18069602c,,,8bfe05d4e927f2a9fa75fcc191deb5250a4baa3d9d75ca7a3db20fa8b64647c3,undefined FUN_18069602c(),ghidra,clean,
WHGame.dll,release_1_5_1164953_841,0x696110,8,FUN_180696110,,,a4e62cca1c040e86d4a9c8b1d96e91e42e07cb1bd62f7ba916b29bfcf1aa6893,undefined FUN_180696110(),ghidra,clean,
WHGame.dll,release_1_5_1164953_841,0x696118,212,FUN_180696118,,,840635584e3dbab1bf3a6566562c37901ff4f7337257eee77c24ad232b68fa17,undefined FUN_180696118(),ghidra,clean,
WHGame.dll,release_1_5_1164953_841,0x6961ec,23,FUN_1806961ec,,,4a2215c3e820937481093c41c3a2c4fdd1b034767afb06c5e8afd475b2e2dc6a,undefined FUN_1806961ec(),ghidra,clean,
WHGame.dll,release_1_5_1164953_841,0x696204,155,FUN_180696204,,,3d8fa8ae2579d66aa9d671c0ff1023b5ae85f97fca4bcdbd7ef11fa638824a79,undefined FUN_180696204(),ghidra,clean,
WHGame.dll,release_1_5_1164953_841,0x6962a0,63,FUN_1806962a0,,,8cc8214bcb9648a381f0d90d81d36de010bc9af00786696f6ac12ed09903d098,undefined FUN_1806962a0(),ghidra,clean,
WHGame.dll,release_1_5_1164953_841,0x6962e0,91,FUN_1806962e0,,,7f6a14928c9b6e5f8456958be195c9ca7bb4eba7b40c538b2d2aa8f0475263a2,undefined FUN_1806962e0(),ghidra,clean,
WHGame.dll,release_1_5_1164953_841,0x69633c,71,FUN_18069633c,,,20d264496fcc07e8ae22e4798dc3b72b98f71798fd8e4fb4ae946bc824c63954,undefined FUN_18069633c(),ghidra,clean,
WHGame.dll,release_1_5_1164953_841,0x696384,30,FUN_180696384,,,e1ff25174a8f1308babdbc3566f99e393064cf41f32c5227236dc355a539a266,undefined FUN_180696384(),ghidra,clean,
WHGame.dll,release_1_5_1164953_841,0x6963a4,98,FUN_1806963a4,,,af970b1d9bee8b56525341801d8eed5daf1d040dfb4681dcd15c34b1c64b32be,undefined FUN_1806963a4(),ghidra,clean,
WHGame.dll,release_1_5_1164953_841,0x6963f0,214,FUN_1806963f0,,,827477b9d7b19d4c9b1d15d8a9e0bf8656a1d59b94d901c36dc7fd2693d963b7,undefined FUN_1806963f0(),ghidra,clean,
WHGame.dll,release_1_5_1164953_841,0x6964c8,64,FUN_1806964c8,,,72a1ac2d52839bd188897a73ecaad7540e67cdcd345d650a199a7a10d8c3951f,undefined FUN_1806964c8(),ghidra,clean,
WHGame.dll,release_1_5_1164953_841,0x6964f4,58,FUN_1806964f4,,,937914705da14c9aa48c672c215d235d92a92db9a11ef3eb15cb2cfd03e59b51,undefined FUN_1806964f4(),ghidra,clean,
WHGame.dll,release_1_5_1164953_841,0x696530,109,FUN_180696530,,,dbef0a5f233e27055c29c01b26ce04c861dac42101d18185a1aca0e6b491cbc7,undefined FUN_180696530(),ghidra,clean,
WHGame.dll,release_1_5_1164953_841,0x6965a0,41,FUN_1806965a0,,,78d93c8ded710f4d3695364644f986efcb9230a0c884412fbfd990b3c815c905,undefined FUN_1806965a0(),ghidra,clean,
WHGame.dll,release_1_5_1164953_841,0x6965cc,102,FUN_1806965cc,,,895d828eec7acf66d250a428c8d88b1c4abb5224ce906624019fccc4cada5d46,undefined FUN_1806965cc(),ghidra,clean,
WHGame.dll,release_1_5_1164953_841,0x696634,5,thunk_FUN_180696530,,,54ed499f4c2c0b8defeaadcc2b3a20feea7de826b5a025708e4be3cffa8bba82,undefined thunk_FUN_180696530(),ghidra,clean,
WHGame.dll,release_1_5_1164953_841,0x69663c,163,FUN_18069663c,,,7ac6e2816bcab79b610860c5cc3f2ea7e2ed5fcd39a6f1c2d0a5db21660fb9f1,undefined FUN_18069663c(),ghidra,clean,
WHGame.dll,release_1_5_1164953_841,0x6966e0,57,FUN_1806966e0,,,c0c865335fd504a7e9a668a0de5b171ff55ad1b0cc2d086fab22b1f21dab6882,undefined FUN_1806966e0(),ghidra,clean,
WHGame.dll,release_1_5_1164953_841,0x69671c,87,FUN_18069671c,,,564e5881ec9edda7a381be1278491c9e0c397d774ffccafb8eb01aa4a726a6ff,undefined FUN_18069671c(),ghidra,clean,
WHGame.dll,release_1_5_1164953_841,0x696774,27,FUN_180696774,,,51c543915d4c15bbc7cd6f7340cb31721a6b1a901344b15d3086ad9f674b2e37,undefined FUN_180696774(),ghidra,clean,
WHGame.dll,release_1_5_1164953_841,0x696790,550,FUN_180696790,,,e98aa5b91b113d9eb3fcefd08c456b2b4183f3f7f418ccd0c43ac4a3abda0e8a,undefined FUN_180696790(),ghidra,clean,
WHGame.dll,release_1_5_1164953_841,0x6969b8,113,FUN_1806969b8,,,ed0bddfe2a5cf093e0c06ae1ce43473f121fcfd108199215d11303cd8baf79aa,undefined FUN_1806969b8(),ghidra,clean,
WHGame.dll,release_1_5_1164953_841,0x696a2c,14,FUN_180696a2c,,,eaf4cef36dc3e7d97711679d4e7a98b57a118eba7bf6ff561dc70a8c0d5f3cb9,undefined FUN_180696a2c(),ghidra,clean,
WHGame.dll,release_1_5_1164953_841,0x696a3c,114,FUN_180696a3c,,,1833a860c7bbcbd75192af54538744204fa99fe68cfeb0a73b62e21633a3f885,undefined FUN_180696a3c(),ghidra,clean,
WHGame.dll,release_1_5_1164953_841,0x696ab0,102,FUN_180696ab0,,,07000574d601760566d63494043854949bff882a0bd81213e7fbcb13f5c29c49,undefined FUN_180696ab0(),ghidra,clean,
WHGame.dll,release_1_5_1164953_841,0x696b00,41,FUN_180696b00,,,9e8f94f614b8190eec400b48c3aaf72881731cec96f9b35c18475c914bba9d50,undefined FUN_180696b00(),ghidra,clean,
WHGame.dll,release_1_5_1164953_841,0x696b2c,52,FUN_180696b2c,,,1dfb7e6f9e9a88cdce6cef7d02942032edb8a2b9f777954a610a3fb5a1f0f9ee,undefined FUN_180696b2c(),ghidra,clean,
WHGame.dll,release_1_5_1164953_841,0x696b60,155,FUN_180696b60,,,9d1b3aba5862fc1a1f2489033b4a8a6e7148b34a08e304cca6be71b35031a683,undefined FUN_180696b60(),ghidra,clean,
WHGame.dll,release_1_5_1164953_841,0x696bfc,102,FUN_180696bfc,,,fd42f29be427e8f0c1e8246083bac226b80b190579819d038072d57eb7442aaf,undefined FUN_180696bfc(),ghidra,clean,
WHGame.dll,release_1_5_1164953_841,0x696c64,214,FUN_180696c64,,,184476e02f209be1065c51ea2fba763bdd2b08bb6c4c8b5f00ac9b157ed3de87,undefined FUN_180696c64(),ghidra,clean,
WHGame.dll,release_1_5_1164953_841,0x696d3c,41,FUN_180696d3c,,,4095aa1e34eed4530fba5382dbe389f8a0a0b09e9a08239225a79bb0eb878646,undefined FUN_180696d3c(),ghidra,clean,
WHGame.dll,release_1_5_1164953_841,0x696d68,22,FUN_180696d68,,,2e50a5989a030aab2eb0bc7192a54937d5a38ebe3c7440017ccf56b61a8c97b5,undefined FUN_180696d68(),ghidra,clean,
WHGame.dll,release_1_5_1164953_841,0x696d80,135,FUN_180696d80,,,e461b8b05bc6832fe08fd3f09034748bbfd3098080b54f022afee339af88dc23,undefined FUN_180696d80(),ghidra,clean,
WHGame.dll,release_1_5_1164953_841,0x696e08,252,FUN_180696e08,,,5737a647dfc03e57408e518324f9e25676df84d578b393df74b347f9362e38d7,undefined FUN_180696e08(),ghidra,clean,
WHGame.dll,release_1_5_1164953_841,0x696f04,130,FUN_180696f04,,,173af8efb5d5feaf64bb08123b05a7990fa11282f2c2ccf5d0083aa02bf75baa,undefined FUN_180696f04(),ghidra,clean,
WHGame.dll,release_1_5_1164953_841,0x696f88,131,FUN_180696f88,,,f375be2e886587d5108dff395280a3a3314645c84058cb11cb72bf386433720f,undefined FUN_180696f88(),ghidra,clean,
WHGame.dll,release_1_5_1164953_841,0x69700c,40,FUN_18069700c,,,814ef1b08bd3236c37b2d71b3129437b067dfa06462005a81996e0122404f2b8,undefined FUN_18069700c(),ghidra,clean,
WHGame.dll,release_1_5_1164953_841,0x697038,125,FUN_180697038,,,1956544316a7def234d493de373a3691e16ff09f3fdaa5409f9bbb9bc34fc064,undefined FUN_180697038(),ghidra,clean,
WHGame.dll,release_1_5_1164953_841,0x6970b8,583,FUN_1806970b8,,,9fd5d9300b6290dc82e84a784e9a2a7fbc73137655a679109be05553918e17a1,undefined FUN_1806970b8(),ghidra,clean,
WHGame.dll,release_1_5_1164953_841,0x697300,425,FUN_180697300,,,f02d5dff5468a6866b76d9cc85ff3ba0df768dedcc89c8d60d121269592ebdf5,undefined FUN_180697300(),ghidra,clean,
WHGame.dll,release_1_5_1164953_841,0x6974ac,48,FUN_1806974ac,,,203723f1ce4425681e87a7466e324e62351009d3663b207b839ec69f0c06c4b4,undefined FUN_1806974ac(),ghidra,clean,
WHGame.dll,release_1_5_1164953_841,0x6974dc,27,FUN_1806974dc,,,ab0bb8c7719715f74b2229fa4b5a1e654fc76b81964de8b6bd389aaec2d7b707,undefined FUN_1806974dc(),ghidra,clean,
WHGame.dll,release_1_5_1164953_841,0x6974f8,9,FUN_1806974f8,,,a8763439daea9c7ad50744bc395717a1d5df94602a5a763e3d0c64702a7d5944,undefined FUN_1806974f8(),ghidra,clean,
WHGame.dll,release_1_5_1164953_841,0x697504,104,FUN_180697504,,,07c2809f1ba106a1c1546d4c08fabdaac504b9a834116d9e2751644d61bd2110,undefined FUN_180697504(),ghidra,clean,
WHGame.dll,release_1_5_1164953_841,0x69756c,98,FUN_18069756c,,,34a488c20f86a4ab6bc23706e1f14aa0a8574f81993233a027ec1e9373d9f539,undefined FUN_18069756c(),ghidra,clean,
WHGame.dll,release_1_5_1164953_841,0x6975d0,29,FUN_1806975d0,,,e9cca4cf85dd1cea4a74e071d43d45e094a8c29676c94739a8f5f9106eed6aca,undefined FUN_1806975d0(),ghidra,clean,
WHGame.dll,release_1_5_1164953_841,0x6975f0,184,FUN_1806975f0,,,c1a65ddbe99438a9f699644fae5a3cb422334ed11c58115118fa411d950e79e4,undefined FUN_1806975f0(),ghidra,clean,
WHGame.dll,release_1_5_1164953_841,0x6976a8,325,FUN_1806976a8,,,c2782ee219a3a6f4d6f2892921d1d47e2501d86df8e917b4236acddf36e29add,undefined FUN_1806976a8(),ghidra,clean,
WHGame.dll,release_1_5_1164953_841,0x69773c,180,FUN_18069773c,,,c73d46bacf4d3a10bf562039c109483d8cff84946bb99e2b26a03150f2bfc872,undefined FUN_18069773c(),ghidra,clean,
WHGame.dll,release_1_5_1164953_841,0x6977f0,99,FUN_1806977f0,,,56632a4cbc8bdeb3622a27b766c36fde81cfa78412667ce19621cd5eff314412,undefined FUN_1806977f0(),ghidra,clean,
WHGame.dll,release_1_5_1164953_841,0x697854,358,FUN_180697854,,,bef7e021ed19cea96ace2425da2f72c89a85f398523b4df964fe0349122fdcda,undefined FUN_180697854(),ghidra,clean,
WHGame.dll,release_1_5_1164953_841,0x6979bc,179,FUN_1806979bc,,,e650c5dd18ce4380538a0ca2b6331ae10d24f666b59630ba565ace5f52ef03e2,undefined FUN_1806979bc(),ghidra,clean,
WHGame.dll,release_1_5_1164953_841,0x697a28,273,FUN_180697a28,,,d000a2a5c4dce626e46645c4278632b48b4ae4c9e24143494a4a98560fadfc33,undefined FUN_180697a28(),ghidra,clean,
WHGame.dll,release_1_5_1164953_841,0x697b3c,174,FUN_180697b3c,,,0c8d9db46b6fadcae9401e665328010b35d52f72aa7e5a5b770e4bda81e81102,undefined FUN_180697b3c(),ghidra,clean,
WHGame.dll,release_1_5_1164953_841,0x697bdc,196,FUN_180697bdc,,,66f2c38249007fda961ee6421df310f6866ad441bfeebed9e21867eb9db5dca8,undefined FUN_180697bdc(),ghidra,clean,
WHGame.dll,release_1_5_1164953_841,0x697ca0,31,FUN_180697ca0,,,ec675844bb7484b73fb9a40baec049159ecd83535cb4d7288606aa19bf3c9b96,undefined FUN_180697ca0(),ghidra,clean,
WHGame.dll,release_1_5_1164953_841,0x697cc0,200,FUN_180697cc0,,,e2bb487fd4fd83e06b090a9669072b5937f88a047b4a5078c96f1a74eda2ad75,undefined FUN_180697cc0(),ghidra,clean,
WHGame.dll,release_1_5_1164953_841,0x697d70,193,FUN_180697d70,,,92894635f80886b4ad96baa569d4fa70d34379539998aae22a82e0fc3274f6a4,undefined FUN_180697d70(),ghidra,clean,
WHGame.dll,release_1_5_1164953_841,0x697dd8,159,FUN_180697dd8,,,8d92e7a6794903499109a76675a7474de2d07b79ec140cb61d84f6161751332e,undefined FUN_180697dd8(),ghidra,clean,
WHGame.dll,release_1_5_1164953_841,0x697e78,326,FUN_180697e78,,,635a7f5c1223e7832f92930eaedb122bcc9e617ff54304acd88b27b6366bfc9b,undefined FUN_180697e78(),ghidra,clean,
WHGame.dll,release_1_5_1164953_841,0x697fc0,78,FUN_180697fc0,,,d1742f93342bc6e246e368e33e9dcf71d364dc08d1814f28358a82e6797b2019,undefined FUN_180697fc0(),ghidra,clean,
WHGame.dll,release_1_5_1164953_841,0x698010,77,FUN_180698010,,,1c8645718733be3583bbca6cfb10c5b6e17726c0e5fcf3cfc812d8091df10bce,undefined FUN_180698010(),ghidra,clean,
WHGame.dll,release_1_5_1164953_841,0x698060,20,FUN_180698060,,,41010a683cc6cc1619351403e4089441b6194a8fffb03885f46491e42382d2d1,undefined FUN_180698060(),ghidra,clean,
WHGame.dll,release_1_5_1164953_841,0x698074,33,FUN_180698074,,,75c09a0f99c755172f6e9ed29e0f1052060d372404feebe43467582047d46a0d,undefined FUN_180698074(),ghidra,clean,
WHGame.dll,release_1_5_1164953_841,0x698098,27,FUN_180698098,,,8a36a74708217e8c6de4996079d94f382ad34d39fd032a5be5df6c4ca38661d1,undefined FUN_180698098(),ghidra,clean,
WHGame.dll,release_1_5_1164953_841,0x6980b4,36,FUN_1806980b4,,,51b2fa73d326a180b9dba7988a977553927a3ff3cc2b7ce989ab755569c0fc6e,undefined FUN_1806980b4(),ghidra,clean,
WHGame.dll,release_1_5_1164953_841,0x6980d8,263,FUN_1806980d8,,,16cd7ea7671f14c072df4f1b686300d2bf8d91fcc2926d69627561dfeca7745e,undefined FUN_1806980d8(),ghidra,clean,
WHGame.dll,release_1_5_1164953_841,0x6981e0,79,FUN_1806981e0,`vector_destructor_iterator',,f47b45e17c4b2bcf1c199543f6830d887adbcd09207c38efa38edf9c3785abaf,"void `vector_destructor_iterator'(void * param_1, __uint64 param_2, __uint64 param_3, _func_void_void_ptr * param_4)",ghidra,clean,
WHGame.dll,release_1_5_1164953_841,0x698230,130,FUN_180698230,,,4c56bed77dcbc9d705155dfebf23d19e1ef2b3092ba051431ae624c4385b3549,undefined FUN_180698230(),ghidra,clean,
WHGame.dll,release_1_5_1164953_841,0x6982b4,797,FUN_1806982b4,,,5c0dedf4f40bf2fe55c9cf5159d379ab4de8f68562ab886fbc8a8e25279f9fdd,undefined FUN_1806982b4(),ghidra,clean,
WHGame.dll,release_1_5_1164953_841,0x6985d4,47,FUN_1806985d4,,,bf2e10c1f7f69ae6a150b4a5e876c838a569d4ed456541fece7526ae6f9206ec,undefined FUN_1806985d4(),ghidra,clean,
WHGame.dll,release_1_5_1164953_841,0x698604,83,FUN_180698604,,,ce05cb46c103bcb182ed7fc2bd1cfe9b8d375ed3c74697a83d02de3aea732c08,undefined FUN_180698604(),ghidra,clean,
WHGame.dll,release_1_5_1164953_841,0x698658,400,FUN_180698658,,,0a4883876a0c5958d54ade3a682e39d94ddb46b44dbcff798f5b2c10ca70104c,undefined FUN_180698658(),ghidra,clean,
WHGame.dll,release_1_5_1164953_841,0x698764,195,FUN_180698764,,,995587ecc03aaab01bd663cc3729f5aceec1260a1664caff7c4b85c93f0bee7a,undefined FUN_180698764(),ghidra,clean,
WHGame.dll,release_1_5_1164953_841,0x698828,228,FUN_180698828,,,803bd9b54949694d2d78ebdbcc547192de8d0d6ff14041b90257818f3119f1b1,undefined FUN_180698828(),ghidra,clean,
WHGame.dll,release_1_5_1164953_841,0x69890c,156,FUN_18069890c,,,6beee1acc027e54f82de95dea9d6e9fb6feddb4b6990630beed98cfbbb07e49a,undefined FUN_18069890c(),ghidra,clean,
WHGame.dll,release_1_5_1164953_841,0x6989a8,169,FUN_1806989a8,,,364b66445ce768b8a5ff46ade8422a5f6f1abac9aba0cd77fe15c6e4926967d2,undefined FUN_1806989a8(),ghidra,clean,
WHGame.dll,release_1_5_1164953_841,0x698a54,26,FUN_180698a54,,,f1001783ce05f89ecf5e20834a7e233052b28ce03bca19416518d1f50329de1b,undefined FUN_180698a54(),ghidra,clean,
WHGame.dll,release_1_5_1164953_841,0x698a70,75,FUN_180698a70,,,96d57b3563bb266869539ffdfc135afde50b794d380b1cef3dadcbb3aa1fa4df,undefined FUN_180698a70(),ghidra,clean,
WHGame.dll,release_1_5_1164953_841,0x698abc,82,FUN_180698abc,,,6b6217019a1ac7385ef03787ee1ec856929557de6c808efafff30be908d1efd8,undefined FUN_180698abc(),ghidra,clean,
WHGame.dll,release_1_5_1164953_841,0x698b10,27,FUN_180698b10,,,8a14c7692800d706a66360f1c57de0e1142fc2bbd4112c9bf878ebdfb8f1e142,undefined FUN_180698b10(),ghidra,clean,
WHGame.dll,release_1_5_1164953_841,0x698b2c,1036,FUN_180698b2c,,,652895b195f879d603267584048b087f277dd918ae89f7246e5b99befa6b0197,undefined FUN_180698b2c(),ghidra,clean,
WHGame.dll,release_1_5_1164953_841,0x698f38,31,FUN_180698f38,,,72ab3edf7ed5550add6e62fcdba34242a6831836341dd0a71ec804ec2555be40,undefined FUN_180698f38(),ghidra,clean,
WHGame.dll,release_1_5_1164953_841,0x698f58,184,FUN_180698f58,,,c94300e78ca425f2cdd8fafb142439b10dd566e348342d9ddc604940d3631259,undefined FUN_180698f58(),ghidra,clean,
WHGame.dll,release_1_5_1164953_841,0x699010,122,FUN_180699010,,,3d4f76a793aef424c5bcdee0c53caef16a3aea67e35ff96becce1225a2f757a8,undefined FUN_180699010(),ghidra,clean,
WHGame.dll,release_1_5_1164953_841,0x69908c,86,FUN_18069908c,,,278b24c72afb1e92d0e3776b682ffc5828de0f1d623c1e78f0a91cab904e33e4,undefined FUN_18069908c(),ghidra,clean,
WHGame.dll,release_1_5_1164953_841,0x6990e4,188,FUN_1806990e4,,,c4a9010d867b48c0dd3b4e6f1c6d996db302dcfecec737ba85117e3bc9de352a,undefined FUN_1806990e4(),ghidra,clean,
WHGame.dll,release_1_5_1164953_841,0x6991a0,219,FUN_1806991a0,,,e7f6fd5388da37a5685ea750a1097b9e2dfc403b6b0a6e4b6cdc9075a0e03a1c,undefined FUN_1806991a0(),ghidra,clean,
WHGame.dll,release_1_5_1164953_841,0x69927c,11,FUN_18069927c,,,09586d3ea0573bd64d0fa6de51a2bfea11ca5e5098ddfd6dd4daca91cc6b7fe4,undefined FUN_18069927c(),ghidra,clean,
WHGame.dll,release_1_5_1164953_841,0x699288,29,FUN_180699288,,,83fd687bbf40d1e67dd3ab1a30ba6a0d01d130c3c4506bdefdaa6a25182850c5,undefined FUN_180699288(),ghidra,clean,
WHGame.dll,release_1_5_1164953_841,0x6992a8,38,FUN_1806992a8,,,1358c9d6532311d53a44e67caffdfd674a772a48a74f4ecf539c81fbf2be4771,undefined FUN_1806992a8(),ghidra,clean,
WHGame.dll,release_1_5_1164953_841,0x6992d0,94,FUN_1806992d0,,,b20537fe54e80113e818a8c430221b6df99dd97043791a3d97fdf920742795c2,undefined FUN_1806992d0(),ghidra,clean,
WHGame.dll,release_1_5_1164953_841,0x699330,33,FUN_180699330,,,de81449071c1997773d4881912b0044f11c78170e6e2fd0d015f595589cafb30,undefined FUN_180699330(),ghidra,clean,
WHGame.dll,release_1_5_1164953_841,0x699354,39,FUN_180699354,,,58e36ec2cdf5b1f7a0e40942335d56ff0fe396314ede78999bfbf6d3f7bfdbec,undefined FUN_180699354(),ghidra,clean,
WHGame.dll,release_1_5_1164953_841,0x69937c,13,FUN_18069937c,,,6a58313bc50117efc74a4e7cd5910020cd0e5a918a330ec6b1c447ce6b207ed6,undefined FUN_18069937c(),ghidra,clean,
WHGame.dll,release_1_5_1164953_841,0x69938c,154,FUN_18069938c,,,e56858d26ec82f992f20ace968d2012bba34f3881e90ad57a1e457d33f45debe,undefined FUN_18069938c(),ghidra,clean,
WHGame.dll,release_1_5_1164953_841,0x699430,18,FUN_180699430,,,064c016ab8cccc7900f1148772be962f2ed876755eee447d859d2bbbada4098a,undefined FUN_180699430(),ghidra,clean,
WHGame.dll,release_1_5_1164953_841,0x699444,49,FUN_180699444,,,6c45d898dd24b1f5100bdc71c7973f2c263431748fba754dbc595db976f9d657,undefined FUN_180699444(),ghidra,clean,
WHGame.dll,release_1_5_1164953_841,0x699478,23,FUN_180699478,,,4a2215c3e820937481093c41c3a2c4fdd1b034767afb06c5e8afd475b2e2dc6a,undefined FUN_180699478(),ghidra,clean,
WHGame.dll,release_1_5_1164953_841,0x699490,155,FUN_180699490,,,8fb7a2f496ae594e54bc94a766b8656295494b9d6a4f488ecb1679ca35d3ee86,undefined FUN_180699490(),ghidra,clean,
WHGame.dll,release_1_5_1164953_841,0x69952c,150,FUN_18069952c,,,a2b9242d293bf999d406c41d34dccf964644e2e5439ce1a1d08418da6ba9b764,undefined FUN_18069952c(),ghidra,clean,
WHGame.dll,release_1_5_1164953_841,0x6995c4,50,FUN_1806995c4,,,f6f2f7c52b61b89a8612fbf2ffa68157859c692e22f6a06fd17f455677e4aa0a,undefined FUN_1806995c4(),ghidra,clean,
WHGame.dll,release_1_5_1164953_841,0x6995f8,226,FUN_1806995f8,,,b55d992f9e95cf5535fe5fdd00b3feea95f9fb711e129bec6cef5a2bfc7e039d,undefined FUN_1806995f8(),ghidra,clean,
WHGame.dll,release_1_5_1164953_841,0x6996dc,66,FUN_1806996dc,,,82b1f67077cb43fa4df65a30b87694ab3c25de77fd24d64d5c1b7655131b012a,undefined FUN_1806996dc(),ghidra,clean,
WHGame.dll,release_1_5_1164953_841,0x699720,60,FUN_180699720,,,8c56e94ede81069e01c6c9331196eedb258b37ea7d03cb9fb3e7b007abfaff30,undefined FUN_180699720(),ghidra,clean,
WHGame.dll,release_1_5_1164953_841,0x69975c,59,FUN_18069975c,,,5f51307857002f1e2694d57a1b3bb989d40e8b353b44fca5b263138dd0c5a5d1,undefined FUN_18069975c(),ghidra,clean,
WHGame.dll,release_1_5_1164953_841,0x699798,208,FUN_180699798,,,7aa35334357c942510b2b2050e06dc1b95bd7edbd8116cc825fd85b2ae3db2df,undefined FUN_180699798(),ghidra,clean,
WHGame.dll,release_1_5_1164953_841,0x699868,37,FUN_180699868,,,7c2d279d66027efc62bbc13e55b50e708e1b68e67246a3e2ac6bbb36a758085c,undefined FUN_180699868(),ghidra,clean,
WHGame.dll,release_1_5_1164953_841,0x699890,486,FUN_180699890,,,bddfa3b9c9a28928b3979163d42c4384a16a10646bad6acba7189d0240295d22,undefined FUN_180699890(),ghidra,clean,
WHGame.dll,release_1_5_1164953_841,0x699a78,45,FUN_180699a78,,,22160d0e4d88894712b503d6a4e6df93adcf691d046eaff939ab7e444e938593,undefined FUN_180699a78(),ghidra,clean,
WHGame.dll,release_1_5_1164953_841,0x699aa8,37,FUN_180699aa8,,,a936cb2abb8666bd25c4e6e1383fd22dfcef0f46b42bf27961b60071aa743244,undefined FUN_180699aa8(),ghidra,clean,
WHGame.dll,release_1_5_1164953_841,0x699ad0,323,FUN_180699ad0,,,d3db5c4f0f466a20c5764dc34322fe6a04e250f9a76314f1311a1e706a73795d,undefined FUN_180699ad0(),ghidra,clean,
WHGame.dll,release_1_5_1164953_841,0x699c14,239,FUN_180699c14,,,2f167551db98376b4cd0bf8a40a543f2b2cc1b473b1763628e630f22ac088c02,undefined FUN_180699c14(),ghidra,clean,
WHGame.dll,release_1_5_1164953_841,0x699d04,653,FUN_180699d04,,,79920113b4ea00ed053e5667b69ca02db541502e40a1bca85feb0726dc4da259,undefined FUN_180699d04(),ghidra,clean,
WHGame.dll,release_1_5_1164953_841,0x699f94,370,FUN_180699f94,,,744739b717a5e1b9797bcdfdcfaee74f2f1c4f143b68bbab23b3ea5274dd9d7c,undefined FUN_180699f94(),ghidra,clean,
WHGame.dll,release_1_5_1164953_841,0x69a084,155,FUN_18069a084,,,79b4106bef643b37059116fbc687dd29160171569ad2930d15ef6d3059f0d2ef,undefined FUN_18069a084(),ghidra,clean,
WHGame.dll,release_1_5_1164953_841,0x69a120,85,FUN_18069a120,,,a9f6202e4487d787aafdb34f159dd2a4945bd07d9e11951c9329e03e355946b3,undefined FUN_18069a120(),ghidra,clean,
WHGame.dll,release_1_5_1164953_841,0x69a154,30,FUN_18069a154,,,3e05432b5ccf2156fb158f555b830e97c6eee59ae41b3ada6eac08db2e5625bf,undefined FUN_18069a154(),ghidra,clean,
WHGame.dll,release_1_5_1164953_841,0x69a174,204,FUN_18069a174,,,ef32ebe2eba6045a7bbac92d31642e9ac4f2301e51a1b382443c8774b20caa0f,undefined FUN_18069a174(),ghidra,clean,
WHGame.dll,release_1_5_1164953_841,0x69a240,449,FUN_18069a240,,,f93fb48d6c018376a2063e2373de5ed68943e247eeb7040973918c5e9e0910ec,undefined FUN_18069a240(),ghidra,clean,
WHGame.dll,release_1_5_1164953_841,0x69a404,204,FUN_18069a404,,,3bdced9fcc1bb7f2eb7983ab3b538da986fa33c4328a5552ec30a3a7f12c001a,undefined FUN_18069a404(),ghidra,clean,
WHGame.dll,release_1_5_1164953_841,0x69a4d0,204,FUN_18069a4d0,,,228aa931e01ceb44e0c30fdf438a01367cf3c7fbebf06f0716a39840e4cbe4f3,undefined FUN_18069a4d0(),ghidra,clean,
WHGame.dll,release_1_5_1164953_841,0x69a59c,204,FUN_18069a59c,,,e68fe9c3b68fafcf8768c0cc6e573043f71a7a92217e278728c7cfa1721a9c2b,undefined FUN_18069a59c(),ghidra,clean,
WHGame.dll,release_1_5_1164953_841,0x69a668,143,FUN_18069a668,,,3d1652175c06e90c8bcb4f077932916e542aebaecc1daa3c17b3cdd37bb7a290,undefined FUN_18069a668(),ghidra,clean,
WHGame.dll,release_1_5_1164953_841,0x69a6f8,170,FUN_18069a6f8,,,ba0f100247d23c209cdf75bea944334dba1095c02cfbe4325b21606ff2a21143,undefined FUN_18069a6f8(),ghidra,clean,
WHGame.dll,release_1_5_1164953_841,0x69a7a4,190,FUN_18069a7a4,,,b6a2e388134c0960d515133a1c164724238e966fd7234c378bd6e8d338f463f2,undefined FUN_18069a7a4(),ghidra,clean,
WHGame.dll,release_1_5_1164953_841,0x69a870,33,FUN_18069a870,,,89e3a8d5c4466f431d77c3e5eefad544c3d2a877410c6c48e18dbf3c5168f24b,undefined FUN_18069a870(),ghidra,clean,
WHGame.dll,release_1_5_1164953_841,0x69a894,180,FUN_18069a894,,,f1a8a516ab3d9c49445f6bea760071ea34a245c0ca44a110d1e149e6a1ae6330,undefined FUN_18069a894(),ghidra,clean,
WHGame.dll,release_1_5_1164953_841,0x69a948,190,FUN_18069a948,,,14501d0734f4244d7828998a6eccb0a0e52c0fa26454161df3f6ae34bab1c4f9,undefined FUN_18069a948(),ghidra,clean,
WHGame.dll,release_1_5_1164953_841,0x69aa08,180,FUN_18069aa08,,,a13378ab98f52665ee38c3989d35a69cfafd7b7eac9bb069861b08a64fafbf57,undefined FUN_18069aa08(),ghidra,clean,
WHGame.dll,release_1_5_1164953_841,0x69aabc,368,FUN_18069aabc,,,8175f5907bc7bccd9070617062945ab8ce7532f6c81b34a34987358652728e32,undefined FUN_18069aabc(),ghidra,clean,
WHGame.dll,release_1_5_1164953_841,0x69ac30,85,FUN_18069ac30,,,b3efdd0b95c48a97912048c018fd8b4ad4adfa0892c86f850182c1837f066c82,undefined FUN_18069ac30(),ghidra,clean,
WHGame.dll,release_1_5_1164953_841,0x69ac64,155,FUN_18069ac64,,,27aceb8638cf4acc27a364d626c1b817def7de9dff803874b4accae0d5158054,undefined FUN_18069ac64(),ghidra,clean,
WHGame.dll,release_1_5_1164953_841,0x69ad00,147,FUN_18069ad00,,,4579ecae2d9ed76f0e8cc47cd4e448376930a329ee909446b55435477c5fdd7e,undefined FUN_18069ad00(),ghidra,clean,
WHGame.dll,release_1_5_1164953_841,0x69ad94,85,FUN_18069ad94,,,c0a62608b02be7ef54c0623950efc1e490fd2382b24209ce0f9aee16bc7ddfed,undefined FUN_18069ad94(),ghidra,clean,
WHGame.dll,release_1_5_1164953_841,0x69adc8,155,FUN_18069adc8,,,c02669a19579d5d1c2b08384e631993c4cf7c26e64f5824b0aa18acd38a559ba,undefined FUN_18069adc8(),ghidra,clean,
WHGame.dll,release_1_5_1164953_841,0x69ae64,77,FUN_18069ae64,,,2985d371330d4dc1d644e0dc176fdcd7a5f335a55f6e53439d6ed10418f0359f,undefined FUN_18069ae64(),ghidra,clean,
WHGame.dll,release_1_5_1164953_841,0x69aeb4,383,FUN_18069aeb4,,,42fdfdbb69b93c877df421c2676af3f5299d9b92a074f7d9a35309cca8d846de,undefined FUN_18069aeb4(),ghidra,clean,
WHGame.dll,release_1_5_1164953_841,0x69b034,98,FUN_18069b034,,,c5c797f59257c91662ae924ff102dea0fe880349033aea46af2aff28b4037ad5,undefined FUN_18069b034(),ghidra,clean,
WHGame.dll,release_1_5_1164953_841,0x69b098,105,FUN_18069b098,,,e71e2c7bf54f4a62c7d7a874072ebd7a0f8aeedf9abe11f4a8d1b49e9653bb58,undefined FUN_18069b098(),ghidra,clean,
WHGame.dll,release_1_5_1164953_841,0x69b11c,167,FUN_18069b11c,,,a896bfc8d337a99845f72e6331fa10d7e39a45698c8f38ef1ea71811c66674a3,undefined FUN_18069b11c(),ghidra,clean,
WHGame.dll,release_1_5_1164953_841,0x69b1c4,30,FUN_18069b1c4,,,4bfc8cf9fdcb28974aebd4f05b119a6fac37cfaa0548fc321d1234f8c98874d7,undefined FUN_18069b1c4(),ghidra,clean,
WHGame.dll,release_1_5_1164953_841,0x69b1e4,155,FUN_18069b1e4,,,256697d74a076cda38da6f1bef3cb5e6f399c45167035fd3684f730892c395b4,undefined FUN_18069b1e4(),ghidra,clean,
WHGame.dll,release_1_5_1164953_841,0x69b280,211,FUN_18069b280,,,b63d4b50cd365c6e31eae60d50fa6806c1338252c844ce72cb2a3043929ae51f,undefined FUN_18069b280(),ghidra,clean,
WHGame.dll,release_1_5_1164953_841,0x69b354,94,FUN_18069b354,,,e13bff8f66865232bdac7060e1cf88bf795118b3bdd3434bd2770714c4519d55,undefined FUN_18069b354(),ghidra,clean,
WHGame.dll,release_1_5_1164953_841,0x69b3b4,937,FUN_18069b3b4,,,8fff3b1a7fdd6e18fd28768e3788f1134d4d6f5a6eef9363148b7dac3fcfd9d3,undefined FUN_18069b3b4(),ghidra,clean,
WHGame.dll,release_1_5_1164953_841,0x69b760,105,FUN_18069b760,,,fcfb34ec33fd870a244b837f7ac630fd196f5e64ef1394076c3afcecac6fcdc2,undefined FUN_18069b760(),ghidra,clean,
WHGame.dll,release_1_5_1164953_841,0x69b798,26,FUN_18069b798,,,819234953c91d716a341edb10dcca2267107efa13f78881bbca64f4a7a11eeca,undefined FUN_18069b798(),ghidra,clean,
WHGame.dll,release_1_5_1164953_841,0x69b7b4,155,FUN_18069b7b4,,,4d0c7e1bf747f8d9da0dde0005cc7f4bb206f154a33ca1c69f26e9d314e873ae,undefined FUN_18069b7b4(),ghidra,clean,
WHGame.dll,release_1_5_1164953_841,0x69b850,63,FUN_18069b850,,,28835247e13aafeaffe56ad78dd9f42201b2cd3b301b0a9e884b788d2fbbbbf6,undefined FUN_18069b850(),ghidra,clean,
WHGame.dll,release_1_5_1164953_841,0x69b890,26,FUN_18069b890,,,819234953c91d716a341edb10dcca2267107efa13f78881bbca64f4a7a11eeca,undefined FUN_18069b890(),ghidra,clean,
WHGame.dll,release_1_5_1164953_841,0x69b8ac,155,FUN_18069b8ac,,,445eed266222d4fa8fc77f13836cd9fed7562058cfa3b7196bbbd3d2a69f3265,undefined FUN_18069b8ac(),ghidra,clean,
WHGame.dll,release_1_5_1164953_841,0x69b948,26,FUN_18069b948,,,819234953c91d716a341edb10dcca2267107efa13f78881bbca64f4a7a11eeca,undefined FUN_18069b948(),ghidra,clean,
WHGame.dll,release_1_5_1164953_841,0x69b964,155,FUN_18069b964,,,b386ab87f1f7a97f08758791111481d161ce6ebbbf5d79b08ea095913062e006,undefined FUN_18069b964(),ghidra,clean,
WHGame.dll,release_1_5_1164953_841,0x69ba00,26,FUN_18069ba00,,,35779cc20f497d6d7305d4c289072fdac31e05496cf08e4da045fc25aa57c5f1,undefined FUN_18069ba00(),ghidra,clean,
WHGame.dll,release_1_5_1164953_841,0x69ba1c,155,FUN_18069ba1c,,,96d6449819dc24c439b627d20ef91315b3b98ee2a3de2c68055c5e555f35a5af,undefined FUN_18069ba1c(),ghidra,clean,
WHGame.dll,release_1_5_1164953_841,0x69bab8,61,FUN_18069bab8,,,f00d7199a55f7c922807cab80ac2e46cade6293bd831d1beee34b47c1eaf085d,undefined FUN_18069bab8(),ghidra,clean,
WHGame.dll,release_1_5_1164953_841,0x69baf8,30,FUN_18069baf8,,,e5bac2c540fb784888d4ed0cf9b30e750b093c6991d2b09c20c280325c050d39,undefined FUN_18069baf8(),ghidra,clean,
WHGame.dll,release_1_5_1164953_841,0x69bb18,26,FUN_18069bb18,,,819234953c91d716a341edb10dcca2267107efa13f78881bbca64f4a7a11eeca,undefined FUN_18069bb18(),ghidra,clean,
WHGame.dll,release_1_5_1164953_841,0x69bb34,155,FUN_18069bb34,,,39e97dfad828a5577a4a22c862511b997e76f5a00d7dc37b170f734d0d95fc7d,undefined FUN_18069bb34(),ghidra,clean,
WHGame.dll,release_1_5_1164953_841,0x69bbd0,26,FUN_18069bbd0,,,cdb5ec7c2a744fd3985e5cb3e3f67d903e5d43c5f7cafb650b3d9d4d91676b58,undefined FUN_18069bbd0(),ghidra,clean,
WHGame.dll,release_1_5_1164953_841,0x69bbec,85,FUN_18069bbec,,,3930fb21accea0224684ce343e4a2c6afbd6faf574db99e589b05eae091da404,undefined FUN_18069bbec(),ghidra,clean,
WHGame.dll,release_1_5_1164953_841,0x69bc44,105,FUN_18069bc44,,,926739909e51d1cd7f95d596bca4a3801489e565faa54f2fee7e90d51ff2117b,undefined FUN_18069bc44(),ghidra,clean,
WHGame.dll,release_1_5_1164953_841,0x69bc7c,23,FUN_18069bc7c,,,4a2215c3e820937481093c41c3a2c4fdd1b034767afb06c5e8afd475b2e2dc6a,undefined FUN_18069bc7c(),ghidra,clean,
WHGame.dll,release_1_5_1164953_841,0x69bc94,155,FUN_18069bc94,,,0489e90dbcdc8ab9df4a2f1c74460374fa25d1f0d73ebb4a90cf9cd7cba6a85e,undefined FUN_18069bc94(),ghidra,clean,
WHGame.dll,release_1_5_1164953_841,0x69bd30,26,FUN_18069bd30,,,047ef4a66a6c18029a84b3d3b933bee28a692946394fd7dfa4b40e97f3726014,undefined FUN_18069bd30(),ghidra,clean,
WHGame.dll,release_1_5_1164953_841,0x69bd4c,26,FUN_18069bd4c,,,819234953c91d716a341edb10dcca2267107efa13f78881bbca64f4a7a11eeca,undefined FUN_18069bd4c(),ghidra,clean,
WHGame.dll,release_1_5_1164953_841,0x69bd68,155,FUN_18069bd68,,,3d5be294e84271c6dd243054bf7fb12cafbff1e65a3b7fc98b5d5e69494b47b5,undefined FUN_18069bd68(),ghidra,clean,
WHGame.dll,release_1_5_1164953_841,0x69be04,26,FUN_18069be04,,,819234953c91d716a341edb10dcca2267107efa13f78881bbca64f4a7a11eeca,undefined FUN_18069be04(),ghidra,clean,
WHGame.dll,release_1_5_1164953_841,0x69be20,155,FUN_18069be20,,,3e80cd595a41982a092a5590a8384bc545d46e6be29673067d6e309ef3cce747,undefined FUN_18069be20(),ghidra,clean,
WHGame.dll,release_1_5_1164953_841,0x69bebc,26,FUN_18069bebc,,,819234953c91d716a341edb10dcca2267107efa13f78881bbca64f4a7a11eeca,undefined FUN_18069bebc(),ghidra,clean,
WHGame.dll,release_1_5_1164953_841,0x69bed8,155,FUN_18069bed8,,,e874118d762350dd808b5227d68baceb2c754a9b20585e21a2abf0357cd3cfcc,undefined FUN_18069bed8(),ghidra,clean,
WHGame.dll,release_1_5_1164953_841,0x69bf74,106,FUN_18069bf74,,,7bfd83e4d0a1a8c8fd8b126885a29026779080ec03aae031e0b700c7a1cb37f6,undefined FUN_18069bf74(),ghidra,clean,
WHGame.dll,release_1_5_1164953_841,0x69bfac,96,FUN_18069bfac,,,2a62124efd4998e4129242d3a5e0e645ce581d9c8a8818364c5006a0a34c01d0,undefined FUN_18069bfac(),ghidra,clean,
WHGame.dll,release_1_5_1164953_841,0x69c00c,85,FUN_18069c00c,,,20b290c9f3a4aa7c3145e89136648ef51184b4e003cba917d28a9b23a5ef1317,undefined FUN_18069c00c(),ghidra,clean,
WHGame.dll,release_1_5_1164953_841,0x69c040,30,FUN_18069c040,,,de5753ec158c683f146f399b9078a7a5d39b0342f6cd4695226df5a05a6ab31b,undefined FUN_18069c040(),ghidra,clean,
WHGame.dll,release_1_5_1164953_841,0x69c060,23,FUN_18069c060,,,4a2215c3e820937481093c41c3a2c4fdd1b034767afb06c5e8afd475b2e2dc6a,undefined FUN_18069c060(),ghidra,clean,
WHGame.dll,release_1_5_1164953_841,0x69c078,155,FUN_18069c078,,,f413345b1bb1d1d43299cb2c4052c446d27cabd2d13005e539cd7dfdf760e5d4,undefined FUN_18069c078(),ghidra,clean,
WHGame.dll,release_1_5_1164953_841,0x69c114,180,FUN_18069c114,,,13071cb0e485de467be862122b473e58b381ee39501bf10fb3877185446fa771,undefined FUN_18069c114(),ghidra,clean,
WHGame.dll,release_1_5_1164953_841,0x69c1c8,30,FUN_18069c1c8,,,614c0f401eac87d20a72d34f0afeef0c0ec7713c92859cd3b977cd27e96a5634,undefined FUN_18069c1c8(),ghidra,clean,
WHGame.dll,release_1_5_1164953_841,0x69c1e8,30,FUN_18069c1e8,,,cd45ffbf26d22c6aa426a2959395d95f37b89a71b8aa04f93e6a27cef6282611,undefined FUN_18069c1e8(),ghidra,clean,
WHGame.dll,release_1_5_1164953_841,0x69c208,30,FUN_18069c208,,,2dc236d5033a3ffd18850980f672e9a89fcefd7582caf10137f4bf56cd64e9ad,undefined FUN_18069c208(),ghidra,clean,
WHGame.dll,release_1_5_1164953_841,0x69c228,338,FUN_18069c228,,,8a3de5dcc0a3191aba9c83de5c39081de21d3659ed82f4f4cc43ec018e585e5e,undefined FUN_18069c228(),ghidra,clean,
WHGame.dll,release_1_5_1164953_841,0x69c32c,155,FUN_18069c32c,,,c74e5bd259e0ac7d83d391f56a4ddadd62bf031812449ee9be54045e20fd8699,undefined FUN_18069c32c(),ghidra,clean,
WHGame.dll,release_1_5_1164953_841,0x69c3c8,241,FUN_18069c3c8,,,5d23ae35dbc9cb66625f73a01b4c13a91e352fc01707e1acd8017ad2978bf2b7,undefined FUN_18069c3c8(),ghidra,clean,
WHGame.dll,release_1_5_1164953_841,0x69c47c,839,FUN_18069c47c,,,86cac3c38223257c9de316ef64e07b9f00938c54282be87689cad4c2a83ae149,undefined FUN_18069c47c(),ghidra,clean,
WHGame.dll,release_1_5_1164953_841,0x69c7c4,844,FUN_18069c7c4,,,4a5b0fd0ce5b62122bd05d0c8c878644d2abceb00c5ae5ed309e4197f106b084,undefined FUN_18069c7c4(),ghidra,clean,
WHGame.dll,release_1_5_1164953_841,0x69c894,724,FUN_18069c894,,,4d2bd2b7eeec8c6493ab9a760768ddd19dbc45e319b7ba5dfeb96a3860a5f513,undefined FUN_18069c894(),ghidra,clean,
WHGame.dll,release_1_5_1164953_841,0x69c968,655,FUN_18069c968,,,479ed4f15f3836ce3f2defb18613f49b60535f63c63810eab6d9f72a2e48fa1c,undefined FUN_18069c968(),ghidra,clean,
WHGame.dll,release_1_5_1164953_841,0x69cbf8,98,FUN_18069cbf8,,,ec5ae53b98b09df7106c16c3410c735bb85520c29ba41bb8cd662c92c983a235,undefined FUN_18069cbf8(),ghidra,clean,
WHGame.dll,release_1_5_1164953_841,0x69cc4c,139,FUN_18069cc4c,,,2df0a4d13e1f9db68927e0efc42663db3b62078cbfe26f438ef80ae50fd1eba9,undefined FUN_18069cc4c(),ghidra,clean,
WHGame.dll,release_1_5_1164953_841,0x69ccb4,23,FUN_18069ccb4,,,5a253613ae2c8c15dc10fa4cd8a1ac5c117dd9cd21cd905320c7ac6dc8f2b3c9,undefined FUN_18069ccb4(),ghidra,clean,
WHGame.dll,release_1_5_1164953_841,0x69cccc,155,FUN_18069cccc,,,2bae70ef29f4d9c6f08471ede84a410d586dbed50deac01f70a942ec654441e0,undefined FUN_18069cccc(),ghidra,clean,
WHGame.dll,release_1_5_1164953_841,0x69cd68,155,FUN_18069cd68,,,8a32dd9a4d05166b6ffdec1b519add248a42bc477b4d26c8745a38ae90b63067,undefined FUN_18069cd68(),ghidra,clean,
WHGame.dll,release_1_5_1164953_841,0x69ce04,155,FUN_18069ce04,,,8e6d791fe06c213c2d0222efb434ca27b7545fae57e94811cff261b769927b90,undefined FUN_18069ce04(),ghidra,clean,
WHGame.dll,release_1_5_1164953_841,0x69cea0,155,FUN_18069cea0,,,48164c5862e98c3f5ffa4b4918205107238ae19680656f6f7b466801a0e18784,undefined FUN_18069cea0(),ghidra,clean,
WHGame.dll,release_1_5_1164953_841,0x69cf40,17,FUN_18069cf40,,,c51cc7f66fbac77ad95c9bde15402d3eaee0b3a955886451414aa80fae1e6a25,undefined FUN_18069cf40(),ghidra,clean,
WHGame.dll,release_1_5_1164953_841,0x69cf54,57,FUN_18069cf54,,,ea1fc2498801089c08d8f64e8ead5ddd48fb22e89143708ed7a054f753321bf5,undefined FUN_18069cf54(),ghidra,clean,
WHGame.dll,release_1_5_1164953_841,0x69cf90,71,FUN_18069cf90,,,7db7a50741a36c837869733f7be4db9c9ed4a305a9f37a978941841a477a2898,undefined FUN_18069cf90(),ghidra,clean,
WHGame.dll,release_1_5_1164953_841,0x69cfd8,180,FUN_18069cfd8,,,05850ac30c4d48d219c97681e1f1999ad702104efa067b5d4748d64ff419dc4b,undefined FUN_18069cfd8(),ghidra,clean,
WHGame.dll,release_1_5_1164953_841,0x69d08c,180,FUN_18069d08c,,,e311dbd28423ac6805d7da8a5cddee3cf8fe8637d30c0fc8767d1df5c2177883,undefined FUN_18069d08c(),ghidra,clean,
WHGame.dll,release_1_5_1164953_841,0x69d140,180,FUN_18069d140,,,9ecce3cbca2470bad48f36a134ac32b340b92ebe92c20b01cb0c31b852b275cc,undefined FUN_18069d140(),ghidra,clean,
WHGame.dll,release_1_5_1164953_841,0x69d1f4,292,FUN_18069d1f4,,,cddd7056cb69bba4acb592c57b2187d3274e3a777e65a43a4acc9e75737c7418,undefined FUN_18069d1f4(),ghidra,clean,
WHGame.dll,release_1_5_1164953_841,0x69d318,41,FUN_18069d318,,,db991c567e884b744d48b74ed3031cfb722aaf8103132d7c65376a5c012ab76e,undefined FUN_18069d318(),ghidra,clean,
WHGame.dll,release_1_5_1164953_841,0x69d344,116,FUN_18069d344,,,c920d3844fed44f1d0c5e77c4c6ca40c10774ef6bcbd3d601bb66dc48a77e06b,undefined FUN_18069d344(),ghidra,clean,
WHGame.dll,release_1_5_1164953_841,0x69d3b8,83,FUN_18069d3b8,,,66148a1591f1df78f3fe94333940a8e37f000846ac36d3f0f21f6b967227970e,undefined FUN_18069d3b8(),ghidra,clean,
WHGame.dll,release_1_5_1164953_841,0x69d40c,196,FUN_18069d40c,,,afdef1b1d6697e5d1999079d1f7a9c2110b64ea6bbc4a00671839c98fad1b1cd,undefined FUN_18069d40c(),ghidra,clean,
WHGame.dll,release_1_5_1164953_841,0x69d4d0,257,FUN_18069d4d0,,,fd0e96d198d90d731ed41866ecf73cd930f916c974f1a3856c9c9362fc150026,undefined FUN_18069d4d0(),ghidra,clean,
WHGame.dll,release_1_5_1164953_841,0x69d5d4,333,FUN_18069d5d4,,,325c26fb429006e07f1604544df90c958ca30622d60cf394d0189735580203a3,undefined FUN_18069d5d4(),ghidra,clean,
WHGame.dll,release_1_5_1164953_841,0x69d6c0,8,FUN_18069d6c0,,,d584cb1a2afef309eb33a9b90753d6c9a99b0c481366318ccddcba175a3b8c54,undefined FUN_18069d6c0(),ghidra,clean,
WHGame.dll,release_1_5_1164953_841,0x69d6d0,155,FUN_18069d6d0,,,3312fbd9a70b60322038e36ab0c795dd9c2cfdb4cadf1d0fc9f131311febb66c,undefined FUN_18069d6d0(),ghidra,clean,
WHGame.dll,release_1_5_1164953_841,0x69d76c,23,FUN_18069d76c,,,4a2215c3e820937481093c41c3a2c4fdd1b034767afb06c5e8afd475b2e2dc6a,undefined FUN_18069d76c(),ghidra,clean,
WHGame.dll,release_1_5_1164953_841,0x69d784,155,FUN_18069d784,,,b552a65ee55473b1dbf3a06f037ab47de4728baa7ce078c68791d6cdd9ee0c4c,undefined FUN_18069d784(),ghidra,clean,
WHGame.dll,release_1_5_1164953_841,0x69d820,155,FUN_18069d820,,,9ed8801c2a6b5adbb29f76029faa08eb6a775ff52d684044f00f9f6d130c89a6,undefined FUN_18069d820(),ghidra,clean,
WHGame.dll,release_1_5_1164953_841,0x69d8bc,467,FUN_18069d8bc,,,fc00b9b69991f041736e1314630781ef7df88f5d15cb0f778f83c42a31fe71a2,undefined FUN_18069d8bc(),ghidra,clean,
WHGame.dll,release_1_5_1164953_841,0x69d9cc,23,FUN_18069d9cc,,,5a253613ae2c8c15dc10fa4cd8a1ac5c117dd9cd21cd905320c7ac6dc8f2b3c9,undefined FUN_18069d9cc(),ghidra,clean,
WHGame.dll,release_1_5_1164953_841,0x69d9e4,155,FUN_18069d9e4,,,18137dcd8c85b6e049279557ea9aba1a4dc2c08e8893a83e7d1be174f0f8309c,undefined FUN_18069d9e4(),ghidra,clean,
WHGame.dll,release_1_5_1164953_841,0x69da80,155,FUN_18069da80,,,0ceb4471d0c617e86cdd417e5193d1ac6214a25be8fe4c8352a246dbc0d851b9,undefined FUN_18069da80(),ghidra,clean,
WHGame.dll,release_1_5_1164953_841,0x69db1c,270,FUN_18069db1c,,,a4fd30cd7ee28ed5e127786ba38f8f497a5a1631da826df3d6dca6f63aa38ded,undefined FUN_18069db1c(),ghidra,clean,
WHGame.dll,release_1_5_1164953_841,0x69dc2c,369,FUN_18069dc2c,,,9eb9936df43b54748ade5addf5ffb9baaf0b440fe18f6ae9d476ca055b2c647b,undefined FUN_18069dc2c(),ghidra,clean,
WHGame.dll,release_1_5_1164953_841,0x69dda0,928,FUN_18069dda0,,,975171333d271533469aca871d14f3e77463bf5769f8a3ef9fd97b8ebc48f6aa,undefined FUN_18069dda0(),ghidra,clean,
WHGame.dll,release_1_5_1164953_841,0x69e140,155,FUN_18069e140,,,4272a7144775cf8df2c7130007da54cb072b09123565bce3aa3ca54bfe9a364a,undefined FUN_18069e140(),ghidra,clean,
WHGame.dll,release_1_5_1164953_841,0x69e1dc,23,FUN_18069e1dc,,,720a0a138dccc7c5917d01f723a155ba61b52ee77cb073a12e07c44058aee808,undefined FUN_18069e1dc(),ghidra,clean,
WHGame.dll,release_1_5_1164953_841,0x69e1f4,23,FUN_18069e1f4,,,5a253613ae2c8c15dc10fa4cd8a1ac5c117dd9cd21cd905320c7ac6dc8f2b3c9,undefined FUN_18069e1f4(),ghidra,clean,
WHGame.dll,release_1_5_1164953_841,0x69e20c,155,FUN_18069e20c,,,96948f637c08f78efa030bf46baeaf3a769103f76995ceb463618fa55f8d1494,undefined FUN_18069e20c(),ghidra,clean,
WHGame.dll,release_1_5_1164953_841,0x69e2a8,155,FUN_18069e2a8,,,0c56619fcd0a0c58ea36adf6199cbd273e693348a42048bf91f908da98d3d317,undefined FUN_18069e2a8(),ghidra,clean,
WHGame.dll,release_1_5_1164953_841,0x69e344,349,FUN_18069e344,,,62159b7b8658a47684e3792ffe383b7b205cdec8a41f801df0c31aaf44f61d58,undefined FUN_18069e344(),ghidra,clean,
WHGame.dll,release_1_5_1164953_841,0x69e490,37,FUN_18069e490,,,5ef302e486c316755f7016a50082dc1e6897534693d38028a7d19f70766afd90,undefined FUN_18069e490(),ghidra,clean,
WHGame.dll,release_1_5_1164953_841,0x69e4b8,71,FUN_18069e4b8,,,9551ae487c954e6754d8167f3a4bd344a7bef11be81b46ceda01433e6365c1d6,undefined FUN_18069e4b8(),ghidra,clean,
WHGame.dll,release_1_5_1164953_841,0x69e500,63,FUN_18069e500,,,95a3e4c4c44806600c3972190f65e27477876f494ed41ec095629987dabd3c5f,undefined FUN_18069e500(),ghidra,clean,
WHGame.dll,release_1_5_1164953_841,0x69e540,157,FUN_18069e540,,,fcc7c364581a7fddae15dd4f006d1a3e91e13b559cd11f794e5f54820386d252,undefined FUN_18069e540(),ghidra,clean,
WHGame.dll,release_1_5_1164953_841,0x69e5b4,155,FUN_18069e5b4,,,7daa312efeca8c2a89f3d7ebeebf1aa6c9c700d47d3a7860f2927169af429fb9,undefined FUN_18069e5b4(),ghidra,clean,
WHGame.dll,release_1_5_1164953_841,0x69e650,64,FUN_18069e650,,,71401cd4f5c6b4514b8bcc7efa54a89487dc744ee011f95c2668fa397f15c18e,undefined FUN_18069e650(),ghidra,clean,
WHGame.dll,release_1_5_1164953_841,0x69e690,355,FUN_18069e690,,,693611355ffde177a696a530dbf0c73511fbf7206c2785d3f1cf6ce0981dfec0,undefined FUN_18069e690(),ghidra,clean,
WHGame.dll,release_1_5_1164953_841,0x69e764,155,FUN_18069e764,,,6b70b118469b49bcac9657c836fdaf2f16f02108c5e844f8deee1b5da8455d26,undefined FUN_18069e764(),ghidra,clean,
WHGame.dll,release_1_5_1164953_841,0x69e800,26,FUN_18069e800,,,5240a65691d54153226f4055da122012426cd008e7bc1fa61e89c8c88130b65b,undefined FUN_18069e800(),ghidra,clean,
WHGame.dll,release_1_5_1164953_841,0x69e81c,490,FUN_18069e81c,,,1f58cfffb3d6b6195069a90d9c467c0f5b4a759cae4b880bc30b2cfa8cd48034,undefined FUN_18069e81c(),ghidra,clean,
WHGame.dll,release_1_5_1164953_841,0x69ea08,155,FUN_18069ea08,,,47ae2b469089f83afd73d1c3e6bdc0f78c75c2b033221bf876144363782551df,undefined FUN_18069ea08(),ghidra,clean,
WHGame.dll,release_1_5_1164953_841,0x69eaa4,122,FUN_18069eaa4,,,b06ebd8e81f939cfb9329722233e0ae81daf28c3d663066385312cdf117026f7,undefined FUN_18069eaa4(),ghidra,clean,
WHGame.dll,release_1_5_1164953_841,0x69eb20,125,FUN_18069eb20,,,2c30714b15ea33c95ad3d62707886c63684d4b62a83537a78b97ba41ecbdce86,undefined FUN_18069eb20(),ghidra,clean,
WHGame.dll,release_1_5_1164953_841,0x69eb80,30,FUN_18069eb80,,,a58ecf7694e7473de765341b28f59b01010424cc166f3f7db3f9b3debe5ff6cc,undefined FUN_18069eb80(),ghidra,clean,
WHGame.dll,release_1_5_1164953_841,0x69eba0,155,FUN_18069eba0,,,45c96cd0552c57e6abd38998a38a240798697f7bd83a05a32ad535178053c3b4,undefined FUN_18069eba0(),ghidra,clean,
WHGame.dll,release_1_5_1164953_841,0x69ec3c,169,FUN_18069ec3c,,,8a29485064194ef0222667bfcd5881f3d5a8c1241da3d4c24edd8698c1efe465,undefined FUN_18069ec3c(),ghidra,clean,
WHGame.dll,release_1_5_1164953_841,0x69ece8,791,FUN_18069ece8,,,6140e6910d3e9bf9ed8d8b215a1f097ffd6b4e20c4b7843e12f5391b61e048bc,undefined FUN_18069ece8(),ghidra,clean,
WHGame.dll,release_1_5_1164953_841,0x69ede8,738,FUN_18069ede8,,,d4b8bac888cc80311f2f82baca610be7ccb530dbb6b08cef9a1de0fb56e1ee88,undefined FUN_18069ede8(),ghidra,clean,
WHGame.dll,release_1_5_1164953_841,0x69eea8,155,FUN_18069eea8,,,c7a58064e51cd8e455947f206cf543d99a2ce652d5120b7e116922f0432e3b8a,undefined FUN_18069eea8(),ghidra,clean,
WHGame.dll,release_1_5_1164953_841,0x69ef44,29,FUN_18069ef44,,,3e98912b97dd458d65e855efdf754940b6019256f1a75ec88809ef9ce96b8a35,undefined FUN_18069ef44(),ghidra,clean,
WHGame.dll,release_1_5_1164953_841,0x69ef64,974,FUN_18069ef64,,,69c5d0c71b05d885b2857fca130cba2805fae827ab88b40ccdb71f1c3eb2bb7e,undefined FUN_18069ef64(),ghidra,clean,
WHGame.dll,release_1_5_1164953_841,0x69f334,43,FUN_18069f334,,,2b69540bb4a343aa9348f9f8895105ee4f420f261cecba1d387d8963a1d486e1,undefined FUN_18069f334(),ghidra,clean,
WHGame.dll,release_1_5_1164953_841,0x69f360,500,FUN_18069f360,,,4d91866bf807bc637923bd506edfaf9327a3d89111514bfdbd79d16dab4562e7,undefined FUN_18069f360(),ghidra,clean,
WHGame.dll,release_1_5_1164953_841,0x69f473,7,FUN_18069f473,,,5b931b3b8931375bde55ca28e6b83f4dc4ec12e6bcf4085fd76e42809c662b21,undefined FUN_18069f473(),ghidra,clean,
WHGame.dll,release_1_5_1164953_841,0x69f47c,155,FUN_18069f47c,,,b41692c4d0cb95475d617d75c4cd50158e02214529947fabda6cc728214abf1c,undefined FUN_18069f47c(),ghidra,clean,
WHGame.dll,release_1_5_1164953_841,0x69f518,123,FUN_18069f518,,,6a342ac24b4593b394370844957c925b295132ff769b1bde9c2ba2a482764991,undefined FUN_18069f518(),ghidra,clean,
WHGame.dll,release_1_5_1164953_841,0x69f568,500,FUN_18069f568,,,0a9019a06f7e82b3c2f8bfb852f4a60396d3dfaab97dc8567b746ef2bd20f5fc,undefined FUN_18069f568(),ghidra,clean,
WHGame.dll,release_1_5_1164953_841,0x69f67b,7,FUN_18069f67b,,,5b931b3b8931375bde55ca28e6b83f4dc4ec12e6bcf4085fd76e42809c662b21,undefined FUN_18069f67b(),ghidra,clean,
WHGame.dll,release_1_5_1164953_841,0x69f684,155,FUN_18069f684,,,6af330f2562f33db61453d585cc053931e0a1776d6d5bf7173ef5a5e19416bbf,undefined FUN_18069f684(),ghidra,clean,
WHGame.dll,release_1_5_1164953_841,0x69f720,1011,FUN_18069f720,,,34e113d635d69676a5505c3f1f636b898f5b49e78bdb7981bac366bda4859c32,undefined FUN_18069f720(),ghidra,clean,
WHGame.dll,release_1_5_1164953_841,0x69fb14,23,FUN_18069fb14,,,4a2215c3e820937481093c41c3a2c4fdd1b034767afb06c5e8afd475b2e2dc6a,undefined FUN_18069fb14(),ghidra,clean,
WHGame.dll,release_1_5_1164953_841,0x69fb2c,155,FUN_18069fb2c,,,06a9b1f86d317727ba1cd955af2eb7793b5c59e85c016433af382e3c5c5a20a8,undefined FUN_18069fb2c(),ghidra,clean,
WHGame.dll,release_1_5_1164953_841,0x69fbc8,23,FUN_18069fbc8,,,720a0a138dccc7c5917d01f723a155ba61b52ee77cb073a12e07c44058aee808,undefined FUN_18069fbc8(),ghidra,clean,
WHGame.dll,release_1_5_1164953_841,0x69fbe0,23,FUN_18069fbe0,,,5a253613ae2c8c15dc10fa4cd8a1ac5c117dd9cd21cd905320c7ac6dc8f2b3c9,undefined FUN_18069fbe0(),ghidra,clean,
WHGame.dll,release_1_5_1164953_841,0x69fbf8,155,FUN_18069fbf8,,,aaed9f087a4362da15586622466841e4d6c295ae89137ed931db3fad784ce2ad,undefined FUN_18069fbf8(),ghidra,clean,
WHGame.dll,release_1_5_1164953_841,0x69fc94,155,FUN_18069fc94,,,52b1c42db6cab4ea4e6890580442a7e9f7ef84fce897635a339fd1687ae8dfb6,undefined FUN_18069fc94(),ghidra,clean,
WHGame.dll,release_1_5_1164953_841,0x69fd30,23,FUN_18069fd30,,,83687580d2a57c5349d0518a1e32ce440f476fbbb022c6e20ccb13c312833e00,undefined FUN_18069fd30(),ghidra,clean,
WHGame.dll,release_1_5_1164953_841,0x69fd48,23,FUN_18069fd48,,,4a2215c3e820937481093c41c3a2c4fdd1b034767afb06c5e8afd475b2e2dc6a,undefined FUN_18069fd48(),ghidra,clean,
WHGame.dll,release_1_5_1164953_841,0x69fd60,155,FUN_18069fd60,,,9896f77d3383c2dd080784b4452c08d22b7545022b73b2c865eb7f37c9886158,undefined FUN_18069fd60(),ghidra,clean,
WHGame.dll,release_1_5_1164953_841,0x69fdfc,119,FUN_18069fdfc,,,cff3fb2ee0fc3e8c244a87dde101f0646e7c5133951e10d3c67c417bb60433b4,undefined FUN_18069fdfc(),ghidra,clean,
WHGame.dll,release_1_5_1164953_841,0x69fe4c,119,FUN_18069fe4c,,,31a06689cafd2011e8c3e6f4352e70f70fc2b32f501e4c72c6fd63b1cb342f25,undefined FUN_18069fe4c(),ghidra,clean,
WHGame.dll,release_1_5_1164953_841,0x69fe9c,475,FUN_18069fe9c,,,0950776290f8da5eea844660b83a3f149e9176d3261c94e150040591ca07809c,undefined FUN_18069fe9c(),ghidra,clean,
WHGame.dll,release_1_5_1164953_841,0x69ffb4,155,FUN_18069ffb4,,,41e5aa910d56899dd3fa5be926c6c0cf06c3c0f9ee8b273b4f519633a729bc38,undefined FUN_18069ffb4(),ghidra,clean,
WHGame.dll,release_1_5_1164953_841,0x6a0050,1162,FUN_1806a0050,,,0a1a9400ae60164c5bfb490e4622495c9a685af21ae3a5339d409a3328238dee,undefined FUN_1806a0050(),ghidra,clean,
WHGame.dll,release_1_5_1164953_841,0x6a04dc,155,FUN_1806a04dc,,,26599331fa1de9a2c3bfb4cae3fa3d735dd994631d6dcab97ffcdde5bab22b42,undefined FUN_1806a04dc(),ghidra,clean,
WHGame.dll,release_1_5_1164953_841,0x6a0578,155,FUN_1806a0578,,,091b513357ae89850e178fa45696ac7be8025d7e827c9e855c801a1af781d6d5,undefined FUN_1806a0578(),ghidra,clean,
WHGame.dll,release_1_5_1164953_841,0x6a0614,30,FUN_1806a0614,,,b4c7a02f6fa490fb442c323bd4845c9bd4a6640fcafe913c344fe1030c74e566,undefined FUN_1806a0614(),ghidra,clean,
WHGame.dll,release_1_5_1164953_841,0x6a0634,672,FUN_1806a0634,,,89dc2fc300ac0b64c97e150297a05807c623fff120181f58bf13aa37965232b0,undefined FUN_1806a0634(),ghidra,clean,
WHGame.dll,release_1_5_1164953_841,0x6a08d4,78,FUN_1806a08d4,,,5fce1f568d9fe272e1d2fccd52fe16d40c556a2ebf72901812fe2f441776b94a,undefined FUN_1806a08d4(),ghidra,clean,
WHGame.dll,release_1_5_1164953_841,0x6a0924,9,FUN_1806a0924,,,a244bd7cfcd85e2386ed8f64eec12a3315e9a32cec0439ad4ef44cbef39571aa,undefined FUN_1806a0924(),ghidra,clean,
WHGame.dll,release_1_5_1164953_841,0x6a0930,47,FUN_1806a0930,,,c7496907ca18c52e2aab78eab79cb46d29ae36ac958467b07a45c924a46cb898,undefined FUN_1806a0930(),ghidra,clean,
WHGame.dll,release_1_5_1164953_841,0x6a0960,7,FUN_1806a0960,,,656e08c2e8f0a5039c3f0a72aadb1481075dc795f3e598b9eb5e7e698233fb36,undefined FUN_1806a0960(),ghidra,clean,
WHGame.dll,release_1_5_1164953_841,0x6a0968,581,FUN_1806a0968,,,2cdc85af42881dbb703c6664eddcd301383658cb10507befa81b8fcb15744121,undefined FUN_1806a0968(),ghidra,clean,
WHGame.dll,release_1_5_1164953_841,0x6a0bb0,36,FUN_1806a0bb0,,,cd273345d10c26e3467501c4d47865d3f1ae19fb7441c9fbe25a0316a2954fe9,undefined FUN_1806a0bb0(),ghidra,clean,
WHGame.dll,release_1_5_1164953_841,0x6a0bd4,156,FUN_1806a0bd4,,,712174df1f7fecf754b47a5a28825bf564965c1db81ff423f0e3ab9cb1c58202,undefined FUN_1806a0bd4(),ghidra,clean,
WHGame.dll,release_1_5_1164953_841,0x6a0c70,533,FUN_1806a0c70,,,ffdbfe485dfd7ed055759619ad6517c4dfbbe56f83c3c26f3df03d7bba2ed006,undefined FUN_1806a0c70(),ghidra,clean,
WHGame.dll,release_1_5_1164953_841,0x6a0e14,111,FUN_1806a0e14,,,b2f745dac58655230174b2be9c47167ec995704c87712d80f2e107f290e48318,undefined FUN_1806a0e14(),ghidra,clean,
WHGame.dll,release_1_5_1164953_841,0x6a0e84,564,FUN_1806a0e84,,,a35bafebbcbc1afdcc4a062c754afceaeb0e201b2bd07aa7507417b5de7d2728,undefined FUN_1806a0e84(),ghidra,clean,
WHGame.dll,release_1_5_1164953_841,0x6a10b8,88,FUN_1806a10b8,,,70b91d34a69208c2d34c2a75912cb701d3b49b1f9865c7e0da10c7a35588a06c,undefined FUN_1806a10b8(),ghidra,clean,
WHGame.dll,release_1_5_1164953_841,0x6a1110,101,FUN_1806a1110,,,fe6d1ca5e858e3c25f6a50e76af67e2ac56aefee09a87fe04de7fbd665abfebf,undefined FUN_1806a1110(),ghidra,clean,
WHGame.dll,release_1_5_1164953_841,0x6a1178,163,FUN_1806a1178,,,3f3618294f813497303fb1b41714bc7bf65283d48873b919335a59e62d8e3af4,undefined FUN_1806a1178(),ghidra,clean,
WHGame.dll,release_1_5_1164953_841,0x6a121c,184,FUN_1806a121c,,,9a1d0faa1343e588314d788e87d2d1fa388e0be04d2ba76214e3986e9bc5354d,undefined FUN_1806a121c(),ghidra,clean,
WHGame.dll,release_1_5_1164953_841,0x6a12e0,36,FUN_1806a12e0,,,578093929624d78ff5dd40817c2c71062288a2bd29f87c0e43246847a902d7a5,undefined FUN_1806a12e0(),ghidra,clean,
WHGame.dll,release_1_5_1164953_841,0x6a1304,290,FUN_1806a1304,,,812209c413c92134a8c8a490baea84a3754d097007e57ca5293229928267363c,undefined FUN_1806a1304(),ghidra,clean,
WHGame.dll,release_1_5_1164953_841,0x6a1428,170,FUN_1806a1428,,,572a644c2dc609f54de76f9763c4be2dc24c5355cc4f5b3169c64890ef191729,undefined FUN_1806a1428(),ghidra,clean,
WHGame.dll,release_1_5_1164953_841,0x6a14d4,203,FUN_1806a14d4,,,0007c30cdec42c2b1407410ed018470a9f526ffbb36201c9ef2ef649cdaf816b,undefined FUN_1806a14d4(),ghidra,clean,
WHGame.dll,release_1_5_1164953_841,0x6a15a0,1559,FUN_1806a15a0,,,949c8c84a54604399eff504625bd8e0ef779a60a83717a2ad5eb5fec29c22ab4,undefined FUN_1806a15a0(),ghidra,clean,
WHGame.dll,release_1_5_1164953_841,0x6a1b50,158,FUN_1806a1b50,,,d260eb39463664882d21c6363cc18bddab9e34a7a08a159bfd7a09855cf57b2b,undefined FUN_1806a1b50(),ghidra,clean,
WHGame.dll,release_1_5_1164953_841,0x6a1bf0,345,FUN_1806a1bf0,,,cf131583e649c36d5b66e9924981253fe04b21218af03d99190465f93172b9b1,undefined FUN_1806a1bf0(),ghidra,clean,
WHGame.dll,release_1_5_1164953_841,0x6a1d4c,282,FUN_1806a1d4c,,,f589ea20cad463dae506117ff63e13b47131b902fb7cf64bdfd7554be26b0519,undefined FUN_1806a1d4c(),ghidra,clean,
WHGame.dll,release_1_5_1164953_841,0x6a1e51,10,FUN_1806a1e51,,,33baef52b92f00dce9f3ff1829706dd23ee4760d016fa012b5f4d178d504c4ca,undefined FUN_1806a1e51(),ghidra,clean,
WHGame.dll,release_1_5_1164953_841,0x6a1e5c,64,FUN_1806a1e5c,,,c1521dcd188918880e163c8e9c301726adeaf34d58100e08fe1bcadcdaa60acc,undefined FUN_1806a1e5c(),ghidra,clean,
WHGame.dll,release_1_5_1164953_841,0x6a1e9c,68,FUN_1806a1e9c,,,11ea91b2421fb689111eacc92e4167bc50f8d318f3c546a3897c72eac92a853d,undefined FUN_1806a1e9c(),ghidra,clean,
WHGame.dll,release_1_5_1164953_841,0x6a1ee0,258,FUN_1806a1ee0,,,e30f8ef843ac1c2d46121bf2424cd749729da2fb9b7b867b90262655afcd3948,undefined FUN_1806a1ee0(),ghidra,clean,
WHGame.dll,release_1_5_1164953_841,0x6a1fe4,69,FUN_1806a1fe4,,,194c06dc2cd3e3a99297754e9bfcccabeb40182835b4f91e5e3d8fddc52619e9,undefined FUN_1806a1fe4(),ghidra,clean,
WHGame.dll,release_1_5_1164953_841,0x6a202c,166,FUN_1806a202c,,,aae9806d71ca26d4b616052c21695a86bb3fa0a53ad5d788e9bdafebc4eb6f28,undefined FUN_1806a202c(),ghidra,clean,
WHGame.dll,release_1_5_1164953_841,0x6a20d4,39,FUN_1806a20d4,,,577e1eef4986ef119375bb66d5ce883313cbc52d6b85fa55e4e5d4521e8f36bb,undefined FUN_1806a20d4(),ghidra,clean,
WHGame.dll,release_1_5_1164953_841,0x6a20fc,136,FUN_1806a20fc,,,d740b00b51ecd921364cf3f9f75a53c88827e88602980e1e7864ccff6d36f112,undefined FUN_1806a20fc(),ghidra,clean,
WHGame.dll,release_1_5_1164953_841,0x6a2158,32,FUN_1806a2158,,,696bcf6302e4feb99797517da12cb7fff8cef98fb8e14bfe5f2891cba6a28425,undefined FUN_1806a2158(),ghidra,clean,
WHGame.dll,release_1_5_1164953_841,0x6a2178,1073,FUN_1806a2178,,,e52083ec6fbeaf84698a1d08a969c8b540b8197fba143ddc9bf18dcc2a95801c,undefined FUN_1806a2178(),ghidra,clean,
WHGame.dll,release_1_5_1164953_841,0x6a24e4,440,FUN_1806a24e4,,,b2cf1a267593b5adfc25752ad2f03a0dfac21b7f76685609a6c91da6294b11e0,undefined FUN_1806a24e4(),ghidra,clean,
WHGame.dll,release_1_5_1164953_841,0x6a269c,1844,FUN_1806a269c,,,1e4a4c747bd831425bb364df947e55b6240f5270d0c6fb58478d2eae42a99433,undefined FUN_1806a269c(),ghidra,clean,
WHGame.dll,release_1_5_1164953_841,0x6a2d92,4,FUN_1806a2d92,,,67b512865ff3c94a805af5f0638f1e9ea4bc3a547e21074f80a4285f4443f40b,undefined FUN_1806a2d92(),ghidra,clean,
WHGame.dll,release_1_5_1164953_841,0x6a2da0,13,FUN_1806a2da0,,,7d8b800b737e36bff2ebd1bc5f44dc0a20ad73780c2191f8e63e0088c9481283,undefined FUN_1806a2da0(),ghidra,clean,
WHGame.dll,release_1_5_1164953_841,0x6a2db0,802,FUN_1806a2db0,,,1d182a08ae8adff69bf50f27fde1d70311a59527fb948a0f44cf4a768c763b3e,undefined FUN_1806a2db0(),ghidra,clean,
WHGame.dll,release_1_5_1164953_841,0x6a3040,12,FUN_1806a3040,,,20575bf2f02f6d215630086102c9cbbb584c00dc7201eec2d6c4d26d2e38b2b6,undefined FUN_1806a3040(),ghidra,clean,
WHGame.dll,release_1_5_1164953_841,0x6a304c,65,FUN_1806a304c,,,126076849e2b8dff0c58e44f7547d9c441f31e8a21040d00a65017fbeafc1d6c,undefined FUN_1806a304c(),ghidra,clean,
WHGame.dll,release_1_5_1164953_841,0x6a3090,91,FUN_1806a3090,,,8a245a7b5511569c6f87c2f1bb90e5874e71e31c7d18e261b23eb1835ee604be,undefined FUN_1806a3090(),ghidra,clean,
WHGame.dll,release_1_5_1164953_841,0x6a30ec,61,FUN_1806a30ec,,,5e7cd8d3a10cfd60eba9a014a7cb2c85e41b3041a9bc5b3e15e6040f4d147efb,undefined FUN_1806a30ec(),ghidra,clean,
WHGame.dll,release_1_5_1164953_841,0x6a312c,109,FUN_1806a312c,,,ab1ea476f2cf666deef7be6b9c0929d602dedad22cbf85da90584ee8c1f4743a,undefined FUN_1806a312c(),ghidra,clean,
WHGame.dll,release_1_5_1164953_841,0x6a319c,62,FUN_1806a319c,,,1674fa9dc94fea90400071798b094925769c0898914f5ce9e47a6183fd8fcf8f,undefined FUN_1806a319c(),ghidra,clean,
WHGame.dll,release_1_5_1164953_841,0x6a31cc,116,FUN_1806a31cc,,,46b901bc817e156cf612b35703d0d7e306890398901469655435feb78bc70fb1,undefined FUN_1806a31cc(),ghidra,clean,
WHGame.dll,release_1_5_1164953_841,0x6a3240,31,FUN_1806a3240,,,938615d6ecd1c765296b6bbb8ca0a36a2e8cda87400231caf1fbbe17087028bd,undefined FUN_1806a3240(),ghidra,clean,
WHGame.dll,release_1_5_1164953_841,0x6a3260,18,FUN_1806a3260,,,38c263951f66ebf87b2b0d6cdf23559a37156d571bfc6191a1300c228684d927,undefined FUN_1806a3260(),ghidra,clean,
WHGame.dll,release_1_5_1164953_841,0x6a3274,1154,FUN_1806a3274,,,9909518e4df40cc1ae5d10adb7d8289bc6af42a2f9250db81f1793f73cc9e3c5,undefined FUN_1806a3274(),ghidra,clean,
WHGame.dll,release_1_5_1164953_841,0x6a36f8,278,FUN_1806a36f8,,,cc491082f134f163cb9270a651375b53e62ede21f3c2890d894185651149d849,undefined FUN_1806a36f8(),ghidra,clean,
WHGame.dll,release_1_5_1164953_841,0x6a3810,625,FUN_1806a3810,,,d408822823a6e5cded5720e18fd07199ae728200be8e15f27356019e986df925,undefined FUN_1806a3810(),ghidra,clean,
WHGame.dll,release_1_5_1164953_841,0x6a3a84,533,FUN_1806a3a84,,,34997b1fb5ba77543138c96c7762e2f51faf48845b1cdb01439193ba29ebd127,undefined FUN_1806a3a84(),ghidra,clean,
WHGame.dll,release_1_5_1164953_841,0x6a3c9c,117,FUN_1806a3c9c,,,4fbd97ffd040b6fb57dac5e61a85d2b002d2f74206af431351edbf49ccd63455,undefined FUN_1806a3c9c(),ghidra,clean,
WHGame.dll,release_1_5_1164953_841,0x6a3d14,367,FUN_1806a3d14,,,7cc7f56128af0adf016aeedae567ec9903f2d722267d7f09c9f3316bc95b2072,undefined FUN_1806a3d14(),ghidra,clean,
WHGame.dll,release_1_5_1164953_841,0x6a3e84,170,FUN_1806a3e84,,,51c1b341d32f98e3020d7ab899fbf5dcf47dc1af2171bc88ee1ec78473008a23,undefined FUN_1806a3e84(),ghidra,clean,
WHGame.dll,release_1_5_1164953_841,0x6a3ef8,555,FUN_1806a3ef8,,,d2af3c0031dc4d595baac771ee6ccd8ddce88ab20ddf67ddeae3ad754861c312,undefined FUN_1806a3ef8(),ghidra,clean,
WHGame.dll,release_1_5_1164953_841,0x6a4124,163,FUN_1806a4124,,,9f0c3b139a8b5174ca17198fe4ff38a5a19c5b464790bbbfd18ab8e0f1619880,undefined FUN_1806a4124(),ghidra,clean,
WHGame.dll,release_1_5_1164953_841,0x6a41a4,123,FUN_1806a41a4,,,acaa9555689b42422959de391be4b449ef67fb1bb40e8a6208df36903e27b579,undefined FUN_1806a41a4(),ghidra,clean,
WHGame.dll,release_1_5_1164953_841,0x6a4220,137,FUN_1806a4220,,,d10489051711672c22438e848e13969dc5e33751ccba810d74d483ba3392afcf,undefined FUN_1806a4220(),ghidra,clean,
WHGame.dll,release_1_5_1164953_841,0x6a42ac,175,FUN_1806a42ac,,,0b0042b1c25afb9526cea97739150e064bedf33b8f4b55137235b2236b65c01a,undefined FUN_1806a42ac(),ghidra,clean,
WHGame.dll,release_1_5_1164953_841,0x6a435c,67,FUN_1806a435c,,,ff6f008394b121f48a55eca28eb32445e408a7db88c8d332475a197bc2332498,undefined FUN_1806a435c(),ghidra,clean,
WHGame.dll,release_1_5_1164953_841,0x6a43a0,225,FUN_1806a43a0,,,0f4339dfad8c89b3c15a962b0981c4f12abe41a36f7ccff7d356f9336fe360b4,undefined FUN_1806a43a0(),ghidra,clean,
WHGame.dll,release_1_5_1164953_841,0x6a4484,95,FUN_1806a4484,,,6df4e67157ad9446c9d26cae996ecc33dfbe7994bc3d6a67c177f8b4bab3322f,undefined FUN_1806a4484(),ghidra,clean,
WHGame.dll,release_1_5_1164953_841,0x6a44e4,58,FUN_1806a44e4,,,0e2639233bc804c6fa1e8b11f6c61f92df6ab1dcaf03612c1ab8d05a560f9c11,undefined FUN_1806a44e4(),ghidra,clean,
WHGame.dll,release_1_5_1164953_841,0x6a4520,101,FUN_1806a4520,,,1b55958016a00978a517dba9eb54b5a2260010759c9ad626afb476b1d16f8f58,undefined FUN_1806a4520(),ghidra,clean,
WHGame.dll,release_1_5_1164953_841,0x6a4588,489,FUN_1806a4588,,,aebc9fb4225521d2aa094191e56adcb80805456599e4b4d275aba3163e091ddd,undefined FUN_1806a4588(),ghidra,clean,
WHGame.dll,release_1_5_1164953_841,0x6a4774,52,FUN_1806a4774,,,fbd85646f761e7987d87f9b7cd2cb159f8691c675528fd6bc992534bc4d5024d,undefined FUN_1806a4774(),ghidra,clean,
WHGame.dll,release_1_5_1164953_841,0x6a47a8,133,FUN_1806a47a8,,,211f51d3de89b0f36134fd84f5473771746c38970ed4486a91fbc6a840b54019,undefined FUN_1806a47a8(),ghidra,clean,
WHGame.dll,release_1_5_1164953_841,0x6a4830,147,FUN_1806a4830,,,dc16c45580ea82ebf3157eac0a69ccfbe3d828c5dddb24dab1d00b513c6c9436,undefined FUN_1806a4830(),ghidra,clean,
WHGame.dll,release_1_5_1164953_841,0x6a48d0,12,FUN_1806a48d0,,,45f80fffb2d98c1c638a74fc945ad99acc62199598bb5bc8b9621f15e0050c53,undefined FUN_1806a48d0(),ghidra,clean,
WHGame.dll,release_1_5_1164953_841,0x6a48dc,116,FUN_1806a48dc,,,9786817601ab8b83c17e1fb70cdf28988831d0e03a3219aa76b4f98c7e068632,undefined FUN_1806a48dc(),ghidra,clean,
WHGame.dll,release_1_5_1164953_841,0x6a4950,174,FUN_1806a4950,,,9d72d9a1cfa1bbcb516f986a41d435869f25e71e668a0f620498ddfd3955ce70,undefined FUN_1806a4950(),ghidra,clean,
WHGame.dll,release_1_5_1164953_841,0x6a4a00,85,FUN_1806a4a00,,,54a86b88d2a6a0200fd3b3d16f4be9b9f23a797ac9204834551aff3847540275,undefined FUN_1806a4a00(),ghidra,clean,
WHGame.dll,release_1_5_1164953_841,0x6a4a58,116,FUN_1806a4a58,,,67eb46cf4f430aa6064b4f92c45a58560d09146482fbd8e5dbe928282532e487,undefined FUN_1806a4a58(),ghidra,clean,
WHGame.dll,release_1_5_1164953_841,0x6a4acc,37,FUN_1806a4acc,,,e3bae6e8a83858774559d341738730d752e0f41481e1a573bf53a38b308e0ab6,undefined FUN_1806a4acc(),ghidra,clean,
WHGame.dll,release_1_5_1164953_841,0x6a4af4,132,FUN_1806a4af4,,,44be0f4c119d5cb60bf1500dec4e37c9606d2dc5a015c6bc3dbfa9fb7c9c01d1,undefined FUN_1806a4af4(),ghidra,clean,
WHGame.dll,release_1_5_1164953_841,0x6a4b78,34,FUN_1806a4b78,,,ab2ae83b25898518d37ed29abec5a58b10aaf698d690deb58775a2430720e179,undefined FUN_1806a4b78(),ghidra,clean,
WHGame.dll,release_1_5_1164953_841,0x6a4b9c,67,FUN_1806a4b9c,,,9ccce9ec1ea6d79c5de10f95818b60ab4f617b3eb85a495a50b7634c162c3c91,undefined FUN_1806a4b9c(),ghidra,clean,
WHGame.dll,release_1_5_1164953_841,0x6a4be0,99,FUN_1806a4be0,,,0e76ee608685d5b30e63c013e307c7a81b6ce1cadaab8bf0a091a2227dc8e459,undefined FUN_1806a4be0(),ghidra,clean,
WHGame.dll,release_1_5_1164953_841,0x6a4c44,34,FUN_1806a4c44,,,feec64b584763e1c644b43b7727c81f6db685f8c0bf3813a8aa487b9587a1734,undefined FUN_1806a4c44(),ghidra,clean,
WHGame.dll,release_1_5_1164953_841,0x6a4c68,104,FUN_1806a4c68,,,77b726dd698ba37c90af3cc1f4af31d64bc6566a097466acabb11eafb8ae62a6,undefined FUN_1806a4c68(),ghidra,clean,
WHGame.dll,release_1_5_1164953_841,0x6a4cd0,74,FUN_1806a4cd0,,,33015952068db62104f4777cf69e93ddf094b7a9ce1493cc07554997c894433e,undefined FUN_1806a4cd0(),ghidra,clean,
WHGame.dll,release_1_5_1164953_841,0x6a4d1c,19,FUN_1806a4d1c,,,e4d4ebdaaad4d5cad6d899812e693cf40255ec15dfebd933ed9174e507eb76c5,undefined FUN_1806a4d1c(),ghidra,clean,
WHGame.dll,release_1_5_1164953_841,0x6a4d30,434,FUN_1806a4d30,,,c9fcbd5ed638fa64691b9532211452f732a18d1428ba30dbfde53645e683150e,undefined FUN_1806a4d30(),ghidra,clean,
WHGame.dll,release_1_5_1164953_841,0x6a4e7c,393,FUN_1806a4e7c,,,1860ce81c2dd3ee4b006a169cecdced978a24946928593e1f12b562206cb9d7d,undefined FUN_1806a4e7c(),ghidra,clean,
WHGame.dll,release_1_5_1164953_841,0x6a4ff8,144,FUN_1806a4ff8,,,bc9c8249d032216a8065e01444bb579c0403c5cd414a16621045db087724b037,undefined FUN_1806a4ff8(),ghidra,clean,
WHGame.dll,release_1_5_1164953_841,0x6a5088,52,FUN_1806a5088,,,86754edaa313dc536d18c676fab2578c65c6139b55dd59c0751bfcede84dbb2d,undefined FUN_1806a5088(),ghidra,clean,
WHGame.dll,release_1_5_1164953_841,0x6a50bc,170,FUN_1806a50bc,,,4a2279b2ef1c8c345ef33d2d0ede05ab3149b5b7bca3c9293bed5c2c9c381e6a,undefined FUN_1806a50bc(),ghidra,clean,
WHGame.dll,release_1_5_1164953_841,0x6a5168,164,FUN_1806a5168,,,3777e946163eb30a97ce226a8b6b0f325806ad96f4128b20755253175b67c9aa,undefined FUN_1806a5168(),ghidra,clean,
WHGame.dll,release_1_5_1164953_841,0x6a520c,28,FUN_1806a520c,,,d8668645983ca3b8ba3c486db789ad7eee8d5d34c840356b83138cc17d741c2b,undefined FUN_1806a520c(),ghidra,clean,
WHGame.dll,release_1_5_1164953_841,0x6a5228,66,FUN_1806a5228,,,4a7882ace68853fed176d92c15aaddbb4efeb13aeb886fb01890c154e6fb363a,undefined FUN_1806a5228(),ghidra,clean,
WHGame.dll,release_1_5_1164953_841,0x6a525c,104,FUN_1806a525c,,,e0a79c52fce9c33dafdc36473403b159c55d699e63bc4928f1080ba8758b6f56,undefined FUN_1806a525c(),ghidra,clean,
WHGame.dll,release_1_5_1164953_841,0x6a52c4,128,FUN_1806a52c4,,,ce780dde27d39643c9c609a8a6b20ac3473670a9aa7d3c8f2612ddaacf80746f,undefined FUN_1806a52c4(),ghidra,clean,
WHGame.dll,release_1_5_1164953_841,0x6a5344,114,FUN_1806a5344,,,f20704faf8c94e4c288ca2c01011758f3c5282dd6492facb62da6d1474652b48,undefined FUN_1806a5344(),ghidra,clean,
WHGame.dll,release_1_5_1164953_841,0x6a53b8,244,FUN_1806a53b8,,,a88b38c5f619414eded94deb8599f560d1edb6186762df572d183b072e79dbec,undefined FUN_1806a53b8(),ghidra,clean,
WHGame.dll,release_1_5_1164953_841,0x6a54a0,176,FUN_1806a54a0,,,b0600c5a051094af290ac328f32fb68329ec599c8b8d672d781ef90f0662dedb,undefined FUN_1806a54a0(),ghidra,clean,
WHGame.dll,release_1_5_1164953_841,0x6a5550,98,FUN_1806a5550,,,24eb1f422de7aca4395fa828dc5780dbca48df4921b5b58bafa406b153811966,undefined FUN_1806a5550(),ghidra,clean,
WHGame.dll,release_1_5_1164953_841,0x6a55b4,86,FUN_1806a55b4,,,03d2f58fc9cba1a864468b1454e5737e45a9309be2471cbe0b94ac1894b54752,undefined FUN_1806a55b4(),ghidra,clean,
WHGame.dll,release_1_5_1164953_841,0x6a560c,85,FUN_1806a560c,,,a72a76cb4bdae83c5ab28f63cfb1a8766d86a824bee94ea5cb6dba3c2fdb1f6b,undefined FUN_1806a560c(),ghidra,clean,
WHGame.dll,release_1_5_1164953_841,0x6a5640,137,FUN_1806a5640,,,b869cc50cceb2fd333f489bc1149164315e372275374ae9b768d3c31e4731388,undefined FUN_1806a5640(),ghidra,clean,
WHGame.dll,release_1_5_1164953_841,0x6a56cc,170,FUN_1806a56cc,,,8d5a52c7e4d411ff17632a576cfe8462fa57293e670d4a6e7b1d8ca67bc64eae,undefined FUN_1806a56cc(),ghidra,clean,
WHGame.dll,release_1_5_1164953_841,0x6a5778,228,FUN_1806a5778,,,5111e5b8d1637e38aab9d2076684dc37855d65fe03be4f8b6c288a8d77ada71c,undefined FUN_1806a5778(),ghidra,clean,
WHGame.dll,release_1_5_1164953_841,0x6a585c,239,FUN_1806a585c,,,4b7233330b08dc6138acbe80d71e4d1655a5e3670e1a065b47c0867496d82836,undefined FUN_1806a585c(),ghidra,clean,
WHGame.dll,release_1_5_1164953_841,0x6a594c,170,FUN_1806a594c,,,dedb5321c416ab3b5ae23170156bc7e78e5794a39690d47b7e5ba363ecde3913,undefined FUN_1806a594c(),ghidra,clean,
WHGame.dll,release_1_5_1164953_841,0x6a59f8,221,FUN_1806a59f8,,,eb8681cf390de9811ab4023384aaec264afb9a4b2131efef31533bc3815659a5,undefined FUN_1806a59f8(),ghidra,clean,
WHGame.dll,release_1_5_1164953_841,0x6a5ad8,33,FUN_1806a5ad8,,,762b5bbe743fdd3ac1e9ea6b895f6da675f9e08e0ac6f88c5675accf7b4cb11e,undefined FUN_1806a5ad8(),ghidra,clean,
WHGame.dll,release_1_5_1164953_841,0x6a5afc,132,FUN_1806a5afc,,,89a3727ab442e95bf219153afea334658ac95ce4339eb1a178b1b6c69dca87ca,undefined FUN_1806a5afc(),ghidra,clean,
WHGame.dll,release_1_5_1164953_841,0x6a5b80,316,FUN_1806a5b80,,,66c1db3b7f5d6462414d2d65cf3eda74cb722fe0b0069b4b8e2ac9d2a01bd899,undefined FUN_1806a5b80(),ghidra,clean,
WHGame.dll,release_1_5_1164953_841,0x6a5cbc,39,FUN_1806a5cbc,,,42154c163bf2084703682cad771937faf733e6ce48aa0755ec5611194b04e438,undefined FUN_1806a5cbc(),ghidra,clean,
WHGame.dll,release_1_5_1164953_841,0x6a5ce4,324,FUN_1806a5ce4,,,fb018160a4f6fa2b96c7c38b9f87e2ec823637e09fd6897dfe80f517e8ef29d2,undefined FUN_1806a5ce4(),ghidra,clean,
WHGame.dll,release_1_5_1164953_841,0x6a5e28,329,FUN_1806a5e28,,,06ee11498f6d25cacb04a4c092dadea30cad153d3d67b66bd1a0bb97b38c3db5,undefined FUN_1806a5e28(),ghidra,clean,
WHGame.dll,release_1_5_1164953_841,0x6a5f74,65,FUN_1806a5f74,,,915fd53be1d74d661315f117b3575ecf9c678adfce8040a3ded30e9041ad291a,undefined FUN_1806a5f74(),ghidra,clean,
WHGame.dll,release_1_5_1164953_841,0x6a5fb8,234,FUN_1806a5fb8,,,ab046fdbcabf908f8b8166fbeec4a8c01fa1463654565a016a1f3d3cbd7eca1b,undefined FUN_1806a5fb8(),ghidra,clean,
WHGame.dll,release_1_5_1164953_841,0x6a60a4,157,FUN_1806a60a4,,,18d1575bf5a5490331e0daca350102564bb8036ae6471adeca3ef6ea48b99f55,undefined FUN_1806a60a4(),ghidra,clean,
WHGame.dll,release_1_5_1164953_841,0x6a6144,155,FUN_1806a6144,,,dac98c83950dd615bc3bc7400d3ff4b36f42c732f5a5a4555343e6607becb4be,undefined FUN_1806a6144(),ghidra,clean,
WHGame.dll,release_1_5_1164953_841,0x6a61e0,59,FUN_1806a61e0,,,be7b4f88c15b606f965548d1f90a6dff9a1bb2cef3b5668d097f080a63bf9a1f,undefined FUN_1806a61e0(),ghidra,clean,
WHGame.dll,release_1_5_1164953_841,0x6a621c,84,FUN_1806a621c,,,104cfe3e79302f5c8168f5372d4014c7e0eb880d4cc00c0e28a2cd23f1b83ec0,undefined FUN_1806a621c(),ghidra,clean,
WHGame.dll,release_1_5_1164953_841,0x6a6270,149,FUN_1806a6270,,,76c838327f47ad14f687dea9868777a20dfc634a011f21ea2993aeffc2cb7d23,undefined FUN_1806a6270(),ghidra,clean,
WHGame.dll,release_1_5_1164953_841,0x6a6308,68,FUN_1806a6308,,,57190bf2aea9750c39e676ee0ddb71013bfa165a52c19c7ba96c76bcc85d202b,undefined FUN_1806a6308(),ghidra,clean,
WHGame.dll,release_1_5_1164953_841,0x6a634c,46,FUN_1806a634c,,,3aa91463b829984ebfd486e5077a47aee8842ece80a0cca37af4975111d45ffe,undefined FUN_1806a634c(),ghidra,clean,
WHGame.dll,release_1_5_1164953_841,0x6a637c,43,FUN_1806a637c,,,ff5c9470e23a01099c715e329cc80a2e869def0e92820655b272f5e4d664f0f0,undefined FUN_1806a637c(),ghidra,clean,
WHGame.dll,release_1_5_1164953_841,0x6a63a8,52,FUN_1806a63a8,,,18632499e61bf63814507dc210fd8bdae4b539e0785428bbe5ebaa39eb86339c,undefined FUN_1806a63a8(),ghidra,clean,
WHGame.dll,release_1_5_1164953_841,0x6a63dc,86,FUN_1806a63dc,,,bdd1b34c47fd84ef4f06f9d5ee4fb4813a64bf06b2d9bb1e1d03d7424e4f881a,undefined FUN_1806a63dc(),ghidra,clean,
WHGame.dll,release_1_5_1164953_841,0x6a6434,98,FUN_1806a6434,,,ad1dd2eaf7ec485fc9f3141441a62ba2925629ee9c278e7ba7709245ff82eaff,undefined FUN_1806a6434(),ghidra,clean,
WHGame.dll,release_1_5_1164953_841,0x6a6498,85,FUN_1806a6498,,,63e56943f054c144634848e059cd7cd50bf23a76f544ce0d39b8cbb5fbd8de1b,undefined FUN_1806a6498(),ghidra,clean,
WHGame.dll,release_1_5_1164953_841,0x6a64cc,55,FUN_1806a64cc,,,be02cb71160164d472cf39ed6bb052ba3446ac5abb03541ef7afa8b331d67373,undefined FUN_1806a64cc(),ghidra,clean,
WHGame.dll,release_1_5_1164953_841,0x6a6504,2586,FUN_1806a6504,,,a6240f7e5ae81df427ff0e79ea333726b17e08adcefba5de8c2a44b8d9f29fe0,undefined FUN_1806a6504(),ghidra,clean,
WHGame.dll,release_1_5_1164953_841,0x6a6f14,222,FUN_1806a6f14,,,01e6789cafc7ba3210fb188a5495a725ba97f1eed2540ec35bcfd8e1db786567,undefined FUN_1806a6f14(),ghidra,clean,
WHGame.dll,release_1_5_1164953_841,0x6a6ff4,92,FUN_1806a6ff4,,,00d4b0d1c6a375f9c78180a5e6e0ff85f417cf0ebfbce4c4919001f53cf9cd44,undefined FUN_1806a6ff4(),ghidra,clean,
WHGame.dll,release_1_5_1164953_841,0x6a7050,103,FUN_1806a7050,,,4827fc09789ce735e2680d4181f9cceec67d5539784d724e3edfda9dbc50092f,undefined FUN_1806a7050(),ghidra,clean,
WHGame.dll,release_1_5_1164953_841,0x6a70ac,170,FUN_1806a70ac,,,68c88cf8eee56a4bad3a8d192e6a4c3312dda9d616c79a90a539fabd0a87eda9,undefined FUN_1806a70ac(),ghidra,clean,
WHGame.dll,release_1_5_1164953_841,0x6a7158,170,FUN_1806a7158,,,1eaecbdc8ec49886ac87554affc755ac4b3a159c793f9c0a58f0663f1224e385,undefined FUN_1806a7158(),ghidra,clean,
WHGame.dll,release_1_5_1164953_841,0x6a7204,176,FUN_1806a7204,,,803964fda1fbcd176e20d948c7992520e9f6088f831fa75b884ae5c93194b91b,undefined FUN_1806a7204(),ghidra,clean,
WHGame.dll,release_1_5_1164953_841,0x6a72b4,96,FUN_1806a72b4,,,3ccec70568c351aebe055f262ea0a6b5ad2408554a89d106085b2ef1bf72256b,undefined FUN_1806a72b4(),ghidra,clean,
WHGame.dll,release_1_5_1164953_841,0x6a7314,85,FUN_1806a7314,,,5ef96eae1539f5a6c88fb1cc8ab9191a8fcd3bcec8490b0d17f97753ec51339f,undefined FUN_1806a7314(),ghidra,clean,
WHGame.dll,release_1_5_1164953_841,0x6a7348,105,FUN_1806a7348,,,545fc12da596450bd8eb9ec5ad3c4a805d6ab081a260d1bde7cfb7057b635bb6,undefined FUN_1806a7348(),ghidra,clean,
WHGame.dll,release_1_5_1164953_841,0x6a7380,29,FUN_1806a7380,,,65f690c796f08ef2e2c43ca6f0b86ae759ca385edf7569f251c3bbf2e8d20e94,undefined FUN_1806a7380(),ghidra,clean,
WHGame.dll,release_1_5_1164953_841,0x6a73a0,176,FUN_1806a73a0,,,f15f5d22106a82e1bccdce372e1e0ea55f122e1c487fe91f217d138e06987215,undefined FUN_1806a73a0(),ghidra,clean,
WHGame.dll,release_1_5_1164953_841,0x6a7450,170,FUN_1806a7450,,,aedf943d81ce07528802467b227d83c6be56dbc53a71174fe8fb65233788d6a9,undefined FUN_1806a7450(),ghidra,clean,
WHGame.dll,release_1_5_1164953_841,0x6a74fc,170,FUN_1806a74fc,,,796e58ad6fe6a9a23b24abfaba89d727942d1cb577b42f7c5cce598138f2f539,undefined FUN_1806a74fc(),ghidra,clean,
WHGame.dll,release_1_5_1164953_841,0x6a75a8,96,FUN_1806a75a8,,,57f74b2aab6ab08a3373b727f708ab841d29499af9eabf77669a0649597f56d2,undefined FUN_1806a75a8(),ghidra,clean,
WHGame.dll,release_1_5_1164953_841,0x6a7608,85,FUN_1806a7608,,,dd522c7ccd744514c42fcb04f2cf819bbea62d6dcaf4159ab75314bd03bb2204,undefined FUN_1806a7608(),ghidra,clean,
WHGame.dll,release_1_5_1164953_841,0x6a763c,31,FUN_1806a763c,,,0ee0e26bcf9582b76671fb5f3b59be5f2fec89f978c68b54ce9ae7c32d416250,undefined FUN_1806a763c(),ghidra,clean,
WHGame.dll,release_1_5_1164953_841,0x6a765c,81,FUN_1806a765c,,,ed9c5666982b104ae2c9020f5b3cfbe7afe57bd6447ccd8a60caad0be83cab57,undefined FUN_1806a765c(),ghidra,clean,
WHGame.dll,release_1_5_1164953_841,0x6a76b0,137,FUN_1806a76b0,,,4eddfe59ae5a0dbe79d204c3072f122a34dad1552d799f6d28970b347c73c350,undefined FUN_1806a76b0(),ghidra,clean,
WHGame.dll,release_1_5_1164953_841,0x6a773c,228,FUN_1806a773c,,,90fd943824dbb9f51e0dab0bc30a8452967103084a7554e721a14a97d7c36522,undefined FUN_1806a773c(),ghidra,clean,
WHGame.dll,release_1_5_1164953_841,0x6a7820,157,FUN_1806a7820,,,9b4b931127cde5ec27f5cc44b988e5e4aae856908e20d38682900c6153f10e00,undefined FUN_1806a7820(),ghidra,clean,
WHGame.dll,release_1_5_1164953_841,0x6a78c0,108,FUN_1806a78c0,,,d9aebd573c42501aa1ae4319b75dad71a9030c7ee914427e6b900971b321400d,undefined FUN_1806a78c0(),ghidra,clean,
WHGame.dll,release_1_5_1164953_841,0x6a7900,166,FUN_1806a7900,,,37996cc9afe2a4a6fcdf2343e4b0493b2943f0834a39c5bf3e49f83313681d8c,undefined FUN_1806a7900(),ghidra,clean,
WHGame.dll,release_1_5_1164953_841,0x6a79a8,96,FUN_1806a79a8,,,172796b7a5ccae96a764a68bd3f8ca70cf817ced0c7fce6c02c30f9ef9bfa7a5,undefined FUN_1806a79a8(),ghidra,clean,
WHGame.dll,release_1_5_1164953_841,0x6a7a08,85,FUN_1806a7a08,,,365c6367dd43d3c688235e3f00b6a8cb39c4ca9abcc7e8c46380a2cc5571d5bb,undefined FUN_1806a7a08(),ghidra,clean,
WHGame.dll,release_1_5_1164953_841,0x6a7a3c,358,FUN_1806a7a3c,,,377191eba520c22cc41a309361d382aea10721b56233a85d002a545a8a7432b7,undefined FUN_1806a7a3c(),ghidra,clean,
WHGame.dll,release_1_5_1164953_841,0x6a7ba4,328,FUN_1806a7ba4,,,f9b48a9538888ccd525afb3fc8e2290063a64da62c248796b62d8c69cbfaa20c,undefined FUN_1806a7ba4(),ghidra,clean,
WHGame.dll,release_1_5_1164953_841,0x6a7cec,259,FUN_1806a7cec,,,48deace67a156bf003b3125522c0fc3e1f240061c4d311659c4ed9c1964f5222,undefined FUN_1806a7cec(),ghidra,clean,
WHGame.dll,release_1_5_1164953_841,0x6a7df0,258,FUN_1806a7df0,,,d5051632fe77589a96312587c2934ed3352b2b436b0af9b658fd35019babe803,undefined FUN_1806a7df0(),ghidra,clean,
WHGame.dll,release_1_5_1164953_841,0x6a7ef4,492,FUN_1806a7ef4,,,2373350d4bc4d036633a444bb2cd096c0847a6c5d4f2ae9581d770943f9e4257,undefined FUN_1806a7ef4(),ghidra,clean,
WHGame.dll,release_1_5_1164953_841,0x6a80e0,188,FUN_1806a80e0,,,cea9ed61e8f4593aa263ad40fb76a56fbca5642fb8b894f347c3a1204e66eeb7,undefined FUN_1806a80e0(),ghidra,clean,
WHGame.dll,release_1_5_1164953_841,0x6a819c,76,FUN_1806a819c,,,a02761a7c18e908c7c8fd1f010e855892a6424577503c058f7213e072cf734a3,undefined FUN_1806a819c(),ghidra,clean,
WHGame.dll,release_1_5_1164953_841,0x6a81e8,895,FUN_1806a81e8,,,96baca8fde2ce299617e7d180f0661aaf9cf6ec2d35868426c6386014e9b75f9,undefined FUN_1806a81e8(),ghidra,clean,
WHGame.dll,release_1_5_1164953_841,0x6a8534,237,FUN_1806a8534,,,730b1ea33bbcff9997789f1bed77ba7cfb1313ecf855c62043c85c549422db4a,undefined FUN_1806a8534(),ghidra,clean,
WHGame.dll,release_1_5_1164953_841,0x6a8624,75,FUN_1806a8624,,,47d30df2ee781300148553db9e4e38825cc6b5a9fc08eb592b7ad5dc658d0efc,undefined FUN_1806a8624(),ghidra,clean,
WHGame.dll,release_1_5_1164953_841,0x6a8664,80,FUN_1806a8664,,,1a81b90d244549637dbbfbbeba0c9a7b27c0b13e6c72ec28fd1ca2cf3ff24094,undefined FUN_1806a8664(),ghidra,clean,
WHGame.dll,release_1_5_1164953_841,0x6a86b4,15,FUN_1806a86b4,,,0e88692724995f43abe2966a524d8edbd8bd09b19160a177b60894914183a2b8,undefined FUN_1806a86b4(),ghidra,clean,
WHGame.dll,release_1_5_1164953_841,0x6a86c4,131,FUN_1806a86c4,,,500c45850ddb8a99a74e03510109fc334fceec3f70a39cad7fd1252929491d57,undefined FUN_1806a86c4(),ghidra,clean,
WHGame.dll,release_1_5_1164953_841,0x6a8748,821,FUN_1806a8748,,,4080e6b6abf75a5e879f875ff998ea7a4dc2ff2f0b6009ae960cc79b04d2f5af,undefined FUN_1806a8748(),ghidra,clean,
WHGame.dll,release_1_5_1164953_841,0x6a8a50,75,FUN_1806a8a50,,,c74a52c85b99ab47fca335bc2087ff282aa53d2175d85276b77e3b9947b30d7f,undefined FUN_1806a8a50(),ghidra,clean,
WHGame.dll,release_1_5_1164953_841,0x6a8a90,237,FUN_1806a8a90,,,1c825f5546d62ef472281f125868437a00867af333a7c3b2b803e67831d8a131,undefined FUN_1806a8a90(),ghidra,clean,
WHGame.dll,release_1_5_1164953_841,0x6a8b80,169,FUN_1806a8b80,,,5f09f9b85c61203ad8b7d557e75305d54a204439c38d0e7fae447e0853528f0a,undefined FUN_1806a8b80(),ghidra,clean,
WHGame.dll,release_1_5_1164953_841,0x6a8c2c,161,FUN_1806a8c2c,,,e23df75417949af744a1a3e2534a55fe91a4685b59755967bd61f1b482ebf104,undefined FUN_1806a8c2c(),ghidra,clean,
WHGame.dll,release_1_5_1164953_841,0x6a8cd0,76,FUN_1806a8cd0,,,2f80df5260737f441542c0e20cba8be6c376126378e804de94967b482e2f41bc,undefined FUN_1806a8cd0(),ghidra,clean,
WHGame.dll,release_1_5_1164953_841,0x6a8d1c,565,FUN_1806a8d1c,,,ce8aa5800253729e8934c89326acb4e7283b0d2ae75e098feabd5708aecb3bce,undefined FUN_1806a8d1c(),ghidra,clean,
WHGame.dll,release_1_5_1164953_841,0x6a8f54,90,FUN_1806a8f54,,,78a02a16e65f88b2ea37b75d0546cfa73d02c2cdcf7b28520ddb9c1057d70feb,undefined FUN_1806a8f54(),ghidra,clean,
WHGame.dll,release_1_5_1164953_841,0x6a8fb0,93,FUN_1806a8fb0,,,375df31973f7e05eff2d1243f2c5ff1f661680d56e12f78b45836aae263c611e,undefined FUN_1806a8fb0(),ghidra,clean,
WHGame.dll,release_1_5_1164953_841,0x6a9010,93,FUN_1806a9010,,,49f87aa5885ff9ec3f9e5b60d5ea0e4a341e72d861a5a29cb75727e50bd596c7,undefined FUN_1806a9010(),ghidra,clean,
WHGame.dll,release_1_5_1164953_841,0x6a9070,109,FUN_1806a9070,,,eee4c63082eeee35c0d35f6d66dc8e434f359e6529d30134147589f4269ef5cd,undefined FUN_1806a9070(),ghidra,clean,
WHGame.dll,release_1_5_1164953_841,0x6a90e0,67,FUN_1806a90e0,,,18a9624ec95b9b06b3162dc1eca38f45d12c138d2c705034d45387ad309173f0,undefined FUN_1806a90e0(),ghidra,clean,
WHGame.dll,release_1_5_1164953_841,0x6a9124,188,FUN_1806a9124,,,342a64629a9152fcedaae028be3cce6582723b3da822e9b5c27b23701822b8c9,undefined FUN_1806a9124(),ghidra,clean,
WHGame.dll,release_1_5_1164953_841,0x6a91e0,104,FUN_1806a91e0,,,b39f77977b49faba21f4e92a5b8f676ac5bf7b6c3938c7d20b8b9b8cb3b98936,undefined FUN_1806a91e0(),ghidra,clean,
WHGame.dll,release_1_5_1164953_841,0x6a9248,102,FUN_1806a9248,,,b65e0f149cc4fd0cc92244473816e1d8305013f1f9d17f235f7ea09d054f786c,undefined FUN_1806a9248(),ghidra,clean,
WHGame.dll,release_1_5_1164953_841,0x6a92b0,194,FUN_1806a92b0,,,3d84103165b078635981e8c6d9ecfad96580c6aef4c8214ab7db0bae8c0a5b15,undefined FUN_1806a92b0(),ghidra,clean,
WHGame.dll,release_1_5_1164953_841,0x6a9374,194,FUN_1806a9374,,,eaa99db2b001e18b6912b589053a03105e06b1b1155fe7af91cdb71b07b283bb,undefined FUN_1806a9374(),ghidra,clean,
WHGame.dll,release_1_5_1164953_841,0x6a9438,54,FUN_1806a9438,,,024ba6b4ce808d18835cb73b8dad893a360bee0e531a1029e016a59515d5c6d6,undefined FUN_1806a9438(),ghidra,clean,
WHGame.dll,release_1_5_1164953_841,0x6a9458,83,FUN_1806a9458,,,d2b9d01412d318a2a68fed546db6af2c1273b385a5509f33b72261803af77f16,undefined FUN_1806a9458(),ghidra,clean,
WHGame.dll,release_1_5_1164953_841,0x6a9490,194,FUN_1806a9490,,,5cb603bffbb5502d6c83a397f17ed9f4c9e89b0dc4ad9b738db519beda1ed606,undefined FUN_1806a9490(),ghidra,clean,
WHGame.dll,release_1_5_1164953_841,0x6a9554,194,FUN_1806a9554,,,895b2970fa7286411829224290965b3049291deae706d6b2aeedd416170e839d,undefined FUN_1806a9554(),ghidra,clean,
WHGame.dll,release_1_5_1164953_841,0x6a9618,194,FUN_1806a9618,,,97a84d7250463461e638e19d617c89be92e8b5533e4ead7866490954945c6b6b,undefined FUN_1806a9618(),ghidra,clean,
WHGame.dll,release_1_5_1164953_841,0x6a96dc,188,FUN_1806a96dc,,,b7d9c0be9d5714a250fe34cf0f9535f93bebfb5a3fe99978580782d6fac35a32,undefined FUN_1806a96dc(),ghidra,clean,
WHGame.dll,release_1_5_1164953_841,0x6a9798,518,FUN_1806a9798,,,97bacdb2276933af5acb9e7057e8e2bb502773e98d2c905470d776734114f965,undefined FUN_1806a9798(),ghidra,clean,
WHGame.dll,release_1_5_1164953_841,0x6a99a0,180,FUN_1806a99a0,,,8f54accc966591fc4f4fb384033be674d3a9a834bed256abe3e844014ad7dc25,undefined FUN_1806a99a0(),ghidra,clean,
WHGame.dll,release_1_5_1164953_841,0x6a9a54,194,FUN_1806a9a54,,,d8ff0350a1f2ec18e0e641e2ab692429c6ac4ea16f7126b0f8662304936c565d,undefined FUN_1806a9a54(),ghidra,clean,
WHGame.dll,release_1_5_1164953_841,0x6a9b18,148,FUN_1806a9b18,,,9d3c1b9f71fe6029121bd7b751a5252a2f35daafa9e3c863bece1ce980714ae2,undefined FUN_1806a9b18(),ghidra,clean,
WHGame.dll,release_1_5_1164953_841,0x6a9bac,30,FUN_1806a9bac,,,38f24d8f845c3c4b9af6a670e0e4a9746bdbd0e320960000439c47300e32dc59,undefined FUN_1806a9bac(),ghidra,clean,
WHGame.dll,release_1_5_1164953_841,0x6a9bcc,30,FUN_1806a9bcc,,,ce87b9e08936945b81c2c6a5dcba961541ec8a6d82ad25d8fb1b1d3cac3b5f22,undefined FUN_1806a9bcc(),ghidra,clean,
WHGame.dll,release_1_5_1164953_841,0x6a9bec,30,FUN_1806a9bec,,,815120742b19c9668fac3941aa097da699305070733d438c4c094a45eb23ba09,undefined FUN_1806a9bec(),ghidra,clean,
WHGame.dll,release_1_5_1164953_841,0x6a9c0c,30,FUN_1806a9c0c,,,9c0829fce8b8b08f95e90ceb424ed74a3d2d2e6ef2e83c554f61ab7cd355e04a,undefined FUN_1806a9c0c(),ghidra,clean,
WHGame.dll,release_1_5_1164953_841,0x6a9c2c,30,FUN_1806a9c2c,,,bbd2ca5e5c1f57d37b3fd8eceef475ac737217c660febb127efdb7f3ad7e6602,undefined FUN_1806a9c2c(),ghidra,clean,
WHGame.dll,release_1_5_1164953_841,0x6a9c4c,30,FUN_1806a9c4c,,,5283cb6d7d9632a03d09c4585c19771e7fa21ddb61f7d69c169b1acdd033b9b1,undefined FUN_1806a9c4c(),ghidra,clean,
WHGame.dll,release_1_5_1164953_841,0x6a9c6c,30,FUN_1806a9c6c,,,dfc8fb0ec0241a7da8b966de97e0f6303a145ec063728792a7c2b80d3fe8437a,undefined FUN_1806a9c6c(),ghidra,clean,
WHGame.dll,release_1_5_1164953_841,0x6a9c8c,1314,FUN_1806a9c8c,,,692fde92aa52eb7445e4d276ee6a3cb7c11552400e220aaf4a6bf8ccaba1190e,undefined FUN_1806a9c8c(),ghidra,clean,
WHGame.dll,release_1_5_1164953_841,0x6aa1b0,76,FUN_1806aa1b0,,,f0e681ca2f3f53efdf390fa1d678e0e76a6c4d2618601da5a16704d8be622f20,undefined FUN_1806aa1b0(),ghidra,clean,
WHGame.dll,release_1_5_1164953_841,0x6aa1fc,214,FUN_1806aa1fc,,,02c6a0e63ada2e3f75126baf34922e43ce2707c41c1217542869de1d9f5a29fa,undefined FUN_1806aa1fc(),ghidra,clean,
WHGame.dll,release_1_5_1164953_841,0x6aa2d4,30,FUN_1806aa2d4,,,ef07aca2d7b21ed699eebc7ea5c654aeb7b3598a09e6eb8d98aa65056cbedb04,undefined FUN_1806aa2d4(),ghidra,clean,
WHGame.dll,release_1_5_1164953_841,0x6aa2f4,30,FUN_1806aa2f4,,,0ffcc86c9fb32dcd2be5f1d63aa5040dc37a94581d154ea94ad1b6ec5bb52fe5,undefined FUN_1806aa2f4(),ghidra,clean,
WHGame.dll,release_1_5_1164953_841,0x6aa314,30,FUN_1806aa314,,,4f43e84b872c6fc459a07d3ddb1f621702a8e136c74392b5e7220c298b390369,undefined FUN_1806aa314(),ghidra,clean,
WHGame.dll,release_1_5_1164953_841,0x6aa334,294,FUN_1806aa334,,,b1c04d723958915d649fd6083dd9df20bb8bd9e80f4c75414634882bf93bfa9a,undefined FUN_1806aa334(),ghidra,clean,
WHGame.dll,release_1_5_1164953_841,0x6aa45c,53,FUN_1806aa45c,,,28aba58f03514381683b0600af968181ea91153cec8fcc3da9539ff9b4d6cb3f,undefined FUN_1806aa45c(),ghidra,clean,
WHGame.dll,release_1_5_1164953_841,0x6aa494,61,FUN_1806aa494,,,11edb72bf694e4272b29f92b48cb6ea2d5977a5a43d66c20a7ca13347df6c2d9,undefined FUN_1806aa494(),ghidra,clean,
WHGame.dll,release_1_5_1164953_841,0x6aa4d4,197,FUN_1806aa4d4,,,1d46694d0e8ccb4a682bc04ab7082d371b91c2b785944f4362312a6159243c15,undefined FUN_1806aa4d4(),ghidra,clean,
WHGame.dll,release_1_5_1164953_841,0x6aa59c,30,FUN_1806aa59c,,,70278b2014d706691448a0359e554e14aafbe40ce93cb901cdfa25f05705781f,undefined FUN_1806aa59c(),ghidra,clean,
WHGame.dll,release_1_5_1164953_841,0x6aa5bc,30,FUN_1806aa5bc,,,31e5c8b312d45557769f11a70fd1ccb0688b0a840dd26b00785c3127b9b21790,undefined FUN_1806aa5bc(),ghidra,clean,
WHGame.dll,release_1_5_1164953_841,0x6aa5dc,154,FUN_1806aa5dc,,,5f741a71fbd0610b42c86b57e6c093786089c460c06bfee50b76fb9b001d323d,undefined FUN_1806aa5dc(),ghidra,clean,
WHGame.dll,release_1_5_1164953_841,0x6aa678,36,FUN_1806aa678,,,b77df5254889b401d9f5db042d4c03d070824bcc324f2e72a07bbf1301f22e22,undefined FUN_1806aa678(),ghidra,clean,
WHGame.dll,release_1_5_1164953_841,0x6aa69c,150,FUN_1806aa69c,,,bedeb4b6518fad22f1c7cb059502e1bca214bf83662b50bfa60a9fc5f3bc73ea,undefined FUN_1806aa69c(),ghidra,clean,
WHGame.dll,release_1_5_1164953_841,0x6aa6f8,33,FUN_1806aa6f8,,,bf6bd16bfa98f5fd4455ddd8936fdff03843b165730b03b482a162ebf9cc0033,undefined FUN_1806aa6f8(),ghidra,clean,
WHGame.dll,release_1_5_1164953_841,0x6aa71c,477,FUN_1806aa71c,,,03f9ce30b0d2636dfc9eec05895ac7a960c7bc84a341447fd5fa532f74b55948,undefined FUN_1806aa71c(),ghidra,clean,
WHGame.dll,release_1_5_1164953_841,0x6aa8fc,30,FUN_1806aa8fc,,,2fb109a72522000dc130895d2386fcf6c72694cdec2ba08c66c4ca6212f0d137,undefined FUN_1806aa8fc(),ghidra,clean,
WHGame.dll,release_1_5_1164953_841,0x6aa91c,30,FUN_1806aa91c,,,d9ec6341b09b04020cf3b09a355bf9bb5131a4b015c8ecf7111861aeaea0e02b,undefined FUN_1806aa91c(),ghidra,clean,
WHGame.dll,release_1_5_1164953_841,0x6aa93c,27,FUN_1806aa93c,,,c59c460ac32d56068c84027e5066c14b916f0f02582523459ef732e3ce092206,undefined FUN_1806aa93c(),ghidra,clean,
WHGame.dll,release_1_5_1164953_841,0x6aa958,30,FUN_1806aa958,,,2e58c35c99089b4d4cc1208de911a347db20ea7619fbd5f933071e5fbc2b1c7c,undefined FUN_1806aa958(),ghidra,clean,
WHGame.dll,release_1_5_1164953_841,0x6aa978,27,FUN_1806aa978,,,9f8bb39a894e6505f7076e424f54fffba1e3b00e50508d1df5db51d0ed27832b,undefined FUN_1806aa978(),ghidra,clean,
WHGame.dll,release_1_5_1164953_841,0x6aa994,264,FUN_1806aa994,,,c36052984bc44b18acc085cd4fd0986c1d678ef165449526c7efa9e155600a49,undefined FUN_1806aa994(),ghidra,clean,
WHGame.dll,release_1_5_1164953_841,0x6aaa9c,155,FUN_1806aaa9c,,,b496ed9e6219ba6b098bafd337bd5839eedbaf9a38581f9f9617a25ec4010f22,undefined FUN_1806aaa9c(),ghidra,clean,
WHGame.dll,release_1_5_1164953_841,0x6aab38,500,FUN_1806aab38,,,7be79ddbbf6831a0cfd3f82e3143d9cd5964464f7952837e8cf7ff3d717a339a,undefined FUN_1806aab38(),ghidra,clean,
WHGame.dll,release_1_5_1164953_841,0x6aac4b,7,FUN_1806aac4b,,,5b931b3b8931375bde55ca28e6b83f4dc4ec12e6bcf4085fd76e42809c662b21,undefined FUN_1806aac4b(),ghidra,clean,
WHGame.dll,release_1_5_1164953_841,0x6aac54,155,FUN_1806aac54,,,48d95f036b92e0d65e7fa9a0503404f0bf8001e3d89513f80ad093e96ac7f717,undefined FUN_1806aac54(),ghidra,clean,
WHGame.dll,release_1_5_1164953_841,0x6aacf0,121,FUN_1806aacf0,,,8a7186de16f19132b730f0a820c8705620104e6a07377f4ae80ca485866d8d8f,undefined FUN_1806aacf0(),ghidra,clean,
WHGame.dll,release_1_5_1164953_841,0x6aad40,30,FUN_1806aad40,,,e28c3b8c57ff2efe91a954e0a4cc9c02a56b471c027b28990f16e263d45894f4,undefined FUN_1806aad40(),ghidra,clean,
WHGame.dll,release_1_5_1164953_841,0x6aad60,972,FUN_1806aad60,,,9d355ac6d32bede75347577b648b810fc1556872beba7f492af74b54cdfc5f5c,undefined FUN_1806aad60(),ghidra,clean,
WHGame.dll,release_1_5_1164953_841,0x6ab12c,23,FUN_1806ab12c,,,4a2215c3e820937481093c41c3a2c4fdd1b034767afb06c5e8afd475b2e2dc6a,undefined FUN_1806ab12c(),ghidra,clean,
WHGame.dll,release_1_5_1164953_841,0x6ab144,155,FUN_1806ab144,,,d4e982362c948c8dc54fa797bef1441edcbb9d638e082d598dd24c8c7a8ae3b1,undefined FUN_1806ab144(),ghidra,clean,
WHGame.dll,release_1_5_1164953_841,0x6ab1e0,23,FUN_1806ab1e0,,,d51b3615d2752e920bf8aeb8ba7287b6aba47ebb903cc54b32a810141102fe79,undefined FUN_1806ab1e0(),ghidra,clean,
WHGame.dll,release_1_5_1164953_841,0x6ab1f8,23,FUN_1806ab1f8,,,4a2215c3e820937481093c41c3a2c4fdd1b034767afb06c5e8afd475b2e2dc6a,undefined FUN_1806ab1f8(),ghidra,clean,
WHGame.dll,release_1_5_1164953_841,0x6ab210,155,FUN_1806ab210,,,2516072a23cb76c7f2e0e760a879c022ef47bb223d86dccede016aa373532b4f,undefined FUN_1806ab210(),ghidra,clean,
WHGame.dll,release_1_5_1164953_841,0x6ab2ac,155,FUN_1806ab2ac,,,5e729d0cf74d611bb6b69913d07bd414e8c6b286a8df984fcbdf5acad8283185,undefined FUN_1806ab2ac(),ghidra,clean,
WHGame.dll,release_1_5_1164953_841,0x6ab348,891,FUN_1806ab348,,,4129a9e07452a29160317f0233986d0271059b58751b65931dfd315727b80c20,undefined FUN_1806ab348(),ghidra,clean,
WHGame.dll,release_1_5_1164953_841,0x6ab40c,5,FUN_1806ab40c,,,6f18598b04ecccf18cabc9b8cfb84ad5811a216884b53165c22fc09631568610,undefined FUN_1806ab40c(),ghidra,clean,
WHGame.dll,release_1_5_1164953_841,0x6ab411,4,FUN_1806ab411,,,2ffb5d7bbb9118b00324ef7ceb3fc19a0242cb1db13dcad10f5bef77fd1e45d7,undefined FUN_1806ab411(),ghidra,clean,
WHGame.dll,release_1_5_1164953_841,0x6ab418,484,FUN_1806ab418,,,3db7b98b4dd5890cceb1f8f472ef54e5338e9774ff36cb5e56f99894093510eb,undefined FUN_1806ab418(),ghidra,clean,
WHGame.dll,release_1_5_1164953_841,0x6ab52c,264,FUN_1806ab52c,,,c4d183d017ad395ed80632aa815ecc48229b08c71af89d55d4f219c06c189142,undefined FUN_1806ab52c(),ghidra,clean,
WHGame.dll,release_1_5_1164953_841,0x6ab634,23,FUN_1806ab634,,,4a2215c3e820937481093c41c3a2c4fdd1b034767afb06c5e8afd475b2e2dc6a,undefined FUN_1806ab634(),ghidra,clean,
WHGame.dll,release_1_5_1164953_841,0x6ab64c,155,FUN_1806ab64c,,,dde7a2f1a984d5c8c9774b68b4178616451b9a2b3c27a771303ed7ddbe9257dc,undefined FUN_1806ab64c(),ghidra,clean,
WHGame.dll,release_1_5_1164953_841,0x6ab6e8,891,FUN_1806ab6e8,,,1db1fc585b7e06f6bd487a514241fc7e36a78d959a1466a981d12f3882c049cf,undefined FUN_1806ab6e8(),ghidra,clean,
WHGame.dll,release_1_5_1164953_841,0x6ab7ac,5,FUN_1806ab7ac,,,6f18598b04ecccf18cabc9b8cfb84ad5811a216884b53165c22fc09631568610,undefined FUN_1806ab7ac(),ghidra,clean,
WHGame.dll,release_1_5_1164953_841,0x6ab7b1,4,FUN_1806ab7b1,,,2ffb5d7bbb9118b00324ef7ceb3fc19a0242cb1db13dcad10f5bef77fd1e45d7,undefined FUN_1806ab7b1(),ghidra,clean,
WHGame.dll,release_1_5_1164953_841,0x6ab7b8,53,FUN_1806ab7b8,,,92c81644068abf6d853545ba47f893a54ed25c09db857fefe3d475abb68f6fb9,undefined FUN_1806ab7b8(),ghidra,clean,
WHGame.dll,release_1_5_1164953_841,0x6ab7f0,61,FUN_1806ab7f0,,,81028ae7deffdb83e53fbb5b244f7989e017bfbcf2aab810861ec1f0abc5a2c2,undefined FUN_1806ab7f0(),ghidra,clean,
WHGame.dll,release_1_5_1164953_841,0x6ab830,223,FUN_1806ab830,,,d7516ca572364ad7c3107abe4c502225b4536c3443a8dd230f23510117c8d154,undefined FUN_1806ab830(),ghidra,clean,
WHGame.dll,release_1_5_1164953_841,0x6ab910,66,FUN_1806ab910,,,45726c3805b3ab1169715e0d9c5f9373ed4d8f8fc3930f0f61dc85f95e0db3fa,undefined FUN_1806ab910(),ghidra,clean,
WHGame.dll,release_1_5_1164953_841,0x6ab954,206,FUN_1806ab954,,,1e0a6aaf5c820b4b9000d48b3cf5df7f0b753a91c514517d9dfe36a96e925426,undefined FUN_1806ab954(),ghidra,clean,
WHGame.dll,release_1_5_1164953_841,0x6aba14,130,FUN_1806aba14,,,71858b37822be3a157e7c11536dbb98dd29e19aee660b770e167e7f89cfa73ea,undefined FUN_1806aba14(),ghidra,clean,
WHGame.dll,release_1_5_1164953_841,0x6aba98,33,FUN_1806aba98,,,008d7dd8736e2c4e4934513f584a985289339360364f31f51044593dba1f6567,undefined FUN_1806aba98(),ghidra,clean,
WHGame.dll,release_1_5_1164953_841,0x6ababc,315,FUN_1806ababc,,,a21dfb0d326a1b3522326e0d297b718bc40d504b981c9638cf00e35d1ffdeae8,undefined FUN_1806ababc(),ghidra,clean,
WHGame.dll,release_1_5_1164953_841,0x6abbf8,87,FUN_1806abbf8,,,63207e581858a17bcd5f6a8e77ed74dcd9f9e23688ffabbf8224e40ce393a0c1,undefined FUN_1806abbf8(),ghidra,clean,
WHGame.dll,release_1_5_1164953_841,0x6abc50,216,FUN_1806abc50,,,6c2f67f67aad9e4b76d8d264e77afd1dda0d5991c2b03b1c82a598e99a12638e,undefined FUN_1806abc50(),ghidra,clean,
WHGame.dll,release_1_5_1164953_841,0x6abd28,797,FUN_1806abd28,,,9f685fc7c86d15d16486d5a6624b6df6c58c0e5221ba85a06fa2bbd2029856d9,undefined FUN_1806abd28(),ghidra,clean,
WHGame.dll,release_1_5_1164953_841,0x6ac048,94,FUN_1806ac048,,,2ee0de3d11d8054ba3eab45a3ee92b63b1d2d96fea052157a30170accaa844a8,undefined FUN_1806ac048(),ghidra,clean,
WHGame.dll,release_1_5_1164953_841,0x6ac0a8,122,FUN_1806ac0a8,,,5f5e22d2d2bfbe722b1ba1269527247a44ceeb96db9b54b8dfd850693fcc909f,undefined FUN_1806ac0a8(),ghidra,clean,
WHGame.dll,release_1_5_1164953_841,0x6ac124,891,FUN_1806ac124,,,8689a4709c29331fd438263f6471f058f9c27526c86ee20ea1e067d990629190,undefined FUN_1806ac124(),ghidra,clean,
WHGame.dll,release_1_5_1164953_841,0x6ac1e8,5,FUN_1806ac1e8,,,6f18598b04ecccf18cabc9b8cfb84ad5811a216884b53165c22fc09631568610,undefined FUN_1806ac1e8(),ghidra,clean,
WHGame.dll,release_1_5_1164953_841,0x6ac1ed,4,FUN_1806ac1ed,,,2ffb5d7bbb9118b00324ef7ceb3fc19a0242cb1db13dcad10f5bef77fd1e45d7,undefined FUN_1806ac1ed(),ghidra,clean,
WHGame.dll,release_1_5_1164953_841,0x6ac1f4,52,FUN_1806ac1f4,,,050b6105e4a0c38e57111ae7d52115ba59ef10e4976ae16844a1695372b701d9,undefined FUN_1806ac1f4(),ghidra,clean,
WHGame.dll,release_1_5_1164953_841,0x6ac228,249,FUN_1806ac228,,,f7d3a79237db9d3dcbb81746af6e239f9d7f40ac9f38c8813c0b3482c13468f3,undefined FUN_1806ac228(),ghidra,clean,
WHGame.dll,release_1_5_1164953_841,0x6ac324,162,FUN_1806ac324,,,30fe04fe3743e17bede4f721cdd1b53d0e0dc19161abf959ecb6d906ae61c82b,undefined FUN_1806ac324(),ghidra,clean,
WHGame.dll,release_1_5_1164953_841,0x6ac394,264,FUN_1806ac394,,,0c942ecb90aaeee00542c5376297aef20ed228c981de03e6b1e071200fd84320,undefined FUN_1806ac394(),ghidra,clean,
WHGame.dll,release_1_5_1164953_841,0x6ac49c,992,FUN_1806ac49c,,,ba3468c9a5cd95d83c984b771502287e2212b491d09a7d4de1a8fb0d78afa74d,undefined FUN_1806ac49c(),ghidra,clean,
WHGame.dll,release_1_5_1164953_841,0x6ac58c,26,FUN_1806ac58c,,,819234953c91d716a341edb10dcca2267107efa13f78881bbca64f4a7a11eeca,undefined FUN_1806ac58c(),ghidra,clean,
WHGame.dll,release_1_5_1164953_841,0x6ac5a8,155,FUN_1806ac5a8,,,9a33b4cec7666fa9fcc323b1b1b656a0e559283bdfa8b63dafb6df15c222eb36,undefined FUN_1806ac5a8(),ghidra,clean,
WHGame.dll,release_1_5_1164953_841,0x6ac650,200,FUN_1806ac650,,,6f3e60d42efca9b9e5448da79062c28c65e6884f87f106fc8bbd912bfb952d32,undefined FUN_1806ac650(),ghidra,clean,
WHGame.dll,release_1_5_1164953_841,0x6ac718,264,FUN_1806ac718,,,7edd12619a05b725e530e505760c6f05eb960522d5f208c02cf31fcefc7677f1,undefined FUN_1806ac718(),ghidra,clean,
WHGame.dll,release_1_5_1164953_841,0x6ac820,155,FUN_1806ac820,,,72a9411e5d926e91b3f77d31932ea42bbff479de424b76f0ce3703f2aaa4feb9,undefined FUN_1806ac820(),ghidra,clean,
WHGame.dll,release_1_5_1164953_841,0x6ac8bc,181,FUN_1806ac8bc,,,2bb4964c86603e6d3d1c8a6c91964ac34d4cbadad7628aa5ee855bdf7ba51d1d,undefined FUN_1806ac8bc(),ghidra,clean,
WHGame.dll,release_1_5_1164953_841,0x6ac974,174,FUN_1806ac974,,,aa3ae39a1843eac0bedaf4fbe4510ac2df13cf2888da91d46081d23361502fe8,undefined FUN_1806ac974(),ghidra,clean,
WHGame.dll,release_1_5_1164953_841,0x6aca24,154,FUN_1806aca24,,,c09807f9cdcc015698f9c0897c1ba4a74847b3a3bc4d9bc1efd925c2848456f1,undefined FUN_1806aca24(),ghidra,clean,
WHGame.dll,release_1_5_1164953_841,0x6acac0,106,FUN_1806acac0,,,d2fd83edf61d3706fe8d0e60b6e64228b4460dff61197f27741f4d584f0108d9,undefined FUN_1806acac0(),ghidra,clean,
WHGame.dll,release_1_5_1164953_841,0x6acaf8,99,FUN_1806acaf8,,,27e29b3b13c7edb8d2d460b02cb00ab1d1bbba67bd51eb37939f24b2586a9dae,undefined FUN_1806acaf8(),ghidra,clean,
WHGame.dll,release_1_5_1164953_841,0x6acb4c,33,FUN_1806acb4c,,,f514ff8ebd4f686d7a9bb481b6a082c61fddfc44f9d066f7ad717c52c665c7ef,undefined FUN_1806acb4c(),ghidra,clean,
WHGame.dll,release_1_5_1164953_841,0x6acb70,96,FUN_1806acb70,,,57a36f6a9acfdece9dba93252e6d955507d5aa83dcb90ec82ac581bfd044448c,undefined FUN_1806acb70(),ghidra,clean,
WHGame.dll,release_1_5_1164953_841,0x6acbd0,1038,FUN_1806acbd0,,,d14e6d5178c173ed5eec58f109f2b180d225b9c3ce47f492615389d5c7240483,undefined FUN_1806acbd0(),ghidra,clean,
WHGame.dll,release_1_5_1164953_841,0x6accec,264,FUN_1806accec,,,4ab3704eb633dcac2d65d506e4209bc5223be4236ff01a04c6fd2fd25ef6411d,undefined FUN_1806accec(),ghidra,clean,
WHGame.dll,release_1_5_1164953_841,0x6acdf4,26,FUN_1806acdf4,,,819234953c91d716a341edb10dcca2267107efa13f78881bbca64f4a7a11eeca,undefined FUN_1806acdf4(),ghidra,clean,
WHGame.dll,release_1_5_1164953_841,0x6ace10,155,FUN_1806ace10,,,43d8565282b61178acbf8c26e2defe442db36165a8536ae48e41fe3366a73366,undefined FUN_1806ace10(),ghidra,clean,
WHGame.dll,release_1_5_1164953_841,0x6aceac,348,FUN_1806aceac,,,6b479a77ea6720c02e3d4885a5f514aab580ae7895d1b906f73c93ef6921d3b8,undefined FUN_1806aceac(),ghidra,clean,
WHGame.dll,release_1_5_1164953_841,0x6ad008,87,FUN_1806ad008,,,3f552ad8d3e6ba2a97802b7ddf2b19e554071a3640e58c7ef4959d573a41f61d,undefined FUN_1806ad008(),ghidra,clean,
WHGame.dll,release_1_5_1164953_841,0x6ad060,86,FUN_1806ad060,,,c5f11e7a6ae13f075829f5d6eaae110088f8d215f09932bf36238ee4fcb9f0a0,undefined FUN_1806ad060(),ghidra,clean,
WHGame.dll,release_1_5_1164953_841,0x6ad0b8,85,FUN_1806ad0b8,,,8d2802f093e6f72774a06f2aa612066dfaab01bb9b035fe8ab9129d900f11281,undefined FUN_1806ad0b8(),ghidra,clean,
WHGame.dll,release_1_5_1164953_841,0x6ad0ec,155,FUN_1806ad0ec,,,d3f90d1050327b98329eabf6ff5277590d90f9720e161ed4764078e2f77d06d5,undefined FUN_1806ad0ec(),ghidra,clean,
WHGame.dll,release_1_5_1164953_841,0x6ad188,86,FUN_1806ad188,,,8083831aeadff071aebad05b1db26ebbb4a03f5a539f92ff37f710fc4f7f6ccd,undefined FUN_1806ad188(),ghidra,clean,
WHGame.dll,release_1_5_1164953_841,0x6ad1e0,105,FUN_1806ad1e0,,,bc1620430c8af9ea957c4b603db1f9f525c985257c56c62a4554095c6752fd5d,undefined FUN_1806ad1e0(),ghidra,clean,
WHGame.dll,release_1_5_1164953_841,0x6ad28c,433,FUN_1806ad28c,,,10bc25ae5ebfad0601f58eac8dea2fc91fb2c15bb0949752d394c2229dbb6c3d,undefined FUN_1806ad28c(),ghidra,clean,
WHGame.dll,release_1_5_1164953_841,0x6ad398,63,FUN_1806ad398,,,3d0b439723fbc4feb82c278b92f992a047a41d90495c181e52119ce53fb53463,undefined FUN_1806ad398(),ghidra,clean,
WHGame.dll,release_1_5_1164953_841,0x6ad3d8,560,FUN_1806ad3d8,,,f172932d61b4c421b98b9aabb2711c5a8df9d25f6ffa4d121e8a19a46a18853f,undefined FUN_1806ad3d8(),ghidra,clean,
WHGame.dll,release_1_5_1164953_841,0x6ad594,291,FUN_1806ad594,,,99192fe821566d4109d639a129e54c18e04bec1d8700b41fd2c167031da71dbd,undefined FUN_1806ad594(),ghidra,clean,
WHGame.dll,release_1_5_1164953_841,0x6ad694,202,FUN_1806ad694,,,dc2a1ad10ce99008a48d80cf9737497ad69a45e6265d0f6cfa1c85547e27eca6,undefined FUN_1806ad694(),ghidra,clean,
WHGame.dll,release_1_5_1164953_841,0x6ad710,155,FUN_1806ad710,,,bebc962c18d3efdf3c172da16a2eb9b74f0a0c068c0942178949cd40a263acd2,undefined FUN_1806ad710(),ghidra,clean,
WHGame.dll,release_1_5_1164953_841,0x6ad7ac,806,FUN_1806ad7ac,,,26668258e2fdbec8931e70a07475c3151c5e580e152c03fc900e42b7b8d73324,undefined FUN_1806ad7ac(),ghidra,clean,
WHGame.dll,release_1_5_1164953_841,0x6ad874,446,FUN_1806ad874,,,1a9801fe316665496055de68858339e03e21c9f3a63a3751c905f1a9e31da8ae,undefined FUN_1806ad874(),ghidra,clean,
WHGame.dll,release_1_5_1164953_841,0x6ad9a8,86,FUN_1806ad9a8,,,3112019938ce6124c8e2cbceab7d6d3662465a1532aaad70b07b34ce9e3304c2,undefined FUN_1806ad9a8(),ghidra,clean,
WHGame.dll,release_1_5_1164953_841,0x6ada14,83,FUN_1806ada14,,,7dd943831c425c9ffe2facdd1fb30a38a4604b0478e212bb10c61b783bfcc632,undefined FUN_1806ada14(),ghidra,clean,
WHGame.dll,release_1_5_1164953_841,0x6ada68,855,FUN_1806ada68,,,f9a63c2357fb9281dca6390ceeade4888affd8cad149673619effd24494e7f8c,undefined FUN_1806ada68(),ghidra,clean,
WHGame.dll,release_1_5_1164953_841,0x6adc3c,105,FUN_1806adc3c,,,9e347eb571969ffef59e2d7247c6bbc5e514b972734a6feb45eb24e61d7b682f,undefined FUN_1806adc3c(),ghidra,clean,
WHGame.dll,release_1_5_1164953_841,0x6adc74,155,FUN_1806adc74,,,0eabe68da7046c235ff1b0e89d110be8a6cf6c27faa81c9b858ed0b29c8562a0,undefined FUN_1806adc74(),ghidra,clean,
WHGame.dll,release_1_5_1164953_841,0x6add10,78,FUN_1806add10,,,30c18fc100a9378ea125c9e8a517648960e12e361aceff408c292a99642c20bb,undefined FUN_1806add10(),ghidra,clean,
WHGame.dll,release_1_5_1164953_841,0x6add50,170,FUN_1806add50,,,dd84feef54600d085d599c2a12dc396fd4a3b15e98b1c74c175ca8838839af08,undefined FUN_1806add50(),ghidra,clean,
WHGame.dll,release_1_5_1164953_841,0x6addc8,85,FUN_1806addc8,,,6beca9c54d1c9c86e7a89af67b20eb0e6e3a564d48f843070d7767c4e3252673,undefined FUN_1806addc8(),ghidra,clean,
WHGame.dll,release_1_5_1164953_841,0x6ade20,87,FUN_1806ade20,,,65517fb0f03fb0eb5b7e2b732f6eaddfb94d16add8060ecd30a2a4bc999c8b17,undefined FUN_1806ade20(),ghidra,clean,
WHGame.dll,release_1_5_1164953_841,0x6ade78,85,FUN_1806ade78,,,1936e3d5ff5e15deebca878120dda2490087ca8fa80630e72b137aef2174633b,undefined FUN_1806ade78(),ghidra,clean,
WHGame.dll,release_1_5_1164953_841,0x6adeac,155,FUN_1806adeac,,,fc2eb39c3bfc5dd028fe20136703c4d45d5a39be43cdb7c240c8d9a43a99ce38,undefined FUN_1806adeac(),ghidra,clean,
WHGame.dll,release_1_5_1164953_841,0x6adf48,136,FUN_1806adf48,,,11184549e0ad247eb607917adc9cd9c73c4337c164ac1a3bbd576b7d4e7219bc,undefined FUN_1806adf48(),ghidra,clean,
WHGame.dll,release_1_5_1164953_841,0x6adfd0,63,FUN_1806adfd0,,,38ea7cdbda8c82fea8ca606c447fccc9087a8537f514c1a22a8abecc4a8383bc,undefined FUN_1806adfd0(),ghidra,clean,
WHGame.dll,release_1_5_1164953_841,0x6ae010,105,FUN_1806ae010,,,7b13ac22e597dead6607843927911869b6386c9829462b6b8c2842e3cde6bc22,undefined FUN_1806ae010(),ghidra,clean,
WHGame.dll,release_1_5_1164953_841,0x6ae048,868,FUN_1806ae048,,,4090d06ede8b0b7a8fc7801e6bd3cebde22c8ce6710fa08e48d6389afca58b5f,undefined FUN_1806ae048(),ghidra,clean,
WHGame.dll,release_1_5_1164953_841,0x6ae100,155,FUN_1806ae100,,,de5c57b1162bfdf2cbcd4f1686f4265134f1f1f504635522c36e90e507203f7b,undefined FUN_1806ae100(),ghidra,clean,
WHGame.dll,release_1_5_1164953_841,0x6ae19c,30,FUN_1806ae19c,,,f33a999c4b1aec8819728ce3bf221a624371c8587ca6aae770fd9d855903ca25,undefined FUN_1806ae19c(),ghidra,clean,
WHGame.dll,release_1_5_1164953_841,0x6ae1bc,26,FUN_1806ae1bc,,,910774aee570306d44e827c41989ecf10bbd45227a4fff7fe92b9d4befdf01ab,undefined FUN_1806ae1bc(),ghidra,clean,
WHGame.dll,release_1_5_1164953_841,0x6ae1d8,503,FUN_1806ae1d8,,,0c75a9a14aa3fb02669b7b70e7bfc6fdc2e46ae3587d1a0fd259a36f812f9e62,undefined FUN_1806ae1d8(),ghidra,clean,
WHGame.dll,release_1_5_1164953_841,0x6ae2fc,155,FUN_1806ae2fc,,,ccffb048212a72c74474dfc5d07c6f6732b54a2fa281e913fcd89db7de2292b0,undefined FUN_1806ae2fc(),ghidra,clean,
WHGame.dll,release_1_5_1164953_841,0x6ae398,155,FUN_1806ae398,,,dbd77e92c07c5d86b70928547055fd68bce43719ca0685ffcb89cd680533a6f3,undefined FUN_1806ae398(),ghidra,clean,
WHGame.dll,release_1_5_1164953_841,0x6ae434,155,FUN_1806ae434,,,a3704dcbbb7009254927b77378815c6a96d379395fd02612a7e9cea6e4242847,undefined FUN_1806ae434(),ghidra,clean,
WHGame.dll,release_1_5_1164953_841,0x6ae4d0,83,FUN_1806ae4d0,,,6f1085974efcda058af9a332a984fa191d1d6154491a16ea55faf17fd04aee10,undefined FUN_1806ae4d0(),ghidra,clean,
WHGame.dll,release_1_5_1164953_841,0x6ae524,87,FUN_1806ae524,,,1946adf6776a2adfe1fee58c8daa6207ca0a192987b5f1154dd354e828360c19,undefined FUN_1806ae524(),ghidra,clean,
WHGame.dll,release_1_5_1164953_841,0x6ae57c,85,FUN_1806ae57c,,,b183b84c91a94567b24d6c4cbfe53dda0994c8fce69c3bff38d1e51009f8d312,undefined FUN_1806ae57c(),ghidra,clean,
WHGame.dll,release_1_5_1164953_841,0x6ae5b0,87,FUN_1806ae5b0,,,bb9622df085f55979f31d21aef1299c0f776078b449e8b9683465f4f7e988b08,undefined FUN_1806ae5b0(),ghidra,clean,
WHGame.dll,release_1_5_1164953_841,0x6ae608,105,FUN_1806ae608,,,463cd60e70ae667c03d3fcc60ea331cc485e4bdd7bd0961c1a45e04ebc33d143,undefined FUN_1806ae608(),ghidra,clean,
WHGame.dll,release_1_5_1164953_841,0x6ae640,133,FUN_1806ae640,,,16ef58c41f2bd2c32e82d39795883c7c28b107448d819baefca3c403d96a72bb,undefined FUN_1806ae640(),ghidra,clean,
WHGame.dll,release_1_5_1164953_841,0x6ae6c8,897,FUN_1806ae6c8,,,9d654680b552e40f5d8dfc9e3ebf6d665756c811f6cadedf38314370154f0a3a,undefined FUN_1806ae6c8(),ghidra,clean,
WHGame.dll,release_1_5_1164953_841,0x6ae9c8,133,FUN_1806ae9c8,,,f585b5b44dacf9a0c751992880907b3efd758c6cdd98dab8584f23c95a0db70e,undefined FUN_1806ae9c8(),ghidra,clean,
WHGame.dll,release_1_5_1164953_841,0x6aea50,96,FUN_1806aea50,,,69785a26fbf567ee8b5fe08df72b17c10679163942700dfed5c71fb1db8396de,undefined FUN_1806aea50(),ghidra,clean,
WHGame.dll,release_1_5_1164953_841,0x6aeab0,43,FUN_1806aeab0,,,997c7956cce04a98d6fe3552cf00ad1468c2abf129e0303166813cad2ed7c495,undefined FUN_1806aeab0(),ghidra,clean,
WHGame.dll,release_1_5_1164953_841,0x6aeadc,157,FUN_1806aeadc,,,8f4c17d309a23d41c069379691938759565a9ebb2aadef1bf3c6793c5d76b86c,undefined FUN_1806aeadc(),ghidra,clean,
WHGame.dll,release_1_5_1164953_841,0x6aeb58,109,FUN_1806aeb58,,,77811eefff1d1468772627c2894ad0bf82fb9c5888ab430f0f6410a6d735593b,undefined FUN_1806aeb58(),ghidra,clean,
WHGame.dll,release_1_5_1164953_841,0x6aeb90,823,FUN_1806aeb90,,,143cd307a53b13d97d4fd9071d8fbacc54697019b4216524cc8befeb6d0f0b64,undefined FUN_1806aeb90(),ghidra,clean,
WHGame.dll,release_1_5_1164953_841,0x6aec8e,8,FUN_1806aec8e,,,deec4c8f29ad30ef8080579e4b49c602f04a4c166f3c4679ea0d68ebb35093df,undefined FUN_1806aec8e(),ghidra,clean,
WHGame.dll,release_1_5_1164953_841,0x6aecec,155,FUN_1806aecec,,,9083f3c916ee1bc40c0156d48de5f5ab0639ce40e277a5c0207f39403897dd06,undefined FUN_1806aecec(),ghidra,clean,
WHGame.dll,release_1_5_1164953_841,0x6aed88,620,FUN_1806aed88,,,4ab4dfa873c2734ee560bf497196b85c4a1b5d07794e9846935a996b526f6548,undefined FUN_1806aed88(),ghidra,clean,
WHGame.dll,release_1_5_1164953_841,0x6aeff4,34,FUN_1806aeff4,,,88047c675460a52ab23a8e950446c169e1e06b55b986f5d745a668de1757c6ee,undefined FUN_1806aeff4(),ghidra,clean,
WHGame.dll,release_1_5_1164953_841,0x6af018,57,FUN_1806af018,,,757ed2a339de15a7afe2caa00d7c907656bb13799ed6475bd25636cb1b0d55db,undefined FUN_1806af018(),ghidra,clean,
WHGame.dll,release_1_5_1164953_841,0x6af054,85,FUN_1806af054,,,d5641bb5514492e9743399ac691c842c638c75602b3dbf4bdb5528486aee1543,undefined FUN_1806af054(),ghidra,clean,
WHGame.dll,release_1_5_1164953_841,0x6af0ac,85,FUN_1806af0ac,,,cdc42ec29ac4fa2d44b3cf0c6d65909f202fa7ab89756fce3901170bd6f5a6a3,undefined FUN_1806af0ac(),ghidra,clean,
WHGame.dll,release_1_5_1164953_841,0x6af0e0,155,FUN_1806af0e0,,,f7313c1e0827341bcf761e0caabefcf93b2f26f13d73b63023a53f218247b78f,undefined FUN_1806af0e0(),ghidra,clean,
WHGame.dll,release_1_5_1164953_841,0x6af17c,85,FUN_1806af17c,,,16cecdedf7ebe0c52ee6125485f2a670236dc1bc342caaf948c86855234088df,undefined FUN_1806af17c(),ghidra,clean,
WHGame.dll,release_1_5_1164953_841,0x6af1d4,26,FUN_1806af1d4,,,2970df883e1f99e438dedab88cc2d65a7ac6c5bbdfbfcbf3d54003fbd3db2925,undefined FUN_1806af1d4(),ghidra,clean,
WHGame.dll,release_1_5_1164953_841,0x6af1f0,85,FUN_1806af1f0,,,b14949f89e0e6ec17283e0433ca351cee79428c55e0305e00acceab2e653b5a9,undefined FUN_1806af1f0(),ghidra,clean,
WHGame.dll,release_1_5_1164953_841,0x6af248,109,FUN_1806af248,,,fb91bd2288cfd9046a5e8aff856d483eb5564ec4c9555c072b041da4397d81a7,undefined FUN_1806af248(),ghidra,clean,
WHGame.dll,release_1_5_1164953_841,0x6af280,472,FUN_1806af280,,,05208932709ee6c34f24e38daa3a64316f5aa919b5416a7627a2701ce2b37623,undefined FUN_1806af280(),ghidra,clean,
WHGame.dll,release_1_5_1164953_841,0x6af3b0,23,FUN_1806af3b0,,,4a2215c3e820937481093c41c3a2c4fdd1b034767afb06c5e8afd475b2e2dc6a,undefined FUN_1806af3b0(),ghidra,clean,
WHGame.dll,release_1_5_1164953_841,0x6af3c8,155,FUN_1806af3c8,,,d8f765e0d83006bbad46f3cf18d5648db432501660254962ddb27f9cfda1d34f,undefined FUN_1806af3c8(),ghidra,clean,
WHGame.dll,release_1_5_1164953_841,0x6af464,87,FUN_1806af464,,,03a4e9651a68dee24c8db01f800259434671a02ab5bf675b4689056690f9bf84,undefined FUN_1806af464(),ghidra,clean,
WHGame.dll,release_1_5_1164953_841,0x6af4bc,50,FUN_1806af4bc,,,213ac7a161360a5ed30b555178b899009e24e2fc980384ff459be734f529e864,undefined FUN_1806af4bc(),ghidra,clean,
WHGame.dll,release_1_5_1164953_841,0x6af4f0,50,FUN_1806af4f0,,,4864d98ccf0e41969c1c4f5b036cb77ef76ab530d5eaba0ef549f1c5d724fe75,undefined FUN_1806af4f0(),ghidra,clean,
WHGame.dll,release_1_5_1164953_841,0x6af524,169,FUN_1806af524,,,074bd4ec8ba8f24f1dd9d060b6609e5271bbc38b247474a92856ae3894e73c87,undefined FUN_1806af524(),ghidra,clean,
WHGame.dll,release_1_5_1164953_841,0x6af59c,200,FUN_1806af59c,,,658e4c765dac68eed83c4ae8dde4c861eb48c16fdf1252ed4655c35c41cc4bb4,undefined FUN_1806af59c(),ghidra,clean,
WHGame.dll,release_1_5_1164953_841,0x6af660,309,FUN_1806af660,,,153e69f00ac71c7e485c614e1284f0a35614d7d39d08c513cf149d991f9a3976,undefined FUN_1806af660(),ghidra,clean,
WHGame.dll,release_1_5_1164953_841,0x6af798,23,FUN_1806af798,,,4a2215c3e820937481093c41c3a2c4fdd1b034767afb06c5e8afd475b2e2dc6a,undefined FUN_1806af798(),ghidra,clean,
WHGame.dll,release_1_5_1164953_841,0x6af7b0,155,FUN_1806af7b0,,,7e0faaa4e49553ea08fae3779db642c914152ca3000f885c041563f6570e4719,undefined FUN_1806af7b0(),ghidra,clean,
WHGame.dll,release_1_5_1164953_841,0x6af84c,213,FUN_1806af84c,,,b730e36389244a601edb7e753aebcabda11bc546953dd906ce6bde46fb6b1cfe,undefined FUN_1806af84c(),ghidra,clean,
WHGame.dll,release_1_5_1164953_841,0x6af910,216,FUN_1806af910,,,23c9460029b61326ee00440fa5c1274841028495f6a16d22e5bf5fdf6f1f8cb9,undefined FUN_1806af910(),ghidra,clean,
WHGame.dll,release_1_5_1164953_841,0x6af9e8,155,FUN_1806af9e8,,,8695bd6fa3d377b1d1b88d99fad672031e2219dbcb21c681b6fd67e4f3e6097a,undefined FUN_1806af9e8(),ghidra,clean,
WHGame.dll,release_1_5_1164953_841,0x6afa84,85,FUN_1806afa84,,,c930ba9c15e7683f71fb5a845b6dce8da77583d5326a6e382d486c9b5151474d,undefined FUN_1806afa84(),ghidra,clean,
WHGame.dll,release_1_5_1164953_841,0x6afadc,85,FUN_1806afadc,,,675be054ae16cdccf0efea7a3c8756a531a192b6768076f07699c2865bc59b09,undefined FUN_1806afadc(),ghidra,clean,
WHGame.dll,release_1_5_1164953_841,0x6afb10,133,FUN_1806afb10,,,ca73c8c51c6f54c2c55b35b9b670185da77ee0c97897993b1cfc1c15045b3b45,undefined FUN_1806afb10(),ghidra,clean,
WHGame.dll,release_1_5_1164953_841,0x6afb98,159,FUN_1806afb98,,,f8f621665090c27948399552c8df7934eb21f6e5703d74ee8233187d04139f4e,undefined FUN_1806afb98(),ghidra,clean,
WHGame.dll,release_1_5_1164953_841,0x6afc14,109,FUN_1806afc14,,,a1741b49752909e8cfab5316e8f43424f64b9c47b8d47cee08fe3a29c98abe09,undefined FUN_1806afc14(),ghidra,clean,
WHGame.dll,release_1_5_1164953_841,0x6afc4c,827,FUN_1806afc4c,,,a9a1694eb06a8152f9a4ddcd7175184aeea80a26222b83e183976ba06df0dd07,undefined FUN_1806afc4c(),ghidra,clean,
WHGame.dll,release_1_5_1164953_841,0x6afdac,23,FUN_1806afdac,,,4a2215c3e820937481093c41c3a2c4fdd1b034767afb06c5e8afd475b2e2dc6a,undefined FUN_1806afdac(),ghidra,clean,
WHGame.dll,release_1_5_1164953_841,0x6afdc4,155,FUN_1806afdc4,,,9acef8e7b49e64de5ebcff19922d555f53f7f6df4ae12773e7926e4b2e26b46c,undefined FUN_1806afdc4(),ghidra,clean,
WHGame.dll,release_1_5_1164953_841,0x6afe60,567,FUN_1806afe60,,,3dc46abfa1a172a8ce81b33a8a0bd17146e1bbc56a643dae287613df06fa0513,undefined FUN_1806afe60(),ghidra,clean,
WHGame.dll,release_1_5_1164953_841,0x6aff94,30,FUN_1806aff94,,,971f61639c7f77d25dd3ec61d8964d5dc9610db01dd153dd5cd360cd1bbefe7b,undefined FUN_1806aff94(),ghidra,clean,
WHGame.dll,release_1_5_1164953_841,0x6affb4,474,FUN_1806affb4,,,a4e2c514c1006b56482746616e992915533d4f174f16f7395f57dc9878e8f038,undefined FUN_1806affb4(),ghidra,clean,
WHGame.dll,release_1_5_1164953_841,0x6b00fc,38,FUN_1806b00fc,,,8694fa9bafb165ff47125d484d2e06b2b7a643928a096cbca2c3f82620035e84,undefined FUN_1806b00fc(),ghidra,clean,
WHGame.dll,release_1_5_1164953_841,0x6b0124,395,FUN_1806b0124,,,8b5ddea2bbb168b862f4d70ba6449989b9c926e7ad008bacafc06fd5e116cc02,undefined FUN_1806b0124(),ghidra,clean,
WHGame.dll,release_1_5_1164953_841,0x6b0204,91,FUN_1806b0204,,,c33e265ecc86d71728df3f13bafce925db0070a37efedf5fff841c6159e2f042,undefined FUN_1806b0204(),ghidra,clean,
WHGame.dll,release_1_5_1164953_841,0x6b0244,252,FUN_1806b0244,,,47d6c323cef2008a9065e8366c47c222c25d98a85cf779df1b7fc4d65f8ba5c4,undefined FUN_1806b0244(),ghidra,clean,
WHGame.dll,release_1_5_1164953_841,0x6b0340,27,FUN_1806b0340,,,76c25df1a4d18ed933eecb733cebfd0a170e021caa5088c1033528e964779a0d,undefined FUN_1806b0340(),ghidra,clean,
WHGame.dll,release_1_5_1164953_841,0x6b035c,110,FUN_1806b035c,,,df44834e3b9fa948c5dcedf30eb7b321baac090fd46bdfdd94cfb2fb130854a7,undefined FUN_1806b035c(),ghidra,clean,
WHGame.dll,release_1_5_1164953_841,0x6b03b0,81,FUN_1806b03b0,,,156aada40f47b5eda91a635531320f1b83dffe7f08d727d3fa68ec0556d809c8,undefined FUN_1806b03b0(),ghidra,clean,
WHGame.dll,release_1_5_1164953_841,0x6b03f0,110,FUN_1806b03f0,,,81203f7344760a1403c09c878558b38a2e5f7645089514d2e885251cf785f3b8,undefined FUN_1806b03f0(),ghidra,clean,
WHGame.dll,release_1_5_1164953_841,0x6b0434,104,FUN_1806b0434,,,9ad8a3d97d7945b4037a77dd55426cc6d8fd0383c1da3c8ae557f2deed6267f3,undefined FUN_1806b0434(),ghidra,clean,
WHGame.dll,release_1_5_1164953_841,0x6b049c,197,FUN_1806b049c,,,2c6b82ad662198674bc282a22f3458f9cb055adfa5ca328fd6f4ec9fa28481d4,undefined FUN_1806b049c(),ghidra,clean,
WHGame.dll,release_1_5_1164953_841,0x6b0564,464,FUN_1806b0564,,,25005e847e2f69cdef154606fabbf797589194de20745118dd45d410ab7d06a9,undefined FUN_1806b0564(),ghidra,clean,
WHGame.dll,release_1_5_1164953_841,0x6b061c,86,FUN_1806b061c,,,f3aebb7d862fe4da98ba6d2900b450fa1deb876339815b7d4a66df06ab7e0f3d,undefined FUN_1806b061c(),ghidra,clean,
WHGame.dll,release_1_5_1164953_841,0x6b0674,150,FUN_1806b0674,,,8e029c1dca8dcb31b64ebb091bf89eb3712cb6b3e3eca34c81a33984c96d1270,undefined FUN_1806b0674(),ghidra,clean,
WHGame.dll,release_1_5_1164953_841,0x6b070c,207,FUN_1806b070c,,,785732140b1991364229ceb1e520a2416801aeb461b58aa16175f23ede02ac87,undefined FUN_1806b070c(),ghidra,clean,
WHGame.dll,release_1_5_1164953_841,0x6b078c,155,FUN_1806b078c,,,b726f3e05d1fbff270c1a647680b4e0bca79af2057bf75d7fca7c1e8f9f3bd09,undefined FUN_1806b078c(),ghidra,clean,
WHGame.dll,release_1_5_1164953_841,0x6b0828,534,FUN_1806b0828,,,a2bcb547fb7521f097cc1c0e54b7d83cfce7a11e88f50ab5ab4915b0ef928a40,undefined FUN_1806b0828(),ghidra,clean,
WHGame.dll,release_1_5_1164953_841,0x6b09c4,806,FUN_1806b09c4,,,f821d1f6d728758b339fbee98f22e8ba5caa575017b7e41e938a016b346f2c43,undefined FUN_1806b09c4(),ghidra,clean,
WHGame.dll,release_1_5_1164953_841,0x6b0a8c,92,FUN_1806b0a8c,,,b4e3a2fe58eceeed4b002568c3a2280386e36b44a8c1e30d4ba33d7211044ebb,undefined FUN_1806b0a8c(),ghidra,clean,
WHGame.dll,release_1_5_1164953_841,0x6b0ae8,50,FUN_1806b0ae8,,,b00d35b1618b3b34a47bde4eb1655aba1d5823b93a7b042dd2f2c98172b948b7,undefined FUN_1806b0ae8(),ghidra,clean,
WHGame.dll,release_1_5_1164953_841,0x6b0b1c,83,FUN_1806b0b1c,,,2dcd04beebc98862e9ce52b1b0e48b64bba5322cce2c8e0d90b60ddc9f8a89ed,undefined FUN_1806b0b1c(),ghidra,clean,
WHGame.dll,release_1_5_1164953_841,0x6b0b70,116,FUN_1806b0b70,,,6c1ec6f2f9420add93b25237500d61af2e629bd2895cb080f76632e4eeee044e,undefined FUN_1806b0b70(),ghidra,clean,
WHGame.dll,release_1_5_1164953_841,0x6b0be4,87,FUN_1806b0be4,,,18f221ae4a874bb38a99b17976b4a988803bb41474bf76e9992619ef2205052b,undefined FUN_1806b0be4(),ghidra,clean,
WHGame.dll,release_1_5_1164953_841,0x6b0c10,55,FUN_1806b0c10,,,7594d2ef1f59defe7e0fb022835318d58616a90f9c2616d06646ef5dc7fc1d2e,undefined FUN_1806b0c10(),ghidra,clean,
WHGame.dll,release_1_5_1164953_841,0x6b0c38,200,FUN_1806b0c38,,,5fec511f482e5a949ff792a70159c3da260f149c6b6035bda54e902787e35a64,undefined FUN_1806b0c38(),ghidra,clean,
WHGame.dll,release_1_5_1164953_841,0x6b0ce8,113,FUN_1806b0ce8,,,aeeda25ccb3ff8ba54ddd90e8dd5be06ba1a170efe404ed4061fa0cbf4ffdc2b,undefined FUN_1806b0ce8(),ghidra,clean,
WHGame.dll,release_1_5_1164953_841,0x6b0d5c,94,FUN_1806b0d5c,,,4fe6d16cb6645d69bdb240247d2b7cc0f9eea38cd897952c30211d47af2124a6,undefined FUN_1806b0d5c(),ghidra,clean,
WHGame.dll,release_1_5_1164953_841,0x6b0dbc,20,FUN_1806b0dbc,,,72dc70748a3ff04df5a7694c6b4a8d30a453862ce09fdae858886aba216af52c,undefined FUN_1806b0dbc(),ghidra,clean,
WHGame.dll,release_1_5_1164953_841,0x6b0dd0,15,FUN_1806b0dd0,,,0c8739fa2b1ae865446aa3bd784fd45cfb40a578bb6aa0fd62692d71bc411fe1,undefined FUN_1806b0dd0(),ghidra,clean,
WHGame.dll,release_1_5_1164953_841,0x6b0de0,38,FUN_1806b0de0,,,c8149daeba352f639174ab654ba52f89da4ee645abbaebb144eaae8caebf06a7,undefined FUN_1806b0de0(),ghidra,clean,
WHGame.dll,release_1_5_1164953_841,0x6b0e08,90,FUN_1806b0e08,,,a6c62c09ec52b701b7bdf739f33f819008b23fe133e9dfe9c5102fcb925aaca8,undefined FUN_1806b0e08(),ghidra,clean,
WHGame.dll,release_1_5_1164953_841,0x6b0e64,94,FUN_1806b0e64,,,d1e3b8d380f29c334581bd37e4c93fe7d0f63be50ac185768154440fa4e4a837,undefined FUN_1806b0e64(),ghidra,clean,
WHGame.dll,release_1_5_1164953_841,0x6b0ec4,68,FUN_1806b0ec4,,,60c4160e7f60b8a07e57903afe70370d22c46d921c4b9625e683417d80950b02,undefined FUN_1806b0ec4(),ghidra,clean,
WHGame.dll,release_1_5_1164953_841,0x6b0f08,269,FUN_1806b0f08,,,c115de127169541d584258103c7b140c6ac9f9801a3024cb11ef41ebc277bfe7,undefined FUN_1806b0f08(),ghidra,clean,
WHGame.dll,release_1_5_1164953_841,0x6b1018,11,FUN_1806b1018,,,0dc75c03896e4dd06f58e1c25fca49a231ad2a99edadaa2083c7d34eae01d5b7,undefined FUN_1806b1018(),ghidra,clean,
WHGame.dll,release_1_5_1164953_841,0x6b1024,117,FUN_1806b1024,,,4857e755c757103da392825de75641cee1f2ea790162bc8674b18905976ea7b4,undefined FUN_1806b1024(),ghidra,clean,
WHGame.dll,release_1_5_1164953_841,0x6b109c,214,FUN_1806b109c,,,12edccd73e9343c32c4761e663182dec448a1e76fdfb30286fa490ddfdbaebc3,undefined FUN_1806b109c(),ghidra,clean,
WHGame.dll,release_1_5_1164953_841,0x6b1174,214,FUN_1806b1174,,,57c7080803869054775881f915e58fe64ac8bbdfc711f4322218992e0433fb1e,undefined FUN_1806b1174(),ghidra,clean,
WHGame.dll,release_1_5_1164953_841,0x6b124c,52,FUN_1806b124c,,,d9e337cbeecdb2aa8c83a956a40806d010fd8416d7bb825e5c0397c36d3413c0,undefined FUN_1806b124c(),ghidra,clean,
WHGame.dll,release_1_5_1164953_841,0x6b1280,248,FUN_1806b1280,,,febe232174787da07e3aafeb65ed15cd5c7c32104052f08ff4eace34f35c4c01,undefined FUN_1806b1280(),ghidra,clean,
WHGame.dll,release_1_5_1164953_841,0x6b1378,127,FUN_1806b1378,,,cfdc0d98b742b71cb0d2d1c7866c134bd519acc45326108648b89720fdefa782,undefined FUN_1806b1378(),ghidra,clean,
WHGame.dll,release_1_5_1164953_841,0x6b13f8,102,FUN_1806b13f8,,,b7d70a95c832a9a93a536e470373334f5c57bc34f0ab4ed3e24ec33e5694acb7,undefined FUN_1806b13f8(),ghidra,clean,
WHGame.dll,release_1_5_1164953_841,0x6b1460,98,FUN_1806b1460,,,ba2be5c696b8993c23a02d1adc6bcbaf53ec0bd5b8e47029cee150bb0c590615,undefined FUN_1806b1460(),ghidra,clean,
WHGame.dll,release_1_5_1164953_841,0x6b14c4,434,FUN_1806b14c4,,,3637e3178fdbbe1be6b6d8e47be4620d0e89cae143ffaf88c04e8147c92a9eb6,undefined FUN_1806b14c4(),ghidra,clean,
WHGame.dll,release_1_5_1164953_841,0x6b1624,177,FUN_1806b1624,,,4075bbdd90a2cead6259890e76112d7e23ee2206a5f25f3b595b91e1b23731e0,undefined FUN_1806b1624(),ghidra,clean,
WHGame.dll,release_1_5_1164953_841,0x6b16d8,171,FUN_1806b16d8,,,bc00c84a9e409ce3c1bfe53105dbcb714ce4ce6c5d5f8736101f10ed91bcdfa2,undefined FUN_1806b16d8(),ghidra,clean,
WHGame.dll,release_1_5_1164953_841,0x6b173c,102,FUN_1806b173c,,,247ed90fe01967b45f27d5dba0359abfb7de3a411d06af41e716a1120004864a,undefined FUN_1806b173c(),ghidra,clean,
WHGame.dll,release_1_5_1164953_841,0x6b17a4,114,FUN_1806b17a4,,,115bad43f9d2c1718cb840f7acea9bf0a675c06e68e6c74719ece2753df7f629,undefined FUN_1806b17a4(),ghidra,clean,
WHGame.dll,release_1_5_1164953_841,0x6b1818,55,FUN_1806b1818,,,be861a624ec61b0391c2f09f2ff29be2c85f204ecd59863b67074e33f192e9d2,undefined FUN_1806b1818(),ghidra,clean,
WHGame.dll,release_1_5_1164953_841,0x6b1840,200,FUN_1806b1840,,,82e46763ecb2cd64b3dd3aa8d4e29bd41e362b776452ec556811b4862c74956c,undefined FUN_1806b1840(),ghidra,clean,
WHGame.dll,release_1_5_1164953_841,0x6b18f0,55,FUN_1806b18f0,,,cf96d32e3c38353797d2b7053bda891a16818d403e6ec1fb7da496fbd22952f7,undefined FUN_1806b18f0(),ghidra,clean,
WHGame.dll,release_1_5_1164953_841,0x6b1918,168,FUN_1806b1918,,,7539edbf5aa0bba08900976c959d3ad17b7cd9cdd6db47f77c2e49c5024f0960,undefined FUN_1806b1918(),ghidra,clean,
WHGame.dll,release_1_5_1164953_841,0x6b19a8,44,FUN_1806b19a8,,,e01d2e96807e0f384698e73ddaa95287951215afc0f0f8e84dab3f6c948c80d2,undefined FUN_1806b19a8(),ghidra,clean,
WHGame.dll,release_1_5_1164953_841,0x6b19d4,55,FUN_1806b19d4,,,b991cc4e40c921a58ec72dfca2aa4853e0e511d35797b63a55405a2233654817,undefined FUN_1806b19d4(),ghidra,clean,
WHGame.dll,release_1_5_1164953_841,0x6b19fc,205,FUN_1806b19fc,,,47446cec197a181b2755246a6afa8252986d52f71e940f6c53de05ea29ac6102,undefined FUN_1806b19fc(),ghidra,clean,
WHGame.dll,release_1_5_1164953_841,0x6b1ab0,52,FUN_1806b1ab0,,,bfdc4267e55e8d031ce3d4ba60c6bccccc0ad69f3dbed414e5577e4b4741f525,undefined FUN_1806b1ab0(),ghidra,clean,
WHGame.dll,release_1_5_1164953_841,0x6b1ae4,40,FUN_1806b1ae4,,,993615f4ac4fdc2d28175e3f301d610ce76a8c6958feafe9178b070fbd5d7ea7,undefined FUN_1806b1ae4(),ghidra,clean,
WHGame.dll,release_1_5_1164953_841,0x6b1b0c,26,FUN_1806b1b0c,,,4c22d835ae8fc23040350b87f14f4c629f8bb7e27a6a175241152d0c36b300e8,undefined FUN_1806b1b0c(),ghidra,clean,
WHGame.dll,release_1_5_1164953_841,0x6b1b28,52,FUN_1806b1b28,,,2422a0c4632281425bd8f4e34bd00a740d5c3c5daa1214833ebccee3147e86e7,undefined FUN_1806b1b28(),ghidra,clean,
WHGame.dll,release_1_5_1164953_841,0x6b1b5c,64,FUN_1806b1b5c,,,79a8cd3fe7ad9826e6c3c7feab9ceafb53fca30a0783af119ccd86c2d373dfea,undefined FUN_1806b1b5c(),ghidra,clean,
WHGame.dll,release_1_5_1164953_841,0x6b1b9c,131,FUN_1806b1b9c,,,97ea2c68a231316c6f2fb7cabb556b3e6feacc39d5a280ffb5654fdaa2b4727e,undefined FUN_1806b1b9c(),ghidra,clean,
WHGame.dll,release_1_5_1164953_841,0x6b1c20,69,FUN_1806b1c20,,,756072e58027b84b1fb5669d0a75682b13f39060eddcb8e03846fe1365c1c306,undefined FUN_1806b1c20(),ghidra,clean,
WHGame.dll,release_1_5_1164953_841,0x6b1c68,133,FUN_1806b1c68,,,a02f092fa0c57daa4ab5b1a197606485f299915555f75e03cbf7d495ea9606f3,undefined FUN_1806b1c68(),ghidra,clean,
WHGame.dll,release_1_5_1164953_841,0x6b1cf0,158,FUN_1806b1cf0,,,ee010b86fb5809b56e8e046d6b92acc11230c9d4f47c59bd47157923adee329a,undefined FUN_1806b1cf0(),ghidra,clean,
WHGame.dll,release_1_5_1164953_841,0x6b1d90,67,FUN_1806b1d90,,,fe6ec671c1009ce379b2840e24ec9bf2f8c4b20877f443a6354fcf6f6ad7b146,undefined FUN_1806b1d90(),ghidra,clean,
WHGame.dll,release_1_5_1164953_841,0x6b1dd4,59,FUN_1806b1dd4,,,98f52d07be51928f8f94bd44746ac419aaba82e20fca8268bcb7b21c2c0cc2d5,undefined FUN_1806b1dd4(),ghidra,clean,
WHGame.dll,release_1_5_1164953_841,0x6b1e10,26,FUN_1806b1e10,,,22cc452984adc64bbec0dc33e5a5cede547427d03273c756006624d10821df57,undefined FUN_1806b1e10(),ghidra,clean,
WHGame.dll,release_1_5_1164953_841,0x6b1e2c,155,FUN_1806b1e2c,,,33ddb8352516bbb4713bf4c0a435b8804cdfdd104ab0e2450f15d109879bd91e,undefined FUN_1806b1e2c(),ghidra,clean,
WHGame.dll,release_1_5_1164953_841,0x6b1ec8,26,FUN_1806b1ec8,,,fc472aa2595d15c9ba89aab2f96d93e44388d9cea48667dd247d93c0523e24e2,undefined FUN_1806b1ec8(),ghidra,clean,
WHGame.dll,release_1_5_1164953_841,0x6b1ee4,144,FUN_1806b1ee4,,,0a6bd17d102ae08c2e863f3f6e6742740f40b828c6d2af82810ae52ab7bf7a0e,undefined FUN_1806b1ee4(),ghidra,clean,
WHGame.dll,release_1_5_1164953_841,0x6b1f74,53,FUN_1806b1f74,,,800c51735e4a5e45e8dc3035677cf5d65bae6187b17504e9f5c2be850a241e5b,undefined FUN_1806b1f74(),ghidra,clean,
WHGame.dll,release_1_5_1164953_841,0x6b1fac,38,FUN_1806b1fac,,,10555fa6208d648231c81dd2bff3d09b785d24d786b4b119993d229e623a8768,undefined FUN_1806b1fac(),ghidra,clean,
WHGame.dll,release_1_5_1164953_841,0x6b1fd4,23,FUN_1806b1fd4,,,4a2215c3e820937481093c41c3a2c4fdd1b034767afb06c5e8afd475b2e2dc6a,undefined FUN_1806b1fd4(),ghidra,clean,
WHGame.dll,release_1_5_1164953_841,0x6b1fec,184,FUN_1806b1fec,,,098044acefe32d8d42ac1df331ef7782638afebf39c22e21d61bf1074e4e3fff,undefined FUN_1806b1fec(),ghidra,clean,
WHGame.dll,release_1_5_1164953_841,0x6b20a4,111,FUN_1806b20a4,,,a080af7fb9fc79020267474742bae51ff3e1f1a56ae7002d107eaee600213dd5,undefined FUN_1806b20a4(),ghidra,clean,
WHGame.dll,release_1_5_1164953_841,0x6b2114,70,FUN_1806b2114,,,3197b66cfd342f3fbebcb5d202a5db1d9d59d3c15dd84c8fa9c81ae46da8192d,undefined FUN_1806b2114(),ghidra,clean,
WHGame.dll,release_1_5_1164953_841,0x6b215c,55,FUN_1806b215c,,,a2baf2016540676d3dc93de868658aaee34dd39e2d3003e389c26afe632eda63,undefined FUN_1806b215c(),ghidra,clean,
WHGame.dll,release_1_5_1164953_841,0x6b2184,180,FUN_1806b2184,,,17f8d9abdf5d9201104266090b2f88207fdc63d85c02fe299a5f882772acab50,undefined FUN_1806b2184(),ghidra,clean,
WHGame.dll,release_1_5_1164953_841,0x6b2238,64,FUN_1806b2238,,,59570591cb6ccf05569b12cd89025a36c303581541c36bc16978e63c4ec136a2,undefined FUN_1806b2238(),ghidra,clean,
WHGame.dll,release_1_5_1164953_841,0x6b2278,55,FUN_1806b2278,,,8cf261ba16bc52f59de545ce42e43b6c86873dcf2290480a232288d003f3b979,undefined FUN_1806b2278(),ghidra,clean,
WHGame.dll,release_1_5_1164953_841,0x6b22a0,175,FUN_1806b22a0,,,7bd24993264142c36d0958010bd237c554f1d65e1e5bbabdba9642078df8831c,undefined FUN_1806b22a0(),ghidra,clean,
WHGame.dll,release_1_5_1164953_841,0x6b2350,62,FUN_1806b2350,,,82d05a0c6b17e3985096a8a7ee004062d9cec7bfd8db8baa0cc78920a8688026,undefined FUN_1806b2350(),ghidra,clean,
WHGame.dll,release_1_5_1164953_841,0x6b2390,38,FUN_1806b2390,,,b8547248e5c5477ef777e70f4aa9d33d4ce16da651c58fed63935be12d9bb8fa,undefined FUN_1806b2390(),ghidra,clean,
WHGame.dll,release_1_5_1164953_841,0x6b23b8,23,FUN_1806b23b8,,,4a2215c3e820937481093c41c3a2c4fdd1b034767afb06c5e8afd475b2e2dc6a,undefined FUN_1806b23b8(),ghidra,clean,
WHGame.dll,release_1_5_1164953_841,0x6b23d0,150,FUN_1806b23d0,,,0035f4458aec24dd757f5c9ac7ea0a838056765176be7e90eb3f946644bcf40c,undefined FUN_1806b23d0(),ghidra,clean,
WHGame.dll,release_1_5_1164953_841,0x6b2468,59,FUN_1806b2468,,,61ed7f9052d35902979cb5cc2cfc2dd2d7ff07fb8fb08aa7c51eda7663d79987,undefined FUN_1806b2468(),ghidra,clean,
WHGame.dll,release_1_5_1164953_841,0x6b24a4,23,FUN_1806b24a4,,,4a2215c3e820937481093c41c3a2c4fdd1b034767afb06c5e8afd475b2e2dc6a,undefined FUN_1806b24a4(),ghidra,clean,
WHGame.dll,release_1_5_1164953_841,0x6b24bc,174,FUN_1806b24bc,,,4538feee95b2d522db1e476c924d676b68563d3f9966c82d060cddf8188c4c09,undefined FUN_1806b24bc(),ghidra,clean,
WHGame.dll,release_1_5_1164953_841,0x6b256c,52,FUN_1806b256c,,,c2cd646e0ba84b9126006805c72deb2c0b9cfcfa5c42ed02d35ea6e1f9f5fe4b,undefined FUN_1806b256c(),ghidra,clean,
WHGame.dll,release_1_5_1164953_841,0x6b25a0,42,FUN_1806b25a0,,,0981dbfa03079d6c4886287d6e4f4d23975089bc222aa51114c852064aa6e27d,undefined FUN_1806b25a0(),ghidra,clean,
WHGame.dll,release_1_5_1164953_841,0x6b25cc,55,FUN_1806b25cc,,,f846b60f1e0c2736a2f493eab07b3e99a287882fe3e004952553aed1756b634a,undefined FUN_1806b25cc(),ghidra,clean,
WHGame.dll,release_1_5_1164953_841,0x6b25f4,175,FUN_1806b25f4,,,3966ceb313a2e7d61e727b6b12e275d3f3fb233bf291cde02418db13895798d1,undefined FUN_1806b25f4(),ghidra,clean,
WHGame.dll,release_1_5_1164953_841,0x6b26a4,23,FUN_1806b26a4,,,4a2215c3e820937481093c41c3a2c4fdd1b034767afb06c5e8afd475b2e2dc6a,undefined FUN_1806b26a4(),ghidra,clean,
WHGame.dll,release_1_5_1164953_841,0x6b26bc,150,FUN_1806b26bc,,,75438f54bcbd5e6382c5cadc04ea3519725ee98c12385fe36ed27460a26abe16,undefined FUN_1806b26bc(),ghidra,clean,
WHGame.dll,release_1_5_1164953_841,0x6b2754,23,FUN_1806b2754,,,4a2215c3e820937481093c41c3a2c4fdd1b034767afb06c5e8afd475b2e2dc6a,undefined FUN_1806b2754(),ghidra,clean,
WHGame.dll,release_1_5_1164953_841,0x6b276c,225,FUN_1806b276c,,,6bee7f94b73f98b8ee969002d4c42673e2435fdfe54990e2f0ed506f176b08b2,undefined FUN_1806b276c(),ghidra,clean,
WHGame.dll,release_1_5_1164953_841,0x6b2850,81,FUN_1806b2850,,,6681cc28f00d53c2e4cf834edc8cce900737af3ee5ed6b82baa73e2ebf6a3630,undefined FUN_1806b2850(),ghidra,clean,
WHGame.dll,release_1_5_1164953_841,0x6b28a4,43,FUN_1806b28a4,,,e85526018894e445b13468342ee22027dc3cd236a11286c4a5ecdcb6fc331269,undefined FUN_1806b28a4(),ghidra,clean,
WHGame.dll,release_1_5_1164953_841,0x6b28d0,161,FUN_1806b28d0,,,071f6e08c083a3ef50e617e4d8fee77f8b1a0ebfc423e6797300f33935eead6b,undefined FUN_1806b28d0(),ghidra,clean,
WHGame.dll,release_1_5_1164953_841,0x6b2968,60,FUN_1806b2968,,,f9ab985acaa1c6b917c8cf47d14bfd1ecc8f578d80e103379bfd9463728954e5,undefined FUN_1806b2968(),ghidra,clean,
WHGame.dll,release_1_5_1164953_841,0x6b29a4,77,FUN_1806b29a4,,,d56426beccdb6546e7aa040c324f12b134471489d0f346965e23338a323f18a9,undefined FUN_1806b29a4(),ghidra,clean,
WHGame.dll,release_1_5_1164953_841,0x6b29f4,23,FUN_1806b29f4,,,4a2215c3e820937481093c41c3a2c4fdd1b034767afb06c5e8afd475b2e2dc6a,undefined FUN_1806b29f4(),ghidra,clean,
WHGame.dll,release_1_5_1164953_841,0x6b2a0c,161,FUN_1806b2a0c,,,87ff87818e69bb64f085886ba0e90c5e9fca0da48902a62a384fc8819d39dcb0,undefined FUN_1806b2a0c(),ghidra,clean,
WHGame.dll,release_1_5_1164953_841,0x6b2ab0,62,FUN_1806b2ab0,,,ca8dc40f4f349c831a1b5c085db0eff92d5b6907b38f73b373fb78d10101cfe2,undefined FUN_1806b2ab0(),ghidra,clean,
WHGame.dll,release_1_5_1164953_841,0x6b2af0,37,FUN_1806b2af0,,,7f852a111665b30c51e57f1e23d4abf360b567ffbdd49ced34f0f50ba8b00c30,undefined FUN_1806b2af0(),ghidra,clean,
WHGame.dll,release_1_5_1164953_841,0x6b2b18,54,FUN_1806b2b18,,,5776d6981ef699813e9e6c9b0ed14f41d78264c3730dd05ef2a333e283f2e3de,undefined FUN_1806b2b18(),ghidra,clean,
WHGame.dll,release_1_5_1164953_841,0x6b2b50,103,FUN_1806b2b50,,,de5614daeeae308384492c52e993688c5103fe4f907df69a69b61d9d7fd38f89,undefined FUN_1806b2b50(),ghidra,clean,
WHGame.dll,release_1_5_1164953_841,0x6b2bb8,114,FUN_1806b2bb8,,,7438fd4b474dd19b2da1ccd3d38b7301d9b344b1d0fb262bb22e6e34b7e82f31,undefined FUN_1806b2bb8(),ghidra,clean,
WHGame.dll,release_1_5_1164953_841,0x6b2c2c,1131,FUN_1806b2c2c,,,d3af37d1bd9ca122ae02476be847156a634c0412663957c48f345be57a108d6c,undefined FUN_1806b2c2c(),ghidra,clean,
WHGame.dll,release_1_5_1164953_841,0x6b3098,155,FUN_1806b3098,,,d28002299d05ce14a5442eca935160114ce81d372dca566d25026bc94a63aae2,undefined FUN_1806b3098(),ghidra,clean,
WHGame.dll,release_1_5_1164953_841,0x6b3134,108,FUN_1806b3134,,,73eb139640baeb0e4d73ae88dd6c27571d401f12ef31e8e0c33aefc8c2acddcd,undefined FUN_1806b3134(),ghidra,clean,
WHGame.dll,release_1_5_1164953_841,0x6b31a0,199,FUN_1806b31a0,,,57e92dfa5c289c6fd2a1bd0335f56bb8c7b7585afe15404b8114fddf33da5a73,undefined FUN_1806b31a0(),ghidra,clean,
WHGame.dll,release_1_5_1164953_841,0x6b3250,55,FUN_1806b3250,,,9e960d6a346dd0922c89bd56e681edea2ae78d6e5c0c02c45c2b1e61450c3f45,undefined FUN_1806b3250(),ghidra,clean,
WHGame.dll,release_1_5_1164953_841,0x6b3278,204,FUN_1806b3278,,,e292327a2156833809c126ca8c29df504de0a47e04cc15f70b6da122bda50d3b,undefined FUN_1806b3278(),ghidra,clean,
WHGame.dll,release_1_5_1164953_841,0x6b332c,43,FUN_1806b332c,,,7f1cbedc5a1993278009101c2c13bf68a6cb9f8a1ffe2a08bda655ace7d17873,undefined FUN_1806b332c(),ghidra,clean,
WHGame.dll,release_1_5_1164953_841,0x6b3358,79,FUN_1806b3358,,,63247cd0fa790e971ad971c4a8ffd6ff93e7721ed7e8d6036846cc70e1dd96f6,undefined FUN_1806b3358(),ghidra,clean,
WHGame.dll,release_1_5_1164953_841,0x6b33a8,68,FUN_1806b33a8,,,8422f94b2e522faaa5b629fcf3824140281653749c487293082e74d0c543fa3c,undefined FUN_1806b33a8(),ghidra,clean,
WHGame.dll,release_1_5_1164953_841,0x6b33ec,64,FUN_1806b33ec,,,366cded595023215f82391d3fd46653c34e695724793e50b468a36b03a5ac661,undefined FUN_1806b33ec(),ghidra,clean,
WHGame.dll,release_1_5_1164953_841,0x6b342c,54,FUN_1806b342c,,,bc879fd43242a6b7f590f476bc7087289dc73b7df5a52d3c1fb26e0f91904e0c,undefined FUN_1806b342c(),ghidra,clean,
WHGame.dll,release_1_5_1164953_841,0x6b3464,227,FUN_1806b3464,,,7872f5ceb2d0220b34570fb15e7b00f523fd83dc9fe3119dfdf17db313685a95,undefined FUN_1806b3464(),ghidra,clean,
WHGame.dll,release_1_5_1164953_841,0x6b3548,165,FUN_1806b3548,,,643d238cd8e4430a93bd13d1507cfc78f8d84b29ff61e41c22cdfaeb01a9d36f,undefined FUN_1806b3548(),ghidra,clean,
WHGame.dll,release_1_5_1164953_841,0x6b35f0,67,FUN_1806b35f0,,,bf62741ae1aba0372ac200d44ea3940582604077a0fdbb5f2aa2d90ab43a156f,undefined FUN_1806b35f0(),ghidra,clean,
WHGame.dll,release_1_5_1164953_841,0x6b3634,138,FUN_1806b3634,,,e653b717dc3e36e2c5f45026279b9a1707df04706d83614c258b1135bdd99418,undefined FUN_1806b3634(),ghidra,clean,
WHGame.dll,release_1_5_1164953_841,0x6b36c0,181,FUN_1806b36c0,,,f9b3e57c88ed272f8b463e3dc9e7aa6e1a3bba94698cbdc5cf9e48126f84ddc8,undefined FUN_1806b36c0(),ghidra,clean,
WHGame.dll,release_1_5_1164953_841,0x6b3778,55,FUN_1806b3778,,,9c4c9ddde35faa9ab67af5b31c734cd17804daea78db505d44c7b560af362451,undefined FUN_1806b3778(),ghidra,clean,
WHGame.dll,release_1_5_1164953_841,0x6b37a0,149,FUN_1806b37a0,,,7950b585e99af3e03347f0cb711ea79d11eb8667f051989ebc3948fab50841f0,undefined FUN_1806b37a0(),ghidra,clean,
WHGame.dll,release_1_5_1164953_841,0x6b3820,271,FUN_1806b3820,,,7b0928de6905e070831d8ec17032a489bc74c698bbd1d297684831b8d1d28265,undefined FUN_1806b3820(),ghidra,clean,
WHGame.dll,release_1_5_1164953_841,0x6b3930,82,FUN_1806b3930,,,7a88b3daef5907373ef4e19ab81898a276452d931c0ea0d2d52aa487912291a0,undefined FUN_1806b3930(),ghidra,clean,
WHGame.dll,release_1_5_1164953_841,0x6b3984,211,FUN_1806b3984,,,8312b2fad49b126e1a9c2dbab9c10e47e16fd27c545edf01e1f01487f67a0ce1,undefined FUN_1806b3984(),ghidra,clean,
WHGame.dll,release_1_5_1164953_841,0x6b3a58,55,FUN_1806b3a58,,,92d6836bfa9db24ca9f115831786482741d145f7335087d2c5d897cbe4cc01a8,undefined FUN_1806b3a58(),ghidra,clean,
WHGame.dll,release_1_5_1164953_841,0x6b3a80,135,FUN_1806b3a80,,,83e91d6e7f0e68b716ea204b319003d01055ad708bb36ead01c0718cacba6619,undefined FUN_1806b3a80(),ghidra,clean,
WHGame.dll,release_1_5_1164953_841,0x6b3b08,145,FUN_1806b3b08,,,fb761cf7cfe7673c5a225c2f144ee60983c6d47b73a7f4d8c5a0367bcfca24f8,undefined FUN_1806b3b08(),ghidra,clean,
WHGame.dll,release_1_5_1164953_841,0x6b3b9c,149,FUN_1806b3b9c,,,d01422dbf91754a19e4ed7455a78589bed8df6214a3a92553c7fb69592829055,undefined FUN_1806b3b9c(),ghidra,clean,
WHGame.dll,release_1_5_1164953_841,0x6b3c34,200,FUN_1806b3c34,,,10ec9ae687f65a04d43a902ec790ce3c6e3c9455fb00b4c602f7b98ef9cb8146,undefined FUN_1806b3c34(),ghidra,clean,
WHGame.dll,release_1_5_1164953_841,0x6b3ce4,55,FUN_1806b3ce4,,,6ad5968733d49eea771c75c378d097433740550cccd7315abbe7b160d4ce6dce,undefined FUN_1806b3ce4(),ghidra,clean,
WHGame.dll,release_1_5_1164953_841,0x6b3d0c,181,FUN_1806b3d0c,,,14deb12ea37b64cbf25a36caea3419b3dbbf752c21dbe06f5ad2b5ea1ac44af9,undefined FUN_1806b3d0c(),ghidra,clean,
WHGame.dll,release_1_5_1164953_841,0x6b3dc4,55,FUN_1806b3dc4,,,c1a8a5bead37ddc73fe9418b84aa7a490054b76a98f6bcc342432e2a78d53815,undefined FUN_1806b3dc4(),ghidra,clean,
WHGame.dll,release_1_5_1164953_841,0x6b3dec,67,FUN_1806b3dec,,,d836552a71b8de8bf887e6a00d2d1719b775bd61ffdedc5ccefabc24c902b1a3,undefined FUN_1806b3dec(),ghidra,clean,
WHGame.dll,release_1_5_1164953_841,0x6b3e30,59,FUN_1806b3e30,,,e9eac98a6fd5e8d957ca52f980453455ee38542e4b56bf5ff3cbdaf8d5860ee9,undefined FUN_1806b3e30(),ghidra,clean,
WHGame.dll,release_1_5_1164953_841,0x6b3e6c,10,FUN_1806b3e6c,,,155e139db012069815b759296629b575914965cc0774f11a72e251feec50258e,undefined FUN_1806b3e6c(),ghidra,clean,
WHGame.dll,release_1_5_1164953_841,0x6b3e78,52,FUN_1806b3e78,,,db79877e82e3923347b73aa9e3ba4171d3433a671188ce0d9410a845c3c6b827,undefined FUN_1806b3e78(),ghidra,clean,
WHGame.dll,release_1_5_1164953_841,0x6b3eac,73,FUN_1806b3eac,,,d974b41f883d9d25c8c620faf7599d0f74544ea659ac8631a9157d3ade0abfc0,undefined FUN_1806b3eac(),ghidra,clean,
WHGame.dll,release_1_5_1164953_841,0x6b3ef8,23,FUN_1806b3ef8,,,38818fe802c8d52f406fdc8b5d205b8ff2366b4c3a45f27b03db11ad17d8079d,undefined FUN_1806b3ef8(),ghidra,clean,
WHGame.dll,release_1_5_1164953_841,0x6b3f10,96,FUN_1806b3f10,,,97df198e7b36beb6c6bab1620baa2c3044eba2bf595052bbbf1a6ce333c56499,undefined FUN_1806b3f10(),ghidra,clean,
WHGame.dll,release_1_5_1164953_841,0x6b3f70,61,FUN_1806b3f70,,,47b11123e83498a7e97fe8bed752ed0704885711da7fdc55efeb72b662dc9c71,undefined FUN_1806b3f70(),ghidra,clean,
WHGame.dll,release_1_5_1164953_841,0x6b3fb0,5,thunk_FUN_1806b3fb8,,,b0d40b133b9394d93820ac0104b0065121d2d73df32c7bfb4e4cf5d805a8b103,undefined thunk_FUN_1806b3fb8(),ghidra,clean,
WHGame.dll,release_1_5_1164953_841,0x6b3fb8,62,FUN_1806b3fb8,,,36c604c7d240c65ad0379dde1edb05ece170b6a5d2e763d54e9c19218c8381cc,undefined FUN_1806b3fb8(),ghidra,clean,
WHGame.dll,release_1_5_1164953_841,0x6b3ff8,34,FUN_1806b3ff8,,,99f7a5bdf90cdd725c2046258b27e5e5017f35812ac8f0f1249aa2459755f9b9,undefined FUN_1806b3ff8(),ghidra,clean,
WHGame.dll,release_1_5_1164953_841,0x6b401c,87,FUN_1806b401c,,,3f34eaf175458094ff4d2f35b8843f8b19d9980b6db0eb3772526c83b18ef280,undefined FUN_1806b401c(),ghidra,clean,
WHGame.dll,release_1_5_1164953_841,0x6b4074,77,FUN_1806b4074,,,a540faef95d5ed08ec1e41ba73b907a2f666c79a6e578589999b6a6de5a4b7ed,undefined FUN_1806b4074(),ghidra,clean,
WHGame.dll,release_1_5_1164953_841,0x6b40c4,72,FUN_1806b40c4,,,36173f810c0702da3887c0e20a7b70b7fe27b2e56302112d2f532f80ce902fa2,undefined FUN_1806b40c4(),ghidra,clean,
WHGame.dll,release_1_5_1164953_841,0x6b410c,72,FUN_1806b410c,,,2448048f4c69fd545980b47cad455cdbcc813fd1cb5c044a5f7fc7cbcbf736db,undefined FUN_1806b410c(),ghidra,clean,
WHGame.dll,release_1_5_1164953_841,0x6b4154,52,FUN_1806b4154,,,ac1bf5e53afc0c4ee3f5affd73c618cd4f2eb017ac501a1b461f05fb45b74c2c,undefined FUN_1806b4154(),ghidra,clean,
WHGame.dll,release_1_5_1164953_841,0x6b4188,52,FUN_1806b4188,,,b146a6ab55c515f7c478a392f323a11e32d4f0ec9a50880cae33b54e371f9a83,undefined FUN_1806b4188(),ghidra,clean,
WHGame.dll,release_1_5_1164953_841,0x6b41bc,206,FUN_1806b41bc,,,7d83d6634bebfae68b2b84ffebe240a3e59bf28fc193dcd4e83d364afe80a7a0,undefined FUN_1806b41bc(),ghidra,clean,
WHGame.dll,release_1_5_1164953_841,0x6b428c,178,FUN_1806b428c,,,c80a7f23b9e0d048c73c3041615a12877037630458e5a8fe0b5971fc91d1fb71,undefined FUN_1806b428c(),ghidra,clean,
WHGame.dll,release_1_5_1164953_841,0x6b4340,273,FUN_1806b4340,,,d80818cad4a9a2fc0277df860a9bd3ce31877377210ccd2728508c27b1b8f3a4,undefined FUN_1806b4340(),ghidra,clean,
WHGame.dll,release_1_5_1164953_841,0x6b4454,61,FUN_1806b4454,,,9e5206fa192eec02558bceee53fc5b5a7e625a9bdf48973db10cdfe971bd875d,undefined FUN_1806b4454(),ghidra,clean,
WHGame.dll,release_1_5_1164953_841,0x6b4494,110,FUN_1806b4494,,,115f174665e3cfa69839443fbe688f2fef17fa5f3acbccf36c6e3eaf188ff280,undefined FUN_1806b4494(),ghidra,clean,
WHGame.dll,release_1_5_1164953_841,0x6b4504,68,FUN_1806b4504,,,e1bc1e13ee0de61bd88cdda9c55b51afa9333f380b06059961d906a320b81a4d,undefined FUN_1806b4504(),ghidra,clean,
WHGame.dll,release_1_5_1164953_841,0x6b4548,45,FUN_1806b4548,,,97156e418c59ab6414b2ec284381fc5ec0f08272ae7ce573d50f88efa8862681,undefined FUN_1806b4548(),ghidra,clean,
WHGame.dll,release_1_5_1164953_841,0x6b4578,62,FUN_1806b4578,,,ba7062d3426b2e8673c3bb93783e0e9d483211b4602e7e41ccaf98bd089a8788,undefined FUN_1806b4578(),ghidra,clean,
WHGame.dll,release_1_5_1164953_841,0x6b45b8,36,FUN_1806b45b8,,,a4ceb55dc0830417d1ec9a9fed0dbf520aa2f0ebceff3f42f68c7d88b510d88d,undefined FUN_1806b45b8(),ghidra,clean,
WHGame.dll,release_1_5_1164953_841,0x6b45dc,39,FUN_1806b45dc,,,65a9103552dea3d1351ed153c6533e077a8c955853a5f78e9aecb0d4014a458f,undefined FUN_1806b45dc(),ghidra,clean,
WHGame.dll,release_1_5_1164953_841,0x6b4604,74,FUN_1806b4604,,,9f07a11ef95377a2562d8f0a3e4b4be4be54ffdf07128a41862c6e2ac14434ba,undefined FUN_1806b4604(),ghidra,clean,
WHGame.dll,release_1_5_1164953_841,0x6b4650,50,FUN_1806b4650,,,89c34bce08a64e96eb53f1f72b7cbdb0c17d9ef65726388e63a6e8c873321cb7,undefined FUN_1806b4650(),ghidra,clean,
WHGame.dll,release_1_5_1164953_841,0x6b4684,52,FUN_1806b4684,,,e4fc3366ad403b68b48e0dcc783ba75dadf268c2d40c96ffd0556f0fe3c87023,undefined FUN_1806b4684(),ghidra,clean,
WHGame.dll,release_1_5_1164953_841,0x6b46b8,26,FUN_1806b46b8,,,5ebe3e64ae06dd3472b1b0877359a8ddcfea1345d2ee9a8ceac37307d7c9270b,undefined FUN_1806b46b8(),ghidra,clean,
WHGame.dll,release_1_5_1164953_841,0x6b46d4,33,FUN_1806b46d4,,,7f19c780acc2bababa2f9b635fdca7ec8cb402edf59b66b5664dde089ca4baa8,undefined FUN_1806b46d4(),ghidra,clean,
WHGame.dll,release_1_5_1164953_841,0x6b46f8,117,FUN_1806b46f8,,,1e7f1bbf1d7219210e92b1018e241ef0a3c9a006de80113017d0f50d04e839ab,undefined FUN_1806b46f8(),ghidra,clean,
WHGame.dll,release_1_5_1164953_841,0x6b4770,77,FUN_1806b4770,,,da0bba1c9c0d1d84b849d5640a71655a32927f3bb58d115f264d211f69f224f5,undefined FUN_1806b4770(),ghidra,clean,
WHGame.dll,release_1_5_1164953_841,0x6b47c0,59,FUN_1806b47c0,,,9247b6781ef61596132dcbc2926e4a7862adf1f6fa2a05bfc5516a3e06e2e4b8,undefined FUN_1806b47c0(),ghidra,clean,
WHGame.dll,release_1_5_1164953_841,0x6b47fc,67,FUN_1806b47fc,,,d747035dab70a16b13ec2d1c33f457d6fc036dee7aa4f9c7c9b2187774f5f4bc,undefined FUN_1806b47fc(),ghidra,clean,
WHGame.dll,release_1_5_1164953_841,0x6b4840,59,FUN_1806b4840,,,df3dbbaa2c5ece297a38594414de3caab52938d829bff6a466a5d22a8654189b,undefined FUN_1806b4840(),ghidra,clean,
WHGame.dll,release_1_5_1164953_841,0x6b487c,119,FUN_1806b487c,,,3fcde9e6241b5aaf37c5b973cf2d7d8cd9c8c43ce90292caaf29dcf757acf5a6,undefined FUN_1806b487c(),ghidra,clean,
WHGame.dll,release_1_5_1164953_841,0x6b48f4,67,FUN_1806b48f4,,,5f21d0df98533b13cf9addd33c8aaab025d9da77602c41158d5eab423656c105,undefined FUN_1806b48f4(),ghidra,clean,
WHGame.dll,release_1_5_1164953_841,0x6b4938,59,FUN_1806b4938,,,753b5574e609f442e5d7eb03c7f972c0c8062d5a115eedf6b6152967a75e0486,undefined FUN_1806b4938(),ghidra,clean,
WHGame.dll,release_1_5_1164953_841,0x6b4974,30,FUN_1806b4974,,,8eabffd5a238511a560e11fe6030e9b9724c016b0890d848665e8d864bfa6a53,undefined FUN_1806b4974(),ghidra,clean,
WHGame.dll,release_1_5_1164953_841,0x6b4994,26,FUN_1806b4994,,,819234953c91d716a341edb10dcca2267107efa13f78881bbca64f4a7a11eeca,undefined FUN_1806b4994(),ghidra,clean,
WHGame.dll,release_1_5_1164953_841,0x6b49b0,155,FUN_1806b49b0,,,f25692bd62666367fc7e4e2b6c4531a0575ea3a2817f73278f8439246c3b19e6,undefined FUN_1806b49b0(),ghidra,clean,
WHGame.dll,release_1_5_1164953_841,0x6b4a4c,26,FUN_1806b4a4c,,,b115858aa21163a573f942f683d93522258f5d4c97ee6519fb9a48cc7b52ca41,undefined FUN_1806b4a4c(),ghidra,clean,
WHGame.dll,release_1_5_1164953_841,0x6b4a68,26,FUN_1806b4a68,,,5a8e1293916184c566f8ba50af96cbee3b5f38790bfb83bf5580474d32af1969,undefined FUN_1806b4a68(),ghidra,clean,
WHGame.dll,release_1_5_1164953_841,0x6b4a84,26,FUN_1806b4a84,,,0c024831a40b411a81d1ec3ecd48432a77eb4222ccd127f7e64b3c6eb93ca15e,undefined FUN_1806b4a84(),ghidra,clean,
WHGame.dll,release_1_5_1164953_841,0x6b4ab0,30,FUN_1806b4ab0,,,90b600e50b5e1d1923468183b87369120265ba68fb783717c1bb9ecaf5707e8d,undefined FUN_1806b4ab0(),ghidra,clean,
WHGame.dll,release_1_5_1164953_841,0x6b4ad0,26,FUN_1806b4ad0,,,f5008b5e089d0206c4ce0df1a41ad76901e056ff0c16aaeae45c2a793a0b67e0,undefined FUN_1806b4ad0(),ghidra,clean,
WHGame.dll,release_1_5_1164953_841,0x6b4aec,26,FUN_1806b4aec,,,f1d6dc0bcbd5bb5cc1cecf0e1315ffcbfa3bbccbced267cb81508138d2930f51,undefined FUN_1806b4aec(),ghidra,clean,
WHGame.dll,release_1_5_1164953_841,0x6b4b08,30,FUN_1806b4b08,,,8eabffd5a238511a560e11fe6030e9b9724c016b0890d848665e8d864bfa6a53,undefined FUN_1806b4b08(),ghidra,clean,
WHGame.dll,release_1_5_1164953_841,0x6b4b28,26,FUN_1806b4b28,,,819234953c91d716a341edb10dcca2267107efa13f78881bbca64f4a7a11eeca,undefined FUN_1806b4b28(),ghidra,clean,
WHGame.dll,release_1_5_1164953_841,0x6b4b44,155,FUN_1806b4b44,,,4200597bfed9d384fc0ca223358e1472d200d80ef47c58b78647fa9cd0a4436f,undefined FUN_1806b4b44(),ghidra,clean,
WHGame.dll,release_1_5_1164953_841,0x6b4be0,146,FUN_1806b4be0,,,18892901e367885f8d79578e2f26896cf45a58aac842108c51f55950e6cd707d,undefined FUN_1806b4be0(),ghidra,clean,
WHGame.dll,release_1_5_1164953_841,0x6b4c74,55,FUN_1806b4c74,,,122874874f85e360c9a3273841d24dbb10fc6713bde09e66d625e95ea3503f25,undefined FUN_1806b4c74(),ghidra,clean,
WHGame.dll,release_1_5_1164953_841,0x6b4cac,432,FUN_1806b4cac,,,2d08411d81a8ae0667c7ef7dd52fccc1219b7cc819c8d625ba1ae654798f7910,undefined FUN_1806b4cac(),ghidra,clean,
WHGame.dll,release_1_5_1164953_841,0x6b4db4,30,FUN_1806b4db4,,,cd9fca00b42adcf5aaa69b40b85fd3648019f6af0fbb19451df788353741180b,undefined FUN_1806b4db4(),ghidra,clean,
WHGame.dll,release_1_5_1164953_841,0x6b4dd4,496,FUN_1806b4dd4,,,5bcb11d85800b18d3307aacb11a982857846269d9c0f92f541ab273e1bec037f,undefined FUN_1806b4dd4(),ghidra,clean,
WHGame.dll,release_1_5_1164953_841,0x6b4fc4,38,FUN_1806b4fc4,,,745b8dbb3546a0e571d90d7878e61198c52c3c802eb598960337e3992779a797,undefined FUN_1806b4fc4(),ghidra,clean,
WHGame.dll,release_1_5_1164953_841,0x6b4fec,30,FUN_1806b4fec,,,f76983b677785d81425240714162b953b93d06062a7ef6326d4d22b84f466755,undefined FUN_1806b4fec(),ghidra,clean,
WHGame.dll,release_1_5_1164953_841,0x6b500c,1131,FUN_1806b500c,,,30133a7cba483f4d98936a7dee7eab2f32c054657c8d1c9c2fda8a7793924dd2,undefined FUN_1806b500c(),ghidra,clean,
WHGame.dll,release_1_5_1164953_841,0x6b5478,155,FUN_1806b5478,,,1ea4935cc17ba1e21df009b861eeae0b493a39e195a36dabc8b101207f6c0087,undefined FUN_1806b5478(),ghidra,clean,
WHGame.dll,release_1_5_1164953_841,0x6b5514,155,FUN_1806b5514,,,e1d234c79d0e5f3095085dbf0d83e1d066484f9548f9d0b6bf2598a0d0855f15,undefined FUN_1806b5514(),ghidra,clean,
WHGame.dll,release_1_5_1164953_841,0x6b55b0,155,FUN_1806b55b0,,,276f99e464054685bbe8da66c442bd7ed78948851aa24ac3baa65975f8efdd24,undefined FUN_1806b55b0(),ghidra,clean,
WHGame.dll,release_1_5_1164953_841,0x6b564c,384,FUN_1806b564c,,,235155cc0cbf89423f0c5781519b34cccf42ba2687b985a89d9af6cbc8cb52ca,undefined FUN_1806b564c(),ghidra,clean,
WHGame.dll,release_1_5_1164953_841,0x6b57cc,52,FUN_1806b57cc,,,70e7bb2f5062577a00dfd52d1b1d72877c995824305b337a0cabbfd6a9dceea5,undefined FUN_1806b57cc(),ghidra,clean,
WHGame.dll,release_1_5_1164953_841,0x6b5800,90,FUN_1806b5800,,,0f7592c85edf6cacd5ae72ec188eaa3a7c2b234a8131e756f5760faea546acd9,undefined FUN_1806b5800(),ghidra,clean,
WHGame.dll,release_1_5_1164953_841,0x6b585c,165,FUN_1806b585c,,,baca292ee47b67aed4b8954d306ed8ab5a83077fa857ddbd99961af3d6df0478,undefined FUN_1806b585c(),ghidra,clean,
WHGame.dll,release_1_5_1164953_841,0x6b5904,206,FUN_1806b5904,,,4fd7f9bccb32284ee33a105e64cb413f2031ae5d5d5dced9d15d5db1cf968572,undefined FUN_1806b5904(),ghidra,clean,
WHGame.dll,release_1_5_1164953_841,0x6b59c8,575,FUN_1806b59c8,,,d67fc515bb506513329e748255e5b80cb62f153bcf7971bc31e8deed742703cb,undefined FUN_1806b59c8(),ghidra,clean,
WHGame.dll,release_1_5_1164953_841,0x6b5c08,176,FUN_1806b5c08,,,602ea950ccbae3fd9f220c78094be251f5c5f97dafaf60e5b8f58ff9170ff291,undefined FUN_1806b5c08(),ghidra,clean,
WHGame.dll,release_1_5_1164953_841,0x6b5cb8,27,FUN_1806b5cb8,,,1cff526a9e97d1068115bc22dcae8e31ca1da04b92c9681b4d83b71bd7fe8591,undefined FUN_1806b5cb8(),ghidra,clean,
WHGame.dll,release_1_5_1164953_841,0x6b5cd4,17,FUN_1806b5cd4,,,8ec465421b69f8d94f3c6a512467d06f496785d92a064909e4964dcb354896e9,undefined FUN_1806b5cd4(),ghidra,clean,
WHGame.dll,release_1_5_1164953_841,0x6b5ce8,74,FUN_1806b5ce8,,,56dc4f11acbdd35aa32742bc58b382f1f5db55e83559ba974cf49bd3e381974e,undefined FUN_1806b5ce8(),ghidra,clean,
WHGame.dll,release_1_5_1164953_841,0x6b5d34,354,FUN_1806b5d34,,,9c44ba63138f36c7a3e790dfe10f12185fdf1690959907de79765efe240a3166,undefined FUN_1806b5d34(),ghidra,clean,
WHGame.dll,release_1_5_1164953_841,0x6b5e98,55,FUN_1806b5e98,,,b43f8ab9a61613852cca35db891646bbe15afefd4c4ecf25681b187e87fd2827,undefined FUN_1806b5e98(),ghidra,clean,
WHGame.dll,release_1_5_1164953_841,0x6b5ed0,36,FUN_1806b5ed0,,,1bbfce484b887429f5a11e2c3a7ad9551ae8b226a37fcf681ff398bbfdefc9eb,undefined FUN_1806b5ed0(),ghidra,clean,
WHGame.dll,release_1_5_1164953_841,0x6b5ef4,86,FUN_1806b5ef4,,,ef07c1f446041bb022f18375e700b072ad99f95a27b6b21e9523a3723da399aa,undefined FUN_1806b5ef4(),ghidra,clean,
WHGame.dll,release_1_5_1164953_841,0x6b5f4c,144,FUN_1806b5f4c,,,17fed3fe21e81a15c2cc606926144fe874f97718de946460a20bf699c3753cf5,undefined FUN_1806b5f4c(),ghidra,clean,
WHGame.dll,release_1_5_1164953_841,0x6b5fcc,81,FUN_1806b5fcc,,,19e43ec385dca1763d59314ec130259dccbac993a35c7d8f88590c8284d472b2,undefined FUN_1806b5fcc(),ghidra,clean,
WHGame.dll,release_1_5_1164953_841,0x6b6020,34,FUN_1806b6020,,,1f1d9cf71d87204ebe08d6ff52e8f785ee6943fddc79d74f435181abf3de2b1e,undefined FUN_1806b6020(),ghidra,clean,
WHGame.dll,release_1_5_1164953_841,0x6b6044,301,FUN_1806b6044,,,c072e470367be903391f3e3f328264d878db23a75b463b678058a516a13a6414,undefined FUN_1806b6044(),ghidra,clean,
WHGame.dll,release_1_5_1164953_841,0x6b6174,96,FUN_1806b6174,,,132494bce6fced42799f2e113ebf2664fe559a5e6882ca816b6ac4081b701bd4,undefined FUN_1806b6174(),ghidra,clean,
WHGame.dll,release_1_5_1164953_841,0x6b61d4,85,FUN_1806b61d4,,,91cf82466e34f917fa548dabb888bc20657dc8b29344d0ea76d91730016c0b53,undefined FUN_1806b61d4(),ghidra,clean,
WHGame.dll,release_1_5_1164953_841,0x6b6208,139,FUN_1806b6208,,,782ffa68c846e4cea8d7f9637728632d90188aaa2857a411fff117442b8d2249,undefined FUN_1806b6208(),ghidra,clean,
WHGame.dll,release_1_5_1164953_841,0x6b6294,86,FUN_1806b6294,,,88a3b6421a8ddbade4dccc33b67bcb09204d58a618c346651b9824683571fecd,undefined FUN_1806b6294(),ghidra,clean,
WHGame.dll,release_1_5_1164953_841,0x6b62ec,61,FUN_1806b62ec,,,7ee8431059b2b239b4cafbbdacea4694687372f8a8ae0114994b0f479ef01032,undefined FUN_1806b62ec(),ghidra,clean,
WHGame.dll,release_1_5_1164953_841,0x6b632c,68,FUN_1806b632c,,,e388b80b51b7780380b01ff5da623ae64ed8867ce41cb6e572e3b87a77792835,undefined FUN_1806b632c(),ghidra,clean,
WHGame.dll,release_1_5_1164953_841,0x6b6370,92,FUN_1806b6370,,,f250b8d0594bfa44cc8b6072d6d1b273ee409a6dfd995792cc45c88f27d419a2,undefined FUN_1806b6370(),ghidra,clean,
WHGame.dll,release_1_5_1164953_841,0x6b63cc,109,FUN_1806b63cc,,,689bcd1e54ea4150e6bebba0179e75eee80ba34a12582756f5b98a7446989eb3,undefined FUN_1806b63cc(),ghidra,clean,
WHGame.dll,release_1_5_1164953_841,0x6b6404,1011,FUN_1806b6404,,,0940e48fa8f8766caf0e3ba456dfbd2cfd71794c7d76f639e5f907001101b444,undefined FUN_1806b6404(),ghidra,clean,
WHGame.dll,release_1_5_1164953_841,0x6b64d0,26,FUN_1806b64d0,,,819234953c91d716a341edb10dcca2267107efa13f78881bbca64f4a7a11eeca,undefined FUN_1806b64d0(),ghidra,clean,
WHGame.dll,release_1_5_1164953_841,0x6b64ec,155,FUN_1806b64ec,,,e4bb8f70a52b16b29352c162791eb69143573700e47cb9efdc511093b5909ce2,undefined FUN_1806b64ec(),ghidra,clean,
WHGame.dll,release_1_5_1164953_841,0x6b6588,141,FUN_1806b6588,,,79b3bbcb9cac16ead3033049e513755be867542d7d8bce97ee32e69ac12dbea7,undefined FUN_1806b6588(),ghidra,clean,
WHGame.dll,release_1_5_1164953_841,0x6b6618,157,FUN_1806b6618,,,19f4ae633c8cea0a22c06c569276c934e2976a6d42727138863aef433d2dd2bc,undefined FUN_1806b6618(),ghidra,clean,
WHGame.dll,release_1_5_1164953_841,0x6b667c,63,FUN_1806b667c,,,f1d867843d3719583a52ab6aaa551e9a07638f7589beb9071b80f9d72c17ca13,undefined FUN_1806b667c(),ghidra,clean,
WHGame.dll,release_1_5_1164953_841,0x6b66bc,125,FUN_1806b66bc,,,730c3da43169855d39424398e678f7b115ab3e555746cfb2ff03e3e013129442,undefined FUN_1806b66bc(),ghidra,clean,
WHGame.dll,release_1_5_1164953_841,0x6b673c,33,FUN_1806b673c,,,7f19c780acc2bababa2f9b635fdca7ec8cb402edf59b66b5664dde089ca4baa8,undefined FUN_1806b673c(),ghidra,clean,
WHGame.dll,release_1_5_1164953_841,0x6b6760,71,FUN_1806b6760,,,0b60549cd757465eeefde221e369f86d7e59cd59d6bf3a5557a813ae2b92a607,undefined FUN_1806b6760(),ghidra,clean,
WHGame.dll,release_1_5_1164953_841,0x6b67b0,152,FUN_1806b67b0,,,9d3d31224527516ff3b1355dc2cfa6b5c17417b84958960ab07f38012e4bb56f,undefined FUN_1806b67b0(),ghidra,clean,
WHGame.dll,release_1_5_1164953_841,0x6b6848,295,FUN_1806b6848,,,150b6849b8fad97276c21960f6b1ec1fbc128d7d5a996b840d949c7b2c49589a,undefined FUN_1806b6848(),ghidra,clean,
WHGame.dll,release_1_5_1164953_841,0x6b6970,69,FUN_1806b6970,,,9e8176681b39f2d40803433ea5485224d3cd0d3067de6cb1e6fcd820ffc229bd,undefined FUN_1806b6970(),ghidra,clean,
WHGame.dll,release_1_5_1164953_841,0x6b69b8,137,FUN_1806b69b8,,,f894d9d0891fadb92f27145b85d15274cfe1dc608b27ebcb9ddb026623fcb19d,undefined FUN_1806b69b8(),ghidra,clean,
WHGame.dll,release_1_5_1164953_841,0x6b6a44,175,FUN_1806b6a44,,,fe0c85b0a09a249b5d7c919384838ba198fd32e69dcb6aca35b574d146ef850f,undefined FUN_1806b6a44(),ghidra,clean,
WHGame.dll,release_1_5_1164953_841,0x6b6af4,49,FUN_1806b6af4,,,530f54e0460fb0e6fc74cb8d3536679035ec0d66111ef48ee183387418f0a011,undefined FUN_1806b6af4(),ghidra,clean,
WHGame.dll,release_1_5_1164953_841,0x6b6b28,65,FUN_1806b6b28,,,10f3872dee9f8b63181f020e2b2fd367ea62c61623c798e7cf3efd79ab0f2fc7,undefined FUN_1806b6b28(),ghidra,clean,
WHGame.dll,release_1_5_1164953_841,0x6b6b6c,250,FUN_1806b6b6c,,,b0dfc947fa1e5fc07a147ea0ca299faba21d3c447159c57ffdb9a6e22249c574,undefined FUN_1806b6b6c(),ghidra,clean,
WHGame.dll,release_1_5_1164953_841,0x6b6c68,201,FUN_1806b6c68,,,4cd6c9195129fb3853dc36d24d880ac82c45b54a3735280dd9fbd34b09590d2e,undefined FUN_1806b6c68(),ghidra,clean,
WHGame.dll,release_1_5_1164953_841,0x6b6d34,177,FUN_1806b6d34,,,cf52b21fafbab1d8e56ef7bb852e9b5dd39deacd2475293b7513cc6610b9ef45,undefined FUN_1806b6d34(),ghidra,clean,
WHGame.dll,release_1_5_1164953_841,0x6b6de8,154,FUN_1806b6de8,,,1909fb5ce13bf1f458438834dbccd30953c3cd8ec80aac6b865238ff9790518d,undefined FUN_1806b6de8(),ghidra,clean,
WHGame.dll,release_1_5_1164953_841,0x6b6e84,131,FUN_1806b6e84,,,2e9c55842836431d29b1631cafd0e16a93b096a0ffb97d3009a80acce130a663,undefined FUN_1806b6e84(),ghidra,clean,
WHGame.dll,release_1_5_1164953_841,0x6b6f08,268,FUN_1806b6f08,,,41d307c235e3b21503cb77c4109bc208eb981b8a25c572d87ff0dd051aba992e,undefined FUN_1806b6f08(),ghidra,clean,
WHGame.dll,release_1_5_1164953_841,0x6b6f6c,135,FUN_1806b6f6c,,,870caee90c19f5bd96beafb0ac9695d27d6f1ae5b95df3e3ac4bd48875eaaef8,undefined FUN_1806b6f6c(),ghidra,clean,
WHGame.dll,release_1_5_1164953_841,0x6b6ff4,48,FUN_1806b6ff4,,,6a5f934639510d6fc3c1d848e8734f02d9e6e6c39a969419a8ea20c21b26df6f,undefined FUN_1806b6ff4(),ghidra,clean,
WHGame.dll,release_1_5_1164953_841,0x6b7010,521,FUN_1806b7010,,,58988999d123860dc80daf1714ac5b71cd0de0ccb8f0e314847c818f69322ceb,undefined FUN_1806b7010(),ghidra,clean,
WHGame.dll,release_1_5_1164953_841,0x6b721c,149,FUN_1806b721c,,,686d459a8e8fe2d6e1fba07816a400398ab544bac615b2dc713017975c1d1015,undefined FUN_1806b721c(),ghidra,clean,
WHGame.dll,release_1_5_1164953_841,0x6b72b4,354,FUN_1806b72b4,,,f277f9af5f3a75d2fdeec2074e796e80f6997d596190d4cfb1e1c35ea30ba7ff,undefined FUN_1806b72b4(),ghidra,clean,
WHGame.dll,release_1_5_1164953_841,0x6b7418,84,FUN_1806b7418,,,137d6464d865ba78048597518f9eb8afe628be4f8c33dbcb277279db02b400fa,undefined FUN_1806b7418(),ghidra,clean,
WHGame.dll,release_1_5_1164953_841,0x6b746c,57,FUN_1806b746c,,,9494262e57cb154a5869810ee45a9349e0f1347ad0dc29b4f7f832a5c4cb9fcb,undefined FUN_1806b746c(),ghidra,clean,
WHGame.dll,release_1_5_1164953_841,0x6b74a8,393,FUN_1806b74a8,,,b4c1a0e68f24e858cb785339068419a0b15335d8723ce1fc9a078a1a03687c51,undefined FUN_1806b74a8(),ghidra,clean,
WHGame.dll,release_1_5_1164953_841,0x6b7634,46,FUN_1806b7634,,,0c0dae194670d2e846adc7b1a58616e38a042e4aab28c8ebf79a99325d7f4ca3,undefined FUN_1806b7634(),ghidra,clean,
WHGame.dll,release_1_5_1164953_841,0x6b7664,250,FUN_1806b7664,,,cae605bba873d8d57c13d40c3bbbc7765aaff7d5e30e9d30ed3fd09f8fc54d05,undefined FUN_1806b7664(),ghidra,clean,
WHGame.dll,release_1_5_1164953_841,0x6b7760,250,FUN_1806b7760,,,09a043d25b54f7c4f1ecdbf40c97700214389a3d2a4f8224574c8844e605ba15,undefined FUN_1806b7760(),ghidra,clean,
WHGame.dll,release_1_5_1164953_841,0x6b785c,231,FUN_1806b785c,,,56156c3d73cd39dbec3e10ddb4fd05f9f0d49c97b2ab399613637196b59c7cbd,undefined FUN_1806b785c(),ghidra,clean,
WHGame.dll,release_1_5_1164953_841,0x6b790c,256,FUN_1806b790c,,,3be8bca733ecbe2a8037213166d6dcdd50922d84f2dc96ac207c4edee2125634,undefined FUN_1806b790c(),ghidra,clean,
WHGame.dll,release_1_5_1164953_841,0x6b7a0c,89,FUN_1806b7a0c,,,0c94c5747ea4013631cce5855523d13b98a774e5949ca79b0f7298d2e5b247c3,undefined FUN_1806b7a0c(),ghidra,clean,
WHGame.dll,release_1_5_1164953_841,0x6b7a70,5,thunk_FUN_18069bab8,,,99f5804de29c419d8e665a5ec13f6afd89fa9863e908c514e790e4f08889dad0,undefined thunk_FUN_18069bab8(),ghidra,clean,
WHGame.dll,release_1_5_1164953_841,0x6b7a78,49,FUN_1806b7a78,,,87c3168993552052d447d1051527c10e51f79b04041b047be62cf5970f6d2d80,undefined FUN_1806b7a78(),ghidra,clean,
WHGame.dll,release_1_5_1164953_841,0x6b7aac,143,FUN_1806b7aac,,,52704a1fa0bdded2e701bdc3e59ba20444e0d34939c1044c635d3d8c66c65e37,undefined FUN_1806b7aac(),ghidra,clean,
WHGame.dll,release_1_5_1164953_841,0x6b7b3c,88,FUN_1806b7b3c,,,b2f55cd0d42db21f89e7dc4ffe6cdde6369fcb28fa19e760189cfa9727b34eef,undefined FUN_1806b7b3c(),ghidra,clean,
WHGame.dll,release_1_5_1164953_841,0x6b7b94,47,FUN_1806b7b94,,,71b98ec1cbbe59ea4896b6e755b5968af9e2fc4eb5cf1ccfc2e8b58db6755fbc,undefined FUN_1806b7b94(),ghidra,clean,
WHGame.dll,release_1_5_1164953_841,0x6b7bc4,12,FUN_1806b7bc4,,,39fd9bca03a85fdf458da9aab703791a05b91ff5740300b77a7cf0749bd2d981,undefined FUN_1806b7bc4(),ghidra,clean,
WHGame.dll,release_1_5_1164953_841,0x6b7bd0,111,FUN_1806b7bd0,,,be5035cb5b9a16a0c5d476b10b97facdde579a77a73a98c24b431ff017dd9d89,undefined FUN_1806b7bd0(),ghidra,clean,
WHGame.dll,release_1_5_1164953_841,0x6b7c40,26,FUN_1806b7c40,,,5bd8d74ca02001566843614dbfc82f01ae60ed1bd5c05fdcded09212f0c87687,undefined FUN_1806b7c40(),ghidra,clean,
WHGame.dll,release_1_5_1164953_841,0x6b7c5c,603,FUN_1806b7c5c,,,2c3da52e34f8613951bb67c6feae38928bcb715ee385a60b1b530ff0c356aabd,undefined FUN_1806b7c5c(),ghidra,clean,
WHGame.dll,release_1_5_1164953_841,0x6b7ec0,8,FUN_1806b7ec0,,,f5be3c920476f818204d54f5277119167df8af6b93b7128686c9a91d434e2e87,undefined FUN_1806b7ec0(),ghidra,clean,
WHGame.dll,release_1_5_1164953_841,0x6b7ec8,1478,FUN_1806b7ec8,,,ae42fe793b648da5216dad1143c55397c01223ed5f4c67a793164c385696c664,undefined FUN_1806b7ec8(),ghidra,clean,
WHGame.dll,release_1_5_1164953_841,0x6b8490,201,FUN_1806b8490,,,ee6f949a967fe34ef606f8670bbcc8c8faaace02d397acfd40abac0320344711,undefined FUN_1806b8490(),ghidra,clean,
WHGame.dll,release_1_5_1164953_841,0x6b855c,32,FUN_1806b855c,,,3a6f4c45869778631e6a3002c2533d070cbb2965bd56c9abc4c7f74a940cc07a,undefined FUN_1806b855c(),ghidra,clean,
WHGame.dll,release_1_5_1164953_841,0x6b857c,99,FUN_1806b857c,,,eb2553b482aaf0d472aa890ae34546abf56e887f3db7a196f03de0ce6f7672d3,undefined FUN_1806b857c(),ghidra,clean,
WHGame.dll,release_1_5_1164953_841,0x6b85e0,182,FUN_1806b85e0,,,793f15041dd64601c8e686ca3504253c3957937a26c5fd3316698da9bfbf7636,undefined FUN_1806b85e0(),ghidra,clean,
WHGame.dll,release_1_5_1164953_841,0x6b8698,44,FUN_1806b8698,,,9e624d9c0311eda731ec9ef80c6d9346d8ef9fe93629d67e31e2bb05cb8d0153,undefined FUN_1806b8698(),ghidra,clean,
WHGame.dll,release_1_5_1164953_841,0x6b86c4,132,FUN_1806b86c4,,,671981bcfe38fe4898fc400d80aa3fcc263729c30da1a17fe25cb0ff2e4b31f9,undefined FUN_1806b86c4(),ghidra,clean,
WHGame.dll,release_1_5_1164953_841,0x6b8724,185,FUN_1806b8724,,,b60c65022f4bf6c7c0fa57d0071db271b35c9c1364b26812343d16efd5a91cae,undefined FUN_1806b8724(),ghidra,clean,
WHGame.dll,release_1_5_1164953_841,0x6b87e0,132,FUN_1806b87e0,,,c72a2672b68481bd12941aa94c5f8302332d20e897466d32dbdb238434d9e575,undefined FUN_1806b87e0(),ghidra,clean,
WHGame.dll,release_1_5_1164953_841,0x6b8840,85,FUN_1806b8840,,,083c96b8ddf4c4f13e4ae5ec71dd92872e5646773fe392e0fb55c0c9fb715ab5,undefined FUN_1806b8840(),ghidra,clean,
WHGame.dll,release_1_5_1164953_841,0x6b8898,85,FUN_1806b8898,,,679328deabe3c617d7a41cfb3a92c2664136f2d4186e784fb42c7c47a79d00ad,undefined FUN_1806b8898(),ghidra,clean,
WHGame.dll,release_1_5_1164953_841,0x6b88f0,41,FUN_1806b88f0,,,6d0d82164c1a7ec29db796000c37a0b83cdb939c7f060cd81dd75549fbbf5ee6,undefined FUN_1806b88f0(),ghidra,clean,
WHGame.dll,release_1_5_1164953_841,0x6b891c,44,FUN_1806b891c,,,f884441506c3681b691c74cdcaa58c93234719602c9610dfdcffdb9ebd52e0a0,undefined FUN_1806b891c(),ghidra,clean,
WHGame.dll,release_1_5_1164953_841,0x6b8948,74,FUN_1806b8948,,,341333fa5d18c8b77b9178052b68ace91950012b2490b2620c783ecf40d6dae5,undefined FUN_1806b8948(),ghidra,clean,
WHGame.dll,release_1_5_1164953_841,0x6b8994,74,FUN_1806b8994,,,dca245bde08947c3f32f64d4040a0cbb23636ca375dac1389ec4f991bfe4d56c,undefined FUN_1806b8994(),ghidra,clean,
WHGame.dll,release_1_5_1164953_841,0x6b89e0,307,FUN_1806b89e0,,,403ed4fcfd9472e7c3f332fa950ba9e604205d2553f8eec3c5b0b70ba0f5aac5,undefined FUN_1806b89e0(),ghidra,clean,
WHGame.dll,release_1_5_1164953_841,0x6b8b14,114,FUN_1806b8b14,,,3d57485df55c0724ccaa1bed42bb67204d3a2009b58226da17bc0b12ca393495,undefined FUN_1806b8b14(),ghidra,clean,
WHGame.dll,release_1_5_1164953_841,0x6b8b88,581,FUN_1806b8b88,,,136b9bb43f2863dab61b92aebeb8912b80aff615094a55e18d3fbdb20741ba93,undefined FUN_1806b8b88(),ghidra,clean,
WHGame.dll,release_1_5_1164953_841,0x6b8dd0,182,FUN_1806b8dd0,,,8590bb8ccf46fa0b6b223299d45b95606e6b389fffaa23f8e171a0050e9e9903,undefined FUN_1806b8dd0(),ghidra,clean,
WHGame.dll,release_1_5_1164953_841,0x6b8e88,124,FUN_1806b8e88,,,5642e5caf856e04b59c61d6b751f3c35bc2adf219920dc8bc91a881a9e329b65,undefined FUN_1806b8e88(),ghidra,clean,
WHGame.dll,release_1_5_1164953_841,0x6b8f04,229,FUN_1806b8f04,,,87b3d71a6282da3d676ad37b3c5861dfd781b1306cd2c9b90228a0e2a00097f4,undefined FUN_1806b8f04(),ghidra,clean,
WHGame.dll,release_1_5_1164953_841,0x6b8fec,196,FUN_1806b8fec,,,44723787086d1523e43d4e296081a18fe011681e70f214f6136337b289186372,undefined FUN_1806b8fec(),ghidra,clean,
WHGame.dll,release_1_5_1164953_841,0x6b90b0,108,FUN_1806b90b0,,,652fa5617eed345c4df81a199ac126358a51ba58a6828b92fd1c4fcc4e183542,undefined FUN_1806b90b0(),ghidra,clean,
WHGame.dll,release_1_5_1164953_841,0x6b9110,157,FUN_1806b9110,,,bafd230188590fbd12388b699243080399f716f063638385d11b9f82151a1a24,undefined FUN_1806b9110(),ghidra,clean,
WHGame.dll,release_1_5_1164953_841,0x6b91b0,144,FUN_1806b91b0,,,c5f0627101bc4bdc30df8498b6abd134f3a456b6d1b9caf52865497b32b6e6b4,undefined FUN_1806b91b0(),ghidra,clean,
WHGame.dll,release_1_5_1164953_841,0x6b9214,956,FUN_1806b9214,,,ee2eb6db83b75371047403377b8baeb5eadd6c831bcb7033da4b88b59f35a45a,undefined FUN_1806b9214(),ghidra,clean,
WHGame.dll,release_1_5_1164953_841,0x6b95d0,422,FUN_1806b95d0,,,dc4ab61b5e0875939a02c9cb38416f7f5b214d6208676c923d68deedb195e5f9,undefined FUN_1806b95d0(),ghidra,clean,
WHGame.dll,release_1_5_1164953_841,0x6b9778,163,FUN_1806b9778,,,f040066c6210c389758f363b7d80f43dba3b8939a7604664dc97d49456a27441,undefined FUN_1806b9778(),ghidra,clean,
WHGame.dll,release_1_5_1164953_841,0x6b981c,33,FUN_1806b981c,,,096fee464dc7b69ada0f2dfe47400f0c4989f85e7583ba8197d3c027aa3e50bc,undefined FUN_1806b981c(),ghidra,clean,
WHGame.dll,release_1_5_1164953_841,0x6b9840,210,FUN_1806b9840,,,b7bc731dfb27667a33c286cadc01cdec526fa4ae3e57d05d11754b7f174db0e7,undefined FUN_1806b9840(),ghidra,clean,
WHGame.dll,release_1_5_1164953_841,0x6b9920,24,FUN_1806b9920,,,3db8a1209528762a7859f6e2160d883c37c781550cd4e62494ba786309da612b,undefined FUN_1806b9920(),ghidra,clean,
WHGame.dll,release_1_5_1164953_841,0x6b9938,162,FUN_1806b9938,,,ce59fa116eac6eea3ce7353043bbeff27fc17d7bd6976738ebca406646af63b6,undefined FUN_1806b9938(),ghidra,clean,
WHGame.dll,release_1_5_1164953_841,0x6b99dc,167,FUN_1806b99dc,,,d3209934836cf7af987f1d35199a095c51f4622f9e4cfefb0a063a2d8fbb7eed,undefined FUN_1806b99dc(),ghidra,clean,
WHGame.dll,release_1_5_1164953_841,0x6b9a78,76,FUN_1806b9a78,,,d90d7f04b1237a852748b7b9276ffb97e0733946fb71db9a1133d5a9d912c7a7,undefined FUN_1806b9a78(),ghidra,clean,
WHGame.dll,release_1_5_1164953_841,0x6b9ac4,1330,FUN_1806b9ac4,,,2504f0e5a7fb9e0e55e2b5f1d66ef78ee981f81127fe429c1c539507992b588d,undefined FUN_1806b9ac4(),ghidra,clean,
WHGame.dll,release_1_5_1164953_841,0x6b9ff8,27,FUN_1806b9ff8,,,d425c71c85dffce500f7efe090a1a08f31316ea9f9a23afa9074981607b11328,undefined FUN_1806b9ff8(),ghidra,clean,
WHGame.dll,release_1_5_1164953_841,0x6ba014,111,FUN_1806ba014,,,f61c29ae44704b298b22037862b951706e2ed2c03d948172494ae11e9f5f04e3,undefined FUN_1806ba014(),ghidra,clean,
WHGame.dll,release_1_5_1164953_841,0x6ba084,552,FUN_1806ba084,,,250680c45358ac47aaee4a44b36a90513662629082258af71e30402d05d2f0ce,undefined FUN_1806ba084(),ghidra,clean,
WHGame.dll,release_1_5_1164953_841,0x6ba2b0,191,FUN_1806ba2b0,,,bbc415a946efb224f909cf8aeb2ebf8242428c5200e5be70fbf6c949b00a9030,undefined FUN_1806ba2b0(),ghidra,clean,
WHGame.dll,release_1_5_1164953_841,0x6ba370,101,FUN_1806ba370,,,585218c7f059967f00dd69fccc7eb1ca9e3e2a7a51d456a9b78f75b856cda971,undefined FUN_1806ba370(),ghidra,clean,
WHGame.dll,release_1_5_1164953_841,0x6ba3d8,103,FUN_1806ba3d8,,,a1ee137804bda971d53cfbb74ad89c977c3c966aa2dc12490b6fffa6950509de,undefined FUN_1806ba3d8(),ghidra,clean,
WHGame.dll,release_1_5_1164953_841,0x6ba440,156,FUN_1806ba440,,,34dc3fe7df50db4ce334a7a43d5bb3cb31b8b37b51791885cd7fb16897bb91cc,undefined FUN_1806ba440(),ghidra,clean,
WHGame.dll,release_1_5_1164953_841,0x6ba4dc,107,FUN_1806ba4dc,,,cbea2a9857beef89ffec0392a71ae6ed9f717ec2a3a75e3656e85778bcd063b2,undefined FUN_1806ba4dc(),ghidra,clean,
WHGame.dll,release_1_5_1164953_841,0x6ba548,261,FUN_1806ba548,,,db91cbc2c5f8188ba13675f7cfd5b0c3da89a515cd04863060011ad0d08cf29f,undefined FUN_1806ba548(),ghidra,clean,
WHGame.dll,release_1_5_1164953_841,0x6ba618,110,FUN_1806ba618,,,4d99b3a9df2e571d6e2ac873779246feca578b84d5e944218fa6f1469ef6326b,undefined FUN_1806ba618(),ghidra,clean,
WHGame.dll,release_1_5_1164953_841,0x6ba688,55,FUN_1806ba688,,,b1f141075c690c074e16e1c856580b640bca36b12f3d11cc91880b099e5eade9,undefined FUN_1806ba688(),ghidra,clean,
WHGame.dll,release_1_5_1164953_841,0x6ba6c0,45,FUN_1806ba6c0,,,796752977cc39a32fede077492e1682e8a5915351fb0605aa6aba9f343d1ae7a,undefined FUN_1806ba6c0(),ghidra,clean,
WHGame.dll,release_1_5_1164953_841,0x6ba6f0,89,FUN_1806ba6f0,,,3b8cae5894e96c93c217821ed2c89e883cbc9cbdc6e71ea6f1517c0fa77943bf,undefined FUN_1806ba6f0(),ghidra,clean,
WHGame.dll,release_1_5_1164953_841,0x6ba74c,131,FUN_1806ba74c,,,d710ef97f7e39a98293be7e9815d49cb06889c69f47c57469c8c6b4dda91fd62,undefined FUN_1806ba74c(),ghidra,clean,
WHGame.dll,release_1_5_1164953_841,0x6ba7d0,30,FUN_1806ba7d0,,,2a7b923152724ded9358bb8520df9fd35f8e1a1ad4c60e48a64aa5fe28e4158b,undefined FUN_1806ba7d0(),ghidra,clean,
WHGame.dll,release_1_5_1164953_841,0x6ba7f0,101,FUN_1806ba7f0,,,d351a751b175bc1d43d2fbe3470ee740e42b52b23583ce07f48044ebeda4c430,undefined FUN_1806ba7f0(),ghidra,clean,
WHGame.dll,release_1_5_1164953_841,0x6ba858,76,FUN_1806ba858,,,07a321dad863812c87d5c2429638e80e77de06d4c9832659f1fa0597b0923f44,undefined FUN_1806ba858(),ghidra,clean,
WHGame.dll,release_1_5_1164953_841,0x6ba8a4,412,FUN_1806ba8a4,,,af2865486b1f11fdf8476178c08fc5b5e21e3f6f16987bc568546023d3c50b97,undefined FUN_1806ba8a4(),ghidra,clean,
WHGame.dll,release_1_5_1164953_841,0x6baa00,441,FUN_1806baa00,,,90d134682103917f7b9333388e674b213928b0adbcf856df65a4520e0462575e,undefined FUN_1806baa00(),ghidra,clean,
WHGame.dll,release_1_5_1164953_841,0x6bab78,34,FUN_1806bab78,,,d9b50d655a041a27aee6a641b01527c1b756a0b9d26d3612b61d15819aad809c,undefined FUN_1806bab78(),ghidra,clean,
WHGame.dll,release_1_5_1164953_841,0x6baba0,9,FUN_1806baba0,,,07e68f54eec89d6890b8d7021fba1ed20f53ee3dee9916c527fb798b77161ffb,undefined FUN_1806baba0(),ghidra,clean,
WHGame.dll,release_1_5_1164953_841,0x6babac,2958,FUN_1806babac,,,5a12f2395f13cf08c3af1ce6f11f24c96bff75faada8b8a816f2e42ed1abed88,undefined FUN_1806babac(),ghidra,clean,
WHGame.dll,release_1_5_1164953_841,0x6bb73c,90,FUN_1806bb73c,,,866c5d2cc2c1ec2260646e9c404f54c500f1fcac353121d08966a3123d4cad7f,undefined FUN_1806bb73c(),ghidra,clean,
WHGame.dll,release_1_5_1164953_841,0x6bb784,158,FUN_1806bb784,,,d21e7edede1c2b8f0cb50d46366a5ead0814a1a6a0c2c1e67dfc38c90bcb6759,undefined FUN_1806bb784(),ghidra,clean,
WHGame.dll,release_1_5_1164953_841,0x6bb824,92,FUN_1806bb824,,,c971d7a4e16c68f8390d15ce6f898b777af8014b697a4dd04e7106e95c3ac5a1,undefined FUN_1806bb824(),ghidra,clean,
WHGame.dll,release_1_5_1164953_841,0x6bb880,1260,FUN_1806bb880,,,53467209faecd4fa3e3e630640e43ac538f8ba71aa8a83971eea19b0bf495189,undefined FUN_1806bb880(),ghidra,clean,
WHGame.dll,release_1_5_1164953_841,0x6bbd10,600,FUN_1806bbd10,,,d828e7dce314448c76f93651b838e4c97e7c7600e3dd5657010bc8e244c0dce3,undefined FUN_1806bbd10(),ghidra,clean,
WHGame.dll,release_1_5_1164953_841,0x6bbf20,106,FUN_1806bbf20,,,250d6a6c077c1150787d4832cbe129c168821992754e432867f594d8337e477f,undefined FUN_1806bbf20(),ghidra,clean,
WHGame.dll,release_1_5_1164953_841,0x6bbf8c,195,FUN_1806bbf8c,,,070b5b9763ea72391a0f5244756deb322d9bb9645ea0da053af0f244c5872b4f,undefined FUN_1806bbf8c(),ghidra,clean,
WHGame.dll,release_1_5_1164953_841,0x6bbfec,1409,FUN_1806bbfec,,,7ff7afafcb0669ea0e46d3d1276d72811d55e305d3a0284daae896f35472e4ea,undefined FUN_1806bbfec(),ghidra,clean,
WHGame.dll,release_1_5_1164953_841,0x6bc4d0,876,FUN_1806bc4d0,,,61529b9a64e77478435fdd6dcfea8a4fd93a7adeba4427042cd1309573d04a09,undefined FUN_1806bc4d0(),ghidra,clean,
WHGame.dll,release_1_5_1164953_841,0x6bc550,274,FUN_1806bc550,,,4c159371367104bb35d0e9b8479499f4d111412519625090078621c1bc2df90f,undefined FUN_1806bc550(),ghidra,clean,
WHGame.dll,release_1_5_1164953_841,0x6bc664,235,FUN_1806bc664,,,d8b50e5010c9e19775cf2419ed8e996ec8ac98cf0d8cca87dd01345bdbedeaac,undefined FUN_1806bc664(),ghidra,clean,
WHGame.dll,release_1_5_1164953_841,0x6bc6bc,50,FUN_1806bc6bc,,,968698fbcba6c7380a7b525315e3cb6cd42d4f45b86ee2107cfc787a15ef842a,undefined FUN_1806bc6bc(),ghidra,clean,
WHGame.dll,release_1_5_1164953_841,0x6bc6f0,1642,FUN_1806bc6f0,,,2d92e96f778850a5f33b06ffebd44b641145176fce5e62a9e0571c046081c689,undefined FUN_1806bc6f0(),ghidra,clean,
WHGame.dll,release_1_5_1164953_841,0x6bcd5c,39,FUN_1806bcd5c,,,ddcda391f828c511575048d6333d885a7a21ca96687f39154539a3404a3e4357,undefined FUN_1806bcd5c(),ghidra,clean,
WHGame.dll,release_1_5_1164953_841,0x6bcd84,32,FUN_1806bcd84,,,bcb169ba184c8a3d7af441a9c4aa653974c85186e1dd91b3b2fbdc86306ef635,undefined FUN_1806bcd84(),ghidra,clean,
WHGame.dll,release_1_5_1164953_841,0x6bcda4,118,FUN_1806bcda4,,,bc62a56281279bc2b178453318dd1be64439ae82f398df83d17f1735c6ad81d3,undefined FUN_1806bcda4(),ghidra,clean,
WHGame.dll,release_1_5_1164953_841,0x6bce1c,322,FUN_1806bce1c,,,99617b22bc80264c051c86aa5fa0252c59379c2075be114ec0a5f828986379cf,undefined FUN_1806bce1c(),ghidra,clean,
WHGame.dll,release_1_5_1164953_841,0x6bcf60,323,FUN_1806bcf60,,,38904f55cb0b0382f4a6308277281bb3e02a1de5a7f98e03aae7f677d3688a2a,undefined FUN_1806bcf60(),ghidra,clean,
WHGame.dll,release_1_5_1164953_841,0x6bd0a4,260,FUN_1806bd0a4,,,7875ee3466b63107ca5ee90ef2313368c0bba93404c5150699a829da813f6186,undefined FUN_1806bd0a4(),ghidra,clean,
WHGame.dll,release_1_5_1164953_841,0x6bd1a8,68,FUN_1806bd1a8,,,ca9cc8a59779de82d580b69698dd778075c9d10a2950c09becb8b883bd5d5d81,undefined FUN_1806bd1a8(),ghidra,clean,
WHGame.dll,release_1_5_1164953_841,0x6bd1f0,5,FUN_1806bd1f0,,,47f112b86041ee86505813740b38d6912dfe2c9e48dc7326d174f4d1d8c2134b,undefined FUN_1806bd1f0(),ghidra,clean,
WHGame.dll,release_1_5_1164953_841,0x6bd200,23,FUN_1806bd200,,,395d0089c9f375a16799fdb926f3f8512209f1898bd71a15553ffec57d744f5d,undefined FUN_1806bd200(),ghidra,clean,
WHGame.dll,release_1_5_1164953_841,0x6bd218,972,FUN_1806bd218,,,9a185982f5fd6c3dde7079a68ab50ca1b96753272d3c5bd044a02f18fffffed2,undefined FUN_1806bd218(),ghidra,clean,
WHGame.dll,release_1_5_1164953_841,0x6bd524,2994,FUN_1806bd524,,,c0e69af4a910a8ed78e5dcf5896cd368521e0c77c6dbed542dbcdb276d9dbb91,undefined FUN_1806bd524(),ghidra,clean,
WHGame.dll,release_1_5_1164953_841,0x6be0d8,3465,FUN_1806be0d8,,,5763d30ded898065433bdd6020ffb3b8ca60189a5bffe44f60cc41cf65c1c2e5,undefined FUN_1806be0d8(),ghidra,clean,
WHGame.dll,release_1_5_1164953_841,0x6bee64,8477,FUN_1806bee64,,,71c4f3ac4b1ca7f74fb608a4d24cca54880e7ee3d89cebb2224d852e5316768f,undefined FUN_1806bee64(),ghidra,clean,
WHGame.dll,release_1_5_1164953_841,0x6c0f90,514,FUN_1806c0f90,,,54a2764c7717955a1831fdec78d01579b997a29515f31b7258cab86b0c03964b,undefined FUN_1806c0f90(),ghidra,clean,
WHGame.dll,release_1_5_1164953_841,0x6c1150,1113,FUN_1806c1150,,,746d28906278d213c9b9a3513604d6dfb5a6c4fa03d73d6957962c677cce90db,undefined FUN_1806c1150(),ghidra,clean,
WHGame.dll,release_1_5_1164953_841,0x6c15ac,572,FUN_1806c15ac,,,3a3043aafa519bd52e7e7ec48d454df750e47051db521d4d0a4b239698107c24,undefined FUN_1806c15ac(),ghidra,clean,
WHGame.dll,release_1_5_1164953_841,0x6c17e8,293,FUN_1806c17e8,,,f9071043faa5396cffe6ab06555b7fbe10278fddec7d0a13837cc480469d8136,undefined FUN_1806c17e8(),ghidra,clean,
WHGame.dll,release_1_5_1164953_841,0x6c18f0,62,FUN_1806c18f0,,,36f85316f7ee54e16d3ec5932d766832ab962d279155a61c0234cb90e5caa0c4,undefined FUN_1806c18f0(),ghidra,clean,
WHGame.dll,release_1_5_1164953_841,0x6c1930,146,FUN_1806c1930,,,0f110ee210a2f4e40fa7363fb61b88d4b19f4a600844233738e687b0cc042838,undefined FUN_1806c1930(),ghidra,clean,
WHGame.dll,release_1_5_1164953_841,0x6c19c4,154,FUN_1806c19c4,,,b2c5c5a3ade49cf18a2c7c1b6ee50843827dd5859cd973c73fd6b7365f655de3,undefined FUN_1806c19c4(),ghidra,clean,
WHGame.dll,release_1_5_1164953_841,0x6c1a60,170,FUN_1806c1a60,,,065f53dd1da56dcd3c9cad6d10a1cfb07adcad55a50c941fa023cbcceefb3e0d,undefined FUN_1806c1a60(),ghidra,clean,
WHGame.dll,release_1_5_1164953_841,0x6c1b0c,183,FUN_1806c1b0c,,,0dd88a474070f400e6056165afffc0bb1ee6786fd4c5716ed04ecf36130d789b,undefined FUN_1806c1b0c(),ghidra,clean,
WHGame.dll,release_1_5_1164953_841,0x6c1bc4,636,FUN_1806c1bc4,,,188b9c80330483e858f5485c3bb5690b0331b40f8ed0bad1ea1aa76208e81582,undefined FUN_1806c1bc4(),ghidra,clean,
WHGame.dll,release_1_5_1164953_841,0x6c1e40,50,FUN_1806c1e40,,,098deb5cf77f90d9b161db7eda5f0a16e177d8f4f096c583afe7be6fa7fb3e87,undefined FUN_1806c1e40(),ghidra,clean,
WHGame.dll,release_1_5_1164953_841,0x6c1e74,252,FUN_1806c1e74,,,0ff98f5267382152fdcc9121b5f60c7e8630252a9db37e2c3bcc2d97ca842941,undefined FUN_1806c1e74(),ghidra,clean,
WHGame.dll,release_1_5_1164953_841,0x6c1f70,589,FUN_1806c1f70,,,51dd9dda91508ae963ad8589cd39027361096c8738a629b2a90abc1d685116b7,undefined FUN_1806c1f70(),ghidra,clean,
WHGame.dll,release_1_5_1164953_841,0x6c21c0,603,FUN_1806c21c0,,,3b5fd71046cb14c61ce0f43e24370462e1648b3978dda49cdd504997137a9ebd,undefined FUN_1806c21c0(),ghidra,clean,
WHGame.dll,release_1_5_1164953_841,0x6c241c,77,FUN_1806c241c,,,80976943ffc67e4c3cf0a6bacee4c46062e29403dfcc98ff39d952641fc37eec,undefined FUN_1806c241c(),ghidra,clean,
WHGame.dll,release_1_5_1164953_841,0x6c246c,187,FUN_1806c246c,,,14b0b1456c5b24ca6a34f299c5bb3bb6d284b85d6788b3f9cc90e8cb849ed1f0,undefined FUN_1806c246c(),ghidra,clean,
WHGame.dll,release_1_5_1164953_841,0x6c2528,141,FUN_1806c2528,,,1b6fee2e1b2bdf4f29d4a198e09ff2f3e1c73767af58f9562962d82ea9f724ab,undefined FUN_1806c2528(),ghidra,clean,
WHGame.dll,release_1_5_1164953_841,0x6c25b8,38,FUN_1806c25b8,,,206fe25c01cfde17e1a4434ca8b34054cd3f0035c33a64edc8ed7e78c4d5ce61,undefined FUN_1806c25b8(),ghidra,clean,
WHGame.dll,release_1_5_1164953_841,0x6c25e0,46,FUN_1806c25e0,,,a3a89db5adb8e930e3fe44308a8fb2a42199925ed09a854d519ddd2c1127d5f6,undefined FUN_1806c25e0(),ghidra,clean,
WHGame.dll,release_1_5_1164953_841,0x6c2610,168,FUN_1806c2610,,,8a6af52012b06ba09e04601113048e57959856c55f981cd24cf333638604c9ce,undefined FUN_1806c2610(),ghidra,clean,
WHGame.dll,release_1_5_1164953_841,0x6c26b8,90,FUN_1806c26b8,,,db2cf206a91798f41b4c640722dd5adf760394af234c4f7ecaea29f91cff166e,undefined FUN_1806c26b8(),ghidra,clean,
WHGame.dll,release_1_5_1164953_841,0x6c2714,62,FUN_1806c2714,,,78d76c3cb0952ddd9f6798e856dfa38b7c4f596f0d7e7dd181a47a760eca7bfa,undefined FUN_1806c2714(),ghidra,clean,
WHGame.dll,release_1_5_1164953_841,0x6c2754,109,FUN_1806c2754,,,584a5c058ba426b556e0d043d43723df6867f858dcd5a40f0f4e7f33262341a3,undefined FUN_1806c2754(),ghidra,clean,
WHGame.dll,release_1_5_1164953_841,0x6c27c4,51,FUN_1806c27c4,,,2f33077dae5541275b94b32787e2b3da744ad8a65a3a2fc609fd0c7716d8762d,undefined FUN_1806c27c4(),ghidra,clean,
WHGame.dll,release_1_5_1164953_841,0x6c27f8,748,FUN_1806c27f8,,,73d79073f4f3e8c4741f8d791fe1b35673042b9afa1046c2cdc682a04a4b55e0,undefined FUN_1806c27f8(),ghidra,clean,
WHGame.dll,release_1_5_1164953_841,0x6c2ae4,20,FUN_1806c2ae4,,,1da339aaee9f23f7bbad4159fdd8fc91c7e384593f5ddbeef640bdd677bc1a7f,undefined FUN_1806c2ae4(),ghidra,clean,
WHGame.dll,release_1_5_1164953_841,0x6c2af8,10,FUN_1806c2af8,,,c3484f00b4918798971b7233ad0516cf806ca57ea974505f7207076cd019affb,undefined FUN_1806c2af8(),ghidra,clean,
WHGame.dll,release_1_5_1164953_841,0x6c2b04,54,FUN_1806c2b04,,,9bbcd2046296ffdbbba06820e9a9d53a6808349428fbf314f674eb55923f595f,undefined FUN_1806c2b04(),ghidra,clean,
WHGame.dll,release_1_5_1164953_841,0x6c2b3c,95,FUN_1806c2b3c,,,4860dd0108f7f4337fae5295658482820c2e1f2d46336587e202ba860383fbe8,undefined FUN_1806c2b3c(),ghidra,clean,
WHGame.dll,release_1_5_1164953_841,0x6c2b9c,57,FUN_1806c2b9c,,,ed22ae30142a04ae3b5a7355ce77b730909b3d68d7d943af638e307499437ea8,undefined FUN_1806c2b9c(),ghidra,clean,
WHGame.dll,release_1_5_1164953_841,0x6c2bd8,95,FUN_1806c2bd8,,,22a950d6be4d34dc738ed860b4e8caf22f83ebd2601bf6baf05719c1a5c1505c,undefined FUN_1806c2bd8(),ghidra,clean,
WHGame.dll,release_1_5_1164953_841,0x6c2c38,304,FUN_1806c2c38,,,ca643b8d9949d87abd583bde2e30e531909e903d6d37002726c16576067f3ff1,undefined FUN_1806c2c38(),ghidra,clean,
WHGame.dll,release_1_5_1164953_841,0x6c2d68,329,FUN_1806c2d68,,,21f2a05986ce6bb3666614838b3c5fb185c66da9b3faa63e4c5cc992ca33784a,undefined FUN_1806c2d68(),ghidra,clean,
WHGame.dll,release_1_5_1164953_841,0x6c2eb4,260,FUN_1806c2eb4,,,62bb120beff8213a86e5a2c1096af746ce3eb7a1e3836339c6ac9f60ae582c89,undefined FUN_1806c2eb4(),ghidra,clean,
WHGame.dll,release_1_5_1164953_841,0x6c2f78,305,FUN_1806c2f78,,,d1972e904353aa9a327ed42999da192c327519ab2371349795928e9517b23efe,undefined FUN_1806c2f78(),ghidra,clean,
WHGame.dll,release_1_5_1164953_841,0x6c30ac,376,FUN_1806c30ac,,,a891fb4a0e3d5a90d96c6b9d2902a53240f7b01cf6a0663d1a92d3ccc4c2979b,undefined FUN_1806c30ac(),ghidra,clean,
WHGame.dll,release_1_5_1164953_841,0x6c3224,111,FUN_1806c3224,,,666fa5bb37a49cfd5a6db501ccf5e8914e25bd324b9640d1418e63c5bcc31779,undefined FUN_1806c3224(),ghidra,clean,
WHGame.dll,release_1_5_1164953_841,0x6c3270,129,FUN_1806c3270,,,6c8ff569e6dd6d1ec9221af39635877a51cee3c001d7c02459329f698cd47b37,undefined FUN_1806c3270(),ghidra,clean,
WHGame.dll,release_1_5_1164953_841,0x6c32f4,15,FUN_1806c32f4,,,97686beda4e04208fe853e7d4a79bf1530f5b658d5f119e74988340293feab31,undefined FUN_1806c32f4(),ghidra,clean,
WHGame.dll,release_1_5_1164953_841,0x6c3304,73,FUN_1806c3304,,,f2367c3f79f9c24d82e28a568c15c8cb62c94643f713f7fb0ac2976732599025,undefined FUN_1806c3304(),ghidra,clean,
WHGame.dll,release_1_5_1164953_841,0x6c3350,325,FUN_1806c3350,,,993bab679f1617064057f068367702ac8f14d6749c355c504566b655f1051a9e,undefined FUN_1806c3350(),ghidra,clean,
WHGame.dll,release_1_5_1164953_841,0x6c3498,288,FUN_1806c3498,,,f5bb8c76afdf4ab4ab44082f3095140c2fbd4b3e57e5dc2a7920f364abe2816a,undefined FUN_1806c3498(),ghidra,clean,
WHGame.dll,release_1_5_1164953_841,0x6c3598,165,FUN_1806c3598,,,f33d826dde89c3d0e5394a612f5f0eb0554f8f8fdfecf5b704cee417d357c16f,undefined FUN_1806c3598(),ghidra,clean,
WHGame.dll,release_1_5_1164953_841,0x6c3640,185,FUN_1806c3640,,,8d480de611055c856080a0e41c9b804abeaf48dfe0e7cbfb622119e13bd1a2d8,undefined FUN_1806c3640(),ghidra,clean,
WHGame.dll,release_1_5_1164953_841,0x6c36d4,185,FUN_1806c36d4,,,b02206553e5d3e41ac857fe6fa9d2231bfa5720fdb59f5fd437c94e35fc05a25,undefined FUN_1806c36d4(),ghidra,clean,
WHGame.dll,release_1_5_1164953_841,0x6c3768,43,FUN_1806c3768,,,50dbfb37e5511d08b6aa43ae8a22aab1ee91d73e9019f724f5ef938235574250,undefined FUN_1806c3768(),ghidra,clean,
WHGame.dll,release_1_5_1164953_841,0x6c3794,191,FUN_1806c3794,,,511c4ddea5d1f97351281f01f0ec23db5cb8d7a17da90e6028c53b4822390604,undefined FUN_1806c3794(),ghidra,clean,
WHGame.dll,release_1_5_1164953_841,0x6c382c,185,FUN_1806c382c,,,104ff7a03fe3b4de4e41b265e3a21b2866cf43f8b2c586a5e9943cc0178a4187,undefined FUN_1806c382c(),ghidra,clean,
WHGame.dll,release_1_5_1164953_841,0x6c38c0,187,FUN_1806c38c0,,,7e53e9f8c3df4fc1ca7e3c9ea7dbc7daef1edcec4ef586d0de60ff9198933c17,undefined FUN_1806c38c0(),ghidra,clean,
WHGame.dll,release_1_5_1164953_841,0x6c3954,43,FUN_1806c3954,,,49aea8e3928ad4e32356a54c6b1a54d229ad449f07b9934ad39f0d9f6860307f,undefined FUN_1806c3954(),ghidra,clean,
WHGame.dll,release_1_5_1164953_841,0x6c3980,193,FUN_1806c3980,,,96c6d0676e26749898b92b94970b59c850e88e056ce6a74df40656870ea9c704,undefined FUN_1806c3980(),ghidra,clean,
WHGame.dll,release_1_5_1164953_841,0x6c3a1c,127,FUN_1806c3a1c,,,19a64f82edf8f44741e87ca09d5aa3efa784f174c53bcc56085e9711d8400564,undefined FUN_1806c3a1c(),ghidra,clean,
WHGame.dll,release_1_5_1164953_841,0x6c3a9c,108,FUN_1806c3a9c,,,b01fabf296a5b7d757ce5cd199a7398de6dec32017357667849fa96f0b5e1166,undefined FUN_1806c3a9c(),ghidra,clean,
WHGame.dll,release_1_5_1164953_841,0x6c3b08,16,FUN_1806c3b08,,,d4915b0d76d559b6309f376f44dd250bfc3ef5503ecfad923d084c273bcabc56,undefined FUN_1806c3b08(),ghidra,clean,
WHGame.dll,release_1_5_1164953_841,0x6c3b18,496,FUN_1806c3b18,,,098db62ac4fbdfe0fe47c83aa74cb8b3be59a915e2400e19000397ff1b9361ed,undefined FUN_1806c3b18(),ghidra,clean,
WHGame.dll,release_1_5_1164953_841,0x6c3cf0,48,FUN_1806c3cf0,,,2760298b399e9e5cd0fe0cf34eb8ded7d2e51e0007cbe8308a478b1ef3e41b55,undefined FUN_1806c3cf0(),ghidra,clean,
WHGame.dll,release_1_5_1164953_841,0x6c3d20,369,FUN_1806c3d20,,,8b360b02e5561bacecd3f01d48f0292c4e6ed8e7f62211a4dd804141f60d4e0e,undefined FUN_1806c3d20(),ghidra,clean,
WHGame.dll,release_1_5_1164953_841,0x6c3e94,27,FUN_1806c3e94,,,e4ed9801a15442d1bb5b73319758435a640e9abdc8a2383ca0cf2fd609387add,undefined FUN_1806c3e94(),ghidra,clean,
WHGame.dll,release_1_5_1164953_841,0x6c3eb0,385,FUN_1806c3eb0,,,dab12d953b0c46fab73e07c11e6eabb21548337e92d4f3b44557a1f18daeb662,undefined FUN_1806c3eb0(),ghidra,clean,
WHGame.dll,release_1_5_1164953_841,0x6c4034,95,FUN_1806c4034,,,85f795be9b1deb15dd53be7da84e943377a436ca646dc222408d48ce017e28ae,undefined FUN_1806c4034(),ghidra,clean,
WHGame.dll,release_1_5_1164953_841,0x6c4094,122,FUN_1806c4094,,,5baed6fd63e39736cf2f775e90ec90d704a4ce2ad0ac9fc78e18c31342c28a6f,undefined FUN_1806c4094(),ghidra,clean,
WHGame.dll,release_1_5_1164953_841,0x6c4110,453,FUN_1806c4110,,,839fbdc7d61855c9eeaf7468546c138f11f2c562bd108cdb3f8e4060e528b553,undefined FUN_1806c4110(),ghidra,clean,
WHGame.dll,release_1_5_1164953_841,0x6c42d8,151,FUN_1806c42d8,,,e7c30d2a97a2c78eab06aed96e0047b879d1c8593739e19950a864109fe48c74,undefined FUN_1806c42d8(),ghidra,clean,
WHGame.dll,release_1_5_1164953_841,0x6c4334,110,FUN_1806c4334,,,0ad5aed66e9119ff0abe2633f17a0a70bb908d59b4335d7313fa10452685d2f8,undefined FUN_1806c4334(),ghidra,clean,
WHGame.dll,release_1_5_1164953_841,0x6c43a4,58,FUN_1806c43a4,,,35a89fb39de21ca4b3d099b0fba257e9ac374919103a1de649506313b5fe6cd4,undefined FUN_1806c43a4(),ghidra,clean,
WHGame.dll,release_1_5_1164953_841,0x6c43d4,16,FUN_1806c43d4,,,1470eda10a1d8ecaf922972713822af29b4269091be905d9d5cc8aff8bb9e0d8,undefined FUN_1806c43d4(),ghidra,clean,
WHGame.dll,release_1_5_1164953_841,0x6c43e4,243,FUN_1806c43e4,,,1637f0dbb4c7b5171e6808ac3c2f5ce3001adbdba7d24f375bf830e9b314cef4,undefined FUN_1806c43e4(),ghidra,clean,
WHGame.dll,release_1_5_1164953_841,0x6c44cc,5,thunk_FUN_1806c44d4,,,b0d40b133b9394d93820ac0104b0065121d2d73df32c7bfb4e4cf5d805a8b103,undefined thunk_FUN_1806c44d4(),ghidra,clean,
WHGame.dll,release_1_5_1164953_841,0x6c44d4,74,FUN_1806c44d4,,,71f7753de77044129251334b4b908920210b31d45a0dfd1b54ff08a628136b62,undefined FUN_1806c44d4(),ghidra,clean,
WHGame.dll,release_1_5_1164953_841,0x6c4520,169,FUN_1806c4520,,,bef763acc297fbfa09bfbdc436e935202b61a783b3393d3cec96e1ae121e2345,undefined FUN_1806c4520(),ghidra,clean,
WHGame.dll,release_1_5_1164953_841,0x6c45cc,21,FUN_1806c45cc,,,7568e9bb81629360c9e1e95d3c093de19747a72494384a29e004cd0df8aa0364,undefined FUN_1806c45cc(),ghidra,clean,
WHGame.dll,release_1_5_1164953_841,0x6c45e4,66,FUN_1806c45e4,,,9dfcbc32b354e87029219103e30571f15cbcabf63218d8a4278f607ae3edda6b,undefined FUN_1806c45e4(),ghidra,clean,
WHGame.dll,release_1_5_1164953_841,0x6c4628,187,FUN_1806c4628,,,8b33708e44d32990151c25e5a5fab5a449608ec9ec63c8e1afe19e78a4ce5eaa,undefined FUN_1806c4628(),ghidra,clean,
WHGame.dll,release_1_5_1164953_841,0x6c46bc,43,FUN_1806c46bc,,,1eaaa0e7fddb423699a3d15e5f900c70e052b999eb800f1869ae547de4bdc54f,undefined FUN_1806c46bc(),ghidra,clean,
WHGame.dll,release_1_5_1164953_841,0x6c46e8,193,FUN_1806c46e8,,,19943f32344b1d501e3045683eed7e3d00d8dbb0217910b12cd2d1f3506b00a8,undefined FUN_1806c46e8(),ghidra,clean,
WHGame.dll,release_1_5_1164953_841,0x6c4784,82,FUN_1806c4784,,,2066b5d3cb0abe009f70e4b1e5536fcee05e5ed2f0b801cb6b412cca61221f6a,undefined FUN_1806c4784(),ghidra,clean,
WHGame.dll,release_1_5_1164953_841,0x6c47d8,187,FUN_1806c47d8,,,f73c5822e791d75f677e20816c137da81ff69105e4e370043f7bbc8fea6ff41c,undefined FUN_1806c47d8(),ghidra,clean,
WHGame.dll,release_1_5_1164953_841,0x6c486c,43,FUN_1806c486c,,,bdddbfd4567ea646748c6d852a40c86e270592bc5c05494d37089f55033af28b,undefined FUN_1806c486c(),ghidra,clean,
WHGame.dll,release_1_5_1164953_841,0x6c4898,193,FUN_1806c4898,,,fdeb2f37a0c003a9ecc5e3b8cd7a8937d4fb542b3b5c3fb2af2dbe2c1429ccf8,undefined FUN_1806c4898(),ghidra,clean,
WHGame.dll,release_1_5_1164953_841,0x6c4934,170,FUN_1806c4934,,,bdfdb0d121b67ef300c8c990bbcbe6e2bd8bcdc0b32f3e534da6a041dbbc9f9c,undefined FUN_1806c4934(),ghidra,clean,
WHGame.dll,release_1_5_1164953_841,0x6c49e0,204,FUN_1806c49e0,,,51715d7a4bb1b1547e2c08a0076808ba283231b33d50f28749798bcce2f453bf,undefined FUN_1806c49e0(),ghidra,clean,
WHGame.dll,release_1_5_1164953_841,0x6c4aac,515,FUN_1806c4aac,,,88c384c2885fd7f87c69f81929dff919901d398824526eee4a65673e774b3eb4,undefined FUN_1806c4aac(),ghidra,clean,
WHGame.dll,release_1_5_1164953_841,0x6c4c18,123,FUN_1806c4c18,,,16d681a91dea44c9b707bd70406488696c710fc36ed80b2c305ee21ebdb31eea,undefined FUN_1806c4c18(),ghidra,clean,
WHGame.dll,release_1_5_1164953_841,0x6c4c94,251,FUN_1806c4c94,,,ee11c3eb2d7017ab506f16c18cc0ebbba90c969a9ec592d2845cc092403eed39,undefined FUN_1806c4c94(),ghidra,clean,
WHGame.dll,release_1_5_1164953_841,0x6c4d90,112,FUN_1806c4d90,,,669bb60c956a3dcfb8a979ed94fd3740844a7d0cebe109ac9a2ea402d127773b,undefined FUN_1806c4d90(),ghidra,clean,
WHGame.dll,release_1_5_1164953_841,0x6c4e00,42,FUN_1806c4e00,,,0b172c6d37d7eabf2d8fcb6024505074d9c2c5508b73999970a60fad61eafc39,undefined FUN_1806c4e00(),ghidra,clean,
WHGame.dll,release_1_5_1164953_841,0x6c4e2c,450,FUN_1806c4e2c,,,24f91b1ab9e45b5989de4f323f5afb70f4d99ac78bf070972c7b76699d378f45,undefined FUN_1806c4e2c(),ghidra,clean,
WHGame.dll,release_1_5_1164953_841,0x6c4fbc,78,FUN_1806c4fbc,,,5d55717d84d93ef34fcf695bd39cb1cc1b96607091b638c057d041bdac18c945,undefined FUN_1806c4fbc(),ghidra,clean,
WHGame.dll,release_1_5_1164953_841,0x6c500c,134,FUN_1806c500c,,,dada4a1e2d0e0aba37f26edfc5bb3f4af071661970664e1ab75fcc2542cb5472,undefined FUN_1806c500c(),ghidra,clean,
WHGame.dll,release_1_5_1164953_841,0x6c5094,159,FUN_1806c5094,,,77530cb436fee7085e01204e9b4faff0644b600262e4f1ca55f18fd73cdd0af8,undefined FUN_1806c5094(),ghidra,clean,
WHGame.dll,release_1_5_1164953_841,0x6c5134,69,FUN_1806c5134,,,c0fc87eedf59d5ea361f8755c2180d6b91cebe80c91b335bae1ca2f0d8ba1a4d,undefined FUN_1806c5134(),ghidra,clean,
WHGame.dll,release_1_5_1164953_841,0x6c517c,528,FUN_1806c517c,,,be38dd1111fe67e2640107f60ec036ce7501f498f43c9756aec1f6107327bba0,undefined FUN_1806c517c(),ghidra,clean,
WHGame.dll,release_1_5_1164953_841,0x6c5334,60,FUN_1806c5334,,,47f0f87c6d594be04647823a0dfa7ac9abf2f46ad8daf3f0bac8592300a6c9f1,undefined FUN_1806c5334(),ghidra,clean,
WHGame.dll,release_1_5_1164953_841,0x6c5370,83,FUN_1806c5370,,,f3e9e55a87225530c021d5613914dac99011a7221f3289bee01b6e2de791e607,undefined FUN_1806c5370(),ghidra,clean,
WHGame.dll,release_1_5_1164953_841,0x6c53c4,85,FUN_1806c53c4,,,811529a0996d75f3b65db5350a1a57258ef8264e01e683810f3533731a80936d,undefined FUN_1806c53c4(),ghidra,clean,
WHGame.dll,release_1_5_1164953_841,0x6c541c,182,FUN_1806c541c,,,c6ed30a6ffde8f947af4a4b395f93e84758947c46b2cf33c514f8c5eb563ebb7,undefined FUN_1806c541c(),ghidra,clean,
WHGame.dll,release_1_5_1164953_841,0x6c54d4,83,FUN_1806c54d4,,,4d7270b90c08d631b81f4dba071512f7d32dfe3e922e84257b57137a99da8f63,undefined FUN_1806c54d4(),ghidra,clean,
WHGame.dll,release_1_5_1164953_841,0x6c5528,61,FUN_1806c5528,,,4ecfd87dd91c4b42eb72ad499cd7579fdd986d17cd69ba61c8f7e250bf35e689,undefined FUN_1806c5528(),ghidra,clean,
WHGame.dll,release_1_5_1164953_841,0x6c5568,17,FUN_1806c5568,,,d33879d28120ba6e0f990d9d2ddd40bc0706b6c08ce5f4f7ba027e8597482b02,undefined FUN_1806c5568(),ghidra,clean,
WHGame.dll,release_1_5_1164953_841,0x6c557c,86,FUN_1806c557c,,,318c884f5ff9178dea57583f103be8029bbadd92179364090ad0587b517b71ac,undefined FUN_1806c557c(),ghidra,clean,
WHGame.dll,release_1_5_1164953_841,0x6c55d4,339,FUN_1806c55d4,,,02be7e3668f5205a6953b7bda919af9d4c5d0310d7ebb524b18f92c9cbb1b067,undefined FUN_1806c55d4(),ghidra,clean,
WHGame.dll,release_1_5_1164953_841,0x6c5728,320,FUN_1806c5728,,,403ad84fc7699b4d4663b6bfa5c3c5ca84c1adcaa28e8c868751512ec65d3e01,undefined FUN_1806c5728(),ghidra,clean,
WHGame.dll,release_1_5_1164953_841,0x6c5870,7,FUN_1806c5870,,,3583652900b9b6e6db19c74419dbff7736a7a6a4aff1dda392284e09bf3cc6cf,undefined FUN_1806c5870(),ghidra,clean,
WHGame.dll,release_1_5_1164953_841,0x6c5878,159,FUN_1806c5878,,,fa5de89c1937249a4707559b452a0fbda5436fb03160824c988d42e438c7d618,undefined FUN_1806c5878(),ghidra,clean,
WHGame.dll,release_1_5_1164953_841,0x6c5918,12,FUN_1806c5918,,,6fb38755a2594f425c3e6041225a20aeca4b82176235476e8f0a03fc2b0efb36,undefined FUN_1806c5918(),ghidra,clean,
WHGame.dll,release_1_5_1164953_841,0x6c5924,262,FUN_1806c5924,,,d421bfb68f284d45a982d37ad19dca2829d76ac940c366e6b9a8c67a756c0246,undefined FUN_1806c5924(),ghidra,clean,
WHGame.dll,release_1_5_1164953_841,0x6c5a2c,287,FUN_1806c5a2c,,,71df7feef343d1217098ef0f924298f28f5a6bd32aa6688d76cfb40df7dd2d92,undefined FUN_1806c5a2c(),ghidra,clean,
WHGame.dll,release_1_5_1164953_841,0x6c5b14,295,FUN_1806c5b14,,,cba804dde15c0dceeac10e4a026b2be5e42bf33c741de1c899108acba91a1fda,undefined FUN_1806c5b14(),ghidra,clean,
WHGame.dll,release_1_5_1164953_841,0x6c5c1c,43,FUN_1806c5c1c,,,fa824d14ff9bc744ab50e0e4a3a2ec95872b73da21f3ab9dc18d4c56d2e95e83,undefined FUN_1806c5c1c(),ghidra,clean,
WHGame.dll,release_1_5_1164953_841,0x6c5c48,349,FUN_1806c5c48,,,f2273dc267690ccbda1c0945b9c3d925e6d433a5b7dc7ebbbfd266f7c99b8508,undefined FUN_1806c5c48(),ghidra,clean,
WHGame.dll,release_1_5_1164953_841,0x6c5da8,388,FUN_1806c5da8,,,49d68ee3f97dbfb6a2cb8f528943bc09af1845cf4a99da0d465d612ae32913d5,undefined FUN_1806c5da8(),ghidra,clean,
WHGame.dll,release_1_5_1164953_841,0x6c5f2c,649,FUN_1806c5f2c,,,706c07de8e6849b42b78453f06e4f18e666415678b8de71fd9fd7635efce7267,undefined FUN_1806c5f2c(),ghidra,clean,
WHGame.dll,release_1_5_1164953_841,0x6c6160,179,FUN_1806c6160,,,7aaf80a07b589f5ea13d01298065dbbf199d1d9d9ab7d4aa713d65cfbef7c11e,undefined FUN_1806c6160(),ghidra,clean,
WHGame.dll,release_1_5_1164953_841,0x6c6214,43,FUN_1806c6214,,,830a1abfd62c37337eb109a0e039857c59861da961d51ccbf27cf951aee748cb,undefined FUN_1806c6214(),ghidra,clean,
WHGame.dll,release_1_5_1164953_841,0x6c6240,187,FUN_1806c6240,,,b02b19d74d75732c3342b055f550cf0238ef51dcf45b86d793911fa410e301c3,undefined FUN_1806c6240(),ghidra,clean,
WHGame.dll,release_1_5_1164953_841,0x6c62d4,187,FUN_1806c62d4,,,2ff6447196a7b005627bba17ce8495d5e0512df7bfcfb9a3b85c4dc1c1dd9721,undefined FUN_1806c62d4(),ghidra,clean,
WHGame.dll,release_1_5_1164953_841,0x6c6368,43,FUN_1806c6368,,,4e5dd5537bef050ed959a4f45b53aea77fba4088633b8f1efc4ef197526fb36f,undefined FUN_1806c6368(),ghidra,clean,
WHGame.dll,release_1_5_1164953_841,0x6c6394,193,FUN_1806c6394,,,8060a74e98d2e29d832a8e2cbe311d8fd57d8ff101a3d77e9b29d31753aee025,undefined FUN_1806c6394(),ghidra,clean,
WHGame.dll,release_1_5_1164953_841,0x6c6430,240,FUN_1806c6430,,,7c6f5ce6d6824620cdf5d2dc19995a35b663b96aa74946f0fbc7daf653d43a0e,undefined FUN_1806c6430(),ghidra,clean,
WHGame.dll,release_1_5_1164953_841,0x6c6504,585,FUN_1806c6504,,,da38afc2f253579d4bd0ca2a10fba1ca41d94fe66290f4f848a70921e9744f36,undefined FUN_1806c6504(),ghidra,clean,
WHGame.dll,release_1_5_1164953_841,0x6c6750,16,FUN_1806c6750,,,d4915b0d76d559b6309f376f44dd250bfc3ef5503ecfad923d084c273bcabc56,undefined FUN_1806c6750(),ghidra,clean,
WHGame.dll,release_1_5_1164953_841,0x6c6760,435,FUN_1806c6760,,,1261c7d7dbef34433a41b42b41c84f9c0b5c06b6f2dffece2fdb38ccb25a519d,undefined FUN_1806c6760(),ghidra,clean,
WHGame.dll,release_1_5_1164953_841,0x6c6914,32,FUN_1806c6914,,,72ac7a34a2685a0c71ac1f5e921d93dd3b6b89d5ec9ea28f02ed3160f4f7c783,undefined FUN_1806c6914(),ghidra,clean,
WHGame.dll,release_1_5_1164953_841,0x6c6934,198,FUN_1806c6934,,,f8a41e0dd275a10379455f1aad001a73f5d99de5e726b69503115735dbed24eb,undefined FUN_1806c6934(),ghidra,clean,
WHGame.dll,release_1_5_1164953_841,0x6c69dc,50,FUN_1806c69dc,,,37f7e54429b7888c47be7d7cb3fd957e1605be3ce59ce62600549e6dec6d23d9,undefined FUN_1806c69dc(),ghidra,clean,
WHGame.dll,release_1_5_1164953_841,0x6c6a18,584,FUN_1806c6a18,,,c1602a2f5271a99f59374248761c90de286f25047bf52f482b25b43953951c05,undefined FUN_1806c6a18(),ghidra,clean,
WHGame.dll,release_1_5_1164953_841,0x6c6c60,152,FUN_1806c6c60,,,7fe0303df6101651d82a1b04098ba51b1297a7eb0a48146995595d6b25096e8e,undefined FUN_1806c6c60(),ghidra,clean,
WHGame.dll,release_1_5_1164953_841,0x6c6cdc,311,FUN_1806c6cdc,,,e1853a2f07e9d47637a81cee6eda1ea4a169a2c10040aa0c3b477fe694d84ba7,undefined FUN_1806c6cdc(),ghidra,clean,
WHGame.dll,release_1_5_1164953_841,0x6c6e14,198,FUN_1806c6e14,,,f3a29ed77189b49ab133c9e6ee7acca158acfdc0d0408bb747fbfac45a261918,undefined FUN_1806c6e14(),ghidra,clean,
WHGame.dll,release_1_5_1164953_841,0x6c6ebc,50,FUN_1806c6ebc,,,0105bd45331aecc27c392010054520624d083da90269d0a5829b5f15f33f96ba,undefined FUN_1806c6ebc(),ghidra,clean,
WHGame.dll,release_1_5_1164953_841,0x6c6ef0,50,FUN_1806c6ef0,,,19eb9a0996cfa4936c1ca9bca2f816648d9d4066b748a06def2411215073e8b1,undefined FUN_1806c6ef0(),ghidra,clean,
WHGame.dll,release_1_5_1164953_841,0x6c6f24,42,FUN_1806c6f24,,,61ccdb6916c1fb22891aef46a3d11d98af96685ef0c38df3c788ad37ab7bbbb4,undefined FUN_1806c6f24(),ghidra,clean,
WHGame.dll,release_1_5_1164953_841,0x6c6f50,114,FUN_1806c6f50,,,0d783fdc15ef2a8a991a571f706d62deef961649c43ddaf119dd7b537d32c7df,undefined FUN_1806c6f50(),ghidra,clean,
WHGame.dll,release_1_5_1164953_841,0x6c6fc4,213,FUN_1806c6fc4,,,eb2c9b68b5194284a6bc592f9def1be39e257f2588b684553962d035b99f71d0,undefined FUN_1806c6fc4(),ghidra,clean,
WHGame.dll,release_1_5_1164953_841,0x6c709c,52,FUN_1806c709c,,,c2908d62ac58fdc803aed1e1f805edc5ee3f761b2bb93909304b26a7b79e6b20,undefined FUN_1806c709c(),ghidra,clean,
WHGame.dll,release_1_5_1164953_841,0x6c70d0,612,FUN_1806c70d0,,,d90da443ade009ed6e20bc9dd433cc0fe2658cdc9047b50de9c5d00b661ceded,undefined FUN_1806c70d0(),ghidra,clean,
WHGame.dll,release_1_5_1164953_841,0x6c7308,51,FUN_1806c7308,,,4a0e2dcee3fdab07b033b292d898978dec1bf60c0b83d0086e12ea17189a21ee,undefined FUN_1806c7308(),ghidra,clean,
WHGame.dll,release_1_5_1164953_841,0x6c733c,110,FUN_1806c733c,,,43d0d29638c740022f564abbe036eb187af219ce19beafea93b896fe8b0a76a2,undefined FUN_1806c733c(),ghidra,clean,
WHGame.dll,release_1_5_1164953_841,0x6c73ac,663,FUN_1806c73ac,,,9d90f4eaf3744bd6bc86041acedcaf4ec7a1d0e10f5b0ffa55f98ddbb9d16905,undefined FUN_1806c73ac(),ghidra,clean,
WHGame.dll,release_1_5_1164953_841,0x6c7644,390,FUN_1806c7644,,,bd5a0c9b7287e3839793038cd51ef6914edcc4e703a35131eaa1213714f420a5,undefined FUN_1806c7644(),ghidra,clean,
WHGame.dll,release_1_5_1164953_841,0x6c77b8,60,FUN_1806c77b8,,,d7bfcb926cdb804902381ab10229ac13a34e77529dab3809f5fd60bc7b47f93c,undefined FUN_1806c77b8(),ghidra,clean,
WHGame.dll,release_1_5_1164953_841,0x6c77f4,211,FUN_1806c77f4,,,96babe26ba6e12a8c45abb89fa9e939820e61ecd95b65a431f5603209bd75118,undefined FUN_1806c77f4(),ghidra,clean,
WHGame.dll,release_1_5_1164953_841,0x6c78c8,5,thunk_FUN_1806c79c8,,,0960dcebe863bd056da561666ddf986a3baf93d8b9f5f7b4bd0e1f37ceca0084,undefined thunk_FUN_1806c79c8(),ghidra,clean,
WHGame.dll,release_1_5_1164953_841,0x6c78d0,177,FUN_1806c78d0,,,aefa6922039b48dfcb34ee4b81c082535989240be4de1bac654e068554a7ec16,undefined FUN_1806c78d0(),ghidra,clean,
WHGame.dll,release_1_5_1164953_841,0x6c7984,65,FUN_1806c7984,,,bc16c443198bf04e8bb3cbf07f94dd0dc0eb777272139a5790be6e5455fbdf58,undefined FUN_1806c7984(),ghidra,clean,
WHGame.dll,release_1_5_1164953_841,0x6c79c8,46,FUN_1806c79c8,,,05edfd6b8282964dfa322fea633c468bdc434edbe3e547c8f7e9fac8736c6971,undefined FUN_1806c79c8(),ghidra,clean,
WHGame.dll,release_1_5_1164953_841,0x6c79f8,98,FUN_1806c79f8,,,efc616ee8ccdc3389c0b9c66a029296dc3924727fd02e08caffe250194b4593d,undefined FUN_1806c79f8(),ghidra,clean,
WHGame.dll,release_1_5_1164953_841,0x6c7a5c,784,FUN_1806c7a5c,,,3ad9564285913369937e5bcb4d8c5153949c40cfb687396a375602d827418877,undefined FUN_1806c7a5c(),ghidra,clean,
WHGame.dll,release_1_5_1164953_841,0x6c7d6c,170,FUN_1806c7d6c,,,0bec4f55d8ec9603bbfbef5ac83edf422eda74d9c6a4d19ef0d9be317f49f44b,undefined FUN_1806c7d6c(),ghidra,clean,
WHGame.dll,release_1_5_1164953_841,0x6c7e18,64,FUN_1806c7e18,,,cc365ae7403fd5e088434090ae85d78ab3cbc3c17fd1b594d3584c93da3b2bd4,undefined FUN_1806c7e18(),ghidra,clean,
WHGame.dll,release_1_5_1164953_841,0x6c7e58,57,FUN_1806c7e58,,,6f965f75b59219c8831744b796a0849cb3756370a30b0fb0de8892b52a591b5b,undefined FUN_1806c7e58(),ghidra,clean,
WHGame.dll,release_1_5_1164953_841,0x6c7e94,69,FUN_1806c7e94,,,1664bcbdb38547837652c66d3dce6e0d468117a0c35e5ddf0076bfcad3ded373,undefined FUN_1806c7e94(),ghidra,clean,
WHGame.dll,release_1_5_1164953_841,0x6c7edc,346,FUN_1806c7edc,,,27ff54e2cb0fa75a94a87953c8fc463eff412ddb192347e021f99b755b3e9140,undefined FUN_1806c7edc(),ghidra,clean,
WHGame.dll,release_1_5_1164953_841,0x6c8038,86,FUN_1806c8038,,,bb15d8aaed72731be9aadbda4038e78d6af7c64bff180316c1060f7b3073ae75,undefined FUN_1806c8038(),ghidra,clean,
WHGame.dll,release_1_5_1164953_841,0x6c8090,35,FUN_1806c8090,,,6a59c02759c9c176f9083c4af25e7f54e56df9d1388098392cbecb25c985ef1c,undefined FUN_1806c8090(),ghidra,clean,
WHGame.dll,release_1_5_1164953_841,0x6c80b4,269,FUN_1806c80b4,,,17161291435159ba05bc748c65f7fe9d29685bd4c9c2ff280841057db7cd6dc0,undefined FUN_1806c80b4(),ghidra,clean,
WHGame.dll,release_1_5_1164953_841,0x6c81a8,83,FUN_1806c81a8,,,1e90448ffc320907031c4f45a7e48ef337af1c75588d5f81c037f45a1bf256cf,undefined FUN_1806c81a8(),ghidra,clean,
WHGame.dll,release_1_5_1164953_841,0x6c81c4,103,FUN_1806c81c4,,,65fa5df002d13e54d96c04536a3e70ed2f55a0b6e88bc12dd8b46ce79bcc3953,undefined FUN_1806c81c4(),ghidra,clean,
WHGame.dll,release_1_5_1164953_841,0x6c822c,143,FUN_1806c822c,,,e6ed8ab7211deb0298c497dc431f044a26a4ef9eb85e093b2e959c627d439c92,undefined FUN_1806c822c(),ghidra,clean,
WHGame.dll,release_1_5_1164953_841,0x6c82bc,252,FUN_1806c82bc,,,85cd47a1ef075e8bcd99bede7175c47393a502eb9d502474769d889f9d88a37a,undefined FUN_1806c82bc(),ghidra,clean,
WHGame.dll,release_1_5_1164953_841,0x6c83b8,111,FUN_1806c83b8,,,e087059ff84d6c13c7a795b7051050abea1837a55401266689a7c2b8287b0119,undefined FUN_1806c83b8(),ghidra,clean,
WHGame.dll,release_1_5_1164953_841,0x6c8428,241,FUN_1806c8428,,,5ea317aee17ef6d3468bd145f315c6a71efdb15e9a13c1382469b661c8653eb4,undefined FUN_1806c8428(),ghidra,clean,
WHGame.dll,release_1_5_1164953_841,0x6c851c,46,FUN_1806c851c,,,1fcec4c1d6fbe3a1f4fecfc22e3ff3bf5642a5ff08491442699a1cdf1b685460,undefined FUN_1806c851c(),ghidra,clean,
WHGame.dll,release_1_5_1164953_841,0x6c854c,52,FUN_1806c854c,,,29f7a0518fb13504528e6c18fa0aa6a931b3c4ebc03d5acbebe23590c9276d9d,undefined FUN_1806c854c(),ghidra,clean,
WHGame.dll,release_1_5_1164953_841,0x6c8580,97,FUN_1806c8580,,,899a32093c72eb7319ad4006c177aa0f0479c9cd1de992df8e551a0ca811ba54,undefined FUN_1806c8580(),ghidra,clean,
WHGame.dll,release_1_5_1164953_841,0x6c85e4,65,FUN_1806c85e4,,,4f921415129576de569b6171ce0269ba7f7702253bf25e3625b1f7ecc20ae01a,undefined FUN_1806c85e4(),ghidra,clean,
WHGame.dll,release_1_5_1164953_841,0x6c8628,50,FUN_1806c8628,,,fe13c02dd86d85aa5b78b519d2208929197bcf1a3eb1b8bc1826bb030535be7f,undefined FUN_1806c8628(),ghidra,clean,
WHGame.dll,release_1_5_1164953_841,0x6c865c,43,FUN_1806c865c,,,aafa273af05284403d976ae10185128e96f72073245ebd855511071c23d30193,undefined FUN_1806c865c(),ghidra,clean,
WHGame.dll,release_1_5_1164953_841,0x6c8688,151,FUN_1806c8688,,,88484c98952be1716d59e96163c4bf60259bf603ac90e2a0d14993242178ff96,undefined FUN_1806c8688(),ghidra,clean,
WHGame.dll,release_1_5_1164953_841,0x6c8720,65,FUN_1806c8720,,,e98edc43884ee6871578662effb8f599c65fad893116ee3e0cd960a280735566,undefined FUN_1806c8720(),ghidra,clean,
WHGame.dll,release_1_5_1164953_841,0x6c8764,163,FUN_1806c8764,,,e9674a7e5dac43b964b8bf6f1e51fdc1bfa4fef5251b1f46a47d361ed5df655e,undefined FUN_1806c8764(),ghidra,clean,
WHGame.dll,release_1_5_1164953_841,0x6c8808,230,FUN_1806c8808,,,3736e4ccea74a6c568ca70772f1d1d968ab45ae2e14776b1fcb00475b927507d,undefined FUN_1806c8808(),ghidra,clean,
WHGame.dll,release_1_5_1164953_841,0x6c88f0,279,FUN_1806c88f0,,,db02dcb98e57a7652d5180dadfd256a6291959723a92eb0ae33bef0b5eb445db,undefined FUN_1806c88f0(),ghidra,clean,
WHGame.dll,release_1_5_1164953_841,0x6c8a08,90,FUN_1806c8a08,,,800bad8aedf316558ac6dd45c4be34095ac9416efcf86f1893fc813d73f3c882,undefined FUN_1806c8a08(),ghidra,clean,
WHGame.dll,release_1_5_1164953_841,0x6c8a44,106,FUN_1806c8a44,,,7fe34e4f95ef986b4af6d260bd1ba1a0a2e248b689cd44ac3d0929e27d661182,undefined FUN_1806c8a44(),ghidra,clean,
WHGame.dll,release_1_5_1164953_841,0x6c8ab0,312,FUN_1806c8ab0,,,25247ee26bb61840b810f4cc8818f3afc225431c27f40247dacc264f79cbeac3,undefined FUN_1806c8ab0(),ghidra,clean,
WHGame.dll,release_1_5_1164953_841,0x6c8be8,212,FUN_1806c8be8,,,f5e123eb18a0bc0feddc6548dab579ab83c246d1bae5cb24493cf547df79dc40,undefined FUN_1806c8be8(),ghidra,clean,
WHGame.dll,release_1_5_1164953_841,0x6c8cc0,83,FUN_1806c8cc0,,,f2fc64365bf0a0031fb189d18eefa178225024af4160da4f73bd9274df761351,undefined FUN_1806c8cc0(),ghidra,clean,
WHGame.dll,release_1_5_1164953_841,0x6c8d14,69,FUN_1806c8d14,,,ee0c3eba96b32db9f3b4e56173407c33951dfae432440b7b7a427b3784c6cd1d,undefined FUN_1806c8d14(),ghidra,clean,
WHGame.dll,release_1_5_1164953_841,0x6c8d5c,73,FUN_1806c8d5c,,,8f397e81e0274d7266122e6b8315ae1e614cce24d77c19c105382ac5d62f624e,undefined FUN_1806c8d5c(),ghidra,clean,
WHGame.dll,release_1_5_1164953_841,0x6c8d84,52,FUN_1806c8d84,,,bf55df123abeb9650fcd4cb80b9738ccecbe5922cf61a84ad31b237dd708e8bd,undefined FUN_1806c8d84(),ghidra,clean,
WHGame.dll,release_1_5_1164953_841,0x6c8db8,65,FUN_1806c8db8,,,ab7c7b5c0053efc95699e8627631b05f8df375c402a77ff1a6ff3c18b3523c9e,undefined FUN_1806c8db8(),ghidra,clean,
WHGame.dll,release_1_5_1164953_841,0x6c8dfc,65,FUN_1806c8dfc,,,ba700a9a639319aae4ad273e87e088da53651847127352b81f213b219a5131f9,undefined FUN_1806c8dfc(),ghidra,clean,
WHGame.dll,release_1_5_1164953_841,0x6c8e40,151,FUN_1806c8e40,,,aff38279c7c575be65fc44d43726b6f39fdf2af3664c07ed295882ddfe905440,undefined FUN_1806c8e40(),ghidra,clean,
WHGame.dll,release_1_5_1164953_841,0x6c8ed8,52,FUN_1806c8ed8,,,81435d02bbfabc2ad6c95a50d33a5444c5ca9ee8342dedc9e0acf6d3a41ec974,undefined FUN_1806c8ed8(),ghidra,clean,
WHGame.dll,release_1_5_1164953_841,0x6c8f0c,52,FUN_1806c8f0c,,,a421dc98c252a97c79cce7a6ac3fe1dda18e65c89536e929b3c5c0f18b855f1a,undefined FUN_1806c8f0c(),ghidra,clean,
WHGame.dll,release_1_5_1164953_841,0x6c8f40,29,FUN_1806c8f40,,,3b19e0537447a48c882890c311a7b6654ba0fe626b3ecbc92244157ac70bf61d,undefined FUN_1806c8f40(),ghidra,clean,
WHGame.dll,release_1_5_1164953_841,0x6c8f60,29,FUN_1806c8f60,,,af0de3d65f9efc546ceb4b415f9910145e3c624b88f84ea7e4b572c8670eed47,undefined FUN_1806c8f60(),ghidra,clean,
WHGame.dll,release_1_5_1164953_841,0x6c8f80,52,FUN_1806c8f80,,,4b4505cf9e80577bf2a66400a72521b3bf754a35942432db93e353952cca976d,undefined FUN_1806c8f80(),ghidra,clean,
WHGame.dll,release_1_5_1164953_841,0x6c8fb4,52,FUN_1806c8fb4,,,a060bde22204bf3c5a2d71bb1628b4996189dad7540a5d016acc10358fe8ed2b,undefined FUN_1806c8fb4(),ghidra,clean,
WHGame.dll,release_1_5_1164953_841,0x6c8fe8,52,FUN_1806c8fe8,,,8a179e16c7aaf057dc70ceb6e7706bbb53c834110e56a05ed72b9899ac91b5a2,undefined FUN_1806c8fe8(),ghidra,clean,
WHGame.dll,release_1_5_1164953_841,0x6c901c,43,FUN_1806c901c,,,9d61a4a2f9f5c2b056221c998ba26ed32aa2310faefa2c7ca9959eab433f492a,undefined FUN_1806c901c(),ghidra,clean,
WHGame.dll,release_1_5_1164953_841,0x6c9048,52,FUN_1806c9048,,,cd05dc33dd182086ac1c71114752ac95c2a5fdff4d55951a3d0967ccc91d9349,undefined FUN_1806c9048(),ghidra,clean,
WHGame.dll,release_1_5_1164953_841,0x6c907c,50,FUN_1806c907c,,,c7ceb4c27b8967b294e04f0e7ebb1466a0965cab4ff3e37b2b3e52cc50592044,undefined FUN_1806c907c(),ghidra,clean,
WHGame.dll,release_1_5_1164953_841,0x6c90b0,65,FUN_1806c90b0,,,fe1b0d1c9fd5918b32063e2cb5b76f9bbe68830a338419d724383d1c5615daf2,undefined FUN_1806c90b0(),ghidra,clean,
WHGame.dll,release_1_5_1164953_841,0x6c90f4,82,FUN_1806c90f4,,,fa507c3f57049123222912a3eb90072d22bcb42125787aa5872e7560ad62dc76,undefined FUN_1806c90f4(),ghidra,clean,
WHGame.dll,release_1_5_1164953_841,0x6c9148,84,FUN_1806c9148,,,eb39240b639c71d5dcc12d1becb168aca84769b07e03a00f46241362b812f27a,undefined FUN_1806c9148(),ghidra,clean,
WHGame.dll,release_1_5_1164953_841,0x6c91a0,14,FUN_1806c91a0,,,b820f70056f4d7eac789960408fb1cee63015ccced824253b38452fb050bdd1f,undefined FUN_1806c91a0(),ghidra,clean,
WHGame.dll,release_1_5_1164953_841,0x6c91b0,99,FUN_1806c91b0,,,4369645e340f7b1b7c6f0dc2bac14add6e7a4d756da80b1415a184cd5476188d,undefined FUN_1806c91b0(),ghidra,clean,
WHGame.dll,release_1_5_1164953_841,0x6c9214,85,FUN_1806c9214,,,b992591946e0af336a8f2c971bff3ad6735494927f90880807f08893f1abb613,undefined FUN_1806c9214(),ghidra,clean,
WHGame.dll,release_1_5_1164953_841,0x6c926c,168,FUN_1806c926c,,,69097bb3ef743be046f42efa7bab97844a0cf564870177b126aff508d49f478e,undefined FUN_1806c926c(),ghidra,clean,
WHGame.dll,release_1_5_1164953_841,0x6c930c,185,FUN_1806c930c,,,d18366f8370bdca40d5f7ca529e876b861029240c9149a0537dab7cb9856a8ec,undefined FUN_1806c930c(),ghidra,clean,
WHGame.dll,release_1_5_1164953_841,0x6c93c8,151,FUN_1806c93c8,,,ab49efa6ac8fd45cce7ed21ae51d719624f9301e4532fc83a52d7d9e0cf595bf,undefined FUN_1806c93c8(),ghidra,clean,
WHGame.dll,release_1_5_1164953_841,0x6c9458,51,FUN_1806c9458,,,982902a18ca36524306e0e5d97fb880a77b161c472ecea359abfce2c55645030,undefined FUN_1806c9458(),ghidra,clean,
WHGame.dll,release_1_5_1164953_841,0x6c948c,480,FUN_1806c948c,,,717956ae68eeb5f8dc985ddb9f2b088928329bcc37529ed32798b8846949be19,undefined FUN_1806c948c(),ghidra,clean,
WHGame.dll,release_1_5_1164953_841,0x6c966c,75,FUN_1806c966c,,,dab2625959d569fcc6d176259df28b5b17fa9c5466717497105fd63eb30bde01,undefined FUN_1806c966c(),ghidra,clean,
WHGame.dll,release_1_5_1164953_841,0x6c96b8,75,FUN_1806c96b8,,,59995386f0e0283a00d9473e670d7edfb9ea491825d368cd333bc169cd9f9b0d,undefined FUN_1806c96b8(),ghidra,clean,
WHGame.dll,release_1_5_1164953_841,0x6c9704,59,FUN_1806c9704,,,20ad8c88830befd183ba7b2cf69c81dadaa06067f2a0c5b7724553e6fc783df2,undefined FUN_1806c9704(),ghidra,clean,
WHGame.dll,release_1_5_1164953_841,0x6c9740,43,FUN_1806c9740,,,f828a55410ac99443f2aca115daf78f31193469dc2a0d2de704d2b4fc3150202,undefined FUN_1806c9740(),ghidra,clean,
WHGame.dll,release_1_5_1164953_841,0x6c976c,465,FUN_1806c976c,,,ce84d8e523ad9b8f314fc114c8941fffc5021e234ffde8d1ae6c049fb3ea141f,undefined FUN_1806c976c(),ghidra,clean,
WHGame.dll,release_1_5_1164953_841,0x6c9940,30,FUN_1806c9940,,,2995fd1b8b24123a6a0c4c66515493da202ebb86e477bdfae65d84f8ce9f7b40,undefined FUN_1806c9940(),ghidra,clean,
WHGame.dll,release_1_5_1164953_841,0x6c9960,129,FUN_1806c9960,,,cb0167d439761f9cc2e3461761e6b1c624f79f07709031f4373fb4248e46098d,undefined FUN_1806c9960(),ghidra,clean,
WHGame.dll,release_1_5_1164953_841,0x6c99e4,70,FUN_1806c99e4,,,84818580d895626e1a69ee92f4ad6a6238ddd781a4c7d0da3c820052c5dbc768,undefined FUN_1806c99e4(),ghidra,clean,
WHGame.dll,release_1_5_1164953_841,0x6c9a2c,44,FUN_1806c9a2c,,,5400d7f6a9cbfbfb69cf87330109e76c98eaa4f992e3972fcaea29bd4556fed2,undefined FUN_1806c9a2c(),ghidra,clean,
WHGame.dll,release_1_5_1164953_841,0x6c9a58,124,FUN_1806c9a58,,,fc01355b102e9808adcb3079a42db01071344a19e473c2f7863533bebf90c8fb,undefined FUN_1806c9a58(),ghidra,clean,
WHGame.dll,release_1_5_1164953_841,0x6c9ad4,12,FUN_1806c9ad4,,,93a1a47bba7f1b34f5d78685f1665c3c63560dc9ec2a2e94c05aa1f2306105b4,undefined FUN_1806c9ad4(),ghidra,clean,
WHGame.dll,release_1_5_1164953_841,0x6c9ae0,756,FUN_1806c9ae0,,,88308c798b1314477b3acd1ba8f63e6b4759854f7d0752fe4d65a1d1772734ff,undefined FUN_1806c9ae0(),ghidra,clean,
WHGame.dll,release_1_5_1164953_841,0x6c9dd4,213,FUN_1806c9dd4,,,670100b7af15a3db89140c47d3f8cd1541553cd776824449e22bda7ae792686c,undefined FUN_1806c9dd4(),ghidra,clean,
WHGame.dll,release_1_5_1164953_841,0x6c9eac,60,FUN_1806c9eac,,,7f0ece3ea88678e6e4aed76e5c8fe5f0dd76b4ec565a1aeca4979307148eeba4,undefined FUN_1806c9eac(),ghidra,clean,
WHGame.dll,release_1_5_1164953_841,0x6c9ee8,88,FUN_1806c9ee8,,,05bd2533ead8a530880accd9a2ac35498244d331823b29b5a16d535117cbd8c1,undefined FUN_1806c9ee8(),ghidra,clean,
WHGame.dll,release_1_5_1164953_841,0x6c9f40,534,FUN_1806c9f40,,,90bacc71346fa8f394fdcab11514d7438c90de96dc32fb069787de511ae2080c,undefined FUN_1806c9f40(),ghidra,clean,
WHGame.dll,release_1_5_1164953_841,0x6ca158,249,FUN_1806ca158,,,066088a056e943cc43e440f04411cdd24dc62ed0d39b1195e8aab88160b5d450,undefined FUN_1806ca158(),ghidra,clean,
WHGame.dll,release_1_5_1164953_841,0x6ca254,89,FUN_1806ca254,,,e4402c269d60dbbfded4ba790cd38e446d54733ef4a02cd30a603f680939dbc1,undefined FUN_1806ca254(),ghidra,clean,
WHGame.dll,release_1_5_1164953_841,0x6ca2b0,90,FUN_1806ca2b0,,,b2fcd4d7ae739752d7e8f9d686d95edec2c3eb9e3aeecdefb471c8a7f17a9855,undefined FUN_1806ca2b0(),ghidra,clean,
WHGame.dll,release_1_5_1164953_841,0x6ca30c,148,FUN_1806ca30c,,,9665f642f1513d86ad77792af9caf62418dab8f236b365139711b95b1588ed71,undefined FUN_1806ca30c(),ghidra,clean,
WHGame.dll,release_1_5_1164953_841,0x6ca3a0,91,FUN_1806ca3a0,,,3a1173f905634a2eb2ab56d8517628aa4cea97d2564821e97f3f37e2708fd1e9,undefined FUN_1806ca3a0(),ghidra,clean,
WHGame.dll,release_1_5_1164953_841,0x6ca3fc,148,FUN_1806ca3fc,,,02cb1fd38c271075338a046fd65080dd220666cab93d1b8684e98111b702e9d3,undefined FUN_1806ca3fc(),ghidra,clean,
WHGame.dll,release_1_5_1164953_841,0x6ca490,1403,FUN_1806ca490,,,1db6630b0c2046326f223f7d4e1dc5d7893e8bac33fc7cd1fe8ccabfc9087e11,undefined FUN_1806ca490(),ghidra,clean,
WHGame.dll,release_1_5_1164953_841,0x6caa0c,95,FUN_1806caa0c,,,44f24cd5597c159c87b5e03f263e1939605f63f7a6a424b31bcb8d03a41b64d7,undefined FUN_1806caa0c(),ghidra,clean,
WHGame.dll,release_1_5_1164953_841,0x6caa6c,327,FUN_1806caa6c,,,6009c0c2d06c20481da420383f17e3048a58d1ee458aed62b66dcc705afbf0e2,undefined FUN_1806caa6c(),ghidra,clean,
WHGame.dll,release_1_5_1164953_841,0x6cab84,41,FUN_1806cab84,,,a219d0eaf1bbdbe09160f02fb286c7fd52b7af9ef3e9aa28d656b9314adc8af4,undefined FUN_1806cab84(),ghidra,clean,
WHGame.dll,release_1_5_1164953_841,0x6cabb0,33,FUN_1806cabb0,,,d380ccc5ce119ff6ccce0f5152359ab6f607aff0b15a79416148229618dd737b,undefined FUN_1806cabb0(),ghidra,clean,
WHGame.dll,release_1_5_1164953_841,0x6cabd4,20,FUN_1806cabd4,,,1c51bf5377f60e0d5aa7ecd94eeca71da0bd742a5627d6f862ce74fdbd0d1254,undefined FUN_1806cabd4(),ghidra,clean,
WHGame.dll,release_1_5_1164953_841,0x6cabe8,50,FUN_1806cabe8,,,a0aba9c46d32f6a6f2cba088b1d359c0b8e22ee045e946982ebafa9d5f59c02e,undefined FUN_1806cabe8(),ghidra,clean,
WHGame.dll,release_1_5_1164953_841,0x6cac1c,193,FUN_1806cac1c,,,dd8e2f51dc5ccf5443af63c9daff5fa88bb96d92961d9d97f3138c9d3c243bd5,undefined FUN_1806cac1c(),ghidra,clean,
WHGame.dll,release_1_5_1164953_841,0x6cace0,92,FUN_1806cace0,,,11199f974198f1992ebf1b0dba16321172c77fca0b50b33d180df0b648a0050a,undefined FUN_1806cace0(),ghidra,clean,
WHGame.dll,release_1_5_1164953_841,0x6cad3c,433,FUN_1806cad3c,,,c9152be46892fcb6b130390b0d8fa56b8eee07ab4a640af7acfaf88e5f730bbc,undefined FUN_1806cad3c(),ghidra,clean,
WHGame.dll,release_1_5_1164953_841,0x6caef0,401,FUN_1806caef0,,,e1b6548f982a0bd3da5d20a1e3735b37f4cedfcb1b5bb20732e909cbba7de7fc,undefined FUN_1806caef0(),ghidra,clean,
WHGame.dll,release_1_5_1164953_841,0x6cb084,109,FUN_1806cb084,,,2776f84e1990f58bd5c2c288be7fe28d30a3a464188aa571cff8d4d7b88c5b51,undefined FUN_1806cb084(),ghidra,clean,
WHGame.dll,release_1_5_1164953_841,0x6cb0f4,251,FUN_1806cb0f4,,,c5f0dc9393095831bf4a2babfe20a33d19cc7755b8bb85ec8c2d577bacdd7b44,undefined FUN_1806cb0f4(),ghidra,clean,
WHGame.dll,release_1_5_1164953_841,0x6cb1f0,230,FUN_1806cb1f0,,,824f5d19ac1f56fb5c9e1fee316b7590e62c4c77db44f6f1cdf46a8ce43a4642,undefined FUN_1806cb1f0(),ghidra,clean,
WHGame.dll,release_1_5_1164953_841,0x6cb2ac,200,FUN_1806cb2ac,,,17f7e0456bf4953a7856d975f9d8aa01ad2fb68b05e092f538917c9f2028bf85,undefined FUN_1806cb2ac(),ghidra,clean,
WHGame.dll,release_1_5_1164953_841,0x6cb374,104,FUN_1806cb374,,,ed8d0e9414b35eb91f046d823692ca0367d8bafceb5d337b0c1d733a301c7dbf,undefined FUN_1806cb374(),ghidra,clean,
WHGame.dll,release_1_5_1164953_841,0x6cb3dc,409,FUN_1806cb3dc,,,bf5f32e40e29b20f5573339b0e09df780f9200a0d9ed9b12825784d06d5f8e09,undefined FUN_1806cb3dc(),ghidra,clean,
WHGame.dll,release_1_5_1164953_841,0x6cb578,1630,FUN_1806cb578,,,55d2b6822cb644b95bd90f6a4ec4b08ad93347dd28de1ee8eb4cc10eb7a42668,undefined FUN_1806cb578(),ghidra,clean,
WHGame.dll,release_1_5_1164953_841,0x6cbbd8,18,FUN_1806cbbd8,,,cb167af0b1f5d401b71b5e6f19fb898d7982dcf1dad1a27f80100b36da44bd55,undefined FUN_1806cbbd8(),ghidra,clean,
WHGame.dll,release_1_5_1164953_841,0x6cbbec,45,FUN_1806cbbec,,,ceafb18e01ba2ff31ec7e97a3327e7ecb8820ac7ae474f2ea94bfbf00eed4086,undefined FUN_1806cbbec(),ghidra,clean,
WHGame.dll,release_1_5_1164953_841,0x6cbc1c,42,FUN_1806cbc1c,,,6f23fe61c91e58e4eccf537c9b61e532c8da20db2efcf8bc35b7c2841fbcb9bb,undefined FUN_1806cbc1c(),ghidra,clean,
WHGame.dll,release_1_5_1164953_841,0x6cbc48,261,FUN_1806cbc48,,,77a12bd81bd907efe50b85ce205e99d29d45849367c02ed72a1f6d9520335beb,undefined FUN_1806cbc48(),ghidra,clean,
WHGame.dll,release_1_5_1164953_841,0x6cbd50,66,FUN_1806cbd50,,,3af064907a02b1d1b3332da46deb2c1088769eeb7ed20fe36ada79b614a2b892,undefined FUN_1806cbd50(),ghidra,clean,
WHGame.dll,release_1_5_1164953_841,0x6cbd94,283,FUN_1806cbd94,,,ea470338e2f5f38056e98b423c4ba4a3ffdeaa92805e9c4b6938f65b4a4f27de,undefined FUN_1806cbd94(),ghidra,clean,
WHGame.dll,release_1_5_1164953_841,0x6cbeb0,60,FUN_1806cbeb0,,,1d1deb3e115150d31b98c9d9ec085efcb1a4426fb39f02d782256fdfa75956d2,undefined FUN_1806cbeb0(),ghidra,clean,
WHGame.dll,release_1_5_1164953_841,0x6cbeec,829,FUN_1806cbeec,,,ef6535dbadec7ae311c3fa0bf303110e3250558be2a1ace35a441e3d0c807011,undefined FUN_1806cbeec(),ghidra,clean,
WHGame.dll,release_1_5_1164953_841,0x6cc22c,292,FUN_1806cc22c,,,ede019adbb8e6eb123be6efc4cf9fdeb6256a0792af61f7ab80615ec2bc4d095,undefined FUN_1806cc22c(),ghidra,clean,
WHGame.dll,release_1_5_1164953_841,0x6cc350,291,FUN_1806cc350,,,956e25f871c9b1746bae424b79af00ca03246dd1d713dc0c5c0a48d92fd98d46,undefined FUN_1806cc350(),ghidra,clean,
WHGame.dll,release_1_5_1164953_841,0x6cc474,167,FUN_1806cc474,,,5782726bcba711b82983ffe67a7b11574fc6b4c5965ced352f7b1ec855f744e3,undefined FUN_1806cc474(),ghidra,clean,
WHGame.dll,release_1_5_1164953_841,0x6cc51c,954,FUN_1806cc51c,,,8c26223f356506acd259dc8a4a351e22b2ab098abaaf2b416465ae0561ef7f4a,undefined FUN_1806cc51c(),ghidra,clean,
WHGame.dll,release_1_5_1164953_841,0x6cc7d0,83,FUN_1806cc7d0,,,d15387300d35ea0e8da1ff3982310f6d10c1331e5fd921fe82c4bcb25b206882,undefined FUN_1806cc7d0(),ghidra,clean,
WHGame.dll,release_1_5_1164953_841,0x6cc824,71,FUN_1806cc824,,,69e30e09f8f822db8f0e2655bda5f956637234a4c23e9372e7ce5ee006107460,undefined FUN_1806cc824(),ghidra,clean,
WHGame.dll,release_1_5_1164953_841,0x6cc86c,82,FUN_1806cc86c,,,5d144696ba1d5190776ed3477e60fdec29521e20179e760b7caa5aa9248ea955,undefined FUN_1806cc86c(),ghidra,clean,
WHGame.dll,release_1_5_1164953_841,0x6cc8c0,124,FUN_1806cc8c0,,,d88b9571fbe3bac83735997728833a70c5c7bb88a9f5f3a226b670c9577c7016,undefined FUN_1806cc8c0(),ghidra,clean,
WHGame.dll,release_1_5_1164953_841,0x6cc93c,615,FUN_1806cc93c,,,46294fafee297d6c712e55904e47b6e7e4ac55b39ff6a864b7977e0972f22b1c,undefined FUN_1806cc93c(),ghidra,clean,
WHGame.dll,release_1_5_1164953_841,0x6ccba4,219,FUN_1806ccba4,,,11a8da7dcd47e6791c864702ed8f98d63f5c444ac8a1007763f56579371bd457,undefined FUN_1806ccba4(),ghidra,clean,
WHGame.dll,release_1_5_1164953_841,0x6ccc80,8,FUN_1806ccc80,,,f27d84513db48e1d6cce8b6cf561b2688fbbf33a85f6717e00f452e418baa9fb,undefined FUN_1806ccc80(),ghidra,clean,
WHGame.dll,release_1_5_1164953_841,0x6ccc88,127,FUN_1806ccc88,,,846620c3b139ec80748a32e8bc25a4f436ee552a3880d5fc18828e84add9fe19,undefined FUN_1806ccc88(),ghidra,clean,
WHGame.dll,release_1_5_1164953_841,0x6ccd08,78,FUN_1806ccd08,,,fba883a647b30db04139a23064e476194bb2a3db2c6d6d45da4be2ecdadccf06,undefined FUN_1806ccd08(),ghidra,clean,
WHGame.dll,release_1_5_1164953_841,0x6ccd58,473,FUN_1806ccd58,,,928474c11255de0a7a9a0ac8330df3abdd8c3673f303605df9793f6d6608b2fb,undefined FUN_1806ccd58(),ghidra,clean,
WHGame.dll,release_1_5_1164953_841,0x6ccf34,49,FUN_1806ccf34,,,5b8ae81aa1466fe64a27854a5966fc5f5fd494310a3d27e462d1eadd5cc1409b,undefined FUN_1806ccf34(),ghidra,clean,
WHGame.dll,release_1_5_1164953_841,0x6ccf68,145,FUN_1806ccf68,,,f242b1f663b48ceddb593e2bff18d742ef5f7f598f8cd7aeea917799693ddc5f,undefined FUN_1806ccf68(),ghidra,clean,
WHGame.dll,release_1_5_1164953_841,0x6ccffc,187,FUN_1806ccffc,,,7c8611d72151a3bdedc33e4407cc59885906c7f924df18ae934ca2ce33bb53aa,undefined FUN_1806ccffc(),ghidra,clean,
WHGame.dll,release_1_5_1164953_841,0x6cd0b8,699,FUN_1806cd0b8,,,37e18f3413fd7be8a0d3f538133104bf64b922988dcefaa89fb7c1016448b17b,undefined FUN_1806cd0b8(),ghidra,clean,
WHGame.dll,release_1_5_1164953_841,0x6cd374,98,FUN_1806cd374,,,5257ddf0c6a8e68453e6ae09853e8303985bb25774d894d0310a650f777dfa90,undefined FUN_1806cd374(),ghidra,clean,
WHGame.dll,release_1_5_1164953_841,0x6cd3d8,146,FUN_1806cd3d8,,,ae79788b21d2f81f37783dbbeee57d1b3ce1c5fe8055e7c3cea90f3db4db5cd1,undefined FUN_1806cd3d8(),ghidra,clean,
WHGame.dll,release_1_5_1164953_841,0x6cd46c,74,FUN_1806cd46c,,,3fe7539f675c2f3f26b0ebb29281a5c8ff68f55e4d96470422ae6e4787f28932,undefined FUN_1806cd46c(),ghidra,clean,
WHGame.dll,release_1_5_1164953_841,0x6cd4b8,240,FUN_1806cd4b8,,,0d9f5c73f59d860c6caf83ad118c9304ae65ef69823ff171ce0ddbc20f9c373b,undefined FUN_1806cd4b8(),ghidra,clean,
WHGame.dll,release_1_5_1164953_841,0x6cd5a8,133,FUN_1806cd5a8,,,14be1059c823dc5edb234da2a04b9c0fae6ba44f1e965966064473563ed6653f,undefined FUN_1806cd5a8(),ghidra,clean,
WHGame.dll,release_1_5_1164953_841,0x6cd630,290,FUN_1806cd630,,,228dd49c9efaf1a203ca60d7f2932ae6d207a266075034bf83fc710ae8350ca0,undefined FUN_1806cd630(),ghidra,clean,
WHGame.dll,release_1_5_1164953_841,0x6cd754,676,FUN_1806cd754,,,e83ff5da9b8327fc7b36051b56d71a4f10302f958e9e1ed49203613a43b7b028,undefined FUN_1806cd754(),ghidra,clean,
WHGame.dll,release_1_5_1164953_841,0x6cd9f8,108,FUN_1806cd9f8,,,ea920b311fff86c23045e2c53ba09ba346995f35c2148380cc32415a9812cf29,undefined FUN_1806cd9f8(),ghidra,clean,
WHGame.dll,release_1_5_1164953_841,0x6cda64,267,FUN_1806cda64,,,eaf60bbe7a52a7e4a46e895f0cf2b6dd7903e5d80fe5916959b7d1e8f2b365b6,undefined FUN_1806cda64(),ghidra,clean,
WHGame.dll,release_1_5_1164953_841,0x6cdb70,129,FUN_1806cdb70,,,ca36275b726d53ab48d67e5959bd0559c5289dd157c938494101e0047dedb4f8,undefined FUN_1806cdb70(),ghidra,clean,
WHGame.dll,release_1_5_1164953_841,0x6cdbf4,1224,FUN_1806cdbf4,,,d74d380c22e9fbdfa3e6220ee9ab78122b958f6f58f4d99aa2ca830992850d42,undefined FUN_1806cdbf4(),ghidra,clean,
WHGame.dll,release_1_5_1164953_841,0x6cdef4,94,FUN_1806cdef4,,,731f2f947f3d5c487a73f53ef215d695e0ce271a3e79268a82d74731544b76ee,undefined FUN_1806cdef4(),ghidra,clean,
WHGame.dll,release_1_5_1164953_841,0x6cdf54,98,FUN_1806cdf54,,,c6eb042a8e442138cb49392aacf64a9c3ff81985f790e5ab6d61f9cd58f01859,undefined FUN_1806cdf54(),ghidra,clean,
WHGame.dll,release_1_5_1164953_841,0x6cdfb8,244,FUN_1806cdfb8,,,7dfeb9476c1ac57c884515af9614cb1568e5c5c7ac07154e55f25eafa1de5e0d,undefined FUN_1806cdfb8(),ghidra,clean,
WHGame.dll,release_1_5_1164953_841,0x6ce0b0,110,FUN_1806ce0b0,,,fcc3ac9009a95c7464eee6e4585f5fcdd69f336c3235f0b5944cb7cdc3fa8ac7,undefined FUN_1806ce0b0(),ghidra,clean,
WHGame.dll,release_1_5_1164953_841,0x6ce120,550,FUN_1806ce120,,,670b36e193c70601b9ccc06747da6438718a6992d60cb5a644648424d906d057,undefined FUN_1806ce120(),ghidra,clean,
WHGame.dll,release_1_5_1164953_841,0x6ce348,126,FUN_1806ce348,,,5e4aba904f8b192ffba11e20dbee83a906737b56efc4c4d40fd2bb0dfd99f1e5,undefined FUN_1806ce348(),ghidra,clean,
WHGame.dll,release_1_5_1164953_841,0x6ce3c8,280,FUN_1806ce3c8,,,0881031b4b16054e369cc11685aebe21e09681eb6f50e5f328a56f6d4ee54bab,undefined FUN_1806ce3c8(),ghidra,clean,
WHGame.dll,release_1_5_1164953_841,0x6ce4a8,608,FUN_1806ce4a8,,,786528a769b3c01afc918c057d8bfbc5933e0e7fd03fa1dc0baef5af2b81a5b2,undefined FUN_1806ce4a8(),ghidra,clean,
WHGame.dll,release_1_5_1164953_841,0x6ce708,812,FUN_1806ce708,,,d103f655a2d8f70bfbad0c1721e5846641773ad069644d583fddc397901a1ecc,undefined FUN_1806ce708(),ghidra,clean,
WHGame.dll,release_1_5_1164953_841,0x6cea34,862,FUN_1806cea34,,,fc360090e3fead6b186f9a611508193ccb7c86add87529280ee2e18e2d1f6192,undefined FUN_1806cea34(),ghidra,clean,
WHGame.dll,release_1_5_1164953_841,0x6ced94,52,FUN_1806ced94,,,7bf301446661388d765eda247c53dd3d3b635475c2ed45bc7bfd26dd77433c52,undefined FUN_1806ced94(),ghidra,clean,
WHGame.dll,release_1_5_1164953_841,0x6cedc8,301,FUN_1806cedc8,,,37e8c70cb65caa4c4dd28563e8ac1b6941a74c2567da9c77e50aab68ca64029b,undefined FUN_1806cedc8(),ghidra,clean,
WHGame.dll,release_1_5_1164953_841,0x6ceef8,256,FUN_1806ceef8,,,2bfe00b19dec3fe53d1d1ec8682db5941056b7487c970a52eab43cb0d246ddd6,undefined FUN_1806ceef8(),ghidra,clean,
WHGame.dll,release_1_5_1164953_841,0x6ceff8,129,FUN_1806ceff8,,,816d86f828c0c52b4c9471de0750ac4f2ec8a95f9501c2c43970cca8bf3da7d5,undefined FUN_1806ceff8(),ghidra,clean,
WHGame.dll,release_1_5_1164953_841,0x6cf07c,42,FUN_1806cf07c,,,7e0365f6c48184ca845aab14d23f5280da27e203c7d85284a66df0f34bd75550,undefined FUN_1806cf07c(),ghidra,clean,
WHGame.dll,release_1_5_1164953_841,0x6cf0a8,280,FUN_1806cf0a8,,,2884c2809777a2772947f2896962764c39816b321211213ef74fc62822547ce0,undefined FUN_1806cf0a8(),ghidra,clean,
WHGame.dll,release_1_5_1164953_841,0x6cf1c0,116,FUN_1806cf1c0,,,b6d819d0d3f5633b322dcc507d7be74de170beb0dc244496537f2f571a379a0a,undefined FUN_1806cf1c0(),ghidra,clean,
WHGame.dll,release_1_5_1164953_841,0x6cf1fc,147,FUN_1806cf1fc,,,253ea3e79f83465bbf24ad41d050c7465e5c2f621ab91c7bb1ba25a0aa40a38f,undefined FUN_1806cf1fc(),ghidra,clean,
WHGame.dll,release_1_5_1164953_841,0x6cf290,345,FUN_1806cf290,,,127433aa3358de9f09d2ea8e80935cf06e8d72b084461959989e9f6a2942499a,undefined FUN_1806cf290(),ghidra,clean,
WHGame.dll,release_1_5_1164953_841,0x6cf2fc,537,FUN_1806cf2fc,,,791e8b7a3f152c29570d80f9c27475a41bc6701e16b24aed766977d0fc83f6a2,undefined FUN_1806cf2fc(),ghidra,clean,
WHGame.dll,release_1_5_1164953_841,0x6cf518,281,FUN_1806cf518,,,a671c1b56f507c4b5e363234781e22e3ef90a07592006d1291abfcfea523188d,undefined FUN_1806cf518(),ghidra,clean,
WHGame.dll,release_1_5_1164953_841,0x6cf634,440,FUN_1806cf634,,,b14e834a4d60bdc0beee39fb4bf09ef6a57bfb16f5a5587f552a3b815c5b60bb,undefined FUN_1806cf634(),ghidra,clean,
WHGame.dll,release_1_5_1164953_841,0x6cf7ec,66,FUN_1806cf7ec,,,7a0ffee554914008f83dccaf0a7a290135631e94a3ff10b1aa39668a2287534e,undefined FUN_1806cf7ec(),ghidra,clean,
WHGame.dll,release_1_5_1164953_841,0x6cf830,174,FUN_1806cf830,,,94a75e1b26767be279f8fc30326e34b8615f307f48e87b88a149df3d5d82077e,undefined FUN_1806cf830(),ghidra,clean,
WHGame.dll,release_1_5_1164953_841,0x6cf88c,366,FUN_1806cf88c,,,7ac857b2a219f0492126885f96c99781720c74c241fc1475a1381510a90ba453,undefined FUN_1806cf88c(),ghidra,clean,
WHGame.dll,release_1_5_1164953_841,0x6cf9fc,28,FUN_1806cf9fc,,,7fa54fecdf50d1c31c6476b35831c4c7d88d68ec5024ac45153e73f50fe7d71a,undefined FUN_1806cf9fc(),ghidra,clean,
WHGame.dll,release_1_5_1164953_841,0x6cfa18,76,FUN_1806cfa18,,,3495ec07397f408856e7dc17627d31064e392030672020aa43754c8e4b1b11d0,undefined FUN_1806cfa18(),ghidra,clean,
WHGame.dll,release_1_5_1164953_841,0x6cfa64,43,FUN_1806cfa64,,,d68c352f7f3e6864fc9be1385f0060ea861a622ffa954ecb3348d90b2cdfe645,undefined FUN_1806cfa64(),ghidra,clean,
WHGame.dll,release_1_5_1164953_841,0x6cfa90,466,FUN_1806cfa90,,,aa8609144747b6793f9e22ca19a9701b499fffb2028e91777b0b1482959d1b5a,undefined FUN_1806cfa90(),ghidra,clean,
WHGame.dll,release_1_5_1164953_841,0x6cfc64,83,FUN_1806cfc64,,,f76a373ac241b8d954c5489fbc01b77efb35c67dd4d00431d512e4ba9eadeede,undefined FUN_1806cfc64(),ghidra,clean,
WHGame.dll,release_1_5_1164953_841,0x6cfcb8,135,FUN_1806cfcb8,,,a6e496d484b18d1735d4f8a33c13038d4d4622d519749ced44a75b34ef848000,undefined FUN_1806cfcb8(),ghidra,clean,
WHGame.dll,release_1_5_1164953_841,0x6cfd1c,215,FUN_1806cfd1c,,,791c2a490c8ba525e39023668ba778dae1f204d3082d0fbcc9577c7af6368c50,undefined FUN_1806cfd1c(),ghidra,clean,
WHGame.dll,release_1_5_1164953_841,0x6cfd6c,388,FUN_1806cfd6c,,,63e8c8c0e755009a51863f86fd3b7a3edbe5947fe5125f6fdc65ebbf4676d633,undefined FUN_1806cfd6c(),ghidra,clean,
WHGame.dll,release_1_5_1164953_841,0x6cfecc,22,FUN_1806cfecc,,,71783b858c0f33ed4f5cf48f8b010631bad07ef87b52da8e0b3cf35921d0f51d,undefined FUN_1806cfecc(),ghidra,clean,
WHGame.dll,release_1_5_1164953_841,0x6cfee4,184,FUN_1806cfee4,,,9c67fcf38435988d83fc98f045a3a04a61143743588d46b644af966c778b89e8,undefined FUN_1806cfee4(),ghidra,clean,
WHGame.dll,release_1_5_1164953_841,0x6cff9c,77,FUN_1806cff9c,,,bc06291aed053f31c7673b8638461a67ec9c321a123c922967cd007f9fb2648c,undefined FUN_1806cff9c(),ghidra,clean,
WHGame.dll,release_1_5_1164953_841,0x6cffec,54,FUN_1806cffec,,,ce4b4f2d01a312dc065dcb8b79e0729c47b560f34602e451f763b07239cf0902,undefined FUN_1806cffec(),ghidra,clean,
WHGame.dll,release_1_5_1164953_841,0x6d0024,26,FUN_1806d0024,,,4b2610dcc255145d7822a3325b7c218c1b7f39fc97684672dcbc1b00fc9103f4,undefined FUN_1806d0024(),ghidra,clean,
WHGame.dll,release_1_5_1164953_841,0x6d0040,251,FUN_1806d0040,,,ecf1bd6e74862902a0a6b7e4b9e02d7ebd29cac4c5b5afa079df3c61d4dd3187,undefined FUN_1806d0040(),ghidra,clean,
WHGame.dll,release_1_5_1164953_841,0x6d0134,99,FUN_1806d0134,,,03a9aee885c7b6521389d9231a22c1875b01d323340f60154518611076729d21,undefined FUN_1806d0134(),ghidra,clean,
WHGame.dll,release_1_5_1164953_841,0x6d0198,607,FUN_1806d0198,,,2a3db9be4aeecdeb30b62b7fc0475b279e84040f42c9c3e0becc7f98adf16432,undefined FUN_1806d0198(),ghidra,clean,
WHGame.dll,release_1_5_1164953_841,0x6d03f8,144,FUN_1806d03f8,,,5f570abe17932eef2b7417b048d2b5041c07743b6430461e348ee50bc4ee9ffb,undefined FUN_1806d03f8(),ghidra,clean,
WHGame.dll,release_1_5_1164953_841,0x6d0488,1099,FUN_1806d0488,,,0bb03d32079165cb82e2410d6149f19912db45f5885a44e7fbc080d32a2e872d,undefined FUN_1806d0488(),ghidra,clean,
WHGame.dll,release_1_5_1164953_841,0x6d0530,216,FUN_1806d0530,,,a905a65d9153d811c29033508a4b1d11828c5f3aec5417f0a7edeebccc77c0a7,undefined FUN_1806d0530(),ghidra,clean,
WHGame.dll,release_1_5_1164953_841,0x6d0608,17,FUN_1806d0608,,,2c138b32f48d46e6386067cd46c6246965a882f5b2e0b823681732c44e3c414d,undefined FUN_1806d0608(),ghidra,clean,
WHGame.dll,release_1_5_1164953_841,0x6d061c,92,FUN_1806d061c,,,b6459c8f3e36a77a7af9966a6e3bf415f5a6edf2b9bd8e6ee2ee7c94ea1b353c,undefined FUN_1806d061c(),ghidra,clean,
WHGame.dll,release_1_5_1164953_841,0x6d0678,44,FUN_1806d0678,,,3d6e8a765fea7bd1ba5ba65bdfd725becb0feb227beb3ac90ddbd550a33b696c,undefined FUN_1806d0678(),ghidra,clean,
WHGame.dll,release_1_5_1164953_841,0x6d06a4,9,FUN_1806d06a4,,,6ea70c483cf22314e4ad592c7d6f691bed507b9b98c49eb8d2cdf81ed4497d8a,undefined FUN_1806d06a4(),ghidra,clean,
WHGame.dll,release_1_5_1164953_841,0x6d06b0,100,FUN_1806d06b0,,,2d6ad29673061ba6176792176eb6b645b87cfda0c97d973985d123a2466738a1,undefined FUN_1806d06b0(),ghidra,clean,
WHGame.dll,release_1_5_1164953_841,0x6d0714,2299,FUN_1806d0714,,,aa3bd20c4eb5d1843eb603a9a414ab16ec9d2041af7d62e34fbb8eb048dea96f,undefined FUN_1806d0714(),ghidra,clean,
WHGame.dll,release_1_5_1164953_841,0x6d1010,206,FUN_1806d1010,,,ceb54e65e3cd96c9f372980b9f0178ff12b22299aac19d617728214d63929a01,undefined FUN_1806d1010(),ghidra,clean,
WHGame.dll,release_1_5_1164953_841,0x6d10e0,5258,FUN_1806d10e0,,,f67c409b8a8933a79b0ca2ab1f06a6bb669fa31c6be70adaf490a7e37e78c5a4,undefined FUN_1806d10e0(),ghidra,clean,
WHGame.dll,release_1_5_1164953_841,0x6d256c,152,FUN_1806d256c,,,4e09fe3f56ac245a5e73120fb0940fd51aedb5c93e2dd1131d3b490893e1ccb0,undefined FUN_1806d256c(),ghidra,clean,
WHGame.dll,release_1_5_1164953_841,0x6d2604,1802,FUN_1806d2604,,,e5a57b17560fb4a3087dbb2787005309c41d733c49849fbc80033af822e9b147,undefined FUN_1806d2604(),ghidra,clean,
WHGame.dll,release_1_5_1164953_841,0x6d2770,1676,FUN_1806d2770,,,d0933e4ec91a491554754e013edb8cf6f7223912670d55b8d3e621819d7bc86e,undefined FUN_1806d2770(),ghidra,clean,
WHGame.dll,release_1_5_1164953_841,0x6d2d88,479,FUN_1806d2d88,,,530d83ce8fbbb74b3514e4dde3ab55d89f163ea3c2dabf9e05db528a12f43a11,undefined FUN_1806d2d88(),ghidra,clean,
WHGame.dll,release_1_5_1164953_841,0x6d2f68,1713,FUN_1806d2f68,,,e5f815571c20f7375337eecd5d07703b3c013b9f33c22f10370bb4f523d5616d,undefined FUN_1806d2f68(),ghidra,clean,
WHGame.dll,release_1_5_1164953_841,0x6d310c,153,FUN_1806d310c,,,bd32bd7bfd3d3193badd5aaafc99d275cc72350d7dfc7d1c96e2da94d940f1f3,undefined FUN_1806d310c(),ghidra,clean,
WHGame.dll,release_1_5_1164953_841,0x6d3188,65,FUN_1806d3188,,,d219cdc5e01dcb6060be213d0c61bafded6abef3d139249465216979ee8d174c,undefined FUN_1806d3188(),ghidra,clean,
WHGame.dll,release_1_5_1164953_841,0x6d31cc,365,FUN_1806d31cc,,,fbe1ab184cb909532e0b91a8658d661e131fd590d989645a1c1a661d950cc08a,undefined FUN_1806d31cc(),ghidra,clean,
WHGame.dll,release_1_5_1164953_841,0x6d3328,6655,FUN_1806d3328,,,93457ca4f05986336e89c964ffb4157ed799d42d0fcf09340d1150df321cb798,undefined FUN_1806d3328(),ghidra,clean,
WHGame.dll,release_1_5_1164953_841,0x6d4d28,987,FUN_1806d4d28,,,b1da0a4486dfd4975472695972be5ad91922c05d0ad48fa63315155cb1396efc,undefined FUN_1806d4d28(),ghidra,clean,
WHGame.dll,release_1_5_1164953_841,0x6d5104,203,FUN_1806d5104,,,4f6c01b6a74608d29fcb72e77a1f84c273e2c2498a98b6d7c7a41a57174ada9b,undefined FUN_1806d5104(),ghidra,clean,
WHGame.dll,release_1_5_1164953_841,0x6d5188,184,FUN_1806d5188,,,0a873e32d6cca819e001d1b0972a31a9731526348633821b0bcdcf5e21acdd65,undefined FUN_1806d5188(),ghidra,clean,
WHGame.dll,release_1_5_1164953_841,0x6d5230,162,FUN_1806d5230,,,78d3a66b6d9131c225797d0cbd099756e1c0e2f601f3d9013a0c8487cf5c77b5,undefined FUN_1806d5230(),ghidra,clean,
WHGame.dll,release_1_5_1164953_841,0x6d52d4,421,FUN_1806d52d4,,,5c4b9b822a613accf819856ab1c776b2b75c47d426a9f10bb2b2ea7314970692,undefined FUN_1806d52d4(),ghidra,clean,
WHGame.dll,release_1_5_1164953_841,0x6d5434,3087,FUN_1806d5434,,,4a358cca874b23a959b08023f4faa150f1ef6dc1f01bd0ef43e057ecb0bb02c1,undefined FUN_1806d5434(),ghidra,clean,
WHGame.dll,release_1_5_1164953_841,0x6d54f8,114,FUN_1806d54f8,,,42859e647b9d3227bf045b3a7146546966be8bcf6cb3a806f5200ed19a5bedc7,undefined FUN_1806d54f8(),ghidra,clean,
WHGame.dll,release_1_5_1164953_841,0x6d556c,1198,FUN_1806d556c,,,be51b0d6c028b05975d46de6618a4f8a5019755c265899ebe40ee133eb60a71a,undefined FUN_1806d556c(),ghidra,clean,
WHGame.dll,release_1_5_1164953_841,0x6d5a1c,71,FUN_1806d5a1c,,,8c6ba156b8d0ef86963cb6b817705cfd6a24b5624d585494d15b462a29b05f0a,undefined FUN_1806d5a1c(),ghidra,clean,
WHGame.dll,release_1_5_1164953_841,0x6d5a64,147,FUN_1806d5a64,,,f25ed75f39139eec2224a4248f2c770621aee2f2c5a01d90ed0e807a05358277,undefined FUN_1806d5a64(),ghidra,clean,
WHGame.dll,release_1_5_1164953_841,0x6d5af8,220,FUN_1806d5af8,,,98f9166a15af2482c78f5bd604b2aaa541538881560bfb4caa4205f981914912,undefined FUN_1806d5af8(),ghidra,clean,
WHGame.dll,release_1_5_1164953_841,0x6d5bd4,72,FUN_1806d5bd4,,,ece2267cade151e93fb79d69ffde794646cc5f96dee13f6036cd41863a35cc28,undefined FUN_1806d5bd4(),ghidra,clean,
WHGame.dll,release_1_5_1164953_841,0x6d5c1c,37,FUN_1806d5c1c,,,69e1f223f6fb7c0f02d598e9b90e4c5231825dee2112867fc476691eae476564,undefined FUN_1806d5c1c(),ghidra,clean,
WHGame.dll,release_1_5_1164953_841,0x6d5c44,4424,FUN_1806d5c44,,,c228fac4341d64e7283bb36a717fb70ed027df35cc78c28e14f52b94fbe2a2da,undefined FUN_1806d5c44(),ghidra,clean,
WHGame.dll,release_1_5_1164953_841,0x6d6d8c,65,FUN_1806d6d8c,,,61441fe071757446e24d3d96004f724d1389f1ec274abee03644896bdafcda95,undefined FUN_1806d6d8c(),ghidra,clean,
WHGame.dll,release_1_5_1164953_841,0x6d6dd0,2632,FUN_1806d6dd0,,,3dca688a1892e6b64e58f10d1aeea6594fcaf9cf102e38cd43cd27588c9c24f1,undefined FUN_1806d6dd0(),ghidra,clean,
WHGame.dll,release_1_5_1164953_841,0x6d7818,34,FUN_1806d7818,,,cafe4790cf93a86d6fb4a069b0336f8beb58dfd9338128944e3df654fcd5af4c,undefined FUN_1806d7818(),ghidra,clean,
WHGame.dll,release_1_5_1164953_841,0x6d783c,21,FUN_1806d783c,,,29e1eaa49285ceb55fcdebf3c4a85f59589ab6e48463804fc3f77e0e3257a1c9,undefined FUN_1806d783c(),ghidra,clean,
WHGame.dll,release_1_5_1164953_841,0x6d7854,15,FUN_1806d7854,,,bfb54e6b1149d707d1d515d28ad859402a52df955e8303852bc9b169fdb193bf,undefined FUN_1806d7854(),ghidra,clean,
WHGame.dll,release_1_5_1164953_841,0x6d7864,77,FUN_1806d7864,,,c0415e9bfe248c87499631db6163ca17d907e0c8c28d127245f3aea3a821c13a,undefined FUN_1806d7864(),ghidra,clean,
WHGame.dll,release_1_5_1164953_841,0x6d78b4,10495,FUN_1806d78b4,,,4dfeec1662b5ebc8998937064e33312553b982b9dcd6b1688f23fc72caef4c6f,undefined FUN_1806d78b4(),ghidra,clean,
WHGame.dll,release_1_5_1164953_841,0x6da1b4,158,FUN_1806da1b4,,,fb272f7b5a29d8cbd5654f24c6a278515f971c39643eb15ba93796cce0d66372,undefined FUN_1806da1b4(),ghidra,clean,
WHGame.dll,release_1_5_1164953_841,0x6da260,751,FUN_1806da260,,,cc854116ed6c094362786ae7d4411e872eea292482190bdf2a422b7c6381e398,undefined FUN_1806da260(),ghidra,clean,
WHGame.dll,release_1_5_1164953_841,0x6da4f0,2045,FUN_1806da4f0,,,6f5cb0e6cbb741e29e0771ed24c1613bd715fab29097580ebf9ae6eb80968c19,undefined FUN_1806da4f0(),ghidra,clean,
WHGame.dll,release_1_5_1164953_841,0x6dacf0,104,FUN_1806dacf0,,,d49d1c0676b64e159942a653087be9e07757f877ca741fef1be9aa08a29283ca,undefined FUN_1806dacf0(),ghidra,clean,
WHGame.dll,release_1_5_1164953_841,0x6dad58,200,FUN_1806dad58,,,0b82578441e4ac3598ec35cf94c1262c867e6612cc728b479b4bc4b8d2da4db0,undefined FUN_1806dad58(),ghidra,clean,
WHGame.dll,release_1_5_1164953_841,0x6dae00,151,FUN_1806dae00,,,aafd9070ee400afe738a02aa88e1e45fbef33b62ff6fd945fe55016839f85245,undefined FUN_1806dae00(),ghidra,clean,
WHGame.dll,release_1_5_1164953_841,0x6dae98,1069,FUN_1806dae98,,,c41d5a3c89b2ee76bf5d0d835f06df465e21fa0188c5002fb605704479eb0f2e,undefined FUN_1806dae98(),ghidra,clean,
WHGame.dll,release_1_5_1164953_841,0x6daf6a,4,FUN_1806daf6a,,,3d7ddba4ab46d7db207796cf3f8db30dd043acdb48b096e8c7aaff80cc7b1b38,undefined FUN_1806daf6a(),ghidra,clean,
WHGame.dll,release_1_5_1164953_841,0x6daf70,36,FUN_1806daf70,,,baea2089ec44ab445e91e76c6376206de7b3fd65680fd88241f77e7de51b3890,undefined FUN_1806daf70(),ghidra,clean,
WHGame.dll,release_1_5_1164953_841,0x6daf94,194,FUN_1806daf94,,,6917fdd399ac9b6a8ae23c271f6c55c0a003be86746aa082731f8a7ac92589e1,undefined FUN_1806daf94(),ghidra,clean,
WHGame.dll,release_1_5_1164953_841,0x6db058,155,FUN_1806db058,,,8f9ae2f913b3498ff554ecf013c40bcc40126995bd5a8efc8fd257bfccaae4d6,undefined FUN_1806db058(),ghidra,clean,
WHGame.dll,release_1_5_1164953_841,0x6db0f4,190,FUN_1806db0f4,,,a5d9782e00eb0acb462d6e9af83137e8dd29a0ba6f47f410b509e97f7bb96031,undefined FUN_1806db0f4(),ghidra,clean,
WHGame.dll,release_1_5_1164953_841,0x6db1b4,26,FUN_1806db1b4,,,6de061b2197a8e33b7c94bc440f0cd1557d68ace6d7940bead600042d1059c39,undefined FUN_1806db1b4(),ghidra,clean,
WHGame.dll,release_1_5_1164953_841,0x6db1d0,151,FUN_1806db1d0,,,c68530b934b2a08426f8507a3d08ae8cb07e714c8da489c85e90a952c872d11c,undefined FUN_1806db1d0(),ghidra,clean,
WHGame.dll,release_1_5_1164953_841,0x6db268,264,FUN_1806db268,,,8d995e355557d910dcb25201779779ffa97ae0ec408769481bbad32f3c2a0237,undefined FUN_1806db268(),ghidra,clean,
WHGame.dll,release_1_5_1164953_841,0x6db370,23,FUN_1806db370,,,4a2215c3e820937481093c41c3a2c4fdd1b034767afb06c5e8afd475b2e2dc6a,undefined FUN_1806db370(),ghidra,clean,
WHGame.dll,release_1_5_1164953_841,0x6db388,155,FUN_1806db388,,,f18f832632450745fa4aa58206b22c298b4d71dce9c4db688e956452d1e63d57,undefined FUN_1806db388(),ghidra,clean,
WHGame.dll,release_1_5_1164953_841,0x6db424,291,FUN_1806db424,,,44a53ce9556f6f58d7b2ab50fde74f157cdd2adac8f43d7e268c56268c83a9aa,undefined FUN_1806db424(),ghidra,clean,
WHGame.dll,release_1_5_1164953_841,0x6db548,298,FUN_1806db548,,,66c2e419994b3914b434f61dafd93bca717d273b625a3ceef15bce9feba71eb9,undefined FUN_1806db548(),ghidra,clean,
WHGame.dll,release_1_5_1164953_841,0x6db674,291,FUN_1806db674,,,fdb370120cb3491af424b987ceb02ff7f91f186a9342455658ff9a48bf8c2eca,undefined FUN_1806db674(),ghidra,clean,
WHGame.dll,release_1_5_1164953_841,0x6db798,26,FUN_1806db798,,,758e2c54631d0c986014ba7e1d0f99331023e2e9c2f28ea2e143b3e9df6eea7c,undefined FUN_1806db798(),ghidra,clean,
WHGame.dll,release_1_5_1164953_841,0x6db7b4,148,FUN_1806db7b4,,,a767bd6efbd09bf0b9e08d9e18ef58ce8f039a3a91f1d2e91b7719345af83f94,undefined FUN_1806db7b4(),ghidra,clean,
WHGame.dll,release_1_5_1164953_841,0x6db81c,71,FUN_1806db81c,,,007243b33792164c84d5331cee2cf2797c8cc1edb7e26145fb703cc16e5d8cc0,undefined FUN_1806db81c(),ghidra,clean,
WHGame.dll,release_1_5_1164953_841,0x6db864,185,FUN_1806db864,,,4580521bf5a41bfb3edbffdce23c6eb136158b962cadd5f7ae2f046ec1f580f3,undefined FUN_1806db864(),ghidra,clean,
WHGame.dll,release_1_5_1164953_841,0x6db920,117,FUN_1806db920,,,d6f8ba925590119331aaece2acc336059159c84687bb9c9d733d6828a48d166a,undefined FUN_1806db920(),ghidra,clean,
WHGame.dll,release_1_5_1164953_841,0x6db998,109,FUN_1806db998,,,8b12fa9d68611c8dd31e65f87a4d500d15ebff6d055333078b6e2ffca180bd31,undefined FUN_1806db998(),ghidra,clean,
WHGame.dll,release_1_5_1164953_841,0x6dba08,55,FUN_1806dba08,,,10b556560af08992b84bb3b08b8d147488aede8e69c9c50473d66f6807a86db0,undefined FUN_1806dba08(),ghidra,clean,
WHGame.dll,release_1_5_1164953_841,0x6dba40,43,FUN_1806dba40,,,b6813b8a62534632c1af68b907ec613a2592e3cc10e91d066f19c4f1cd6458dc,undefined FUN_1806dba40(),ghidra,clean,
WHGame.dll,release_1_5_1164953_841,0x6dba6c,26,FUN_1806dba6c,,,cbe0f4846ecba34e9e9d3b55e6da9edc0abb3ed265e9358c875a28e5cce87ab5,undefined FUN_1806dba6c(),ghidra,clean,
WHGame.dll,release_1_5_1164953_841,0x6dba88,109,FUN_1806dba88,,,470e16235537d2071947c0df23bc664d3039a83cfbebb430601fdc4cf9f68eb6,undefined FUN_1806dba88(),ghidra,clean,
WHGame.dll,release_1_5_1164953_841,0x6dbac0,33,FUN_1806dbac0,,,b3a2a6889d57dd9c24afccb607830d3c9f9acbf06beeca57d2b12bee04bb80a9,undefined FUN_1806dbac0(),ghidra,clean,
WHGame.dll,release_1_5_1164953_841,0x6dbae4,116,FUN_1806dbae4,,,fba8fc6e7e87332bd5416beb8f7103af240a100e0ab538535ad608f7348de563,undefined FUN_1806dbae4(),ghidra,clean,
WHGame.dll,release_1_5_1164953_841,0x6dbb48,23,FUN_1806dbb48,,,c8d32880cb8d388bd2f1668a4211716431288ebe3e98785d49aff27d3ca9a9c0,undefined FUN_1806dbb48(),ghidra,clean,
WHGame.dll,release_1_5_1164953_841,0x6dbb60,264,FUN_1806dbb60,,,b1935f6db48ca2411860e3a3dd42bea74b29aa4bc6f7420e35af8901ba86545b,undefined FUN_1806dbb60(),ghidra,clean,
WHGame.dll,release_1_5_1164953_841,0x6dbc68,164,FUN_1806dbc68,,,92fa68efd9bb772c117bfb126a3c2964206fe20248917f612254b5b68daf05b4,undefined FUN_1806dbc68(),ghidra,clean,
WHGame.dll,release_1_5_1164953_841,0x6dbd10,516,FUN_1806dbd10,,,ba50ac25e9cdfbe4ec8cd74ed1b4a4bf1dede8043330f1fde4b41598aae1d697,undefined FUN_1806dbd10(),ghidra,clean,
WHGame.dll,release_1_5_1164953_841,0x6dbe26,7,FUN_1806dbe26,,,5593a32b0276d773b6b46332b3d03ccb69d12b49bd4efba69b22cbeb5e028d06,undefined FUN_1806dbe26(),ghidra,clean,
WHGame.dll,release_1_5_1164953_841,0x6dbe30,36,FUN_1806dbe30,,,ced46c517e43f83b7f661de0ebd5b3cb3e31cadf491bce5cc50fc8720620135d,undefined FUN_1806dbe30(),ghidra,clean,
WHGame.dll,release_1_5_1164953_841,0x6dbe54,123,FUN_1806dbe54,,,b57a8df52da2be1ff2a5dceef309b8a6b7506fbc1ef8c39c126b3dd4d8312113,undefined FUN_1806dbe54(),ghidra,clean,
WHGame.dll,release_1_5_1164953_841,0x6dbed0,53,FUN_1806dbed0,,,48cc43cf96dab7fb1903420991c776a05e4771cc5c6990012db230e90075eafb,undefined FUN_1806dbed0(),ghidra,clean,
WHGame.dll,release_1_5_1164953_841,0x6dbf08,182,FUN_1806dbf08,,,0ec7234ff2ff33d5f2a19b0617dbcca26d6df6b2eb879b7a4fb9afc034025662,undefined FUN_1806dbf08(),ghidra,clean,
WHGame.dll,release_1_5_1164953_841,0x6dbfb0,155,FUN_1806dbfb0,,,386f16fac0faacd5ff6caf3f8a7098d79ac313381b179cbe16a8559ce539e4cd,undefined FUN_1806dbfb0(),ghidra,clean,
WHGame.dll,release_1_5_1164953_841,0x6dc04c,26,FUN_1806dc04c,,,4a64254a60b48c4cc0fb5dbcfbe24415812d053a591770895be6f94d4e1716b1,undefined FUN_1806dc04c(),ghidra,clean,
WHGame.dll,release_1_5_1164953_841,0x6dc068,26,FUN_1806dc068,,,14e589053e0643a198598f37ea287db8d6208e28b76884f325b661cb2c1fde9f,undefined FUN_1806dc068(),ghidra,clean,
WHGame.dll,release_1_5_1164953_841,0x6dc084,76,FUN_1806dc084,,,5b985ad82fbb1b11316cd288b6a680fd1ed5950fd58529b83b050ca9d28b02fa,undefined FUN_1806dc084(),ghidra,clean,
WHGame.dll,release_1_5_1164953_841,0x6dc0d0,133,FUN_1806dc0d0,,,94bea7e1c2f17cf84f274b75bebd5bed007a104a491d37f05c9089e9abe5a3d6,undefined FUN_1806dc0d0(),ghidra,clean,
WHGame.dll,release_1_5_1164953_841,0x6dc158,264,FUN_1806dc158,,,4dc406ad61779c7bb5b66b8687d43ff8e0f80f52402e55e9b20cbdcdf3f570da,undefined FUN_1806dc158(),ghidra,clean,
WHGame.dll,release_1_5_1164953_841,0x6dc260,23,FUN_1806dc260,,,08107d3ce7786a74b3dc0657d0036b4259f887bee23161243e1843055e2bae63,undefined FUN_1806dc260(),ghidra,clean,
WHGame.dll,release_1_5_1164953_841,0x6dc278,213,FUN_1806dc278,,,b700f26804157b9df25ed387af692fae9cbac810615bcde1eec14b47e216208e,undefined FUN_1806dc278(),ghidra,clean,
WHGame.dll,release_1_5_1164953_841,0x6dc350,273,FUN_1806dc350,,,770d1104c124ffe9754d9fe544c743aaab3109cb8990b93c9e99b64df9d7cd3e,undefined FUN_1806dc350(),ghidra,clean,
WHGame.dll,release_1_5_1164953_841,0x6dc464,949,FUN_1806dc464,,,cda3a60b4a2a23e3b0e05d383ddb0caf4bd9ebb72dee80e7ac7453a71ecf3721,undefined FUN_1806dc464(),ghidra,clean,
WHGame.dll,release_1_5_1164953_841,0x6dc81c,146,FUN_1806dc81c,,,6363f51713aa69249db17d57f700a3fb725f85287550b7c4f91e30757a9a68f5,undefined FUN_1806dc81c(),ghidra,clean,
WHGame.dll,release_1_5_1164953_841,0x6dc884,23,FUN_1806dc884,,,4a2215c3e820937481093c41c3a2c4fdd1b034767afb06c5e8afd475b2e2dc6a,undefined FUN_1806dc884(),ghidra,clean,
WHGame.dll,release_1_5_1164953_841,0x6dc89c,155,FUN_1806dc89c,,,bab0b4b66020db78638c43858650a5648bbd57a24da76cdb14bf857041c3ef3c,undefined FUN_1806dc89c(),ghidra,clean,
WHGame.dll,release_1_5_1164953_841,0x6dc938,264,FUN_1806dc938,,,abdd9ce36b6000598e9f6b3b10a4636d771b1249fe728ffb71779c47c6e47988,undefined FUN_1806dc938(),ghidra,clean,
WHGame.dll,release_1_5_1164953_841,0x6dca40,155,FUN_1806dca40,,,ac7f1dbb266a8966483d87f8b1e6f3dce911b59edf7d15db063a6c3d656fc22c,undefined FUN_1806dca40(),ghidra,clean,
WHGame.dll,release_1_5_1164953_841,0x6dcadc,310,FUN_1806dcadc,,,d36ac4c5633408b22a56c65c6b3c2d64ece9e2b98317d453995f23956e9f7b05,undefined FUN_1806dcadc(),ghidra,clean,
WHGame.dll,release_1_5_1164953_841,0x6dcc14,280,FUN_1806dcc14,,,c99273ce4db17f7e06fc7b3b469ec5f527594c4e6656b99bcde1df1545f49566,undefined FUN_1806dcc14(),ghidra,clean,
WHGame.dll,release_1_5_1164953_841,0x6dcd30,264,FUN_1806dcd30,,,278a2b053366ffef8a6304a52cdcf9996bd0b150971e5bfaba5b0285ef40d401,undefined FUN_1806dcd30(),ghidra,clean,
WHGame.dll,release_1_5_1164953_841,0x6dce38,149,FUN_1806dce38,,,2f6dba4fd6c0b44fc0bc5fc9f2faafb2566021cd6d89a9100e847fb583a4a80f,undefined FUN_1806dce38(),ghidra,clean,
WHGame.dll,release_1_5_1164953_841,0x6dce9c,349,FUN_1806dce9c,,,824ef679ed54378002456a0b0582df06f25d01ea712e52ec0cd85e0c085c8486,undefined FUN_1806dce9c(),ghidra,clean,
WHGame.dll,release_1_5_1164953_841,0x6dcf98,155,FUN_1806dcf98,,,9e638df242b0b3bf88cf807ece882558d1bdfa2cc98ba6ccba2df2af8053021d,undefined FUN_1806dcf98(),ghidra,clean,
WHGame.dll,release_1_5_1164953_841,0x6dd028,264,FUN_1806dd028,,,dad0c63fe8ec8bafa4c20cae48aa1315d0efcd4b5a404719d445d3286357b601,undefined FUN_1806dd028(),ghidra,clean,
WHGame.dll,release_1_5_1164953_841,0x6dd130,500,FUN_1806dd130,,,b8412a20acabcff22e38d7fc44f26b6eb37390a34da137eb28dc3b467b88e880,undefined FUN_1806dd130(),ghidra,clean,
WHGame.dll,release_1_5_1164953_841,0x6dd25c,155,FUN_1806dd25c,,,e33c20eb017f346ce45c35834133f95e552d8e9f839b2e2c4b86a516e158eaa9,undefined FUN_1806dd25c(),ghidra,clean,
WHGame.dll,release_1_5_1164953_841,0x6dd2f8,52,FUN_1806dd2f8,,,f80b65ae1f0c2590634a0470c203d84edb7847a03eeec47f199530d5521f02b4,undefined FUN_1806dd2f8(),ghidra,clean,
WHGame.dll,release_1_5_1164953_841,0x6dd32c,264,FUN_1806dd32c,,,6482bd47da8882ce5aa2e228483fefb32d7af8a844c4de00eeafbada350b76f6,undefined FUN_1806dd32c(),ghidra,clean,
WHGame.dll,release_1_5_1164953_841,0x6dd434,470,FUN_1806dd434,,,95f9f5cfc7e584b6655f3f7ee39b59ef1009d6ea706255738791a7125ce1c999,undefined FUN_1806dd434(),ghidra,clean,
WHGame.dll,release_1_5_1164953_841,0x6dd560,155,FUN_1806dd560,,,d0ce8fc014e9fa5ed35dcb9edaa8f44f0405de4874d1f2ef5f3ef678426c4a81,undefined FUN_1806dd560(),ghidra,clean,
WHGame.dll,release_1_5_1164953_841,0x6dd5fc,48,FUN_1806dd5fc,,,9dbf5f62761fe458ec3f079a3d5b2c534e4d5d532669ce89f7a559295aa5cfd7,undefined FUN_1806dd5fc(),ghidra,clean,
WHGame.dll,release_1_5_1164953_841,0x6dd62c,146,FUN_1806dd62c,,,342dffee5aff83d556d5c4e7f54d0159f45c4f7c8d3a46910bef1b733e07ffd6,undefined FUN_1806dd62c(),ghidra,clean,
WHGame.dll,release_1_5_1164953_841,0x6dd694,133,FUN_1806dd694,,,8c30a1d9d3e087e5641edbdafaf4d35eb437506686eb8b24f2a4d2c63546b72b,undefined FUN_1806dd694(),ghidra,clean,
WHGame.dll,release_1_5_1164953_841,0x6dd71c,133,FUN_1806dd71c,,,9889ba4d5134b7e1262589bc706d8a3fb672c40a11044e9b92e1513f6dc4873c,undefined FUN_1806dd71c(),ghidra,clean,
WHGame.dll,release_1_5_1164953_841,0x6dd7a4,133,FUN_1806dd7a4,,,33f0405b33edd91f4bec764c61dec16d17bb66699e08e59e349d3d918b49392e,undefined FUN_1806dd7a4(),ghidra,clean,
WHGame.dll,release_1_5_1164953_841,0x6dd82c,155,FUN_1806dd82c,,,c4b9f5e04106bc2889b22598c84cdd9eb986b78cec9129b0778a0d6bc4fa84e6,undefined FUN_1806dd82c(),ghidra,clean,
WHGame.dll,release_1_5_1164953_841,0x6dd8c8,133,FUN_1806dd8c8,,,3517fc40c35ef07b5a1fc62e75ad239ca4f49457d8d2d84139a0ae746aa05b1f,undefined FUN_1806dd8c8(),ghidra,clean,
WHGame.dll,release_1_5_1164953_841,0x6dd950,934,FUN_1806dd950,,,49207dbc297384ffb15a603ac39d7ccde19b058574ce8155627cddfa225f6d75,undefined FUN_1806dd950(),ghidra,clean,
WHGame.dll,release_1_5_1164953_841,0x6ddcf8,23,FUN_1806ddcf8,,,4a2215c3e820937481093c41c3a2c4fdd1b034767afb06c5e8afd475b2e2dc6a,undefined FUN_1806ddcf8(),ghidra,clean,
WHGame.dll,release_1_5_1164953_841,0x6ddd10,155,FUN_1806ddd10,,,afadf73260e5778287522e20062dbe1525f864b39f6d07c4c22245c7e25347be,undefined FUN_1806ddd10(),ghidra,clean,
WHGame.dll,release_1_5_1164953_841,0x6dddac,133,FUN_1806dddac,,,c59b3da661435eb2af7916c0e12c8f90c197f9368b41b08c167755040381aaaa,undefined FUN_1806dddac(),ghidra,clean,
WHGame.dll,release_1_5_1164953_841,0x6dde34,132,FUN_1806dde34,,,344a913912bf0cf9064ac3a149cfd80e211466e8d9750a1f5aa69fae5126af8c,undefined FUN_1806dde34(),ghidra,clean,
WHGame.dll,release_1_5_1164953_841,0x6ddeb8,145,FUN_1806ddeb8,,,cda7f15644a47c00d1f78dc5d540a80c3efcca5e53e3296054879865b42e6dac,undefined FUN_1806ddeb8(),ghidra,clean,
WHGame.dll,release_1_5_1164953_841,0x6ddf20,36,FUN_1806ddf20,,,79751e52028bbdd438f10010fbf815719f63f3a65922627cf546e6626e7f8fc4,undefined FUN_1806ddf20(),ghidra,clean,
WHGame.dll,release_1_5_1164953_841,0x6ddf44,285,FUN_1806ddf44,,,bcfd793b9036288a232d6543387a07694ad62e5c197edec4eb31b984f93fbf83,undefined FUN_1806ddf44(),ghidra,clean,
WHGame.dll,release_1_5_1164953_841,0x6de064,50,FUN_1806de064,,,4dac9e4a86b2024713d122f74d9aed8a065d86af0460264e43eca4d9420dacda,undefined FUN_1806de064(),ghidra,clean,
WHGame.dll,release_1_5_1164953_841,0x6de098,83,FUN_1806de098,,,5c310732bef6f8800934697027177fa25667fdfd5242553d001a633cb17b0db6,undefined FUN_1806de098(),ghidra,clean,
WHGame.dll,release_1_5_1164953_841,0x6de0ec,11,FUN_1806de0ec,,,64638a0529e1b66b48e17c1d547fe72ada416b79ec325a64139a79b41dee746f,undefined FUN_1806de0ec(),ghidra,clean,
WHGame.dll,release_1_5_1164953_841,0x6de0f8,114,FUN_1806de0f8,,,613018e9acbe37bbf4d9f6e587051ca3b8b601c4ef52ce3e5e5da6a5eb26f8b0,undefined FUN_1806de0f8(),ghidra,clean,
WHGame.dll,release_1_5_1164953_841,0x6de16c,74,FUN_1806de16c,,,bcec8ae49203f6069020d9cd1ff21d555d1f42ed115d26fffe671065816b48db,undefined FUN_1806de16c(),ghidra,clean,
WHGame.dll,release_1_5_1164953_841,0x6de1b8,51,FUN_1806de1b8,,,4952a7693f272b5b85dce2fa6752f8dbd1e0ba68d58b7d80206b412bb4ef0a37,undefined FUN_1806de1b8(),ghidra,clean,
WHGame.dll,release_1_5_1164953_841,0x6de1ec,133,FUN_1806de1ec,,,cb3fc371e0ced8a55dd9e7946c0bb49b2d4ba0369bba3140f20ab192e2988669,undefined FUN_1806de1ec(),ghidra,clean,
WHGame.dll,release_1_5_1164953_841,0x6de274,494,FUN_1806de274,,,52da94aaf7cca3519caf63e7471372ed95fb0bfbed42ae4f3c30e7f7093f5fb8,undefined FUN_1806de274(),ghidra,clean,
WHGame.dll,release_1_5_1164953_841,0x6de380,488,FUN_1806de380,,,97f482653df65d61d6db25069d80bf81020b2178366e2219233aa05456481a67,undefined FUN_1806de380(),ghidra,clean,
WHGame.dll,release_1_5_1164953_841,0x6de49c,264,FUN_1806de49c,,,96ba4a43204be383db1434e2caf1b0f8c5fad2745c880ff9367cead887356407,undefined FUN_1806de49c(),ghidra,clean,
WHGame.dll,release_1_5_1164953_841,0x6de5a4,475,FUN_1806de5a4,,,fb93b1d9d3ac3ad23c666064c3ebd9a3d12ba5e56ec32ef0b40036da89f5150f,undefined FUN_1806de5a4(),ghidra,clean,
WHGame.dll,release_1_5_1164953_841,0x6de650,23,FUN_1806de650,,,4a2215c3e820937481093c41c3a2c4fdd1b034767afb06c5e8afd475b2e2dc6a,undefined FUN_1806de650(),ghidra,clean,
WHGame.dll,release_1_5_1164953_841,0x6de668,155,FUN_1806de668,,,c2d788901f9bffa52e48b88bfb64c10cd63e7d1fec6684bc2c342f70311bf217,undefined FUN_1806de668(),ghidra,clean,
WHGame.dll,release_1_5_1164953_841,0x6de704,133,FUN_1806de704,,,da028162f7941f0c404b20eeb73d2e4cab23150e4cd0efdf25897037c9e04c75,undefined FUN_1806de704(),ghidra,clean,
WHGame.dll,release_1_5_1164953_841,0x6de78c,934,FUN_1806de78c,,,37e3811b755c5dfa8a089fff3c2d93164b4a48a1a02d25d8ac5771003ba59f61,undefined FUN_1806de78c(),ghidra,clean,
WHGame.dll,release_1_5_1164953_841,0x6deb34,23,FUN_1806deb34,,,4a2215c3e820937481093c41c3a2c4fdd1b034767afb06c5e8afd475b2e2dc6a,undefined FUN_1806deb34(),ghidra,clean,
WHGame.dll,release_1_5_1164953_841,0x6deb4c,155,FUN_1806deb4c,,,7dc18c16a9f31c9537c789b7aeabc3b2621be83369e33aaeb4e94c341fa2e5bc,undefined FUN_1806deb4c(),ghidra,clean,
WHGame.dll,release_1_5_1164953_841,0x6debe8,42,FUN_1806debe8,,,ba5033171dc5eac1ef9f89f2dec09b216fbda00f7d878917bcf691fb2e1e5331,undefined FUN_1806debe8(),ghidra,clean,
WHGame.dll,release_1_5_1164953_841,0x6dec14,36,FUN_1806dec14,,,c46df5330213633a565cb4b7f984c43a6b0f03a1258cc092bc3e201d98935d38,undefined FUN_1806dec14(),ghidra,clean,
WHGame.dll,release_1_5_1164953_841,0x6dec38,55,FUN_1806dec38,,,3553e15438ae8b6caf7fbc19072f83ab54455eccfe942fd2b7d487c46577252f,undefined FUN_1806dec38(),ghidra,clean,
WHGame.dll,release_1_5_1164953_841,0x6dec60,75,FUN_1806dec60,,,a2504fc0b746767f9bcaa797469ed280773ad600496b390bfdbe05fb3162519f,undefined FUN_1806dec60(),ghidra,clean,
WHGame.dll,release_1_5_1164953_841,0x6decac,156,FUN_1806decac,,,97792e7d9a544d1be1529808b06e6105a68611175da535f8ae80d56b2bb768fa,undefined FUN_1806decac(),ghidra,clean,
WHGame.dll,release_1_5_1164953_841,0x6ded48,150,FUN_1806ded48,,,b5ae158b70eb921236e9d11368573eb941c02a1f146273e535bf42d67e1e7fad,undefined FUN_1806ded48(),ghidra,clean,
WHGame.dll,release_1_5_1164953_841,0x6dede0,75,FUN_1806dede0,,,d775e5c116281581820a41ddf321d3908d6ecc4363653379a41cf511ed722653,undefined FUN_1806dede0(),ghidra,clean,
WHGame.dll,release_1_5_1164953_841,0x6dee2c,318,FUN_1806dee2c,,,5ea8ee1ee5fecd769af7b3b8eeea5ef82d200667eecf6cd25a4d56783f63abbe,undefined FUN_1806dee2c(),ghidra,clean,
WHGame.dll,release_1_5_1164953_841,0x6def6c,65,FUN_1806def6c,,,760f4677b67e3e5437db7413618f9cb04caac145b03ae517645ddaac91e57f02,undefined FUN_1806def6c(),ghidra,clean,
WHGame.dll,release_1_5_1164953_841,0x6defb0,64,FUN_1806defb0,,,a72f449287a988d89dadf0cca4254c8bfa0b15fe62169ad9616e700f7296135d,undefined FUN_1806defb0(),ghidra,clean,
WHGame.dll,release_1_5_1164953_841,0x6deff0,261,FUN_1806deff0,,,e76b3d57cbc0fcb67c91e0b4beec779b0dd62c1addc39aad60fbfbe7bee009a5,undefined FUN_1806deff0(),ghidra,clean,
WHGame.dll,release_1_5_1164953_841,0x6df0f8,277,FUN_1806df0f8,,,298a239acda3fac0254ab07c0b05bb5b217a17bcd253e98f2b17927b0e1f0872,undefined FUN_1806df0f8(),ghidra,clean,
WHGame.dll,release_1_5_1164953_841,0x6df210,106,FUN_1806df210,,,a8178181d6b398634812191d509f756d49543f56edb6b99f2c05abb51daa85ba,undefined FUN_1806df210(),ghidra,clean,
WHGame.dll,release_1_5_1164953_841,0x6df264,9,FUN_1806df264,,,6ae77acbb4194dc845cf923e910ea473799acc9d3cf27d73f45aca752bd002e5,undefined FUN_1806df264(),ghidra,clean,
WHGame.dll,release_1_5_1164953_841,0x6df270,26,FUN_1806df270,,,e8f4038fcaeee1844c20566ef3f3db09d274dc302b0c07bf6ee0287eeb6f930a,undefined FUN_1806df270(),ghidra,clean,
WHGame.dll,release_1_5_1164953_841,0x6df28c,26,FUN_1806df28c,,,7acff53511a0d6fc777175da09ab376d9557fa9b3362a2eb042b82ffbede0930,undefined FUN_1806df28c(),ghidra,clean,
WHGame.dll,release_1_5_1164953_841,0x6df2a8,63,FUN_1806df2a8,,,b4d371d9f551afe8953cd6b436581828c09a5522ad6627ffaf057c580b1c1ac5,undefined FUN_1806df2a8(),ghidra,clean,
WHGame.dll,release_1_5_1164953_841,0x6df2e8,151,FUN_1806df2e8,,,aa993e39731825b5c7a8db6432d778d305c096b9373ed4e11121eac01cb9d9be,undefined FUN_1806df2e8(),ghidra,clean,
WHGame.dll,release_1_5_1164953_841,0x6df380,151,FUN_1806df380,,,dd400cf85ec9bf32c71eb775011609c8fc6e50074283309f7889d580d24b115b,undefined FUN_1806df380(),ghidra,clean,
WHGame.dll,release_1_5_1164953_841,0x6df418,190,FUN_1806df418,,,ffc0babc3674ca4547b304f97c75c5d1c300e8855177c0fb01760a03f405d915,undefined FUN_1806df418(),ghidra,clean,
WHGame.dll,release_1_5_1164953_841,0x6df4d8,190,FUN_1806df4d8,,,43eb0bb06d06d4f4169ed6dfbffeba00622a9a181f9236e794e7e844afb64060,undefined FUN_1806df4d8(),ghidra,clean,
WHGame.dll,release_1_5_1164953_841,0x6df598,586,FUN_1806df598,,,5034206250b12f2427cf552220d40eaf662f7b4ffd9c817f5e29c67a1749c217,undefined FUN_1806df598(),ghidra,clean,
WHGame.dll,release_1_5_1164953_841,0x6df7e4,190,FUN_1806df7e4,,,ad000b6c2867afeb0d2b8b4eb59e469518cdd8b23f91b6a2f86e22fa7f486cb1,undefined FUN_1806df7e4(),ghidra,clean,
WHGame.dll,release_1_5_1164953_841,0x6df8a4,190,FUN_1806df8a4,,,90030b08df167a443a8b27be1a57314aa82246e6c7fb650cb031bb5f5738706d,undefined FUN_1806df8a4(),ghidra,clean,
WHGame.dll,release_1_5_1164953_841,0x6df964,194,FUN_1806df964,,,d78cf27186e0bcd6616f6cacd72ed51e1807a3ea610b7fdddd21fff6aba43825,undefined FUN_1806df964(),ghidra,clean,
WHGame.dll,release_1_5_1164953_841,0x6dfa28,87,FUN_1806dfa28,,,0892c3f5a9259ed057beebac97bf43773ddb36d275222edd5bb26f75a947208f,undefined FUN_1806dfa28(),ghidra,clean,
WHGame.dll,release_1_5_1164953_841,0x6dfa80,99,FUN_1806dfa80,,,3dfa4f324474249d66dfbdfff146525ed346fd8f4f65e2e5d08e57ab8d797c7b,undefined FUN_1806dfa80(),ghidra,clean,
WHGame.dll,release_1_5_1164953_841,0x6dfae4,110,FUN_1806dfae4,,,3a7b3e81500864024c54c8486a516cd226f848f2b050dd6897e6d0de5852b481,undefined FUN_1806dfae4(),ghidra,clean,
WHGame.dll,release_1_5_1164953_841,0x6dfb44,110,FUN_1806dfb44,,,94688b083a60ae8362ca4ebf5759e3f8ddd0fb553d2cb4ea0c24702d95bba847,undefined FUN_1806dfb44(),ghidra,clean,
WHGame.dll,release_1_5_1164953_841,0x6dfba4,190,FUN_1806dfba4,,,29a34dcd008febb66517a76df33863712ea12f051534c38c3682429795313b72,undefined FUN_1806dfba4(),ghidra,clean,
WHGame.dll,release_1_5_1164953_841,0x6dfc64,190,FUN_1806dfc64,,,4686d24ce0c6f11c976cac04017d1f19df800417a81ac9418c4852513dedef2c,undefined FUN_1806dfc64(),ghidra,clean,
WHGame.dll,release_1_5_1164953_841,0x6dfd24,190,FUN_1806dfd24,,,32e39d5969a6d052ef2403bce3d6a4166d0fb60b4af529fb27c8f4e6110a5a8b,undefined FUN_1806dfd24(),ghidra,clean,
WHGame.dll,release_1_5_1164953_841,0x6dfde4,146,FUN_1806dfde4,,,64ab19a563a94ca9f032730b244f0d100c714c51977d80b4fb6e08958e2ea9d5,undefined FUN_1806dfde4(),ghidra,clean,
WHGame.dll,release_1_5_1164953_841,0x6dfe78,155,FUN_1806dfe78,,,f2e348f78946ef80497f21edb3845c3850a90fdf40039c706504beb352b3e65c,undefined FUN_1806dfe78(),ghidra,clean,
WHGame.dll,release_1_5_1164953_841,0x6dff14,273,FUN_1806dff14,,,d28d74b5f7810d2432baf10fc6548d07100e68e17c69c8df6371a833d75ff004,undefined FUN_1806dff14(),ghidra,clean,
WHGame.dll,release_1_5_1164953_841,0x6e0018,196,FUN_1806e0018,,,156739a5c3d7355f30bec58934fa36bfd8e6295bf6764eba0b56c69d57cea7b5,undefined FUN_1806e0018(),ghidra,clean,
WHGame.dll,release_1_5_1164953_841,0x6e00d4,175,FUN_1806e00d4,,,6a6a7d0bc8aa3e0852481bbd58e3692bbad7ed687500e624837f0f7a6548dd13,undefined FUN_1806e00d4(),ghidra,clean,
WHGame.dll,release_1_5_1164953_841,0x6e0184,273,FUN_1806e0184,,,956d543d18d3dd2bf71e13233f33a3ef4024602fe0ab1243a2a163a50d5c74fa,undefined FUN_1806e0184(),ghidra,clean,
WHGame.dll,release_1_5_1164953_841,0x6e0288,196,FUN_1806e0288,,,3223a34b96625880b4c7894aab0f68b2556753f0ae886808e95a88c8b6066b67,undefined FUN_1806e0288(),ghidra,clean,
WHGame.dll,release_1_5_1164953_841,0x6e0344,175,FUN_1806e0344,,,2ba6c7d8059aa7f062a475862e1b3aad8240618bf25bc75fdabfa3f7670659ed,undefined FUN_1806e0344(),ghidra,clean,
WHGame.dll,release_1_5_1164953_841,0x6e03f4,291,FUN_1806e03f4,,,ec659e5e365ca9512fce537c1beb369bff524c87c7ea10e816b630ab6053f682,undefined FUN_1806e03f4(),ghidra,clean,
WHGame.dll,release_1_5_1164953_841,0x6e0518,296,FUN_1806e0518,,,bc49b13557ed46e40ed49c62ddd89c0e4558b848733241e4425b8d7e1f6586a1,undefined FUN_1806e0518(),ghidra,clean,
WHGame.dll,release_1_5_1164953_841,0x6e0640,234,FUN_1806e0640,,,048f2a49ce55db6d49b1f29cd27c78746ec97b241a72323b1098d0d51b090599,undefined FUN_1806e0640(),ghidra,clean,
WHGame.dll,release_1_5_1164953_841,0x6e072c,207,FUN_1806e072c,,,fed1bfd8d0b73a50424f49d92eda961789ec1d406f8de872596cafb909626f4b,undefined FUN_1806e072c(),ghidra,clean,
WHGame.dll,release_1_5_1164953_841,0x6e07ec,261,FUN_1806e07ec,,,e525310e4cf996c4beb94ba1abe607141938bc439118783f68bc22eab81ab4f0,undefined FUN_1806e07ec(),ghidra,clean,
WHGame.dll,release_1_5_1164953_841,0x6e08e8,224,FUN_1806e08e8,,,d89173f56594d629b71a0896f05791052a0d22a4d8c21c58eb0322179f180cec,undefined FUN_1806e08e8(),ghidra,clean,
WHGame.dll,release_1_5_1164953_841,0x6e09c8,296,FUN_1806e09c8,,,10bc2ea4e9fc0fe86d6c4ecfd766961ccf042ff50e50dc3c6982b2522878a190,undefined FUN_1806e09c8(),ghidra,clean,
WHGame.dll,release_1_5_1164953_841,0x6e0af0,200,FUN_1806e0af0,,,f804199ffe4e8ce5139666d150f701cba84acda814fdcdc5601ba6ff32f1498f,undefined FUN_1806e0af0(),ghidra,clean,
WHGame.dll,release_1_5_1164953_841,0x6e0b98,151,FUN_1806e0b98,,,bfe6d06d29469f24fc7654c34dd0502607b0130ede493f08bdf2a1057896db01,undefined FUN_1806e0b98(),ghidra,clean,
WHGame.dll,release_1_5_1164953_841,0x6e0c30,110,FUN_1806e0c30,,,6a6dd4823bab037b45d9509691f6057f24a3a3af928600705851e54eef2f21de,undefined FUN_1806e0c30(),ghidra,clean,
WHGame.dll,release_1_5_1164953_841,0x6e0c90,151,FUN_1806e0c90,,,f055037f58f3fdebd09b6ed41b902efd3d1909154aa60906d795a2958eeceb4d,undefined FUN_1806e0c90(),ghidra,clean,
WHGame.dll,release_1_5_1164953_841,0x6e0d28,151,FUN_1806e0d28,,,f3e2e5c11bd3756ab121bef8beca0f956da1585220382bba6d4f07fa76f73d1b,undefined FUN_1806e0d28(),ghidra,clean,
WHGame.dll,release_1_5_1164953_841,0x6e0dc0,110,FUN_1806e0dc0,,,9d6f25553ac56d226974fa6bbf52a4a9c01004f9a3402c4ddb3243fa11480df2,undefined FUN_1806e0dc0(),ghidra,clean,
WHGame.dll,release_1_5_1164953_841,0x6e0e20,151,FUN_1806e0e20,,,6506ca22b622e53460ea0b9226fa193da69e827f2ffe55cd20f3e10d0d076f80,undefined FUN_1806e0e20(),ghidra,clean,
WHGame.dll,release_1_5_1164953_841,0x6e0eb8,200,FUN_1806e0eb8,,,421c50fcf41445dbd51372a88d008bff31d28c5a5527465f1764b62e8dc50bc4,undefined FUN_1806e0eb8(),ghidra,clean,
WHGame.dll,release_1_5_1164953_841,0x6e0f60,26,FUN_1806e0f60,,,ab65d70f09fb65a36bda9ba02566544daf4b439ef19ee4cdfc95292bddcc184a,undefined FUN_1806e0f60(),ghidra,clean,
WHGame.dll,release_1_5_1164953_841,0x6e0f7c,151,FUN_1806e0f7c,,,671f3feb2956cda5fe858b8862e0e5a9b48acecaa34d7c6fe3d9e6936ac50c97,undefined FUN_1806e0f7c(),ghidra,clean,
WHGame.dll,release_1_5_1164953_841,0x6e1014,155,FUN_1806e1014,,,1060d30de6a586a8ea66775df9f7b4a38c4d0503fb6c0b0d32e6d8e6f4ea3830,undefined FUN_1806e1014(),ghidra,clean,
WHGame.dll,release_1_5_1164953_841,0x6e10b0,291,FUN_1806e10b0,,,92328da5cd9b597e486f965e30bebc4d188023fcb72062b928df74f47241e854,undefined FUN_1806e10b0(),ghidra,clean,
WHGame.dll,release_1_5_1164953_841,0x6e11d4,23,FUN_1806e11d4,,,41f1ab59ab42425f4e383d2c5e39d279f1030e691f88d2796ed3d29eecdccf55,undefined FUN_1806e11d4(),ghidra,clean,
WHGame.dll,release_1_5_1164953_841,0x6e11ec,26,FUN_1806e11ec,,,7860f305f79cbd22ffedfc6a327484ee01cc60352321e4f09919915548a3f52e,undefined FUN_1806e11ec(),ghidra,clean,
WHGame.dll,release_1_5_1164953_841,0x6e1208,151,FUN_1806e1208,,,4b71339a87f9e16ed24878967127d3a699ecbe800d1048b6ae393ab14ecc3fe9,undefined FUN_1806e1208(),ghidra,clean,
WHGame.dll,release_1_5_1164953_841,0x6e12a0,194,FUN_1806e12a0,,,0bf0df0446c61de4091291166c529628e478382606ce4743d0cd54abfe2fb279,undefined FUN_1806e12a0(),ghidra,clean,
WHGame.dll,release_1_5_1164953_841,0x6e1364,155,FUN_1806e1364,,,604d2fce36cc29626a8d88a841ee413527d2bfad01d26e54fd3de3b045e65e48,undefined FUN_1806e1364(),ghidra,clean,
WHGame.dll,release_1_5_1164953_841,0x6e1400,190,FUN_1806e1400,,,460603cd9eac87d672f1fc1c3156d528e06a053a06ef3979828852d00d1fa198,undefined FUN_1806e1400(),ghidra,clean,
WHGame.dll,release_1_5_1164953_841,0x6e14c0,155,FUN_1806e14c0,,,9e559d3c2e88c226f645361e662b268ec1b7808ecf96216e0cc3e0db02835ea0,undefined FUN_1806e14c0(),ghidra,clean,
WHGame.dll,release_1_5_1164953_841,0x6e155c,291,FUN_1806e155c,,,6f31c80c3a25cc50c19074894544abc32a0b3d991ce6d5e6a461abd5233410a1,undefined FUN_1806e155c(),ghidra,clean,
WHGame.dll,release_1_5_1164953_841,0x6e1680,308,FUN_1806e1680,,,58105d8dd9b911377b29c2d343e779b5994d280ad4d5a66c4b2aecf4263e574a,undefined FUN_1806e1680(),ghidra,clean,
WHGame.dll,release_1_5_1164953_841,0x6e17b4,288,FUN_1806e17b4,,,07858b4e47eeb4ae75bf40b78fa2bbefe6261c3b959d7232b2b1ec658e2e4ed3,undefined FUN_1806e17b4(),ghidra,clean,
WHGame.dll,release_1_5_1164953_841,0x6e18a4,288,FUN_1806e18a4,,,727a2ca5007c6989a3cdf827240de81ebbc4e637ee7a5a20d7e6f4d523b7cb98,undefined FUN_1806e18a4(),ghidra,clean,
WHGame.dll,release_1_5_1164953_841,0x6e1994,288,FUN_1806e1994,,,7fc82bd6cbd6cc9c88af13e29546ae73a55a064223af494d2c24dce07307ccc1,undefined FUN_1806e1994(),ghidra,clean,
WHGame.dll,release_1_5_1164953_841,0x6e1a84,288,FUN_1806e1a84,,,f612f93357300e3c7c6d901421e107e132ba5be68e47019e4110edba0761ed8d,undefined FUN_1806e1a84(),ghidra,clean,
WHGame.dll,release_1_5_1164953_841,0x6e1b74,200,FUN_1806e1b74,,,f6ac9760ad9030ea1f766e8f932d09a5a37a6cdbc54d520c95684442629aeab3,undefined FUN_1806e1b74(),ghidra,clean,
WHGame.dll,release_1_5_1164953_841,0x6e1c1c,151,FUN_1806e1c1c,,,a28114bc42aa4f7623d2b149f76547bed86d48219c0708ff594476b8e95c3dcd,undefined FUN_1806e1c1c(),ghidra,clean,
WHGame.dll,release_1_5_1164953_841,0x6e1cb4,151,FUN_1806e1cb4,,,c8cef9f41dee93ceed4d7babc7834f57f34dd017566dee743e0454149e4b8f5e,undefined FUN_1806e1cb4(),ghidra,clean,
WHGame.dll,release_1_5_1164953_841,0x6e1d4c,151,FUN_1806e1d4c,,,4eef4a2943089b23f5a946ec1fdac8cc20f5c105855e3adbbbfc59b8ea07e2ea,undefined FUN_1806e1d4c(),ghidra,clean,
WHGame.dll,release_1_5_1164953_841,0x6e1de4,151,FUN_1806e1de4,,,5361742a529939a65d3d958deddab27c5e93f4ff5d0f1828dbb1b17679824f57,undefined FUN_1806e1de4(),ghidra,clean,
WHGame.dll,release_1_5_1164953_841,0x6e1e7c,151,FUN_1806e1e7c,,,b37f7108931f16e7f853114cd38d2e7500e63249ec8dcaa5213f0a8062d91125,undefined FUN_1806e1e7c(),ghidra,clean,
WHGame.dll,release_1_5_1164953_841,0x6e1f14,155,FUN_1806e1f14,,,304594cbf6e53c5cf1812c5add1fe51cb730a47e5ec662edb071bc2069ddcd41,undefined FUN_1806e1f14(),ghidra,clean,
WHGame.dll,release_1_5_1164953_841,0x6e1fb0,291,FUN_1806e1fb0,,,9c63e5e64f61d073498a3d2bb5bf648967cc32115694249760828007663f5ac7,undefined FUN_1806e1fb0(),ghidra,clean,
WHGame.dll,release_1_5_1164953_841,0x6e20d4,291,FUN_1806e20d4,,,3ecb9aec5631467442764815d08f846d8b8b357bf271bf23adee3cae2e5e164c,undefined FUN_1806e20d4(),ghidra,clean,
WHGame.dll,release_1_5_1164953_841,0x6e21f8,190,FUN_1806e21f8,,,04262eb413e6abecf8b458fcf38be72197f5eccf88a0611f7f3c83f5bbae60da,undefined FUN_1806e21f8(),ghidra,clean,
WHGame.dll,release_1_5_1164953_841,0x6e22b8,151,FUN_1806e22b8,,,dba727d8c094ecd5aee46069c3a50330cb48e1cd1c02335eed3c71f330b99e46,undefined FUN_1806e22b8(),ghidra,clean,
WHGame.dll,release_1_5_1164953_841,0x6e2350,151,FUN_1806e2350,,,d3b23c4d2fc3ec34b0b655bbc4119eff6079525bf591f87060b6ec39f65b1134,undefined FUN_1806e2350(),ghidra,clean,
WHGame.dll,release_1_5_1164953_841,0x6e23e8,151,FUN_1806e23e8,,,a904f3720e8fdfd978227df7358c31403a04f6df5041e2b034f526ecb4f4e11b,undefined FUN_1806e23e8(),ghidra,clean,
WHGame.dll,release_1_5_1164953_841,0x6e2480,151,FUN_1806e2480,,,aef496ccc078d6da6ba690d781b6fe5e1b2bba06b41f93dcb2b01c18fe3b5b57,undefined FUN_1806e2480(),ghidra,clean,
WHGame.dll,release_1_5_1164953_841,0x6e2518,151,FUN_1806e2518,,,355d79d26994fb985d90033145da0365cee66f85f1b07ce4d5de943f06f9ec3c,undefined FUN_1806e2518(),ghidra,clean,
WHGame.dll,release_1_5_1164953_841,0x6e25b0,151,FUN_1806e25b0,,,3d0f2c6c82d1be16d541a26eaf3215ff4da9f61323cb557c7da95ebac7005814,undefined FUN_1806e25b0(),ghidra,clean,
WHGame.dll,release_1_5_1164953_841,0x6e2648,151,FUN_1806e2648,,,9945600744d5a719ecf5de912647d0225ac55d235078fefb0d0726e474ad0b0c,undefined FUN_1806e2648(),ghidra,clean,
WHGame.dll,release_1_5_1164953_841,0x6e26e0,151,FUN_1806e26e0,,,717f7fdc03359cea69cb7ee08637be6f3773c459076cccb98ffe2ddf25688fb5,undefined FUN_1806e26e0(),ghidra,clean,
WHGame.dll,release_1_5_1164953_841,0x6e2778,151,FUN_1806e2778,,,2f0e9e5222357765cccebdf914c0e3a905159196c1423c337caf1a9456e4d0a4,undefined FUN_1806e2778(),ghidra,clean,
WHGame.dll,release_1_5_1164953_841,0x6e2810,194,FUN_1806e2810,,,f773ee418d0e4f4e9d65f555965a82444da55bca585b51c4e09dbc82784f4e25,undefined FUN_1806e2810(),ghidra,clean,
WHGame.dll,release_1_5_1164953_841,0x6e28d4,155,FUN_1806e28d4,,,c38a620ccc310de7a97e122c9568a92594c003ceeb35ef71ec4c8e238e29ac98,undefined FUN_1806e28d4(),ghidra,clean,
WHGame.dll,release_1_5_1164953_841,0x6e2970,190,FUN_1806e2970,,,d885f4c1e192c8265cea7ca27220ade2480b5dd77e0bcbbcb6862b96ca862efe,undefined FUN_1806e2970(),ghidra,clean,
WHGame.dll,release_1_5_1164953_841,0x6e2a30,142,FUN_1806e2a30,,,effecafd44631f22ebf783d488491f5ad5d441158c6652d230764c094dfc397b,undefined FUN_1806e2a30(),ghidra,clean,
WHGame.dll,release_1_5_1164953_841,0x6e2ac0,142,FUN_1806e2ac0,,,918b3034efc74b4ecac41bff4663a6da90404f57b1d161449f9d3fda67831871,undefined FUN_1806e2ac0(),ghidra,clean,
WHGame.dll,release_1_5_1164953_841,0x6e2b50,142,FUN_1806e2b50,,,1b23e9a905bca7d71a70c9f07c76a3dc1fe8fc4d5f6dff59e481efbbd0ac9645,undefined FUN_1806e2b50(),ghidra,clean,
WHGame.dll,release_1_5_1164953_841,0x6e2be0,142,FUN_1806e2be0,,,5d2567bf2a66adc8af830fd13efc58c6620710a1836363bbe1103711e9b5976b,undefined FUN_1806e2be0(),ghidra,clean,
WHGame.dll,release_1_5_1164953_841,0x6e2c70,142,FUN_1806e2c70,,,66d70c8b4040968a75af62731b37c28b59a0dcd907563e4b5e29554b1d8a5a58,undefined FUN_1806e2c70(),ghidra,clean,
WHGame.dll,release_1_5_1164953_841,0x6e2d00,142,FUN_1806e2d00,,,581ba1c1fae9abf3515ac0f0ed480fb26a0860678f61b236a014d474369c0bff,undefined FUN_1806e2d00(),ghidra,clean,
WHGame.dll,release_1_5_1164953_841,0x6e2d90,142,FUN_1806e2d90,,,7ad67a9248c21caaca198612f62c9e35c2a76a81559eb0712f8aeddcad264be9,undefined FUN_1806e2d90(),ghidra,clean,
WHGame.dll,release_1_5_1164953_841,0x6e2e20,142,FUN_1806e2e20,,,b292708a06588e33142f444b73e5ff211b83acc3f76b59b0e0ddfcfd8c3af76d,undefined FUN_1806e2e20(),ghidra,clean,
WHGame.dll,release_1_5_1164953_841,0x6e2eb0,142,FUN_1806e2eb0,,,4f26c012c1e0ad4067100d247ff2e96e366f7f98e8fafd098aed633e08418746,undefined FUN_1806e2eb0(),ghidra,clean,
WHGame.dll,release_1_5_1164953_841,0x6e2f40,228,FUN_1806e2f40,,,8684f93aa14ce4e6a0add2530c1aa72c389bb3c98f834a167c98803a41e726fb,undefined FUN_1806e2f40(),ghidra,clean,
WHGame.dll,release_1_5_1164953_841,0x6e3024,459,FUN_1806e3024,,,d08997aec7cbaa0a1483702599fdad53dddb0c514b9420efae611b558a508e91,undefined FUN_1806e3024(),ghidra,clean,
WHGame.dll,release_1_5_1164953_841,0x6e30c8,489,FUN_1806e30c8,,,7e95b7c981495f0703dff7a4d1aff8c9e86764d8fbb720d26a67be038783316d,undefined FUN_1806e30c8(),ghidra,clean,
WHGame.dll,release_1_5_1164953_841,0x6e31b0,23,FUN_1806e31b0,,,4a2215c3e820937481093c41c3a2c4fdd1b034767afb06c5e8afd475b2e2dc6a,undefined FUN_1806e31b0(),ghidra,clean,
WHGame.dll,release_1_5_1164953_841,0x6e31c8,155,FUN_1806e31c8,,,948ed5db8b0c3e918b498dbd4e1f4678e2ffc093d288fd29f9e680fed9ef8738,undefined FUN_1806e31c8(),ghidra,clean,
WHGame.dll,release_1_5_1164953_841,0x6e3264,234,FUN_1806e3264,,,cb3a94b822537433a6c53b59f6f8cd648e1a212558e72e4a533273262c43ae6e,undefined FUN_1806e3264(),ghidra,clean,
WHGame.dll,release_1_5_1164953_841,0x6e3350,207,FUN_1806e3350,,,f259269e6c4cca85ab0d20c4e164897f8155f23a4c20f89a7e4a01c75f0346d9,undefined FUN_1806e3350(),ghidra,clean,
WHGame.dll,release_1_5_1164953_841,0x6e3410,251,FUN_1806e3410,,,7a216c63595cbebeafb142d42c1ebe23c75aab6af3a5765ecf5a8378044c2de6,undefined FUN_1806e3410(),ghidra,clean,
WHGame.dll,release_1_5_1164953_841,0x6e350c,196,FUN_1806e350c,,,3102656e7c78cd5e42066c4c44b7ec0a9fca539acd410279734912607973cabe,undefined FUN_1806e350c(),ghidra,clean,
WHGame.dll,release_1_5_1164953_841,0x6e35d0,234,FUN_1806e35d0,,,c5e41fcccfdb8e95b90bef0efbdb0b24c248e182ce59052b03f3278a3a9330b4,undefined FUN_1806e35d0(),ghidra,clean,
WHGame.dll,release_1_5_1164953_841,0x6e36bc,207,FUN_1806e36bc,,,56622b41392652084d5688e064aceda61bdc19bdb5f5aa3154b4fb7d4d620eff,undefined FUN_1806e36bc(),ghidra,clean,
WHGame.dll,release_1_5_1164953_841,0x6e377c,251,FUN_1806e377c,,,6c2838cde06568192125856e77ce075b52025074488f023000be70e1fd2f8619,undefined FUN_1806e377c(),ghidra,clean,
WHGame.dll,release_1_5_1164953_841,0x6e3878,196,FUN_1806e3878,,,81fa30084f04c29c94ec84d1d1abc1a544f0d1a3a22a0204b01c4788f7346a00,undefined FUN_1806e3878(),ghidra,clean,
WHGame.dll,release_1_5_1164953_841,0x6e393c,234,FUN_1806e393c,,,8990a4164cce1d2859cad28584c9121bcd2e310d63c10343a4f9bf2c25a8e209,undefined FUN_1806e393c(),ghidra,clean,
WHGame.dll,release_1_5_1164953_841,0x6e3a28,1634,FUN_1806e3a28,,,c0004e3d45b6c2fe1f0043d29ac4c4abf567022de5a2d1ffb6004bc1be770d4e,undefined FUN_1806e3a28(),ghidra,clean,
WHGame.dll,release_1_5_1164953_841,0x6e408c,149,FUN_1806e408c,,,5489aafa875a29b6ee89f8e998447678c9b002800bce597376bfd4ef17bcfd85,undefined FUN_1806e408c(),ghidra,clean,
WHGame.dll,release_1_5_1164953_841,0x6e4124,284,FUN_1806e4124,,,a5e4b212f3c03895483337ef7a0db2d0f6108af05032585aeff1cada6b3eb5e8,undefined FUN_1806e4124(),ghidra,clean,
WHGame.dll,release_1_5_1164953_841,0x6e4234,251,FUN_1806e4234,,,c265954a205721924fdaa298d4874e39d18cadd9f52c7bca39005d3f68d3cc94,undefined FUN_1806e4234(),ghidra,clean,
WHGame.dll,release_1_5_1164953_841,0x6e4330,233,FUN_1806e4330,,,8e5adacd9ace48832693bd3f00563e098c4d3201aedfd2bedff5b67793d56941,undefined FUN_1806e4330(),ghidra,clean,
WHGame.dll,release_1_5_1164953_841,0x6e441c,43,FUN_1806e441c,,,414a85c0d7f8f93b5166a50af0a72f53825635a92ade38dd1244b40cfb4d46dd,undefined FUN_1806e441c(),ghidra,clean,
WHGame.dll,release_1_5_1164953_841,0x6e4448,162,FUN_1806e4448,,,ffd9c0fc777abd5f068df1a6d911967c7c680f1cebd79ec87c2167653e380c8a,undefined FUN_1806e4448(),ghidra,clean,
WHGame.dll,release_1_5_1164953_841,0x6e44e0,43,FUN_1806e44e0,,,c4e58bc5e36a6767b45347982c4629ead30005175720f66d49f7d906a24f3da1,undefined FUN_1806e44e0(),ghidra,clean,
WHGame.dll,release_1_5_1164953_841,0x6e450c,162,FUN_1806e450c,,,2830a83125e76d9e0aa17b8f78cdbee2f9307110faeb0604db481015884ca4ef,undefined FUN_1806e450c(),ghidra,clean,
WHGame.dll,release_1_5_1164953_841,0x6e45a4,44,FUN_1806e45a4,,,a13640b4b02029331922e6009d8d3b3fe59bb3f2db0606ba06fa324bc8d3c256,undefined FUN_1806e45a4(),ghidra,clean,
WHGame.dll,release_1_5_1164953_841,0x6e45d0,43,FUN_1806e45d0,,,0414b26edf5cff597618a05f594ef337a7e915ca0344964b2724701aa0e4ae95,undefined FUN_1806e45d0(),ghidra,clean,
WHGame.dll,release_1_5_1164953_841,0x6e45fc,162,FUN_1806e45fc,,,73e4a3a1fa1c6d7e6bc804a5fcb1dff8ba30a1161c9df5cd27de36ec086ab155,undefined FUN_1806e45fc(),ghidra,clean,
WHGame.dll,release_1_5_1164953_841,0x6e4694,43,FUN_1806e4694,,,0fae15df8c9628546802979ac215bd881b05b12bc148f93008f0b596dc0058b4,undefined FUN_1806e4694(),ghidra,clean,
WHGame.dll,release_1_5_1164953_841,0x6e46c0,162,FUN_1806e46c0,,,912b41a991ae53ebdc281eb01da5e136a9911b956240f625bdd007a3b6beb873,undefined FUN_1806e46c0(),ghidra,clean,
WHGame.dll,release_1_5_1164953_841,0x6e4758,43,FUN_1806e4758,,,560aaaaa3de33ed9da7e8b29601d04f1b11f6ce91c309f98926626079417b442,undefined FUN_1806e4758(),ghidra,clean,
WHGame.dll,release_1_5_1164953_841,0x6e4784,162,FUN_1806e4784,,,3cd6d97e6890a0fb3d9a5515efdd68afcc9bffffb82a544378222514480cd156,undefined FUN_1806e4784(),ghidra,clean,
WHGame.dll,release_1_5_1164953_841,0x6e481c,1419,FUN_1806e481c,,,27e29e0f9f9e73a6e1f7619f74edfea872eb4daa92f0cab037e9c9904b359b85,undefined FUN_1806e481c(),ghidra,clean,
WHGame.dll,release_1_5_1164953_841,0x6e4da8,334,FUN_1806e4da8,,,afaaa1f491505eef95b36d9619c02500a81c7840ac9c97301518bb03d69be17a,undefined FUN_1806e4da8(),ghidra,clean,
WHGame.dll,release_1_5_1164953_841,0x6e4ef8,260,FUN_1806e4ef8,,,6bd0d67b7086257a0ccb6d3eecfca66cb1681995f9406eb03b16c9a16fbc2cc3,undefined FUN_1806e4ef8(),ghidra,clean,
WHGame.dll,release_1_5_1164953_841,0x6e4ffc,270,FUN_1806e4ffc,,,b1c0d11cd7cf1b039c728b3881beae2275cafd58c7e48ba2244e1ae81637affe,undefined FUN_1806e4ffc(),ghidra,clean,
WHGame.dll,release_1_5_1164953_841,0x6e510c,26,FUN_1806e510c,,,8e38afa1dae57be59d1f606ae6e54f08bc282a129a55652605b76b63a82b8a5b,undefined FUN_1806e510c(),ghidra,clean,
WHGame.dll,release_1_5_1164953_841,0x6e5128,147,FUN_1806e5128,,,4a329b21b5fd1b4ea14ec7f82137537c01b81627bf7ff3a139ae7c654c724386,undefined FUN_1806e5128(),ghidra,clean,
WHGame.dll,release_1_5_1164953_841,0x6e51bc,166,FUN_1806e51bc,,,3f9e12d35f99de2e8dc0360f5321eb057d11c0d0d63b73427dc3ea6415b69a29,undefined FUN_1806e51bc(),ghidra,clean,
WHGame.dll,release_1_5_1164953_841,0x6e5244,68,FUN_1806e5244,,,79530554f2693a582e14a96b2317604212fa31df99d19a53fa0b41da5dee6b1a,undefined FUN_1806e5244(),ghidra,clean,
WHGame.dll,release_1_5_1164953_841,0x6e5288,3598,FUN_1806e5288,,,ce2576564cd5f83504fe80624a4a01b710888776401bf183688f6dc4823c2309,undefined FUN_1806e5288(),ghidra,clean,
WHGame.dll,release_1_5_1164953_841,0x6e6098,109,FUN_1806e6098,,,27761c48ba6ac41114615dbd975d448fab24ca9d0b421f1d203f1feb7461bb35,undefined FUN_1806e6098(),ghidra,clean,
WHGame.dll,release_1_5_1164953_841,0x6e6108,43,FUN_1806e6108,,,d6c57959c1022aa0915d97a7e89f98a50cecb25972a31c7857cbc76309de964d,undefined FUN_1806e6108(),ghidra,clean,
WHGame.dll,release_1_5_1164953_841,0x6e6134,162,FUN_1806e6134,,,02b6530e63559aecbb070a20ef4f7dfc1aa929ed5516d3ad8ccae5de08d897f5,undefined FUN_1806e6134(),ghidra,clean,
WHGame.dll,release_1_5_1164953_841,0x6e61cc,43,FUN_1806e61cc,,,5a99948a6052f41b4f53b5e818706d5b5d53753d29d220466eb3742b66fe2bb2,undefined FUN_1806e61cc(),ghidra,clean,
WHGame.dll,release_1_5_1164953_841,0x6e61f8,162,FUN_1806e61f8,,,7960559499ed37259e8ed9a597cf4d0a6b5cb29b581fe9a397002900f20ba04b,undefined FUN_1806e61f8(),ghidra,clean,
WHGame.dll,release_1_5_1164953_841,0x6e6290,43,FUN_1806e6290,,,e5c86334d0c92b6f1742b6b85b19e3bf48a7648e289339c6a481b3acfb210b1a,undefined FUN_1806e6290(),ghidra,clean,
WHGame.dll,release_1_5_1164953_841,0x6e62bc,162,FUN_1806e62bc,,,13a4b50b8c8a2f8a79567d7e96d118a3f1869c7aee1c0734a379d87eaf1f5955,undefined FUN_1806e62bc(),ghidra,clean,
WHGame.dll,release_1_5_1164953_841,0x6e6354,264,FUN_1806e6354,,,d2be35b48e0d48b33321086324bff6dbcc3efc209163913a24aeca709f2dfc43,undefined FUN_1806e6354(),ghidra,clean,
WHGame.dll,release_1_5_1164953_841,0x6e645c,521,FUN_1806e645c,,,bf6ccb08bf76acdbfabccfe8fce110bf5851502b4f998fbdcbd2ff77443e0f73,undefined FUN_1806e645c(),ghidra,clean,
WHGame.dll,release_1_5_1164953_841,0x6e6577,7,FUN_1806e6577,,,ec4cfc7dba6fe38c4cb93c1bc9071a17b4b3827a0669f6a3b749fe7e14a8362c,undefined FUN_1806e6577(),ghidra,clean,
WHGame.dll,release_1_5_1164953_841,0x6e6580,82,FUN_1806e6580,,,f708088064f28d3f593e152787d903d1635d31049e4f66e0e50e2a05fc5ceabb,undefined FUN_1806e6580(),ghidra,clean,
WHGame.dll,release_1_5_1164953_841,0x6e65d4,76,FUN_1806e65d4,,,2f5e5f4b2e81af9be0e5760574bb8583dfd9214d2054ed72ffef09acd6615ac1,undefined FUN_1806e65d4(),ghidra,clean,
WHGame.dll,release_1_5_1164953_841,0x6e6620,35,FUN_1806e6620,,,9eaed25f1da7ca7cd1f5fe3ed046498f4eb3febff7d9cc4b175c4a7f2556db05,undefined FUN_1806e6620(),ghidra,clean,
WHGame.dll,release_1_5_1164953_841,0x6e6644,54,FUN_1806e6644,,,eb87c19d6008a35d328f365ade4222d9a9097283862ed3c02cfbbfd19b591d2d,undefined FUN_1806e6644(),ghidra,clean,
WHGame.dll,release_1_5_1164953_841,0x6e667c,123,FUN_1806e667c,,,e148b33b4dc5caca825b4c2e1e46668a90aae8f9319ecaba755ee98c7ba2248a,undefined FUN_1806e667c(),ghidra,clean,
WHGame.dll,release_1_5_1164953_841,0x6e66f8,475,FUN_1806e66f8,,,5084a503ed5250c2eccb03d4efbb42988fd218dc43fbe1f37611da38dbc05dbc,undefined FUN_1806e66f8(),ghidra,clean,
WHGame.dll,release_1_5_1164953_841,0x6e67a4,155,FUN_1806e67a4,,,c8095a615334469d2502cba01f8088692522961895cdc8fc425e0a2403c5cf8e,undefined FUN_1806e67a4(),ghidra,clean,
WHGame.dll,release_1_5_1164953_841,0x6e6840,62,FUN_1806e6840,,,46cae301d20b498466439366886dca2e5c52a112888f6651c57af1082fad2cdf,undefined FUN_1806e6840(),ghidra,clean,
WHGame.dll,release_1_5_1164953_841,0x6e6880,5824,FUN_1806e6880,,,383661d1cfe01c01b3540bf5b07414b0f0073d45fc57f64ca4c48d3ce05e2159,undefined FUN_1806e6880(),ghidra,clean,
WHGame.dll,release_1_5_1164953_841,0x6e7f40,567,FUN_1806e7f40,,,ccc005cb87810888824ff7c5aedd2bc9fb892dc7ee30327c3778b60780e841af,undefined FUN_1806e7f40(),ghidra,clean,
WHGame.dll,release_1_5_1164953_841,0x6e8074,133,FUN_1806e8074,,,7caf81a11c1e581a93033ce657748b43ad14cf9b86f296863a3603076b523d13,undefined FUN_1806e8074(),ghidra,clean,
WHGame.dll,release_1_5_1164953_841,0x6e80fc,44,FUN_1806e80fc,,,8973731db3053a4c0b3baa7105c4b1f609e725e81cec271d81c31682cbfe99be,undefined FUN_1806e80fc(),ghidra,clean,
WHGame.dll,release_1_5_1164953_841,0x6e8128,599,FUN_1806e8128,,,f121d0252586e54a8130748a13fcbcc24d49904a7b09a5107b556b75fdf2c81c,undefined FUN_1806e8128(),ghidra,clean,
WHGame.dll,release_1_5_1164953_841,0x6e8380,137,FUN_1806e8380,,,b14c3bb8076c753e0056ce42603f7cacef61d02bdfcedd772e178630562fc988,undefined FUN_1806e8380(),ghidra,clean,
WHGame.dll,release_1_5_1164953_841,0x6e840c,148,FUN_1806e840c,,,9dc0c332860cf11bf067aec871a5473d8186d0030be6780f93741772347462bb,undefined FUN_1806e840c(),ghidra,clean,
WHGame.dll,release_1_5_1164953_841,0x6e84a0,245,FUN_1806e84a0,,,0d4db550ec399fdbd946e398724645eb8d77589d37a95f040cececfdce7cf03d,undefined FUN_1806e84a0(),ghidra,clean,
WHGame.dll,release_1_5_1164953_841,0x6e8598,251,FUN_1806e8598,,,13facf0a2797c2af684f76a0e4f3385c85f93f39c4c47480d468f8eb6be99da2,undefined FUN_1806e8598(),ghidra,clean,
WHGame.dll,release_1_5_1164953_841,0x6e8694,157,FUN_1806e8694,,,99a0f28c552c99bffa09591301efd3e64b88042ebeedec6ba5af94bcce75e637,undefined FUN_1806e8694(),ghidra,clean,
WHGame.dll,release_1_5_1164953_841,0x6e8734,87,FUN_1806e8734,,,07374b42b8d90c1975d311d2b58bea52dc45b58136925a3ceae760c0d9408b66,undefined FUN_1806e8734(),ghidra,clean,
WHGame.dll,release_1_5_1164953_841,0x6e8780,352,FUN_1806e8780,,,b9185288351d456f16caf2a22dcc4296fe1878d31089195eb58f3b6e5462362f,undefined FUN_1806e8780(),ghidra,clean,
WHGame.dll,release_1_5_1164953_841,0x6e88e4,98,FUN_1806e88e4,,,e113965da9d4f62a6eb1a51ca11c6b2dcaeef3ed99ea18e547decb765904d203,undefined FUN_1806e88e4(),ghidra,clean,
WHGame.dll,release_1_5_1164953_841,0x6e8938,48,FUN_1806e8938,,,96a3d44b501237247f77bcc70b29d665872eedc30e0518294acf435e8f447048,undefined FUN_1806e8938(),ghidra,clean,
WHGame.dll,release_1_5_1164953_841,0x6e8968,85,FUN_1806e8968,,,9249e18289a9e861b4b611fc4ca8cde6d177bc09d6348bfe7d61c1f5cff170e2,undefined FUN_1806e8968(),ghidra,clean,
WHGame.dll,release_1_5_1164953_841,0x6e89c0,148,FUN_1806e89c0,,,3609557059dbf2aff6bacf076a9cc1904d6eac703996b8a8ee3deef8ab2d04c0,undefined FUN_1806e89c0(),ghidra,clean,
WHGame.dll,release_1_5_1164953_841,0x6e8a54,510,FUN_1806e8a54,,,ca2220e3a9e04cf14642d75d5c3edadab9b469ccba36d1ba0bd3443d85ee4c9d,undefined FUN_1806e8a54(),ghidra,clean,
WHGame.dll,release_1_5_1164953_841,0x6e8b34,155,FUN_1806e8b34,,,94d619450f3268b71aa5eacd9ac68597c13015dc283d61daa5ae6deb9c63a8e1,undefined FUN_1806e8b34(),ghidra,clean,
WHGame.dll,release_1_5_1164953_841,0x6e8bd0,243,FUN_1806e8bd0,,,3670a949293f4534bc09dcec400464a4d6d63ea1d819fad48888aa517b07120b,undefined FUN_1806e8bd0(),ghidra,clean,
WHGame.dll,release_1_5_1164953_841,0x6e8cc4,137,FUN_1806e8cc4,,,ef8175f9bec6cd3e76cfddfc7a3b62600ecee9ff657954ba43135b9adca779c0,undefined FUN_1806e8cc4(),ghidra,clean,
WHGame.dll,release_1_5_1164953_841,0x6e8d50,78,FUN_1806e8d50,,,10d7f3d084bbc29214c5cd7adf56f32ab8225aefb089f88928230da4e0482c60,undefined FUN_1806e8d50(),ghidra,clean,
WHGame.dll,release_1_5_1164953_841,0x6e8da0,104,FUN_1806e8da0,,,df1f180972f9ee20d9ee9b88ca242fd49ec75111fe7a049bfb1c2b2bd7dd8ec4,undefined FUN_1806e8da0(),ghidra,clean,
WHGame.dll,release_1_5_1164953_841,0x6e8e08,56,FUN_1806e8e08,,,158522a96719f64514c3c7bfdc66dfa7bb0b1ad971cfd073980abfa4d2be9e0c,undefined FUN_1806e8e08(),ghidra,clean,
WHGame.dll,release_1_5_1164953_841,0x6e8e40,182,FUN_1806e8e40,,,6a9d300033d30ec56b5d4963f63b61f4487768287ea71f01ca6075dde827bfcb,undefined FUN_1806e8e40(),ghidra,clean,
WHGame.dll,release_1_5_1164953_841,0x6e8ef8,156,FUN_1806e8ef8,,,f79e365df711d4d2c59f033c406d2bb341d0b51ac708c42c1fdb16bff61c1572,undefined FUN_1806e8ef8(),ghidra,clean,
WHGame.dll,release_1_5_1164953_841,0x6e8f94,856,FUN_1806e8f94,,,46db1994b7d6040f2695241189604cb338570ebfc96177f57fce71a619b6fb38,undefined FUN_1806e8f94(),ghidra,clean,
WHGame.dll,release_1_5_1164953_841,0x6e90f4,8,FUN_1806e90f4,,,efdee0ad0112474e2cc51e20951d8571121097eaff056503e7d626280bd15649,undefined FUN_1806e90f4(),ghidra,clean,
WHGame.dll,release_1_5_1164953_841,0x6e91d0,155,FUN_1806e91d0,,,97f79151e63347b8f9ad5cfc9d6b3bfd91f2bbc08cbab16229e2ac4924324a3b,undefined FUN_1806e91d0(),ghidra,clean,
WHGame.dll,release_1_5_1164953_841,0x6e926c,48,FUN_1806e926c,,,0f8fbba6c91d2cdf7bbb9bd3bea39e46995168dc33a898a541e6593d578f28e5,undefined FUN_1806e926c(),ghidra,clean,
WHGame.dll,release_1_5_1164953_841,0x6e929c,299,FUN_1806e929c,,,f0c3d38cafed306e7b3db2ee9e3e44a1f106bc535fdc4665ea76d3480fc136e7,undefined FUN_1806e929c(),ghidra,clean,
WHGame.dll,release_1_5_1164953_841,0x6e92fc,263,FUN_1806e92fc,,,1983107fcc84f87af26f0196a8d69edccf17dbc3e902f9a36dc18df0102f9dd5,undefined FUN_1806e92fc(),ghidra,clean,
WHGame.dll,release_1_5_1164953_841,0x6e9404,511,FUN_1806e9404,,,97c35dfb572c6a256b67129cde0804e765ffe9337ccafea113ebaf1793188f27,undefined FUN_1806e9404(),ghidra,clean,
WHGame.dll,release_1_5_1164953_841,0x6e9604,170,FUN_1806e9604,,,96b7d47858ce4bb925dc4c7816db1b31da2155e91b6959babe482c04eed5baea,undefined FUN_1806e9604(),ghidra,clean,
WHGame.dll,release_1_5_1164953_841,0x6e968c,356,FUN_1806e968c,,,0b98af5c81557ae0a703897802f9e7e394534daf8c43094634ba1a8bb5f33409,undefined FUN_1806e968c(),ghidra,clean,
WHGame.dll,release_1_5_1164953_841,0x6e97f0,91,FUN_1806e97f0,,,d734fd6e304cac7144bdbb7723ef4cf5dfc87aa17151cfde309b4aa4ad0f1ad8,undefined FUN_1806e97f0(),ghidra,clean,
WHGame.dll,release_1_5_1164953_841,0x6e9840,27,FUN_1806e9840,,,986b33265a78d434a13b134bcf71c1400f23a37f50f0e81045b23d8f2c9ffcee,undefined FUN_1806e9840(),ghidra,clean,
WHGame.dll,release_1_5_1164953_841,0x6e985c,1011,FUN_1806e985c,,,d30b60808c1b91adb6223190f8997b801f02e3e6cebdfe13383704a0a07aba15,undefined FUN_1806e985c(),ghidra,clean,
WHGame.dll,release_1_5_1164953_841,0x6e991c,52,FUN_1806e991c,,,9c1411e175380e0cb4d7735b155dbc4f51baf520a2bef4ed2c55e43379afdb33,undefined FUN_1806e991c(),ghidra,clean,
WHGame.dll,release_1_5_1164953_841,0x6e9950,53,FUN_1806e9950,,,0f6d4143aef603eab6d9c15cc8bffcfdabfc16ce0b79c10c32638863755bfb5f,undefined FUN_1806e9950(),ghidra,clean,
WHGame.dll,release_1_5_1164953_841,0x6e9988,121,FUN_1806e9988,,,09d15cf451c562dadca76ddbcf11f6dde48826df3cc921f244a67c664889861f,undefined FUN_1806e9988(),ghidra,clean,
WHGame.dll,release_1_5_1164953_841,0x6e9a04,85,FUN_1806e9a04,,,2e1d400efb71e68783f269d44e24136a96b92b5d79a22289e685e348186f643b,undefined FUN_1806e9a04(),ghidra,clean,
WHGame.dll,release_1_5_1164953_841,0x6e9a5c,137,FUN_1806e9a5c,,,0e0680580f8a7e4e8f7937ab1afd7a1f6c5c7eb3f10008d530afbc57d6327554,undefined FUN_1806e9a5c(),ghidra,clean,
WHGame.dll,release_1_5_1164953_841,0x6e9ae8,567,FUN_1806e9ae8,,,60528a52f3e4944865f5819e1473f4c81be33378b45216a8c25ee1bb5aa61a74,undefined FUN_1806e9ae8(),ghidra,clean,
WHGame.dll,release_1_5_1164953_841,0x6e9c1c,133,FUN_1806e9c1c,,,1a32a0937333acc94db87bdb1e86be5e7f6add2faa66ee153cf7013c40331e91,undefined FUN_1806e9c1c(),ghidra,clean,
WHGame.dll,release_1_5_1164953_841,0x6e9ca4,857,FUN_1806e9ca4,,,1d2e51ad3dadd714ec925e9e3d764a42c8be17d05c227e246c3725f3be5c46e2,undefined FUN_1806e9ca4(),ghidra,clean,
WHGame.dll,release_1_5_1164953_841,0x6e9e15,8,FUN_1806e9e15,,,257c9f7967b3a68165f13df4874a7910d21f16778f0c009d40d765013fa576f0,undefined FUN_1806e9e15(),ghidra,clean,
WHGame.dll,release_1_5_1164953_841,0x6e9ed0,155,FUN_1806e9ed0,,,5b3832dc4cf9b40d54457c2a7bf65e721ef40c60dd2a6317eb25b47f8066d3d2,undefined FUN_1806e9ed0(),ghidra,clean,
WHGame.dll,release_1_5_1164953_841,0x6e9f6c,416,FUN_1806e9f6c,,,48506b158f69e9d6da310bacfe85bc082726f9b4a4afa7866440b462165b3c74,undefined FUN_1806e9f6c(),ghidra,clean,
WHGame.dll,release_1_5_1164953_841,0x6ea080,39,FUN_1806ea080,,,55554e528032b320dab5a113c3646f05a9695f877e6d8d166cc66184a7a27f81,undefined FUN_1806ea080(),ghidra,clean,
WHGame.dll,release_1_5_1164953_841,0x6ea0a8,39,FUN_1806ea0a8,,,0983880891a4b40e8c8520db6dbed926d6bcc8c26edc4bac793694113740bc40,undefined FUN_1806ea0a8(),ghidra,clean,
WHGame.dll,release_1_5_1164953_841,0x6ea0d0,48,FUN_1806ea0d0,,,7011cf4f161ebb28508713b5582a1d25e6bbe6f47214715247a4f53d4ddc5d29,undefined FUN_1806ea0d0(),ghidra,clean,
WHGame.dll,release_1_5_1164953_841,0x6ea100,39,FUN_1806ea100,,,a036d800ddc0c43a575ea1be9288f57d5548bf45a574226641dbe74361b768f4,undefined FUN_1806ea100(),ghidra,clean,
WHGame.dll,release_1_5_1164953_841,0x6ea128,39,FUN_1806ea128,,,1c59ff3a7ed7401b2b198870884c06b731b60b25c87ce7497fe2fb1296407170,undefined FUN_1806ea128(),ghidra,clean,
WHGame.dll,release_1_5_1164953_841,0x6ea150,85,FUN_1806ea150,,,6bab23990fa609de0c4ee92658845b0741de637ba8dcc0c74152d43ba4cb0cee,undefined FUN_1806ea150(),ghidra,clean,
WHGame.dll,release_1_5_1164953_841,0x6ea1a8,73,FUN_1806ea1a8,,,40564310e78672dd6804f4451f8460e1d3c3a93d87606b481e1db72d6ca74c70,undefined FUN_1806ea1a8(),ghidra,clean,
WHGame.dll,release_1_5_1164953_841,0x6ea1f4,183,FUN_1806ea1f4,,,780daebe18f312a6e6d3aaa3613bf680ba188543e3ccf304a08dce5cfda8fc2b,undefined FUN_1806ea1f4(),ghidra,clean,
WHGame.dll,release_1_5_1164953_841,0x6ea2ac,376,FUN_1806ea2ac,,,89d3193b97231d7cdf4c910abb84203934a0fab80fa4a05f8f9572f4370b6c6a,undefined FUN_1806ea2ac(),ghidra,clean,
WHGame.dll,release_1_5_1164953_841,0x6ea424,187,FUN_1806ea424,,,2a95b2f243fa2f4cde861f80ebb1b289570a48f5fa69ab4192c12b0cb00e6e4e,undefined FUN_1806ea424(),ghidra,clean,
WHGame.dll,release_1_5_1164953_841,0x6ea4e0,212,FUN_1806ea4e0,,,a381a7f4fb1a0a9e69e029a392f94cd74e4709314a024ba894fc47640cbd0db6,undefined FUN_1806ea4e0(),ghidra,clean,
WHGame.dll,release_1_5_1164953_841,0x6ea5a8,126,FUN_1806ea5a8,,,159ceedeff42cc2d23800ba01ba4de28ac8eb69491ad8be82a47cf226118fce7,undefined FUN_1806ea5a8(),ghidra,clean,
WHGame.dll,release_1_5_1164953_841,0x6ea618,134,FUN_1806ea618,,,9cfdf4fb089080ef2f8919f893efb5041d5cbed8aa67dcb9b307bdb271d7009e,undefined FUN_1806ea618(),ghidra,clean,
WHGame.dll,release_1_5_1164953_841,0x6ea6a0,123,FUN_1806ea6a0,,,7e4d397434d048296a2b2877e05527ac50dac02bbc941a497c83077459562be5,undefined FUN_1806ea6a0(),ghidra,clean,
WHGame.dll,release_1_5_1164953_841,0x6ea71c,104,FUN_1806ea71c,,,0f538804950e35a7e77dd15c1aac55a6c5fdcbc5e196fd2e5b2e04a1de1d230a,undefined FUN_1806ea71c(),ghidra,clean,
WHGame.dll,release_1_5_1164953_841,0x6ea784,315,FUN_1806ea784,,,7414b6200dc6acdb228de235e84be4efe3fd8abf7bb978296d0f05eb48d8908f,undefined FUN_1806ea784(),ghidra,clean,
WHGame.dll,release_1_5_1164953_841,0x6ea8b0,370,FUN_1806ea8b0,,,5b46bc191898715985d4d812fdbee2dee6c67b46935958f7dd88b87f2e19a76e,undefined FUN_1806ea8b0(),ghidra,clean,
WHGame.dll,release_1_5_1164953_841,0x6eaa24,373,FUN_1806eaa24,,,721e566c7a6d2fccafb1dd2efc99eebb09b3c18268dc3bac9f6294b6b955c6ad,undefined FUN_1806eaa24(),ghidra,clean,
WHGame.dll,release_1_5_1164953_841,0x6eab9c,179,FUN_1806eab9c,,,bd70675183be79bcbb2bc4dd5e23170c812aee9b826cea233a7febd572413d1c,undefined FUN_1806eab9c(),ghidra,clean,
WHGame.dll,release_1_5_1164953_841,0x6eac50,161,FUN_1806eac50,,,4e3323a8e062309ade8960b713cf57fab4038b95e91f01ac6c31812033be5cb2,undefined FUN_1806eac50(),ghidra,clean,
WHGame.dll,release_1_5_1164953_841,0x6eacf4,370,FUN_1806eacf4,,,41d655faff613aabec79804b72b54c9e7b4eaf40902064bc1494382083155881,undefined FUN_1806eacf4(),ghidra,clean,
WHGame.dll,release_1_5_1164953_841,0x6eae68,106,FUN_1806eae68,,,33ed0455db65bcc4db4924ce5acfb6f41361e43ca6b65a7e482b3d13afe5f287,undefined FUN_1806eae68(),ghidra,clean,
WHGame.dll,release_1_5_1164953_841,0x6eaed4,24,FUN_1806eaed4,,,a88b0fc4901b6368aaa8d6e0768f35f7097216bd9273ae5e0040ef1a2542aeff,undefined FUN_1806eaed4(),ghidra,clean,
WHGame.dll,release_1_5_1164953_841,0x6eaeec,373,FUN_1806eaeec,,,3e947697c26cf43a4122f31b1e2f93a6f2f213009e4794c309b525f6a57cc726,undefined FUN_1806eaeec(),ghidra,clean,
WHGame.dll,release_1_5_1164953_841,0x6eb064,366,FUN_1806eb064,,,1d3d730748b0a1e1136551a2dc58b3d8487931d0b8cb86456f88dbd071b251e0,undefined FUN_1806eb064(),ghidra,clean,
WHGame.dll,release_1_5_1164953_841,0x6eb1d4,117,FUN_1806eb1d4,,,57dc562b417e070c180c3eefa38ac3f14d99f9d04fee406a7c90ffbda2006901,undefined FUN_1806eb1d4(),ghidra,clean,
WHGame.dll,release_1_5_1164953_841,0x6eb24c,170,FUN_1806eb24c,,,58f152c6af03dd51964e879af942022e0a69ad96a52770937238fe7956921a08,undefined FUN_1806eb24c(),ghidra,clean,
WHGame.dll,release_1_5_1164953_841,0x6eb2f8,130,FUN_1806eb2f8,,,22f176db06c45fe1169de212507c6bf5d58ec81fca0fbf2a032ce99c2671eb57,undefined FUN_1806eb2f8(),ghidra,clean,
WHGame.dll,release_1_5_1164953_841,0x6eb37c,141,FUN_1806eb37c,,,4f3b09b4a3c4e47a281e2511e4bc1042aeebd8c9ae56229741e05f6a53f6de1c,undefined FUN_1806eb37c(),ghidra,clean,
WHGame.dll,release_1_5_1164953_841,0x6eb40c,65,FUN_1806eb40c,,,11c864db2bb7c3403058c60c457b0ab7d5c1ff3f1accebdbbf2093c46f7ce2c0,undefined FUN_1806eb40c(),ghidra,clean,
WHGame.dll,release_1_5_1164953_841,0x6eb450,279,FUN_1806eb450,,,380fd15b84abce579e9e5d213b1bacc60935e5fef36e5a7f9fecb73c5fc523f9,undefined FUN_1806eb450(),ghidra,clean,
WHGame.dll,release_1_5_1164953_841,0x6eb568,52,FUN_1806eb568,,,afedba3a67a1eeea1761d29c88885098aad11c9136fd345265215bd72be8c627,undefined FUN_1806eb568(),ghidra,clean,
WHGame.dll,release_1_5_1164953_841,0x6eb59c,155,FUN_1806eb59c,,,9b79ec044e778ae8bdaa2ad87164601b508ae1a3971311bd39fab3988af7a5d8,undefined FUN_1806eb59c(),ghidra,clean,
WHGame.dll,release_1_5_1164953_841,0x6eb638,170,FUN_1806eb638,,,35d286033a93619b79b6ad0017ecdbdf4a3f541aed76dc6c7a446a9b13842515,undefined FUN_1806eb638(),ghidra,clean,
WHGame.dll,release_1_5_1164953_841,0x6eb6e4,52,FUN_1806eb6e4,,,b205f0c1b5a5f36a23bf84e7ebd3d8d196246308d9731a75f7153b157bb97c5e,undefined FUN_1806eb6e4(),ghidra,clean,
WHGame.dll,release_1_5_1164953_841,0x6eb718,52,FUN_1806eb718,,,6d5ba1d8241ef5dd73b139056ea61ca5dcde9bda5e7a5d2a9a197e15612dbc7b,undefined FUN_1806eb718(),ghidra,clean,
WHGame.dll,release_1_5_1164953_841,0x6eb74c,66,FUN_1806eb74c,,,9a1cd3e4741435d0ca43680611fa3c0acb73cce03ea4218163bb06fa44220c75,undefined FUN_1806eb74c(),ghidra,clean,
WHGame.dll,release_1_5_1164953_841,0x6eb790,314,FUN_1806eb790,,,753c8e3c0d55f70c215a6ae288bde4ebc96408e2b8f5e0a48a6385dd251f7cd1,undefined FUN_1806eb790(),ghidra,clean,
WHGame.dll,release_1_5_1164953_841,0x6eb8cc,155,FUN_1806eb8cc,,,5e2cb7821447adb3331220d05cfd53599f49a1e49a80cd4137a60213afd08952,undefined FUN_1806eb8cc(),ghidra,clean,
WHGame.dll,release_1_5_1164953_841,0x6eb968,30,FUN_1806eb968,,,4bfc8cf9fdcb28974aebd4f05b119a6fac37cfaa0548fc321d1234f8c98874d7,undefined FUN_1806eb968(),ghidra,clean,
WHGame.dll,release_1_5_1164953_841,0x6eb988,155,FUN_1806eb988,,,97f54113fdabcdc35754c4d522e4716d3ab0f3fbfe517223d683993762383a01,undefined FUN_1806eb988(),ghidra,clean,
WHGame.dll,release_1_5_1164953_841,0x6eba24,210,FUN_1806eba24,,,402446772ba6029ccd54c7d1263236f1a50ba099c85b07b8999419939638cc8a,undefined FUN_1806eba24(),ghidra,clean,
WHGame.dll,release_1_5_1164953_841,0x6ebaf8,210,FUN_1806ebaf8,,,36c2c0b11e4299c3f259c6b93f559f03bf0d05c422aa7a9d30a56e213193c11b,undefined FUN_1806ebaf8(),ghidra,clean,
WHGame.dll,release_1_5_1164953_841,0x6ebbcc,136,FUN_1806ebbcc,,,0c6889c22a3f3bf00d63c80ffe1ce06963bdcaad2f6107ace92516c0ccb75a44,undefined FUN_1806ebbcc(),ghidra,clean,
WHGame.dll,release_1_5_1164953_841,0x6ebc54,50,FUN_1806ebc54,,,d0ec1eb8716bb1afad39a3f4c86f411c27bbf32080c0add651d80c36780c675d,undefined FUN_1806ebc54(),ghidra,clean,
WHGame.dll,release_1_5_1164953_841,0x6ebc88,64,FUN_1806ebc88,,,c64ccd74ed0f8b19db3a86a9405b8566953137f815919aa7f335d7c2292a074a,undefined FUN_1806ebc88(),ghidra,clean,
WHGame.dll,release_1_5_1164953_841,0x6ebcc8,435,FUN_1806ebcc8,,,5bc57018be8045c714de3c8669a47234b4ce6100bc86b02540e09327217eef89,undefined FUN_1806ebcc8(),ghidra,clean,
WHGame.dll,release_1_5_1164953_841,0x6ebdec,155,FUN_1806ebdec,,,841a91a6853bd5a26d1921bdd0ad422202be56f6305f137cfbd723f8765c3724,undefined FUN_1806ebdec(),ghidra,clean,
WHGame.dll,release_1_5_1164953_841,0x6ebe88,39,FUN_1806ebe88,,,3bb83bec120af028849d41eb583dd3fc7cb1287ce67e39c5f7c8c17315f1851f,undefined FUN_1806ebe88(),ghidra,clean,
WHGame.dll,release_1_5_1164953_841,0x6ebeb0,39,FUN_1806ebeb0,,,9af8886d06559a8580e702ce7c451bb416c55a4847e55ad827d84b2491fcb916,undefined FUN_1806ebeb0(),ghidra,clean,
WHGame.dll,release_1_5_1164953_841,0x6ebed8,69,FUN_1806ebed8,,,22b08c4a91cef0ad28c712bf3d7fefef0faa35e5013f8b0d31daa7dcbce21382,undefined FUN_1806ebed8(),ghidra,clean,
WHGame.dll,release_1_5_1164953_841,0x6ebf20,17,FUN_1806ebf20,,,5f4968ed76f851803f4192a6ac9ad1e9672bf91a764f5f6cf35fb1fc0d298bc0,undefined FUN_1806ebf20(),ghidra,clean,
WHGame.dll,release_1_5_1164953_841,0x6ebf34,569,FUN_1806ebf34,,,3e91103ddb7e6575a4d1c0b6af6a3ad855df7790b3d3cec7ab5459417d164e06,undefined FUN_1806ebf34(),ghidra,clean,
WHGame.dll,release_1_5_1164953_841,0x6ec170,132,FUN_1806ec170,,,6abdf3cc2a05d76c4a2f64aa2803a68627f47fb4a82a16221cd0876bc9c6ac9e,undefined FUN_1806ec170(),ghidra,clean,
WHGame.dll,release_1_5_1164953_841,0x6ec1f4,296,FUN_1806ec1f4,,,28584a0196c71b88fe96befcf8e8af01dd22a1ad61ec0b53f8cad616509720d0,undefined FUN_1806ec1f4(),ghidra,clean,
WHGame.dll,release_1_5_1164953_841,0x6ec31c,89,FUN_1806ec31c,,,ef8e385c20076006bdf3cb9aab2887fd5a8cf5a58042e34441545a76ad18a89b,undefined FUN_1806ec31c(),ghidra,clean,
WHGame.dll,release_1_5_1164953_841,0x6ec378,139,FUN_1806ec378,,,c371c1acfdd02ba6e1bce8cc8194e2352ee50cb890a83a6126d7a072b66c4a83,undefined FUN_1806ec378(),ghidra,clean,
WHGame.dll,release_1_5_1164953_841,0x6ec404,382,FUN_1806ec404,,,030ab29c9fb0ef742d828324b043869ded402a5eebf14b002bc81beffe42182c,undefined FUN_1806ec404(),ghidra,clean,
WHGame.dll,release_1_5_1164953_841,0x6ec544,66,FUN_1806ec544,,,cc78642302e48d9a54b778cdb08b3944cd947fc45ca7cc3ca3c730b71a09e947,undefined FUN_1806ec544(),ghidra,clean,
WHGame.dll,release_1_5_1164953_841,0x6ec588,484,FUN_1806ec588,,,02e7d1d93e68bfd7cac94caba99b592ab128cb9c5a7b37b11954f6df5d1bc5c2,undefined FUN_1806ec588(),ghidra,clean,
WHGame.dll,release_1_5_1164953_841,0x6ec76c,255,FUN_1806ec76c,,,365606ec54d61c592e16d85a3ab87264db89e559ef97fe2b89a797ed4eabe4b2,undefined FUN_1806ec76c(),ghidra,clean,
WHGame.dll,release_1_5_1164953_841,0x6ec86c,29,FUN_1806ec86c,,,376ea3bf67b208372491eb2d26ae43cc8c11e9c5a80a2fc9d65e77724490cb65,undefined FUN_1806ec86c(),ghidra,clean,
WHGame.dll,release_1_5_1164953_841,0x6ec88c,42,FUN_1806ec88c,,,e7120f1f4cf1dc925dcf5e039689434f2d19a0f924a972f6ab050ed7777ca231,undefined FUN_1806ec88c(),ghidra,clean,
WHGame.dll,release_1_5_1164953_841,0x6ec8b8,20,FUN_1806ec8b8,,,d61c5bc5383d3a17f0ee10e0cf69f3b0d098e7d7216e4ccb7e173b640a7cf1b3,undefined FUN_1806ec8b8(),ghidra,clean,
WHGame.dll,release_1_5_1164953_841,0x6ec8cc,29,FUN_1806ec8cc,,,239df3ebd5d4101168ebff81e3ea7a31d7ab6b70af46d9cef9c0dede7468778c,undefined FUN_1806ec8cc(),ghidra,clean,
WHGame.dll,release_1_5_1164953_841,0x6ec8ec,51,FUN_1806ec8ec,,,866d7e8ea2114a1fb3b91ca3c560f89f2029f0f6e16ea36c57addce3414904bb,undefined FUN_1806ec8ec(),ghidra,clean,
WHGame.dll,release_1_5_1164953_841,0x6ec920,126,FUN_1806ec920,,,0860ffe7dd62b693da0602dd95da38e815895e436db307d802de25434bbc560e,undefined FUN_1806ec920(),ghidra,clean,
WHGame.dll,release_1_5_1164953_841,0x6ec9a0,20,FUN_1806ec9a0,,,f7159feef2084d91c8468a7b79263f4412b8c3ce3f0b2585cb34b8d19cd59aed,undefined FUN_1806ec9a0(),ghidra,clean,
WHGame.dll,release_1_5_1164953_841,0x6ec9b4,446,FUN_1806ec9b4,,,d743f03adac7611f2c033ffdcc917b0896d58d8b5f4e063d624dfb23ef08ca20,undefined FUN_1806ec9b4(),ghidra,clean,
WHGame.dll,release_1_5_1164953_841,0x6ecb74,33,FUN_1806ecb74,,,5322368fba00fa4916b3b9f29a75c7998962ebd20598264daeed252a7fa05634,undefined FUN_1806ecb74(),ghidra,clean,
WHGame.dll,release_1_5_1164953_841,0x6ecb98,114,FUN_1806ecb98,,,edcd17047b78b407a669ceec9d1fe09403d3a9d1a9cb2c406d3a93fedf712c12,undefined FUN_1806ecb98(),ghidra,clean,
WHGame.dll,release_1_5_1164953_841,0x6ecc0c,418,FUN_1806ecc0c,,,3f326a5e5c0b5a4442a2cd4951d833401cd0f74c4a638a12aba5322b4c205c28,undefined FUN_1806ecc0c(),ghidra,clean,
WHGame.dll,release_1_5_1164953_841,0x6ecd10,150,FUN_1806ecd10,,,4ff39a4faab7785ba2513ec44c6aefa7024cb5ca379e2f2c3617f178565c8ae3,undefined FUN_1806ecd10(),ghidra,clean,
WHGame.dll,release_1_5_1164953_841,0x6ecd7c,479,FUN_1806ecd7c,,,63e996646a946016020d743dd0b5e1e8d23c966ca96c4203f0d9c2fe431c7e26,undefined FUN_1806ecd7c(),ghidra,clean,
WHGame.dll,release_1_5_1164953_841,0x6ecf5c,223,FUN_1806ecf5c,,,e351008a5b64fac2e6e8ad2f5157a909e16edc5a6ee6ea1047a0547473ee3cdc,undefined FUN_1806ecf5c(),ghidra,clean,
WHGame.dll,release_1_5_1164953_841,0x6ed058,51,FUN_1806ed058,,,23febc1f1bfdcbe0b160e8b1a1fa975557fe60a61cb2d3b7d63031ad148d8a2d,undefined FUN_1806ed058(),ghidra,clean,
WHGame.dll,release_1_5_1164953_841,0x6ed08c,146,FUN_1806ed08c,,,4ef7a93fac78de24858dc172e3a9fb558570ae25ccc6318b9ab36cfbc86306f8,undefined FUN_1806ed08c(),ghidra,clean,
WHGame.dll,release_1_5_1164953_841,0x6ed120,114,FUN_1806ed120,,,523f5b809fc01ce46e2fcbbfded250057aefa0c601861fef0ca0330927dd28c0,undefined FUN_1806ed120(),ghidra,clean,
WHGame.dll,release_1_5_1164953_841,0x6ed194,582,FUN_1806ed194,,,3500ea80656288c6b1e4c686607f155c0a4f609e1f2414d8cd98119c2ca636d6,undefined FUN_1806ed194(),ghidra,clean,
WHGame.dll,release_1_5_1164953_841,0x6ed3dc,315,FUN_1806ed3dc,,,e1feeed603d3eeaede3db7c50c5b18782a3049c8e382f66ffce5ae55034074dc,undefined FUN_1806ed3dc(),ghidra,clean,
WHGame.dll,release_1_5_1164953_841,0x6ed518,61,FUN_1806ed518,,,02eb9005e535994afbded781e35cb77d94d198cb402f87d041e651074520b059,undefined FUN_1806ed518(),ghidra,clean,
WHGame.dll,release_1_5_1164953_841,0x6ed558,188,FUN_1806ed558,,,0c9a753cf2db07873be562e474d70b62b6a115c598517ce16046f903c4bec502,undefined FUN_1806ed558(),ghidra,clean,
WHGame.dll,release_1_5_1164953_841,0x6ed614,208,FUN_1806ed614,,,947112c2359498947ded2a05dbcca10144cd2e04826fece8eeb5c9d0662937de,undefined FUN_1806ed614(),ghidra,clean,
WHGame.dll,release_1_5_1164953_841,0x6ed6d0,666,FUN_1806ed6d0,,,c5f4bd233ef8ac8b9deaf40cfa306029d31a5a6d1b80cb044a7b903f92a4e86d,undefined FUN_1806ed6d0(),ghidra,clean,
WHGame.dll,release_1_5_1164953_841,0x6ed7c8,101,FUN_1806ed7c8,,,9593e8b8c52ef442010e42a830a4d8592eea2542f7f54cd72731d8e475a84873,undefined FUN_1806ed7c8(),ghidra,clean,
WHGame.dll,release_1_5_1164953_841,0x6ed830,885,FUN_1806ed830,,,ed903b26101b41313b442f56cef24ceacabe041fc7ea9844a15535424751ba68,undefined FUN_1806ed830(),ghidra,clean,
WHGame.dll,release_1_5_1164953_841,0x6ed9b0,81,FUN_1806ed9b0,,,0a3388936da1db9f0710748ef9f7024a3d14b26fa67efb3d0af686d147652468,undefined FUN_1806ed9b0(),ghidra,clean,
WHGame.dll,release_1_5_1164953_841,0x6eda04,374,FUN_1806eda04,,,ce09efdcca58d955d7086569ca3c3a001891f293ec1b97ca663d480d477923ce,undefined FUN_1806eda04(),ghidra,clean,
WHGame.dll,release_1_5_1164953_841,0x6eda98,438,FUN_1806eda98,,,5a5e0fda259055a02bacbbe3f980cad1e472c765fe69b69831a54bcc7e3a3fb7,undefined FUN_1806eda98(),ghidra,clean,
WHGame.dll,release_1_5_1164953_841,0x6edba0,96,FUN_1806edba0,,,9b012d41c51157dd8717a0627252589da83e3b31c5b6ecdb9c9a7019bf807ab1,undefined FUN_1806edba0(),ghidra,clean,
WHGame.dll,release_1_5_1164953_841,0x6edbf4,218,FUN_1806edbf4,,,7ad5a7b5fefa4d7f9185c281d0a0fad19c3de6c60ad71e4bf4199bb279ee03ca,undefined FUN_1806edbf4(),ghidra,clean,
WHGame.dll,release_1_5_1164953_841,0x6edc40,89,FUN_1806edc40,,,5ba7e1a68996835e92f91a0c6984c136b820083cf5f0463d645fdaa791a73397,undefined FUN_1806edc40(),ghidra,clean,
WHGame.dll,release_1_5_1164953_841,0x6edc9c,476,FUN_1806edc9c,,,6d9f53ad924471e715045a06e4cf13504debd8434ab10be4440763728c8e006d,undefined FUN_1806edc9c(),ghidra,clean,
WHGame.dll,release_1_5_1164953_841,0x6ede78,359,FUN_1806ede78,,,8ca96f04013dfb1e3ee078d36160281ca6ed3f68e26c84c03aa6bef2a63684bd,undefined FUN_1806ede78(),ghidra,clean,
WHGame.dll,release_1_5_1164953_841,0x6edf64,93,FUN_1806edf64,,,0b0153c88a172cace355f3948d815eec15624e9ea736dd4f9f1015462e5da55c,undefined FUN_1806edf64(),ghidra,clean,
WHGame.dll,release_1_5_1164953_841,0x6edfc4,72,FUN_1806edfc4,,,0c6cb90906575f7eba7870837f772c53617e788ad36d44cd0e4e4674dde528c4,undefined FUN_1806edfc4(),ghidra,clean,
WHGame.dll,release_1_5_1164953_841,0x6edff8,97,FUN_1806edff8,,,5d04420ad11e32b053df70eae77a85ae3d96e0c72ee87b15a4139c7ee46a8b15,undefined FUN_1806edff8(),ghidra,clean,
WHGame.dll,release_1_5_1164953_841,0x6ee05c,105,FUN_1806ee05c,,,83eb0fcc357ecb067eb00e7dfb08a6c04e659b4414e30e6e6fe4a6778349a10e,undefined FUN_1806ee05c(),ghidra,clean,
WHGame.dll,release_1_5_1164953_841,0x6ee0c8,84,FUN_1806ee0c8,,,07f53b5cc78e8652d832b618a00c8265c3eb861a1005f8b9d9885ab3a918f672,undefined FUN_1806ee0c8(),ghidra,clean,
WHGame.dll,release_1_5_1164953_841,0x6ee11c,129,FUN_1806ee11c,,,e52cb3b71a7fbe6c1c9a6b73ca0e911dba15d57e872a05b6722f526134ebe0a9,undefined FUN_1806ee11c(),ghidra,clean,
WHGame.dll,release_1_5_1164953_841,0x6ee1a0,33,FUN_1806ee1a0,,,93981dfd28222c714e714b5c7f0fb5cf9f82cfeba05163a400d75dc57b34b356,undefined FUN_1806ee1a0(),ghidra,clean,
WHGame.dll,release_1_5_1164953_841,0x6ee1c4,479,FUN_1806ee1c4,,,e073d0cdec90f1595b170504b86c07c5cb9e1683a4151f165fe034d61317adfb,undefined FUN_1806ee1c4(),ghidra,clean,
WHGame.dll,release_1_5_1164953_841,0x6ee2dc,1053,FUN_1806ee2dc,,,d308dcf7a3b1317070243e0fb21f83bee2f9bc1582400743e1131624064ad4a3,undefined FUN_1806ee2dc(),ghidra,clean,
WHGame.dll,release_1_5_1164953_841,0x6ee408,17,FUN_1806ee408,,,c818129e6431494f7104986485a78a9fd95ebb55b7a4b4f9f14b7ec8b92aff09,undefined FUN_1806ee408(),ghidra,clean,
WHGame.dll,release_1_5_1164953_841,0x6ee5e8,1532,FUN_1806ee5e8,,,caccf8b0b0ec8e1eafe8b7dc8bf0bfbdeca3bfbb99c09859a34e9624e477b7f2,undefined FUN_1806ee5e8(),ghidra,clean,
WHGame.dll,release_1_5_1164953_841,0x6ee7dd,11,FUN_1806ee7dd,,,56b26481f32d87ee183cac874d13937083094aba3de02af1886c42f8cb88be4d,undefined FUN_1806ee7dd(),ghidra,clean,
WHGame.dll,release_1_5_1164953_841,0x6ee820,5,FUN_1806ee820,,,412fa3bf3600fe39dc81f6043e8b8468443a9ba9157d7dbba139fc12031b4182,undefined FUN_1806ee820(),ghidra,clean,
WHGame.dll,release_1_5_1164953_841,0x6ee828,162,FUN_1806ee828,,,52ce5c4a49004842a7b6e06e397980de426a8c280a39bd2c914003ffada95144,undefined FUN_1806ee828(),ghidra,clean,
WHGame.dll,release_1_5_1164953_841,0x6ee8b8,207,FUN_1806ee8b8,,,ae1948ea2b6e35b59a7af4661fa523b18f8f80814db597d8976dc266eb73208a,undefined FUN_1806ee8b8(),ghidra,clean,
WHGame.dll,release_1_5_1164953_841,0x6ee928,528,FUN_1806ee928,,,5f0dd44e5c58ee2f65642b3333c157c95b88f3936d3a36f75fbc0a932afcf6f0,undefined FUN_1806ee928(),ghidra,clean,
WHGame.dll,release_1_5_1164953_841,0x6eea2c,105,FUN_1806eea2c,,,ec5a9233b2f04ec54c37edf10c22d5f75e06f1b621d931206793b5522847fd2b,undefined FUN_1806eea2c(),ghidra,clean,
WHGame.dll,release_1_5_1164953_841,0x6eea98,163,FUN_1806eea98,,,de3de5f7a5af66491cb7347cb11005fcaa02b3c9e3457ba2ad5aefed34d3ef0f,undefined FUN_1806eea98(),ghidra,clean,
WHGame.dll,release_1_5_1164953_841,0x6eebdc,129,FUN_1806eebdc,,,7a578f26f02912fccf4e69d7e2d52b3dc6d9d8ab909d5b2378468fd0fe3bf86f,undefined FUN_1806eebdc(),ghidra,clean,
WHGame.dll,release_1_5_1164953_841,0x6eec24,535,FUN_1806eec24,,,d00e9246efbedc3e20c07d8bc8c0856720fe6fdfd06bf3ce9842f73c8fadfd7e,undefined FUN_1806eec24(),ghidra,clean,
WHGame.dll,release_1_5_1164953_841,0x6eeec0,90,FUN_1806eeec0,,,f6e91eee7f13c672204941fb14c309c1ce4d8c1adf6f5530d71717dee88fbfa8,undefined FUN_1806eeec0(),ghidra,clean,
WHGame.dll,release_1_5_1164953_841,0x6eef1c,85,FUN_1806eef1c,,,8d5f77a1934f5e2beae2aeaa24f9ded00a8b356e8e28b9a548a047abf050bb93,undefined FUN_1806eef1c(),ghidra,clean,
WHGame.dll,release_1_5_1164953_841,0x6eef74,511,FUN_1806eef74,,,9329158ae67b706880481b6024ea2e9087ac2302b40540a6369bbe2a967849c4,undefined FUN_1806eef74(),ghidra,clean,
WHGame.dll,release_1_5_1164953_841,0x6ef068,68,FUN_1806ef068,,,e218459e03a1c87302b6325650da430e02b041bb4803cfcc2e3e17a162b3694d,undefined FUN_1806ef068(),ghidra,clean,
WHGame.dll,release_1_5_1164953_841,0x6ef0ac,548,FUN_1806ef0ac,,,b01b5a5d98aa76ad252340539e896ab59d9ddf4a616388e7b28b12a5bcb8be70,undefined FUN_1806ef0ac(),ghidra,clean,
WHGame.dll,release_1_5_1164953_841,0x6ef37c,599,FUN_1806ef37c,,,e1f9adbe6bd61254f7262527856d7d2fe30295f966fcae1da1d11fc3ba64e2ad,undefined FUN_1806ef37c(),ghidra,clean,
WHGame.dll,release_1_5_1164953_841,0x6ef599,14,FUN_1806ef599,,,eb0e4e66849c2f8031c8be0bddbbe02bef0c9c32d4e6072611bf3e8d911432c1,undefined FUN_1806ef599(),ghidra,clean,
WHGame.dll,release_1_5_1164953_841,0x6ef5a8,447,FUN_1806ef5a8,,,21dad22346943f4990c9597945a465e3f8c6542c6feeb68a6a3fcc96cdb8380b,undefined FUN_1806ef5a8(),ghidra,clean,
WHGame.dll,release_1_5_1164953_841,0x6ef760,3318,FUN_1806ef760,,,4aca22645da42d19acdea2fec736193bddd0286b9d68834f25c2af399663b002,undefined FUN_1806ef760(),ghidra,clean,
WHGame.dll,release_1_5_1164953_841,0x6f04a4,705,FUN_1806f04a4,,,24d0de2b61b3a5311a63a7cb6a5944f0c5906d65a2639f2e912097f81ad37442,undefined FUN_1806f04a4(),ghidra,clean,
WHGame.dll,release_1_5_1164953_841,0x6f0708,1206,FUN_1806f0708,,,c389a3f9731bc1e2ad1eefe03876d066b1ff813676baebb65e4e5735760ac014,undefined FUN_1806f0708(),ghidra,clean,
WHGame.dll,release_1_5_1164953_841,0x6f09ce,48,FUN_1806f09ce,,,ff1a4ac94db2c48f5f3c7ed72f706d6597ae0118a5b8a74b4a0e744af7e0ba5c,undefined FUN_1806f09ce(),ghidra,clean,
WHGame.dll,release_1_5_1164953_841,0x6f0a00,1019,FUN_1806f0a00,,,b6b02d9bc07e00e0d12458ed9b6938853f702fd379a9bf82a0523e53fc27983d,undefined FUN_1806f0a00(),ghidra,clean,
WHGame.dll,release_1_5_1164953_841,0x6f0e60,350,FUN_1806f0e60,,,04d7596b74f0214c3e1680a69db99eccc2a8a1046ea8d2c683d1e2c496a7592e,undefined FUN_1806f0e60(),ghidra,clean,
WHGame.dll,release_1_5_1164953_841,0x6f0fc0,118,FUN_1806f0fc0,,,3b8eebadde99d5b18ec24e22b3de3b5beebe28b1b5f1c80aff32b8b4547fa977,undefined FUN_1806f0fc0(),ghidra,clean,
WHGame.dll,release_1_5_1164953_841,0x6f1040,866,FUN_1806f1040,,,c934fb8bc93781c07493bcc72eadc80b62429bd9a5eabd2c69b033b9b0d09b99,undefined FUN_1806f1040(),ghidra,clean,
WHGame.dll,release_1_5_1164953_841,0x6f11ba,4,FUN_1806f11ba,,,9737042ee784f5b96fa4ea660506cc95dcd253b56f07d55577e97659d83c2205,undefined FUN_1806f11ba(),ghidra,clean,
WHGame.dll,release_1_5_1164953_841,0x6f13a0,605,FUN_1806f13a0,,,380e4dab18dd08ed7f8cbfe3a47cedffb8f8fba0f24f65751cc59e0ee1c967f8,undefined FUN_1806f13a0(),ghidra,clean,
WHGame.dll,release_1_5_1164953_841,0x6f1630,681,FUN_1806f1630,,,92f817a68fe7cf65b96bc50fa8b36e88fd8c3e3b148241f76956fce4fe429461,undefined FUN_1806f1630(),ghidra,clean,
WHGame.dll,release_1_5_1164953_841,0x6f18dd,10,caseD_8,,switchD_1806f16a5,4eeb6ee74220f8f1fcf185a47d2f35ec26cda5d1f5ce0f6748538a70d0a07a32,undefined caseD_8(),ghidra,clean,
WHGame.dll,release_1_5_1164953_841,0x6f19a8,86,FUN_1806f19a8,,,c2fe5808223ae96b1dffba6d01c3bbc9ad33de7fa2bc269e1860a773104ba6f2,undefined FUN_1806f19a8(),ghidra,clean,
WHGame.dll,release_1_5_1164953_841,0x6f1a00,521,FUN_1806f1a00,,,5b18473bf1864de51cc0b92bb1828427e1fb2c068c709059727bab38cb5d5c6a,undefined FUN_1806f1a00(),ghidra,clean,
WHGame.dll,release_1_5_1164953_841,0x6f1bd8,151,FUN_1806f1bd8,,,7a8be67eba76b369f6b2542bda944b6f105c84debfbe9375d04da30ae0758def,undefined FUN_1806f1bd8(),ghidra,clean,
WHGame.dll,release_1_5_1164953_841,0x6f1c34,29,FUN_1806f1c34,,,07256406c36a8ca2044643d140a0ec29ead4d1f34fe4b177d6a5a457e6547119,undefined FUN_1806f1c34(),ghidra,clean,
WHGame.dll,release_1_5_1164953_841,0x6f1c54,272,FUN_1806f1c54,,,f344215c49b1f995114ce6cda4d57cb69189c4ec4049a44b99e3c1793abfc275,undefined FUN_1806f1c54(),ghidra,clean,
WHGame.dll,release_1_5_1164953_841,0x6f1dc0,32,FUN_1806f1dc0,,,58e89ac608a9dcc879893620be6d7deddbaa8f929865a539b6f95b4e56ff53f7,undefined FUN_1806f1dc0(),ghidra,clean,
WHGame.dll,release_1_5_1164953_841,0x6f1de0,97,FUN_1806f1de0,,,0b4b32c1d706e7540a3e566e35cac4756d7ac159c4833f5b0da890a7944ee565,undefined FUN_1806f1de0(),ghidra,clean,
WHGame.dll,release_1_5_1164953_841,0x6f1e44,197,FUN_1806f1e44,,,44d11a2c65836037badbfcf9dcb67b4b6f992d15eed2a1c599050d52499a19a7,undefined FUN_1806f1e44(),ghidra,clean,
WHGame.dll,release_1_5_1164953_841,0x6f1f0c,118,FUN_1806f1f0c,,,e572389a74f7c8174b782b9f9ab79d53e19b5ec8dfa510cea055855a4c526acb,undefined FUN_1806f1f0c(),ghidra,clean,
WHGame.dll,release_1_5_1164953_841,0x6f1f84,443,FUN_1806f1f84,,,1d0cd56438fd5cb07c0110a44cf7870d3f2c5fc9f928eafb27ad4e3b53892e29,undefined FUN_1806f1f84(),ghidra,clean,
WHGame.dll,release_1_5_1164953_841,0x6f20f0,32,FUN_1806f20f0,,,dce5569a3e75c34442e6dfc576719a8fe70f45c47a06cdfdccbf495d014e50c1,undefined FUN_1806f20f0(),ghidra,clean,
WHGame.dll,release_1_5_1164953_841,0x6f2110,35,FUN_1806f2110,,,6aabe1df2ecba0e74fe273cbbc7a489e6dc760e775c2e817cec7998e68c0a58e,undefined FUN_1806f2110(),ghidra,clean,
WHGame.dll,release_1_5_1164953_841,0x6f2134,361,FUN_1806f2134,,,200c59165900b0fb8d2a2264749e694d8e173505bc2799a7d904023504db6562,undefined FUN_1806f2134(),ghidra,clean,
WHGame.dll,release_1_5_1164953_841,0x6f2260,368,FUN_1806f2260,,,e6b373dfeb4a6f34944001e6f6bfd0f099f0c6033d54fa44f43f7b3196fed486,undefined FUN_1806f2260(),ghidra,clean,
WHGame.dll,release_1_5_1164953_841,0x6f23d0,17,FUN_1806f23d0,,,b02133cdd653b944e232037844b9191f52fa5db10060352132fd0e38dac3383c,undefined FUN_1806f23d0(),ghidra,clean,
WHGame.dll,release_1_5_1164953_841,0x6f23e4,48,FUN_1806f23e4,,,98ac6a323c0096a45bbcd545190deeb81843f449324b7995dd6e7c8088dab66d,undefined FUN_1806f23e4(),ghidra,clean,
WHGame.dll,release_1_5_1164953_841,0x6f2414,177,FUN_1806f2414,,,177d2e561f540485c04c10f2028f9560414d9f9e7f6c2e2fe05fc5fb498d74eb,undefined FUN_1806f2414(),ghidra,clean,
WHGame.dll,release_1_5_1164953_841,0x6f2498,861,FUN_1806f2498,,,248dd90f181adaa2608e875d899608174896cc8033cdc9344e9efea787dc93e5,undefined FUN_1806f2498(),ghidra,clean,
WHGame.dll,release_1_5_1164953_841,0x6f27f8,84,FUN_1806f27f8,,,0c8a96806f0e37e717445d5ff1ffc3da840462c644b3280b0c4c3845c181f7d0,undefined FUN_1806f27f8(),ghidra,clean,
WHGame.dll,release_1_5_1164953_841,0x6f284c,79,FUN_1806f284c,,,ad2ecb118ca6355c26721f6013973015e7db75e45915f4e7d1ecfb644f54c454,undefined FUN_1806f284c(),ghidra,clean,
WHGame.dll,release_1_5_1164953_841,0x6f289c,27,FUN_1806f289c,,,b9e6465ef4f36745e8727b17e955731d5167e3067894fb962c8818427e907e17,undefined FUN_1806f289c(),ghidra,clean,
WHGame.dll,release_1_5_1164953_841,0x6f2900,129,FUN_1806f2900,,,0da3362868c3227faffcb907140db26bd06afbe1e31043d0505fab9a4d521cf8,undefined FUN_1806f2900(),ghidra,clean,
WHGame.dll,release_1_5_1164953_841,0x6f2984,60,FUN_1806f2984,,,dee6bb2ad13c81dfcc69b5ce585c4830937f34305f6aa74089ea6cda22894a1d,undefined FUN_1806f2984(),ghidra,clean,
WHGame.dll,release_1_5_1164953_841,0x6f29a8,529,FUN_1806f29a8,,,2aff51e0c64883bd2b4a7d0e663cba2b945284813095afcd9d633d4823f360f9,undefined FUN_1806f29a8(),ghidra,clean,
WHGame.dll,release_1_5_1164953_841,0x6f2ad8,160,FUN_1806f2ad8,,,0e7dd8e70c1825db94b6bfcfff36469fa159bd0da53a11ce2870ab8f9401a819,undefined FUN_1806f2ad8(),ghidra,clean,
WHGame.dll,release_1_5_1164953_841,0x6f2b2c,117,FUN_1806f2b2c,,,8e2718875eb21e8f50b997ad0090f2c20fb0d3532d1b80082adcda38b9bc3ae1,undefined FUN_1806f2b2c(),ghidra,clean,
WHGame.dll,release_1_5_1164953_841,0x6f2ba4,151,FUN_1806f2ba4,,,cd19119ddc5442ecb3964ef80dd60a0f2cd06098193850f97d48d0108b04e7b5,undefined FUN_1806f2ba4(),ghidra,clean,
WHGame.dll,release_1_5_1164953_841,0x6f2c3c,109,FUN_1806f2c3c,,,df6f55329b477bb78099f26e64b3c778e55b9f59b5fad20a485fc5dfebb055b6,undefined FUN_1806f2c3c(),ghidra,clean,
WHGame.dll,release_1_5_1164953_841,0x6f2cac,65,FUN_1806f2cac,,,c61a86efd7a235fcc331c86413ed2156ffc5cffb5dad3d825c7a3bdc1d789d97,undefined FUN_1806f2cac(),ghidra,clean,
WHGame.dll,release_1_5_1164953_841,0x6f2cdc,79,FUN_1806f2cdc,,,6dd12961602e2f5cd485ab7c75422e2fa09dbb624bca9529e88213ab77c07107,undefined FUN_1806f2cdc(),ghidra,clean,
WHGame.dll,release_1_5_1164953_841,0x6f2d2c,66,FUN_1806f2d2c,,,d9c385f2788d1b7ec4c224f9a8eb29aa52dfb96ab23ff7cbf25e8758c2fd07c0,undefined FUN_1806f2d2c(),ghidra,clean,
WHGame.dll,release_1_5_1164953_841,0x6f2d70,168,FUN_1806f2d70,,,6e3983c879a6c1ff8323c00c5c17fb94ae7069ace49af2bb755f32d0141e8ebc,undefined FUN_1806f2d70(),ghidra,clean,
WHGame.dll,release_1_5_1164953_841,0x6f2dfc,627,FUN_1806f2dfc,,,59f65144f3226ca11ba63b591cc57873943d0512ac57647b5ffc098122f52bcf,undefined FUN_1806f2dfc(),ghidra,clean,
WHGame.dll,release_1_5_1164953_841,0x6f3070,40,FUN_1806f3070,,,1fa0fdfa0675566589f01d389f6d3b425ee7f6d7b38a3931dd22b9a69bdda532,undefined FUN_1806f3070(),ghidra,clean,
WHGame.dll,release_1_5_1164953_841,0x6f3098,822,FUN_1806f3098,,,ca876224ebe4a92c20b5e8f8903c1f1c46e995121a4b28b52c9a747ebb7ace17,undefined FUN_1806f3098(),ghidra,clean,
WHGame.dll,release_1_5_1164953_841,0x6f3340,78,FUN_1806f3340,,,35b622cda3dde45baf1c643474be484ba0280a7ca50e8d51fa6d11a3aa1a6e45,undefined FUN_1806f3340(),ghidra,clean,
WHGame.dll,release_1_5_1164953_841,0x6f3390,46,FUN_1806f3390,,,4bcc48fab81e8f743d56cf30d0e370822dd6b899489b4bd46b937bc4ba9da1aa,undefined FUN_1806f3390(),ghidra,clean,
WHGame.dll,release_1_5_1164953_841,0x6f33c0,64,FUN_1806f33c0,,,a3d06f836807c074a6d8f8ce33555ef53beb753f1f62472e995ca90c0429d563,undefined FUN_1806f33c0(),ghidra,clean,
WHGame.dll,release_1_5_1164953_841,0x6f3400,405,FUN_1806f3400,,,09459fa2d584a3ef8a877dd8f622da5acf2d143f9c29539d61df23b2933003b1,undefined FUN_1806f3400(),ghidra,clean,
WHGame.dll,release_1_5_1164953_841,0x6f3588,168,FUN_1806f3588,,,2c013166d38f22db3a41acaf908b18d582e15e45670dedf892774fdc8c0aea30,undefined FUN_1806f3588(),ghidra,clean,
WHGame.dll,release_1_5_1164953_841,0x6f3614,856,FUN_1806f3614,,,b75ac1381c5068fa4b170d9a67b78b87ab6c6856f0e12e38d576cb9f189f3c6d,undefined FUN_1806f3614(),ghidra,clean,
WHGame.dll,release_1_5_1164953_841,0x6f3958,316,FUN_1806f3958,,,e42ebd12540a7841717fb8c0271dbd7a43d37a1746f4f06f18481d2770a08f33,undefined FUN_1806f3958(),ghidra,clean,
WHGame.dll,release_1_5_1164953_841,0x6f3a94,208,FUN_1806f3a94,,,2cf3a4710e55fa3d2c4efc01215dc5a137e7c6ee59478c548476cc300964e0cb,undefined FUN_1806f3a94(),ghidra,clean,
WHGame.dll,release_1_5_1164953_841,0x6f3b64,65,FUN_1806f3b64,,,0ebdc0a21cc73b078a4bc3d2eb3bf0bc3e5015e6915945e349e4942fffb42d19,undefined FUN_1806f3b64(),ghidra,clean,
WHGame.dll,release_1_5_1164953_841,0x6f3b94,151,FUN_1806f3b94,,,028103856053382598232502b3f5eca3c0faf0b18ec5d4353069649f78fb68af,undefined FUN_1806f3b94(),ghidra,clean,
WHGame.dll,release_1_5_1164953_841,0x6f3c2c,109,FUN_1806f3c2c,,,75db1902daaff9c05e84d75aa4f2536e19d039307cef4f2d6938cbc2a51b78a1,undefined FUN_1806f3c2c(),ghidra,clean,
WHGame.dll,release_1_5_1164953_841,0x6f3c9c,255,FUN_1806f3c9c,,,bf2e6b0eadca2a55cdbf9e18f26210ca6c2e47027a301deaaf5025477d5cf8d9,undefined FUN_1806f3c9c(),ghidra,clean,
WHGame.dll,release_1_5_1164953_841,0x6f3d7c,838,FUN_1806f3d7c,,,d778838f61bd32a96b2a5a5e31a79282c1c8bbd6932d4df095e60978a8c14077,undefined FUN_1806f3d7c(),ghidra,clean,
WHGame.dll,release_1_5_1164953_841,0x6f3ff4,636,FUN_1806f3ff4,,,d558bbc7a9bef84ca37e4942ee471656d699eb5b6390aa9ece07baed6c706d08,undefined FUN_1806f3ff4(),ghidra,clean,
WHGame.dll,release_1_5_1164953_841,0x6f4228,326,FUN_1806f4228,,,f2e17c567e103173bfa4d6805cdd3823237efab4e7c067a8c8fec898b952d51f,undefined FUN_1806f4228(),ghidra,clean,
WHGame.dll,release_1_5_1164953_841,0x6f4370,1342,FUN_1806f4370,,,71a32aa9554bcbec6327cc5caf51eda114ffb70ea4dc86fe8c7817119b489a05,undefined FUN_1806f4370(),ghidra,clean,
WHGame.dll,release_1_5_1164953_841,0x6f48b0,619,FUN_1806f48b0,,,4ac8e6f99265f6fac310861366de1209b389068cc5d1c340fdb58d5400033ea7,undefined FUN_1806f48b0(),ghidra,clean,
WHGame.dll,release_1_5_1164953_841,0x6f4b1c,75,FUN_1806f4b1c,,,026b29f7e4b07672b1c831980404096da4374e37fe75d08fb3d45579fa7bc396,undefined FUN_1806f4b1c(),ghidra,clean,
WHGame.dll,release_1_5_1164953_841,0x6f4b68,65,FUN_1806f4b68,,,ea76c7648ff302b0fb4496ea94abf3b9a43903037c5d5eb40bc97dc9e0ee3155,undefined FUN_1806f4b68(),ghidra,clean,
WHGame.dll,release_1_5_1164953_841,0x6f4b98,487,FUN_1806f4b98,,,7b4a2f7212c5baf7343e00e2edd2966ca39fd2972939970310f8b6eea6a6dfec,undefined FUN_1806f4b98(),ghidra,clean,
WHGame.dll,release_1_5_1164953_841,0x6f4c94,199,FUN_1806f4c94,,,cf771ee381b1b8cf7998d5c8d13aec8f5f8c1508d606297fb5858e455ea3785f,undefined FUN_1806f4c94(),ghidra,clean,
WHGame.dll,release_1_5_1164953_841,0x6f4cdc,556,FUN_1806f4cdc,,,749ab3d0ccd6aab67f09207c93adae7c88d9cde5a989938518adf7f5810410a7,undefined FUN_1806f4cdc(),ghidra,clean,
WHGame.dll,release_1_5_1164953_841,0x6f4f08,195,FUN_1806f4f08,,,50eecb9d33f855d9b81c76641660c159ad6137fe96bfd35fce0bfeebae89b565,undefined FUN_1806f4f08(),ghidra,clean,
WHGame.dll,release_1_5_1164953_841,0x6f4fd0,6695,FUN_1806f4fd0,,,de242a9938d64e24c1e84017f1762961de9fca26f07051db018b68cc0df4bb36,undefined FUN_1806f4fd0(),ghidra,clean,
WHGame.dll,release_1_5_1164953_841,0x6f69f8,22,FUN_1806f69f8,,,f07d13377457895319ce2ae9dd6c5723c6beba38d5bd7439d8155e073601fd1a,undefined FUN_1806f69f8(),ghidra,clean,
WHGame.dll,release_1_5_1164953_841,0x6f6a10,7577,FUN_1806f6a10,,,d364b738fcb3f993f43be55ef427f70b921393970f8027e2d6f9df9b275686a9,undefined FUN_1806f6a10(),ghidra,clean,
WHGame.dll,release_1_5_1164953_841,0x6f87b0,103,FUN_1806f87b0,,,3f984bb824a91098bb30e060ff70d67a315ee21ea3c3d3cabb52a663d40c7214,undefined FUN_1806f87b0(),ghidra,clean,
WHGame.dll,release_1_5_1164953_841,0x6f8820,19,FUN_1806f8820,,,821efab75489f399f24aea3245f5c7de6f4f74918b15fc7b808b01381ce72282,undefined FUN_1806f8820(),ghidra,clean,
WHGame.dll,release_1_5_1164953_841,0x6f8834,66,FUN_1806f8834,,,beaaa9ec461e6aa1241a26b6f11703482969775e527fc607b184a8059de0ab42,undefined FUN_1806f8834(),ghidra,clean,
WHGame.dll,release_1_5_1164953_841,0x6f8880,9,FUN_1806f8880,,,8b391b97f87b2ba08c9a1e4466aad31d9ba775e5a81f9c583f38a332dca5bdf5,undefined FUN_1806f8880(),ghidra,clean,
WHGame.dll,release_1_5_1164953_841,0x6f8890,19,FUN_1806f8890,,,df3e4eebb5c6e569cccde3ae12fdd433f0c3cc47b9dbcf7774e07636965d834d,undefined FUN_1806f8890(),ghidra,clean,
WHGame.dll,release_1_5_1164953_841,0x6f88a4,5122,FUN_1806f88a4,,,7de0b8181ad5bc44dfcc63d9871b99ba7aeef086bfe2612c7e866aa65b24ff99,undefined FUN_1806f88a4(),ghidra,clean,
WHGame.dll,release_1_5_1164953_841,0x6f9ca8,16800,FUN_1806f9ca8,,,66903a4dd78705cb8c7a7384eee16053be8452f0dab60390c05e4c1a232ecd19,undefined FUN_1806f9ca8(),ghidra,clean,
WHGame.dll,release_1_5_1164953_841,0x6fde50,56,FUN_1806fde50,,,be261d2818e7c91e13dff71c90d7e0c134d68000e21e90af7b9ae686600fdef8,undefined FUN_1806fde50(),ghidra,clean,
WHGame.dll,release_1_5_1164953_841,0x6fde90,555,FUN_1806fde90,,,5a7a96ed979996d103c888a1fb4164d936a79546fa7da5537c6c74ae1aa734b3,undefined FUN_1806fde90(),ghidra,clean,
WHGame.dll,release_1_5_1164953_841,0x6fe0bc,353,FUN_1806fe0bc,,,90eccb69ab08103786f40a90a01bb5197da4cf087ae4c67ef9a42389c3ddef5f,undefined FUN_1806fe0bc(),ghidra,clean,
WHGame.dll,release_1_5_1164953_841,0x6fe220,1358,FUN_1806fe220,,,ec3ebc01573d86f1d8195ca0a21436c59ecb956b02ce83c1d41a2091b4f61ea1,undefined FUN_1806fe220(),ghidra,clean,
WHGame.dll,release_1_5_1164953_841,0x6fe770,156,FUN_1806fe770,,,b720ea510f026d817b0c62c541bfb675ea8db989e1a61f4016b13a766dbfc3c9,undefined FUN_1806fe770(),ghidra,clean,
WHGame.dll,release_1_5_1164953_841,0x6fe80c,435,FUN_1806fe80c,,,da55876d820a0d129beacb13805e2e4ce1320d387216745c02b65be9f8dfcfb4,undefined FUN_1806fe80c(),ghidra,clean,
WHGame.dll,release_1_5_1164953_841,0x6fe93c,677,FUN_1806fe93c,,,f6090bd7ffc8757bfe2ed0964e06049befb06c9e7d67619a6302bacfeda658cf,undefined FUN_1806fe93c(),ghidra,clean,
WHGame.dll,release_1_5_1164953_841,0x6febe4,232,FUN_1806febe4,,,b72dcaf06fbf8789082f701c1e4173765fe1bd2ebfd224703454a45f17f2af69,undefined FUN_1806febe4(),ghidra,clean,
WHGame.dll,release_1_5_1164953_841,0x6feccc,167,FUN_1806feccc,,,8f3c2208dd9231b5ca1aa3f2db6b988de1c847801623d660a494057c1d8fa119,undefined FUN_1806feccc(),ghidra,clean,
WHGame.dll,release_1_5_1164953_841,0x6fed80,128,FUN_1806fed80,,,e6e0f43dcb89c6f65d029389be668ea989d0d41305456c187593e3c3cf8dad5e,undefined FUN_1806fed80(),ghidra,clean,
WHGame.dll,release_1_5_1164953_841,0x6fee00,347,FUN_1806fee00,,,845f1ac32689b1032638fd4f72d173d3ce3ca9ca067d13251f148b69a931e816,undefined FUN_1806fee00(),ghidra,clean,
WHGame.dll,release_1_5_1164953_841,0x6fef5c,50,FUN_1806fef5c,,,cc82e9b48218137069b65b2f72bb64a40bf6b90ba2197428955b528387fa3e23,undefined FUN_1806fef5c(),ghidra,clean,
WHGame.dll,release_1_5_1164953_841,0x6fef90,64,FUN_1806fef90,,,9f483f05797021ba14cc7dbf526780492f82240f627bb2dd8ab4ffb9879a4bb8,undefined FUN_1806fef90(),ghidra,clean,
WHGame.dll,release_1_5_1164953_841,0x6fefd0,197,FUN_1806fefd0,,,5eb54cd6a2eb9721842b4ed2c19e2ec54e95e09ebcc1cfde64d753763dd81f86,undefined FUN_1806fefd0(),ghidra,clean,
WHGame.dll,release_1_5_1164953_841,0x6ff098,154,FUN_1806ff098,,,b38436413efd2e2aae18589141f9bafffaccf2b40f6c654a5d0d12cd09182549,undefined FUN_1806ff098(),ghidra,clean,
WHGame.dll,release_1_5_1164953_841,0x6ff134,221,FUN_1806ff134,,,9a0d33d54401fa9326ae06f53d63e084ca3b5328f8fbd12e8b9abf1ed28e5726,undefined FUN_1806ff134(),ghidra,clean,
WHGame.dll,release_1_5_1164953_841,0x6ff214,212,FUN_1806ff214,,,be804f41696dc9f078c16898f8468acf00c886d53c5c51af8e90fc2f7b15214f,undefined FUN_1806ff214(),ghidra,clean,
WHGame.dll,release_1_5_1164953_841,0x6ff2ec,295,FUN_1806ff2ec,,,171590bc081731a2c8907f02f3cc0a778ec5971d441546e87e429713c91e4cad,undefined FUN_1806ff2ec(),ghidra,clean,
WHGame.dll,release_1_5_1164953_841,0x6ff3f0,96,FUN_1806ff3f0,,,9ac163352b89723b041fc3af8ae71a5805030b535698d752ea09e02ceae0cc43,undefined FUN_1806ff3f0(),ghidra,clean,
WHGame.dll,release_1_5_1164953_841,0x6ff450,352,FUN_1806ff450,,,0b014dc18df64f569ee75d31cacb4983cf76b3598ab0a9b6e1c7ef460828d087,undefined FUN_1806ff450(),ghidra,clean,
WHGame.dll,release_1_5_1164953_841,0x6ff5b0,303,FUN_1806ff5b0,,,74fe422081910b57c2c78d447430732345556bdae9f13dde6d2c65bc2320df5f,undefined FUN_1806ff5b0(),ghidra,clean,
WHGame.dll,release_1_5_1164953_841,0x6ff6bc,609,FUN_1806ff6bc,,,919419efe30e5bae17fca097966d7494f07aa2c8885a926d6b2a2eaab54a4e9c,undefined FUN_1806ff6bc(),ghidra,clean,
WHGame.dll,release_1_5_1164953_841,0x6ff920,48,FUN_1806ff920,,,f86838352e1374e4172e9b64d0f1f8485b61ce7102aba5aea35efd2f66f39c10,undefined FUN_1806ff920(),ghidra,clean,
WHGame.dll,release_1_5_1164953_841,0x6ff950,360,FUN_1806ff950,,,ab7c3f28f99a1751d4cb69983d080319bfb72cf77f7cd98d41ea607dfd48594f,undefined FUN_1806ff950(),ghidra,clean,
WHGame.dll,release_1_5_1164953_841,0x6ffab8,42,FUN_1806ffab8,,,01e9864a936ede993dafebb614f835055bde015f1e81c28392c47d0e5d8782f2,undefined FUN_1806ffab8(),ghidra,clean,
WHGame.dll,release_1_5_1164953_841,0x6ffae4,358,FUN_1806ffae4,,,d7dc5f499a99e1bdf4f3a85a12bfedabb5f4643a69165d9125ca18dc02b16456,undefined FUN_1806ffae4(),ghidra,clean,
WHGame.dll,release_1_5_1164953_841,0x6ffc4c,277,FUN_1806ffc4c,,,38d1a811bcccac14e2a9cdd3de20119e029c646e639785e40497e3d9c403554f,undefined FUN_1806ffc4c(),ghidra,clean,
WHGame.dll,release_1_5_1164953_841,0x6ffd2c,1059,FUN_1806ffd2c,,,e29af968ba6257ea9b79b7e9044dae3617227b334281f07741e0beb317c8b208,undefined FUN_1806ffd2c(),ghidra,clean,
